workload,pair,variant,prompt_id,prompt_hash,prompt_wall_seconds,output_tokens,reference_tokens,exact_output_match,exact_stopping_position_match,eos_terminated,output_token_ids_json,rounds,draft_forward_calls,target_forward_calls,draft_tokens_proposed,target_proposal_positions_verified,accepted_draft_tokens,rejected_draft_tokens,mean_accepted_tokens_per_verification_call,rejection_rate,target_forward_calls_per_output_token,draft_tokens_proposed_per_output_token,target_proposal_positions_verified_per_output_token,guard_triggered_rounds,guard_applied_rounds,guard_activation_rate,guard_position_histogram_json,candidate_positions_checked,invalid_candidate_positions,invalid_or_ambiguous_candidate_fraction,morphology_detection_seconds,controller_seconds,draft_resynchronization_seconds,valid_event_count,verified_rejection_count
WIKIPEDIA,P1,ENTROPY_MATCHED_GUARD,2,797505ae1b9daad7f72e4ec78649ee5c230e0b80e2c7cf9e7dd1754b77586537,8.63682615943253,128,128,True,True,False,"[58034,23259,11,5140,45881,48606,133738,54330,58034,23259,77002,33704,28733,124632,25715,126253,36055,20401,23573,58034,23259,125489,13,23084,128901,28733,124632,25715,126253,36055,20401,23573,28733,124632,58034,23259,20401,130263,128747,125489,13,28733,124632,25715,126253,36055,20401,23573,28733,124632,58034,23259,16560,28733,124632,25715,126253,36055,20401,23573,28733,124632,58034,23259,20401,130263,128747,125489,382,23259,124632,58034,23259,16560,28733,124632,25715,126253,36055,20401,23573,28733,124632,58034,23259,20401,130263,128747,125489,13,28733,124632,25715,126253,36055,20401,23573,28733,124632,58034,23259,16560,28733,124632,25715,126253,36055,20401,23573,28733,124632,58034,23259,20401,130263,128747,125489,382,23259,124632,58034,23259,16560,28733,124632,25715,126253,36055]",39,195,129,156,128,112,16,2.871794871794872,0.125,1.0078125,1.21875,1.0,0,0,0.0,{},0,0,0.0,0.0,0.00010815821588039398,1.0762990284711123,128,16
WIKIPEDIA,P1,ENTROPY_MATCHED_GUARD,6,b717150f2140809a605917cd483b5520b2bedffdc4f920b00e847502f59638a7,8.487648569047451,128,128,True,True,False,"[254,135375,139957,31079,31328,48364,112,145333,31079,19969,40720,132306,13,48364,112,145333,31079,16560,5140,253,105,29326,52959,31079,80573,16560,34143,105,28002,11,5140,253,105,29326,52959,31079,129885,126366,129875,95996,48431,12802,90686,13,48364,112,145333,31079,16560,5140,253,105,29326,52959,31079,129885,126366,129875,95996,48431,12802,90686,13,48364,112,145333,31079,16560,5140,253,105,29326,52959,31079,129885,126366,129875,95996,48431,12802,90686,13,48364,112,145333,31079,16560,5140,253,105,29326,52959,31079,129885,126366,129875,95996,48431,12802,90686,13,48364,112,145333,31079,16560,5140,253,105,29326,52959,31079,129885,126366,129875,95996,48431,12802,90686,13,48364,112,145333,31079,16560,5140,253,105]",38,190,129,152,127,117,10,3.0789473684210527,0.07874015748031496,1.0078125,1.1875,0.9921875,2,1,0.05263157894736842,"{""3"":2}",6,0,0.0,0.0,0.0001410655677318573,1.0501619130373,127,10
WIKIPEDIA,P1,ENTROPY_MATCHED_GUARD,10,5e0217e4766f7d31c3235279415acc9f7531070ba0e9a1341f20e4548b34b9f1,8.591476950794458,128,128,True,True,False,"[129296,69923,52300,23084,57132,79632,135138,20401,64795,94315,41671,19969,60960,88781,17877,10764,236,120,144172,13146,13,23084,60960,125519,33704,220,17,15,15,17,126216,220,16,17,128514,220,16,24,32077,134952,35711,32077,19391,130847,134828,13146,13,23084,60960,125519,33704,220,17,15,15,17,126216,220,16,17,128514,220,16,24,32077,134952,35711,32077,19391,130847,134828,13146,13,23084,60960,125519,33704,220,17,15,15,17,126216,220,16,17,128514,220,16,24,32077,134952,35711,32077,19391,130847,134828,13146,13,23084,60960,125519,33704,220,17,15,15,17,126216,220,16,17,128514,220,16,24,32077,134952,35711,32077,19391,130847,134828,13146,13,23084,60960,125519]",39,194,129,155,128,113,15,2.8974358974358974,0.1171875,1.0078125,1.2109375,1.0,0,0,0.0,{},0,0,0.0,0.0,9.661167860031128e-05,1.07436203956604,128,15
WIKIPEDIA,P1,ENTROPY_MATCHED_GUARD,12,c19aed6dbcf30bd095af697a46be1dee55182021e5676427019ada91e0eece53,9.186846336349845,128,128,True,True,False,"[80573,56419,80901,95617,125880,19391,132182,126440,129321,17877,83596,33704,54825,16560,220,16,24,21,15,126216,66845,126558,220,16,24,23,15,126216,66845,128878,73986,89235,57268,48408,28626,80573,56419,80901,95617,125880,17877,55673,35711,23573,126932,49543,17380,40720,134002,13,54825,20401,143586,33704,220,16,24,21,15,126216,66845,126558,220,16,24,23,15,126216,66845,128878,132662,11,136293,11,138373,11,130092,77002,56419,133196,56475,56419,29326,133381,13,54825,20401,143586,33704,220,16,24,21,15,126216,66845,126558,220,16,24,23,15,126216,66845,128878,132662,11,136293,11,138373,11,130092,77002,56419,133196,56475,56419,29326,133381,13,54825,20401,143586,33704,220,16,24,21]",43,214,129,171,128,105,23,2.441860465116279,0.1796875,1.0078125,1.3359375,1.0,0,0,0.0,{},0,0,0.0,0.0,0.0001108124852180481,1.193488771095872,128,23
WIKIPEDIA,P1,ENTROPY_MATCHED_GUARD,14,b09103b0fed93b2a08c8a60416bd62c824f1c8739e4d15215597bdfa283c105c,8.075690783560276,128,128,True,True,False,"[125496,78125,56290,124785,62071,16,20,66845,124973,125054,139748,129296,92192,56475,130508,29281,33704,12802,125834,125519,64119,13146,624,220,17,15,16,17,126216,481,128605,125496,124785,62071,16,23,66845,136774,129296,92192,56475,22042,243,125722,135508,94315,41671,19969,125834,125519,64119,13146,624,220,17,15,16,18,126216,481,128605,125496,124785,62071,16,24,66845,136774,129296,92192,56475,22042,243,125722,135508,94315,41671,19969,125834,125519,64119,13146,624,220,17,15,16,19,126216,481,128605,125496,124785,62071,17,15,66845,136774,129296,92192,56475,22042,243,125722,135508,94315,41671,19969,125834,125519,64119,13146,624,220,17,15,16,20,126216,481,128605,125496,124785,62071,17,16,66845,136774]",35,173,129,138,128,123,5,3.5142857142857142,0.0390625,1.0078125,1.078125,1.0,0,0,0.0,{},0,0,0.0,0.0,9.12100076675415e-05,0.9738987553864717,128,5
WIKIPEDIA,P1,ENTROPY_MATCHED_GUARD,15,1d6f54d208ecd5b298ab185f509258a752a31db923fc3dc011fb469d5e2fa205,8.758275032043457,128,128,True,True,False,"[624,220,17,15,15,20,126216,481,5140,116,234,50340,128732,56475,220,16,24,24,24,126216,19391,133396,23573,10764,236,246,126746,139963,63089,56475,23872,247,129616,144018,66790,85251,53680,129381,134313,129439,20401,66790,85251,12802,133396,128836,624,220,17,15,15,21,126216,481,5140,116,234,50340,128732,56475,220,16,24,24,24,126216,19391,133396,23573,10764,236,246,126746,139963,63089,56475,23872,247,129616,144018,66790,85251,53680,129381,134313,129439,20401,66790,85251,12802,133396,128836,624,220,17,15,15,22,126216,481,5140,116,234,50340,128732,56475,220,16,24,24,24,126216,19391,133396,23573,10764,236,246,126746,139963,63089,56475,23872,247,129616,144018,66790,85251]",40,197,129,157,128,114,14,2.85,0.109375,1.0078125,1.2265625,1.0,0,0,0.0,{},0,0,0.0,0.0,9.949319064617157e-05,1.1133462972939014,128,14
WIKIPEDIA,P1,ENTROPY_MATCHED_GUARD,23,68d0ac96052328deac48f37c0c5eb37288f1bfd449c5956851242783136973bc,9.506565598770976,128,128,True,True,False,"[97,12802,126246,44518,66845,20401,135392,130592,80968,141526,136854,49367,126746,34395,90686,13,23084,143586,33704,136293,53435,124632,20401,60960,126414,67511,42039,11,136115,10764,245,97,12802,126246,44518,66845,20401,53435,56290,80573,130592,18411,126720,63332,57026,129044,13146,13,4710,12802,143586,33704,220,16,15,15,23,126216,19391,136065,42039,73518,130000,94315,11,220,16,15,16,15,126216,19391,131170,36330,250,62275,133381,13,136331,220,16,15,16,17,126216,11,220,16,15,16,19,126216,11,220,16,15,16,21,126216,11,220,16,15,16,23,126216,11,220,16,15,17,15,126216,11,220,16,15,17,17,126216,11,220,16,15,17,19,126216,11]",45,219,129,175,128,103,25,2.2888888888888888,0.1953125,1.0078125,1.3671875,1.0,0,0,0.0,{},0,0,0.0,0.0,0.00011293962597846985,1.2630313653498888,128,25
WIKIPEDIA,P1,ENTROPY_MATCHED_GUARD,25,885c927bcb1d5ce2b8363034837213ac67985834d26af9d124d11efb506d3c30,9.93278868123889,128,128,True,True,False,"[42039,142234,134002,13,134664,58034,66845,126605,33704,70943,28754,12802,5140,117,230,78125,62275,20401,58777,92817,18411,137525,29326,136387,5140,117,230,78125,62275,17877,10764,250,246,31079,144045,132920,141526,136854,133828,51876,13,23084,141526,55902,33704,5140,117,230,78125,62275,20401,58777,92817,19969,70943,28754,20401,68232,26699,17877,83596,16560,133553,49543,20401,98987,18411,135763,42905,5140,41902,126440,129321,17877,125714,131344,13146,13,134664,58034,66845,126605,33704,70943,28754,12802,5140,117,230,78125,62275,20401,58777,92817,18411,137525,29326,136387,5140,117,230,78125,62275,17877,10764,250,246,31079,144045,132920,141526,136854,133828,51876,13,23084,141526,55902,33704,5140,117,230,78125,62275,20401,58777,92817,19969]",48,240,129,192,128,98,30,2.0416666666666665,0.234375,1.0078125,1.5,1.0,0,0,0.0,{},0,0,0.0,0.0,0.0001221727579832077,1.3393503669649363,128,30
WIKIPEDIA,P1,ENTROPY_MATCHED_GUARD,30,e2174e89d7b358d83745cfcf8a8ceb0e49cce30a68b33581f9ec83f6cd937960,7.949402369558811,128,128,True,True,False,"[481,5140,45881,12802,28626,198,37195,62618,21329,28002,52959,481,5140,45881,12802,28626,198,37195,62618,21329,28002,52959,481,5140,45881,12802,28626,198,37195,62618,21329,28002,52959,481,5140,45881,12802,28626,198,37195,62618,21329,28002,52959,481,5140,45881,12802,28626,198,37195,62618,21329,28002,52959,481,5140,45881,12802,28626,198,37195,62618,21329,28002,52959,481,5140,45881,12802,28626,198,37195,62618,21329,28002,52959,481,5140,45881,12802,28626,198,37195,62618,21329,28002,52959,481,5140,45881,12802,28626,198,37195,62618,21329,28002,52959,481,5140,45881,12802,28626,198,37195,62618,21329,28002,52959,481,5140,45881,12802,28626,198,37195,62618,21329,28002,52959,481,5140,45881,12802,28626,198,37195]",34,167,129,133,128,125,3,3.676470588235294,0.0234375,1.0078125,1.0390625,1.0,0,0,0.0,{},0,0,0.0,0.0,8.445791900157928e-05,0.9475059546530247,128,3
WIKIPEDIA,P1,ENTROPY_MATCHED_GUARD,37,c29340ed2ae27ab126dd406338e9a57ef447f4766929d8e35a4d27ebfcc92819,8.969039335846901,128,128,True,True,False,"[76337,12802,128677,126702,51876,624,320,125545,124546,32831,8,23084,13146,624,320,125545,124546,32831,8,23084,13146,382,126952,125511,11,23084,13146,382,29281,28002,715,125625,48364,112,70582,144100,126445,49367,126524,76337,33704,139107,129381,128677,128732,17877,35509,85251,13146,382,220,15,125625,48364,112,70582,144100,126445,49367,126524,76337,33704,220,16,125489,624,220,16,125625,48364,112,70582,144100,126445,49367,126524,76337,33704,220,125489,624,220,17,125625,48364,112,70582,144100,126445,49367,126524,76337,33704,220,125489,624,220,18,125625,48364,112,70582,144100,126445,49367,126524,76337,33704,220,125489,624,220,19,125625,48364,112,70582,144100,126445,49367,126524,76337,33704,220,125489,624,220,20]",42,207,129,165,126,111,15,2.642857142857143,0.11904761904761904,1.0078125,1.2890625,0.984375,3,2,0.07142857142857142,"{""1"":1,""2"":1,""3"":1}",12,0,0.0,0.0,0.00018329545855522156,1.1640648804605007,126,15
WIKIPEDIA,P1,ENTROPY_MATCHED_GUARD,38,b7b3fb2d5cc49283768b73a1a3a01cbcfe8ff4be11d3ded869508d8bb0db300a,8.76527906395495,128,128,True,True,False,"[16,20,29326,220,24,79716,33704,220,16,20,29326,220,24,79716,220,20,24,132618,8,17877,54116,128061,42905,49052,47985,90686,13,220,16,24,23,23,126216,126558,54969,12802,20401,37195,254,17877,54116,128061,42905,140888,19969,130847,28002,34395,90686,13,220,16,24,23,23,126216,126558,54969,12802,20401,37195,254,17877,54116,128061,42905,140888,19969,130847,28002,34395,90686,13,220,16,24,23,23,126216,126558,54969,12802,20401,37195,254,17877,54116,128061,42905,140888,19969,130847,28002,34395,90686,13,220,16,24,23,23,126216,126558,54969,12802,20401,37195,254,17877,54116,128061,42905,140888,19969,130847,28002,34395,90686,13,220,16,24,23,23,126216,126558,54969,12802]",40,198,129,158,128,113,15,2.825,0.1171875,1.0078125,1.234375,1.0,0,0,0.0,{},0,0,0.0,0.0,0.00010021589696407318,1.112374920397997,128,15
WIKIPEDIA,P1,ENTROPY_MATCHED_GUARD,39,fe3005394dbe0cf116fce01833e3e0671dbbb1a93556793ad6d4079244e0a9a4,9.744695853441954,128,128,True,True,False,"[55054,31328,126785,135092,33704,127165,120,126317,128909,20401,125674,46319,53680,125674,126804,17877,130593,135420,130689,53618,11,125674,126804,20401,3315,65291,55054,31328,17877,58777,42905,5140,41902,130612,40720,132306,382,29281,20401,715,134088,126317,128909,19360,20401,125674,46319,20401,40771,116,12802,18411,264,11,293,11,272,129254,53900,25715,13,125674,126804,20401,3315,65291,55054,31328,33704,126804,20401,60960,126667,19391,128605,3315,65291,55054,31328,125489,13,132377,11,126804,362,20401,3315,65291,55054,31328,33704,264,19391,128605,3315,65291,55054,31328,125489,13,134084,3315,65291,55054,31328,126785,135092,33704,139107,131050,3315,241,116,28733,90686,382,57026,20487,26698,7960,362,11,7960,425,11,7960,356,16560]",47,234,129,187,128,95,33,2.021276595744681,0.2578125,1.0078125,1.4609375,1.0,0,0,0.0,{},0,0,0.0,0.0,0.00011708959937095642,1.3069700561463833,128,33
WIKIPEDIA,P1,ENTROPY_MATCHED_GUARD,57,b1000e7789bb5594b44a39ec3ac92a4f23a5ca9c242124976697937513c89bb7,0.8317827302962542,13,13,True,True,True,"[198,34395,66845,142103,128753,56290,198,34395,66845,142103,98358,124546,151643]",4,18,13,16,13,12,1,3.0,0.07692307692307693,1.0,1.2307692307692308,1.0,0,0,0.0,{},0,0,0.0,0.0,9.903684258460999e-06,0.11172011867165565,13,1
WIKIPEDIA,P1,ENTROPY_MATCHED_GUARD,59,ca6f5928103dac851a87e3ed232c404a3005faba2f2c41a4805b20484304bc20,8.373317439109087,128,128,True,True,False,"[31328,125206,124781,18411,125686,125548,34395,11,79302,239,32831,25715,7,107184,8,20401,49052,16560,10764,236,246,125548,56039,12,52959,31328,144018,125166,31328,125206,124781,18411,125686,125548,16560,128900,13,63332,130640,33704,141767,144355,12802,220,15,11,220,16,11,220,17,11,220,18,11,2503,77002,36055,23259,31328,38150,25715,125489,13,63332,130640,33704,63332,24897,12,52959,31328,144018,125166,31328,125206,124781,18411,125686,125548,16560,38150,25715,125489,13,63332,130640,33704,141767,144355,12802,220,15,11,220,16,11,220,17,11,220,18,11,2503,77002,36055,23259,31328,38150,25715,125489,13,63332,130640,33704,63332,24897,12,52959,31328,144018,125166,31328,125206,124781,18411,125686,125548]",37,184,129,147,128,117,11,3.1621621621621623,0.0859375,1.0078125,1.1484375,1.0,0,0,0.0,{},0,0,0.0,0.0,9.353458881378174e-05,1.024050934240222,128,11
WIKIPEDIA,P1,ENTROPY_MATCHED_GUARD,62,ff420f60d7c131547b1234f039faa25fdcfcec5494ecaff872d10b47fc0fe16a,10.027666751295328,128,128,True,True,False,"[125522,31328,28754,126785,135092,17877,62071,29326,128836,13,23084,138001,33704,5140,231,112,94152,20401,48364,254,124632,80968,32129,34395,80573,45130,120,124632,80968,142300,17877,82619,128747,23573,48364,254,124632,80968,32129,34395,20401,60960,126414,128533,32129,131000,17380,11,140577,131573,124632,20401,28733,124632,80968,129093,133886,62071,29326,128836,13,23084,138001,33704,45130,120,124632,80968,130864,126605,17877,129413,92817,130705,11,140577,141526,136854,28733,124632,128552,133828,42905,130864,126605,17877,62071,29326,128836,13,23084,138001,33704,45130,120,124632,80968,130864,126605,20401,54116,132618,18411,49367,21329,126551,132182,54116,57026,18411,10764,244,19946,382,12802,138001,33704,5140,231,112,94152,20401,48364,254,124632,80968,32129,34395]",49,245,129,196,128,93,35,1.8979591836734695,0.2734375,1.0078125,1.53125,1.0,0,0,0.0,{},0,0,0.0,0.0,0.000125836580991745,1.3611212242394686,128,35
WIKIPEDIA,P1,ENTROPY_MATCHED_GUARD,65,3aa0309b093897c5914bfb2abc9f73ea8f76665d50650a1aa875ab2bb8d0374b,8.979416228830814,128,128,True,True,False,"[54321,220,17,20401,49052,11,5140,45881,131587,50340,24897,74808,29281,76337,33704,139107,135898,382,57026,20487,26698,220,143861,242,5140,45881,131587,50340,24897,77353,85057,25715,125489,13,23084,74808,29281,76337,33704,220,17,125625,54321,56475,72553,36055,20401,64119,124905,11,220,18,125625,54321,129889,139107,131050,3315,241,116,28733,90686,382,57026,20487,26698,220,143861,242,5140,45881,131587,50340,24897,77353,85057,25715,125489,382,33883,715,125625,54321,220,17,20401,49052,11,5140,45881,131587,50340,24897,74808,29281,76337,20401,60716,16560,139107,135898,382,57026,20487,26698,220,143861,242,5140,45881,131587,50340,24897,77353,85057,25715,125489,13,23084,74808,29281,76337,33704,220,17,125625,54321,56475]",41,204,129,163,127,108,19,2.6341463414634148,0.14960629921259844,1.0078125,1.2734375,0.9921875,1,1,0.024390243902439025,"{""1"":1}",6,0,0.0,0.0,0.00016792304813861847,1.141727028414607,127,19
WIKIPEDIA,P1,ENTROPY_MATCHED_GUARD,72,381f681c69818a5a7efe7cac9427e3e8ca308c64996249d07248883d6d8ed8e7,9.665419444441795,128,128,True,True,False,"[38150,132343,136089,38150,25715,17380,11,70943,28754,33704,136089,38150,25715,80573,58034,47324,67511,26699,17877,128956,98927,12802,21329,38150,25715,17380,133828,132306,13,139052,129044,54070,128909,33704,220,16,24,22,15,126216,66845,19391,73523,126835,133245,127378,11,220,16,24,22,24,126216,19391,5140,116,234,50340,93672,11,10764,236,246,125548,56039,11,90711,112,125548,125544,83036,19969,23084,126605,128552,132376,251,79632,133381,13,139052,129044,54070,128909,33704,220,16,24,23,15,126216,66845,19391,60985,245,246,128552,85322,128844,133381,13,139052,129044,54070,128909,33704,220,16,24,24,15,126216,66845,19391,23084,126605,128552,74884,226,65865,125511,133828,133381,13,139052,129044,54070,128909]",47,233,129,186,127,97,30,2.0638297872340425,0.23622047244094488,1.0078125,1.453125,0.9921875,1,1,0.02127659574468085,"{""1"":1}",3,0,0.0,0.0,0.0001520998775959015,1.2992779966443777,127,30
WIKIPEDIA,P1,ENTROPY_MATCHED_GUARD,75,5d2695c9e3ae2233b64821217d03b39e7cffc10228f9ef60492171d81108a140,8.607043964788318,128,128,True,True,False,"[94203,85057,126559,16751,239,28754,12802,130723,13,133553,49543,20401,139052,32290,19391,68232,26699,42905,10764,252,246,33704,139052,32290,19391,68232,26699,42905,10764,252,246,20401,20136,102,42039,94203,85057,47836,28733,90686,13,133553,49543,20401,139052,32290,19391,68232,26699,42905,10764,252,246,20401,20136,102,33704,139052,32290,19391,68232,26699,42905,10764,252,246,20401,20136,102,20401,20136,102,42039,94203,85057,47836,28733,90686,13,133553,49543,20401,139052,32290,19391,68232,26699,42905,10764,252,246,20401,20136,102,20401,20136,102,33704,139052,32290,19391,68232,26699,42905,10764,252,246,20401,20136,102,20401,20136,102,20401,20136,102,42039,94203,85057,47836,28733,90686,13,133553,49543,20401,139052,32290]",39,192,129,153,128,112,16,2.871794871794872,0.125,1.0078125,1.1953125,1.0,0,0,0.0,{},0,0,0.0,0.0,9.857676923274994e-05,1.079727964475751,128,16
WIKIPEDIA,P1,ENTROPY_MATCHED_GUARD,87,ab49ee7ec290023611d27bbb6e2f99f6f161b4ac2b8a54abb40da2be6da7a278,8.599878255277872,128,128,True,True,False,"[133381,382,4710,12802,45563,33704,220,16,24,23,23,126216,220,16,15,128514,220,16,23,32077,62071,17,20,125625,6159,8795,56475,136646,20401,45563,42039,36055,20401,133381,382,4710,12802,45563,33704,220,16,24,21,15,126216,220,16,17,128514,220,16,21,32077,62071,17,18,125625,6159,8795,56475,136646,20401,45563,42039,36055,20401,133381,382,4710,12802,45563,33704,220,16,24,19,21,126216,220,16,15,128514,220,16,23,32077,62071,17,16,125625,6159,8795,56475,136646,20401,45563,42039,36055,20401,133381,382,4710,12802,45563,33704,220,16,24,17,22,126216,220,16,15,128514,220,17,24,32077,62071,16,24,125625,6159,8795,56475,136646,20401]",39,193,129,154,128,110,18,2.8205128205128207,0.140625,1.0078125,1.203125,1.0,0,0,0.0,{},3,0,0.0,0.0,0.00012316182255744934,1.0776454098522663,128,18
WIKIPEDIA,P1,ENTROPY_MATCHED_GUARD,93,c5c150337feebd119d5efc460ee0707f7f9c8ee6200e12ccb9063e7098842a8e,9.192353077232838,128,128,True,True,False,"[20401,36055,20401,56475,40720,23573,28733,53955,33704,124970,126440,126346,56475,28733,144180,51876,13,23084,28733,53955,33704,124970,126440,126346,56475,28733,144180,87425,72553,11,23084,28733,53955,33704,124970,126440,126346,56475,28733,144180,87425,137764,13,134084,56983,72553,62071,125166,58440,16560,124970,126440,126346,56475,36055,20401,132306,382,28002,72553,62071,125166,58440,16560,139107,129381,128677,128732,17877,35509,85251,13146,382,56983,72553,62071,125166,58440,16560,124970,126440,126346,56475,36055,20401,132306,624,56983,72553,62071,125166,58440,16560,124970,126440,126346,56475,28733,144180,51876,624,56983,72553,62071,125166,58440,16560,124970,126440,126346,56475,28733,144180,87425,137764,624,56983,72553,62071,125166,58440,16560,124970,126440,126346,56475,28733,144180]",43,212,129,169,128,105,23,2.441860465116279,0.1796875,1.0078125,1.3203125,1.0,0,0,0.0,{},0,0,0.0,0.0,0.00010686740279197693,1.1926749367266893,128,23
WIKIPEDIA,P1,ENTROPY_MATCHED_GUARD,94,49d5088a6e56a83ec93a510a0fe88a470e9cef589935fd8a18fc5f4598a2b004,9.184738283976912,128,128,True,True,False,"[126605,80968,58777,92817,18411,133828,66425,130039,65699,234,126414,124781,18411,40720,42905,49052,19969,126735,13146,13,95617,18411,129901,11,124657,54330,126605,80968,58777,92817,18411,133828,66425,130039,124657,54330,18411,220,18,125625,54321,142496,42039,54070,142713,136849,126204,11,124657,54330,18411,220,19,125625,54321,142496,42039,54070,142713,136849,42905,49052,19969,90686,13,23084,49052,11,220,18,125625,54321,142496,20401,65699,234,126414,124781,18411,220,19,125625,54321,142496,20401,65699,234,126414,124781,17380,130729,40853,42905,130864,17877,40720,51876,13,23084,80573,129381,130864,17877,40720,82190,11,220,19,125625,54321,142496,20401,65699,234,126414,124781,18411,220,20,125625,54321,142496,20401,65699,234,126414,124781,17380]",42,207,129,165,128,106,22,2.5238095238095237,0.171875,1.0078125,1.2890625,1.0,0,0,0.0,{},0,0,0.0,0.0,0.00011531449854373932,1.1826928555965424,128,22
WIKIPEDIA,P1,ENTROPY_MATCHED_GUARD,95,c83288390c8dc2ea157c0b693874741fcd4e806740aa9e777c30eb0752af7203,9.098768036812544,128,128,True,True,False,"[28626,142496,33704,139107,129381,128677,128732,17877,62107,129704,51876,382,74884,226,70582,126352,28002,142496,125489,624,481,95218,80968,142496,125489,624,481,127121,63154,142496,125489,624,481,138724,142496,125489,382,144327,132947,125548,28626,142496,20401,36055,20401,16560,220,16,24,17,15,126216,66845,19391,3315,227,108,125548,125548,10764,252,238,132947,125548,28626,19969,62071,29326,134002,13,10764,252,238,132947,125548,28626,142496,33704,220,16,24,17,15,126216,66845,19391,3315,227,108,125548,125548,10764,252,238,132947,125548,28626,19969,62071,29326,134002,13,10764,252,238,132947,125548,28626,142496,33704,220,16,24,17,15,126216,66845,19391,3315,227,108,125548,125548,10764,252,238,132947,125548]",42,207,129,165,127,107,20,2.5476190476190474,0.15748031496062992,1.0078125,1.2890625,0.9921875,2,1,0.047619047619047616,"{""2"":2}",6,0,0.0,0.0,0.00015540234744548798,1.174607515335083,127,20
WIKIPEDIA,P1,ENTROPY_MATCHED_GUARD,96,1d2f32035de1110dd4c9cc7bc36a487da84007dac5a1239491bc49123023b0af,9.590741768479347,128,128,True,True,False,"[13,23084,16560,79302,239,25715,126346,124632,20401,136089,129093,28002,70943,125703,17380,11,79302,239,25715,126346,124632,20401,129304,141526,55902,33704,23084,129093,28002,19391,136009,133828,131396,28733,90686,13,79302,239,25715,126346,124632,33704,220,16,24,17,15,126216,66845,19391,95996,65865,126063,127378,11,220,16,24,17,22,126216,19391,48408,31328,144018,125166,31328,11,81718,17380,89235,11,5140,116,234,17380,81133,72553,11,3315,123,254,125548,142852,77002,12802,129676,95996,65865,134002,13,79302,239,25715,126346,124632,33704,79302,239,25715,126346,124632,20401,136089,129093,28002,70943,125703,17380,11,79302,239,25715,126346,124632,20401,129304,141526,55902,33704,23084,129093,28002,19391,136009,133828,131396,28733]",46,228,129,182,128,100,28,2.1739130434782608,0.21875,1.0078125,1.421875,1.0,0,0,0.0,{},0,0,0.0,0.0,0.00011824443936347961,1.2903066836297512,128,28
WIKIPEDIA,P1,ENTROPY_MATCHED_GUARD,97,a545b1d196c946ca4aa4cabfa9b6f9d8b25117470bd7ecb26e3e7d7ba3fdbed4,9.290649179369211,128,128,True,True,False,"[79302,239,25715,126346,124632,20401,28733,124632,80968,54116,132618,18411,36055,126702,134002,13,23084,16560,79302,239,25715,126346,124632,20401,28733,124632,80968,54116,132618,18411,36055,126702,42905,5140,41902,54116,57026,134002,382,565,136608,271,126345,25715,126346,124632,20401,28733,124632,80968,125466,76337,56290,16560,220,16,24,17,15,126216,66845,19391,93721,133381,13,220,16,24,17,20,126216,19391,3315,120,222,12802,24897,80573,10764,245,101,28002,19969,79302,239,25715,126346,124632,20401,28733,124632,80968,54116,132618,18411,36055,126702,134002,13,220,16,24,17,21,126216,19391,5140,116,234,50340,40281,83036,31079,19969,79302,239,25715,126346,124632,20401,28733,124632,80968,54116,132618,18411,36055,126702]",43,214,129,171,128,107,21,2.488372093023256,0.1640625,1.0078125,1.3359375,1.0,0,0,0.0,{},0,0,0.0,0.0,0.00011103786528110504,1.204719552770257,128,21
WIKIPEDIA,P1,ENTROPY_MATCHED_GUARD,98,4e5a736f30332726f0794ec78d76332bf5661872f7c6a5d58bdd7d2cb9fb4645,8.937003826722503,128,128,True,True,False,"[124546,128555,133828,133381,13,54825,16560,130005,79302,239,25715,126346,124632,20401,136089,129093,133886,62071,29326,23573,79302,239,25715,126346,124632,20401,136089,129093,28002,19391,128605,127041,120,51588,17877,3315,241,112,81718,90686,13,54825,16560,130005,79302,239,25715,126346,124632,20401,136089,129093,133886,62071,29326,23573,79302,239,25715,126346,124632,20401,136089,129093,28002,19391,128605,127041,120,51588,17877,3315,241,112,81718,90686,13,54825,16560,130005,79302,239,25715,126346,124632,20401,136089,129093,133886,62071,29326,23573,79302,239,25715,126346,124632,20401,136089,129093,28002,19391,128605,127041,120,51588,17877,3315,241,112,81718,90686,13,54825,16560,130005,79302,239,25715,126346,124632,20401,136089,129093,133886,62071,29326,23573]",40,200,129,160,128,114,14,2.85,0.109375,1.0078125,1.25,1.0,1,0,0.025,"{""3"":1}",3,0,0.0,0.0,0.00012793391942977905,1.1300273835659027,128,14
WIKIPEDIA,P1,ENTROPY_MATCHED_GUARD,99,5c3ca4e5f465dc182ec3e6b54f9ae6fd7f1cd6a02e73004bd182199e6766415e,8.957159643992782,128,128,True,True,False,"[13146,13,220,16,24,19,24,126216,138373,125466,85057,64795,12802,138373,17877,125206,32077,23573,94315,11,138373,20401,136608,19391,128605,131698,16560,143231,95996,65865,128836,13,138373,20401,136608,19391,128605,131698,16560,138373,20401,136608,19391,128605,131698,19391,128605,131698,19391,128605,131698,19391,128605,131698,19391,128605,131698,19391,128605,131698,19391,128605,131698,19391,128605,131698,19391,128605,131698,19391,128605,131698,19391,128605,131698,19391,128605,131698,19391,128605,131698,19391,128605,131698,19391,128605,131698,19391,128605,131698,19391,128605,131698,19391,128605,131698,19391,128605,131698,19391,128605,131698,19391,128605,131698,19391,128605,131698,19391,128605,131698,19391,128605,131698,19391,128605,131698,19391,128605,131698,19391,128605,131698,19391,128605,131698,19391,128605]",41,202,129,161,128,112,16,2.731707317073171,0.125,1.0078125,1.2578125,1.0,0,0,0.0,{},0,0,0.0,0.0,0.0001074858009815216,1.1561342384666204,128,16
WIKIPEDIA,P1,ENTROPY_MATCHED_GUARD,105,bc89f0438663e3b06f77ae921e1a7700fa43f38465b2c23d15b5529b4221e4fc,11.495079388841987,128,128,True,True,False,"[130638,17877,136905,17380,66790,29281,126063,34395,11,220,16,19,15,15,126216,19391,136905,17380,66790,29281,52300,136331,220,20,15,15,57026,127041,226,62275,134013,17380,66790,29281,133381,13,220,16,24,16,15,126216,65510,125519,32077,125822,37087,124785,42039,125206,32077,52300,136331,220,16,24,19,20,126216,220,23,128514,220,16,20,32077,136293,62071,124785,20401,56419,131833,77596,235,56475,130092,20401,64805,227,126702,17877,129296,129709,23573,220,16,24,19,20,126216,220,23,128514,220,16,20,32077,11,128605,125496,124785,12802,74361,226,76435,132537,136905,33704,128605,125496,124785,20401,134013,17380,66790,29281,133381,13,220,16,24,19,23,126216,220,16,15,128514]",55,272,129,217,128,85,43,1.5454545454545454,0.3359375,1.0078125,1.6953125,1.0,0,0,0.0,{},0,0,0.0,0.0,0.00016184337437152863,1.6347402557730675,128,43
WIKIPEDIA,P1,ENTROPY_MATCHED_GUARD,114,2d50e6a2a69f3a22d80522b5126c7394ec30a37997abfc1af6fe88aae4c5e7a3,10.15192336589098,128,128,True,True,False,"[130999,92751,124781,18411,135513,95218,16560,58440,74808,29281,76337,17877,125714,79716,74808,29281,76337,130939,129112,13,95617,18411,129901,11,125714,79716,74808,29281,76337,271,12802,90686,13,131180,26698,379,16560,856,19391,128605,58440,133215,11,379,6,16560,379,20401,129392,77953,23259,125489,13,23084,74808,29281,76337,33704,379,20401,129392,77953,23259,18411,133970,126204,135354,137621,11,23084,74808,29281,76337,33704,125714,79716,74808,29281,76337,125489,13,23084,74808,29281,76337,33704,379,20401,129392,77953,23259,18411,133970,126204,135354,137621,11,23084,74808,29281,76337,33704,379,20401,129392,77953,23259,18411,133970,126204,135354,137621,11,23084,74808,29281,76337,33704,379,20401,129392,77953,23259,18411,133970,126204,135354,137621]",46,227,129,181,128,103,25,2.239130434782609,0.1953125,1.0078125,1.4140625,1.0,0,0,0.0,{},0,0,0.0,0.0,0.0001380685716867447,1.356846310198307,128,25
WIKIPEDIA,P1,ENTROPY_MATCHED_GUARD,116,80b40150cb6c6cacbe345969e8709822cdac29c8963346d4d774ddfe0d1ee118,7.883949181064963,128,128,True,True,False,"[84667,124419,24897,20401,129093,54330,132841,130939,47985,129112,13,129093,54330,132841,20401,45563,33704,220,18,13,16,19,16,20,24,17,21,20,18,20,23,24,22,24,18,17,18,23,19,21,17,21,19,18,18,23,18,17,22,24,20,15,17,23,23,19,16,24,22,16,21,24,18,24,24,18,22,20,16,15,20,23,17,15,24,22,19,24,19,19,20,24,17,18,15,22,23,16,21,19,15,21,17,23,21,17,15,23,24,24,23,21,17,23,15,18,19,23,17,20,18,19,17,16,16,22,15,21,22,24,23,17,16,19,23,15,23,21]",33,164,129,131,128,124,4,3.757575757575758,0.03125,1.0078125,1.0234375,1.0,0,0,0.0,{},0,0,0.0,0.0,8.6173415184021e-05,0.9395258147269487,128,4
WIKIPEDIA,P1,ENTROPY_MATCHED_GUARD,117,5ad01d8771f5b8361864124ec2cc39c9b8c989333e9e3aa38ecbce5e7a7f79e3,9.029504099860787,128,128,True,True,False,"[24,20,15,126216,66845,19391,5140,253,105,29326,52959,20401,46832,242,124632,25715,126253,5140,253,105,29326,52959,20401,46832,242,124632,137650,19391,128605,138449,17877,5140,228,240,12802,20487,130039,5140,253,105,29326,52959,20401,46832,242,124632,25715,129125,54070,52959,54070,140532,130271,20401,5140,253,105,29326,52959,46832,242,124632,25715,98005,20401,18411,143497,128836,13,23084,98005,20401,56475,84255,28002,34395,85251,33704,5140,253,105,29326,52959,20401,46832,242,124632,25715,126253,5140,253,105,29326,52959,20401,46832,242,124632,137650,19391,128605,138449,17877,5140,228,240,12802,20487,130039,5140,253,105,29326,52959,20401,46832,242,124632,25715,129125,54070,52959,54070,140532,130271,20401,5140,253]",44,218,129,174,127,106,21,2.409090909090909,0.16535433070866143,1.0078125,1.359375,0.9921875,1,1,0.022727272727272728,"{""2"":1}",6,0,0.0,0.0,0.00014907866716384888,1.181857604533434,127,21
WIKIPEDIA,P1,ENTROPY_MATCHED_GUARD,119,e78651cb0db294a29769d00e0b67b918a0d6bd73e89f12f69e15cc286429e7e0,8.500831939280033,128,128,True,True,False,"[21329,80573,135898,13,132028,57089,90486,127085,130974,133553,49543,20401,138519,131837,53680,77596,235,47985,19391,73986,131000,51876,13,133553,49543,20401,138519,131837,12802,220,17,130609,31328,133553,49543,16560,77596,235,47985,19969,220,17,130609,31328,133553,49543,20401,132028,57089,90486,127085,133120,143143,16560,13146,13,133553,49543,20401,138519,131837,12802,220,17,130609,31328,133553,49543,16560,77596,235,47985,19969,220,19,130609,31328,133553,49543,20401,132028,57089,90486,127085,133120,143143,16560,13146,13,133553,49543,20401,138519,131837,12802,220,17,130609,31328,133553,49543,16560,77596,235,47985,19969,220,23,130609,31328,133553,49543,20401,132028,57089,90486,127085,133120,143143,16560,13146,13,133553,49543,20401,138519,131837,12802]",40,200,129,160,128,112,16,2.8,0.125,1.0078125,1.25,1.0,0,0,0.0,{},0,0,0.0,0.0,9.96999442577362e-05,1.0752263497561216,128,16
WIKIPEDIA,P1,ENTROPY_MATCHED_GUARD,134,dff86652722d026c3869887ea7e653b73da64b351697d7d0c647fef10a42b20b,8.316291393712163,128,128,True,True,False,"[43590,126216,126253,40720,42905,132091,11,74884,116,124781,31079,16560,74884,116,124785,31079,80573,16560,34143,105,28002,130092,31079,20401,139052,20487,126270,17877,40720,82190,74884,116,124785,31079,20401,139052,20487,126270,17877,130092,31079,17380,46319,128909,23573,128900,13,74884,116,124781,31079,16560,74884,116,124785,31079,80573,16560,34143,105,28002,130092,31079,20401,139052,20487,126270,17877,40720,82190,74884,116,124785,31079,20401,139052,20487,126270,17877,130092,31079,17380,46319,128909,23573,128900,13,74884,116,124781,31079,16560,74884,116,124785,31079,80573,16560,34143,105,28002,130092,31079,20401,139052,20487,126270,17877,40720,82190,74884,116,124785,31079,20401,139052,20487,126270,17877,130092,31079,17380,46319,128909,23573,128900,13,74884]",39,194,129,155,128,113,15,2.8974358974358974,0.1171875,1.0078125,1.2109375,1.0,0,0,0.0,{},0,0,0.0,0.0,9.480677545070648e-05,1.0393310487270355,128,15
WIKIPEDIA,P1,ENTROPY_MATCHED_GUARD,136,7a354878c63fadb9275073b266fc79ab41adb4e3a4eea902668c937d0f74ebcb,8.314229102805257,128,128,True,True,False,"[29346,135405,98927,29326,129382,19391,131522,17877,140174,135405,16751,121,16560,13146,13,98927,29326,129382,33704,134664,128552,40720,25715,126327,142976,23573,142452,23573,17877,85403,57026,82190,98927,29326,129382,19391,131522,17877,140174,135405,16751,121,16560,13146,13,98927,29326,129382,33704,134664,128552,40720,25715,126327,142976,23573,142452,23573,17877,85403,57026,82190,98927,29326,129382,19391,131522,17877,140174,135405,16751,121,16560,13146,13,98927,29326,129382,33704,134664,128552,40720,25715,126327,142976,23573,142452,23573,17877,85403,57026,82190,98927,29326,129382,19391,131522,17877,140174,135405,16751,121,16560,13146,13,98927,29326,129382,33704,134664,128552,40720,25715,126327,142976,23573,142452,23573,17877,85403,57026,82190,98927,29326,129382,19391,131522,17877]",39,193,129,154,127,116,11,2.9743589743589745,0.08661417322834646,1.0078125,1.203125,0.9921875,1,1,0.02564102564102564,"{""1"":1}",3,0,0.0,0.0,0.00012568198144435883,1.043393710628152,127,11
WIKIPEDIA,P1,ENTROPY_MATCHED_GUARD,145,005a50bb1e2be0288c261e32d596ed107f6163785f7c14e52ef3bf8445d0f15c,8.18070744536817,128,128,True,True,False,"[5140,228,222,12802,20401,129238,128732,33704,129242,56039,18411,79302,119,16560,128900,13,129242,56039,16560,5140,228,222,12802,20401,129238,128732,12802,25715,134953,125489,13,129242,56039,16560,5140,228,222,12802,20401,129238,128732,12802,25715,134953,125489,13,129242,56039,16560,5140,228,222,12802,20401,129238,128732,12802,25715,134953,125489,13,129242,56039,16560,5140,228,222,12802,20401,129238,128732,12802,25715,134953,125489,13,129242,56039,16560,5140,228,222,12802,20401,129238,128732,12802,25715,134953,125489,13,129242,56039,16560,5140,228,222,12802,20401,129238,128732,12802,25715,134953,125489,13,129242,56039,16560,5140,228,222,12802,20401,129238,128732,12802,25715,134953,125489,13,129242,56039,16560,5140,228,222,12802]",39,192,129,153,127,117,10,3.0,0.07874015748031496,1.0078125,1.1953125,0.9921875,1,1,0.02564102564102564,"{""3"":1}",9,0,0.0,0.0,0.00013760849833488464,1.0412065256386995,127,10
WIKIPEDIA,P1,ENTROPY_MATCHED_GUARD,149,b8407b142eaeece19e635181f420775fe1526f8537e1e2319612dc608d62b0b8,8.955848379060626,128,128,True,True,False,"[23573,36055,20401,16560,139107,135898,382,29281,23259,65238,124970,129093,43590,18411,1154,36055,23259,65238,124970,129093,43590,18411,5140,45881,53900,25715,13,125971,133099,11,126310,28002,23259,49543,143861,242,139107,131050,36055,20401,47836,28733,90686,382,125522,28002,23259,20401,128677,128732,715,125522,28002,23259,16560,139107,129381,128677,128732,17877,35509,85251,13146,382,125522,28002,23259,16560,126423,23259,20401,129881,129534,125489,624,125522,28002,23259,16560,126423,23259,20401,129881,49543,125489,624,125522,28002,23259,16560,126423,23259,20401,129881,49543,125489,624,125522,28002,23259,16560,126423,23259,20401,129881,49543,125489,624,125522,28002,23259,16560,126423,23259,20401,129881,49543,125489,624,125522,28002,23259,16560,126423,23259,20401,129881,49543]",44,218,129,174,128,105,23,2.3863636363636362,0.1796875,1.0078125,1.359375,1.0,0,0,0.0,{},0,0,0.0,0.0,0.00011711753904819489,1.176943589001894,128,23
WIKIPEDIA,P1,ENTROPY_MATCHED_GUARD,151,d74697603534767f1ce48379c1b960aba7fc3ba07a93d615c8f5f02eb239115a,8.252042317762971,128,128,True,True,False,"[130592,80968,66790,80901,19969,37195,106,34395,142452,133886,3315,253,223,137237,66425,124685,125476,93672,94203,128911,125489,13,127042,57089,92817,128747,33704,127042,57089,25715,126253,142452,133886,3315,253,223,137237,66425,130039,62107,81676,127042,57089,131958,130592,137438,18411,126254,51876,13,127042,57089,92817,128747,33704,127042,57089,25715,126253,142452,133886,3315,253,223,137237,66425,130039,62107,81676,127042,57089,131958,130592,137438,18411,126254,51876,13,127042,57089,92817,128747,33704,127042,57089,25715,126253,142452,133886,3315,253,223,137237,66425,130039,62107,81676,127042,57089,131958,130592,137438,18411,126254,51876,13,127042,57089,92817,128747,33704,127042,57089,25715,126253,142452,133886,3315,253,223,137237,66425,130039,62107,81676,127042,57089,131958]",39,192,129,153,128,115,13,2.948717948717949,0.1015625,1.0078125,1.1953125,1.0,0,0,0.0,{},0,0,0.0,0.0,9.48496162891388e-05,1.039622327312827,128,13
WIKIPEDIA,P1,ENTROPY_MATCHED_GUARD,156,554e89867d740531ea4723899fb500f32679398eba63100d3f51e2735a22ef42,9.209164891391993,128,128,True,True,False,"[73523,126835,23573,84255,81650,127483,33704,22942,17380,5140,45881,12802,125519,24897,18411,83596,16560,13146,13,22942,33704,220,16,24,23,24,126216,19391,136065,42039,142234,133245,127378,11,220,16,24,24,16,126216,19391,22942,348,16,12802,142234,133245,34395,11,220,16,24,24,16,126216,19391,22942,348,17,19969,142234,133245,127378,11,220,17,15,15,22,126216,19391,22942,348,18,12802,142234,133381,13,22942,33704,22942,348,16,53680,22942,348,17,18411,133970,82190,22942,348,16,11,22942,348,17,11,22942,348,18,17380,58777,79716,132306,13,22942,348,16,33704,22942,348,17,80573,22942,348,18,17877,133970,87425,137764,13,22942,348,16,33704,22942,348]",46,229,129,183,127,97,30,2.108695652173913,0.23622047244094488,1.0078125,1.4296875,0.9921875,1,1,0.021739130434782608,"{""3"":1}",6,0,0.0,0.0,0.00014631077647209167,1.2277361545711756,127,30
WIKIPEDIA,P1,ENTROPY_MATCHED_GUARD,157,a58f93e22d11924373b50a226a157bb118a42e9b97f2e406c84324467ec722f1,8.479978684335947,128,128,True,True,False,"[133085,23573,125206,124781,16560,130671,13,136293,31079,18411,40720,42905,58677,88259,16560,136293,137138,58677,88259,20401,23872,121,220,16,15,4,131219,17380,57835,29281,132306,13,136293,31079,18411,40720,42905,58677,88259,16560,136293,31079,18411,40720,42905,133152,31328,136293,56475,72553,40720,132306,13,136293,31079,18411,40720,42905,58677,88259,16560,136293,31079,18411,40720,42905,133152,31328,136293,56475,72553,40720,132306,13,136293,31079,18411,40720,42905,58677,88259,16560,136293,31079,18411,40720,42905,133152,31328,136293,56475,72553,40720,132306,13,136293,31079,18411,40720,42905,58677,88259,16560,136293,31079,18411,40720,42905,133152,31328,136293,56475,72553,40720,132306,13,136293,31079,18411,40720,42905,58677,88259,16560,136293,31079,18411,40720]",40,200,129,160,128,113,15,2.825,0.1171875,1.0078125,1.25,1.0,0,0,0.0,{},0,0,0.0,0.0,9.831972420215607e-05,1.0719222240149975,128,15
WIKIPEDIA,P1,ENTROPY_MATCHED_GUARD,160,1e26476690d1ff98feec7e46fff2e67a50d0d12aadd84c2628f4888925cc713d,7.836570397019386,128,128,True,True,False,"[139287,33704,132029,48364,112,37087,20401,63332,126246,17877,129413,56290,51876,13,132029,48364,112,37087,20401,63332,126246,33704,132029,48364,112,37087,20401,89095,97,139287,19391,136009,139393,132306,13,132029,48364,112,37087,20401,63332,126246,33704,132029,48364,112,37087,20401,89095,97,139287,19391,136009,139393,132306,13,132029,48364,112,37087,20401,63332,126246,33704,132029,48364,112,37087,20401,89095,97,139287,19391,136009,139393,132306,13,132029,48364,112,37087,20401,63332,126246,33704,132029,48364,112,37087,20401,89095,97,139287,19391,136009,139393,132306,13,132029,48364,112,37087,20401,63332,126246,33704,132029,48364,112,37087,20401,89095,97,139287,19391,136009,139393,132306,13,132029,48364,112,37087,20401,63332,126246,33704,132029]",35,175,129,140,128,120,8,3.4285714285714284,0.0625,1.0078125,1.09375,1.0,0,0,0.0,{},0,0,0.0,0.0,8.505396544933319e-05,0.9392427131533623,128,8
WIKIPEDIA,P1,ENTROPY_MATCHED_GUARD,168,36ee04f27561af7e590b306bd86bbbe3b96e895a4c50ad77892679812f192fc2,7.731508057564497,128,128,True,True,False,"[128514,220,16,32077,198,220,17,128514,220,16,32077,33704,220,17,16,41429,20487,48364,104,84621,83666,125466,137266,32077,125489,624,220,17,128514,220,17,32077,198,220,17,128514,220,17,32077,33704,220,17,16,41429,20487,48364,104,84621,83666,125466,137266,32077,125489,624,220,17,128514,220,18,32077,198,220,17,128514,220,18,32077,33704,220,17,16,41429,20487,48364,104,84621,83666,125466,137266,32077,125489,624,220,17,128514,220,19,32077,198,220,17,128514,220,19,32077,33704,220,17,16,41429,20487,48364,104,84621,83666,125466,137266,32077,125489,624,220,17,128514,220,20,32077,198,220,17,128514,220,20,32077,33704,220,17,16,41429]",35,172,129,137,128,122,6,3.4857142857142858,0.046875,1.0078125,1.0703125,1.0,0,0,0.0,{},0,0,0.0,0.0,8.308887481689453e-05,0.9328886829316616,128,6
WIKIPEDIA,P1,ENTROPY_MATCHED_GUARD,193,0199e89b545a0cb77695da1c1c70540afcecefd154b174b0b3c20810808bf238,7.808157881721854,128,128,True,True,False,"[144046,54248,18411,56419,127105,47836,28733,131891,11,54248,18411,57547,47836,28733,90686,13,393,17,47,125206,82528,130472,33704,134664,128552,127042,29346,129125,134313,129439,19969,132182,23872,254,29346,138334,42039,137765,141819,42905,49052,126563,132306,13,129007,125206,82528,130472,33704,127296,127154,17380,3315,241,116,129439,19969,134563,11,73077,89235,57268,60315,73986,89235,57268,11,54248,77002,16235,226,20401,20401,76497,242,21329,144046,54248,18411,56419,127105,47836,28733,131891,11,54248,18411,57547,47836,28733,90686,13,393,17,47,125206,82528,130472,33704,134664,128552,127042,29346,129125,134313,129439,19969,132182,23872,254,29346,138334,42039,137765,141819,42905,49052,126563,132306,13,129007,125206,82528,130472,33704,127296,127154,17380]",36,178,129,142,127,121,6,3.361111111111111,0.047244094488188976,1.0078125,1.109375,0.9921875,1,1,0.027777777777777776,"{""2"":1}",6,0,0.0,0.0,0.00012596510350704193,0.9526629485189915,127,6
WIKIPEDIA,P1,ENTROPY_MATCHED_GUARD,194,1870a6a49ecbc118b0301d1d252f822879be8e2bcbc1c6ea28d23e8a5c6fb491,7.6972349267452955,128,128,True,True,False,"[125144,56290,715,220,26940,84667,82528,126781,25067,7,16,24,24,22,126216,137116,340,220,26940,84667,82528,126781,25067,7,17,15,15,16,126216,137116,340,220,26940,84667,82528,126781,25067,7,17,15,15,17,126216,137116,340,220,26940,84667,82528,126781,25067,7,17,15,15,18,126216,137116,340,220,26940,84667,82528,126781,25067,7,17,15,15,19,126216,137116,340,220,26940,84667,82528,126781,25067,7,17,15,15,20,126216,137116,340,220,26940,84667,82528,126781,25067,7,17,15,15,21,126216,137116,340,220,26940,84667,82528,126781,25067,7,17,15,15,22,126216,137116,340,220,26940,84667,82528,126781,25067,7,17,15,15,23,126216,137116]",35,173,129,138,128,122,6,3.4857142857142858,0.046875,1.0078125,1.078125,1.0,0,0,0.0,{},3,0,0.0,0.0,0.00010076165199279785,0.9274452272802591,128,6
WIKIPEDIA,P1,ENTROPY_MATCHED_GUARD,201,62f2ae481710a7fbff82614984a8857e7ff3c9105c753b5b4b85a22986f22fd7,7.884336061775684,128,128,True,True,False,"[8,18411,95996,79632,134002,13,54825,16560,130005,54116,16186,124632,11,54116,16186,124632,80968,54116,16186,124632,11,54116,16186,124632,80968,54116,16186,124632,11,54116,16186,124632,80968,54116,16186,124632,11,54116,16186,124632,80968,54116,16186,124632,11,54116,16186,124632,80968,54116,16186,124632,11,54116,16186,124632,80968,54116,16186,124632,11,54116,16186,124632,80968,54116,16186,124632,11,54116,16186,124632,80968,54116,16186,124632,11,54116,16186,124632,80968,54116,16186,124632,11,54116,16186,124632,80968,54116,16186,124632,11,54116,16186,124632,80968,54116,16186,124632,11,54116,16186,124632,80968,54116,16186,124632,11,54116,16186,124632,80968,54116,16186,124632,11,54116,16186,124632,80968,54116,16186,124632,11,54116,16186,124632]",36,179,129,143,128,119,9,3.3055555555555554,0.0703125,1.0078125,1.1171875,1.0,0,0,0.0,{},0,0,0.0,0.0,8.757226169109344e-05,0.9491607565432787,128,9
WIKIPEDIA,P1,ENTROPY_MATCHED_GUARD,211,e1dd1b21c7c4fbf236961605d37c8cfd045489d907c3f9df2b1d2c0d0b128ab2,7.83525918982923,128,128,True,True,False,"[129321,17877,49367,126746,16560,53435,124632,129359,125548,17380,11,45130,120,124632,80968,130037,129835,35509,125624,17877,81718,144059,42039,74884,116,144489,23573,133196,18411,73669,65306,42039,10764,236,120,133847,130974,130861,18411,34143,112,34395,90686,13,45130,120,124632,80968,130037,129835,35509,125624,17877,81718,144059,42039,74884,116,144489,23573,133196,18411,73669,65306,42039,10764,236,120,133847,130974,130861,18411,34143,112,34395,64521,53435,124632,129359,125548,16560,45130,120,124632,43590,125624,7,113301,115463,8,129549,23463,126291,125624,17877,35509,28002,126896,124905,11,73518,52959,19969,26698,16560,126615,85997,43590,18411,35509,85251,137116,136357,128772,126932,49543,129360,129359,125548,18411,98869,144188,42905,129400,31079,13146,13,45130]",36,179,129,143,128,119,9,3.3055555555555554,0.0703125,1.0078125,1.1171875,1.0,0,0,0.0,{},0,0,0.0,0.0,8.545443415641785e-05,0.9512795452028513,128,9
WIKIPEDIA,P1,ENTROPY_MATCHED_GUARD,214,91b92ef1e95dd720033a1341a26a537c99538ed87f79c1ca6150172d3864fb1a,7.897969948127866,128,128,True,True,False,"[17380,11,138373,20401,141526,66845,56290,18411,130679,56419,138279,80968,94203,127324,17877,28733,126702,126204,11,138373,20401,141526,66845,56290,18411,130679,56419,138279,80968,94203,127324,17877,28733,126702,126204,11,138373,20401,141526,66845,56290,18411,130679,56419,138279,80968,94203,127324,17877,28733,126702,126204,11,138373,20401,141526,66845,56290,18411,130679,56419,138279,80968,94203,127324,17877,28733,126702,126204,11,138373,20401,141526,66845,56290,18411,130679,56419,138279,80968,94203,127324,17877,28733,126702,126204,11,138373,20401,141526,66845,56290,18411,130679,56419,138279,80968,94203,127324,17877,28733,126702,126204,11,138373,20401,141526,66845,56290,18411,130679,56419,138279,80968,94203,127324,17877,28733,126702,126204,11,138373,20401,141526,66845,56290,18411,130679]",37,183,129,146,128,119,9,3.2162162162162162,0.0703125,1.0078125,1.140625,1.0,0,0,0.0,{},0,0,0.0,0.0,8.915364742279053e-05,0.9732761401683092,128,9
WIKIPEDIA,P1,ENTROPY_MATCHED_GUARD,215,81ad8abe23a6aee5123e0ef7a8bf71fb5308705cb23ebbc1084da6d371b87194,8.258161157369614,128,128,True,True,False,"[51876,13,23084,131866,11,220,16751,222,125149,23573,77353,79716,23259,20401,128618,25715,11,220,16751,222,125149,23573,77353,79716,23259,20401,128618,129439,125489,13,125149,23573,77353,79716,23259,20401,128618,129439,16560,125149,23573,77353,79716,23259,20401,128618,25715,129885,142655,143230,13146,13,125149,23573,77353,79716,23259,20401,128618,129439,16560,125149,23573,77353,79716,23259,20401,128618,25715,129885,142655,143230,13146,13,125149,23573,77353,79716,23259,20401,128618,129439,16560,125149,23573,77353,79716,23259,20401,128618,25715,129885,142655,143230,13146,13,125149,23573,77353,79716,23259,20401,128618,129439,16560,125149,23573,77353,79716,23259,20401,128618,25715,129885,142655,143230,13146,13,125149,23573,77353,79716,23259,20401,128618,129439,16560,125149]",39,195,129,156,128,113,15,2.8974358974358974,0.1171875,1.0078125,1.21875,1.0,0,0,0.0,{},0,0,0.0,0.0,9.402073919773102e-05,1.0314387753605843,128,15
WIKIPEDIA,P1,ENTROPY_MATCHED_GUARD,217,2a3d33ad90ee563f6b07aa1107d72ab5f59c4df1378d6832201b9d64e7d5ceeb,7.666688162833452,128,128,True,True,False,"[5140,223,251,126588,13146,13,220,16,128514,33704,220,16,126216,20401,48364,104,84621,83666,34143,105,136262,11,220,16,126216,20401,140887,34143,105,33704,220,16,17,128514,125489,13,220,16,128514,33704,220,18,16,32077,128878,64521,220,22,59761,20401,34143,105,70943,125703,13146,13,220,16,128514,20401,48364,104,84621,83666,37195,254,33704,138373,56475,129093,125068,130939,53900,124905,128605,125496,124785,20401,79302,239,28754,125624,125489,13,23084,34143,105,53680,68232,126216,20401,220,20,128514,33704,142655,129381,85997,32077,17380,93721,126204,129381,85997,32077,17380,5140,223,251,126588,13146,13,69441,231,126216,31328,49052,23084,34143,105,53680,54825,60716,20401,220,16,15,128514]",35,172,129,137,128,122,6,3.4857142857142858,0.046875,1.0078125,1.0703125,1.0,0,0,0.0,{},0,0,0.0,0.0,8.344091475009918e-05,0.9256643131375313,128,6
WIKIPEDIA,P1,ENTROPY_MATCHED_GUARD,222,5bd619fb257d13a99f8942ff734cf70cf56ff7329317143b63b23ecb5f2357f5,7.539770575240254,128,128,True,True,False,"[35711,32077,19391,220,20,23,42044,11,28733,35711,32077,53680,134952,35711,32077,19391,220,20,23,42044,11,40771,230,35711,32077,53680,10764,228,254,35711,32077,19391,220,20,23,42044,11,83556,35711,32077,53680,85413,242,35711,32077,19391,220,20,23,42044,11,28733,35711,32077,53680,46832,242,35711,32077,19391,220,20,23,42044,11,134952,35711,32077,53680,40771,230,35711,32077,19391,220,20,23,42044,11,10764,228,254,35711,32077,53680,83556,35711,32077,19391,220,20,23,42044,11,85413,242,35711,32077,53680,46832,242,35711,32077,19391,220,20,23,42044,11,28733,35711,32077,53680,134952,35711,32077,19391,220,20,23,42044,11,40771,230,35711,32077,53680,10764]",34,168,129,134,128,122,6,3.588235294117647,0.046875,1.0078125,1.046875,1.0,0,0,0.0,{},0,0,0.0,0.0,8.294731378555298e-05,0.8986746594309807,128,6
WIKIPEDIA,P1,ENTROPY_MATCHED_GUARD,229,83050d780bf313aba5ecc6bf2fd33935ea016e228968a100f5f455b6e4654a3e,7.926082890480757,128,128,True,True,False,"[65699,234,126414,124781,125489,13,58777,32290,139627,126414,124781,16560,129093,126333,56475,20401,126352,28002,11,45710,47985,11,43115,47985,17380,135513,95218,16560,65699,234,126414,124781,80573,16560,34143,105,28002,11,129093,126333,56475,20401,126352,28002,11,45710,47985,11,43115,47985,17380,135513,95218,16560,65699,234,126414,124781,80573,16560,34143,105,28002,11,129093,126333,56475,20401,126352,28002,11,45710,47985,11,43115,47985,17380,135513,95218,16560,65699,234,126414,124781,80573,16560,34143,105,28002,11,129093,126333,56475,20401,126352,28002,11,45710,47985,11,43115,47985,17380,135513,95218,16560,65699,234,126414,124781,80573,16560,34143,105,28002,11,129093,126333,56475,20401,126352,28002,11,45710,47985,11,43115,47985]",37,182,129,145,128,120,8,3.2432432432432434,0.0625,1.0078125,1.1328125,1.0,0,0,0.0,{},0,0,0.0,0.0,8.975900709629059e-05,0.9800225719809532,128,8
WIKIPEDIA,P1,ENTROPY_MATCHED_GUARD,231,11a1c0612fe7670449333a5a3d8e6d9b6ddf44c8d2f0f1ecf600e2e8e53022d2,8.356193931773305,128,128,True,True,False,"[24,24,21,126216,220,16,16,128514,220,16,16,32077,19391,45104,242,126673,141274,31328,64577,59698,36055,63089,18411,57852,126702,128836,13,220,54825,16560,220,17,15,15,19,126216,220,16,16,128514,220,16,16,32077,19391,45104,242,126673,141274,31328,64577,59698,36055,63089,20401,140887,28733,126641,12802,97143,125761,13,220,54825,16560,220,17,15,15,19,126216,220,16,16,128514,220,16,16,32077,19391,45104,242,126673,141274,31328,64577,59698,36055,63089,20401,140887,28733,126641,12802,97143,125761,13,220,54825,16560,220,17,15,15,19,126216,220,16,16,128514,220,16,16,32077,19391,45104,242,126673,141274,31328,64577,59698,36055,63089,20401,140887,28733,126641]",40,197,129,157,128,113,15,2.825,0.1171875,1.0078125,1.2265625,1.0,0,0,0.0,{},0,0,0.0,0.0,9.540468454360962e-05,1.0636066421866417,128,15
WIKIPEDIA,P1,ENTROPY_MATCHED_GUARD,247,970fe8f8d89b4d2f4bd8076ca12bb110c1455e41e45f0f0fc6cfd0ce36b6dc7c,8.076612824574113,128,128,True,True,False,"[83291,143230,144432,11,58677,33861,128013,16751,113,24897,131587,17380,60294,11,142209,236,246,50340,11,5140,116,234,50340,40281,126781,142509,234,60294,48606,31328,11,5140,116,234,50340,40281,126781,130729,40853,84255,81650,127483,11,5140,116,234,50340,40281,126781,45104,101,139287,11,5140,116,234,50340,40281,126781,45104,101,139287,142509,234,60294,48606,31328,11,5140,116,234,50340,40281,126781,45104,101,139287,130729,40853,84255,81650,127483,11,5140,116,234,50340,40281,126781,45104,101,139287,142509,234,60294,48606,31328,11,5140,116,234,50340,40281,126781,45104,101,139287,130729,40853,84255,81650,127483,11,5140,116,234,50340,40281,126781,45104,101,139287,142509,234,60294,48606,31328,11]",38,188,129,150,128,114,14,3.0,0.109375,1.0078125,1.171875,1.0,0,0,0.0,{},0,0,0.0,0.0,9.048543870449066e-05,1.0079330317676067,128,14
WIKIPEDIA,P1,ENTROPY_MATCHED_GUARD,254,69967d46ab2375c71c801ffba10012a31e33028c284c59578fd1ea417fc3254d,8.033952344208956,128,128,True,True,False,"[134313,135092,17877,126629,89659,129112,13,715,12802,134313,135092,17877,36055,33883,133019,33704,45130,111,17877,58677,129695,144091,139052,129254,129112,13,58677,129695,144091,139052,16560,79921,18411,143522,19969,133329,47836,28733,64521,128753,47324,17380,46319,65238,42905,134313,135092,17877,36055,33883,133019,33704,139052,125489,13,715,12802,139052,16560,79921,18411,143522,19969,133329,47836,28733,64521,128753,47324,17380,46319,65238,42905,134313,135092,17877,36055,33883,133019,33704,139052,125489,13,715,12802,139052,16560,79921,18411,143522,19969,133329,47836,28733,64521,128753,47324,17380,46319,65238,42905,134313,135092,17877,36055,33883,133019,33704,139052,125489,13,715,12802,139052,16560,79921,18411,143522,19969,133329,47836,28733,64521,128753,47324,17380,46319,65238]",37,183,129,146,128,115,13,3.108108108108108,0.1015625,1.0078125,1.140625,1.0,0,0,0.0,{},0,0,0.0,0.0,8.73226672410965e-05,0.9874347914010286,128,13
WIKIPEDIA,P1,ENTROPY_MATCHED_GUARD,261,3b90965ef4b9d67fe7e53d5ddc20e88d80683d5482c2c0773718a077bca16956,8.684369664639235,128,128,True,True,False,"[6790,16560,220,16,24,22,15,126216,66845,19391,73523,126835,133381,13,220,16,24,23,15,126216,66845,19391,26656,84438,84255,17380,129283,144063,79207,230,28626,16560,58677,33861,128013,20401,139052,129044,42039,140210,132499,137750,382,49896,84438,84255,17380,129283,144063,79207,230,28626,20401,127820,135946,715,49896,84438,84255,17380,129283,144063,79207,230,28626,16560,220,16,24,23,15,126216,66845,19391,73523,126835,52300,58677,33861,128013,84255,17380,129283,144063,79207,230,28626,125489,13,58677,33861,128013,84255,17380,129283,144063,79207,230,28626,16560,220,16,24,23,15,126216,66845,19391,73523,126835,52300,58677,33861,128013,84255,17380,129283,144063,79207,230,28626,125489,13,58677,33861,128013,84255,17380]",42,207,129,165,128,106,22,2.5238095238095237,0.171875,1.0078125,1.2890625,1.0,0,0,0.0,{},0,0,0.0,0.0,0.0001016072928905487,1.1243241522461176,128,22
WIKIPEDIA,P1,ENTROPY_MATCHED_GUARD,272,da60401d3bf936d57dd036bdd4dd3252f48a0a44258b3e78042820bf7afba51c,8.13588835299015,128,128,True,True,False,"[31328,65722,102,31079,198,143522,84255,81650,127483,7,37332,2025,1648,143522,19969,85788,47836,28733,136303,140174,52300,130345,126691,31079,20401,130263,128747,198,143522,84255,81650,127483,7,37332,2025,1648,143522,19969,85788,47836,28733,136303,140174,52300,130345,126691,31079,20401,130263,128747,198,143522,84255,81650,127483,7,37332,2025,1648,143522,19969,85788,47836,28733,136303,140174,52300,130345,126691,31079,20401,130263,128747,198,143522,84255,81650,127483,7,37332,2025,1648,143522,19969,85788,47836,28733,136303,140174,52300,130345,126691,31079,20401,130263,128747,198,143522,84255,81650,127483,7,37332,2025,1648,143522,19969,85788,47836,28733,136303,140174,52300,130345,126691,31079,20401,130263,128747,198,143522,84255,81650,127483,7,37332,2025,1648]",38,189,129,151,127,116,11,3.0526315789473686,0.08661417322834646,1.0078125,1.1796875,0.9921875,3,1,0.07894736842105263,"{""2"":1,""3"":2}",15,0,0.0,0.0,0.00015960633754730225,1.0084431115537882,127,11
WIKIPEDIA,P1,ENTROPY_MATCHED_GUARD,276,330bb7258121235058610b4b24c400059f1e825c5fa4d1c4abff4ff74a716b39,8.325622325763106,128,128,True,True,False,"[311,11158,54606,144129,11,220,144138,40,2776,304,10689,144129,11,220,144138,40,2776,304,10689,448,264,11363,144129,11,220,144138,40,2776,304,10689,448,264,11363,320,785,18971,8,144129,11,220,144138,40,2776,304,10689,448,264,11363,320,785,8354,8,144129,11,220,144138,40,2776,304,10689,448,264,11363,320,785,25665,8,144129,11,220,144138,40,2776,304,10689,448,264,11363,320,785,11158,8,144129,11,220,144138,40,2776,304,10689,448,264,11363,320,785,11158,8354,8,144129,11,220,144138,40,2776,304,10689,448,264,11363,320,785,11158,25665,8,144129,11,220,144138,40,2776,304,10689,448,264,11363,320,785,11158]",40,199,129,159,128,115,13,2.875,0.1015625,1.0078125,1.2421875,1.0,1,0,0.025,"{""3"":1}",18,0,0.0,0.0,0.00016328319907188416,1.0528960656374693,128,13
WIKIPEDIA,P1,ENTROPY_MATCHED_GUARD,280,611248ee353add9c5a8bbcc6a1865c60fcd66e2f203859f1183fd41b3682a05a,10.055753469467163,128,128,True,True,False,"[57089,56290,8,129254,47985,129112,13,23872,254,83036,84667,12802,92031,33704,220,16,24,41429,20487,126254,126558,220,17,15,41429,20487,83315,126641,128878,20401,126440,124785,20401,10764,240,235,25715,80968,10764,240,235,25715,131529,17877,55673,37087,17380,61298,126322,56290,17380,11,54825,131293,126712,53680,126322,56290,126712,17877,77353,126299,128552,3315,112,105,125144,82190,23872,254,83036,84667,12802,92031,42039,62107,81676,128900,13,23084,23872,254,83036,84667,12802,92031,33704,220,16,24,15,21,126216,19391,126440,124785,20401,10764,240,235,25715,80968,10764,240,235,25715,131529,17877,55673,37087,17380,61298,126322,56290,17380,11,54825,131293,126712,53680,126322,56290,126712,17877,77353,126299,128552,3315]",53,262,129,209,127,92,35,1.7358490566037736,0.2755905511811024,1.0078125,1.6328125,0.9921875,1,1,0.018867924528301886,"{""3"":1}",3,0,0.0,0.0,0.00014922209084033966,1.4492491129785776,127,35
WIKIPEDIA,P1,ENTROPY_MATCHED_GUARD,283,c380228747cb05d72568be761a862b5f4049c16e61ad0415e970f0cd1ba7d75a,0.15498017519712448,1,1,True,True,True,[151643],1,5,1,4,1,0,1,0.0,1.0,1.0,4.0,1.0,0,0,0.0,{},0,0,0.0,0.0,2.430751919746399e-06,0.026647869497537613,1,1
WIKIPEDIA,P1,ENTROPY_MATCHED_GUARD,284,7df76593cf73265d4568507c5b9894b6f25290f80a7c02317da7c422b45093a1,8.096919493749738,128,128,True,True,False,"[11,4102,144685,4102,24897,144293,89235,57268,11,4102,144685,4102,24897,144293,89235,57268,4102,24897,136133,59698,11,4102,144685,4102,24897,144293,89235,57268,4102,24897,136133,59698,4102,17,11,4102,144685,4102,24897,144293,89235,57268,4102,24897,136133,59698,4102,18,11,4102,144685,4102,24897,144293,89235,57268,4102,24897,136133,59698,4102,19,11,4102,144685,4102,24897,144293,89235,57268,4102,24897,136133,59698,4102,20,11,4102,144685,4102,24897,144293,89235,57268,4102,24897,136133,59698,4102,21,11,4102,144685,4102,24897,144293,89235,57268,4102,24897,136133,59698,4102,22,11,4102,144685,4102,24897,144293,89235,57268,4102,24897,136133,59698,4102,23,11,4102,144685,4102,24897,144293,89235,57268,4102,24897]",38,187,129,149,125,119,6,3.1315789473684212,0.048,1.0078125,1.1640625,0.9765625,3,3,0.07894736842105263,"{""1"":1,""3"":2}",9,0,0.0,0.0,0.00013172440230846405,1.0108217149972916,125,6
WIKIPEDIA,P1,ENTROPY_MATCHED_GUARD,286,92ee651363a0b7be4eb7f7b811613e61255230d8b59da78fa2c8c4a460d25d05,10.129710629582405,128,128,True,True,False,"[59761,49543,125489,382,126346,55054,715,47665,94,33861,16560,220,16,23,41429,20487,70943,126641,19391,136065,42039,40720,133381,13,47665,94,33861,20401,142497,33704,220,16,22,17,23,126216,19391,5140,116,234,50340,40281,83036,19391,125548,19969,136065,42039,40720,126063,34395,11,220,16,22,20,17,126216,19391,5140,45881,131587,50340,24897,19969,136065,42039,40720,134002,13,47665,94,33861,20401,142497,33704,220,16,23,15,21,126216,19391,5140,45881,131587,50340,24897,19969,136065,42039,40720,126063,34395,11,220,16,23,16,17,126216,19391,5140,45881,131587,50340,24897,19969,136065,42039,40720,134002,13,47665,94,33861,20401,142497,33704,220,16,23,17,22,126216,19391,5140,45881]",54,267,129,213,127,91,36,1.6851851851851851,0.28346456692913385,1.0078125,1.6640625,0.9921875,1,1,0.018518518518518517,"{""2"":1}",3,0,0.0,0.0,0.0001493692398071289,1.4321406409144402,127,36
WIKIPEDIA,P1,ENTROPY_MATCHED_GUARD,290,1cfd2dafb5d1659171a4ab7498d4f27d07d3275566a5f1ce8e178b34fa929d49,8.419534988701344,128,128,True,True,False,"[128533,85997,28002,31328,47911,105,145399,11,47911,250,40853,32290,11,124657,57089,11,127819,116,17380,12802,129616,11,5140,225,231,32290,11,5140,225,231,32290,77002,12802,90686,13,4710,137771,40853,32290,33704,138373,20401,64577,40853,40747,238,12802,130092,76337,42039,46319,128909,52300,128900,13,127165,108,57089,85997,133886,54116,126641,42039,128956,140094,130092,76337,138373,85997,28002,131137,54825,60960,126414,128533,85997,28002,31328,47911,105,145399,11,47911,250,40853,32290,11,124657,57089,11,127819,116,17380,12802,129616,11,5140,225,231,32290,11,5140,225,231,32290,77002,12802,90686,13,4710,137771,40853,32290,33704,138373,20401,64577,40853,40747,238,12802,130092,76337,42039,46319,128909,52300,128900]",40,199,129,159,128,115,13,2.875,0.1015625,1.0078125,1.2421875,1.0,0,0,0.0,{},6,0,0.0,0.0,0.00012309476733207703,1.065325966104865,128,13
WIKIPEDIA,P1,ENTROPY_MATCHED_GUARD,293,3c2712ed7fb6af47e0762e50764ee48937bb7fcea980cc8fbc2c8dd390700f8b,9.060630705207586,128,128,True,True,False,"[23084,16560,220,16,24,24,23,126216,19391,36330,250,62275,133381,13,23084,138001,33704,142209,242,230,126291,24897,20401,142497,17877,133828,126204,11,142209,242,230,126291,24897,20401,140890,80573,23084,19391,128605,73986,129382,17877,62071,29326,130705,11,142209,242,230,126291,24897,20401,143005,18411,95617,132612,42905,130213,17877,34143,112,34395,90686,13,23084,138001,33704,142209,242,230,126291,24897,20401,133196,56475,130887,136361,138001,70943,125703,17380,69441,231,19969,130357,132931,11,142209,242,230,126291,24897,20401,142497,17877,133329,42905,5140,41902,132182,129392,133914,12802,130723,382,48606,16560,130005,142209,242,230,126291,24897,20401,133196,56475,130887,136361,58677,126251,70943,125703,17380,69441,231,19969,130357,132931]",45,225,129,180,128,101,27,2.2444444444444445,0.2109375,1.0078125,1.40625,1.0,0,0,0.0,{},0,0,0.0,0.0,0.00010642223060131073,1.1962595637887716,128,27
WIKIPEDIA,P1,ENTROPY_MATCHED_GUARD,302,1059ce196d5193038dadecdec9e75d16cf79f81a9e0f27e45a66818b90751fe1,8.784097822383046,128,128,True,True,False,"[873,17877,126563,33883,125714,21329,23259,18411,125703,141906,62071,92192,42905,130864,125489,13,23084,130864,33704,77353,126702,32077,125625,126321,29281,76337,17877,10764,240,222,53618,130887,130966,40720,42905,130864,125489,13,23084,130864,33704,77353,126702,32077,125625,126321,29281,76337,17877,10764,240,222,53618,130887,130966,40720,42905,130864,125489,382,77353,126702,32077,125625,126321,29281,76337,20401,61298,74808,29281,76337,17877,128772,74808,29281,76337,56475,125714,21329,23259,18411,62071,92192,23573,94315,79302,119,33704,74808,29281,76337,53680,129381,74808,29281,76337,17877,79302,119,16560,130864,125489,13,23084,130864,33704,77353,126702,32077,125625,126321,29281,76337,17877,10764,240,222,53618,130887,130966,40720,42905,130864,125489,382,77353,126702]",43,213,129,170,128,101,27,2.3488372093023258,0.2109375,1.0078125,1.328125,1.0,0,0,0.0,{},4,0,0.0,0.0,0.00014334172010421753,1.14507863111794,128,27
WIKIPEDIA,P1,ENTROPY_MATCHED_GUARD,303,6c6ca9f6938375db235b431a79e41f2981ae95eed18325b4dc24f05cd45e8993,8.325033424422145,128,128,True,True,False,"[222,12802,42905,130864,125489,13,35509,40281,24897,126291,92192,126270,33704,126174,144210,20401,136089,77353,85057,17877,126563,82190,126174,144210,20401,126174,17877,81718,136892,16560,126174,144210,17877,45130,109,33883,126174,144210,17877,46319,65238,42905,130864,125489,13,35509,40281,24897,126291,92192,126270,33704,126174,144210,20401,136089,77353,85057,17877,126563,82190,126174,144210,20401,126174,17877,81718,136892,16560,126174,144210,17877,45130,109,33883,126174,144210,17877,46319,65238,42905,130864,125489,13,35509,40281,24897,126291,92192,126270,33704,126174,144210,20401,136089,77353,85057,17877,126563,82190,126174,144210,20401,126174,17877,81718,136892,16560,126174,144210,17877,45130,109,33883,126174,144210,17877,46319,65238,42905,130864,125489,13,35509,40281,24897,126291,92192]",39,193,129,154,128,115,13,2.948717948717949,0.1015625,1.0078125,1.203125,1.0,0,0,0.0,{},0,0,0.0,0.0,9.765848517417908e-05,1.0466273371130228,128,13
WIKIPEDIA,P1,ENTROPY_MATCHED_GUARD,305,74f554253ba79bf4e2e5705b0ef9bd562044f3411ef308617195b123566222cf,8.04082321189344,128,128,True,True,False,"[23872,121,126299,128836,13,220,16,24,24,19,126216,220,16,128514,220,16,32077,11,220,16,22,41429,20401,37195,62618,17380,220,16,32,56475,5140,41902,144687,128836,13,220,16,24,24,19,126216,220,16,15,128514,220,16,32077,11,220,16,23,41429,20401,37195,62618,17380,220,17,32,56475,5140,41902,144687,128836,13,220,16,24,24,20,126216,220,16,15,128514,220,16,32077,11,220,16,24,41429,20401,37195,62618,17380,220,18,32,56475,5140,41902,144687,128836,13,220,16,24,24,21,126216,220,16,15,128514,220,16,32077,11,220,17,15,41429,20401,37195,62618,17380,220,19,32,56475,5140,41902,144687,128836,13]",37,182,129,145,127,118,9,3.189189189189189,0.07086614173228346,1.0078125,1.1328125,0.9921875,1,1,0.02702702702702703,"{""1"":1}",3,0,0.0,0.0,0.00010644271969795227,0.9950221627950668,127,9
WIKIPEDIA,P1,ENTROPY_MATCHED_GUARD,309,cbdcc7f7c9ea2a88b6404d1d85d5b01144de344e5defa308c1c809d3a04dac43,7.67496582120657,128,128,True,True,False,"[131040,126800,139269,63089,16560,220,17,15,16,23,126216,220,16,128514,220,16,32077,126558,220,17,15,17,15,126216,220,16,17,128514,220,18,16,32077,128878,220,17,126216,62275,130092,126800,130137,131293,129262,52959,29346,18411,143497,51876,624,17,15,16,23,126216,220,16,128514,220,16,32077,126558,220,17,15,17,15,126216,220,16,17,128514,220,18,16,32077,128878,220,17,126216,62275,130092,126800,130137,131293,129262,52959,29346,18411,143497,51876,624,17,15,16,23,126216,220,16,128514,220,16,32077,126558,220,17,15,17,15,126216,220,16,17,128514,220,18,16,32077,128878,220,17,126216,62275,130092,126800,130137,131293,129262,52959,29346]",34,168,129,134,128,123,5,3.6176470588235294,0.0390625,1.0078125,1.046875,1.0,0,0,0.0,{},0,0,0.0,0.0,8.292868733406067e-05,0.9102985840290785,128,5
WIKIPEDIA,P1,ENTROPY_MATCHED_GUARD,318,1ce00a5684b46f97baed96b36816d2f7d8f6dc43818fd073745d5ddd1d171a90,8.56139081530273,128,128,True,True,False,"[126591,29326,16560,126174,29281,88259,126346,42039,26698,20401,142452,23573,12802,126322,32077,129330,13,220,17,15,16,20,126216,220,16,17,128514,220,17,20,32077,11,136905,134990,29326,16560,220,17,15,16,21,126216,220,16,128514,220,16,32077,126558,220,17,15,16,21,126216,220,16,17,128514,220,18,16,32077,128878,220,16,126216,62275,127820,126591,29326,17380,73523,141676,133381,13,220,17,15,16,21,126216,220,16,128514,220,16,32077,126558,220,17,15,16,21,126216,220,16,17,128514,220,18,16,32077,128878,16560,136905,134990,29326,20401,126174,29281,88259,126346,17877,127820,126591,29326,17380,73523,141676,23573,136905,134990,29326,19969,134808,136905,134990]",41,203,129,162,128,103,25,2.5121951219512195,0.1953125,1.0078125,1.265625,1.0,0,0,0.0,{},0,0,0.0,0.0,9.970925748348236e-05,1.0977528430521488,128,25
WIKIPEDIA,P1,ENTROPY_MATCHED_GUARD,320,1f8ebc1a77efe625563e2cb88fdc629da9588b7dc64d346319c0be31c618d509,8.239044170826674,128,128,True,True,False,"[64577,59698,88259,17380,11,129392,16560,64577,59698,88259,11,127820,126591,25715,59698,47985,16560,64577,59698,88259,11,127820,126591,25715,59698,29326,16560,64577,59698,88259,17380,136239,132306,13,64577,59698,88259,16560,64577,59698,88259,17380,136239,132306,13,64577,59698,88259,16560,64577,59698,88259,17380,136239,132306,13,64577,59698,88259,16560,64577,59698,88259,17380,136239,132306,13,64577,59698,88259,16560,64577,59698,88259,17380,136239,132306,13,64577,59698,88259,16560,64577,59698,88259,17380,136239,132306,13,64577,59698,88259,16560,64577,59698,88259,17380,136239,132306,13,64577,59698,88259,16560,64577,59698,88259,17380,136239,132306,13,64577,59698,88259,16560,64577,59698,88259,17380,136239,132306,13,64577,59698,88259,16560,64577,59698]",36,177,129,141,128,121,7,3.361111111111111,0.0546875,1.0078125,1.1015625,1.0,0,0,0.0,{},0,0,0.0,0.0,9.127520024776459e-05,1.0001654010266066,128,7
WIKIPEDIA,P1,ENTROPY_MATCHED_GUARD,324,12f418c81947dbadf106fe231f0af4f2df0235c1a7dea0eea490f95d1ee926b3,9.014838360249996,128,128,True,True,False,"[128901,5140,116,234,50340,128732,20401,60960,126402,48431,131893,31328,5140,116,234,50340,128732,3315,65291,129616,144063,50340,5349,14042,1103,356,562,580,7924,8,20401,60960,126414,139822,42039,65553,238,28002,138630,83277,90686,13,54825,20401,45130,94,128901,5140,116,234,50340,128732,20401,60960,126402,48431,131893,31328,5140,116,234,50340,128732,3315,65291,129616,144063,50340,5349,14042,1103,356,562,580,7924,8,20401,60960,126414,139822,42039,65553,238,28002,138630,83277,90686,13,54825,20401,45130,94,128901,5140,116,234,50340,128732,20401,60960,126402,48431,131893,31328,5140,116,234,50340,128732,3315,65291,129616,144063,50340,5349,14042,1103,356,562,580,7924,8,20401,60960,126414,139822,42039,65553]",42,208,129,166,128,112,16,2.6666666666666665,0.125,1.0078125,1.296875,1.0,0,0,0.0,{},3,0,0.0,0.0,0.0001316908746957779,1.1584584172815084,128,16
WIKIPEDIA,P1,ENTROPY_MATCHED_GUARD,329,7a8b2b90dcf67bc5f67fcf992e58f3120fbf17177d365c60e1ca063ea409b8d2,9.86245564930141,128,128,True,True,False,"[126270,135092,19391,136009,133553,49543,16560,35509,126299,47985,19969,134015,47836,53618,16560,141762,10764,252,62618,68232,26699,129264,129112,13,134084,129093,136913,42905,133553,49543,16560,141762,10764,252,62618,68232,26699,126204,90686,13,129093,136913,42905,133553,49543,20401,49052,10764,252,246,20401,74808,129321,33704,129093,136913,20401,141482,42039,126558,133553,49543,20401,98987,19391,126629,34143,105,50340,21329,137621,129093,136913,42905,133553,49543,20401,141482,19391,68232,26699,42905,10764,252,62618,129093,136913,20401,141482,28754,130939,129112,382,54321,136913,42905,133553,49543,20401,49052,10764,252,246,20401,74808,129321,33704,129093,136913,20401,141482,42039,126558,133553,49543,20401,98987,19391,126629,34143,105,50340,21329,137621,129093,136913,42905,133553]",49,242,129,193,128,96,32,1.9591836734693877,0.25,1.0078125,1.5078125,1.0,0,0,0.0,{},0,0,0.0,0.0,0.0001300554722547531,1.347635556012392,128,32
WIKIPEDIA,P1,ENTROPY_MATCHED_GUARD,330,eda994a06370fe22b619699aeae6101f1d6bd07a32f51dbe1fbdd32939421e1f,9.028623335063457,128,128,True,True,False,"[132377,11,129093,125512,28754,33704,129093,136913,17877,128956,133553,49543,19969,129093,136913,17877,53900,21329,135201,90686,32290,11,129093,136913,17877,53900,125476,16560,10764,252,246,42039,68232,26699,42905,10764,252,246,125489,13,129093,136913,17877,128956,133553,49543,19969,129093,136913,17877,53900,21329,135201,90686,32290,11,129093,136913,17877,53900,125476,16560,10764,252,246,42039,68232,26699,42905,10764,252,246,125489,13,129093,136913,17877,128956,133553,49543,19969,129093,136913,17877,53900,21329,135201,90686,32290,11,129093,136913,17877,53900,125476,16560,10764,252,246,42039,68232,26699,42905,10764,252,246,125489,13,129093,136913,17877,128956,133553,49543,19969,129093,136913,17877,53900,21329,135201,90686,32290,11,129093,136913,17877,53900]",42,210,129,168,128,109,19,2.5952380952380953,0.1484375,1.0078125,1.3125,1.0,0,0,0.0,{},0,0,0.0,0.0,0.00010547041893005371,1.1571491286158562,128,19
WIKIPEDIA,P1,ENTROPY_MATCHED_GUARD,331,3aeeeaa3723cf26d44c58fb3d0abd786eafd8f56463ffc26819fc5be14967063,8.510778851807117,128,128,True,True,False,"[49543,42905,128584,130651,11,126310,83036,168,77047,18411,54116,126641,42039,134585,58677,129695,144091,130864,17877,73523,126835,42905,128900,13,23084,16560,126310,83036,168,77047,20401,139052,129044,56290,18411,130039,126310,83036,168,77047,58677,129695,144091,17877,40720,42905,129304,84255,81650,127483,17877,126310,83036,168,77047,58677,129695,144091,42039,81718,136892,16560,128584,130651,11,126310,83036,168,77047,58677,129695,144091,17877,40720,42905,84255,81650,127483,17877,134585,58677,129695,144091,130864,42039,81718,136892,16560,128900,13,23084,16560,126310,83036,168,77047,58677,129695,144091,17877,40720,42905,84255,81650,127483,17877,134585,58677,129695,144091,130864,42039,81718,136892,16560,128584,130651,11,126310,83036,168,77047,58677,129695,144091,17877,40720,42905]",39,192,129,153,128,112,16,2.871794871794872,0.125,1.0078125,1.1953125,1.0,0,0,0.0,{},0,0,0.0,0.0,9.481050074100494e-05,1.070754811167717,128,16
WIKIPEDIA,P1,ENTROPY_MATCHED_GUARD,337,ac4c1053ad71d1efd9119f691eba70315f6610a8341e2c138fcd6271f454ed1c,8.163935555145144,128,128,True,True,False,"[124970,130999,87425,135201,11,126799,20401,47818,125991,53680,138704,19391,124970,130999,136305,128900,13,20136,247,35530,33704,47818,126251,124632,80968,11,130592,80968,11,53435,56290,80968,11,28927,105,28002,80968,85997,31328,19391,136009,126440,129321,17877,83596,16560,13146,13,20136,247,35530,33704,47818,126251,124632,80968,11,130592,80968,11,53435,56290,80968,11,28927,105,28002,80968,85997,31328,19391,136009,126440,129321,17877,83596,16560,13146,13,20136,247,35530,33704,47818,126251,124632,80968,11,130592,80968,11,53435,56290,80968,11,28927,105,28002,80968,85997,31328,19391,136009,126440,129321,17877,83596,16560,13146,13,20136,247,35530,33704,47818,126251,124632,80968,11,130592,80968,11,53435,56290,80968,11,28927,105]",36,178,129,142,128,117,11,3.25,0.0859375,1.0078125,1.109375,1.0,0,0,0.0,{},0,0,0.0,0.0,9.093619883060455e-05,0.9957962930202484,128,11
WIKIPEDIA,P1,ENTROPY_MATCHED_GUARD,349,48b8de27ed6f821caa4ae4139e69b140f6275965beebbe7a876876464a234348,7.98806413076818,128,128,True,True,False,"[124517,12802,95996,129062,23573,131937,42039,11,27767,105,125522,127165,108,124517,12802,95996,129062,23573,131937,42039,11,27767,105,125522,127165,108,124517,12802,95996,129062,23573,131937,42039,11,27767,105,125522,127165,108,124517,12802,95996,129062,23573,131937,42039,11,27767,105,125522,127165,108,124517,12802,95996,129062,23573,131937,42039,11,27767,105,125522,127165,108,124517,12802,95996,129062,23573,131937,42039,11,27767,105,125522,127165,108,124517,12802,95996,129062,23573,131937,42039,11,27767,105,125522,127165,108,124517,12802,95996,129062,23573,131937,42039,11,27767,105,125522,127165,108,124517,12802,95996,129062,23573,131937,42039,11,27767,105,125522,127165,108,124517,12802,95996,129062,23573,131937,42039,11,27767,105,125522]",35,172,129,137,128,123,5,3.5142857142857142,0.0390625,1.0078125,1.0703125,1.0,0,0,0.0,{},0,0,0.0,0.0,8.674897253513336e-05,0.9649724159389734,128,5
WIKIPEDIA,P1,ENTROPY_MATCHED_GUARD,352,a98de64ba20c4145cb29f470fd3c39dfa4a1f5bc637eb567d9f1f78f7dca098d,8.295414766296744,128,128,True,True,False,"[116,12802,18411,135513,95218,16560,139052,20487,126270,33704,139107,135898,382,56039,33861,20401,28927,255,127475,79716,20401,83556,198,56039,33861,20401,28927,255,127475,79716,20401,83556,33704,220,16,15,12,24,76,125489,13,23084,16560,220,16,15,15,15,15,15,15,15,15,79716,20401,220,16,76,125489,13,23084,16560,220,16,15,15,15,15,15,15,15,15,79716,20401,220,16,76,12802,220,16,15,15,15,15,15,15,15,15,79716,20401,220,16,76,12802,220,16,15,15,15,15,15,15,15,15,79716,20401,220,16,76,12802,220,16,15,15,15,15,15,15,15,15,79716,20401,220,16,76,12802,220,16]",37,183,129,146,127,115,12,3.108108108108108,0.09448818897637795,1.0078125,1.140625,0.9921875,1,1,0.02702702702702703,"{""2"":1}",3,0,0.0,0.0,0.00012880191206932068,1.0241444539278746,127,12
WIKIPEDIA,P1,ENTROPY_MATCHED_GUARD,355,9d78fae9f4b84a8d2f1fb301fad3e6b1fa8f12fdde56526f83104a6c8165a612,10.191881101578474,128,128,True,True,False,"[23,126216,220,16,15,128514,220,16,32077,128605,125496,124785,36055,63089,19969,74361,250,131529,20487,17380,124973,131777,87737,23573,136331,17380,128605,125496,124785,20401,125466,76337,124973,20487,17380,40720,130357,90686,624,86372,131529,135854,220,16,24,16,17,126216,65510,125519,62071,16,66845,74884,243,126429,126337,12802,74361,250,131529,20487,20401,129392,126246,17877,62071,29281,82190,40720,126063,127378,11,220,16,24,16,24,126216,65510,125519,62071,17,66845,74884,243,36055,125535,26699,12802,74361,250,131529,20487,20401,129392,126246,17877,87737,82190,40720,134002,13,220,16,24,19,23,126216,220,16,15,128514,220,16,32077,128605,125496,124785,36055,63089,19969,74361,250,131529,20487,17380,124973]",51,254,129,203,128,93,35,1.8235294117647058,0.2734375,1.0078125,1.5859375,1.0,0,0,0.0,{},0,0,0.0,0.0,0.00012579932808876038,1.4029100462794304,128,35
WIKIPEDIA,P1,ENTROPY_MATCHED_GUARD,356,574092f95e772799300592bc8b9cd124a94b33fdba07d8195ecbb5534d2f4552,7.973172688856721,128,128,True,True,False,"[144262,11,54248,132947,12802,24897,11,135420,28002,140891,57852,124781,11,135420,28002,140891,128618,129150,11,135420,28002,140891,57852,124781,11,135420,28002,140891,128618,129150,11,135420,28002,140891,57852,124781,11,135420,28002,140891,128618,129150,11,135420,28002,140891,57852,124781,11,135420,28002,140891,128618,129150,11,135420,28002,140891,57852,124781,11,135420,28002,140891,128618,129150,11,135420,28002,140891,57852,124781,11,135420,28002,140891,128618,129150,11,135420,28002,140891,57852,124781,11,135420,28002,140891,128618,129150,11,135420,28002,140891,57852,124781,11,135420,28002,140891,128618,129150,11,135420,28002,140891,57852,124781,11,135420,28002,140891,128618,129150,11,135420,28002,140891,57852,124781,11,135420,28002,140891,128618,129150,11,135420]",35,172,129,137,128,123,5,3.5142857142857142,0.0390625,1.0078125,1.0703125,1.0,0,0,0.0,{},0,0,0.0,0.0,8.629076182842255e-05,0.9613430444151163,128,5
WIKIPEDIA,P1,ENTROPY_MATCHED_GUARD,359,b508a40cc2349a0fe0806b6fc57cd80700b0a565c997b08a56065d26dc6b173a,8.4749605525285,128,128,True,True,False,"[85251,84255,81650,53442,144276,139957,31079,125489,13,73986,54330,143279,47665,254,12802,125545,33704,220,16,24,24,21,126216,220,16,15,128514,220,16,32077,19391,142234,133381,13,73986,54330,143279,47665,254,12802,125545,33704,220,16,24,24,22,126216,220,16,15,128514,220,16,32077,19391,95577,12802,81133,17380,43590,126445,28626,73986,54330,143279,141767,144293,89235,57268,220,21,13,15,19391,133970,133381,13,73986,54330,143279,47665,254,12802,125545,33704,220,16,24,24,23,126216,220,16,15,128514,220,16,32077,19391,95577,12802,81133,17380,43590,126445,28626,73986,54330,143279,141767,144293,89235,57268,220,21,13,20,19391,133970,133381,13,73986,54330,143279,47665,254,12802]",38,190,129,152,128,113,15,2.973684210526316,0.1171875,1.0078125,1.1875,1.0,1,0,0.02631578947368421,"{""2"":1}",3,0,0.0,0.0,0.00012548454105854034,1.0478789899498224,128,15
WIKIPEDIA,P1,ENTROPY_MATCHED_GUARD,363,a85cc0943047464894a50eff3d8216ecefee637248e76e49b6bc458480227bb5,8.81338358297944,128,128,True,True,False,"[60960,126414,128533,131698,16560,126310,65865,124632,11,47818,28002,124632,11,47818,86372,124632,11,47818,126251,124632,11,28927,105,28002,124632,11,130592,124632,11,58677,97929,124632,11,53435,56290,124632,11,139957,31079,124632,11,136608,124632,11,48364,254,124632,11,136994,124632,11,43115,37087,124632,11,125714,124632,11,125714,125880,11,95617,125880,11,125714,89235,31079,124632,11,125714,89235,31079,11,125714,89235,31079,124632,11,125714,89235,31079,11,125714,89235,31079,124632,11,125714,89235,31079,11,125714,89235,31079,124632,11,125714,89235,31079,11,125714,89235,31079,124632,11,125714,89235,31079,11,125714,89235,31079,124632,11,125714,89235,31079,11,125714,89235,31079,124632,11,125714,89235,31079,11,125714]",41,203,129,162,128,103,25,2.5121951219512195,0.1953125,1.0078125,1.265625,1.0,0,0,0.0,{},0,0,0.0,0.0,9.885616600513458e-05,1.1278622075915337,128,25
WIKIPEDIA,P1,ENTROPY_MATCHED_GUARD,365,1e1c070b1bef2ab6e396aacad9bcf73b98a4d981786498898ae24776ee73b710,8.693640932440758,128,128,True,True,False,"[143964,125569,67511,126251,47985,133970,51876,13,138266,125569,67511,126251,20401,142497,33704,125569,67511,128739,126270,19391,136009,62071,23573,128841,125569,67511,126251,53680,138266,139844,57801,126563,12802,143964,125569,67511,126251,20401,58777,79716,17877,130345,133085,125511,53900,20487,130039,62071,29281,133381,13,138266,125569,67511,126251,20401,142497,33704,125569,67511,128739,126270,19391,136009,62071,23573,128841,125569,67511,126251,53680,138266,139844,57801,126563,12802,143964,125569,67511,126251,20401,58777,79716,17877,130345,133085,125511,53900,20487,130039,62071,29281,133381,382,25715,125522,125569,67511,126251,20401,142497,33704,125569,67511,128739,126270,19391,136009,62071,23573,128841,125569,67511,126251,53680,138266,139844,57801,126563,12802,143964,125569,67511,126251,20401,58777,79716,17877]",40,198,129,158,128,113,15,2.825,0.1171875,1.0078125,1.234375,1.0,0,0,0.0,{},0,0,0.0,0.0,9.804591536521912e-05,1.1009992081671953,128,15
WIKIPEDIA,P1,ENTROPY_MATCHED_GUARD,368,5a0cca804af9a4ba6291e79c3501702339667f91c37e1faee815f787fa38faf0,9.42382681928575,128,128,True,True,False,"[126216,220,16,128514,19391,142209,242,230,43590,24897,84255,17380,144644,28626,17380,142209,242,230,43590,24897,126291,126445,28626,144025,31079,54116,125880,129640,61741,56041,40,8,19391,77002,49664,128836,13,220,17,15,15,18,126216,220,16,17,128514,220,16,32077,142209,242,230,34992,44680,242,120,24897,220,16,13,16,13,16,86831,65865,12802,36330,250,29326,133245,127378,11,220,17,15,15,19,126216,220,16,128514,220,16,32077,142209,242,230,34992,44680,242,120,24897,220,16,13,16,13,17,86831,65865,12802,36330,250,29326,133381,13,220,17,15,15,19,126216,220,16,17,128514,220,16,32077,142209,242,230,34992,44680,242,120,24897]",45,225,129,180,128,100,28,2.2222222222222223,0.21875,1.0078125,1.40625,1.0,0,0,0.0,{},0,0,0.0,0.0,0.0001131594181060791,1.24186772108078,128,28
WIKIPEDIA,P1,ENTROPY_MATCHED_GUARD,377,a817644700090caea23a3c2c6afa118462716027a9c1c7d7ed0ea3df63fac4d3,7.955827720463276,128,128,True,True,False,"[239,130765,80901,128555,60716,144120,130939,129112,13,60716,144120,33704,143522,44518,24897,127649,20401,63332,126246,17877,45710,129640,42905,126174,80901,17380,11,143522,44518,24897,127649,20401,63332,126246,17877,45710,129640,42905,126174,80901,17380,11,143522,44518,24897,127649,20401,63332,126246,17877,45710,129640,42905,126174,80901,17380,11,143522,44518,24897,127649,20401,63332,126246,17877,45710,129640,42905,126174,80901,17380,11,143522,44518,24897,127649,20401,63332,126246,17877,45710,129640,42905,126174,80901,17380,11,143522,44518,24897,127649,20401,63332,126246,17877,45710,129640,42905,126174,80901,17380,11,143522,44518,24897,127649,20401,63332,126246,17877,45710,129640,42905,126174,80901,17380,11,143522,44518,24897,127649,20401,63332,126246,17877,45710,129640,42905]",34,170,129,136,126,123,3,3.6176470588235294,0.023809523809523808,1.0078125,1.0625,0.984375,2,2,0.058823529411764705,"{""3"":2}",9,0,0.0,0.0,0.00012572109699249268,0.9392469059675932,126,3
WIKIPEDIA,P1,ENTROPY_MATCHED_GUARD,379,c3be02a96658456b9b332ff2276bc76869acd89913d1a352517429db045a3eb6,8.768028555437922,128,128,True,True,False,"[198,55054,65865,20401,142497,33704,138373,56475,130887,137769,135513,138097,13146,13,138373,20401,32129,65865,33704,220,16,24,41429,20487,126254,19391,95996,65865,134002,13,220,16,24,41429,20487,126254,19391,138373,20401,32129,65865,33704,220,16,24,41429,20487,126254,19391,95996,65865,134002,13,220,16,24,41429,20487,126254,19391,138373,20401,32129,65865,33704,220,16,24,41429,20487,126254,19391,95996,65865,134002,13,220,16,24,41429,20487,126254,19391,138373,20401,32129,65865,33704,220,16,24,41429,20487,126254,19391,95996,65865,134002,13,220,16,24,41429,20487,126254,19391,138373,20401,32129,65865,33704,220,16,24,41429,20487,126254,19391,95996,65865,134002,13,220,16,24,41429,20487,126254]",40,197,129,157,128,114,14,2.85,0.109375,1.0078125,1.2265625,1.0,0,0,0.0,{},0,0,0.0,0.0,0.00010067969560623169,1.12056147120893,128,14
WIKIPEDIA,P1,ENTROPY_MATCHED_GUARD,383,de4d7317db0d123b62d11d4054f21ac25ac9bf587da630a45768512c83a0dea4,8.56851315125823,128,128,True,True,False,"[8,129615,84255,81650,127483,12802,220,16,24,23,15,126216,66845,83315,126641,19391,36330,250,29326,133245,127378,11,54825,136331,17380,129875,129547,144074,84255,81650,127483,12802,36330,250,29326,133381,13,220,16,24,24,15,126216,66845,83315,126641,126377,220,18,35,84255,81650,127483,12802,130966,36330,250,29326,133245,33509,60315,11,220,16,24,24,15,126216,66845,70943,126641,126558,16560,220,17,35,84255,81650,127483,12802,220,18,35,84255,81650,127483,129885,126366,130966,36330,250,29326,133381,13,220,17,15,15,15,126216,66845,83315,126641,126377,220,18,35,84255,81650,127483,12802,131170,220,17,35,84255,81650,127483,129885,126366,130966,36330,250,29326,133381,13,220,17]",39,195,129,156,127,111,16,2.8461538461538463,0.12598425196850394,1.0078125,1.21875,0.9921875,1,1,0.02564102564102564,"{""3"":1}",3,0,0.0,0.0,0.00012605637311935425,1.0707159209996462,127,16
WIKIPEDIA,P1,ENTROPY_MATCHED_GUARD,390,551f0cde62b24efd28188d421b8d9710de200ba46730550fc05ddf0247d95417,8.273924130946398,128,128,True,True,False,"[29346,142496,220,90486,26698,129419,47665,94,33861,220,74884,222,220,136541,20401,141767,144033,50340,144238,33704,139107,131050,36055,20401,132306,382,57026,20487,26698,220,143861,242,47665,94,33861,220,74884,222,220,136541,20401,126804,47985,125489,13,23084,16560,47665,94,33861,220,74884,222,220,136541,20401,66136,80968,125489,13,23084,16560,47665,94,33861,220,74884,222,220,136541,20401,66136,80968,17877,135513,95218,16560,139052,20487,126270,125489,13,23084,16560,47665,94,33861,220,74884,222,220,136541,20401,66136,80968,17877,135513,95218,16560,139052,20487,126270,125489,13,23084,16560,47665,94,33861,220,74884,222,220,136541,20401,66136,80968,17877,135513,95218,16560,139052,20487,126270,125489,13,23084,16560]",37,183,129,146,128,116,12,3.135135135135135,0.09375,1.0078125,1.140625,1.0,0,0,0.0,{},0,0,0.0,0.0,9.046308696269989e-05,1.0220418684184551,128,12
WIKIPEDIA,P1,ENTROPY_MATCHED_GUARD,396,abb335de51d31387c63a9a045ea94a0f1439e0a032137e2c746ec9bd8e70f35c,9.892312530428171,128,128,True,True,False,"[246,17877,3315,116,94,29281,134002,13,60985,245,246,98801,11,129419,56419,16186,136541,20401,126352,28002,19969,220,16,15,130609,132376,251,19969,126559,10764,252,246,33704,220,16,15,15,130609,129423,43590,136305,129337,142300,134002,13,23084,16560,129419,56419,16186,136541,20401,126352,28002,19969,62071,144238,19391,63757,70582,131000,136305,129337,132989,51876,13,23084,16560,3315,123,101,144371,20401,126785,135092,42039,36055,28002,133381,382,144561,144371,126785,135092,20401,28733,76337,715,144561,144371,126785,135092,33704,139107,131050,139053,132306,382,57026,20487,26698,220,143861,242,129419,56419,16186,136541,20401,126352,28002,11,220,143861,242,129419,56419,16186,20401,56419,16186,131837,11,220,143861,242,56419,16186]",49,242,129,193,127,93,34,1.8979591836734695,0.2677165354330709,1.0078125,1.5078125,0.9921875,2,1,0.04081632653061224,"{""3"":2}",12,0,0.0,0.0,0.00017467699944972992,1.3567171469330788,127,34
WIKIPEDIA,P1,ENTROPY_MATCHED_GUARD,398,7b4e03ef0e2398942f3f8414702a8f67fe8e5878b2023b70b0b18a3ffbe9f84f,8.151508139446378,128,128,True,True,False,"[94,33861,125489,13,143861,242,139052,32290,362,45710,20401,126785,125519,144814,33861,125489,13,143861,242,139052,32290,362,45710,20401,48108,112,80968,125489,13,143861,242,139052,32290,362,45710,20401,126785,125519,144814,33861,20401,66136,80968,125489,13,143861,242,139052,32290,362,45710,20401,48108,112,80968,125489,13,143861,242,139052,32290,362,45710,20401,126785,125519,144814,33861,125489,13,143861,242,139052,32290,362,45710,20401,48108,112,80968,125489,13,143861,242,139052,32290,362,45710,20401,126785,125519,144814,33861,125489,13,143861,242,139052,32290,362,45710,20401,48108,112,80968,125489,13,143861,242,139052,32290,362,45710,20401,126785,125519,144814,33861,125489,13,143861,242,139052,32290,362,45710,20401,48108]",36,179,129,143,128,119,9,3.3055555555555554,0.0703125,1.0078125,1.1171875,1.0,0,0,0.0,{},0,0,0.0,0.0,8.905865252017975e-05,0.9886743258684874,128,9
WIKIPEDIA,P1,ENTROPY_MATCHED_GUARD,417,e2b8ecbe9a4a8665d1751c0fa4decc91fc307eeea7c23384236c695b827b5d2c,10.049742970615625,128,128,True,True,False,"[52959,16560,74361,250,52959,127559,7,100521,110865,11,28860,16576,8,17877,131582,85403,129439,138020,126440,126345,17877,83596,16560,13146,13,54969,131347,97929,16560,220,16,24,24,15,126216,66845,19391,142300,52300,5140,45881,144305,52959,84667,28002,129616,20401,54969,131347,97929,31328,330,52959,125548,144745,131131,60315,54969,131347,97929,7,109192,102377,102176,21515,9940,18411,62071,128792,126204,16560,220,16,24,24,15,126216,66845,136331,19391,142300,52300,54969,131347,97929,16560,130593,5140,45881,144305,52959,84667,28002,129616,19391,127166,34395,90686,13,54969,131347,97929,16560,220,16,24,24,15,126216,66845,19391,142300,52300,5140,45881,144305,52959,84667,28002,129616,20401,54969,131347,97929,31328,330,52959,125548]",50,250,129,200,127,92,35,1.84,0.2755905511811024,1.0078125,1.5625,0.9921875,2,1,0.04,"{""2"":1,""3"":1}",9,0,0.0,0.0,0.0001736115664243698,1.3745236322283745,127,35
WIKIPEDIA,P1,ENTROPY_MATCHED_GUARD,418,12b68832d675fba33005ec5a16f5eb7e1f60f992b7b4308221b15535df1d2f9d,8.017194310203195,128,128,True,True,False,"[128836,13,126322,126251,124632,20401,142497,33704,220,16,23,41429,20487,70943,126641,19391,133396,128836,13,126322,126251,124632,20401,142497,33704,220,16,23,41429,20487,70943,126641,19391,133396,128836,13,126322,126251,124632,20401,142497,33704,220,16,23,41429,20487,70943,126641,19391,133396,128836,13,126322,126251,124632,20401,142497,33704,220,16,23,41429,20487,70943,126641,19391,133396,128836,13,126322,126251,124632,20401,142497,33704,220,16,23,41429,20487,70943,126641,19391,133396,128836,13,126322,126251,124632,20401,142497,33704,220,16,23,41429,20487,70943,126641,19391,133396,128836,13,126322,126251,124632,20401,142497,33704,220,16,23,41429,20487,70943,126641,19391,133396,128836,13,126322,126251,124632,20401,142497,33704,220]",35,173,129,138,128,123,5,3.5142857142857142,0.0390625,1.0078125,1.078125,1.0,0,0,0.0,{},0,0,0.0,0.0,8.706189692020416e-05,0.9677107520401478,128,5
WIKIPEDIA,P1,ENTROPY_MATCHED_GUARD,425,1f8e12a4832f83d55af0bafb40de4f70e8921cf86581761e2bc02335a2f62c9e,8.12726072408259,128,128,True,True,False,"[198,16,24,15,22,126216,77353,131529,198,16,24,15,22,126216,137116,198,16,24,15,22,126216,55838,250,50340,125544,198,16,24,15,22,126216,53435,124632,143586,198,16,24,15,22,126216,53435,124632,143586,198,16,24,15,22,126216,53435,124632,143586,198,16,24,15,22,126216,53435,124632,143586,198,16,24,15,22,126216,53435,124632,143586,198,16,24,15,22,126216,53435,124632,143586,198,16,24,15,22,126216,53435,124632,143586,198,16,24,15,22,126216,53435,124632,143586,198,16,24,15,22,126216,53435,124632,143586,198,16,24,15,22,126216,53435,124632,143586,198,16,24,15,22,126216,53435,124632,143586,198,16,24,15]",36,179,129,143,128,121,7,3.361111111111111,0.0546875,1.0078125,1.1171875,1.0,0,0,0.0,{},3,0,0.0,0.0,0.00010891817510128021,0.9923939667642117,128,7
WIKIPEDIA,P1,ENTROPY_MATCHED_GUARD,436,9e085b274373dc949c59950806708598a22d36aa98941eba97ca4ffffc414f8d,8.396117869764566,128,128,True,True,False,"[124632,56475,126440,31079,124632,142220,17380,129242,125545,134002,13,54825,16560,220,16,24,20,15,126216,66845,126558,220,16,24,21,15,126216,66845,128878,126440,124785,20401,60960,124632,56475,126440,31079,124632,142220,17380,129242,125545,126063,127378,11,220,16,24,21,15,126216,66845,126558,220,16,24,22,15,126216,66845,128878,16560,126440,124785,20401,60960,124632,56475,126440,31079,124632,142220,17380,129242,125545,134002,13,54825,16560,220,16,24,20,15,126216,66845,126558,220,16,24,21,15,126216,66845,128878,126440,124785,20401,60960,124632,56475,126440,31079,124632,142220,17380,129242,125545,126063,127378,11,220,16,24,21,15,126216,66845,126558,220,16,24,22,15,126216,66845,128878,16560]",38,187,129,149,128,115,13,3.026315789473684,0.1015625,1.0078125,1.1640625,1.0,0,0,0.0,{},0,0,0.0,0.0,9.372085332870483e-05,1.0468733683228493,128,13
WIKIPEDIA,P1,ENTROPY_MATCHED_GUARD,437,105f270d0d3f5a9473a847111f2f361b51070d524177b0cd41864be23b1f9d7e,7.864256354048848,128,128,True,True,False,"[66845,11,134312,117,21329,126321,11,32129,127559,11,127165,108,131893,11,32129,127559,11,32129,127559,11,32129,127559,11,32129,127559,11,32129,127559,11,32129,127559,11,32129,127559,11,32129,127559,11,32129,127559,11,32129,127559,11,32129,127559,11,32129,127559,11,32129,127559,11,32129,127559,11,32129,127559,11,32129,127559,11,32129,127559,11,32129,127559,11,32129,127559,11,32129,127559,11,32129,127559,11,32129,127559,11,32129,127559,11,32129,127559,11,32129,127559,11,32129,127559,11,32129,127559,11,32129,127559,11,32129,127559,11,32129,127559,11,32129,127559,11,32129,127559,11,32129,127559,11,32129,127559,11,32129,127559,11,32129,127559,11,32129,127559,11,32129,127559,11]",34,168,129,134,128,124,4,3.6470588235294117,0.03125,1.0078125,1.046875,1.0,0,0,0.0,{},0,0,0.0,0.0,8.472055196762085e-05,0.936427989974618,128,4
WIKIPEDIA,P1,ENTROPY_MATCHED_GUARD,438,8a712f52f519e4dc8ba1ca2f1856de55ddf960821a409fa43baca307df51a3ff,8.363379251211882,128,128,True,True,False,"[124905,11,23084,16560,65510,55902,20401,48364,247,132526,57089,126251,12802,37064,94,21329,17380,23084,57089,132537,5140,120,230,19969,76497,109,144106,33883,83277,26698,47818,133507,132091,57835,29281,132306,13,23084,16560,65510,55902,20401,48364,247,132526,57089,126251,12802,37064,94,21329,17380,23084,57089,132537,5140,120,230,19969,76497,109,144106,33883,83277,26698,47818,133507,132091,57835,29281,132306,13,23084,16560,65510,55902,20401,48364,247,132526,57089,126251,12802,37064,94,21329,17380,23084,57089,132537,5140,120,230,19969,76497,109,144106,33883,83277,26698,47818,133507,132091,57835,29281,132306,13,23084,16560,65510,55902,20401,48364,247,132526,57089,126251,12802,37064,94,21329,17380,23084,57089,132537,5140,120,230]",37,185,129,148,128,116,12,3.135135135135135,0.09375,1.0078125,1.15625,1.0,0,0,0.0,{},3,0,0.0,0.0,0.0001156684011220932,1.023336322978139,128,12
WIKIPEDIA,P1,ENTROPY_MATCHED_GUARD,439,9fe03a076b73e5be9d163899ef8c6ef62fe0cd601832f9519105fe3b71b7694d,8.317598702386022,128,128,True,True,False,"[93672,133553,144639,144548,17380,133553,126299,56475,5140,244,254,13146,83036,124905,11,5140,120,230,19969,129400,125068,23573,43115,138924,31079,97929,129885,126366,5140,117,254,125548,57801,85413,222,125545,32077,28733,90686,13,77353,138924,31079,97929,16560,5140,120,230,19969,129400,125068,23573,43115,138924,31079,97929,129885,126366,5140,117,254,125548,57801,85413,222,125545,32077,28733,90686,13,77353,138924,31079,97929,16560,5140,120,230,19969,129400,125068,23573,43115,138924,31079,97929,129885,126366,5140,117,254,125548,57801,85413,222,125545,32077,28733,90686,13,77353,138924,31079,97929,16560,5140,120,230,19969,129400,125068,23573,43115,138924,31079,97929,129885,126366,5140,117,254,125548,57801,85413,222,125545,32077,28733]",37,184,129,147,128,118,10,3.189189189189189,0.078125,1.0078125,1.1484375,1.0,0,0,0.0,{},0,0,0.0,0.0,9.259767830371857e-05,1.0194528177380562,128,10
WIKIPEDIA,P1,ENTROPY_MATCHED_GUARD,441,cdb8487a6b25b394fc06a27eb5a9333148c77151699c39fef85c1e3423cda388,8.184159116819501,128,128,True,True,False,"[1323,4744,68,340,126429,129510,31079,126299,320,50,874,652,340,126429,129510,31079,126337,320,50,874,652,340,126429,129510,31079,126337,320,50,874,652,340,126429,129510,31079,126337,320,50,874,652,340,126429,129510,31079,126337,320,50,874,652,340,126429,129510,31079,126337,320,50,874,652,340,126429,129510,31079,126337,320,50,874,652,340,126429,129510,31079,126337,320,50,874,652,340,126429,129510,31079,126337,320,50,874,652,340,126429,129510,31079,126337,320,50,874,652,340,126429,129510,31079,126337,320,50,874,652,340,126429,129510,31079,126337,320,50,874,652,340,126429,129510,31079,126337,320,50,874,652,340,126429,129510,31079,126337,320,50,874]",35,172,129,137,128,122,6,3.4857142857142858,0.046875,1.0078125,1.0703125,1.0,0,0,0.0,{},3,0,0.0,0.0,0.00010470673441886902,0.9815605767071247,128,6
WIKIPEDIA,P1,ENTROPY_MATCHED_GUARD,442,f307875caa0ce15287edf8ff61aae8de086e7d0e07d01f45be0f494906408d73,8.29381531663239,128,128,True,True,False,"[59761,20401,5140,117,101,62275,77226,5140,117,245,136999,12802,90686,13,5140,117,245,136999,33704,220,16,59761,20401,5140,117,245,136999,12802,220,17,59761,20401,5140,117,245,136999,12802,220,18,59761,20401,5140,117,245,136999,12802,220,19,59761,20401,5140,117,245,136999,12802,220,20,59761,20401,5140,117,245,136999,12802,220,21,59761,20401,5140,117,245,136999,12802,220,22,59761,20401,5140,117,245,136999,12802,220,23,59761,20401,5140,117,245,136999,12802,220,24,59761,20401,5140,117,245,136999,12802,220,16,15,59761,20401,5140,117,245,136999,12802,220,16,16,59761,20401,5140,117,245,136999,12802,220,16,17,59761,20401,5140,117,245]",36,178,129,142,128,119,9,3.3055555555555554,0.0703125,1.0078125,1.109375,1.0,0,0,0.0,{},3,0,0.0,0.0,0.0001040138304233551,1.0126369781792164,128,9
WIKIPEDIA,P1,ENTROPY_MATCHED_GUARD,445,b3887c832b1cfd2401ab846dd9cf22a1d9febe2fef78e848990a952304644082,9.346184592694044,128,128,True,True,False,"[126345,53680,129624,132064,20401,129624,52959,84667,28002,129616,60716,126246,125519,17877,5140,239,246,60294,144385,48408,125548,144745,131131,60315,16560,129624,52959,84667,28002,129616,60960,144399,20401,129624,63089,19391,140210,16235,94,34395,90686,13,129624,132064,42039,16560,129624,52959,84667,28002,129616,60716,126246,125519,17877,126629,23084,24897,135807,83036,24897,60716,126246,125519,17877,126629,23084,24897,135807,83036,24897,60716,126246,125519,17877,126629,23084,24897,135807,83036,24897,60716,126246,125519,17877,126629,23084,24897,135807,83036,24897,60716,126246,125519,17877,126629,23084,24897,135807,83036,24897,60716,126246,125519,17877,126629,23084,24897,135807,83036,24897,60716,126246,125519,17877,126629,23084,24897,135807,83036,24897,60716,126246,125519,17877,126629,23084,24897]",44,218,129,174,128,104,24,2.3636363636363638,0.1875,1.0078125,1.359375,1.0,0,0,0.0,{},0,0,0.0,0.0,0.0001040138304233551,1.2278034426271915,128,24
WIKIPEDIA,P1,ENTROPY_MATCHED_GUARD,447,f1ec5ceb7b902f067abd34cb3ced4d29c7c3c8b5a463af0387492ffdf5a1d56a,10.01424659602344,128,128,True,True,False,"[128901,125466,17877,10764,250,246,126923,125548,127451,95996,17877,126563,82190,125466,17877,85413,222,125545,31328,13146,13,125466,17877,10764,250,246,126923,125548,16560,129274,10764,236,246,139287,131131,145329,53680,129381,49052,18411,62071,128792,126204,16560,125466,17877,10764,250,246,126923,125548,16560,129274,10764,250,246,126923,125548,16560,129296,23259,20401,36978,116,17877,85413,222,125545,12802,21329,50696,52959,47985,130723,13,125466,17877,10764,250,246,126923,125548,16560,129296,23259,16560,125466,17877,10764,250,246,126923,125548,16560,45130,111,42039,36978,116,17877,85413,222,125545,32077,28733,90686,13,125466,17877,10764,250,246,126923,125548,16560,129296,23259,16560,125466,17877,10764,250,246,126923,125548,16560,45130,111]",49,243,129,194,128,93,35,1.8979591836734695,0.2734375,1.0078125,1.515625,1.0,0,0,0.0,{},0,0,0.0,0.0,0.0001172926276922226,1.3671597819775343,128,35
WIKIPEDIA,P1,ENTROPY_MATCHED_GUARD,451,3905fa6c12ad356e1b7e416e7024ad5414d051e7fa3ac57e77b51537058f61f1,10.132157759740949,128,128,True,True,False,"[65306,17877,131417,34395,90686,13,3315,118,238,60315,13146,20401,134013,16560,38523,101,125166,28002,57268,130788,10764,228,254,14942,57160,228,254,125489,13,3315,118,238,60315,13146,20401,124973,20487,31328,3315,118,238,60315,13146,124973,20487,126377,220,16,18,59761,20401,10764,251,108,77226,73669,77226,20401,126440,126346,12802,90686,13,23084,16560,220,16,18,59761,20401,55673,17380,139647,83277,90686,13,3315,118,238,60315,13146,20401,124973,20487,126377,220,16,18,59761,20401,10764,251,108,77226,73669,77226,20401,126440,126346,12802,90686,13,23084,16560,220,16,18,59761,20401,55673,17380,139647,83277,90686,13,3315,118,238,60315,13146,20401,124973,20487,126377,220,16,18,59761]",50,247,129,197,128,97,31,1.94,0.2421875,1.0078125,1.5390625,1.0,0,0,0.0,{},0,0,0.0,0.0,0.00012167543172836304,1.3973414730280638,128,31
WIKIPEDIA,P1,ENTROPY_MATCHED_GUARD,456,54f43ac293a04c42908a36eee40f34785a71a90b8a74dd3d27e6fad4b09425a6,8.405886229127645,128,128,True,True,False,"[5140,231,112,138081,56475,48364,104,84621,83666,5140,254,230,12802,126781,19969,51917,133381,624,220,16,24,15,15,126216,481,5140,231,112,138081,56475,48364,104,84621,83666,5140,254,230,12802,126781,19969,51917,133381,624,220,16,24,15,16,126216,481,5140,231,112,138081,56475,48364,104,84621,83666,5140,254,230,12802,126781,19969,51917,133381,624,220,16,24,15,17,126216,481,5140,231,112,138081,56475,48364,104,84621,83666,5140,254,230,12802,126781,19969,51917,133381,624,220,16,24,15,18,126216,481,5140,231,112,138081,56475,48364,104,84621,83666,5140,254,230,12802,126781,19969,51917,133381,624,220,16,24,15,19,126216,481,5140,231,112]",37,183,129,146,127,119,8,3.2162162162162162,0.06299212598425197,1.0078125,1.140625,0.9921875,1,1,0.02702702702702703,"{""1"":1}",9,0,0.0,0.0,0.00015653669834136963,1.0369579251855612,127,8
WIKIPEDIA,P1,ENTROPY_MATCHED_GUARD,460,a2dfd950c0404d8f8ee21e0224aaf4ad450e8f9d157cbd279b6f909447324bb5,8.170304510742426,128,128,True,True,False,"[15,15,126216,481,132662,20401,220,19,21,137104,55673,19969,37064,57160,225,222,54330,19969,97143,125761,624,220,16,24,15,16,126216,481,132662,20401,220,19,22,137104,55673,19969,5140,231,112,138081,54330,19969,97143,125761,624,220,16,24,15,17,126216,481,132662,20401,220,19,23,137104,55673,19969,5140,231,112,126781,21329,54330,19969,97143,125761,624,220,16,24,15,18,126216,481,132662,20401,220,19,24,137104,55673,19969,5140,231,112,138081,54330,19969,97143,125761,624,220,16,24,15,19,126216,481,132662,20401,220,20,15,137104,55673,19969,5140,231,112,138081,54330,19969,97143,125761,624,220,16,24,15,20,126216,481,132662,20401,220]",35,174,129,139,128,122,6,3.4857142857142858,0.046875,1.0078125,1.0859375,1.0,0,0,0.0,{},0,0,0.0,0.0,9.301677346229553e-05,0.9822614453732967,128,6
