workload,pair,variant,prompt_id,prompt_hash,prompt_wall_seconds,output_tokens,reference_tokens,exact_output_match,exact_stopping_position_match,eos_terminated,output_token_ids_json,rounds,draft_forward_calls,target_forward_calls,draft_tokens_proposed,target_proposal_positions_verified,accepted_draft_tokens,rejected_draft_tokens,mean_accepted_tokens_per_verification_call,rejection_rate,target_forward_calls_per_output_token,draft_tokens_proposed_per_output_token,target_proposal_positions_verified_per_output_token,guard_triggered_rounds,guard_applied_rounds,guard_activation_rate,guard_position_histogram_json,candidate_positions_checked,invalid_candidate_positions,invalid_or_ambiguous_candidate_fraction,morphology_detection_seconds,controller_seconds,draft_resynchronization_seconds,valid_event_count,verified_rejection_count
WIKIPEDIA,P1,ALL_MORPH_BOUNDARY_GUARD,2,797505ae1b9daad7f72e4ec78649ee5c230e0b80e2c7cf9e7dd1754b77586537,9.311062946915627,128,128,True,True,False,"[58034,23259,11,5140,45881,48606,133738,54330,58034,23259,77002,33704,28733,124632,25715,126253,36055,20401,23573,58034,23259,125489,13,23084,128901,28733,124632,25715,126253,36055,20401,23573,28733,124632,58034,23259,20401,130263,128747,125489,13,28733,124632,25715,126253,36055,20401,23573,28733,124632,58034,23259,16560,28733,124632,25715,126253,36055,20401,23573,28733,124632,58034,23259,20401,130263,128747,125489,382,23259,124632,58034,23259,16560,28733,124632,25715,126253,36055,20401,23573,28733,124632,58034,23259,20401,130263,128747,125489,13,28733,124632,25715,126253,36055,20401,23573,28733,124632,58034,23259,16560,28733,124632,25715,126253,36055,20401,23573,28733,124632,58034,23259,20401,130263,128747,125489,382,23259,124632,58034,23259,16560,28733,124632,25715,126253,36055]",45,221,129,176,116,101,15,2.2444444444444445,0.12931034482758622,1.0078125,1.375,0.90625,12,12,0.26666666666666666,"{""1"":5,""2"":3,""3"":4}",131,12,0.0916030534351145,0.1754351407289505,0.17642882466316223,1.2176884058862925,116,15
WIKIPEDIA,P1,ALL_MORPH_BOUNDARY_GUARD,6,b717150f2140809a605917cd483b5520b2bedffdc4f920b00e847502f59638a7,8.647957967594266,128,128,True,True,False,"[254,135375,139957,31079,31328,48364,112,145333,31079,19969,40720,132306,13,48364,112,145333,31079,16560,5140,253,105,29326,52959,31079,80573,16560,34143,105,28002,11,5140,253,105,29326,52959,31079,129885,126366,129875,95996,48431,12802,90686,13,48364,112,145333,31079,16560,5140,253,105,29326,52959,31079,129885,126366,129875,95996,48431,12802,90686,13,48364,112,145333,31079,16560,5140,253,105,29326,52959,31079,129885,126366,129875,95996,48431,12802,90686,13,48364,112,145333,31079,16560,5140,253,105,29326,52959,31079,129885,126366,129875,95996,48431,12802,90686,13,48364,112,145333,31079,16560,5140,253,105,29326,52959,31079,129885,126366,129875,95996,48431,12802,90686,13,48364,112,145333,31079,16560,5140,253,105]",40,197,129,157,124,113,11,2.825,0.08870967741935484,1.0078125,1.2265625,0.96875,4,4,0.1,"{""2"":1,""3"":3}",117,28,0.23931623931623933,0.22231221199035645,0.2231226395815611,1.0709180012345314,124,11
WIKIPEDIA,P1,ALL_MORPH_BOUNDARY_GUARD,10,5e0217e4766f7d31c3235279415acc9f7531070ba0e9a1341f20e4548b34b9f1,8.544775048270822,128,128,True,True,False,"[129296,69923,52300,23084,57132,79632,135138,20401,64795,94315,41671,19969,60960,88781,17877,10764,236,120,144172,13146,13,23084,60960,125519,33704,220,17,15,15,17,126216,220,16,17,128514,220,16,24,32077,134952,35711,32077,19391,130847,134828,13146,13,23084,60960,125519,33704,220,17,15,15,17,126216,220,16,17,128514,220,16,24,32077,134952,35711,32077,19391,130847,134828,13146,13,23084,60960,125519,33704,220,17,15,15,17,126216,220,16,17,128514,220,16,24,32077,134952,35711,32077,19391,130847,134828,13146,13,23084,60960,125519,33704,220,17,15,15,17,126216,220,16,17,128514,220,16,24,32077,134952,35711,32077,19391,130847,134828,13146,13,23084,60960,125519]",39,194,129,155,128,113,15,2.8974358974358974,0.1171875,1.0078125,1.2109375,1.0,0,0,0.0,{},116,18,0.15517241379310345,0.13697504624724388,0.13773341104388237,1.0552255026996136,128,15
WIKIPEDIA,P1,ALL_MORPH_BOUNDARY_GUARD,12,c19aed6dbcf30bd095af697a46be1dee55182021e5676427019ada91e0eece53,9.100841902196407,128,128,True,True,False,"[80573,56419,80901,95617,125880,19391,132182,126440,129321,17877,83596,33704,54825,16560,220,16,24,21,15,126216,66845,126558,220,16,24,23,15,126216,66845,128878,73986,89235,57268,48408,28626,80573,56419,80901,95617,125880,17877,55673,35711,23573,126932,49543,17380,40720,134002,13,54825,20401,143586,33704,220,16,24,21,15,126216,66845,126558,220,16,24,23,15,126216,66845,128878,132662,11,136293,11,138373,11,130092,77002,56419,133196,56475,56419,29326,133381,13,54825,20401,143586,33704,220,16,24,21,15,126216,66845,126558,220,16,24,23,15,126216,66845,128878,132662,11,136293,11,138373,11,130092,77002,56419,133196,56475,56419,29326,133381,13,54825,20401,143586,33704,220,16,24,21]",43,214,129,171,126,105,21,2.441860465116279,0.16666666666666666,1.0078125,1.3359375,0.984375,3,2,0.06976744186046512,"{""2"":3}",128,12,0.09375,0.15936602652072906,0.1602789219468832,1.1626385543495417,126,21
WIKIPEDIA,P1,ALL_MORPH_BOUNDARY_GUARD,14,b09103b0fed93b2a08c8a60416bd62c824f1c8739e4d15215597bdfa283c105c,8.014618629589677,128,128,True,True,False,"[125496,78125,56290,124785,62071,16,20,66845,124973,125054,139748,129296,92192,56475,130508,29281,33704,12802,125834,125519,64119,13146,624,220,17,15,16,17,126216,481,128605,125496,124785,62071,16,23,66845,136774,129296,92192,56475,22042,243,125722,135508,94315,41671,19969,125834,125519,64119,13146,624,220,17,15,16,18,126216,481,128605,125496,124785,62071,16,24,66845,136774,129296,92192,56475,22042,243,125722,135508,94315,41671,19969,125834,125519,64119,13146,624,220,17,15,16,19,126216,481,128605,125496,124785,62071,17,15,66845,136774,129296,92192,56475,22042,243,125722,135508,94315,41671,19969,125834,125519,64119,13146,624,220,17,15,16,20,126216,481,128605,125496,124785,62071,17,16,66845,136774]",35,173,129,138,128,123,5,3.5142857142857142,0.0390625,1.0078125,1.078125,1.0,0,0,0.0,{},103,8,0.07766990291262135,0.14626488089561462,0.14697957038879395,0.9463772773742676,128,5
WIKIPEDIA,P1,ALL_MORPH_BOUNDARY_GUARD,15,1d6f54d208ecd5b298ab185f509258a752a31db923fc3dc011fb469d5e2fa205,8.726148566231132,128,128,True,True,False,"[624,220,17,15,15,20,126216,481,5140,116,234,50340,128732,56475,220,16,24,24,24,126216,19391,133396,23573,10764,236,246,126746,139963,63089,56475,23872,247,129616,144018,66790,85251,53680,129381,134313,129439,20401,66790,85251,12802,133396,128836,624,220,17,15,15,21,126216,481,5140,116,234,50340,128732,56475,220,16,24,24,24,126216,19391,133396,23573,10764,236,246,126746,139963,63089,56475,23872,247,129616,144018,66790,85251,53680,129381,134313,129439,20401,66790,85251,12802,133396,128836,624,220,17,15,15,22,126216,481,5140,116,234,50340,128732,56475,220,16,24,24,24,126216,19391,133396,23573,10764,236,246,126746,139963,63089,56475,23872,247,129616,144018,66790,85251]",40,200,129,160,127,113,14,2.825,0.11023622047244094,1.0078125,1.25,0.9921875,1,1,0.025,"{""1"":1}",120,18,0.15,0.15408016741275787,0.15485796332359314,1.0806655418127775,127,14
WIKIPEDIA,P1,ALL_MORPH_BOUNDARY_GUARD,23,68d0ac96052328deac48f37c0c5eb37288f1bfd449c5956851242783136973bc,9.480295361950994,128,128,True,True,False,"[97,12802,126246,44518,66845,20401,135392,130592,80968,141526,136854,49367,126746,34395,90686,13,23084,143586,33704,136293,53435,124632,20401,60960,126414,67511,42039,11,136115,10764,245,97,12802,126246,44518,66845,20401,53435,56290,80573,130592,18411,126720,63332,57026,129044,13146,13,4710,12802,143586,33704,220,16,15,15,23,126216,19391,136065,42039,73518,130000,94315,11,220,16,15,16,15,126216,19391,131170,36330,250,62275,133381,13,136331,220,16,15,16,17,126216,11,220,16,15,16,19,126216,11,220,16,15,16,21,126216,11,220,16,15,16,23,126216,11,220,16,15,17,15,126216,11,220,16,15,17,17,126216,11,220,16,15,17,19,126216,11]",47,229,129,183,125,101,24,2.148936170212766,0.192,1.0078125,1.4296875,0.9765625,4,3,0.0851063829787234,"{""1"":3,""3"":1}",136,20,0.14705882352941177,0.16904860734939575,0.170036431401968,1.2691767234355211,125,24
WIKIPEDIA,P1,ALL_MORPH_BOUNDARY_GUARD,25,885c927bcb1d5ce2b8363034837213ac67985834d26af9d124d11efb506d3c30,10.178361436352134,128,128,True,True,False,"[42039,142234,134002,13,134664,58034,66845,126605,33704,70943,28754,12802,5140,117,230,78125,62275,20401,58777,92817,18411,137525,29326,136387,5140,117,230,78125,62275,17877,10764,250,246,31079,144045,132920,141526,136854,133828,51876,13,23084,141526,55902,33704,5140,117,230,78125,62275,20401,58777,92817,19969,70943,28754,20401,68232,26699,17877,83596,16560,133553,49543,20401,98987,18411,135763,42905,5140,41902,126440,129321,17877,125714,131344,13146,13,134664,58034,66845,126605,33704,70943,28754,12802,5140,117,230,78125,62275,20401,58777,92817,18411,137525,29326,136387,5140,117,230,78125,62275,17877,10764,250,246,31079,144045,132920,141526,136854,133828,51876,13,23084,141526,55902,33704,5140,117,230,78125,62275,20401,58777,92817,19969]",51,255,129,204,123,94,29,1.8431372549019607,0.23577235772357724,1.0078125,1.59375,0.9609375,7,5,0.13725490196078433,"{""1"":2,""2"":3,""3"":2}",153,37,0.24183006535947713,0.2490295022726059,0.2501542530953884,1.370795950293541,123,29
WIKIPEDIA,P1,ALL_MORPH_BOUNDARY_GUARD,30,e2174e89d7b358d83745cfcf8a8ceb0e49cce30a68b33581f9ec83f6cd937960,8.069386921823025,128,128,True,True,False,"[481,5140,45881,12802,28626,198,37195,62618,21329,28002,52959,481,5140,45881,12802,28626,198,37195,62618,21329,28002,52959,481,5140,45881,12802,28626,198,37195,62618,21329,28002,52959,481,5140,45881,12802,28626,198,37195,62618,21329,28002,52959,481,5140,45881,12802,28626,198,37195,62618,21329,28002,52959,481,5140,45881,12802,28626,198,37195,62618,21329,28002,52959,481,5140,45881,12802,28626,198,37195,62618,21329,28002,52959,481,5140,45881,12802,28626,198,37195,62618,21329,28002,52959,481,5140,45881,12802,28626,198,37195,62618,21329,28002,52959,481,5140,45881,12802,28626,198,37195,62618,21329,28002,52959,481,5140,45881,12802,28626,198,37195,62618,21329,28002,52959,481,5140,45881,12802,28626,198,37195]",36,178,129,142,119,116,3,3.2222222222222223,0.025210084033613446,1.0078125,1.109375,0.9296875,10,9,0.2777777777777778,"{""3"":10}",106,12,0.11320754716981132,0.133804090321064,0.13444537110626698,0.9659678917378187,119,3
WIKIPEDIA,P1,ALL_MORPH_BOUNDARY_GUARD,37,c29340ed2ae27ab126dd406338e9a57ef447f4766929d8e35a4d27ebfcc92819,8.999294176697731,128,128,True,True,False,"[76337,12802,128677,126702,51876,624,320,125545,124546,32831,8,23084,13146,624,320,125545,124546,32831,8,23084,13146,382,126952,125511,11,23084,13146,382,29281,28002,715,125625,48364,112,70582,144100,126445,49367,126524,76337,33704,139107,129381,128677,128732,17877,35509,85251,13146,382,220,15,125625,48364,112,70582,144100,126445,49367,126524,76337,33704,220,16,125489,624,220,16,125625,48364,112,70582,144100,126445,49367,126524,76337,33704,220,125489,624,220,17,125625,48364,112,70582,144100,126445,49367,126524,76337,33704,220,125489,624,220,18,125625,48364,112,70582,144100,126445,49367,126524,76337,33704,220,125489,624,220,19,125625,48364,112,70582,144100,126445,49367,126524,76337,33704,220,125489,624,220,20]",42,207,129,165,128,111,17,2.642857142857143,0.1328125,1.0078125,1.2890625,1.0,0,0,0.0,{},123,49,0.3983739837398374,0.307734964415431,0.3086367528885603,1.1265434809029102,128,17
WIKIPEDIA,P1,ALL_MORPH_BOUNDARY_GUARD,38,b7b3fb2d5cc49283768b73a1a3a01cbcfe8ff4be11d3ded869508d8bb0db300a,9.176666636019945,128,128,True,True,False,"[16,20,29326,220,24,79716,33704,220,16,20,29326,220,24,79716,220,20,24,132618,8,17877,54116,128061,42905,49052,47985,90686,13,220,16,24,23,23,126216,126558,54969,12802,20401,37195,254,17877,54116,128061,42905,140888,19969,130847,28002,34395,90686,13,220,16,24,23,23,126216,126558,54969,12802,20401,37195,254,17877,54116,128061,42905,140888,19969,130847,28002,34395,90686,13,220,16,24,23,23,126216,126558,54969,12802,20401,37195,254,17877,54116,128061,42905,140888,19969,130847,28002,34395,90686,13,220,16,24,23,23,126216,126558,54969,12802,20401,37195,254,17877,54116,128061,42905,140888,19969,130847,28002,34395,90686,13,220,16,24,23,23,126216,126558,54969,12802]",44,218,129,174,121,107,14,2.4318181818181817,0.11570247933884298,1.0078125,1.359375,0.9453125,7,7,0.1590909090909091,"{""1"":4,""2"":3}",130,23,0.17692307692307693,0.18816893361508846,0.1891297921538353,1.1863353364169598,121,14
WIKIPEDIA,P1,ALL_MORPH_BOUNDARY_GUARD,39,fe3005394dbe0cf116fce01833e3e0671dbbb1a93556793ad6d4079244e0a9a4,9.607222888618708,128,128,True,True,False,"[55054,31328,126785,135092,33704,127165,120,126317,128909,20401,125674,46319,53680,125674,126804,17877,130593,135420,130689,53618,11,125674,126804,20401,3315,65291,55054,31328,17877,58777,42905,5140,41902,130612,40720,132306,382,29281,20401,715,134088,126317,128909,19360,20401,125674,46319,20401,40771,116,12802,18411,264,11,293,11,272,129254,53900,25715,13,125674,126804,20401,3315,65291,55054,31328,33704,126804,20401,60960,126667,19391,128605,3315,65291,55054,31328,125489,13,132377,11,126804,362,20401,3315,65291,55054,31328,33704,264,19391,128605,3315,65291,55054,31328,125489,13,134084,3315,65291,55054,31328,126785,135092,33704,139107,131050,3315,241,116,28733,90686,382,57026,20487,26698,7960,362,11,7960,425,11,7960,356,16560]",47,234,129,187,125,94,31,2.0,0.248,1.0078125,1.4609375,0.9765625,4,3,0.0851063829787234,"{""1"":2,""2"":1,""3"":1}",140,19,0.1357142857142857,0.22640566155314445,0.22755492478609085,1.2592092920094728,125,31
WIKIPEDIA,P1,ALL_MORPH_BOUNDARY_GUARD,57,b1000e7789bb5594b44a39ec3ac92a4f23a5ca9c242124976697937513c89bb7,0.8052185326814651,13,13,True,True,True,"[198,34395,66845,142103,128753,56290,198,34395,66845,142103,98358,124546,151643]",4,18,13,16,13,12,1,3.0,0.07692307692307693,1.0,1.2307692307692308,1.0,0,0,0.0,{},12,3,0.25,0.006388343870639801,0.006430046632885933,0.10674808733165264,13,1
WIKIPEDIA,P1,ALL_MORPH_BOUNDARY_GUARD,59,ca6f5928103dac851a87e3ed232c404a3005faba2f2c41a4805b20484304bc20,8.918283069506288,128,128,True,True,False,"[31328,125206,124781,18411,125686,125548,34395,11,79302,239,32831,25715,7,107184,8,20401,49052,16560,10764,236,246,125548,56039,12,52959,31328,144018,125166,31328,125206,124781,18411,125686,125548,16560,128900,13,63332,130640,33704,141767,144355,12802,220,15,11,220,16,11,220,17,11,220,18,11,2503,77002,36055,23259,31328,38150,25715,125489,13,63332,130640,33704,63332,24897,12,52959,31328,144018,125166,31328,125206,124781,18411,125686,125548,16560,38150,25715,125489,13,63332,130640,33704,141767,144355,12802,220,15,11,220,16,11,220,17,11,220,18,11,2503,77002,36055,23259,31328,38150,25715,125489,13,63332,130640,33704,63332,24897,12,52959,31328,144018,125166,31328,125206,124781,18411,125686,125548]",40,197,129,157,125,114,11,2.85,0.088,1.0078125,1.2265625,0.9765625,3,3,0.075,"{""1"":1,""2"":2}",117,9,0.07692307692307693,0.15715928561985493,0.15805860795080662,1.1822433359920979,125,11
WIKIPEDIA,P1,ALL_MORPH_BOUNDARY_GUARD,62,ff420f60d7c131547b1234f039faa25fdcfcec5494ecaff872d10b47fc0fe16a,10.101688787341118,128,128,True,True,False,"[125522,31328,28754,126785,135092,17877,62071,29326,128836,13,23084,138001,33704,5140,231,112,94152,20401,48364,254,124632,80968,32129,34395,80573,45130,120,124632,80968,142300,17877,82619,128747,23573,48364,254,124632,80968,32129,34395,20401,60960,126414,128533,32129,131000,17380,11,140577,131573,124632,20401,28733,124632,80968,129093,133886,62071,29326,128836,13,23084,138001,33704,45130,120,124632,80968,130864,126605,17877,129413,92817,130705,11,140577,141526,136854,28733,124632,128552,133828,42905,130864,126605,17877,62071,29326,128836,13,23084,138001,33704,45130,120,124632,80968,130864,126605,20401,54116,132618,18411,49367,21329,126551,132182,54116,57026,18411,10764,244,19946,382,12802,138001,33704,5140,231,112,94152,20401,48364,254,124632,80968,32129,34395]",50,250,129,200,126,91,35,1.82,0.2777777777777778,1.0078125,1.5625,0.984375,4,2,0.08,"{""2"":4}",150,26,0.17333333333333334,0.22383908927440643,0.2249827329069376,1.354960285127163,126,35
WIKIPEDIA,P1,ALL_MORPH_BOUNDARY_GUARD,65,3aa0309b093897c5914bfb2abc9f73ea8f76665d50650a1aa875ab2bb8d0374b,8.976004518568516,128,128,True,True,False,"[54321,220,17,20401,49052,11,5140,45881,131587,50340,24897,74808,29281,76337,33704,139107,135898,382,57026,20487,26698,220,143861,242,5140,45881,131587,50340,24897,77353,85057,25715,125489,13,23084,74808,29281,76337,33704,220,17,125625,54321,56475,72553,36055,20401,64119,124905,11,220,18,125625,54321,129889,139107,131050,3315,241,116,28733,90686,382,57026,20487,26698,220,143861,242,5140,45881,131587,50340,24897,77353,85057,25715,125489,382,33883,715,125625,54321,220,17,20401,49052,11,5140,45881,131587,50340,24897,74808,29281,76337,20401,60716,16560,139107,135898,382,57026,20487,26698,220,143861,242,5140,45881,131587,50340,24897,77353,85057,25715,125489,13,23084,74808,29281,76337,33704,220,17,125625,54321,56475]",42,209,129,167,126,106,20,2.5238095238095237,0.15873015873015872,1.0078125,1.3046875,0.984375,2,2,0.047619047619047616,"{""2"":1,""3"":1}",125,27,0.216,0.175229761749506,0.17615379393100739,1.1375392191112041,126,20
WIKIPEDIA,P1,ALL_MORPH_BOUNDARY_GUARD,72,381f681c69818a5a7efe7cac9427e3e8ca308c64996249d07248883d6d8ed8e7,9.890772499144077,128,128,True,True,False,"[38150,132343,136089,38150,25715,17380,11,70943,28754,33704,136089,38150,25715,80573,58034,47324,67511,26699,17877,128956,98927,12802,21329,38150,25715,17380,133828,132306,13,139052,129044,54070,128909,33704,220,16,24,22,15,126216,66845,19391,73523,126835,133245,127378,11,220,16,24,22,24,126216,19391,5140,116,234,50340,93672,11,10764,236,246,125548,56039,11,90711,112,125548,125544,83036,19969,23084,126605,128552,132376,251,79632,133381,13,139052,129044,54070,128909,33704,220,16,24,23,15,126216,66845,19391,60985,245,246,128552,85322,128844,133381,13,139052,129044,54070,128909,33704,220,16,24,24,15,126216,66845,19391,23084,126605,128552,74884,226,65865,125511,133828,133381,13,139052,129044,54070,128909]",49,243,129,194,125,94,31,1.9183673469387754,0.248,1.0078125,1.515625,0.9765625,5,3,0.10204081632653061,"{""2"":2,""3"":3}",145,24,0.16551724137931034,0.2321118637919426,0.23323008231818676,1.3243147563189268,125,31
WIKIPEDIA,P1,ALL_MORPH_BOUNDARY_GUARD,75,5d2695c9e3ae2233b64821217d03b39e7cffc10228f9ef60492171d81108a140,8.883481848984957,128,128,True,True,False,"[94203,85057,126559,16751,239,28754,12802,130723,13,133553,49543,20401,139052,32290,19391,68232,26699,42905,10764,252,246,33704,139052,32290,19391,68232,26699,42905,10764,252,246,20401,20136,102,42039,94203,85057,47836,28733,90686,13,133553,49543,20401,139052,32290,19391,68232,26699,42905,10764,252,246,20401,20136,102,33704,139052,32290,19391,68232,26699,42905,10764,252,246,20401,20136,102,20401,20136,102,42039,94203,85057,47836,28733,90686,13,133553,49543,20401,139052,32290,19391,68232,26699,42905,10764,252,246,20401,20136,102,20401,20136,102,33704,139052,32290,19391,68232,26699,42905,10764,252,246,20401,20136,102,20401,20136,102,20401,20136,102,42039,94203,85057,47836,28733,90686,13,133553,49543,20401,139052,32290]",41,205,129,164,123,108,15,2.6341463414634148,0.12195121951219512,1.0078125,1.28125,0.9609375,5,5,0.12195121951219512,"{""1"":3,""2"":2}",123,23,0.18699186991869918,0.17809399031102657,0.17901261895895004,1.111243136227131,123,15
WIKIPEDIA,P1,ALL_MORPH_BOUNDARY_GUARD,87,ab49ee7ec290023611d27bbb6e2f99f6f161b4ac2b8a54abb40da2be6da7a278,8.510230408981442,128,128,True,True,False,"[133381,382,4710,12802,45563,33704,220,16,24,23,23,126216,220,16,15,128514,220,16,23,32077,62071,17,20,125625,6159,8795,56475,136646,20401,45563,42039,36055,20401,133381,382,4710,12802,45563,33704,220,16,24,21,15,126216,220,16,17,128514,220,16,21,32077,62071,17,18,125625,6159,8795,56475,136646,20401,45563,42039,36055,20401,133381,382,4710,12802,45563,33704,220,16,24,19,21,126216,220,16,15,128514,220,16,23,32077,62071,17,16,125625,6159,8795,56475,136646,20401,45563,42039,36055,20401,133381,382,4710,12802,45563,33704,220,16,24,17,22,126216,220,16,15,128514,220,17,24,32077,62071,16,24,125625,6159,8795,56475,136646,20401]",39,193,129,154,128,110,18,2.8205128205128207,0.140625,1.0078125,1.203125,1.0,1,0,0.02564102564102564,"{""3"":1}",115,17,0.14782608695652175,0.11802534386515617,0.11892906203866005,1.0565675348043442,128,18
WIKIPEDIA,P1,ALL_MORPH_BOUNDARY_GUARD,93,c5c150337feebd119d5efc460ee0707f7f9c8ee6200e12ccb9063e7098842a8e,9.043686304241419,128,128,True,True,False,"[20401,36055,20401,56475,40720,23573,28733,53955,33704,124970,126440,126346,56475,28733,144180,51876,13,23084,28733,53955,33704,124970,126440,126346,56475,28733,144180,87425,72553,11,23084,28733,53955,33704,124970,126440,126346,56475,28733,144180,87425,137764,13,134084,56983,72553,62071,125166,58440,16560,124970,126440,126346,56475,36055,20401,132306,382,28002,72553,62071,125166,58440,16560,139107,129381,128677,128732,17877,35509,85251,13146,382,56983,72553,62071,125166,58440,16560,124970,126440,126346,56475,36055,20401,132306,624,56983,72553,62071,125166,58440,16560,124970,126440,126346,56475,28733,144180,51876,624,56983,72553,62071,125166,58440,16560,124970,126440,126346,56475,28733,144180,87425,137764,624,56983,72553,62071,125166,58440,16560,124970,126440,126346,56475,28733,144180]",43,212,129,169,125,105,20,2.441860465116279,0.16,1.0078125,1.3203125,0.9765625,4,3,0.09302325581395349,"{""1"":1,""2"":2,""3"":1}",126,9,0.07142857142857142,0.1923775151371956,0.19340130873024464,1.159515181556344,125,20
WIKIPEDIA,P1,ALL_MORPH_BOUNDARY_GUARD,94,49d5088a6e56a83ec93a510a0fe88a470e9cef589935fd8a18fc5f4598a2b004,9.360463101416826,128,128,True,True,False,"[126605,80968,58777,92817,18411,133828,66425,130039,65699,234,126414,124781,18411,40720,42905,49052,19969,126735,13146,13,95617,18411,129901,11,124657,54330,126605,80968,58777,92817,18411,133828,66425,130039,124657,54330,18411,220,18,125625,54321,142496,42039,54070,142713,136849,126204,11,124657,54330,18411,220,19,125625,54321,142496,42039,54070,142713,136849,42905,49052,19969,90686,13,23084,49052,11,220,18,125625,54321,142496,20401,65699,234,126414,124781,18411,220,19,125625,54321,142496,20401,65699,234,126414,124781,17380,130729,40853,42905,130864,17877,40720,51876,13,23084,80573,129381,130864,17877,40720,82190,11,220,19,125625,54321,142496,20401,65699,234,126414,124781,18411,220,20,125625,54321,142496,20401,65699,234,126414,124781,17380]",45,222,129,177,121,101,20,2.2444444444444445,0.1652892561983471,1.0078125,1.3828125,0.9453125,7,7,0.15555555555555556,"{""1"":2,""2"":4,""3"":1}",132,18,0.13636363636363635,0.18587408773601055,0.18696864880621433,1.2238875534385443,121,20
WIKIPEDIA,P1,ALL_MORPH_BOUNDARY_GUARD,95,c83288390c8dc2ea157c0b693874741fcd4e806740aa9e777c30eb0752af7203,9.215014984831214,128,128,True,True,False,"[28626,142496,33704,139107,129381,128677,128732,17877,62107,129704,51876,382,74884,226,70582,126352,28002,142496,125489,624,481,95218,80968,142496,125489,624,481,127121,63154,142496,125489,624,481,138724,142496,125489,382,144327,132947,125548,28626,142496,20401,36055,20401,16560,220,16,24,17,15,126216,66845,19391,3315,227,108,125548,125548,10764,252,238,132947,125548,28626,19969,62071,29326,134002,13,10764,252,238,132947,125548,28626,142496,33704,220,16,24,17,15,126216,66845,19391,3315,227,108,125548,125548,10764,252,238,132947,125548,28626,19969,62071,29326,134002,13,10764,252,238,132947,125548,28626,142496,33704,220,16,24,17,15,126216,66845,19391,3315,227,108,125548,125548,10764,252,238,132947,125548]",44,217,129,173,124,103,21,2.340909090909091,0.1693548387096774,1.0078125,1.3515625,0.96875,4,4,0.09090909090909091,"{""1"":2,""2"":1,""3"":1}",129,22,0.17054263565891473,0.23314609192311764,0.2341265995055437,1.188270641490817,124,21
WIKIPEDIA,P1,ALL_MORPH_BOUNDARY_GUARD,96,1d2f32035de1110dd4c9cc7bc36a487da84007dac5a1239491bc49123023b0af,9.743742695078254,128,128,True,True,False,"[13,23084,16560,79302,239,25715,126346,124632,20401,136089,129093,28002,70943,125703,17380,11,79302,239,25715,126346,124632,20401,129304,141526,55902,33704,23084,129093,28002,19391,136009,133828,131396,28733,90686,13,79302,239,25715,126346,124632,33704,220,16,24,17,15,126216,66845,19391,95996,65865,126063,127378,11,220,16,24,17,22,126216,19391,48408,31328,144018,125166,31328,11,81718,17380,89235,11,5140,116,234,17380,81133,72553,11,3315,123,254,125548,142852,77002,12802,129676,95996,65865,134002,13,79302,239,25715,126346,124632,33704,79302,239,25715,126346,124632,20401,136089,129093,28002,70943,125703,17380,11,79302,239,25715,126346,124632,20401,129304,141526,55902,33704,23084,129093,28002,19391,136009,133828,131396,28733]",46,228,129,182,128,100,28,2.1739130434782608,0.21875,1.0078125,1.421875,1.0,0,0,0.0,{},136,78,0.5735294117647058,0.4115532021969557,0.4125799797475338,1.2492092158645391,128,28
WIKIPEDIA,P1,ALL_MORPH_BOUNDARY_GUARD,97,a545b1d196c946ca4aa4cabfa9b6f9d8b25117470bd7ecb26e3e7d7ba3fdbed4,9.16032638028264,128,128,True,True,False,"[79302,239,25715,126346,124632,20401,28733,124632,80968,54116,132618,18411,36055,126702,134002,13,23084,16560,79302,239,25715,126346,124632,20401,28733,124632,80968,54116,132618,18411,36055,126702,42905,5140,41902,54116,57026,134002,382,565,136608,271,126345,25715,126346,124632,20401,28733,124632,80968,125466,76337,56290,16560,220,16,24,17,15,126216,66845,19391,93721,133381,13,220,16,24,17,20,126216,19391,3315,120,222,12802,24897,80573,10764,245,101,28002,19969,79302,239,25715,126346,124632,20401,28733,124632,80968,54116,132618,18411,36055,126702,134002,13,220,16,24,17,21,126216,19391,5140,116,234,50340,40281,83036,31079,19969,79302,239,25715,126346,124632,20401,28733,124632,80968,54116,132618,18411,36055,126702]",43,214,129,171,126,106,20,2.4651162790697674,0.15873015873015872,1.0078125,1.3359375,0.984375,2,2,0.046511627906976744,"{""2"":1,""3"":1}",128,13,0.1015625,0.16458822041749954,0.1655335370451212,1.1730353944003582,126,20
WIKIPEDIA,P1,ALL_MORPH_BOUNDARY_GUARD,98,4e5a736f30332726f0794ec78d76332bf5661872f7c6a5d58bdd7d2cb9fb4645,9.341950127854943,128,128,True,True,False,"[124546,128555,133828,133381,13,54825,16560,130005,79302,239,25715,126346,124632,20401,136089,129093,133886,62071,29326,23573,79302,239,25715,126346,124632,20401,136089,129093,28002,19391,128605,127041,120,51588,17877,3315,241,112,81718,90686,13,54825,16560,130005,79302,239,25715,126346,124632,20401,136089,129093,133886,62071,29326,23573,79302,239,25715,126346,124632,20401,136089,129093,28002,19391,128605,127041,120,51588,17877,3315,241,112,81718,90686,13,54825,16560,130005,79302,239,25715,126346,124632,20401,136089,129093,133886,62071,29326,23573,79302,239,25715,126346,124632,20401,136089,129093,28002,19391,128605,127041,120,51588,17877,3315,241,112,81718,90686,13,54825,16560,130005,79302,239,25715,126346,124632,20401,136089,129093,133886,62071,29326,23573]",41,204,129,163,127,113,14,2.7560975609756095,0.11023622047244094,1.0078125,1.2734375,0.9921875,3,1,0.07317073170731707,"{""1"":1,""2"":1,""3"":1}",122,39,0.319672131147541,0.21196985989809036,0.212885569781065,1.1549891009926796,127,14
WIKIPEDIA,P1,ALL_MORPH_BOUNDARY_GUARD,99,5c3ca4e5f465dc182ec3e6b54f9ae6fd7f1cd6a02e73004bd182199e6766415e,9.23568319156766,128,128,True,True,False,"[13146,13,220,16,24,19,24,126216,138373,125466,85057,64795,12802,138373,17877,125206,32077,23573,94315,11,138373,20401,136608,19391,128605,131698,16560,143231,95996,65865,128836,13,138373,20401,136608,19391,128605,131698,16560,138373,20401,136608,19391,128605,131698,19391,128605,131698,19391,128605,131698,19391,128605,131698,19391,128605,131698,19391,128605,131698,19391,128605,131698,19391,128605,131698,19391,128605,131698,19391,128605,131698,19391,128605,131698,19391,128605,131698,19391,128605,131698,19391,128605,131698,19391,128605,131698,19391,128605,131698,19391,128605,131698,19391,128605,131698,19391,128605,131698,19391,128605,131698,19391,128605,131698,19391,128605,131698,19391,128605,131698,19391,128605,131698,19391,128605,131698,19391,128605,131698,19391,128605,131698,19391,128605,131698,19391,128605]",41,202,129,161,127,112,15,2.731707317073171,0.11811023622047244,1.0078125,1.2578125,0.9921875,1,1,0.024390243902439025,"{""1"":1}",120,24,0.2,0.1943554300814867,0.19538816809654236,1.1576901394873857,127,15
WIKIPEDIA,P1,ALL_MORPH_BOUNDARY_GUARD,105,bc89f0438663e3b06f77ae921e1a7700fa43f38465b2c23d15b5529b4221e4fc,10.9610097669065,128,128,True,True,False,"[130638,17877,136905,17380,66790,29281,126063,34395,11,220,16,19,15,15,126216,19391,136905,17380,66790,29281,52300,136331,220,20,15,15,57026,127041,226,62275,134013,17380,66790,29281,133381,13,220,16,24,16,15,126216,65510,125519,32077,125822,37087,124785,42039,125206,32077,52300,136331,220,16,24,19,20,126216,220,23,128514,220,16,20,32077,136293,62071,124785,20401,56419,131833,77596,235,56475,130092,20401,64805,227,126702,17877,129296,129709,23573,220,16,24,19,20,126216,220,23,128514,220,16,20,32077,11,128605,125496,124785,12802,74361,226,76435,132537,136905,33704,128605,125496,124785,20401,134013,17380,66790,29281,133381,13,220,16,24,19,23,126216,220,16,15,128514]",55,272,129,217,127,85,42,1.5454545454545454,0.33070866141732286,1.0078125,1.6953125,0.9921875,1,1,0.01818181818181818,"{""3"":1}",162,14,0.08641975308641975,0.19900601916015148,0.20021827891469002,1.5312409233301878,127,42
WIKIPEDIA,P1,ALL_MORPH_BOUNDARY_GUARD,114,2d50e6a2a69f3a22d80522b5126c7394ec30a37997abfc1af6fe88aae4c5e7a3,10.4250761102885,128,128,True,True,False,"[130999,92751,124781,18411,135513,95218,16560,58440,74808,29281,76337,17877,125714,79716,74808,29281,76337,130939,129112,13,95617,18411,129901,11,125714,79716,74808,29281,76337,271,12802,90686,13,131180,26698,379,16560,856,19391,128605,58440,133215,11,379,6,16560,379,20401,129392,77953,23259,125489,13,23084,74808,29281,76337,33704,379,20401,129392,77953,23259,18411,133970,126204,135354,137621,11,23084,74808,29281,76337,33704,125714,79716,74808,29281,76337,125489,13,23084,74808,29281,76337,33704,379,20401,129392,77953,23259,18411,133970,126204,135354,137621,11,23084,74808,29281,76337,33704,379,20401,129392,77953,23259,18411,133970,126204,135354,137621,11,23084,74808,29281,76337,33704,379,20401,129392,77953,23259,18411,133970,126204,135354,137621]",51,250,129,199,115,93,22,1.8235294117647058,0.19130434782608696,1.0078125,1.5546875,0.8984375,15,13,0.29411764705882354,"{""1"":7,""2"":3,""3"":5}",148,4,0.02702702702702703,0.21632852777838707,0.21758870035409927,1.4265080317854881,115,22
WIKIPEDIA,P1,ALL_MORPH_BOUNDARY_GUARD,116,80b40150cb6c6cacbe345969e8709822cdac29c8963346d4d774ddfe0d1ee118,7.926082473248243,128,128,True,True,False,"[84667,124419,24897,20401,129093,54330,132841,130939,47985,129112,13,129093,54330,132841,20401,45563,33704,220,18,13,16,19,16,20,24,17,21,20,18,20,23,24,22,24,18,17,18,23,19,21,17,21,19,18,18,23,18,17,22,24,20,15,17,23,23,19,16,24,22,16,21,24,18,24,24,18,22,20,16,15,20,23,17,15,24,22,19,24,19,19,20,24,17,18,15,22,23,16,21,19,15,21,17,23,21,17,15,23,24,24,23,21,17,23,15,18,19,23,17,20,18,19,17,16,16,22,15,21,22,24,23,17,16,19,23,15,23,21]",33,164,129,131,128,124,4,3.757575757575758,0.03125,1.0078125,1.0234375,1.0,0,0,0.0,{},98,2,0.02040816326530612,0.08446902967989445,0.08500626124441624,0.9168966542929411,128,4
WIKIPEDIA,P1,ALL_MORPH_BOUNDARY_GUARD,117,5ad01d8771f5b8361864124ec2cc39c9b8c989333e9e3aa38ecbce5e7a7f79e3,9.65767153725028,128,128,True,True,False,"[24,20,15,126216,66845,19391,5140,253,105,29326,52959,20401,46832,242,124632,25715,126253,5140,253,105,29326,52959,20401,46832,242,124632,137650,19391,128605,138449,17877,5140,228,240,12802,20487,130039,5140,253,105,29326,52959,20401,46832,242,124632,25715,129125,54070,52959,54070,140532,130271,20401,5140,253,105,29326,52959,46832,242,124632,25715,98005,20401,18411,143497,128836,13,23084,98005,20401,56475,84255,28002,34395,85251,33704,5140,253,105,29326,52959,20401,46832,242,124632,25715,126253,5140,253,105,29326,52959,20401,46832,242,124632,137650,19391,128605,138449,17877,5140,228,240,12802,20487,130039,5140,253,105,29326,52959,20401,46832,242,124632,25715,129125,54070,52959,54070,140532,130271,20401,5140,253]",44,220,129,176,125,105,20,2.3863636363636362,0.16,1.0078125,1.375,0.9765625,4,3,0.09090909090909091,"{""1"":2,""2"":2}",132,21,0.1590909090909091,0.2093456443399191,0.21021988429129124,1.2354676984250546,125,20
WIKIPEDIA,P1,ALL_MORPH_BOUNDARY_GUARD,119,e78651cb0db294a29769d00e0b67b918a0d6bd73e89f12f69e15cc286429e7e0,9.26831716671586,128,128,True,True,False,"[21329,80573,135898,13,132028,57089,90486,127085,130974,133553,49543,20401,138519,131837,53680,77596,235,47985,19391,73986,131000,51876,13,133553,49543,20401,138519,131837,12802,220,17,130609,31328,133553,49543,16560,77596,235,47985,19969,220,17,130609,31328,133553,49543,20401,132028,57089,90486,127085,133120,143143,16560,13146,13,133553,49543,20401,138519,131837,12802,220,17,130609,31328,133553,49543,16560,77596,235,47985,19969,220,19,130609,31328,133553,49543,20401,132028,57089,90486,127085,133120,143143,16560,13146,13,133553,49543,20401,138519,131837,12802,220,17,130609,31328,133553,49543,16560,77596,235,47985,19969,220,23,130609,31328,133553,49543,20401,132028,57089,90486,127085,133120,143143,16560,13146,13,133553,49543,20401,138519,131837,12802]",42,208,129,166,124,109,15,2.5952380952380953,0.12096774193548387,1.0078125,1.296875,0.96875,4,4,0.09523809523809523,"{""1"":1,""2"":3}",124,15,0.12096774193548387,0.16222619451582432,0.1631770022213459,1.1863505076617002,124,15
WIKIPEDIA,P1,ALL_MORPH_BOUNDARY_GUARD,134,dff86652722d026c3869887ea7e653b73da64b351697d7d0c647fef10a42b20b,9.114083664491773,128,128,True,True,False,"[43590,126216,126253,40720,42905,132091,11,74884,116,124781,31079,16560,74884,116,124785,31079,80573,16560,34143,105,28002,130092,31079,20401,139052,20487,126270,17877,40720,82190,74884,116,124785,31079,20401,139052,20487,126270,17877,130092,31079,17380,46319,128909,23573,128900,13,74884,116,124781,31079,16560,74884,116,124785,31079,80573,16560,34143,105,28002,130092,31079,20401,139052,20487,126270,17877,40720,82190,74884,116,124785,31079,20401,139052,20487,126270,17877,130092,31079,17380,46319,128909,23573,128900,13,74884,116,124781,31079,16560,74884,116,124785,31079,80573,16560,34143,105,28002,130092,31079,20401,139052,20487,126270,17877,40720,82190,74884,116,124785,31079,20401,139052,20487,126270,17877,130092,31079,17380,46319,128909,23573,128900,13,74884]",41,203,129,162,126,111,15,2.707317073170732,0.11904761904761904,1.0078125,1.265625,0.984375,4,2,0.0975609756097561,"{""1"":1,""2"":2,""3"":1}",121,9,0.0743801652892562,0.18565232679247856,0.18649891391396523,1.1420423984527588,126,15
WIKIPEDIA,P1,ALL_MORPH_BOUNDARY_GUARD,136,7a354878c63fadb9275073b266fc79ab41adb4e3a4eea902668c937d0f74ebcb,9.273859977722168,128,128,True,True,False,"[29346,135405,98927,29326,129382,19391,131522,17877,140174,135405,16751,121,16560,13146,13,98927,29326,129382,33704,134664,128552,40720,25715,126327,142976,23573,142452,23573,17877,85403,57026,82190,98927,29326,129382,19391,131522,17877,140174,135405,16751,121,16560,13146,13,98927,29326,129382,33704,134664,128552,40720,25715,126327,142976,23573,142452,23573,17877,85403,57026,82190,98927,29326,129382,19391,131522,17877,140174,135405,16751,121,16560,13146,13,98927,29326,129382,33704,134664,128552,40720,25715,126327,142976,23573,142452,23573,17877,85403,57026,82190,98927,29326,129382,19391,131522,17877,140174,135405,16751,121,16560,13146,13,98927,29326,129382,33704,134664,128552,40720,25715,126327,142976,23573,142452,23573,17877,85403,57026,82190,98927,29326,129382,19391,131522,17877]",42,208,129,166,119,109,10,2.5952380952380953,0.08403361344537816,1.0078125,1.296875,0.9296875,12,9,0.2857142857142857,"{""1"":3,""3"":9}",124,9,0.07258064516129033,0.20319700986146927,0.20416554808616638,1.1706471052020788,119,10
WIKIPEDIA,P1,ALL_MORPH_BOUNDARY_GUARD,145,005a50bb1e2be0288c261e32d596ed107f6163785f7c14e52ef3bf8445d0f15c,9.023836689069867,128,128,True,True,False,"[5140,228,222,12802,20401,129238,128732,33704,129242,56039,18411,79302,119,16560,128900,13,129242,56039,16560,5140,228,222,12802,20401,129238,128732,12802,25715,134953,125489,13,129242,56039,16560,5140,228,222,12802,20401,129238,128732,12802,25715,134953,125489,13,129242,56039,16560,5140,228,222,12802,20401,129238,128732,12802,25715,134953,125489,13,129242,56039,16560,5140,228,222,12802,20401,129238,128732,12802,25715,134953,125489,13,129242,56039,16560,5140,228,222,12802,20401,129238,128732,12802,25715,134953,125489,13,129242,56039,16560,5140,228,222,12802,20401,129238,128732,12802,25715,134953,125489,13,129242,56039,16560,5140,228,222,12802,20401,129238,128732,12802,25715,134953,125489,13,129242,56039,16560,5140,228,222,12802]",40,200,129,160,122,112,10,2.8,0.08196721311475409,1.0078125,1.25,0.953125,6,6,0.15,"{""1"":1,""3"":5}",120,10,0.08333333333333333,0.18169569224119186,0.18252662383019924,1.1152329817414284,122,10
WIKIPEDIA,P1,ALL_MORPH_BOUNDARY_GUARD,149,b8407b142eaeece19e635181f420775fe1526f8537e1e2319612dc608d62b0b8,10.21810694783926,128,128,True,True,False,"[23573,36055,20401,16560,139107,135898,382,29281,23259,65238,124970,129093,43590,18411,1154,36055,23259,65238,124970,129093,43590,18411,5140,45881,53900,25715,13,125971,133099,11,126310,28002,23259,49543,143861,242,139107,131050,36055,20401,47836,28733,90686,382,125522,28002,23259,20401,128677,128732,715,125522,28002,23259,16560,139107,129381,128677,128732,17877,35509,85251,13146,382,125522,28002,23259,16560,126423,23259,20401,129881,129534,125489,624,125522,28002,23259,16560,126423,23259,20401,129881,49543,125489,624,125522,28002,23259,16560,126423,23259,20401,129881,49543,125489,624,125522,28002,23259,16560,126423,23259,20401,129881,49543,125489,624,125522,28002,23259,16560,126423,23259,20401,129881,49543,125489,624,125522,28002,23259,16560,126423,23259,20401,129881,49543]",49,243,129,194,121,99,22,2.020408163265306,0.18181818181818182,1.0078125,1.515625,0.9453125,10,7,0.20408163265306123,"{""1"":5,""2"":2,""3"":3}",145,14,0.09655172413793103,0.2241436317563057,0.22529896907508373,1.3690380826592445,121,22
WIKIPEDIA,P1,ALL_MORPH_BOUNDARY_GUARD,151,d74697603534767f1ce48379c1b960aba7fc3ba07a93d615c8f5f02eb239115a,9.259796315804124,128,128,True,True,False,"[130592,80968,66790,80901,19969,37195,106,34395,142452,133886,3315,253,223,137237,66425,124685,125476,93672,94203,128911,125489,13,127042,57089,92817,128747,33704,127042,57089,25715,126253,142452,133886,3315,253,223,137237,66425,130039,62107,81676,127042,57089,131958,130592,137438,18411,126254,51876,13,127042,57089,92817,128747,33704,127042,57089,25715,126253,142452,133886,3315,253,223,137237,66425,130039,62107,81676,127042,57089,131958,130592,137438,18411,126254,51876,13,127042,57089,92817,128747,33704,127042,57089,25715,126253,142452,133886,3315,253,223,137237,66425,130039,62107,81676,127042,57089,131958,130592,137438,18411,126254,51876,13,127042,57089,92817,128747,33704,127042,57089,25715,126253,142452,133886,3315,253,223,137237,66425,130039,62107,81676,127042,57089,131958]",42,208,129,166,117,104,13,2.4761904761904763,0.1111111111111111,1.0078125,1.296875,0.9140625,11,11,0.2619047619047619,"{""1"":1,""2"":4,""3"":6}",124,25,0.20161290322580644,0.20911096408963203,0.21007314696907997,1.1718693245202303,117,13
WIKIPEDIA,P1,ALL_MORPH_BOUNDARY_GUARD,156,554e89867d740531ea4723899fb500f32679398eba63100d3f51e2735a22ef42,9.925519516691566,128,128,True,True,False,"[73523,126835,23573,84255,81650,127483,33704,22942,17380,5140,45881,12802,125519,24897,18411,83596,16560,13146,13,22942,33704,220,16,24,23,24,126216,19391,136065,42039,142234,133245,127378,11,220,16,24,24,16,126216,19391,22942,348,16,12802,142234,133245,34395,11,220,16,24,24,16,126216,19391,22942,348,17,19969,142234,133245,127378,11,220,17,15,15,22,126216,19391,22942,348,18,12802,142234,133381,13,22942,33704,22942,348,16,53680,22942,348,17,18411,133970,82190,22942,348,16,11,22942,348,17,11,22942,348,18,17380,58777,79716,132306,13,22942,348,16,33704,22942,348,17,80573,22942,348,18,17877,133970,87425,137764,13,22942,348,16,33704,22942,348]",47,234,129,187,125,96,29,2.0425531914893615,0.232,1.0078125,1.4609375,0.9765625,3,3,0.06382978723404255,"{""1"":2,""2"":1}",140,14,0.1,0.1670774258673191,0.16821810975670815,1.311845825985074,125,29
WIKIPEDIA,P1,ALL_MORPH_BOUNDARY_GUARD,157,a58f93e22d11924373b50a226a157bb118a42e9b97f2e406c84324467ec722f1,9.70615490525961,128,128,True,True,False,"[133085,23573,125206,124781,16560,130671,13,136293,31079,18411,40720,42905,58677,88259,16560,136293,137138,58677,88259,20401,23872,121,220,16,15,4,131219,17380,57835,29281,132306,13,136293,31079,18411,40720,42905,58677,88259,16560,136293,31079,18411,40720,42905,133152,31328,136293,56475,72553,40720,132306,13,136293,31079,18411,40720,42905,58677,88259,16560,136293,31079,18411,40720,42905,133152,31328,136293,56475,72553,40720,132306,13,136293,31079,18411,40720,42905,58677,88259,16560,136293,31079,18411,40720,42905,133152,31328,136293,56475,72553,40720,132306,13,136293,31079,18411,40720,42905,58677,88259,16560,136293,31079,18411,40720,42905,133152,31328,136293,56475,72553,40720,132306,13,136293,31079,18411,40720,42905,58677,88259,16560,136293,31079,18411,40720]",45,224,129,179,120,105,15,2.3333333333333335,0.125,1.0078125,1.3984375,0.9375,9,8,0.2,"{""1"":4,""2"":3,""3"":2}",134,10,0.07462686567164178,0.22659804858267307,0.22769469767808914,1.253041883930564,120,15
WIKIPEDIA,P1,ALL_MORPH_BOUNDARY_GUARD,160,1e26476690d1ff98feec7e46fff2e67a50d0d12aadd84c2628f4888925cc713d,8.319667613133788,128,128,True,True,False,"[139287,33704,132029,48364,112,37087,20401,63332,126246,17877,129413,56290,51876,13,132029,48364,112,37087,20401,63332,126246,33704,132029,48364,112,37087,20401,89095,97,139287,19391,136009,139393,132306,13,132029,48364,112,37087,20401,63332,126246,33704,132029,48364,112,37087,20401,89095,97,139287,19391,136009,139393,132306,13,132029,48364,112,37087,20401,63332,126246,33704,132029,48364,112,37087,20401,89095,97,139287,19391,136009,139393,132306,13,132029,48364,112,37087,20401,63332,126246,33704,132029,48364,112,37087,20401,89095,97,139287,19391,136009,139393,132306,13,132029,48364,112,37087,20401,63332,126246,33704,132029,48364,112,37087,20401,89095,97,139287,19391,136009,139393,132306,13,132029,48364,112,37087,20401,63332,126246,33704,132029]",35,175,129,140,127,120,7,3.4285714285714284,0.05511811023622047,1.0078125,1.09375,0.9921875,1,1,0.02857142857142857,"{""2"":1}",105,22,0.20952380952380953,0.17959754168987274,0.1803930401802063,0.9739312995225191,127,7
WIKIPEDIA,P1,ALL_MORPH_BOUNDARY_GUARD,168,36ee04f27561af7e590b306bd86bbbe3b96e895a4c50ad77892679812f192fc2,8.24972377344966,128,128,True,True,False,"[128514,220,16,32077,198,220,17,128514,220,16,32077,33704,220,17,16,41429,20487,48364,104,84621,83666,125466,137266,32077,125489,624,220,17,128514,220,17,32077,198,220,17,128514,220,17,32077,33704,220,17,16,41429,20487,48364,104,84621,83666,125466,137266,32077,125489,624,220,17,128514,220,18,32077,198,220,17,128514,220,18,32077,33704,220,17,16,41429,20487,48364,104,84621,83666,125466,137266,32077,125489,624,220,17,128514,220,19,32077,198,220,17,128514,220,19,32077,33704,220,17,16,41429,20487,48364,104,84621,83666,125466,137266,32077,125489,624,220,17,128514,220,20,32077,198,220,17,128514,220,20,32077,33704,220,17,16,41429]",35,174,129,139,126,120,6,3.4285714285714284,0.047619047619047616,1.0078125,1.0859375,0.984375,3,2,0.08571428571428572,"{""2"":1,""3"":2}",104,20,0.19230769230769232,0.11085872910916805,0.11158845573663712,0.9761568084359169,126,6
WIKIPEDIA,P1,ALL_MORPH_BOUNDARY_GUARD,193,0199e89b545a0cb77695da1c1c70540afcecefd154b174b0b3c20810808bf238,8.742350427433848,128,128,True,True,False,"[144046,54248,18411,56419,127105,47836,28733,131891,11,54248,18411,57547,47836,28733,90686,13,393,17,47,125206,82528,130472,33704,134664,128552,127042,29346,129125,134313,129439,19969,132182,23872,254,29346,138334,42039,137765,141819,42905,49052,126563,132306,13,129007,125206,82528,130472,33704,127296,127154,17380,3315,241,116,129439,19969,134563,11,73077,89235,57268,60315,73986,89235,57268,11,54248,77002,16235,226,20401,20401,76497,242,21329,144046,54248,18411,56419,127105,47836,28733,131891,11,54248,18411,57547,47836,28733,90686,13,393,17,47,125206,82528,130472,33704,134664,128552,127042,29346,129125,134313,129439,19969,132182,23872,254,29346,138334,42039,137765,141819,42905,49052,126563,132306,13,129007,125206,82528,130472,33704,127296,127154,17380]",38,190,129,152,122,116,6,3.0526315789473686,0.04918032786885246,1.0078125,1.1875,0.953125,6,6,0.15789473684210525,"{""1"":2,""2"":3,""3"":1}",114,14,0.12280701754385964,0.17192357778549194,0.17286132462322712,1.058893147855997,122,6
WIKIPEDIA,P1,ALL_MORPH_BOUNDARY_GUARD,194,1870a6a49ecbc118b0301d1d252f822879be8e2bcbc1c6ea28d23e8a5c6fb491,8.167337026447058,128,128,True,True,False,"[125144,56290,715,220,26940,84667,82528,126781,25067,7,16,24,24,22,126216,137116,340,220,26940,84667,82528,126781,25067,7,17,15,15,16,126216,137116,340,220,26940,84667,82528,126781,25067,7,17,15,15,17,126216,137116,340,220,26940,84667,82528,126781,25067,7,17,15,15,18,126216,137116,340,220,26940,84667,82528,126781,25067,7,17,15,15,19,126216,137116,340,220,26940,84667,82528,126781,25067,7,17,15,15,20,126216,137116,340,220,26940,84667,82528,126781,25067,7,17,15,15,21,126216,137116,340,220,26940,84667,82528,126781,25067,7,17,15,15,22,126216,137116,340,220,26940,84667,82528,126781,25067,7,17,15,15,23,126216,137116]",35,173,129,138,128,122,6,3.4857142857142858,0.046875,1.0078125,1.078125,1.0,0,0,0.0,{},103,7,0.06796116504854369,0.08756757341325283,0.08823608979582787,0.9735278710722923,128,6
WIKIPEDIA,P1,ALL_MORPH_BOUNDARY_GUARD,201,62f2ae481710a7fbff82614984a8857e7ff3c9105c753b5b4b85a22986f22fd7,8.341573679819703,128,128,True,True,False,"[8,18411,95996,79632,134002,13,54825,16560,130005,54116,16186,124632,11,54116,16186,124632,80968,54116,16186,124632,11,54116,16186,124632,80968,54116,16186,124632,11,54116,16186,124632,80968,54116,16186,124632,11,54116,16186,124632,80968,54116,16186,124632,11,54116,16186,124632,80968,54116,16186,124632,11,54116,16186,124632,80968,54116,16186,124632,11,54116,16186,124632,80968,54116,16186,124632,11,54116,16186,124632,80968,54116,16186,124632,11,54116,16186,124632,80968,54116,16186,124632,11,54116,16186,124632,80968,54116,16186,124632,11,54116,16186,124632,80968,54116,16186,124632,11,54116,16186,124632,80968,54116,16186,124632,11,54116,16186,124632,80968,54116,16186,124632,11,54116,16186,124632,80968,54116,16186,124632,11,54116,16186,124632]",36,179,129,143,128,119,9,3.3055555555555554,0.0703125,1.0078125,1.1171875,1.0,0,0,0.0,{},107,3,0.028037383177570093,0.11048068478703499,0.11117727123200893,1.0014389157295227,128,9
WIKIPEDIA,P1,ALL_MORPH_BOUNDARY_GUARD,211,e1dd1b21c7c4fbf236961605d37c8cfd045489d907c3f9df2b1d2c0d0b128ab2,8.54500725120306,128,128,True,True,False,"[129321,17877,49367,126746,16560,53435,124632,129359,125548,17380,11,45130,120,124632,80968,130037,129835,35509,125624,17877,81718,144059,42039,74884,116,144489,23573,133196,18411,73669,65306,42039,10764,236,120,133847,130974,130861,18411,34143,112,34395,90686,13,45130,120,124632,80968,130037,129835,35509,125624,17877,81718,144059,42039,74884,116,144489,23573,133196,18411,73669,65306,42039,10764,236,120,133847,130974,130861,18411,34143,112,34395,64521,53435,124632,129359,125548,16560,45130,120,124632,43590,125624,7,113301,115463,8,129549,23463,126291,125624,17877,35509,28002,126896,124905,11,73518,52959,19969,26698,16560,126615,85997,43590,18411,35509,85251,137116,136357,128772,126932,49543,129360,129359,125548,18411,98869,144188,42905,129400,31079,13146,13,45130]",37,182,129,145,126,118,8,3.189189189189189,0.06349206349206349,1.0078125,1.1328125,0.984375,2,2,0.05405405405405406,"{""2"":2}",108,21,0.19444444444444445,0.2057160921394825,0.20654763840138912,1.0290964059531689,126,8
WIKIPEDIA,P1,ALL_MORPH_BOUNDARY_GUARD,214,91b92ef1e95dd720033a1341a26a537c99538ed87f79c1ca6150172d3864fb1a,9.075640764087439,128,128,True,True,False,"[17380,11,138373,20401,141526,66845,56290,18411,130679,56419,138279,80968,94203,127324,17877,28733,126702,126204,11,138373,20401,141526,66845,56290,18411,130679,56419,138279,80968,94203,127324,17877,28733,126702,126204,11,138373,20401,141526,66845,56290,18411,130679,56419,138279,80968,94203,127324,17877,28733,126702,126204,11,138373,20401,141526,66845,56290,18411,130679,56419,138279,80968,94203,127324,17877,28733,126702,126204,11,138373,20401,141526,66845,56290,18411,130679,56419,138279,80968,94203,127324,17877,28733,126702,126204,11,138373,20401,141526,66845,56290,18411,130679,56419,138279,80968,94203,127324,17877,28733,126702,126204,11,138373,20401,141526,66845,56290,18411,130679,56419,138279,80968,94203,127324,17877,28733,126702,126204,11,138373,20401,141526,66845,56290,18411,130679]",41,205,129,164,121,112,9,2.731707317073171,0.0743801652892562,1.0078125,1.28125,0.9453125,8,7,0.1951219512195122,"{""1"":6,""2"":1,""3"":1}",123,4,0.032520325203252036,0.13326161541044712,0.1341805662959814,1.139519639313221,121,9
WIKIPEDIA,P1,ALL_MORPH_BOUNDARY_GUARD,215,81ad8abe23a6aee5123e0ef7a8bf71fb5308705cb23ebbc1084da6d371b87194,8.851652104407549,128,128,True,True,False,"[51876,13,23084,131866,11,220,16751,222,125149,23573,77353,79716,23259,20401,128618,25715,11,220,16751,222,125149,23573,77353,79716,23259,20401,128618,129439,125489,13,125149,23573,77353,79716,23259,20401,128618,129439,16560,125149,23573,77353,79716,23259,20401,128618,25715,129885,142655,143230,13146,13,125149,23573,77353,79716,23259,20401,128618,129439,16560,125149,23573,77353,79716,23259,20401,128618,25715,129885,142655,143230,13146,13,125149,23573,77353,79716,23259,20401,128618,129439,16560,125149,23573,77353,79716,23259,20401,128618,25715,129885,142655,143230,13146,13,125149,23573,77353,79716,23259,20401,128618,129439,16560,125149,23573,77353,79716,23259,20401,128618,25715,129885,142655,143230,13146,13,125149,23573,77353,79716,23259,20401,128618,129439,16560,125149]",39,195,129,156,127,113,14,2.8974358974358974,0.11023622047244094,1.0078125,1.21875,0.9921875,3,1,0.07692307692307693,"{""2"":1,""3"":2}",117,13,0.1111111111111111,0.16873985528945923,0.16954420879483223,1.084170090034604,127,14
WIKIPEDIA,P1,ALL_MORPH_BOUNDARY_GUARD,217,2a3d33ad90ee563f6b07aa1107d72ab5f59c4df1378d6832201b9d64e7d5ceeb,8.824315216392279,128,128,True,True,False,"[5140,223,251,126588,13146,13,220,16,128514,33704,220,16,126216,20401,48364,104,84621,83666,34143,105,136262,11,220,16,126216,20401,140887,34143,105,33704,220,16,17,128514,125489,13,220,16,128514,33704,220,18,16,32077,128878,64521,220,22,59761,20401,34143,105,70943,125703,13146,13,220,16,128514,20401,48364,104,84621,83666,37195,254,33704,138373,56475,129093,125068,130939,53900,124905,128605,125496,124785,20401,79302,239,28754,125624,125489,13,23084,34143,105,53680,68232,126216,20401,220,20,128514,33704,142655,129381,85997,32077,17380,93721,126204,129381,85997,32077,17380,5140,223,251,126588,13146,13,69441,231,126216,31328,49052,23084,34143,105,53680,54825,60716,20401,220,16,15,128514]",39,192,129,153,120,116,4,2.9743589743589745,0.03333333333333333,1.0078125,1.1953125,0.9375,8,8,0.20512820512820512,"{""1"":4,""2"":2,""3"":2}",114,25,0.21929824561403508,0.20400645211338997,0.20492553152143955,1.0855676159262657,120,4
WIKIPEDIA,P1,ALL_MORPH_BOUNDARY_GUARD,222,5bd619fb257d13a99f8942ff734cf70cf56ff7329317143b63b23ecb5f2357f5,8.502638190984726,128,128,True,True,False,"[35711,32077,19391,220,20,23,42044,11,28733,35711,32077,53680,134952,35711,32077,19391,220,20,23,42044,11,40771,230,35711,32077,53680,10764,228,254,35711,32077,19391,220,20,23,42044,11,83556,35711,32077,53680,85413,242,35711,32077,19391,220,20,23,42044,11,28733,35711,32077,53680,46832,242,35711,32077,19391,220,20,23,42044,11,134952,35711,32077,53680,40771,230,35711,32077,19391,220,20,23,42044,11,10764,228,254,35711,32077,53680,83556,35711,32077,19391,220,20,23,42044,11,85413,242,35711,32077,53680,46832,242,35711,32077,19391,220,20,23,42044,11,28733,35711,32077,53680,134952,35711,32077,19391,220,20,23,42044,11,40771,230,35711,32077,53680,10764]",34,168,129,134,128,122,6,3.588235294117647,0.046875,1.0078125,1.046875,1.0,0,0,0.0,{},100,20,0.2,0.2164770234376192,0.21734325774013996,0.9612719565629959,128,6
WIKIPEDIA,P1,ALL_MORPH_BOUNDARY_GUARD,229,83050d780bf313aba5ecc6bf2fd33935ea016e228968a100f5f455b6e4654a3e,8.846002226695418,128,128,True,True,False,"[65699,234,126414,124781,125489,13,58777,32290,139627,126414,124781,16560,129093,126333,56475,20401,126352,28002,11,45710,47985,11,43115,47985,17380,135513,95218,16560,65699,234,126414,124781,80573,16560,34143,105,28002,11,129093,126333,56475,20401,126352,28002,11,45710,47985,11,43115,47985,17380,135513,95218,16560,65699,234,126414,124781,80573,16560,34143,105,28002,11,129093,126333,56475,20401,126352,28002,11,45710,47985,11,43115,47985,17380,135513,95218,16560,65699,234,126414,124781,80573,16560,34143,105,28002,11,129093,126333,56475,20401,126352,28002,11,45710,47985,11,43115,47985,17380,135513,95218,16560,65699,234,126414,124781,80573,16560,34143,105,28002,11,129093,126333,56475,20401,126352,28002,11,45710,47985,11,43115,47985]",38,187,129,149,126,119,7,3.1315789473684212,0.05555555555555555,1.0078125,1.1640625,0.984375,3,2,0.07894736842105263,"{""1"":1,""2"":1,""3"":1}",111,13,0.11711711711711711,0.18293032050132751,0.18379170075058937,1.0779293030500412,126,7
WIKIPEDIA,P1,ALL_MORPH_BOUNDARY_GUARD,231,11a1c0612fe7670449333a5a3d8e6d9b6ddf44c8d2f0f1ecf600e2e8e53022d2,9.328889893367887,128,128,True,True,False,"[24,24,21,126216,220,16,16,128514,220,16,16,32077,19391,45104,242,126673,141274,31328,64577,59698,36055,63089,18411,57852,126702,128836,13,220,54825,16560,220,17,15,15,19,126216,220,16,16,128514,220,16,16,32077,19391,45104,242,126673,141274,31328,64577,59698,36055,63089,20401,140887,28733,126641,12802,97143,125761,13,220,54825,16560,220,17,15,15,19,126216,220,16,16,128514,220,16,16,32077,19391,45104,242,126673,141274,31328,64577,59698,36055,63089,20401,140887,28733,126641,12802,97143,125761,13,220,54825,16560,220,17,15,15,19,126216,220,16,16,128514,220,16,16,32077,19391,45104,242,126673,141274,31328,64577,59698,36055,63089,20401,140887,28733,126641]",40,197,129,157,127,113,14,2.825,0.11023622047244094,1.0078125,1.2265625,0.9921875,2,1,0.05,"{""2"":1,""3"":1}",117,60,0.5128205128205128,0.36380423977971077,0.3646707069128752,1.1418862007558346,127,14
WIKIPEDIA,P1,ALL_MORPH_BOUNDARY_GUARD,247,970fe8f8d89b4d2f4bd8076ca12bb110c1455e41e45f0f0fc6cfd0ce36b6dc7c,8.841518783941865,128,128,True,True,False,"[83291,143230,144432,11,58677,33861,128013,16751,113,24897,131587,17380,60294,11,142209,236,246,50340,11,5140,116,234,50340,40281,126781,142509,234,60294,48606,31328,11,5140,116,234,50340,40281,126781,130729,40853,84255,81650,127483,11,5140,116,234,50340,40281,126781,45104,101,139287,11,5140,116,234,50340,40281,126781,45104,101,139287,142509,234,60294,48606,31328,11,5140,116,234,50340,40281,126781,45104,101,139287,130729,40853,84255,81650,127483,11,5140,116,234,50340,40281,126781,45104,101,139287,142509,234,60294,48606,31328,11,5140,116,234,50340,40281,126781,45104,101,139287,130729,40853,84255,81650,127483,11,5140,116,234,50340,40281,126781,45104,101,139287,142509,234,60294,48606,31328,11]",38,188,129,150,128,114,14,3.0,0.109375,1.0078125,1.171875,1.0,0,0,0.0,{},112,27,0.24107142857142858,0.19339468702673912,0.19407912530004978,1.076474603265524,128,14
WIKIPEDIA,P1,ALL_MORPH_BOUNDARY_GUARD,254,69967d46ab2375c71c801ffba10012a31e33028c284c59578fd1ea417fc3254d,9.541641063988209,128,128,True,True,False,"[134313,135092,17877,126629,89659,129112,13,715,12802,134313,135092,17877,36055,33883,133019,33704,45130,111,17877,58677,129695,144091,139052,129254,129112,13,58677,129695,144091,139052,16560,79921,18411,143522,19969,133329,47836,28733,64521,128753,47324,17380,46319,65238,42905,134313,135092,17877,36055,33883,133019,33704,139052,125489,13,715,12802,139052,16560,79921,18411,143522,19969,133329,47836,28733,64521,128753,47324,17380,46319,65238,42905,134313,135092,17877,36055,33883,133019,33704,139052,125489,13,715,12802,139052,16560,79921,18411,143522,19969,133329,47836,28733,64521,128753,47324,17380,46319,65238,42905,134313,135092,17877,36055,33883,133019,33704,139052,125489,13,715,12802,139052,16560,79921,18411,143522,19969,133329,47836,28733,64521,128753,47324,17380,46319,65238]",44,217,129,173,119,106,13,2.409090909090909,0.1092436974789916,1.0078125,1.3515625,0.9296875,10,9,0.22727272727272727,"{""1"":6,""2"":4}",129,19,0.14728682170542637,0.20152435451745987,0.2026994191110134,1.2298665754497051,119,13
WIKIPEDIA,P1,ALL_MORPH_BOUNDARY_GUARD,261,3b90965ef4b9d67fe7e53d5ddc20e88d80683d5482c2c0773718a077bca16956,9.56738548539579,128,128,True,True,False,"[6790,16560,220,16,24,22,15,126216,66845,19391,73523,126835,133381,13,220,16,24,23,15,126216,66845,19391,26656,84438,84255,17380,129283,144063,79207,230,28626,16560,58677,33861,128013,20401,139052,129044,42039,140210,132499,137750,382,49896,84438,84255,17380,129283,144063,79207,230,28626,20401,127820,135946,715,49896,84438,84255,17380,129283,144063,79207,230,28626,16560,220,16,24,23,15,126216,66845,19391,73523,126835,52300,58677,33861,128013,84255,17380,129283,144063,79207,230,28626,125489,13,58677,33861,128013,84255,17380,129283,144063,79207,230,28626,16560,220,16,24,23,15,126216,66845,19391,73523,126835,52300,58677,33861,128013,84255,17380,129283,144063,79207,230,28626,125489,13,58677,33861,128013,84255,17380]",44,220,129,176,123,101,22,2.2954545454545454,0.17886178861788618,1.0078125,1.375,0.9609375,8,5,0.18181818181818182,"{""1"":1,""2"":2,""3"":5}",132,9,0.06818181818181818,0.18336360156536102,0.1843713726848364,1.2277584858238697,123,22
WIKIPEDIA,P1,ALL_MORPH_BOUNDARY_GUARD,272,da60401d3bf936d57dd036bdd4dd3252f48a0a44258b3e78042820bf7afba51c,9.61960799060762,128,128,True,True,False,"[31328,65722,102,31079,198,143522,84255,81650,127483,7,37332,2025,1648,143522,19969,85788,47836,28733,136303,140174,52300,130345,126691,31079,20401,130263,128747,198,143522,84255,81650,127483,7,37332,2025,1648,143522,19969,85788,47836,28733,136303,140174,52300,130345,126691,31079,20401,130263,128747,198,143522,84255,81650,127483,7,37332,2025,1648,143522,19969,85788,47836,28733,136303,140174,52300,130345,126691,31079,20401,130263,128747,198,143522,84255,81650,127483,7,37332,2025,1648,143522,19969,85788,47836,28733,136303,140174,52300,130345,126691,31079,20401,130263,128747,198,143522,84255,81650,127483,7,37332,2025,1648,143522,19969,85788,47836,28733,136303,140174,52300,130345,126691,31079,20401,130263,128747,198,143522,84255,81650,127483,7,37332,2025,1648]",44,217,129,173,118,108,10,2.4545454545454546,0.0847457627118644,1.0078125,1.3515625,0.921875,10,10,0.22727272727272727,"{""1"":4,""2"":5,""3"":1}",129,15,0.11627906976744186,0.15824280492961407,0.15941109880805016,1.2531148940324783,118,10
WIKIPEDIA,P1,ALL_MORPH_BOUNDARY_GUARD,276,330bb7258121235058610b4b24c400059f1e825c5fa4d1c4abff4ff74a716b39,8.967356078326702,128,128,True,True,False,"[311,11158,54606,144129,11,220,144138,40,2776,304,10689,144129,11,220,144138,40,2776,304,10689,448,264,11363,144129,11,220,144138,40,2776,304,10689,448,264,11363,320,785,18971,8,144129,11,220,144138,40,2776,304,10689,448,264,11363,320,785,8354,8,144129,11,220,144138,40,2776,304,10689,448,264,11363,320,785,25665,8,144129,11,220,144138,40,2776,304,10689,448,264,11363,320,785,11158,8,144129,11,220,144138,40,2776,304,10689,448,264,11363,320,785,11158,8354,8,144129,11,220,144138,40,2776,304,10689,448,264,11363,320,785,11158,25665,8,144129,11,220,144138,40,2776,304,10689,448,264,11363,320,785,11158]",41,205,129,164,120,107,13,2.6097560975609757,0.10833333333333334,1.0078125,1.28125,0.9375,8,8,0.1951219512195122,"{""1"":1,""2"":3,""3"":4}",123,6,0.04878048780487805,0.1062686201184988,0.10731407627463341,1.1333361733704805,120,13
WIKIPEDIA,P1,ALL_MORPH_BOUNDARY_GUARD,280,611248ee353add9c5a8bbcc6a1865c60fcd66e2f203859f1183fd41b3682a05a,11.015030900016427,128,128,True,True,False,"[57089,56290,8,129254,47985,129112,13,23872,254,83036,84667,12802,92031,33704,220,16,24,41429,20487,126254,126558,220,17,15,41429,20487,83315,126641,128878,20401,126440,124785,20401,10764,240,235,25715,80968,10764,240,235,25715,131529,17877,55673,37087,17380,61298,126322,56290,17380,11,54825,131293,126712,53680,126322,56290,126712,17877,77353,126299,128552,3315,112,105,125144,82190,23872,254,83036,84667,12802,92031,42039,62107,81676,128900,13,23084,23872,254,83036,84667,12802,92031,33704,220,16,24,15,21,126216,19391,126440,124785,20401,10764,240,235,25715,80968,10764,240,235,25715,131529,17877,55673,37087,17380,61298,126322,56290,17380,11,54825,131293,126712,53680,126322,56290,126712,17877,77353,126299,128552,3315]",54,267,129,213,126,92,34,1.7037037037037037,0.2698412698412698,1.0078125,1.6640625,0.984375,4,2,0.07407407407407407,"{""1"":1,""2"":1,""3"":2}",159,28,0.1761006289308176,0.2823386434465647,0.28350923024117947,1.523900719359517,126,34
WIKIPEDIA,P1,ALL_MORPH_BOUNDARY_GUARD,283,c380228747cb05d72568be761a862b5f4049c16e61ad0415e970f0cd1ba7d75a,0.1614000592380762,1,1,True,True,True,[151643],1,5,1,4,1,0,1,0.0,1.0,1.0,4.0,1.0,0,0,0.0,{},3,1,0.3333333333333333,0.0016148630529642105,0.0016246363520622253,0.027447842061519623,1,1
WIKIPEDIA,P1,ALL_MORPH_BOUNDARY_GUARD,284,7df76593cf73265d4568507c5b9894b6f25290f80a7c02317da7c422b45093a1,8.455829728394747,128,128,True,True,False,"[11,4102,144685,4102,24897,144293,89235,57268,11,4102,144685,4102,24897,144293,89235,57268,4102,24897,136133,59698,11,4102,144685,4102,24897,144293,89235,57268,4102,24897,136133,59698,4102,17,11,4102,144685,4102,24897,144293,89235,57268,4102,24897,136133,59698,4102,18,11,4102,144685,4102,24897,144293,89235,57268,4102,24897,136133,59698,4102,19,11,4102,144685,4102,24897,144293,89235,57268,4102,24897,136133,59698,4102,20,11,4102,144685,4102,24897,144293,89235,57268,4102,24897,136133,59698,4102,21,11,4102,144685,4102,24897,144293,89235,57268,4102,24897,136133,59698,4102,22,11,4102,144685,4102,24897,144293,89235,57268,4102,24897,136133,59698,4102,23,11,4102,144685,4102,24897,144293,89235,57268,4102,24897]",37,182,129,145,128,120,8,3.2432432432432434,0.0625,1.0078125,1.1328125,1.0,0,0,0.0,{},108,27,0.25,0.10261395014822483,0.10332272760570049,1.0318610817193985,128,8
WIKIPEDIA,P1,ALL_MORPH_BOUNDARY_GUARD,286,92ee651363a0b7be4eb7f7b811613e61255230d8b59da78fa2c8c4a460d25d05,11.041299767792225,128,128,True,True,False,"[59761,49543,125489,382,126346,55054,715,47665,94,33861,16560,220,16,23,41429,20487,70943,126641,19391,136065,42039,40720,133381,13,47665,94,33861,20401,142497,33704,220,16,22,17,23,126216,19391,5140,116,234,50340,40281,83036,19391,125548,19969,136065,42039,40720,126063,34395,11,220,16,22,20,17,126216,19391,5140,45881,131587,50340,24897,19969,136065,42039,40720,134002,13,47665,94,33861,20401,142497,33704,220,16,23,15,21,126216,19391,5140,45881,131587,50340,24897,19969,136065,42039,40720,126063,34395,11,220,16,23,16,17,126216,19391,5140,45881,131587,50340,24897,19969,136065,42039,40720,134002,13,47665,94,33861,20401,142497,33704,220,16,23,17,22,126216,19391,5140,45881]",54,267,129,213,128,91,37,1.6851851851851851,0.2890625,1.0078125,1.6640625,1.0,0,0,0.0,{},159,29,0.18238993710691823,0.23973624221980572,0.2410264890640974,1.5297756809741259,128,37
WIKIPEDIA,P1,ALL_MORPH_BOUNDARY_GUARD,290,1cfd2dafb5d1659171a4ab7498d4f27d07d3275566a5f1ce8e178b34fa929d49,9.39530256204307,128,128,True,True,False,"[128533,85997,28002,31328,47911,105,145399,11,47911,250,40853,32290,11,124657,57089,11,127819,116,17380,12802,129616,11,5140,225,231,32290,11,5140,225,231,32290,77002,12802,90686,13,4710,137771,40853,32290,33704,138373,20401,64577,40853,40747,238,12802,130092,76337,42039,46319,128909,52300,128900,13,127165,108,57089,85997,133886,54116,126641,42039,128956,140094,130092,76337,138373,85997,28002,131137,54825,60960,126414,128533,85997,28002,31328,47911,105,145399,11,47911,250,40853,32290,11,124657,57089,11,127819,116,17380,12802,129616,11,5140,225,231,32290,11,5140,225,231,32290,77002,12802,90686,13,4710,137771,40853,32290,33704,138373,20401,64577,40853,40747,238,12802,130092,76337,42039,46319,128909,52300,128900]",41,204,129,163,126,113,13,2.7560975609756095,0.10317460317460317,1.0078125,1.2734375,0.984375,2,2,0.04878048780487805,"{""1"":1,""3"":1}",122,22,0.18032786885245902,0.18481514602899551,0.18574994429945946,1.1819188930094242,126,13
WIKIPEDIA,P1,ALL_MORPH_BOUNDARY_GUARD,293,3c2712ed7fb6af47e0762e50764ee48937bb7fcea980cc8fbc2c8dd390700f8b,10.171206234022975,128,128,True,True,False,"[23084,16560,220,16,24,24,23,126216,19391,36330,250,62275,133381,13,23084,138001,33704,142209,242,230,126291,24897,20401,142497,17877,133828,126204,11,142209,242,230,126291,24897,20401,140890,80573,23084,19391,128605,73986,129382,17877,62071,29326,130705,11,142209,242,230,126291,24897,20401,143005,18411,95617,132612,42905,130213,17877,34143,112,34395,90686,13,23084,138001,33704,142209,242,230,126291,24897,20401,133196,56475,130887,136361,138001,70943,125703,17380,69441,231,19969,130357,132931,11,142209,242,230,126291,24897,20401,142497,17877,133329,42905,5140,41902,132182,129392,133914,12802,130723,382,48606,16560,130005,142209,242,230,126291,24897,20401,133196,56475,130887,136361,58677,126251,70943,125703,17380,69441,231,19969,130357,132931]",47,232,129,185,125,99,26,2.106382978723404,0.208,1.0078125,1.4453125,0.9765625,4,3,0.0851063829787234,"{""1"":2,""3"":2}",138,24,0.17391304347826086,0.2454074937850237,0.24660903587937355,1.3350190967321396,125,26
WIKIPEDIA,P1,ALL_MORPH_BOUNDARY_GUARD,302,1059ce196d5193038dadecdec9e75d16cf79f81a9e0f27e45a66818b90751fe1,10.276593912392855,128,128,True,True,False,"[873,17877,126563,33883,125714,21329,23259,18411,125703,141906,62071,92192,42905,130864,125489,13,23084,130864,33704,77353,126702,32077,125625,126321,29281,76337,17877,10764,240,222,53618,130887,130966,40720,42905,130864,125489,13,23084,130864,33704,77353,126702,32077,125625,126321,29281,76337,17877,10764,240,222,53618,130887,130966,40720,42905,130864,125489,382,77353,126702,32077,125625,126321,29281,76337,20401,61298,74808,29281,76337,17877,128772,74808,29281,76337,56475,125714,21329,23259,18411,62071,92192,23573,94315,79302,119,33704,74808,29281,76337,53680,129381,74808,29281,76337,17877,79302,119,16560,130864,125489,13,23084,130864,33704,77353,126702,32077,125625,126321,29281,76337,17877,10764,240,222,53618,130887,130966,40720,42905,130864,125489,382,77353,126702]",48,239,129,191,120,95,25,1.9791666666666667,0.20833333333333334,1.0078125,1.4921875,0.9375,9,8,0.1875,"{""1"":3,""2"":4,""3"":2}",143,17,0.11888111888111888,0.2107119932770729,0.21189535036683083,1.3647642452269793,120,25
WIKIPEDIA,P1,ALL_MORPH_BOUNDARY_GUARD,303,6c6ca9f6938375db235b431a79e41f2981ae95eed18325b4dc24f05cd45e8993,9.430310845375061,128,128,True,True,False,"[222,12802,42905,130864,125489,13,35509,40281,24897,126291,92192,126270,33704,126174,144210,20401,136089,77353,85057,17877,126563,82190,126174,144210,20401,126174,17877,81718,136892,16560,126174,144210,17877,45130,109,33883,126174,144210,17877,46319,65238,42905,130864,125489,13,35509,40281,24897,126291,92192,126270,33704,126174,144210,20401,136089,77353,85057,17877,126563,82190,126174,144210,20401,126174,17877,81718,136892,16560,126174,144210,17877,45130,109,33883,126174,144210,17877,46319,65238,42905,130864,125489,13,35509,40281,24897,126291,92192,126270,33704,126174,144210,20401,136089,77353,85057,17877,126563,82190,126174,144210,20401,126174,17877,81718,136892,16560,126174,144210,17877,45130,109,33883,126174,144210,17877,46319,65238,42905,130864,125489,13,35509,40281,24897,126291,92192]",42,208,129,166,121,108,13,2.5714285714285716,0.10743801652892562,1.0078125,1.296875,0.9453125,8,7,0.19047619047619047,"{""1"":1,""2"":5,""3"":2}",124,18,0.14516129032258066,0.2124779988080263,0.2134591843932867,1.193289315328002,121,13
WIKIPEDIA,P1,ALL_MORPH_BOUNDARY_GUARD,305,74f554253ba79bf4e2e5705b0ef9bd562044f3411ef308617195b123566222cf,8.676528671756387,128,128,True,True,False,"[23872,121,126299,128836,13,220,16,24,24,19,126216,220,16,128514,220,16,32077,11,220,16,22,41429,20401,37195,62618,17380,220,16,32,56475,5140,41902,144687,128836,13,220,16,24,24,19,126216,220,16,15,128514,220,16,32077,11,220,16,23,41429,20401,37195,62618,17380,220,17,32,56475,5140,41902,144687,128836,13,220,16,24,24,20,126216,220,16,15,128514,220,16,32077,11,220,16,24,41429,20401,37195,62618,17380,220,18,32,56475,5140,41902,144687,128836,13,220,16,24,24,21,126216,220,16,15,128514,220,16,32077,11,220,17,15,41429,20401,37195,62618,17380,220,19,32,56475,5140,41902,144687,128836,13]",37,182,129,145,128,118,10,3.189189189189189,0.078125,1.0078125,1.1328125,1.0,0,0,0.0,{},108,22,0.2037037037037037,0.11375846527516842,0.11456351354718208,1.059707274660468,128,10
WIKIPEDIA,P1,ALL_MORPH_BOUNDARY_GUARD,309,cbdcc7f7c9ea2a88b6404d1d85d5b01144de344e5defa308c1c809d3a04dac43,8.109024008736014,128,128,True,True,False,"[131040,126800,139269,63089,16560,220,17,15,16,23,126216,220,16,128514,220,16,32077,126558,220,17,15,17,15,126216,220,16,17,128514,220,18,16,32077,128878,220,17,126216,62275,130092,126800,130137,131293,129262,52959,29346,18411,143497,51876,624,17,15,16,23,126216,220,16,128514,220,16,32077,126558,220,17,15,17,15,126216,220,16,17,128514,220,18,16,32077,128878,220,17,126216,62275,130092,126800,130137,131293,129262,52959,29346,18411,143497,51876,624,17,15,16,23,126216,220,16,128514,220,16,32077,126558,220,17,15,17,15,126216,220,16,17,128514,220,18,16,32077,128878,220,17,126216,62275,130092,126800,130137,131293,129262,52959,29346]",34,168,129,134,128,123,5,3.6176470588235294,0.0390625,1.0078125,1.046875,1.0,0,0,0.0,{},100,18,0.18,0.1319049820303917,0.13259200751781464,0.9474003482609987,128,5
WIKIPEDIA,P1,ALL_MORPH_BOUNDARY_GUARD,318,1ce00a5684b46f97baed96b36816d2f7d8f6dc43818fd073745d5ddd1d171a90,9.236623078584671,128,128,True,True,False,"[126591,29326,16560,126174,29281,88259,126346,42039,26698,20401,142452,23573,12802,126322,32077,129330,13,220,17,15,16,20,126216,220,16,17,128514,220,17,20,32077,11,136905,134990,29326,16560,220,17,15,16,21,126216,220,16,128514,220,16,32077,126558,220,17,15,16,21,126216,220,16,17,128514,220,18,16,32077,128878,220,16,126216,62275,127820,126591,29326,17380,73523,141676,133381,13,220,17,15,16,21,126216,220,16,128514,220,16,32077,126558,220,17,15,16,21,126216,220,16,17,128514,220,18,16,32077,128878,16560,136905,134990,29326,20401,126174,29281,88259,126346,17877,127820,126591,29326,17380,73523,141676,23573,136905,134990,29326,19969,134808,136905,134990]",42,208,129,166,127,102,25,2.4285714285714284,0.1968503937007874,1.0078125,1.296875,0.9921875,2,1,0.047619047619047616,"{""2"":1,""3"":1}",124,16,0.12903225806451613,0.1514499932527542,0.15234865993261337,1.1814158894121647,127,25
WIKIPEDIA,P1,ALL_MORPH_BOUNDARY_GUARD,320,1f8ebc1a77efe625563e2cb88fdc629da9588b7dc64d346319c0be31c618d509,8.345622204244137,128,128,True,True,False,"[64577,59698,88259,17380,11,129392,16560,64577,59698,88259,11,127820,126591,25715,59698,47985,16560,64577,59698,88259,11,127820,126591,25715,59698,29326,16560,64577,59698,88259,17380,136239,132306,13,64577,59698,88259,16560,64577,59698,88259,17380,136239,132306,13,64577,59698,88259,16560,64577,59698,88259,17380,136239,132306,13,64577,59698,88259,16560,64577,59698,88259,17380,136239,132306,13,64577,59698,88259,16560,64577,59698,88259,17380,136239,132306,13,64577,59698,88259,16560,64577,59698,88259,17380,136239,132306,13,64577,59698,88259,16560,64577,59698,88259,17380,136239,132306,13,64577,59698,88259,16560,64577,59698,88259,17380,136239,132306,13,64577,59698,88259,16560,64577,59698,88259,17380,136239,132306,13,64577,59698,88259,16560,64577,59698]",36,177,129,141,128,121,7,3.361111111111111,0.0546875,1.0078125,1.1015625,1.0,0,0,0.0,{},105,7,0.06666666666666667,0.15163139626383781,0.15241272747516632,1.001502349972725,128,7
WIKIPEDIA,P1,ALL_MORPH_BOUNDARY_GUARD,324,12f418c81947dbadf106fe231f0af4f2df0235c1a7dea0eea490f95d1ee926b3,9.585224544629455,128,128,True,True,False,"[128901,5140,116,234,50340,128732,20401,60960,126402,48431,131893,31328,5140,116,234,50340,128732,3315,65291,129616,144063,50340,5349,14042,1103,356,562,580,7924,8,20401,60960,126414,139822,42039,65553,238,28002,138630,83277,90686,13,54825,20401,45130,94,128901,5140,116,234,50340,128732,20401,60960,126402,48431,131893,31328,5140,116,234,50340,128732,3315,65291,129616,144063,50340,5349,14042,1103,356,562,580,7924,8,20401,60960,126414,139822,42039,65553,238,28002,138630,83277,90686,13,54825,20401,45130,94,128901,5140,116,234,50340,128732,20401,60960,126402,48431,131893,31328,5140,116,234,50340,128732,3315,65291,129616,144063,50340,5349,14042,1103,356,562,580,7924,8,20401,60960,126414,139822,42039,65553]",44,217,129,173,125,109,16,2.477272727272727,0.128,1.0078125,1.3515625,0.9765625,3,3,0.06818181818181818,"{""1"":1,""2"":1,""3"":1}",129,21,0.16279069767441862,0.2124839499592781,0.21336357668042183,1.2414437904953957,125,16
WIKIPEDIA,P1,ALL_MORPH_BOUNDARY_GUARD,329,7a8b2b90dcf67bc5f67fcf992e58f3120fbf17177d365c60e1ca063ea409b8d2,10.39696186222136,128,128,True,True,False,"[126270,135092,19391,136009,133553,49543,16560,35509,126299,47985,19969,134015,47836,53618,16560,141762,10764,252,62618,68232,26699,129264,129112,13,134084,129093,136913,42905,133553,49543,16560,141762,10764,252,62618,68232,26699,126204,90686,13,129093,136913,42905,133553,49543,20401,49052,10764,252,246,20401,74808,129321,33704,129093,136913,20401,141482,42039,126558,133553,49543,20401,98987,19391,126629,34143,105,50340,21329,137621,129093,136913,42905,133553,49543,20401,141482,19391,68232,26699,42905,10764,252,62618,129093,136913,20401,141482,28754,130939,129112,382,54321,136913,42905,133553,49543,20401,49052,10764,252,246,20401,74808,129321,33704,129093,136913,20401,141482,42039,126558,133553,49543,20401,98987,19391,126629,34143,105,50340,21329,137621,129093,136913,42905,133553]",49,242,129,193,121,93,28,1.8979591836734695,0.23140495867768596,1.0078125,1.5078125,0.9453125,9,7,0.1836734693877551,"{""1"":3,""2"":1,""3"":5}",144,16,0.1111111111111111,0.2855039779096842,0.28681861609220505,1.3859452158212662,121,28
WIKIPEDIA,P1,ALL_MORPH_BOUNDARY_GUARD,330,eda994a06370fe22b619699aeae6101f1d6bd07a32f51dbe1fbdd32939421e1f,9.589781740680337,128,128,True,True,False,"[132377,11,129093,125512,28754,33704,129093,136913,17877,128956,133553,49543,19969,129093,136913,17877,53900,21329,135201,90686,32290,11,129093,136913,17877,53900,125476,16560,10764,252,246,42039,68232,26699,42905,10764,252,246,125489,13,129093,136913,17877,128956,133553,49543,19969,129093,136913,17877,53900,21329,135201,90686,32290,11,129093,136913,17877,53900,125476,16560,10764,252,246,42039,68232,26699,42905,10764,252,246,125489,13,129093,136913,17877,128956,133553,49543,19969,129093,136913,17877,53900,21329,135201,90686,32290,11,129093,136913,17877,53900,125476,16560,10764,252,246,42039,68232,26699,42905,10764,252,246,125489,13,129093,136913,17877,128956,133553,49543,19969,129093,136913,17877,53900,21329,135201,90686,32290,11,129093,136913,17877,53900]",42,210,129,168,126,109,17,2.5952380952380953,0.1349206349206349,1.0078125,1.3125,0.984375,2,2,0.047619047619047616,"{""3"":2}",126,84,0.6666666666666666,0.44617244973778725,0.44718050211668015,1.1765372846275568,126,17
WIKIPEDIA,P1,ALL_MORPH_BOUNDARY_GUARD,331,3aeeeaa3723cf26d44c58fb3d0abd786eafd8f56463ffc26819fc5be14967063,9.901725605130196,128,128,True,True,False,"[49543,42905,128584,130651,11,126310,83036,168,77047,18411,54116,126641,42039,134585,58677,129695,144091,130864,17877,73523,126835,42905,128900,13,23084,16560,126310,83036,168,77047,20401,139052,129044,56290,18411,130039,126310,83036,168,77047,58677,129695,144091,17877,40720,42905,129304,84255,81650,127483,17877,126310,83036,168,77047,58677,129695,144091,42039,81718,136892,16560,128584,130651,11,126310,83036,168,77047,58677,129695,144091,17877,40720,42905,84255,81650,127483,17877,134585,58677,129695,144091,130864,42039,81718,136892,16560,128900,13,23084,16560,126310,83036,168,77047,58677,129695,144091,17877,40720,42905,84255,81650,127483,17877,134585,58677,129695,144091,130864,42039,81718,136892,16560,128584,130651,11,126310,83036,168,77047,58677,129695,144091,17877,40720,42905]",46,229,129,183,120,104,16,2.260869565217391,0.13333333333333333,1.0078125,1.4296875,0.9375,9,8,0.1956521739130435,"{""1"":5,""2"":2,""3"":2}",137,15,0.10948905109489052,0.2362098414450884,0.23731315322220325,1.2947573103010654,120,16
WIKIPEDIA,P1,ALL_MORPH_BOUNDARY_GUARD,337,ac4c1053ad71d1efd9119f691eba70315f6610a8341e2c138fcd6271f454ed1c,8.527915824204683,128,128,True,True,False,"[124970,130999,87425,135201,11,126799,20401,47818,125991,53680,138704,19391,124970,130999,136305,128900,13,20136,247,35530,33704,47818,126251,124632,80968,11,130592,80968,11,53435,56290,80968,11,28927,105,28002,80968,85997,31328,19391,136009,126440,129321,17877,83596,16560,13146,13,20136,247,35530,33704,47818,126251,124632,80968,11,130592,80968,11,53435,56290,80968,11,28927,105,28002,80968,85997,31328,19391,136009,126440,129321,17877,83596,16560,13146,13,20136,247,35530,33704,47818,126251,124632,80968,11,130592,80968,11,53435,56290,80968,11,28927,105,28002,80968,85997,31328,19391,136009,126440,129321,17877,83596,16560,13146,13,20136,247,35530,33704,47818,126251,124632,80968,11,130592,80968,11,53435,56290,80968,11,28927,105]",37,183,129,146,126,116,10,3.135135135135135,0.07936507936507936,1.0078125,1.140625,0.984375,3,2,0.08108108108108109,"{""2"":1,""3"":2}",109,7,0.06422018348623854,0.13874280080199242,0.1395913828164339,1.0340529754757881,126,10
WIKIPEDIA,P1,ALL_MORPH_BOUNDARY_GUARD,349,48b8de27ed6f821caa4ae4139e69b140f6275965beebbe7a876876464a234348,8.255433470010757,128,128,True,True,False,"[124517,12802,95996,129062,23573,131937,42039,11,27767,105,125522,127165,108,124517,12802,95996,129062,23573,131937,42039,11,27767,105,125522,127165,108,124517,12802,95996,129062,23573,131937,42039,11,27767,105,125522,127165,108,124517,12802,95996,129062,23573,131937,42039,11,27767,105,125522,127165,108,124517,12802,95996,129062,23573,131937,42039,11,27767,105,125522,127165,108,124517,12802,95996,129062,23573,131937,42039,11,27767,105,125522,127165,108,124517,12802,95996,129062,23573,131937,42039,11,27767,105,125522,127165,108,124517,12802,95996,129062,23573,131937,42039,11,27767,105,125522,127165,108,124517,12802,95996,129062,23573,131937,42039,11,27767,105,125522,127165,108,124517,12802,95996,129062,23573,131937,42039,11,27767,105,125522]",35,172,129,137,128,123,5,3.5142857142857142,0.0390625,1.0078125,1.0703125,1.0,0,0,0.0,{},102,21,0.20588235294117646,0.16476810537278652,0.16552027873694897,0.9783281907439232,128,5
WIKIPEDIA,P1,ALL_MORPH_BOUNDARY_GUARD,352,a98de64ba20c4145cb29f470fd3c39dfa4a1f5bc637eb567d9f1f78f7dca098d,8.669869652017951,128,128,True,True,False,"[116,12802,18411,135513,95218,16560,139052,20487,126270,33704,139107,135898,382,56039,33861,20401,28927,255,127475,79716,20401,83556,198,56039,33861,20401,28927,255,127475,79716,20401,83556,33704,220,16,15,12,24,76,125489,13,23084,16560,220,16,15,15,15,15,15,15,15,15,79716,20401,220,16,76,125489,13,23084,16560,220,16,15,15,15,15,15,15,15,15,79716,20401,220,16,76,12802,220,16,15,15,15,15,15,15,15,15,79716,20401,220,16,76,12802,220,16,15,15,15,15,15,15,15,15,79716,20401,220,16,76,12802,220,16,15,15,15,15,15,15,15,15,79716,20401,220,16,76,12802,220,16]",38,188,129,150,124,113,11,2.973684210526316,0.08870967741935484,1.0078125,1.171875,0.96875,4,4,0.10526315789473684,"{""1"":2,""2"":1,""3"":1}",112,16,0.14285714285714285,0.13127019442617893,0.13211599551141262,1.0643972605466843,124,11
WIKIPEDIA,P1,ALL_MORPH_BOUNDARY_GUARD,355,9d78fae9f4b84a8d2f1fb301fad3e6b1fa8f12fdde56526f83104a6c8165a612,10.775328565388918,128,128,True,True,False,"[23,126216,220,16,15,128514,220,16,32077,128605,125496,124785,36055,63089,19969,74361,250,131529,20487,17380,124973,131777,87737,23573,136331,17380,128605,125496,124785,20401,125466,76337,124973,20487,17380,40720,130357,90686,624,86372,131529,135854,220,16,24,16,17,126216,65510,125519,62071,16,66845,74884,243,126429,126337,12802,74361,250,131529,20487,20401,129392,126246,17877,62071,29281,82190,40720,126063,127378,11,220,16,24,16,24,126216,65510,125519,62071,17,66845,74884,243,36055,125535,26699,12802,74361,250,131529,20487,20401,129392,126246,17877,87737,82190,40720,134002,13,220,16,24,19,23,126216,220,16,15,128514,220,16,32077,128605,125496,124785,36055,63089,19969,74361,250,131529,20487,17380,124973]",53,265,129,212,124,90,34,1.6981132075471699,0.27419354838709675,1.0078125,1.65625,0.96875,5,4,0.09433962264150944,"{""1"":3,""2"":1,""3"":1}",159,25,0.15723270440251572,0.21703176386654377,0.21827008575201035,1.4781411085277796,124,34
WIKIPEDIA,P1,ALL_MORPH_BOUNDARY_GUARD,356,574092f95e772799300592bc8b9cd124a94b33fdba07d8195ecbb5534d2f4552,8.343522990122437,128,128,True,True,False,"[144262,11,54248,132947,12802,24897,11,135420,28002,140891,57852,124781,11,135420,28002,140891,128618,129150,11,135420,28002,140891,57852,124781,11,135420,28002,140891,128618,129150,11,135420,28002,140891,57852,124781,11,135420,28002,140891,128618,129150,11,135420,28002,140891,57852,124781,11,135420,28002,140891,128618,129150,11,135420,28002,140891,57852,124781,11,135420,28002,140891,128618,129150,11,135420,28002,140891,57852,124781,11,135420,28002,140891,128618,129150,11,135420,28002,140891,57852,124781,11,135420,28002,140891,128618,129150,11,135420,28002,140891,57852,124781,11,135420,28002,140891,128618,129150,11,135420,28002,140891,57852,124781,11,135420,28002,140891,128618,129150,11,135420,28002,140891,57852,124781,11,135420,28002,140891,128618,129150,11,135420]",35,172,129,137,128,123,5,3.5142857142857142,0.0390625,1.0078125,1.0703125,1.0,0,0,0.0,{},102,0,0.0,0.13422866351902485,0.13499758020043373,0.9912640172988176,128,5
WIKIPEDIA,P1,ALL_MORPH_BOUNDARY_GUARD,359,b508a40cc2349a0fe0806b6fc57cd80700b0a565c997b08a56065d26dc6b173a,8.994030712172389,128,128,True,True,False,"[85251,84255,81650,53442,144276,139957,31079,125489,13,73986,54330,143279,47665,254,12802,125545,33704,220,16,24,24,21,126216,220,16,15,128514,220,16,32077,19391,142234,133381,13,73986,54330,143279,47665,254,12802,125545,33704,220,16,24,24,22,126216,220,16,15,128514,220,16,32077,19391,95577,12802,81133,17380,43590,126445,28626,73986,54330,143279,141767,144293,89235,57268,220,21,13,15,19391,133970,133381,13,73986,54330,143279,47665,254,12802,125545,33704,220,16,24,24,23,126216,220,16,15,128514,220,16,32077,19391,95577,12802,81133,17380,43590,126445,28626,73986,54330,143279,141767,144293,89235,57268,220,21,13,20,19391,133970,133381,13,73986,54330,143279,47665,254,12802]",39,195,129,156,126,112,14,2.871794871794872,0.1111111111111111,1.0078125,1.21875,0.984375,2,2,0.05128205128205128,"{""2"":2}",117,14,0.11965811965811966,0.14350920170545578,0.14434085600078106,1.1112672910094261,126,14
WIKIPEDIA,P1,ALL_MORPH_BOUNDARY_GUARD,363,a85cc0943047464894a50eff3d8216ecefee637248e76e49b6bc458480227bb5,9.077085359022021,128,128,True,True,False,"[60960,126414,128533,131698,16560,126310,65865,124632,11,47818,28002,124632,11,47818,86372,124632,11,47818,126251,124632,11,28927,105,28002,124632,11,130592,124632,11,58677,97929,124632,11,53435,56290,124632,11,139957,31079,124632,11,136608,124632,11,48364,254,124632,11,136994,124632,11,43115,37087,124632,11,125714,124632,11,125714,125880,11,95617,125880,11,125714,89235,31079,124632,11,125714,89235,31079,11,125714,89235,31079,124632,11,125714,89235,31079,11,125714,89235,31079,124632,11,125714,89235,31079,11,125714,89235,31079,124632,11,125714,89235,31079,11,125714,89235,31079,124632,11,125714,89235,31079,11,125714,89235,31079,124632,11,125714,89235,31079,11,125714,89235,31079,124632,11,125714,89235,31079,11,125714]",41,203,129,162,128,103,25,2.5121951219512195,0.1953125,1.0078125,1.265625,1.0,0,0,0.0,{},121,13,0.10743801652892562,0.1652817465364933,0.16613232344388962,1.1418994795531034,128,25
WIKIPEDIA,P1,ALL_MORPH_BOUNDARY_GUARD,365,1e1c070b1bef2ab6e396aacad9bcf73b98a4d981786498898ae24776ee73b710,9.210956556722522,128,128,True,True,False,"[143964,125569,67511,126251,47985,133970,51876,13,138266,125569,67511,126251,20401,142497,33704,125569,67511,128739,126270,19391,136009,62071,23573,128841,125569,67511,126251,53680,138266,139844,57801,126563,12802,143964,125569,67511,126251,20401,58777,79716,17877,130345,133085,125511,53900,20487,130039,62071,29281,133381,13,138266,125569,67511,126251,20401,142497,33704,125569,67511,128739,126270,19391,136009,62071,23573,128841,125569,67511,126251,53680,138266,139844,57801,126563,12802,143964,125569,67511,126251,20401,58777,79716,17877,130345,133085,125511,53900,20487,130039,62071,29281,133381,382,25715,125522,125569,67511,126251,20401,142497,33704,125569,67511,128739,126270,19391,136009,62071,23573,128841,125569,67511,126251,53680,138266,139844,57801,126563,12802,143964,125569,67511,126251,20401,58777,79716,17877]",41,202,129,161,126,111,15,2.707317073170732,0.11904761904761904,1.0078125,1.2578125,0.984375,4,2,0.0975609756097561,"{""1"":1,""2"":2,""3"":1}",120,12,0.1,0.1807563193142414,0.18175853975117207,1.1637563463300467,126,15
WIKIPEDIA,P1,ALL_MORPH_BOUNDARY_GUARD,368,5a0cca804af9a4ba6291e79c3501702339667f91c37e1faee815f787fa38faf0,9.614814758300781,128,128,True,True,False,"[126216,220,16,128514,19391,142209,242,230,43590,24897,84255,17380,144644,28626,17380,142209,242,230,43590,24897,126291,126445,28626,144025,31079,54116,125880,129640,61741,56041,40,8,19391,77002,49664,128836,13,220,17,15,15,18,126216,220,16,17,128514,220,16,32077,142209,242,230,34992,44680,242,120,24897,220,16,13,16,13,16,86831,65865,12802,36330,250,29326,133245,127378,11,220,17,15,15,19,126216,220,16,128514,220,16,32077,142209,242,230,34992,44680,242,120,24897,220,16,13,16,13,17,86831,65865,12802,36330,250,29326,133381,13,220,17,15,15,19,126216,220,16,17,128514,220,16,32077,142209,242,230,34992,44680,242,120,24897]",45,225,129,180,127,100,27,2.2222222222222223,0.2125984251968504,1.0078125,1.40625,0.9921875,1,1,0.022222222222222223,"{""2"":1}",135,35,0.25925925925925924,0.1870240606367588,0.1879587583243847,1.2474050670862198,127,27
WIKIPEDIA,P1,ALL_MORPH_BOUNDARY_GUARD,377,a817644700090caea23a3c2c6afa118462716027a9c1c7d7ed0ea3df63fac4d3,8.631666991859674,128,128,True,True,False,"[239,130765,80901,128555,60716,144120,130939,129112,13,60716,144120,33704,143522,44518,24897,127649,20401,63332,126246,17877,45710,129640,42905,126174,80901,17380,11,143522,44518,24897,127649,20401,63332,126246,17877,45710,129640,42905,126174,80901,17380,11,143522,44518,24897,127649,20401,63332,126246,17877,45710,129640,42905,126174,80901,17380,11,143522,44518,24897,127649,20401,63332,126246,17877,45710,129640,42905,126174,80901,17380,11,143522,44518,24897,127649,20401,63332,126246,17877,45710,129640,42905,126174,80901,17380,11,143522,44518,24897,127649,20401,63332,126246,17877,45710,129640,42905,126174,80901,17380,11,143522,44518,24897,127649,20401,63332,126246,17877,45710,129640,42905,126174,80901,17380,11,143522,44518,24897,127649,20401,63332,126246,17877,45710,129640,42905]",37,184,129,147,121,117,4,3.1621621621621623,0.03305785123966942,1.0078125,1.1484375,0.9453125,8,7,0.21621621621621623,"{""1"":1,""2"":1,""3"":6}",110,3,0.02727272727272727,0.13761325925588608,0.13851634413003922,1.0422818418592215,121,4
WIKIPEDIA,P1,ALL_MORPH_BOUNDARY_GUARD,379,c3be02a96658456b9b332ff2276bc76869acd89913d1a352517429db045a3eb6,9.054029332473874,128,128,True,True,False,"[198,55054,65865,20401,142497,33704,138373,56475,130887,137769,135513,138097,13146,13,138373,20401,32129,65865,33704,220,16,24,41429,20487,126254,19391,95996,65865,134002,13,220,16,24,41429,20487,126254,19391,138373,20401,32129,65865,33704,220,16,24,41429,20487,126254,19391,95996,65865,134002,13,220,16,24,41429,20487,126254,19391,138373,20401,32129,65865,33704,220,16,24,41429,20487,126254,19391,95996,65865,134002,13,220,16,24,41429,20487,126254,19391,138373,20401,32129,65865,33704,220,16,24,41429,20487,126254,19391,95996,65865,134002,13,220,16,24,41429,20487,126254,19391,138373,20401,32129,65865,33704,220,16,24,41429,20487,126254,19391,95996,65865,134002,13,220,16,24,41429,20487,126254]",40,197,129,157,128,114,14,2.85,0.109375,1.0078125,1.2265625,1.0,0,0,0.0,{},117,12,0.10256410256410256,0.16115770116448402,0.16208698600530624,1.138542726635933,128,14
WIKIPEDIA,P1,ALL_MORPH_BOUNDARY_GUARD,383,de4d7317db0d123b62d11d4054f21ac25ac9bf587da630a45768512c83a0dea4,9.122889360412955,128,128,True,True,False,"[8,129615,84255,81650,127483,12802,220,16,24,23,15,126216,66845,83315,126641,19391,36330,250,29326,133245,127378,11,54825,136331,17380,129875,129547,144074,84255,81650,127483,12802,36330,250,29326,133381,13,220,16,24,24,15,126216,66845,83315,126641,126377,220,18,35,84255,81650,127483,12802,130966,36330,250,29326,133245,33509,60315,11,220,16,24,24,15,126216,66845,70943,126641,126558,16560,220,17,35,84255,81650,127483,12802,220,18,35,84255,81650,127483,129885,126366,130966,36330,250,29326,133381,13,220,17,15,15,15,126216,66845,83315,126641,126377,220,18,35,84255,81650,127483,12802,131170,220,17,35,84255,81650,127483,129885,126366,130966,36330,250,29326,133381,13,220,17]",39,195,129,156,125,110,15,2.8205128205128207,0.12,1.0078125,1.21875,0.9765625,4,3,0.10256410256410256,"{""2"":2,""3"":2}",117,19,0.1623931623931624,0.1921002957969904,0.1930217742919922,1.1168235186487436,125,15
WIKIPEDIA,P1,ALL_MORPH_BOUNDARY_GUARD,390,551f0cde62b24efd28188d421b8d9710de200ba46730550fc05ddf0247d95417,8.485925041139126,128,128,True,True,False,"[29346,142496,220,90486,26698,129419,47665,94,33861,220,74884,222,220,136541,20401,141767,144033,50340,144238,33704,139107,131050,36055,20401,132306,382,57026,20487,26698,220,143861,242,47665,94,33861,220,74884,222,220,136541,20401,126804,47985,125489,13,23084,16560,47665,94,33861,220,74884,222,220,136541,20401,66136,80968,125489,13,23084,16560,47665,94,33861,220,74884,222,220,136541,20401,66136,80968,17877,135513,95218,16560,139052,20487,126270,125489,13,23084,16560,47665,94,33861,220,74884,222,220,136541,20401,66136,80968,17877,135513,95218,16560,139052,20487,126270,125489,13,23084,16560,47665,94,33861,220,74884,222,220,136541,20401,66136,80968,17877,135513,95218,16560,139052,20487,126270,125489,13,23084,16560]",39,194,129,155,124,112,12,2.871794871794872,0.0967741935483871,1.0078125,1.2109375,0.96875,4,4,0.10256410256410256,"{""2"":3,""3"":1}",116,41,0.35344827586206895,0.23504598252475262,0.23589560948312283,1.0364900194108486,124,12
WIKIPEDIA,P1,ALL_MORPH_BOUNDARY_GUARD,396,abb335de51d31387c63a9a045ea94a0f1439e0a032137e2c746ec9bd8e70f35c,9.832545606419444,128,128,True,True,False,"[246,17877,3315,116,94,29281,134002,13,60985,245,246,98801,11,129419,56419,16186,136541,20401,126352,28002,19969,220,16,15,130609,132376,251,19969,126559,10764,252,246,33704,220,16,15,15,130609,129423,43590,136305,129337,142300,134002,13,23084,16560,129419,56419,16186,136541,20401,126352,28002,19969,62071,144238,19391,63757,70582,131000,136305,129337,132989,51876,13,23084,16560,3315,123,101,144371,20401,126785,135092,42039,36055,28002,133381,382,144561,144371,126785,135092,20401,28733,76337,715,144561,144371,126785,135092,33704,139107,131050,139053,132306,382,57026,20487,26698,220,143861,242,129419,56419,16186,136541,20401,126352,28002,11,220,143861,242,129419,56419,16186,20401,56419,16186,131837,11,220,143861,242,56419,16186]",50,247,129,197,126,92,34,1.84,0.2698412698412698,1.0078125,1.5390625,0.984375,4,2,0.08,"{""1"":2,""3"":2}",147,44,0.29931972789115646,0.24069176614284515,0.24182475544512272,1.3287916295230389,126,34
WIKIPEDIA,P1,ALL_MORPH_BOUNDARY_GUARD,398,7b4e03ef0e2398942f3f8414702a8f67fe8e5878b2023b70b0b18a3ffbe9f84f,8.188803285360336,128,128,True,True,False,"[94,33861,125489,13,143861,242,139052,32290,362,45710,20401,126785,125519,144814,33861,125489,13,143861,242,139052,32290,362,45710,20401,48108,112,80968,125489,13,143861,242,139052,32290,362,45710,20401,126785,125519,144814,33861,20401,66136,80968,125489,13,143861,242,139052,32290,362,45710,20401,48108,112,80968,125489,13,143861,242,139052,32290,362,45710,20401,126785,125519,144814,33861,125489,13,143861,242,139052,32290,362,45710,20401,48108,112,80968,125489,13,143861,242,139052,32290,362,45710,20401,126785,125519,144814,33861,125489,13,143861,242,139052,32290,362,45710,20401,48108,112,80968,125489,13,143861,242,139052,32290,362,45710,20401,126785,125519,144814,33861,125489,13,143861,242,139052,32290,362,45710,20401,48108]",38,187,129,149,125,116,9,3.0526315789473686,0.072,1.0078125,1.1640625,0.9765625,3,3,0.07894736842105263,"{""1"":2,""3"":1}",111,25,0.22522522522522523,0.15471111983060837,0.15560786426067352,1.0043554548174143,125,9
WIKIPEDIA,P1,ALL_MORPH_BOUNDARY_GUARD,417,e2b8ecbe9a4a8665d1751c0fa4decc91fc307eeea7c23384236c695b827b5d2c,10.074997443705797,128,128,True,True,False,"[52959,16560,74361,250,52959,127559,7,100521,110865,11,28860,16576,8,17877,131582,85403,129439,138020,126440,126345,17877,83596,16560,13146,13,54969,131347,97929,16560,220,16,24,24,15,126216,66845,19391,142300,52300,5140,45881,144305,52959,84667,28002,129616,20401,54969,131347,97929,31328,330,52959,125548,144745,131131,60315,54969,131347,97929,7,109192,102377,102176,21515,9940,18411,62071,128792,126204,16560,220,16,24,24,15,126216,66845,136331,19391,142300,52300,54969,131347,97929,16560,130593,5140,45881,144305,52959,84667,28002,129616,19391,127166,34395,90686,13,54969,131347,97929,16560,220,16,24,24,15,126216,66845,19391,142300,52300,5140,45881,144305,52959,84667,28002,129616,20401,54969,131347,97929,31328,330,52959,125548]",52,258,129,206,125,90,35,1.7307692307692308,0.28,1.0078125,1.609375,0.9765625,3,3,0.057692307692307696,"{""2"":2,""3"":1}",154,16,0.1038961038961039,0.18599588982760906,0.18704391829669476,1.3809966575354338,125,35
WIKIPEDIA,P1,ALL_MORPH_BOUNDARY_GUARD,418,12b68832d675fba33005ec5a16f5eb7e1f60f992b7b4308221b15535df1d2f9d,7.781645545735955,128,128,True,True,False,"[128836,13,126322,126251,124632,20401,142497,33704,220,16,23,41429,20487,70943,126641,19391,133396,128836,13,126322,126251,124632,20401,142497,33704,220,16,23,41429,20487,70943,126641,19391,133396,128836,13,126322,126251,124632,20401,142497,33704,220,16,23,41429,20487,70943,126641,19391,133396,128836,13,126322,126251,124632,20401,142497,33704,220,16,23,41429,20487,70943,126641,19391,133396,128836,13,126322,126251,124632,20401,142497,33704,220,16,23,41429,20487,70943,126641,19391,133396,128836,13,126322,126251,124632,20401,142497,33704,220,16,23,41429,20487,70943,126641,19391,133396,128836,13,126322,126251,124632,20401,142497,33704,220,16,23,41429,20487,70943,126641,19391,133396,128836,13,126322,126251,124632,20401,142497,33704,220]",35,173,129,138,128,123,5,3.5142857142857142,0.0390625,1.0078125,1.078125,1.0,0,0,0.0,{},103,11,0.10679611650485436,0.11656725220382214,0.11734544858336449,0.9245689883828163,128,5
WIKIPEDIA,P1,ALL_MORPH_BOUNDARY_GUARD,425,1f8e12a4832f83d55af0bafb40de4f70e8921cf86581761e2bc02335a2f62c9e,7.919816952198744,128,128,True,True,False,"[198,16,24,15,22,126216,77353,131529,198,16,24,15,22,126216,137116,198,16,24,15,22,126216,55838,250,50340,125544,198,16,24,15,22,126216,53435,124632,143586,198,16,24,15,22,126216,53435,124632,143586,198,16,24,15,22,126216,53435,124632,143586,198,16,24,15,22,126216,53435,124632,143586,198,16,24,15,22,126216,53435,124632,143586,198,16,24,15,22,126216,53435,124632,143586,198,16,24,15,22,126216,53435,124632,143586,198,16,24,15,22,126216,53435,124632,143586,198,16,24,15,22,126216,53435,124632,143586,198,16,24,15,22,126216,53435,124632,143586,198,16,24,15,22,126216,53435,124632,143586,198,16,24,15]",36,179,129,143,128,121,7,3.361111111111111,0.0546875,1.0078125,1.1171875,1.0,0,0,0.0,{},107,15,0.14018691588785046,0.07683009468019009,0.07741576246917248,0.9586768578737974,128,7
WIKIPEDIA,P1,ALL_MORPH_BOUNDARY_GUARD,436,9e085b274373dc949c59950806708598a22d36aa98941eba97ca4ffffc414f8d,8.283878805115819,128,128,True,True,False,"[124632,56475,126440,31079,124632,142220,17380,129242,125545,134002,13,54825,16560,220,16,24,20,15,126216,66845,126558,220,16,24,21,15,126216,66845,128878,126440,124785,20401,60960,124632,56475,126440,31079,124632,142220,17380,129242,125545,126063,127378,11,220,16,24,21,15,126216,66845,126558,220,16,24,22,15,126216,66845,128878,16560,126440,124785,20401,60960,124632,56475,126440,31079,124632,142220,17380,129242,125545,134002,13,54825,16560,220,16,24,20,15,126216,66845,126558,220,16,24,21,15,126216,66845,128878,126440,124785,20401,60960,124632,56475,126440,31079,124632,142220,17380,129242,125545,126063,127378,11,220,16,24,21,15,126216,66845,126558,220,16,24,22,15,126216,66845,128878,16560]",38,189,129,151,127,114,13,3.0,0.10236220472440945,1.0078125,1.1796875,0.9921875,1,1,0.02631578947368421,"{""2"":1}",113,8,0.07079646017699115,0.13042129017412663,0.1311952844262123,1.0132998451590538,127,13
WIKIPEDIA,P1,ALL_MORPH_BOUNDARY_GUARD,437,105f270d0d3f5a9473a847111f2f361b51070d524177b0cd41864be23b1f9d7e,7.716335523873568,128,128,True,True,False,"[66845,11,134312,117,21329,126321,11,32129,127559,11,127165,108,131893,11,32129,127559,11,32129,127559,11,32129,127559,11,32129,127559,11,32129,127559,11,32129,127559,11,32129,127559,11,32129,127559,11,32129,127559,11,32129,127559,11,32129,127559,11,32129,127559,11,32129,127559,11,32129,127559,11,32129,127559,11,32129,127559,11,32129,127559,11,32129,127559,11,32129,127559,11,32129,127559,11,32129,127559,11,32129,127559,11,32129,127559,11,32129,127559,11,32129,127559,11,32129,127559,11,32129,127559,11,32129,127559,11,32129,127559,11,32129,127559,11,32129,127559,11,32129,127559,11,32129,127559,11,32129,127559,11,32129,127559,11,32129,127559,11,32129,127559,11,32129,127559,11]",34,168,129,134,128,124,4,3.6470588235294117,0.03125,1.0078125,1.046875,1.0,0,0,0.0,{},100,0,0.0,0.1005951352417469,0.10124150291085243,0.9074401836842299,128,4
WIKIPEDIA,P1,ALL_MORPH_BOUNDARY_GUARD,438,8a712f52f519e4dc8ba1ca2f1856de55ddf960821a409fa43baca307df51a3ff,8.601283017545938,128,128,True,True,False,"[124905,11,23084,16560,65510,55902,20401,48364,247,132526,57089,126251,12802,37064,94,21329,17380,23084,57089,132537,5140,120,230,19969,76497,109,144106,33883,83277,26698,47818,133507,132091,57835,29281,132306,13,23084,16560,65510,55902,20401,48364,247,132526,57089,126251,12802,37064,94,21329,17380,23084,57089,132537,5140,120,230,19969,76497,109,144106,33883,83277,26698,47818,133507,132091,57835,29281,132306,13,23084,16560,65510,55902,20401,48364,247,132526,57089,126251,12802,37064,94,21329,17380,23084,57089,132537,5140,120,230,19969,76497,109,144106,33883,83277,26698,47818,133507,132091,57835,29281,132306,13,23084,16560,65510,55902,20401,48364,247,132526,57089,126251,12802,37064,94,21329,17380,23084,57089,132537,5140,120,230]",39,192,129,153,126,114,12,2.923076923076923,0.09523809523809523,1.0078125,1.1953125,0.984375,2,2,0.05128205128205128,"{""1"":1,""3"":1}",114,34,0.2982456140350877,0.25629513897001743,0.25709404423832893,1.0524837207049131,126,12
WIKIPEDIA,P1,ALL_MORPH_BOUNDARY_GUARD,439,9fe03a076b73e5be9d163899ef8c6ef62fe0cd601832f9519105fe3b71b7694d,8.2452886197716,128,128,True,True,False,"[93672,133553,144639,144548,17380,133553,126299,56475,5140,244,254,13146,83036,124905,11,5140,120,230,19969,129400,125068,23573,43115,138924,31079,97929,129885,126366,5140,117,254,125548,57801,85413,222,125545,32077,28733,90686,13,77353,138924,31079,97929,16560,5140,120,230,19969,129400,125068,23573,43115,138924,31079,97929,129885,126366,5140,117,254,125548,57801,85413,222,125545,32077,28733,90686,13,77353,138924,31079,97929,16560,5140,120,230,19969,129400,125068,23573,43115,138924,31079,97929,129885,126366,5140,117,254,125548,57801,85413,222,125545,32077,28733,90686,13,77353,138924,31079,97929,16560,5140,120,230,19969,129400,125068,23573,43115,138924,31079,97929,129885,126366,5140,117,254,125548,57801,85413,222,125545,32077,28733]",37,184,129,147,127,118,9,3.189189189189189,0.07086614173228346,1.0078125,1.1484375,0.9921875,1,1,0.02702702702702703,"{""3"":1}",110,24,0.21818181818181817,0.178926607593894,0.17965817265212536,0.9891737345606089,127,9
WIKIPEDIA,P1,ALL_MORPH_BOUNDARY_GUARD,441,cdb8487a6b25b394fc06a27eb5a9333148c77151699c39fef85c1e3423cda388,7.85263011418283,128,128,True,True,False,"[1323,4744,68,340,126429,129510,31079,126299,320,50,874,652,340,126429,129510,31079,126337,320,50,874,652,340,126429,129510,31079,126337,320,50,874,652,340,126429,129510,31079,126337,320,50,874,652,340,126429,129510,31079,126337,320,50,874,652,340,126429,129510,31079,126337,320,50,874,652,340,126429,129510,31079,126337,320,50,874,652,340,126429,129510,31079,126337,320,50,874,652,340,126429,129510,31079,126337,320,50,874,652,340,126429,129510,31079,126337,320,50,874,652,340,126429,129510,31079,126337,320,50,874,652,340,126429,129510,31079,126337,320,50,874,652,340,126429,129510,31079,126337,320,50,874,652,340,126429,129510,31079,126337,320,50,874]",35,172,129,137,128,122,6,3.4857142857142858,0.046875,1.0078125,1.0703125,1.0,1,0,0.02857142857142857,"{""2"":1}",102,0,0.0,0.1013819333165884,0.10204917192459106,0.9391973055899143,128,6
WIKIPEDIA,P1,ALL_MORPH_BOUNDARY_GUARD,442,f307875caa0ce15287edf8ff61aae8de086e7d0e07d01f45be0f494906408d73,8.071934157982469,128,128,True,True,False,"[59761,20401,5140,117,101,62275,77226,5140,117,245,136999,12802,90686,13,5140,117,245,136999,33704,220,16,59761,20401,5140,117,245,136999,12802,220,17,59761,20401,5140,117,245,136999,12802,220,18,59761,20401,5140,117,245,136999,12802,220,19,59761,20401,5140,117,245,136999,12802,220,20,59761,20401,5140,117,245,136999,12802,220,21,59761,20401,5140,117,245,136999,12802,220,22,59761,20401,5140,117,245,136999,12802,220,23,59761,20401,5140,117,245,136999,12802,220,24,59761,20401,5140,117,245,136999,12802,220,16,15,59761,20401,5140,117,245,136999,12802,220,16,16,59761,20401,5140,117,245,136999,12802,220,16,17,59761,20401,5140,117,245]",36,178,129,142,128,119,9,3.3055555555555554,0.0703125,1.0078125,1.109375,1.0,1,0,0.027777777777777776,"{""3"":1}",106,39,0.36792452830188677,0.18173761665821075,0.18240126594901085,0.9657552186399698,128,9
WIKIPEDIA,P1,ALL_MORPH_BOUNDARY_GUARD,445,b3887c832b1cfd2401ab846dd9cf22a1d9febe2fef78e848990a952304644082,9.139475731179118,128,128,True,True,False,"[126345,53680,129624,132064,20401,129624,52959,84667,28002,129616,60716,126246,125519,17877,5140,239,246,60294,144385,48408,125548,144745,131131,60315,16560,129624,52959,84667,28002,129616,60960,144399,20401,129624,63089,19391,140210,16235,94,34395,90686,13,129624,132064,42039,16560,129624,52959,84667,28002,129616,60716,126246,125519,17877,126629,23084,24897,135807,83036,24897,60716,126246,125519,17877,126629,23084,24897,135807,83036,24897,60716,126246,125519,17877,126629,23084,24897,135807,83036,24897,60716,126246,125519,17877,126629,23084,24897,135807,83036,24897,60716,126246,125519,17877,126629,23084,24897,135807,83036,24897,60716,126246,125519,17877,126629,23084,24897,135807,83036,24897,60716,126246,125519,17877,126629,23084,24897,135807,83036,24897,60716,126246,125519,17877,126629,23084,24897]",44,218,129,174,128,104,24,2.3636363636363638,0.1875,1.0078125,1.359375,1.0,0,0,0.0,{},130,9,0.06923076923076923,0.18195603229105473,0.18278605490922928,1.1858570650219917,128,24
WIKIPEDIA,P1,ALL_MORPH_BOUNDARY_GUARD,447,f1ec5ceb7b902f067abd34cb3ced4d29c7c3c8b5a463af0387492ffdf5a1d56a,10.008205775171518,128,128,True,True,False,"[128901,125466,17877,10764,250,246,126923,125548,127451,95996,17877,126563,82190,125466,17877,85413,222,125545,31328,13146,13,125466,17877,10764,250,246,126923,125548,16560,129274,10764,236,246,139287,131131,145329,53680,129381,49052,18411,62071,128792,126204,16560,125466,17877,10764,250,246,126923,125548,16560,129274,10764,250,246,126923,125548,16560,129296,23259,20401,36978,116,17877,85413,222,125545,12802,21329,50696,52959,47985,130723,13,125466,17877,10764,250,246,126923,125548,16560,129296,23259,16560,125466,17877,10764,250,246,126923,125548,16560,45130,111,42039,36978,116,17877,85413,222,125545,32077,28733,90686,13,125466,17877,10764,250,246,126923,125548,16560,129296,23259,16560,125466,17877,10764,250,246,126923,125548,16560,45130,111]",50,248,129,198,124,92,32,1.84,0.25806451612903225,1.0078125,1.546875,0.96875,7,4,0.14,"{""1"":2,""2"":3,""3"":2}",148,40,0.2702702702702703,0.28012643568217754,0.2811568696051836,1.3397950325161219,124,32
WIKIPEDIA,P1,ALL_MORPH_BOUNDARY_GUARD,451,3905fa6c12ad356e1b7e416e7024ad5414d051e7fa3ac57e77b51537058f61f1,10.231213873252273,128,128,True,True,False,"[65306,17877,131417,34395,90686,13,3315,118,238,60315,13146,20401,134013,16560,38523,101,125166,28002,57268,130788,10764,228,254,14942,57160,228,254,125489,13,3315,118,238,60315,13146,20401,124973,20487,31328,3315,118,238,60315,13146,124973,20487,126377,220,16,18,59761,20401,10764,251,108,77226,73669,77226,20401,126440,126346,12802,90686,13,23084,16560,220,16,18,59761,20401,55673,17380,139647,83277,90686,13,3315,118,238,60315,13146,20401,124973,20487,126377,220,16,18,59761,20401,10764,251,108,77226,73669,77226,20401,126440,126346,12802,90686,13,23084,16560,220,16,18,59761,20401,55673,17380,139647,83277,90686,13,3315,118,238,60315,13146,20401,124973,20487,126377,220,16,18,59761]",51,255,129,204,122,94,28,1.8431372549019607,0.22950819672131148,1.0078125,1.59375,0.953125,7,6,0.13725490196078433,"{""1"":3,""2"":1,""3"":3}",153,43,0.28104575163398693,0.23110759258270264,0.23208120092749596,1.4474719073623419,122,28
WIKIPEDIA,P1,ALL_MORPH_BOUNDARY_GUARD,456,54f43ac293a04c42908a36eee40f34785a71a90b8a74dd3d27e6fad4b09425a6,8.342395529150963,128,128,True,True,False,"[5140,231,112,138081,56475,48364,104,84621,83666,5140,254,230,12802,126781,19969,51917,133381,624,220,16,24,15,15,126216,481,5140,231,112,138081,56475,48364,104,84621,83666,5140,254,230,12802,126781,19969,51917,133381,624,220,16,24,15,16,126216,481,5140,231,112,138081,56475,48364,104,84621,83666,5140,254,230,12802,126781,19969,51917,133381,624,220,16,24,15,17,126216,481,5140,231,112,138081,56475,48364,104,84621,83666,5140,254,230,12802,126781,19969,51917,133381,624,220,16,24,15,18,126216,481,5140,231,112,138081,56475,48364,104,84621,83666,5140,254,230,12802,126781,19969,51917,133381,624,220,16,24,15,19,126216,481,5140,231,112]",37,183,129,146,128,119,9,3.2162162162162162,0.0703125,1.0078125,1.140625,1.0,0,0,0.0,{},109,26,0.23853211009174313,0.17463804222643375,0.17536522261798382,1.006255703046918,128,9
WIKIPEDIA,P1,ALL_MORPH_BOUNDARY_GUARD,460,a2dfd950c0404d8f8ee21e0224aaf4ad450e8f9d157cbd279b6f909447324bb5,8.72008423320949,128,128,True,True,False,"[15,15,126216,481,132662,20401,220,19,21,137104,55673,19969,37064,57160,225,222,54330,19969,97143,125761,624,220,16,24,15,16,126216,481,132662,20401,220,19,22,137104,55673,19969,5140,231,112,138081,54330,19969,97143,125761,624,220,16,24,15,17,126216,481,132662,20401,220,19,23,137104,55673,19969,5140,231,112,126781,21329,54330,19969,97143,125761,624,220,16,24,15,18,126216,481,132662,20401,220,19,24,137104,55673,19969,5140,231,112,138081,54330,19969,97143,125761,624,220,16,24,15,19,126216,481,132662,20401,220,20,15,137104,55673,19969,5140,231,112,138081,54330,19969,97143,125761,624,220,16,24,15,20,126216,481,132662,20401,220]",40,199,129,159,119,113,6,2.825,0.05042016806722689,1.0078125,1.2421875,0.9296875,9,9,0.225,"{""1"":2,""2"":6,""3"":1}",119,23,0.19327731092436976,0.15505448915064335,0.15588019415736198,1.0895233042538166,119,6
