workload,pair,variant,prompt_id,prompt_hash,prompt_wall_seconds,output_tokens,reference_tokens,exact_output_match,exact_stopping_position_match,eos_terminated,output_token_ids_json,rounds,draft_forward_calls,target_forward_calls,draft_tokens_proposed,target_proposal_positions_verified,accepted_draft_tokens,rejected_draft_tokens,mean_accepted_tokens_per_verification_call,rejection_rate,target_forward_calls_per_output_token,draft_tokens_proposed_per_output_token,target_proposal_positions_verified_per_output_token,guard_triggered_rounds,guard_applied_rounds,guard_activation_rate,guard_position_histogram_json,candidate_positions_checked,invalid_candidate_positions,invalid_or_ambiguous_candidate_fraction,morphology_detection_seconds,controller_seconds,draft_resynchronization_seconds,valid_event_count,verified_rejection_count
WIKIPEDIA,P2,ALL_MORPH_BOUNDARY_GUARD,2,797505ae1b9daad7f72e4ec78649ee5c230e0b80e2c7cf9e7dd1754b77586537,9.198456900194287,128,128,True,True,False,"[58034,23259,11,3315,65291,29326,12,28002,72553,58034,23259,11,3315,65291,29326,12,28002,72553,58034,23259,11,3315,65291,29326,12,28002,72553,58034,23259,11,3315,65291,29326,12,28002,72553,58034,23259,11,3315,65291,29326,12,28002,72553,58034,23259,11,3315,65291,29326,12,28002,72553,58034,23259,11,3315,65291,29326,12,28002,72553,58034,23259,11,3315,65291,29326,12,28002,72553,58034,23259,11,3315,65291,29326,12,28002,72553,58034,23259,11,3315,65291,29326,12,28002,72553,58034,23259,11,3315,65291,29326,12,28002,72553,58034,23259,11,3315,65291,29326,12,28002,72553,58034,23259,11,3315,65291,29326,12,28002,72553,58034,23259,11,3315,65291,29326,12,28002,72553,58034,23259]",36,178,129,142,128,120,8,3.3333333333333335,0.0625,1.0078125,1.109375,1.0,0,0,0.0,{},106,12,0.11320754716981132,0.12342790886759758,0.12406673468649387,1.0008841808885336,128,8
WIKIPEDIA,P2,ALL_MORPH_BOUNDARY_GUARD,6,b717150f2140809a605917cd483b5520b2bedffdc4f920b00e847502f59638a7,10.02101476304233,128,128,True,True,False,"[254,135375,31079,31328,48364,112,145333,31079,19969,40720,64119,124905,11,5140,253,105,29326,52959,31079,16560,125466,26699,31079,17380,40720,132306,13,48364,112,145333,31079,16560,48364,112,145333,31079,80573,90711,112,125548,125166,28002,31079,31079,18411,133970,23573,90711,112,125548,125166,28002,31079,129704,139957,31079,20401,61298,98358,15927,62618,13146,13,48364,112,145333,31079,16560,220,16,24,24,15,126216,66845,19391,48364,112,145333,31079,17380,84621,126346,52300,48364,112,145333,31079,12,60294,29326,52959,31079,32129,65865,12802,36330,250,129382,133381,13,48364,112,145333,31079,16560,220,16,24,24,15,126216,66845,19391,48364,112,145333,31079,17380,84621,126346,52300,48364,112,145333,31079,12,60294]",42,209,129,167,128,105,23,2.5,0.1796875,1.0078125,1.3046875,1.0,0,0,0.0,{},125,33,0.264,0.20374483056366444,0.20453310571610928,1.1570385433733463,128,23
WIKIPEDIA,P2,ALL_MORPH_BOUNDARY_GUARD,10,5e0217e4766f7d31c3235279415acc9f7531070ba0e9a1341f20e4548b34b9f1,9.872639959678054,128,128,True,True,False,"[129296,69923,52300,130508,66845,126402,135138,20401,64795,94315,41671,19969,131417,141142,125761,13,23084,61741,130095,94315,41671,16560,220,16,20,66845,60960,125519,56475,220,16,15,15,72553,10764,230,105,126414,129882,12802,17380,37195,247,125519,23573,94315,220,17,15,15,16,126216,220,16,17,128514,220,16,24,32077,61298,60315,50340,64795,60960,14559,57160,74209,41671,17380,129296,69923,133381,13,130508,66845,126402,94315,41671,16560,220,16,20,66845,60960,125519,56475,220,16,15,15,72553,10764,230,105,126414,129882,12802,17380,23084,61741,130095,94315,41671,18411,138659,125548,34395,125834,125519,133245,33509,60315,11,220,17,15,15,16,126216,220,16,17,128514,220,16,24,32077]",42,207,129,165,127,105,22,2.5,0.1732283464566929,1.0078125,1.2890625,0.9921875,1,1,0.023809523809523808,"{""1"":1}",123,20,0.16260162601626016,0.16283362545073032,0.16369638219475746,1.1484127417206764,127,22
WIKIPEDIA,P2,ALL_MORPH_BOUNDARY_GUARD,12,c19aed6dbcf30bd095af697a46be1dee55182021e5676427019ada91e0eece53,11.224210543558002,128,128,True,True,False,"[18411,131582,56419,133196,19391,126440,129321,17877,125714,144172,13146,13,54825,20401,143586,33704,56419,29326,61741,80573,56419,29326,61741,18411,131582,56419,133196,19391,56419,29326,133381,13,54825,20401,143586,33704,56419,133196,20401,129875,125714,125880,124780,53680,54116,124780,19391,126291,40853,128993,90686,13,54825,20401,143586,33704,220,17,15,15,21,126216,220,16,128514,220,17,24,32077,19391,32129,130472,23573,94315,130612,133788,96137,56419,29326,130357,90686,382,130728,131793,129044,33704,220,16,24,20,15,126216,66845,19391,56419,80901,95617,125880,19969,17380,140968,57089,125580,127378,11,220,16,24,21,15,126216,66845,19391,73986,89235,57268,48408,28626,20401,62099,121,29326,25715,17380,138630,83277,90686,13]",51,252,129,201,122,93,29,1.8235294117647058,0.23770491803278687,1.0078125,1.5703125,0.953125,8,6,0.1568627450980392,"{""1"":4,""2"":4}",150,19,0.12666666666666668,0.20189830660820007,0.20298836193978786,1.4179871752858162,122,29
WIKIPEDIA,P2,ALL_MORPH_BOUNDARY_GUARD,14,b09103b0fed93b2a08c8a60416bd62c824f1c8739e4d15215597bdfa283c105c,9.229344815015793,128,128,True,True,False,"[125496,78125,56290,124785,20401,130508,29281,32077,12802,32129,130472,128836,624,220,17,15,16,17,126216,481,128605,125496,124785,62071,16,23,66845,136774,129296,92192,56475,22042,243,125722,135508,94315,41671,19969,125834,125519,64119,13146,624,220,17,15,16,18,126216,481,128605,125496,124785,62071,16,23,66845,136774,129296,92192,56475,22042,243,125722,135508,94315,41671,19969,125834,125519,64119,13146,624,220,17,15,16,19,126216,481,128605,125496,124785,62071,16,23,66845,136774,129296,92192,56475,22042,243,125722,135508,94315,41671,19969,125834,125519,64119,13146,624,220,17,15,16,20,126216,481,128605,125496,124785,62071,16,23,66845,136774,129296,92192,56475,22042,243,125722,135508,94315,41671,19969]",36,178,129,142,128,122,6,3.388888888888889,0.046875,1.0078125,1.109375,1.0,0,0,0.0,{},106,9,0.08490566037735849,0.14375077933073044,0.14443064481019974,1.0002120193094015,128,6
WIKIPEDIA,P2,ALL_MORPH_BOUNDARY_GUARD,15,1d6f54d208ecd5b298ab185f509258a752a31db923fc3dc011fb469d5e2fa205,8.82949853129685,128,128,True,True,False,"[624,220,17,15,15,20,126216,481,128605,125496,124785,20401,125149,126346,31328,130508,125519,32077,12802,142510,127890,134521,13146,624,220,17,15,15,21,126216,481,128605,125496,124785,20401,125149,126346,31328,130508,125519,32077,12802,142510,127890,134521,13146,624,220,17,15,15,22,126216,481,128605,125496,124785,20401,125149,126346,31328,130508,125519,32077,12802,142510,127890,134521,13146,624,220,17,15,15,23,126216,481,128605,125496,124785,20401,125149,126346,31328,130508,125519,32077,12802,142510,127890,134521,13146,624,220,17,15,15,24,126216,481,128605,125496,124785,20401,125149,126346,31328,130508,125519,32077,12802,142510,127890,134521,13146,624,220,17,15,16,15,126216,481,128605,125496,124785,20401,125149]",33,165,129,132,128,126,2,3.8181818181818183,0.015625,1.0078125,1.03125,1.0,0,0,0.0,{},99,13,0.13131313131313133,0.12100323289632797,0.12164404429495335,0.9128431268036366,128,2
WIKIPEDIA,P2,ALL_MORPH_BOUNDARY_GUARD,23,68d0ac96052328deac48f37c0c5eb37288f1bfd449c5956851242783136973bc,9.442216668277979,128,128,True,True,False,"[97,12802,126246,44518,66845,20401,130592,136854,49367,144457,13146,13,220,16,24,23,20,126216,19391,136293,20401,53435,124632,55902,31328,53435,124632,52959,129616,124419,56039,55902,11,53435,124632,55902,11,53435,124632,55902,11,53435,124632,55902,11,53435,124632,55902,11,53435,124632,55902,11,53435,124632,55902,11,53435,124632,55902,11,53435,124632,55902,11,53435,124632,55902,11,53435,124632,55902,11,53435,124632,55902,11,53435,124632,55902,11,53435,124632,55902,11,53435,124632,55902,11,53435,124632,55902,11,53435,124632,55902,11,53435,124632,55902,11,53435,124632,55902,11,53435,124632,55902,11,53435,124632,55902,11,53435,124632,55902,11,53435,124632,55902,11,53435,124632,55902,11,53435,124632,55902]",38,188,129,150,128,115,13,3.026315789473684,0.1015625,1.0078125,1.171875,1.0,1,0,0.02631578947368421,"{""3"":1}",112,6,0.05357142857142857,0.11847786232829094,0.11918649263679981,1.0536367744207382,128,13
WIKIPEDIA,P2,ALL_MORPH_BOUNDARY_GUARD,25,885c927bcb1d5ce2b8363034837213ac67985834d26af9d124d11efb506d3c30,10.652284231036901,128,128,True,True,False,"[42039,142234,134002,13,134664,58034,66845,126605,33704,48408,31328,144018,125166,31328,20401,127820,23259,58034,66845,32831,23084,126605,17877,134664,56290,23573,23084,126605,42039,11,48408,31328,144018,125166,31328,20401,127820,23259,58034,66845,32831,23084,126605,33704,126429,126299,136913,17877,49367,126746,16560,23084,126605,12802,125590,11,134664,58034,66845,126605,33704,70943,28754,12802,64521,49052,18411,49367,126746,16560,23084,126605,125489,13,48408,31328,144018,125166,31328,33704,220,16,24,15,20,126216,19391,127820,23259,58034,66845,32831,23084,126605,17877,142234,126063,34395,11,220,16,24,16,20,126216,19391,134664,58034,66845,126605,17877,142234,134002,13,48408,31328,144018,125166,31328,33704,220,16,24,16,20,126216,19391,134664]",46,229,129,183,125,105,20,2.282608695652174,0.16,1.0078125,1.4296875,0.9765625,4,3,0.08695652173913043,"{""1"":2,""2"":1,""3"":1}",137,9,0.06569343065693431,0.21187318302690983,0.21282079257071018,1.2859986126422882,125,20
WIKIPEDIA,P2,ALL_MORPH_BOUNDARY_GUARD,30,e2174e89d7b358d83745cfcf8a8ceb0e49cce30a68b33581f9ec83f6cd937960,10.951029445976019,128,128,True,True,False,"[481,48408,63089,25715,198,5140,45881,57268,24897,481,73986,136233,131131,136233,198,5140,45881,28626,70582,52959,481,5140,45881,28626,70582,52959,198,5140,254,230,130271,132523,481,47665,254,12802,126746,28626,198,56983,70582,52959,481,127819,116,126746,29326,198,56983,129924,52959,83036,52959,481,5140,45881,12802,126793,198,5140,96,101,125544,83036,52959,481,85403,141571,126673,144018,131131,198,5140,96,101,29326,52959,60315,481,5140,116,234,50340,128732,28002,52959,271,145039,4710,129392,56039,83036,129616,481,127165,108,47985,56039,83036,34395,198,129392,56039,83036,129616,125466,56290,124785,481,127165,108,47985,56039,83036,34395,198,64805,227,32077,481,47665,254,18411,129807,198,64805,227,47985]",48,237,129,189,128,92,36,1.9166666666666667,0.28125,1.0078125,1.4765625,1.0,0,0,0.0,{},141,50,0.3546099290780142,0.26547951251268387,0.2662887629121542,1.3395115341991186,128,36
WIKIPEDIA,P2,ALL_MORPH_BOUNDARY_GUARD,37,c29340ed2ae27ab126dd406338e9a57ef447f4766929d8e35a4d27ebfcc92819,10.410148838534951,128,128,True,True,False,"[76337,198,35509,128677,126702,51876,624,320,125545,124546,32831,8,16751,226,126423,23259,20401,130263,128747,42039,53900,25715,13,23084,13146,624,320,128215,66845,82801,36055,28002,8,16751,226,126423,23259,20401,130263,128747,42039,53900,25715,13,23084,13146,382,125625,48364,112,70582,144100,126445,49367,126524,76337,33704,139107,131050,129242,133032,128552,36055,20401,132306,382,125625,48364,112,70582,144100,126445,49367,126524,76337,33704,139107,131050,127165,120,126317,58440,17380,36055,20401,132306,382,125625,48364,112,70582,144100,126445,49367,126524,76337,33704,139107,131050,137351,124546,49367,126524,76337,42039,36055,20401,132306,382,125625,48364,112,70582,144100,126445,49367,126524,76337,33704,139107,131050,81173,66845,82801,17877,143143,16560,13146]",45,222,129,177,127,101,26,2.2444444444444445,0.2047244094488189,1.0078125,1.3828125,0.9921875,2,1,0.044444444444444446,"{""2"":1,""3"":1}",132,9,0.06818181818181818,0.1659204550087452,0.16682476922869682,1.2484361473470926,127,26
WIKIPEDIA,P2,ALL_MORPH_BOUNDARY_GUARD,38,b7b3fb2d5cc49283768b73a1a3a01cbcfe8ff4be11d3ded869508d8bb0db300a,11.200097186490893,128,128,True,True,False,"[16,29326,220,20,24,79716,8,42039,47985,54116,128061,47836,28733,90686,13,220,16,24,23,23,126216,220,18,128514,220,16,19,32077,19391,132662,20401,5140,231,112,138081,56475,54969,12802,20401,37195,254,17877,136065,42039,54116,128061,23573,136331,17380,11,132662,53680,3315,118,238,60315,13146,56475,54969,12802,20401,37195,254,17877,54116,128061,42905,140888,19969,132376,251,19969,126204,90686,13,220,17,15,15,24,126216,220,18,128514,220,16,19,32077,126377,132662,53900,54321,56475,54969,12802,20401,37195,254,17877,125466,76337,128552,66790,29281,66425,130679,126785,126246,12802,125206,53680,133381,13,220,17,15,16,15,126216,220,18,128514,220,16,19,32077,126377,3315]",51,250,129,199,123,96,27,1.8823529411764706,0.21951219512195122,1.0078125,1.5546875,0.9609375,5,5,0.09803921568627451,"{""1"":3,""2"":1,""3"":1}",148,26,0.17567567567567569,0.21341959573328495,0.21445874869823456,1.416115116328001,123,27
WIKIPEDIA,P2,ALL_MORPH_BOUNDARY_GUARD,39,fe3005394dbe0cf116fce01833e3e0671dbbb1a93556793ad6d4079244e0a9a4,10.673604948446155,128,128,True,True,False,"[55054,31328,126785,135092,33704,127165,120,126317,128909,20401,129419,46319,53680,54825,136541,20401,126804,17877,135420,130689,53618,11,127165,120,126317,128909,20401,125674,46319,20401,40771,116,12802,18411,58777,42905,5140,41902,40720,132306,382,29281,20401,715,134088,126317,128909,20401,125674,46319,20401,40771,116,12802,18411,126804,126317,1154,1154,5140,45881,130127,11,126804,126317,20401,46319,19391,60960,131518,42905,126804,17877,126804,126317,1154,1154,5140,45881,53900,25715,13,23084,131866,11,3315,65291,55054,31328,126785,135092,33704,139107,135898,382,12802,18411,127165,120,126317,128909,20401,46319,20401,40771,116,12802,19391,128605,3315,65291,55054,31328,126785,135092,130939,129112,13,130005,11,23084,126785,135092,17877,46319,20401,40771,116]",46,229,129,183,125,100,25,2.1739130434782608,0.2,1.0078125,1.4296875,0.9765625,4,3,0.08695652173913043,"{""1"":1,""2"":3}",137,35,0.25547445255474455,0.2571324985474348,0.2581430748105049,1.2749217562377453,125,25
WIKIPEDIA,P2,ALL_MORPH_BOUNDARY_GUARD,57,b1000e7789bb5594b44a39ec3ac92a4f23a5ca9c242124976697937513c89bb7,4.2084423284977674,57,57,True,True,True,"[198,34395,66845,142103,128753,56290,198,34395,66845,142103,98358,124546,198,34395,66845,142103,128753,56290,20401,35509,124781,47985,198,34395,66845,142103,128753,56290,20401,128753,198,34395,66845,142103,98358,124546,20401,128753,198,34395,66845,142103,128753,56290,20401,63757,82528,198,34395,66845,142103,98358,124546,20401,63757,82528,151643]",18,85,57,69,57,49,8,2.7222222222222223,0.14035087719298245,1.0,1.2105263157894737,1.0,0,0,0.0,{},51,5,0.09803921568627451,0.04294728673994541,0.0431970302015543,0.4985373578965664,57,8
WIKIPEDIA,P2,ALL_MORPH_BOUNDARY_GUARD,59,ca6f5928103dac851a87e3ed232c404a3005faba2f2c41a4805b20484304bc20,10.740362225100398,128,128,True,True,False,"[31328,125206,124781,18411,125686,125548,34395,11,79302,239,32831,25715,11,70943,32831,25715,11,70943,32831,25715,7,107184,8,20401,49052,16560,10764,236,246,125548,56039,12,89235,144195,125206,124781,18411,125686,125548,16560,132091,138630,83277,90686,13,63332,130640,33704,63332,24897,12,52959,31328,144018,125166,31328,125206,124781,18411,125686,125548,34395,11,10764,236,246,125548,56039,130000,33704,10764,236,246,125548,56039,12,89235,144195,125206,124781,18411,136707,13146,13,63332,130640,33704,10764,236,246,125548,56039,130000,53680,16560,34143,105,28002,11,129381,38150,25715,17380,139647,85251,49367,23259,20401,38150,25715,126253,129381,79302,239,25715,137619,18411,35509,128732,28733,90686,13,63332,130640,33704,10764,236,246]",47,233,129,186,124,101,23,2.148936170212766,0.18548387096774194,1.0078125,1.453125,0.96875,5,4,0.10638297872340426,"{""1"":1,""2"":2,""3"":2}",139,15,0.1079136690647482,0.19884879514575005,0.1998419053852558,1.3068975359201431,124,23
WIKIPEDIA,P2,ALL_MORPH_BOUNDARY_GUARD,62,ff420f60d7c131547b1234f039faa25fdcfcec5494ecaff872d10b47fc0fe16a,10.07607931829989,128,128,True,True,False,"[125522,31328,28754,126785,135092,17877,62071,29326,134002,13,23084,138001,33704,5140,231,112,94152,20401,45130,120,124632,80968,24485,227,80968,17877,98358,128747,23573,138001,42039,11,23084,138001,17877,131582,5140,231,112,94152,33704,45130,120,124632,20401,48364,112,124781,18411,58777,126970,134002,13,23084,138001,33704,45130,120,124632,47455,223,79632,20401,136361,54116,49664,42039,11,141526,66845,45130,120,124632,20401,54116,132618,18411,140175,134002,382,12802,138001,33704,5140,231,112,94152,20401,45130,120,124632,80968,24485,227,80968,17877,98358,128747,23573,138001,42039,11,23084,138001,17877,131582,5140,231,112,94152,33704,45130,120,124632,20401,48364,112,124781,18411,58777,126970,134002,13,23084,138001,33704,45130,120]",42,209,129,167,127,106,21,2.5238095238095237,0.16535433070866143,1.0078125,1.3046875,0.9921875,2,1,0.047619047619047616,"{""2"":2}",125,15,0.12,0.1664271354675293,0.16728529520332813,1.168161554262042,127,21
WIKIPEDIA,P2,ALL_MORPH_BOUNDARY_GUARD,65,3aa0309b093897c5914bfb2abc9f73ea8f76665d50650a1aa875ab2bb8d0374b,9.9090472497046,128,128,True,True,False,"[54321,142496,56475,5140,45881,131587,50340,24897,74808,29281,76337,33704,139107,135898,382,57026,20487,26698,220,143861,242,5140,45881,131587,50340,24897,77353,85057,25715,125489,382,12802,74808,29281,76337,33704,139107,131050,3315,241,116,28733,90686,382,57026,20487,26698,220,143861,242,5140,45881,131587,50340,24897,77353,85057,131958,126429,125522,82801,125489,382,33883,129150,715,50340,131587,50340,24897,74808,29281,76337,33704,139107,129381,141966,17380,3315,241,116,28733,90686,382,57026,20487,26698,220,143861,242,5140,45881,131587,50340,24897,77353,85057,131958,126429,125522,82801,125489,382,50340,131587,50340,24897,74808,29281,76337,20401,60716,16560,139107,129381,141966,17380,3315,241,116,28733,90686,382,57026,20487,26698,220,143861]",41,202,129,161,124,111,13,2.707317073170732,0.10483870967741936,1.0078125,1.2578125,0.96875,4,4,0.0975609756097561,"{""1"":3,""3"":1}",120,34,0.2833333333333333,0.21731285378336906,0.2181690838187933,1.1356997564435005,124,13
WIKIPEDIA,P2,ALL_MORPH_BOUNDARY_GUARD,72,381f681c69818a5a7efe7cac9427e3e8ca308c64996249d07248883d6d8ed8e7,9.926384480670094,128,128,True,True,False,"[136089,38150,132343,10764,252,231,24897,51391,131973,83036,140891,19391,136009,138519,131837,17877,79302,119,16560,13146,13,139052,129044,54070,128909,33704,220,16,24,21,15,126216,66845,19391,93721,52300,38150,25715,133553,28002,124632,20401,139052,129044,54070,128909,20401,95996,65865,17877,131582,74884,226,32831,133381,13,139052,129044,54070,128909,33704,220,16,24,22,18,126216,19391,74884,226,32831,133245,127378,11,220,16,24,24,15,126216,66845,19391,74884,226,32831,133381,13,139052,129044,54070,128909,33704,220,16,24,24,15,126216,66845,19391,74884,226,32831,133381,13,139052,129044,54070,128909,33704,220,16,24,24,15,126216,66845,19391,74884,226,32831,133381,13,139052,129044,54070,128909,33704]",41,205,129,164,126,107,19,2.6097560975609757,0.15079365079365079,1.0078125,1.28125,0.984375,6,2,0.14634146341463414,"{""2"":3,""3"":3}",123,11,0.08943089430894309,0.14475013129413128,0.14553309604525566,1.1403571609407663,126,19
WIKIPEDIA,P2,ALL_MORPH_BOUNDARY_GUARD,75,5d2695c9e3ae2233b64821217d03b39e7cffc10228f9ef60492171d81108a140,9.506355645135045,128,128,True,True,False,"[58777,126559,11,16751,239,28754,12802,130723,13,16751,239,28754,33704,10764,252,246,20401,143230,20487,80573,74808,129321,17877,135513,95218,16560,47665,94,33861,125489,13,16751,239,28754,33704,10764,252,246,20401,143230,20487,80573,74808,129321,17877,135513,95218,16560,47665,94,33861,125489,13,16751,239,28754,33704,10764,252,246,20401,143230,20487,80573,74808,129321,17877,135513,95218,16560,47665,94,33861,125489,382,131518,28754,33704,10764,252,246,20401,143230,20487,80573,74808,129321,17877,135513,95218,16560,47665,94,33861,125489,13,16751,239,28754,33704,10764,252,246,20401,143230,20487,80573,74808,129321,17877,135513,95218,16560,47665,94,33861,125489,13,16751,239,28754,33704,10764,252,246,20401,143230,20487]",38,187,129,149,127,119,8,3.1315789473684212,0.06299212598425197,1.0078125,1.1640625,0.9921875,1,1,0.02631578947368421,"{""1"":1}",111,19,0.17117117117117117,0.18489941954612732,0.18564976379275322,1.0564828384667635,127,8
WIKIPEDIA,P2,ALL_MORPH_BOUNDARY_GUARD,87,ab49ee7ec290023611d27bbb6e2f99f6f161b4ac2b8a54abb40da2be6da7a278,10.611805154010653,128,128,True,True,False,"[133381,382,131587,133738,81133,58034,23259,16560,90486,127085,21329,80573,55673,126793,23259,20401,92751,124781,18411,135513,95218,16560,58034,23259,125489,13,90486,127085,21329,19969,55673,126793,23259,19391,73986,131000,136305,130037,33704,220,16,24,41429,20487,94315,126641,19391,142300,133245,125590,11,90486,127085,21329,19969,55673,126793,23259,19391,73986,131000,136305,130037,33704,90486,127085,21329,19969,55673,126793,23259,19391,73986,131000,136305,130037,33704,90486,127085,21329,19969,55673,126793,23259,19391,73986,131000,136305,130037,33704,90486,127085,21329,19969,55673,126793,23259,19391,73986,131000,136305,130037,33704,90486,127085,21329,19969,55673,126793,23259,19391,73986,131000,136305,130037,33704,90486,127085,21329,19969,55673,126793,23259,19391,73986,131000,136305,130037]",46,228,129,182,124,103,21,2.239130434782609,0.1693548387096774,1.0078125,1.421875,0.96875,4,4,0.08695652173913043,"{""1"":2,""2"":2}",136,18,0.1323529411764706,0.21034958213567734,0.2112560160458088,1.2802501451224089,124,21
WIKIPEDIA,P2,ALL_MORPH_BOUNDARY_GUARD,93,c5c150337feebd119d5efc460ee0707f7f9c8ee6200e12ccb9063e7098842a8e,10.868645910173655,128,128,True,True,False,"[20401,125466,76337,17877,62107,129704,51876,13,23084,125466,76337,33704,56983,72553,62071,125166,58440,20401,48408,144094,12,131587,50340,127085,125466,76337,368,19391,136009,132376,251,79632,132306,382,12802,58440,16560,126423,23259,63089,19969,220,16,129885,132182,129304,30520,113,43590,23259,90486,131978,36055,20401,132306,13,126423,23259,63089,19969,220,16,129885,143416,129304,30520,113,43590,23259,90486,131978,11,45710,20401,125466,76337,17877,62107,129704,42905,60716,129150,80968,77353,40853,12802,134015,51876,13,23084,77353,40853,33704,56983,72553,62071,125166,58440,129254,129112,13,56983,72553,62071,125166,58440,16560,126423,23259,63089,19969,220,16,129885,132182,129304,30520,113,43590,23259,90486,131978,11,45710,20401,125466,76337,17877]",48,240,129,192,124,96,28,2.0,0.22580645161290322,1.0078125,1.5,0.96875,6,4,0.125,"{""1"":1,""3"":5}",144,14,0.09722222222222222,0.19529314525425434,0.19629290141165257,1.3277212958782911,124,28
WIKIPEDIA,P2,ALL_MORPH_BOUNDARY_GUARD,94,49d5088a6e56a83ec93a510a0fe88a470e9cef589935fd8a18fc5f4598a2b004,10.24208328127861,128,128,True,True,False,"[142496,17877,65699,234,126414,124781,18411,126563,33883,139053,42905,129274,54116,16186,124632,20401,136089,128533,130864,125489,13,65699,234,126414,124781,16560,54116,16186,124632,80968,142496,17877,28733,124632,128552,139053,42905,5140,41902,137016,126310,26699,129330,13,65699,234,126414,124781,16560,54116,16186,124632,80968,142496,17877,28733,124632,128552,139053,42905,5140,41902,137016,126310,26699,129330,13,65699,234,126414,124781,16560,54116,16186,124632,80968,142496,17877,28733,124632,128552,139053,42905,5140,41902,137016,126310,26699,129330,13,65699,234,126414,124781,16560,54116,16186,124632,80968,142496,17877,28733,124632,128552,139053,42905,5140,41902,137016,126310,26699,129330,13,65699,234,126414,124781,16560,54116,16186,124632,80968,142496,17877,28733,124632,128552,139053]",44,215,129,171,119,108,11,2.4545454545454546,0.09243697478991597,1.0078125,1.3359375,0.9296875,11,9,0.25,"{""1"":4,""2"":2,""3"":5}",127,18,0.14173228346456693,0.2048403937369585,0.205744419246912,1.2219531778246164,119,11
WIKIPEDIA,P2,ALL_MORPH_BOUNDARY_GUARD,95,c83288390c8dc2ea157c0b693874741fcd4e806740aa9e777c30eb0752af7203,9.410983838140965,128,128,True,True,False,"[28626,142496,16751,222,74884,226,70582,127042,63154,142496,17877,139646,16560,481,95218,80968,142496,125489,13,127042,63154,142496,42039,26698,11,10764,252,238,132947,125548,28626,142496,33704,139052,129044,128533,45710,55902,142496,128355,126352,28002,142496,128355,47665,94,33861,142496,20401,58777,92817,18411,143143,16560,13146,382,127027,715,125086,23259,37064,57160,223,112,28002,29346,142496,220,143861,242,10764,252,238,132947,125548,28626,142496,125489,13,30520,113,43590,23259,37064,57160,223,112,28002,29346,142496,220,129392,10764,252,238,132947,125548,28626,142496,125489,382,125086,23259,37064,57160,223,112,28002,29346,142496,220,143861,242,10764,252,238,132947,125548,28626,142496,125489,13,30520,113,43590,23259,37064,57160]",37,184,129,147,126,116,10,3.135135135135135,0.07936507936507936,1.0078125,1.1484375,0.984375,2,2,0.05405405405405406,"{""1"":1,""3"":1}",110,26,0.23636363636363636,0.22364836558699608,0.22440428286790848,1.0214519929140806,126,10
WIKIPEDIA,P2,ALL_MORPH_BOUNDARY_GUARD,96,1d2f32035de1110dd4c9cc7bc36a487da84007dac5a1239491bc49123023b0af,10.149427818134427,128,128,True,True,False,"[13,79302,239,25715,126346,124632,33704,220,16,24,17,15,126216,66845,19391,73523,126835,133245,127378,11,220,16,24,17,22,126216,19391,79302,239,25715,126346,124632,20401,136089,129093,28002,31328,126488,133085,29281,32831,129093,133886,62071,29326,23573,85413,101,31328,79004,48606,20401,127041,120,51588,12802,142234,64119,131611,79302,239,25715,126346,124632,20401,54116,132618,19969,97143,125761,13,79302,239,25715,126346,124632,33704,220,16,24,17,15,126216,66845,19391,73523,126835,133245,127378,11,220,16,24,17,22,126216,19391,79302,239,25715,126346,124632,20401,136089,129093,28002,31328,126488,133085,29281,32831,129093,133886,62071,29326,23573,85413,101,31328,79004,48606,20401,127041,120,51588,12802,142234,64119]",42,209,129,167,124,109,15,2.5952380952380953,0.12096774193548387,1.0078125,1.3046875,0.96875,4,4,0.09523809523809523,"{""1"":3,""2"":1}",125,19,0.152,0.17435921169817448,0.17516448348760605,1.1688270848244429,124,15
WIKIPEDIA,P2,ALL_MORPH_BOUNDARY_GUARD,97,a545b1d196c946ca4aa4cabfa9b6f9d8b25117470bd7ecb26e3e7d7ba3fdbed4,10.234579307958484,128,128,True,True,False,"[79302,239,25715,126346,124632,20401,28733,124632,80968,54116,132618,18411,130729,126702,23573,128900,382,126345,25715,126346,124632,20401,28733,124632,80968,54116,132618,715,126345,25715,126346,124632,20401,28733,124632,80968,54116,132618,16560,220,16,24,17,15,126216,66845,19391,73523,126835,133381,13,23084,54116,132618,16560,220,16,24,18,15,126216,66845,19391,69441,108,127042,12802,72553,12802,74884,226,32831,134002,13,23084,54116,132618,16560,220,16,24,17,15,126216,66845,19391,73523,126835,52300,79302,239,25715,126346,124632,20401,28733,124632,80968,54116,132618,18411,130729,126702,23573,128900,13,23084,54116,132618,16560,220,16,24,18,15,126216,66845,19391,69441,108,127042,12802,72553,12802,74884,226,32831,134002]",41,202,129,161,127,112,15,2.731707317073171,0.11811023622047244,1.0078125,1.2578125,0.9921875,1,1,0.024390243902439025,"{""1"":1}",120,19,0.15833333333333333,0.20849868841469288,0.20935147255659103,1.164890756830573,127,15
WIKIPEDIA,P2,ALL_MORPH_BOUNDARY_GUARD,98,4e5a736f30332726f0794ec78d76332bf5661872f7c6a5d58bdd7d2cb9fb4645,10.397819487378001,128,128,True,True,False,"[124546,128555,95996,65865,29326,144264,13146,13,220,16,24,17,22,126216,19391,54825,16560,126488,133085,29281,32831,129093,133886,62071,126246,128836,13,23084,16560,79302,239,25715,126346,124632,20401,54116,132618,19969,97143,16560,129093,28002,70943,125703,125489,13,220,16,24,19,20,126216,19391,54825,16560,79302,239,25715,126346,124632,20401,125640,128772,54116,132618,19969,97143,16560,129093,28002,31328,63332,130999,126785,135092,17877,62071,126246,128836,13,220,16,24,21,19,126216,19391,54825,16560,79302,239,25715,126346,124632,20401,125640,128772,54116,132618,19969,97143,16560,129093,28002,31328,63332,130999,126785,135092,17877,62071,126246,128836,13,220,16,24,21,19,126216,19391,54825,16560,79302,239,25715,126346,124632]",44,217,129,173,128,102,26,2.3181818181818183,0.203125,1.0078125,1.3515625,1.0,0,0,0.0,{},129,17,0.13178294573643412,0.1976723037660122,0.19859408773481846,1.2284688167273998,128,26
WIKIPEDIA,P2,ALL_MORPH_BOUNDARY_GUARD,99,5c3ca4e5f465dc182ec3e6b54f9ae6fd7f1cd6a02e73004bd182199e6766415e,11.740396244451404,128,128,True,True,False,"[13146,13,138373,20401,136608,56475,130887,136361,138629,33704,220,17,17,16,126216,19391,61298,60315,50340,19969,138373,17877,125206,32077,23573,128900,13,61298,60315,50340,20401,130270,124785,132343,46832,102,37087,7,130803,37087,8,12802,125199,127378,11,23084,16560,138373,20401,136608,56475,130887,73077,53442,52300,74884,243,92817,139836,13,61298,60315,50340,136331,138373,33704,220,17,15,15,126216,126322,126246,127296,74884,243,92817,19969,84621,131498,52959,10764,250,102,144088,31079,74884,242,13146,13,220,16,17,22,16,126216,126377,36978,121,138924,20401,90711,116,7,130803,37087,8,31328,74361,222,12802,125166,12802,12802,19969,61298,60315,50340,18411,10764,251,231,95218,66136,31079,130345,60315,50340]",54,267,129,213,127,80,47,1.4814814814814814,0.3700787401574803,1.0078125,1.6640625,0.9921875,1,1,0.018518518518518517,"{""3"":1}",159,39,0.24528301886792453,0.358277078717947,0.3595757316797972,1.4875022564083338,127,47
WIKIPEDIA,P2,ALL_MORPH_BOUNDARY_GUARD,105,bc89f0438663e3b06f77ae921e1a7700fa43f38465b2c23d15b5529b4221e4fc,10.859670238569379,128,128,True,True,False,"[130638,17877,134013,17380,127165,120,126002,34395,11,220,16,19,15,20,126216,126377,136905,17380,86034,17877,81718,136892,125761,13,220,16,19,17,20,126216,126377,128677,144527,17877,74884,226,32831,126063,127378,11,220,16,19,20,18,126216,126377,74884,243,125086,20401,30520,226,139604,31328,62099,121,138789,139604,17877,130270,126702,134002,13,220,16,20,20,18,126216,126377,74884,243,125086,20401,30520,226,139604,31328,62099,121,138789,139604,17877,130270,126702,134002,13,220,16,20,24,17,126216,126377,136293,129534,20401,90711,101,138279,42039,136905,12802,54969,142194,133245,34395,11,220,16,20,24,23,126216,126377,74884,243,125086,20401,30520,226,139604,31328,62099,121,138789,139604]",48,239,129,191,123,96,27,2.0,0.21951219512195122,1.0078125,1.4921875,0.9609375,6,5,0.125,"{""1"":1,""2"":2,""3"":3}",143,34,0.23776223776223776,0.24866836331784725,0.24965431168675423,1.322884887456894,123,27
WIKIPEDIA,P2,ALL_MORPH_BOUNDARY_GUARD,114,2d50e6a2a69f3a22d80522b5126c7394ec30a37997abfc1af6fe88aae4c5e7a3,10.016437020152807,128,128,True,True,False,"[130999,132818,135513,95218,16560,74808,29281,76337,42039,26698,11,133553,28002,124632,11,47818,126251,124632,11,43115,37087,124632,77002,56475,65553,238,28002,40720,132306,13,125714,79716,126321,29281,76337,33704,125714,79716,17877,133970,42905,74808,29281,76337,42039,11,125714,79716,17877,133970,42905,74808,29281,76337,33704,125714,79716,126321,29281,76337,130939,85403,82965,13146,13,125714,79716,126321,29281,76337,33704,125714,79716,17877,133970,42905,74808,29281,76337,42039,11,125714,79716,17877,133970,42905,74808,29281,76337,33704,125714,79716,126321,29281,76337,130939,85403,82965,13146,382,56039,79716,126321,29281,76337,20401,60716,16560,125714,79716,126321,29281,76337,20401,94203,23259,19391,126629,135763,132306,13,125714,79716,126321,29281,76337,20401,94203]",42,209,129,167,123,104,19,2.4761904761904763,0.15447154471544716,1.0078125,1.3046875,0.9609375,5,5,0.11904761904761904,"{""1"":1,""2"":4}",125,10,0.08,0.1866618823260069,0.187533687800169,1.165912562981248,123,19
WIKIPEDIA,P2,ALL_MORPH_BOUNDARY_GUARD,116,80b40150cb6c6cacbe345969e8709822cdac29c8963346d4d774ddfe0d1ee118,9.577703788876534,128,128,True,True,False,"[84667,124419,24897,20401,94203,85057,130939,47985,129112,13,129093,54330,132841,33704,125149,28002,23259,12802,137621,126310,28002,23259,17380,36055,133085,128555,135513,144038,28733,130671,13,129093,54330,132841,20401,45563,33704,220,18,13,16,19,16,20,24,17,21,20,18,20,23,24,22,24,18,17,18,23,19,21,17,21,19,18,18,23,18,17,22,24,20,15,17,23,23,19,16,24,22,16,21,24,18,24,24,18,22,20,16,15,20,23,17,15,24,22,19,24,19,19,20,24,17,18,15,22,23,16,21,19,15,21,17,23,21,17,15,23,24,24,23,21,17,23,15,18,19,23]",39,193,129,154,126,115,11,2.948717948717949,0.0873015873015873,1.0078125,1.203125,0.984375,2,2,0.05128205128205128,"{""2"":1,""3"":1}",115,6,0.05217391304347826,0.12044800817966461,0.12112829089164734,1.0788564458489418,126,11
WIKIPEDIA,P2,ALL_MORPH_BOUNDARY_GUARD,117,5ad01d8771f5b8361864124ec2cc39c9b8c989333e9e3aa38ecbce5e7a7f79e3,9.264297176152468,128,128,True,True,False,"[24,21,15,126216,66845,19391,23084,125548,60294,26698,16560,46832,242,124632,20401,73986,19969,126346,32831,53680,30520,113,132499,124781,19391,128605,131698,18411,132876,125580,127378,11,220,16,24,22,15,126216,66845,126377,46832,242,124632,20401,73986,19969,126346,32831,53680,30520,113,132499,124781,19391,128605,131698,18411,132876,125580,127378,11,220,16,24,23,15,126216,66845,126377,46832,242,124632,20401,73986,19969,126346,32831,53680,30520,113,132499,124781,19391,128605,131698,18411,132876,125580,127378,11,220,16,24,24,15,126216,66845,126377,46832,242,124632,20401,73986,19969,126346,32831,53680,30520,113,132499,124781,19391,128605,131698,18411,132876,125580,127378,11,220,17,15,15,15,126216,66845,126377,46832]",37,183,129,146,127,115,12,3.108108108108108,0.09448818897637795,1.0078125,1.140625,0.9921875,1,1,0.02702702702702703,"{""1"":1}",109,15,0.13761467889908258,0.14342348277568817,0.14415105804800987,1.0161248296499252,127,12
WIKIPEDIA,P2,ALL_MORPH_BOUNDARY_GUARD,119,e78651cb0db294a29769d00e0b67b918a0d6bd73e89f12f69e15cc286429e7e0,10.377521416172385,128,128,True,True,False,"[21329,80573,135898,13,132028,57089,90486,127085,130974,133553,49543,20401,138519,131837,53680,77596,235,47985,19391,73986,131000,51876,13,132377,11,138519,131837,12802,126366,132182,133553,49543,16560,129381,77596,235,47985,17380,85413,222,125545,32077,53618,126366,129875,132028,57089,90486,127085,133120,35509,85251,13146,13,130005,11,77596,235,47985,19969,126366,5140,117,254,82965,133553,49543,16560,129381,138519,131837,42039,85413,222,125545,32077,53618,126366,129875,132028,57089,90486,127085,133120,35509,85251,13146,13,132028,57089,90486,127085,130974,133553,49543,20401,77596,235,47985,19391,73986,131000,42905,92751,124781,17380,11,77596,235,47985,19969,129419,73669,19969,97143,32290,132028,57089,90486,127085,130974,65553,97,73669,19969,130723,13,132028]",44,219,129,175,119,106,13,2.409090909090909,0.1092436974789916,1.0078125,1.3671875,0.9296875,10,9,0.22727272727272727,"{""1"":3,""2"":4,""3"":3}",131,15,0.11450381679389313,0.20130515657365322,0.20228929817676544,1.2235973067581654,119,13
WIKIPEDIA,P2,ALL_MORPH_BOUNDARY_GUARD,134,dff86652722d026c3869887ea7e653b73da64b351697d7d0c647fef10a42b20b,9.428762895986438,128,128,True,True,False,"[43590,126216,137812,56475,40720,64119,124905,11,60960,126402,131655,56475,55673,17380,40720,132306,624,128792,124781,31079,16560,125206,82528,129709,31079,20401,83556,126337,42039,143522,139236,55902,56475,3315,241,108,132044,130092,31079,20401,46319,135092,128533,139052,131777,125206,141676,42905,65722,102,31079,125489,13,220,17,15,15,15,126216,66845,83315,60039,56290,20401,95996,129062,53680,6673,139269,53680,58677,33861,128013,20401,63332,128911,56290,17380,125206,82528,129709,31079,19969,95996,129062,126063,34395,11,125206,82528,129709,31079,20401,61298,83291,46319,26699,131219,19969,28927,105,82190,141888,43590,125160,20401,124685,125476,133914,12802,64521,49052,18411,74884,116,124781,31328,126253,3315,241,108,16560,139957,31079,19391,5140,117,245]",38,188,129,150,124,117,7,3.0789473684210527,0.056451612903225805,1.0078125,1.171875,0.96875,4,4,0.10526315789473684,"{""2"":1,""3"":3}",112,18,0.16071428571428573,0.195935582742095,0.19672189839184284,1.043766275048256,124,7
WIKIPEDIA,P2,ALL_MORPH_BOUNDARY_GUARD,136,7a354878c63fadb9275073b266fc79ab41adb4e3a4eea902668c937d0f74ebcb,10.725937375798821,128,128,True,True,False,"[29346,47836,28733,90686,13,56419,25715,98927,29326,129382,33704,40720,25715,126253,137765,51391,29326,133120,55673,34395,132872,127451,67629,17877,125466,125522,47836,28733,64521,44518,24897,127649,125489,13,56419,25715,98927,29326,129382,33704,220,16,24,22,15,126216,66845,19391,136065,77002,40853,125580,127378,11,220,16,24,23,15,126216,66845,19391,60960,126402,56290,133381,13,220,16,24,24,15,126216,66845,126377,58677,33861,128013,12802,60960,126402,56290,64119,131611,56419,25715,98927,29326,129382,33704,58677,33861,128013,17877,131582,40720,25715,126253,137765,141819,47836,28733,64521,44518,24897,127649,42039,95996,65865,128836,13,56419,25715,98927,29326,129382,33704,133857,129378,130612,83518,65865,125511,40720,130357,132931,11,136115]",48,237,129,189,117,94,23,1.9583333333333333,0.19658119658119658,1.0078125,1.4765625,0.9140625,12,11,0.25,"{""1"":4,""2"":5,""3"":3}",141,8,0.05673758865248227,0.20698021911084652,0.20806420035660267,1.3200793378055096,117,23
WIKIPEDIA,P2,ALL_MORPH_BOUNDARY_GUARD,145,005a50bb1e2be0288c261e32d596ed107f6163785f7c14e52ef3bf8445d0f15c,9.398645117878914,128,128,True,True,False,"[5140,228,222,12802,20401,134953,33704,129242,56039,18411,131565,42905,128900,13,5140,228,222,12802,20401,134953,33704,129242,56039,18411,131565,42905,128900,13,5140,228,222,12802,20401,134953,33704,129242,56039,18411,131565,42905,128900,13,5140,228,222,12802,20401,134953,33704,129242,56039,18411,131565,42905,128900,13,5140,228,222,12802,20401,134953,33704,129242,56039,18411,131565,42905,128900,13,5140,228,222,12802,20401,134953,33704,129242,56039,18411,131565,42905,128900,13,5140,228,222,12802,20401,134953,33704,129242,56039,18411,131565,42905,128900,13,5140,228,222,12802,20401,134953,33704,129242,56039,18411,131565,42905,128900,13,5140,228,222,12802,20401,134953,33704,129242,56039,18411,131565,42905,128900,13,5140,228]",37,185,129,148,120,116,4,3.135135135135135,0.03333333333333333,1.0078125,1.15625,0.9375,8,8,0.21621621621621623,"{""2"":6,""3"":2}",111,24,0.21621621621621623,0.21244480833411217,0.21323546580970287,1.0159291457384825,120,4
WIKIPEDIA,P2,ALL_MORPH_BOUNDARY_GUARD,149,b8407b142eaeece19e635181f420775fe1526f8537e1e2319612dc608d62b0b8,10.56990585103631,128,128,True,True,False,"[125511,126254,126559,11,126310,28002,23259,49543,143861,242,36055,23259,65238,124970,128618,23259,49543,125489,13,23084,16560,139107,129381,130263,128747,42039,128646,47836,28733,90686,382,57026,20487,26698,220,143861,242,36055,23259,65238,124970,129093,43590,136262,11,220,143861,242,36055,23259,220,15,12802,134808,129093,43590,125489,13,23084,130263,128747,33704,126365,100,144341,53680,45130,109,144341,19391,135878,34143,104,128173,132931,11,126365,100,144341,19391,128605,142654,129510,54321,33704,220,15,11,45130,109,144341,19391,128605,142654,129510,54321,33704,220,16,125489,13,126365,100,144341,19391,128605,127864,54321,33704,220,23084,34395,11,45130,109,144341,19391,128605,127864,54321,33704,220,23084,13146,13,126365,100,144341]",46,228,129,182,123,102,21,2.217391304347826,0.17073170731707318,1.0078125,1.421875,0.9609375,6,5,0.13043478260869565,"{""1"":2,""2"":2,""3"":2}",136,28,0.20588235294117646,0.21625864505767822,0.21729140356183052,1.2726357318460941,123,21
WIKIPEDIA,P2,ALL_MORPH_BOUNDARY_GUARD,151,d74697603534767f1ce48379c1b960aba7fc3ba07a93d615c8f5f02eb239115a,10.098242722451687,128,128,True,True,False,"[54116,124517,19969,80573,16560,34143,105,28002,130592,80968,66790,80901,19969,37195,106,34395,11,127042,57089,25715,128901,127042,57089,17877,130094,42905,60960,19969,17380,16235,226,125052,17877,83596,16560,13146,13,127042,57089,25715,128901,127042,57089,17877,130094,42905,60960,19969,17380,16235,226,125052,17877,83596,16560,13146,13,127042,57089,25715,128901,127042,57089,17877,130094,42905,60960,19969,17380,16235,226,125052,17877,83596,16560,13146,13,127042,57089,25715,128901,127042,57089,17877,130094,42905,60960,19969,17380,16235,226,125052,17877,83596,16560,13146,13,127042,57089,25715,128901,127042,57089,17877,130094,42905,60960,19969,17380,16235,226,125052,17877,83596,16560,13146,13,127042,57089,25715,128901,127042,57089,17877,130094,42905,60960,19969]",43,212,129,169,116,109,7,2.5348837209302326,0.0603448275862069,1.0078125,1.3203125,0.90625,12,12,0.27906976744186046,"{""1"":7,""2"":1,""3"":4}",126,19,0.15079365079365079,0.21366030350327492,0.21455541998147964,1.18252376280725,116,7
WIKIPEDIA,P2,ALL_MORPH_BOUNDARY_GUARD,156,554e89867d740531ea4723899fb500f32679398eba63100d3f51e2735a22ef42,9.856121134012938,128,128,True,True,False,"[62107,81676,84255,81650,127483,33704,22942,17380,73669,128808,129264,129112,13,22942,33704,126291,126445,28626,144025,31079,20401,126291,125522,128739,17877,63332,40853,87425,137764,13,22942,33704,126291,126445,28626,144025,31079,20401,126291,125522,128739,17877,63332,40853,87425,137764,13,22942,33704,126291,126445,28626,144025,31079,20401,126291,125522,128739,17877,63332,40853,87425,137764,13,22942,33704,126291,126445,28626,144025,31079,20401,126291,125522,128739,17877,63332,40853,87425,137764,13,22942,33704,126291,126445,28626,144025,31079,20401,126291,125522,128739,17877,63332,40853,87425,137764,13,22942,33704,126291,126445,28626,144025,31079,20401,126291,125522,128739,17877,63332,40853,87425,137764,13,22942,33704,126291,126445,28626,144025,31079,20401,126291,125522,128739,17877,63332]",41,203,129,162,122,115,7,2.8048780487804876,0.05737704918032787,1.0078125,1.265625,0.953125,7,6,0.17073170731707318,"{""1"":6,""2"":1}",121,8,0.06611570247933884,0.15816589631140232,0.15904639847576618,1.1349285319447517,122,7
WIKIPEDIA,P2,ALL_MORPH_BOUNDARY_GUARD,157,a58f93e22d11924373b50a226a157bb118a42e9b97f2e406c84324467ec722f1,10.121727922931314,128,128,True,True,False,"[133085,23573,125206,124781,19969,46682,33509,60315,11,136293,20401,58677,88259,16560,23872,121,220,16,127475,220,17,129034,72553,130345,42039,57835,29281,64119,124905,11,23084,70943,23872,121,220,24,23,4,19969,136293,31079,18411,40720,51876,13,136293,31079,16560,136293,20401,125466,26699,31079,136262,11,136293,31079,18411,40720,42905,124889,128901,136293,31079,18411,54070,31079,17380,129112,13,136293,31079,16560,136293,20401,125466,26699,31079,136262,11,136293,31079,18411,40720,42905,124889,128901,136293,31079,18411,54070,31079,17380,129112,13,136293,31079,16560,136293,20401,125466,26699,31079,136262,11,136293,31079,18411,40720,42905,124889,128901,136293,31079,18411,54070,31079,17380,129112,13,136293,31079,16560,136293,20401,125466,26699,31079]",43,215,129,172,120,105,15,2.441860465116279,0.125,1.0078125,1.34375,0.9375,9,8,0.20930232558139536,"{""1"":2,""2"":6,""3"":1}",129,10,0.07751937984496124,0.19294008053839207,0.19389000535011292,1.1747121084481478,120,15
WIKIPEDIA,P2,ALL_MORPH_BOUNDARY_GUARD,160,1e26476690d1ff98feec7e46fff2e67a50d0d12aadd84c2628f4888925cc713d,9.115944309160113,128,128,True,True,False,"[139287,33704,44518,24897,127649,20401,63332,126246,17877,34143,112,64795,51876,13,89095,97,139287,33704,44518,24897,127649,20401,129304,56983,43590,24897,18411,92751,28002,51876,13,134084,11,89095,97,139287,33704,44518,24897,127649,20401,63332,126246,17877,34143,112,64795,51876,13,89095,97,139287,33704,44518,24897,127649,20401,129304,56983,43590,24897,18411,92751,28002,51876,13,134084,11,89095,97,139287,33704,44518,24897,127649,20401,63332,126246,17877,34143,112,64795,51876,624,56983,43590,24897,92751,28002,198,89095,97,139287,33704,44518,24897,127649,20401,129304,56983,43590,24897,18411,92751,28002,51876,13,89095,97,139287,33704,44518,24897,127649,20401,129304,56983,43590,24897,18411,92751,28002,51876,13,134084,11,89095,97]",36,177,129,141,127,120,7,3.3333333333333335,0.05511811023622047,1.0078125,1.1015625,0.9921875,1,1,0.027777777777777776,"{""2"":1}",105,20,0.19047619047619047,0.18019759841263294,0.1809487957507372,0.9855791162699461,127,7
WIKIPEDIA,P2,ALL_MORPH_BOUNDARY_GUARD,168,36ee04f27561af7e590b306bd86bbbe3b96e895a4c50ad77892679812f192fc2,8.6314616240561,128,128,True,True,False,"[128514,220,16,32077,198,220,17,128514,220,17,32077,198,220,17,128514,220,18,32077,198,220,17,128514,220,19,32077,198,220,17,128514,220,20,32077,198,220,17,128514,220,21,32077,198,220,17,128514,220,22,32077,198,220,17,128514,220,23,32077,198,220,17,128514,220,24,32077,198,220,17,128514,220,16,15,32077,198,220,17,128514,220,16,16,32077,198,220,17,128514,220,16,17,32077,198,220,17,128514,220,16,18,32077,198,220,17,128514,220,16,19,32077,198,220,17,128514,220,16,20,32077,198,220,17,128514,220,16,21,32077,198,220,17,128514,220,16,22,32077,198,220,17,128514]",33,163,129,130,128,127,1,3.8484848484848486,0.0078125,1.0078125,1.015625,1.0,0,0,0.0,{},97,37,0.38144329896907214,0.08626575954258442,0.08687803708016872,0.9010185562074184,128,1
WIKIPEDIA,P2,ALL_MORPH_BOUNDARY_GUARD,193,0199e89b545a0cb77695da1c1c70540afcecefd154b174b0b3c20810808bf238,10.313646106049418,128,128,True,True,False,"[144046,64577,63256,18411,56419,127105,42905,5140,41902,40720,64119,130898,129112,13,393,17,47,16560,60960,59761,60960,126346,135257,17877,125466,125522,42905,127042,29346,64850,16778,226,20401,141819,17877,131582,139647,21329,124905,11,60960,59761,20401,49052,127042,29346,128901,60960,126346,135257,17877,125466,125522,42905,127042,29346,64850,16778,226,20401,141819,17877,131582,139647,21329,124905,11,60960,59761,20401,49052,127042,29346,128901,60960,126346,135257,17877,125466,125522,42905,127042,29346,64850,16778,226,20401,141819,17877,131582,139647,21329,124905,11,60960,59761,20401,49052,127042,29346,128901,60960,126346,135257,17877,125466,125522,42905,127042,29346,64850,16778,226,20401,141819,17877,131582,139647,21329,124905,11,60960,59761,20401,49052,127042,29346,128901]",44,220,129,176,122,104,18,2.3636363636363638,0.14754098360655737,1.0078125,1.375,0.953125,7,6,0.1590909090909091,"{""1"":1,""2"":1,""3"":5}",132,19,0.14393939393939395,0.2028699852526188,0.20380989834666252,1.2140614911913872,122,18
WIKIPEDIA,P2,ALL_MORPH_BOUNDARY_GUARD,194,1870a6a49ecbc118b0301d1d252f822879be8e2bcbc1c6ea28d23e8a5c6fb491,9.233604626730084,128,128,True,True,False,"[418,131050,138540,47761,9,51391,82528,126781,320,48431,131893,340,9,51391,82528,126781,320,125144,56290,340,9,51391,82528,126781,320,48431,131893,19969,340,9,51391,82528,126781,320,48431,131893,19969,340,9,51391,82528,126781,320,48431,131893,19969,340,9,51391,82528,126781,320,48431,131893,19969,340,9,51391,82528,126781,320,48431,131893,19969,340,9,51391,82528,126781,320,48431,131893,19969,340,9,51391,82528,126781,320,48431,131893,19969,340,9,51391,82528,126781,320,48431,131893,19969,340,9,51391,82528,126781,320,48431,131893,19969,340,9,51391,82528,126781,320,48431,131893,19969,340,9,51391,82528,126781,320,48431,131893,19969,340,9,51391,82528,126781,320,48431,131893,19969,340]",37,184,129,147,128,120,8,3.2432432432432434,0.0625,1.0078125,1.1484375,1.0,0,0,0.0,{},110,2,0.01818181818181818,0.10981977544724941,0.11052848026156425,1.0139238685369492,128,8
WIKIPEDIA,P2,ALL_MORPH_BOUNDARY_GUARD,201,62f2ae481710a7fbff82614984a8857e7ff3c9105c753b5b4b85a22986f22fd7,10.39895673841238,128,128,True,True,False,"[8,80573,73077,32077,60294,20401,125466,76337,320,16,22,19,23,126216,19391,136065,42039,40720,8,53680,129381,28733,124632,80968,54116,47324,18411,129392,43866,134002,13,73077,32077,60294,16560,220,16,23,41429,20487,81173,34395,20401,28733,124632,25715,17380,11,54825,20401,24485,227,80968,33704,28733,124632,20401,95996,65865,19391,132182,54116,57026,18411,53900,139836,13,73077,32077,60294,16560,220,16,22,21,21,126216,126558,220,16,22,23,18,126216,128878,84255,17380,12802,127601,20401,84255,28002,133872,125511,60960,137078,20401,83315,125118,42039,84255,28002,133872,125511,12,19391,134372,28002,52959,60960,124632,56475,28733,124632,53680,133553,28002,124632,17877,35509,125548,144172,13146,13,73077,32077,60294,16560]",45,224,129,179,126,101,25,2.2444444444444445,0.1984126984126984,1.0078125,1.3984375,0.984375,3,2,0.06666666666666667,"{""1"":2,""2"":1}",134,11,0.08208955223880597,0.2001938857138157,0.2011264655739069,1.235711045563221,126,25
WIKIPEDIA,P2,ALL_MORPH_BOUNDARY_GUARD,211,e1dd1b21c7c4fbf236961605d37c8cfd045489d907c3f9df2b1d2c0d0b128ab2,9.277420418336987,128,128,True,True,False,"[129321,17877,55673,37087,17380,128956,126291,125624,17877,126254,51876,13,23463,126291,125624,33704,45130,120,124632,80968,130037,129835,35509,125624,17877,81718,144059,42039,74884,116,144489,23573,133196,18411,73669,65306,42039,10764,236,120,133847,130974,130861,18411,34143,112,34395,90686,13,23463,126291,125624,33704,45130,120,124632,80968,130037,129835,35509,125624,17877,81718,144059,42039,74884,116,144489,23573,133196,18411,73669,65306,42039,10764,236,120,133847,130974,130861,18411,34143,112,34395,90686,13,23463,126291,125624,33704,45130,120,124632,80968,130037,129835,35509,125624,17877,81718,144059,42039,74884,116,144489,23573,133196,18411,73669,65306,42039,10764,236,120,133847,130974,130861,18411,34143,112,34395,90686,13,23463,126291,125624,33704,45130]",37,183,129,146,123,118,5,3.189189189189189,0.04065040650406504,1.0078125,1.140625,0.9609375,5,5,0.13513513513513514,"{""2"":2,""3"":3}",109,24,0.22018348623853212,0.23121670074760914,0.23201383464038372,1.011828452348709,123,5
WIKIPEDIA,P2,ALL_MORPH_BOUNDARY_GUARD,214,91b92ef1e95dd720033a1341a26a537c99538ed87f79c1ca6150172d3864fb1a,10.219400497153401,128,128,True,True,False,"[125489,13,220,16,24,23,24,126216,220,21,128514,220,16,20,32077,19391,138373,78125,85057,64795,62071,16,18,20487,70943,128205,133373,220,18,125625,56419,54321,134379,56475,125834,20401,81173,34395,133692,25715,17380,20401,142452,135818,16235,225,125761,13,220,16,24,24,17,126216,220,16,15,128514,220,16,24,32077,19391,138373,78125,85057,64795,62071,16,19,20487,70943,128205,133373,62071,16,125625,56419,54321,134379,56475,70943,128205,133373,85403,54330,129150,42039,129296,69923,133381,13,220,16,24,24,22,126216,220,17,128514,220,16,24,32077,19391,32129,130472,128836,624,565,47818,126898,198,16,24,15,19,126216,220,23,128514,220,17,17,32077,19391,129359]",45,222,129,177,127,97,30,2.1555555555555554,0.23622047244094488,1.0078125,1.3828125,0.9921875,2,1,0.044444444444444446,"{""1"":1,""2"":1}",132,14,0.10606060606060606,0.15048828534781933,0.15135462023317814,1.2317773755639791,127,30
WIKIPEDIA,P2,ALL_MORPH_BOUNDARY_GUARD,215,81ad8abe23a6aee5123e0ef7a8bf71fb5308705cb23ebbc1084da6d371b87194,9.978721681982279,128,128,True,True,False,"[51876,13,23084,16560,220,124970,126310,23573,77353,79716,23259,144569,17380,135513,144038,28733,137334,137141,13,23084,131866,11,220,143861,242,220,124970,126310,23573,77353,79716,23259,144569,17380,135513,144038,28733,64521,126310,28002,23259,125489,13,23084,16560,220,124970,126310,23573,77353,79716,23259,144569,17380,135513,144038,28733,137334,137141,13,23084,131866,11,220,143861,242,220,124970,126310,23573,77353,79716,23259,144569,17380,135513,144038,28733,64521,126310,28002,23259,125489,13,23084,16560,220,124970,126310,23573,77353,79716,23259,144569,17380,135513,144038,28733,137334,137141,13,23084,131866,11,220,143861,242,220,124970,126310,23573,77353,79716,23259,144569,17380,135513,144038,28733,64521,126310,28002,23259,125489,13,23084,16560,220]",42,210,129,168,124,108,16,2.5714285714285716,0.12903225806451613,1.0078125,1.3125,0.96875,5,4,0.11904761904761904,"{""1"":1,""2"":4}",126,29,0.23015873015873015,0.20476887375116348,0.20574097335338593,1.1518594957888126,124,16
WIKIPEDIA,P2,ALL_MORPH_BOUNDARY_GUARD,217,2a3d33ad90ee563f6b07aa1107d72ab5f59c4df1378d6832201b9d64e7d5ceeb,9.231583816930652,128,128,True,True,False,"[129381,85997,32077,17380,5140,223,251,126588,13146,13,23084,34143,105,33704,220,16,128514,220,16,32077,126558,220,16,128514,220,18,16,32077,128878,20401,54116,62275,17877,126254,51876,13,23084,34143,105,33704,220,16,128514,220,16,32077,126558,220,16,128514,220,18,16,32077,128878,20401,54116,62275,17877,126254,51876,13,23084,34143,105,33704,220,16,128514,220,16,32077,126558,220,16,128514,220,18,16,32077,128878,20401,54116,62275,17877,126254,51876,13,23084,34143,105,33704,220,16,128514,220,16,32077,126558,220,16,128514,220,18,16,32077,128878,20401,54116,62275,17877,126254,51876,13,23084,34143,105,33704,220,16,128514,220,16,32077,126558,220,16,128514]",37,182,129,145,128,120,8,3.2432432432432434,0.0625,1.0078125,1.1328125,1.0,0,0,0.0,{},108,25,0.23148148148148148,0.15391323529183865,0.15469361655414104,1.0157845132052898,128,8
WIKIPEDIA,P2,ALL_MORPH_BOUNDARY_GUARD,222,5bd619fb257d13a99f8942ff734cf70cf56ff7329317143b63b23ecb5f2357f5,9.868761831894517,128,128,True,True,False,"[35711,32077,19391,220,20,22,42044,11,10764,228,254,35711,32077,19391,220,20,21,42044,93721,51876,13,220,19,15,15,126216,126322,126246,23084,34143,105,33704,28733,35711,32077,11,40771,230,35711,32077,11,83556,35711,32077,19391,220,20,23,42044,11,85413,242,35711,32077,53680,46832,242,35711,32077,19391,220,20,22,42044,11,10764,228,254,35711,32077,19391,220,20,21,42044,5140,223,251,126588,13146,382,418,220,22,128514,20401,127820,135946,47761,9,220,22,128514,33704,54825,126673,34395,28002,28754,56475,130887,40771,112,34143,105,125489,13,220,22,128514,33704,220,18,16,32077,128878,90686,624,9,220,22,128514,33704,54825,126673,34395,28002,28754]",41,205,129,164,127,111,16,2.707317073170732,0.12598425196850394,1.0078125,1.28125,0.9921875,1,1,0.024390243902439025,"{""1"":1}",123,27,0.21951219512195122,0.16313928924500942,0.16397951170802116,1.1273336987942457,127,16
WIKIPEDIA,P2,ALL_MORPH_BOUNDARY_GUARD,229,83050d780bf313aba5ecc6bf2fd33935ea016e228968a100f5f455b6e4654a3e,10.607253992930055,128,128,True,True,False,"[49052,47985,90686,13,58777,32290,139627,126414,124781,16560,58777,32290,139627,126414,124781,129254,47985,129112,382,88259,32290,139627,126414,124781,16560,134312,117,139627,126414,124781,20401,220,18,125625,54321,130729,40853,42039,11,134312,117,139627,126414,124781,16560,220,17,125625,54321,69441,231,32290,58034,20401,18585,238,129125,135513,95218,16560,65699,234,126414,124781,125489,382,88259,32290,139627,126414,124781,16560,58777,32290,139627,126414,124781,129254,47985,129112,382,88259,32290,139627,126414,124781,20401,36055,20401,715,88259,32290,139627,126414,124781,16560,220,18,125625,54321,142496,58034,20401,18585,238,129125,135513,95218,16560,65699,234,126414,124781,17380,11,63332,125160,71015,135513,142907,13146,13,129093,126333,56475,20401,126352,28002]",46,230,129,184,128,102,26,2.217391304347826,0.203125,1.0078125,1.4375,1.0,2,0,0.043478260869565216,"{""2"":2}",138,15,0.10869565217391304,0.1802579015493393,0.181144118309021,1.2722965758293867,128,26
WIKIPEDIA,P2,ALL_MORPH_BOUNDARY_GUARD,231,11a1c0612fe7670449333a5a3d8e6d9b6ddf44c8d2f0f1ecf600e2e8e53022d2,9.186250396072865,128,128,True,True,False,"[24,23,23,126216,220,16,16,128514,220,16,20,32077,19391,45104,242,126673,141274,31328,124973,126702,60960,124632,17877,57852,126702,128836,13,220,220,16,24,24,19,126216,220,24,128514,220,17,23,32077,19391,54825,16560,45104,242,126673,141274,31328,64577,59698,36055,63089,18411,57852,126702,128836,13,220,220,16,24,24,21,126216,220,16,128514,220,24,32077,19391,54825,16560,45104,242,126673,141274,31328,64577,59698,36055,63089,20401,83315,66845,28733,126641,42039,129296,69923,133381,13,220,220,17,15,15,19,126216,220,16,16,128514,220,16,16,32077,19391,54825,16560,45104,242,126673,141274,31328,60716,126321,54116,88259,20401,124970,40853,125545,56475,133553,60294,138097]",37,184,129,147,128,111,17,3.0,0.1328125,1.0078125,1.1484375,1.0,0,0,0.0,{},110,18,0.16363636363636364,0.1475975327193737,0.14830488711595535,1.0111864544451237,128,17
WIKIPEDIA,P2,ALL_MORPH_BOUNDARY_GUARD,247,970fe8f8d89b4d2f4bd8076ca12bb110c1455e41e45f0f0fc6cfd0ce36b6dc7c,10.028660541400313,128,128,True,True,False,"[83291,143230,144432,11,95577,12802,81133,17380,43590,126445,28626,24485,96,21329,11,32129,126793,28002,11,142209,236,246,50340,11,58677,33861,128013,16751,113,24897,131587,17380,60294,11,5140,116,234,50340,40281,126781,77002,12802,90686,382,138392,5140,116,234,50340,40281,126781,16560,85413,117,89860,79004,56475,9308,139236,18411,142163,126204,11,85413,117,89860,79004,138020,9308,139236,18411,135839,26698,60716,129150,82190,46832,242,32290,19391,61126,51876,13,85413,117,5140,116,234,50340,40281,126781,16560,85413,117,89860,79004,138020,9308,139236,18411,142163,47836,53618,11,85413,117,89860,79004,19391,142163,17877,141836,16560,10130,142163,17877,40720,51876,13,85413,117,89860,79004,16560,10130,142163,17877,135839]",42,209,129,167,126,104,22,2.4761904761904763,0.1746031746031746,1.0078125,1.3046875,0.984375,2,2,0.047619047619047616,"{""1"":1,""2"":1}",125,26,0.208,0.18778163008391857,0.18860765360295773,1.1574323829263449,126,22
WIKIPEDIA,P2,ALL_MORPH_BOUNDARY_GUARD,254,69967d46ab2375c71c801ffba10012a31e33028c284c59578fd1ea417fc3254d,9.742412224411964,128,128,True,True,False,"[134313,135092,12802,126871,129330,13,131367,134313,135092,17877,58677,129695,144091,134313,135092,130939,129112,13,715,31328,129695,144091,134313,135092,33704,79921,18411,42349,132872,52959,143522,19969,133329,47836,28733,64521,128753,47324,17380,46319,65238,42905,134313,135092,125489,13,715,31328,129695,144091,134313,135092,33704,79921,18411,42349,132872,52959,143522,19969,133329,47836,28733,64521,128753,47324,17380,46319,65238,42905,134313,135092,125489,13,715,31328,129695,144091,134313,135092,33704,79921,18411,42349,132872,52959,143522,19969,133329,47836,28733,64521,128753,47324,17380,46319,65238,42905,134313,135092,125489,13,715,31328,129695,144091,134313,135092,33704,79921,18411,42349,132872,52959,143522,19969,133329,47836,28733,64521,128753,47324,17380,46319,65238,42905,134313,135092]",40,198,129,158,116,110,6,2.75,0.05172413793103448,1.0078125,1.234375,0.90625,12,12,0.3,"{""1"":3,""2"":5,""3"":4}",118,10,0.0847457627118644,0.17031317949295044,0.17125395871698856,1.109971622005105,116,6
WIKIPEDIA,P2,ALL_MORPH_BOUNDARY_GUARD,261,3b90965ef4b9d67fe7e53d5ddc20e88d80683d5482c2c0773718a077bca16956,10.361615736037493,128,128,True,True,False,"[6790,16560,220,16,24,22,15,126216,66845,83315,19391,73523,126835,133245,34395,11,220,16,24,22,19,126216,19391,142234,133381,13,136331,220,16,24,22,15,126216,66845,126254,126558,220,16,24,23,15,126216,66845,83315,128878,16560,26656,84438,84255,17380,129283,144063,79207,230,28626,19969,96127,8041,20401,131698,131570,84255,17380,144644,28626,31328,91337,1093,1348,56475,40720,133381,13,220,16,24,23,15,126216,66845,83315,126558,220,16,24,24,15,126216,66845,83315,128878,16560,26656,84438,84255,17380,129283,144063,79207,230,28626,19969,91337,1093,1348,56475,40720,128841,60960,82528,19391,1599,13,17,20,84255,17380,129283,144063,79207,230,28626,19969,40720,133381,13,220,16]",44,220,129,176,126,103,23,2.340909090909091,0.18253968253968253,1.0078125,1.375,0.984375,4,2,0.09090909090909091,"{""1"":2,""2"":1,""3"":1}",132,12,0.09090909090909091,0.15548302605748177,0.15639464743435383,1.2221658695489168,126,23
WIKIPEDIA,P2,ALL_MORPH_BOUNDARY_GUARD,272,da60401d3bf936d57dd036bdd4dd3252f48a0a44258b3e78042820bf7afba51c,10.972835455089808,128,128,True,True,False,"[16560,126254,198,84255,17380,144644,28626,3315,65291,31079,24897,7,29958,9518,1648,84255,17380,144644,28626,20401,20136,113,125512,85997,43590,198,84255,17380,144644,28626,92751,28002,65980,9551,1648,84255,17380,144644,28626,20401,94203,127324,11,85788,11,129423,129502,11,69441,231,19969,134454,133970,42905,140968,57089,198,84255,17380,144644,28626,92751,28002,25715,65980,10567,1648,84255,17380,144644,28626,18411,94203,127324,126204,85788,42905,124889,198,84255,17380,144644,28626,92751,28002,25715,65980,10567,1648,84255,17380,144644,28626,18411,94203,127324,126204,85788,42905,124889,198,84255,17380,144644,28626,92751,28002,25715,65980,10567,1648,84255,17380,144644,28626,18411,94203,127324,126204,85788,42905,124889,198,84255,17380,144644,28626,92751]",49,244,129,195,111,98,13,2.0,0.11711711711711711,1.0078125,1.5234375,0.8671875,19,17,0.3877551020408163,"{""1"":3,""2"":13,""3"":3}",146,14,0.0958904109589041,0.16637282632291317,0.16743134334683418,1.3638971075415611,111,13
WIKIPEDIA,P2,ALL_MORPH_BOUNDARY_GUARD,276,330bb7258121235058610b4b24c400059f1e825c5fa4d1c4abff4ff74a716b39,10.942622922360897,128,128,True,True,False,"[311,11158,54606,144129,11,220,144138,14037,3776,425,3611,279,31993,144129,11,220,144138,16250,38990,144129,11,220,144138,8002,944,14215,2157,4695,144129,11,220,144138,8373,2599,311,10689,144129,11,220,144138,28251,315,3017,9414,144129,11,220,144138,34,12079,14671,37200,21154,10689,144129,11,220,144138,1654,8713,279,28808,144129,11,220,144138,1654,8713,2806,3555,1205,12199,311,2823,144129,11,220,144138,785,6928,15465,5994,1913,144129,11,220,144138,9485,8713,279,21192,315,5633,39395,144129,11,220,144138,8002,944,6771,2157,6285,144129,11,220,144138,785,75964,144129,11,220,144138,785,6928,15465,5994,1913,144129,11,220,144138,785,6928,15465,5994,1913,144129]",44,220,129,176,126,103,23,2.340909090909091,0.18253968253968253,1.0078125,1.375,0.984375,8,2,0.18181818181818182,"{""1"":2,""2"":4,""3"":2}",132,11,0.08333333333333333,0.13910130597651005,0.1402492169290781,1.2969136647880077,126,23
WIKIPEDIA,P2,ALL_MORPH_BOUNDARY_GUARD,280,611248ee353add9c5a8bbcc6a1865c60fcd66e2f203859f1183fd41b3682a05a,11.5450509916991,128,128,True,True,False,"[90775,102876,8,129254,47985,129112,382,12802,23872,254,83036,84667,12802,92031,33704,220,16,24,15,21,126216,19391,84255,133738,24897,20401,90486,134372,28002,19391,62071,125548,84667,7,26789,66597,356,39337,8,19969,62107,81676,330,52959,83036,84667,12802,92031,1,12802,81173,132618,17380,134108,85251,128900,13,23084,23872,254,83036,84667,12802,92031,33704,220,16,15,15,15,40853,20401,84255,126673,93701,42039,139647,83277,132931,11,220,16,132618,19391,220,16,15,40853,20401,84255,126673,93701,42039,85413,222,125545,31328,13146,13,23084,23872,254,83036,84667,12802,92031,33704,220,16,24,15,21,126216,19391,84255,133738,24897,20401,90486,134372,28002,19391,62071,125548,84667,7,26789,66597]",50,248,129,198,126,95,31,1.9,0.24603174603174602,1.0078125,1.546875,0.984375,2,2,0.04,"{""1"":1,""2"":1}",148,23,0.1554054054054054,0.27550024166703224,0.2765109743922949,1.4339233469218016,126,31
WIKIPEDIA,P2,ALL_MORPH_BOUNDARY_GUARD,283,c380228747cb05d72568be761a862b5f4049c16e61ad0415e970f0cd1ba7d75a,0.06500142253935337,1,1,True,True,True,[151643],1,1,1,1,1,1,0,1.0,0.0,1.0,1.0,1.0,0,0,0.0,{},0,0,0.0,0.0015183426439762115,0.0015251319855451584,0.027695314958691597,1,0
WIKIPEDIA,P2,ALL_MORPH_BOUNDARY_GUARD,284,7df76593cf73265d4568507c5b9894b6f25290f80a7c02317da7c422b45093a1,10.332883452996612,128,128,True,True,False,"[11,4102,84667,136068,11,4102,28626,17380,28626,11,4102,126835,50340,29346,11,4102,144706,24897,11,4102,19391,12802,24897,11,4102,19391,12802,126445,135379,11,4102,19391,24897,126793,11,4102,19391,12802,131131,134133,11,4102,19391,12802,131131,134133,57,11,4102,19391,12802,131131,134133,57,17,11,4102,19391,12802,131131,134133,57,18,11,4102,19391,12802,131131,134133,57,19,11,4102,19391,12802,131131,134133,57,20,11,4102,19391,12802,131131,134133,57,21,11,4102,19391,12802,131131,134133,57,22,11,4102,19391,12802,131131,134133,57,23,11,4102,19391,12802,131131,134133,57,24,11,4102,19391,12802,131131,134133,57,16,15,11,4102,19391,12802,131131,134133,57,16]",43,212,129,169,128,109,19,2.5348837209302326,0.1484375,1.0078125,1.3203125,1.0,0,0,0.0,{},126,24,0.19047619047619047,0.12102001532912254,0.12175040319561958,1.2156145460903645,128,19
WIKIPEDIA,P2,ALL_MORPH_BOUNDARY_GUARD,286,92ee651363a0b7be4eb7f7b811613e61255230d8b59da78fa2c8c4a460d25d05,10.011027004569769,128,128,True,True,False,"[59761,49543,125489,382,20487,125166,715,47665,94,33861,16560,143522,129547,144074,24897,56475,18585,238,17877,23084,57089,135298,16560,54116,66019,17877,128956,75232,125489,624,47665,94,33861,16560,143522,98927,93701,56475,18585,238,17877,23084,57089,135298,16560,54116,66019,17877,128956,75232,125489,624,47665,94,33861,16560,143522,98927,93701,56475,18585,238,17877,23084,57089,135298,16560,54116,66019,17877,128956,75232,125489,624,47665,94,33861,16560,143522,98927,93701,56475,18585,238,17877,23084,57089,135298,16560,54116,66019,17877,128956,75232,125489,624,47665,94,33861,16560,143522,98927,93701,56475,18585,238,17877,23084,57089,135298,16560,54116,66019,17877,128956,75232,125489,624,47665,94,33861,16560,143522,98927,93701,56475,18585,238]",40,197,129,157,123,113,10,2.825,0.08130081300813008,1.0078125,1.2265625,0.9609375,5,5,0.125,"{""1"":1,""2"":3,""3"":1}",117,32,0.27350427350427353,0.26201771199703217,0.2628893032670021,1.1355474330484867,123,10
WIKIPEDIA,P2,ALL_MORPH_BOUNDARY_GUARD,290,1cfd2dafb5d1659171a4ab7498d4f27d07d3275566a5f1ce8e178b34fa929d49,9.252037378028035,128,128,True,True,False,"[128533,85997,28002,31328,47911,105,145399,33704,138373,20401,47911,105,145399,12802,130092,76337,42039,46319,128909,52300,128900,13,4710,137771,40853,32290,33704,138373,20401,64577,40853,32290,12802,130092,76337,42039,46319,128909,52300,128900,13,138373,20401,64577,40853,32290,33704,138373,20401,64577,40853,32290,12802,130092,76337,42039,46319,128909,52300,128900,13,138373,20401,64577,40853,32290,33704,138373,20401,64577,40853,32290,12802,130092,76337,42039,46319,128909,52300,128900,13,138373,20401,64577,40853,32290,33704,138373,20401,64577,40853,32290,12802,130092,76337,42039,46319,128909,52300,128900,13,138373,20401,64577,40853,32290,33704,138373,20401,64577,40853,32290,12802,130092,76337,42039,46319,128909,52300,128900,13,138373,20401,64577,40853,32290,33704,138373]",35,173,129,138,128,121,7,3.4571428571428573,0.0546875,1.0078125,1.078125,1.0,0,0,0.0,{},103,11,0.10679611650485436,0.14944269321858883,0.15021591819822788,0.9855660125613213,128,7
WIKIPEDIA,P2,ALL_MORPH_BOUNDARY_GUARD,293,3c2712ed7fb6af47e0762e50764ee48937bb7fcea980cc8fbc2c8dd390700f8b,9.389611098915339,128,128,True,True,False,"[23084,16560,142209,242,230,126291,24897,20401,142497,17877,130729,126702,42905,5140,41902,132182,127864,47836,17877,53900,139836,13,130005,11,54825,16560,142209,242,230,126291,24897,20401,142497,17877,130729,126702,42905,5140,41902,132182,127864,47836,17877,53900,139836,13,130005,11,54825,16560,142209,242,230,126291,24897,20401,142497,17877,130729,126702,42905,5140,41902,132182,127864,47836,17877,53900,139836,13,130005,11,54825,16560,142209,242,230,126291,24897,20401,142497,17877,130729,126702,42905,5140,41902,132182,127864,47836,17877,53900,139836,13,130005,11,54825,16560,142209,242,230,126291,24897,20401,142497,17877,130729,126702,42905,5140,41902,132182,127864,47836,17877,53900,139836,13,130005,11,54825,16560,142209,242,230,126291,24897,20401]",36,179,129,143,126,120,6,3.3333333333333335,0.047619047619047616,1.0078125,1.1171875,0.984375,2,2,0.05555555555555555,"{""1"":1,""2"":1}",107,8,0.07476635514018691,0.14014161936938763,0.14091253839433193,1.0179980006068945,126,6
WIKIPEDIA,P2,ALL_MORPH_BOUNDARY_GUARD,302,1059ce196d5193038dadecdec9e75d16cf79f81a9e0f27e45a66818b90751fe1,9.694560604169965,128,128,True,True,False,"[93883,103431,24339,8,42039,126291,92192,51876,624,142976,125714,21329,23259,18411,133970,23573,142654,20401,94203,135444,220,15,12802,97143,126054,11,45130,109,144341,129835,73518,146289,144341,17877,3315,235,101,26698,125714,21329,23259,125703,20401,94203,23259,18411,78374,57801,62107,81676,94315,60960,43866,126270,7,30540,17254,24339,8,42039,126291,92192,51876,624,142976,125714,21329,23259,18411,133970,23573,142654,20401,94203,135444,220,15,12802,97143,126054,11,45130,109,144341,129835,73518,146289,144341,17877,3315,235,101,26698,125714,21329,23259,125703,20401,94203,23259,18411,78374,57801,62107,81676,94315,126174,144210,76337,126270,7,111169,28330,24339,8,42039,126291,92192,51876,382,127027,37087,715,13146,48431,77353,126702,126321]",38,190,129,152,126,115,11,3.026315789473684,0.0873015873015873,1.0078125,1.1875,0.984375,2,2,0.05263157894736842,"{""1"":1,""3"":1}",114,22,0.19298245614035087,0.15549251809716225,0.15625933185219765,1.0702168364077806,126,11
WIKIPEDIA,P2,ALL_MORPH_BOUNDARY_GUARD,303,6c6ca9f6938375db235b431a79e41f2981ae95eed18325b4dc24f05cd45e8993,10.774975018575788,128,128,True,True,False,"[222,12802,51876,13,35509,40281,24897,126291,92192,126270,33704,129296,128909,66845,23259,124632,56475,130887,136089,128533,135420,28002,94964,62618,13146,382,29281,20401,715,125568,126702,32077,125625,126321,29281,76337,271,20401,60716,18411,58777,42905,126674,18411,128646,140026,13,23084,77353,126702,32077,125625,126321,29281,76337,33704,126174,144210,17877,40720,82190,139107,131050,3315,241,116,28733,90686,382,57026,20487,26698,220,143861,242,94203,23259,126174,144210,11,220,143861,242,58034,23259,126524,47665,94,33861,125489,13,23084,77353,126702,32077,125625,126321,29281,76337,20401,60716,18411,58777,42905,126674,16560,126174,144210,74808,29281,76337,220,124970,60716,18411,58777,42905,126674,80573,126322,32077,129330,13,126174,144210,74808,29281,76337]",46,228,129,182,124,100,24,2.1739130434782608,0.1935483870967742,1.0078125,1.421875,0.96875,4,4,0.08695652173913043,"{""1"":4}",136,20,0.14705882352941177,0.21060741506516933,0.21159731410443783,1.2973268553614616,124,24
WIKIPEDIA,P2,ALL_MORPH_BOUNDARY_GUARD,305,74f554253ba79bf4e2e5705b0ef9bd562044f3411ef308617195b123566222cf,9.66577590815723,128,128,True,True,False,"[10764,244,19946,13,54825,16560,220,16,24,24,18,126216,220,16,15,128514,220,16,32077,19391,220,16,21,41429,220,17,24,32077,17380,730,4677,56983,48606,19391,38150,125068,128836,13,54825,16560,220,16,24,24,19,126216,220,16,15,128514,220,16,32077,19391,220,16,23,41429,220,17,24,32077,17380,730,4677,56983,48606,19391,38150,125068,128836,13,54825,16560,220,16,24,24,20,126216,220,16,15,128514,220,16,32077,19391,220,16,24,41429,220,17,24,32077,17380,730,4677,56983,48606,19391,38150,125068,128836,13,54825,16560,220,16,24,24,21,126216,220,16,15,128514,220,16,32077,19391,220,17,15,41429,220,17]",38,190,129,152,128,112,16,2.9473684210526314,0.125,1.0078125,1.1875,1.0,0,0,0.0,{},114,31,0.2719298245614035,0.12284234166145325,0.12358169257640839,1.0729790572077036,128,16
WIKIPEDIA,P2,ALL_MORPH_BOUNDARY_GUARD,309,cbdcc7f7c9ea2a88b6404d1d85d5b01144de344e5defa308c1c809d3a04dac43,9.810868788510561,128,128,True,True,False,"[131040,126800,139269,63089,19969,55673,128215,126204,130092,126800,130137,131293,129262,52959,29346,133373,19969,55673,124780,51876,624,565,220,16,13,73523,35711,198,66845,23573,125496,124785,20401,143522,84255,81650,53442,144276,60960,61741,13,135420,28002,140891,57852,124781,143861,98,135818,69441,231,19969,42905,43115,29326,85403,51588,53680,20136,247,76435,12802,73523,126835,23573,126291,126445,28626,144025,31079,20401,62099,121,20401,132818,69441,231,19969,42905,125466,129439,85403,51588,42039,73518,145422,13146,13,43115,29326,85403,51588,124657,130766,132343,138249,126800,130137,131293,129262,52959,29346,19391,127969,19969,47836,64577,126614,17877,79302,119,16560,13146,13,125466,129439,85403,51588,124657,130766,132343,138249,136581,131040,65306,85251,66845,61741]",39,194,129,155,122,109,13,2.7948717948717947,0.10655737704918032,1.0078125,1.2109375,0.953125,6,6,0.15384615384615385,"{""1"":1,""2"":2,""3"":3}",116,10,0.08620689655172414,0.16204052790999413,0.1628291718661785,1.097899865359068,122,13
WIKIPEDIA,P2,ALL_MORPH_BOUNDARY_GUARD,318,1ce00a5684b46f97baed96b36816d2f7d8f6dc43818fd073745d5ddd1d171a90,9.98833873681724,128,128,True,True,False,"[126591,29326,16560,66790,126321,25715,59698,126270,62071,17,92817,19391,126629,66790,126321,25715,59698,137438,17380,128618,97929,132306,382,92817,125519,125496,54330,130788,31328,125496,78125,56290,124785,4710,92817,125519,125496,54330,130788,31328,125496,78125,56290,124785,20401,127820,126591,29326,16560,139107,135898,382,220,16,24,19,23,126216,220,24,128514,220,24,32077,11,65510,125519,125496,54330,130788,31328,125496,78125,56290,124785,20401,134013,31328,69441,231,126345,29326,18411,127820,126591,29326,17380,79207,117,126614,134002,624,220,16,24,20,15,126216,220,16,15,128514,220,16,32077,11,65510,125519,125496,54330,130788,31328,125496,78125,56290,124785,20401,134013,31328,69441,231,126345,29326,18411,69441,231,126345,134990]",40,199,129,159,127,111,16,2.775,0.12598425196850394,1.0078125,1.2421875,0.9921875,1,1,0.025,"{""1"":1}",119,16,0.13445378151260504,0.1870549190789461,0.18781380355358124,1.1286184452474117,127,16
WIKIPEDIA,P2,ALL_MORPH_BOUNDARY_GUARD,320,1f8ebc1a77efe625563e2cb88fdc629da9588b7dc64d346319c0be31c618d509,10.470156265422702,128,128,True,True,False,"[58777,17380,136239,132306,13,129392,16560,64577,59698,88259,17380,11,127820,126591,25715,59698,47985,16560,64577,59698,88259,80573,58777,17380,136239,132306,13,127820,126591,25715,59698,29326,16560,64577,59698,88259,80573,58777,17380,136239,132306,13,8620,112,239,126346,29326,80573,129392,11,127820,126591,25715,59698,47985,11,127820,126591,25715,59698,29326,16560,44518,129534,88259,17380,136239,132306,13,44518,129534,88259,16560,44518,129534,88259,125118,53680,16751,235,32290,57089,42039,136239,132306,13,16751,235,32290,57089,33704,16751,235,32290,57089,125118,53680,126322,42039,136239,132306,13,126322,33704,126322,125118,53680,126322,42039,136239,132306,13,126322,33704,126322,125118,53680,126322,42039,136239,132306,13,126322,33704,126322,125118,53680,126322]",44,218,129,174,128,105,23,2.3863636363636362,0.1796875,1.0078125,1.359375,1.0,0,0,0.0,{},130,11,0.08461538461538462,0.1854095533490181,0.1863105408847332,1.2367947958409786,128,23
WIKIPEDIA,P2,ALL_MORPH_BOUNDARY_GUARD,324,12f418c81947dbadf106fe231f0af4f2df0235c1a7dea0eea490f95d1ee926b3,10.535700595006347,128,128,True,True,False,"[33704,5140,116,234,50340,128732,20401,63332,55054,127042,130271,18411,60960,126414,42905,45130,94,42039,11,54825,20401,45130,94,33704,133196,128552,132488,132872,34395,90686,13,54825,20401,60960,126414,128533,45130,94,42039,16560,330,785,11363,504,358,848,9176,497,330,51682,497,330,10580,56412,2123,497,330,4896,2577,258,2123,497,330,26843,6743,409,63568,1021,1,77002,12802,90686,13,23084,45130,94,128901,5140,116,234,50340,128732,20401,53435,56290,80573,16751,234,131893,17877,133196,19391,125214,132920,5140,41902,132182,127864,47836,17877,10764,244,19946,382,92817,144269,33704,5140,116,234,50340,128732,20401,16751,234,131893,124781,56475,136361,98987,18411,129882,21329,125580,127378,11,54825,20401]",44,220,129,176,122,103,19,2.340909090909091,0.1557377049180328,1.0078125,1.375,0.953125,6,6,0.13636363636363635,"{""1"":3,""2"":1,""3"":2}",132,23,0.17424242424242425,0.18387801013886929,0.1848506946116686,1.2410663701593876,122,19
WIKIPEDIA,P2,ALL_MORPH_BOUNDARY_GUARD,329,7a8b2b90dcf67bc5f67fcf992e58f3120fbf17177d365c60e1ca063ea409b8d2,10.662863412871957,128,128,True,True,False,"[126270,135092,19391,136009,133553,49543,19391,10764,252,62618,68232,26699,126204,137119,95002,28733,90686,13,23084,10764,252,246,17877,58777,125512,28754,130939,129112,382,88259,125512,28754,33704,133553,49543,20401,138519,131837,11,133553,49543,20401,77596,235,47985,11,129093,136913,17877,128956,133553,49543,20401,63757,21329,63154,19391,73986,131000,51876,13,58777,125512,28754,33704,133553,49543,20401,138519,131837,11,133553,49543,20401,77596,235,47985,11,129093,136913,17877,128956,133553,49543,20401,63757,21329,63154,19391,73986,131000,51876,382,88259,125512,28754,20401,74808,129321,33704,133553,49543,20401,143803,20401,132028,57089,126321,129321,53680,137351,124546,130705,11,74808,129321,33704,45130,94,32290,20401,141482,125489,382,88259,125512,28754,20401]",45,225,129,180,122,99,23,2.2,0.1885245901639344,1.0078125,1.40625,0.953125,7,6,0.15555555555555556,"{""1"":2,""2"":5}",135,10,0.07407407407407407,0.1744844727218151,0.17545860446989536,1.2710830457508564,122,23
WIKIPEDIA,P2,ALL_MORPH_BOUNDARY_GUARD,330,eda994a06370fe22b619699aeae6101f1d6bd07a32f51dbe1fbdd32939421e1f,11.124893601983786,128,128,True,True,False,"[129093,125512,28754,33704,98005,65865,42905,65699,234,126414,124781,56475,92751,132297,128841,92751,32831,28754,42039,11,98005,65865,20401,141482,56475,81718,144709,132064,42039,68232,26699,42905,71108,131137,92751,132297,132306,13,130331,128772,92751,32831,28754,53680,95577,138143,19969,21329,17380,142700,134015,42905,10764,252,246,33704,139429,382,54321,125512,28754,33704,98005,65865,42905,133553,49543,19969,98005,65865,20401,141482,56475,5140,117,254,83277,60315,19969,125476,16560,10764,252,246,42039,11,133553,49543,19969,98005,65865,42905,126322,126246,133788,96137,68232,26699,51876,13,23084,10764,252,246,33704,133553,49543,19969,98005,65865,42905,126322,126246,133788,96137,68232,26699,82190,133553,49543,19969,98005,65865,42905,126322,126246,133788,96137]",48,239,129,191,119,98,21,2.0416666666666665,0.17647058823529413,1.0078125,1.4921875,0.9296875,9,9,0.1875,"{""1"":2,""2"":7}",143,13,0.09090909090909091,0.28277198411524296,0.2838635630905628,1.346390038728714,119,21
WIKIPEDIA,P2,ALL_MORPH_BOUNDARY_GUARD,331,3aeeeaa3723cf26d44c58fb3d0abd786eafd8f56463ffc26819fc5be14967063,10.487925050780177,128,128,True,True,False,"[49543,42905,128584,130651,11,129304,79921,18411,126310,83036,168,77047,17380,139053,47836,28733,136303,128956,128900,13,126310,83036,168,77047,16560,79921,18411,139053,42905,130864,17877,36055,20401,87425,72553,11,79921,18411,139053,42905,130864,33704,126310,83036,168,77047,58677,129695,144091,74808,76337,19391,126629,34143,105,50340,85251,13146,13,126310,83036,168,77047,58677,129695,144091,74808,76337,126377,20076,12,23,11,20076,12,16,21,11,20076,12,18,17,77002,12802,90686,382,125522,83036,168,77047,16560,220,16,24,24,16,126216,19391,62071,29281,133245,127378,11,220,16,24,24,21,126216,126558,220,17,15,15,15,126216,128878,220,19,59761,20401,86831,65865,12802,73518,141438,13,220]",44,219,129,175,121,102,19,2.3181818181818183,0.15702479338842976,1.0078125,1.3671875,0.9453125,7,7,0.1590909090909091,"{""1"":1,""2"":5,""3"":1}",131,18,0.13740458015267176,0.2065418902784586,0.20757538639009,1.238387430086732,121,19
WIKIPEDIA,P2,ALL_MORPH_BOUNDARY_GUARD,337,ac4c1053ad71d1efd9119f691eba70315f6610a8341e2c138fcd6271f454ed1c,9.711369574069977,128,128,True,True,False,"[124970,23573,128584,130651,11,141769,20401,138704,53680,66790,76337,17877,81718,144059,42039,128956,128900,13,20136,247,35530,33704,58677,21329,80968,45130,120,29281,12802,137621,11,20136,247,35530,20401,98801,16560,58677,21329,80968,137525,18411,132989,51876,13,20136,247,35530,33704,58677,21329,80968,137525,18411,131582,140692,20401,137525,18411,83315,53442,51876,13,20136,247,35530,33704,58677,21329,80968,137525,18411,131582,140692,20401,137525,18411,83315,53442,51876,13,20136,247,35530,33704,58677,21329,80968,137525,18411,131582,140692,20401,137525,18411,83315,53442,51876,13,20136,247,35530,33704,58677,21329,80968,137525,18411,131582,140692,20401,137525,18411,83315,53442,51876,13,20136,247,35530,33704,58677,21329,80968,137525,18411,131582,140692]",38,190,129,152,126,113,13,2.973684210526316,0.10317460317460317,1.0078125,1.1875,0.984375,3,2,0.07894736842105263,"{""2"":1,""3"":2}",114,13,0.11403508771929824,0.15934625454246998,0.16014043800532818,1.0720280427485704,126,13
WIKIPEDIA,P2,ALL_MORPH_BOUNDARY_GUARD,349,48b8de27ed6f821caa4ae4139e69b140f6275965beebbe7a876876464a234348,10.06060815230012,128,128,True,True,False,"[124517,12802,95996,129062,23573,45130,111,42039,11,220,16,24,21,18,126216,220,16,128514,220,16,32077,43115,55902,131793,47985,80573,43115,55902,131226,47985,20401,136605,18411,20136,102,127148,82190,60960,88259,126861,126346,29326,19969,134739,133381,13,220,16,24,22,18,126216,220,16,128514,220,16,32077,43115,55902,131793,47985,20401,136605,18411,20136,102,127148,82190,60960,88259,126861,126346,29326,19969,134739,133381,13,220,16,24,23,15,126216,220,16,128514,220,16,32077,43115,55902,131226,47985,20401,136605,18411,20136,102,127148,82190,60960,88259,126861,126346,29326,19969,134739,133381,13,220,16,24,24,20,126216,220,16,128514,220,16,32077,43115,55902,131793,47985,20401,136605]",41,204,129,163,126,110,16,2.682926829268293,0.12698412698412698,1.0078125,1.2734375,0.984375,2,2,0.04878048780487805,"{""2"":2}",122,12,0.09836065573770492,0.14049765095114708,0.14130684919655323,1.157152084633708,126,16
WIKIPEDIA,P2,ALL_MORPH_BOUNDARY_GUARD,352,a98de64ba20c4145cb29f470fd3c39dfa4a1f5bc637eb567d9f1f78f7dca098d,10.392031168565154,128,128,True,True,False,"[116,12802,18411,3315,116,94,29281,66425,130039,40720,128841,54116,88259,16560,73518,127121,56039,33861,56039,33861,1445,276,4413,265,22962,8,125489,382,125068,80901,715,16,73518,127121,56039,33861,284,220,16,15,12,24,125714,33861,198,16,73518,127121,56039,33861,284,220,16,15,12,21,95577,12802,81133,17380,56039,33861,198,16,73518,127121,56039,33861,284,220,16,15,12,18,95577,12802,81133,126605,198,16,73518,127121,56039,33861,284,220,16,15,15,15,142510,129695,56039,33861,198,16,73518,127121,56039,33861,284,220,16,15,15,15,15,15,15,48408,129283,56039,33861,198,16,73518,127121,56039,33861,284,220,16,15,15,15,15,15,15]",44,217,129,173,127,105,22,2.3863636363636362,0.1732283464566929,1.0078125,1.3515625,0.9921875,2,1,0.045454545454545456,"{""1"":1,""3"":1}",129,17,0.13178294573643412,0.14187904633581638,0.1427065245807171,1.2379684373736382,127,22
WIKIPEDIA,P2,ALL_MORPH_BOUNDARY_GUARD,355,9d78fae9f4b84a8d2f1fb301fad3e6b1fa8f12fdde56526f83104a6c8165a612,9.778813568875194,128,128,True,True,False,"[23,126216,220,23,128514,220,16,20,32077,128605,125496,124785,20401,125466,76337,124973,20487,17380,66790,29281,133381,624,86372,131529,20487,20401,54116,80573,74361,250,131529,53435,126345,33704,65510,125519,20401,56419,125160,53435,126345,42039,11,65510,125519,20401,56419,125160,53435,126345,31328,74361,250,131529,53435,126345,33704,65510,125519,20401,56419,125160,53435,126345,42039,11,65510,125519,20401,56419,125160,53435,126345,31328,74361,250,131529,53435,126345,33704,65510,125519,20401,56419,125160,53435,126345,31328,74361,250,131529,53435,126345,33704,65510,125519,20401,56419,125160,53435,126345,31328,74361,250,131529,53435,126345,33704,65510,125519,20401,56419,125160,53435,126345,31328,74361,250,131529,53435,126345,33704,65510,125519,20401,56419,125160,53435]",39,195,129,156,127,112,15,2.871794871794872,0.11811023622047244,1.0078125,1.21875,0.9921875,1,1,0.02564102564102564,"{""3"":1}",117,9,0.07692307692307693,0.13262654840946198,0.13337462954223156,1.0988741181790829,127,15
WIKIPEDIA,P2,ALL_MORPH_BOUNDARY_GUARD,356,574092f95e772799300592bc8b9cd124a94b33fdba07d8195ecbb5534d2f4552,9.980754863470793,128,128,True,True,False,"[144262,11,143522,45130,120,124632,11,28733,124632,11,60039,45130,120,124632,11,125466,124632,11,43115,37087,124632,11,47818,126251,124632,11,133553,28002,124632,11,28927,105,28002,124632,11,139957,31079,124632,11,124970,124632,11,48364,250,51588,124632,11,143522,129547,144074,24897,11,98927,93701,76497,242,25715,31328,11,58677,78125,21329,66019,11,71015,144415,124632,11,125206,124781,124632,11,28733,124632,11,143522,45130,120,124632,11,60039,45130,120,124632,11,125466,124632,11,43115,37087,124632,11,47818,126251,124632,11,133553,28002,124632,11,28927,105,28002,124632,11,139957,31079,124632,11,124970,124632,11,48364,250,51588,124632,11,143522,129547,144074,24897,11,98927,93701,76497,242,25715,31328]",40,199,129,159,128,107,21,2.675,0.1640625,1.0078125,1.2421875,1.0,0,0,0.0,{},119,21,0.17647058823529413,0.19244572892785072,0.19319041445851326,1.1286543738096952,128,21
WIKIPEDIA,P2,ALL_MORPH_BOUNDARY_GUARD,359,b508a40cc2349a0fe0806b6fc57cd80700b0a565c997b08a56065d26dc6b173a,9.514236077666283,128,128,True,True,False,"[85251,84255,81650,53442,144276,139957,31079,125489,13,73986,54330,143279,47665,254,12802,125545,33704,95577,12802,81133,17380,43590,126445,28626,20401,659,15373,84255,126673,93701,130109,81133,18411,54116,126641,42039,53900,124905,11,95577,12802,81133,17380,43590,126445,28626,20401,659,15373,84255,126673,93701,130109,81133,18411,54116,126641,42039,128956,128772,84255,81650,53442,144276,139957,31079,80573,47985,91043,65238,132306,13,73986,54330,143279,47665,254,12802,125545,33704,95577,12802,81133,17380,43590,126445,28626,20401,659,15373,84255,126673,93701,130109,81133,18411,54116,126641,42039,53900,124905,11,95577,12802,81133,17380,43590,126445,28626,20401,659,15373,84255,126673,93701,130109,81133,18411,54116,126641,42039,128956,128772,84255,81650,53442,144276,139957]",37,184,129,147,123,114,9,3.081081081081081,0.07317073170731707,1.0078125,1.1484375,0.9609375,5,5,0.13513513513513514,"{""1"":1,""2"":1,""3"":3}",110,5,0.045454545454545456,0.13942255824804306,0.14013162441551685,1.0410278271883726,123,9
WIKIPEDIA,P2,ALL_MORPH_BOUNDARY_GUARD,363,a85cc0943047464894a50eff3d8216ecefee637248e76e49b6bc458480227bb5,11.10955030284822,128,128,True,True,False,"[60960,126414,128533,131698,132343,125214,126445,126673,29346,71015,24897,49543,125548,11,53435,56290,31328,97929,124632,20401,60960,126414,128533,131698,132343,62938,60294,29346,56983,70582,53189,50340,40281,24897,125489,624,31328,97929,124632,33704,58677,97929,20401,47818,126251,124632,80968,11,130592,80968,11,53435,56290,80968,127820,132818,131698,42905,20136,247,51588,125489,13,58677,97929,124632,33704,58677,97929,20401,47818,126251,124632,80968,11,130592,80968,11,53435,56290,80968,127820,132818,131698,42905,20136,247,51588,125489,13,58677,97929,124632,33704,58677,97929,20401,47818,126251,124632,80968,11,130592,80968,11,53435,56290,80968,127820,132818,131698,42905,20136,247,51588,125489,13,58677,97929,124632,33704,58677,97929,20401,47818,126251,124632,80968]",48,240,129,192,121,100,21,2.0833333333333335,0.17355371900826447,1.0078125,1.5,0.9453125,8,7,0.16666666666666666,"{""1"":1,""2"":4,""3"":3}",144,16,0.1111111111111111,0.22459625639021397,0.22551890276372433,1.3551678378134966,121,21
WIKIPEDIA,P2,ALL_MORPH_BOUNDARY_GUARD,365,1e1c070b1bef2ab6e396aacad9bcf73b98a4d981786498898ae24776ee73b710,10.637143183499575,128,128,True,True,False,"[143964,125569,67511,126251,47985,133970,51876,13,138266,125569,67511,126251,33704,138266,126291,126445,28626,144025,31079,80573,138266,139236,20401,142497,17877,130729,40853,23573,142497,125489,382,25715,125522,125569,67511,126251,20401,142497,33704,138266,126291,126445,28626,144025,31079,20401,138266,18411,130729,40853,23573,142497,125489,13,138266,126291,126445,28626,144025,31079,20401,138266,16560,40720,25715,126327,126291,126445,28626,144025,31079,18411,138266,139844,57801,40720,47836,28733,64521,138266,11,126291,24897,91605,18411,30520,120,28733,64521,138266,11,126291,24897,91605,18411,88513,47836,28733,64521,138266,11,126291,24897,91605,18411,129242,130609,128808,47836,28733,64521,138266,18411,132989,51876,13,138266,125569,67511,126251,20401,138266,16560,138266,126291,126445,28626,144025]",45,223,129,178,123,103,20,2.2888888888888888,0.16260162601626016,1.0078125,1.390625,0.9609375,6,5,0.13333333333333333,"{""1"":2,""2"":3,""3"":1}",133,9,0.06766917293233082,0.18237697333097458,0.18343268521130085,1.2698068842291832,123,20
WIKIPEDIA,P2,ALL_MORPH_BOUNDARY_GUARD,368,5a0cca804af9a4ba6291e79c3501702339667f91c37e1faee815f787fa38faf0,10.170490723103285,128,128,True,True,False,"[126216,220,16,15,128514,220,16,32077,126558,142209,242,230,43590,24897,17380,73523,126321,133381,13,142209,242,230,34992,44680,242,120,24897,16560,142209,242,230,43590,24897,5140,45881,12802,127601,24897,31328,4253,134664,125466,126402,40720,10764,245,230,19969,26698,6699,2916,8,18411,125686,125548,124905,11,142209,242,230,43590,24897,5140,45881,12802,127601,24897,31328,4253,134664,125466,126402,40720,10764,245,230,19969,26698,6699,2916,8,18411,125686,125548,124905,11,142209,242,230,43590,24897,5140,45881,12802,127601,24897,31328,4253,134664,125466,126402,40720,10764,245,230,19969,26698,6699,2916,8,18411,125686,125548,124905,11,142209,242,230,43590,24897,5140,45881,12802,127601,24897,31328,4253,134664]",41,205,129,164,125,107,18,2.6097560975609757,0.144,1.0078125,1.28125,0.9765625,3,3,0.07317073170731707,"{""1"":3}",123,32,0.2601626016260163,0.20306900143623352,0.2038932852447033,1.158427156507969,125,18
WIKIPEDIA,P2,ALL_MORPH_BOUNDARY_GUARD,377,a817644700090caea23a3c2c6afa118462716027a9c1c7d7ed0ea3df63fac4d3,11.731526596471667,128,128,True,True,False,"[239,130765,80901,128555,133970,51876,13,60716,144120,33704,134664,128552,143522,44518,24897,127649,20401,63332,126246,17877,45710,126641,42905,126174,80901,17380,11,60716,131973,3203,9683,8,16560,60716,144120,17877,131582,60039,18411,79302,119,127451,11,44518,24897,127649,17877,62071,31079,135405,11,54248,18411,77596,238,55902,135298,16560,136357,134953,17877,131670,126174,80901,18411,128956,124889,17877,126254,51876,13,60716,144120,33704,135392,141966,17380,134015,130705,11,54825,70943,136448,130887,134664,128533,141966,16560,85413,117,133415,60716,144120,11,126291,144403,125714,89235,31079,60716,144120,11,23084,84667,32077,60716,144120,77002,12802,90686,13,131367,60716,144120,33704,126799,60039,126310,69923,11,40771,230,128024,126352,53442,10764,249,242]",53,263,129,210,123,88,35,1.6603773584905661,0.2845528455284553,1.0078125,1.640625,0.9609375,9,5,0.16981132075471697,"{""1"":2,""2"":5,""3"":2}",157,14,0.08917197452229299,0.2377904262393713,0.23900213837623596,1.4947889782488346,123,35
WIKIPEDIA,P2,ALL_MORPH_BOUNDARY_GUARD,379,c3be02a96658456b9b332ff2276bc76869acd89913d1a352517429db045a3eb6,10.123268220573664,128,128,True,True,False,"[271,55054,65865,33704,220,16,20,41429,20487,126558,93721,133381,13,220,16,20,41429,20487,126377,126440,31079,32129,65865,12802,134108,141798,13,220,16,21,41429,20487,126377,84255,133738,24897,31079,32129,65865,12802,134108,141798,13,220,16,22,41429,20487,126377,64805,227,32077,31079,32129,65865,12802,134108,141798,13,220,16,23,41429,20487,126377,23084,136068,28002,52959,31079,32129,65865,12802,134108,141798,13,220,16,24,41429,20487,126377,79207,44680,236,246,31328,31079,32129,65865,12802,134108,141798,13,220,17,15,41429,20487,126377,138373,31079,32129,65865,12802,134108,141798,13,220,17,16,41429,20487,126377,136293,31079,32129,65865,12802,134108,141798,13,220,17,17,41429,20487,126377]",41,205,129,164,124,111,13,2.707317073170732,0.10483870967741936,1.0078125,1.28125,0.96875,4,4,0.0975609756097561,"{""1"":2,""2"":1,""3"":1}",123,20,0.16260162601626016,0.1921099442988634,0.19298318214714527,1.152828086167574,124,13
WIKIPEDIA,P2,ALL_MORPH_BOUNDARY_GUARD,383,de4d7317db0d123b62d11d4054f21ac25ac9bf587da630a45768512c83a0dea4,9.789313009008765,128,128,True,True,False,"[8,16560,220,16,24,23,15,126216,19391,73523,126835,52300,48364,104,84621,83666,129547,144074,126291,126445,28626,144025,31079,125489,13,220,16,24,23,15,126216,66845,83315,126641,126558,220,16,24,24,15,126216,66845,83315,126641,128878,16560,47665,94,33861,129547,144074,12802,55673,97929,124982,33509,60315,11,220,16,24,24,15,126216,66845,70943,126641,126558,5140,252,246,24897,33861,129547,144074,12802,55673,97929,19969,97143,125761,13,220,16,24,24,15,126216,66845,70943,126641,126558,220,17,15,15,15,126216,66845,83315,126641,128878,16560,47665,94,33861,129547,144074,53680,5140,252,246,24897,33861,129547,144074,12802,129676,40720,133381,13,220,17,15,15,15,126216,66845]",39,195,129,156,127,112,15,2.871794871794872,0.11811023622047244,1.0078125,1.21875,0.9921875,1,1,0.02564102564102564,"{""3"":1}",117,13,0.1111111111111111,0.13714470900595188,0.13789397850632668,1.094444639980793,127,15
WIKIPEDIA,P2,ALL_MORPH_BOUNDARY_GUARD,390,551f0cde62b24efd28188d421b8d9710de200ba46730550fc05ddf0247d95417,11.606626929715276,128,128,True,True,False,"[29346,142496,20401,129419,47665,94,33861,220,128355,220,20401,141767,144033,50340,144238,33704,139107,135898,382,57026,20487,26698,220,16560,220,16,126558,220,128878,20401,20136,102,125489,382,12802,77353,85057,33704,139107,129381,128677,128732,17877,35509,85251,13146,382,127048,65238,126270,135092,25,715,82619,128747,126270,135092,25,715,128618,130609,126270,135092,25,4710,12802,128677,128732,128901,141767,144033,50340,144238,12802,66136,80968,17877,139646,16560,129337,63332,40853,51876,382,126952,125511,11,141767,144033,50340,144238,33704,139107,129381,128677,128732,17877,35509,85251,13146,382,220,15,12,16,126785,135092,25,715,220,15,12,16,126785,135092,25,4710,12802,128677,128732,128901,141767,144033,50340,144238,12802,37064,57160]",49,244,129,195,128,97,31,1.9795918367346939,0.2421875,1.0078125,1.5234375,1.0,0,0,0.0,{},146,140,0.958904109589041,0.5924114529043436,0.5934996102005243,1.384436434134841,128,31
WIKIPEDIA,P2,ALL_MORPH_BOUNDARY_GUARD,396,abb335de51d31387c63a9a045ea94a0f1439e0a032137e2c746ec9bd8e70f35c,10.262289037927985,128,128,True,True,False,"[246,17877,3315,116,94,29281,134002,13,3315,123,101,144371,33704,129419,18585,238,65865,16186,136541,19391,68232,26699,42905,10764,252,246,17877,3315,116,94,29281,66425,130039,40771,230,126299,78125,17877,40720,134002,13,40771,230,126299,78125,33704,56419,16186,18411,57547,47836,28733,64521,143861,98,28754,12802,90686,13,3315,123,101,144371,33704,129419,73523,20401,40771,230,126299,78125,17877,40720,82190,129419,18585,238,65865,16186,136541,19391,68232,26699,42905,10764,252,246,17877,3315,116,94,29281,134002,13,129419,73523,20401,40771,230,126299,78125,33704,137765,128772,56419,16186,18411,131670,137046,13,3315,123,101,144371,33704,129419,73523,20401,40771,230,126299,78125,17877,137765,48108,222,28002,5140]",42,209,129,167,126,109,17,2.5952380952380953,0.1349206349206349,1.0078125,1.3046875,0.984375,2,2,0.047619047619047616,"{""1"":1,""3"":1}",125,26,0.208,0.21104420721530914,0.21195275336503983,1.182862376794219,126,17
WIKIPEDIA,P2,ALL_MORPH_BOUNDARY_GUARD,398,7b4e03ef0e2398942f3f8414702a8f67fe8e5878b2023b70b0b18a3ffbe9f84f,10.643579602241516,128,128,True,True,False,"[94,33861,11,143861,242,139052,32290,362,18411,5140,239,246,60294,140611,34395,64521,85403,129262,647,18411,135513,142907,13146,13,23084,16560,69441,238,139822,32290,17877,5140,239,246,60294,140611,34395,64521,85403,129262,647,66136,20401,56419,16186,131837,17877,135513,142907,13146,382,19969,40281,24897,126785,135092,20401,125714,79716,141966,16560,139107,135898,624,715,57026,20487,26698,143861,242,56419,20487,40853,11,143861,242,56419,16186,22042,222,47985,125489,382,19969,40281,24897,126785,135092,20401,125714,79716,141966,16560,56419,20487,40853,20401,95996,85057,17877,135513,142907,13146,13,56419,20487,40853,20401,95996,85057,33704,56419,16186,22042,222,47985,19391,73986,131000,51876,13,56419,20487,40853,20401,95996,85057,12802]",45,224,129,179,126,104,22,2.311111111111111,0.1746031746031746,1.0078125,1.3984375,0.984375,5,2,0.1111111111111111,"{""3"":5}",134,20,0.14925373134328357,0.18238766491413116,0.18331358954310417,1.269218286499381,126,22
WIKIPEDIA,P2,ALL_MORPH_BOUNDARY_GUARD,417,e2b8ecbe9a4a8665d1751c0fa4decc91fc307eeea7c23384236c695b827b5d2c,11.254026664420962,128,128,True,True,False,"[31079,60315,26698,16560,37064,94,55902,56475,47818,125991,130705,11,140094,20401,54969,131347,97929,16560,37064,94,55902,56475,47818,125991,51876,13,54969,131347,97929,16560,37064,94,55902,56475,47818,125991,42905,48364,247,132526,57089,126251,20401,220,16,15,4,131219,18411,129882,21329,51876,13,54969,131347,97929,16560,37064,94,55902,56475,47818,125991,42905,48364,247,132526,57089,126251,20401,220,16,15,4,131219,18411,129882,21329,51876,13,54969,131347,97929,16560,37064,94,55902,56475,47818,125991,42905,48364,247,132526,57089,126251,20401,220,16,15,4,131219,18411,129882,21329,51876,13,54969,131347,97929,16560,37064,94,55902,56475,47818,125991,42905,48364,247,132526,57089,126251,20401,220,16,15,4]",45,222,129,177,125,108,17,2.4,0.136,1.0078125,1.3828125,0.9765625,6,3,0.13333333333333333,"{""1"":2,""2"":1,""3"":3}",132,25,0.1893939393939394,0.23912096582353115,0.24031705036759377,1.355184767395258,125,17
WIKIPEDIA,P2,ALL_MORPH_BOUNDARY_GUARD,418,12b68832d675fba33005ec5a16f5eb7e1f60f992b7b4308221b15535df1d2f9d,10.336812799796462,128,128,True,True,False,"[128836,13,126322,126251,124632,20401,142497,33704,220,16,23,41429,20487,126254,19391,141965,32831,133381,13,23084,65865,126377,126322,126251,124632,12802,47818,126251,124632,20401,136605,79716,42039,26698,11,47818,126251,124632,20401,136605,79716,42039,26698,11,47818,126251,124632,20401,136605,79716,42039,26698,11,47818,126251,124632,20401,136605,79716,42039,26698,11,47818,126251,124632,20401,136605,79716,42039,26698,11,47818,126251,124632,20401,136605,79716,42039,26698,11,47818,126251,124632,20401,136605,79716,42039,26698,11,47818,126251,124632,20401,136605,79716,42039,26698,11,47818,126251,124632,20401,136605,79716,42039,26698,11,47818,126251,124632,20401,136605,79716,42039,26698,11,47818,126251,124632,20401,136605,79716,42039,26698,11,47818,126251,124632]",41,204,129,163,126,113,13,2.7560975609756095,0.10317460317460317,1.0078125,1.2734375,0.984375,3,2,0.07317073170731707,"{""1"":1,""2"":2}",122,8,0.06557377049180328,0.18207459896802902,0.182900907471776,1.2448603976517916,126,13
WIKIPEDIA,P2,ALL_MORPH_BOUNDARY_GUARD,425,1f8e12a4832f83d55af0bafb40de4f70e8921cf86581761e2bc02335a2f62c9e,10.2560761179775,128,128,True,True,False,"[36330,250,62275,198,32077,125822,20401,126291,125624,198,32077,125822,31079,126291,125624,198,32077,125822,20401,141526,66845,126291,125624,198,32077,125822,20401,220,17,15,41429,20487,126291,125624,198,32077,125822,20401,220,17,15,41429,20487,53435,124632,198,32077,125822,20401,220,17,15,41429,20487,53435,124632,143586,198,32077,125822,20401,141526,66845,53435,124632,143586,198,32077,125822,20401,141526,66845,53435,124632,198,32077,125822,20401,141526,66845,53435,124632,143586,198,32077,125822,20401,141526,66845,53435,124632,198,32077,125822,20401,141526,66845,53435,124632,143586,198,32077,125822,20401,141526,66845,53435,124632,198,32077,125822,20401,141526,66845,53435,124632,143586,198,32077,125822,20401,141526,66845,53435,124632,198,32077,125822]",41,204,129,163,128,112,16,2.731707317073171,0.125,1.0078125,1.2734375,1.0,0,0,0.0,{},122,21,0.1721311475409836,0.14931493997573853,0.1500016264617443,1.1868926212191582,128,16
WIKIPEDIA,P2,ALL_MORPH_BOUNDARY_GUARD,436,9e085b274373dc949c59950806708598a22d36aa98941eba97ca4ffffc414f8d,11.253630781546235,128,128,True,True,False,"[124632,20401,126440,31079,124632,142220,17380,129242,125545,128836,13,54825,16560,220,16,24,18,22,126216,19391,220,43520,31328,62275,20401,136608,35661,7,785,11099,315,12592,85087,8,44518,28002,134133,20401,48364,104,84621,83666,138001,31328,220,43520,31328,62275,20401,136608,25,220,16,13,58677,97929,20401,74361,226,76435,53680,10764,245,97,125548,40281,31328,20401,74361,226,76435,35661,7,785,11099,315,12592,85087,25,220,16,13,576,5893,315,27252,53855,3660,3776,25,576,27252,9536,323,6944,467,1003,819,8,17877,36330,250,129382,128836,13,220,16,24,20,19,126216,19391,220,43520,31328,62275,20401,136608,35661,44518,28002,134133,20401,140887,138001,31328,220,43520]",50,250,129,200,126,94,32,1.88,0.25396825396825395,1.0078125,1.5625,0.984375,2,2,0.04,"{""1"":2}",150,17,0.11333333333333333,0.19958196207880974,0.20065831393003464,1.3984720911830664,126,32
WIKIPEDIA,P2,ALL_MORPH_BOUNDARY_GUARD,437,105f270d0d3f5a9473a847111f2f361b51070d524177b0cd41864be23b1f9d7e,9.873385952785611,113,113,True,True,True,"[66845,11,38523,101,66845,11,134312,117,21329,126321,20401,60716,126345,11,34143,112,23259,11,128719,28733,92817,20401,135392,46832,246,65306,56475,142300,132306,13,133553,34395,135854,135392,47818,86372,80968,127864,47836,17877,139393,130705,11,137767,117,12802,130472,20401,136605,17380,68232,26699,126204,11,28733,76435,47818,86372,124781,20401,130270,130262,17877,139871,42905,5140,41902,136361,127864,47836,17877,129112,13,130005,11,133553,34395,135854,133204,20401,28927,251,131837,125466,128911,54321,42039,47985,136361,127864,47836,17877,53900,124905,11,124685,124517,53680,28733,85057,126251,127165,108,124517,56475,136361,64577,54321,42039,140969,132306,13,151643]",44,220,113,176,109,78,31,1.7727272727272727,0.28440366972477066,1.0,1.5575221238938053,0.9646017699115044,6,4,0.13636363636363635,"{""1"":1,""2"":3,""3"":2}",132,21,0.1590909090909091,0.18254930153489113,0.18346549570560455,1.2281305082142353,109,31
WIKIPEDIA,P2,ALL_MORPH_BOUNDARY_GUARD,438,8a712f52f519e4dc8ba1ca2f1856de55ddf960821a409fa43baca307df51a3ff,9.34369163773954,128,128,True,True,False,"[124905,11,132270,20401,140094,20401,124685,97929,19969,23084,129413,19391,77596,235,51876,13,23084,129413,33704,220,16,24,41429,20487,94315,126641,19391,136065,42039,128618,97929,133381,13,23084,129413,33704,220,16,24,41429,20487,94315,126641,19391,136065,42039,128618,97929,133381,13,23084,129413,33704,220,16,24,41429,20487,94315,126641,19391,136065,42039,128618,97929,133381,382,79716,97929,198,65306,138924,31079,55902,130262,33704,220,16,24,41429,20487,94315,126641,19391,136065,42039,128618,97929,133381,13,23084,129413,33704,220,16,24,41429,20487,94315,126641,19391,136065,42039,128618,97929,133381,13,23084,129413,33704,220,16,24,41429,20487,94315,126641,19391,136065,42039,128618,97929,133381,382,79716,97929,198,65306]",36,180,129,144,128,116,12,3.2222222222222223,0.09375,1.0078125,1.125,1.0,0,0,0.0,{},108,7,0.06481481481481481,0.1425173245370388,0.1432742066681385,1.0115030780434608,128,12
WIKIPEDIA,P2,ALL_MORPH_BOUNDARY_GUARD,439,9fe03a076b73e5be9d163899ef8c6ef62fe0cd601832f9519105fe3b71b7694d,9.354423368349671,128,128,True,True,False,"[93672,133553,144639,144548,18411,126563,33883,133553,77596,235,56475,5140,244,254,57268,125548,127451,35509,50340,144125,127451,129112,13,77353,138924,31079,97929,16560,140094,20401,133553,34395,20487,129885,126366,73077,53442,127166,28733,90686,13,77353,138924,31079,97929,16560,140094,20401,133553,34395,20487,129885,126366,73077,53442,127166,28733,90686,13,77353,138924,31079,97929,16560,140094,20401,133553,34395,20487,129885,126366,73077,53442,127166,28733,90686,13,77353,138924,31079,97929,16560,140094,20401,133553,34395,20487,129885,126366,73077,53442,127166,28733,90686,13,77353,138924,31079,97929,16560,140094,20401,133553,34395,20487,129885,126366,73077,53442,127166,28733,90686,13,77353,138924,31079,97929,16560,140094,20401,133553,34395,20487,129885,126366,73077,53442,127166]",36,180,129,144,128,120,8,3.3333333333333335,0.0625,1.0078125,1.125,1.0,1,0,0.027777777777777776,"{""2"":1}",108,18,0.16666666666666666,0.17634132876992226,0.17709722183644772,1.0044137369841337,128,8
WIKIPEDIA,P2,ALL_MORPH_BOUNDARY_GUARD,441,cdb8487a6b25b394fc06a27eb5a9333148c77151699c39fef85c1e3423cda388,9.563640786334872,128,128,True,True,False,"[1323,6591,340,126429,129510,31079,126299,320,50,874,652,8,481,126310,32077,126337,126429,129510,31079,3759,13,274,874,652,340,126429,129510,31079,126299,320,50,874,652,316,29869,8,481,220,19,126337,198,126429,129510,31079,126299,320,50,874,652,316,29869,8,481,220,16,126337,198,126429,129510,31079,126299,320,50,874,652,316,29869,8,481,220,16,126337,198,126429,129510,31079,126299,320,50,874,652,316,29869,8,481,220,16,126337,198,126429,129510,31079,126299,320,50,874,652,316,29869,8,481,220,16,126337,198,126429,129510,31079,126299,320,50,874,652,316,29869,8,481,220,16,126337,198,126429,129510,31079,126299,320,50,874]",38,190,129,152,128,118,10,3.1052631578947367,0.078125,1.0078125,1.1875,1.0,0,0,0.0,{},114,13,0.11403508771929824,0.09456593170762062,0.0952470526099205,1.0661012958735228,128,10
WIKIPEDIA,P2,ALL_MORPH_BOUNDARY_GUARD,442,f307875caa0ce15287edf8ff61aae8de086e7d0e07d01f45be0f494906408d73,9.732079606503248,128,128,True,True,False,"[93,20,59761,20401,85322,33704,77226,18585,238,12802,90686,13,36978,116,33704,40771,116,34395,5140,239,98,83291,124905,11,8620,120,105,28002,19969,40771,116,13146,13,36978,116,20401,139274,132064,33704,40771,116,34395,5140,239,98,83291,124905,11,8620,120,105,28002,19969,40771,116,13146,13,36978,116,20401,139274,132064,33704,40771,116,34395,5140,239,98,83291,124905,11,8620,120,105,28002,19969,40771,116,13146,13,36978,116,20401,139274,132064,33704,40771,116,34395,5140,239,98,83291,124905,11,8620,120,105,28002,19969,40771,116,13146,13,36978,116,20401,139274,132064,33704,40771,116,34395,5140,239,98,83291,124905,11,8620,120,105,28002,19969,40771,116,13146]",39,194,129,155,127,111,16,2.8461538461538463,0.12598425196850394,1.0078125,1.2109375,0.9921875,2,1,0.05128205128205128,"{""1"":1,""3"":1}",116,38,0.3275862068965517,0.19266284257173538,0.19340196624398232,1.0932155530899763,127,16
WIKIPEDIA,P2,ALL_MORPH_BOUNDARY_GUARD,445,b3887c832b1cfd2401ab846dd9cf22a1d9febe2fef78e848990a952304644082,12.384715693071485,128,128,True,True,False,"[126345,17877,5140,223,120,34395,129624,56039,20401,129624,63089,80573,139963,63089,18411,141819,42905,66790,126402,33883,80573,60960,26698,126345,17877,141819,42905,66790,126402,33883,60716,129640,17877,66790,60315,139963,132064,42039,16560,90711,254,126673,80573,11,89860,132064,42039,16560,124657,126746,53680,12802,80573,11,129624,132064,42039,16560,54969,60315,125544,80573,124973,65306,17877,141965,32831,126204,90686,13,129624,56039,56475,130887,132182,137449,17380,11,48108,112,80968,33704,220,17,11,22,23,15,11,19,15,15,16017,17,17380,129624,56039,20401,220,16,14,18,17877,129882,21329,51876,13,58677,88259,16560,220,19,11,19,15,15,72553,79632,42039,129624,56039,56475,129419,84621,83666,17380,126735,127378]",59,292,129,233,124,76,48,1.2881355932203389,0.3870967741935484,1.0078125,1.8203125,0.96875,8,4,0.13559322033898305,"{""1"":3,""2"":2,""3"":3}",174,7,0.040229885057471264,0.22046885080635548,0.2215962242335081,1.647957170382142,124,48
WIKIPEDIA,P2,ALL_MORPH_BOUNDARY_GUARD,447,f1ec5ceb7b902f067abd34cb3ced4d29c7c3c8b5a463af0387492ffdf5a1d56a,10.961459444835782,128,128,True,True,False,"[16560,95996,11,45104,242,11,137767,116,28002,134454,40720,82190,125466,17877,85413,222,125545,31328,13146,13,125466,17877,10764,230,105,88259,42905,129274,10764,245,230,26699,132553,137764,13,125466,17877,10764,230,105,88259,42905,129274,10764,245,230,26699,132553,137764,13,125466,17877,10764,230,105,88259,42905,129274,10764,245,230,26699,132553,137764,13,125466,17877,10764,230,105,88259,42905,129274,10764,245,230,26699,132553,137764,13,125466,17877,10764,230,105,88259,42905,129274,10764,245,230,26699,132553,137764,13,125466,17877,10764,230,105,88259,42905,129274,10764,245,230,26699,132553,137764,13,125466,17877,10764,230,105,88259,42905,129274,10764,245,230,26699,132553,137764,13,125466,17877,10764]",47,235,129,188,112,102,10,2.1702127659574466,0.08928571428571429,1.0078125,1.46875,0.875,18,16,0.3829787234042553,"{""1"":7,""2"":7,""3"":4}",141,34,0.24113475177304963,0.27407462522387505,0.275095472112298,1.3165585938841105,112,10
WIKIPEDIA,P2,ALL_MORPH_BOUNDARY_GUARD,451,3905fa6c12ad356e1b7e416e7024ad5414d051e7fa3ac57e77b51537058f61f1,9.991830356419086,128,128,True,True,False,"[65306,17877,143188,126204,90686,13,58677,88259,16560,23872,121,220,18,72553,220,20,129034,72553,79632,42039,133196,56475,220,18,137104,17380,126735,13146,13,220,17,15,16,16,126216,54116,129044,42039,133196,56475,130887,5140,228,240,33704,58677,88259,22042,222,47985,18411,35509,85251,133152,125489,13,220,17,15,16,16,126216,54116,129044,42039,133196,56475,130887,5140,228,240,33704,58677,88259,22042,222,47985,18411,35509,85251,133152,125489,13,220,17,15,16,16,126216,54116,129044,42039,133196,56475,130887,5140,228,240,33704,58677,88259,22042,222,47985,18411,35509,85251,133152,125489,13,220,17,15,16,16,126216,54116,129044,42039,133196,56475,130887,5140,228,240,33704,58677,88259]",41,204,129,163,123,108,15,2.6341463414634148,0.12195121951219512,1.0078125,1.2734375,0.9609375,7,5,0.17073170731707318,"{""1"":1,""2"":2,""3"":4}",122,23,0.1885245901639344,0.1693610604852438,0.17019175551831722,1.147468812763691,123,15
WIKIPEDIA,P2,ALL_MORPH_BOUNDARY_GUARD,456,54f43ac293a04c42908a36eee40f34785a71a90b8a74dd3d27e6fad4b09425a6,9.605131024494767,128,128,True,True,False,"[132662,20401,62071,16,125625,133196,66845,65865,127969,65865,129296,129709,624,220,16,24,16,22,126216,481,62071,16,125625,133196,66845,65865,56475,64805,227,32077,12802,62071,124785,60716,129534,17877,60716,49543,51876,624,220,16,24,17,15,126216,481,62071,16,125625,133196,66845,65865,56475,64805,227,32077,12802,62071,124785,60716,129534,17877,60716,49543,51876,624,220,16,24,17,16,126216,481,62071,16,125625,133196,66845,65865,56475,64805,227,32077,12802,62071,124785,60716,129534,17877,60716,49543,51876,624,220,16,24,17,17,126216,481,62071,16,125625,133196,66845,65865,56475,64805,227,32077,12802,62071,124785,60716,129534,17877,60716,49543,51876,624,220,16,24,17,18,126216,481]",39,194,129,155,128,113,15,2.8974358974358974,0.1171875,1.0078125,1.2109375,1.0,0,0,0.0,{},116,10,0.08620689655172414,0.1520953644067049,0.15286689065396786,1.07631191983819,128,15
WIKIPEDIA,P2,ALL_MORPH_BOUNDARY_GUARD,460,a2dfd950c0404d8f8ee21e0224aaf4ad450e8f9d157cbd279b6f909447324bb5,9.889682285487652,128,128,True,True,False,"[15,16,126216,481,132662,20401,136774,12802,97143,20487,56419,19391,134014,32985,98,144022,28002,19969,3315,112,251,129502,42039,26698,3315,118,246,28002,128808,83036,52959,54330,18411,141875,128836,624,220,16,24,15,17,126216,481,132662,20401,136774,12802,97143,20487,56419,19391,37064,234,28002,134929,10764,245,97,12802,134133,19969,3315,112,251,129502,42039,26698,3315,118,246,28002,128808,83036,52959,54330,18411,141875,128836,624,220,16,24,15,18,126216,481,132662,20401,136774,12802,97143,20487,56419,19391,37064,234,28002,134929,10764,245,97,12802,134133,19969,3315,112,251,129502,42039,26698,3315,118,246,28002,128808,83036,52959,54330,18411,141875,128836,624,220,16,24,15,19,126216]",41,203,129,162,128,112,16,2.731707317073171,0.125,1.0078125,1.265625,1.0,1,0,0.024390243902439025,"{""3"":1}",121,24,0.19834710743801653,0.16823242604732513,0.16901520639657974,1.1426337268203497,128,16
