workload,pair,variant,prompt_id,prompt_hash,prompt_wall_seconds,output_tokens,reference_tokens,exact_output_match,exact_stopping_position_match,eos_terminated,output_token_ids_json,rounds,draft_forward_calls,target_forward_calls,draft_tokens_proposed,target_proposal_positions_verified,accepted_draft_tokens,rejected_draft_tokens,mean_accepted_tokens_per_verification_call,rejection_rate,target_forward_calls_per_output_token,draft_tokens_proposed_per_output_token,target_proposal_positions_verified_per_output_token,guard_triggered_rounds,guard_applied_rounds,guard_activation_rate,guard_position_histogram_json,candidate_positions_checked,invalid_candidate_positions,invalid_or_ambiguous_candidate_fraction,morphology_detection_seconds,controller_seconds,draft_resynchronization_seconds,valid_event_count,verified_rejection_count
WIKIPEDIA,P2,ENTROPY_MATCHED_GUARD,2,797505ae1b9daad7f72e4ec78649ee5c230e0b80e2c7cf9e7dd1754b77586537,8.940924804657698,128,128,True,True,False,"[58034,23259,11,3315,65291,29326,12,28002,72553,58034,23259,11,3315,65291,29326,12,28002,72553,58034,23259,11,3315,65291,29326,12,28002,72553,58034,23259,11,3315,65291,29326,12,28002,72553,58034,23259,11,3315,65291,29326,12,28002,72553,58034,23259,11,3315,65291,29326,12,28002,72553,58034,23259,11,3315,65291,29326,12,28002,72553,58034,23259,11,3315,65291,29326,12,28002,72553,58034,23259,11,3315,65291,29326,12,28002,72553,58034,23259,11,3315,65291,29326,12,28002,72553,58034,23259,11,3315,65291,29326,12,28002,72553,58034,23259,11,3315,65291,29326,12,28002,72553,58034,23259,11,3315,65291,29326,12,28002,72553,58034,23259,11,3315,65291,29326,12,28002,72553,58034,23259]",36,178,129,142,128,120,8,3.3333333333333335,0.0625,1.0078125,1.109375,1.0,0,0,0.0,{},3,0,0.0,0.0,0.00013844668865203857,0.9831227846443653,128,8
WIKIPEDIA,P2,ENTROPY_MATCHED_GUARD,6,b717150f2140809a605917cd483b5520b2bedffdc4f920b00e847502f59638a7,9.737065551802516,128,128,True,True,False,"[254,135375,31079,31328,48364,112,145333,31079,19969,40720,64119,124905,11,5140,253,105,29326,52959,31079,16560,125466,26699,31079,17380,40720,132306,13,48364,112,145333,31079,16560,48364,112,145333,31079,80573,90711,112,125548,125166,28002,31079,31079,18411,133970,23573,90711,112,125548,125166,28002,31079,129704,139957,31079,20401,61298,98358,15927,62618,13146,13,48364,112,145333,31079,16560,220,16,24,24,15,126216,66845,19391,48364,112,145333,31079,17380,84621,126346,52300,48364,112,145333,31079,12,60294,29326,52959,31079,32129,65865,12802,36330,250,129382,133381,13,48364,112,145333,31079,16560,220,16,24,24,15,126216,66845,19391,48364,112,145333,31079,17380,84621,126346,52300,48364,112,145333,31079,12,60294]",42,209,129,167,128,105,23,2.5,0.1796875,1.0078125,1.3046875,1.0,0,0,0.0,{},0,0,0.0,0.0,0.00010454468429088593,1.1474938914179802,128,23
WIKIPEDIA,P2,ENTROPY_MATCHED_GUARD,10,5e0217e4766f7d31c3235279415acc9f7531070ba0e9a1341f20e4548b34b9f1,9.501007985323668,128,128,True,True,False,"[129296,69923,52300,130508,66845,126402,135138,20401,64795,94315,41671,19969,131417,141142,125761,13,23084,61741,130095,94315,41671,16560,220,16,20,66845,60960,125519,56475,220,16,15,15,72553,10764,230,105,126414,129882,12802,17380,37195,247,125519,23573,94315,220,17,15,15,16,126216,220,16,17,128514,220,16,24,32077,61298,60315,50340,64795,60960,14559,57160,74209,41671,17380,129296,69923,133381,13,130508,66845,126402,94315,41671,16560,220,16,20,66845,60960,125519,56475,220,16,15,15,72553,10764,230,105,126414,129882,12802,17380,23084,61741,130095,94315,41671,18411,138659,125548,34395,125834,125519,133245,33509,60315,11,220,17,15,15,16,126216,220,16,17,128514,220,16,24,32077]",41,202,129,161,128,106,22,2.5853658536585367,0.171875,1.0078125,1.2578125,1.0,0,0,0.0,{},0,0,0.0,0.0,9.782612323760986e-05,1.1092355903238058,128,22
WIKIPEDIA,P2,ENTROPY_MATCHED_GUARD,12,c19aed6dbcf30bd095af697a46be1dee55182021e5676427019ada91e0eece53,10.352038260549307,128,128,True,True,False,"[18411,131582,56419,133196,19391,126440,129321,17877,125714,144172,13146,13,54825,20401,143586,33704,56419,29326,61741,80573,56419,29326,61741,18411,131582,56419,133196,19391,56419,29326,133381,13,54825,20401,143586,33704,56419,133196,20401,129875,125714,125880,124780,53680,54116,124780,19391,126291,40853,128993,90686,13,54825,20401,143586,33704,220,17,15,15,21,126216,220,16,128514,220,17,24,32077,19391,32129,130472,23573,94315,130612,133788,96137,56419,29326,130357,90686,382,130728,131793,129044,33704,220,16,24,20,15,126216,66845,19391,56419,80901,95617,125880,19969,17380,140968,57089,125580,127378,11,220,16,24,21,15,126216,66845,19391,73986,89235,57268,48408,28626,20401,62099,121,29326,25715,17380,138630,83277,90686,13]",47,232,129,185,128,98,30,2.0851063829787235,0.234375,1.0078125,1.4453125,1.0,0,0,0.0,{},0,0,0.0,0.0,0.00011705048382282257,1.2819474581629038,128,30
WIKIPEDIA,P2,ENTROPY_MATCHED_GUARD,14,b09103b0fed93b2a08c8a60416bd62c824f1c8739e4d15215597bdfa283c105c,8.951865194365382,128,128,True,True,False,"[125496,78125,56290,124785,20401,130508,29281,32077,12802,32129,130472,128836,624,220,17,15,16,17,126216,481,128605,125496,124785,62071,16,23,66845,136774,129296,92192,56475,22042,243,125722,135508,94315,41671,19969,125834,125519,64119,13146,624,220,17,15,16,18,126216,481,128605,125496,124785,62071,16,23,66845,136774,129296,92192,56475,22042,243,125722,135508,94315,41671,19969,125834,125519,64119,13146,624,220,17,15,16,19,126216,481,128605,125496,124785,62071,16,23,66845,136774,129296,92192,56475,22042,243,125722,135508,94315,41671,19969,125834,125519,64119,13146,624,220,17,15,16,20,126216,481,128605,125496,124785,62071,16,23,66845,136774,129296,92192,56475,22042,243,125722,135508,94315,41671,19969]",36,178,129,142,128,122,6,3.388888888888889,0.046875,1.0078125,1.109375,1.0,0,0,0.0,{},0,0,0.0,0.0,9.037740528583527e-05,0.9886957015842199,128,6
WIKIPEDIA,P2,ENTROPY_MATCHED_GUARD,15,1d6f54d208ecd5b298ab185f509258a752a31db923fc3dc011fb469d5e2fa205,8.54666799120605,128,128,True,True,False,"[624,220,17,15,15,20,126216,481,128605,125496,124785,20401,125149,126346,31328,130508,125519,32077,12802,142510,127890,134521,13146,624,220,17,15,15,21,126216,481,128605,125496,124785,20401,125149,126346,31328,130508,125519,32077,12802,142510,127890,134521,13146,624,220,17,15,15,22,126216,481,128605,125496,124785,20401,125149,126346,31328,130508,125519,32077,12802,142510,127890,134521,13146,624,220,17,15,15,23,126216,481,128605,125496,124785,20401,125149,126346,31328,130508,125519,32077,12802,142510,127890,134521,13146,624,220,17,15,15,24,126216,481,128605,125496,124785,20401,125149,126346,31328,130508,125519,32077,12802,142510,127890,134521,13146,624,220,17,15,16,15,126216,481,128605,125496,124785,20401,125149]",33,165,129,132,128,126,2,3.8181818181818183,0.015625,1.0078125,1.03125,1.0,0,0,0.0,{},0,0,0.0,0.0,8.12876969575882e-05,0.8954935129731894,128,2
WIKIPEDIA,P2,ENTROPY_MATCHED_GUARD,23,68d0ac96052328deac48f37c0c5eb37288f1bfd449c5956851242783136973bc,9.214721918106079,128,128,True,True,False,"[97,12802,126246,44518,66845,20401,130592,136854,49367,144457,13146,13,220,16,24,23,20,126216,19391,136293,20401,53435,124632,55902,31328,53435,124632,52959,129616,124419,56039,55902,11,53435,124632,55902,11,53435,124632,55902,11,53435,124632,55902,11,53435,124632,55902,11,53435,124632,55902,11,53435,124632,55902,11,53435,124632,55902,11,53435,124632,55902,11,53435,124632,55902,11,53435,124632,55902,11,53435,124632,55902,11,53435,124632,55902,11,53435,124632,55902,11,53435,124632,55902,11,53435,124632,55902,11,53435,124632,55902,11,53435,124632,55902,11,53435,124632,55902,11,53435,124632,55902,11,53435,124632,55902,11,53435,124632,55902,11,53435,124632,55902,11,53435,124632,55902,11,53435,124632,55902]",38,188,129,150,128,115,13,3.026315789473684,0.1015625,1.0078125,1.171875,1.0,0,0,0.0,{},0,0,0.0,0.0,0.00010347738862037659,1.043582696467638,128,13
WIKIPEDIA,P2,ENTROPY_MATCHED_GUARD,25,885c927bcb1d5ce2b8363034837213ac67985834d26af9d124d11efb506d3c30,9.963757840916514,128,128,True,True,False,"[42039,142234,134002,13,134664,58034,66845,126605,33704,48408,31328,144018,125166,31328,20401,127820,23259,58034,66845,32831,23084,126605,17877,134664,56290,23573,23084,126605,42039,11,48408,31328,144018,125166,31328,20401,127820,23259,58034,66845,32831,23084,126605,33704,126429,126299,136913,17877,49367,126746,16560,23084,126605,12802,125590,11,134664,58034,66845,126605,33704,70943,28754,12802,64521,49052,18411,49367,126746,16560,23084,126605,125489,13,48408,31328,144018,125166,31328,33704,220,16,24,15,20,126216,19391,127820,23259,58034,66845,32831,23084,126605,17877,142234,126063,34395,11,220,16,24,16,20,126216,19391,134664,58034,66845,126605,17877,142234,134002,13,48408,31328,144018,125166,31328,33704,220,16,24,16,20,126216,19391,134664]",44,219,129,175,128,107,21,2.4318181818181817,0.1640625,1.0078125,1.3671875,1.0,0,0,0.0,{},0,0,0.0,0.0,0.00010660849511623383,1.1922028306871653,128,21
WIKIPEDIA,P2,ENTROPY_MATCHED_GUARD,30,e2174e89d7b358d83745cfcf8a8ceb0e49cce30a68b33581f9ec83f6cd937960,10.464559664949775,128,128,True,True,False,"[481,48408,63089,25715,198,5140,45881,57268,24897,481,73986,136233,131131,136233,198,5140,45881,28626,70582,52959,481,5140,45881,28626,70582,52959,198,5140,254,230,130271,132523,481,47665,254,12802,126746,28626,198,56983,70582,52959,481,127819,116,126746,29326,198,56983,129924,52959,83036,52959,481,5140,45881,12802,126793,198,5140,96,101,125544,83036,52959,481,85403,141571,126673,144018,131131,198,5140,96,101,29326,52959,60315,481,5140,116,234,50340,128732,28002,52959,271,145039,4710,129392,56039,83036,129616,481,127165,108,47985,56039,83036,34395,198,129392,56039,83036,129616,125466,56290,124785,481,127165,108,47985,56039,83036,34395,198,64805,227,32077,481,47665,254,18411,129807,198,64805,227,47985]",48,237,129,189,128,92,36,1.9166666666666667,0.28125,1.0078125,1.4765625,1.0,0,0,0.0,{},0,0,0.0,0.0,0.00012039579451084137,1.3102348279207945,128,36
WIKIPEDIA,P2,ENTROPY_MATCHED_GUARD,37,c29340ed2ae27ab126dd406338e9a57ef447f4766929d8e35a4d27ebfcc92819,10.019133418798447,128,128,True,True,False,"[76337,198,35509,128677,126702,51876,624,320,125545,124546,32831,8,16751,226,126423,23259,20401,130263,128747,42039,53900,25715,13,23084,13146,624,320,128215,66845,82801,36055,28002,8,16751,226,126423,23259,20401,130263,128747,42039,53900,25715,13,23084,13146,382,125625,48364,112,70582,144100,126445,49367,126524,76337,33704,139107,131050,129242,133032,128552,36055,20401,132306,382,125625,48364,112,70582,144100,126445,49367,126524,76337,33704,139107,131050,127165,120,126317,58440,17380,36055,20401,132306,382,125625,48364,112,70582,144100,126445,49367,126524,76337,33704,139107,131050,137351,124546,49367,126524,76337,42039,36055,20401,132306,382,125625,48364,112,70582,144100,126445,49367,126524,76337,33704,139107,131050,81173,66845,82801,17877,143143,16560,13146]",45,222,129,177,128,102,26,2.2666666666666666,0.203125,1.0078125,1.3828125,1.0,0,0,0.0,{},0,0,0.0,0.0,0.0001078583300113678,1.218495886772871,128,26
WIKIPEDIA,P2,ENTROPY_MATCHED_GUARD,38,b7b3fb2d5cc49283768b73a1a3a01cbcfe8ff4be11d3ded869508d8bb0db300a,10.452517138794065,128,128,True,True,False,"[16,29326,220,20,24,79716,8,42039,47985,54116,128061,47836,28733,90686,13,220,16,24,23,23,126216,220,18,128514,220,16,19,32077,19391,132662,20401,5140,231,112,138081,56475,54969,12802,20401,37195,254,17877,136065,42039,54116,128061,23573,136331,17380,11,132662,53680,3315,118,238,60315,13146,56475,54969,12802,20401,37195,254,17877,54116,128061,42905,140888,19969,132376,251,19969,126204,90686,13,220,17,15,15,24,126216,220,18,128514,220,16,19,32077,126377,132662,53900,54321,56475,54969,12802,20401,37195,254,17877,125466,76337,128552,66790,29281,66425,130679,126785,126246,12802,125206,53680,133381,13,220,17,15,16,15,126216,220,18,128514,220,16,19,32077,126377,3315]",48,238,129,190,128,101,27,2.1041666666666665,0.2109375,1.0078125,1.484375,1.0,0,0,0.0,{},0,0,0.0,0.0,0.0001147836446762085,1.3024240005761385,128,27
WIKIPEDIA,P2,ENTROPY_MATCHED_GUARD,39,fe3005394dbe0cf116fce01833e3e0671dbbb1a93556793ad6d4079244e0a9a4,9.949476603418589,128,128,True,True,False,"[55054,31328,126785,135092,33704,127165,120,126317,128909,20401,129419,46319,53680,54825,136541,20401,126804,17877,135420,130689,53618,11,127165,120,126317,128909,20401,125674,46319,20401,40771,116,12802,18411,58777,42905,5140,41902,40720,132306,382,29281,20401,715,134088,126317,128909,20401,125674,46319,20401,40771,116,12802,18411,126804,126317,1154,1154,5140,45881,130127,11,126804,126317,20401,46319,19391,60960,131518,42905,126804,17877,126804,126317,1154,1154,5140,45881,53900,25715,13,23084,131866,11,3315,65291,55054,31328,126785,135092,33704,139107,135898,382,12802,18411,127165,120,126317,128909,20401,46319,20401,40771,116,12802,19391,128605,3315,65291,55054,31328,126785,135092,130939,129112,13,130005,11,23084,126785,135092,17877,46319,20401,40771,116]",44,219,129,175,128,103,25,2.340909090909091,0.1953125,1.0078125,1.3671875,1.0,0,0,0.0,{},0,0,0.0,0.0,0.00010782666504383087,1.1954492591321468,128,25
WIKIPEDIA,P2,ENTROPY_MATCHED_GUARD,57,b1000e7789bb5594b44a39ec3ac92a4f23a5ca9c242124976697937513c89bb7,4.077152648940682,57,57,True,True,True,"[198,34395,66845,142103,128753,56290,198,34395,66845,142103,98358,124546,198,34395,66845,142103,128753,56290,20401,35509,124781,47985,198,34395,66845,142103,128753,56290,20401,128753,198,34395,66845,142103,98358,124546,20401,128753,198,34395,66845,142103,128753,56290,20401,63757,82528,198,34395,66845,142103,98358,124546,20401,63757,82528,151643]",18,85,57,69,57,49,8,2.7222222222222223,0.14035087719298245,1.0,1.2105263157894737,1.0,0,0,0.0,{},0,0,0.0,0.0,4.5066699385643005e-05,0.4863683730363846,57,8
WIKIPEDIA,P2,ENTROPY_MATCHED_GUARD,59,ca6f5928103dac851a87e3ed232c404a3005faba2f2c41a4805b20484304bc20,10.339244117960334,128,128,True,True,False,"[31328,125206,124781,18411,125686,125548,34395,11,79302,239,32831,25715,11,70943,32831,25715,11,70943,32831,25715,7,107184,8,20401,49052,16560,10764,236,246,125548,56039,12,89235,144195,125206,124781,18411,125686,125548,16560,132091,138630,83277,90686,13,63332,130640,33704,63332,24897,12,52959,31328,144018,125166,31328,125206,124781,18411,125686,125548,34395,11,10764,236,246,125548,56039,130000,33704,10764,236,246,125548,56039,12,89235,144195,125206,124781,18411,136707,13146,13,63332,130640,33704,10764,236,246,125548,56039,130000,53680,16560,34143,105,28002,11,129381,38150,25715,17380,139647,85251,49367,23259,20401,38150,25715,126253,129381,79302,239,25715,137619,18411,35509,128732,28733,90686,13,63332,130640,33704,10764,236,246]",47,233,129,186,127,102,25,2.1702127659574466,0.1968503937007874,1.0078125,1.453125,0.9921875,1,1,0.02127659574468085,"{""1"":1}",3,0,0.0,0.0,0.00018355995416641235,1.2786327302455902,127,25
WIKIPEDIA,P2,ENTROPY_MATCHED_GUARD,62,ff420f60d7c131547b1234f039faa25fdcfcec5494ecaff872d10b47fc0fe16a,9.677183339372277,128,128,True,True,False,"[125522,31328,28754,126785,135092,17877,62071,29326,134002,13,23084,138001,33704,5140,231,112,94152,20401,45130,120,124632,80968,24485,227,80968,17877,98358,128747,23573,138001,42039,11,23084,138001,17877,131582,5140,231,112,94152,33704,45130,120,124632,20401,48364,112,124781,18411,58777,126970,134002,13,23084,138001,33704,45130,120,124632,47455,223,79632,20401,136361,54116,49664,42039,11,141526,66845,45130,120,124632,20401,54116,132618,18411,140175,134002,382,12802,138001,33704,5140,231,112,94152,20401,45130,120,124632,80968,24485,227,80968,17877,98358,128747,23573,138001,42039,11,23084,138001,17877,131582,5140,231,112,94152,33704,45130,120,124632,20401,48364,112,124781,18411,58777,126970,134002,13,23084,138001,33704,45130,120]",42,209,129,167,128,106,22,2.5238095238095237,0.171875,1.0078125,1.3046875,1.0,0,0,0.0,{},0,0,0.0,0.0,0.00011437386274337769,1.1389750055968761,128,22
WIKIPEDIA,P2,ENTROPY_MATCHED_GUARD,65,3aa0309b093897c5914bfb2abc9f73ea8f76665d50650a1aa875ab2bb8d0374b,9.111295528709888,128,128,True,True,False,"[54321,142496,56475,5140,45881,131587,50340,24897,74808,29281,76337,33704,139107,135898,382,57026,20487,26698,220,143861,242,5140,45881,131587,50340,24897,77353,85057,25715,125489,382,12802,74808,29281,76337,33704,139107,131050,3315,241,116,28733,90686,382,57026,20487,26698,220,143861,242,5140,45881,131587,50340,24897,77353,85057,131958,126429,125522,82801,125489,382,33883,129150,715,50340,131587,50340,24897,74808,29281,76337,33704,139107,129381,141966,17380,3315,241,116,28733,90686,382,57026,20487,26698,220,143861,242,5140,45881,131587,50340,24897,77353,85057,131958,126429,125522,82801,125489,382,50340,131587,50340,24897,74808,29281,76337,20401,60716,16560,139107,129381,141966,17380,3315,241,116,28733,90686,382,57026,20487,26698,220,143861]",38,187,129,149,128,114,14,3.0,0.109375,1.0078125,1.1640625,1.0,0,0,0.0,{},6,0,0.0,0.0,0.00013232789933681488,1.0286346673965454,128,14
WIKIPEDIA,P2,ENTROPY_MATCHED_GUARD,72,381f681c69818a5a7efe7cac9427e3e8ca308c64996249d07248883d6d8ed8e7,9.454866176471114,128,128,True,True,False,"[136089,38150,132343,10764,252,231,24897,51391,131973,83036,140891,19391,136009,138519,131837,17877,79302,119,16560,13146,13,139052,129044,54070,128909,33704,220,16,24,21,15,126216,66845,19391,93721,52300,38150,25715,133553,28002,124632,20401,139052,129044,54070,128909,20401,95996,65865,17877,131582,74884,226,32831,133381,13,139052,129044,54070,128909,33704,220,16,24,22,18,126216,19391,74884,226,32831,133245,127378,11,220,16,24,24,15,126216,66845,19391,74884,226,32831,133381,13,139052,129044,54070,128909,33704,220,16,24,24,15,126216,66845,19391,74884,226,32831,133381,13,139052,129044,54070,128909,33704,220,16,24,24,15,126216,66845,19391,74884,226,32831,133381,13,139052,129044,54070,128909,33704]",40,200,129,160,127,109,18,2.725,0.14173228346456693,1.0078125,1.25,0.9921875,1,1,0.025,"{""3"":1}",3,0,0.0,0.0,0.00010964088141918182,1.0849067531526089,127,18
WIKIPEDIA,P2,ENTROPY_MATCHED_GUARD,75,5d2695c9e3ae2233b64821217d03b39e7cffc10228f9ef60492171d81108a140,9.475641660392284,128,128,True,True,False,"[58777,126559,11,16751,239,28754,12802,130723,13,16751,239,28754,33704,10764,252,246,20401,143230,20487,80573,74808,129321,17877,135513,95218,16560,47665,94,33861,125489,13,16751,239,28754,33704,10764,252,246,20401,143230,20487,80573,74808,129321,17877,135513,95218,16560,47665,94,33861,125489,13,16751,239,28754,33704,10764,252,246,20401,143230,20487,80573,74808,129321,17877,135513,95218,16560,47665,94,33861,125489,382,131518,28754,33704,10764,252,246,20401,143230,20487,80573,74808,129321,17877,135513,95218,16560,47665,94,33861,125489,13,16751,239,28754,33704,10764,252,246,20401,143230,20487,80573,74808,129321,17877,135513,95218,16560,47665,94,33861,125489,13,16751,239,28754,33704,10764,252,246,20401,143230,20487]",37,182,129,145,128,120,8,3.2432432432432434,0.0625,1.0078125,1.1328125,1.0,0,0,0.0,{},3,0,0.0,0.0,0.00014055520296096802,1.0518376734107733,128,8
WIKIPEDIA,P2,ENTROPY_MATCHED_GUARD,87,ab49ee7ec290023611d27bbb6e2f99f6f161b4ac2b8a54abb40da2be6da7a278,10.524198595434427,128,128,True,True,False,"[133381,382,131587,133738,81133,58034,23259,16560,90486,127085,21329,80573,55673,126793,23259,20401,92751,124781,18411,135513,95218,16560,58034,23259,125489,13,90486,127085,21329,19969,55673,126793,23259,19391,73986,131000,136305,130037,33704,220,16,24,41429,20487,94315,126641,19391,142300,133245,125590,11,90486,127085,21329,19969,55673,126793,23259,19391,73986,131000,136305,130037,33704,90486,127085,21329,19969,55673,126793,23259,19391,73986,131000,136305,130037,33704,90486,127085,21329,19969,55673,126793,23259,19391,73986,131000,136305,130037,33704,90486,127085,21329,19969,55673,126793,23259,19391,73986,131000,136305,130037,33704,90486,127085,21329,19969,55673,126793,23259,19391,73986,131000,136305,130037,33704,90486,127085,21329,19969,55673,126793,23259,19391,73986,131000,136305,130037]",44,218,129,174,128,105,23,2.3863636363636362,0.1796875,1.0078125,1.359375,1.0,0,0,0.0,{},3,0,0.0,0.0,0.00015343539416790009,1.2724136114120483,128,23
WIKIPEDIA,P2,ENTROPY_MATCHED_GUARD,93,c5c150337feebd119d5efc460ee0707f7f9c8ee6200e12ccb9063e7098842a8e,10.804790485650301,128,128,True,True,False,"[20401,125466,76337,17877,62107,129704,51876,13,23084,125466,76337,33704,56983,72553,62071,125166,58440,20401,48408,144094,12,131587,50340,127085,125466,76337,368,19391,136009,132376,251,79632,132306,382,12802,58440,16560,126423,23259,63089,19969,220,16,129885,132182,129304,30520,113,43590,23259,90486,131978,36055,20401,132306,13,126423,23259,63089,19969,220,16,129885,143416,129304,30520,113,43590,23259,90486,131978,11,45710,20401,125466,76337,17877,62107,129704,42905,60716,129150,80968,77353,40853,12802,134015,51876,13,23084,77353,40853,33704,56983,72553,62071,125166,58440,129254,129112,13,56983,72553,62071,125166,58440,16560,126423,23259,63089,19969,220,16,129885,132182,129304,30520,113,43590,23259,90486,131978,11,45710,20401,125466,76337,17877]",47,235,129,188,128,97,31,2.0638297872340425,0.2421875,1.0078125,1.46875,1.0,0,0,0.0,{},0,0,0.0,0.0,0.00012141093611717224,1.3138404712080956,128,31
WIKIPEDIA,P2,ENTROPY_MATCHED_GUARD,94,49d5088a6e56a83ec93a510a0fe88a470e9cef589935fd8a18fc5f4598a2b004,9.580311911180615,128,128,True,True,False,"[142496,17877,65699,234,126414,124781,18411,126563,33883,139053,42905,129274,54116,16186,124632,20401,136089,128533,130864,125489,13,65699,234,126414,124781,16560,54116,16186,124632,80968,142496,17877,28733,124632,128552,139053,42905,5140,41902,137016,126310,26699,129330,13,65699,234,126414,124781,16560,54116,16186,124632,80968,142496,17877,28733,124632,128552,139053,42905,5140,41902,137016,126310,26699,129330,13,65699,234,126414,124781,16560,54116,16186,124632,80968,142496,17877,28733,124632,128552,139053,42905,5140,41902,137016,126310,26699,129330,13,65699,234,126414,124781,16560,54116,16186,124632,80968,142496,17877,28733,124632,128552,139053,42905,5140,41902,137016,126310,26699,129330,13,65699,234,126414,124781,16560,54116,16186,124632,80968,142496,17877,28733,124632,128552,139053]",38,190,129,152,127,117,10,3.0789473684210527,0.07874015748031496,1.0078125,1.1875,0.9921875,2,1,0.05263157894736842,"{""1"":1,""3"":1}",6,0,0.0,0.0,0.00013340823352336884,1.0702216122299433,127,10
WIKIPEDIA,P2,ENTROPY_MATCHED_GUARD,95,c83288390c8dc2ea157c0b693874741fcd4e806740aa9e777c30eb0752af7203,9.42251025699079,128,128,True,True,False,"[28626,142496,16751,222,74884,226,70582,127042,63154,142496,17877,139646,16560,481,95218,80968,142496,125489,13,127042,63154,142496,42039,26698,11,10764,252,238,132947,125548,28626,142496,33704,139052,129044,128533,45710,55902,142496,128355,126352,28002,142496,128355,47665,94,33861,142496,20401,58777,92817,18411,143143,16560,13146,382,127027,715,125086,23259,37064,57160,223,112,28002,29346,142496,220,143861,242,10764,252,238,132947,125548,28626,142496,125489,13,30520,113,43590,23259,37064,57160,223,112,28002,29346,142496,220,129392,10764,252,238,132947,125548,28626,142496,125489,382,125086,23259,37064,57160,223,112,28002,29346,142496,220,143861,242,10764,252,238,132947,125548,28626,142496,125489,13,30520,113,43590,23259,37064,57160]",37,183,129,146,126,117,9,3.1621621621621623,0.07142857142857142,1.0078125,1.140625,0.984375,2,2,0.05405405405405406,"{""2"":2}",6,0,0.0,0.0,0.00014230981469154358,1.0515658166259527,126,9
WIKIPEDIA,P2,ENTROPY_MATCHED_GUARD,96,1d2f32035de1110dd4c9cc7bc36a487da84007dac5a1239491bc49123023b0af,9.90383561141789,128,128,True,True,False,"[13,79302,239,25715,126346,124632,33704,220,16,24,17,15,126216,66845,19391,73523,126835,133245,127378,11,220,16,24,17,22,126216,19391,79302,239,25715,126346,124632,20401,136089,129093,28002,31328,126488,133085,29281,32831,129093,133886,62071,29326,23573,85413,101,31328,79004,48606,20401,127041,120,51588,12802,142234,64119,131611,79302,239,25715,126346,124632,20401,54116,132618,19969,97143,125761,13,79302,239,25715,126346,124632,33704,220,16,24,17,15,126216,66845,19391,73523,126835,133245,127378,11,220,16,24,17,22,126216,19391,79302,239,25715,126346,124632,20401,136089,129093,28002,31328,126488,133085,29281,32831,129093,133886,62071,29326,23573,85413,101,31328,79004,48606,20401,127041,120,51588,12802,142234,64119]",41,203,129,162,128,112,16,2.731707317073171,0.125,1.0078125,1.265625,1.0,0,0,0.0,{},0,0,0.0,0.0,0.0001027863472700119,1.1554401274770498,128,16
WIKIPEDIA,P2,ENTROPY_MATCHED_GUARD,97,a545b1d196c946ca4aa4cabfa9b6f9d8b25117470bd7ecb26e3e7d7ba3fdbed4,9.79118312895298,128,128,True,True,False,"[79302,239,25715,126346,124632,20401,28733,124632,80968,54116,132618,18411,130729,126702,23573,128900,382,126345,25715,126346,124632,20401,28733,124632,80968,54116,132618,715,126345,25715,126346,124632,20401,28733,124632,80968,54116,132618,16560,220,16,24,17,15,126216,66845,19391,73523,126835,133381,13,23084,54116,132618,16560,220,16,24,18,15,126216,66845,19391,69441,108,127042,12802,72553,12802,74884,226,32831,134002,13,23084,54116,132618,16560,220,16,24,17,15,126216,66845,19391,73523,126835,52300,79302,239,25715,126346,124632,20401,28733,124632,80968,54116,132618,18411,130729,126702,23573,128900,13,23084,54116,132618,16560,220,16,24,18,15,126216,66845,19391,69441,108,127042,12802,72553,12802,74884,226,32831,134002]",41,202,129,161,128,112,16,2.731707317073171,0.125,1.0078125,1.2578125,1.0,0,0,0.0,{},0,0,0.0,0.0,0.00011470168828964233,1.145258080214262,128,16
WIKIPEDIA,P2,ENTROPY_MATCHED_GUARD,98,4e5a736f30332726f0794ec78d76332bf5661872f7c6a5d58bdd7d2cb9fb4645,10.267349306493998,128,128,True,True,False,"[124546,128555,95996,65865,29326,144264,13146,13,220,16,24,17,22,126216,19391,54825,16560,126488,133085,29281,32831,129093,133886,62071,126246,128836,13,23084,16560,79302,239,25715,126346,124632,20401,54116,132618,19969,97143,16560,129093,28002,70943,125703,125489,13,220,16,24,19,20,126216,19391,54825,16560,79302,239,25715,126346,124632,20401,125640,128772,54116,132618,19969,97143,16560,129093,28002,31328,63332,130999,126785,135092,17877,62071,126246,128836,13,220,16,24,21,19,126216,19391,54825,16560,79302,239,25715,126346,124632,20401,125640,128772,54116,132618,19969,97143,16560,129093,28002,31328,63332,130999,126785,135092,17877,62071,126246,128836,13,220,16,24,21,19,126216,19391,54825,16560,79302,239,25715,126346,124632]",44,217,129,173,128,102,26,2.3181818181818183,0.203125,1.0078125,1.3515625,1.0,0,0,0.0,{},0,0,0.0,0.0,0.00011050514876842499,1.2380068711936474,128,26
WIKIPEDIA,P2,ENTROPY_MATCHED_GUARD,99,5c3ca4e5f465dc182ec3e6b54f9ae6fd7f1cd6a02e73004bd182199e6766415e,11.611632481217384,128,128,True,True,False,"[13146,13,138373,20401,136608,56475,130887,136361,138629,33704,220,17,17,16,126216,19391,61298,60315,50340,19969,138373,17877,125206,32077,23573,128900,13,61298,60315,50340,20401,130270,124785,132343,46832,102,37087,7,130803,37087,8,12802,125199,127378,11,23084,16560,138373,20401,136608,56475,130887,73077,53442,52300,74884,243,92817,139836,13,61298,60315,50340,136331,138373,33704,220,17,15,15,126216,126322,126246,127296,74884,243,92817,19969,84621,131498,52959,10764,250,102,144088,31079,74884,242,13146,13,220,16,17,22,16,126216,126377,36978,121,138924,20401,90711,116,7,130803,37087,8,31328,74361,222,12802,125166,12802,12802,19969,61298,60315,50340,18411,10764,251,231,95218,66136,31079,130345,60315,50340]",54,267,129,213,127,80,47,1.4814814814814814,0.3700787401574803,1.0078125,1.6640625,0.9921875,1,1,0.018518518518518517,"{""2"":1}",3,0,0.0,0.0,0.00016949884593486786,1.5151705760508776,127,47
WIKIPEDIA,P2,ENTROPY_MATCHED_GUARD,105,bc89f0438663e3b06f77ae921e1a7700fa43f38465b2c23d15b5529b4221e4fc,10.375463148579001,128,128,True,True,False,"[130638,17877,134013,17380,127165,120,126002,34395,11,220,16,19,15,20,126216,126377,136905,17380,86034,17877,81718,136892,125761,13,220,16,19,17,20,126216,126377,128677,144527,17877,74884,226,32831,126063,127378,11,220,16,19,20,18,126216,126377,74884,243,125086,20401,30520,226,139604,31328,62099,121,138789,139604,17877,130270,126702,134002,13,220,16,20,20,18,126216,126377,74884,243,125086,20401,30520,226,139604,31328,62099,121,138789,139604,17877,130270,126702,134002,13,220,16,20,24,17,126216,126377,136293,129534,20401,90711,101,138279,42039,136905,12802,54969,142194,133245,34395,11,220,16,20,24,23,126216,126377,74884,243,125086,20401,30520,226,139604,31328,62099,121,138789,139604]",44,219,129,175,128,101,27,2.2954545454545454,0.2109375,1.0078125,1.3671875,1.0,0,0,0.0,{},0,0,0.0,0.0,0.00011052563786506653,1.2520951312035322,128,27
WIKIPEDIA,P2,ENTROPY_MATCHED_GUARD,114,2d50e6a2a69f3a22d80522b5126c7394ec30a37997abfc1af6fe88aae4c5e7a3,9.627038136124611,128,128,True,True,False,"[130999,132818,135513,95218,16560,74808,29281,76337,42039,26698,11,133553,28002,124632,11,47818,126251,124632,11,43115,37087,124632,77002,56475,65553,238,28002,40720,132306,13,125714,79716,126321,29281,76337,33704,125714,79716,17877,133970,42905,74808,29281,76337,42039,11,125714,79716,17877,133970,42905,74808,29281,76337,33704,125714,79716,126321,29281,76337,130939,85403,82965,13146,13,125714,79716,126321,29281,76337,33704,125714,79716,17877,133970,42905,74808,29281,76337,42039,11,125714,79716,17877,133970,42905,74808,29281,76337,33704,125714,79716,126321,29281,76337,130939,85403,82965,13146,382,56039,79716,126321,29281,76337,20401,60716,16560,125714,79716,126321,29281,76337,20401,94203,23259,19391,126629,135763,132306,13,125714,79716,126321,29281,76337,20401,94203]",39,194,129,155,128,109,19,2.7948717948717947,0.1484375,1.0078125,1.2109375,1.0,0,0,0.0,{},0,0,0.0,0.0,0.00011124648153781891,1.0985197890549898,128,19
WIKIPEDIA,P2,ENTROPY_MATCHED_GUARD,116,80b40150cb6c6cacbe345969e8709822cdac29c8963346d4d774ddfe0d1ee118,9.637724939733744,128,128,True,True,False,"[84667,124419,24897,20401,94203,85057,130939,47985,129112,13,129093,54330,132841,33704,125149,28002,23259,12802,137621,126310,28002,23259,17380,36055,133085,128555,135513,144038,28733,130671,13,129093,54330,132841,20401,45563,33704,220,18,13,16,19,16,20,24,17,21,20,18,20,23,24,22,24,18,17,18,23,19,21,17,21,19,18,18,23,18,17,22,24,20,15,17,23,23,19,16,24,22,16,21,24,18,24,24,18,22,20,16,15,20,23,17,15,24,22,19,24,19,19,20,24,17,18,15,22,23,16,21,19,15,21,17,23,21,17,15,23,24,24,23,21,17,23,15,18,19,23]",39,193,129,154,128,117,11,3.0,0.0859375,1.0078125,1.203125,1.0,0,0,0.0,{},0,0,0.0,0.0,9.820610284805298e-05,1.0985935647040606,128,11
WIKIPEDIA,P2,ENTROPY_MATCHED_GUARD,117,5ad01d8771f5b8361864124ec2cc39c9b8c989333e9e3aa38ecbce5e7a7f79e3,9.287193696945906,128,128,True,True,False,"[24,21,15,126216,66845,19391,23084,125548,60294,26698,16560,46832,242,124632,20401,73986,19969,126346,32831,53680,30520,113,132499,124781,19391,128605,131698,18411,132876,125580,127378,11,220,16,24,22,15,126216,66845,126377,46832,242,124632,20401,73986,19969,126346,32831,53680,30520,113,132499,124781,19391,128605,131698,18411,132876,125580,127378,11,220,16,24,23,15,126216,66845,126377,46832,242,124632,20401,73986,19969,126346,32831,53680,30520,113,132499,124781,19391,128605,131698,18411,132876,125580,127378,11,220,16,24,24,15,126216,66845,126377,46832,242,124632,20401,73986,19969,126346,32831,53680,30520,113,132499,124781,19391,128605,131698,18411,132876,125580,127378,11,220,17,15,15,15,126216,66845,126377,46832]",36,179,129,143,127,116,11,3.2222222222222223,0.08661417322834646,1.0078125,1.1171875,0.9921875,1,1,0.027777777777777776,"{""3"":1}",6,0,0.0,0.0,0.0001317933201789856,1.0163059197366238,127,11
WIKIPEDIA,P2,ENTROPY_MATCHED_GUARD,119,e78651cb0db294a29769d00e0b67b918a0d6bd73e89f12f69e15cc286429e7e0,9.569759050384164,128,128,True,True,False,"[21329,80573,135898,13,132028,57089,90486,127085,130974,133553,49543,20401,138519,131837,53680,77596,235,47985,19391,73986,131000,51876,13,132377,11,138519,131837,12802,126366,132182,133553,49543,16560,129381,77596,235,47985,17380,85413,222,125545,32077,53618,126366,129875,132028,57089,90486,127085,133120,35509,85251,13146,13,130005,11,77596,235,47985,19969,126366,5140,117,254,82965,133553,49543,16560,129381,138519,131837,42039,85413,222,125545,32077,53618,126366,129875,132028,57089,90486,127085,133120,35509,85251,13146,13,132028,57089,90486,127085,130974,133553,49543,20401,77596,235,47985,19391,73986,131000,42905,92751,124781,17380,11,77596,235,47985,19969,129419,73669,19969,97143,32290,132028,57089,90486,127085,130974,65553,97,73669,19969,130723,13,132028]",38,190,129,152,128,115,13,3.026315789473684,0.1015625,1.0078125,1.1875,1.0,0,0,0.0,{},0,0,0.0,0.0,9.62577760219574e-05,1.074754985049367,128,13
WIKIPEDIA,P2,ENTROPY_MATCHED_GUARD,134,dff86652722d026c3869887ea7e653b73da64b351697d7d0c647fef10a42b20b,9.392014507204294,128,128,True,True,False,"[43590,126216,137812,56475,40720,64119,124905,11,60960,126402,131655,56475,55673,17380,40720,132306,624,128792,124781,31079,16560,125206,82528,129709,31079,20401,83556,126337,42039,143522,139236,55902,56475,3315,241,108,132044,130092,31079,20401,46319,135092,128533,139052,131777,125206,141676,42905,65722,102,31079,125489,13,220,17,15,15,15,126216,66845,83315,60039,56290,20401,95996,129062,53680,6673,139269,53680,58677,33861,128013,20401,63332,128911,56290,17380,125206,82528,129709,31079,19969,95996,129062,126063,34395,11,125206,82528,129709,31079,20401,61298,83291,46319,26699,131219,19969,28927,105,82190,141888,43590,125160,20401,124685,125476,133914,12802,64521,49052,18411,74884,116,124781,31328,126253,3315,241,108,16560,139957,31079,19391,5140,117,245]",37,183,129,146,127,120,7,3.2432432432432434,0.05511811023622047,1.0078125,1.140625,0.9921875,1,1,0.02702702702702703,"{""2"":1}",6,0,0.0,0.0,0.00013605132699012756,1.0483609307557344,127,7
WIKIPEDIA,P2,ENTROPY_MATCHED_GUARD,136,7a354878c63fadb9275073b266fc79ab41adb4e3a4eea902668c937d0f74ebcb,10.01016465201974,128,128,True,True,False,"[29346,47836,28733,90686,13,56419,25715,98927,29326,129382,33704,40720,25715,126253,137765,51391,29326,133120,55673,34395,132872,127451,67629,17877,125466,125522,47836,28733,64521,44518,24897,127649,125489,13,56419,25715,98927,29326,129382,33704,220,16,24,22,15,126216,66845,19391,136065,77002,40853,125580,127378,11,220,16,24,23,15,126216,66845,19391,60960,126402,56290,133381,13,220,16,24,24,15,126216,66845,126377,58677,33861,128013,12802,60960,126402,56290,64119,131611,56419,25715,98927,29326,129382,33704,58677,33861,128013,17877,131582,40720,25715,126253,137765,141819,47836,28733,64521,44518,24897,127649,42039,95996,65865,128836,13,56419,25715,98927,29326,129382,33704,133857,129378,130612,83518,65865,125511,40720,130357,132931,11,136115]",42,209,129,167,127,102,25,2.4285714285714284,0.1968503937007874,1.0078125,1.3046875,0.9921875,1,1,0.023809523809523808,"{""2"":1}",3,0,0.0,0.0,0.0001222211867570877,1.1752216555178165,127,25
WIKIPEDIA,P2,ENTROPY_MATCHED_GUARD,145,005a50bb1e2be0288c261e32d596ed107f6163785f7c14e52ef3bf8445d0f15c,9.103482462465763,128,128,True,True,False,"[5140,228,222,12802,20401,134953,33704,129242,56039,18411,131565,42905,128900,13,5140,228,222,12802,20401,134953,33704,129242,56039,18411,131565,42905,128900,13,5140,228,222,12802,20401,134953,33704,129242,56039,18411,131565,42905,128900,13,5140,228,222,12802,20401,134953,33704,129242,56039,18411,131565,42905,128900,13,5140,228,222,12802,20401,134953,33704,129242,56039,18411,131565,42905,128900,13,5140,228,222,12802,20401,134953,33704,129242,56039,18411,131565,42905,128900,13,5140,228,222,12802,20401,134953,33704,129242,56039,18411,131565,42905,128900,13,5140,228,222,12802,20401,134953,33704,129242,56039,18411,131565,42905,128900,13,5140,228,222,12802,20401,134953,33704,129242,56039,18411,131565,42905,128900,13,5140,228]",35,174,129,139,127,123,4,3.5142857142857142,0.031496062992125984,1.0078125,1.0859375,0.9921875,1,1,0.02857142857142857,"{""1"":1}",3,0,0.0,0.0,0.00011382065713405609,0.9851765148341656,127,4
WIKIPEDIA,P2,ENTROPY_MATCHED_GUARD,149,b8407b142eaeece19e635181f420775fe1526f8537e1e2319612dc608d62b0b8,10.333200993016362,128,128,True,True,False,"[125511,126254,126559,11,126310,28002,23259,49543,143861,242,36055,23259,65238,124970,128618,23259,49543,125489,13,23084,16560,139107,129381,130263,128747,42039,128646,47836,28733,90686,382,57026,20487,26698,220,143861,242,36055,23259,65238,124970,129093,43590,136262,11,220,143861,242,36055,23259,220,15,12802,134808,129093,43590,125489,13,23084,130263,128747,33704,126365,100,144341,53680,45130,109,144341,19391,135878,34143,104,128173,132931,11,126365,100,144341,19391,128605,142654,129510,54321,33704,220,15,11,45130,109,144341,19391,128605,142654,129510,54321,33704,220,16,125489,13,126365,100,144341,19391,128605,127864,54321,33704,220,23084,34395,11,45130,109,144341,19391,128605,127864,54321,33704,220,23084,13146,13,126365,100,144341]",44,218,129,174,128,106,22,2.409090909090909,0.171875,1.0078125,1.359375,1.0,0,0,0.0,{},0,0,0.0,0.0,0.00011078640818595886,1.2441293820738792,128,22
WIKIPEDIA,P2,ENTROPY_MATCHED_GUARD,151,d74697603534767f1ce48379c1b960aba7fc3ba07a93d615c8f5f02eb239115a,9.33188839815557,128,128,True,True,False,"[54116,124517,19969,80573,16560,34143,105,28002,130592,80968,66790,80901,19969,37195,106,34395,11,127042,57089,25715,128901,127042,57089,17877,130094,42905,60960,19969,17380,16235,226,125052,17877,83596,16560,13146,13,127042,57089,25715,128901,127042,57089,17877,130094,42905,60960,19969,17380,16235,226,125052,17877,83596,16560,13146,13,127042,57089,25715,128901,127042,57089,17877,130094,42905,60960,19969,17380,16235,226,125052,17877,83596,16560,13146,13,127042,57089,25715,128901,127042,57089,17877,130094,42905,60960,19969,17380,16235,226,125052,17877,83596,16560,13146,13,127042,57089,25715,128901,127042,57089,17877,130094,42905,60960,19969,17380,16235,226,125052,17877,83596,16560,13146,13,127042,57089,25715,128901,127042,57089,17877,130094,42905,60960,19969]",37,182,129,145,128,121,7,3.27027027027027,0.0546875,1.0078125,1.1328125,1.0,0,0,0.0,{},0,0,0.0,0.0,0.00010384432971477509,1.041559036821127,128,7
WIKIPEDIA,P2,ENTROPY_MATCHED_GUARD,156,554e89867d740531ea4723899fb500f32679398eba63100d3f51e2735a22ef42,9.269044185057282,128,128,True,True,False,"[62107,81676,84255,81650,127483,33704,22942,17380,73669,128808,129264,129112,13,22942,33704,126291,126445,28626,144025,31079,20401,126291,125522,128739,17877,63332,40853,87425,137764,13,22942,33704,126291,126445,28626,144025,31079,20401,126291,125522,128739,17877,63332,40853,87425,137764,13,22942,33704,126291,126445,28626,144025,31079,20401,126291,125522,128739,17877,63332,40853,87425,137764,13,22942,33704,126291,126445,28626,144025,31079,20401,126291,125522,128739,17877,63332,40853,87425,137764,13,22942,33704,126291,126445,28626,144025,31079,20401,126291,125522,128739,17877,63332,40853,87425,137764,13,22942,33704,126291,126445,28626,144025,31079,20401,126291,125522,128739,17877,63332,40853,87425,137764,13,22942,33704,126291,126445,28626,144025,31079,20401,126291,125522,128739,17877,63332]",36,179,129,143,128,121,7,3.361111111111111,0.0546875,1.0078125,1.1171875,1.0,0,0,0.0,{},3,0,0.0,0.0,0.00010620430111885071,1.0159165728837252,128,7
WIKIPEDIA,P2,ENTROPY_MATCHED_GUARD,157,a58f93e22d11924373b50a226a157bb118a42e9b97f2e406c84324467ec722f1,9.772231493145227,128,128,True,True,False,"[133085,23573,125206,124781,19969,46682,33509,60315,11,136293,20401,58677,88259,16560,23872,121,220,16,127475,220,17,129034,72553,130345,42039,57835,29281,64119,124905,11,23084,70943,23872,121,220,24,23,4,19969,136293,31079,18411,40720,51876,13,136293,31079,16560,136293,20401,125466,26699,31079,136262,11,136293,31079,18411,40720,42905,124889,128901,136293,31079,18411,54070,31079,17380,129112,13,136293,31079,16560,136293,20401,125466,26699,31079,136262,11,136293,31079,18411,40720,42905,124889,128901,136293,31079,18411,54070,31079,17380,129112,13,136293,31079,16560,136293,20401,125466,26699,31079,136262,11,136293,31079,18411,40720,42905,124889,128901,136293,31079,18411,54070,31079,17380,129112,13,136293,31079,16560,136293,20401,125466,26699,31079]",40,197,129,157,128,112,16,2.8,0.125,1.0078125,1.2265625,1.0,0,0,0.0,{},0,0,0.0,0.0,0.0001004878431558609,1.130017526447773,128,16
WIKIPEDIA,P2,ENTROPY_MATCHED_GUARD,160,1e26476690d1ff98feec7e46fff2e67a50d0d12aadd84c2628f4888925cc713d,9.189325356855989,128,128,True,True,False,"[139287,33704,44518,24897,127649,20401,63332,126246,17877,34143,112,64795,51876,13,89095,97,139287,33704,44518,24897,127649,20401,129304,56983,43590,24897,18411,92751,28002,51876,13,134084,11,89095,97,139287,33704,44518,24897,127649,20401,63332,126246,17877,34143,112,64795,51876,13,89095,97,139287,33704,44518,24897,127649,20401,129304,56983,43590,24897,18411,92751,28002,51876,13,134084,11,89095,97,139287,33704,44518,24897,127649,20401,63332,126246,17877,34143,112,64795,51876,624,56983,43590,24897,92751,28002,198,89095,97,139287,33704,44518,24897,127649,20401,129304,56983,43590,24897,18411,92751,28002,51876,13,89095,97,139287,33704,44518,24897,127649,20401,129304,56983,43590,24897,18411,92751,28002,51876,13,134084,11,89095,97]",36,177,129,141,128,120,8,3.3333333333333335,0.0625,1.0078125,1.1015625,1.0,0,0,0.0,{},0,0,0.0,0.0,9.107589721679688e-05,1.0115318559110165,128,8
WIKIPEDIA,P2,ENTROPY_MATCHED_GUARD,168,36ee04f27561af7e590b306bd86bbbe3b96e895a4c50ad77892679812f192fc2,8.87977134808898,128,128,True,True,False,"[128514,220,16,32077,198,220,17,128514,220,17,32077,198,220,17,128514,220,18,32077,198,220,17,128514,220,19,32077,198,220,17,128514,220,20,32077,198,220,17,128514,220,21,32077,198,220,17,128514,220,22,32077,198,220,17,128514,220,23,32077,198,220,17,128514,220,24,32077,198,220,17,128514,220,16,15,32077,198,220,17,128514,220,16,16,32077,198,220,17,128514,220,16,17,32077,198,220,17,128514,220,16,18,32077,198,220,17,128514,220,16,19,32077,198,220,17,128514,220,16,20,32077,198,220,17,128514,220,16,21,32077,198,220,17,128514,220,16,22,32077,198,220,17,128514]",33,163,129,130,128,127,1,3.8484848484848486,0.0078125,1.0078125,1.015625,1.0,0,0,0.0,{},0,0,0.0,0.0,8.380226790904999e-05,0.9331494513899088,128,1
WIKIPEDIA,P2,ENTROPY_MATCHED_GUARD,193,0199e89b545a0cb77695da1c1c70540afcecefd154b174b0b3c20810808bf238,10.124549271538854,128,128,True,True,False,"[144046,64577,63256,18411,56419,127105,42905,5140,41902,40720,64119,130898,129112,13,393,17,47,16560,60960,59761,60960,126346,135257,17877,125466,125522,42905,127042,29346,64850,16778,226,20401,141819,17877,131582,139647,21329,124905,11,60960,59761,20401,49052,127042,29346,128901,60960,126346,135257,17877,125466,125522,42905,127042,29346,64850,16778,226,20401,141819,17877,131582,139647,21329,124905,11,60960,59761,20401,49052,127042,29346,128901,60960,126346,135257,17877,125466,125522,42905,127042,29346,64850,16778,226,20401,141819,17877,131582,139647,21329,124905,11,60960,59761,20401,49052,127042,29346,128901,60960,126346,135257,17877,125466,125522,42905,127042,29346,64850,16778,226,20401,141819,17877,131582,139647,21329,124905,11,60960,59761,20401,49052,127042,29346,128901]",42,210,129,168,126,108,18,2.5714285714285716,0.14285714285714285,1.0078125,1.3125,0.984375,3,2,0.07142857142857142,"{""1"":1,""3"":2}",18,0,0.0,0.0,0.00018130429089069366,1.186928791925311,126,18
WIKIPEDIA,P2,ENTROPY_MATCHED_GUARD,194,1870a6a49ecbc118b0301d1d252f822879be8e2bcbc1c6ea28d23e8a5c6fb491,9.481270968914032,128,128,True,True,False,"[418,131050,138540,47761,9,51391,82528,126781,320,48431,131893,340,9,51391,82528,126781,320,125144,56290,340,9,51391,82528,126781,320,48431,131893,19969,340,9,51391,82528,126781,320,48431,131893,19969,340,9,51391,82528,126781,320,48431,131893,19969,340,9,51391,82528,126781,320,48431,131893,19969,340,9,51391,82528,126781,320,48431,131893,19969,340,9,51391,82528,126781,320,48431,131893,19969,340,9,51391,82528,126781,320,48431,131893,19969,340,9,51391,82528,126781,320,48431,131893,19969,340,9,51391,82528,126781,320,48431,131893,19969,340,9,51391,82528,126781,320,48431,131893,19969,340,9,51391,82528,126781,320,48431,131893,19969,340,9,51391,82528,126781,320,48431,131893,19969,340]",37,185,129,148,125,118,7,3.189189189189189,0.056,1.0078125,1.15625,0.9765625,3,3,0.08108108108108109,"{""3"":3}",12,0,0.0,0.0,0.00014689937233924866,1.049099925905466,125,7
WIKIPEDIA,P2,ENTROPY_MATCHED_GUARD,201,62f2ae481710a7fbff82614984a8857e7ff3c9105c753b5b4b85a22986f22fd7,10.24746561422944,128,128,True,True,False,"[8,80573,73077,32077,60294,20401,125466,76337,320,16,22,19,23,126216,19391,136065,42039,40720,8,53680,129381,28733,124632,80968,54116,47324,18411,129392,43866,134002,13,73077,32077,60294,16560,220,16,23,41429,20487,81173,34395,20401,28733,124632,25715,17380,11,54825,20401,24485,227,80968,33704,28733,124632,20401,95996,65865,19391,132182,54116,57026,18411,53900,139836,13,73077,32077,60294,16560,220,16,22,21,21,126216,126558,220,16,22,23,18,126216,128878,84255,17380,12802,127601,20401,84255,28002,133872,125511,60960,137078,20401,83315,125118,42039,84255,28002,133872,125511,12,19391,134372,28002,52959,60960,124632,56475,28733,124632,53680,133553,28002,124632,17877,35509,125548,144172,13146,13,73077,32077,60294,16560]",43,214,129,171,128,103,25,2.395348837209302,0.1953125,1.0078125,1.3359375,1.0,0,0,0.0,{},0,0,0.0,0.0,0.00010824017226696014,1.217122109606862,128,25
WIKIPEDIA,P2,ENTROPY_MATCHED_GUARD,211,e1dd1b21c7c4fbf236961605d37c8cfd045489d907c3f9df2b1d2c0d0b128ab2,9.009880961850286,128,128,True,True,False,"[129321,17877,55673,37087,17380,128956,126291,125624,17877,126254,51876,13,23463,126291,125624,33704,45130,120,124632,80968,130037,129835,35509,125624,17877,81718,144059,42039,74884,116,144489,23573,133196,18411,73669,65306,42039,10764,236,120,133847,130974,130861,18411,34143,112,34395,90686,13,23463,126291,125624,33704,45130,120,124632,80968,130037,129835,35509,125624,17877,81718,144059,42039,74884,116,144489,23573,133196,18411,73669,65306,42039,10764,236,120,133847,130974,130861,18411,34143,112,34395,90686,13,23463,126291,125624,33704,45130,120,124632,80968,130037,129835,35509,125624,17877,81718,144059,42039,74884,116,144489,23573,133196,18411,73669,65306,42039,10764,236,120,133847,130974,130861,18411,34143,112,34395,90686,13,23463,126291,125624,33704,45130]",34,168,129,134,128,123,5,3.6176470588235294,0.0390625,1.0078125,1.046875,1.0,0,0,0.0,{},0,0,0.0,0.0,8.553452789783478e-05,0.9618396423757076,128,5
WIKIPEDIA,P2,ENTROPY_MATCHED_GUARD,214,91b92ef1e95dd720033a1341a26a537c99538ed87f79c1ca6150172d3864fb1a,10.362466072663665,128,128,True,True,False,"[125489,13,220,16,24,23,24,126216,220,21,128514,220,16,20,32077,19391,138373,78125,85057,64795,62071,16,18,20487,70943,128205,133373,220,18,125625,56419,54321,134379,56475,125834,20401,81173,34395,133692,25715,17380,20401,142452,135818,16235,225,125761,13,220,16,24,24,17,126216,220,16,15,128514,220,16,24,32077,19391,138373,78125,85057,64795,62071,16,19,20487,70943,128205,133373,62071,16,125625,56419,54321,134379,56475,70943,128205,133373,85403,54330,129150,42039,129296,69923,133381,13,220,16,24,24,22,126216,220,17,128514,220,16,24,32077,19391,32129,130472,128836,624,565,47818,126898,198,16,24,15,19,126216,220,23,128514,220,17,17,32077,19391,129359]",44,217,129,173,128,98,30,2.227272727272727,0.234375,1.0078125,1.3515625,1.0,0,0,0.0,{},0,0,0.0,0.0,0.00011052191257476807,1.2529110834002495,128,30
WIKIPEDIA,P2,ENTROPY_MATCHED_GUARD,215,81ad8abe23a6aee5123e0ef7a8bf71fb5308705cb23ebbc1084da6d371b87194,9.971163004636765,128,128,True,True,False,"[51876,13,23084,16560,220,124970,126310,23573,77353,79716,23259,144569,17380,135513,144038,28733,137334,137141,13,23084,131866,11,220,143861,242,220,124970,126310,23573,77353,79716,23259,144569,17380,135513,144038,28733,64521,126310,28002,23259,125489,13,23084,16560,220,124970,126310,23573,77353,79716,23259,144569,17380,135513,144038,28733,137334,137141,13,23084,131866,11,220,143861,242,220,124970,126310,23573,77353,79716,23259,144569,17380,135513,144038,28733,64521,126310,28002,23259,125489,13,23084,16560,220,124970,126310,23573,77353,79716,23259,144569,17380,135513,144038,28733,137334,137141,13,23084,131866,11,220,143861,242,220,124970,126310,23573,77353,79716,23259,144569,17380,135513,144038,28733,64521,126310,28002,23259,125489,13,23084,16560,220]",41,203,129,162,128,111,17,2.707317073170732,0.1328125,1.0078125,1.265625,1.0,0,0,0.0,{},0,0,0.0,0.0,0.0001031830906867981,1.1666922587901354,128,17
WIKIPEDIA,P2,ENTROPY_MATCHED_GUARD,217,2a3d33ad90ee563f6b07aa1107d72ab5f59c4df1378d6832201b9d64e7d5ceeb,9.365924222394824,128,128,True,True,False,"[129381,85997,32077,17380,5140,223,251,126588,13146,13,23084,34143,105,33704,220,16,128514,220,16,32077,126558,220,16,128514,220,18,16,32077,128878,20401,54116,62275,17877,126254,51876,13,23084,34143,105,33704,220,16,128514,220,16,32077,126558,220,16,128514,220,18,16,32077,128878,20401,54116,62275,17877,126254,51876,13,23084,34143,105,33704,220,16,128514,220,16,32077,126558,220,16,128514,220,18,16,32077,128878,20401,54116,62275,17877,126254,51876,13,23084,34143,105,33704,220,16,128514,220,16,32077,126558,220,16,128514,220,18,16,32077,128878,20401,54116,62275,17877,126254,51876,13,23084,34143,105,33704,220,16,128514,220,16,32077,126558,220,16,128514]",37,182,129,145,128,120,8,3.2432432432432434,0.0625,1.0078125,1.1328125,1.0,0,0,0.0,{},0,0,0.0,0.0,9.367428719997406e-05,1.047274088487029,128,8
WIKIPEDIA,P2,ENTROPY_MATCHED_GUARD,222,5bd619fb257d13a99f8942ff734cf70cf56ff7329317143b63b23ecb5f2357f5,9.879978949204087,128,128,True,True,False,"[35711,32077,19391,220,20,22,42044,11,10764,228,254,35711,32077,19391,220,20,21,42044,93721,51876,13,220,19,15,15,126216,126322,126246,23084,34143,105,33704,28733,35711,32077,11,40771,230,35711,32077,11,83556,35711,32077,19391,220,20,23,42044,11,85413,242,35711,32077,53680,46832,242,35711,32077,19391,220,20,22,42044,11,10764,228,254,35711,32077,19391,220,20,21,42044,5140,223,251,126588,13146,382,418,220,22,128514,20401,127820,135946,47761,9,220,22,128514,33704,54825,126673,34395,28002,28754,56475,130887,40771,112,34143,105,125489,13,220,22,128514,33704,220,18,16,32077,128878,90686,624,9,220,22,128514,33704,54825,126673,34395,28002,28754]",40,200,129,160,128,112,16,2.8,0.125,1.0078125,1.25,1.0,0,0,0.0,{},3,0,0.0,0.0,0.00013302266597747803,1.131875118240714,128,16
WIKIPEDIA,P2,ENTROPY_MATCHED_GUARD,229,83050d780bf313aba5ecc6bf2fd33935ea016e228968a100f5f455b6e4654a3e,10.643525270745158,128,128,True,True,False,"[49052,47985,90686,13,58777,32290,139627,126414,124781,16560,58777,32290,139627,126414,124781,129254,47985,129112,382,88259,32290,139627,126414,124781,16560,134312,117,139627,126414,124781,20401,220,18,125625,54321,130729,40853,42039,11,134312,117,139627,126414,124781,16560,220,17,125625,54321,69441,231,32290,58034,20401,18585,238,129125,135513,95218,16560,65699,234,126414,124781,125489,382,88259,32290,139627,126414,124781,16560,58777,32290,139627,126414,124781,129254,47985,129112,382,88259,32290,139627,126414,124781,20401,36055,20401,715,88259,32290,139627,126414,124781,16560,220,18,125625,54321,142496,58034,20401,18585,238,129125,135513,95218,16560,65699,234,126414,124781,17380,11,63332,125160,71015,135513,142907,13146,13,129093,126333,56475,20401,126352,28002]",46,230,129,184,128,102,26,2.217391304347826,0.203125,1.0078125,1.4375,1.0,0,0,0.0,{},0,0,0.0,0.0,0.00011716410517692566,1.3018281161785126,128,26
WIKIPEDIA,P2,ENTROPY_MATCHED_GUARD,231,11a1c0612fe7670449333a5a3d8e6d9b6ddf44c8d2f0f1ecf600e2e8e53022d2,9.347683859989047,128,128,True,True,False,"[24,23,23,126216,220,16,16,128514,220,16,20,32077,19391,45104,242,126673,141274,31328,124973,126702,60960,124632,17877,57852,126702,128836,13,220,220,16,24,24,19,126216,220,24,128514,220,17,23,32077,19391,54825,16560,45104,242,126673,141274,31328,64577,59698,36055,63089,18411,57852,126702,128836,13,220,220,16,24,24,21,126216,220,16,128514,220,24,32077,19391,54825,16560,45104,242,126673,141274,31328,64577,59698,36055,63089,20401,83315,66845,28733,126641,42039,129296,69923,133381,13,220,220,17,15,15,19,126216,220,16,16,128514,220,16,16,32077,19391,54825,16560,45104,242,126673,141274,31328,60716,126321,54116,88259,20401,124970,40853,125545,56475,133553,60294,138097]",37,184,129,147,128,111,17,3.0,0.1328125,1.0078125,1.1484375,1.0,0,0,0.0,{},0,0,0.0,0.0,9.467639029026031e-05,1.0366424731910229,128,17
WIKIPEDIA,P2,ENTROPY_MATCHED_GUARD,247,970fe8f8d89b4d2f4bd8076ca12bb110c1455e41e45f0f0fc6cfd0ce36b6dc7c,10.654686601832509,128,128,True,True,False,"[83291,143230,144432,11,95577,12802,81133,17380,43590,126445,28626,24485,96,21329,11,32129,126793,28002,11,142209,236,246,50340,11,58677,33861,128013,16751,113,24897,131587,17380,60294,11,5140,116,234,50340,40281,126781,77002,12802,90686,382,138392,5140,116,234,50340,40281,126781,16560,85413,117,89860,79004,56475,9308,139236,18411,142163,126204,11,85413,117,89860,79004,138020,9308,139236,18411,135839,26698,60716,129150,82190,46832,242,32290,19391,61126,51876,13,85413,117,5140,116,234,50340,40281,126781,16560,85413,117,89860,79004,138020,9308,139236,18411,142163,47836,53618,11,85413,117,89860,79004,19391,142163,17877,141836,16560,10130,142163,17877,40720,51876,13,85413,117,89860,79004,16560,10130,142163,17877,135839]",40,199,129,159,128,106,22,2.65,0.171875,1.0078125,1.2421875,1.0,0,0,0.0,{},0,0,0.0,0.0,0.00012161768972873688,1.199525037780404,128,22
WIKIPEDIA,P2,ENTROPY_MATCHED_GUARD,254,69967d46ab2375c71c801ffba10012a31e33028c284c59578fd1ea417fc3254d,9.26703087426722,128,128,True,True,False,"[134313,135092,12802,126871,129330,13,131367,134313,135092,17877,58677,129695,144091,134313,135092,130939,129112,13,715,31328,129695,144091,134313,135092,33704,79921,18411,42349,132872,52959,143522,19969,133329,47836,28733,64521,128753,47324,17380,46319,65238,42905,134313,135092,125489,13,715,31328,129695,144091,134313,135092,33704,79921,18411,42349,132872,52959,143522,19969,133329,47836,28733,64521,128753,47324,17380,46319,65238,42905,134313,135092,125489,13,715,31328,129695,144091,134313,135092,33704,79921,18411,42349,132872,52959,143522,19969,133329,47836,28733,64521,128753,47324,17380,46319,65238,42905,134313,135092,125489,13,715,31328,129695,144091,134313,135092,33704,79921,18411,42349,132872,52959,143522,19969,133329,47836,28733,64521,128753,47324,17380,46319,65238,42905,134313,135092]",35,172,129,137,128,122,6,3.4857142857142858,0.046875,1.0078125,1.0703125,1.0,0,0,0.0,{},0,0,0.0,0.0,9.220652282238007e-05,1.0133125633001328,128,6
WIKIPEDIA,P2,ENTROPY_MATCHED_GUARD,261,3b90965ef4b9d67fe7e53d5ddc20e88d80683d5482c2c0773718a077bca16956,10.272513270378113,128,128,True,True,False,"[6790,16560,220,16,24,22,15,126216,66845,83315,19391,73523,126835,133245,34395,11,220,16,24,22,19,126216,19391,142234,133381,13,136331,220,16,24,22,15,126216,66845,126254,126558,220,16,24,23,15,126216,66845,83315,128878,16560,26656,84438,84255,17380,129283,144063,79207,230,28626,19969,96127,8041,20401,131698,131570,84255,17380,144644,28626,31328,91337,1093,1348,56475,40720,133381,13,220,16,24,23,15,126216,66845,83315,126558,220,16,24,24,15,126216,66845,83315,128878,16560,26656,84438,84255,17380,129283,144063,79207,230,28626,19969,91337,1093,1348,56475,40720,128841,60960,82528,19391,1599,13,17,20,84255,17380,129283,144063,79207,230,28626,19969,40720,133381,13,220,16]",43,215,129,172,128,104,24,2.4186046511627906,0.1875,1.0078125,1.34375,1.0,1,0,0.023255813953488372,"{""2"":1}",3,0,0.0,0.0,0.00014773570001125336,1.217180024832487,128,24
WIKIPEDIA,P2,ENTROPY_MATCHED_GUARD,272,da60401d3bf936d57dd036bdd4dd3252f48a0a44258b3e78042820bf7afba51c,9.910654762759805,128,128,True,True,False,"[16560,126254,198,84255,17380,144644,28626,3315,65291,31079,24897,7,29958,9518,1648,84255,17380,144644,28626,20401,20136,113,125512,85997,43590,198,84255,17380,144644,28626,92751,28002,65980,9551,1648,84255,17380,144644,28626,20401,94203,127324,11,85788,11,129423,129502,11,69441,231,19969,134454,133970,42905,140968,57089,198,84255,17380,144644,28626,92751,28002,25715,65980,10567,1648,84255,17380,144644,28626,18411,94203,127324,126204,85788,42905,124889,198,84255,17380,144644,28626,92751,28002,25715,65980,10567,1648,84255,17380,144644,28626,18411,94203,127324,126204,85788,42905,124889,198,84255,17380,144644,28626,92751,28002,25715,65980,10567,1648,84255,17380,144644,28626,18411,94203,127324,126204,85788,42905,124889,198,84255,17380,144644,28626,92751]",41,205,129,164,126,111,15,2.707317073170732,0.11904761904761904,1.0078125,1.28125,0.984375,2,2,0.04878048780487805,"{""1"":1,""2"":1}",6,0,0.0,0.0,0.00014878623187541962,1.1525613777339458,126,15
WIKIPEDIA,P2,ENTROPY_MATCHED_GUARD,276,330bb7258121235058610b4b24c400059f1e825c5fa4d1c4abff4ff74a716b39,10.214026536792517,128,128,True,True,False,"[311,11158,54606,144129,11,220,144138,14037,3776,425,3611,279,31993,144129,11,220,144138,16250,38990,144129,11,220,144138,8002,944,14215,2157,4695,144129,11,220,144138,8373,2599,311,10689,144129,11,220,144138,28251,315,3017,9414,144129,11,220,144138,34,12079,14671,37200,21154,10689,144129,11,220,144138,1654,8713,279,28808,144129,11,220,144138,1654,8713,2806,3555,1205,12199,311,2823,144129,11,220,144138,785,6928,15465,5994,1913,144129,11,220,144138,9485,8713,279,21192,315,5633,39395,144129,11,220,144138,8002,944,6771,2157,6285,144129,11,220,144138,785,75964,144129,11,220,144138,785,6928,15465,5994,1913,144129,11,220,144138,785,6928,15465,5994,1913,144129]",43,215,129,172,127,105,22,2.441860465116279,0.1732283464566929,1.0078125,1.34375,0.9921875,1,1,0.023255813953488372,"{""1"":1}",24,0,0.0,0.0,0.0002511758357286453,1.2080609258264303,127,22
WIKIPEDIA,P2,ENTROPY_MATCHED_GUARD,280,611248ee353add9c5a8bbcc6a1865c60fcd66e2f203859f1183fd41b3682a05a,11.059568390250206,128,128,True,True,False,"[90775,102876,8,129254,47985,129112,382,12802,23872,254,83036,84667,12802,92031,33704,220,16,24,15,21,126216,19391,84255,133738,24897,20401,90486,134372,28002,19391,62071,125548,84667,7,26789,66597,356,39337,8,19969,62107,81676,330,52959,83036,84667,12802,92031,1,12802,81173,132618,17380,134108,85251,128900,13,23084,23872,254,83036,84667,12802,92031,33704,220,16,15,15,15,40853,20401,84255,126673,93701,42039,139647,83277,132931,11,220,16,132618,19391,220,16,15,40853,20401,84255,126673,93701,42039,85413,222,125545,31328,13146,13,23084,23872,254,83036,84667,12802,92031,33704,220,16,24,15,21,126216,19391,84255,133738,24897,20401,90486,134372,28002,19391,62071,125548,84667,7,26789,66597]",50,248,129,198,128,95,33,1.9,0.2578125,1.0078125,1.546875,1.0,1,0,0.02,"{""3"":1}",6,0,0.0,0.0,0.00018929876387119293,1.4132129773497581,128,33
WIKIPEDIA,P2,ENTROPY_MATCHED_GUARD,283,c380228747cb05d72568be761a862b5f4049c16e61ad0415e970f0cd1ba7d75a,0.06309455260634422,1,1,True,True,True,[151643],1,1,1,1,1,1,0,1.0,0.0,1.0,1.0,1.0,0,0,0.0,{},0,0,0.0,0.0,2.2687017917633057e-06,0.027422182261943817,1,0
WIKIPEDIA,P2,ENTROPY_MATCHED_GUARD,284,7df76593cf73265d4568507c5b9894b6f25290f80a7c02317da7c422b45093a1,10.132084177806973,128,128,True,True,False,"[11,4102,84667,136068,11,4102,28626,17380,28626,11,4102,126835,50340,29346,11,4102,144706,24897,11,4102,19391,12802,24897,11,4102,19391,12802,126445,135379,11,4102,19391,24897,126793,11,4102,19391,12802,131131,134133,11,4102,19391,12802,131131,134133,57,11,4102,19391,12802,131131,134133,57,17,11,4102,19391,12802,131131,134133,57,18,11,4102,19391,12802,131131,134133,57,19,11,4102,19391,12802,131131,134133,57,20,11,4102,19391,12802,131131,134133,57,21,11,4102,19391,12802,131131,134133,57,22,11,4102,19391,12802,131131,134133,57,23,11,4102,19391,12802,131131,134133,57,24,11,4102,19391,12802,131131,134133,57,16,15,11,4102,19391,12802,131131,134133,57,16]",43,212,129,169,122,107,15,2.488372093023256,0.12295081967213115,1.0078125,1.3203125,0.953125,7,6,0.16279069767441862,"{""1"":1,""3"":6}",27,0,0.0,0.0,0.0002575535327196121,1.2157428711652756,122,15
WIKIPEDIA,P2,ENTROPY_MATCHED_GUARD,286,92ee651363a0b7be4eb7f7b811613e61255230d8b59da78fa2c8c4a460d25d05,9.53765063174069,128,128,True,True,False,"[59761,49543,125489,382,20487,125166,715,47665,94,33861,16560,143522,129547,144074,24897,56475,18585,238,17877,23084,57089,135298,16560,54116,66019,17877,128956,75232,125489,624,47665,94,33861,16560,143522,98927,93701,56475,18585,238,17877,23084,57089,135298,16560,54116,66019,17877,128956,75232,125489,624,47665,94,33861,16560,143522,98927,93701,56475,18585,238,17877,23084,57089,135298,16560,54116,66019,17877,128956,75232,125489,624,47665,94,33861,16560,143522,98927,93701,56475,18585,238,17877,23084,57089,135298,16560,54116,66019,17877,128956,75232,125489,624,47665,94,33861,16560,143522,98927,93701,56475,18585,238,17877,23084,57089,135298,16560,54116,66019,17877,128956,75232,125489,624,47665,94,33861,16560,143522,98927,93701,56475,18585,238]",38,188,129,150,127,117,10,3.0789473684210527,0.07874015748031496,1.0078125,1.171875,0.9921875,1,1,0.02631578947368421,"{""2"":1}",6,0,0.0,0.0,0.00014662183821201324,1.0795089863240719,127,10
WIKIPEDIA,P2,ENTROPY_MATCHED_GUARD,290,1cfd2dafb5d1659171a4ab7498d4f27d07d3275566a5f1ce8e178b34fa929d49,9.095101438462734,128,128,True,True,False,"[128533,85997,28002,31328,47911,105,145399,33704,138373,20401,47911,105,145399,12802,130092,76337,42039,46319,128909,52300,128900,13,4710,137771,40853,32290,33704,138373,20401,64577,40853,32290,12802,130092,76337,42039,46319,128909,52300,128900,13,138373,20401,64577,40853,32290,33704,138373,20401,64577,40853,32290,12802,130092,76337,42039,46319,128909,52300,128900,13,138373,20401,64577,40853,32290,33704,138373,20401,64577,40853,32290,12802,130092,76337,42039,46319,128909,52300,128900,13,138373,20401,64577,40853,32290,33704,138373,20401,64577,40853,32290,12802,130092,76337,42039,46319,128909,52300,128900,13,138373,20401,64577,40853,32290,33704,138373,20401,64577,40853,32290,12802,130092,76337,42039,46319,128909,52300,128900,13,138373,20401,64577,40853,32290,33704,138373]",35,173,129,138,128,121,7,3.4571428571428573,0.0546875,1.0078125,1.078125,1.0,0,0,0.0,{},3,0,0.0,0.0,0.00012106448411941528,0.9896651022136211,128,7
WIKIPEDIA,P2,ENTROPY_MATCHED_GUARD,293,3c2712ed7fb6af47e0762e50764ee48937bb7fcea980cc8fbc2c8dd390700f8b,9.099622128531337,128,128,True,True,False,"[23084,16560,142209,242,230,126291,24897,20401,142497,17877,130729,126702,42905,5140,41902,132182,127864,47836,17877,53900,139836,13,130005,11,54825,16560,142209,242,230,126291,24897,20401,142497,17877,130729,126702,42905,5140,41902,132182,127864,47836,17877,53900,139836,13,130005,11,54825,16560,142209,242,230,126291,24897,20401,142497,17877,130729,126702,42905,5140,41902,132182,127864,47836,17877,53900,139836,13,130005,11,54825,16560,142209,242,230,126291,24897,20401,142497,17877,130729,126702,42905,5140,41902,132182,127864,47836,17877,53900,139836,13,130005,11,54825,16560,142209,242,230,126291,24897,20401,142497,17877,130729,126702,42905,5140,41902,132182,127864,47836,17877,53900,139836,13,130005,11,54825,16560,142209,242,230,126291,24897,20401]",35,174,129,139,127,121,6,3.4571428571428573,0.047244094488188976,1.0078125,1.0859375,0.9921875,1,1,0.02857142857142857,"{""2"":1}",9,0,0.0,0.0,0.00015936791896820068,0.9885725900530815,127,6
WIKIPEDIA,P2,ENTROPY_MATCHED_GUARD,302,1059ce196d5193038dadecdec9e75d16cf79f81a9e0f27e45a66818b90751fe1,9.525721557438374,128,128,True,True,False,"[93883,103431,24339,8,42039,126291,92192,51876,624,142976,125714,21329,23259,18411,133970,23573,142654,20401,94203,135444,220,15,12802,97143,126054,11,45130,109,144341,129835,73518,146289,144341,17877,3315,235,101,26698,125714,21329,23259,125703,20401,94203,23259,18411,78374,57801,62107,81676,94315,60960,43866,126270,7,30540,17254,24339,8,42039,126291,92192,51876,624,142976,125714,21329,23259,18411,133970,23573,142654,20401,94203,135444,220,15,12802,97143,126054,11,45130,109,144341,129835,73518,146289,144341,17877,3315,235,101,26698,125714,21329,23259,125703,20401,94203,23259,18411,78374,57801,62107,81676,94315,126174,144210,76337,126270,7,111169,28330,24339,8,42039,126291,92192,51876,382,127027,37087,715,13146,48431,77353,126702,126321]",38,190,129,152,128,117,11,3.0789473684210527,0.0859375,1.0078125,1.1875,1.0,0,0,0.0,{},0,0,0.0,0.0,9.908340871334076e-05,1.071096282452345,128,11
WIKIPEDIA,P2,ENTROPY_MATCHED_GUARD,303,6c6ca9f6938375db235b431a79e41f2981ae95eed18325b4dc24f05cd45e8993,10.124722436070442,128,128,True,True,False,"[222,12802,51876,13,35509,40281,24897,126291,92192,126270,33704,129296,128909,66845,23259,124632,56475,130887,136089,128533,135420,28002,94964,62618,13146,382,29281,20401,715,125568,126702,32077,125625,126321,29281,76337,271,20401,60716,18411,58777,42905,126674,18411,128646,140026,13,23084,77353,126702,32077,125625,126321,29281,76337,33704,126174,144210,17877,40720,82190,139107,131050,3315,241,116,28733,90686,382,57026,20487,26698,220,143861,242,94203,23259,126174,144210,11,220,143861,242,58034,23259,126524,47665,94,33861,125489,13,23084,77353,126702,32077,125625,126321,29281,76337,20401,60716,18411,58777,42905,126674,16560,126174,144210,74808,29281,76337,220,124970,60716,18411,58777,42905,126674,80573,126322,32077,129330,13,126174,144210,74808,29281,76337]",42,208,129,166,128,104,24,2.4761904761904763,0.1875,1.0078125,1.296875,1.0,0,0,0.0,{},0,0,0.0,0.0,0.0001123230904340744,1.1974110268056393,128,24
WIKIPEDIA,P2,ENTROPY_MATCHED_GUARD,305,74f554253ba79bf4e2e5705b0ef9bd562044f3411ef308617195b123566222cf,10.036210123449564,128,128,True,True,False,"[10764,244,19946,13,54825,16560,220,16,24,24,18,126216,220,16,15,128514,220,16,32077,19391,220,16,21,41429,220,17,24,32077,17380,730,4677,56983,48606,19391,38150,125068,128836,13,54825,16560,220,16,24,24,19,126216,220,16,15,128514,220,16,32077,19391,220,16,23,41429,220,17,24,32077,17380,730,4677,56983,48606,19391,38150,125068,128836,13,54825,16560,220,16,24,24,20,126216,220,16,15,128514,220,16,32077,19391,220,16,24,41429,220,17,24,32077,17380,730,4677,56983,48606,19391,38150,125068,128836,13,54825,16560,220,16,24,24,21,126216,220,16,15,128514,220,16,32077,19391,220,17,15,41429,220,17]",38,190,129,152,128,112,16,2.9473684210526314,0.125,1.0078125,1.1875,1.0,0,0,0.0,{},0,0,0.0,0.0,0.000106053426861763,1.129384782165289,128,16
WIKIPEDIA,P2,ENTROPY_MATCHED_GUARD,309,cbdcc7f7c9ea2a88b6404d1d85d5b01144de344e5defa308c1c809d3a04dac43,9.433076649904251,128,128,True,True,False,"[131040,126800,139269,63089,19969,55673,128215,126204,130092,126800,130137,131293,129262,52959,29346,133373,19969,55673,124780,51876,624,565,220,16,13,73523,35711,198,66845,23573,125496,124785,20401,143522,84255,81650,53442,144276,60960,61741,13,135420,28002,140891,57852,124781,143861,98,135818,69441,231,19969,42905,43115,29326,85403,51588,53680,20136,247,76435,12802,73523,126835,23573,126291,126445,28626,144025,31079,20401,62099,121,20401,132818,69441,231,19969,42905,125466,129439,85403,51588,42039,73518,145422,13146,13,43115,29326,85403,51588,124657,130766,132343,138249,126800,130137,131293,129262,52959,29346,19391,127969,19969,47836,64577,126614,17877,79302,119,16560,13146,13,125466,129439,85403,51588,124657,130766,132343,138249,136581,131040,65306,85251,66845,61741]",35,175,129,140,128,115,13,3.2857142857142856,0.1015625,1.0078125,1.09375,1.0,0,0,0.0,{},0,0,0.0,0.0,9.232759475708008e-05,1.0204494670033455,128,13
WIKIPEDIA,P2,ENTROPY_MATCHED_GUARD,318,1ce00a5684b46f97baed96b36816d2f7d8f6dc43818fd073745d5ddd1d171a90,10.198664607480168,128,128,True,True,False,"[126591,29326,16560,66790,126321,25715,59698,126270,62071,17,92817,19391,126629,66790,126321,25715,59698,137438,17380,128618,97929,132306,382,92817,125519,125496,54330,130788,31328,125496,78125,56290,124785,4710,92817,125519,125496,54330,130788,31328,125496,78125,56290,124785,20401,127820,126591,29326,16560,139107,135898,382,220,16,24,19,23,126216,220,24,128514,220,24,32077,11,65510,125519,125496,54330,130788,31328,125496,78125,56290,124785,20401,134013,31328,69441,231,126345,29326,18411,127820,126591,29326,17380,79207,117,126614,134002,624,220,16,24,20,15,126216,220,16,15,128514,220,16,32077,11,65510,125519,125496,54330,130788,31328,125496,78125,56290,124785,20401,134013,31328,69441,231,126345,29326,18411,69441,231,126345,134990]",39,194,129,155,128,112,16,2.871794871794872,0.125,1.0078125,1.2109375,1.0,0,0,0.0,{},0,0,0.0,0.0,0.00010619498789310455,1.1611906345933676,128,16
WIKIPEDIA,P2,ENTROPY_MATCHED_GUARD,320,1f8ebc1a77efe625563e2cb88fdc629da9588b7dc64d346319c0be31c618d509,10.537163259461522,128,128,True,True,False,"[58777,17380,136239,132306,13,129392,16560,64577,59698,88259,17380,11,127820,126591,25715,59698,47985,16560,64577,59698,88259,80573,58777,17380,136239,132306,13,127820,126591,25715,59698,29326,16560,64577,59698,88259,80573,58777,17380,136239,132306,13,8620,112,239,126346,29326,80573,129392,11,127820,126591,25715,59698,47985,11,127820,126591,25715,59698,29326,16560,44518,129534,88259,17380,136239,132306,13,44518,129534,88259,16560,44518,129534,88259,125118,53680,16751,235,32290,57089,42039,136239,132306,13,16751,235,32290,57089,33704,16751,235,32290,57089,125118,53680,126322,42039,136239,132306,13,126322,33704,126322,125118,53680,126322,42039,136239,132306,13,126322,33704,126322,125118,53680,126322,42039,136239,132306,13,126322,33704,126322,125118,53680,126322]",44,218,129,174,128,105,23,2.3863636363636362,0.1796875,1.0078125,1.359375,1.0,0,0,0.0,{},0,0,0.0,0.0,0.00012398511171340942,1.2693284638226032,128,23
WIKIPEDIA,P2,ENTROPY_MATCHED_GUARD,324,12f418c81947dbadf106fe231f0af4f2df0235c1a7dea0eea490f95d1ee926b3,10.043322501704097,128,128,True,True,False,"[33704,5140,116,234,50340,128732,20401,63332,55054,127042,130271,18411,60960,126414,42905,45130,94,42039,11,54825,20401,45130,94,33704,133196,128552,132488,132872,34395,90686,13,54825,20401,60960,126414,128533,45130,94,42039,16560,330,785,11363,504,358,848,9176,497,330,51682,497,330,10580,56412,2123,497,330,4896,2577,258,2123,497,330,26843,6743,409,63568,1021,1,77002,12802,90686,13,23084,45130,94,128901,5140,116,234,50340,128732,20401,53435,56290,80573,16751,234,131893,17877,133196,19391,125214,132920,5140,41902,132182,127864,47836,17877,10764,244,19946,382,92817,144269,33704,5140,116,234,50340,128732,20401,16751,234,131893,124781,56475,136361,98987,18411,129882,21329,125580,127378,11,54825,20401]",41,205,129,164,128,108,20,2.6341463414634148,0.15625,1.0078125,1.28125,1.0,1,0,0.024390243902439025,"{""3"":1}",9,0,0.0,0.0,0.00017305277287960052,1.1662813182920218,128,20
WIKIPEDIA,P2,ENTROPY_MATCHED_GUARD,329,7a8b2b90dcf67bc5f67fcf992e58f3120fbf17177d365c60e1ca063ea409b8d2,10.233909638598561,128,128,True,True,False,"[126270,135092,19391,136009,133553,49543,19391,10764,252,62618,68232,26699,126204,137119,95002,28733,90686,13,23084,10764,252,246,17877,58777,125512,28754,130939,129112,382,88259,125512,28754,33704,133553,49543,20401,138519,131837,11,133553,49543,20401,77596,235,47985,11,129093,136913,17877,128956,133553,49543,20401,63757,21329,63154,19391,73986,131000,51876,13,58777,125512,28754,33704,133553,49543,20401,138519,131837,11,133553,49543,20401,77596,235,47985,11,129093,136913,17877,128956,133553,49543,20401,63757,21329,63154,19391,73986,131000,51876,382,88259,125512,28754,20401,74808,129321,33704,133553,49543,20401,143803,20401,132028,57089,126321,129321,53680,137351,124546,130705,11,74808,129321,33704,45130,94,32290,20401,141482,125489,382,88259,125512,28754,20401]",43,215,129,172,128,104,24,2.4186046511627906,0.1875,1.0078125,1.34375,1.0,0,0,0.0,{},0,0,0.0,0.0,0.00011828914284706116,1.217724634334445,128,24
WIKIPEDIA,P2,ENTROPY_MATCHED_GUARD,330,eda994a06370fe22b619699aeae6101f1d6bd07a32f51dbe1fbdd32939421e1f,10.15980756469071,128,128,True,True,False,"[129093,125512,28754,33704,98005,65865,42905,65699,234,126414,124781,56475,92751,132297,128841,92751,32831,28754,42039,11,98005,65865,20401,141482,56475,81718,144709,132064,42039,68232,26699,42905,71108,131137,92751,132297,132306,13,130331,128772,92751,32831,28754,53680,95577,138143,19969,21329,17380,142700,134015,42905,10764,252,246,33704,139429,382,54321,125512,28754,33704,98005,65865,42905,133553,49543,19969,98005,65865,20401,141482,56475,5140,117,254,83277,60315,19969,125476,16560,10764,252,246,42039,11,133553,49543,19969,98005,65865,42905,126322,126246,133788,96137,68232,26699,51876,13,23084,10764,252,246,33704,133553,49543,19969,98005,65865,42905,126322,126246,133788,96137,68232,26699,82190,133553,49543,19969,98005,65865,42905,126322,126246,133788,96137]",42,209,129,167,128,105,23,2.5,0.1796875,1.0078125,1.3046875,1.0,0,0,0.0,{},0,0,0.0,0.0,0.0001050066202878952,1.1904731411486864,128,23
WIKIPEDIA,P2,ENTROPY_MATCHED_GUARD,331,3aeeeaa3723cf26d44c58fb3d0abd786eafd8f56463ffc26819fc5be14967063,10.155242582783103,128,128,True,True,False,"[49543,42905,128584,130651,11,129304,79921,18411,126310,83036,168,77047,17380,139053,47836,28733,136303,128956,128900,13,126310,83036,168,77047,16560,79921,18411,139053,42905,130864,17877,36055,20401,87425,72553,11,79921,18411,139053,42905,130864,33704,126310,83036,168,77047,58677,129695,144091,74808,76337,19391,126629,34143,105,50340,85251,13146,13,126310,83036,168,77047,58677,129695,144091,74808,76337,126377,20076,12,23,11,20076,12,16,21,11,20076,12,18,17,77002,12802,90686,382,125522,83036,168,77047,16560,220,16,24,24,16,126216,19391,62071,29281,133245,127378,11,220,16,24,24,21,126216,126558,220,17,15,15,15,126216,128878,220,19,59761,20401,86831,65865,12802,73518,141438,13,220]",42,209,129,167,128,108,20,2.5714285714285716,0.15625,1.0078125,1.3046875,1.0,1,0,0.023809523809523808,"{""2"":1}",3,0,0.0,0.0,0.00014228187501430511,1.1922202315181494,128,20
WIKIPEDIA,P2,ENTROPY_MATCHED_GUARD,337,ac4c1053ad71d1efd9119f691eba70315f6610a8341e2c138fcd6271f454ed1c,9.496939657256007,128,128,True,True,False,"[124970,23573,128584,130651,11,141769,20401,138704,53680,66790,76337,17877,81718,144059,42039,128956,128900,13,20136,247,35530,33704,58677,21329,80968,45130,120,29281,12802,137621,11,20136,247,35530,20401,98801,16560,58677,21329,80968,137525,18411,132989,51876,13,20136,247,35530,33704,58677,21329,80968,137525,18411,131582,140692,20401,137525,18411,83315,53442,51876,13,20136,247,35530,33704,58677,21329,80968,137525,18411,131582,140692,20401,137525,18411,83315,53442,51876,13,20136,247,35530,33704,58677,21329,80968,137525,18411,131582,140692,20401,137525,18411,83315,53442,51876,13,20136,247,35530,33704,58677,21329,80968,137525,18411,131582,140692,20401,137525,18411,83315,53442,51876,13,20136,247,35530,33704,58677,21329,80968,137525,18411,131582,140692]",37,185,129,148,128,115,13,3.108108108108108,0.1015625,1.0078125,1.15625,1.0,0,0,0.0,{},0,0,0.0,0.0,9.511038661003113e-05,1.0510902907699347,128,13
WIKIPEDIA,P2,ENTROPY_MATCHED_GUARD,349,48b8de27ed6f821caa4ae4139e69b140f6275965beebbe7a876876464a234348,9.751930177211761,128,128,True,True,False,"[124517,12802,95996,129062,23573,45130,111,42039,11,220,16,24,21,18,126216,220,16,128514,220,16,32077,43115,55902,131793,47985,80573,43115,55902,131226,47985,20401,136605,18411,20136,102,127148,82190,60960,88259,126861,126346,29326,19969,134739,133381,13,220,16,24,22,18,126216,220,16,128514,220,16,32077,43115,55902,131793,47985,20401,136605,18411,20136,102,127148,82190,60960,88259,126861,126346,29326,19969,134739,133381,13,220,16,24,23,15,126216,220,16,128514,220,16,32077,43115,55902,131226,47985,20401,136605,18411,20136,102,127148,82190,60960,88259,126861,126346,29326,19969,134739,133381,13,220,16,24,24,20,126216,220,16,128514,220,16,32077,43115,55902,131793,47985,20401,136605]",39,194,129,155,128,112,16,2.871794871794872,0.125,1.0078125,1.2109375,1.0,0,0,0.0,{},0,0,0.0,0.0,9.850040078163147e-05,1.1093223709613085,128,16
WIKIPEDIA,P2,ENTROPY_MATCHED_GUARD,352,a98de64ba20c4145cb29f470fd3c39dfa4a1f5bc637eb567d9f1f78f7dca098d,10.249668834730983,128,128,True,True,False,"[116,12802,18411,3315,116,94,29281,66425,130039,40720,128841,54116,88259,16560,73518,127121,56039,33861,56039,33861,1445,276,4413,265,22962,8,125489,382,125068,80901,715,16,73518,127121,56039,33861,284,220,16,15,12,24,125714,33861,198,16,73518,127121,56039,33861,284,220,16,15,12,21,95577,12802,81133,17380,56039,33861,198,16,73518,127121,56039,33861,284,220,16,15,12,18,95577,12802,81133,126605,198,16,73518,127121,56039,33861,284,220,16,15,15,15,142510,129695,56039,33861,198,16,73518,127121,56039,33861,284,220,16,15,15,15,15,15,15,48408,129283,56039,33861,198,16,73518,127121,56039,33861,284,220,16,15,15,15,15,15,15]",43,212,129,169,128,106,22,2.4651162790697674,0.171875,1.0078125,1.3203125,1.0,0,0,0.0,{},0,0,0.0,0.0,0.00011690519750118256,1.2236789464950562,128,22
WIKIPEDIA,P2,ENTROPY_MATCHED_GUARD,355,9d78fae9f4b84a8d2f1fb301fad3e6b1fa8f12fdde56526f83104a6c8165a612,9.978394849225879,128,128,True,True,False,"[23,126216,220,23,128514,220,16,20,32077,128605,125496,124785,20401,125466,76337,124973,20487,17380,66790,29281,133381,624,86372,131529,20487,20401,54116,80573,74361,250,131529,53435,126345,33704,65510,125519,20401,56419,125160,53435,126345,42039,11,65510,125519,20401,56419,125160,53435,126345,31328,74361,250,131529,53435,126345,33704,65510,125519,20401,56419,125160,53435,126345,42039,11,65510,125519,20401,56419,125160,53435,126345,31328,74361,250,131529,53435,126345,33704,65510,125519,20401,56419,125160,53435,126345,31328,74361,250,131529,53435,126345,33704,65510,125519,20401,56419,125160,53435,126345,31328,74361,250,131529,53435,126345,33704,65510,125519,20401,56419,125160,53435,126345,31328,74361,250,131529,53435,126345,33704,65510,125519,20401,56419,125160,53435]",39,195,129,156,128,112,16,2.871794871794872,0.125,1.0078125,1.21875,1.0,0,0,0.0,{},0,0,0.0,0.0,0.00013540126383304596,1.1383259911090136,128,16
WIKIPEDIA,P2,ENTROPY_MATCHED_GUARD,356,574092f95e772799300592bc8b9cd124a94b33fdba07d8195ecbb5534d2f4552,9.961312027648091,128,128,True,True,False,"[144262,11,143522,45130,120,124632,11,28733,124632,11,60039,45130,120,124632,11,125466,124632,11,43115,37087,124632,11,47818,126251,124632,11,133553,28002,124632,11,28927,105,28002,124632,11,139957,31079,124632,11,124970,124632,11,48364,250,51588,124632,11,143522,129547,144074,24897,11,98927,93701,76497,242,25715,31328,11,58677,78125,21329,66019,11,71015,144415,124632,11,125206,124781,124632,11,28733,124632,11,143522,45130,120,124632,11,60039,45130,120,124632,11,125466,124632,11,43115,37087,124632,11,47818,126251,124632,11,133553,28002,124632,11,28927,105,28002,124632,11,139957,31079,124632,11,124970,124632,11,48364,250,51588,124632,11,143522,129547,144074,24897,11,98927,93701,76497,242,25715,31328]",40,199,129,159,128,107,21,2.675,0.1640625,1.0078125,1.2421875,1.0,0,0,0.0,{},0,0,0.0,0.0,0.00011091865599155426,1.1455326788127422,128,21
WIKIPEDIA,P2,ENTROPY_MATCHED_GUARD,359,b508a40cc2349a0fe0806b6fc57cd80700b0a565c997b08a56065d26dc6b173a,9.560758782550693,128,128,True,True,False,"[85251,84255,81650,53442,144276,139957,31079,125489,13,73986,54330,143279,47665,254,12802,125545,33704,95577,12802,81133,17380,43590,126445,28626,20401,659,15373,84255,126673,93701,130109,81133,18411,54116,126641,42039,53900,124905,11,95577,12802,81133,17380,43590,126445,28626,20401,659,15373,84255,126673,93701,130109,81133,18411,54116,126641,42039,128956,128772,84255,81650,53442,144276,139957,31079,80573,47985,91043,65238,132306,13,73986,54330,143279,47665,254,12802,125545,33704,95577,12802,81133,17380,43590,126445,28626,20401,659,15373,84255,126673,93701,130109,81133,18411,54116,126641,42039,53900,124905,11,95577,12802,81133,17380,43590,126445,28626,20401,659,15373,84255,126673,93701,130109,81133,18411,54116,126641,42039,128956,128772,84255,81650,53442,144276,139957]",35,175,129,140,128,118,10,3.3714285714285714,0.078125,1.0078125,1.09375,1.0,0,0,0.0,{},0,0,0.0,0.0,0.00010590441524982452,1.0276595260947943,128,10
WIKIPEDIA,P2,ENTROPY_MATCHED_GUARD,363,a85cc0943047464894a50eff3d8216ecefee637248e76e49b6bc458480227bb5,10.666679959744215,128,128,True,True,False,"[60960,126414,128533,131698,132343,125214,126445,126673,29346,71015,24897,49543,125548,11,53435,56290,31328,97929,124632,20401,60960,126414,128533,131698,132343,62938,60294,29346,56983,70582,53189,50340,40281,24897,125489,624,31328,97929,124632,33704,58677,97929,20401,47818,126251,124632,80968,11,130592,80968,11,53435,56290,80968,127820,132818,131698,42905,20136,247,51588,125489,13,58677,97929,124632,33704,58677,97929,20401,47818,126251,124632,80968,11,130592,80968,11,53435,56290,80968,127820,132818,131698,42905,20136,247,51588,125489,13,58677,97929,124632,33704,58677,97929,20401,47818,126251,124632,80968,11,130592,80968,11,53435,56290,80968,127820,132818,131698,42905,20136,247,51588,125489,13,58677,97929,124632,33704,58677,97929,20401,47818,126251,124632,80968]",45,225,129,180,128,106,22,2.3555555555555556,0.171875,1.0078125,1.40625,1.0,0,0,0.0,{},3,0,0.0,0.0,0.00016486644744873047,1.297886298969388,128,22
WIKIPEDIA,P2,ENTROPY_MATCHED_GUARD,365,1e1c070b1bef2ab6e396aacad9bcf73b98a4d981786498898ae24776ee73b710,10.06661700643599,128,128,True,True,False,"[143964,125569,67511,126251,47985,133970,51876,13,138266,125569,67511,126251,33704,138266,126291,126445,28626,144025,31079,80573,138266,139236,20401,142497,17877,130729,40853,23573,142497,125489,382,25715,125522,125569,67511,126251,20401,142497,33704,138266,126291,126445,28626,144025,31079,20401,138266,18411,130729,40853,23573,142497,125489,13,138266,126291,126445,28626,144025,31079,20401,138266,16560,40720,25715,126327,126291,126445,28626,144025,31079,18411,138266,139844,57801,40720,47836,28733,64521,138266,11,126291,24897,91605,18411,30520,120,28733,64521,138266,11,126291,24897,91605,18411,88513,47836,28733,64521,138266,11,126291,24897,91605,18411,129242,130609,128808,47836,28733,64521,138266,18411,132989,51876,13,138266,125569,67511,126251,20401,138266,16560,138266,126291,126445,28626,144025]",42,208,129,166,128,108,20,2.5714285714285716,0.15625,1.0078125,1.296875,1.0,0,0,0.0,{},0,0,0.0,0.0,0.00010619312524795532,1.195086995139718,128,20
WIKIPEDIA,P2,ENTROPY_MATCHED_GUARD,368,5a0cca804af9a4ba6291e79c3501702339667f91c37e1faee815f787fa38faf0,9.726209802553058,128,128,True,True,False,"[126216,220,16,15,128514,220,16,32077,126558,142209,242,230,43590,24897,17380,73523,126321,133381,13,142209,242,230,34992,44680,242,120,24897,16560,142209,242,230,43590,24897,5140,45881,12802,127601,24897,31328,4253,134664,125466,126402,40720,10764,245,230,19969,26698,6699,2916,8,18411,125686,125548,124905,11,142209,242,230,43590,24897,5140,45881,12802,127601,24897,31328,4253,134664,125466,126402,40720,10764,245,230,19969,26698,6699,2916,8,18411,125686,125548,124905,11,142209,242,230,43590,24897,5140,45881,12802,127601,24897,31328,4253,134664,125466,126402,40720,10764,245,230,19969,26698,6699,2916,8,18411,125686,125548,124905,11,142209,242,230,43590,24897,5140,45881,12802,127601,24897,31328,4253,134664]",40,198,129,158,128,110,18,2.75,0.140625,1.0078125,1.234375,1.0,0,0,0.0,{},0,0,0.0,0.0,9.90200787782669e-05,1.1284657306969166,128,18
WIKIPEDIA,P2,ENTROPY_MATCHED_GUARD,377,a817644700090caea23a3c2c6afa118462716027a9c1c7d7ed0ea3df63fac4d3,10.934382133185863,128,128,True,True,False,"[239,130765,80901,128555,133970,51876,13,60716,144120,33704,134664,128552,143522,44518,24897,127649,20401,63332,126246,17877,45710,126641,42905,126174,80901,17380,11,60716,131973,3203,9683,8,16560,60716,144120,17877,131582,60039,18411,79302,119,127451,11,44518,24897,127649,17877,62071,31079,135405,11,54248,18411,77596,238,55902,135298,16560,136357,134953,17877,131670,126174,80901,18411,128956,124889,17877,126254,51876,13,60716,144120,33704,135392,141966,17380,134015,130705,11,54825,70943,136448,130887,134664,128533,141966,16560,85413,117,133415,60716,144120,11,126291,144403,125714,89235,31079,60716,144120,11,23084,84667,32077,60716,144120,77002,12802,90686,13,131367,60716,144120,33704,126799,60039,126310,69923,11,40771,230,128024,126352,53442,10764,249,242]",49,243,129,194,126,91,35,1.8571428571428572,0.2777777777777778,1.0078125,1.515625,0.984375,2,2,0.04081632653061224,"{""3"":2}",6,0,0.0,0.0,0.00017292983829975128,1.3835342340171337,126,35
WIKIPEDIA,P2,ENTROPY_MATCHED_GUARD,379,c3be02a96658456b9b332ff2276bc76869acd89913d1a352517429db045a3eb6,9.668182732537389,128,128,True,True,False,"[271,55054,65865,33704,220,16,20,41429,20487,126558,93721,133381,13,220,16,20,41429,20487,126377,126440,31079,32129,65865,12802,134108,141798,13,220,16,21,41429,20487,126377,84255,133738,24897,31079,32129,65865,12802,134108,141798,13,220,16,22,41429,20487,126377,64805,227,32077,31079,32129,65865,12802,134108,141798,13,220,16,23,41429,20487,126377,23084,136068,28002,52959,31079,32129,65865,12802,134108,141798,13,220,16,24,41429,20487,126377,79207,44680,236,246,31328,31079,32129,65865,12802,134108,141798,13,220,17,15,41429,20487,126377,138373,31079,32129,65865,12802,134108,141798,13,220,17,16,41429,20487,126377,136293,31079,32129,65865,12802,134108,141798,13,220,17,17,41429,20487,126377]",38,189,129,151,128,115,13,3.026315789473684,0.1015625,1.0078125,1.1796875,1.0,0,0,0.0,{},0,0,0.0,0.0,9.842775762081146e-05,1.1350815035402775,128,13
WIKIPEDIA,P2,ENTROPY_MATCHED_GUARD,383,de4d7317db0d123b62d11d4054f21ac25ac9bf587da630a45768512c83a0dea4,9.541437342762947,128,128,True,True,False,"[8,16560,220,16,24,23,15,126216,19391,73523,126835,52300,48364,104,84621,83666,129547,144074,126291,126445,28626,144025,31079,125489,13,220,16,24,23,15,126216,66845,83315,126641,126558,220,16,24,24,15,126216,66845,83315,126641,128878,16560,47665,94,33861,129547,144074,12802,55673,97929,124982,33509,60315,11,220,16,24,24,15,126216,66845,70943,126641,126558,5140,252,246,24897,33861,129547,144074,12802,55673,97929,19969,97143,125761,13,220,16,24,24,15,126216,66845,70943,126641,126558,220,17,15,15,15,126216,66845,83315,126641,128878,16560,47665,94,33861,129547,144074,53680,5140,252,246,24897,33861,129547,144074,12802,129676,40720,133381,13,220,17,15,15,15,126216,66845]",39,195,129,156,128,112,16,2.871794871794872,0.125,1.0078125,1.21875,1.0,1,0,0.02564102564102564,"{""3"":1}",3,0,0.0,0.0,0.00012349151074886322,1.0772257130593061,128,16
WIKIPEDIA,P2,ENTROPY_MATCHED_GUARD,390,551f0cde62b24efd28188d421b8d9710de200ba46730550fc05ddf0247d95417,10.901552995666862,128,128,True,True,False,"[29346,142496,20401,129419,47665,94,33861,220,128355,220,20401,141767,144033,50340,144238,33704,139107,135898,382,57026,20487,26698,220,16560,220,16,126558,220,128878,20401,20136,102,125489,382,12802,77353,85057,33704,139107,129381,128677,128732,17877,35509,85251,13146,382,127048,65238,126270,135092,25,715,82619,128747,126270,135092,25,715,128618,130609,126270,135092,25,4710,12802,128677,128732,128901,141767,144033,50340,144238,12802,66136,80968,17877,139646,16560,129337,63332,40853,51876,382,126952,125511,11,141767,144033,50340,144238,33704,139107,129381,128677,128732,17877,35509,85251,13146,382,220,15,12,16,126785,135092,25,715,220,15,12,16,126785,135092,25,4710,12802,128677,128732,128901,141767,144033,50340,144238,12802,37064,57160]",49,244,129,195,128,97,31,1.9795918367346939,0.2421875,1.0078125,1.5234375,1.0,0,0,0.0,{},0,0,0.0,0.0,0.00012891553342342377,1.3628579191863537,128,31
WIKIPEDIA,P2,ENTROPY_MATCHED_GUARD,396,abb335de51d31387c63a9a045ea94a0f1439e0a032137e2c746ec9bd8e70f35c,9.621965387836099,128,128,True,True,False,"[246,17877,3315,116,94,29281,134002,13,3315,123,101,144371,33704,129419,18585,238,65865,16186,136541,19391,68232,26699,42905,10764,252,246,17877,3315,116,94,29281,66425,130039,40771,230,126299,78125,17877,40720,134002,13,40771,230,126299,78125,33704,56419,16186,18411,57547,47836,28733,64521,143861,98,28754,12802,90686,13,3315,123,101,144371,33704,129419,73523,20401,40771,230,126299,78125,17877,40720,82190,129419,18585,238,65865,16186,136541,19391,68232,26699,42905,10764,252,246,17877,3315,116,94,29281,134002,13,129419,73523,20401,40771,230,126299,78125,33704,137765,128772,56419,16186,18411,131670,137046,13,3315,123,101,144371,33704,129419,73523,20401,40771,230,126299,78125,17877,137765,48108,222,28002,5140]",40,199,129,159,128,111,17,2.775,0.1328125,1.0078125,1.2421875,1.0,0,0,0.0,{},0,0,0.0,0.0,0.0001041162759065628,1.111039500683546,128,17
WIKIPEDIA,P2,ENTROPY_MATCHED_GUARD,398,7b4e03ef0e2398942f3f8414702a8f67fe8e5878b2023b70b0b18a3ffbe9f84f,10.294659519568086,128,128,True,True,False,"[94,33861,11,143861,242,139052,32290,362,18411,5140,239,246,60294,140611,34395,64521,85403,129262,647,18411,135513,142907,13146,13,23084,16560,69441,238,139822,32290,17877,5140,239,246,60294,140611,34395,64521,85403,129262,647,66136,20401,56419,16186,131837,17877,135513,142907,13146,382,19969,40281,24897,126785,135092,20401,125714,79716,141966,16560,139107,135898,624,715,57026,20487,26698,143861,242,56419,20487,40853,11,143861,242,56419,16186,22042,222,47985,125489,382,19969,40281,24897,126785,135092,20401,125714,79716,141966,16560,56419,20487,40853,20401,95996,85057,17877,135513,142907,13146,13,56419,20487,40853,20401,95996,85057,33704,56419,16186,22042,222,47985,19391,73986,131000,51876,13,56419,20487,40853,20401,95996,85057,12802]",45,224,129,179,128,105,23,2.3333333333333335,0.1796875,1.0078125,1.3984375,1.0,0,0,0.0,{},0,0,0.0,0.0,0.00011517852544784546,1.2521372493356466,128,23
WIKIPEDIA,P2,ENTROPY_MATCHED_GUARD,417,e2b8ecbe9a4a8665d1751c0fa4decc91fc307eeea7c23384236c695b827b5d2c,9.851677056401968,128,128,True,True,False,"[31079,60315,26698,16560,37064,94,55902,56475,47818,125991,130705,11,140094,20401,54969,131347,97929,16560,37064,94,55902,56475,47818,125991,51876,13,54969,131347,97929,16560,37064,94,55902,56475,47818,125991,42905,48364,247,132526,57089,126251,20401,220,16,15,4,131219,18411,129882,21329,51876,13,54969,131347,97929,16560,37064,94,55902,56475,47818,125991,42905,48364,247,132526,57089,126251,20401,220,16,15,4,131219,18411,129882,21329,51876,13,54969,131347,97929,16560,37064,94,55902,56475,47818,125991,42905,48364,247,132526,57089,126251,20401,220,16,15,4,131219,18411,129882,21329,51876,13,54969,131347,97929,16560,37064,94,55902,56475,47818,125991,42905,48364,247,132526,57089,126251,20401,220,16,15,4]",42,208,129,166,128,111,17,2.642857142857143,0.1328125,1.0078125,1.296875,1.0,0,0,0.0,{},0,0,0.0,0.0,0.00011009722948074341,1.166626464575529,128,17
WIKIPEDIA,P2,ENTROPY_MATCHED_GUARD,418,12b68832d675fba33005ec5a16f5eb7e1f60f992b7b4308221b15535df1d2f9d,9.624762993305922,128,128,True,True,False,"[128836,13,126322,126251,124632,20401,142497,33704,220,16,23,41429,20487,126254,19391,141965,32831,133381,13,23084,65865,126377,126322,126251,124632,12802,47818,126251,124632,20401,136605,79716,42039,26698,11,47818,126251,124632,20401,136605,79716,42039,26698,11,47818,126251,124632,20401,136605,79716,42039,26698,11,47818,126251,124632,20401,136605,79716,42039,26698,11,47818,126251,124632,20401,136605,79716,42039,26698,11,47818,126251,124632,20401,136605,79716,42039,26698,11,47818,126251,124632,20401,136605,79716,42039,26698,11,47818,126251,124632,20401,136605,79716,42039,26698,11,47818,126251,124632,20401,136605,79716,42039,26698,11,47818,126251,124632,20401,136605,79716,42039,26698,11,47818,126251,124632,20401,136605,79716,42039,26698,11,47818,126251,124632]",40,199,129,159,127,114,13,2.85,0.10236220472440945,1.0078125,1.2421875,0.9921875,1,1,0.025,"{""2"":1}",3,0,0.0,0.0,0.00012395717203617096,1.1138950735330582,127,13
WIKIPEDIA,P2,ENTROPY_MATCHED_GUARD,425,1f8e12a4832f83d55af0bafb40de4f70e8921cf86581761e2bc02335a2f62c9e,9.719397883862257,128,128,True,True,False,"[36330,250,62275,198,32077,125822,20401,126291,125624,198,32077,125822,31079,126291,125624,198,32077,125822,20401,141526,66845,126291,125624,198,32077,125822,20401,220,17,15,41429,20487,126291,125624,198,32077,125822,20401,220,17,15,41429,20487,53435,124632,198,32077,125822,20401,220,17,15,41429,20487,53435,124632,143586,198,32077,125822,20401,141526,66845,53435,124632,143586,198,32077,125822,20401,141526,66845,53435,124632,198,32077,125822,20401,141526,66845,53435,124632,143586,198,32077,125822,20401,141526,66845,53435,124632,198,32077,125822,20401,141526,66845,53435,124632,143586,198,32077,125822,20401,141526,66845,53435,124632,198,32077,125822,20401,141526,66845,53435,124632,143586,198,32077,125822,20401,141526,66845,53435,124632,198,32077,125822]",41,204,129,163,128,112,16,2.731707317073171,0.125,1.0078125,1.2734375,1.0,0,0,0.0,{},0,0,0.0,0.0,0.0001080632209777832,1.1370060872286558,128,16
WIKIPEDIA,P2,ENTROPY_MATCHED_GUARD,436,9e085b274373dc949c59950806708598a22d36aa98941eba97ca4ffffc414f8d,10.698572935536504,128,128,True,True,False,"[124632,20401,126440,31079,124632,142220,17380,129242,125545,128836,13,54825,16560,220,16,24,18,22,126216,19391,220,43520,31328,62275,20401,136608,35661,7,785,11099,315,12592,85087,8,44518,28002,134133,20401,48364,104,84621,83666,138001,31328,220,43520,31328,62275,20401,136608,25,220,16,13,58677,97929,20401,74361,226,76435,53680,10764,245,97,125548,40281,31328,20401,74361,226,76435,35661,7,785,11099,315,12592,85087,25,220,16,13,576,5893,315,27252,53855,3660,3776,25,576,27252,9536,323,6944,467,1003,819,8,17877,36330,250,129382,128836,13,220,16,24,20,19,126216,19391,220,43520,31328,62275,20401,136608,35661,44518,28002,134133,20401,140887,138001,31328,220,43520]",48,240,129,192,127,96,31,2.0,0.2440944881889764,1.0078125,1.5,0.9921875,3,1,0.0625,"{""1"":1,""2"":1,""3"":1}",12,0,0.0,0.0,0.0001736525446176529,1.3317971844226122,127,31
WIKIPEDIA,P2,ENTROPY_MATCHED_GUARD,437,105f270d0d3f5a9473a847111f2f361b51070d524177b0cd41864be23b1f9d7e,9.375055095180869,113,113,True,True,True,"[66845,11,38523,101,66845,11,134312,117,21329,126321,20401,60716,126345,11,34143,112,23259,11,128719,28733,92817,20401,135392,46832,246,65306,56475,142300,132306,13,133553,34395,135854,135392,47818,86372,80968,127864,47836,17877,139393,130705,11,137767,117,12802,130472,20401,136605,17380,68232,26699,126204,11,28733,76435,47818,86372,124781,20401,130270,130262,17877,139871,42905,5140,41902,136361,127864,47836,17877,129112,13,130005,11,133553,34395,135854,133204,20401,28927,251,131837,125466,128911,54321,42039,47985,136361,127864,47836,17877,53900,124905,11,124685,124517,53680,28733,85057,126251,127165,108,124517,56475,136361,64577,54321,42039,140969,132306,13,151643]",42,210,113,168,113,82,31,1.9523809523809523,0.2743362831858407,1.0,1.4867256637168142,1.0,0,0,0.0,{},0,0,0.0,0.0,0.00010757148265838623,1.169604754075408,113,31
WIKIPEDIA,P2,ENTROPY_MATCHED_GUARD,438,8a712f52f519e4dc8ba1ca2f1856de55ddf960821a409fa43baca307df51a3ff,9.13307075202465,128,128,True,True,False,"[124905,11,132270,20401,140094,20401,124685,97929,19969,23084,129413,19391,77596,235,51876,13,23084,129413,33704,220,16,24,41429,20487,94315,126641,19391,136065,42039,128618,97929,133381,13,23084,129413,33704,220,16,24,41429,20487,94315,126641,19391,136065,42039,128618,97929,133381,13,23084,129413,33704,220,16,24,41429,20487,94315,126641,19391,136065,42039,128618,97929,133381,382,79716,97929,198,65306,138924,31079,55902,130262,33704,220,16,24,41429,20487,94315,126641,19391,136065,42039,128618,97929,133381,13,23084,129413,33704,220,16,24,41429,20487,94315,126641,19391,136065,42039,128618,97929,133381,13,23084,129413,33704,220,16,24,41429,20487,94315,126641,19391,136065,42039,128618,97929,133381,382,79716,97929,198,65306]",36,180,129,144,127,115,12,3.1944444444444446,0.09448818897637795,1.0078125,1.125,0.9921875,1,1,0.027777777777777776,"{""3"":1}",6,0,0.0,0.0,0.00012299977242946625,1.0014869756996632,127,12
WIKIPEDIA,P2,ENTROPY_MATCHED_GUARD,439,9fe03a076b73e5be9d163899ef8c6ef62fe0cd601832f9519105fe3b71b7694d,9.151299184188247,128,128,True,True,False,"[93672,133553,144639,144548,18411,126563,33883,133553,77596,235,56475,5140,244,254,57268,125548,127451,35509,50340,144125,127451,129112,13,77353,138924,31079,97929,16560,140094,20401,133553,34395,20487,129885,126366,73077,53442,127166,28733,90686,13,77353,138924,31079,97929,16560,140094,20401,133553,34395,20487,129885,126366,73077,53442,127166,28733,90686,13,77353,138924,31079,97929,16560,140094,20401,133553,34395,20487,129885,126366,73077,53442,127166,28733,90686,13,77353,138924,31079,97929,16560,140094,20401,133553,34395,20487,129885,126366,73077,53442,127166,28733,90686,13,77353,138924,31079,97929,16560,140094,20401,133553,34395,20487,129885,126366,73077,53442,127166,28733,90686,13,77353,138924,31079,97929,16560,140094,20401,133553,34395,20487,129885,126366,73077,53442,127166]",37,182,129,145,127,119,8,3.2162162162162162,0.06299212598425197,1.0078125,1.1328125,0.9921875,1,1,0.02702702702702703,"{""3"":1}",6,0,0.0,0.0,0.00012127682566642761,1.0272237490862608,127,8
WIKIPEDIA,P2,ENTROPY_MATCHED_GUARD,441,cdb8487a6b25b394fc06a27eb5a9333148c77151699c39fef85c1e3423cda388,9.379240596666932,128,128,True,True,False,"[1323,6591,340,126429,129510,31079,126299,320,50,874,652,8,481,126310,32077,126337,126429,129510,31079,3759,13,274,874,652,340,126429,129510,31079,126299,320,50,874,652,316,29869,8,481,220,19,126337,198,126429,129510,31079,126299,320,50,874,652,316,29869,8,481,220,16,126337,198,126429,129510,31079,126299,320,50,874,652,316,29869,8,481,220,16,126337,198,126429,129510,31079,126299,320,50,874,652,316,29869,8,481,220,16,126337,198,126429,129510,31079,126299,320,50,874,652,316,29869,8,481,220,16,126337,198,126429,129510,31079,126299,320,50,874,652,316,29869,8,481,220,16,126337,198,126429,129510,31079,126299,320,50,874]",38,190,129,152,128,118,10,3.1052631578947367,0.078125,1.0078125,1.1875,1.0,0,0,0.0,{},0,0,0.0,0.0,9.904615581035614e-05,1.0572305265814066,128,10
WIKIPEDIA,P2,ENTROPY_MATCHED_GUARD,442,f307875caa0ce15287edf8ff61aae8de086e7d0e07d01f45be0f494906408d73,9.478553036227822,128,128,True,True,False,"[93,20,59761,20401,85322,33704,77226,18585,238,12802,90686,13,36978,116,33704,40771,116,34395,5140,239,98,83291,124905,11,8620,120,105,28002,19969,40771,116,13146,13,36978,116,20401,139274,132064,33704,40771,116,34395,5140,239,98,83291,124905,11,8620,120,105,28002,19969,40771,116,13146,13,36978,116,20401,139274,132064,33704,40771,116,34395,5140,239,98,83291,124905,11,8620,120,105,28002,19969,40771,116,13146,13,36978,116,20401,139274,132064,33704,40771,116,34395,5140,239,98,83291,124905,11,8620,120,105,28002,19969,40771,116,13146,13,36978,116,20401,139274,132064,33704,40771,116,34395,5140,239,98,83291,124905,11,8620,120,105,28002,19969,40771,116,13146]",39,194,129,155,128,111,17,2.8461538461538463,0.1328125,1.0078125,1.2109375,1.0,0,0,0.0,{},0,0,0.0,0.0,0.00010216422379016876,1.0830643270164728,128,17
WIKIPEDIA,P2,ENTROPY_MATCHED_GUARD,445,b3887c832b1cfd2401ab846dd9cf22a1d9febe2fef78e848990a952304644082,11.688988219946623,128,128,True,True,False,"[126345,17877,5140,223,120,34395,129624,56039,20401,129624,63089,80573,139963,63089,18411,141819,42905,66790,126402,33883,80573,60960,26698,126345,17877,141819,42905,66790,126402,33883,60716,129640,17877,66790,60315,139963,132064,42039,16560,90711,254,126673,80573,11,89860,132064,42039,16560,124657,126746,53680,12802,80573,11,129624,132064,42039,16560,54969,60315,125544,80573,124973,65306,17877,141965,32831,126204,90686,13,129624,56039,56475,130887,132182,137449,17380,11,48108,112,80968,33704,220,17,11,22,23,15,11,19,15,15,16017,17,17380,129624,56039,20401,220,16,14,18,17877,129882,21329,51876,13,58677,88259,16560,220,19,11,19,15,15,72553,79632,42039,129624,56039,56475,129419,84621,83666,17380,126735,127378]",56,277,129,221,128,79,49,1.4107142857142858,0.3828125,1.0078125,1.7265625,1.0,0,0,0.0,{},0,0,0.0,0.0,0.00014487095177173615,1.557942884042859,128,49
WIKIPEDIA,P2,ENTROPY_MATCHED_GUARD,447,f1ec5ceb7b902f067abd34cb3ced4d29c7c3c8b5a463af0387492ffdf5a1d56a,9.321660293266177,128,128,True,True,False,"[16560,95996,11,45104,242,11,137767,116,28002,134454,40720,82190,125466,17877,85413,222,125545,31328,13146,13,125466,17877,10764,230,105,88259,42905,129274,10764,245,230,26699,132553,137764,13,125466,17877,10764,230,105,88259,42905,129274,10764,245,230,26699,132553,137764,13,125466,17877,10764,230,105,88259,42905,129274,10764,245,230,26699,132553,137764,13,125466,17877,10764,230,105,88259,42905,129274,10764,245,230,26699,132553,137764,13,125466,17877,10764,230,105,88259,42905,129274,10764,245,230,26699,132553,137764,13,125466,17877,10764,230,105,88259,42905,129274,10764,245,230,26699,132553,137764,13,125466,17877,10764,230,105,88259,42905,129274,10764,245,230,26699,132553,137764,13,125466,17877,10764]",38,188,129,150,128,117,11,3.0789473684210527,0.0859375,1.0078125,1.171875,1.0,0,0,0.0,{},0,0,0.0,0.0,9.950436651706696e-05,1.0552171804010868,128,11
WIKIPEDIA,P2,ENTROPY_MATCHED_GUARD,451,3905fa6c12ad356e1b7e416e7024ad5414d051e7fa3ac57e77b51537058f61f1,9.46149380132556,128,128,True,True,False,"[65306,17877,143188,126204,90686,13,58677,88259,16560,23872,121,220,18,72553,220,20,129034,72553,79632,42039,133196,56475,220,18,137104,17380,126735,13146,13,220,17,15,16,16,126216,54116,129044,42039,133196,56475,130887,5140,228,240,33704,58677,88259,22042,222,47985,18411,35509,85251,133152,125489,13,220,17,15,16,16,126216,54116,129044,42039,133196,56475,130887,5140,228,240,33704,58677,88259,22042,222,47985,18411,35509,85251,133152,125489,13,220,17,15,16,16,126216,54116,129044,42039,133196,56475,130887,5140,228,240,33704,58677,88259,22042,222,47985,18411,35509,85251,133152,125489,13,220,17,15,16,16,126216,54116,129044,42039,133196,56475,130887,5140,228,240,33704,58677,88259]",39,192,129,153,128,112,16,2.871794871794872,0.125,1.0078125,1.1953125,1.0,0,0,0.0,{},0,0,0.0,0.0,9.97297465801239e-05,1.0950203351676464,128,16
WIKIPEDIA,P2,ENTROPY_MATCHED_GUARD,456,54f43ac293a04c42908a36eee40f34785a71a90b8a74dd3d27e6fad4b09425a6,9.548288930207491,128,128,True,True,False,"[132662,20401,62071,16,125625,133196,66845,65865,127969,65865,129296,129709,624,220,16,24,16,22,126216,481,62071,16,125625,133196,66845,65865,56475,64805,227,32077,12802,62071,124785,60716,129534,17877,60716,49543,51876,624,220,16,24,17,15,126216,481,62071,16,125625,133196,66845,65865,56475,64805,227,32077,12802,62071,124785,60716,129534,17877,60716,49543,51876,624,220,16,24,17,16,126216,481,62071,16,125625,133196,66845,65865,56475,64805,227,32077,12802,62071,124785,60716,129534,17877,60716,49543,51876,624,220,16,24,17,17,126216,481,62071,16,125625,133196,66845,65865,56475,64805,227,32077,12802,62071,124785,60716,129534,17877,60716,49543,51876,624,220,16,24,17,18,126216,481]",39,194,129,155,127,113,14,2.8974358974358974,0.11023622047244094,1.0078125,1.2109375,0.9921875,1,1,0.02564102564102564,"{""1"":1}",3,0,0.0,0.0,0.0001516249030828476,1.1047358885407448,127,14
WIKIPEDIA,P2,ENTROPY_MATCHED_GUARD,460,a2dfd950c0404d8f8ee21e0224aaf4ad450e8f9d157cbd279b6f909447324bb5,9.741976119577885,128,128,True,True,False,"[15,16,126216,481,132662,20401,136774,12802,97143,20487,56419,19391,134014,32985,98,144022,28002,19969,3315,112,251,129502,42039,26698,3315,118,246,28002,128808,83036,52959,54330,18411,141875,128836,624,220,16,24,15,17,126216,481,132662,20401,136774,12802,97143,20487,56419,19391,37064,234,28002,134929,10764,245,97,12802,134133,19969,3315,112,251,129502,42039,26698,3315,118,246,28002,128808,83036,52959,54330,18411,141875,128836,624,220,16,24,15,18,126216,481,132662,20401,136774,12802,97143,20487,56419,19391,37064,234,28002,134929,10764,245,97,12802,134133,19969,3315,112,251,129502,42039,26698,3315,118,246,28002,128808,83036,52959,54330,18411,141875,128836,624,220,16,24,15,19,126216]",41,203,129,162,128,112,16,2.731707317073171,0.125,1.0078125,1.265625,1.0,0,0,0.0,{},0,0,0.0,0.0,0.00011051259934902191,1.13965330645442,128,16
