workload,pair,variant,prompt_id,prompt_hash,prompt_wall_seconds,output_tokens,reference_tokens,exact_output_match,exact_stopping_position_match,eos_terminated,output_token_ids_json,rounds,draft_forward_calls,target_forward_calls,draft_tokens_proposed,target_proposal_positions_verified,accepted_draft_tokens,rejected_draft_tokens,mean_accepted_tokens_per_verification_call,rejection_rate,target_forward_calls_per_output_token,draft_tokens_proposed_per_output_token,target_proposal_positions_verified_per_output_token,guard_triggered_rounds,guard_applied_rounds,guard_activation_rate,guard_position_histogram_json,candidate_positions_checked,invalid_candidate_positions,invalid_or_ambiguous_candidate_fraction,morphology_detection_seconds,controller_seconds,draft_resynchronization_seconds,valid_event_count,verified_rejection_count
WIKIPEDIA,P3,ALL_MORPH_BOUNDARY_GUARD,2,797505ae1b9daad7f72e4ec78649ee5c230e0b80e2c7cf9e7dd1754b77586537,8.768146146088839,128,128,True,True,False,"[58034,23259,11,3315,65291,29326,12,28002,72553,58034,23259,11,3315,65291,29326,12,28002,72553,58034,23259,11,3315,65291,29326,12,28002,72553,58034,23259,11,3315,65291,29326,12,28002,72553,58034,23259,11,3315,65291,29326,12,28002,72553,58034,23259,11,3315,65291,29326,12,28002,72553,58034,23259,11,3315,65291,29326,12,28002,72553,58034,23259,11,3315,65291,29326,12,28002,72553,58034,23259,11,3315,65291,29326,12,28002,72553,58034,23259,11,3315,65291,29326,12,28002,72553,58034,23259,11,3315,65291,29326,12,28002,72553,58034,23259,11,3315,65291,29326,12,28002,72553,58034,23259,11,3315,65291,29326,12,28002,72553,58034,23259,11,3315,65291,29326,12,28002,72553,58034,23259]",34,167,129,133,128,124,4,3.6470588235294117,0.03125,1.0078125,1.0390625,1.0,0,0,0.0,{},99,12,0.12121212121212122,0.12243715673685074,0.12307195737957954,0.9109536092728376,128,4
WIKIPEDIA,P3,ALL_MORPH_BOUNDARY_GUARD,6,b717150f2140809a605917cd483b5520b2bedffdc4f920b00e847502f59638a7,10.964244946837425,128,128,True,True,False,"[254,135375,31079,31328,48364,112,145333,31079,19969,40720,64119,124905,11,5140,253,105,29326,52959,31079,16560,125466,26699,31079,17380,40720,132306,13,48364,112,145333,31079,16560,48364,112,145333,31079,80573,90711,112,125548,125166,28002,31079,31079,18411,133970,23573,90711,112,125548,125166,28002,31079,129704,139957,31079,20401,61298,98358,15927,62618,13146,13,48364,112,145333,31079,16560,220,16,24,24,15,126216,66845,19391,48364,112,145333,31079,17380,84621,126346,52300,48364,112,145333,31079,12,60294,29326,52959,31079,32129,65865,12802,36330,250,129382,133381,13,48364,112,145333,31079,16560,220,16,24,24,15,126216,66845,19391,48364,112,145333,31079,17380,84621,126346,52300,48364,112,145333,31079,12,60294]",50,247,129,197,128,94,34,1.88,0.265625,1.0078125,1.5390625,1.0,4,0,0.08,"{""2"":2,""3"":2}",147,47,0.3197278911564626,0.28330545872449875,0.2842312939465046,1.341567164286971,128,34
WIKIPEDIA,P3,ALL_MORPH_BOUNDARY_GUARD,10,5e0217e4766f7d31c3235279415acc9f7531070ba0e9a1341f20e4548b34b9f1,10.873932711780071,128,128,True,True,False,"[129296,69923,52300,130508,66845,126402,135138,20401,64795,94315,41671,19969,131417,141142,125761,13,23084,61741,130095,94315,41671,16560,220,16,20,66845,60960,125519,56475,220,16,15,15,72553,10764,230,105,126414,129882,12802,17380,37195,247,125519,23573,94315,220,17,15,15,16,126216,220,16,17,128514,220,16,24,32077,61298,60315,50340,64795,60960,14559,57160,74209,41671,17380,129296,69923,133381,13,130508,66845,126402,94315,41671,16560,220,16,20,66845,60960,125519,56475,220,16,15,15,72553,10764,230,105,126414,129882,12802,17380,23084,61741,130095,94315,41671,18411,138659,125548,34395,125834,125519,133245,33509,60315,11,220,17,15,15,16,126216,220,16,17,128514,220,16,24,32077]",50,247,129,197,127,95,32,1.9,0.25196850393700787,1.0078125,1.5390625,0.9921875,2,1,0.04,"{""1"":1,""2"":1}",147,27,0.1836734693877551,0.19861493445932865,0.19957435317337513,1.3382416926324368,127,32
WIKIPEDIA,P3,ALL_MORPH_BOUNDARY_GUARD,12,c19aed6dbcf30bd095af697a46be1dee55182021e5676427019ada91e0eece53,11.498514810577035,128,128,True,True,False,"[18411,131582,56419,133196,19391,126440,129321,17877,125714,144172,13146,13,54825,20401,143586,33704,56419,29326,61741,80573,56419,29326,61741,18411,131582,56419,133196,19391,56419,29326,133381,13,54825,20401,143586,33704,56419,133196,20401,129875,125714,125880,124780,53680,54116,124780,19391,126291,40853,128993,90686,13,54825,20401,143586,33704,220,17,15,15,21,126216,220,16,128514,220,17,24,32077,19391,32129,130472,23573,94315,130612,133788,96137,56419,29326,130357,90686,382,130728,131793,129044,33704,220,16,24,20,15,126216,66845,19391,56419,80901,95617,125880,19969,17380,140968,57089,125580,127378,11,220,16,24,21,15,126216,66845,19391,73986,89235,57268,48408,28626,20401,62099,121,29326,25715,17380,138630,83277,90686,13]",55,271,129,216,120,84,36,1.5272727272727273,0.3,1.0078125,1.6875,0.9375,9,8,0.16363636363636364,"{""1"":4,""2"":3,""3"":2}",161,20,0.12422360248447205,0.22502432204782963,0.22624059207737446,1.4690243992954493,120,36
WIKIPEDIA,P3,ALL_MORPH_BOUNDARY_GUARD,14,b09103b0fed93b2a08c8a60416bd62c824f1c8739e4d15215597bdfa283c105c,9.192443223670125,128,128,True,True,False,"[125496,78125,56290,124785,20401,130508,29281,32077,12802,32129,130472,128836,624,220,17,15,16,17,126216,481,128605,125496,124785,62071,16,23,66845,136774,129296,92192,56475,22042,243,125722,135508,94315,41671,19969,125834,125519,64119,13146,624,220,17,15,16,18,126216,481,128605,125496,124785,62071,16,23,66845,136774,129296,92192,56475,22042,243,125722,135508,94315,41671,19969,125834,125519,64119,13146,624,220,17,15,16,19,126216,481,128605,125496,124785,62071,16,23,66845,136774,129296,92192,56475,22042,243,125722,135508,94315,41671,19969,125834,125519,64119,13146,624,220,17,15,16,20,126216,481,128605,125496,124785,62071,16,23,66845,136774,129296,92192,56475,22042,243,125722,135508,94315,41671,19969]",37,185,129,148,128,120,8,3.2432432432432434,0.0625,1.0078125,1.15625,1.0,0,0,0.0,{},111,5,0.04504504504504504,0.13284346647560596,0.13354886509478092,0.9871745333075523,128,8
WIKIPEDIA,P3,ALL_MORPH_BOUNDARY_GUARD,15,1d6f54d208ecd5b298ab185f509258a752a31db923fc3dc011fb469d5e2fa205,8.636283811181784,128,128,True,True,False,"[624,220,17,15,15,20,126216,481,128605,125496,124785,20401,125149,126346,31328,130508,125519,32077,12802,142510,127890,134521,13146,624,220,17,15,15,21,126216,481,128605,125496,124785,20401,125149,126346,31328,130508,125519,32077,12802,142510,127890,134521,13146,624,220,17,15,15,22,126216,481,128605,125496,124785,20401,125149,126346,31328,130508,125519,32077,12802,142510,127890,134521,13146,624,220,17,15,15,23,126216,481,128605,125496,124785,20401,125149,126346,31328,130508,125519,32077,12802,142510,127890,134521,13146,624,220,17,15,15,24,126216,481,128605,125496,124785,20401,125149,126346,31328,130508,125519,32077,12802,142510,127890,134521,13146,624,220,17,15,16,15,126216,481,128605,125496,124785,20401,125149]",33,164,129,131,128,127,1,3.8484848484848486,0.0078125,1.0078125,1.0234375,1.0,0,0,0.0,{},98,12,0.12244897959183673,0.12181773036718369,0.12245364673435688,0.8816966284066439,128,1
WIKIPEDIA,P3,ALL_MORPH_BOUNDARY_GUARD,23,68d0ac96052328deac48f37c0c5eb37288f1bfd449c5956851242783136973bc,9.71335162781179,128,128,True,True,False,"[97,12802,126246,44518,66845,20401,130592,136854,49367,144457,13146,13,220,16,24,23,20,126216,19391,136293,20401,53435,124632,55902,31328,53435,124632,52959,129616,124419,56039,55902,11,53435,124632,55902,11,53435,124632,55902,11,53435,124632,55902,11,53435,124632,55902,11,53435,124632,55902,11,53435,124632,55902,11,53435,124632,55902,11,53435,124632,55902,11,53435,124632,55902,11,53435,124632,55902,11,53435,124632,55902,11,53435,124632,55902,11,53435,124632,55902,11,53435,124632,55902,11,53435,124632,55902,11,53435,124632,55902,11,53435,124632,55902,11,53435,124632,55902,11,53435,124632,55902,11,53435,124632,55902,11,53435,124632,55902,11,53435,124632,55902,11,53435,124632,55902,11,53435,124632,55902]",41,203,129,162,128,113,15,2.7560975609756095,0.1171875,1.0078125,1.265625,1.0,0,0,0.0,{},121,12,0.09917355371900827,0.13643652014434338,0.13717483915388584,1.1002567559480667,128,15
WIKIPEDIA,P3,ALL_MORPH_BOUNDARY_GUARD,25,885c927bcb1d5ce2b8363034837213ac67985834d26af9d124d11efb506d3c30,10.583395220339298,128,128,True,True,False,"[42039,142234,134002,13,134664,58034,66845,126605,33704,48408,31328,144018,125166,31328,20401,127820,23259,58034,66845,32831,23084,126605,17877,134664,56290,23573,23084,126605,42039,11,48408,31328,144018,125166,31328,20401,127820,23259,58034,66845,32831,23084,126605,33704,126429,126299,136913,17877,49367,126746,16560,23084,126605,12802,125590,11,134664,58034,66845,126605,33704,70943,28754,12802,64521,49052,18411,49367,126746,16560,23084,126605,125489,13,48408,31328,144018,125166,31328,33704,220,16,24,15,20,126216,19391,127820,23259,58034,66845,32831,23084,126605,17877,142234,126063,34395,11,220,16,24,16,20,126216,19391,134664,58034,66845,126605,17877,142234,134002,13,48408,31328,144018,125166,31328,33704,220,16,24,16,20,126216,19391,134664]",48,236,129,188,122,101,21,2.1041666666666665,0.1721311475409836,1.0078125,1.46875,0.953125,6,6,0.125,"{""1"":4,""2"":1,""3"":1}",140,8,0.05714285714285714,0.2098546177148819,0.21084363386034966,1.280331203714013,122,21
WIKIPEDIA,P3,ALL_MORPH_BOUNDARY_GUARD,30,e2174e89d7b358d83745cfcf8a8ceb0e49cce30a68b33581f9ec83f6cd937960,12.1141706854105,128,128,True,True,False,"[481,48408,63089,25715,198,5140,45881,57268,24897,481,73986,136233,131131,136233,198,5140,45881,28626,70582,52959,481,5140,45881,28626,70582,52959,198,5140,254,230,130271,132523,481,47665,254,12802,126746,28626,198,56983,70582,52959,481,127819,116,126746,29326,198,56983,129924,52959,83036,52959,481,5140,45881,12802,126793,198,5140,96,101,125544,83036,52959,481,85403,141571,126673,144018,131131,198,5140,96,101,29326,52959,60315,481,5140,116,234,50340,128732,28002,52959,271,145039,4710,129392,56039,83036,129616,481,127165,108,47985,56039,83036,34395,198,129392,56039,83036,129616,125466,56290,124785,481,127165,108,47985,56039,83036,34395,198,64805,227,32077,481,47665,254,18411,129807,198,64805,227,47985]",59,294,129,235,128,78,50,1.3220338983050848,0.390625,1.0078125,1.8359375,1.0,1,0,0.01694915254237288,"{""3"":1}",176,39,0.2215909090909091,0.2372304778546095,0.23820170387625694,1.5747896153479815,128,50
WIKIPEDIA,P3,ALL_MORPH_BOUNDARY_GUARD,37,c29340ed2ae27ab126dd406338e9a57ef447f4766929d8e35a4d27ebfcc92819,10.35352791287005,128,128,True,True,False,"[76337,198,35509,128677,126702,51876,624,320,125545,124546,32831,8,16751,226,126423,23259,20401,130263,128747,42039,53900,25715,13,23084,13146,624,320,128215,66845,82801,36055,28002,8,16751,226,126423,23259,20401,130263,128747,42039,53900,25715,13,23084,13146,382,125625,48364,112,70582,144100,126445,49367,126524,76337,33704,139107,131050,129242,133032,128552,36055,20401,132306,382,125625,48364,112,70582,144100,126445,49367,126524,76337,33704,139107,131050,127165,120,126317,58440,17380,36055,20401,132306,382,125625,48364,112,70582,144100,126445,49367,126524,76337,33704,139107,131050,137351,124546,49367,126524,76337,42039,36055,20401,132306,382,125625,48364,112,70582,144100,126445,49367,126524,76337,33704,139107,131050,81173,66845,82801,17877,143143,16560,13146]",46,227,129,181,127,101,26,2.1956521739130435,0.2047244094488189,1.0078125,1.4140625,0.9921875,2,1,0.043478260869565216,"{""2"":1,""3"":1}",135,12,0.08888888888888889,0.171008987352252,0.1719491258263588,1.238185554742813,127,26
WIKIPEDIA,P3,ALL_MORPH_BOUNDARY_GUARD,38,b7b3fb2d5cc49283768b73a1a3a01cbcfe8ff4be11d3ded869508d8bb0db300a,12.20548626407981,128,128,True,True,False,"[16,29326,220,20,24,79716,8,42039,47985,54116,128061,47836,28733,90686,13,220,16,24,23,23,126216,220,18,128514,220,16,19,32077,19391,132662,20401,5140,231,112,138081,56475,54969,12802,20401,37195,254,17877,136065,42039,54116,128061,23573,136331,17380,11,132662,53680,3315,118,238,60315,13146,56475,54969,12802,20401,37195,254,17877,54116,128061,42905,140888,19969,132376,251,19969,126204,90686,13,220,17,15,15,24,126216,220,18,128514,220,16,19,32077,126377,132662,53900,54321,56475,54969,12802,20401,37195,254,17877,125466,76337,128552,66790,29281,66425,130679,126785,126246,12802,125206,53680,133381,13,220,17,15,16,15,126216,220,18,128514,220,16,19,32077,126377,3315]",54,267,129,213,123,91,32,1.6851851851851851,0.2601626016260163,1.0078125,1.6640625,0.9609375,8,5,0.14814814814814814,"{""1"":2,""2"":1,""3"":5}",159,33,0.20754716981132076,0.26728434674441814,0.26852271519601345,1.5865315403789282,123,32
WIKIPEDIA,P3,ALL_MORPH_BOUNDARY_GUARD,39,fe3005394dbe0cf116fce01833e3e0671dbbb1a93556793ad6d4079244e0a9a4,12.160082628950477,128,128,True,True,False,"[55054,31328,126785,135092,33704,127165,120,126317,128909,20401,129419,46319,53680,54825,136541,20401,126804,17877,135420,130689,53618,11,127165,120,126317,128909,20401,125674,46319,20401,40771,116,12802,18411,58777,42905,5140,41902,40720,132306,382,29281,20401,715,134088,126317,128909,20401,125674,46319,20401,40771,116,12802,18411,126804,126317,1154,1154,5140,45881,130127,11,126804,126317,20401,46319,19391,60960,131518,42905,126804,17877,126804,126317,1154,1154,5140,45881,53900,25715,13,23084,131866,11,3315,65291,55054,31328,126785,135092,33704,139107,135898,382,12802,18411,127165,120,126317,128909,20401,46319,20401,40771,116,12802,19391,128605,3315,65291,55054,31328,126785,135092,130939,129112,13,130005,11,23084,126785,135092,17877,46319,20401,40771,116]",55,274,129,219,125,87,38,1.5818181818181818,0.304,1.0078125,1.7109375,0.9765625,3,3,0.05454545454545454,"{""1"":1,""2"":2}",164,21,0.12804878048780488,0.27332032285630703,0.274662496522069,1.5144538953900337,125,38
WIKIPEDIA,P3,ALL_MORPH_BOUNDARY_GUARD,57,b1000e7789bb5594b44a39ec3ac92a4f23a5ca9c242124976697937513c89bb7,4.1733701433986425,57,57,True,True,True,"[198,34395,66845,142103,128753,56290,198,34395,66845,142103,98358,124546,198,34395,66845,142103,128753,56290,20401,35509,124781,47985,198,34395,66845,142103,128753,56290,20401,128753,198,34395,66845,142103,98358,124546,20401,128753,198,34395,66845,142103,128753,56290,20401,63757,82528,198,34395,66845,142103,98358,124546,20401,63757,82528,151643]",18,83,57,69,57,46,11,2.5555555555555554,0.19298245614035087,1.0,1.2105263157894737,1.0,0,0,0.0,{},51,8,0.1568627450980392,0.04478734917938709,0.04503833130002022,0.4896555654704571,57,11
WIKIPEDIA,P3,ALL_MORPH_BOUNDARY_GUARD,59,ca6f5928103dac851a87e3ed232c404a3005faba2f2c41a4805b20484304bc20,10.859468651935458,128,128,True,True,False,"[31328,125206,124781,18411,125686,125548,34395,11,79302,239,32831,25715,11,70943,32831,25715,11,70943,32831,25715,7,107184,8,20401,49052,16560,10764,236,246,125548,56039,12,89235,144195,125206,124781,18411,125686,125548,16560,132091,138630,83277,90686,13,63332,130640,33704,63332,24897,12,52959,31328,144018,125166,31328,125206,124781,18411,125686,125548,34395,11,10764,236,246,125548,56039,130000,33704,10764,236,246,125548,56039,12,89235,144195,125206,124781,18411,136707,13146,13,63332,130640,33704,10764,236,246,125548,56039,130000,53680,16560,34143,105,28002,11,129381,38150,25715,17380,139647,85251,49367,23259,20401,38150,25715,126253,129381,79302,239,25715,137619,18411,35509,128732,28733,90686,13,63332,130640,33704,10764,236,246]",47,232,129,185,125,98,27,2.0851063829787235,0.216,1.0078125,1.4453125,0.9765625,4,3,0.0851063829787234,"{""2"":1,""3"":3}",138,15,0.10869565217391304,0.21470940485596657,0.21578465029597282,1.3003451935946941,125,27
WIKIPEDIA,P3,ALL_MORPH_BOUNDARY_GUARD,62,ff420f60d7c131547b1234f039faa25fdcfcec5494ecaff872d10b47fc0fe16a,10.487359775230289,128,128,True,True,False,"[125522,31328,28754,126785,135092,17877,62071,29326,134002,13,23084,138001,33704,5140,231,112,94152,20401,45130,120,124632,80968,24485,227,80968,17877,98358,128747,23573,138001,42039,11,23084,138001,17877,131582,5140,231,112,94152,33704,45130,120,124632,20401,48364,112,124781,18411,58777,126970,134002,13,23084,138001,33704,45130,120,124632,47455,223,79632,20401,136361,54116,49664,42039,11,141526,66845,45130,120,124632,20401,54116,132618,18411,140175,134002,382,12802,138001,33704,5140,231,112,94152,20401,45130,120,124632,80968,24485,227,80968,17877,98358,128747,23573,138001,42039,11,23084,138001,17877,131582,5140,231,112,94152,33704,45130,120,124632,20401,48364,112,124781,18411,58777,126970,134002,13,23084,138001,33704,45130,120]",44,219,129,175,126,100,26,2.272727272727273,0.20634920634920634,1.0078125,1.3671875,0.984375,3,2,0.06818181818181818,"{""2"":1,""3"":2}",131,25,0.19083969465648856,0.22919706627726555,0.23015307262539864,1.21254594437778,126,26
WIKIPEDIA,P3,ALL_MORPH_BOUNDARY_GUARD,65,3aa0309b093897c5914bfb2abc9f73ea8f76665d50650a1aa875ab2bb8d0374b,10.269908832386136,128,128,True,True,False,"[54321,142496,56475,5140,45881,131587,50340,24897,74808,29281,76337,33704,139107,135898,382,57026,20487,26698,220,143861,242,5140,45881,131587,50340,24897,77353,85057,25715,125489,382,12802,74808,29281,76337,33704,139107,131050,3315,241,116,28733,90686,382,57026,20487,26698,220,143861,242,5140,45881,131587,50340,24897,77353,85057,131958,126429,125522,82801,125489,382,33883,129150,715,50340,131587,50340,24897,74808,29281,76337,33704,139107,129381,141966,17380,3315,241,116,28733,90686,382,57026,20487,26698,220,143861,242,5140,45881,131587,50340,24897,77353,85057,131958,126429,125522,82801,125489,382,50340,131587,50340,24897,74808,29281,76337,20401,60716,16560,139107,129381,141966,17380,3315,241,116,28733,90686,382,57026,20487,26698,220,143861]",45,222,129,177,124,105,19,2.3333333333333335,0.1532258064516129,1.0078125,1.3828125,0.96875,5,4,0.1111111111111111,"{""1"":1,""2"":2,""3"":2}",132,33,0.25,0.2363262865692377,0.23727231286466122,1.204164233058691,124,19
WIKIPEDIA,P3,ALL_MORPH_BOUNDARY_GUARD,72,381f681c69818a5a7efe7cac9427e3e8ca308c64996249d07248883d6d8ed8e7,10.69179205223918,128,128,True,True,False,"[136089,38150,132343,10764,252,231,24897,51391,131973,83036,140891,19391,136009,138519,131837,17877,79302,119,16560,13146,13,139052,129044,54070,128909,33704,220,16,24,21,15,126216,66845,19391,93721,52300,38150,25715,133553,28002,124632,20401,139052,129044,54070,128909,20401,95996,65865,17877,131582,74884,226,32831,133381,13,139052,129044,54070,128909,33704,220,16,24,22,18,126216,19391,74884,226,32831,133245,127378,11,220,16,24,24,15,126216,66845,19391,74884,226,32831,133381,13,139052,129044,54070,128909,33704,220,16,24,24,15,126216,66845,19391,74884,226,32831,133381,13,139052,129044,54070,128909,33704,220,16,24,24,15,126216,66845,19391,74884,226,32831,133381,13,139052,129044,54070,128909,33704]",48,240,129,192,127,96,31,2.0,0.2440944881889764,1.0078125,1.5,0.9921875,3,1,0.0625,"{""1"":1,""3"":2}",144,17,0.11805555555555555,0.1816279049962759,0.18258409947156906,1.2851852364838123,127,31
WIKIPEDIA,P3,ALL_MORPH_BOUNDARY_GUARD,75,5d2695c9e3ae2233b64821217d03b39e7cffc10228f9ef60492171d81108a140,9.332596501335502,128,128,True,True,False,"[58777,126559,11,16751,239,28754,12802,130723,13,16751,239,28754,33704,10764,252,246,20401,143230,20487,80573,74808,129321,17877,135513,95218,16560,47665,94,33861,125489,13,16751,239,28754,33704,10764,252,246,20401,143230,20487,80573,74808,129321,17877,135513,95218,16560,47665,94,33861,125489,13,16751,239,28754,33704,10764,252,246,20401,143230,20487,80573,74808,129321,17877,135513,95218,16560,47665,94,33861,125489,382,131518,28754,33704,10764,252,246,20401,143230,20487,80573,74808,129321,17877,135513,95218,16560,47665,94,33861,125489,13,16751,239,28754,33704,10764,252,246,20401,143230,20487,80573,74808,129321,17877,135513,95218,16560,47665,94,33861,125489,13,16751,239,28754,33704,10764,252,246,20401,143230,20487]",38,187,129,149,127,114,13,3.0,0.10236220472440945,1.0078125,1.1640625,0.9921875,1,1,0.02631578947368421,"{""3"":1}",111,26,0.23423423423423423,0.1972061861306429,0.19797807186841965,1.0176341943442822,127,13
WIKIPEDIA,P3,ALL_MORPH_BOUNDARY_GUARD,87,ab49ee7ec290023611d27bbb6e2f99f6f161b4ac2b8a54abb40da2be6da7a278,10.102834993973374,128,128,True,True,False,"[133381,382,131587,133738,81133,58034,23259,16560,90486,127085,21329,80573,55673,126793,23259,20401,92751,124781,18411,135513,95218,16560,58034,23259,125489,13,90486,127085,21329,19969,55673,126793,23259,19391,73986,131000,136305,130037,33704,220,16,24,41429,20487,94315,126641,19391,142300,133245,125590,11,90486,127085,21329,19969,55673,126793,23259,19391,73986,131000,136305,130037,33704,90486,127085,21329,19969,55673,126793,23259,19391,73986,131000,136305,130037,33704,90486,127085,21329,19969,55673,126793,23259,19391,73986,131000,136305,130037,33704,90486,127085,21329,19969,55673,126793,23259,19391,73986,131000,136305,130037,33704,90486,127085,21329,19969,55673,126793,23259,19391,73986,131000,136305,130037,33704,90486,127085,21329,19969,55673,126793,23259,19391,73986,131000,136305,130037]",44,217,129,173,125,105,20,2.3863636363636362,0.16,1.0078125,1.3515625,0.9765625,5,3,0.11363636363636363,"{""1"":1,""2"":2,""3"":2}",129,16,0.12403100775193798,0.20086185820400715,0.20177513547241688,1.1767592262476683,125,20
WIKIPEDIA,P3,ALL_MORPH_BOUNDARY_GUARD,93,c5c150337feebd119d5efc460ee0707f7f9c8ee6200e12ccb9063e7098842a8e,10.735643109306693,128,128,True,True,False,"[20401,125466,76337,17877,62107,129704,51876,13,23084,125466,76337,33704,56983,72553,62071,125166,58440,20401,48408,144094,12,131587,50340,127085,125466,76337,368,19391,136009,132376,251,79632,132306,382,12802,58440,16560,126423,23259,63089,19969,220,16,129885,132182,129304,30520,113,43590,23259,90486,131978,36055,20401,132306,13,126423,23259,63089,19969,220,16,129885,143416,129304,30520,113,43590,23259,90486,131978,11,45710,20401,125466,76337,17877,62107,129704,42905,60716,129150,80968,77353,40853,12802,134015,51876,13,23084,77353,40853,33704,56983,72553,62071,125166,58440,129254,129112,13,56983,72553,62071,125166,58440,16560,126423,23259,63089,19969,220,16,129885,132182,129304,30520,113,43590,23259,90486,131978,11,45710,20401,125466,76337,17877]",48,240,129,192,124,97,27,2.0208333333333335,0.21774193548387097,1.0078125,1.5,0.96875,6,4,0.125,"{""1"":1,""2"":3,""3"":2}",144,14,0.09722222222222222,0.2135198712348938,0.2146142702549696,1.2917694952338934,124,27
WIKIPEDIA,P3,ALL_MORPH_BOUNDARY_GUARD,94,49d5088a6e56a83ec93a510a0fe88a470e9cef589935fd8a18fc5f4598a2b004,10.103841567412019,128,128,True,True,False,"[142496,17877,65699,234,126414,124781,18411,126563,33883,139053,42905,129274,54116,16186,124632,20401,136089,128533,130864,125489,13,65699,234,126414,124781,16560,54116,16186,124632,80968,142496,17877,28733,124632,128552,139053,42905,5140,41902,137016,126310,26699,129330,13,65699,234,126414,124781,16560,54116,16186,124632,80968,142496,17877,28733,124632,128552,139053,42905,5140,41902,137016,126310,26699,129330,13,65699,234,126414,124781,16560,54116,16186,124632,80968,142496,17877,28733,124632,128552,139053,42905,5140,41902,137016,126310,26699,129330,13,65699,234,126414,124781,16560,54116,16186,124632,80968,142496,17877,28733,124632,128552,139053,42905,5140,41902,137016,126310,26699,129330,13,65699,234,126414,124781,16560,54116,16186,124632,80968,142496,17877,28733,124632,128552,139053]",44,217,129,173,120,106,14,2.409090909090909,0.11666666666666667,1.0078125,1.3515625,0.9375,11,8,0.25,"{""1"":3,""2"":3,""3"":5}",129,14,0.10852713178294573,0.20792341232299805,0.20889627374708652,1.1771210264414549,120,14
WIKIPEDIA,P3,ALL_MORPH_BOUNDARY_GUARD,95,c83288390c8dc2ea157c0b693874741fcd4e806740aa9e777c30eb0752af7203,9.735849812626839,128,128,True,True,False,"[28626,142496,16751,222,74884,226,70582,127042,63154,142496,17877,139646,16560,481,95218,80968,142496,125489,13,127042,63154,142496,42039,26698,11,10764,252,238,132947,125548,28626,142496,33704,139052,129044,128533,45710,55902,142496,128355,126352,28002,142496,128355,47665,94,33861,142496,20401,58777,92817,18411,143143,16560,13146,382,127027,715,125086,23259,37064,57160,223,112,28002,29346,142496,220,143861,242,10764,252,238,132947,125548,28626,142496,125489,13,30520,113,43590,23259,37064,57160,223,112,28002,29346,142496,220,129392,10764,252,238,132947,125548,28626,142496,125489,382,125086,23259,37064,57160,223,112,28002,29346,142496,220,143861,242,10764,252,238,132947,125548,28626,142496,125489,13,30520,113,43590,23259,37064,57160]",40,199,129,159,125,109,16,2.725,0.128,1.0078125,1.2421875,0.9765625,3,3,0.075,"{""1"":1,""2"":1,""3"":1}",119,23,0.19327731092436976,0.23847571201622486,0.23932219110429287,1.0794007554650307,125,16
WIKIPEDIA,P3,ALL_MORPH_BOUNDARY_GUARD,96,1d2f32035de1110dd4c9cc7bc36a487da84007dac5a1239491bc49123023b0af,10.79619107209146,128,128,True,True,False,"[13,79302,239,25715,126346,124632,33704,220,16,24,17,15,126216,66845,19391,73523,126835,133245,127378,11,220,16,24,17,22,126216,19391,79302,239,25715,126346,124632,20401,136089,129093,28002,31328,126488,133085,29281,32831,129093,133886,62071,29326,23573,85413,101,31328,79004,48606,20401,127041,120,51588,12802,142234,64119,131611,79302,239,25715,126346,124632,20401,54116,132618,19969,97143,125761,13,79302,239,25715,126346,124632,33704,220,16,24,17,15,126216,66845,19391,73523,126835,133245,127378,11,220,16,24,17,22,126216,19391,79302,239,25715,126346,124632,20401,136089,129093,28002,31328,126488,133085,29281,32831,129093,133886,62071,29326,23573,85413,101,31328,79004,48606,20401,127041,120,51588,12802,142234,64119]",49,244,129,195,125,99,26,2.020408163265306,0.208,1.0078125,1.5234375,0.9765625,3,3,0.061224489795918366,"{""1"":2,""2"":1}",146,25,0.17123287671232876,0.2259010300040245,0.22685684449970722,1.3059921078383923,125,26
WIKIPEDIA,P3,ALL_MORPH_BOUNDARY_GUARD,97,a545b1d196c946ca4aa4cabfa9b6f9d8b25117470bd7ecb26e3e7d7ba3fdbed4,9.55731582455337,128,128,True,True,False,"[79302,239,25715,126346,124632,20401,28733,124632,80968,54116,132618,18411,130729,126702,23573,128900,382,126345,25715,126346,124632,20401,28733,124632,80968,54116,132618,715,126345,25715,126346,124632,20401,28733,124632,80968,54116,132618,16560,220,16,24,17,15,126216,66845,19391,73523,126835,133381,13,23084,54116,132618,16560,220,16,24,18,15,126216,66845,19391,69441,108,127042,12802,72553,12802,74884,226,32831,134002,13,23084,54116,132618,16560,220,16,24,17,15,126216,66845,19391,73523,126835,52300,79302,239,25715,126346,124632,20401,28733,124632,80968,54116,132618,18411,130729,126702,23573,128900,13,23084,54116,132618,16560,220,16,24,18,15,126216,66845,19391,69441,108,127042,12802,72553,12802,74884,226,32831,134002]",40,197,129,157,128,110,18,2.75,0.140625,1.0078125,1.2265625,1.0,0,0,0.0,{},117,18,0.15384615384615385,0.18088330700993538,0.18172710575163364,1.0665837209671736,128,18
WIKIPEDIA,P3,ALL_MORPH_BOUNDARY_GUARD,98,4e5a736f30332726f0794ec78d76332bf5661872f7c6a5d58bdd7d2cb9fb4645,10.639782348647714,128,128,True,True,False,"[124546,128555,95996,65865,29326,144264,13146,13,220,16,24,17,22,126216,19391,54825,16560,126488,133085,29281,32831,129093,133886,62071,126246,128836,13,23084,16560,79302,239,25715,126346,124632,20401,54116,132618,19969,97143,16560,129093,28002,70943,125703,125489,13,220,16,24,19,20,126216,19391,54825,16560,79302,239,25715,126346,124632,20401,125640,128772,54116,132618,19969,97143,16560,129093,28002,31328,63332,130999,126785,135092,17877,62071,126246,128836,13,220,16,24,21,19,126216,19391,54825,16560,79302,239,25715,126346,124632,20401,125640,128772,54116,132618,19969,97143,16560,129093,28002,31328,63332,130999,126785,135092,17877,62071,126246,128836,13,220,16,24,21,19,126216,19391,54825,16560,79302,239,25715,126346,124632]",48,237,129,189,126,98,28,2.0416666666666665,0.2222222222222222,1.0078125,1.4765625,0.984375,2,2,0.041666666666666664,"{""2"":2}",141,19,0.1347517730496454,0.18312980234622955,0.18412739597260952,1.29013498313725,126,28
WIKIPEDIA,P3,ALL_MORPH_BOUNDARY_GUARD,99,5c3ca4e5f465dc182ec3e6b54f9ae6fd7f1cd6a02e73004bd182199e6766415e,12.176411153748631,128,128,True,True,False,"[13146,13,138373,20401,136608,56475,130887,136361,138629,33704,220,17,17,16,126216,19391,61298,60315,50340,19969,138373,17877,125206,32077,23573,128900,13,61298,60315,50340,20401,130270,124785,132343,46832,102,37087,7,130803,37087,8,12802,125199,127378,11,23084,16560,138373,20401,136608,56475,130887,73077,53442,52300,74884,243,92817,139836,13,61298,60315,50340,136331,138373,33704,220,17,15,15,126216,126322,126246,127296,74884,243,92817,19969,84621,131498,52959,10764,250,102,144088,31079,74884,242,13146,13,220,16,17,22,16,126216,126377,36978,121,138924,20401,90711,116,7,130803,37087,8,31328,74361,222,12802,125166,12802,12802,19969,61298,60315,50340,18411,10764,251,231,95218,66136,31079,130345,60315,50340]",60,294,129,234,128,74,54,1.2333333333333334,0.421875,1.0078125,1.828125,1.0,1,0,0.016666666666666666,"{""3"":1}",174,17,0.09770114942528736,0.300293343141675,0.30173630453646183,1.6051607634872198,128,54
WIKIPEDIA,P3,ALL_MORPH_BOUNDARY_GUARD,105,bc89f0438663e3b06f77ae921e1a7700fa43f38465b2c23d15b5529b4221e4fc,11.967588003724813,128,128,True,True,False,"[130638,17877,134013,17380,127165,120,126002,34395,11,220,16,19,15,20,126216,126377,136905,17380,86034,17877,81718,136892,125761,13,220,16,19,17,20,126216,126377,128677,144527,17877,74884,226,32831,126063,127378,11,220,16,19,20,18,126216,126377,74884,243,125086,20401,30520,226,139604,31328,62099,121,138789,139604,17877,130270,126702,134002,13,220,16,20,20,18,126216,126377,74884,243,125086,20401,30520,226,139604,31328,62099,121,138789,139604,17877,130270,126702,134002,13,220,16,20,24,17,126216,126377,136293,129534,20401,90711,101,138279,42039,136905,12802,54969,142194,133245,34395,11,220,16,20,24,23,126216,126377,74884,243,125086,20401,30520,226,139604,31328,62099,121,138789,139604]",56,280,129,224,122,86,36,1.5357142857142858,0.29508196721311475,1.0078125,1.75,0.953125,6,6,0.10714285714285714,"{""2"":3,""3"":3}",168,23,0.13690476190476192,0.2403818815946579,0.24161666631698608,1.5233664028346539,122,36
WIKIPEDIA,P3,ALL_MORPH_BOUNDARY_GUARD,114,2d50e6a2a69f3a22d80522b5126c7394ec30a37997abfc1af6fe88aae4c5e7a3,10.620588703081012,128,128,True,True,False,"[130999,132818,135513,95218,16560,74808,29281,76337,42039,26698,11,133553,28002,124632,11,47818,126251,124632,11,43115,37087,124632,77002,56475,65553,238,28002,40720,132306,13,125714,79716,126321,29281,76337,33704,125714,79716,17877,133970,42905,74808,29281,76337,42039,11,125714,79716,17877,133970,42905,74808,29281,76337,33704,125714,79716,126321,29281,76337,130939,85403,82965,13146,13,125714,79716,126321,29281,76337,33704,125714,79716,17877,133970,42905,74808,29281,76337,42039,11,125714,79716,17877,133970,42905,74808,29281,76337,33704,125714,79716,126321,29281,76337,130939,85403,82965,13146,382,56039,79716,126321,29281,76337,20401,60716,16560,125714,79716,126321,29281,76337,20401,94203,23259,19391,126629,135763,132306,13,125714,79716,126321,29281,76337,20401,94203]",45,222,129,177,123,98,25,2.1777777777777776,0.2032520325203252,1.0078125,1.3828125,0.9609375,6,5,0.13333333333333333,"{""1"":1,""2"":4,""3"":1}",132,14,0.10606060606060606,0.20461252517998219,0.2056516669690609,1.2501739095896482,123,25
WIKIPEDIA,P3,ALL_MORPH_BOUNDARY_GUARD,116,80b40150cb6c6cacbe345969e8709822cdac29c8963346d4d774ddfe0d1ee118,9.848354367539287,128,128,True,True,False,"[84667,124419,24897,20401,94203,85057,130939,47985,129112,13,129093,54330,132841,33704,125149,28002,23259,12802,137621,126310,28002,23259,17380,36055,133085,128555,135513,144038,28733,130671,13,129093,54330,132841,20401,45563,33704,220,18,13,16,19,16,20,24,17,21,20,18,20,23,24,22,24,18,17,18,23,19,21,17,21,19,18,18,23,18,17,22,24,20,15,17,23,23,19,16,24,22,16,21,24,18,24,24,18,22,20,16,15,20,23,17,15,24,22,19,24,19,19,20,24,17,18,15,22,23,16,21,19,15,21,17,23,21,17,15,23,24,24,23,21,17,23,15,18,19,23]",39,192,129,153,127,115,12,2.948717948717949,0.09448818897637795,1.0078125,1.1953125,0.9921875,2,1,0.05128205128205128,"{""2"":1,""3"":1}",114,7,0.06140350877192982,0.13079903833568096,0.13152549788355827,1.0949965305626392,127,12
WIKIPEDIA,P3,ALL_MORPH_BOUNDARY_GUARD,117,5ad01d8771f5b8361864124ec2cc39c9b8c989333e9e3aa38ecbce5e7a7f79e3,10.089864613488317,128,128,True,True,False,"[24,21,15,126216,66845,19391,23084,125548,60294,26698,16560,46832,242,124632,20401,73986,19969,126346,32831,53680,30520,113,132499,124781,19391,128605,131698,18411,132876,125580,127378,11,220,16,24,22,15,126216,66845,126377,46832,242,124632,20401,73986,19969,126346,32831,53680,30520,113,132499,124781,19391,128605,131698,18411,132876,125580,127378,11,220,16,24,23,15,126216,66845,126377,46832,242,124632,20401,73986,19969,126346,32831,53680,30520,113,132499,124781,19391,128605,131698,18411,132876,125580,127378,11,220,16,24,24,15,126216,66845,126377,46832,242,124632,20401,73986,19969,126346,32831,53680,30520,113,132499,124781,19391,128605,131698,18411,132876,125580,127378,11,220,17,15,15,15,126216,66845,126377,46832]",40,198,129,158,126,113,13,2.825,0.10317460317460317,1.0078125,1.234375,0.984375,2,2,0.05,"{""1"":1,""2"":1}",118,20,0.1694915254237288,0.1778118833899498,0.17865062691271305,1.132504217326641,126,13
WIKIPEDIA,P3,ALL_MORPH_BOUNDARY_GUARD,119,e78651cb0db294a29769d00e0b67b918a0d6bd73e89f12f69e15cc286429e7e0,11.04825079254806,128,128,True,True,False,"[21329,80573,135898,13,132028,57089,90486,127085,130974,133553,49543,20401,138519,131837,53680,77596,235,47985,19391,73986,131000,51876,13,132377,11,138519,131837,12802,126366,132182,133553,49543,16560,129381,77596,235,47985,17380,85413,222,125545,32077,53618,126366,129875,132028,57089,90486,127085,133120,35509,85251,13146,13,130005,11,77596,235,47985,19969,126366,5140,117,254,82965,133553,49543,16560,129381,138519,131837,42039,85413,222,125545,32077,53618,126366,129875,132028,57089,90486,127085,133120,35509,85251,13146,13,132028,57089,90486,127085,130974,133553,49543,20401,77596,235,47985,19391,73986,131000,42905,92751,124781,17380,11,77596,235,47985,19969,129419,73669,19969,97143,32290,132028,57089,90486,127085,130974,65553,97,73669,19969,130723,13,132028]",47,234,129,187,120,99,21,2.106382978723404,0.175,1.0078125,1.4609375,0.9375,9,8,0.19148936170212766,"{""1"":4,""2"":2,""3"":3}",140,13,0.09285714285714286,0.20778861083090305,0.20889827236533165,1.3218532837927341,120,21
WIKIPEDIA,P3,ALL_MORPH_BOUNDARY_GUARD,134,dff86652722d026c3869887ea7e653b73da64b351697d7d0c647fef10a42b20b,9.68045798689127,128,128,True,True,False,"[43590,126216,137812,56475,40720,64119,124905,11,60960,126402,131655,56475,55673,17380,40720,132306,624,128792,124781,31079,16560,125206,82528,129709,31079,20401,83556,126337,42039,143522,139236,55902,56475,3315,241,108,132044,130092,31079,20401,46319,135092,128533,139052,131777,125206,141676,42905,65722,102,31079,125489,13,220,17,15,15,15,126216,66845,83315,60039,56290,20401,95996,129062,53680,6673,139269,53680,58677,33861,128013,20401,63332,128911,56290,17380,125206,82528,129709,31079,19969,95996,129062,126063,34395,11,125206,82528,129709,31079,20401,61298,83291,46319,26699,131219,19969,28927,105,82190,141888,43590,125160,20401,124685,125476,133914,12802,64521,49052,18411,74884,116,124781,31328,126253,3315,241,108,16560,139957,31079,19391,5140,117,245]",37,183,129,146,124,118,6,3.189189189189189,0.04838709677419355,1.0078125,1.140625,0.96875,4,4,0.10810810810810811,"{""2"":1,""3"":3}",109,17,0.1559633027522936,0.20976142585277557,0.21061908639967442,1.0402551963925362,124,6
WIKIPEDIA,P3,ALL_MORPH_BOUNDARY_GUARD,136,7a354878c63fadb9275073b266fc79ab41adb4e3a4eea902668c937d0f74ebcb,10.694161631166935,128,128,True,True,False,"[29346,47836,28733,90686,13,56419,25715,98927,29326,129382,33704,40720,25715,126253,137765,51391,29326,133120,55673,34395,132872,127451,67629,17877,125466,125522,47836,28733,64521,44518,24897,127649,125489,13,56419,25715,98927,29326,129382,33704,220,16,24,22,15,126216,66845,19391,136065,77002,40853,125580,127378,11,220,16,24,23,15,126216,66845,19391,60960,126402,56290,133381,13,220,16,24,24,15,126216,66845,126377,58677,33861,128013,12802,60960,126402,56290,64119,131611,56419,25715,98927,29326,129382,33704,58677,33861,128013,17877,131582,40720,25715,126253,137765,141819,47836,28733,64521,44518,24897,127649,42039,95996,65865,128836,13,56419,25715,98927,29326,129382,33704,133857,129378,130612,83518,65865,125511,40720,130357,132931,11,136115]",48,237,129,189,122,93,29,1.9375,0.23770491803278687,1.0078125,1.4765625,0.953125,11,6,0.22916666666666666,"{""1"":2,""2"":4,""3"":5}",141,8,0.05673758865248227,0.22024212032556534,0.22137798927724361,1.2947285287082195,122,29
WIKIPEDIA,P3,ALL_MORPH_BOUNDARY_GUARD,145,005a50bb1e2be0288c261e32d596ed107f6163785f7c14e52ef3bf8445d0f15c,9.49954479187727,128,128,True,True,False,"[5140,228,222,12802,20401,134953,33704,129242,56039,18411,131565,42905,128900,13,5140,228,222,12802,20401,134953,33704,129242,56039,18411,131565,42905,128900,13,5140,228,222,12802,20401,134953,33704,129242,56039,18411,131565,42905,128900,13,5140,228,222,12802,20401,134953,33704,129242,56039,18411,131565,42905,128900,13,5140,228,222,12802,20401,134953,33704,129242,56039,18411,131565,42905,128900,13,5140,228,222,12802,20401,134953,33704,129242,56039,18411,131565,42905,128900,13,5140,228,222,12802,20401,134953,33704,129242,56039,18411,131565,42905,128900,13,5140,228,222,12802,20401,134953,33704,129242,56039,18411,131565,42905,128900,13,5140,228,222,12802,20401,134953,33704,129242,56039,18411,131565,42905,128900,13,5140,228]",38,190,129,152,120,116,4,3.0526315789473686,0.03333333333333333,1.0078125,1.1875,0.9375,8,8,0.21052631578947367,"{""1"":1,""2"":6,""3"":1}",114,25,0.21929824561403508,0.228785777464509,0.22964815236628056,1.0229183807969093,120,4
WIKIPEDIA,P3,ALL_MORPH_BOUNDARY_GUARD,149,b8407b142eaeece19e635181f420775fe1526f8537e1e2319612dc608d62b0b8,10.40641026571393,128,128,True,True,False,"[125511,126254,126559,11,126310,28002,23259,49543,143861,242,36055,23259,65238,124970,128618,23259,49543,125489,13,23084,16560,139107,129381,130263,128747,42039,128646,47836,28733,90686,382,57026,20487,26698,220,143861,242,36055,23259,65238,124970,129093,43590,136262,11,220,143861,242,36055,23259,220,15,12802,134808,129093,43590,125489,13,23084,130263,128747,33704,126365,100,144341,53680,45130,109,144341,19391,135878,34143,104,128173,132931,11,126365,100,144341,19391,128605,142654,129510,54321,33704,220,15,11,45130,109,144341,19391,128605,142654,129510,54321,33704,220,16,125489,13,126365,100,144341,19391,128605,127864,54321,33704,220,23084,34395,11,45130,109,144341,19391,128605,127864,54321,33704,220,23084,13146,13,126365,100,144341]",46,228,129,182,120,98,22,2.130434782608696,0.18333333333333332,1.0078125,1.421875,0.9375,9,8,0.1956521739130435,"{""1"":3,""2"":2,""3"":4}",136,29,0.21323529411764705,0.23878819309175014,0.23988164216279984,1.2293169256299734,120,22
WIKIPEDIA,P3,ALL_MORPH_BOUNDARY_GUARD,151,d74697603534767f1ce48379c1b960aba7fc3ba07a93d615c8f5f02eb239115a,10.529227305203676,128,128,True,True,False,"[54116,124517,19969,80573,16560,34143,105,28002,130592,80968,66790,80901,19969,37195,106,34395,11,127042,57089,25715,128901,127042,57089,17877,130094,42905,60960,19969,17380,16235,226,125052,17877,83596,16560,13146,13,127042,57089,25715,128901,127042,57089,17877,130094,42905,60960,19969,17380,16235,226,125052,17877,83596,16560,13146,13,127042,57089,25715,128901,127042,57089,17877,130094,42905,60960,19969,17380,16235,226,125052,17877,83596,16560,13146,13,127042,57089,25715,128901,127042,57089,17877,130094,42905,60960,19969,17380,16235,226,125052,17877,83596,16560,13146,13,127042,57089,25715,128901,127042,57089,17877,130094,42905,60960,19969,17380,16235,226,125052,17877,83596,16560,13146,13,127042,57089,25715,128901,127042,57089,17877,130094,42905,60960,19969]",47,232,129,185,116,103,13,2.1914893617021276,0.11206896551724138,1.0078125,1.4453125,0.90625,13,12,0.2765957446808511,"{""1"":7,""3"":6}",138,16,0.11594202898550725,0.22693422622978687,0.2279428392648697,1.2606136593967676,116,13
WIKIPEDIA,P3,ALL_MORPH_BOUNDARY_GUARD,156,554e89867d740531ea4723899fb500f32679398eba63100d3f51e2735a22ef42,9.551367450505495,128,128,True,True,False,"[62107,81676,84255,81650,127483,33704,22942,17380,73669,128808,129264,129112,13,22942,33704,126291,126445,28626,144025,31079,20401,126291,125522,128739,17877,63332,40853,87425,137764,13,22942,33704,126291,126445,28626,144025,31079,20401,126291,125522,128739,17877,63332,40853,87425,137764,13,22942,33704,126291,126445,28626,144025,31079,20401,126291,125522,128739,17877,63332,40853,87425,137764,13,22942,33704,126291,126445,28626,144025,31079,20401,126291,125522,128739,17877,63332,40853,87425,137764,13,22942,33704,126291,126445,28626,144025,31079,20401,126291,125522,128739,17877,63332,40853,87425,137764,13,22942,33704,126291,126445,28626,144025,31079,20401,126291,125522,128739,17877,63332,40853,87425,137764,13,22942,33704,126291,126445,28626,144025,31079,20401,126291,125522,128739,17877,63332]",39,193,129,154,122,116,6,2.9743589743589745,0.04918032786885246,1.0078125,1.203125,0.953125,6,6,0.15384615384615385,"{""1"":4,""2"":1,""3"":1}",115,4,0.034782608695652174,0.15303558856248856,0.15393907204270363,1.0565828531980515,122,6
WIKIPEDIA,P3,ALL_MORPH_BOUNDARY_GUARD,157,a58f93e22d11924373b50a226a157bb118a42e9b97f2e406c84324467ec722f1,10.496349148452282,128,128,True,True,False,"[133085,23573,125206,124781,19969,46682,33509,60315,11,136293,20401,58677,88259,16560,23872,121,220,16,127475,220,17,129034,72553,130345,42039,57835,29281,64119,124905,11,23084,70943,23872,121,220,24,23,4,19969,136293,31079,18411,40720,51876,13,136293,31079,16560,136293,20401,125466,26699,31079,136262,11,136293,31079,18411,40720,42905,124889,128901,136293,31079,18411,54070,31079,17380,129112,13,136293,31079,16560,136293,20401,125466,26699,31079,136262,11,136293,31079,18411,40720,42905,124889,128901,136293,31079,18411,54070,31079,17380,129112,13,136293,31079,16560,136293,20401,125466,26699,31079,136262,11,136293,31079,18411,40720,42905,124889,128901,136293,31079,18411,54070,31079,17380,129112,13,136293,31079,16560,136293,20401,125466,26699,31079]",45,225,129,180,120,98,22,2.1777777777777776,0.18333333333333332,1.0078125,1.40625,0.9375,9,8,0.2,"{""1"":2,""2"":6,""3"":1}",135,11,0.08148148148148149,0.1942922417074442,0.19531353563070297,1.228096978738904,120,22
WIKIPEDIA,P3,ALL_MORPH_BOUNDARY_GUARD,160,1e26476690d1ff98feec7e46fff2e67a50d0d12aadd84c2628f4888925cc713d,9.482936847954988,128,128,True,True,False,"[139287,33704,44518,24897,127649,20401,63332,126246,17877,34143,112,64795,51876,13,89095,97,139287,33704,44518,24897,127649,20401,129304,56983,43590,24897,18411,92751,28002,51876,13,134084,11,89095,97,139287,33704,44518,24897,127649,20401,63332,126246,17877,34143,112,64795,51876,13,89095,97,139287,33704,44518,24897,127649,20401,129304,56983,43590,24897,18411,92751,28002,51876,13,134084,11,89095,97,139287,33704,44518,24897,127649,20401,63332,126246,17877,34143,112,64795,51876,624,56983,43590,24897,92751,28002,198,89095,97,139287,33704,44518,24897,127649,20401,129304,56983,43590,24897,18411,92751,28002,51876,13,89095,97,139287,33704,44518,24897,127649,20401,129304,56983,43590,24897,18411,92751,28002,51876,13,134084,11,89095,97]",36,180,129,144,126,117,9,3.25,0.07142857142857142,1.0078125,1.125,0.984375,2,2,0.05555555555555555,"{""1"":1,""2"":1}",108,13,0.12037037037037036,0.16592657379806042,0.16682603023946285,0.9999195691198111,126,9
WIKIPEDIA,P3,ALL_MORPH_BOUNDARY_GUARD,168,36ee04f27561af7e590b306bd86bbbe3b96e895a4c50ad77892679812f192fc2,9.149864995852113,128,128,True,True,False,"[128514,220,16,32077,198,220,17,128514,220,17,32077,198,220,17,128514,220,18,32077,198,220,17,128514,220,19,32077,198,220,17,128514,220,20,32077,198,220,17,128514,220,21,32077,198,220,17,128514,220,22,32077,198,220,17,128514,220,23,32077,198,220,17,128514,220,24,32077,198,220,17,128514,220,16,15,32077,198,220,17,128514,220,16,16,32077,198,220,17,128514,220,16,17,32077,198,220,17,128514,220,16,18,32077,198,220,17,128514,220,16,19,32077,198,220,17,128514,220,16,20,32077,198,220,17,128514,220,16,21,32077,198,220,17,128514,220,16,22,32077,198,220,17,128514]",33,163,129,130,128,126,2,3.8181818181818183,0.015625,1.0078125,1.015625,1.0,0,0,0.0,{},97,37,0.38144329896907214,0.11099116504192352,0.11172773130238056,0.9388486668467522,128,2
WIKIPEDIA,P3,ALL_MORPH_BOUNDARY_GUARD,193,0199e89b545a0cb77695da1c1c70540afcecefd154b174b0b3c20810808bf238,11.377426449209452,128,128,True,True,False,"[144046,64577,63256,18411,56419,127105,42905,5140,41902,40720,64119,130898,129112,13,393,17,47,16560,60960,59761,60960,126346,135257,17877,125466,125522,42905,127042,29346,64850,16778,226,20401,141819,17877,131582,139647,21329,124905,11,60960,59761,20401,49052,127042,29346,128901,60960,126346,135257,17877,125466,125522,42905,127042,29346,64850,16778,226,20401,141819,17877,131582,139647,21329,124905,11,60960,59761,20401,49052,127042,29346,128901,60960,126346,135257,17877,125466,125522,42905,127042,29346,64850,16778,226,20401,141819,17877,131582,139647,21329,124905,11,60960,59761,20401,49052,127042,29346,128901,60960,126346,135257,17877,125466,125522,42905,127042,29346,64850,16778,226,20401,141819,17877,131582,139647,21329,124905,11,60960,59761,20401,49052,127042,29346,128901]",48,240,129,192,119,99,20,2.0625,0.16806722689075632,1.0078125,1.5,0.9296875,10,9,0.20833333333333334,"{""1"":2,""2"":4,""3"":4}",144,16,0.1111111111111111,0.24014508910477161,0.2412010282278061,1.380880806595087,119,20
WIKIPEDIA,P3,ALL_MORPH_BOUNDARY_GUARD,194,1870a6a49ecbc118b0301d1d252f822879be8e2bcbc1c6ea28d23e8a5c6fb491,9.170987725257874,128,128,True,True,False,"[418,131050,138540,47761,9,51391,82528,126781,320,48431,131893,340,9,51391,82528,126781,320,125144,56290,340,9,51391,82528,126781,320,48431,131893,19969,340,9,51391,82528,126781,320,48431,131893,19969,340,9,51391,82528,126781,320,48431,131893,19969,340,9,51391,82528,126781,320,48431,131893,19969,340,9,51391,82528,126781,320,48431,131893,19969,340,9,51391,82528,126781,320,48431,131893,19969,340,9,51391,82528,126781,320,48431,131893,19969,340,9,51391,82528,126781,320,48431,131893,19969,340,9,51391,82528,126781,320,48431,131893,19969,340,9,51391,82528,126781,320,48431,131893,19969,340,9,51391,82528,126781,320,48431,131893,19969,340,9,51391,82528,126781,320,48431,131893,19969,340]",35,172,129,137,128,123,5,3.5142857142857142,0.0390625,1.0078125,1.0703125,1.0,0,0,0.0,{},102,1,0.00980392156862745,0.12083100527524948,0.12153005041182041,0.9579300675541162,128,5
WIKIPEDIA,P3,ALL_MORPH_BOUNDARY_GUARD,201,62f2ae481710a7fbff82614984a8857e7ff3c9105c753b5b4b85a22986f22fd7,11.742090988904238,128,128,True,True,False,"[8,80573,73077,32077,60294,20401,125466,76337,320,16,22,19,23,126216,19391,136065,42039,40720,8,53680,129381,28733,124632,80968,54116,47324,18411,129392,43866,134002,13,73077,32077,60294,16560,220,16,23,41429,20487,81173,34395,20401,28733,124632,25715,17380,11,54825,20401,24485,227,80968,33704,28733,124632,20401,95996,65865,19391,132182,54116,57026,18411,53900,139836,13,73077,32077,60294,16560,220,16,22,21,21,126216,126558,220,16,22,23,18,126216,128878,84255,17380,12802,127601,20401,84255,28002,133872,125511,60960,137078,20401,83315,125118,42039,84255,28002,133872,125511,12,19391,134372,28002,52959,60960,124632,56475,28733,124632,53680,133553,28002,124632,17877,35509,125548,144172,13146,13,73077,32077,60294,16560]",53,264,129,211,126,87,39,1.6415094339622642,0.30952380952380953,1.0078125,1.6484375,0.984375,2,2,0.03773584905660377,"{""1"":2}",158,12,0.0759493670886076,0.23639039881527424,0.23755584843456745,1.4565974790602922,126,39
WIKIPEDIA,P3,ALL_MORPH_BOUNDARY_GUARD,211,e1dd1b21c7c4fbf236961605d37c8cfd045489d907c3f9df2b1d2c0d0b128ab2,9.598555464297533,128,128,True,True,False,"[129321,17877,55673,37087,17380,128956,126291,125624,17877,126254,51876,13,23463,126291,125624,33704,45130,120,124632,80968,130037,129835,35509,125624,17877,81718,144059,42039,74884,116,144489,23573,133196,18411,73669,65306,42039,10764,236,120,133847,130974,130861,18411,34143,112,34395,90686,13,23463,126291,125624,33704,45130,120,124632,80968,130037,129835,35509,125624,17877,81718,144059,42039,74884,116,144489,23573,133196,18411,73669,65306,42039,10764,236,120,133847,130974,130861,18411,34143,112,34395,90686,13,23463,126291,125624,33704,45130,120,124632,80968,130037,129835,35509,125624,17877,81718,144059,42039,74884,116,144489,23573,133196,18411,73669,65306,42039,10764,236,120,133847,130974,130861,18411,34143,112,34395,90686,13,23463,126291,125624,33704,45130]",36,178,129,142,122,119,3,3.3055555555555554,0.02459016393442623,1.0078125,1.109375,0.953125,6,6,0.16666666666666666,"{""1"":1,""2"":2,""3"":3}",106,23,0.2169811320754717,0.2167062796652317,0.21751388162374496,1.0129407923668623,122,3
WIKIPEDIA,P3,ALL_MORPH_BOUNDARY_GUARD,214,91b92ef1e95dd720033a1341a26a537c99538ed87f79c1ca6150172d3864fb1a,10.945199687033892,128,128,True,True,False,"[125489,13,220,16,24,23,24,126216,220,21,128514,220,16,20,32077,19391,138373,78125,85057,64795,62071,16,18,20487,70943,128205,133373,220,18,125625,56419,54321,134379,56475,125834,20401,81173,34395,133692,25715,17380,20401,142452,135818,16235,225,125761,13,220,16,24,24,17,126216,220,16,15,128514,220,16,24,32077,19391,138373,78125,85057,64795,62071,16,19,20487,70943,128205,133373,62071,16,125625,56419,54321,134379,56475,70943,128205,133373,85403,54330,129150,42039,129296,69923,133381,13,220,16,24,24,22,126216,220,17,128514,220,16,24,32077,19391,32129,130472,128836,624,565,47818,126898,198,16,24,15,19,126216,220,23,128514,220,17,17,32077,19391,129359]",46,227,129,181,126,94,32,2.0434782608695654,0.25396825396825395,1.0078125,1.4140625,0.984375,2,2,0.043478260869565216,"{""1"":1,""3"":1}",135,22,0.16296296296296298,0.20692833699285984,0.20786375179886818,1.2989181950688362,126,32
WIKIPEDIA,P3,ALL_MORPH_BOUNDARY_GUARD,215,81ad8abe23a6aee5123e0ef7a8bf71fb5308705cb23ebbc1084da6d371b87194,10.2954479791224,128,128,True,True,False,"[51876,13,23084,16560,220,124970,126310,23573,77353,79716,23259,144569,17380,135513,144038,28733,137334,137141,13,23084,131866,11,220,143861,242,220,124970,126310,23573,77353,79716,23259,144569,17380,135513,144038,28733,64521,126310,28002,23259,125489,13,23084,16560,220,124970,126310,23573,77353,79716,23259,144569,17380,135513,144038,28733,137334,137141,13,23084,131866,11,220,143861,242,220,124970,126310,23573,77353,79716,23259,144569,17380,135513,144038,28733,64521,126310,28002,23259,125489,13,23084,16560,220,124970,126310,23573,77353,79716,23259,144569,17380,135513,144038,28733,137334,137141,13,23084,131866,11,220,143861,242,220,124970,126310,23573,77353,79716,23259,144569,17380,135513,144038,28733,64521,126310,28002,23259,125489,13,23084,16560,220]",41,205,129,164,125,110,15,2.682926829268293,0.12,1.0078125,1.28125,0.9765625,3,3,0.07317073170731707,"{""1"":2,""2"":1}",123,31,0.25203252032520324,0.18632665649056435,0.18727446161210537,1.1534914001822472,125,15
WIKIPEDIA,P3,ALL_MORPH_BOUNDARY_GUARD,217,2a3d33ad90ee563f6b07aa1107d72ab5f59c4df1378d6832201b9d64e7d5ceeb,9.491417540237308,128,128,True,True,False,"[129381,85997,32077,17380,5140,223,251,126588,13146,13,23084,34143,105,33704,220,16,128514,220,16,32077,126558,220,16,128514,220,18,16,32077,128878,20401,54116,62275,17877,126254,51876,13,23084,34143,105,33704,220,16,128514,220,16,32077,126558,220,16,128514,220,18,16,32077,128878,20401,54116,62275,17877,126254,51876,13,23084,34143,105,33704,220,16,128514,220,16,32077,126558,220,16,128514,220,18,16,32077,128878,20401,54116,62275,17877,126254,51876,13,23084,34143,105,33704,220,16,128514,220,16,32077,126558,220,16,128514,220,18,16,32077,128878,20401,54116,62275,17877,126254,51876,13,23084,34143,105,33704,220,16,128514,220,16,32077,126558,220,16,128514]",36,177,129,141,128,119,9,3.3055555555555554,0.0703125,1.0078125,1.1015625,1.0,0,0,0.0,{},105,26,0.24761904761904763,0.1532298345118761,0.1539917942136526,1.0100930128246546,128,9
WIKIPEDIA,P3,ALL_MORPH_BOUNDARY_GUARD,222,5bd619fb257d13a99f8942ff734cf70cf56ff7329317143b63b23ecb5f2357f5,10.093248592689633,128,128,True,True,False,"[35711,32077,19391,220,20,22,42044,11,10764,228,254,35711,32077,19391,220,20,21,42044,93721,51876,13,220,19,15,15,126216,126322,126246,23084,34143,105,33704,28733,35711,32077,11,40771,230,35711,32077,11,83556,35711,32077,19391,220,20,23,42044,11,85413,242,35711,32077,53680,46832,242,35711,32077,19391,220,20,22,42044,11,10764,228,254,35711,32077,19391,220,20,21,42044,5140,223,251,126588,13146,382,418,220,22,128514,20401,127820,135946,47761,9,220,22,128514,33704,54825,126673,34395,28002,28754,56475,130887,40771,112,34143,105,125489,13,220,22,128514,33704,220,18,16,32077,128878,90686,624,9,220,22,128514,33704,54825,126673,34395,28002,28754]",40,198,129,158,126,114,12,2.85,0.09523809523809523,1.0078125,1.234375,0.984375,2,2,0.05,"{""1"":2}",118,25,0.211864406779661,0.17132586240768433,0.1721416562795639,1.1232940889894962,126,12
WIKIPEDIA,P3,ALL_MORPH_BOUNDARY_GUARD,229,83050d780bf313aba5ecc6bf2fd33935ea016e228968a100f5f455b6e4654a3e,10.446155635640025,128,128,True,True,False,"[49052,47985,90686,13,58777,32290,139627,126414,124781,16560,58777,32290,139627,126414,124781,129254,47985,129112,382,88259,32290,139627,126414,124781,16560,134312,117,139627,126414,124781,20401,220,18,125625,54321,130729,40853,42039,11,134312,117,139627,126414,124781,16560,220,17,125625,54321,69441,231,32290,58034,20401,18585,238,129125,135513,95218,16560,65699,234,126414,124781,125489,382,88259,32290,139627,126414,124781,16560,58777,32290,139627,126414,124781,129254,47985,129112,382,88259,32290,139627,126414,124781,20401,36055,20401,715,88259,32290,139627,126414,124781,16560,220,18,125625,54321,142496,58034,20401,18585,238,129125,135513,95218,16560,65699,234,126414,124781,17380,11,63332,125160,71015,135513,142907,13146,13,129093,126333,56475,20401,126352,28002]",43,215,129,172,128,104,24,2.4186046511627906,0.1875,1.0078125,1.34375,1.0,0,0,0.0,{},129,17,0.13178294573643412,0.18018357455730438,0.18102832324802876,1.1995173767209053,128,24
WIKIPEDIA,P3,ALL_MORPH_BOUNDARY_GUARD,231,11a1c0612fe7670449333a5a3d8e6d9b6ddf44c8d2f0f1ecf600e2e8e53022d2,10.434652941301465,128,128,True,True,False,"[24,23,23,126216,220,16,16,128514,220,16,20,32077,19391,45104,242,126673,141274,31328,124973,126702,60960,124632,17877,57852,126702,128836,13,220,220,16,24,24,19,126216,220,24,128514,220,17,23,32077,19391,54825,16560,45104,242,126673,141274,31328,64577,59698,36055,63089,18411,57852,126702,128836,13,220,220,16,24,24,21,126216,220,16,128514,220,24,32077,19391,54825,16560,45104,242,126673,141274,31328,64577,59698,36055,63089,20401,83315,66845,28733,126641,42039,129296,69923,133381,13,220,220,17,15,15,19,126216,220,16,16,128514,220,16,16,32077,19391,54825,16560,45104,242,126673,141274,31328,60716,126321,54116,88259,20401,124970,40853,125545,56475,133553,60294,138097]",45,222,129,177,128,101,27,2.2444444444444445,0.2109375,1.0078125,1.3828125,1.0,0,0,0.0,{},132,27,0.20454545454545456,0.17496349290013313,0.17584468610584736,1.2286539729684591,128,27
WIKIPEDIA,P3,ALL_MORPH_BOUNDARY_GUARD,247,970fe8f8d89b4d2f4bd8076ca12bb110c1455e41e45f0f0fc6cfd0ce36b6dc7c,11.019979743286967,128,128,True,True,False,"[83291,143230,144432,11,95577,12802,81133,17380,43590,126445,28626,24485,96,21329,11,32129,126793,28002,11,142209,236,246,50340,11,58677,33861,128013,16751,113,24897,131587,17380,60294,11,5140,116,234,50340,40281,126781,77002,12802,90686,382,138392,5140,116,234,50340,40281,126781,16560,85413,117,89860,79004,56475,9308,139236,18411,142163,126204,11,85413,117,89860,79004,138020,9308,139236,18411,135839,26698,60716,129150,82190,46832,242,32290,19391,61126,51876,13,85413,117,5140,116,234,50340,40281,126781,16560,85413,117,89860,79004,138020,9308,139236,18411,142163,47836,53618,11,85413,117,89860,79004,19391,142163,17877,141836,16560,10130,142163,17877,40720,51876,13,85413,117,89860,79004,16560,10130,142163,17877,135839]",46,229,129,183,127,97,30,2.108695652173913,0.23622047244094488,1.0078125,1.4296875,0.9921875,1,1,0.021739130434782608,"{""1"":1}",137,37,0.27007299270072993,0.2394811026751995,0.24039268866181374,1.2956976275891066,127,30
WIKIPEDIA,P3,ALL_MORPH_BOUNDARY_GUARD,254,69967d46ab2375c71c801ffba10012a31e33028c284c59578fd1ea417fc3254d,10.046360468491912,128,128,True,True,False,"[134313,135092,12802,126871,129330,13,131367,134313,135092,17877,58677,129695,144091,134313,135092,130939,129112,13,715,31328,129695,144091,134313,135092,33704,79921,18411,42349,132872,52959,143522,19969,133329,47836,28733,64521,128753,47324,17380,46319,65238,42905,134313,135092,125489,13,715,31328,129695,144091,134313,135092,33704,79921,18411,42349,132872,52959,143522,19969,133329,47836,28733,64521,128753,47324,17380,46319,65238,42905,134313,135092,125489,13,715,31328,129695,144091,134313,135092,33704,79921,18411,42349,132872,52959,143522,19969,133329,47836,28733,64521,128753,47324,17380,46319,65238,42905,134313,135092,125489,13,715,31328,129695,144091,134313,135092,33704,79921,18411,42349,132872,52959,143522,19969,133329,47836,28733,64521,128753,47324,17380,46319,65238,42905,134313,135092]",40,198,129,158,118,108,10,2.7,0.0847457627118644,1.0078125,1.234375,0.921875,11,10,0.275,"{""1"":1,""2"":5,""3"":5}",118,12,0.1016949152542373,0.16692915186285973,0.1678698118776083,1.1208858639001846,118,10
WIKIPEDIA,P3,ALL_MORPH_BOUNDARY_GUARD,261,3b90965ef4b9d67fe7e53d5ddc20e88d80683d5482c2c0773718a077bca16956,10.852788051590323,128,128,True,True,False,"[6790,16560,220,16,24,22,15,126216,66845,83315,19391,73523,126835,133245,34395,11,220,16,24,22,19,126216,19391,142234,133381,13,136331,220,16,24,22,15,126216,66845,126254,126558,220,16,24,23,15,126216,66845,83315,128878,16560,26656,84438,84255,17380,129283,144063,79207,230,28626,19969,96127,8041,20401,131698,131570,84255,17380,144644,28626,31328,91337,1093,1348,56475,40720,133381,13,220,16,24,23,15,126216,66845,83315,126558,220,16,24,24,15,126216,66845,83315,128878,16560,26656,84438,84255,17380,129283,144063,79207,230,28626,19969,91337,1093,1348,56475,40720,128841,60960,82528,19391,1599,13,17,20,84255,17380,129283,144063,79207,230,28626,19969,40720,133381,13,220,16]",46,227,129,181,126,101,25,2.1956521739130435,0.1984126984126984,1.0078125,1.4140625,0.984375,5,2,0.10869565217391304,"{""2"":4,""3"":1}",135,10,0.07407407407407407,0.16199654340744019,0.16296936385333538,1.291453454643488,126,25
WIKIPEDIA,P3,ALL_MORPH_BOUNDARY_GUARD,272,da60401d3bf936d57dd036bdd4dd3252f48a0a44258b3e78042820bf7afba51c,11.751498237252235,128,128,True,True,False,"[16560,126254,198,84255,17380,144644,28626,3315,65291,31079,24897,7,29958,9518,1648,84255,17380,144644,28626,20401,20136,113,125512,85997,43590,198,84255,17380,144644,28626,92751,28002,65980,9551,1648,84255,17380,144644,28626,20401,94203,127324,11,85788,11,129423,129502,11,69441,231,19969,134454,133970,42905,140968,57089,198,84255,17380,144644,28626,92751,28002,25715,65980,10567,1648,84255,17380,144644,28626,18411,94203,127324,126204,85788,42905,124889,198,84255,17380,144644,28626,92751,28002,25715,65980,10567,1648,84255,17380,144644,28626,18411,94203,127324,126204,85788,42905,124889,198,84255,17380,144644,28626,92751,28002,25715,65980,10567,1648,84255,17380,144644,28626,18411,94203,127324,126204,85788,42905,124889,198,84255,17380,144644,28626,92751]",52,259,129,207,114,95,19,1.8269230769230769,0.16666666666666666,1.0078125,1.6171875,0.890625,15,14,0.28846153846153844,"{""1"":4,""2"":11}",155,7,0.04516129032258064,0.1500936523079872,0.15124855749309063,1.469943543896079,114,19
WIKIPEDIA,P3,ALL_MORPH_BOUNDARY_GUARD,276,330bb7258121235058610b4b24c400059f1e825c5fa4d1c4abff4ff74a716b39,10.862868757918477,128,128,True,True,False,"[311,11158,54606,144129,11,220,144138,14037,3776,425,3611,279,31993,144129,11,220,144138,16250,38990,144129,11,220,144138,8002,944,14215,2157,4695,144129,11,220,144138,8373,2599,311,10689,144129,11,220,144138,28251,315,3017,9414,144129,11,220,144138,34,12079,14671,37200,21154,10689,144129,11,220,144138,1654,8713,279,28808,144129,11,220,144138,1654,8713,2806,3555,1205,12199,311,2823,144129,11,220,144138,785,6928,15465,5994,1913,144129,11,220,144138,9485,8713,279,21192,315,5633,39395,144129,11,220,144138,8002,944,6771,2157,6285,144129,11,220,144138,785,75964,144129,11,220,144138,785,6928,15465,5994,1913,144129,11,220,144138,785,6928,15465,5994,1913,144129]",46,227,129,181,126,99,27,2.152173913043478,0.21428571428571427,1.0078125,1.4140625,0.984375,6,2,0.13043478260869565,"{""1"":2,""2"":3,""3"":1}",135,12,0.08888888888888889,0.1337935160845518,0.13498848862946033,1.3017698731273413,126,27
WIKIPEDIA,P3,ALL_MORPH_BOUNDARY_GUARD,280,611248ee353add9c5a8bbcc6a1865c60fcd66e2f203859f1183fd41b3682a05a,11.240458391606808,128,128,True,True,False,"[90775,102876,8,129254,47985,129112,382,12802,23872,254,83036,84667,12802,92031,33704,220,16,24,15,21,126216,19391,84255,133738,24897,20401,90486,134372,28002,19391,62071,125548,84667,7,26789,66597,356,39337,8,19969,62107,81676,330,52959,83036,84667,12802,92031,1,12802,81173,132618,17380,134108,85251,128900,13,23084,23872,254,83036,84667,12802,92031,33704,220,16,15,15,15,40853,20401,84255,126673,93701,42039,139647,83277,132931,11,220,16,132618,19391,220,16,15,40853,20401,84255,126673,93701,42039,85413,222,125545,31328,13146,13,23084,23872,254,83036,84667,12802,92031,33704,220,16,24,15,21,126216,19391,84255,133738,24897,20401,90486,134372,28002,19391,62071,125548,84667,7,26789,66597]",48,239,129,191,125,97,28,2.0208333333333335,0.224,1.0078125,1.4921875,0.9765625,3,3,0.0625,"{""1"":1,""3"":2}",143,23,0.16083916083916083,0.2000171896070242,0.20096773840487003,1.3514645583927631,125,28
WIKIPEDIA,P3,ALL_MORPH_BOUNDARY_GUARD,283,c380228747cb05d72568be761a862b5f4049c16e61ad0415e970f0cd1ba7d75a,0.1720449086278677,1,1,True,True,True,[151643],1,5,1,4,1,0,1,0.0,1.0,1.0,4.0,1.0,0,0,0.0,{},3,1,0.3333333333333333,0.001537710428237915,0.001547291874885559,0.028116650879383087,1,1
WIKIPEDIA,P3,ALL_MORPH_BOUNDARY_GUARD,284,7df76593cf73265d4568507c5b9894b6f25290f80a7c02317da7c422b45093a1,10.299640651792288,128,128,True,True,False,"[11,4102,84667,136068,11,4102,28626,17380,28626,11,4102,126835,50340,29346,11,4102,144706,24897,11,4102,19391,12802,24897,11,4102,19391,12802,126445,135379,11,4102,19391,24897,126793,11,4102,19391,12802,131131,134133,11,4102,19391,12802,131131,134133,57,11,4102,19391,12802,131131,134133,57,17,11,4102,19391,12802,131131,134133,57,18,11,4102,19391,12802,131131,134133,57,19,11,4102,19391,12802,131131,134133,57,20,11,4102,19391,12802,131131,134133,57,21,11,4102,19391,12802,131131,134133,57,22,11,4102,19391,12802,131131,134133,57,23,11,4102,19391,12802,131131,134133,57,24,11,4102,19391,12802,131131,134133,57,16,15,11,4102,19391,12802,131131,134133,57,16]",42,207,129,165,128,110,18,2.619047619047619,0.140625,1.0078125,1.2890625,1.0,0,0,0.0,{},123,24,0.1951219512195122,0.11417311243712902,0.11491208896040916,1.1836365554481745,128,18
WIKIPEDIA,P3,ALL_MORPH_BOUNDARY_GUARD,286,92ee651363a0b7be4eb7f7b811613e61255230d8b59da78fa2c8c4a460d25d05,10.018484173342586,128,128,True,True,False,"[59761,49543,125489,382,20487,125166,715,47665,94,33861,16560,143522,129547,144074,24897,56475,18585,238,17877,23084,57089,135298,16560,54116,66019,17877,128956,75232,125489,624,47665,94,33861,16560,143522,98927,93701,56475,18585,238,17877,23084,57089,135298,16560,54116,66019,17877,128956,75232,125489,624,47665,94,33861,16560,143522,98927,93701,56475,18585,238,17877,23084,57089,135298,16560,54116,66019,17877,128956,75232,125489,624,47665,94,33861,16560,143522,98927,93701,56475,18585,238,17877,23084,57089,135298,16560,54116,66019,17877,128956,75232,125489,624,47665,94,33861,16560,143522,98927,93701,56475,18585,238,17877,23084,57089,135298,16560,54116,66019,17877,128956,75232,125489,624,47665,94,33861,16560,143522,98927,93701,56475,18585,238]",39,192,129,153,124,114,10,2.923076923076923,0.08064516129032258,1.0078125,1.1953125,0.96875,5,4,0.1282051282051282,"{""1"":1,""2"":4}",114,28,0.24561403508771928,0.25697884149849415,0.2578454688191414,1.1011868230998516,124,10
WIKIPEDIA,P3,ALL_MORPH_BOUNDARY_GUARD,290,1cfd2dafb5d1659171a4ab7498d4f27d07d3275566a5f1ce8e178b34fa929d49,10.22695248760283,128,128,True,True,False,"[128533,85997,28002,31328,47911,105,145399,33704,138373,20401,47911,105,145399,12802,130092,76337,42039,46319,128909,52300,128900,13,4710,137771,40853,32290,33704,138373,20401,64577,40853,32290,12802,130092,76337,42039,46319,128909,52300,128900,13,138373,20401,64577,40853,32290,33704,138373,20401,64577,40853,32290,12802,130092,76337,42039,46319,128909,52300,128900,13,138373,20401,64577,40853,32290,33704,138373,20401,64577,40853,32290,12802,130092,76337,42039,46319,128909,52300,128900,13,138373,20401,64577,40853,32290,33704,138373,20401,64577,40853,32290,12802,130092,76337,42039,46319,128909,52300,128900,13,138373,20401,64577,40853,32290,33704,138373,20401,64577,40853,32290,12802,130092,76337,42039,46319,128909,52300,128900,13,138373,20401,64577,40853,32290,33704,138373]",41,203,129,162,128,113,15,2.7560975609756095,0.1171875,1.0078125,1.265625,1.0,0,0,0.0,{},121,10,0.08264462809917356,0.1543454471975565,0.15518878400325775,1.1548184305429459,128,15
WIKIPEDIA,P3,ALL_MORPH_BOUNDARY_GUARD,293,3c2712ed7fb6af47e0762e50764ee48937bb7fcea980cc8fbc2c8dd390700f8b,9.65691632591188,128,128,True,True,False,"[23084,16560,142209,242,230,126291,24897,20401,142497,17877,130729,126702,42905,5140,41902,132182,127864,47836,17877,53900,139836,13,130005,11,54825,16560,142209,242,230,126291,24897,20401,142497,17877,130729,126702,42905,5140,41902,132182,127864,47836,17877,53900,139836,13,130005,11,54825,16560,142209,242,230,126291,24897,20401,142497,17877,130729,126702,42905,5140,41902,132182,127864,47836,17877,53900,139836,13,130005,11,54825,16560,142209,242,230,126291,24897,20401,142497,17877,130729,126702,42905,5140,41902,132182,127864,47836,17877,53900,139836,13,130005,11,54825,16560,142209,242,230,126291,24897,20401,142497,17877,130729,126702,42905,5140,41902,132182,127864,47836,17877,53900,139836,13,130005,11,54825,16560,142209,242,230,126291,24897,20401]",37,184,129,147,127,118,9,3.189189189189189,0.07086614173228346,1.0078125,1.1484375,0.9921875,2,1,0.05405405405405406,"{""1"":1,""3"":1}",110,15,0.13636363636363635,0.14278455078601837,0.14359798096120358,1.0380521807819605,127,9
WIKIPEDIA,P3,ALL_MORPH_BOUNDARY_GUARD,302,1059ce196d5193038dadecdec9e75d16cf79f81a9e0f27e45a66818b90751fe1,10.409488907083869,128,128,True,True,False,"[93883,103431,24339,8,42039,126291,92192,51876,624,142976,125714,21329,23259,18411,133970,23573,142654,20401,94203,135444,220,15,12802,97143,126054,11,45130,109,144341,129835,73518,146289,144341,17877,3315,235,101,26698,125714,21329,23259,125703,20401,94203,23259,18411,78374,57801,62107,81676,94315,60960,43866,126270,7,30540,17254,24339,8,42039,126291,92192,51876,624,142976,125714,21329,23259,18411,133970,23573,142654,20401,94203,135444,220,15,12802,97143,126054,11,45130,109,144341,129835,73518,146289,144341,17877,3315,235,101,26698,125714,21329,23259,125703,20401,94203,23259,18411,78374,57801,62107,81676,94315,126174,144210,76337,126270,7,111169,28330,24339,8,42039,126291,92192,51876,382,127027,37087,715,13146,48431,77353,126702,126321]",42,210,129,168,127,109,18,2.5952380952380953,0.14173228346456693,1.0078125,1.3125,0.9921875,4,1,0.09523809523809523,"{""2"":2,""3"":2}",126,20,0.15873015873015872,0.17583968117833138,0.17677008174359798,1.180216757580638,127,18
WIKIPEDIA,P3,ALL_MORPH_BOUNDARY_GUARD,303,6c6ca9f6938375db235b431a79e41f2981ae95eed18325b4dc24f05cd45e8993,11.498138640075922,128,128,True,True,False,"[222,12802,51876,13,35509,40281,24897,126291,92192,126270,33704,129296,128909,66845,23259,124632,56475,130887,136089,128533,135420,28002,94964,62618,13146,382,29281,20401,715,125568,126702,32077,125625,126321,29281,76337,271,20401,60716,18411,58777,42905,126674,18411,128646,140026,13,23084,77353,126702,32077,125625,126321,29281,76337,33704,126174,144210,17877,40720,82190,139107,131050,3315,241,116,28733,90686,382,57026,20487,26698,220,143861,242,94203,23259,126174,144210,11,220,143861,242,58034,23259,126524,47665,94,33861,125489,13,23084,77353,126702,32077,125625,126321,29281,76337,20401,60716,18411,58777,42905,126674,16560,126174,144210,74808,29281,76337,220,124970,60716,18411,58777,42905,126674,80573,126322,32077,129330,13,126174,144210,74808,29281,76337]",51,255,129,204,122,92,30,1.803921568627451,0.2459016393442623,1.0078125,1.59375,0.953125,8,6,0.1568627450980392,"{""1"":3,""2"":3,""3"":2}",153,24,0.1568627450980392,0.23362022452056408,0.23471126705408096,1.4105606470257044,122,30
WIKIPEDIA,P3,ALL_MORPH_BOUNDARY_GUARD,305,74f554253ba79bf4e2e5705b0ef9bd562044f3411ef308617195b123566222cf,9.778120268136263,128,128,True,True,False,"[10764,244,19946,13,54825,16560,220,16,24,24,18,126216,220,16,15,128514,220,16,32077,19391,220,16,21,41429,220,17,24,32077,17380,730,4677,56983,48606,19391,38150,125068,128836,13,54825,16560,220,16,24,24,19,126216,220,16,15,128514,220,16,32077,19391,220,16,23,41429,220,17,24,32077,17380,730,4677,56983,48606,19391,38150,125068,128836,13,54825,16560,220,16,24,24,20,126216,220,16,15,128514,220,16,32077,19391,220,16,24,41429,220,17,24,32077,17380,730,4677,56983,48606,19391,38150,125068,128836,13,54825,16560,220,16,24,24,21,126216,220,16,15,128514,220,16,32077,19391,220,17,15,41429,220,17]",39,194,129,155,128,113,15,2.8974358974358974,0.1171875,1.0078125,1.2109375,1.0,0,0,0.0,{},116,18,0.15517241379310345,0.11122879944741726,0.1119842417538166,1.0793423112481833,128,15
WIKIPEDIA,P3,ALL_MORPH_BOUNDARY_GUARD,309,cbdcc7f7c9ea2a88b6404d1d85d5b01144de344e5defa308c1c809d3a04dac43,10.23114800825715,128,128,True,True,False,"[131040,126800,139269,63089,19969,55673,128215,126204,130092,126800,130137,131293,129262,52959,29346,133373,19969,55673,124780,51876,624,565,220,16,13,73523,35711,198,66845,23573,125496,124785,20401,143522,84255,81650,53442,144276,60960,61741,13,135420,28002,140891,57852,124781,143861,98,135818,69441,231,19969,42905,43115,29326,85403,51588,53680,20136,247,76435,12802,73523,126835,23573,126291,126445,28626,144025,31079,20401,62099,121,20401,132818,69441,231,19969,42905,125466,129439,85403,51588,42039,73518,145422,13146,13,43115,29326,85403,51588,124657,130766,132343,138249,126800,130137,131293,129262,52959,29346,19391,127969,19969,47836,64577,126614,17877,79302,119,16560,13146,13,125466,129439,85403,51588,124657,130766,132343,138249,136581,131040,65306,85251,66845,61741]",41,204,129,163,121,107,14,2.6097560975609757,0.11570247933884298,1.0078125,1.2734375,0.9453125,7,7,0.17073170731707318,"{""1"":1,""2"":4,""3"":2}",122,8,0.06557377049180328,0.1678595319390297,0.16871583834290504,1.1507823280990124,121,14
WIKIPEDIA,P3,ALL_MORPH_BOUNDARY_GUARD,318,1ce00a5684b46f97baed96b36816d2f7d8f6dc43818fd073745d5ddd1d171a90,10.406252320855856,128,128,True,True,False,"[126591,29326,16560,66790,126321,25715,59698,126270,62071,17,92817,19391,126629,66790,126321,25715,59698,137438,17380,128618,97929,132306,382,92817,125519,125496,54330,130788,31328,125496,78125,56290,124785,4710,92817,125519,125496,54330,130788,31328,125496,78125,56290,124785,20401,127820,126591,29326,16560,139107,135898,382,220,16,24,19,23,126216,220,24,128514,220,24,32077,11,65510,125519,125496,54330,130788,31328,125496,78125,56290,124785,20401,134013,31328,69441,231,126345,29326,18411,127820,126591,29326,17380,79207,117,126614,134002,624,220,16,24,20,15,126216,220,16,15,128514,220,16,32077,11,65510,125519,125496,54330,130788,31328,125496,78125,56290,124785,20401,134013,31328,69441,231,126345,29326,18411,69441,231,126345,134990]",42,209,129,167,126,103,23,2.4523809523809526,0.18253968253968253,1.0078125,1.3046875,0.984375,2,2,0.047619047619047616,"{""1"":1,""3"":1}",125,13,0.104,0.17116856575012207,0.17198185250163078,1.1819636356085539,126,23
WIKIPEDIA,P3,ALL_MORPH_BOUNDARY_GUARD,320,1f8ebc1a77efe625563e2cb88fdc629da9588b7dc64d346319c0be31c618d509,11.15360570512712,128,128,True,True,False,"[58777,17380,136239,132306,13,129392,16560,64577,59698,88259,17380,11,127820,126591,25715,59698,47985,16560,64577,59698,88259,80573,58777,17380,136239,132306,13,127820,126591,25715,59698,29326,16560,64577,59698,88259,80573,58777,17380,136239,132306,13,8620,112,239,126346,29326,80573,129392,11,127820,126591,25715,59698,47985,11,127820,126591,25715,59698,29326,16560,44518,129534,88259,17380,136239,132306,13,44518,129534,88259,16560,44518,129534,88259,125118,53680,16751,235,32290,57089,42039,136239,132306,13,16751,235,32290,57089,33704,16751,235,32290,57089,125118,53680,126322,42039,136239,132306,13,126322,33704,126322,125118,53680,126322,42039,136239,132306,13,126322,33704,126322,125118,53680,126322,42039,136239,132306,13,126322,33704,126322,125118,53680,126322]",48,238,129,190,128,100,28,2.0833333333333335,0.21875,1.0078125,1.484375,1.0,0,0,0.0,{},142,7,0.04929577464788732,0.20669624954462051,0.2076884899288416,1.3424960877746344,128,28
WIKIPEDIA,P3,ALL_MORPH_BOUNDARY_GUARD,324,12f418c81947dbadf106fe231f0af4f2df0235c1a7dea0eea490f95d1ee926b3,11.730547221377492,128,128,True,True,False,"[33704,5140,116,234,50340,128732,20401,63332,55054,127042,130271,18411,60960,126414,42905,45130,94,42039,11,54825,20401,45130,94,33704,133196,128552,132488,132872,34395,90686,13,54825,20401,60960,126414,128533,45130,94,42039,16560,330,785,11363,504,358,848,9176,497,330,51682,497,330,10580,56412,2123,497,330,4896,2577,258,2123,497,330,26843,6743,409,63568,1021,1,77002,12802,90686,13,23084,45130,94,128901,5140,116,234,50340,128732,20401,53435,56290,80573,16751,234,131893,17877,133196,19391,125214,132920,5140,41902,132182,127864,47836,17877,10764,244,19946,382,92817,144269,33704,5140,116,234,50340,128732,20401,16751,234,131893,124781,56475,136361,98987,18411,129882,21329,125580,127378,11,54825,20401]",54,270,129,216,119,86,33,1.5925925925925926,0.2773109243697479,1.0078125,1.6875,0.9296875,12,9,0.2222222222222222,"{""1"":5,""2"":2,""3"":5}",162,25,0.15432098765432098,0.22213769517838955,0.22331545129418373,1.4717511963099241,119,33
WIKIPEDIA,P3,ALL_MORPH_BOUNDARY_GUARD,329,7a8b2b90dcf67bc5f67fcf992e58f3120fbf17177d365c60e1ca063ea409b8d2,11.013994740322232,128,128,True,True,False,"[126270,135092,19391,136009,133553,49543,19391,10764,252,62618,68232,26699,126204,137119,95002,28733,90686,13,23084,10764,252,246,17877,58777,125512,28754,130939,129112,382,88259,125512,28754,33704,133553,49543,20401,138519,131837,11,133553,49543,20401,77596,235,47985,11,129093,136913,17877,128956,133553,49543,20401,63757,21329,63154,19391,73986,131000,51876,13,58777,125512,28754,33704,133553,49543,20401,138519,131837,11,133553,49543,20401,77596,235,47985,11,129093,136913,17877,128956,133553,49543,20401,63757,21329,63154,19391,73986,131000,51876,382,88259,125512,28754,20401,74808,129321,33704,133553,49543,20401,143803,20401,132028,57089,126321,129321,53680,137351,124546,130705,11,74808,129321,33704,45130,94,32290,20401,141482,125489,382,88259,125512,28754,20401]",46,230,129,184,123,97,26,2.108695652173913,0.21138211382113822,1.0078125,1.4375,0.9609375,6,5,0.13043478260869565,"{""1"":2,""2"":2,""3"":2}",138,17,0.12318840579710146,0.19926926866173744,0.20027452893555164,1.297172598540783,123,26
WIKIPEDIA,P3,ALL_MORPH_BOUNDARY_GUARD,330,eda994a06370fe22b619699aeae6101f1d6bd07a32f51dbe1fbdd32939421e1f,10.924989784136415,128,128,True,True,False,"[129093,125512,28754,33704,98005,65865,42905,65699,234,126414,124781,56475,92751,132297,128841,92751,32831,28754,42039,11,98005,65865,20401,141482,56475,81718,144709,132064,42039,68232,26699,42905,71108,131137,92751,132297,132306,13,130331,128772,92751,32831,28754,53680,95577,138143,19969,21329,17380,142700,134015,42905,10764,252,246,33704,139429,382,54321,125512,28754,33704,98005,65865,42905,133553,49543,19969,98005,65865,20401,141482,56475,5140,117,254,83277,60315,19969,125476,16560,10764,252,246,42039,11,133553,49543,19969,98005,65865,42905,126322,126246,133788,96137,68232,26699,51876,13,23084,10764,252,246,33704,133553,49543,19969,98005,65865,42905,126322,126246,133788,96137,68232,26699,82190,133553,49543,19969,98005,65865,42905,126322,126246,133788,96137]",45,225,129,180,122,104,18,2.311111111111111,0.14754098360655737,1.0078125,1.40625,0.953125,6,6,0.13333333333333333,"{""1"":4,""2"":1,""3"":1}",135,10,0.07407407407407407,0.247446920722723,0.2484617680311203,1.266718516126275,122,18
WIKIPEDIA,P3,ALL_MORPH_BOUNDARY_GUARD,331,3aeeeaa3723cf26d44c58fb3d0abd786eafd8f56463ffc26819fc5be14967063,11.21323929540813,128,128,True,True,False,"[49543,42905,128584,130651,11,129304,79921,18411,126310,83036,168,77047,17380,139053,47836,28733,136303,128956,128900,13,126310,83036,168,77047,16560,79921,18411,139053,42905,130864,17877,36055,20401,87425,72553,11,79921,18411,139053,42905,130864,33704,126310,83036,168,77047,58677,129695,144091,74808,76337,19391,126629,34143,105,50340,85251,13146,13,126310,83036,168,77047,58677,129695,144091,74808,76337,126377,20076,12,23,11,20076,12,16,21,11,20076,12,18,17,77002,12802,90686,382,125522,83036,168,77047,16560,220,16,24,24,16,126216,19391,62071,29281,133245,127378,11,220,16,24,24,21,126216,126558,220,17,15,15,15,126216,128878,220,19,59761,20401,86831,65865,12802,73518,141438,13,220]",47,234,129,187,121,97,24,2.0638297872340425,0.19834710743801653,1.0078125,1.4609375,0.9453125,7,7,0.14893617021276595,"{""1"":2,""2"":2,""3"":3}",140,19,0.1357142857142857,0.23077956587076187,0.23198282718658447,1.335749952122569,121,24
WIKIPEDIA,P3,ALL_MORPH_BOUNDARY_GUARD,337,ac4c1053ad71d1efd9119f691eba70315f6610a8341e2c138fcd6271f454ed1c,10.611506260931492,128,128,True,True,False,"[124970,23573,128584,130651,11,141769,20401,138704,53680,66790,76337,17877,81718,144059,42039,128956,128900,13,20136,247,35530,33704,58677,21329,80968,45130,120,29281,12802,137621,11,20136,247,35530,20401,98801,16560,58677,21329,80968,137525,18411,132989,51876,13,20136,247,35530,33704,58677,21329,80968,137525,18411,131582,140692,20401,137525,18411,83315,53442,51876,13,20136,247,35530,33704,58677,21329,80968,137525,18411,131582,140692,20401,137525,18411,83315,53442,51876,13,20136,247,35530,33704,58677,21329,80968,137525,18411,131582,140692,20401,137525,18411,83315,53442,51876,13,20136,247,35530,33704,58677,21329,80968,137525,18411,131582,140692,20401,137525,18411,83315,53442,51876,13,20136,247,35530,33704,58677,21329,80968,137525,18411,131582,140692]",40,197,129,157,126,109,17,2.725,0.1349206349206349,1.0078125,1.2265625,0.984375,4,2,0.1,"{""1"":1,""3"":3}",117,19,0.1623931623931624,0.2874261103570461,0.28838315047323704,1.1994583792984486,126,17
WIKIPEDIA,P3,ALL_MORPH_BOUNDARY_GUARD,349,48b8de27ed6f821caa4ae4139e69b140f6275965beebbe7a876876464a234348,10.586685361340642,128,128,True,True,False,"[124517,12802,95996,129062,23573,45130,111,42039,11,220,16,24,21,18,126216,220,16,128514,220,16,32077,43115,55902,131793,47985,80573,43115,55902,131226,47985,20401,136605,18411,20136,102,127148,82190,60960,88259,126861,126346,29326,19969,134739,133381,13,220,16,24,22,18,126216,220,16,128514,220,16,32077,43115,55902,131793,47985,20401,136605,18411,20136,102,127148,82190,60960,88259,126861,126346,29326,19969,134739,133381,13,220,16,24,23,15,126216,220,16,128514,220,16,32077,43115,55902,131226,47985,20401,136605,18411,20136,102,127148,82190,60960,88259,126861,126346,29326,19969,134739,133381,13,220,16,24,24,20,126216,220,16,128514,220,16,32077,43115,55902,131793,47985,20401,136605]",45,222,129,177,125,103,22,2.2888888888888888,0.176,1.0078125,1.3828125,0.9765625,6,3,0.13333333333333333,"{""1"":1,""2"":2,""3"":3}",132,12,0.09090909090909091,0.18481320515275002,0.18569821119308472,1.2467025499790907,125,22
WIKIPEDIA,P3,ALL_MORPH_BOUNDARY_GUARD,352,a98de64ba20c4145cb29f470fd3c39dfa4a1f5bc637eb567d9f1f78f7dca098d,10.456433845683932,128,128,True,True,False,"[116,12802,18411,3315,116,94,29281,66425,130039,40720,128841,54116,88259,16560,73518,127121,56039,33861,56039,33861,1445,276,4413,265,22962,8,125489,382,125068,80901,715,16,73518,127121,56039,33861,284,220,16,15,12,24,125714,33861,198,16,73518,127121,56039,33861,284,220,16,15,12,21,95577,12802,81133,17380,56039,33861,198,16,73518,127121,56039,33861,284,220,16,15,12,18,95577,12802,81133,126605,198,16,73518,127121,56039,33861,284,220,16,15,15,15,142510,129695,56039,33861,198,16,73518,127121,56039,33861,284,220,16,15,15,15,15,15,15,48408,129283,56039,33861,198,16,73518,127121,56039,33861,284,220,16,15,15,15,15,15,15]",44,217,129,173,126,105,21,2.3863636363636362,0.16666666666666666,1.0078125,1.3515625,0.984375,2,2,0.045454545454545456,"{""1"":1,""2"":1}",129,15,0.11627906976744186,0.15105459094047546,0.1519055124372244,1.2396621461957693,126,21
WIKIPEDIA,P3,ALL_MORPH_BOUNDARY_GUARD,355,9d78fae9f4b84a8d2f1fb301fad3e6b1fa8f12fdde56526f83104a6c8165a612,10.00544180907309,128,128,True,True,False,"[23,126216,220,23,128514,220,16,20,32077,128605,125496,124785,20401,125466,76337,124973,20487,17380,66790,29281,133381,624,86372,131529,20487,20401,54116,80573,74361,250,131529,53435,126345,33704,65510,125519,20401,56419,125160,53435,126345,42039,11,65510,125519,20401,56419,125160,53435,126345,31328,74361,250,131529,53435,126345,33704,65510,125519,20401,56419,125160,53435,126345,42039,11,65510,125519,20401,56419,125160,53435,126345,31328,74361,250,131529,53435,126345,33704,65510,125519,20401,56419,125160,53435,126345,31328,74361,250,131529,53435,126345,33704,65510,125519,20401,56419,125160,53435,126345,31328,74361,250,131529,53435,126345,33704,65510,125519,20401,56419,125160,53435,126345,31328,74361,250,131529,53435,126345,33704,65510,125519,20401,56419,125160,53435]",40,200,129,160,128,112,16,2.8,0.125,1.0078125,1.25,1.0,0,0,0.0,{},120,9,0.075,0.15165908634662628,0.15243347361683846,1.1096640955656767,128,16
WIKIPEDIA,P3,ALL_MORPH_BOUNDARY_GUARD,356,574092f95e772799300592bc8b9cd124a94b33fdba07d8195ecbb5534d2f4552,9.784001003950834,128,128,True,True,False,"[144262,11,143522,45130,120,124632,11,28733,124632,11,60039,45130,120,124632,11,125466,124632,11,43115,37087,124632,11,47818,126251,124632,11,133553,28002,124632,11,28927,105,28002,124632,11,139957,31079,124632,11,124970,124632,11,48364,250,51588,124632,11,143522,129547,144074,24897,11,98927,93701,76497,242,25715,31328,11,58677,78125,21329,66019,11,71015,144415,124632,11,125206,124781,124632,11,28733,124632,11,143522,45130,120,124632,11,60039,45130,120,124632,11,125466,124632,11,43115,37087,124632,11,47818,126251,124632,11,133553,28002,124632,11,28927,105,28002,124632,11,139957,31079,124632,11,124970,124632,11,48364,250,51588,124632,11,143522,129547,144074,24897,11,98927,93701,76497,242,25715,31328]",39,194,129,155,128,107,21,2.7435897435897436,0.1640625,1.0078125,1.2109375,1.0,0,0,0.0,{},116,27,0.23275862068965517,0.22389939613640308,0.22462045401334763,1.0663442611694336,128,21
WIKIPEDIA,P3,ALL_MORPH_BOUNDARY_GUARD,359,b508a40cc2349a0fe0806b6fc57cd80700b0a565c997b08a56065d26dc6b173a,9.547505248337984,128,128,True,True,False,"[85251,84255,81650,53442,144276,139957,31079,125489,13,73986,54330,143279,47665,254,12802,125545,33704,95577,12802,81133,17380,43590,126445,28626,20401,659,15373,84255,126673,93701,130109,81133,18411,54116,126641,42039,53900,124905,11,95577,12802,81133,17380,43590,126445,28626,20401,659,15373,84255,126673,93701,130109,81133,18411,54116,126641,42039,128956,128772,84255,81650,53442,144276,139957,31079,80573,47985,91043,65238,132306,13,73986,54330,143279,47665,254,12802,125545,33704,95577,12802,81133,17380,43590,126445,28626,20401,659,15373,84255,126673,93701,130109,81133,18411,54116,126641,42039,53900,124905,11,95577,12802,81133,17380,43590,126445,28626,20401,659,15373,84255,126673,93701,130109,81133,18411,54116,126641,42039,128956,128772,84255,81650,53442,144276,139957]",38,189,129,151,124,113,11,2.973684210526316,0.08870967741935484,1.0078125,1.1796875,0.96875,5,4,0.13157894736842105,"{""2"":2,""3"":3}",113,3,0.02654867256637168,0.13403348065912724,0.13475794531404972,1.0413349624723196,124,11
WIKIPEDIA,P3,ALL_MORPH_BOUNDARY_GUARD,363,a85cc0943047464894a50eff3d8216ecefee637248e76e49b6bc458480227bb5,11.370592426508665,128,128,True,True,False,"[60960,126414,128533,131698,132343,125214,126445,126673,29346,71015,24897,49543,125548,11,53435,56290,31328,97929,124632,20401,60960,126414,128533,131698,132343,62938,60294,29346,56983,70582,53189,50340,40281,24897,125489,624,31328,97929,124632,33704,58677,97929,20401,47818,126251,124632,80968,11,130592,80968,11,53435,56290,80968,127820,132818,131698,42905,20136,247,51588,125489,13,58677,97929,124632,33704,58677,97929,20401,47818,126251,124632,80968,11,130592,80968,11,53435,56290,80968,127820,132818,131698,42905,20136,247,51588,125489,13,58677,97929,124632,33704,58677,97929,20401,47818,126251,124632,80968,11,130592,80968,11,53435,56290,80968,127820,132818,131698,42905,20136,247,51588,125489,13,58677,97929,124632,33704,58677,97929,20401,47818,126251,124632,80968]",51,255,129,204,124,97,27,1.9019607843137254,0.21774193548387097,1.0078125,1.59375,0.96875,4,4,0.0784313725490196,"{""2"":1,""3"":3}",153,20,0.13071895424836602,0.21802274696528912,0.21897484734654427,1.3967742174863815,124,27
WIKIPEDIA,P3,ALL_MORPH_BOUNDARY_GUARD,365,1e1c070b1bef2ab6e396aacad9bcf73b98a4d981786498898ae24776ee73b710,11.338908355683088,128,128,True,True,False,"[143964,125569,67511,126251,47985,133970,51876,13,138266,125569,67511,126251,33704,138266,126291,126445,28626,144025,31079,80573,138266,139236,20401,142497,17877,130729,40853,23573,142497,125489,382,25715,125522,125569,67511,126251,20401,142497,33704,138266,126291,126445,28626,144025,31079,20401,138266,18411,130729,40853,23573,142497,125489,13,138266,126291,126445,28626,144025,31079,20401,138266,16560,40720,25715,126327,126291,126445,28626,144025,31079,18411,138266,139844,57801,40720,47836,28733,64521,138266,11,126291,24897,91605,18411,30520,120,28733,64521,138266,11,126291,24897,91605,18411,88513,47836,28733,64521,138266,11,126291,24897,91605,18411,129242,130609,128808,47836,28733,64521,138266,18411,132989,51876,13,138266,125569,67511,126251,20401,138266,16560,138266,126291,126445,28626,144025]",51,255,129,204,123,91,32,1.7843137254901962,0.2601626016260163,1.0078125,1.59375,0.9609375,8,5,0.1568627450980392,"{""1"":2,""2"":6}",153,9,0.058823529411764705,0.19792097806930542,0.19903579354286194,1.3963960874825716,123,32
WIKIPEDIA,P3,ALL_MORPH_BOUNDARY_GUARD,368,5a0cca804af9a4ba6291e79c3501702339667f91c37e1faee815f787fa38faf0,10.712448740378022,128,128,True,True,False,"[126216,220,16,15,128514,220,16,32077,126558,142209,242,230,43590,24897,17380,73523,126321,133381,13,142209,242,230,34992,44680,242,120,24897,16560,142209,242,230,43590,24897,5140,45881,12802,127601,24897,31328,4253,134664,125466,126402,40720,10764,245,230,19969,26698,6699,2916,8,18411,125686,125548,124905,11,142209,242,230,43590,24897,5140,45881,12802,127601,24897,31328,4253,134664,125466,126402,40720,10764,245,230,19969,26698,6699,2916,8,18411,125686,125548,124905,11,142209,242,230,43590,24897,5140,45881,12802,127601,24897,31328,4253,134664,125466,126402,40720,10764,245,230,19969,26698,6699,2916,8,18411,125686,125548,124905,11,142209,242,230,43590,24897,5140,45881,12802,127601,24897,31328,4253,134664]",46,230,129,184,126,104,22,2.260869565217391,0.1746031746031746,1.0078125,1.4375,0.984375,3,2,0.06521739130434782,"{""1"":1,""3"":2}",138,25,0.18115942028985507,0.19346687570214272,0.1943378858268261,1.263511586934328,126,22
WIKIPEDIA,P3,ALL_MORPH_BOUNDARY_GUARD,377,a817644700090caea23a3c2c6afa118462716027a9c1c7d7ed0ea3df63fac4d3,11.646441902965307,128,128,True,True,False,"[239,130765,80901,128555,133970,51876,13,60716,144120,33704,134664,128552,143522,44518,24897,127649,20401,63332,126246,17877,45710,126641,42905,126174,80901,17380,11,60716,131973,3203,9683,8,16560,60716,144120,17877,131582,60039,18411,79302,119,127451,11,44518,24897,127649,17877,62071,31079,135405,11,54248,18411,77596,238,55902,135298,16560,136357,134953,17877,131670,126174,80901,18411,128956,124889,17877,126254,51876,13,60716,144120,33704,135392,141966,17380,134015,130705,11,54825,70943,136448,130887,134664,128533,141966,16560,85413,117,133415,60716,144120,11,126291,144403,125714,89235,31079,60716,144120,11,23084,84667,32077,60716,144120,77002,12802,90686,13,131367,60716,144120,33704,126799,60039,126310,69923,11,40771,230,128024,126352,53442,10764,249,242]",53,260,129,207,123,84,39,1.5849056603773586,0.3170731707317073,1.0078125,1.6171875,0.9609375,6,5,0.11320754716981132,"{""1"":4,""3"":2}",154,16,0.1038961038961039,0.28136356361210346,0.2826138846576214,1.4594127107411623,123,39
WIKIPEDIA,P3,ALL_MORPH_BOUNDARY_GUARD,379,c3be02a96658456b9b332ff2276bc76869acd89913d1a352517429db045a3eb6,10.22815172933042,128,128,True,True,False,"[271,55054,65865,33704,220,16,20,41429,20487,126558,93721,133381,13,220,16,20,41429,20487,126377,126440,31079,32129,65865,12802,134108,141798,13,220,16,21,41429,20487,126377,84255,133738,24897,31079,32129,65865,12802,134108,141798,13,220,16,22,41429,20487,126377,64805,227,32077,31079,32129,65865,12802,134108,141798,13,220,16,23,41429,20487,126377,23084,136068,28002,52959,31079,32129,65865,12802,134108,141798,13,220,16,24,41429,20487,126377,79207,44680,236,246,31328,31079,32129,65865,12802,134108,141798,13,220,17,15,41429,20487,126377,138373,31079,32129,65865,12802,134108,141798,13,220,17,16,41429,20487,126377,136293,31079,32129,65865,12802,134108,141798,13,220,17,17,41429,20487,126377]",42,210,129,168,123,109,14,2.5952380952380953,0.11382113821138211,1.0078125,1.3125,0.9609375,6,5,0.14285714285714285,"{""1"":2,""2"":2,""3"":2}",126,19,0.15079365079365079,0.1832997128367424,0.18420858308672905,1.1613836698234081,123,14
WIKIPEDIA,P3,ALL_MORPH_BOUNDARY_GUARD,383,de4d7317db0d123b62d11d4054f21ac25ac9bf587da630a45768512c83a0dea4,10.383468341082335,128,128,True,True,False,"[8,16560,220,16,24,23,15,126216,19391,73523,126835,52300,48364,104,84621,83666,129547,144074,126291,126445,28626,144025,31079,125489,13,220,16,24,23,15,126216,66845,83315,126641,126558,220,16,24,24,15,126216,66845,83315,126641,128878,16560,47665,94,33861,129547,144074,12802,55673,97929,124982,33509,60315,11,220,16,24,24,15,126216,66845,70943,126641,126558,5140,252,246,24897,33861,129547,144074,12802,55673,97929,19969,97143,125761,13,220,16,24,24,15,126216,66845,70943,126641,126558,220,17,15,15,15,126216,66845,83315,126641,128878,16560,47665,94,33861,129547,144074,53680,5140,252,246,24897,33861,129547,144074,12802,129676,40720,133381,13,220,17,15,15,15,126216,66845]",44,218,129,174,126,105,21,2.3863636363636362,0.16666666666666666,1.0078125,1.359375,0.984375,2,2,0.045454545454545456,"{""1"":1,""2"":1}",130,10,0.07692307692307693,0.14909767918288708,0.14994751662015915,1.2118547093123198,126,21
WIKIPEDIA,P3,ALL_MORPH_BOUNDARY_GUARD,390,551f0cde62b24efd28188d421b8d9710de200ba46730550fc05ddf0247d95417,12.172744365409017,128,128,True,True,False,"[29346,142496,20401,129419,47665,94,33861,220,128355,220,20401,141767,144033,50340,144238,33704,139107,135898,382,57026,20487,26698,220,16560,220,16,126558,220,128878,20401,20136,102,125489,382,12802,77353,85057,33704,139107,129381,128677,128732,17877,35509,85251,13146,382,127048,65238,126270,135092,25,715,82619,128747,126270,135092,25,715,128618,130609,126270,135092,25,4710,12802,128677,128732,128901,141767,144033,50340,144238,12802,66136,80968,17877,139646,16560,129337,63332,40853,51876,382,126952,125511,11,141767,144033,50340,144238,33704,139107,129381,128677,128732,17877,35509,85251,13146,382,220,15,12,16,126785,135092,25,715,220,15,12,16,126785,135092,25,4710,12802,128677,128732,128901,141767,144033,50340,144238,12802,37064,57160]",54,266,129,212,128,92,36,1.7037037037037037,0.28125,1.0078125,1.65625,1.0,0,0,0.0,{},158,150,0.9493670886075949,0.6674701757729053,0.6686506271362305,1.4900328367948532,128,36
WIKIPEDIA,P3,ALL_MORPH_BOUNDARY_GUARD,396,abb335de51d31387c63a9a045ea94a0f1439e0a032137e2c746ec9bd8e70f35c,10.712572311982512,128,128,True,True,False,"[246,17877,3315,116,94,29281,134002,13,3315,123,101,144371,33704,129419,18585,238,65865,16186,136541,19391,68232,26699,42905,10764,252,246,17877,3315,116,94,29281,66425,130039,40771,230,126299,78125,17877,40720,134002,13,40771,230,126299,78125,33704,56419,16186,18411,57547,47836,28733,64521,143861,98,28754,12802,90686,13,3315,123,101,144371,33704,129419,73523,20401,40771,230,126299,78125,17877,40720,82190,129419,18585,238,65865,16186,136541,19391,68232,26699,42905,10764,252,246,17877,3315,116,94,29281,134002,13,129419,73523,20401,40771,230,126299,78125,33704,137765,128772,56419,16186,18411,131670,137046,13,3315,123,101,144371,33704,129419,73523,20401,40771,230,126299,78125,17877,137765,48108,222,28002,5140]",46,229,129,183,122,101,21,2.1956521739130435,0.1721311475409836,1.0078125,1.4296875,0.953125,8,6,0.17391304347826086,"{""1"":5,""2"":3}",137,17,0.12408759124087591,0.20408840291202068,0.20506461709737778,1.2637843806296587,122,21
WIKIPEDIA,P3,ALL_MORPH_BOUNDARY_GUARD,398,7b4e03ef0e2398942f3f8414702a8f67fe8e5878b2023b70b0b18a3ffbe9f84f,10.246252235025167,128,128,True,True,False,"[94,33861,11,143861,242,139052,32290,362,18411,5140,239,246,60294,140611,34395,64521,85403,129262,647,18411,135513,142907,13146,13,23084,16560,69441,238,139822,32290,17877,5140,239,246,60294,140611,34395,64521,85403,129262,647,66136,20401,56419,16186,131837,17877,135513,142907,13146,382,19969,40281,24897,126785,135092,20401,125714,79716,141966,16560,139107,135898,624,715,57026,20487,26698,143861,242,56419,20487,40853,11,143861,242,56419,16186,22042,222,47985,125489,382,19969,40281,24897,126785,135092,20401,125714,79716,141966,16560,56419,20487,40853,20401,95996,85057,17877,135513,142907,13146,13,56419,20487,40853,20401,95996,85057,33704,56419,16186,22042,222,47985,19391,73986,131000,51876,13,56419,20487,40853,20401,95996,85057,12802]",43,213,129,170,128,103,25,2.395348837209302,0.1953125,1.0078125,1.328125,1.0,2,0,0.046511627906976744,"{""3"":2}",127,23,0.18110236220472442,0.18376312218606472,0.1846529971808195,1.1778089050203562,128,25
WIKIPEDIA,P3,ALL_MORPH_BOUNDARY_GUARD,417,e2b8ecbe9a4a8665d1751c0fa4decc91fc307eeea7c23384236c695b827b5d2c,9.847351897507906,128,128,True,True,False,"[31079,60315,26698,16560,37064,94,55902,56475,47818,125991,130705,11,140094,20401,54969,131347,97929,16560,37064,94,55902,56475,47818,125991,51876,13,54969,131347,97929,16560,37064,94,55902,56475,47818,125991,42905,48364,247,132526,57089,126251,20401,220,16,15,4,131219,18411,129882,21329,51876,13,54969,131347,97929,16560,37064,94,55902,56475,47818,125991,42905,48364,247,132526,57089,126251,20401,220,16,15,4,131219,18411,129882,21329,51876,13,54969,131347,97929,16560,37064,94,55902,56475,47818,125991,42905,48364,247,132526,57089,126251,20401,220,16,15,4,131219,18411,129882,21329,51876,13,54969,131347,97929,16560,37064,94,55902,56475,47818,125991,42905,48364,247,132526,57089,126251,20401,220,16,15,4]",40,198,129,158,125,112,13,2.8,0.104,1.0078125,1.234375,0.9765625,3,3,0.075,"{""2"":3}",118,22,0.1864406779661017,0.1702458281069994,0.17108551040291786,1.0981041472405195,125,13
WIKIPEDIA,P3,ALL_MORPH_BOUNDARY_GUARD,418,12b68832d675fba33005ec5a16f5eb7e1f60f992b7b4308221b15535df1d2f9d,9.618007665500045,128,128,True,True,False,"[128836,13,126322,126251,124632,20401,142497,33704,220,16,23,41429,20487,126254,19391,141965,32831,133381,13,23084,65865,126377,126322,126251,124632,12802,47818,126251,124632,20401,136605,79716,42039,26698,11,47818,126251,124632,20401,136605,79716,42039,26698,11,47818,126251,124632,20401,136605,79716,42039,26698,11,47818,126251,124632,20401,136605,79716,42039,26698,11,47818,126251,124632,20401,136605,79716,42039,26698,11,47818,126251,124632,20401,136605,79716,42039,26698,11,47818,126251,124632,20401,136605,79716,42039,26698,11,47818,126251,124632,20401,136605,79716,42039,26698,11,47818,126251,124632,20401,136605,79716,42039,26698,11,47818,126251,124632,20401,136605,79716,42039,26698,11,47818,126251,124632,20401,136605,79716,42039,26698,11,47818,126251,124632]",38,187,129,149,128,119,9,3.1315789473684212,0.0703125,1.0078125,1.1640625,1.0,0,0,0.0,{},111,5,0.04504504504504504,0.13688691519200802,0.13765262812376022,1.0533515959978104,128,9
WIKIPEDIA,P3,ALL_MORPH_BOUNDARY_GUARD,425,1f8e12a4832f83d55af0bafb40de4f70e8921cf86581761e2bc02335a2f62c9e,10.035175364464521,128,128,True,True,False,"[36330,250,62275,198,32077,125822,20401,126291,125624,198,32077,125822,31079,126291,125624,198,32077,125822,20401,141526,66845,126291,125624,198,32077,125822,20401,220,17,15,41429,20487,126291,125624,198,32077,125822,20401,220,17,15,41429,20487,53435,124632,198,32077,125822,20401,220,17,15,41429,20487,53435,124632,143586,198,32077,125822,20401,141526,66845,53435,124632,143586,198,32077,125822,20401,141526,66845,53435,124632,198,32077,125822,20401,141526,66845,53435,124632,143586,198,32077,125822,20401,141526,66845,53435,124632,198,32077,125822,20401,141526,66845,53435,124632,143586,198,32077,125822,20401,141526,66845,53435,124632,198,32077,125822,20401,141526,66845,53435,124632,143586,198,32077,125822,20401,141526,66845,53435,124632,198,32077,125822]",41,204,129,163,128,110,18,2.682926829268293,0.140625,1.0078125,1.2734375,1.0,0,0,0.0,{},122,18,0.14754098360655737,0.12852535769343376,0.12918038293719292,1.1432403773069382,128,18
WIKIPEDIA,P3,ALL_MORPH_BOUNDARY_GUARD,436,9e085b274373dc949c59950806708598a22d36aa98941eba97ca4ffffc414f8d,12.313163671642542,128,128,True,True,False,"[124632,20401,126440,31079,124632,142220,17380,129242,125545,128836,13,54825,16560,220,16,24,18,22,126216,19391,220,43520,31328,62275,20401,136608,35661,7,785,11099,315,12592,85087,8,44518,28002,134133,20401,48364,104,84621,83666,138001,31328,220,43520,31328,62275,20401,136608,25,220,16,13,58677,97929,20401,74361,226,76435,53680,10764,245,97,125548,40281,31328,20401,74361,226,76435,35661,7,785,11099,315,12592,85087,25,220,16,13,576,5893,315,27252,53855,3660,3776,25,576,27252,9536,323,6944,467,1003,819,8,17877,36330,250,129382,128836,13,220,16,24,20,19,126216,19391,220,43520,31328,62275,20401,136608,35661,44518,28002,134133,20401,140887,138001,31328,220,43520]",57,285,129,228,127,82,45,1.4385964912280702,0.3543307086614173,1.0078125,1.78125,0.9921875,1,1,0.017543859649122806,"{""3"":1}",171,46,0.26900584795321636,0.25487807765603065,0.25612203776836395,1.5837962348014116,127,45
WIKIPEDIA,P3,ALL_MORPH_BOUNDARY_GUARD,437,105f270d0d3f5a9473a847111f2f361b51070d524177b0cd41864be23b1f9d7e,11.0034557916224,113,113,True,True,True,"[66845,11,38523,101,66845,11,134312,117,21329,126321,20401,60716,126345,11,34143,112,23259,11,128719,28733,92817,20401,135392,46832,246,65306,56475,142300,132306,13,133553,34395,135854,135392,47818,86372,80968,127864,47836,17877,139393,130705,11,137767,117,12802,130472,20401,136605,17380,68232,26699,126204,11,28733,76435,47818,86372,124781,20401,130270,130262,17877,139871,42905,5140,41902,136361,127864,47836,17877,129112,13,130005,11,133553,34395,135854,133204,20401,28927,251,131837,125466,128911,54321,42039,47985,136361,127864,47836,17877,53900,124905,11,124685,124517,53680,28733,85057,126251,127165,108,124517,56475,136361,64577,54321,42039,140969,132306,13,151643]",52,260,113,208,111,69,42,1.3269230769230769,0.3783783783783784,1.0,1.8407079646017699,0.9823008849557522,4,2,0.07692307692307693,"{""1"":2,""3"":2}",156,21,0.1346153846153846,0.2377694621682167,0.2388591654598713,1.4269422106444836,111,42
WIKIPEDIA,P3,ALL_MORPH_BOUNDARY_GUARD,438,8a712f52f519e4dc8ba1ca2f1856de55ddf960821a409fa43baca307df51a3ff,10.382957091555,128,128,True,True,False,"[124905,11,132270,20401,140094,20401,124685,97929,19969,23084,129413,19391,77596,235,51876,13,23084,129413,33704,220,16,24,41429,20487,94315,126641,19391,136065,42039,128618,97929,133381,13,23084,129413,33704,220,16,24,41429,20487,94315,126641,19391,136065,42039,128618,97929,133381,13,23084,129413,33704,220,16,24,41429,20487,94315,126641,19391,136065,42039,128618,97929,133381,382,79716,97929,198,65306,138924,31079,55902,130262,33704,220,16,24,41429,20487,94315,126641,19391,136065,42039,128618,97929,133381,13,23084,129413,33704,220,16,24,41429,20487,94315,126641,19391,136065,42039,128618,97929,133381,13,23084,129413,33704,220,16,24,41429,20487,94315,126641,19391,136065,42039,128618,97929,133381,382,79716,97929,198,65306]",44,219,129,175,127,106,21,2.409090909090909,0.16535433070866143,1.0078125,1.3671875,0.9921875,2,1,0.045454545454545456,"{""2"":2}",131,7,0.05343511450381679,0.15210785157978535,0.1530220489948988,1.2071728743612766,127,21
WIKIPEDIA,P3,ALL_MORPH_BOUNDARY_GUARD,439,9fe03a076b73e5be9d163899ef8c6ef62fe0cd601832f9519105fe3b71b7694d,9.54265122115612,128,128,True,True,False,"[93672,133553,144639,144548,18411,126563,33883,133553,77596,235,56475,5140,244,254,57268,125548,127451,35509,50340,144125,127451,129112,13,77353,138924,31079,97929,16560,140094,20401,133553,34395,20487,129885,126366,73077,53442,127166,28733,90686,13,77353,138924,31079,97929,16560,140094,20401,133553,34395,20487,129885,126366,73077,53442,127166,28733,90686,13,77353,138924,31079,97929,16560,140094,20401,133553,34395,20487,129885,126366,73077,53442,127166,28733,90686,13,77353,138924,31079,97929,16560,140094,20401,133553,34395,20487,129885,126366,73077,53442,127166,28733,90686,13,77353,138924,31079,97929,16560,140094,20401,133553,34395,20487,129885,126366,73077,53442,127166,28733,90686,13,77353,138924,31079,97929,16560,140094,20401,133553,34395,20487,129885,126366,73077,53442,127166]",38,188,129,150,125,116,9,3.0526315789473686,0.072,1.0078125,1.171875,0.9765625,3,3,0.07894736842105263,"{""1"":1,""2"":1,""3"":1}",112,11,0.09821428571428571,0.1721996795386076,0.17296878434717655,1.0378559064120054,125,9
WIKIPEDIA,P3,ALL_MORPH_BOUNDARY_GUARD,441,cdb8487a6b25b394fc06a27eb5a9333148c77151699c39fef85c1e3423cda388,9.61736086383462,128,128,True,True,False,"[1323,6591,340,126429,129510,31079,126299,320,50,874,652,8,481,126310,32077,126337,126429,129510,31079,3759,13,274,874,652,340,126429,129510,31079,126299,320,50,874,652,316,29869,8,481,220,19,126337,198,126429,129510,31079,126299,320,50,874,652,316,29869,8,481,220,16,126337,198,126429,129510,31079,126299,320,50,874,652,316,29869,8,481,220,16,126337,198,126429,129510,31079,126299,320,50,874,652,316,29869,8,481,220,16,126337,198,126429,129510,31079,126299,320,50,874,652,316,29869,8,481,220,16,126337,198,126429,129510,31079,126299,320,50,874,652,316,29869,8,481,220,16,126337,198,126429,129510,31079,126299,320,50,874]",39,192,129,153,128,116,12,2.9743589743589745,0.09375,1.0078125,1.1953125,1.0,0,0,0.0,{},114,12,0.10526315789473684,0.09943089447915554,0.10012195259332657,1.0700670890510082,128,12
WIKIPEDIA,P3,ALL_MORPH_BOUNDARY_GUARD,442,f307875caa0ce15287edf8ff61aae8de086e7d0e07d01f45be0f494906408d73,10.183549532666802,128,128,True,True,False,"[93,20,59761,20401,85322,33704,77226,18585,238,12802,90686,13,36978,116,33704,40771,116,34395,5140,239,98,83291,124905,11,8620,120,105,28002,19969,40771,116,13146,13,36978,116,20401,139274,132064,33704,40771,116,34395,5140,239,98,83291,124905,11,8620,120,105,28002,19969,40771,116,13146,13,36978,116,20401,139274,132064,33704,40771,116,34395,5140,239,98,83291,124905,11,8620,120,105,28002,19969,40771,116,13146,13,36978,116,20401,139274,132064,33704,40771,116,34395,5140,239,98,83291,124905,11,8620,120,105,28002,19969,40771,116,13146,13,36978,116,20401,139274,132064,33704,40771,116,34395,5140,239,98,83291,124905,11,8620,120,105,28002,19969,40771,116,13146]",42,209,129,167,128,108,20,2.5714285714285716,0.15625,1.0078125,1.3046875,1.0,0,0,0.0,{},125,39,0.312,0.22072113305330276,0.2214921284466982,1.151230052113533,128,20
WIKIPEDIA,P3,ALL_MORPH_BOUNDARY_GUARD,445,b3887c832b1cfd2401ab846dd9cf22a1d9febe2fef78e848990a952304644082,13.031433744356036,128,128,True,True,False,"[126345,17877,5140,223,120,34395,129624,56039,20401,129624,63089,80573,139963,63089,18411,141819,42905,66790,126402,33883,80573,60960,26698,126345,17877,141819,42905,66790,126402,33883,60716,129640,17877,66790,60315,139963,132064,42039,16560,90711,254,126673,80573,11,89860,132064,42039,16560,124657,126746,53680,12802,80573,11,129624,132064,42039,16560,54969,60315,125544,80573,124973,65306,17877,141965,32831,126204,90686,13,129624,56039,56475,130887,132182,137449,17380,11,48108,112,80968,33704,220,17,11,22,23,15,11,19,15,15,16017,17,17380,129624,56039,20401,220,16,14,18,17877,129882,21329,51876,13,58677,88259,16560,220,19,11,19,15,15,72553,79632,42039,129624,56039,56475,129419,84621,83666,17380,126735,127378]",64,317,129,253,124,70,54,1.09375,0.43548387096774194,1.0078125,1.9765625,0.96875,4,4,0.0625,"{""1"":3,""2"":1}",189,16,0.08465608465608465,0.24119998328387737,0.24243815802037716,1.751204440370202,124,54
WIKIPEDIA,P3,ALL_MORPH_BOUNDARY_GUARD,447,f1ec5ceb7b902f067abd34cb3ced4d29c7c3c8b5a463af0387492ffdf5a1d56a,11.347141243517399,128,128,True,True,False,"[16560,95996,11,45104,242,11,137767,116,28002,134454,40720,82190,125466,17877,85413,222,125545,31328,13146,13,125466,17877,10764,230,105,88259,42905,129274,10764,245,230,26699,132553,137764,13,125466,17877,10764,230,105,88259,42905,129274,10764,245,230,26699,132553,137764,13,125466,17877,10764,230,105,88259,42905,129274,10764,245,230,26699,132553,137764,13,125466,17877,10764,230,105,88259,42905,129274,10764,245,230,26699,132553,137764,13,125466,17877,10764,230,105,88259,42905,129274,10764,245,230,26699,132553,137764,13,125466,17877,10764,230,105,88259,42905,129274,10764,245,230,26699,132553,137764,13,125466,17877,10764,230,105,88259,42905,129274,10764,245,230,26699,132553,137764,13,125466,17877,10764]",50,250,129,200,113,98,15,1.96,0.13274336283185842,1.0078125,1.5625,0.8828125,16,15,0.32,"{""1"":7,""2"":7,""3"":2}",150,44,0.29333333333333333,0.2729696314781904,0.2740501966327429,1.3758819438517094,113,15
WIKIPEDIA,P3,ALL_MORPH_BOUNDARY_GUARD,451,3905fa6c12ad356e1b7e416e7024ad5414d051e7fa3ac57e77b51537058f61f1,10.506978936493397,128,128,True,True,False,"[65306,17877,143188,126204,90686,13,58677,88259,16560,23872,121,220,18,72553,220,20,129034,72553,79632,42039,133196,56475,220,18,137104,17380,126735,13146,13,220,17,15,16,16,126216,54116,129044,42039,133196,56475,130887,5140,228,240,33704,58677,88259,22042,222,47985,18411,35509,85251,133152,125489,13,220,17,15,16,16,126216,54116,129044,42039,133196,56475,130887,5140,228,240,33704,58677,88259,22042,222,47985,18411,35509,85251,133152,125489,13,220,17,15,16,16,126216,54116,129044,42039,133196,56475,130887,5140,228,240,33704,58677,88259,22042,222,47985,18411,35509,85251,133152,125489,13,220,17,15,16,16,126216,54116,129044,42039,133196,56475,130887,5140,228,240,33704,58677,88259]",45,224,129,179,122,103,19,2.2888888888888888,0.1557377049180328,1.0078125,1.3984375,0.953125,6,6,0.13333333333333333,"{""1"":4,""2"":1,""3"":1}",134,23,0.17164179104477612,0.17335260659456253,0.17423301935195923,1.2344267964363098,122,19
WIKIPEDIA,P3,ALL_MORPH_BOUNDARY_GUARD,456,54f43ac293a04c42908a36eee40f34785a71a90b8a74dd3d27e6fad4b09425a6,10.090021420270205,128,128,True,True,False,"[132662,20401,62071,16,125625,133196,66845,65865,127969,65865,129296,129709,624,220,16,24,16,22,126216,481,62071,16,125625,133196,66845,65865,56475,64805,227,32077,12802,62071,124785,60716,129534,17877,60716,49543,51876,624,220,16,24,17,15,126216,481,62071,16,125625,133196,66845,65865,56475,64805,227,32077,12802,62071,124785,60716,129534,17877,60716,49543,51876,624,220,16,24,17,16,126216,481,62071,16,125625,133196,66845,65865,56475,64805,227,32077,12802,62071,124785,60716,129534,17877,60716,49543,51876,624,220,16,24,17,17,126216,481,62071,16,125625,133196,66845,65865,56475,64805,227,32077,12802,62071,124785,60716,129534,17877,60716,49543,51876,624,220,16,24,17,18,126216,481]",42,209,129,167,128,110,18,2.619047619047619,0.140625,1.0078125,1.3046875,1.0,0,0,0.0,{},125,16,0.128,0.16660726256668568,0.1674238946288824,1.147399539127946,128,18
WIKIPEDIA,P3,ALL_MORPH_BOUNDARY_GUARD,460,a2dfd950c0404d8f8ee21e0224aaf4ad450e8f9d157cbd279b6f909447324bb5,10.916702007874846,128,128,True,True,False,"[15,16,126216,481,132662,20401,136774,12802,97143,20487,56419,19391,134014,32985,98,144022,28002,19969,3315,112,251,129502,42039,26698,3315,118,246,28002,128808,83036,52959,54330,18411,141875,128836,624,220,16,24,15,17,126216,481,132662,20401,136774,12802,97143,20487,56419,19391,37064,234,28002,134929,10764,245,97,12802,134133,19969,3315,112,251,129502,42039,26698,3315,118,246,28002,128808,83036,52959,54330,18411,141875,128836,624,220,16,24,15,18,126216,481,132662,20401,136774,12802,97143,20487,56419,19391,37064,234,28002,134929,10764,245,97,12802,134133,19969,3315,112,251,129502,42039,26698,3315,118,246,28002,128808,83036,52959,54330,18411,141875,128836,624,220,16,24,15,19,126216]",48,237,129,189,127,102,25,2.125,0.1968503937007874,1.0078125,1.4765625,0.9921875,3,1,0.0625,"{""3"":3}",141,26,0.18439716312056736,0.20421005971729755,0.20511066354811192,1.3173318970948458,127,25
