prompt_id,rejected,misalignment,fragmentation,draft_entropy,target_entropy,proposal_position
0,0,0.0,3.0,2.1402337551116943,1.8254801034927368,2
0,0,0.0,3.0,0.4462451934814453,0.38873550295829773,3
0,0,0.0,3.0,1.8193925619125366,1.465595006942749,4
0,0,0.19999999999999996,3.0,2.83430552482605,3.1995584964752197,1
0,0,0.19999999999999996,3.0,2.1877858638763428,2.0487160682678223,2
0,1,0.19999999999999996,3.0,0.9578710794448853,0.8459131717681885,3
0,0,0.4285714285714285,6.0,0.4168240427970886,0.7379569411277771,2
0,0,0.4285714285714285,6.0,0.17323808372020721,0.2551558017730713,3
0,1,0.4285714285714285,6.0,1.366242527961731,1.239861249923706,4
0,1,0.4285714285714285,6.0,2.1969192028045654,2.1425936222076416,1
0,0,0.4285714285714285,6.0,0.1525014042854309,0.12155026197433472,1
0,1,0.4285714285714285,6.0,4.239448547363281,3.700416088104248,2
0,1,0.33333333333333337,3.0,5.0461883544921875,4.145357131958008,1
0,0,0.33333333333333337,3.0,2.0748839378356934,0.17990267276763916,1
0,1,0.33333333333333337,3.0,4.911593437194824,3.667414665222168,2
0,0,1.0,2.0,5.049267292022705,3.6066689491271973,1
0,1,1.0,2.0,2.400923013687134,2.232761859893799,2
0,1,0.33333333333333337,3.0,5.444538593292236,3.907576560974121,1
0,1,0.33333333333333337,3.0,2.269395351409912,0.2524544596672058,1
0,0,0.33333333333333337,3.0,3.4911274909973145,2.8049066066741943,1
0,1,0.4285714285714285,4.0,4.003878593444824,3.0536770820617676,2
0,0,0.4285714285714285,4.0,0.7719038128852844,0.039713304489851,1
0,0,0.4285714285714285,4.0,1.6337741613388062,0.6649914979934692,2
0,0,0.4285714285714285,4.0,2.039534330368042,1.9068470001220703,3
0,1,0.4285714285714285,4.0,1.1470839977264404,0.9497500658035278,4
0,0,0.4285714285714285,6.0,0.35410135984420776,0.4153001606464386,2
0,0,0.4285714285714285,6.0,0.08694931119680405,0.060930073261260986,3
0,1,0.4285714285714285,6.0,0.8209071159362793,1.1131294965744019,4
0,1,0.4285714285714285,6.0,2.025979518890381,1.5655221939086914,1
0,0,0.4285714285714285,6.0,0.1415892392396927,0.13525879383087158,1
0,0,0.4285714285714285,6.0,3.147101402282715,2.664825677871704,2
0,0,0.33333333333333337,3.0,4.9346604347229,3.192784070968628,3
0,0,0.33333333333333337,3.0,1.5513958930969238,0.10576385259628296,4
0,0,0.33333333333333337,3.0,4.019097328186035,3.587581157684326,1
0,0,1.0,2.0,4.589364051818848,2.801471471786499,2
0,0,1.0,2.0,1.2722749710083008,0.1560443788766861,3
0,0,0.33333333333333337,3.0,4.256013870239258,2.180792808532715,4
0,0,0.33333333333333337,3.0,1.8990230560302734,0.5646266937255859,1
0,0,0.33333333333333337,3.0,2.1611671447753906,2.418545722961426,2
0,0,0.4285714285714285,4.0,3.2081806659698486,2.640374183654785,3
0,0,0.4285714285714285,4.0,0.12956276535987854,0.07985413819551468,4
0,0,0.4285714285714285,4.0,0.25722360610961914,0.08997375518083572,1
0,0,0.4285714285714285,4.0,1.5043394565582275,1.1150182485580444,2
0,0,0.4285714285714285,4.0,1.1064841747283936,0.8882668018341064,3
0,0,0.4285714285714285,6.0,0.12356257438659668,0.1682688146829605,1
0,0,0.4285714285714285,6.0,0.016687368974089622,0.018973439931869507,2
0,0,0.4285714285714285,6.0,0.9542068243026733,1.0489856004714966,3
0,1,0.4285714285714285,6.0,1.9542638063430786,1.8814136981964111,4
0,0,0.4285714285714285,6.0,0.31267282366752625,0.2206646203994751,1
0,0,0.4285714285714285,6.0,2.425286293029785,2.4212825298309326,2
0,0,0.33333333333333337,3.0,4.417699813842773,3.251784086227417,3
0,0,0.33333333333333337,3.0,0.39513838291168213,0.031296297907829285,4
0,0,0.33333333333333337,3.0,1.0319651365280151,1.837809443473816,1
0,0,1.0,2.0,2.7565884590148926,0.3017648458480835,2
0,0,1.0,2.0,0.15998312830924988,0.01573832333087921,3
0,0,0.33333333333333337,3.0,1.2588727474212646,0.32648390531539917,4
0,0,0.33333333333333337,3.0,0.06336323916912079,0.04320121556520462,1
0,0,0.33333333333333337,3.0,0.07073242962360382,0.14058691263198853,2
0,0,0.4285714285714285,4.0,0.24824540317058563,0.3889175057411194,3
0,0,0.4285714285714285,4.0,0.013118003495037556,0.0008807852282188833,4
0,0,0.4285714285714285,4.0,0.03007527068257332,0.004054361023008823,1
0,0,0.4285714285714285,4.0,0.31066736578941345,0.1778472363948822,2
0,0,0.4285714285714285,4.0,0.9755429625511169,0.8356096148490906,3
0,0,0.4285714285714285,6.0,0.06280554831027985,0.14002089202404022,1
0,0,0.4285714285714285,6.0,0.013236457481980324,0.02234964445233345,2
0,0,0.4285714285714285,6.0,0.8518722653388977,0.9521802067756653,3
0,0,0.4285714285714285,6.0,1.969002366065979,1.4682515859603882,4
0,0,0.4285714285714285,6.0,0.11167353391647339,0.06948705017566681,1
0,0,0.4285714285714285,6.0,0.6988427639007568,1.1796380281448364,2
0,0,0.33333333333333337,3.0,1.076343059539795,0.944776177406311,3
0,0,0.33333333333333337,3.0,0.02511599473655224,0.008475478738546371,4
0,0,0.33333333333333337,3.0,0.12071827054023743,0.3929385542869568,1
0,0,1.0,2.0,0.45473724603652954,0.08578307926654816,2
0,0,1.0,2.0,0.019076239317655563,0.008924534544348717,3
0,0,0.33333333333333337,3.0,0.2140960991382599,0.08479180932044983,4
0,0,0.33333333333333337,3.0,0.006699101068079472,0.004848112817853689,1
0,0,0.33333333333333337,3.0,0.009299792349338531,0.0698457881808281,2
0,0,0.4285714285714285,4.0,0.057793088257312775,0.11858963221311569,3
0,0,0.4285714285714285,4.0,0.004628537222743034,0.00024205520458053797,4
0,0,0.4285714285714285,4.0,0.012058187276124954,0.0021252005826681852,1
0,0,0.4285714285714285,4.0,0.06373105198144913,0.07947376370429993,2
0,0,0.4285714285714285,4.0,0.917142927646637,0.755753219127655,3
0,0,0.4285714285714285,6.0,0.03740681707859039,0.06951636075973511,1
0,0,0.4285714285714285,6.0,0.010323695838451385,0.014254969544708729,2
0,0,0.4285714285714285,6.0,0.6152891516685486,0.5680996775627136,3
0,0,0.4285714285714285,6.0,1.5215106010437012,0.6845359206199646,4
0,0,0.4285714285714285,6.0,0.032633036375045776,0.011034809984266758,1
0,0,0.4285714285714285,6.0,0.17771969735622406,0.24609944224357605,2
0,0,0.33333333333333337,3.0,0.3013443648815155,0.17823144793510437,3
0,0,0.33333333333333337,3.0,0.00827773753553629,0.005764385685324669,4
0,0,0.33333333333333337,3.0,0.03826453909277916,0.05267908424139023,1
0,0,1.0,2.0,0.12995880842208862,0.02733958326280117,2
0,0,1.0,2.0,0.00857126247137785,0.0026992876082658768,3
0,0,0.33333333333333337,3.0,0.08766056597232819,0.023731151595711708,4
0,0,0.33333333333333337,3.0,0.0032531730830669403,0.0015854922821745276,1
0,0,0.33333333333333337,3.0,0.00343311601318419,0.0231153704226017,2
0,0,0.4285714285714285,4.0,0.030526001006364822,0.04079083725810051,3
0,0,0.4285714285714285,4.0,0.003569694235920906,0.00017693713016342372,4
0,0,0.4285714285714285,4.0,0.008071944117546082,0.0011087511666119099,1
0,0,0.4285714285714285,4.0,0.03540642932057381,0.03666671738028526,2
0,0,0.4285714285714285,4.0,0.8803893327713013,0.6645232439041138,3
0,0,0.4285714285714285,6.0,0.025289928540587425,0.04454958811402321,1
0,0,0.4285714285714285,6.0,0.0046738917008042336,0.009130544029176235,2
0,0,0.4285714285714285,6.0,0.4297303259372711,0.3528309762477875,3
0,0,0.4285714285714285,6.0,0.9721712470054626,0.35281112790107727,4
0,0,0.4285714285714285,6.0,0.01285865530371666,0.004463415592908859,1
0,0,0.4285714285714285,6.0,0.06461872905492783,0.11079372465610504,2
0,0,0.33333333333333337,3.0,0.13097801804542542,0.0936160758137703,3
0,0,0.33333333333333337,3.0,0.004500136245042086,0.001461327075958252,4
0,0,0.33333333333333337,3.0,0.019555719569325447,0.021239928901195526,1
0,0,1.0,2.0,0.05272193253040314,0.01473722793161869,2
0,0,1.0,2.0,0.0071155303157866,0.002206235658377409,3
0,0,0.33333333333333337,3.0,0.050756167620420456,0.014135416597127914,4
0,0,0.33333333333333337,3.0,0.0023299704771488905,0.0016958427149802446,1
0,0,0.33333333333333337,3.0,0.0019780427683144808,0.012488637119531631,2
0,0,0.4285714285714285,4.0,0.01967180147767067,0.02116684429347515,3
0,0,0.4285714285714285,4.0,0.003165211994200945,0.0003191569703631103,4
0,0,0.4285714285714285,4.0,0.006768175400793552,0.0009872042573988438,1
0,0,0.4285714285714285,4.0,0.022716140374541283,0.02650189772248268,2
0,0,0.4285714285714285,4.0,0.8147320747375488,0.5628076195716858,3
1,1,1.0,2.0,3.279207944869995,2.3515257835388184,1
1,0,0.0,3.0,1.365058422088623,1.4465196132659912,1
1,0,0.0,3.0,1.0030969381332397,1.2226799726486206,2
1,0,0.33333333333333337,3.0,4.255410671234131,4.130762100219727,3
1,0,0.33333333333333337,3.0,0.22817885875701904,0.126387819647789,4
1,0,0.33333333333333337,3.0,2.3149209022521973,1.7843114137649536,1
1,1,0.5,4.0,5.255165100097656,4.990004539489746,2
1,0,0.5,4.0,2.1470534801483154,2.6736817359924316,1
1,0,0.5,4.0,2.118393898010254,2.3202788829803467,2
1,0,0.33333333333333337,3.0,1.52517569065094,1.4668258428573608,3
1,0,0.33333333333333337,3.0,0.14453092217445374,0.024809911847114563,4
1,0,0.33333333333333337,3.0,1.3563213348388672,0.7268288135528564,1
1,1,0.33333333333333337,3.0,3.8221030235290527,1.1164655685424805,2
1,0,0.33333333333333337,3.0,0.7005209922790527,0.11864802241325378,1
1,0,0.33333333333333337,3.0,2.361508369445801,1.5595109462738037,2
1,1,1.0,3.0,4.1833906173706055,1.8670796155929565,3
1,1,0.0,2.0,2.2808704376220703,1.7597191333770752,3
1,1,0.0,2.0,2.723620891571045,3.1129112243652344,1
1,1,0.33333333333333337,3.0,3.8318233489990234,2.707559585571289,1
1,0,0.33333333333333337,3.0,0.06806536763906479,0.030595021322369576,1
1,0,0.33333333333333337,3.0,0.011632677167654037,0.0286044143140316,2
1,0,0.33333333333333337,3.0,0.611200213432312,0.7206523418426514,3
1,0,0.33333333333333337,3.0,1.9596279859542847,1.4272526502609253,4
1,0,0.33333333333333337,3.0,0.11085119098424911,0.10938075184822083,1
1,0,0.33333333333333337,3.0,2.0887041091918945,1.8819855451583862,2
1,1,1.0,2.0,2.938852548599243,1.6825802326202393,3
1,1,0.0,3.0,1.3749127388000488,1.3430407047271729,1
1,0,0.0,3.0,1.2494165897369385,1.7135803699493408,1
1,0,0.33333333333333337,3.0,4.935705184936523,4.349879264831543,4
1,0,0.33333333333333337,3.0,0.25352615118026733,0.15090927481651306,1
1,1,0.33333333333333337,3.0,2.642521381378174,2.2439324855804443,2
1,1,1.0,2.0,5.320003509521484,4.799774169921875,1
1,0,0.0,2.0,2.7184760570526123,2.0541579723358154,1
1,0,0.0,2.0,0.053889647126197815,0.010051907040178776,2
1,0,0.0,2.0,0.24138188362121582,0.2848280966281891,3
1,1,0.0,2.0,2.9469151496887207,2.580671548843384,4
1,0,0.33333333333333337,3.0,4.161191940307617,3.8824288845062256,1
1,0,0.33333333333333337,3.0,0.14725163578987122,0.26597270369529724,2
1,0,0.33333333333333337,3.0,1.8349933624267578,1.4860961437225342,3
1,0,0.5,3.0,2.7121036052703857,3.0595877170562744,4
1,0,0.5,3.0,0.03631816804409027,0.23314307630062103,1
1,0,0.5,3.0,2.2340450286865234,2.6046791076660156,2
1,0,0.5,3.0,3.219325065612793,3.378312110900879,1
1,0,0.5,3.0,0.12263146042823792,0.307353138923645,2
1,1,0.5,3.0,2.2610116004943848,2.3367385864257812,3
1,0,0.0,3.0,1.652903437614441,2.2826976776123047,1
1,0,0.0,3.0,1.2379896640777588,1.1961268186569214,2
1,0,0.33333333333333337,3.0,3.9917612075805664,3.685518503189087,3
1,0,0.33333333333333337,3.0,0.11281183362007141,0.08838072419166565,4
1,0,0.33333333333333337,3.0,2.206912040710449,1.4576393365859985,1
1,1,1.0,2.0,5.238597393035889,4.835033416748047,2
1,0,0.33333333333333337,3.0,4.864360809326172,4.843640327453613,1
1,0,0.33333333333333337,3.0,2.016061782836914,2.4648537635803223,2
1,1,0.33333333333333337,3.0,4.458055019378662,3.550252914428711,3
1,0,0.33333333333333337,3.0,0.8922668099403381,0.30483195185661316,1
1,1,0.33333333333333337,3.0,3.2304718494415283,2.794900417327881,2
1,1,0.1428571428571429,5.0,4.808106422424316,3.0317742824554443,1
1,0,0.1428571428571429,5.0,1.7224570512771606,1.1893775463104248,1
1,0,0.1428571428571429,5.0,0.0008377467165701091,0.0011702491901814938,2
1,0,0.1428571428571429,5.0,0.09165654331445694,0.04734758287668228,3
1,0,0.1428571428571429,5.0,0.3235867917537689,0.20634517073631287,4
1,1,0.1428571428571429,5.0,1.511040449142456,1.2027747631072998,1
1,0,0.1428571428571429,5.0,3.6975204944610596,3.404752254486084,1
1,1,1.0,2.0,4.512026309967041,4.588973522186279,2
1,0,1.0,2.0,1.8859596252441406,0.9965528249740601,1
1,0,1.0,2.0,2.5187900066375732,0.393913209438324,2
1,0,1.0,2.0,0.009803875349462032,0.00037048925878480077,3
1,0,1.0,2.0,0.7271168231964111,0.3868137300014496,4
1,0,0.33333333333333337,3.0,1.9768859148025513,1.6973645687103271,1
1,1,0.33333333333333337,3.0,0.20138679444789886,0.6299312710762024,2
1,0,0.33333333333333337,3.0,0.7287660837173462,0.4492032527923584,1
1,0,0.33333333333333337,3.0,1.6611272096633911,1.0062819719314575,2
1,0,0.33333333333333337,4.0,1.4329471588134766,2.4783778190612793,1
1,0,0.33333333333333337,4.0,0.005170428194105625,0.02863284945487976,2
1,1,0.33333333333333337,4.0,1.8401457071304321,1.6231039762496948,3
1,0,0.33333333333333337,4.0,1.1886868476867676,1.3083213567733765,1
1,0,0.33333333333333337,3.0,3.786348342895508,3.248075485229492,2
1,0,0.33333333333333337,3.0,0.058838002383708954,0.07367255538702011,3
1,0,0.33333333333333337,3.0,1.6360852718353271,1.1851112842559814,4
1,0,1.0,2.0,4.846101760864258,4.12412691116333,1
1,1,0.0,2.0,4.611748695373535,3.9033899307250977,2
1,0,0.0,2.0,0.24398355185985565,0.043416403234004974,1
1,1,0.0,2.0,2.1458253860473633,2.2414753437042236,2
1,1,0.0,2.0,4.153458595275879,3.5880165100097656,1
1,0,0.0,2.0,0.8005383014678955,0.7240338325500488,1
1,0,0.0,2.0,2.79776668548584,2.11767578125,2
1,1,0.0,2.0,3.265514850616455,2.387455940246582,3
1,0,0.0,2.0,0.046733029186725616,0.003927867393940687,1
1,0,0.0,2.0,0.48013848066329956,0.12924695014953613,2
1,1,0.33333333333333337,3.0,2.4063796997070312,0.7827591896057129,3
1,0,0.33333333333333337,3.0,0.1771434247493744,0.01346051786094904,1
1,0,0.33333333333333337,3.0,0.01431419886648655,0.026738053187727928,2
1,0,0.19999999999999996,4.0,0.4723748564720154,0.19103877246379852,3
1,1,0.19999999999999996,4.0,0.7567647695541382,1.0736061334609985,4
1,0,0.19999999999999996,4.0,0.9592717885971069,1.2377938032150269,1
1,0,0.19999999999999996,4.0,0.23484744131565094,0.11807053536176682,2
1,0,0.33333333333333337,3.0,4.102468967437744,2.3637967109680176,2
1,0,0.33333333333333337,3.0,0.05091162770986557,0.029489515349268913,3
1,0,0.33333333333333337,3.0,2.1940789222717285,1.5499964952468872,4
1,0,0.33333333333333337,3.0,4.253864765167236,2.324981689453125,1
1,0,0.33333333333333337,3.0,1.0832929611206055,1.065567970275879,2
1,1,0.0,2.0,3.6286544799804688,2.6450486183166504,3
1,0,0.0,2.0,0.009286529384553432,0.007451225537806749,1
1,0,0.0,2.0,1.4583683013916016,1.2545462846755981,2
1,1,0.33333333333333337,3.0,2.124669313430786,2.977957248687744,3
1,0,0.33333333333333337,3.0,1.2069263458251953,1.1245465278625488,1
1,0,0.33333333333333337,3.0,0.015886159613728523,0.007056022994220257,2
1,0,0.33333333333333337,3.0,0.016988251358270645,0.008483254350721836,3
1,0,0.0,2.0,2.5790352821350098,0.25304192304611206,2
1,1,0.1428571428571429,5.0,3.0306925773620605,1.0656232833862305,3
1,0,0.1428571428571429,5.0,0.25227078795433044,0.010756241157650948,1
1,0,0.1428571428571429,5.0,1.0110783576965332,0.23846405744552612,2
1,0,0.1428571428571429,5.0,0.022011198103427887,0.0064445845782756805,3
1,0,0.1428571428571429,5.0,1.2285881042480469,1.2099645137786865,4
2,0,0.33333333333333337,3.0,1.539518117904663,0.5690811276435852,1
2,0,0.33333333333333337,3.0,0.08721266686916351,0.21398240327835083,2
2,0,0.33333333333333337,3.0,2.086315155029297,1.8053189516067505,3
2,1,0.1428571428571429,5.0,5.040073394775391,4.536273002624512,4
2,0,0.1428571428571429,5.0,2.42587947845459,2.2908215522766113,1
2,0,0.1428571428571429,5.0,4.510784149169922,4.268896579742432,2
2,0,0.1428571428571429,5.0,2.203935146331787,2.6756229400634766,3
2,1,0.1428571428571429,5.0,4.880121231079102,5.1069817543029785,4
2,0,0.1428571428571429,5.0,3.795600652694702,0.7686723470687866,1
2,0,0.33333333333333337,3.0,2.307178020477295,2.6988582611083984,2
2,0,0.33333333333333337,3.0,0.05748731642961502,0.3843386471271515,3
2,0,0.33333333333333337,3.0,2.0140321254730225,2.3110029697418213,4
2,1,0.1428571428571429,5.0,4.9649834632873535,4.493757247924805,1
2,0,0.1428571428571429,5.0,2.012655019760132,1.838531494140625,1
2,0,0.1428571428571429,5.0,2.501570224761963,3.244507312774658,2
2,0,0.1428571428571429,5.0,1.3920392990112305,2.007704973220825,3
2,0,0.1428571428571429,5.0,5.103175640106201,4.705153942108154,4
2,0,0.1428571428571429,5.0,1.0943471193313599,0.341306209564209,1
2,1,0.33333333333333337,3.0,3.168728828430176,2.9713821411132812,2
2,0,0.33333333333333337,3.0,0.13913869857788086,0.4096028804779053,1
2,0,0.33333333333333337,3.0,3.123587131500244,2.451961040496826,2
2,0,0.1428571428571429,5.0,4.962148666381836,4.069733619689941,3
2,0,0.1428571428571429,5.0,0.9581893682479858,0.9471150040626526,4
2,0,0.1428571428571429,5.0,1.3089663982391357,1.3185428380966187,1
2,0,0.1428571428571429,5.0,0.36011937260627747,0.5478100776672363,2
2,0,0.1428571428571429,5.0,2.4068357944488525,2.1624467372894287,3
2,0,0.1428571428571429,5.0,0.08464287221431732,0.02396063134074211,4
2,0,0.33333333333333337,3.0,0.7648036479949951,0.29990583658218384,1
2,0,0.33333333333333337,3.0,0.054144423454999924,0.18021263182163239,2
2,0,0.33333333333333337,3.0,2.0430588722229004,1.8799254894256592,3
2,0,0.1428571428571429,5.0,4.353085994720459,1.6902772188186646,4
2,0,0.1428571428571429,5.0,0.30065247416496277,0.17657995223999023,1
2,0,0.1428571428571429,5.0,0.31877100467681885,0.11777584999799728,2
2,0,0.1428571428571429,5.0,0.08765774965286255,0.0576150119304657,3
2,0,0.1428571428571429,5.0,0.4574735164642334,0.2721431851387024,4
2,0,0.1428571428571429,5.0,0.03195245563983917,0.4821659326553345,1
2,0,0.33333333333333337,3.0,0.24553082883358002,0.10852109640836716,2
2,0,0.33333333333333337,3.0,0.08510348945856094,0.1445961594581604,3
2,0,0.33333333333333337,3.0,2.004394054412842,1.5764464139938354,4
2,0,0.1428571428571429,5.0,3.03592848777771,0.5982211828231812,1
2,0,0.1428571428571429,5.0,0.09698894619941711,0.028263116255402565,2
2,0,0.1428571428571429,5.0,0.0547453910112381,0.02704283408820629,3
2,0,0.1428571428571429,5.0,0.03649057447910309,0.020258799195289612,4
2,0,0.1428571428571429,5.0,0.10878724604845047,0.08580046892166138,1
2,0,0.1428571428571429,5.0,0.02602664940059185,0.00695259403437376,2
2,0,0.33333333333333337,3.0,0.15342557430267334,0.07613983750343323,3
2,0,0.33333333333333337,3.0,0.08004999905824661,0.10446858406066895,4
2,0,0.33333333333333337,3.0,1.8472988605499268,1.079748511314392,1
2,0,0.1428571428571429,5.0,2.0501174926757812,0.26801711320877075,2
2,0,0.1428571428571429,5.0,0.042260508984327316,0.010761328041553497,3
2,0,0.1428571428571429,5.0,0.022326799109578133,0.012228826060891151,4
2,0,0.1428571428571429,5.0,0.021499697118997574,0.010050836019217968,1
2,0,0.1428571428571429,5.0,0.04747523367404938,0.029378527775406837,2
2,0,0.1428571428571429,5.0,0.020321957767009735,0.00864498969167471,3
2,0,0.33333333333333337,3.0,0.14470174908638,0.05370008200407028,4
2,0,0.33333333333333337,3.0,0.0626002699136734,0.10403578728437424,1
2,0,0.33333333333333337,3.0,1.674070119857788,0.7403121590614319,2
2,0,0.1428571428571429,5.0,1.5768945217132568,0.17950588464736938,3
2,0,0.1428571428571429,5.0,0.02774639055132866,0.0065144132822752,4
2,0,0.1428571428571429,5.0,0.013308597728610039,0.009229280985891819,1
2,0,0.1428571428571429,5.0,0.015403102152049541,0.007768692448735237,2
2,0,0.1428571428571429,5.0,0.02431500516831875,0.026080723851919174,3
2,0,0.1428571428571429,5.0,0.021453261375427246,0.05954694375395775,4
2,0,0.33333333333333337,3.0,0.12574343383312225,0.05591434985399246,1
2,0,0.33333333333333337,3.0,0.04924957454204559,0.06673247367143631,2
2,0,0.33333333333333337,3.0,1.4487886428833008,0.6810954809188843,3
2,0,0.1428571428571429,5.0,1.189882516860962,0.16081386804580688,4
2,0,0.1428571428571429,5.0,0.028563333675265312,0.0046378253027796745,1
2,0,0.1428571428571429,5.0,0.011544167064130306,0.006924079731106758,2
2,0,0.1428571428571429,5.0,0.012779535725712776,0.005622092634439468,3
2,0,0.1428571428571429,5.0,0.017196938395500183,0.02933298423886299,4
2,0,0.1428571428571429,5.0,0.021842442452907562,0.006215536501258612,1
2,0,0.33333333333333337,3.0,0.11157527565956116,0.045186541974544525,2
2,0,0.33333333333333337,3.0,0.03581126779317856,0.04885648936033249,3
2,0,0.33333333333333337,3.0,1.1511000394821167,0.5099444389343262,4
2,0,0.1428571428571429,5.0,0.857576847076416,0.11299949884414673,1
2,0,0.1428571428571429,5.0,0.016594022512435913,0.0033377588260918856,2
2,0,0.1428571428571429,5.0,0.008444467559456825,0.006673035211861134,3
2,0,0.1428571428571429,5.0,0.009221058338880539,0.0053917099721729755,4
2,0,0.1428571428571429,5.0,0.010457007214426994,0.012595836073160172,1
2,0,0.1428571428571429,5.0,0.02114466205239296,0.01909329742193222,2
2,0,0.33333333333333337,3.0,0.09032131731510162,0.04639847204089165,3
2,0,0.33333333333333337,3.0,0.029204610735177994,0.07127965241670609,4
2,0,0.33333333333333337,3.0,0.8800050020217896,0.3858805298805237,1
2,0,0.1428571428571429,5.0,0.6049091219902039,0.10166347026824951,2
2,0,0.1428571428571429,5.0,0.009357178583741188,0.002796052722260356,3
2,0,0.1428571428571429,5.0,0.00625966489315033,0.004934480879455805,4
2,0,0.1428571428571429,5.0,0.0068837241269648075,0.004102242179214954,1
2,0,0.1428571428571429,5.0,0.0070329345762729645,0.00820210576057434,2
2,0,0.1428571428571429,5.0,0.02005520462989807,0.005094545427709818,3
2,0,0.33333333333333337,3.0,0.07523274421691895,0.03421638906002045,4
2,0,0.33333333333333337,3.0,0.02415185049176216,0.04197375476360321,1
2,0,0.33333333333333337,3.0,0.6731583476066589,0.2858898937702179,2
2,0,0.1428571428571429,5.0,0.49247175455093384,0.082447350025177,3
2,0,0.1428571428571429,5.0,0.0082844914868474,0.0021589370444417,4
2,0,0.1428571428571429,5.0,0.004844449460506439,0.005408275406807661,1
2,0,0.1428571428571429,5.0,0.005818977020680904,0.00350097194314003,2
2,0,0.1428571428571429,5.0,0.005496848374605179,0.024634769186377525,3
2,0,0.1428571428571429,5.0,0.020521624013781548,0.005223935469985008,4
2,0,0.33333333333333337,3.0,0.06472070515155792,0.03373033553361893,1
2,0,0.33333333333333337,3.0,0.020445216447114944,0.03892965614795685,2
2,0,0.33333333333333337,3.0,0.5593920946121216,0.2564871311187744,3
2,0,0.1428571428571429,5.0,0.4617675840854645,0.05673414468765259,4
2,0,0.1428571428571429,5.0,0.008311348035931587,0.0016237198142334819,1
2,0,0.1428571428571429,5.0,0.004147049505263567,0.003994849976152182,2
2,0,0.1428571428571429,5.0,0.005517711862921715,0.0027744383551180363,3
2,0,0.1428571428571429,5.0,0.0052487351931631565,0.006289033219218254,4
2,0,0.1428571428571429,5.0,0.019233953207731247,0.01091371662914753,1
2,0,0.33333333333333337,3.0,0.06013074517250061,0.03535763919353485,2
2,0,0.33333333333333337,3.0,0.01865478791296482,0.034104179590940475,3
2,0,0.33333333333333337,3.0,0.4867717921733856,0.24468962848186493,4
2,0,0.1428571428571429,5.0,0.4357960820198059,0.03879999741911888,1
2,0,0.1428571428571429,5.0,0.008774014189839363,0.000946584390476346,2
2,0,0.1428571428571429,5.0,0.0035153888165950775,0.003652423620223999,3
2,0,0.1428571428571429,5.0,0.0051904586143791676,0.002242615446448326,4
2,0,0.1428571428571429,5.0,0.004094747826457024,0.00601031631231308,1
2,0,0.1428571428571429,5.0,0.019396984949707985,0.00603559659793973,2
2,0,0.33333333333333337,3.0,0.053154733031988144,0.027118202298879623,3
2,0,0.33333333333333337,3.0,0.016327429562807083,0.07046787440776825,4
2,0,0.33333333333333337,3.0,0.4275924265384674,0.2071022093296051,1
2,0,0.1428571428571429,5.0,0.39639678597450256,0.034420937299728394,2
2,0,0.1428571428571429,5.0,0.0086537329480052,0.0010321380104869604,3
2,0,0.1428571428571429,5.0,0.0030039502307772636,0.003996510989964008,4
2,0,0.1428571428571429,5.0,0.004436934366822243,0.002234949264675379,1
2,0,0.1428571428571429,5.0,0.003438732586801052,0.003908943850547075,2
2,0,0.1428571428571429,5.0,0.01857992261648178,0.0684809684753418,3
2,0,1.0,2.0,0.0490657314658165,0.02395624853670597,4
2,0,1.0,2.0,0.014914724975824356,0.0198836512863636,1
3,0,0.2500000000000001,6.0,2.613788604736328,1.752889633178711,1
3,0,0.2500000000000001,6.0,0.7710573077201843,0.17293082177639008,2
3,0,0.2500000000000001,6.0,0.45257192850112915,0.06741224229335785,3
3,0,0.2500000000000001,6.0,0.192164346575737,0.04410065710544586,4
3,0,0.2500000000000001,6.0,0.524478018283844,0.8027535080909729,1
3,1,0.2500000000000001,6.0,2.8284807205200195,2.3329172134399414,2
3,1,0.0,3.0,3.465130567550659,1.9260437488555908,1
3,0,0.0,3.0,0.3942835032939911,0.35620155930519104,1
3,0,0.0,3.0,0.8802981376647949,1.1538121700286865,2
3,0,0.0,3.0,0.9876024723052979,0.838075578212738,3
3,1,1.0,3.0,4.5799560546875,3.993506908416748,4
3,0,0.5,3.0,4.251463413238525,4.3274431228637695,1
3,0,0.5,3.0,0.9091277718544006,1.6282622814178467,2
3,1,0.5,3.0,2.4651286602020264,2.612593173980713,3
3,0,0.33333333333333337,3.0,3.280496120452881,2.7242093086242676,1
3,0,0.33333333333333337,3.0,0.07117905467748642,0.0024339028168469667,2
3,0,0.33333333333333337,3.0,0.038498517125844955,0.17310255765914917,3
3,1,0.33333333333333337,3.0,2.330963134765625,1.4846938848495483,4
3,1,1.0,2.0,5.162996292114258,4.687734603881836,1
3,0,1.0,2.0,0.8127226233482361,0.08708839118480682,1
3,0,1.0,2.0,0.12578408420085907,0.011981727555394173,2
3,1,0.33333333333333337,3.0,2.661503791809082,1.7862248420715332,3
3,0,0.33333333333333337,3.0,0.15379548072814941,0.10975394397974014,1
3,0,0.33333333333333337,3.0,0.11714858561754227,0.0017457547364756465,2
3,1,0.33333333333333337,3.0,1.87491774559021,1.2961615324020386,3
3,1,0.33333333333333337,3.0,1.125796914100647,1.6316081285476685,1
3,0,0.5,3.0,0.8652317523956299,0.8386402726173401,1
3,1,0.5,3.0,2.3572258949279785,1.516183614730835,2
3,1,0.33333333333333337,4.0,3.227426767349243,2.6961240768432617,1
3,1,0.33333333333333337,4.0,1.8482496738433838,1.1886239051818848,1
3,0,0.33333333333333337,4.0,3.2733592987060547,2.1208581924438477,1
3,1,0.33333333333333337,4.0,2.7066049575805664,2.380232810974121,2
3,0,0.33333333333333337,3.0,3.4169511795043945,1.1625654697418213,1
3,0,0.33333333333333337,3.0,0.024167809635400772,0.003785049309954047,2
3,0,0.33333333333333337,3.0,0.03519294410943985,0.10168687999248505,3
3,1,0.33333333333333337,3.0,1.9054510593414307,1.2467994689941406,4
3,0,0.33333333333333337,3.0,5.266335487365723,4.779786109924316,1
3,0,0.33333333333333337,3.0,0.9779602885246277,1.0898457765579224,2
3,1,0.33333333333333337,3.0,2.927788734436035,3.4701952934265137,3
3,1,0.33333333333333337,3.0,4.946268081665039,4.31005859375,1
3,0,0.33333333333333337,3.0,1.5970425605773926,0.9648725390434265,1
3,0,0.33333333333333337,3.0,0.12312163412570953,0.14312602579593658,2
3,0,0.33333333333333337,3.0,3.9876508712768555,2.557636260986328,1
3,0,0.33333333333333337,3.0,0.0019133274909108877,0.0015248158015310764,2
3,0,0.33333333333333337,3.0,0.21357423067092896,0.10530220717191696,3
3,0,0.33333333333333337,3.0,2.3550403118133545,2.4582533836364746,4
3,0,0.33333333333333337,3.0,3.283750057220459,2.6883163452148438,1
3,0,0.33333333333333337,3.0,0.13092687726020813,0.007972941733896732,2
3,1,0.33333333333333337,3.0,2.0598678588867188,1.3152035474777222,3
3,1,0.33333333333333337,3.0,4.357924461364746,3.702267646789551,1
3,0,0.33333333333333337,3.0,0.23710761964321136,0.12284822016954422,1
3,0,0.33333333333333337,3.0,0.10687820613384247,0.05491543188691139,2
3,1,0.33333333333333337,3.0,2.5900778770446777,1.4525954723358154,3
3,1,0.33333333333333337,3.0,2.137885093688965,1.5916426181793213,1
3,0,0.0,2.0,1.654295563697815,1.6342747211456299,1
3,1,0.0,2.0,2.2294883728027344,0.7918382883071899,2
3,0,0.5,2.0,1.7077924013137817,0.29963260889053345,1
3,0,0.5,2.0,1.5128045082092285,0.570946455001831,2
3,0,0.5,2.0,1.171850562095642,1.0243020057678223,3
3,0,0.33333333333333337,3.0,4.405730724334717,4.225776672363281,4
3,0,0.33333333333333337,3.0,0.7804621458053589,0.5606516599655151,1
3,0,0.33333333333333337,3.0,2.6555824279785156,2.545853853225708,2
3,1,0.33333333333333337,3.0,5.002133369445801,4.765357971191406,3
3,0,0.33333333333333337,3.0,0.10785141587257385,0.03982638940215111,1
3,0,0.33333333333333337,3.0,2.495840549468994,2.618654727935791,2
3,0,0.0,2.0,3.6365981101989746,4.115063667297363,3
3,0,0.0,2.0,0.0422590896487236,0.18511609733104706,4
3,0,0.0,2.0,2.0033438205718994,1.3681750297546387,1
3,0,0.33333333333333337,3.0,1.629256248474121,2.5691580772399902,2
3,0,0.33333333333333337,3.0,0.9329022765159607,0.5035068988800049,3
3,0,0.33333333333333337,3.0,2.0972821712493896,1.9259703159332275,4
3,0,0.33333333333333337,3.0,0.3754037618637085,0.09827633202075958,1
3,0,0.33333333333333337,3.0,0.3427349030971527,0.13029763102531433,2
3,0,0.0,2.0,1.0541574954986572,0.42090171575546265,3
3,0,0.0,2.0,0.02643973007798195,0.0022263347636908293,4
3,0,0.0,2.0,0.413735032081604,0.5519439578056335,1
3,0,1.0,3.0,1.4718477725982666,1.2221763134002686,2
3,0,0.33333333333333337,3.0,0.7429959774017334,0.1188388392329216,3
3,0,0.33333333333333337,3.0,0.11705861985683441,0.06403136998414993,4
3,0,0.33333333333333337,4.0,0.08989398181438446,0.10729888826608658,1
3,0,0.33333333333333337,4.0,0.005064697004854679,0.0004360053571872413,2
3,0,0.33333333333333337,4.0,0.06489010900259018,0.03636300563812256,3
3,0,0.33333333333333337,4.0,1.0476202964782715,0.718029260635376,4
3,0,0.33333333333333337,4.0,0.5543060302734375,0.5111339092254639,1
3,0,0.33333333333333337,3.0,0.5161582231521606,0.16809095442295074,2
3,0,0.33333333333333337,3.0,0.2638695240020752,0.0751875787973404,3
3,0,0.0,2.0,0.11079539358615875,0.03959822282195091,4
3,0,0.0,2.0,0.06518968194723129,0.01589410938322544,1
3,0,0.19999999999999996,4.0,0.07926809787750244,0.05221429094672203,2
3,0,0.19999999999999996,4.0,0.029234226793050766,0.023464757949113846,3
3,0,0.19999999999999996,4.0,0.4343806207180023,0.12728279829025269,4
3,0,0.19999999999999996,4.0,0.034846074879169464,0.000683089136146009,1
3,0,0.5,3.0,0.026260146871209145,0.03357897698879242,2
3,0,0.5,3.0,0.003175570396706462,0.0005641072639264166,3
3,0,0.5,3.0,0.10288015007972717,0.013681888580322266,4
3,0,0.5,3.0,0.2994425296783447,0.06341790407896042,1
3,0,0.0,2.0,1.0542042255401611,0.10845441371202469,2
3,0,0.0,2.0,0.01947285234928131,0.007941127754747868,3
3,0,0.0,2.0,0.3148205876350403,0.22798213362693787,4
3,0,0.3333333333333335,6.0,0.22355401515960693,0.2667085528373718,1
3,0,0.3333333333333335,6.0,0.015197587199509144,0.007818322628736496,2
3,0,0.3333333333333335,6.0,0.19413848221302032,0.10013731569051743,3
3,0,0.3333333333333335,6.0,0.005593882407993078,0.06125308573246002,4
3,0,0.3333333333333335,6.0,1.892519474029541,0.5134395360946655,1
3,0,0.3333333333333335,6.0,0.9244815707206726,0.31474411487579346,2
3,0,1.0,3.0,1.9599310159683228,0.18620988726615906,3
3,0,1.0,3.0,0.013203767128288746,0.0014090240001678467,4
3,0,1.0,3.0,0.026197286322712898,0.010616153478622437,1
3,0,1.0,3.0,0.04389273375272751,0.010278629139065742,2
3,0,0.33333333333333337,4.0,0.10424719005823135,0.04537789151072502,3
3,0,0.33333333333333337,4.0,0.011151161044836044,0.001344309188425541,4
3,0,0.33333333333333337,4.0,0.031304121017456055,0.02308620698750019,1
3,0,0.33333333333333337,3.0,0.26841413974761963,0.07098039984703064,2
3,0,0.33333333333333337,3.0,0.0010331841185688972,0.001583603909239173,3
3,0,0.33333333333333337,3.0,0.02292441576719284,0.004651609342545271,4
3,0,1.0,2.0,0.004895216319710016,0.019455621019005775,1
3,0,0.33333333333333337,3.0,0.048326730728149414,0.01041104830801487,2
3,0,0.33333333333333337,3.0,0.0065173981711268425,0.003997400403022766,3
3,0,0.0,2.0,0.014617919921875,0.004886195529252291,4
3,0,0.0,2.0,0.02369239740073681,0.0017300613690167665,1
3,0,0.0,2.0,0.014133375138044357,0.0026322947815060616,2
3,0,0.0,6.0,0.03258679807186127,0.014034667983651161,3
3,0,0.0,6.0,0.012067636474967003,0.0303468257188797,4
3,0,0.0,6.0,0.11567921936511993,0.06343533098697662,1
3,0,0.0,6.0,0.031105753034353256,0.03800773620605469,2
3,0,0.0,6.0,0.009784591384232044,0.005625339224934578,3
3,0,0.0,6.0,0.06199280917644501,0.017428962513804436,4
4,1,0.5,4.0,5.179734230041504,5.124458312988281,1
4,1,0.5,4.0,4.206606864929199,3.1648266315460205,1
4,1,0.5,4.0,3.4394779205322266,2.4459264278411865,1
4,1,0.33333333333333337,3.0,5.120665550231934,4.35422420501709,1
4,0,0.33333333333333337,3.0,0.2620006203651428,0.1455957591533661,1
4,1,0.33333333333333337,3.0,3.200610637664795,2.2820558547973633,2
4,0,0.33333333333333337,3.0,3.3111748695373535,2.1185765266418457,1
4,0,0.33333333333333337,3.0,4.761997699737549,2.96278977394104,2
4,0,0.33333333333333337,3.0,4.42684268951416,2.5598597526550293,3
4,0,0.33333333333333337,3.0,2.580843448638916,1.5834819078445435,4
4,1,1.0,2.0,3.4263012409210205,2.1844685077667236,1
4,1,0.0,2.0,3.1407318115234375,2.2563514709472656,1
4,0,0.0,2.0,1.8201792240142822,1.3016183376312256,1
4,0,0.5,3.0,4.1528472900390625,3.347168207168579,2
4,1,0.5,3.0,1.9823836088180542,1.3014007806777954,3
4,1,0.5,3.0,1.825074315071106,0.26883646845817566,1
4,0,0.5,3.0,0.3018494248390198,0.04238034784793854,1
4,1,1.0,2.0,4.409536361694336,3.396437406539917,2
4,0,0.5,3.0,1.048252820968628,0.8492894768714905,1
4,1,0.5,3.0,2.5847020149230957,1.423675775527954,2
4,1,0.33333333333333337,3.0,2.878924608230591,2.296320915222168,1
4,0,0.33333333333333337,3.0,0.6935709714889526,0.019702952355146408,1
4,1,0.33333333333333337,3.0,1.7638936042785645,1.286405086517334,2
4,0,0.6,4.0,0.7644422650337219,0.6739598512649536,1
4,0,0.6,4.0,0.7850242853164673,1.1501760482788086,2
4,0,0.6,4.0,1.4039541482925415,0.08431030809879303,3
4,0,0.0,2.0,1.1483272314071655,0.7355018258094788,4
4,0,0.33333333333333337,4.0,1.892027497291565,0.3929436206817627,1
4,0,0.33333333333333337,4.0,0.39214852452278137,0.35428711771965027,2
4,0,0.33333333333333337,4.0,1.1754229068756104,0.7939826250076294,3
4,1,0.33333333333333337,3.0,3.0059072971343994,3.013737201690674,4
4,1,0.33333333333333337,3.0,2.241044044494629,2.493316173553467,1
4,0,0.33333333333333337,3.0,0.1166149228811264,0.06368546187877655,1
4,0,0.33333333333333337,3.0,0.6690744161605835,0.3194352686405182,2
4,1,0.33333333333333337,3.0,4.118401527404785,3.2553272247314453,3
4,1,0.33333333333333337,3.0,2.1589653491973877,1.2976620197296143,1
4,1,0.33333333333333337,3.0,3.971859931945801,3.727290630340576,1
4,1,0.33333333333333337,3.0,1.4613243341445923,0.5476753115653992,1
4,0,0.33333333333333337,3.0,2.0881943702697754,2.197432518005371,1
4,0,0.33333333333333337,3.0,4.179874420166016,4.0659565925598145,2
4,1,0.33333333333333337,3.0,0.9796849489212036,1.5261330604553223,3
4,0,1.0,2.0,1.5140912532806396,0.739264965057373,1
4,0,1.0,2.0,2.656998872756958,2.043062686920166,2
4,1,1.0,2.0,1.6457120180130005,1.3556172847747803,3
4,1,0.33333333333333337,3.0,4.337469100952148,3.233879566192627,1
4,0,0.33333333333333337,3.0,1.5003292560577393,0.865103542804718,1
4,0,0.33333333333333337,3.0,1.5504543781280518,1.0362435579299927,2
4,1,0.5,3.0,1.9474605321884155,0.33490681648254395,3
4,0,0.5,3.0,0.17934802174568176,0.00809731800109148,1
4,1,0.5,3.0,2.033702850341797,1.5661842823028564,2
4,0,0.0,2.0,1.6203410625457764,1.0749256610870361,3
4,0,0.33333333333333337,4.0,2.4011144638061523,0.9605942964553833,4
4,0,0.33333333333333337,4.0,0.05463007092475891,0.02136770263314247,1
4,1,0.33333333333333337,4.0,1.3757078647613525,0.9028185606002808,2
4,0,0.33333333333333337,4.0,0.002954600378870964,0.00369639927521348,1
4,0,1.0,2.0,3.8095579147338867,2.0809850692749023,2
4,0,0.0,2.0,1.863303303718567,0.9074395298957825,3
4,0,0.0,2.0,0.015170998871326447,0.0011402475647628307,4
4,0,0.0,2.0,0.1923356056213379,0.14749562740325928,1
4,1,0.33333333333333337,3.0,3.2546253204345703,2.0442347526550293,2
4,0,0.33333333333333337,3.0,0.037899795919656754,0.0037776862736791372,1
4,0,0.33333333333333337,3.0,0.6538373827934265,0.23828357458114624,2
4,0,0.33333333333333337,3.0,0.3783550262451172,0.10642795264720917,3
4,1,0.5,4.0,3.8584532737731934,2.402970314025879,4
4,1,0.5,4.0,0.8495782017707825,0.7343930006027222,1
4,0,0.5,4.0,2.537567138671875,1.3375592231750488,1
4,1,0.5,3.0,3.7709221839904785,2.37740421295166,2
4,1,0.5,3.0,2.0236856937408447,1.193786859512329,1
4,0,0.5,3.0,0.6272464990615845,0.1732659786939621,1
4,0,0.33333333333333337,3.0,2.0413477420806885,1.179175615310669,4
4,0,0.33333333333333337,3.0,0.8953773975372314,0.5493195652961731,1
4,0,0.33333333333333337,3.0,0.015201719477772713,0.005012708716094494,2
4,0,0.33333333333333337,3.0,0.004306422546505928,0.0005975663079880178,3
4,0,0.33333333333333337,2.0,0.778327465057373,0.1535007357597351,4
4,0,0.33333333333333337,2.0,0.8661093711853027,0.7307369709014893,1
5,1,0.5,3.0,4.251717567443848,3.68654203414917,2
5,1,0.5,3.0,1.865957498550415,2.2979955673217773,1
5,0,0.5,3.0,2.443087577819824,2.5471267700195312,1
5,1,0.33333333333333337,3.0,3.4194817543029785,3.136906623840332,2
5,0,0.33333333333333337,3.0,0.26533228158950806,0.0036079445853829384,1
5,0,0.33333333333333337,3.0,0.7237988710403442,1.1889121532440186,2
5,0,0.33333333333333337,3.0,1.4898591041564941,0.34045740962028503,3
5,0,0.33333333333333337,3.0,0.025718510150909424,0.0016423590714111924,4
5,0,0.33333333333333337,3.0,0.04257763549685478,0.020204808562994003,1
5,0,0.33333333333333337,3.0,1.2967126369476318,0.39850378036499023,2
5,0,0.33333333333333337,3.0,3.7234601974487305,3.107726573944092,3
5,0,0.33333333333333337,3.0,0.7999226450920105,0.7911243438720703,4
5,0,0.33333333333333337,3.0,2.7237143516540527,2.3256568908691406,1
5,0,0.5,4.0,1.5435326099395752,0.8009963035583496,2
5,0,0.5,4.0,0.15693029761314392,0.0022035858128219843,3
5,0,0.5,4.0,0.09413617849349976,0.013817088678479195,4
5,0,0.5,4.0,0.46125778555870056,0.5197200179100037,1
5,0,0.5,4.0,2.9457521438598633,2.558088779449463,2
5,1,0.33333333333333337,3.0,4.378628253936768,3.4916868209838867,3
5,0,0.33333333333333337,3.0,0.5488348603248596,0.08742467314004898,1
5,1,0.33333333333333337,3.0,2.3583903312683105,2.034456253051758,2
5,1,0.33333333333333337,3.0,2.392242908477783,3.6521005630493164,1
5,1,0.33333333333333337,3.0,2.1421444416046143,2.0844016075134277,1
5,1,0.33333333333333337,4.0,3.8189761638641357,2.9265296459198,1
5,0,0.33333333333333337,4.0,0.057589106261730194,0.015148725360631943,1
5,1,0.33333333333333337,4.0,2.210102081298828,2.058016777038574,2
5,0,0.33333333333333337,4.0,1.1573325395584106,0.9006351232528687,1
5,0,0.33333333333333337,3.0,3.827134609222412,3.916994571685791,2
5,0,0.33333333333333337,3.0,0.0547577328979969,0.017436891794204712,3
5,0,0.33333333333333337,3.0,0.1247500628232956,0.1548958122730255,4
5,0,0.33333333333333337,3.0,3.149266242980957,1.7999517917633057,1
5,0,0.33333333333333337,3.0,4.539035797119141,4.494693279266357,2
5,0,0.33333333333333337,3.0,1.0813851356506348,1.2168558835983276,3
5,0,0.33333333333333337,3.0,2.063105821609497,1.8573870658874512,4
5,1,0.33333333333333337,3.0,4.582730293273926,3.8077025413513184,1
5,0,0.33333333333333337,3.0,0.2738114595413208,0.15608203411102295,1
5,1,0.33333333333333337,3.0,1.9722402095794678,2.0274362564086914,2
5,1,0.33333333333333337,3.0,3.7248804569244385,3.1844024658203125,1
5,1,0.33333333333333337,3.0,1.7399866580963135,1.9938933849334717,1
5,0,0.33333333333333337,2.0,3.6283071041107178,3.7423946857452393,1
5,0,0.33333333333333337,2.0,1.463851809501648,1.990784764289856,2
5,0,0.19999999999999996,4.0,3.6383421421051025,2.8386900424957275,3
5,0,0.19999999999999996,4.0,0.05547064542770386,0.26410916447639465,4
5,0,0.19999999999999996,4.0,0.1344473659992218,0.10702313482761383,1
5,0,0.19999999999999996,4.0,2.6015782356262207,2.288982629776001,2
5,0,0.19999999999999996,4.0,2.680945873260498,2.545112133026123,3
5,0,0.6,5.0,4.166414737701416,3.264533281326294,4
5,1,0.6,5.0,1.3095591068267822,0.9140018820762634,1
5,0,0.6,5.0,0.6129746437072754,0.38645225763320923,1
5,0,0.6,5.0,2.54097580909729,2.118779420852661,2
5,1,0.6,5.0,3.890256643295288,3.2055001258850098,3
5,1,0.33333333333333337,3.0,3.461273193359375,3.3387086391448975,1
5,0,0.33333333333333337,3.0,0.8848412036895752,0.1368928849697113,1
5,0,0.33333333333333337,3.0,4.276349067687988,2.5420467853546143,2
5,0,0.33333333333333337,3.0,0.903373122215271,0.6250694990158081,3
5,0,0.33333333333333337,3.0,2.1361141204833984,0.6768233776092529,4
5,0,0.5,4.0,0.8262327313423157,0.10058049857616425,1
5,0,0.5,4.0,0.008044281043112278,0.00196880497969687,2
5,0,0.5,4.0,0.09832397103309631,0.006917619612067938,3
5,0,0.5,4.0,0.3815777897834778,0.4786398410797119,4
5,0,0.5,4.0,2.474705696105957,1.0762972831726074,1
5,1,0.33333333333333337,3.0,4.294980049133301,2.25314998626709,2
5,0,0.33333333333333337,3.0,0.15276451408863068,0.14540857076644897,1
5,0,0.33333333333333337,3.0,2.2592248916625977,0.9019323587417603,2
5,0,0.33333333333333337,3.0,3.778109550476074,2.7042481899261475,3
5,0,0.33333333333333337,3.0,0.1389378011226654,0.12479434907436371,4
5,0,0.33333333333333337,3.0,1.6639940738677979,1.1853657960891724,1
5,1,0.33333333333333337,3.0,4.242183685302734,2.6718924045562744,2
5,0,0.33333333333333337,3.0,0.16077519953250885,0.15838275849819183,1
5,1,0.19999999999999996,4.0,4.631636142730713,2.344590425491333,2
5,1,0.19999999999999996,4.0,1.1357991695404053,0.9346895217895508,1
5,0,0.19999999999999996,4.0,0.909859836101532,0.03762262687087059,1
5,0,0.19999999999999996,4.0,0.8858110904693604,0.9950724244117737,2
5,0,0.33333333333333337,3.0,3.5979082584381104,3.33280611038208,3
5,0,0.33333333333333337,3.0,0.03963107243180275,0.007100303657352924,4
5,0,0.33333333333333337,3.0,0.09163439273834229,0.1717355102300644,1
5,0,0.33333333333333337,3.0,2.921053409576416,1.627009391784668,2
5,0,0.33333333333333337,3.0,4.331498622894287,3.7620253562927246,3
5,0,0.33333333333333337,3.0,1.1094167232513428,1.1071690320968628,4
5,0,0.33333333333333337,3.0,1.7195730209350586,0.7506125569343567,1
5,0,0.33333333333333337,3.0,4.088695526123047,2.7829971313476562,2
5,0,0.33333333333333337,3.0,0.1652955412864685,0.046869907528162,3
5,0,0.33333333333333337,3.0,1.6333750486373901,1.320357322692871,4
5,0,0.33333333333333337,3.0,2.6085293292999268,1.147763967514038,1
5,0,0.33333333333333337,3.0,1.1976863145828247,0.8531372547149658,2
5,0,0.33333333333333337,2.0,1.537621259689331,1.301095962524414,3
5,0,0.33333333333333337,2.0,0.416683554649353,0.7743831872940063,4
5,0,0.19999999999999996,4.0,1.4115841388702393,0.515859067440033,1
5,0,0.19999999999999996,4.0,0.008764139376580715,0.001554667018353939,2
5,0,0.19999999999999996,4.0,0.024990355595946312,0.011212052777409554,3
5,0,0.19999999999999996,4.0,1.8997431993484497,0.8732048869132996,4
5,0,0.19999999999999996,4.0,0.9348653554916382,0.46925264596939087,1
5,0,0.6,5.0,1.743855357170105,0.7944916486740112,2
5,0,0.6,5.0,0.09083861857652664,0.07105695456266403,3
5,0,0.6,5.0,0.034395456314086914,0.012418374419212341,4
5,0,0.6,5.0,0.6148586273193359,0.4047665596008301,1
5,0,0.6,5.0,0.2310190498828888,0.13130931556224823,2
5,0,0.33333333333333337,3.0,0.6177994012832642,0.1721140444278717,3
5,0,0.33333333333333337,3.0,0.0324285626411438,0.016030816361308098,4
5,0,0.33333333333333337,3.0,0.2620522975921631,0.21606943011283875,1
5,0,0.33333333333333337,3.0,0.02824394404888153,0.029567750170826912,2
5,0,0.33333333333333337,3.0,0.18640953302383423,0.013789817690849304,3
5,0,0.5,4.0,0.05482710897922516,0.004113626666367054,4
5,0,0.5,4.0,0.0030736271291971207,0.0028285218868404627,1
5,0,0.5,4.0,0.031860142946243286,0.176256000995636,2
5,0,0.5,4.0,0.04870729148387909,0.019817933440208435,3
5,0,0.5,4.0,0.04526795446872711,0.018702633678913116,4
5,0,0.33333333333333337,3.0,0.198362797498703,0.3329504132270813,1
5,0,0.33333333333333337,3.0,0.0018582618795335293,0.0022973380982875824,2
5,0,0.33333333333333337,3.0,0.08078507333993912,0.03332027792930603,3
5,0,0.33333333333333337,3.0,0.13068509101867676,0.02295439876616001,4
5,0,0.33333333333333337,3.0,0.026298709213733673,0.0024372152984142303,1
5,0,0.33333333333333337,3.0,0.08131285011768341,0.035494495183229446,2
5,0,0.33333333333333337,3.0,0.10882285982370377,0.21971142292022705,3
5,0,0.33333333333333337,3.0,0.036586593836545944,0.010236122645437717,4
5,0,0.19999999999999996,4.0,0.1941685974597931,0.046431079506874084,1
5,0,0.19999999999999996,4.0,0.06948418915271759,0.0725376158952713,2
5,0,0.19999999999999996,4.0,0.0031804675236344337,0.004616312682628632,3
5,0,0.19999999999999996,4.0,1.092935562133789,1.085986852645874,4
5,0,0.33333333333333337,3.0,3.502044200897217,3.5825119018554688,1
5,0,0.33333333333333337,3.0,0.06673254072666168,0.001344535150565207,2
5,0,0.33333333333333337,3.0,0.05374966934323311,0.03821808099746704,3
5,0,0.33333333333333337,3.0,2.4172940254211426,0.33592432737350464,4
5,0,0.33333333333333337,3.0,2.5117075443267822,0.540703535079956,1
5,0,0.33333333333333337,3.0,0.49447116255760193,0.05398945510387421,2
5,0,0.33333333333333337,3.0,0.3508912920951843,0.03705671429634094,3
6,1,0.33333333333333337,3.0,1.6490979194641113,0.6359670162200928,2
6,0,0.33333333333333337,3.0,2.689906120300293,3.1647696495056152,1
6,0,0.33333333333333337,3.0,3.5216288566589355,1.4963489770889282,2
6,0,0.5,4.0,3.5867412090301514,1.211379051208496,3
6,0,0.5,4.0,0.20420899987220764,0.025415616109967232,4
6,0,0.5,4.0,3.254220724105835,0.03713873028755188,1
6,0,0.5,4.0,1.5043387413024902,0.6291781663894653,2
6,0,0.5,4.0,2.733321189880371,2.332305908203125,3
6,0,0.1428571428571429,5.0,4.199753284454346,3.795531988143921,4
6,0,0.1428571428571429,5.0,1.6386845111846924,1.5370370149612427,1
6,0,0.1428571428571429,5.0,0.9176390171051025,1.0766127109527588,2
6,0,0.1428571428571429,5.0,1.6629576683044434,2.6272268295288086,3
6,0,0.6,5.0,4.447239398956299,4.201193809509277,4
6,0,0.6,5.0,0.6039339900016785,0.05824347957968712,1
6,0,0.6,5.0,0.06389471143484116,0.0007922930526547134,2
6,0,0.6,5.0,0.03945457190275192,0.03399955481290817,3
6,0,0.6,5.0,0.03249286115169525,0.021549856290221214,4
6,0,0.6,5.0,1.542356252670288,1.2341585159301758,1
6,1,0.6,5.0,2.7572524547576904,2.5666377544403076,2
6,1,0.5,4.0,4.756999969482422,1.955756425857544,1
6,1,0.5,4.0,2.2372539043426514,1.3078680038452148,1
6,0,0.5,4.0,0.973385214805603,0.16270935535430908,1
6,1,0.5,4.0,1.9646928310394287,1.502021312713623,2
6,0,0.33333333333333337,4.0,2.6522467136383057,2.173121213912964,1
6,0,0.33333333333333337,4.0,1.3549354076385498,1.225067377090454,2
6,0,0.33333333333333337,4.0,0.9596260786056519,0.8993918895721436,3
6,0,0.5,4.0,4.448408126831055,4.309452533721924,4
6,0,0.5,4.0,0.03494124487042427,0.04726004973053932,1
6,0,0.5,4.0,0.18989750742912292,0.013666396960616112,2
6,1,0.5,4.0,2.026477336883545,2.2651164531707764,3
6,0,0.5,4.0,1.860253095626831,1.6399753093719482,1
6,1,0.5,4.0,4.734743595123291,4.588186264038086,2
6,0,0.5,4.0,0.1450909972190857,0.12543784081935883,1
6,0,0.5,4.0,0.3365602493286133,0.09898146241903305,2
6,1,0.5,4.0,2.320002794265747,4.04767370223999,3
6,0,0.5,4.0,4.720237731933594,4.606001377105713,1
6,1,0.5,7.0,4.240026473999023,4.675723075866699,2
6,0,0.5,7.0,1.3618239164352417,1.5806156396865845,1
6,1,0.5,7.0,4.6470136642456055,3.5030646324157715,2
6,1,0.5,7.0,4.887705326080322,3.064875602722168,1
6,1,0.5,7.0,4.193370819091797,4.323270320892334,1
6,0,0.5,7.0,0.6842139363288879,2.7800722122192383,1
6,1,0.5,7.0,3.3912062644958496,3.24727725982666,2
6,1,0.5,7.0,3.3520731925964355,2.8667104244232178,1
6,1,0.33333333333333337,3.0,4.332027912139893,3.496943235397339,1
6,1,0.33333333333333337,3.0,2.2451953887939453,1.3235410451889038,1
6,1,1.0,6.0,4.215778827667236,3.493922472000122,1
6,0,1.0,6.0,0.45742571353912354,0.16230788826942444,1
6,0,1.0,6.0,1.5968654155731201,2.3143038749694824,2
6,0,1.0,6.0,0.21748381853103638,0.4451485872268677,3
6,0,1.0,6.0,0.431183397769928,1.9566630125045776,4
6,0,1.0,6.0,1.5659358501434326,1.6807503700256348,1
6,1,1.0,6.0,4.167501449584961,1.9235960245132446,2
6,1,0.33333333333333337,3.0,3.781552314758301,2.8358678817749023,1
6,0,0.33333333333333337,3.0,0.0062646642327308655,0.005380052141845226,1
6,1,0.33333333333333337,3.0,3.1269943714141846,3.076695203781128,2
6,0,0.1428571428571429,5.0,3.545759677886963,3.3992576599121094,1
6,1,0.1428571428571429,5.0,1.2873876094818115,0.9501104354858398,2
6,0,0.1428571428571429,5.0,0.005954877473413944,0.010061975568532944,1
6,0,0.1428571428571429,5.0,0.6966893076896667,0.7372332811355591,2
6,0,0.1428571428571429,5.0,1.0139284133911133,0.9321349263191223,3
6,0,0.5,4.0,4.272350311279297,4.202061653137207,4
6,0,0.5,4.0,0.025006121024489403,0.0310337133705616,1
6,0,0.5,4.0,0.18068893253803253,0.011986021883785725,2
6,0,0.5,4.0,1.4716925621032715,1.1975297927856445,3
6,0,0.5,4.0,2.005427360534668,1.800309181213379,4
6,0,0.5,7.0,1.6293065547943115,1.9699069261550903,1
6,0,0.5,7.0,1.464123010635376,1.5769479274749756,2
6,0,0.5,7.0,2.2356910705566406,2.193315029144287,3
6,0,0.5,7.0,2.2208445072174072,2.1268155574798584,4
6,0,0.5,7.0,0.23742064833641052,0.10456482321023941,1
6,0,0.5,7.0,3.2079710960388184,0.8670548796653748,2
6,0,0.5,7.0,3.701305866241455,3.4854140281677246,3
6,1,0.5,4.0,4.654541492462158,5.218817710876465,4
6,0,0.5,4.0,0.058982715010643005,0.056533005088567734,1
6,0,0.5,4.0,0.46671223640441895,0.03359369933605194,2
6,1,0.5,4.0,3.76464581489563,3.4095654487609863,3
6,1,0.5,4.0,5.240121364593506,4.029070854187012,1
6,1,0.33333333333333337,3.0,4.751942157745361,3.369549512863159,1
6,0,0.33333333333333337,3.0,0.23651784658432007,0.010029498487710953,1
6,0,0.33333333333333337,3.0,2.1276698112487793,1.14316725730896,2
6,1,0.5555555555555556,8.0,4.802712440490723,4.269237518310547,3
6,0,0.5555555555555556,8.0,0.2585546672344208,0.3339862823486328,1
6,0,0.5555555555555556,8.0,0.7317425012588501,0.03670845925807953,2
6,0,0.5555555555555556,8.0,3.789332866668701,3.8665690422058105,3
6,1,0.5555555555555556,8.0,5.23323917388916,4.5103020668029785,4
6,0,0.5555555555555556,8.0,2.608948230743408,1.0071080923080444,1
6,0,0.5555555555555556,8.0,0.04570797085762024,0.009068017825484276,2
6,0,0.5555555555555556,8.0,0.11618538200855255,0.0717516764998436,3
6,0,0.5555555555555556,8.0,0.6990470290184021,0.13356328010559082,4
6,1,0.33333333333333337,3.0,5.203470230102539,3.5719499588012695,1
6,0,0.33333333333333337,3.0,1.4421850442886353,0.011612762697041035,1
6,1,0.33333333333333337,3.0,3.301269054412842,2.085594654083252,2
6,0,0.4285714285714285,4.0,4.266413688659668,3.704073905944824,1
6,0,0.4285714285714285,4.0,0.01611573062837124,0.01753036305308342,2
6,1,0.4285714285714285,4.0,1.4631645679473877,0.6784802675247192,3
6,0,0.4285714285714285,4.0,1.5144343376159668,1.9126653671264648,1
6,0,0.4285714285714285,4.0,1.381043791770935,1.133126139640808,2
6,0,0.5,4.0,4.3393449783325195,3.977379560470581,3
6,0,0.5,4.0,0.020508665591478348,0.0336102657020092,4
6,0,0.5,4.0,0.15825015306472778,0.012413498014211655,1
6,0,0.5,4.0,0.8248680830001831,0.913130521774292,2
6,0,0.5,4.0,2.6316475868225098,2.701387643814087,3
6,0,0.5,7.0,1.2285737991333008,1.3589190244674683,1
6,0,0.5,7.0,1.0601176023483276,0.9165343642234802,2
6,0,0.5,7.0,1.747990608215332,1.6134802103042603,3
6,0,0.5,7.0,2.1289889812469482,2.1775054931640625,4
6,0,0.5,7.0,0.20690669119358063,0.09801730513572693,1
6,0,0.5,7.0,1.991825819015503,0.3863632380962372,2
6,0,0.5,7.0,3.5279903411865234,2.922842264175415,3
6,1,0.5,4.0,4.647055149078369,4.471118450164795,4
6,0,0.5,4.0,0.05212996527552605,0.057458505034446716,1
6,0,0.5,4.0,0.21149837970733643,0.01900087296962738,2
6,0,0.5,4.0,0.8875318765640259,0.44991907477378845,3
6,0,0.5,4.0,1.7716073989868164,1.006548523902893,4
6,0,0.33333333333333337,3.0,0.3355841636657715,0.22355324029922485,1
6,0,0.33333333333333337,3.0,0.0033342810347676277,0.0017109286272898316,2
6,0,0.33333333333333337,3.0,0.370818167924881,0.21396476030349731,3
6,0,0.33333333333333337,5.0,2.759202480316162,0.6685063242912292,4
6,0,0.33333333333333337,5.0,0.035907819867134094,0.010428136214613914,1
6,0,0.33333333333333337,5.0,0.07179425656795502,0.016820155084133148,2
6,0,0.33333333333333337,5.0,0.22571632266044617,0.031535953283309937,3
6,0,0.33333333333333337,5.0,0.3134858012199402,0.15398961305618286,4
6,0,0.33333333333333337,5.0,1.1407910585403442,0.03145035728812218,1
7,1,0.6,4.0,3.63024640083313,2.8264849185943604,2
7,0,0.6,4.0,0.01984640397131443,0.010413143783807755,1
7,0,0.6,4.0,0.025349680334329605,0.010166440159082413,2
7,1,0.6,4.0,2.1663990020751953,1.3777577877044678,3
7,0,0.5,4.0,4.326533794403076,4.163782596588135,1
7,0,0.5,4.0,1.2681918144226074,1.0922011137008667,2
7,0,0.5,4.0,0.11802612245082855,0.23357652127742767,3
7,1,0.5,4.0,2.4307775497436523,0.8519546389579773,4
7,0,0.5,4.0,2.752472400665283,2.199911117553711,1
7,1,0.33333333333333337,3.0,3.987616777420044,3.041670083999634,2
7,0,0.33333333333333337,3.0,0.21517601609230042,0.3560919761657715,1
7,0,0.33333333333333337,3.0,3.1436550617218018,2.635035276412964,2
7,1,0.19999999999999996,4.0,2.815920829772949,2.8333122730255127,3
7,1,0.19999999999999996,4.0,1.455549955368042,1.0638887882232666,1
7,0,0.19999999999999996,4.0,1.9164090156555176,1.9639317989349365,1
7,0,0.5,4.0,4.302306652069092,4.085762023925781,2
7,0,0.5,4.0,0.7761207818984985,0.9328134059906006,3
7,0,0.5,4.0,0.1254778504371643,0.23491555452346802,4
7,1,0.5,4.0,2.602062463760376,1.7645890712738037,1
7,0,0.5,4.0,2.5581541061401367,2.658571720123291,1
7,1,1.0,2.0,3.678483009338379,4.497786521911621,2
7,0,1.0,2.0,0.22431713342666626,0.05792345106601715,1
7,0,1.0,2.0,0.5415408611297607,0.04927757382392883,2
7,0,0.33333333333333337,3.0,3.3642959594726562,3.581315040588379,3
7,1,0.33333333333333337,3.0,2.703897714614868,2.617379665374756,4
7,1,0.33333333333333337,4.0,3.617461681365967,4.184318542480469,1
7,0,0.33333333333333337,4.0,1.9365041255950928,1.503490924835205,1
7,0,0.33333333333333337,4.0,1.1816775798797607,1.2207608222961426,2
7,0,0.6,4.0,2.8833022117614746,2.2450509071350098,4
7,0,0.6,4.0,0.013475841842591763,0.009927209466695786,1
7,0,0.6,4.0,0.014895348809659481,0.005836816038936377,2
7,0,0.6,4.0,2.063826560974121,1.3959721326828003,3
7,0,0.5,4.0,4.456599235534668,4.440380573272705,4
7,0,0.5,4.0,0.781306803226471,1.1258320808410645,1
7,0,0.5,4.0,0.1067819893360138,0.20373593270778656,2
7,0,0.5,4.0,2.431861400604248,1.7233139276504517,3
7,0,0.5,4.0,2.185231924057007,2.317145347595215,4
7,1,1.0,2.0,3.793914794921875,4.311459064483643,1
7,0,1.0,2.0,0.05298440530896187,0.04889640212059021,1
7,0,1.0,2.0,0.1009303480386734,0.024078963324427605,2
7,0,0.33333333333333337,3.0,1.6936490535736084,1.0404539108276367,3
7,0,0.33333333333333337,3.0,0.5698477625846863,0.9356245994567871,4
7,0,0.33333333333333337,4.0,0.6099580526351929,0.9283061623573303,1
7,0,0.33333333333333337,4.0,1.4108093976974487,1.0612263679504395,2
7,0,0.33333333333333337,4.0,0.9600818753242493,1.2345683574676514,3
7,0,0.6,4.0,0.7015779614448547,1.3170740604400635,1
7,0,0.6,4.0,0.003054883796721697,0.013072417117655277,2
7,0,0.6,4.0,0.005251183174550533,0.016420461237430573,3
7,0,0.6,4.0,0.2683370113372803,0.618474006652832,4
7,0,0.5,4.0,0.6155423521995544,2.5800399780273438,1
7,0,0.5,4.0,0.02412758395075798,0.20004680752754211,2
7,0,0.5,4.0,0.00260238372720778,0.06535787880420685,3
7,0,0.5,4.0,0.03585200756788254,0.18050016462802887,4
7,0,0.5,4.0,0.017842993140220642,0.31778383255004883,1
7,0,1.0,2.0,0.696605384349823,1.2668417692184448,2
7,0,1.0,2.0,0.018946094438433647,0.004891648888587952,3
7,0,1.0,2.0,0.00245762150734663,0.00742774223908782,4
7,0,0.33333333333333337,3.0,0.04714516922831535,0.09077683091163635,1
7,0,0.33333333333333337,3.0,0.029304932802915573,0.1550646424293518,2
7,0,0.33333333333333337,4.0,0.0318717360496521,0.10266630351543427,3
7,0,0.33333333333333337,4.0,0.22900015115737915,0.282524436712265,4
7,1,0.33333333333333337,4.0,0.7507819533348083,1.305774450302124,1
7,1,1.0,3.0,5.437685966491699,2.7972922325134277,1
7,0,1.0,3.0,0.0034232211764901876,0.015616209246218204,1
7,0,1.0,3.0,0.0026044612750411034,0.006131129339337349,2
7,0,0.5,4.0,0.25503915548324585,0.4706558287143707,3
7,0,0.5,4.0,0.005587653256952763,0.008805925026535988,4
7,0,0.5,4.0,0.03141530975699425,0.005139606073498726,1
7,0,0.5,4.0,2.1968579292297363,2.3856236934661865,2
7,0,0.5,4.0,3.243657350540161,4.077951431274414,3
7,0,0.5,4.0,1.0099530220031738,1.007324457168579,4
7,0,0.5,4.0,0.05973924323916435,0.1240011602640152,1
7,0,0.5,4.0,1.3990397453308105,0.8060190677642822,2
7,0,0.5,4.0,0.7553263306617737,1.3317630290985107,3
7,1,0.33333333333333337,3.0,1.7984037399291992,2.816075325012207,4
7,0,0.33333333333333337,3.0,0.03169799596071243,0.1496640145778656,1
7,0,0.33333333333333337,3.0,0.8196239471435547,0.9307954907417297,2
7,0,0.19999999999999996,4.0,0.8091583847999573,1.0822689533233643,3
7,0,0.19999999999999996,4.0,0.12957099080085754,0.4854812026023865,4
7,0,0.19999999999999996,4.0,0.3155479431152344,0.22234269976615906,1
7,0,0.5,4.0,1.5232670307159424,1.2657015323638916,2
7,0,0.5,4.0,0.22144269943237305,0.3098268508911133,3
7,0,0.5,4.0,0.03021490015089512,0.01909017004072666,4
7,0,0.5,4.0,0.8559228181838989,0.49800896644592285,1
7,0,0.5,4.0,0.08857284486293793,0.11039186269044876,2
7,0,1.0,2.0,1.226060152053833,0.21029648184776306,3
7,0,1.0,2.0,0.027351832017302513,0.002086193999275565,4
7,0,1.0,2.0,0.0023100264370441437,0.003306762780994177,1
7,0,0.33333333333333337,3.0,0.1676430106163025,0.03852502256631851,2
7,0,0.33333333333333337,3.0,0.15328073501586914,0.12054160237312317,3
7,0,0.33333333333333337,4.0,0.1713152825832367,0.06346236914396286,4
7,0,0.33333333333333337,4.0,0.3810492157936096,0.12292221188545227,1
7,0,0.33333333333333337,4.0,0.8781062364578247,0.5946075916290283,2
7,0,0.6,4.0,0.13369464874267578,0.1752941608428955,4
7,0,0.6,4.0,0.0009854162344709039,0.00432257354259491,1
7,0,0.6,4.0,0.0017545466544106603,0.0018716694321483374,2
7,0,0.6,4.0,0.08779888600111008,0.08359610289335251,3
7,0,0.5,4.0,0.4383530020713806,0.4053102731704712,4
7,0,0.5,4.0,0.054718807339668274,0.16835930943489075,1
7,0,0.5,4.0,0.0021528233774006367,0.009599096141755581,2
7,0,0.5,4.0,0.059854425489902496,0.0818893164396286,3
7,0,0.5,4.0,0.011328913271427155,0.052586134523153305,4
7,0,1.0,2.0,0.63126140832901,0.31899210810661316,1
7,0,1.0,2.0,0.0926138386130333,0.002812541089951992,2
7,0,1.0,2.0,0.0005141592700965703,0.003010355867445469,3
7,0,0.33333333333333337,3.0,0.01182655617594719,0.013170391321182251,4
7,0,0.33333333333333337,3.0,0.01023721694946289,0.04552582651376724,1
7,0,0.33333333333333337,4.0,0.005072013475000858,0.016863133758306503,2
7,0,0.33333333333333337,4.0,0.0985695943236351,0.0846322774887085,3
7,0,0.33333333333333337,4.0,0.8628292679786682,0.6748053431510925,4
7,0,0.6,4.0,0.05636288598179817,0.043392255902290344,2
7,0,0.6,4.0,0.0007642698474228382,0.004243011120706797,3
7,0,0.6,4.0,0.0021633892320096493,0.0005547704640775919,4
7,0,0.6,4.0,0.0325455367565155,0.0417381152510643,1
7,0,0.5,4.0,0.022723577916622162,0.025702809914946556,2
7,0,0.5,4.0,0.00312971998937428,0.013384760357439518,3
7,0,0.5,4.0,0.0002623781329020858,0.002216066000983119,4
7,0,0.5,4.0,0.0010144494008272886,0.0032181181013584137,1
7,0,0.5,4.0,0.0006844706367701292,0.004379558376967907,2
7,0,1.0,2.0,0.01910657063126564,0.011210373602807522,3
7,0,1.0,2.0,0.045342620462179184,0.0025288802571594715,4
7,0,1.0,2.0,0.00046913401456549764,0.019992128014564514,1
7,0,1.0,2.0,0.0018571203108876944,0.0069730933755636215,2
8,0,0.0,2.0,2.5577006340026855,0.5629293918609619,1
8,1,0.0,2.0,1.3554444313049316,1.915762186050415,2
8,0,0.0,3.0,1.2201504707336426,1.0774240493774414,1
8,0,0.0,3.0,1.8186030387878418,1.6277542114257812,2
8,0,0.0,3.0,1.0913562774658203,0.8786003589630127,3
8,1,0.33333333333333337,3.0,4.644856929779053,3.857598304748535,4
8,0,0.33333333333333337,3.0,1.4188992977142334,0.09015778452157974,1
8,0,0.33333333333333337,3.0,4.4731645584106445,2.583662509918213,2
8,1,0.33333333333333337,3.0,4.623587131500244,1.4660143852233887,3
8,0,0.33333333333333337,3.0,0.07731630653142929,0.0044684819877147675,1
8,1,0.33333333333333337,3.0,3.316110372543335,2.6643528938293457,2
8,1,0.6,4.0,3.9513204097747803,3.6491506099700928,1
8,0,0.6,4.0,0.06154632195830345,0.08887095749378204,1
8,0,0.6,4.0,0.28463730216026306,0.1876184642314911,2
8,1,0.6,4.0,3.2590157985687256,1.9191678762435913,3
8,0,0.33333333333333337,3.0,2.463941812515259,0.9766954183578491,1
8,0,0.33333333333333337,3.0,0.011505093425512314,0.011628517881035805,2
8,1,0.33333333333333337,3.0,2.965916395187378,2.053853750228882,3
8,0,0.1428571428571429,5.0,0.06897573918104172,0.0001469943526899442,2
8,0,0.1428571428571429,5.0,1.2747585773468018,0.5729432702064514,3
8,0,0.1428571428571429,5.0,1.548243522644043,1.7282062768936157,4
8,0,0.1428571428571429,5.0,1.263521432876587,1.1340525150299072,1
8,1,0.1428571428571429,5.0,1.130745530128479,0.9598132967948914,2
8,1,0.0,2.0,4.573075294494629,4.036774635314941,1
8,0,0.0,2.0,2.265096426010132,1.770498275756836,1
8,1,0.5,4.0,3.5355584621429443,2.657543659210205,2
8,0,0.5,4.0,0.018536314368247986,0.0060401540249586105,1
8,0,0.5,4.0,0.22780220210552216,0.36182162165641785,2
8,0,0.5,4.0,2.6603732109069824,1.8673968315124512,3
8,1,0.33333333333333337,3.0,3.040423631668091,3.8553736209869385,4
8,0,0.33333333333333337,3.0,0.44687050580978394,0.43371665477752686,1
8,0,0.33333333333333337,3.0,1.5991449356079102,1.3310465812683105,2
8,0,0.0,2.0,3.815708637237549,0.4443526864051819,3
8,1,0.0,2.0,3.786728858947754,2.6290111541748047,4
8,0,1.0,2.0,3.3767452239990234,0.3053942918777466,1
8,0,1.0,2.0,0.6581230163574219,0.21867232024669647,2
8,0,1.0,2.0,0.056234970688819885,0.01612813211977482,2
8,0,1.0,2.0,0.09726716578006744,0.04629622772336006,3
8,1,0.0,3.0,4.295085906982422,2.0032224655151367,1
8,0,0.0,3.0,1.5079100131988525,0.9772701859474182,1
8,0,0.0,3.0,1.005928874015808,0.8646867275238037,2
8,1,1.0,2.0,3.1415789127349854,4.17202091217041,3
8,0,1.0,2.0,1.7534900903701782,0.17144060134887695,1
8,1,1.0,2.0,3.7503931522369385,3.7554187774658203,1
8,0,1.0,2.0,0.16983668506145477,0.18544405698776245,1
8,1,0.33333333333333337,3.0,3.9631710052490234,2.4711225032806396,1
8,0,0.33333333333333337,3.0,0.19521582126617432,0.03927511349320412,1
8,0,0.33333333333333337,3.0,0.69318687915802,1.3148319721221924,2
8,0,0.19999999999999996,4.0,2.1071910858154297,1.5718212127685547,1
8,0,0.19999999999999996,4.0,1.8975573778152466,0.3109842538833618,2
8,0,0.19999999999999996,4.0,2.930497646331787,1.8492236137390137,3
8,1,0.4285714285714285,5.0,3.5905003547668457,0.6669065952301025,3
8,0,0.4285714285714285,5.0,0.06605353206396103,0.0025589228607714176,1
8,0,0.4285714285714285,5.0,0.12825417518615723,0.14452490210533142,2
8,1,0.4285714285714285,5.0,3.1587212085723877,1.4322240352630615,3
8,0,0.4285714285714285,5.0,1.3608894348144531,0.8617053627967834,1
8,1,0.0,2.0,3.951526165008545,3.9092326164245605,2
8,0,0.0,2.0,1.0933774709701538,0.8011767864227295,1
8,1,0.33333333333333337,3.0,3.246034622192383,2.258668899536133,1
8,0,0.33333333333333337,3.0,0.05646990239620209,0.022208474576473236,1
8,0,0.33333333333333337,3.0,0.539747953414917,0.46409210562705994,2
8,0,0.19999999999999996,4.0,1.1147910356521606,1.4593009948730469,1
8,0,0.19999999999999996,4.0,0.12177129834890366,0.13941794633865356,2
8,0,0.19999999999999996,4.0,2.113527536392212,1.2356525659561157,3
8,1,1.0,3.0,2.101696491241455,2.3879003524780273,3
8,0,1.0,3.0,1.0977013111114502,0.18979385495185852,1
8,0,1.0,3.0,0.8083196878433228,0.08306856453418732,2
8,0,0.33333333333333337,3.0,3.487147331237793,1.2398011684417725,3
8,0,0.33333333333333337,3.0,0.18128736317157745,0.12815208733081818,4
8,0,0.33333333333333337,3.0,2.265753746032715,1.1110843420028687,1
8,0,1.0,2.0,1.3820140361785889,0.46622180938720703,2
8,0,1.0,2.0,0.8063207268714905,0.10610034316778183,3
8,0,0.0,2.0,0.41320133209228516,0.1468890756368637,1
8,0,0.0,2.0,0.1423950046300888,0.06379678845405579,2
8,0,1.0,2.0,0.21349817514419556,0.01431690901517868,3
8,0,1.0,2.0,1.6463449001312256,1.0878102779388428,4
8,0,1.0,2.0,0.06803977489471436,0.0009154366562142968,1
8,0,1.0,2.0,0.09856905043125153,0.06466832756996155,2
8,0,1.0,2.0,0.05333305150270462,0.07284793257713318,3
8,0,1.0,2.0,0.21813403069972992,0.22772619128227234,4
8,0,1.0,2.0,0.002264055423438549,0.0017884657718241215,1
8,0,0.5,4.0,0.44412675499916077,0.22898443043231964,2
8,0,0.5,4.0,0.014927548356354237,0.0027417452074587345,3
8,0,0.5,4.0,0.00021119150915183127,0.0005887695006094873,4
8,0,0.5,4.0,0.8850696086883545,0.6414499282836914,1
8,0,0.0,2.0,0.3045622706413269,0.13091200590133667,2
8,0,0.0,2.0,1.0190919637680054,0.2931913137435913,3
8,1,0.0,3.0,0.7273882627487183,0.47962361574172974,2
8,1,0.0,3.0,1.4642285108566284,1.1787493228912354,1
8,0,0.5,4.0,4.635260581970215,4.642582893371582,1
8,0,0.5,4.0,0.06294910609722137,0.01714891381561756,2
8,0,0.5,4.0,0.16682855784893036,0.4553704857826233,3
8,1,0.5,4.0,2.463167428970337,2.7135121822357178,4
8,1,0.33333333333333337,3.0,4.286154747009277,2.966071844100952,1
8,0,0.33333333333333337,3.0,0.006898568477481604,0.004229454323649406,1
8,0,0.33333333333333337,3.0,2.0561864376068115,1.2599188089370728,2
8,1,0.33333333333333337,3.0,3.7914912700653076,3.4248719215393066,3
8,0,0.33333333333333337,3.0,0.22845111787319183,0.04111563414335251,1
8,0,0.33333333333333337,3.0,0.37812888622283936,0.15085531771183014,2
8,0,1.0,2.0,1.0770636796951294,0.0770232081413269,3
8,0,1.0,2.0,1.79855477809906,0.6761051416397095,4
8,0,0.33333333333333337,3.0,0.7493977546691895,0.10739223659038544,1
8,0,0.33333333333333337,3.0,0.021477866917848587,0.0020589991472661495,2
8,1,0.33333333333333337,3.0,2.5900533199310303,2.079895496368408,3
9,0,0.19999999999999996,4.0,2.9923229217529297,2.1680688858032227,1
9,0,0.19999999999999996,4.0,3.561048984527588,3.6201791763305664,2
9,0,0.19999999999999996,4.0,0.09854502975940704,0.19799411296844482,3
9,0,0.19999999999999996,4.0,1.2132039070129395,1.5112957954406738,4
9,0,0.19999999999999996,4.0,1.7273430824279785,1.7551692724227905,2
9,0,0.19999999999999996,4.0,0.17165353894233704,0.22545471787452698,3
9,0,0.19999999999999996,4.0,0.014236265793442726,0.0057669999077916145,4
9,0,0.19999999999999996,4.0,1.4007771015167236,1.644775629043579,1
9,0,0.19999999999999996,4.0,1.2698382139205933,1.1223677396774292,3
9,0,0.19999999999999996,4.0,0.12089423090219498,0.10709099471569061,4
9,0,0.19999999999999996,4.0,0.012549309059977531,0.0020288927480578423,1
9,0,0.19999999999999996,4.0,1.3114101886749268,1.5128142833709717,2
9,0,0.19999999999999996,4.0,1.075800895690918,1.0569125413894653,4
9,0,0.19999999999999996,4.0,0.1042938306927681,0.04562882333993912,1
9,0,0.19999999999999996,4.0,0.009729525074362755,0.002013956196606159,2
9,0,0.19999999999999996,4.0,1.3800361156463623,1.0894056558609009,3
9,0,0.19999999999999996,4.0,0.6737840175628662,0.5469750761985779,1
9,0,0.19999999999999996,4.0,0.11819107830524445,0.03291146457195282,2
9,0,0.19999999999999996,4.0,0.016458649188280106,0.001021988457068801,3
9,0,0.19999999999999996,4.0,1.5087215900421143,1.5894906520843506,4
9,0,0.19999999999999996,4.0,0.6980748772621155,0.8883779644966125,2
9,0,0.19999999999999996,4.0,0.11995716392993927,0.043749112635850906,3
9,0,0.19999999999999996,4.0,0.008594518527388573,0.0020013991743326187,4
9,0,0.19999999999999996,4.0,1.3551506996154785,1.992982268333435,1
9,0,0.19999999999999996,4.0,0.5229882597923279,0.5557531118392944,3
9,0,0.19999999999999996,4.0,0.08043339848518372,0.029706675559282303,4
9,0,0.19999999999999996,4.0,0.01015414297580719,0.0008193070534616709,1
9,0,0.19999999999999996,4.0,1.0569103956222534,1.4527716636657715,2
9,0,0.33333333333333337,5.0,0.11243162304162979,0.11369279772043228,4
9,0,0.33333333333333337,5.0,0.49297794699668884,0.5861684083938599,1
9,0,0.33333333333333337,5.0,0.11896683275699615,0.0419691726565361,2
9,0,0.33333333333333337,5.0,0.02200198359787464,0.001081227557733655,3
9,0,0.33333333333333337,5.0,1.3865309953689575,1.6622529029846191,4
9,0,0.33333333333333337,5.0,0.1626538336277008,0.14540719985961914,2
9,1,0.33333333333333337,5.0,0.808671236038208,0.4865991771221161,3
9,0,0.33333333333333337,5.0,0.08627800643444061,0.026512112468481064,1
9,0,0.33333333333333337,5.0,0.02024010941386223,0.0005135671817697585,2
9,0,0.33333333333333337,5.0,0.9981984496116638,0.8360025882720947,3
9,0,0.33333333333333337,5.0,0.12280747294425964,0.04442963749170303,1
9,0,0.33333333333333337,5.0,0.1048826351761818,0.11260087043046951,2
9,0,0.33333333333333337,5.0,0.07127168774604797,0.02430351823568344,3
9,0,0.33333333333333337,5.0,0.012613410130143166,0.0005582843441516161,4
9,0,0.33333333333333337,5.0,1.9792152643203735,2.237290859222412,1
9,0,0.33333333333333337,5.0,0.4330572187900543,0.240989550948143,3
9,0,0.33333333333333337,5.0,0.5633048415184021,0.6247127652168274,4
9,0,0.33333333333333337,5.0,0.08545020967721939,0.025016697123646736,1
9,0,0.33333333333333337,5.0,0.015181632712483406,0.00027143090846948326,2
9,0,0.33333333333333337,5.0,1.192805290222168,1.3078131675720215,3
9,0,0.33333333333333337,5.0,0.11909370124340057,0.08538846671581268,1
9,0,0.33333333333333337,5.0,0.22693684697151184,0.4293496608734131,2
9,0,0.33333333333333337,5.0,0.07144948840141296,0.020746514201164246,3
9,0,0.33333333333333337,5.0,0.007372886873781681,0.0002595913829281926,4
9,0,0.33333333333333337,5.0,1.1876524686813354,1.0879765748977661,1
9,0,0.33333333333333337,5.0,0.12466195970773697,0.09084323793649673,3
9,0,0.33333333333333337,5.0,0.12004730105400085,0.23807969689369202,4
9,0,0.33333333333333337,5.0,0.06331314891576767,0.019905157387256622,1
9,0,0.33333333333333337,5.0,0.010989471338689327,0.000359332567313686,2
9,0,0.33333333333333337,5.0,1.4818320274353027,1.1192206144332886,3
9,0,0.33333333333333337,5.0,0.18035022914409637,0.08194603770971298,1
9,0,0.33333333333333337,5.0,0.24310779571533203,0.18369753658771515,2
9,0,0.33333333333333337,5.0,0.06277704238891602,0.01612454652786255,3
9,0,0.33333333333333337,5.0,0.010669106617569923,0.000200458278413862,4
9,0,0.33333333333333337,5.0,1.563963770866394,1.3311954736709595,1
9,0,0.33333333333333337,5.0,0.21087214350700378,0.1657795011997223,3
9,0,0.33333333333333337,5.0,0.19203072786331177,0.14263741672039032,4
9,0,0.33333333333333337,5.0,0.049475450068712234,0.026121551170945168,1
9,0,0.33333333333333337,5.0,0.007882442325353622,0.00014291923434939235,2
9,0,0.33333333333333337,5.0,0.9346482157707214,0.659861147403717,3
9,0,0.33333333333333337,5.0,0.10749324411153793,0.08395051211118698,1
9,0,0.33333333333333337,5.0,0.13171561062335968,0.07613722234964371,2
9,0,0.33333333333333337,5.0,0.047191619873046875,0.014860144816339016,3
9,0,0.33333333333333337,5.0,0.007098580244928598,0.00017118667892646044,4
9,0,0.33333333333333337,5.0,0.9201391339302063,0.7583054304122925,1
9,0,0.33333333333333337,5.0,0.17428803443908691,0.17193450033664703,3
9,0,0.33333333333333337,5.0,0.031298086047172546,0.02730991691350937,4
9,0,0.33333333333333337,5.0,0.035352662205696106,0.018834702670574188,1
9,0,0.33333333333333337,5.0,0.006356962025165558,0.00016791996313259006,2
9,0,0.33333333333333337,5.0,0.9645137786865234,0.6386663913726807,3
9,0,0.33333333333333337,5.0,0.06920618563890457,0.045391228049993515,1
9,0,0.33333333333333337,5.0,0.03975126892328262,0.06966627389192581,2
9,0,0.33333333333333337,5.0,0.049790747463703156,0.018243422731757164,3
9,0,0.33333333333333337,5.0,0.013009803369641304,0.00018304823606740683,4
9,0,0.33333333333333337,5.0,1.2640931606292725,1.3756283521652222,1
9,0,0.33333333333333337,5.0,0.12402261793613434,0.12660685181617737,3
9,0,0.33333333333333337,5.0,0.1445336490869522,0.19361677765846252,4
9,0,0.33333333333333337,5.0,0.023425092920660973,0.010663516819477081,1
9,0,0.33333333333333337,5.0,0.008204467594623566,0.00018713762983679771,2
9,0,0.33333333333333337,5.0,0.738826334476471,0.6403957605361938,3
9,0,0.33333333333333337,5.0,0.067227303981781,0.03654014319181442,1
9,0,0.33333333333333337,5.0,0.08670578896999359,0.10687198489904404,2
9,0,0.33333333333333337,5.0,0.029540952295064926,0.013452543877065182,3
9,0,0.33333333333333337,5.0,0.007945170626044273,0.00016579232760705054,4
9,0,0.33333333333333337,5.0,0.852918803691864,0.6841524839401245,1
9,0,0.33333333333333337,5.0,0.07563675940036774,0.035443954169750214,3
9,0,0.33333333333333337,5.0,0.12359648942947388,0.15346239507198334,4
9,0,0.33333333333333337,5.0,0.017250707373023033,0.012543246150016785,1
9,0,0.33333333333333337,5.0,0.005119495093822479,0.00033767716377042234,2
9,0,0.33333333333333337,5.0,0.5852378606796265,0.5008541345596313,3
9,0,0.33333333333333337,5.0,0.054526470601558685,0.034722037613391876,1
9,0,0.33333333333333337,5.0,0.05825323611497879,0.04537927731871605,2
9,0,0.33333333333333337,5.0,0.032813169062137604,0.012251729145646095,3
9,0,0.33333333333333337,5.0,0.006751587614417076,0.00014392053708434105,4
9,0,0.33333333333333337,5.0,1.120275855064392,0.8071749806404114,1
10,1,0.33333333333333337,3.0,4.863424301147461,4.549828052520752,1
10,1,0.33333333333333337,3.0,1.9979671239852905,0.368999719619751,1
10,0,0.33333333333333337,3.0,2.4070496559143066,0.43710005283355713,1
10,0,1.0,3.0,4.182046413421631,4.147495269775391,2
10,0,1.0,3.0,2.2033796310424805,2.807232618331909,3
10,0,1.0,3.0,0.5108379125595093,0.2056731879711151,4
10,1,1.0,4.0,3.154592514038086,3.0465891361236572,1
10,0,1.0,4.0,2.84383487701416,3.5316052436828613,1
10,0,1.0,4.0,2.1813571453094482,0.8148909211158752,2
10,0,0.33333333333333337,3.0,1.5962616205215454,0.3310438394546509,3
10,0,0.33333333333333337,3.0,0.02901862934231758,0.07444469630718231,4
10,0,0.33333333333333337,3.0,2.812424898147583,2.1759836673736572,1
10,1,0.33333333333333337,4.0,4.621723175048828,3.7607903480529785,2
10,1,0.33333333333333337,4.0,3.7709054946899414,0.33722034096717834,1
10,1,0.33333333333333337,4.0,2.3239026069641113,1.8961331844329834,1
10,0,0.33333333333333337,4.0,1.0168627500534058,0.641292929649353,1
10,0,1.0,3.0,3.354052782058716,3.995861530303955,2
10,0,1.0,3.0,3.7858219146728516,2.8900113105773926,3
10,0,1.0,3.0,0.24691542983055115,0.006285635754466057,4
10,0,0.33333333333333337,3.0,2.407435417175293,0.9925851821899414,1
10,0,0.33333333333333337,3.0,0.06441658735275269,0.020640499889850616,2
10,0,0.33333333333333337,3.0,1.5966490507125854,0.755565881729126,3
10,1,0.33333333333333337,3.0,1.3029648065567017,1.7676454782485962,1
10,1,0.33333333333333337,3.0,2.2534661293029785,2.355912208557129,1
10,0,0.33333333333333337,3.0,0.3003632426261902,0.16785195469856262,1
10,0,0.33333333333333337,3.0,2.8055787086486816,1.676302433013916,2
10,0,0.33333333333333337,3.0,0.4314492344856262,0.15598072111606598,3
10,0,0.33333333333333337,3.0,2.412227153778076,2.2575621604919434,4
10,0,0.5,4.0,2.1035096645355225,2.047006368637085,2
10,1,0.5,4.0,3.0403828620910645,2.9774539470672607,3
10,1,0.5,4.0,3.2699811458587646,2.580451488494873,1
10,1,0.5,4.0,2.875145673751831,0.921627938747406,1
10,1,1.0,2.0,3.9694976806640625,1.959504246711731,1
10,0,1.0,2.0,1.4557578563690186,0.019083641469478607,1
10,0,1.0,2.0,0.008196478709578514,0.10341241210699081,2
10,0,1.0,2.0,0.057939887046813965,0.10210666060447693,3
10,1,0.33333333333333337,3.0,3.0795788764953613,3.186262607574463,4
10,1,0.33333333333333337,3.0,2.898475170135498,1.252086877822876,1
10,0,0.33333333333333337,3.0,1.4447579383850098,0.36208975315093994,1
10,1,0.33333333333333337,3.0,4.5084614753723145,2.774207353591919,2
10,0,0.33333333333333337,3.0,0.006240404210984707,0.00215693237259984,1
10,0,0.33333333333333337,3.0,0.29101282358169556,0.5078298449516296,2
10,0,0.33333333333333337,3.0,3.181767463684082,2.2945291996002197,3
10,0,0.6,5.0,1.5138343572616577,1.5917479991912842,1
10,0,0.6,5.0,1.8456356525421143,1.2369093894958496,2
10,0,0.6,5.0,1.2113138437271118,0.24554911255836487,3
10,1,0.6,5.0,2.0749294757843018,1.253063440322876,4
10,0,0.6,5.0,0.1575852334499359,0.06756379455327988,1
10,0,0.33333333333333337,3.0,1.9199551343917847,1.9658461809158325,3
10,0,0.33333333333333337,3.0,1.6515398025512695,1.4269195795059204,4
10,0,0.33333333333333337,3.0,0.062162645161151886,0.031466394662857056,1
10,0,0.33333333333333337,3.0,1.5693039894104004,1.6625354290008545,3
10,0,0.33333333333333337,3.0,2.4887938499450684,2.3829288482666016,4
10,0,0.33333333333333337,3.0,0.25930118560791016,0.037814248353242874,1
10,1,1.0,4.0,4.358831405639648,4.40329647064209,2
10,0,1.0,4.0,1.2075538635253906,0.08969462662935257,1
10,0,1.0,4.0,0.038398757576942444,0.006606813985854387,2
10,0,1.0,4.0,0.10673782974481583,0.030638564378023148,3
10,1,0.33333333333333337,6.0,3.6368606090545654,3.5058326721191406,4
10,1,0.33333333333333337,6.0,1.4350206851959229,1.4358761310577393,1
10,0,0.33333333333333337,6.0,0.22550413012504578,0.06480391323566437,1
10,0,0.33333333333333337,6.0,1.236119031906128,0.12021411955356598,2
10,0,0.33333333333333337,6.0,0.09816071391105652,0.009141567163169384,3
10,0,0.33333333333333337,6.0,3.374091863632202,1.7197282314300537,4
10,0,0.4285714285714285,4.0,3.937671184539795,2.9414024353027344,1
10,0,0.4285714285714285,4.0,0.3308144211769104,0.1672525703907013,2
10,0,0.4285714285714285,4.0,2.339045524597168,2.1164743900299072,3
10,0,0.4285714285714285,4.0,0.95697420835495,0.6275489926338196,4
10,1,1.0,3.0,3.2379767894744873,3.367583751678467,1
10,0,1.0,3.0,0.47976845502853394,0.1344357132911682,1
10,0,1.0,3.0,0.1275632083415985,0.08951470255851746,2
10,1,0.33333333333333337,3.0,2.3553545475006104,0.7187315821647644,3
10,0,0.33333333333333337,3.0,0.017239056527614594,0.004764169454574585,1
10,0,0.33333333333333337,3.0,1.3971836566925049,0.29247617721557617,2
10,1,0.33333333333333337,3.0,0.9923567771911621,0.9994436502456665,4
10,0,0.33333333333333337,3.0,1.6387895345687866,1.191891074180603,1
10,0,0.33333333333333337,3.0,0.2015620321035385,0.02545187808573246,2
10,0,0.33333333333333337,3.0,1.2191615104675293,0.5563932657241821,3
10,0,0.33333333333333337,3.0,0.08201169967651367,0.0746203288435936,4
10,0,0.33333333333333337,3.0,1.850002408027649,1.5129375457763672,1
10,0,0.5,4.0,2.0168514251708984,1.912320613861084,3
10,0,0.5,4.0,2.593855381011963,2.3685364723205566,4
10,0,0.5,4.0,1.9693121910095215,1.2538219690322876,1
10,0,0.5,4.0,0.4367862939834595,0.153440922498703,2
10,0,1.0,2.0,0.7749178409576416,0.49647241830825806,3
10,0,1.0,2.0,0.011282181367278099,0.005224977619946003,4
10,0,1.0,2.0,0.0695212185382843,0.0032753976993262768,1
10,0,1.0,2.0,0.021692447364330292,0.00034089264227077365,2
10,0,0.33333333333333337,3.0,0.5006901025772095,0.9821258783340454,3
10,0,0.33333333333333337,3.0,0.9031684398651123,0.263860285282135,4
10,0,0.33333333333333337,3.0,0.47512733936309814,0.1210828423500061,1
10,1,1.0,3.0,4.679902076721191,3.2758560180664062,2
10,0,1.0,3.0,0.8238973617553711,0.6683430671691895,1
10,0,1.0,3.0,0.0966012254357338,0.004941743798553944,2
10,0,0.33333333333333337,3.0,1.0824625492095947,0.6556187868118286,3
10,0,0.33333333333333337,3.0,0.06880594789981842,0.0596461221575737,4
10,0,0.33333333333333337,3.0,2.3879499435424805,1.0444586277008057,1
10,1,0.33333333333333337,3.0,4.342806816101074,2.6781275272369385,2
10,1,0.33333333333333337,3.0,2.2989494800567627,0.20901092886924744,1
10,0,0.33333333333333337,3.0,1.7377400398254395,1.1275744438171387,1
10,1,0.3333333333333335,6.0,3.4623866081237793,1.6503276824951172,2
10,0,0.3333333333333335,6.0,1.3191825151443481,0.028394462540745735,1
10,1,0.3333333333333335,6.0,2.1320881843566895,2.0502729415893555,2
10,1,0.3333333333333335,6.0,1.388534426689148,1.553666591644287,1
10,0,0.3333333333333335,6.0,0.10833530128002167,0.01920730248093605,1
10,1,0.3333333333333335,6.0,2.8963255882263184,2.2146072387695312,2
10,1,0.6,5.0,0.9051963090896606,1.153630256652832,2
10,0,0.6,5.0,0.6083807349205017,0.3177008032798767,1
10,0,0.6,5.0,0.4866771101951599,0.08536623418331146,2
10,1,0.6,5.0,1.5347447395324707,1.1272659301757812,3
10,0,0.6,5.0,0.09656541049480438,0.01973717287182808,1
10,0,0.33333333333333337,3.0,1.5867043733596802,1.4169671535491943,3
10,0,0.33333333333333337,3.0,1.0651686191558838,0.9511125683784485,4
10,0,0.33333333333333337,3.0,0.03581768274307251,0.003259438555687666,1
10,0,0.33333333333333337,3.0,1.228082537651062,0.8124326467514038,3
10,0,0.33333333333333337,3.0,1.451242446899414,1.3091349601745605,4
10,0,0.33333333333333337,3.0,0.06534723937511444,0.008247985504567623,1
11,1,0.23076923076923084,8.0,5.238554000854492,5.129324913024902,1
11,1,0.23076923076923084,8.0,4.791229248046875,5.188908576965332,1
11,0,0.23076923076923084,8.0,2.975341320037842,1.0684808492660522,1
11,1,0.23076923076923084,8.0,5.745847702026367,3.1633381843566895,2
11,1,0.23076923076923084,8.0,1.2210075855255127,1.9563897848129272,1
11,0,0.23076923076923084,8.0,1.1887333393096924,1.177503228187561,1
11,0,0.23076923076923084,8.0,2.3556551933288574,1.3044068813323975,2
11,0,0.23076923076923084,8.0,1.0713346004486084,0.8811349868774414,3
11,0,0.6,5.0,0.9432235360145569,0.6612116098403931,1
11,0,0.6,5.0,0.3238300681114197,0.39840441942214966,2
11,1,0.6,5.0,1.8703241348266602,1.6321301460266113,3
11,0,0.6,5.0,1.6551520824432373,0.33058395981788635,1
11,0,0.6,5.0,0.17318588495254517,0.040390171110630035,2
11,0,0.0,2.0,0.6397764086723328,0.1582966297864914,4
11,0,0.0,2.0,0.03240694850683212,0.018645264208316803,1
11,0,0.33333333333333337,3.0,0.17283588647842407,0.04611113294959068,3
11,0,0.33333333333333337,3.0,0.1699913889169693,0.06553496420383453,4
11,0,0.33333333333333337,3.0,0.027457937598228455,0.025398071855306625,1
11,1,1.0,3.0,4.203046798706055,2.6111772060394287,2
11,1,1.0,3.0,0.26210683584213257,1.02940034866333,1
11,0,1.0,3.0,2.8366270065307617,0.9535666704177856,1
11,0,0.33333333333333337,3.0,4.152311325073242,1.510857105255127,2
11,0,0.33333333333333337,3.0,0.4175342917442322,0.15393148362636566,3
11,1,0.33333333333333337,3.0,2.150926113128662,2.1254615783691406,4
11,0,0.33333333333333337,5.0,2.0104641914367676,3.2920010089874268,1
11,0,0.33333333333333337,5.0,0.3317682445049286,0.05443106219172478,2
11,0,0.33333333333333337,5.0,0.1268342137336731,0.11874910444021225,3
11,0,0.33333333333333337,5.0,1.0965262651443481,0.6712382435798645,4
11,0,0.33333333333333337,5.0,1.29751718044281,1.1327760219573975,1
11,0,0.33333333333333337,5.0,0.6069350242614746,0.6081923246383667,2
11,0,0.6,5.0,0.5683421492576599,0.44530966877937317,4
11,0,0.6,5.0,0.5670037865638733,0.28248530626296997,1
11,0,0.6,5.0,1.4904098510742188,1.4580086469650269,2
11,0,0.6,5.0,2.231173038482666,2.2136309146881104,3
11,0,0.6,5.0,0.28379619121551514,0.035537246614694595,4
11,1,1.0,3.0,3.596912384033203,3.9819421768188477,1
11,1,1.0,3.0,0.867737889289856,1.177396297454834,1
11,0,1.0,3.0,1.6228915452957153,1.9631224870681763,1
11,0,0.33333333333333337,3.0,4.404587745666504,3.8681859970092773,2
11,0,0.33333333333333337,3.0,0.40557557344436646,0.23146213591098785,3
11,0,0.33333333333333337,3.0,4.093311786651611,4.340091705322266,4
11,1,1.0,3.0,4.570197105407715,4.8401899337768555,1
11,1,1.0,3.0,3.426711320877075,1.7802696228027344,1
11,0,1.0,3.0,4.071420669555664,2.761242389678955,1
11,1,0.6666666666666666,6.0,5.107133865356445,4.543405055999756,2
11,0,0.6666666666666666,6.0,1.5340620279312134,0.4452643394470215,1
11,1,0.6666666666666666,6.0,5.018134593963623,4.727693557739258,2
11,0,0.6666666666666666,6.0,1.103945016860962,0.8133302927017212,1
11,0,0.6666666666666666,6.0,0.3064386248588562,2.3408362865448,2
11,1,0.6666666666666666,6.0,2.8205347061157227,2.036208391189575,3
11,0,0.4285714285714285,4.0,2.441561460494995,0.6111928820610046,1
11,0,0.4285714285714285,4.0,0.02180776745080948,0.00348673015832901,2
11,0,0.4285714285714285,4.0,0.05815648287534714,0.014043118804693222,3
11,0,0.4285714285714285,4.0,0.03423906862735748,0.014470107853412628,4
11,1,0.4285714285714285,4.0,2.195868730545044,2.0237784385681152,1
11,0,0.4285714285714285,4.0,0.6123961806297302,0.5707759857177734,1
11,0,0.6,5.0,0.1209147647023201,0.12167929112911224,3
11,0,0.6,5.0,0.061823613941669464,0.02092474140226841,4
11,0,0.6,5.0,0.5427668690681458,0.4050884544849396,1
11,0,0.6,5.0,2.159996747970581,2.0300612449645996,2
11,0,0.6,5.0,0.2167125791311264,0.05595359951257706,3
11,0,0.0,2.0,2.0258822441101074,2.1936867237091064,1
11,0,0.0,2.0,1.506087064743042,1.6682387590408325,2
11,0,0.0,2.0,1.6159110069274902,1.6210016012191772,4
11,0,0.0,2.0,2.4292333126068115,2.201183557510376,1
11,0,1.0,3.0,4.432440757751465,4.6690850257873535,2
11,0,1.0,3.0,0.8753762245178223,0.5712289214134216,3
11,0,1.0,3.0,0.4948095381259918,0.3256380558013916,4
11,0,0.33333333333333337,3.0,1.5305191278457642,0.732333779335022,1
11,0,0.33333333333333337,3.0,0.1961928755044937,0.22006843984127045,2
11,0,0.33333333333333337,3.0,1.7032420635223389,1.8412830829620361,3
11,0,1.0,3.0,4.65961217880249,3.9384875297546387,4
11,0,1.0,3.0,1.1498140096664429,0.3251705467700958,1
11,0,1.0,3.0,1.2312464714050293,0.3238285779953003,2
11,0,0.6666666666666666,6.0,1.7682743072509766,1.564750075340271,3
11,0,0.6666666666666666,6.0,0.20416618883609772,0.23589107394218445,4
11,0,0.6666666666666666,6.0,4.333644866943359,4.022043704986572,1
11,0,0.6666666666666666,6.0,0.47364702820777893,0.3875064253807068,2
11,0,0.6666666666666666,6.0,0.1319189816713333,0.629850447177887,3
11,1,0.6666666666666666,6.0,3.220287561416626,3.039337635040283,4
11,0,0.4285714285714285,4.0,2.7223334312438965,0.37863796949386597,1
11,0,0.4285714285714285,4.0,0.4077545404434204,0.0017338731558993459,2
11,0,0.4285714285714285,4.0,0.008675457909703255,0.000893796852324158,3
11,0,0.4285714285714285,4.0,0.023194700479507446,0.002198927802965045,4
11,0,0.4285714285714285,4.0,2.4824771881103516,0.680797815322876,1
11,0,0.4285714285714285,4.0,0.6197680234909058,0.6299473643302917,2
11,0,0.6,5.0,0.12221396714448929,0.09600534290075302,4
11,0,0.6,5.0,0.040976542979478836,0.014705626294016838,1
11,0,0.6,5.0,0.30874890089035034,0.26480230689048767,2
11,0,0.6,5.0,1.9525045156478882,1.761695384979248,3
11,0,0.6,5.0,0.1744672656059265,0.017450038343667984,4
11,0,0.0,2.0,2.0452983379364014,1.788583517074585,2
11,0,0.0,2.0,1.5224595069885254,0.9078450202941895,3
11,0,0.0,2.0,1.3329501152038574,0.7032229900360107,1
11,0,0.0,2.0,1.2225840091705322,0.4222874045372009,2
11,0,1.0,3.0,2.715247869491577,3.336961030960083,3
11,0,1.0,3.0,0.3759283423423767,0.08822065591812134,4
11,0,1.0,3.0,0.156463623046875,0.14136159420013428,1
11,0,0.33333333333333337,3.0,0.40900200605392456,0.2457169145345688,2
11,0,0.33333333333333337,3.0,0.04668975621461868,0.07647010684013367,3
11,0,0.33333333333333337,3.0,0.5202603340148926,0.7331374883651733,4
11,0,1.0,3.0,1.578914999961853,3.0199813842773438,1
11,0,1.0,3.0,0.16767539083957672,0.17101746797561646,2
11,0,1.0,3.0,0.20828011631965637,0.23865975439548492,3
11,0,0.6666666666666666,6.0,0.2473159283399582,0.4968106150627136,4
11,0,0.6666666666666666,6.0,0.01277228631079197,0.11721699684858322,1
11,0,0.6666666666666666,6.0,0.454748272895813,1.234830379486084,2
11,0,0.6666666666666666,6.0,0.04270824044942856,0.06638631969690323,3
11,0,0.6666666666666666,6.0,0.01168057881295681,0.05464612692594528,4
11,0,0.6666666666666666,6.0,0.5956956148147583,0.6689728498458862,1
11,0,0.4285714285714285,4.0,0.12285435199737549,0.040846437215805054,2
11,0,0.4285714285714285,4.0,0.001616394380107522,0.0006389766931533813,3
11,0,0.4285714285714285,4.0,0.01444284152239561,0.0002933971118181944,4
11,0,0.4285714285714285,4.0,0.007733358070254326,0.002326034475117922,1
11,0,0.4285714285714285,4.0,0.14017808437347412,0.39803069829940796,2
11,0,0.4285714285714285,4.0,0.8664027452468872,0.7043316960334778,3
12,1,1.0,2.0,4.451802730560303,3.971714496612549,1
12,1,0.33333333333333337,3.0,3.341716766357422,2.5377824306488037,1
12,1,0.33333333333333337,3.0,2.660357713699341,2.835050582885742,1
12,1,0.33333333333333337,3.0,4.606257438659668,4.449362277984619,1
12,0,0.33333333333333337,3.0,0.5550351142883301,0.15780197083950043,1
12,0,0.33333333333333337,3.0,0.6402454376220703,0.6984341740608215,2
12,0,0.19999999999999996,4.0,1.3029847145080566,0.9337384104728699,3
12,1,0.19999999999999996,4.0,0.43610695004463196,1.0140153169631958,4
12,0,0.19999999999999996,4.0,1.4786696434020996,0.9728057980537415,1
12,0,0.19999999999999996,4.0,0.8954452276229858,0.6903985738754272,2
12,0,0.0,2.0,4.205161094665527,4.137958526611328,3
12,1,0.0,2.0,1.8519446849822998,1.1079999208450317,4
12,0,0.33333333333333337,3.0,3.729330062866211,3.063718318939209,1
12,0,0.33333333333333337,3.0,2.6071014404296875,2.0234122276306152,2
12,1,0.5,4.0,5.354186534881592,4.646700382232666,3
12,1,0.5,4.0,3.070228099822998,1.41556715965271,1
12,0,0.5,4.0,3.056697130203247,3.0154411792755127,1
12,0,0.5,4.0,3.436041831970215,2.220029354095459,2
12,1,0.5,4.0,4.4764885902404785,4.041758060455322,3
12,0,0.5,4.0,2.9984092712402344,2.0746688842773438,1
12,1,0.5,4.0,4.134056568145752,3.737988233566284,2
12,1,0.5,4.0,4.2659173011779785,3.1983017921447754,1
12,0,1.0,2.0,2.963243007659912,2.085659980773926,1
12,0,0.33333333333333337,3.0,1.7096929550170898,0.6687567234039307,3
12,1,0.33333333333333337,3.0,2.3716676235198975,2.55294132232666,4
12,0,0.4285714285714285,4.0,4.290994167327881,3.56209135055542,1
12,1,0.4285714285714285,4.0,1.4774045944213867,0.1904875785112381,2
12,1,0.4285714285714285,4.0,2.9120898246765137,2.050415515899658,1
12,0,0.4285714285714285,4.0,1.148129940032959,0.9664934873580933,1
12,0,0.0,2.0,3.627472162246704,3.5931103229522705,2
12,0,0.0,2.0,1.431532859802246,1.1177319288253784,3
12,0,0.33333333333333337,3.0,2.99125599861145,3.3047804832458496,4
12,0,0.33333333333333337,3.0,2.4971108436584473,1.9705836772918701,1
12,0,0.33333333333333337,3.0,2.703303337097168,1.5511889457702637,1
12,1,0.33333333333333337,3.0,2.920393943786621,2.7833032608032227,2
12,0,0.0,2.0,4.205047130584717,3.7535367012023926,1
12,1,0.5,4.0,4.21125602722168,3.4087092876434326,2
12,0,0.5,4.0,0.7521767020225525,0.039378952234983444,1
12,0,0.5,4.0,1.3105905055999756,0.41724786162376404,2
12,1,0.5,4.0,2.0159924030303955,1.7953298091888428,3
12,1,0.0,2.0,4.170260906219482,3.8304383754730225,1
12,0,0.0,2.0,1.770694613456726,0.6851879358291626,1
12,0,0.0,2.0,3.0718019008636475,3.222081422805786,2
12,1,0.5,3.0,4.226163864135742,1.5417344570159912,3
12,0,0.5,3.0,3.1230053901672363,0.13184598088264465,1
12,0,0.5,3.0,1.8248255252838135,1.9028429985046387,2
12,0,0.0,3.0,1.232689619064331,1.0558526515960693,3
12,0,0.0,3.0,1.1197742223739624,1.0937973260879517,4
12,0,0.0,2.0,3.3049278259277344,3.556976795196533,1
12,0,0.0,2.0,1.1209018230438232,1.1034401655197144,2
12,0,0.33333333333333337,3.0,2.3103418350219727,3.295872688293457,3
12,0,0.33333333333333337,3.0,2.1832475662231445,1.8851346969604492,4
12,1,0.6,5.0,0.9951030611991882,1.1985903978347778,2
12,0,0.6,5.0,0.2877565026283264,0.3831278085708618,1
12,0,0.6,5.0,0.8250290751457214,1.0156832933425903,2
12,0,0.6,5.0,2.0861690044403076,2.2127935886383057,3
12,0,0.6,5.0,0.11973035335540771,0.06514816731214523,4
12,0,0.0,2.0,0.8521353602409363,1.1280189752578735,2
12,0,0.0,2.0,0.23469728231430054,0.3853261172771454,3
12,0,0.19999999999999996,4.0,0.32761839032173157,0.4218076765537262,1
12,0,0.19999999999999996,4.0,0.2403557151556015,0.5050026774406433,2
12,0,0.19999999999999996,4.0,0.05145980045199394,0.03458394855260849,3
12,1,0.19999999999999996,4.0,3.992856979370117,3.9175045490264893,4
12,0,0.33333333333333337,3.0,4.140419960021973,3.9181103706359863,1
12,0,0.33333333333333337,3.0,0.5702069997787476,0.0758252888917923,2
12,1,0.33333333333333337,3.0,1.4321904182434082,2.8016467094421387,3
12,1,0.33333333333333337,2.0,3.9621663093566895,1.9649381637573242,1
12,0,0.33333333333333337,2.0,3.643458604812622,3.447481155395508,1
12,1,0.5,3.0,4.769575119018555,3.9079504013061523,2
12,0,0.5,3.0,3.807663917541504,1.4334890842437744,1
12,0,0.5,3.0,4.582311630249023,3.6045572757720947,2
12,0,0.5,3.0,1.211165428161621,0.4955139458179474,3
12,0,0.5,3.0,2.5064504146575928,1.6023509502410889,4
12,0,0.0,3.0,0.7427625060081482,1.3761627674102783,1
12,0,0.0,3.0,1.1336438655853271,1.3325937986373901,2
12,1,0.5,4.0,2.494546413421631,3.7990028858184814,3
12,0,0.5,4.0,1.6632041931152344,0.872654914855957,1
12,0,0.5,4.0,0.020208090543746948,0.03897124528884888,2
12,0,0.5,4.0,2.02370548248291,1.0864667892456055,3
12,0,0.5,7.0,1.0752445459365845,0.8033316135406494,1
12,0,0.5,7.0,0.4604761004447937,0.3115503787994385,2
12,1,0.5,7.0,1.6135441064834595,1.8464046716690063,3
12,0,0.5,7.0,2.2723195552825928,2.2528798580169678,1
12,0,0.5,7.0,0.18039464950561523,0.12177303433418274,2
12,1,0.5,7.0,3.9249744415283203,1.28102707862854,3
12,0,0.5,7.0,3.922030448913574,3.285714864730835,1
12,1,1.0,2.0,4.703979015350342,4.704106330871582,2
12,1,1.0,2.0,3.6604902744293213,2.5652241706848145,1
12,0,0.33333333333333337,3.0,1.6697680950164795,2.2729501724243164,1
12,0,0.33333333333333337,3.0,0.06917618215084076,0.009274844080209732,2
12,0,0.33333333333333337,3.0,0.32123732566833496,2.8942816257476807,3
12,0,0.33333333333333337,3.0,2.148381233215332,3.352616786956787,4
12,0,0.0,4.0,4.017059326171875,3.032538890838623,1
12,0,0.0,4.0,0.7178288102149963,0.10225843638181686,2
12,1,0.0,4.0,2.7206621170043945,2.502481460571289,3
12,0,0.0,4.0,1.2256399393081665,0.8799688220024109,1
12,0,0.0,4.0,1.870503544807434,1.5069853067398071,2
12,0,0.5,7.0,0.46873486042022705,0.30489876866340637,1
12,0,0.5,7.0,0.04283144325017929,0.055036794394254684,2
12,0,0.5,7.0,1.382569670677185,0.908220112323761,3
12,0,0.5,7.0,0.6035564541816711,0.3627682030200958,4
12,0,0.5,7.0,0.4454653859138489,0.10737653076648712,1
12,0,0.5,7.0,0.4990280866622925,0.37532925605773926,2
12,0,0.5,7.0,3.1737875938415527,2.176903486251831,3
12,0,1.0,3.0,4.763114929199219,2.8275442123413086,4
12,0,1.0,3.0,0.17533865571022034,0.01624581590294838,1
12,0,1.0,3.0,0.03710463270545006,0.018655044957995415,2
12,0,0.33333333333333337,3.0,0.28100767731666565,0.4329618215560913,3
12,0,0.33333333333333337,3.0,0.006306310184299946,0.08260786533355713,4
12,1,0.33333333333333337,3.0,2.563060760498047,2.0202219486236572,1
12,1,0.5,4.0,4.273280143737793,4.171341419219971,1
12,0,0.5,4.0,0.014258435927331448,0.037114217877388,1
12,1,0.5,4.0,2.5111491680145264,0.7429912090301514,2
12,0,0.5,4.0,1.7358989715576172,0.08123847842216492,1
12,0,0.5,4.0,1.2187970876693726,1.2338345050811768,2
12,1,1.0,3.0,4.315776824951172,2.634996175765991,3
12,0,1.0,3.0,1.156728982925415,0.8201401233673096,1
12,0,0.0,3.0,1.7338788509368896,0.40290671586990356,2
12,0,0.0,3.0,0.25388360023498535,0.14902928471565247,3
13,1,0.0,2.0,4.386261463165283,4.0880937576293945,1
13,0,0.0,2.0,4.576693534851074,4.001003742218018,1
13,1,0.19999999999999996,4.0,5.171315670013428,4.552886962890625,2
13,1,0.19999999999999996,4.0,1.594082236289978,0.23836448788642883,1
13,0,0.19999999999999996,4.0,0.26344186067581177,0.013885297812521458,1
13,0,0.19999999999999996,4.0,2.430189371109009,1.479508399963379,2
13,0,0.19999999999999996,4.0,3.514657735824585,3.1269140243530273,3
13,0,0.33333333333333337,5.0,1.8126356601715088,1.005380630493164,1
13,1,0.33333333333333337,5.0,2.753899574279785,2.3075110912323,2
13,0,0.33333333333333337,5.0,0.7022024393081665,0.4240352511405945,1
13,1,0.33333333333333337,5.0,3.793348789215088,0.8489808440208435,2
13,1,0.33333333333333337,5.0,3.4677863121032715,1.331352949142456,1
13,0,0.33333333333333337,5.0,1.8477522134780884,0.17450867593288422,2
13,1,0.33333333333333337,5.0,3.031468391418457,0.7656547427177429,3
13,0,0.33333333333333337,5.0,2.8345017433166504,0.06381994485855103,1
13,0,0.33333333333333337,5.0,2.283132314682007,0.2725268006324768,2
13,0,0.33333333333333337,5.0,2.269627809524536,0.8066064119338989,3
13,1,0.33333333333333337,5.0,3.721959114074707,1.2598798274993896,4
13,0,0.33333333333333337,5.0,0.11367685347795486,0.005251466296613216,1
13,0,0.33333333333333337,5.0,0.905436098575592,0.729098916053772,2
13,1,0.33333333333333337,5.0,1.10407292842865,1.2276339530944824,3
13,1,0.33333333333333337,5.0,3.1960673332214355,3.018937587738037,1
13,0,0.33333333333333337,5.0,0.7430983781814575,0.6352465152740479,1
13,0,0.0,2.0,1.1322182416915894,0.27934831380844116,3
13,0,0.0,2.0,0.3696492314338684,0.04869862273335457,4
13,1,0.0,2.0,2.0350492000579834,2.0052309036254883,2
13,0,0.0,2.0,0.06276248395442963,0.05298703908920288,1
13,0,0.6,5.0,1.687328815460205,1.6568493843078613,4
13,0,0.6,5.0,1.2541955709457397,0.7725332975387573,1
13,0,0.6,5.0,0.9532663822174072,0.402160108089447,2
13,0,0.6,5.0,1.108849287033081,0.6929589509963989,3
13,0,0.6,5.0,0.455305278301239,1.7917587757110596,4
13,1,1.0,2.0,4.812788486480713,3.738523483276367,1
13,0,0.5,4.0,4.416543006896973,0.11860759556293488,1
13,0,0.5,4.0,0.7095265984535217,0.00038968728040345013,2
13,0,0.5,4.0,0.08630584180355072,0.0009349843021482229,3
13,0,0.5,4.0,0.10491836071014404,0.02742050588130951,4
13,0,0.5,4.0,3.67543888092041,3.725501537322998,1
13,1,0.33333333333333337,3.0,3.3030662536621094,3.5148627758026123,2
13,1,0.33333333333333337,3.0,1.6421844959259033,1.2507507801055908,1
13,1,0.33333333333333337,3.0,1.4207626581192017,1.7088865041732788,1
13,0,0.33333333333333337,4.0,1.2312705516815186,1.0582523345947266,1
13,1,0.33333333333333337,4.0,1.3313798904418945,1.650771141052246,2
13,0,0.33333333333333337,4.0,0.38794195652008057,0.53801429271698,1
13,0,0.0,2.0,0.746821939945221,0.2521766722202301,3
13,0,0.0,2.0,0.1617823839187622,0.02539992146193981,4
13,1,0.0,2.0,1.9509572982788086,1.836201548576355,2
13,0,0.0,2.0,0.06225685775279999,0.04348211735486984,1
13,0,0.6,5.0,0.7394493222236633,1.162767767906189,4
13,0,0.6,5.0,0.2146414816379547,0.4398934841156006,1
13,0,0.6,5.0,0.1465226262807846,0.16478471457958221,2
13,0,0.6,5.0,0.6417114734649658,0.3274121880531311,3
13,0,0.6,5.0,0.37403208017349243,0.7981374859809875,4
13,0,1.0,2.0,4.648917198181152,1.1594983339309692,1
13,0,0.5,4.0,2.246220588684082,0.07220949232578278,2
13,0,0.5,4.0,0.03642408549785614,0.00046650791773572564,3
13,0,0.5,4.0,0.0011881765676662326,0.0007466904353350401,4
13,0,0.5,4.0,0.029068492352962494,0.002413991605862975,1
13,0,0.5,4.0,4.104310035705566,4.116971015930176,2
13,0,0.33333333333333337,3.0,3.8332648277282715,3.1550281047821045,3
13,0,0.33333333333333337,3.0,1.2668794393539429,0.8787147998809814,4
13,0,0.33333333333333337,3.0,1.3995188474655151,0.49266260862350464,1
13,0,0.33333333333333337,4.0,0.31645384430885315,0.03922032192349434,2
13,0,0.33333333333333337,4.0,1.4123756885528564,0.5163998603820801,3
13,0,0.33333333333333337,4.0,0.4648638665676117,0.36676356196403503,4
13,0,0.0,2.0,0.584852933883667,0.12688951194286346,2
13,0,0.0,2.0,0.1104966402053833,0.031356245279312134,3
13,0,0.0,2.0,1.7703815698623657,1.5082944631576538,1
13,0,0.0,2.0,0.053031690418720245,0.01630190573632717,2
13,0,0.6,5.0,0.5008979439735413,0.1272117793560028,1
13,0,0.6,5.0,0.09123896807432175,0.04085548594594002,2
13,0,0.6,5.0,0.08912762999534607,0.013504872098565102,3
13,0,0.6,5.0,0.2860661745071411,0.025595003738999367,4
13,0,0.6,5.0,0.21985362470149994,0.02812347561120987,1
13,0,1.0,2.0,2.0928568840026855,0.025708872824907303,2
13,0,0.5,4.0,0.27068954706192017,0.01163777057081461,3
13,0,0.5,4.0,0.01523143146187067,0.0003444301546551287,4
13,0,0.5,4.0,0.0005688098026439548,0.0358499176800251,1
13,0,0.5,4.0,0.004968934692442417,0.000349414418451488,2
13,0,0.5,4.0,2.446256637573242,0.4517822563648224,3
13,0,0.33333333333333337,3.0,0.5419586300849915,0.1861485093832016,4
13,0,0.33333333333333337,3.0,0.24341000616550446,0.03866250067949295,1
13,0,0.33333333333333337,3.0,0.38071736693382263,0.06915826350450516,2
13,0,0.33333333333333337,4.0,0.014111853204667568,0.0054283300414681435,3
13,0,0.33333333333333337,4.0,0.20260336995124817,0.031815771013498306,4
13,0,0.33333333333333337,4.0,0.23287378251552582,0.12165170907974243,1
13,0,0.0,2.0,0.37443608045578003,0.06808041036128998,3
13,0,0.0,2.0,0.051440004259347916,0.007720207795500755,4
13,0,0.0,2.0,1.3727244138717651,0.9723816514015198,2
13,0,0.0,2.0,0.03908109664916992,0.010776231065392494,3
13,0,0.6,5.0,0.31191691756248474,0.052487488836050034,2
13,0,0.6,5.0,0.04157762601971626,0.025478459894657135,3
13,0,0.6,5.0,0.04408888891339302,0.005289462395012379,4
13,0,0.6,5.0,0.14130623638629913,0.009578623808920383,1
13,0,0.6,5.0,0.1403791904449463,0.009143445640802383,2
13,0,1.0,2.0,0.7743725776672363,0.013649070635437965,3
13,0,0.5,4.0,0.10396824777126312,0.009036814793944359,4
13,0,0.5,4.0,0.01595555804669857,0.00019163181423209608,1
13,0,0.5,4.0,0.0004955857875756919,0.0015708310529589653,2
13,0,0.5,4.0,0.0027124937623739243,0.00036779564106836915,3
13,0,0.5,4.0,1.2571790218353271,0.29619818925857544,4
13,0,0.33333333333333337,3.0,0.15529653429985046,0.15857098996639252,1
13,0,0.33333333333333337,3.0,0.10963220149278641,0.03184758126735687,2
13,0,0.33333333333333337,3.0,0.15870244801044464,0.04003528505563736,3
13,0,0.33333333333333337,4.0,0.0066860029473900795,0.0046012867242097855,4
13,0,0.33333333333333337,4.0,0.08551312983036041,0.0348723903298378,1
13,0,0.33333333333333337,4.0,0.19208399951457977,0.09591642022132874,2
13,0,0.0,2.0,0.2602632939815521,0.05093908682465553,4
13,0,0.0,2.0,0.03454980254173279,0.009795201942324638,1
14,0,0.33333333333333337,5.0,0.0874757170677185,0.0008399790385738015,1
14,0,0.33333333333333337,5.0,1.2442169189453125,0.12111441791057587,2
14,0,0.33333333333333337,5.0,0.5558648109436035,0.004906210117042065,3
14,0,0.33333333333333337,5.0,0.05153580382466316,0.0014689448289573193,4
14,1,0.33333333333333337,5.0,3.043933868408203,3.881066083908081,1
14,1,0.5,4.0,4.48575496673584,4.369325160980225,1
14,0,0.5,4.0,3.2108192443847656,0.7419504523277283,1
14,1,0.5,4.0,2.0780062675476074,0.7424856424331665,2
14,1,0.5,4.0,3.619115114212036,3.428274631500244,1
14,1,0.33333333333333337,4.0,4.810620307922363,3.258481979370117,1
14,0,0.33333333333333337,4.0,2.3743391036987305,0.08809900283813477,1
14,0,0.33333333333333337,4.0,2.137634038925171,2.6484644412994385,2
14,0,0.33333333333333337,4.0,0.9053584933280945,0.9630231857299805,3
14,0,0.6,5.0,0.12579427659511566,0.007482387591153383,1
14,0,0.6,5.0,0.017130328342318535,0.00324754836037755,2
14,0,0.6,5.0,0.334682434797287,0.23314785957336426,3
14,0,0.6,5.0,1.9303295612335205,2.0139811038970947,4
14,0,0.6,5.0,0.04493231698870659,0.0004661610000766814,1
14,0,1.0,4.0,4.170132637023926,3.9297122955322266,3
14,0,1.0,4.0,0.14166048169136047,0.09543117135763168,4
14,0,1.0,4.0,0.001661244546994567,0.0027830901090055704,1
14,0,0.19999999999999996,4.0,2.027007579803467,1.9272174835205078,2
14,0,0.19999999999999996,4.0,0.17095419764518738,0.6206406950950623,3
14,0,0.19999999999999996,4.0,0.2179802656173706,0.9240503907203674,4
14,0,0.19999999999999996,4.0,0.009365137666463852,0.003118592081591487,1
14,0,1.0,3.0,0.1393117606639862,0.281404972076416,2
14,0,0.0,2.0,0.20903214812278748,0.11631226539611816,3
14,0,0.0,2.0,0.04365307465195656,0.007443745154887438,4
14,0,0.0,2.0,0.14116638898849487,0.7539010047912598,1
14,0,1.0,3.0,3.0857977867126465,1.0103217363357544,2
14,0,1.0,3.0,0.20104773342609406,0.09463856369256973,3
14,0,1.0,3.0,0.8826667070388794,0.3409922122955322,4
14,0,1.0,3.0,0.33800384402275085,0.026650791987776756,1
14,0,0.33333333333333337,3.0,0.5984017848968506,0.42231646180152893,2
14,0,0.33333333333333337,3.0,0.0067573594860732555,0.010677579790353775,3
14,0,0.33333333333333337,3.0,0.17911893129348755,0.0674816146492958,4
14,0,0.1428571428571429,5.0,0.29335838556289673,0.32781311869621277,1
14,0,0.1428571428571429,5.0,0.0027559022419154644,0.0064982399344444275,2
14,0,0.1428571428571429,5.0,0.225813627243042,0.1978299617767334,3
14,0,0.1428571428571429,5.0,0.0785437747836113,0.02569037303328514,4
14,0,0.1428571428571429,5.0,0.7293592095375061,0.705944836139679,1
14,0,0.6,5.0,0.08324317634105682,0.007799859624356031,3
14,0,0.6,5.0,0.006841025315225124,0.0026471128221601248,4
14,0,0.6,5.0,0.2848534882068634,0.3217421770095825,1
14,0,0.6,5.0,1.8281995058059692,1.9613388776779175,2
14,0,0.6,5.0,0.043658819049596786,0.0005855601630173624,3
14,0,1.0,4.0,2.754972457885742,3.5675806999206543,1
14,0,1.0,4.0,0.032868701964616776,0.09003417193889618,2
14,0,1.0,4.0,0.0008902405388653278,0.007831939496099949,3
14,0,0.19999999999999996,4.0,0.7657109498977661,2.3670220375061035,4
14,0,0.19999999999999996,4.0,0.05211969092488289,0.7956482768058777,1
14,1,0.19999999999999996,4.0,0.08591161668300629,1.1979787349700928,2
14,0,0.19999999999999996,4.0,0.17607715725898743,0.0076833451166749,1
14,0,1.0,3.0,0.17725272476673126,1.572516679763794,2
14,0,0.0,2.0,0.4943608343601227,0.7487449645996094,3
14,0,0.0,2.0,0.040980830788612366,0.0052231489680707455,4
14,0,0.0,2.0,0.24293485283851624,0.9759811162948608,1
14,0,1.0,3.0,2.904270648956299,1.9687042236328125,2
14,0,1.0,3.0,0.16066168248653412,0.022427843883633614,3
14,0,1.0,3.0,0.20800451934337616,0.4313656985759735,4
14,0,1.0,3.0,0.0685507208108902,0.001380853820592165,1
14,0,0.33333333333333337,3.0,0.7498949766159058,0.3378066122531891,2
14,0,0.33333333333333337,3.0,0.0071256123483181,0.0071762981824576855,3
14,0,0.33333333333333337,3.0,0.88409423828125,0.4830281138420105,4
14,0,0.1428571428571429,5.0,3.1437294483184814,1.8386551141738892,1
14,0,0.1428571428571429,5.0,0.0042424448765814304,0.010812899097800255,2
14,0,0.1428571428571429,5.0,0.8953540325164795,0.32975006103515625,3
14,0,0.1428571428571429,5.0,0.36728227138519287,0.03850303590297699,4
14,0,0.1428571428571429,5.0,0.7366428375244141,0.5796450972557068,1
14,0,0.6,5.0,0.07304377108812332,0.003539447672665119,3
14,0,0.6,5.0,0.00861082598567009,0.0018188226968050003,4
14,0,0.6,5.0,0.2340898960828781,0.3174092173576355,1
14,0,0.6,5.0,1.4410698413848877,1.8309941291809082,2
14,0,0.6,5.0,0.025378672406077385,0.00044802925549447536,3
14,0,1.0,4.0,1.4299733638763428,2.6130905151367188,1
14,0,1.0,4.0,0.013829467818140984,0.04549693316221237,2
14,0,1.0,4.0,0.0008599861757829785,0.015868335962295532,3
14,0,0.19999999999999996,4.0,0.40779876708984375,1.0535318851470947,4
14,0,0.19999999999999996,4.0,0.09528324007987976,0.4792088270187378,1
14,1,0.19999999999999996,4.0,0.3726947009563446,0.7463691234588623,2
14,0,0.19999999999999996,4.0,0.013878077268600464,0.002535033505409956,1
14,0,1.0,3.0,0.026904379948973656,0.909241259098053,2
14,0,0.0,2.0,0.07134498655796051,0.2464781105518341,3
14,0,0.0,2.0,0.02685094252228737,0.0037667148280888796,4
14,0,0.0,2.0,0.07601355016231537,0.362334281206131,1
14,0,1.0,3.0,1.1757075786590576,0.8400446772575378,2
14,0,1.0,3.0,0.054535865783691406,0.005648000631481409,3
14,0,1.0,3.0,0.048658374696969986,0.09727644920349121,4
14,0,1.0,3.0,0.005233371630311012,0.0015506198396906257,1
14,0,0.33333333333333337,3.0,0.10515941679477692,0.05299105495214462,2
14,0,0.33333333333333337,3.0,0.003043804317712784,0.0018182655330747366,3
14,0,0.33333333333333337,3.0,0.16456933319568634,0.07831862568855286,4
14,0,0.1428571428571429,5.0,0.9515464901924133,0.6222096085548401,1
14,0,0.1428571428571429,5.0,0.0010844856733456254,0.004716620780527592,2
14,0,0.1428571428571429,5.0,0.06791160255670547,0.052278071641922,3
14,0,0.1428571428571429,5.0,0.023210350424051285,0.007780717220157385,4
14,0,0.1428571428571429,5.0,0.5073797106742859,0.4354509115219116,1
14,0,0.6,5.0,0.06434830278158188,0.0030918740667402744,3
14,0,0.6,5.0,0.006143071688711643,0.0015504270559176803,4
14,0,0.6,5.0,0.17871738970279694,0.31192871928215027,1
14,0,0.6,5.0,0.9801028370857239,1.6467180252075195,2
14,0,0.6,5.0,0.017408037558197975,0.0004527844430413097,3
14,0,1.0,4.0,0.8960285186767578,1.9023938179016113,1
14,0,1.0,4.0,0.010033611208200455,0.030234474688768387,2
14,0,1.0,4.0,0.0007356683490797877,0.009156160987913609,3
14,0,0.19999999999999996,4.0,0.25765761733055115,0.5185157060623169,4
14,0,0.19999999999999996,4.0,0.07933853566646576,0.26108506321907043,1
14,1,0.19999999999999996,4.0,0.743717610836029,0.40181636810302734,2
14,0,0.19999999999999996,4.0,0.004770724102854729,0.0011554437223821878,1
14,0,1.0,3.0,0.0140130165964365,0.3190886378288269,2
14,0,0.0,2.0,0.04113668203353882,0.09188630431890488,3
14,0,0.0,2.0,0.02092560939490795,0.0016218024538829923,4
14,0,0.0,2.0,0.055403873324394226,0.13886409997940063,1
14,0,1.0,3.0,0.4691157042980194,0.6388371586799622,2
14,0,1.0,3.0,0.03038228303194046,0.0032063177786767483,3
14,0,1.0,3.0,0.0438675731420517,0.04599308222532272,4
14,0,1.0,3.0,0.003874732879921794,0.0010062602814286947,1
14,0,0.33333333333333337,3.0,0.05134676396846771,0.025569114834070206,2
14,0,0.33333333333333337,3.0,0.002876649610698223,0.002667725784704089,3
14,0,0.33333333333333337,3.0,0.061333782970905304,0.04734097421169281,4
15,0,0.6,5.0,0.22708004713058472,0.029379382729530334,3
15,0,0.6,5.0,0.016831619665026665,0.003997386433184147,4
15,0,0.6,5.0,0.8058745861053467,0.7286696434020996,1
15,0,0.6,5.0,1.7679451704025269,1.7703930139541626,2
15,0,0.6,5.0,0.06846055388450623,0.0006875013350509107,3
15,1,0.6,5.0,4.924567699432373,4.8686442375183105,1
15,0,0.6,5.0,0.13179075717926025,0.7702972888946533,1
15,0,0.6,5.0,0.015939829871058464,0.009403579868376255,2
15,0,0.6,5.0,1.549248456954956,3.472126007080078,3
15,0,0.33333333333333337,3.0,4.292314052581787,4.826844215393066,4
15,0,0.33333333333333337,3.0,0.10418098419904709,0.14619748294353485,1
15,0,0.33333333333333337,3.0,0.21200323104858398,0.35176265239715576,2
15,0,0.5,4.0,3.7059130668640137,1.8185385465621948,3
15,0,0.5,4.0,2.0027997493743896,1.0457485914230347,4
15,0,0.5,4.0,0.1496770828962326,0.05180981755256653,1
15,0,0.5,4.0,1.142619252204895,1.2294092178344727,2
15,0,0.1428571428571429,5.0,4.978440761566162,3.9906294345855713,3
15,0,0.1428571428571429,5.0,1.765082836151123,0.31352850794792175,4
15,0,0.1428571428571429,5.0,1.209958553314209,2.821817398071289,1
15,0,0.1428571428571429,5.0,0.031611908227205276,0.4496222734451294,2
15,0,0.1428571428571429,5.0,0.8739396929740906,0.9792134165763855,3
15,0,0.6,5.0,0.14232827723026276,0.00995934009552002,1
15,0,0.6,5.0,0.006466261111199856,0.004610590636730194,2
15,0,0.6,5.0,0.6621541976928711,0.7818233966827393,3
15,0,0.6,5.0,1.4029399156570435,1.6250759363174438,4
15,0,0.6,5.0,0.04595125466585159,0.0002998725394718349,1
15,0,0.6,5.0,3.7772204875946045,4.521514892578125,3
15,0,0.6,5.0,0.03584253042936325,0.4003528654575348,4
15,0,0.6,5.0,0.004235170781612396,0.005996162537485361,1
15,0,0.6,5.0,0.3584775924682617,1.8402981758117676,2
15,0,0.33333333333333337,3.0,1.0677293539047241,1.3883922100067139,3
15,0,0.33333333333333337,3.0,0.02105027064681053,0.010817795991897583,4
15,0,0.33333333333333337,3.0,0.03185006231069565,0.09743142873048782,1
15,0,0.5,4.0,1.0005087852478027,0.1844862699508667,2
15,0,0.5,4.0,0.1486043930053711,0.14947372674942017,3
15,0,0.5,4.0,0.01101713441312313,0.006887661758810282,4
15,0,0.5,4.0,0.08388411998748779,0.5765429139137268,1
15,0,0.1428571428571429,5.0,0.4621178209781647,1.9452953338623047,2
15,0,0.1428571428571429,5.0,0.039998859167099,0.05826566368341446,3
15,0,0.1428571428571429,5.0,0.14983075857162476,0.3420131802558899,4
15,0,0.1428571428571429,5.0,0.0017722499324008822,0.04147223010659218,1
15,0,0.1428571428571429,5.0,0.6409603953361511,0.3631381690502167,2
15,0,0.6,5.0,0.08067645132541656,0.006472742184996605,4
15,0,0.6,5.0,0.004924763925373554,0.0011801146902143955,1
15,0,0.6,5.0,0.5323274731636047,0.7205672860145569,2
15,0,0.6,5.0,0.8671122789382935,1.3125826120376587,3
15,0,0.6,5.0,0.03172466158866882,0.00030046311439946294,4
15,0,0.6,5.0,2.251397132873535,1.9948256015777588,2
15,0,0.6,5.0,0.020847294479608536,0.028385428711771965,3
15,0,0.6,5.0,0.001966791693121195,0.01781068556010723,4
15,0,0.6,5.0,0.15589876472949982,0.183623805642128,1
15,0,0.33333333333333337,3.0,0.484576940536499,0.16676008701324463,2
15,0,0.33333333333333337,3.0,0.012552086263895035,0.001224260195158422,3
15,0,0.33333333333333337,3.0,0.01859336346387863,0.027411747723817825,4
15,0,0.5,4.0,0.4392250180244446,0.05706629157066345,1
15,0,0.5,4.0,0.06643445789813995,0.05442223697900772,2
15,0,0.5,4.0,0.003982003778219223,0.0018422482535243034,3
15,0,0.5,4.0,0.03754914179444313,0.19167488813400269,4
15,0,0.1428571428571429,5.0,0.2392084300518036,0.8957021236419678,1
15,0,0.1428571428571429,5.0,0.030442066490650177,0.009536556899547577,2
15,0,0.1428571428571429,5.0,0.11326763033866882,0.1106121614575386,3
15,0,0.1428571428571429,5.0,0.0012207903200760484,0.01940891519188881,4
15,0,0.1428571428571429,5.0,0.5850635766983032,0.3106521666049957,1
15,0,0.6,5.0,0.08161494880914688,0.004623322747647762,3
15,0,0.6,5.0,0.0026450592558830976,0.0018203153740614653,4
15,0,0.6,5.0,0.4850987195968628,0.737220048904419,1
15,0,0.6,5.0,0.49591612815856934,0.8708270192146301,2
15,0,0.6,5.0,0.014454307965934277,0.00025260273832827806,3
15,0,0.6,5.0,1.8936057090759277,1.4464995861053467,1
15,0,0.6,5.0,0.01747894287109375,0.01565835252404213,2
15,0,0.6,5.0,0.0013225320726633072,0.0037882011383771896,3
15,0,0.6,5.0,0.13485604524612427,0.13527026772499084,4
15,0,0.33333333333333337,3.0,0.3808977007865906,0.12240272015333176,1
15,0,0.33333333333333337,3.0,0.011210748925805092,0.0006080040475353599,2
15,0,0.33333333333333337,3.0,0.015275472775101662,0.020616956055164337,3
15,0,0.5,4.0,0.31074872612953186,0.051473550498485565,4
15,0,0.5,4.0,0.048715993762016296,0.044874899089336395,1
15,0,0.5,4.0,0.003055386710911989,0.0014579454436898232,2
15,0,0.5,4.0,0.028345169499516487,0.11465232074260712,3
15,0,0.1428571428571429,5.0,0.1531640887260437,0.6075278520584106,4
15,0,0.1428571428571429,5.0,0.021226510405540466,0.00641778064891696,1
15,0,0.1428571428571429,5.0,0.08677756786346436,0.08069556951522827,2
15,0,0.1428571428571429,5.0,0.000740605522878468,0.019935602322220802,3
15,0,0.1428571428571429,5.0,0.5406172275543213,0.3570877015590668,4
15,0,0.6,5.0,0.06683732569217682,0.0060428050346672535,2
15,0,0.6,5.0,0.002007200848311186,0.0011875740019604564,3
15,0,0.6,5.0,0.5898663997650146,0.7847687602043152,4
15,0,0.6,5.0,0.12382141500711441,0.47776541113853455,1
15,0,0.6,5.0,0.018734341487288475,0.00029756559524685144,2
15,0,0.6,5.0,1.0966299772262573,1.8397693634033203,4
15,0,0.6,5.0,0.012925063259899616,0.0218733549118042,1
15,0,0.6,5.0,0.000974695838522166,0.002250643679872155,2
15,0,0.6,5.0,0.06483738124370575,0.212772399187088,3
15,0,0.33333333333333337,3.0,0.23295913636684418,0.16688837110996246,4
15,0,0.33333333333333337,3.0,0.00775564182549715,0.0027833529748022556,1
15,0,0.33333333333333337,3.0,0.011123362928628922,0.023167897015810013,2
15,0,0.5,4.0,0.1759602278470993,0.06586131453514099,3
15,0,0.5,4.0,0.03358178958296776,0.047377072274684906,4
15,0,0.5,4.0,0.0024683228693902493,0.00044125536805950105,1
15,0,0.5,4.0,0.018563739955425262,0.10480988025665283,2
15,0,0.1428571428571429,5.0,0.1262642741203308,0.47538745403289795,3
15,0,0.1428571428571429,5.0,0.01818765699863434,0.007694145664572716,4
15,0,0.1428571428571429,5.0,0.06617657840251923,0.06750494986772537,1
15,0,0.1428571428571429,5.0,0.0005768743576481938,0.014724371023476124,2
15,0,0.1428571428571429,5.0,0.4865666627883911,0.31423190236091614,3
15,0,0.6,5.0,0.04356105625629425,0.005089224316179752,1
15,0,0.6,5.0,0.0020461466629058123,0.0021525558549910784,2
15,0,0.6,5.0,0.19654667377471924,0.4895692467689514,3
15,0,0.6,5.0,0.747622013092041,1.736100196838379,4
15,0,0.6,5.0,0.01968410052359104,0.00032021934748627245,1
15,0,0.6,5.0,0.8915708661079407,1.4338130950927734,3
15,0,0.6,5.0,0.010045936331152916,0.013660682365298271,4
15,0,0.6,5.0,0.0009102061740122736,0.0034185610711574554,1
15,0,0.6,5.0,0.05038316547870636,0.1420847475528717,2
16,0,0.0,2.0,0.7490804195404053,0.060435421764850616,1
16,0,0.0,2.0,2.262928009033203,1.5469892024993896,2
16,1,0.6,5.0,4.921544075012207,4.3464789390563965,3
16,1,0.6,5.0,4.604298114776611,2.3658390045166016,1
16,0,0.6,5.0,3.4244534969329834,0.960078239440918,1
16,0,0.6,5.0,3.3592233657836914,0.16427458822727203,2
16,0,0.6,5.0,4.605223655700684,4.067808151245117,3
16,1,1.0,3.0,4.978562355041504,4.289228439331055,4
16,0,1.0,3.0,1.7995495796203613,1.829850673675537,1
16,1,1.0,3.0,3.757091999053955,4.215934753417969,2
16,1,1.0,3.0,4.768548011779785,3.442610263824463,1
16,1,0.0,3.0,2.1290488243103027,2.0216848850250244,1
16,0,0.0,3.0,3.4418437480926514,0.20685318112373352,1
16,0,0.0,3.0,2.4456164836883545,1.3756275177001953,2
16,1,0.33333333333333337,3.0,4.541790962219238,2.9911208152770996,3
16,1,0.33333333333333337,3.0,2.6013269424438477,2.043672561645508,1
16,0,0.33333333333333337,3.0,1.5329035520553589,0.4686130881309509,1
16,1,0.33333333333333337,3.0,4.414718151092529,4.038631916046143,2
16,1,0.33333333333333337,3.0,4.557033061981201,4.137233257293701,1
16,0,0.33333333333333337,3.0,4.71705961227417,3.216477870941162,1
16,1,1.0,3.0,4.946141719818115,4.20551872253418,2
16,0,1.0,3.0,1.0321754217147827,0.6387253403663635,1
16,0,1.0,3.0,1.5667734146118164,0.6694105863571167,2
16,0,1.0,3.0,0.9039216637611389,0.19115427136421204,3
16,0,0.0,3.0,1.4453336000442505,1.093969702720642,1
16,0,0.0,3.0,1.1963372230529785,0.01814330369234085,2
16,0,0.0,3.0,2.3790030479431152,2.1468002796173096,3
16,1,0.5,3.0,4.2576189041137695,3.5439271926879883,4
16,0,0.5,3.0,0.5147884488105774,0.36404547095298767,1
16,0,0.5,3.0,0.014884266071021557,0.0029190850909799337,2
16,0,0.5,3.0,1.9447319507598877,1.7403730154037476,3
16,0,0.5,3.0,0.9358457922935486,0.46181246638298035,4
16,1,0.6,5.0,1.4734388589859009,1.0429973602294922,2
16,1,0.6,5.0,1.977514624595642,2.095942974090576,1
16,1,0.6,5.0,2.349053382873535,2.2921035289764404,1
16,0,0.6,5.0,2.3283190727233887,2.2175815105438232,1
16,0,0.6,5.0,0.3548242449760437,0.02977892942726612,2
16,1,0.33333333333333337,3.0,4.744174957275391,3.9087860584259033,4
16,0,0.33333333333333337,3.0,2.9992835521698,0.17974355816841125,1
16,0,0.33333333333333337,3.0,3.2095859050750732,2.55415678024292,2
16,0,1.0,2.0,4.653901100158691,4.0624284744262695,3
16,1,1.0,2.0,2.732682228088379,1.7761214971542358,4
16,0,1.0,2.0,0.23922087252140045,0.10329242795705795,1
16,0,1.0,2.0,4.1883649826049805,0.7287520170211792,2
16,1,0.0,3.0,2.9177730083465576,1.4769415855407715,1
16,0,0.0,3.0,0.6409896612167358,0.023450199514627457,1
16,0,0.0,3.0,1.6905032396316528,1.543725848197937,2
16,1,0.33333333333333337,3.0,4.727987289428711,4.627580642700195,3
16,0,0.33333333333333337,3.0,0.7723056077957153,0.3982606530189514,1
16,0,0.33333333333333337,3.0,3.476304054260254,2.7880678176879883,2
16,1,0.0,3.0,4.773187637329102,3.7079567909240723,3
16,0,0.0,3.0,1.246221899986267,0.010268975049257278,1
16,1,0.0,3.0,2.660449266433716,1.9052995443344116,2
16,1,0.0,3.0,0.9423115253448486,1.0149983167648315,1
16,1,0.0,4.0,3.3479294776916504,2.294813632965088,1
16,0,0.0,4.0,0.6631761193275452,0.005325155332684517,1
16,0,0.0,4.0,0.7225512266159058,0.45562106370925903,2
16,0,0.0,4.0,0.8425655364990234,0.4710186719894409,3
16,0,0.0,4.0,0.8049243092536926,0.40534648299217224,4
16,0,0.6,5.0,0.16024725139141083,0.030621757730841637,2
16,0,0.6,5.0,1.6030497550964355,1.7309861183166504,3
16,1,0.6,5.0,2.137784242630005,2.192366361618042,4
16,1,0.6,5.0,2.3067266941070557,2.2628543376922607,1
16,0,0.6,5.0,0.2770664393901825,0.009618331678211689,1
16,1,0.33333333333333337,3.0,4.59014892578125,4.109452724456787,3
16,0,0.33333333333333337,3.0,0.38358259201049805,0.12080405652523041,1
16,0,0.33333333333333337,3.0,0.6731405854225159,2.347219944000244,2
16,0,1.0,2.0,2.964435577392578,4.408571243286133,3
16,0,1.0,2.0,0.333475261926651,1.6579257249832153,4
16,0,1.0,2.0,0.02085113897919655,0.08534606546163559,1
16,0,1.0,2.0,0.3467296361923218,0.5260751247406006,2
16,0,0.0,3.0,1.8750395774841309,0.6574985980987549,4
16,0,0.0,3.0,0.06452454626560211,0.017090890556573868,1
16,0,0.0,3.0,0.7314884662628174,0.6333991885185242,2
16,0,0.33333333333333337,3.0,3.162660837173462,2.321610689163208,3
16,0,0.33333333333333337,3.0,0.04852268099784851,0.014864221215248108,4
16,0,0.33333333333333337,3.0,0.3111121952533722,0.5080487132072449,1
16,0,0.0,3.0,0.25153619050979614,0.40942680835723877,2
16,0,0.0,3.0,0.005662544164806604,0.005952546838670969,3
16,0,0.0,3.0,0.033902429044246674,0.1265699863433838,4
16,0,0.0,3.0,0.22682927548885345,0.3190070390701294,1
16,0,0.0,4.0,0.06158101186156273,0.14672721922397614,2
16,0,0.0,4.0,0.05372891202569008,0.0045058405958116055,3
16,0,0.0,4.0,0.04616288095712662,0.03779495880007744,4
16,0,0.0,4.0,0.006280903704464436,0.03542899712920189,1
16,0,0.0,4.0,0.5110006928443909,0.1702607274055481,2
16,0,0.6,5.0,0.08120013028383255,0.03804537281394005,4
16,0,0.6,5.0,1.5660995244979858,1.6982637643814087,1
16,0,0.6,5.0,2.097126007080078,2.2808659076690674,2
16,1,0.6,5.0,2.2674386501312256,2.2860331535339355,3
16,0,0.6,5.0,0.14134155213832855,0.005053846165537834,1
16,1,0.5,4.0,4.032301425933838,4.312060832977295,3
16,0,0.5,4.0,0.657680869102478,0.48955780267715454,1
16,0,0.5,4.0,0.15226998925209045,0.047429684549570084,2
16,0,0.5,4.0,0.609210729598999,1.7549786567687988,3
16,0,1.0,2.0,3.2938356399536133,3.934204578399658,4
16,0,1.0,2.0,0.7172496318817139,0.8882244825363159,1
16,0,1.0,2.0,0.015043624676764011,0.060956377536058426,2
16,0,1.0,2.0,0.7239120602607727,0.06491614878177643,3
16,0,0.19999999999999996,4.0,2.146838903427124,0.6891999244689941,1
16,1,0.19999999999999996,4.0,2.0385031700134277,1.3564398288726807,2
16,0,0.19999999999999996,4.0,0.07547169923782349,0.012675266712903976,1
16,0,0.19999999999999996,4.0,0.4988868236541748,0.17242905497550964,2
16,1,0.33333333333333337,3.0,1.9091606140136719,2.1933932304382324,3
16,0,0.33333333333333337,3.0,0.08049160987138748,0.013732586987316608,1
16,0,0.33333333333333337,3.0,0.4764273166656494,0.20286738872528076,2
16,0,0.0,3.0,1.080808401107788,0.33391904830932617,3
16,0,0.0,3.0,0.009741985239088535,0.0025861882604658604,4
16,0,0.0,3.0,0.023187119513750076,0.03351493179798126,1
16,0,0.0,3.0,0.20646128058433533,0.15037283301353455,2
16,0,0.0,4.0,0.07905009388923645,0.06338921934366226,3
16,0,0.0,4.0,0.021138431504368782,0.005506827961653471,4
16,0,0.0,4.0,0.03868979215621948,0.020570583641529083,1
16,0,0.0,4.0,0.0036493174266070127,0.028069917112588882,2
16,0,0.0,4.0,0.3951951563358307,0.15525025129318237,3
17,1,0.33333333333333337,4.0,4.219261646270752,3.4865593910217285,2
17,0,0.33333333333333337,4.0,0.2857346832752228,0.03933336213231087,1
17,1,0.33333333333333337,4.0,3.82163143157959,1.6303890943527222,2
17,0,0.33333333333333337,4.0,1.7846977710723877,0.8773115873336792,1
17,0,0.33333333333333337,4.0,0.8876163363456726,0.921323299407959,2
17,1,0.6,5.0,1.7126468420028687,1.7914469242095947,4
17,0,0.6,5.0,1.9276723861694336,2.2882895469665527,1
17,0,0.6,5.0,2.0353901386260986,1.7249646186828613,2
17,0,0.6,5.0,2.0961546897888184,0.5722101926803589,3
17,0,0.6,5.0,0.3092593252658844,0.026926113292574883,4
17,1,0.33333333333333337,3.0,3.823819875717163,3.5128345489501953,1
17,0,0.33333333333333337,3.0,0.16119042038917542,0.00910037662833929,1
17,1,0.33333333333333337,3.0,1.0136706829071045,0.4768807590007782,2
17,1,0.33333333333333337,3.0,3.698253870010376,2.6585614681243896,1
17,1,0.33333333333333337,6.0,3.8700361251831055,0.8339356184005737,1
17,0,0.33333333333333337,6.0,0.8703644871711731,0.023992765694856644,1
17,0,0.33333333333333337,6.0,0.09037432074546814,0.022488536313176155,2
17,0,0.33333333333333337,6.0,0.09086260199546814,0.10393589735031128,3
17,0,0.33333333333333337,6.0,2.293138265609741,2.3088324069976807,4
17,0,0.33333333333333337,6.0,1.1222491264343262,1.3652284145355225,1
17,0,0.6,5.0,1.0003305673599243,1.2202951908111572,3
17,0,0.6,5.0,0.2318539023399353,0.3586045205593109,4
17,0,0.6,5.0,1.0468182563781738,1.1700472831726074,1
17,0,0.6,5.0,1.6361939907073975,2.0184335708618164,2
17,0,0.6,5.0,0.13448436558246613,0.02553379535675049,3
17,1,0.5,4.0,4.129559516906738,3.086848497390747,4
17,0,0.5,4.0,2.411787986755371,0.3340384364128113,1
17,0,0.5,4.0,0.2499285638332367,0.0029658800922334194,2
17,0,0.5,4.0,0.11690200865268707,0.009997377172112465,3
17,0,0.5,4.0,0.04782279208302498,0.0033231195993721485,4
17,1,0.5,4.0,3.9656808376312256,2.7894392013549805,1
17,1,1.0,4.0,4.993453025817871,2.8821003437042236,1
17,1,1.0,4.0,3.0616769790649414,0.9032590389251709,1
17,1,1.0,4.0,4.9967498779296875,1.0694081783294678,1
17,0,1.0,4.0,3.0503125190734863,0.09415938705205917,1
17,1,0.33333333333333337,3.0,3.9871625900268555,2.5519752502441406,2
17,0,0.33333333333333337,3.0,0.7159509062767029,0.006663775537163019,1
17,0,0.33333333333333337,3.0,2.05998158454895,0.9828078150749207,2
17,0,0.33333333333333337,3.0,2.4499621391296387,2.1991546154022217,3
17,0,1.0,2.0,4.457496643066406,4.240806579589844,4
17,0,1.0,2.0,0.6025079488754272,0.6512442827224731,1
17,1,0.33333333333333337,5.0,4.797729969024658,3.574805974960327,2
17,0,0.33333333333333337,5.0,2.2302956581115723,0.06000176817178726,1
17,0,0.33333333333333337,5.0,0.11340155452489853,0.0006510560633614659,2
17,0,0.33333333333333337,5.0,0.05840783938765526,0.018731996417045593,3
17,0,0.33333333333333337,5.0,0.1402350217103958,0.0018796781077980995,4
17,0,0.33333333333333337,5.0,3.949960947036743,1.7999136447906494,1
17,0,0.33333333333333337,5.0,4.503627300262451,2.6918489933013916,2
17,0,0.0,2.0,3.6223905086517334,1.410812497138977,3
17,0,0.0,2.0,0.035710059106349945,0.005386639386415482,4
17,0,0.0,2.0,1.260669231414795,0.7020477056503296,1
17,0,0.4285714285714285,4.0,3.589427947998047,3.2470171451568604,2
17,0,0.4285714285714285,4.0,0.7686809301376343,0.014525381848216057,3
17,0,0.4285714285714285,4.0,0.020793650299310684,0.028059296309947968,4
17,0,0.4285714285714285,4.0,2.4816436767578125,2.0398550033569336,1
17,0,0.4285714285714285,4.0,1.1039414405822754,1.3196998834609985,2
17,0,0.6,5.0,0.7065848708152771,0.37314802408218384,4
17,0,0.6,5.0,0.10290956497192383,0.07336272299289703,1
17,1,0.6,5.0,0.833720862865448,0.7605374455451965,2
17,0,0.6,5.0,1.206819772720337,0.587451159954071,1
17,0,0.6,5.0,0.10780780017375946,0.009178739041090012,2
17,1,0.0,2.0,1.9502967596054077,0.2731285095214844,4
17,0,0.0,2.0,1.310505747795105,0.04439007118344307,1
17,0,0.33333333333333337,3.0,1.5048941373825073,0.07176599651575089,3
17,1,0.33333333333333337,3.0,2.419610023498535,0.12983183562755585,4
17,0,0.33333333333333337,3.0,0.03829580545425415,0.05798600614070892,1
17,1,0.5,4.0,4.256516456604004,1.9849507808685303,2
17,0,0.5,4.0,0.5076589584350586,0.008703334257006645,1
17,0,0.5,4.0,0.07157599925994873,0.00012239845818839967,2
17,0,0.5,4.0,0.061817362904548645,0.014173552393913269,3
17,0,0.5,4.0,0.024639684706926346,0.0012298977235332131,4
17,1,0.5,4.0,2.9940884113311768,2.2141356468200684,1
17,1,1.0,4.0,4.272380828857422,3.1055517196655273,1
17,0,1.0,4.0,0.1492103636264801,0.09094814956188202,1
17,0,1.0,4.0,0.11504639685153961,0.007304791361093521,2
17,0,1.0,4.0,0.525280773639679,0.09592707455158234,3
17,1,0.33333333333333337,3.0,4.873981475830078,0.3682219982147217,4
17,0,0.33333333333333337,3.0,0.22030684351921082,0.000865805777721107,1
17,0,0.33333333333333337,3.0,0.22680188715457916,0.13728691637516022,2
17,0,0.33333333333333337,3.0,2.914801836013794,1.203113317489624,3
17,0,1.0,2.0,1.5886585712432861,2.343769073486328,4
17,0,1.0,2.0,0.47550973296165466,0.3387337028980255,1
17,1,0.33333333333333337,5.0,3.9953365325927734,3.711392402648926,2
17,0,0.33333333333333337,5.0,0.2281285524368286,0.04934395104646683,1
17,0,0.33333333333333337,5.0,0.056116972118616104,0.0009047254570759833,2
17,0,0.33333333333333337,5.0,0.0302891805768013,0.02435009554028511,3
17,0,0.33333333333333337,5.0,0.026894817128777504,0.001086374744772911,4
17,0,0.33333333333333337,5.0,2.0931527614593506,1.365858793258667,1
17,0,0.33333333333333337,5.0,1.414595603942871,1.3692617416381836,2
17,0,0.0,2.0,2.5504183769226074,2.124269962310791,3
17,0,0.0,2.0,0.012907424010336399,0.006717820651829243,4
17,0,0.0,2.0,1.0584840774536133,0.4143923819065094,1
17,0,1.0,2.0,4.123074531555176,3.688843011856079,2
17,0,0.4285714285714285,4.0,1.0628485679626465,0.36415356397628784,3
17,0,0.4285714285714285,4.0,0.030309753492474556,0.002285662107169628,4
17,0,0.4285714285714285,4.0,0.00395993422716856,0.005891685374081135,1
17,0,0.4285714285714285,4.0,1.404798150062561,1.0911697149276733,2
17,0,0.4285714285714285,4.0,1.2244904041290283,1.3617030382156372,3
17,0,0.6,5.0,0.7383073568344116,0.4902147650718689,1
17,0,0.6,5.0,0.2924598157405853,0.12851394712924957,2
17,0,0.6,5.0,0.38944125175476074,0.6194442510604858,3
17,0,0.6,5.0,1.2319811582565308,1.1032625436782837,4
17,0,0.6,5.0,0.1609445959329605,0.05776216834783554,1
17,1,0.0,2.0,1.978060245513916,1.9995572566986084,3
17,0,0.0,2.0,0.17483341693878174,0.06221706420183182,1
17,1,0.19999999999999996,3.0,1.6766632795333862,1.6640275716781616,3
17,0,0.19999999999999996,3.0,2.373101234436035,1.5278323888778687,1
17,1,0.19999999999999996,3.0,3.9269795417785645,4.101101398468018,2
17,1,1.0,2.0,3.953974485397339,4.051174163818359,1
17,1,1.0,2.0,2.203172206878662,1.0594260692596436,1
17,1,0.4285714285714285,6.0,4.467623710632324,3.232974052429199,1
17,1,0.4285714285714285,6.0,1.1267013549804688,0.8088390827178955,1
17,0,0.4285714285714285,6.0,2.370549201965332,1.1209112405776978,1
17,0,0.4285714285714285,6.0,1.3435781002044678,0.18735018372535706,2
17,1,0.4285714285714285,6.0,3.3918380737304688,0.26238399744033813,3
17,0,0.4285714285714285,6.0,4.850818634033203,0.53484708070755,1
17,1,1.0,2.0,2.8497681617736816,2.820274829864502,2
17,0,1.0,2.0,2.3489198684692383,0.02910037711262703,1
18,1,0.33333333333333337,3.0,5.635502815246582,4.115564823150635,1
18,0,0.33333333333333337,3.0,0.11980411410331726,0.18813827633857727,1
18,0,0.33333333333333337,3.0,2.78590726852417,2.431699752807617,2
18,1,0.0,2.0,4.761401176452637,4.608894348144531,3
18,1,0.33333333333333337,3.0,4.507780075073242,4.82627010345459,1
18,0,0.33333333333333337,3.0,1.5111474990844727,2.172442674636841,1
18,0,0.33333333333333337,3.0,4.8485107421875,4.846615791320801,2
18,0,0.33333333333333337,3.0,4.562164306640625,4.758620262145996,3
18,0,0.33333333333333337,3.0,1.4961172342300415,1.4155219793319702,4
18,0,0.33333333333333337,3.0,5.276121616363525,2.6864089965820312,1
18,0,0.33333333333333337,3.0,2.795290470123291,1.8491531610488892,2
18,0,0.33333333333333337,3.0,0.3825511336326599,0.2817431390285492,3
18,0,0.33333333333333337,3.0,3.055996894836426,2.0226454734802246,4
18,0,0.33333333333333337,3.0,2.118046760559082,1.1154953241348267,1
18,0,0.33333333333333337,3.0,0.3186537027359009,0.22061344981193542,2
18,0,0.33333333333333337,3.0,2.808928966522217,1.8661139011383057,3
18,0,0.33333333333333337,3.0,1.1906507015228271,0.9224494695663452,4
18,0,0.33333333333333337,3.0,0.2744991183280945,0.11331841349601746,1
18,0,0.33333333333333337,3.0,2.3702125549316406,1.7974591255187988,2
18,0,0.33333333333333337,3.0,1.0296958684921265,0.8394415378570557,3
18,0,0.33333333333333337,3.0,0.24020668864250183,0.1349611133337021,4
18,0,0.33333333333333337,3.0,2.198057174682617,1.7430760860443115,1
18,0,0.33333333333333337,3.0,1.0107653141021729,0.7213422656059265,2
18,0,0.33333333333333337,3.0,0.18881241977214813,0.12923431396484375,3
18,0,0.33333333333333337,3.0,1.8783514499664307,1.5745155811309814,4
18,0,0.33333333333333337,3.0,0.6742063164710999,0.5487431883811951,1
18,0,0.33333333333333337,3.0,0.18135923147201538,0.12556976079940796,2
18,0,0.33333333333333337,3.0,1.860985279083252,1.5341646671295166,3
18,0,0.33333333333333337,3.0,0.692413330078125,0.5112723112106323,4
18,0,0.33333333333333337,3.0,0.14448504149913788,0.08468180149793625,1
18,0,0.33333333333333337,3.0,1.3273117542266846,1.463702917098999,2
18,0,0.33333333333333337,3.0,0.5105587840080261,0.5104398131370544,3
18,0,0.33333333333333337,3.0,0.09323398023843765,0.10677404701709747,4
18,0,0.33333333333333337,3.0,1.6705081462860107,1.544118881225586,1
18,0,0.33333333333333337,3.0,0.4992949962615967,0.4493808150291443,2
18,0,0.33333333333333337,3.0,0.10202543437480927,0.06544362008571625,3
18,0,0.33333333333333337,3.0,1.3376270532608032,1.2599222660064697,4
18,0,0.33333333333333337,3.0,0.4802871346473694,0.42390525341033936,1
18,0,0.33333333333333337,3.0,0.10775540769100189,0.09605002403259277,2
18,0,0.33333333333333337,3.0,1.2183399200439453,1.2564369440078735,3
18,0,0.33333333333333337,3.0,0.41513463854789734,0.33044010400772095,4
18,0,0.33333333333333337,3.0,0.10142634063959122,0.054456934332847595,1
18,0,0.33333333333333337,3.0,1.0704997777938843,1.0666745901107788,2
18,0,0.33333333333333337,3.0,0.33461225032806396,0.295930951833725,3
18,0,0.33333333333333337,3.0,0.09262607246637344,0.04473584145307541,4
18,0,0.33333333333333337,3.0,1.047362208366394,1.0069204568862915,1
18,0,0.33333333333333337,3.0,0.31522828340530396,0.244253471493721,2
18,0,0.33333333333333337,3.0,0.08082854747772217,0.03396490961313248,3
18,0,0.33333333333333337,3.0,1.0025949478149414,1.0380195379257202,4
18,0,0.33333333333333337,3.0,0.27422627806663513,0.22659039497375488,1
18,0,0.33333333333333337,3.0,0.06608656793832779,0.02969442866742611,2
18,0,0.33333333333333337,3.0,0.8900954127311707,0.9470565319061279,3
18,0,0.33333333333333337,3.0,0.2263706624507904,0.26134538650512695,4
18,0,0.33333333333333337,3.0,0.05612609162926674,0.02198341302573681,1
18,0,0.33333333333333337,3.0,0.8159151077270508,0.7457424402236938,2
18,0,0.33333333333333337,3.0,0.21157655119895935,0.19800835847854614,3
18,0,0.33333333333333337,3.0,0.04511920362710953,0.037054017186164856,4
18,0,0.33333333333333337,3.0,0.7210330963134766,0.7071316838264465,1
18,0,0.33333333333333337,3.0,0.21225538849830627,0.25271716713905334,2
18,0,0.33333333333333337,3.0,0.04265744239091873,0.03536473959684372,3
18,0,0.33333333333333337,3.0,0.6602090001106262,0.5885134935379028,4
18,0,0.33333333333333337,3.0,0.2350534349679947,0.2581157088279724,1
18,0,0.33333333333333337,3.0,0.04471356421709061,0.030291704460978508,2
18,0,0.33333333333333337,3.0,0.7546884417533875,0.8339574933052063,3
18,0,0.33333333333333337,3.0,0.24576637148857117,0.2319122552871704,4
18,0,0.33333333333333337,3.0,0.03974675387144089,0.026605598628520966,1
18,0,0.33333333333333337,3.0,0.8162455558776855,0.6446282267570496,2
18,0,0.33333333333333337,3.0,0.27240997552871704,0.18855366110801697,3
18,0,0.33333333333333337,3.0,0.04406632110476494,0.04057835042476654,4
18,0,0.33333333333333337,3.0,0.7559773921966553,0.5589301586151123,1
18,0,0.33333333333333337,3.0,0.23450110852718353,0.15211528539657593,2
18,0,0.33333333333333337,3.0,0.05047748237848282,0.02223747968673706,3
18,0,0.33333333333333337,3.0,0.683180570602417,0.5190151929855347,4
18,0,0.33333333333333337,3.0,0.24303793907165527,0.1413142830133438,1
18,0,0.33333333333333337,3.0,0.0489148311316967,0.02871662937104702,2
18,0,0.33333333333333337,3.0,0.6517204642295837,0.5985236167907715,3
18,0,0.33333333333333337,3.0,0.21976304054260254,0.12624961137771606,4
18,0,0.33333333333333337,3.0,0.033385999500751495,0.022655591368675232,1
18,0,0.33333333333333337,3.0,0.6399890184402466,0.6454900503158569,2
18,0,0.33333333333333337,3.0,0.22678923606872559,0.1373814046382904,3
18,0,0.33333333333333337,3.0,0.029829656705260277,0.028873804956674576,4
18,0,0.33333333333333337,3.0,0.6022103428840637,0.6053986549377441,1
18,0,0.33333333333333337,3.0,0.22529885172843933,0.14388063549995422,2
18,0,0.33333333333333337,3.0,0.029628414660692215,0.015963170677423477,3
18,0,0.33333333333333337,3.0,0.5766931772232056,0.43404334783554077,4
18,0,0.33333333333333337,3.0,0.23860561847686768,0.10515457391738892,1
18,0,0.33333333333333337,3.0,0.03112073428928852,0.01568138599395752,2
18,0,0.33333333333333337,3.0,0.5762654542922974,0.4408579468727112,3
18,0,0.33333333333333337,3.0,0.22459259629249573,0.13067342340946198,4
18,0,0.33333333333333337,3.0,0.0330328606069088,0.013390847481787205,1
18,0,0.33333333333333337,3.0,0.5689257979393005,0.3694140613079071,2
18,0,0.33333333333333337,3.0,0.22070755064487457,0.08710722625255585,3
18,0,0.33333333333333337,3.0,0.035016462206840515,0.018656108528375626,4
18,0,0.33333333333333337,3.0,0.5853851437568665,0.4833358824253082,1
18,0,0.33333333333333337,3.0,0.2111545354127884,0.09761986881494522,2
18,0,0.33333333333333337,3.0,0.034582942724227905,0.010011937469244003,3
18,0,0.33333333333333337,3.0,0.6246504783630371,0.36187517642974854,4
18,0,0.33333333333333337,3.0,0.19145053625106812,0.071623295545578,1
18,0,0.33333333333333337,3.0,0.031515978276729584,0.018983718007802963,2
18,0,0.33333333333333337,3.0,0.5796468257904053,0.3952280282974243,3
18,0,0.33333333333333337,3.0,0.20263297855854034,0.0823020339012146,4
18,0,0.33333333333333337,3.0,0.037009116262197495,0.013489598408341408,1
18,0,0.33333333333333337,3.0,0.6450064182281494,0.28158557415008545,2
18,0,0.33333333333333337,3.0,0.20164507627487183,0.06581443548202515,3
18,0,0.33333333333333337,3.0,0.02577148750424385,0.013812795281410217,4
18,0,0.33333333333333337,3.0,0.6149780750274658,0.27541786432266235,1
18,0,0.33333333333333337,3.0,0.21636755764484406,0.07161445170640945,2
18,0,0.33333333333333337,3.0,0.023989237844944,0.012739099562168121,3
18,0,0.33333333333333337,3.0,0.502434253692627,0.22339105606079102,4
18,0,0.33333333333333337,3.0,0.17166781425476074,0.05827277898788452,1
18,0,0.33333333333333337,3.0,0.025923218578100204,0.01281386986374855,2
18,0,0.33333333333333337,3.0,0.4739282429218292,0.260062575340271,3
18,0,0.33333333333333337,3.0,0.17160049080848694,0.06975249946117401,4
18,0,0.33333333333333337,3.0,0.026542995125055313,0.010499236173927784,1
18,0,0.33333333333333337,3.0,0.4725764989852905,0.22739596664905548,2
18,0,0.33333333333333337,3.0,0.1530706286430359,0.061645567417144775,3
18,0,0.33333333333333337,3.0,0.024592241272330284,0.021659621968865395,4
18,0,0.33333333333333337,3.0,0.47821730375289917,0.2499140352010727,1
18,0,0.33333333333333337,3.0,0.14877012372016907,0.07464545965194702,2
18,0,0.33333333333333337,3.0,0.0290794987231493,0.010628540068864822,3
18,0,0.33333333333333337,3.0,0.48949748277664185,0.19823482632637024,4
18,0,0.33333333333333337,3.0,0.14660859107971191,0.05780613794922829,1
18,0,0.33333333333333337,3.0,0.026509596034884453,0.006902412511408329,2
18,0,0.33333333333333337,3.0,0.520391047000885,0.23327964544296265,3
18,0,0.33333333333333337,3.0,0.1506040394306183,0.06389985978603363,4
18,0,0.33333333333333337,3.0,0.02235598675906658,0.009743690490722656,1
18,0,0.33333333333333337,3.0,0.5444052815437317,0.2009686380624771,2
19,1,0.33333333333333337,3.0,5.274622917175293,5.12144660949707,1
19,0,0.33333333333333337,3.0,0.24353012442588806,0.2793790102005005,1
19,0,0.33333333333333337,3.0,3.662229537963867,3.0565295219421387,2
19,1,0.33333333333333337,3.0,5.649502277374268,5.423574447631836,3
19,1,0.33333333333333337,3.0,2.020378351211548,2.258681058883667,1
19,0,0.33333333333333337,3.0,0.4470953643321991,0.3525160253047943,1
19,0,0.33333333333333337,3.0,0.5989363789558411,0.5653358101844788,2
19,1,0.33333333333333337,3.0,4.582507133483887,4.343557357788086,3
19,1,0.2500000000000001,6.0,3.9697611331939697,3.2178869247436523,1
19,1,0.2500000000000001,6.0,1.2929351329803467,1.0944175720214844,1
19,1,0.2500000000000001,6.0,1.57658052444458,1.2326970100402832,1
19,0,0.2500000000000001,6.0,4.361178398132324,4.653656959533691,1
19,0,0.2500000000000001,6.0,5.26910400390625,5.183180809020996,2
19,1,1.0,2.0,5.3758673667907715,5.282983779907227,3
19,0,1.0,2.0,0.8585728406906128,0.15087828040122986,1
19,1,1.0,2.0,5.092555046081543,4.68389368057251,2
19,0,1.0,2.0,3.846674680709839,0.31470587849617004,1
19,1,0.33333333333333337,3.0,4.937135696411133,3.1854143142700195,2
19,0,0.33333333333333337,3.0,1.7181079387664795,0.0915880799293518,1
19,1,0.33333333333333337,3.0,4.993897438049316,3.9717633724212646,2
19,0,0.0,2.0,3.4540648460388184,1.0211915969848633,1
19,1,0.33333333333333337,3.0,5.40455436706543,5.130372524261475,2
19,0,0.33333333333333337,3.0,3.007844924926758,2.31656813621521,1
19,1,0.5,3.0,4.682899475097656,4.886197090148926,2
19,0,0.5,3.0,2.593571662902832,2.3069300651550293,1
19,1,0.33333333333333337,3.0,4.955020904541016,3.9745545387268066,2
19,0,0.33333333333333337,3.0,0.3269292116165161,0.08711060881614685,1
19,1,0.33333333333333337,3.0,4.2787981033325195,3.7000136375427246,2
19,0,0.33333333333333337,4.0,4.758535861968994,4.409387588500977,1
19,1,0.33333333333333337,4.0,2.4207916259765625,2.0481882095336914,2
19,1,0.33333333333333337,4.0,1.9708462953567505,0.14500634372234344,1
19,0,0.33333333333333337,2.0,0.676667332649231,0.6935166120529175,1
19,0,0.33333333333333337,2.0,1.2050459384918213,1.0276182889938354,2
19,1,0.33333333333333337,3.0,2.4003262519836426,4.428189277648926,3
19,0,0.33333333333333337,3.0,0.10505411028862,0.25592169165611267,1
19,1,0.33333333333333337,3.0,3.7659034729003906,2.912135124206543,2
19,1,1.0,2.0,4.939334869384766,4.312488555908203,1
19,0,1.0,2.0,0.8947069644927979,0.4619278609752655,1
19,0,0.33333333333333337,3.0,3.5088109970092773,3.3313918113708496,1
19,0,0.33333333333333337,3.0,0.12036348134279251,0.05790778249502182,2
19,1,0.33333333333333337,3.0,2.720583200454712,1.997373342514038,3
19,0,0.33333333333333337,3.0,3.7464890480041504,2.817829132080078,1
19,0,0.33333333333333337,3.0,0.09945882856845856,0.15420162677764893,2
19,0,0.33333333333333337,3.0,1.4209351539611816,1.2550692558288574,3
19,0,0.33333333333333337,3.0,4.111505508422852,3.392073631286621,4
19,0,0.0,3.0,0.24264317750930786,0.2815925180912018,1
19,0,0.0,3.0,1.4005166292190552,1.1304733753204346,2
19,1,0.33333333333333337,3.0,5.738557815551758,5.482003211975098,3
19,0,0.33333333333333337,3.0,0.16033004224300385,0.1245964914560318,1
19,1,0.33333333333333337,3.0,3.2211546897888184,3.6623852252960205,2
19,0,0.5,4.0,0.7857450246810913,2.3968281745910645,1
19,1,0.5,4.0,0.863262414932251,1.464529275894165,2
19,1,0.5,4.0,1.079298734664917,1.3288664817810059,1
19,0,0.33333333333333337,3.0,4.283813953399658,4.9517974853515625,2
19,0,0.33333333333333337,3.0,0.1277761608362198,0.12513649463653564,3
19,0,0.33333333333333337,3.0,2.895158290863037,2.5327396392822266,4
19,1,0.33333333333333337,3.0,4.766321659088135,4.353079319000244,1
19,0,0.33333333333333337,3.0,0.5824180841445923,0.6996945142745972,1
19,0,0.19999999999999996,4.0,4.192185401916504,4.104937553405762,2
19,0,0.19999999999999996,4.0,0.16558393836021423,0.14828023314476013,3
19,0,0.19999999999999996,4.0,0.009730387479066849,0.03867296129465103,4
19,0,0.33333333333333337,3.0,3.7392635345458984,3.3813517093658447,1
19,0,0.33333333333333337,3.0,0.33822691440582275,0.05366502329707146,2
19,0,0.33333333333333337,3.0,0.008426804095506668,0.002697886200621724,3
19,0,0.33333333333333337,3.0,0.004578928463160992,0.0433509387075901,4
19,0,0.33333333333333337,3.0,1.4026403427124023,1.283899188041687,1
19,1,0.0,3.0,1.7401070594787598,1.9633910655975342,3
19,0,0.0,3.0,0.6732146739959717,0.7023429274559021,1
19,1,1.0,3.0,4.919628143310547,4.712440490722656,2
19,0,1.0,2.0,4.828329086303711,4.089164733886719,1
19,0,1.0,2.0,0.1698780059814453,0.10125173628330231,2
19,1,1.0,2.0,3.274970054626465,2.789341926574707,3
19,0,1.0,2.0,0.21282222867012024,0.007878230884671211,1
19,0,0.33333333333333337,3.0,3.880392551422119,0.053823426365852356,2
19,0,0.33333333333333337,3.0,0.11981414258480072,0.009262781590223312,3
19,0,0.33333333333333337,3.0,3.676710605621338,2.402317523956299,4
19,0,0.0,2.0,0.46500271558761597,0.45628786087036133,1
19,0,0.33333333333333337,3.0,3.4871506690979004,2.442159652709961,2
19,0,0.33333333333333337,3.0,1.5254465341567993,1.15904700756073,3
19,0,0.5,3.0,2.165480375289917,1.2046195268630981,4
19,0,0.5,3.0,0.8176169395446777,0.4034217596054077,1
19,0,0.33333333333333337,3.0,2.0506274700164795,0.20711790025234222,2
19,0,0.33333333333333337,3.0,0.04384984076023102,0.0043622334487736225,3
19,0,0.33333333333333337,3.0,0.6986920833587646,0.7058835029602051,4
19,0,0.33333333333333337,4.0,0.7776309251785278,0.5872575640678406,1
19,1,0.33333333333333337,4.0,1.2019984722137451,1.4070099592208862,2
19,0,0.33333333333333337,4.0,1.2679411172866821,1.1727532148361206,1
19,0,0.33333333333333337,3.0,4.98187255859375,4.380026340484619,2
19,0,0.33333333333333337,3.0,0.16928614675998688,0.27696526050567627,3
19,0,0.33333333333333337,3.0,3.3561840057373047,3.1443397998809814,4
19,0,0.33333333333333337,3.0,4.855827808380127,5.075360298156738,1
19,0,0.33333333333333337,3.0,0.772619366645813,0.3273824155330658,2
19,0,0.33333333333333337,3.0,0.024864716455340385,0.017165908589959145,3
19,0,0.33333333333333337,3.0,0.007474282756447792,0.0825384333729744,4
19,0,0.33333333333333337,3.0,2.0674049854278564,2.4960665702819824,1
19,0,0.2500000000000001,6.0,0.7597780227661133,0.9076650142669678,2
19,0,0.2500000000000001,6.0,0.7889032363891602,0.7010759115219116,3
19,0,0.2500000000000001,6.0,1.2089276313781738,0.32989734411239624,4
19,0,0.2500000000000001,6.0,0.9827907681465149,0.5548256635665894,1
19,0,0.2500000000000001,6.0,2.9099459648132324,3.4015753269195557,2
19,1,1.0,2.0,5.180990219116211,4.447994232177734,3
19,0,1.0,2.0,0.1449347883462906,0.07944732159376144,1
19,0,1.0,2.0,2.493645191192627,0.8628758788108826,2
19,0,1.0,2.0,0.07492710649967194,0.004121203441172838,3
19,0,0.33333333333333337,3.0,0.49797266721725464,0.06215954199433327,4
19,0,0.33333333333333337,3.0,0.019995316863059998,0.00947898905724287,1
19,0,0.33333333333333337,3.0,1.3855555057525635,0.623969554901123,2
19,0,0.0,2.0,0.09338967502117157,0.09082179516553879,3
19,0,0.33333333333333337,3.0,0.5590461492538452,0.2564786374568939,4
19,0,0.33333333333333337,3.0,0.32480815052986145,0.11891799420118332,1
19,0,0.5,3.0,0.3157235383987427,0.08637288212776184,2
19,0,0.5,3.0,0.18985560536384583,0.07193026691675186,3
19,0,0.33333333333333337,3.0,0.47942233085632324,0.06142541021108627,4
19,0,0.33333333333333337,3.0,0.008271554484963417,0.012377374805510044,1
19,0,0.33333333333333337,3.0,0.17600469291210175,0.11766558140516281,2
19,0,0.33333333333333337,4.0,0.1304728388786316,0.06092958524823189,3
19,1,0.33333333333333337,4.0,0.4306126832962036,0.9160462617874146,4
19,1,0.33333333333333337,4.0,1.2690696716308594,1.1793965101242065,1
19,1,0.33333333333333337,3.0,5.355682373046875,4.859309196472168,1
19,0,0.33333333333333337,3.0,0.3154546916484833,0.09944391250610352,1
19,0,0.33333333333333337,3.0,3.769164800643921,4.304417133331299,2
19,1,1.0,3.0,4.9185380935668945,4.385120868682861,3
19,0,1.0,3.0,0.21382489800453186,0.041254278272390366,1
19,1,1.0,3.0,1.7481751441955566,0.7981669306755066,2
19,0,1.0,3.0,2.0774307250976562,0.7701267004013062,1
