workload,pair,prompt_id,round_index,proposal_slot,output_token_position,condition,proposal_morph_class,candidate_surface,candidate_eojeol,sd_rejected,draft_entropy,fragmentation_bin,matched_cross_prompt_id,matched_cross_position,exact_prompt_match,saved_draft_token_id,saved_target_token_id,replayed_draft_top1_id,replayed_target_top1_id,draft_replay_match,target_replay_match,saved_accept,replayed_accept,saved_reject_label_match,alternative_token_id,alternative_rank,alternative_logprob,alternative_surface,alternative_morph_class,alternative_environment,alternative_env_source,alternative_accept,baseline_accept,delta_accept,counterfactual_status
WIKIPEDIA,P1,3,27,3,104,NP_CROSS,CROSS_MORPHEME, 것이,것이,0,0.014358436688780785,1,,,,128584,128584,128584,128584,True,True,True,True,True,71108.0,3.0,-8.298348426818848, 것,EXACT,OTHER,not_primary_class,False,True,-1.0,OK
WIKIPEDIA,P1,7,11,1,35,NP_CROSS,CROSS_MORPHEME,성을,형성을,0,0.1633995771408081,2,,,,132818,132818,132818,132818,True,True,True,True,True,32831.0,2.0,-3.611138105392456,성,WITHIN_SPLIT,OTHER,no_valid_adjacent_boundary,False,True,-1.0,OK
WIKIPEDIA,P1,12,6,2,12,NP_CROSS,CROSS_MORPHEME, 것으로,것으로,1,3.8373680114746094,2,,,,132091,54825,132091,54825,True,True,False,False,True,54825.0,2.0,-1.784899353981018, 그,EXACT,OTHER,not_primary_class,True,False,1.0,OK
WIKIPEDIA,P1,18,30,4,90,NP_CROSS,CROSS_MORPHEME, 것을,것을,0,0.6200678944587708,1,,,,129337,129337,129337,129337,True,True,True,True,True,71108.0,2.0,-2.7851145267486572, 것,EXACT,OTHER,not_primary_class,False,True,-1.0,OK
WIKIPEDIA,P1,18,40,1,127,NP_CROSS,CROSS_MORPHEME, 것을,것을,0,0.02161058411002159,1,,,,129337,129337,129337,129337,True,True,True,True,True,71108.0,2.0,-6.564997673034668, 것,EXACT,OTHER,not_primary_class,False,True,-1.0,OK
WIKIPEDIA,P1,20,6,2,15,NP_CROSS,CROSS_MORPHEME,상을,현상을,0,0.21329933404922485,2,,,,136854,136854,136854,136854,True,True,True,True,True,55902.0,2.0,-2.9603214263916016,상,WITHIN_SPLIT,OTHER,no_valid_adjacent_boundary,False,True,-1.0,OK
WIKIPEDIA,P1,20,11,3,35,NP_CROSS,CROSS_MORPHEME,상을,현상을,0,0.10533831268548965,2,,,,136854,136854,136854,136854,True,True,True,True,True,55902.0,2.0,-3.865236759185791,상,WITHIN_SPLIT,OTHER,no_valid_adjacent_boundary,False,True,-1.0,OK
WIKIPEDIA,P1,20,17,4,55,NP_CROSS,CROSS_MORPHEME,상을,현상을,0,0.11406297981739044,2,,,,136854,136854,136854,136854,True,True,True,True,True,55902.0,2.0,-3.7736477851867676,상,WITHIN_SPLIT,OTHER,no_valid_adjacent_boundary,False,True,-1.0,OK
WIKIPEDIA,P1,20,23,3,75,NP_CROSS,CROSS_MORPHEME,상을,현상을,0,0.27084386348724365,2,,,,136854,136854,136854,136854,True,True,True,True,True,55902.0,2.0,-2.6231961250305176,상,WITHIN_SPLIT,OTHER,no_valid_adjacent_boundary,False,True,-1.0,OK
WIKIPEDIA,P1,20,28,3,95,NP_CROSS,CROSS_MORPHEME,상을,현상을,0,0.14133821427822113,2,,,,136854,136854,136854,136854,True,True,True,True,True,55902.0,2.0,-3.4694886207580566,상,WITHIN_SPLIT,OTHER,no_valid_adjacent_boundary,False,True,-1.0,OK
WIKIPEDIA,P1,20,33,3,115,NP_CROSS,CROSS_MORPHEME,상을,현상을,0,0.08194936811923981,2,,,,136854,136854,136854,136854,True,True,True,True,True,55902.0,2.0,-4.171980381011963,상,WITHIN_SPLIT,OTHER,no_valid_adjacent_boundary,False,True,-1.0,OK
WIKIPEDIA,P1,23,4,1,10,NP_CROSS,CROSS_MORPHEME,상을,현상을,0,0.7982251644134521,2,,,,136854,136854,136854,136854,True,True,True,True,True,55902.0,2.0,-0.7302441596984863,상,WITHIN_SPLIT,OTHER,no_valid_adjacent_boundary,False,True,-1.0,OK
WIKIPEDIA,P1,23,26,1,63,NP_CROSS,CROSS_MORPHEME, 것으로,"것으로,",1,3.9779462814331055,2,,,,132091,94315,132091,94315,True,True,False,False,True,13146.0,3.0,-2.728062868118286,다,WITHIN_SPLIT,OTHER,no_valid_adjacent_boundary,False,False,0.0,OK
WIKIPEDIA,P1,25,0,1,0,NP_CROSS,CROSS_MORPHEME,으로,으로,0,3.1266002655029297,1,,,,42039,42039,42039,42039,True,True,True,True,True,19391.0,2.0,-1.8857026100158691,에,EXACT,OTHER,not_primary_class,False,True,-1.0,OK
WIKIPEDIA,P1,25,17,1,37,NP_CROSS,CROSS_MORPHEME,상을,현상을,0,0.7103767395019531,2,,,,136854,136854,136854,136854,True,True,True,True,True,55902.0,2.0,-1.2588231563568115,상,WITHIN_SPLIT,OTHER,no_valid_adjacent_boundary,False,True,-1.0,OK
WIKIPEDIA,P1,25,43,4,111,NP_CROSS,CROSS_MORPHEME,상을,현상을,0,0.5390800833702087,2,,,,136854,136854,136854,136854,True,True,True,True,True,55902.0,2.0,-1.5783298015594482,상,WITHIN_SPLIT,OTHER,no_valid_adjacent_boundary,False,True,-1.0,OK
WIKIPEDIA,P1,27,2,3,6,NP_CROSS,CROSS_MORPHEME, 것을,것을,1,4.101423740386963,3,,,,129337,129093,129337,129093,True,True,False,False,True,127820.0,2.0,-2.2901828289031982, 특,EXACT,OTHER,not_primary_class,False,False,0.0,OK
WIKIPEDIA,P1,36,9,1,19,NP_CROSS,CROSS_MORPHEME,대로,"반대로,",0,1.0148167610168457,3,,,,129923,129923,129923,129923,True,True,True,True,True,66845.0,2.0,-1.6044120788574219,대,WITHIN_SPLIT,OTHER,no_valid_adjacent_boundary,False,True,-1.0,OK
WIKIPEDIA,P1,38,8,1,23,NP_CROSS,CROSS_MORPHEME, 것이,것이,1,3.1712307929992676,2,,,,128584,49052,128584,49052,True,True,False,False,True,49052.0,2.0,-2.4802892208099365, 경우,EXACT,OTHER,not_primary_class,True,False,1.0,OK
WIKIPEDIA,P1,45,0,2,1,NP_CROSS,CROSS_MORPHEME,리를,정리를,0,0.5837554931640625,2,,,,133886,133886,133886,133886,True,True,True,True,True,28002.0,2.0,-1.5770347118377686,리,WITHIN_SPLIT,OTHER,no_valid_adjacent_boundary,False,True,-1.0,OK
WIKIPEDIA,P1,45,7,3,18,NP_CROSS,CROSS_MORPHEME,리를,정리를,0,0.9079589247703552,2,,,,133886,133886,133886,133886,True,True,True,True,True,28002.0,2.0,-0.9712523221969604,리,WITHIN_SPLIT,OTHER,no_valid_adjacent_boundary,False,True,-1.0,OK
WIKIPEDIA,P1,45,23,3,64,NP_CROSS,CROSS_MORPHEME,리를,정리를,0,0.9200776815414429,2,,,,133886,133886,133886,133886,True,True,True,True,True,28002.0,2.0,-0.9047245979309082,리,WITHIN_SPLIT,OTHER,no_valid_adjacent_boundary,False,True,-1.0,OK
WIKIPEDIA,P1,45,30,4,91,NP_CROSS,CROSS_MORPHEME,리를,정리를,0,0.3107471466064453,2,,,,133886,133886,133886,133886,True,True,True,True,True,28002.0,2.0,-2.4966344833374023,리,WITHIN_SPLIT,OTHER,no_valid_adjacent_boundary,False,True,-1.0,OK
WIKIPEDIA,P1,45,37,4,118,NP_CROSS,CROSS_MORPHEME,리를,정리를,0,0.10136419534683228,2,,,,133886,133886,133886,133886,True,True,True,True,True,28002.0,2.0,-3.8806040287017822,리,WITHIN_SPLIT,OTHER,no_valid_adjacent_boundary,False,True,-1.0,OK
WIKIPEDIA,P1,58,5,1,13,NP_CROSS,CROSS_MORPHEME,자는,광자는,0,1.144972801208496,4,,,,132343,132343,132343,132343,True,True,True,True,True,25715.0,4.0,-3.1241800785064697,자,WITHIN_SPLIT,OTHER,no_valid_adjacent_boundary,False,True,-1.0,OK
WIKIPEDIA,P1,58,20,2,58,NP_CROSS,CROSS_MORPHEME,자는,광자는,0,0.9992716312408447,4,,,,132343,132343,132343,132343,True,True,True,True,True,25715.0,4.0,-3.4809672832489014,자,WITHIN_SPLIT,OTHER,no_valid_adjacent_boundary,False,True,-1.0,OK
WIKIPEDIA,P1,58,31,3,103,NP_CROSS,CROSS_MORPHEME,자는,광자는,0,0.7496856451034546,4,,,,132343,132343,132343,132343,True,True,True,True,True,25715.0,4.0,-4.087052822113037,자,WITHIN_SPLIT,OTHER,no_valid_adjacent_boundary,False,True,-1.0,OK
WIKIPEDIA,P1,67,5,1,17,NP_CROSS,CROSS_MORPHEME,기를,크기를,1,1.3088582754135132,3,,,,131777,20487,131777,20487,True,True,False,False,True,20487.0,2.0,-1.2240874767303467,기,WITHIN_SPLIT,OTHER,no_valid_adjacent_boundary,True,False,1.0,OK
WIKIPEDIA,P1,67,19,1,49,NP_CROSS,CROSS_MORPHEME,기를,크기를,0,1.2433232069015503,2,,,,131777,131777,131777,131777,True,True,True,True,True,20487.0,2.0,-1.6584961414337158,기,WITHIN_SPLIT,OTHER,no_valid_adjacent_boundary,False,True,-1.0,OK
WIKIPEDIA,P1,67,22,1,58,NP_CROSS,CROSS_MORPHEME,기를,크기를,0,1.1412805318832397,2,,,,131777,131777,131777,131777,True,True,True,True,True,20487.0,2.0,-1.0524438619613647,기,WITHIN_SPLIT,OTHER,no_valid_adjacent_boundary,False,True,-1.0,OK
WIKIPEDIA,P1,67,31,4,93,NP_CROSS,CROSS_MORPHEME,기를,크기를,0,1.1613080501556396,2,,,,131777,131777,131777,131777,True,True,True,True,True,20487.0,2.0,-1.243187665939331,기,WITHIN_SPLIT,OTHER,no_valid_adjacent_boundary,False,True,-1.0,OK
WIKIPEDIA,P1,67,38,1,118,NP_CROSS,CROSS_MORPHEME,기를,크기를,0,0.10900309681892395,2,,,,131777,131777,131777,131777,True,True,True,True,True,20487.0,2.0,-4.362375736236572,기,WITHIN_SPLIT,OTHER,no_valid_adjacent_boundary,False,True,-1.0,OK
WIKIPEDIA,P1,67,40,2,127,NP_CROSS,CROSS_MORPHEME,기를,크기를,0,0.09643355011940002,2,,,,131777,131777,131777,131777,True,True,True,True,True,20487.0,2.0,-4.812010288238525,기,WITHIN_SPLIT,OTHER,no_valid_adjacent_boundary,False,True,-1.0,OK
WIKIPEDIA,P1,79,8,1,22,NP_CROSS,CROSS_MORPHEME, 것을,것을,1,3.5230636596679688,3,,,,129337,35509,129337,35509,True,True,False,False,True,65510.0,2.0,-1.9767138957977295, 조,EXACT,OTHER,not_primary_class,False,False,0.0,OK
WIKIPEDIA,P1,83,30,1,75,NP_CROSS,CROSS_MORPHEME, 것을,것을,0,2.5828044414520264,1,,,,129337,129337,129337,129337,True,True,True,True,True,128900.0,2.0,-1.560956597328186, 것이다,CROSS_MORPHEME,MULTI_BOUNDARY,crossed_boundary,False,True,-1.0,OK
WIKIPEDIA,P1,83,33,1,80,NP_CROSS,CROSS_MORPHEME,대로,"반대로,",0,0.9005986452102661,3,,,,129923,129923,129923,129923,True,True,True,True,True,32290.0,2.0,-1.2773940563201904,면,WITHIN_SPLIT,OTHER,no_valid_adjacent_boundary,False,True,-1.0,OK
WIKIPEDIA,P1,84,27,3,78,NP_CROSS,CROSS_MORPHEME, 것을,것을,0,4.101358413696289,1,,,,129337,129337,129337,129337,True,True,True,True,True,128900.0,2.0,-2.0824289321899414, 것이다,CROSS_MORPHEME,MULTI_BOUNDARY,crossed_boundary,False,True,-1.0,OK
WIKIPEDIA,P1,84,39,2,125,NP_CROSS,CROSS_MORPHEME, 것을,것을,0,1.0353072881698608,1,,,,129337,129337,129337,129337,True,True,True,True,True,71108.0,2.0,-3.4128103256225586, 것,EXACT,OTHER,not_primary_class,False,True,-1.0,OK
WIKIPEDIA,P1,88,39,1,106,NP_CROSS,CROSS_MORPHEME,상을,물리학상을,0,0.29838812351226807,4,,,,136854,136854,136854,136854,True,True,True,True,True,55902.0,2.0,-2.567035675048828,상,WITHIN_SPLIT,OTHER,no_valid_adjacent_boundary,False,True,-1.0,OK
WIKIPEDIA,P1,89,25,2,72,NP_CROSS,CROSS_MORPHEME,기는,크기는,0,0.8752232789993286,2,,,,135854,135854,135854,135854,True,True,True,True,True,20487.0,2.0,-1.7506060600280762,기,WITHIN_SPLIT,OTHER,no_valid_adjacent_boundary,False,True,-1.0,OK
WIKIPEDIA,P1,90,41,3,101,NP_CROSS,CROSS_MORPHEME,기를,세기를,1,0.5035098791122437,3,,,,131777,20487,131777,20487,True,True,False,False,True,20487.0,2.0,-2.5489919185638428,기,WITHIN_SPLIT,OTHER,no_valid_adjacent_boundary,True,False,1.0,OK
WIKIPEDIA,P1,92,0,1,0,NP_CROSS,CROSS_MORPHEME,으로,으로,0,1.3036137819290161,1,,,,42039,42039,42039,42039,True,True,True,True,True,17877.0,2.0,-2.710897207260132,을,EXACT,OTHER,not_primary_class,False,True,-1.0,OK
WIKIPEDIA,P1,94,5,3,15,NP_CROSS,CROSS_MORPHEME, 것은,것은,1,3.520540475845337,2,,,,129274,49052,129274,49052,True,True,False,False,True,49052.0,2.0,-1.9834932088851929, 경우,EXACT,OTHER,not_primary_class,True,False,1.0,OK
WIKIPEDIA,P1,94,29,3,93,NP_CROSS,CROSS_MORPHEME, 것이,것이,1,3.6879734992980957,2,,,,128584,130864,128584,130864,True,True,False,False,True,130864.0,2.0,-2.4682018756866455, 방법,EXACT,OTHER,not_primary_class,True,False,1.0,OK
WIKIPEDIA,P1,98,21,1,52,NP_CROSS,CROSS_MORPHEME,리를,원리를,0,0.6040108799934387,2,,,,133886,133886,133886,133886,True,True,True,True,True,28002.0,2.0,-1.5807011127471924,리,WITHIN_SPLIT,OTHER,no_valid_adjacent_boundary,False,True,-1.0,OK
WIKIPEDIA,P1,98,30,1,88,NP_CROSS,CROSS_MORPHEME,리를,원리를,0,0.15442268550395966,2,,,,133886,133886,133886,133886,True,True,True,True,True,28002.0,2.0,-3.471435785293579,리,WITHIN_SPLIT,OTHER,no_valid_adjacent_boundary,False,True,-1.0,OK
WIKIPEDIA,P1,98,39,1,124,NP_CROSS,CROSS_MORPHEME,리를,원리를,0,0.009557196870446205,2,,,,133886,133886,133886,133886,True,True,True,True,True,28002.0,2.0,-6.938658237457275,리,WITHIN_SPLIT,OTHER,no_valid_adjacent_boundary,False,True,-1.0,OK
WIKIPEDIA,P1,100,0,3,2,NP_CROSS,CROSS_MORPHEME, 것을,것을,0,0.22131873667240143,1,,,,129337,129337,129337,129337,True,True,True,True,True,71108.0,2.0,-4.9666523933410645, 것,EXACT,OTHER,not_primary_class,False,True,-1.0,OK
WIKIPEDIA,P1,100,11,4,37,NP_CROSS,CROSS_MORPHEME, 것은,것은,1,4.089771270751953,2,,,,129274,49052,129274,49052,True,True,False,False,True,49052.0,4.0,-2.7302236557006836, 경우,EXACT,OTHER,not_primary_class,True,False,1.0,OK
WIKIPEDIA,P1,108,30,3,84,NP_CROSS,CROSS_MORPHEME,기를,크기를,1,1.1726949214935303,4,,,,131777,20487,131777,20487,True,True,False,False,True,20487.0,2.0,-1.0085309743881226,기,WITHIN_SPLIT,OTHER,no_valid_adjacent_boundary,True,False,1.0,OK
WIKIPEDIA,P1,111,2,2,5,NP_CROSS,CROSS_MORPHEME,자의,중간자의,0,1.4552735090255737,3,,,,131958,131958,131958,131958,True,True,True,True,True,25715.0,2.0,-1.2002266645431519,자,WITHIN_SPLIT,OTHER,no_valid_adjacent_boundary,False,True,-1.0,OK
WIKIPEDIA,P1,111,19,2,47,NP_CROSS,CROSS_MORPHEME,자의,중간자의,0,1.4081165790557861,3,,,,131958,131958,131958,131958,True,True,True,True,True,25715.0,2.0,-1.290437936782837,자,WITHIN_SPLIT,OTHER,no_valid_adjacent_boundary,False,True,-1.0,OK
WIKIPEDIA,P1,111,27,2,68,NP_CROSS,CROSS_MORPHEME,자의,중간자의,0,1.4923040866851807,3,,,,131958,131958,131958,131958,True,True,True,True,True,25715.0,2.0,-1.2909642457962036,자,WITHIN_SPLIT,OTHER,no_valid_adjacent_boundary,False,True,-1.0,OK
WIKIPEDIA,P1,111,39,2,105,NP_CROSS,CROSS_MORPHEME,자의,중간자의,0,0.03472018241882324,3,,,,131958,131958,131958,131958,True,True,True,True,True,25715.0,3.0,-6.442129611968994,자,WITHIN_SPLIT,OTHER,no_valid_adjacent_boundary,False,True,-1.0,OK
WIKIPEDIA,P1,111,44,3,126,NP_CROSS,CROSS_MORPHEME,자의,중간자의,0,0.007309382315725088,3,,,,131958,131958,131958,131958,True,True,True,True,True,25715.0,4.0,-8.953903198242188,자,WITHIN_SPLIT,OTHER,no_valid_adjacent_boundary,False,True,-1.0,OK
WIKIPEDIA,P1,119,2,4,8,NP_CROSS,CROSS_MORPHEME,지는,에너지는,0,0.935684084892273,3,,,,130974,130974,130974,130974,True,True,True,True,True,21329.0,2.0,-1.4334886074066162,지,WITHIN_SPLIT,OTHER,no_valid_adjacent_boundary,False,True,-1.0,OK
WIKIPEDIA,P1,119,28,2,84,NP_CROSS,CROSS_MORPHEME,지를,에너지를,0,0.33375057578086853,3,,,,133120,133120,133120,133120,True,True,True,True,True,21329.0,2.0,-2.4699130058288574,지,WITHIN_SPLIT,OTHER,no_valid_adjacent_boundary,False,True,-1.0,OK
WIKIPEDIA,P1,119,37,2,117,NP_CROSS,CROSS_MORPHEME,지를,에너지를,0,0.1072135642170906,3,,,,133120,133120,133120,133120,True,True,True,True,True,21329.0,2.0,-4.035749435424805,지,WITHIN_SPLIT,OTHER,no_valid_adjacent_boundary,False,True,-1.0,OK
WIKIPEDIA,P1,133,16,2,45,NP_CROSS,CROSS_MORPHEME,지를,에너지를,0,0.7302106022834778,3,,,,133120,133120,133120,133120,True,True,True,True,True,21329.0,2.0,-1.3474012613296509,지,WITHIN_SPLIT,OTHER,no_valid_adjacent_boundary,False,True,-1.0,OK
WIKIPEDIA,P1,133,24,2,74,NP_CROSS,CROSS_MORPHEME,지를,에너지를,0,0.05699538439512253,3,,,,133120,133120,133120,133120,True,True,True,True,True,21329.0,2.0,-4.759370803833008,지,WITHIN_SPLIT,OTHER,no_valid_adjacent_boundary,False,True,-1.0,OK
WIKIPEDIA,P1,133,31,3,103,NP_CROSS,CROSS_MORPHEME,지를,에너지를,0,0.011532554402947426,3,,,,133120,133120,133120,133120,True,True,True,True,True,21329.0,2.0,-6.735779762268066,지,WITHIN_SPLIT,OTHER,no_valid_adjacent_boundary,False,True,-1.0,OK
WIKIPEDIA,P1,134,17,2,45,NP_CROSS,CROSS_MORPHEME, 것으로,"것으로,",1,3.534900665283203,2,,,,132091,128900,132091,128900,True,True,False,False,True,128900.0,2.0,-1.7845211029052734, 것이다,CROSS_MORPHEME,MULTI_BOUNDARY,crossed_boundary,True,False,1.0,OK
WIKIPEDIA,P1,144,0,2,1,NP_CROSS,CROSS_MORPHEME,기를,고기를,1,1.0537441968917847,3,,,,131777,20487,131777,20487,True,True,False,False,True,20487.0,2.0,-1.5281407833099365,기,WITHIN_SPLIT,OTHER,no_valid_adjacent_boundary,True,False,1.0,OK
WIKIPEDIA,P1,144,13,2,34,NP_CROSS,CROSS_MORPHEME,기를,고기를,1,1.0750640630722046,3,,,,131777,20487,131777,20487,True,True,False,False,True,20487.0,2.0,-1.237842321395874,기,WITHIN_SPLIT,OTHER,no_valid_adjacent_boundary,True,False,1.0,OK
WIKIPEDIA,P1,148,9,1,25,NP_CROSS,CROSS_MORPHEME,상을,생물학상을,1,0.8480359315872192,4,,,,136854,55902,136854,55902,True,True,False,False,True,55902.0,2.0,-0.7428040504455566,상,EXACT,OTHER,not_primary_class,True,False,1.0,OK
WIKIPEDIA,P1,149,1,4,4,NP_CROSS,CROSS_MORPHEME, 다음과,다음과,0,2.264235019683838,1,,,,139107,139107,139107,139107,True,True,True,True,True,126844.0,2.0,-2.788194417953491, 다음,EXACT,OTHER,not_primary_class,False,True,-1.0,OK
WIKIPEDIA,P1,151,5,1,9,NP_CROSS,CROSS_MORPHEME,리를,권리를,0,1.068026065826416,2,,,,133886,133886,133886,133886,True,True,True,True,True,28754.0,2.0,-1.6885268688201904,력,WITHIN_SPLIT,OTHER,no_valid_adjacent_boundary,False,True,-1.0,OK
WIKIPEDIA,P1,151,12,4,32,NP_CROSS,CROSS_MORPHEME,리를,권리를,0,0.15019208192825317,2,,,,133886,133886,133886,133886,True,True,True,True,True,28754.0,4.0,-5.697183609008789,력,WITHIN_SPLIT,OTHER,no_valid_adjacent_boundary,False,True,-1.0,OK
WIKIPEDIA,P1,151,16,2,43,NP_CROSS,CROSS_MORPHEME,자의,노동자의,0,1.3257843255996704,3,,,,131958,131958,131958,131958,True,True,True,True,True,25715.0,2.0,-1.8789867162704468,자,WITHIN_SPLIT,OTHER,no_valid_adjacent_boundary,False,True,-1.0,OK
WIKIPEDIA,P1,151,21,2,60,NP_CROSS,CROSS_MORPHEME,리를,권리를,0,0.12280760705471039,2,,,,133886,133886,133886,133886,True,True,True,True,True,28754.0,4.0,-5.895394802093506,력,WITHIN_SPLIT,OTHER,no_valid_adjacent_boundary,False,True,-1.0,OK
WIKIPEDIA,P1,151,24,1,71,NP_CROSS,CROSS_MORPHEME,자의,노동자의,0,0.1731327772140503,3,,,,131958,131958,131958,131958,True,True,True,True,True,25715.0,2.0,-4.325475215911865,자,WITHIN_SPLIT,OTHER,no_valid_adjacent_boundary,False,True,-1.0,OK
WIKIPEDIA,P1,151,28,2,88,NP_CROSS,CROSS_MORPHEME,리를,권리를,0,0.018622547388076782,2,,,,133886,133886,133886,133886,True,True,True,True,True,28754.0,4.0,-9.096047401428223,력,WITHIN_SPLIT,OTHER,no_valid_adjacent_boundary,False,True,-1.0,OK
WIKIPEDIA,P1,151,31,1,99,NP_CROSS,CROSS_MORPHEME,자의,노동자의,0,0.039281755685806274,3,,,,131958,131958,131958,131958,True,True,True,True,True,25715.0,2.0,-6.286133766174316,자,WITHIN_SPLIT,OTHER,no_valid_adjacent_boundary,False,True,-1.0,OK
WIKIPEDIA,P1,151,35,2,116,NP_CROSS,CROSS_MORPHEME,리를,권리를,0,0.011073007248342037,2,,,,133886,133886,133886,133886,True,True,True,True,True,28754.0,4.0,-10.220024108886719,력,WITHIN_SPLIT,OTHER,no_valid_adjacent_boundary,False,True,-1.0,OK
WIKIPEDIA,P1,151,38,1,127,NP_CROSS,CROSS_MORPHEME,자의,노동자의,0,0.004719942808151245,3,,,,131958,131958,131958,131958,True,True,True,True,True,25715.0,3.0,-9.141072273254395,자,WITHIN_SPLIT,OTHER,no_valid_adjacent_boundary,False,True,-1.0,OK
WIKIPEDIA,P1,152,23,2,71,NP_CROSS,CROSS_MORPHEME,이는,이는,0,2.703486919403076,1,,,,132044,132044,132044,132044,True,True,True,True,True,12802.0,2.0,-1.97596275806427,이,EXACT,OTHER,not_primary_class,False,True,-1.0,OK
WIKIPEDIA,P1,152,27,4,89,NP_CROSS,CROSS_MORPHEME,이는,이는,0,1.9129855632781982,1,,,,132044,132044,132044,132044,True,True,True,True,True,12802.0,2.0,-2.073471784591675,이,EXACT,OTHER,not_primary_class,False,True,-1.0,OK
WIKIPEDIA,P1,152,32,2,107,NP_CROSS,CROSS_MORPHEME,이는,이는,0,1.727461338043213,1,,,,132044,132044,132044,132044,True,True,True,True,True,12802.0,2.0,-2.1338179111480713,이,EXACT,OTHER,not_primary_class,False,True,-1.0,OK
WIKIPEDIA,P1,152,36,4,125,NP_CROSS,CROSS_MORPHEME,이는,이는,0,1.3590344190597534,1,,,,132044,132044,132044,132044,True,True,True,True,True,12802.0,2.0,-2.2647640705108643,이,EXACT,OTHER,not_primary_class,False,True,-1.0,OK
WIKIPEDIA,P1,155,20,3,61,NP_CROSS,CROSS_MORPHEME, 이를,이를,1,4.488376140594482,1,,,,136342,138266,136342,138266,True,True,False,False,True,138266.0,2.0,-2.4104061126708984, 자유,EXACT,OTHER,not_primary_class,True,False,1.0,OK
WIKIPEDIA,P1,155,34,4,113,NP_CROSS,CROSS_MORPHEME, 것을,것을,1,3.9030535221099854,2,,,,129337,138266,129337,138266,True,True,False,False,True,71108.0,3.0,-2.7617244720458984, 것,EXACT,OTHER,not_primary_class,False,False,0.0,OK
WIKIPEDIA,P1,158,6,3,19,NP_CROSS,CROSS_MORPHEME, 것은,것은,0,3.079087495803833,1,,,,129274,129274,129274,129274,True,True,True,True,True,71108.0,2.0,-2.4269180297851562, 것,EXACT,OTHER,not_primary_class,False,True,-1.0,OK
WIKIPEDIA,P1,158,12,2,39,NP_CROSS,CROSS_MORPHEME, 것은,것은,0,3.710054397583008,1,,,,129274,129274,129274,129274,True,True,True,True,True,71108.0,2.0,-2.478410482406616, 것,EXACT,OTHER,not_primary_class,False,True,-1.0,OK
WIKIPEDIA,P1,158,19,1,62,NP_CROSS,CROSS_MORPHEME, 것은,것은,0,2.1536731719970703,1,,,,129274,129274,129274,129274,True,True,True,True,True,71108.0,2.0,-1.5864732265472412, 것,EXACT,OTHER,not_primary_class,False,True,-1.0,OK
WIKIPEDIA,P1,158,24,1,77,NP_CROSS,CROSS_MORPHEME, 것은,것은,0,2.019068717956543,1,,,,129274,129274,129274,129274,True,True,True,True,True,71108.0,2.0,-1.4809576272964478, 것,EXACT,OTHER,not_primary_class,False,True,-1.0,OK
WIKIPEDIA,P1,158,30,2,100,NP_CROSS,CROSS_MORPHEME, 것은,것은,0,0.477544903755188,1,,,,129274,129274,129274,129274,True,True,True,True,True,71108.0,2.0,-2.66818904876709, 것,EXACT,OTHER,not_primary_class,False,True,-1.0,OK
WIKIPEDIA,P1,158,34,2,115,NP_CROSS,CROSS_MORPHEME, 것은,것은,0,0.3256029188632965,1,,,,129274,129274,129274,129274,True,True,True,True,True,71108.0,2.0,-3.1726226806640625, 것,EXACT,OTHER,not_primary_class,False,True,-1.0,OK
WIKIPEDIA,P1,165,37,2,105,NP_CROSS,CROSS_MORPHEME, 사람은,사람은,0,3.874943256378174,1,,,,140173,140173,140173,140173,True,True,True,True,True,124889.0,3.0,-2.6541857719421387, 사람,EXACT,OTHER,not_primary_class,False,True,-1.0,OK
WIKIPEDIA,P1,172,10,2,28,NP_CROSS,CROSS_MORPHEME,장을,학생회장을,1,1.5356379747390747,5,,,,137471,18411,137471,18411,True,True,False,False,True,40853.0,2.0,-0.8595000505447388,장,WITHIN_SPLIT,OTHER,no_valid_adjacent_boundary,False,False,0.0,OK
WIKIPEDIA,P1,172,30,3,88,NP_CROSS,CROSS_MORPHEME,장을,학생회장을,1,1.3888660669326782,5,,,,137471,18411,137471,18411,True,True,False,False,True,18411.0,2.0,-1.4710588455200195,를,EXACT,OTHER,not_primary_class,True,False,1.0,OK
WIKIPEDIA,P1,178,43,4,120,NP_CROSS,CROSS_MORPHEME, 것을,것을,0,0.5669037103652954,1,,,,129337,129337,129337,129337,True,True,True,True,True,128900.0,2.0,-4.717094421386719, 것이다,CROSS_MORPHEME,MULTI_BOUNDARY,crossed_boundary,False,True,-1.0,OK
WIKIPEDIA,P1,181,5,2,13,NP_CROSS,CROSS_MORPHEME,이는,길이는,1,0.7036014795303345,4,,,,132044,12802,132044,12802,True,True,False,False,True,12802.0,2.0,-0.7757515907287598,이,WITHIN_SPLIT,OTHER,no_valid_adjacent_boundary,True,False,1.0,OK
WIKIPEDIA,P1,183,44,2,115,NP_CROSS,CROSS_MORPHEME,기를,크기를,0,1.3787697553634644,2,,,,131777,131777,131777,131777,True,True,True,True,True,20487.0,2.0,-1.3567726612091064,기,WITHIN_SPLIT,OTHER,no_valid_adjacent_boundary,False,True,-1.0,OK
WIKIPEDIA,P1,190,13,2,30,NP_CROSS,CROSS_MORPHEME, 것을,것을,0,2.1077799797058105,1,,,,129337,129337,129337,129337,True,True,True,True,True,128900.0,2.0,-2.4729409217834473, 것이다,CROSS_MORPHEME,MULTI_BOUNDARY,crossed_boundary,False,True,-1.0,OK
WIKIPEDIA,P1,198,25,4,60,NP_CROSS,CROSS_MORPHEME, 것이,것이,0,1.6715044975280762,1,,,,128584,128584,128584,128584,True,True,True,True,True,128900.0,3.0,-3.4499330520629883, 것이다,CROSS_MORPHEME,MULTI_BOUNDARY,crossed_boundary,False,True,-1.0,OK
WIKIPEDIA,P1,198,32,4,88,NP_CROSS,CROSS_MORPHEME, 것이,것이,0,0.06047607958316803,1,,,,128584,128584,128584,128584,True,True,True,True,True,128900.0,3.0,-6.2887864112854, 것이다,CROSS_MORPHEME,MULTI_BOUNDARY,crossed_boundary,False,True,-1.0,OK
WIKIPEDIA,P1,198,39,4,116,NP_CROSS,CROSS_MORPHEME, 것이,것이,0,0.012497232295572758,1,,,,128584,128584,128584,128584,True,True,True,True,True,128900.0,3.0,-8.110685348510742, 것이다,CROSS_MORPHEME,MULTI_BOUNDARY,crossed_boundary,False,True,-1.0,OK
WIKIPEDIA,P1,205,1,4,5,NP_CROSS,CROSS_MORPHEME, 것은,것은,0,2.065946578979492,1,,,,129274,129274,129274,129274,True,True,True,True,True,44518.0,3.0,-3.5065581798553467, 시,EXACT,OTHER,not_primary_class,False,True,-1.0,OK
WIKIPEDIA,P1,206,2,1,8,NP_CROSS,CROSS_MORPHEME, 것을,것을,1,3.3565707206726074,2,,,,129337,71108,129337,71108,True,True,False,False,True,71108.0,2.0,-1.8665616512298584, 것,EXACT,OTHER,not_primary_class,True,False,1.0,OK
WIKIPEDIA,P1,210,25,1,82,NP_CROSS,CROSS_MORPHEME, 이를,이를,0,0.7458493113517761,1,,,,136342,136342,136342,136342,True,True,True,True,True,23084.0,2.0,-3.0852270126342773, 이,EXACT,OTHER,not_primary_class,False,True,-1.0,OK
WIKIPEDIA,P1,210,35,2,120,NP_CROSS,CROSS_MORPHEME, 이를,이를,0,0.345241904258728,1,,,,136342,136342,136342,136342,True,True,True,True,True,23084.0,2.0,-3.591569662094116, 이,EXACT,OTHER,not_primary_class,False,True,-1.0,OK
WIKIPEDIA,P1,211,31,4,112,NP_CROSS,CROSS_MORPHEME, 등의,등의,0,0.4591829180717468,1,,,,136357,136357,136357,136357,True,True,True,True,True,11.0,3.0,-4.199822425842285,",",EXACT,OTHER,not_primary_class,False,True,-1.0,OK
WIKIPEDIA,P1,212,20,1,45,NP_CROSS,CROSS_MORPHEME, 때문에,"때문에,",0,0.20746555924415588,2,,,,129147,129147,129147,129147,True,True,True,True,True,137141.0,2.0,-4.2671098709106445, 때문이다,CROSS_MORPHEME,MULTI_BOUNDARY,crossed_boundary,False,True,-1.0,OK
WIKIPEDIA,P1,212,28,4,65,NP_CROSS,CROSS_MORPHEME, 때문에,때문에,0,0.17931361496448517,2,,,,129147,129147,129147,129147,True,True,True,True,True,137141.0,2.0,-4.123053550720215, 때문이다,CROSS_MORPHEME,MULTI_BOUNDARY,crossed_boundary,False,True,-1.0,OK
WIKIPEDIA,P1,212,29,3,68,NP_CROSS,CROSS_MORPHEME,자는,원자는,0,0.8325281143188477,2,,,,132343,132343,132343,132343,True,True,True,True,True,25715.0,2.0,-2.1466598510742188,자,WITHIN_SPLIT,OTHER,no_valid_adjacent_boundary,False,True,-1.0,OK
WIKIPEDIA,P1,212,32,2,77,NP_CROSS,CROSS_MORPHEME,자는,원자는,0,0.8399313688278198,2,,,,132343,132343,132343,132343,True,True,True,True,True,25715.0,3.0,-2.377824306488037,자,WITHIN_SPLIT,OTHER,no_valid_adjacent_boundary,False,True,-1.0,OK
WIKIPEDIA,P1,212,34,2,85,NP_CROSS,CROSS_MORPHEME, 때문에,"때문에,",0,0.009349090978503227,2,,,,129147,129147,129147,129147,True,True,True,True,True,137141.0,2.0,-7.813450813293457, 때문이다,CROSS_MORPHEME,MULTI_BOUNDARY,crossed_boundary,False,True,-1.0,OK
WIKIPEDIA,P1,212,35,1,88,NP_CROSS,CROSS_MORPHEME,자는,원자는,0,0.14268608391284943,2,,,,132343,132343,132343,132343,True,True,True,True,True,25715.0,3.0,-5.258517265319824,자,WITHIN_SPLIT,OTHER,no_valid_adjacent_boundary,False,True,-1.0,OK
WIKIPEDIA,P1,212,37,2,97,NP_CROSS,CROSS_MORPHEME,자는,원자는,0,0.3640251159667969,2,,,,132343,132343,132343,132343,True,True,True,True,True,25715.0,3.0,-4.0648722648620605,자,WITHIN_SPLIT,OTHER,no_valid_adjacent_boundary,False,True,-1.0,OK
WIKIPEDIA,P1,212,39,2,105,NP_CROSS,CROSS_MORPHEME, 때문에,"때문에,",0,0.0012405016459524632,2,,,,129147,129147,129147,129147,True,True,True,True,True,137141.0,2.0,-10.20322322845459, 때문이다,CROSS_MORPHEME,MULTI_BOUNDARY,crossed_boundary,False,True,-1.0,OK
WIKIPEDIA,P1,212,40,1,108,NP_CROSS,CROSS_MORPHEME,자는,원자는,0,0.05486341938376427,2,,,,132343,132343,132343,132343,True,True,True,True,True,25715.0,3.0,-6.648823261260986,자,WITHIN_SPLIT,OTHER,no_valid_adjacent_boundary,False,True,-1.0,OK
WIKIPEDIA,P1,212,42,2,117,NP_CROSS,CROSS_MORPHEME,자는,원자는,0,0.3169901967048645,2,,,,132343,132343,132343,132343,True,True,True,True,True,25715.0,3.0,-4.319016933441162,자,WITHIN_SPLIT,OTHER,no_valid_adjacent_boundary,False,True,-1.0,OK
WIKIPEDIA,P1,212,44,2,125,NP_CROSS,CROSS_MORPHEME, 때문에,"때문에,",0,0.00129773560911417,2,,,,129147,129147,129147,129147,True,True,True,True,True,137141.0,2.0,-9.953229904174805, 때문이다,CROSS_MORPHEME,MULTI_BOUNDARY,crossed_boundary,False,True,-1.0,OK
WIKIPEDIA,P1,213,24,2,68,NP_CROSS,CROSS_MORPHEME,기를,기울기를,0,1.3733110427856445,3,,,,131777,131777,131777,131777,True,True,True,True,True,20487.0,2.0,-1.576828956604004,기,WITHIN_SPLIT,OTHER,no_valid_adjacent_boundary,False,True,-1.0,OK
WIKIPEDIA,P1,213,31,2,94,NP_CROSS,CROSS_MORPHEME,기를,기울기를,0,0.871658205986023,3,,,,131777,131777,131777,131777,True,True,True,True,True,20487.0,2.0,-2.217209815979004,기,WITHIN_SPLIT,OTHER,no_valid_adjacent_boundary,False,True,-1.0,OK
WIKIPEDIA,P1,213,37,4,120,NP_CROSS,CROSS_MORPHEME,기를,기울기를,0,0.050450101494789124,3,,,,131777,131777,131777,131777,True,True,True,True,True,20487.0,2.0,-5.772568225860596,기,WITHIN_SPLIT,OTHER,no_valid_adjacent_boundary,False,True,-1.0,OK
WIKIPEDIA,P1,225,23,4,77,NP_CROSS,CROSS_MORPHEME,성이,특성이,0,0.7286555767059326,2,,,,137032,137032,137032,137032,True,True,True,True,True,32831.0,2.0,-1.7966632843017578,성,WITHIN_SPLIT,OTHER,no_valid_adjacent_boundary,False,True,-1.0,OK
WIKIPEDIA,P1,236,13,1,36,NP_CROSS,CROSS_MORPHEME, 것을,것을,1,4.58850622177124,2,,,,129337,71108,129337,71108,True,True,False,False,True,71108.0,2.0,-2.311946392059326, 것,EXACT,OTHER,not_primary_class,True,False,1.0,OK
WIKIPEDIA,P1,238,0,1,0,NP_CROSS,CROSS_MORPHEME,적으로,적으로,1,2.7458887100219727,2,,,,128552,134002,128552,134002,True,True,False,False,True,42905.0,2.0,-2.4398107528686523,하는,CROSS_MORPHEME,PREDICATE_TO_ENDING,crossed_boundary,False,False,0.0,OK
WIKIPEDIA,P1,257,24,1,72,NP_CROSS,CROSS_MORPHEME,자가,사용자가,0,1.24488365650177,2,,,,130427,130427,130427,130427,True,True,True,True,True,25715.0,2.0,-0.9189746379852295,자,WITHIN_SPLIT,OTHER,no_valid_adjacent_boundary,False,True,-1.0,OK
WIKIPEDIA,P1,257,24,2,73,NP_CROSS,CROSS_MORPHEME, 동시에,동시에,0,2.6455025672912598,1,,,,143409,143409,143409,143409,True,True,True,True,True,125206.0,2.0,-2.86517071723938, 통,EXACT,OTHER,not_primary_class,False,True,-1.0,OK
WIKIPEDIA,P1,257,31,1,92,NP_CROSS,CROSS_MORPHEME,자가,사용자가,1,1.1459500789642334,3,,,,130427,25715,130427,25715,True,True,False,False,True,25715.0,2.0,-1.0570344924926758,자,WITHIN_SPLIT,OTHER,no_valid_adjacent_boundary,True,False,1.0,OK
WIKIPEDIA,P1,257,32,2,94,NP_CROSS,CROSS_MORPHEME, 동시에,동시에,1,4.01434326171875,3,,,,143409,125466,143409,125466,True,True,False,False,True,128618.0,2.0,-2.391343593597412, 분,EXACT,OTHER,not_primary_class,False,False,0.0,OK
WIKIPEDIA,P1,260,2,4,11,NP_CROSS,CROSS_MORPHEME,사는,역사는,0,0.2116575539112091,2,,,,136294,136294,136294,136294,True,True,True,True,True,136608.0,4.0,-9.293020248413086, 역사,EXACT,OTHER,not_primary_class,False,True,-1.0,OK
WIKIPEDIA,P1,260,6,1,21,NP_CROSS,CROSS_MORPHEME, 사람이,사람이,0,0.8574278354644775,1,,,,133166,133166,133166,133166,True,True,True,True,True,124889.0,2.0,-2.8863039016723633, 사람,EXACT,OTHER,not_primary_class,False,True,-1.0,OK
WIKIPEDIA,P1,260,18,1,69,NP_CROSS,CROSS_MORPHEME,사는,역사는,0,0.24945668876171112,2,,,,136294,136294,136294,136294,True,True,True,True,True,7.0,4.0,-9.678664207458496,(,EXACT,OTHER,not_primary_class,False,True,-1.0,OK
WIKIPEDIA,P1,260,20,3,79,NP_CROSS,CROSS_MORPHEME, 사람이,사람이,0,0.04449233040213585,1,,,,133166,133166,133166,133166,True,True,True,True,True,124889.0,3.0,-6.443305015563965, 사람,EXACT,OTHER,not_primary_class,False,True,-1.0,OK
WIKIPEDIA,P1,260,32,3,127,NP_CROSS,CROSS_MORPHEME,사는,역사는,0,0.19016379117965698,2,,,,136294,136294,136294,136294,True,True,True,True,True,133414.0,6.0,-11.824302673339844,사이,EXACT,OTHER,not_primary_class,False,True,-1.0,OK
WIKIPEDIA,P1,269,9,2,14,NP_CROSS,CROSS_MORPHEME,기를,인기를,0,0.6341695785522461,2,,,,131777,131777,131777,131777,True,True,True,True,True,20487.0,2.0,-2.5604004859924316,기,WITHIN_SPLIT,OTHER,no_valid_adjacent_boundary,False,True,-1.0,OK
WIKIPEDIA,P1,272,0,1,0,NP_CROSS,CROSS_MORPHEME,이는,이는,1,1.563877820968628,1,,,,132044,31328,132044,31328,True,True,False,False,True,12802.0,4.0,-3.9399003982543945,이,EXACT,OTHER,not_primary_class,False,False,0.0,OK
WIKIPEDIA,P1,287,19,4,49,NP_CROSS,CROSS_MORPHEME,기는,크기는,0,1.3056784868240356,2,,,,135854,135854,135854,135854,True,True,True,True,True,20487.0,3.0,-1.778869390487671,기,WITHIN_SPLIT,OTHER,no_valid_adjacent_boundary,False,True,-1.0,OK
WIKIPEDIA,P1,287,27,1,69,NP_CROSS,CROSS_MORPHEME,기는,크기는,1,1.4731800556182861,2,,,,135854,136125,135854,136125,True,True,False,False,True,20487.0,3.0,-1.5413662195205688,기,WITHIN_SPLIT,OTHER,no_valid_adjacent_boundary,False,False,0.0,OK
WIKIPEDIA,P1,287,36,4,97,NP_CROSS,CROSS_MORPHEME,기가,크기가,0,1.5657248497009277,2,,,,136125,136125,136125,136125,True,True,True,True,True,20487.0,3.0,-1.540113091468811,기,WITHIN_SPLIT,OTHER,no_valid_adjacent_boundary,False,True,-1.0,OK
WIKIPEDIA,P1,289,17,4,56,NP_CROSS,CROSS_MORPHEME,리는,요리는,0,0.8458113670349121,2,,,,132920,132920,132920,132920,True,True,True,True,True,28002.0,2.0,-1.2595144510269165,리,WITHIN_SPLIT,OTHER,no_valid_adjacent_boundary,False,True,-1.0,OK
WIKIPEDIA,P1,289,24,2,82,NP_CROSS,CROSS_MORPHEME,리는,요리는,0,0.357509970664978,2,,,,132920,132920,132920,132920,True,True,True,True,True,28002.0,2.0,-2.5608110427856445,리,WITHIN_SPLIT,OTHER,no_valid_adjacent_boundary,False,True,-1.0,OK
WIKIPEDIA,P1,289,30,4,108,NP_CROSS,CROSS_MORPHEME,리는,요리는,0,0.12723320722579956,2,,,,132920,132920,132920,132920,True,True,True,True,True,28002.0,2.0,-3.790827989578247,리,WITHIN_SPLIT,OTHER,no_valid_adjacent_boundary,False,True,-1.0,OK
WIKIPEDIA,P1,290,0,3,2,NP_CROSS,CROSS_MORPHEME,리는,요리는,1,1.0659642219543457,3,,,,132920,28002,132920,28002,True,True,False,False,True,28002.0,2.0,-0.839708149433136,리,WITHIN_SPLIT,OTHER,no_valid_adjacent_boundary,True,False,1.0,OK
WIKIPEDIA,P1,290,22,3,59,NP_CROSS,CROSS_MORPHEME,리를,요리를,0,0.17045524716377258,2,,,,133886,133886,133886,133886,True,True,True,True,True,28002.0,2.0,-3.3970794677734375,리,WITHIN_SPLIT,OTHER,no_valid_adjacent_boundary,False,True,-1.0,OK
WIKIPEDIA,P1,291,22,1,56,NP_CROSS,CROSS_MORPHEME, 때문에,"때문에,",0,0.8742609620094299,2,,,,129147,129147,129147,129147,True,True,True,True,True,137141.0,2.0,-1.5101163387298584, 때문이다,CROSS_MORPHEME,MULTI_BOUNDARY,crossed_boundary,False,True,-1.0,OK
WIKIPEDIA,P1,306,6,1,8,NP_CROSS,CROSS_MORPHEME,사를,역사를,0,0.8106683492660522,2,,,,134445,134445,134445,134445,True,True,True,True,True,65306.0,3.0,-3.2124719619750977,경,WITHIN_SPLIT,OTHER,no_valid_adjacent_boundary,False,True,-1.0,OK
WIKIPEDIA,P1,311,18,3,61,NP_CROSS,CROSS_MORPHEME, 것을,것을,0,1.6449859142303467,1,,,,129337,129337,129337,129337,True,True,True,True,True,91605.0,2.0,-1.6464965343475342, 코드,EXACT,OTHER,not_primary_class,False,True,-1.0,OK
WIKIPEDIA,P1,312,4,1,7,NP_CROSS,CROSS_MORPHEME, 것을,것을,0,3.555685043334961,1,,,,129337,129337,129337,129337,True,True,True,True,True,130037.0,2.0,-2.4958066940307617, 사실,EXACT,OTHER,not_primary_class,False,True,-1.0,OK
WIKIPEDIA,P1,316,0,1,0,NP_CROSS,CROSS_MORPHEME,으로,으로,0,0.18601518869400024,1,,,,42039,42039,42039,42039,True,True,True,True,True,19391.0,2.0,-5.0706586837768555,에,EXACT,OTHER,not_primary_class,False,True,-1.0,OK
WIKIPEDIA,P1,329,19,2,49,NP_CROSS,CROSS_MORPHEME,힘이,힘이,1,0.7352088093757629,4,,,,62618,246,62618,246,True,True,False,False,True,246.0,2.0,-0.8445227146148682,힘,EXACT,OTHER,not_primary_class,True,False,1.0,OK
WIKIPEDIA,P1,329,41,2,102,NP_CROSS,CROSS_MORPHEME,힘이,힘이,1,0.7594473361968994,4,,,,62618,246,62618,246,True,True,False,False,True,246.0,2.0,-0.8045395016670227,힘,EXACT,OTHER,not_primary_class,True,False,1.0,OK
WIKIPEDIA,P1,332,12,1,36,NP_CROSS,CROSS_MORPHEME, 등을,등을,0,1.2402567863464355,1,,,,134454,134454,134454,134454,True,True,True,True,True,17877.0,2.0,-1.9836732149124146,을,EXACT,OTHER,not_primary_class,False,True,-1.0,OK
WIKIPEDIA,P1,336,23,4,90,NP_CROSS,CROSS_MORPHEME,험이,실험이,0,0.635345458984375,3,,,,62618,62618,62618,62618,True,True,True,True,True,246.0,2.0,-1.2491919994354248,험,WITHIN_SPLIT,OTHER,no_valid_adjacent_boundary,False,True,-1.0,OK
WIKIPEDIA,P1,340,0,1,0,NP_CROSS,CROSS_MORPHEME,적으로,적으로,0,0.20547033846378326,1,,,,128552,128552,128552,128552,True,True,True,True,True,80968.0,2.0,-3.6615054607391357,적,EXACT,OTHER,not_primary_class,False,True,-1.0,OK
WIKIPEDIA,P1,342,1,3,3,NP_CROSS,CROSS_MORPHEME,자는,유전자는,0,1.6082364320755005,3,,,,132343,132343,132343,132343,True,True,True,True,True,128909.0,4.0,-2.869248628616333,형,WITHIN_SPLIT,OTHER,no_valid_adjacent_boundary,False,True,-1.0,OK
WIKIPEDIA,P1,342,12,2,29,NP_CROSS,CROSS_MORPHEME,자는,유전자는,0,0.916054368019104,3,,,,132343,132343,132343,132343,True,True,True,True,True,128909.0,4.0,-4.70593786239624,형,WITHIN_SPLIT,OTHER,no_valid_adjacent_boundary,False,True,-1.0,OK
WIKIPEDIA,P1,342,21,1,53,NP_CROSS,CROSS_MORPHEME,자는,유전자는,0,0.8948290348052979,3,,,,132343,132343,132343,132343,True,True,True,True,True,33704.0,5.0,-5.496695041656494,은,EXACT,OTHER,not_primary_class,False,True,-1.0,OK
WIKIPEDIA,P1,342,31,3,81,NP_CROSS,CROSS_MORPHEME,자는,유전자는,0,0.8342732191085815,3,,,,132343,132343,132343,132343,True,True,True,True,True,33704.0,5.0,-5.204830169677734,은,EXACT,OTHER,not_primary_class,False,True,-1.0,OK
WIKIPEDIA,P1,342,38,3,104,NP_CROSS,CROSS_MORPHEME,자는,유전자는,0,0.7271696329116821,3,,,,132343,132343,132343,132343,True,True,True,True,True,33704.0,5.0,-5.885950088500977,은,EXACT,OTHER,not_primary_class,False,True,-1.0,OK
WIKIPEDIA,P1,345,25,4,58,NP_CROSS,CROSS_MORPHEME,성을,합성을,0,0.6321519017219543,3,,,,132818,132818,132818,132818,True,True,True,True,True,32831.0,2.0,-1.4163620471954346,성,WITHIN_SPLIT,OTHER,no_valid_adjacent_boundary,False,True,-1.0,OK
WIKIPEDIA,P1,345,31,3,81,NP_CROSS,CROSS_MORPHEME,성을,합성을,0,0.1561843454837799,3,,,,132818,132818,132818,132818,True,True,True,True,True,32831.0,2.0,-3.4862821102142334,성,WITHIN_SPLIT,OTHER,no_valid_adjacent_boundary,False,True,-1.0,OK
WIKIPEDIA,P1,345,37,2,104,NP_CROSS,CROSS_MORPHEME,성을,합성을,0,0.018712328746914864,3,,,,132818,132818,132818,132818,True,True,True,True,True,32831.0,2.0,-6.221157073974609,성,WITHIN_SPLIT,OTHER,no_valid_adjacent_boundary,False,True,-1.0,OK
WIKIPEDIA,P1,345,43,1,127,NP_CROSS,CROSS_MORPHEME,성을,합성을,0,0.011034850031137466,3,,,,132818,132818,132818,132818,True,True,True,True,True,32831.0,2.0,-6.954392910003662,성,WITHIN_SPLIT,OTHER,no_valid_adjacent_boundary,False,True,-1.0,OK
WIKIPEDIA,P1,348,24,4,81,NP_CROSS,CROSS_MORPHEME, 것을,것을,0,1.5983463525772095,1,,,,129337,129337,129337,129337,True,True,True,True,True,137619.0,2.0,-3.029900550842285, 상태,EXACT,OTHER,not_primary_class,False,True,-1.0,OK
WIKIPEDIA,P1,348,35,1,122,NP_CROSS,CROSS_MORPHEME, 것을,것을,0,0.31428009271621704,1,,,,129337,129337,129337,129337,True,True,True,True,True,71108.0,2.0,-4.653092861175537, 것,EXACT,OTHER,not_primary_class,False,True,-1.0,OK
WIKIPEDIA,P1,360,15,2,37,NP_CROSS,CROSS_MORPHEME, 때문에,"때문에,",0,0.6224539875984192,2,,,,129147,129147,129147,129147,True,True,True,True,True,137141.0,2.0,-2.146761655807495, 때문이다,CROSS_MORPHEME,MULTI_BOUNDARY,crossed_boundary,False,True,-1.0,OK
WIKIPEDIA,P1,362,12,2,32,NP_CROSS,CROSS_MORPHEME, 것이,것이,0,0.8165091872215271,1,,,,128584,128584,128584,128584,True,True,True,True,True,71108.0,3.0,-3.78124737739563, 것,EXACT,OTHER,not_primary_class,False,True,-1.0,OK
WIKIPEDIA,P1,366,42,2,99,NP_CROSS,CROSS_MORPHEME,지는,아버지는,0,0.5397712588310242,3,,,,130974,130974,130974,130974,True,True,True,True,True,21329.0,2.0,-1.9246201515197754,지,WITHIN_SPLIT,OTHER,no_valid_adjacent_boundary,False,True,-1.0,OK
WIKIPEDIA,P1,370,0,2,1,NP_CROSS,CROSS_MORPHEME,성이,환성이,0,2.203186273574829,2,,,,137032,137032,137032,137032,True,True,True,True,True,32831.0,2.0,-1.4130618572235107,성,EXACT,OTHER,not_primary_class,False,True,-1.0,OK
WIKIPEDIA,P1,382,23,4,73,NP_CROSS,CROSS_MORPHEME, 것은,것은,1,3.46057391166687,2,,,,129274,136331,129274,136331,True,True,False,False,True,136331.0,2.0,-2.575225591659546, 이후,EXACT,OTHER,not_primary_class,True,False,1.0,OK
WIKIPEDIA,P1,382,40,2,126,NP_CROSS,CROSS_MORPHEME,음을,훈민정음을,0,0.6651955842971802,6,,,,138349,138349,138349,138349,True,True,True,True,True,48431.0,2.0,-3.5655412673950195,음,WITHIN_SPLIT,OTHER,no_valid_adjacent_boundary,False,True,-1.0,OK
WIKIPEDIA,P1,385,1,1,4,NP_CROSS,CROSS_MORPHEME,기가,크기가,0,0.6543108224868774,2,,,,136125,136125,136125,136125,True,True,True,True,True,20487.0,2.0,-2.390381097793579,기,WITHIN_SPLIT,OTHER,no_valid_adjacent_boundary,False,True,-1.0,OK
WIKIPEDIA,P1,385,9,3,22,NP_CROSS,CROSS_MORPHEME,기가,크기가,0,1.3382400274276733,2,,,,136125,136125,136125,136125,True,True,True,True,True,20487.0,2.0,-1.2741949558258057,기,WITHIN_SPLIT,OTHER,no_valid_adjacent_boundary,False,True,-1.0,OK
WIKIPEDIA,P1,385,19,2,52,NP_CROSS,CROSS_MORPHEME,기가,크기가,0,0.4623541235923767,2,,,,136125,136125,136125,136125,True,True,True,True,True,20487.0,2.0,-3.126213788986206,기,WITHIN_SPLIT,OTHER,no_valid_adjacent_boundary,False,True,-1.0,OK
WIKIPEDIA,P1,385,23,4,70,NP_CROSS,CROSS_MORPHEME,기가,크기가,0,0.10416074097156525,2,,,,136125,136125,136125,136125,True,True,True,True,True,20487.0,2.0,-4.875486373901367,기,WITHIN_SPLIT,OTHER,no_valid_adjacent_boundary,False,True,-1.0,OK
WIKIPEDIA,P1,385,31,1,92,NP_CROSS,CROSS_MORPHEME,기가,크기가,0,0.9789994955062866,2,,,,136125,136125,136125,136125,True,True,True,True,True,20487.0,2.0,-1.6549972295761108,기,WITHIN_SPLIT,OTHER,no_valid_adjacent_boundary,False,True,-1.0,OK
WIKIPEDIA,P1,393,12,1,29,NP_CROSS,CROSS_MORPHEME,상을,현상을,0,0.6887046098709106,2,,,,136854,136854,136854,136854,True,True,True,True,True,55902.0,2.0,-0.9963734745979309,상,WITHIN_SPLIT,OTHER,no_valid_adjacent_boundary,False,True,-1.0,OK
WIKIPEDIA,P1,393,17,3,47,NP_CROSS,CROSS_MORPHEME,장을,전자기장을,0,1.6310774087905884,4,,,,137471,137471,137471,137471,True,True,True,True,True,28754.0,2.0,-1.6446855068206787,력,WITHIN_SPLIT,OTHER,no_valid_adjacent_boundary,False,True,-1.0,OK
WIKIPEDIA,P1,393,18,3,51,NP_CROSS,CROSS_MORPHEME, 것을,것을,1,2.9102401733398438,3,,,,129337,18585,129337,18585,True,True,False,False,True,130037.0,3.0,-2.082357883453369, 사실,EXACT,OTHER,not_primary_class,False,False,0.0,OK
WIKIPEDIA,P1,393,29,4,84,NP_CROSS,CROSS_MORPHEME,상을,현상을,0,0.642666220664978,2,,,,136854,136854,136854,136854,True,True,True,True,True,55902.0,2.0,-1.074418067932129,상,WITHIN_SPLIT,OTHER,no_valid_adjacent_boundary,False,True,-1.0,OK
WIKIPEDIA,P1,393,35,3,104,NP_CROSS,CROSS_MORPHEME,상을,현상을,0,0.6515711545944214,2,,,,136854,136854,136854,136854,True,True,True,True,True,55902.0,2.0,-1.1283447742462158,상,WITHIN_SPLIT,OTHER,no_valid_adjacent_boundary,False,True,-1.0,OK
WIKIPEDIA,P1,393,39,4,121,NP_CROSS,CROSS_MORPHEME,상을,현상을,0,0.15240029990673065,2,,,,136854,136854,136854,136854,True,True,True,True,True,55902.0,2.0,-3.378596544265747,상,WITHIN_SPLIT,OTHER,no_valid_adjacent_boundary,False,True,-1.0,OK
WIKIPEDIA,P1,394,26,2,69,NP_CROSS,CROSS_MORPHEME,사를,복사를,0,0.6512994766235352,3,,,,134445,134445,134445,134445,True,True,True,True,True,55054.0,2.0,-1.3327654600143433,사,WITHIN_SPLIT,OTHER,no_valid_adjacent_boundary,False,True,-1.0,OK
WIKIPEDIA,P1,394,31,4,91,NP_CROSS,CROSS_MORPHEME,사를,복사를,0,0.5068036913871765,3,,,,134445,134445,134445,134445,True,True,True,True,True,55054.0,2.0,-1.7313095331192017,사,WITHIN_SPLIT,OTHER,no_valid_adjacent_boundary,False,True,-1.0,OK
WIKIPEDIA,P1,395,0,3,2,NP_CROSS,CROSS_MORPHEME,자의,성자의,1,1.575661301612854,2,,,,131958,25715,131958,25715,True,True,False,False,True,25715.0,2.0,-1.4559822082519531,자,WITHIN_SPLIT,OTHER,no_valid_adjacent_boundary,True,False,1.0,OK
WIKIPEDIA,P1,396,17,1,41,NP_CROSS,CROSS_MORPHEME, 것을,것을,0,1.9530959129333496,1,,,,129337,129337,129337,129337,True,True,True,True,True,130037.0,2.0,-2.1586456298828125, 사실,EXACT,OTHER,not_primary_class,False,True,-1.0,OK
WIKIPEDIA,P1,396,24,4,62,NP_CROSS,CROSS_MORPHEME, 것을,것을,0,1.6544852256774902,1,,,,129337,129337,129337,129337,True,True,True,True,True,126785.0,2.0,-1.9821324348449707, 법,EXACT,OTHER,not_primary_class,False,True,-1.0,OK
WIKIPEDIA,P1,397,11,4,38,NP_CROSS,CROSS_MORPHEME,기를,크기를,0,0.6007990837097168,2,,,,131777,131777,131777,131777,True,True,True,True,True,20487.0,2.0,-2.1788899898529053,기,WITHIN_SPLIT,OTHER,no_valid_adjacent_boundary,False,True,-1.0,OK
WIKIPEDIA,P1,397,23,4,85,NP_CROSS,CROSS_MORPHEME,기를,크기를,0,0.21774476766586304,2,,,,131777,131777,131777,131777,True,True,True,True,True,20487.0,2.0,-3.311872959136963,기,WITHIN_SPLIT,OTHER,no_valid_adjacent_boundary,False,True,-1.0,OK
WIKIPEDIA,P1,401,4,1,10,NP_CROSS,CROSS_MORPHEME,기는,크기는,0,1.0520596504211426,2,,,,135854,135854,135854,135854,True,True,True,True,True,20487.0,4.0,-2.8259360790252686,기,WITHIN_SPLIT,OTHER,no_valid_adjacent_boundary,False,True,-1.0,OK
WIKIPEDIA,P1,401,14,1,40,NP_CROSS,CROSS_MORPHEME,기는,크기는,0,1.059232473373413,2,,,,135854,135854,135854,135854,True,True,True,True,True,20487.0,2.0,-2.456446886062622,기,WITHIN_SPLIT,OTHER,no_valid_adjacent_boundary,False,True,-1.0,OK
WIKIPEDIA,P1,401,21,4,70,NP_CROSS,CROSS_MORPHEME,기는,크기는,0,0.1889605075120926,2,,,,135854,135854,135854,135854,True,True,True,True,True,20487.0,2.0,-4.437906265258789,기,WITHIN_SPLIT,OTHER,no_valid_adjacent_boundary,False,True,-1.0,OK
WIKIPEDIA,P1,401,29,2,100,NP_CROSS,CROSS_MORPHEME,기는,크기는,0,0.02735118195414543,2,,,,135854,135854,135854,135854,True,True,True,True,True,20487.0,3.0,-7.034536361694336,기,WITHIN_SPLIT,OTHER,no_valid_adjacent_boundary,False,True,-1.0,OK
WIKIPEDIA,P1,413,12,1,27,NP_CROSS,CROSS_MORPHEME, 것을,것을,1,4.664361000061035,2,,,,129337,140200,129337,140200,True,True,False,False,True,130037.0,2.0,-3.0222604274749756, 사실,EXACT,OTHER,not_primary_class,False,False,0.0,OK
WIKIPEDIA,P1,423,3,1,7,NP_CROSS,CROSS_MORPHEME, 때문에,"때문에,",0,0.2866387963294983,2,,,,129147,129147,129147,129147,True,True,True,True,True,137141.0,2.0,-3.367469072341919, 때문이다,CROSS_MORPHEME,MULTI_BOUNDARY,crossed_boundary,False,True,-1.0,OK
WIKIPEDIA,P1,423,4,1,11,NP_CROSS,CROSS_MORPHEME,성을,특성을,0,1.1313073635101318,2,,,,132818,132818,132818,132818,True,True,True,True,True,32831.0,2.0,-1.090355634689331,성,WITHIN_SPLIT,OTHER,no_valid_adjacent_boundary,False,True,-1.0,OK
WIKIPEDIA,P1,423,7,1,23,NP_CROSS,CROSS_MORPHEME, 것이,것이,1,2.738159418106079,2,,,,128584,128900,128584,128900,True,True,False,False,True,130864.0,2.0,-1.5668809413909912, 방법,EXACT,OTHER,not_primary_class,False,False,0.0,OK
WIKIPEDIA,P1,423,14,3,36,NP_CROSS,CROSS_MORPHEME,성을,특성을,1,1.3056156635284424,3,,,,132818,32831,132818,32831,True,True,False,False,True,32831.0,2.0,-1.0155529975891113,성,WITHIN_SPLIT,OTHER,no_valid_adjacent_boundary,True,False,1.0,OK
WIKIPEDIA,P1,423,17,1,42,NP_CROSS,CROSS_MORPHEME,성을,특성을,1,1.1497602462768555,3,,,,132818,32831,132818,32831,True,True,False,False,True,32831.0,2.0,-0.8644022941589355,성,WITHIN_SPLIT,OTHER,no_valid_adjacent_boundary,True,False,1.0,OK
WIKIPEDIA,P1,423,29,4,81,NP_CROSS,CROSS_MORPHEME,성을,특성을,1,0.7903400659561157,3,,,,132818,32831,132818,32831,True,True,False,False,True,32831.0,2.0,-0.7781724333763123,성,WITHIN_SPLIT,OTHER,no_valid_adjacent_boundary,True,False,1.0,OK
WIKIPEDIA,P1,423,31,3,88,NP_CROSS,CROSS_MORPHEME, 등을,등을,0,0.3801647126674652,1,,,,134454,134454,134454,134454,True,True,True,True,True,11.0,3.0,-4.26505184173584,",",EXACT,OTHER,not_primary_class,False,True,-1.0,OK
WIKIPEDIA,P1,429,15,4,39,NP_CROSS,CROSS_MORPHEME,자의,입자의,0,0.7738645672798157,2,,,,131958,131958,131958,131958,True,True,True,True,True,25715.0,2.0,-1.8982930183410645,자,WITHIN_SPLIT,OTHER,no_valid_adjacent_boundary,False,True,-1.0,OK
WIKIPEDIA,P1,429,19,4,52,NP_CROSS,CROSS_MORPHEME,자의,입자의,0,0.9097108244895935,2,,,,131958,131958,131958,131958,True,True,True,True,True,25715.0,2.0,-1.4287306070327759,자,WITHIN_SPLIT,OTHER,no_valid_adjacent_boundary,False,True,-1.0,OK
WIKIPEDIA,P1,429,25,2,63,NP_CROSS,CROSS_MORPHEME,성을,특성을,1,0.9802186489105225,3,,,,132818,32831,132818,32831,True,True,False,False,True,32831.0,2.0,-0.8193835616111755,성,WITHIN_SPLIT,OTHER,no_valid_adjacent_boundary,True,False,1.0,OK
WIKIPEDIA,P1,429,32,1,83,NP_CROSS,CROSS_MORPHEME,자의,입자의,0,0.8070223331451416,2,,,,131958,131958,131958,131958,True,True,True,True,True,25715.0,3.0,-2.4168894290924072,자,WITHIN_SPLIT,OTHER,no_valid_adjacent_boundary,False,True,-1.0,OK
WIKIPEDIA,P1,429,37,3,102,NP_CROSS,CROSS_MORPHEME,자는,전자는,0,0.2066827118396759,2,,,,132343,132343,132343,132343,True,True,True,True,True,25715.0,4.0,-5.15064001083374,자,WITHIN_SPLIT,OTHER,no_valid_adjacent_boundary,False,True,-1.0,OK
WIKIPEDIA,P1,429,41,2,117,NP_CROSS,CROSS_MORPHEME,자는,광자는,0,0.03763016313314438,4,,,,132343,132343,132343,132343,True,True,True,True,True,131958.0,2.0,-5.318199634552002,자의,WITHIN_SPLIT,OTHER,within_split_not_single_local_morpheme,False,True,-1.0,OK
WIKIPEDIA,P1,430,23,2,66,NP_CROSS,CROSS_MORPHEME, 값을,값을,0,0.18256819248199463,1,,,,93668,93668,93668,93668,True,True,True,True,True,45563.0,2.0,-3.2139828205108643, 값,EXACT,OTHER,not_primary_class,False,True,-1.0,OK
WIKIPEDIA,P1,430,27,3,81,NP_CROSS,CROSS_MORPHEME, 값을,값을,0,1.6325652599334717,1,,,,93668,93668,93668,93668,True,True,True,True,True,45563.0,2.0,-1.368391513824463, 값,EXACT,OTHER,not_primary_class,False,True,-1.0,OK
WIKIPEDIA,P1,430,30,2,92,NP_CROSS,CROSS_MORPHEME, 값을,값을,0,1.165329933166504,1,,,,93668,93668,93668,93668,True,True,True,True,True,45563.0,2.0,-1.4767452478408813, 값,EXACT,OTHER,not_primary_class,False,True,-1.0,OK
WIKIPEDIA,P1,430,33,1,103,NP_CROSS,CROSS_MORPHEME, 값을,값을,1,1.4496886730194092,2,,,,93668,45563,93668,45563,True,True,False,False,True,45563.0,2.0,-1.2576137781143188, 값,EXACT,OTHER,not_primary_class,True,False,1.0,OK
WIKIPEDIA,P1,438,12,1,32,NP_CROSS,CROSS_MORPHEME, 것으로,것으로,0,2.8164687156677246,1,,,,132091,132091,132091,132091,True,True,True,True,True,128900.0,2.0,-1.533552885055542, 것이다,CROSS_MORPHEME,MULTI_BOUNDARY,crossed_boundary,False,True,-1.0,OK
WIKIPEDIA,P1,438,21,4,67,NP_CROSS,CROSS_MORPHEME, 것으로,것으로,0,0.42239129543304443,1,,,,132091,132091,132091,132091,True,True,True,True,True,71108.0,2.0,-4.197267532348633, 것,EXACT,OTHER,not_primary_class,False,True,-1.0,OK
WIKIPEDIA,P1,438,30,3,102,NP_CROSS,CROSS_MORPHEME, 것으로,것으로,0,0.051170267164707184,1,,,,132091,132091,132091,132091,True,True,True,True,True,128900.0,2.0,-6.006069660186768, 것이다,CROSS_MORPHEME,MULTI_BOUNDARY,crossed_boundary,False,True,-1.0,OK
WIKIPEDIA,P1,447,33,3,83,NP_CROSS,CROSS_MORPHEME, 것은,것은,1,3.0698232650756836,3,,,,129274,129296,129274,129296,True,True,False,False,True,129296.0,2.0,-1.494962215423584, 선,EXACT,OTHER,not_primary_class,True,False,1.0,OK
WIKIPEDIA,P1,457,8,1,13,NP_CROSS,CROSS_MORPHEME, 것을,것을,1,4.212735176086426,3,,,,129337,37195,129337,37195,True,True,False,False,True,54116.0,4.0,-3.1437416076660156, 기,EXACT,OTHER,not_primary_class,False,False,0.0,OK
WIKIPEDIA,P1,465,17,4,46,NP_CROSS,CROSS_MORPHEME,자가,왕자가,0,1.7105727195739746,3,,,,130427,130427,130427,130427,True,True,True,True,True,25715.0,3.0,-2.310107946395874,자,WITHIN_SPLIT,OTHER,no_valid_adjacent_boundary,False,True,-1.0,OK
WIKIPEDIA,P1,465,28,3,84,NP_CROSS,CROSS_MORPHEME,자가,왕자가,0,0.26835206151008606,3,,,,130427,130427,130427,130427,True,True,True,True,True,25715.0,4.0,-4.961859703063965,자,WITHIN_SPLIT,OTHER,no_valid_adjacent_boundary,False,True,-1.0,OK
WIKIPEDIA,P1,465,38,2,122,NP_CROSS,CROSS_MORPHEME,자가,왕자가,0,0.06532277166843414,3,,,,130427,130427,130427,130427,True,True,True,True,True,25715.0,4.0,-6.962671756744385,자,WITHIN_SPLIT,OTHER,no_valid_adjacent_boundary,False,True,-1.0,OK
WIKIPEDIA,P1,513,11,1,19,NP_CROSS,CROSS_MORPHEME, 것을,것을,0,4.588335990905762,1,,,,129337,129337,129337,129337,True,True,True,True,True,83556.0,4.0,-3.5100159645080566, 일,EXACT,OTHER,not_primary_class,False,True,-1.0,OK
WIKIPEDIA,P1,516,20,4,52,NP_CROSS,CROSS_MORPHEME,자가,유권자가,0,0.1108468547463417,3,,,,130427,130427,130427,130427,True,True,True,True,True,25715.0,2.0,-4.098593711853027,자,WITHIN_SPLIT,OTHER,no_valid_adjacent_boundary,False,True,-1.0,OK
WIKIPEDIA,P1,516,27,1,77,NP_CROSS,CROSS_MORPHEME,자가,유권자가,0,0.6775152683258057,3,,,,130427,130427,130427,130427,True,True,True,True,True,25715.0,2.0,-1.443199872970581,자,WITHIN_SPLIT,OTHER,no_valid_adjacent_boundary,False,True,-1.0,OK
WIKIPEDIA,P1,516,33,2,102,NP_CROSS,CROSS_MORPHEME,자가,유권자가,0,0.1287531852722168,3,,,,130427,130427,130427,130427,True,True,True,True,True,25715.0,2.0,-4.023371696472168,자,WITHIN_SPLIT,OTHER,no_valid_adjacent_boundary,False,True,-1.0,OK
WIKIPEDIA,P1,516,39,3,127,NP_CROSS,CROSS_MORPHEME,자가,유권자가,0,0.029186582192778587,3,,,,130427,130427,130427,130427,True,True,True,True,True,25715.0,2.0,-6.050666332244873,자,WITHIN_SPLIT,OTHER,no_valid_adjacent_boundary,False,True,-1.0,OK
WIKIPEDIA,P1,531,43,1,119,NP_CROSS,CROSS_MORPHEME,상을,보상을,1,1.5987088680267334,4,,,,136854,55902,136854,55902,True,True,False,False,True,55902.0,2.0,-1.1636443138122559,상,WITHIN_SPLIT,OTHER,no_valid_adjacent_boundary,True,False,1.0,OK
WIKIPEDIA,P1,547,2,2,5,NP_CROSS,CROSS_MORPHEME, 것이,것이,0,3.615722894668579,1,,,,128584,128584,128584,128584,True,True,True,True,True,128900.0,2.0,-2.123573064804077, 것이다,CROSS_MORPHEME,MULTI_BOUNDARY,crossed_boundary,False,True,-1.0,OK
WIKIPEDIA,P1,547,22,1,60,NP_CROSS,CROSS_MORPHEME, 것이,것이,0,1.179058313369751,1,,,,128584,128584,128584,128584,True,True,True,True,True,71108.0,7.0,-4.689295768737793, 것,EXACT,OTHER,not_primary_class,False,True,-1.0,OK
WIKIPEDIA,P1,578,4,1,5,NP_CROSS,CROSS_MORPHEME, 것을,것을,0,5.009272575378418,1,,,,129337,129337,129337,129337,True,True,True,True,True,77002.0,2.0,-2.9676077365875244, 등,EXACT,OTHER,not_primary_class,False,True,-1.0,OK
WIKIPEDIA,P1,583,14,3,32,NP_CROSS,CROSS_MORPHEME,음을,죽음을,1,0.7710176706314087,5,,,,138349,48431,138349,48431,True,True,False,False,True,48431.0,2.0,-0.7840647101402283,음,WITHIN_SPLIT,OTHER,no_valid_adjacent_boundary,True,False,1.0,OK
WIKIPEDIA,P1,635,20,2,46,NP_CROSS,CROSS_MORPHEME,기가,비행기가,0,0.7568776607513428,3,,,,136125,136125,136125,136125,True,True,True,True,True,20487.0,2.0,-1.9274035692214966,기,WITHIN_SPLIT,OTHER,no_valid_adjacent_boundary,False,True,-1.0,OK
WIKIPEDIA,P1,721,5,4,19,NP_CROSS,CROSS_MORPHEME, 것은,것은,1,2.192474365234375,2,,,,129274,71108,129274,71108,True,True,False,False,True,71108.0,2.0,-1.7606961727142334, 것,EXACT,OTHER,not_primary_class,True,False,1.0,OK
WIKIPEDIA,P1,721,10,4,32,NP_CROSS,CROSS_MORPHEME, 것은,것은,1,2.968412399291992,2,,,,129274,71108,129274,71108,True,True,False,False,True,71108.0,2.0,-1.4382495880126953, 것,EXACT,OTHER,not_primary_class,True,False,1.0,OK
WIKIPEDIA,P1,725,0,2,1,NP_CROSS,CROSS_MORPHEME, 것을,것을,1,3.797057867050171,3,,,,129337,128753,129337,128753,True,True,False,False,True,71108.0,4.0,-3.2349443435668945, 것,EXACT,OTHER,not_primary_class,False,False,0.0,OK
WIKIPEDIA,P1,744,1,2,3,NP_CROSS,CROSS_MORPHEME,기가,항공기가,0,1.5259678363800049,3,,,,136125,136125,136125,136125,True,True,True,True,True,20487.0,3.0,-2.722689151763916,기,WITHIN_SPLIT,OTHER,no_valid_adjacent_boundary,False,True,-1.0,OK
WIKIPEDIA,P1,744,28,3,81,NP_CROSS,CROSS_MORPHEME,기가,항공기가,0,0.5864734053611755,3,,,,136125,136125,136125,136125,True,True,True,True,True,20487.0,2.0,-2.6725046634674072,기,WITHIN_SPLIT,OTHER,no_valid_adjacent_boundary,False,True,-1.0,OK
WIKIPEDIA,P1,748,0,1,0,NP_CROSS,CROSS_MORPHEME,기에,기에의,0,3.497584819793701,2,,,,132264,132264,132264,132264,True,True,True,True,True,28002.0,2.0,-2.109900712966919,리,EXACT,OTHER,not_primary_class,False,True,-1.0,OK
WIKIPEDIA,P1,754,16,4,46,NP_CROSS,CROSS_MORPHEME,기를,위기를,1,1.2224724292755127,2,,,,131777,136125,131777,136125,True,True,False,False,True,20487.0,2.0,-0.9755245447158813,기,WITHIN_SPLIT,OTHER,no_valid_adjacent_boundary,False,False,0.0,OK
WIKIPEDIA,P1,754,33,4,102,NP_CROSS,CROSS_MORPHEME,기가,위기가,0,0.21253859996795654,2,,,,136125,136125,136125,136125,True,True,True,True,True,20487.0,4.0,-4.66373872756958,기,WITHIN_SPLIT,OTHER,no_valid_adjacent_boundary,False,True,-1.0,OK
WIKIPEDIA,P1,784,34,4,115,NP_CROSS,CROSS_MORPHEME,회의,국회의,0,0.013013159856200218,3,,,,134379,134379,134379,134379,True,True,True,True,True,20401.0,3.0,-8.798148155212402,의,EXACT,OTHER,not_primary_class,False,True,-1.0,OK
WIKIPEDIA,P1,815,11,4,28,NP_CROSS,CROSS_MORPHEME,상을,물리학상을,0,0.7596428394317627,4,,,,136854,136854,136854,136854,True,True,True,True,True,55902.0,2.0,-0.9372128844261169,상,WITHIN_SPLIT,OTHER,no_valid_adjacent_boundary,False,True,-1.0,OK
WIKIPEDIA,P1,816,22,1,78,NP_CROSS,CROSS_MORPHEME, 사람이,사람이,0,0.4488905072212219,1,,,,133166,133166,133166,133166,True,True,True,True,True,135990.0,2.0,-3.0619146823883057, 사람들이,CROSS_MORPHEME,MULTI_BOUNDARY,crossed_boundary,False,True,-1.0,OK
WIKIPEDIA,P1,816,34,3,126,NP_CROSS,CROSS_MORPHEME, 사람이,사람이,0,0.3067910075187683,1,,,,133166,133166,133166,133166,True,True,True,True,True,135990.0,2.0,-2.9601731300354004, 사람들이,CROSS_MORPHEME,MULTI_BOUNDARY,crossed_boundary,False,True,-1.0,OK
WIKIPEDIA,P1,820,25,1,78,NP_CROSS,CROSS_MORPHEME,력을,영향력을,0,0.7224314212799072,3,,,,135818,135818,135818,135818,True,True,True,True,True,28754.0,2.0,-0.9544909000396729,력,WITHIN_SPLIT,OTHER,no_valid_adjacent_boundary,False,True,-1.0,OK
WIKIPEDIA,P1,822,19,2,30,NP_CROSS,CROSS_MORPHEME,력을,능력을,1,0.7218501567840576,4,,,,135818,28754,135818,28754,True,True,False,False,True,28754.0,2.0,-0.719924807548523,력,WITHIN_SPLIT,OTHER,no_valid_adjacent_boundary,True,False,1.0,OK
WIKIPEDIA,P1,827,39,4,110,NP_CROSS,CROSS_MORPHEME,자는,관리자는,0,0.013408653438091278,3,,,,132343,132343,132343,132343,True,True,True,True,True,25715.0,5.0,-9.829813957214355,자,WITHIN_SPLIT,OTHER,no_valid_adjacent_boundary,False,True,-1.0,OK
WIKIPEDIA,P1,831,9,2,33,NP_CROSS,CROSS_MORPHEME,리를,고리를,0,0.175907701253891,2,,,,133886,133886,133886,133886,True,True,True,True,True,28002.0,2.0,-3.4127719402313232,리,WITHIN_SPLIT,OTHER,no_valid_adjacent_boundary,False,True,-1.0,OK
WIKIPEDIA,P1,833,27,4,63,NP_CROSS,CROSS_MORPHEME,리는,다리는,1,0.6272672414779663,3,,,,132920,28002,132920,28002,True,True,False,False,True,28002.0,2.0,-1.3096710443496704,리,WITHIN_SPLIT,OTHER,no_valid_adjacent_boundary,True,False,1.0,OK
WIKIPEDIA,P1,849,15,1,45,NP_CROSS,CROSS_MORPHEME,이는,길이는,1,0.6199437379837036,3,,,,132044,12802,132044,12802,True,True,False,False,True,12802.0,2.0,-1.1911181211471558,이,WITHIN_SPLIT,OTHER,no_valid_adjacent_boundary,True,False,1.0,OK
WIKIPEDIA,P1,852,12,4,37,NP_CROSS,CROSS_MORPHEME, 것으로,것으로,0,2.8577685356140137,1,,,,132091,132091,132091,132091,True,True,True,True,True,71108.0,3.0,-2.599717140197754, 것,EXACT,OTHER,not_primary_class,False,True,-1.0,OK
WIKIPEDIA,P1,852,24,1,80,NP_CROSS,CROSS_MORPHEME, 것으로,것으로,0,1.1525318622589111,1,,,,132091,132091,132091,132091,True,True,True,True,True,128900.0,3.0,-3.846142530441284, 것이다,CROSS_MORPHEME,MULTI_BOUNDARY,crossed_boundary,False,True,-1.0,OK
WIKIPEDIA,P1,852,34,4,123,NP_CROSS,CROSS_MORPHEME, 것으로,것으로,0,0.07860850542783737,1,,,,132091,132091,132091,132091,True,True,True,True,True,128900.0,2.0,-6.133289813995361, 것이다,CROSS_MORPHEME,MULTI_BOUNDARY,crossed_boundary,False,True,-1.0,OK
WIKIPEDIA,P1,854,34,1,97,NP_CROSS,CROSS_MORPHEME, 등을,등을,0,0.017892323434352875,1,,,,134454,134454,134454,134454,True,True,True,True,True,77002.0,3.0,-7.673880577087402, 등,EXACT,OTHER,not_primary_class,False,True,-1.0,OK
WIKIPEDIA,P1,856,14,1,31,NP_CROSS,CROSS_MORPHEME, 것은,것은,0,1.5490055084228516,1,,,,129274,129274,129274,129274,True,True,True,True,True,71108.0,3.0,-3.3022546768188477, 것,EXACT,OTHER,not_primary_class,False,True,-1.0,OK
WIKIPEDIA,P1,856,20,2,50,NP_CROSS,CROSS_MORPHEME, 것은,것은,0,0.6975747346878052,1,,,,129274,129274,129274,129274,True,True,True,True,True,71108.0,2.0,-3.6344804763793945, 것,EXACT,OTHER,not_primary_class,False,True,-1.0,OK
WIKIPEDIA,P1,856,22,3,59,NP_CROSS,CROSS_MORPHEME, 것을,것을,0,0.3349885940551758,1,,,,129337,129337,129337,129337,True,True,True,True,True,71108.0,2.0,-3.866431713104248, 것,EXACT,OTHER,not_primary_class,False,True,-1.0,OK
WIKIPEDIA,P1,856,25,1,69,NP_CROSS,CROSS_MORPHEME, 것은,것은,0,0.14479447901248932,1,,,,129274,129274,129274,129274,True,True,True,True,True,71108.0,3.0,-4.974889278411865, 것,EXACT,OTHER,not_primary_class,False,True,-1.0,OK
WIKIPEDIA,P1,856,27,2,78,NP_CROSS,CROSS_MORPHEME, 것을,것을,0,0.018949326127767563,1,,,,129337,129337,129337,129337,True,True,True,True,True,71108.0,2.0,-6.564667224884033, 것,EXACT,OTHER,not_primary_class,False,True,-1.0,OK
WIKIPEDIA,P1,856,29,4,88,NP_CROSS,CROSS_MORPHEME, 것은,것은,0,0.07297955453395844,1,,,,129274,129274,129274,129274,True,True,True,True,True,71108.0,3.0,-5.745119571685791, 것,EXACT,OTHER,not_primary_class,False,True,-1.0,OK
WIKIPEDIA,P1,856,32,1,97,NP_CROSS,CROSS_MORPHEME, 것을,것을,0,0.006218490190804005,1,,,,129337,129337,129337,129337,True,True,True,True,True,71108.0,2.0,-7.92251443862915, 것,EXACT,OTHER,not_primary_class,False,True,-1.0,OK
WIKIPEDIA,P1,856,34,3,107,NP_CROSS,CROSS_MORPHEME, 것은,것은,0,0.061195410788059235,1,,,,129274,129274,129274,129274,True,True,True,True,True,71108.0,3.0,-6.040085792541504, 것,EXACT,OTHER,not_primary_class,False,True,-1.0,OK
WIKIPEDIA,P1,856,36,4,116,NP_CROSS,CROSS_MORPHEME, 것을,것을,0,0.0045009152963757515,1,,,,129337,129337,129337,129337,True,True,True,True,True,71108.0,2.0,-8.484827041625977, 것,EXACT,OTHER,not_primary_class,False,True,-1.0,OK
WIKIPEDIA,P1,856,39,2,126,NP_CROSS,CROSS_MORPHEME, 것은,것은,0,0.04093471169471741,1,,,,129274,129274,129274,129274,True,True,True,True,True,71108.0,3.0,-6.427493095397949, 것,EXACT,OTHER,not_primary_class,False,True,-1.0,OK
WIKIPEDIA,P1,865,18,1,44,NP_CROSS,CROSS_MORPHEME,성을,특성을,0,1.5188305377960205,2,,,,132818,132818,132818,132818,True,True,True,True,True,32831.0,2.0,-1.2294871807098389,성,WITHIN_SPLIT,OTHER,no_valid_adjacent_boundary,False,True,-1.0,OK
WIKIPEDIA,P1,872,9,2,21,NP_CROSS,CROSS_MORPHEME, 때문에,때문에,0,0.14258086681365967,1,,,,129147,129147,129147,129147,True,True,True,True,True,137141.0,2.0,-4.302865982055664, 때문이다,CROSS_MORPHEME,MULTI_BOUNDARY,crossed_boundary,False,True,-1.0,OK
WIKIPEDIA,P1,881,17,1,45,NP_CROSS,CROSS_MORPHEME,적으로,목적으로,0,0.7564305663108826,2,,,,128552,128552,128552,128552,True,True,True,True,True,126414.0,2.0,-0.9953795671463013,표,WITHIN_SPLIT,OTHER,no_valid_adjacent_boundary,False,True,-1.0,OK
WIKIPEDIA,P1,881,21,2,62,NP_CROSS,CROSS_MORPHEME,적으로,목적으로,0,0.03354470431804657,2,,,,128552,128552,128552,128552,True,True,True,True,True,126414.0,2.0,-6.097723007202148,표,WITHIN_SPLIT,OTHER,no_valid_adjacent_boundary,False,True,-1.0,OK
WIKIPEDIA,P1,881,25,3,79,NP_CROSS,CROSS_MORPHEME,적으로,목적으로,0,0.0036768056452274323,2,,,,128552,128552,128552,128552,True,True,True,True,True,42039.0,2.0,-8.594096183776855,으로,EXACT,OTHER,not_primary_class,False,True,-1.0,OK
WIKIPEDIA,P1,881,29,4,96,NP_CROSS,CROSS_MORPHEME,적으로,목적으로,0,0.002864760346710682,2,,,,128552,128552,128552,128552,True,True,True,True,True,42039.0,2.0,-8.906521797180176,으로,EXACT,OTHER,not_primary_class,False,True,-1.0,OK
WIKIPEDIA,P1,881,34,1,113,NP_CROSS,CROSS_MORPHEME,적으로,목적으로,0,0.0025508790276944637,2,,,,128552,128552,128552,128552,True,True,True,True,True,42039.0,2.0,-8.922113418579102,으로,EXACT,OTHER,not_primary_class,False,True,-1.0,OK
WIKIPEDIA,P1,888,19,2,50,NP_CROSS,CROSS_MORPHEME,상을,양상을,0,0.8752589225769043,3,,,,136854,136854,136854,136854,True,True,True,True,True,55902.0,2.0,-2.1181094646453857,상,WITHIN_SPLIT,OTHER,no_valid_adjacent_boundary,False,True,-1.0,OK
WIKIPEDIA,P1,890,21,1,77,NP_CROSS,CROSS_MORPHEME, 사람이,사람이,0,0.27755510807037354,1,,,,133166,133166,133166,133166,True,True,True,True,True,135990.0,2.0,-3.7183125019073486, 사람들이,CROSS_MORPHEME,MULTI_BOUNDARY,crossed_boundary,False,True,-1.0,OK
WIKIPEDIA,P1,892,9,3,25,NP_CROSS,CROSS_MORPHEME, 때문에,"때문에,",0,0.3173503279685974,1,,,,129147,129147,129147,129147,True,True,True,True,True,137141.0,2.0,-3.293386697769165, 때문이다,CROSS_MORPHEME,MULTI_BOUNDARY,crossed_boundary,False,True,-1.0,OK
WIKIPEDIA,P1,892,15,1,40,NP_CROSS,CROSS_MORPHEME, 것이,것이,0,3.5692780017852783,1,,,,128584,128584,128584,74808,True,False,True,False,False,,,,,,,,,,,MODEL_REPLAY_MISMATCH
WIKIPEDIA,P1,892,23,1,70,NP_CROSS,CROSS_MORPHEME, 것이,것이,0,2.7650680541992188,1,,,,128584,128584,128584,128584,True,True,True,True,True,74808.0,3.0,-3.0151658058166504, 방,EXACT,OTHER,not_primary_class,False,True,-1.0,OK
WIKIPEDIA,P1,892,30,3,100,NP_CROSS,CROSS_MORPHEME, 것이,것이,0,0.16875635087490082,1,,,,128584,128584,128584,128584,True,True,True,True,True,71108.0,3.0,-5.60014009475708, 것,EXACT,OTHER,not_primary_class,False,True,-1.0,OK
WIKIPEDIA,P1,895,4,1,10,NP_CROSS,CROSS_MORPHEME,지를,기지를,1,2.2384259700775146,3,,,,133120,21329,133120,21329,True,True,False,False,True,21329.0,2.0,-1.5078035593032837,지,WITHIN_SPLIT,OTHER,no_valid_adjacent_boundary,True,False,1.0,OK
WIKIPEDIA,P1,897,4,1,6,NP_CROSS,CROSS_MORPHEME, 일을,일을,0,4.079893112182617,1,,,,138507,138507,138507,138507,True,True,True,True,True,137351.0,3.0,-3.2463245391845703, 직,EXACT,OTHER,not_primary_class,False,True,-1.0,OK
WIKIPEDIA,P1,898,0,2,1,NP_CROSS,CROSS_MORPHEME, 자신의,자신의,1,4.509092330932617,3,,,,134748,46319,134748,46319,True,True,False,False,True,20401.0,2.0,-2.4147725105285645,의,EXACT,OTHER,not_primary_class,False,False,0.0,OK
WIKIPEDIA,P1,898,6,1,13,NP_CROSS,CROSS_MORPHEME, 자신의,자신의,0,4.741382598876953,1,,,,134748,134748,134748,134748,True,True,True,True,True,126785.0,2.0,-2.112733840942383, 법,EXACT,OTHER,not_primary_class,False,True,-1.0,OK
WIKIPEDIA,P1,898,18,2,37,NP_CROSS,CROSS_MORPHEME,장을,입장을,0,0.06992807984352112,2,,,,137471,137471,137471,137471,True,True,True,True,True,126270.0,2.0,-5.7746782302856445,법,WITHIN_SPLIT,OTHER,no_valid_adjacent_boundary,False,True,-1.0,OK
WIKIPEDIA,P1,898,21,2,48,NP_CROSS,CROSS_MORPHEME, 자신의,자신의,0,4.164004802703857,1,,,,134748,134748,134748,134748,True,True,True,True,True,126785.0,2.0,-2.2474303245544434, 법,EXACT,OTHER,not_primary_class,False,True,-1.0,OK
WIKIPEDIA,P1,898,24,2,59,NP_CROSS,CROSS_MORPHEME, 자신의,자신의,0,2.519294023513794,1,,,,134748,134748,134748,134748,True,True,True,True,True,127218.0,2.0,-2.685594320297241, 자신,EXACT,OTHER,not_primary_class,False,True,-1.0,OK
WIKIPEDIA,P1,898,24,4,61,NP_CROSS,CROSS_MORPHEME,장을,입장을,0,0.04761439561843872,2,,,,137471,137471,137471,137471,True,True,True,True,True,17877.0,5.0,-7.161911964416504,을,EXACT,OTHER,not_primary_class,False,True,-1.0,OK
WIKIPEDIA,P1,898,27,3,72,NP_CROSS,CROSS_MORPHEME, 자신의,자신의,0,2.039679765701294,1,,,,134748,134748,134748,134748,True,True,True,True,True,126785.0,2.0,-3.3167450428009033, 법,EXACT,OTHER,not_primary_class,False,True,-1.0,OK
WIKIPEDIA,P1,898,30,2,83,NP_CROSS,CROSS_MORPHEME, 자신의,자신의,0,0.12641987204551697,1,,,,134748,134748,134748,134748,True,True,True,True,True,127218.0,2.0,-5.233067512512207, 자신,EXACT,OTHER,not_primary_class,False,True,-1.0,OK
WIKIPEDIA,P1,898,30,4,85,NP_CROSS,CROSS_MORPHEME,장을,입장을,0,0.024556772783398628,2,,,,137471,137471,137471,137471,True,True,True,True,True,17877.0,7.0,-8.924625396728516,을,EXACT,OTHER,not_primary_class,False,True,-1.0,OK
WIKIPEDIA,P1,898,33,3,96,NP_CROSS,CROSS_MORPHEME, 자신의,자신의,0,1.333465576171875,1,,,,134748,134748,134748,134748,True,True,True,True,True,127218.0,2.0,-3.588501214981079, 자신,EXACT,OTHER,not_primary_class,False,True,-1.0,OK
WIKIPEDIA,P1,898,36,2,107,NP_CROSS,CROSS_MORPHEME, 자신의,자신의,0,0.014962451532483101,1,,,,134748,134748,134748,134748,True,True,True,True,True,127218.0,2.0,-7.470114707946777, 자신,EXACT,OTHER,not_primary_class,False,True,-1.0,OK
WIKIPEDIA,P1,898,36,4,109,NP_CROSS,CROSS_MORPHEME,장을,입장을,0,0.012584727257490158,2,,,,137471,137471,137471,137471,True,True,True,True,True,17877.0,9.0,-10.485668182373047,을,EXACT,OTHER,not_primary_class,False,True,-1.0,OK
WIKIPEDIA,P1,898,39,3,120,NP_CROSS,CROSS_MORPHEME, 자신의,자신의,0,0.23980455100536346,1,,,,134748,134748,134748,134748,True,True,True,True,True,127218.0,2.0,-4.964961051940918, 자신,EXACT,OTHER,not_primary_class,False,True,-1.0,OK
WIKIPEDIA,P1,900,25,2,51,NP_CROSS,CROSS_MORPHEME,자의,유전자의,0,2.1206905841827393,3,,,,131958,131958,131958,131958,True,True,True,True,True,124632.0,2.0,-1.0419671535491943,학,WITHIN_SPLIT,OTHER,no_valid_adjacent_boundary,False,True,-1.0,OK
WIKIPEDIA,P1,901,1,1,2,NP_CROSS,CROSS_MORPHEME, 것으로,"것으로,",0,4.16455078125,1,,,,132091,132091,132091,132091,True,True,True,True,True,124889.0,3.0,-2.8726754188537598, 사람,EXACT,OTHER,not_primary_class,False,True,-1.0,OK
WIKIPEDIA,P1,902,20,1,59,NP_CROSS,CROSS_MORPHEME,리를,원리를,0,0.9192289113998413,2,,,,133886,133886,133886,133886,True,True,True,True,True,28002.0,2.0,-0.7793371081352234,리,WITHIN_SPLIT,OTHER,no_valid_adjacent_boundary,False,True,-1.0,OK
WIKIPEDIA,P1,902,42,1,114,NP_CROSS,CROSS_MORPHEME,리를,원리를,1,1.0604922771453857,3,,,,133886,28002,133886,28002,True,True,False,False,True,28002.0,2.0,-0.923511266708374,리,WITHIN_SPLIT,OTHER,no_valid_adjacent_boundary,True,False,1.0,OK
WIKIPEDIA,P1,905,15,2,48,NP_CROSS,CROSS_MORPHEME, 일이,일이,0,1.6592142581939697,1,,,,136168,136168,136168,136168,True,True,True,True,True,83556.0,2.0,-1.902379035949707, 일,EXACT,OTHER,not_primary_class,False,True,-1.0,OK
WIKIPEDIA,P1,905,19,2,64,NP_CROSS,CROSS_MORPHEME, 것을,것을,0,2.3818421363830566,1,,,,129337,129337,129337,129337,True,True,True,True,True,128900.0,4.0,-2.9048502445220947, 것이다,CROSS_MORPHEME,MULTI_BOUNDARY,crossed_boundary,False,True,-1.0,OK
WIKIPEDIA,P1,905,28,4,102,NP_CROSS,CROSS_MORPHEME, 일이,일이,0,0.030968371778726578,1,,,,136168,136168,136168,136168,True,True,True,True,True,83556.0,2.0,-5.676235675811768, 일,EXACT,OTHER,not_primary_class,False,True,-1.0,OK
WIKIPEDIA,P1,905,32,4,118,NP_CROSS,CROSS_MORPHEME, 것을,것을,0,0.02664586901664734,1,,,,129337,129337,129337,129337,True,True,True,True,True,71108.0,2.0,-6.7686285972595215, 것,EXACT,OTHER,not_primary_class,False,True,-1.0,OK
WIKIPEDIA,P1,922,43,1,105,NP_CROSS,CROSS_MORPHEME,회의,국회의,0,1.141977310180664,2,,,,134379,134379,134379,134379,True,True,True,True,True,125054.0,2.0,-2.369304895401001,무,WITHIN_SPLIT,OTHER,no_valid_adjacent_boundary,False,True,-1.0,OK
WIKIPEDIA,P1,927,12,3,31,NP_CROSS,CROSS_MORPHEME,들은,컵누들은,1,4.062254428863525,4,,,,128901,129125,128901,129125,True,True,False,False,True,64850.0,2.0,-2.4784398078918457,들,WITHIN_SPLIT,OTHER,no_valid_adjacent_boundary,False,False,0.0,OK
WIKIPEDIA,P1,930,1,3,4,NP_CROSS,CROSS_MORPHEME,이는,떡볶이는,0,0.9597158432006836,3,,,,132044,132044,132044,132044,True,True,True,True,True,12802.0,2.0,-1.334986925125122,이,WITHIN_SPLIT,OTHER,no_valid_adjacent_boundary,False,True,-1.0,OK
WIKIPEDIA,P1,930,17,4,45,NP_CROSS,CROSS_MORPHEME,이는,떡볶이는,1,1.036574125289917,6,,,,132044,12802,132044,12802,True,True,False,False,True,12802.0,2.0,-0.8725069165229797,이,WITHIN_SPLIT,OTHER,no_valid_adjacent_boundary,True,False,1.0,OK
WIKIPEDIA,P1,930,23,1,63,NP_CROSS,CROSS_MORPHEME,이는,떡볶이는,0,0.7334095239639282,5,,,,132044,132044,132044,132044,True,True,True,True,True,12802.0,2.0,-1.0030086040496826,이,WITHIN_SPLIT,OTHER,no_valid_adjacent_boundary,False,True,-1.0,OK
WIKIPEDIA,P1,930,28,1,83,NP_CROSS,CROSS_MORPHEME, 등의,등의,0,1.696104884147644,1,,,,136357,136357,136357,136357,True,True,True,True,True,77002.0,3.0,-2.691518783569336, 등,EXACT,OTHER,not_primary_class,False,True,-1.0,OK
WIKIPEDIA,P1,930,33,3,105,NP_CROSS,CROSS_MORPHEME,장을,간장을,0,0.2813263237476349,3,,,,137471,137471,137471,137471,True,True,True,True,True,40853.0,2.0,-2.7580726146698,장,WITHIN_SPLIT,OTHER,no_valid_adjacent_boundary,False,True,-1.0,OK
WIKIPEDIA,P1,930,37,4,119,NP_CROSS,CROSS_MORPHEME,이는,떡볶이는,0,0.6533064842224121,5,,,,132044,132044,132044,132044,True,True,True,True,True,12802.0,2.0,-1.2171804904937744,이,WITHIN_SPLIT,OTHER,no_valid_adjacent_boundary,False,True,-1.0,OK
WIKIPEDIA,P1,948,16,3,44,NP_CROSS,CROSS_MORPHEME,자는,금문자는,0,1.2685763835906982,4,,,,132343,132343,132343,132343,True,True,True,True,True,25715.0,2.0,-1.2289838790893555,자,WITHIN_SPLIT,LEXICAL_TO_LEXICAL,nearest_adjacent_boundary,False,True,-1.0,OK
WIKIPEDIA,P1,950,2,1,8,NP_CROSS,CROSS_MORPHEME, 것은,것은,1,4.205591201782227,1,,,,129274,94315,129274,94315,True,True,False,False,True,136331.0,2.0,-2.4654831886291504, 이후,EXACT,OTHER,not_primary_class,False,False,0.0,OK
WIKIPEDIA,P1,977,37,1,93,NP_CROSS,CROSS_MORPHEME, 등을,등을,0,0.05342267453670502,1,,,,134454,134454,134454,134454,True,True,True,True,True,77002.0,3.0,-6.038136005401611, 등,EXACT,OTHER,not_primary_class,False,True,-1.0,OK
WIKIPEDIA,P1,977,38,1,97,NP_CROSS,CROSS_MORPHEME, 때문에,"때문에,",0,0.3635965585708618,2,,,,129147,129147,129147,129147,True,True,True,True,True,137141.0,2.0,-4.096726417541504, 때문이다,CROSS_MORPHEME,MULTI_BOUNDARY,crossed_boundary,False,True,-1.0,OK
WIKIPEDIA,P1,983,18,4,54,NP_CROSS,CROSS_MORPHEME, 것이,것이,0,1.5566930770874023,1,,,,128584,128584,128584,128584,True,True,True,True,True,128900.0,2.0,-1.9568495750427246, 것이다,CROSS_MORPHEME,MULTI_BOUNDARY,crossed_boundary,False,True,-1.0,OK
WIKIPEDIA,P1,983,29,4,98,NP_CROSS,CROSS_MORPHEME, 것이,것이,0,0.4276343584060669,1,,,,128584,128584,128584,128584,True,True,True,True,True,128900.0,2.0,-3.3098766803741455, 것이다,CROSS_MORPHEME,MULTI_BOUNDARY,crossed_boundary,False,True,-1.0,OK
WIKIPEDIA,P1,985,21,2,59,NP_CROSS,CROSS_MORPHEME,지는,아버지는,0,0.7597572207450867,3,,,,130974,130974,130974,130974,True,True,True,True,True,21329.0,2.0,-0.9974660873413086,지,WITHIN_SPLIT,OTHER,no_valid_adjacent_boundary,False,True,-1.0,OK
WIKIPEDIA,P1,995,36,3,101,NP_CROSS,CROSS_MORPHEME, 것을,것을,0,3.540538787841797,1,,,,129337,129337,129337,129337,True,True,True,True,True,128900.0,2.0,-2.260993003845215, 것이다,CROSS_MORPHEME,MULTI_BOUNDARY,crossed_boundary,False,True,-1.0,OK
WIKIPEDIA,P1,996,12,1,35,NP_CROSS,CROSS_MORPHEME, 것을,것을,1,3.8667426109313965,3,,,,129337,37195,129337,37195,True,True,False,False,True,71108.0,3.0,-2.6235225200653076, 것,EXACT,OTHER,not_primary_class,False,False,0.0,OK
WIKIPEDIA,P1,3,17,3,64,WITHIN_SPLIT_PLACEBO,WITHIN_SPLIT,어,언어를,0,0.0010187258012592793,3,3.0,104.0,True,31079,31079,31079,31079,True,True,True,True,True,40853.0,2.0,-10.796948432922363,장,WITHIN_SPLIT,OTHER,no_valid_adjacent_boundary,False,True,-1.0,OK
WIKIPEDIA,P1,7,10,1,31,WITHIN_SPLIT_PLACEBO,WITHIN_SPLIT,밀,밀도의,0,0.007809818256646395,4,7.0,35.0,True,222,222,222,222,True,True,True,True,True,243.0,2.0,-7.672674655914307,박,EXACT,OTHER,not_primary_class,False,True,-1.0,OK
WIKIPEDIA,P1,12,1,1,1,WITHIN_SPLIT_PLACEBO,WITHIN_SPLIT, 음,음악을,1,4.665722370147705,2,12.0,12.0,True,16751,56419,16751,56419,True,True,False,False,True,48408.0,3.0,-3.1484265327453613, 아,EXACT,OTHER,not_primary_class,False,False,0.0,OK
WIKIPEDIA,P1,18,32,2,96,WITHIN_SPLIT_PLACEBO,WITHIN_SPLIT,위,가위는,0,0.13981826603412628,3,18.0,90.0,True,80901,80901,80901,80901,True,True,True,True,True,12802.0,2.0,-5.795924186706543,이,WITHIN_SPLIT,OTHER,no_valid_adjacent_boundary,False,True,-1.0,OK
WIKIPEDIA,P1,18,39,1,123,WITHIN_SPLIT_PLACEBO,WITHIN_SPLIT,체,물체를,0,0.00518046785145998,3,18.0,127.0,True,49543,49543,49543,49543,True,True,True,True,True,17877.0,2.0,-9.203551292419434,을,EXACT,OTHER,not_primary_class,False,True,-1.0,OK
WIKIPEDIA,P1,20,11,2,34,WITHIN_SPLIT_PLACEBO,WITHIN_SPLIT, 현,현상을,0,0.09380565583705902,2,20.0,15.0,True,141526,141526,141526,141526,True,True,True,True,True,138629.0,2.0,-7.64950704574585, 사건,EXACT,OTHER,not_primary_class,False,True,-1.0,OK
WIKIPEDIA,P1,20,17,3,54,WITHIN_SPLIT_PLACEBO,WITHIN_SPLIT, 현,현상을,0,0.13508281111717224,2,20.0,35.0,True,141526,141526,141526,141526,True,True,True,True,True,126174.0,2.0,-6.2328104972839355, 행,EXACT,OTHER,not_primary_class,False,True,-1.0,OK
WIKIPEDIA,P1,20,23,2,74,WITHIN_SPLIT_PLACEBO,WITHIN_SPLIT, 현,현상을,0,1.1507848501205444,2,20.0,55.0,True,141526,141526,141526,141526,True,True,True,True,True,126174.0,3.0,-5.386216163635254, 행,EXACT,OTHER,not_primary_class,False,True,-1.0,OK
WIKIPEDIA,P1,20,28,2,94,WITHIN_SPLIT_PLACEBO,WITHIN_SPLIT, 현,현상을,0,0.2216607630252838,2,20.0,75.0,True,141526,141526,141526,141526,True,True,True,True,True,138629.0,3.0,-7.0388994216918945, 사건,EXACT,OTHER,not_primary_class,False,True,-1.0,OK
WIKIPEDIA,P1,20,33,2,114,WITHIN_SPLIT_PLACEBO,WITHIN_SPLIT, 현,현상을,0,0.07693669199943542,2,20.0,95.0,True,141526,141526,141526,141526,True,True,True,True,True,138629.0,3.0,-8.178999900817871, 사건,EXACT,OTHER,not_primary_class,False,True,-1.0,OK
WIKIPEDIA,P1,20,18,2,57,WITHIN_SPLIT_PLACEBO,WITHIN_SPLIT,상,대상으로,0,0.005107127595692873,3,20.0,115.0,True,55902,55902,55902,55902,True,True,True,True,True,55054.0,2.0,-8.95358943939209,사,WITHIN_SPLIT,OTHER,no_valid_adjacent_boundary,False,True,-1.0,OK
WIKIPEDIA,P1,23,10,1,24,WITHIN_SPLIT_PLACEBO,WITHIN_SPLIT,표,"대표작으로,",0,0.6961645483970642,5,23.0,10.0,True,126414,126414,126414,126414,True,True,True,True,True,126402.0,2.0,-2.8709893226623535,중,WITHIN_SPLIT,OTHER,no_valid_adjacent_boundary,False,True,-1.0,OK
WIKIPEDIA,P1,23,9,1,21,WITHIN_SPLIT_PLACEBO,WITHIN_SPLIT,학,문학의,0,0.24906936287879944,3,23.0,63.0,True,124632,124632,124632,124632,True,True,True,True,True,56290.0,2.0,-3.763059616088867,화,WITHIN_SPLIT,OTHER,no_valid_adjacent_boundary,False,True,-1.0,OK
WIKIPEDIA,P1,25,5,1,13,WITHIN_SPLIT_PLACEBO,WITHIN_SPLIT,빈,빈도에,0,2.1087303161621094,6,25.0,0.0,True,117,117,117,117,True,True,True,True,True,41902.0,9.0,-4.229171276092529,데,EXACT,OTHER,not_primary_class,False,True,-1.0,OK
WIKIPEDIA,P1,25,19,1,43,WITHIN_SPLIT_PLACEBO,WITHIN_SPLIT,상,현상은,0,0.45871758460998535,3,25.0,37.0,True,55902,55902,55902,55902,True,True,True,True,True,136854.0,2.0,-1.9965325593948364,상을,CROSS_MORPHEME,NOMINAL_TO_PARTICLE,crossed_boundary,False,True,-1.0,OK
WIKIPEDIA,P1,25,43,3,110,WITHIN_SPLIT_PLACEBO,WITHIN_SPLIT, 현,현상을,0,0.556710958480835,2,25.0,111.0,True,141526,141526,141526,141526,True,True,True,True,True,23084.0,2.0,-5.3871588706970215, 이,EXACT,OTHER,not_primary_class,False,True,-1.0,OK
WIKIPEDIA,P1,27,9,2,27,WITHIN_SPLIT_PLACEBO,WITHIN_SPLIT, 성,성질을,0,4.261293411254883,3,27.0,6.0,True,128677,128677,128677,128677,True,True,True,True,True,129093.0,2.0,-2.4305007457733154, 원,EXACT,OTHER,not_primary_class,False,True,-1.0,OK
WIKIPEDIA,P1,36,16,1,45,WITHIN_SPLIT_PLACEBO,WITHIN_SPLIT, 정,정수의,0,3.2037081718444824,2,36.0,19.0,True,36055,36055,36055,36055,True,True,True,True,True,140577.0,3.0,-2.66483736038208, 자연,EXACT,OTHER,not_primary_class,False,True,-1.0,OK
WIKIPEDIA,P1,38,14,1,35,WITHIN_SPLIT_PLACEBO,WITHIN_SPLIT,이,파이의,0,0.21082960069179535,3,38.0,23.0,True,12802,12802,12802,12802,True,True,True,True,True,131131.0,2.0,-4.734323501586914,티,WITHIN_SPLIT,OTHER,no_valid_adjacent_boundary,False,True,-1.0,OK
WIKIPEDIA,P1,45,13,2,36,WITHIN_SPLIT_PLACEBO,WITHIN_SPLIT, 정,정리가,0,0.8930659294128418,2,45.0,1.0,True,36055,36055,36055,36055,True,True,True,True,True,29281.0,2.0,-3.5511486530303955,정,EXACT,OTHER,not_primary_class,False,True,-1.0,OK
WIKIPEDIA,P1,45,13,3,37,WITHIN_SPLIT_PLACEBO,WITHIN_SPLIT,리,정리가,1,1.0213916301727295,2,45.0,18.0,True,28002,133886,28002,133886,True,True,False,False,True,133886.0,2.0,-0.9360844492912292,리를,CROSS_MORPHEME,NOMINAL_TO_PARTICLE,crossed_boundary,True,False,1.0,OK
WIKIPEDIA,P1,45,30,3,90,WITHIN_SPLIT_PLACEBO,WITHIN_SPLIT, 정,정리를,0,0.0758267194032669,2,45.0,64.0,True,36055,36055,36055,36055,True,True,True,True,True,29281.0,2.0,-5.492923259735107,정,EXACT,OTHER,not_primary_class,False,True,-1.0,OK
WIKIPEDIA,P1,45,37,3,117,WITHIN_SPLIT_PLACEBO,WITHIN_SPLIT, 정,정리를,0,0.011758444830775261,2,45.0,91.0,True,36055,36055,36055,36055,True,True,True,True,True,29281.0,2.0,-6.907508850097656,정,EXACT,OTHER,not_primary_class,False,True,-1.0,OK
WIKIPEDIA,P1,45,22,3,60,WITHIN_SPLIT_PLACEBO,WITHIN_SPLIT,반,중반에,0,0.5174800753593445,3,45.0,118.0,True,126641,126641,126641,126641,True,True,True,True,True,144467.0,2.0,-2.674717426300049,엽,WITHIN_SPLIT,OTHER,no_valid_adjacent_boundary,False,True,-1.0,OK
WIKIPEDIA,P1,58,7,1,20,WITHIN_SPLIT_PLACEBO,WITHIN_SPLIT,동,"진동자로,",0,1.0909900665283203,4,58.0,13.0,True,57089,57089,57089,57089,True,True,True,True,True,135257.0,2.0,-1.1215636730194092,폭,WITHIN_SPLIT,OTHER,no_valid_adjacent_boundary,False,True,-1.0,OK
WIKIPEDIA,P1,58,22,2,66,WITHIN_SPLIT_PLACEBO,WITHIN_SPLIT,수,진동수를,0,1.3581995964050293,4,58.0,58.0,True,23259,23259,23259,23259,True,True,True,True,True,135444.0,2.0,-3.0714972019195557,수가,CROSS_MORPHEME,NOMINAL_TO_PARTICLE,crossed_boundary,False,True,-1.0,OK
WIKIPEDIA,P1,58,33,3,111,WITHIN_SPLIT_PLACEBO,WITHIN_SPLIT,수,진동수를,0,0.08326883614063263,4,58.0,103.0,True,23259,23259,23259,23259,True,True,True,True,True,135444.0,2.0,-4.778296947479248,수가,CROSS_MORPHEME,NOMINAL_TO_PARTICLE,crossed_boundary,False,True,-1.0,OK
WIKIPEDIA,P1,67,33,1,98,WITHIN_SPLIT_PLACEBO,WITHIN_SPLIT, 함수,"함수로,",0,2.5389270782470703,3,67.0,17.0,True,58440,58440,58440,58440,True,True,True,True,True,73986.0,2.0,-3.5177083015441895, 비,EXACT,OTHER,not_primary_class,False,True,-1.0,OK
WIKIPEDIA,P1,67,24,1,66,WITHIN_SPLIT_PLACEBO,WITHIN_SPLIT,이,길이를,0,0.21871402859687805,4,67.0,49.0,True,12802,12802,12802,12802,True,True,True,True,True,132044.0,2.0,-4.023487091064453,이는,CROSS_MORPHEME,NOMINAL_TO_PARTICLE,crossed_boundary,False,True,-1.0,OK
WIKIPEDIA,P1,67,40,1,126,WITHIN_SPLIT_PLACEBO,WITHIN_SPLIT, 크,크기를,0,0.0077039930038154125,2,67.0,58.0,True,143230,143230,143230,143230,True,True,True,True,True,81133.0,2.0,-8.594376564025879,크,EXACT,OTHER,not_primary_class,False,True,-1.0,OK
WIKIPEDIA,P1,67,31,3,92,WITHIN_SPLIT_PLACEBO,WITHIN_SPLIT, 크,크기를,0,0.23235593736171722,2,67.0,93.0,True,143230,143230,143230,143230,True,True,True,True,True,126804.0,2.0,-5.871249198913574, 각,EXACT,OTHER,not_primary_class,False,True,-1.0,OK
WIKIPEDIA,P1,67,36,1,110,WITHIN_SPLIT_PLACEBO,WITHIN_SPLIT,이,길이를,0,0.008343738503754139,4,67.0,118.0,True,12802,12802,12802,12802,True,True,True,True,True,132044.0,2.0,-7.000991344451904,이는,CROSS_MORPHEME,NOMINAL_TO_PARTICLE,crossed_boundary,False,True,-1.0,OK
WIKIPEDIA,P1,244,47,2,123,WITHIN_SPLIT_PLACEBO,WITHIN_SPLIT,성,"행성으로,",0,0.5558021664619446,2,67.0,127.0,False,32831,32831,32831,32831,True,True,True,True,True,137032.0,2.0,-1.895542025566101,성이,CROSS_MORPHEME,NOMINAL_TO_PARTICLE,crossed_boundary,False,True,-1.0,OK
WIKIPEDIA,P1,79,5,1,14,WITHIN_SPLIT_PLACEBO,WITHIN_SPLIT, 속,속도와,0,4.392857551574707,4,79.0,22.0,True,77596,77596,77596,77596,True,True,True,True,True,90486.0,2.0,-2.9164438247680664, 에,EXACT,OTHER,not_primary_class,False,True,-1.0,OK
WIKIPEDIA,P1,83,23,1,57,WITHIN_SPLIT_PLACEBO,WITHIN_SPLIT,쪽,북쪽으로,0,2.1871590614318848,3,83.0,75.0,True,132064,132064,132064,132064,True,True,True,True,True,132612.0,2.0,-2.6651575565338135,측,WITHIN_SPLIT,OTHER,no_valid_adjacent_boundary,False,True,-1.0,OK
WIKIPEDIA,P1,83,37,1,96,WITHIN_SPLIT_PLACEBO,WITHIN_SPLIT, 북,북쪽으로,1,1.4708950519561768,3,83.0,80.0,True,139963,129624,139963,129624,True,True,False,False,True,126322.0,2.0,-1.8120110034942627, 동,EXACT,OTHER,not_primary_class,False,False,0.0,OK
WIKIPEDIA,P1,84,31,3,94,WITHIN_SPLIT_PLACEBO,WITHIN_SPLIT,도,각도가,0,0.3118475377559662,3,84.0,78.0,True,47985,47985,47985,47985,True,True,True,True,True,12802.0,2.0,-5.722204685211182,이,EXACT,OTHER,not_primary_class,False,True,-1.0,OK
WIKIPEDIA,P1,84,31,2,93,WITHIN_SPLIT_PLACEBO,WITHIN_SPLIT, 각,각도가,0,2.3682355880737305,3,84.0,125.0,True,126804,126804,126804,126804,True,True,True,True,True,66136.0,4.0,-3.6529340744018555, 내,EXACT,OTHER,not_primary_class,False,True,-1.0,OK
WIKIPEDIA,P1,88,25,1,61,WITHIN_SPLIT_PLACEBO,WITHIN_SPLIT,학,열역학의,0,0.04114864021539688,4,88.0,106.0,True,124632,124632,124632,124632,True,True,True,True,True,57089.0,2.0,-7.316334247589111,동,WITHIN_SPLIT,OTHER,no_valid_adjacent_boundary,False,True,-1.0,OK
WIKIPEDIA,P1,89,26,2,76,WITHIN_SPLIT_PLACEBO,WITHIN_SPLIT,장,전자기장의,0,0.9269968867301941,5,89.0,72.0,True,40853,40853,40853,40853,True,True,True,True,True,126793.0,2.0,-2.4930450916290283,파,WITHIN_SPLIT,OTHER,no_valid_adjacent_boundary,False,True,-1.0,OK
WIKIPEDIA,P1,90,39,3,93,WITHIN_SPLIT_PLACEBO,WITHIN_SPLIT,수,상수는,0,0.16168740391731262,3,90.0,101.0,True,23259,23259,23259,23259,True,True,True,True,True,135444.0,2.0,-3.3491318225860596,수가,CROSS_MORPHEME,NOMINAL_TO_PARTICLE,crossed_boundary,False,True,-1.0,OK
WIKIPEDIA,P1,92,2,1,8,WITHIN_SPLIT_PLACEBO,WITHIN_SPLIT,렬,행렬식의,0,0.2514999508857727,3,92.0,0.0,True,144210,144210,144210,144210,True,True,True,True,True,144814.0,2.0,-6.090267658233643,벡,WITHIN_SPLIT,OTHER,no_valid_adjacent_boundary,False,True,-1.0,OK
WIKIPEDIA,P1,94,4,3,11,WITHIN_SPLIT_PLACEBO,WITHIN_SPLIT,계,좌표계를,0,0.6327239871025085,5,94.0,15.0,True,124781,124781,124781,124781,True,True,True,True,True,18411.0,2.0,-3.283987522125244,를,EXACT,OTHER,not_primary_class,False,True,-1.0,OK
WIKIPEDIA,P1,94,27,3,88,WITHIN_SPLIT_PLACEBO,WITHIN_SPLIT,계,좌표계로,0,0.1293226033449173,5,94.0,93.0,True,124781,124781,124781,124781,True,True,True,True,True,18411.0,2.0,-6.13933801651001,를,EXACT,OTHER,not_primary_class,False,True,-1.0,OK
WIKIPEDIA,P1,98,7,1,16,WITHIN_SPLIT_PLACEBO,WITHIN_SPLIT,리,원리에,1,1.0181615352630615,2,98.0,52.0,True,28002,133886,28002,133886,True,True,False,False,True,133886.0,2.0,-0.9349319338798523,리를,CROSS_MORPHEME,NOMINAL_TO_PARTICLE,crossed_boundary,True,False,1.0,OK
WIKIPEDIA,P1,98,29,1,84,WITHIN_SPLIT_PLACEBO,WITHIN_SPLIT,학,양자역학의,0,0.0028007756918668747,6,98.0,88.0,True,124632,124632,124632,124632,True,True,True,True,True,20401.0,2.0,-10.18772029876709,의,EXACT,OTHER,not_primary_class,False,True,-1.0,OK
WIKIPEDIA,P1,98,38,1,120,WITHIN_SPLIT_PLACEBO,WITHIN_SPLIT,학,양자역학의,0,0.0004848391399718821,6,98.0,124.0,True,124632,124632,124632,124632,True,True,True,True,True,20401.0,2.0,-12.07815933227539,의,EXACT,OTHER,not_primary_class,False,True,-1.0,OK
WIKIPEDIA,P1,100,10,2,32,WITHIN_SPLIT_PLACEBO,WITHIN_SPLIT,수,범함수는,0,0.5017162561416626,5,100.0,2.0,True,23259,23259,23259,23259,True,True,True,True,True,135444.0,2.0,-1.8369920253753662,수가,CROSS_MORPHEME,NOMINAL_TO_PARTICLE,crossed_boundary,False,True,-1.0,OK
WIKIPEDIA,P1,100,10,1,31,WITHIN_SPLIT_PLACEBO,WITHIN_SPLIT,함,범함수는,0,1.1293652057647705,5,100.0,37.0,True,77953,77953,77953,77953,True,True,True,True,True,80901.0,2.0,-3.346595525741577,위,WITHIN_SPLIT,OTHER,no_valid_adjacent_boundary,False,True,-1.0,OK
WIKIPEDIA,P1,108,34,2,92,WITHIN_SPLIT_PLACEBO,WITHIN_SPLIT,라,스칼라로,0,0.15568307042121887,4,108.0,84.0,True,50340,50340,50340,50340,True,True,True,True,True,60294.0,2.0,-4.990288734436035,러,WITHIN_SPLIT,OTHER,no_valid_adjacent_boundary,False,True,-1.0,OK
WIKIPEDIA,P1,111,0,2,1,WITHIN_SPLIT_PLACEBO,WITHIN_SPLIT,론,이론을,0,3.9567480087280273,3,111.0,5.0,True,126605,126605,126605,126605,True,True,True,True,True,23084.0,2.0,-2.812892198562622, 이,EXACT,OTHER,not_primary_class,False,True,-1.0,OK
WIKIPEDIA,P1,111,18,2,44,WITHIN_SPLIT_PLACEBO,WITHIN_SPLIT,가,헤이즈가,0,2.2334275245666504,6,111.0,47.0,True,19969,19969,19969,19969,True,True,True,True,True,80573.0,2.0,-1.8941020965576172,와,WITHIN_SPLIT,NOMINAL_TO_PARTICLE,nearest_adjacent_boundary,False,True,-1.0,OK
WIKIPEDIA,P1,111,44,2,125,WITHIN_SPLIT_PLACEBO,WITHIN_SPLIT,간,중간자의,0,0.0017784270457923412,3,111.0,68.0,True,62275,62275,62275,62275,True,True,True,True,True,17881.0,2.0,-10.14076042175293,间,EXACT,OTHER,not_primary_class,False,True,-1.0,OK
WIKIPEDIA,P1,111,38,2,101,WITHIN_SPLIT_PLACEBO,WITHIN_SPLIT,즈,헤이즈가,0,0.011962120421230793,6,111.0,105.0,True,134133,134133,134133,134133,True,True,True,True,True,37087.0,2.0,-8.282310485839844,제,WITHIN_SPLIT,LEXICAL_TO_LEXICAL,nearest_adjacent_boundary,False,True,-1.0,OK
WIKIPEDIA,P1,111,38,3,102,WITHIN_SPLIT_PLACEBO,WITHIN_SPLIT,가,헤이즈가,0,0.27536541223526,6,111.0,126.0,True,19969,19969,19969,19969,True,True,True,True,True,20401.0,2.0,-4.726703643798828,의,EXACT,OTHER,not_primary_class,False,True,-1.0,OK
WIKIPEDIA,P1,119,2,3,7,WITHIN_SPLIT_PLACEBO,WITHIN_SPLIT,너,에너지는,0,0.009524724446237087,3,119.0,8.0,True,127085,127085,127085,127085,True,True,True,True,True,16560.0,2.0,-8.657089233398438,는,EXACT,OTHER,not_primary_class,False,True,-1.0,OK
WIKIPEDIA,P1,119,30,2,92,WITHIN_SPLIT_PLACEBO,WITHIN_SPLIT, 질,질량이,0,1.0003280639648438,3,119.0,84.0,True,138519,138519,138519,138519,True,True,True,True,True,132028.0,3.0,-4.239073276519775, 운,EXACT,OTHER,not_primary_class,False,True,-1.0,OK
WIKIPEDIA,P1,119,32,2,100,WITHIN_SPLIT_PLACEBO,WITHIN_SPLIT,체,물체는,0,0.0022284993901848793,3,119.0,117.0,True,49543,49543,49543,49543,True,True,True,True,True,132343.0,2.0,-10.500163078308105,자는,CROSS_MORPHEME,NOMINAL_TO_PARTICLE,crossed_boundary,False,True,-1.0,OK
WIKIPEDIA,P1,133,19,2,54,WITHIN_SPLIT_PLACEBO,WITHIN_SPLIT,체,생물체의,0,0.3688405454158783,4,133.0,45.0,True,49543,49543,49543,49543,True,True,True,True,True,20401.0,2.0,-4.099881172180176,의,EXACT,OTHER,not_primary_class,False,True,-1.0,OK
WIKIPEDIA,P1,133,31,2,102,WITHIN_SPLIT_PLACEBO,WITHIN_SPLIT,너,에너지를,0,0.0005903792334720492,3,133.0,74.0,True,127085,127085,127085,127085,True,True,True,True,True,31079.0,2.0,-11.968791007995605,어,WITHIN_SPLIT,OTHER,no_valid_adjacent_boundary,False,True,-1.0,OK
WIKIPEDIA,P1,133,21,3,63,WITHIN_SPLIT_PLACEBO,WITHIN_SPLIT,소,수소와,0,0.45062488317489624,3,133.0,103.0,True,43590,43590,43590,43590,True,True,True,True,True,79716.0,2.0,-3.7935709953308105,분,WITHIN_SPLIT,OTHER,no_valid_adjacent_boundary,False,True,-1.0,OK
WIKIPEDIA,P1,134,14,2,36,WITHIN_SPLIT_PLACEBO,WITHIN_SPLIT,기,표기법을,0,0.7323738932609558,4,134.0,45.0,True,20487,20487,20487,20487,True,True,True,True,True,131777.0,2.0,-1.8904168605804443,기를,CROSS_MORPHEME,NOMINAL_TO_PARTICLE,crossed_boundary,False,True,-1.0,OK
WIKIPEDIA,P1,144,3,2,5,WITHIN_SPLIT_PLACEBO,WITHIN_SPLIT,채,채소를,0,0.0007411653059534729,5,144.0,1.0,True,226,226,226,226,True,True,True,True,True,242.0,2.0,-10.359435081481934,챔,EXACT,OTHER,not_primary_class,False,True,-1.0,OK
WIKIPEDIA,P1,144,6,2,17,WITHIN_SPLIT_PLACEBO,WITHIN_SPLIT,버,햄버거는,0,0.017159391194581985,6,144.0,34.0,True,79004,79004,79004,79004,True,True,True,True,True,86831.0,2.0,-6.580021381378174, 버,EXACT,OTHER,not_primary_class,False,True,-1.0,OK
WIKIPEDIA,P1,148,16,1,50,WITHIN_SPLIT_PLACEBO,WITHIN_SPLIT,상,수상자로,0,0.04679317772388458,4,148.0,25.0,True,55902,55902,55902,55902,True,True,True,True,True,136854.0,2.0,-4.8827900886535645,상을,CROSS_MORPHEME,NOMINAL_TO_PARTICLE,crossed_boundary,False,True,-1.0,OK
WIKIPEDIA,P1,149,1,2,2,WITHIN_SPLIT_PLACEBO,WITHIN_SPLIT,의,정의는,0,0.1310713291168213,3,149.0,4.0,True,20401,20401,20401,20401,True,True,True,True,True,28002.0,2.0,-4.487563610076904,리,WITHIN_SPLIT,OTHER,no_valid_adjacent_boundary,False,True,-1.0,OK
WIKIPEDIA,P1,151,1,1,3,WITHIN_SPLIT_PLACEBO,WITHIN_SPLIT,위,지위를,0,0.12374937534332275,3,151.0,9.0,True,80901,80901,80901,80901,True,True,True,True,True,21329.0,2.0,-5.047974586486816,지,WITHIN_SPLIT,OTHER,no_valid_adjacent_boundary,False,True,-1.0,OK
WIKIPEDIA,P1,151,19,3,53,WITHIN_SPLIT_PLACEBO,WITHIN_SPLIT,합,노동조합은,0,0.0642174780368805,5,151.0,32.0,True,128747,128747,128747,128747,True,True,True,True,True,125545.0,2.0,-6.85017728805542,직,WITHIN_SPLIT,LEXICAL_TO_LEXICAL,nearest_adjacent_boundary,False,True,-1.0,OK
WIKIPEDIA,P1,151,24,2,72,WITHIN_SPLIT_PLACEBO,WITHIN_SPLIT, 사회,사회단체를,0,0.29394403100013733,3,151.0,43.0,True,130592,130592,130592,130592,True,True,True,True,True,129400.0,2.0,-6.360177993774414, 단,EXACT,OTHER,not_primary_class,False,True,-1.0,OK
WIKIPEDIA,P1,151,31,2,100,WITHIN_SPLIT_PLACEBO,WITHIN_SPLIT, 사회,사회단체를,0,0.07983928173780441,3,151.0,60.0,True,130592,130592,130592,130592,True,True,True,True,True,126291.0,2.0,-7.351367473602295, 소,EXACT,OTHER,not_primary_class,False,True,-1.0,OK
WIKIPEDIA,P1,151,16,1,42,WITHIN_SPLIT_PLACEBO,WITHIN_SPLIT,동,노동자의,0,0.020239736884832382,3,151.0,71.0,True,57089,57089,57089,57089,True,True,True,True,True,125054.0,2.0,-7.8612470626831055,무,WITHIN_SPLIT,OTHER,no_valid_adjacent_boundary,False,True,-1.0,OK
WIKIPEDIA,P1,151,33,2,108,WITHIN_SPLIT_PLACEBO,WITHIN_SPLIT,조,노동조합은,0,0.09867259860038757,5,151.0,88.0,True,92817,92817,92817,92817,True,True,True,True,True,25715.0,2.0,-5.667201042175293,자,WITHIN_SPLIT,OTHER,no_valid_adjacent_boundary,False,True,-1.0,OK
WIKIPEDIA,P1,151,33,1,107,WITHIN_SPLIT_PLACEBO,WITHIN_SPLIT,동,노동조합은,0,0.01761620119214058,5,151.0,99.0,True,57089,57089,57089,57089,True,True,True,True,True,92817.0,2.0,-7.93908166885376,조,WITHIN_SPLIT,OTHER,no_valid_adjacent_boundary,False,True,-1.0,OK
WIKIPEDIA,P1,151,35,1,115,WITHIN_SPLIT_PLACEBO,WITHIN_SPLIT, 권,권리를,0,0.0195782370865345,2,151.0,116.0,True,142452,142452,142452,142452,True,True,True,True,True,142453.0,2.0,-6.783243179321289, 권리,EXACT,OTHER,not_primary_class,False,True,-1.0,OK
WIKIPEDIA,P1,151,28,1,87,WITHIN_SPLIT_PLACEBO,WITHIN_SPLIT, 권,권리를,0,0.19256377220153809,2,151.0,127.0,True,142452,142452,142452,142452,True,True,True,True,True,142453.0,2.0,-4.741857051849365, 권리,EXACT,OTHER,not_primary_class,False,True,-1.0,OK
WIKIPEDIA,P1,152,26,2,83,WITHIN_SPLIT_PLACEBO,WITHIN_SPLIT,로그,자연로그의,0,0.001704941620118916,3,152.0,71.0,True,81650,81650,81650,81650,True,True,True,True,True,89936.0,2.0,-10.172006607055664, logarith,EXACT,OTHER,not_primary_class,False,True,-1.0,OK
WIKIPEDIA,P1,152,28,2,91,WITHIN_SPLIT_PLACEBO,WITHIN_SPLIT,로그,자연로그의,0,0.0021956535056233406,3,152.0,89.0,True,81650,81650,81650,81650,True,True,True,True,True,89936.0,2.0,-9.640799522399902, logarith,EXACT,OTHER,not_primary_class,False,True,-1.0,OK
WIKIPEDIA,P1,152,35,2,119,WITHIN_SPLIT_PLACEBO,WITHIN_SPLIT,로그,자연로그의,0,0.001660341746173799,3,152.0,107.0,True,81650,81650,81650,81650,True,True,True,True,True,89936.0,2.0,-9.95325756072998, logarith,EXACT,OTHER,not_primary_class,False,True,-1.0,OK
WIKIPEDIA,P1,152,35,1,118,WITHIN_SPLIT_PLACEBO,WITHIN_SPLIT, 자연,자연로그의,0,0.08234944194555283,3,152.0,125.0,True,140577,140577,140577,140577,True,True,True,True,True,64577.0,4.0,-7.477029323577881, 자,EXACT,OTHER,not_primary_class,False,True,-1.0,OK
WIKIPEDIA,P1,155,24,3,76,WITHIN_SPLIT_PLACEBO,WITHIN_SPLIT,어,소프트웨어를,0,0.0009751335601322353,6,155.0,61.0,True,31079,31079,31079,31079,True,True,True,True,True,124685.0,2.0,-10.484450340270996, 어,EXACT,OTHER,not_primary_class,False,True,-1.0,OK
WIKIPEDIA,P1,155,30,3,97,WITHIN_SPLIT_PLACEBO,WITHIN_SPLIT,어,소프트웨어를,0,0.000504849711433053,6,155.0,113.0,True,31079,31079,31079,31079,True,True,True,True,True,124685.0,2.0,-11.203163146972656, 어,EXACT,OTHER,not_primary_class,False,True,-1.0,OK
WIKIPEDIA,P1,158,4,2,10,WITHIN_SPLIT_PLACEBO,WITHIN_SPLIT,수,실수를,0,0.49450650811195374,3,158.0,19.0,True,23259,23259,23259,23259,True,True,True,True,True,135444.0,2.0,-1.782409906387329,수가,CROSS_MORPHEME,NOMINAL_TO_PARTICLE,crossed_boundary,False,True,-1.0,OK
WIKIPEDIA,P1,158,13,2,42,WITHIN_SPLIT_PLACEBO,WITHIN_SPLIT,선,수직선의,0,0.039827972650527954,4,158.0,39.0,True,125519,125519,125519,125519,True,True,True,True,True,129296.0,2.0,-6.457163333892822, 선,EXACT,OTHER,not_primary_class,False,True,-1.0,OK
WIKIPEDIA,P1,158,13,1,41,WITHIN_SPLIT_PLACEBO,WITHIN_SPLIT,직,수직선의,0,1.4179799556732178,4,158.0,62.0,True,125545,125545,125545,125545,True,True,True,True,True,126742.0,2.0,-2.809216022491455,평,WITHIN_SPLIT,OTHER,no_valid_adjacent_boundary,False,True,-1.0,OK
WIKIPEDIA,P1,158,28,1,91,WITHIN_SPLIT_PLACEBO,WITHIN_SPLIT, 수,수직선을,0,2.7225217819213867,4,158.0,77.0,True,28733,28733,28733,28733,True,True,True,True,True,23084.0,2.0,-3.0732381343841553, 이,EXACT,OTHER,not_primary_class,False,True,-1.0,OK
WIKIPEDIA,P1,158,32,2,107,WITHIN_SPLIT_PLACEBO,WITHIN_SPLIT,직,수직선을,0,0.14807742834091187,4,158.0,100.0,True,125545,125545,125545,125545,True,True,True,True,True,126742.0,2.0,-5.554895401000977,평,WITHIN_SPLIT,OTHER,no_valid_adjacent_boundary,False,True,-1.0,OK
WIKIPEDIA,P1,158,28,2,92,WITHIN_SPLIT_PLACEBO,WITHIN_SPLIT,직,수직선을,0,0.11427108943462372,4,158.0,115.0,True,125545,125545,125545,125545,True,True,True,True,True,126742.0,2.0,-5.9802937507629395,평,WITHIN_SPLIT,OTHER,no_valid_adjacent_boundary,False,True,-1.0,OK
WIKIPEDIA,P1,165,44,2,125,WITHIN_SPLIT_PLACEBO,WITHIN_SPLIT, 기,기초를,0,2.995150327682495,3,165.0,105.0,True,54116,54116,54116,54116,True,True,True,True,True,136089.0,2.0,-2.2422375679016113, 기본,EXACT,OTHER,not_primary_class,False,True,-1.0,OK
WIKIPEDIA,P1,172,4,2,11,WITHIN_SPLIT_PLACEBO,WITHIN_SPLIT,협,전대협이,0,0.23601502180099487,4,172.0,28.0,True,129640,129640,129640,129640,True,True,True,True,True,135487.0,3.0,-5.7320709228515625,혁,WITHIN_SPLIT,OTHER,no_valid_adjacent_boundary,False,True,-1.0,OK
WIKIPEDIA,P1,172,29,2,83,WITHIN_SPLIT_PLACEBO,WITHIN_SPLIT,이,김영식이,0,1.7814569473266602,4,172.0,88.0,True,12802,12802,12802,12802,True,True,True,True,True,17877.0,2.0,-2.9279961585998535,을,EXACT,OTHER,not_primary_class,False,True,-1.0,OK
WIKIPEDIA,P1,178,42,3,115,WITHIN_SPLIT_PLACEBO,WITHIN_SPLIT,자,운영자에게,0,0.32544630765914917,3,178.0,120.0,True,25715,25715,25715,25715,True,True,True,True,True,130427.0,2.0,-3.150063991546631,자가,CROSS_MORPHEME,NOMINAL_TO_PARTICLE,crossed_boundary,False,True,-1.0,OK
WIKIPEDIA,P1,181,1,2,2,WITHIN_SPLIT_PLACEBO,WITHIN_SPLIT,과,과정을,0,0.04065893590450287,4,181.0,13.0,True,120,120,120,120,True,True,True,True,True,94.0,2.0,-5.209273338317871,곡,EXACT,OTHER,not_primary_class,False,True,-1.0,OK
WIKIPEDIA,P1,183,44,1,114,WITHIN_SPLIT_PLACEBO,WITHIN_SPLIT, 크,크기를,0,1.3920577764511108,2,183.0,115.0,True,143230,143230,143230,143230,True,True,True,True,True,85403.0,2.0,-1.5350762605667114, 부,EXACT,OTHER,not_primary_class,False,True,-1.0,OK
WIKIPEDIA,P1,190,22,2,51,WITHIN_SPLIT_PLACEBO,WITHIN_SPLIT, 원,원소는,1,4.649702548980713,2,190.0,30.0,True,129093,126352,129093,126352,True,True,False,False,True,130263.0,2.0,-2.7596874237060547, 집,EXACT,OTHER,not_primary_class,False,False,0.0,OK
WIKIPEDIA,P1,198,28,2,70,WITHIN_SPLIT_PLACEBO,WITHIN_SPLIT,문,학문을,0,0.004181115888059139,4,198.0,60.0,True,51588,51588,51588,51588,True,True,True,True,True,125880.0,2.0,-9.859707832336426,술,WITHIN_SPLIT,OTHER,no_valid_adjacent_boundary,False,True,-1.0,OK
WIKIPEDIA,P1,198,35,2,98,WITHIN_SPLIT_PLACEBO,WITHIN_SPLIT,문,학문을,0,0.0002637103898450732,4,198.0,88.0,True,51588,51588,51588,51588,True,True,True,True,True,125880.0,2.0,-12.734392166137695,술,WITHIN_SPLIT,OTHER,no_valid_adjacent_boundary,False,True,-1.0,OK
WIKIPEDIA,P1,198,42,2,126,WITHIN_SPLIT_PLACEBO,WITHIN_SPLIT,문,학문을,0,7.408414239762351e-05,4,198.0,116.0,True,51588,51588,51588,51588,True,True,True,True,True,53435.0,2.0,-13.812504768371582, 문,EXACT,OTHER,not_primary_class,False,True,-1.0,OK
WIKIPEDIA,P1,205,7,2,24,WITHIN_SPLIT_PLACEBO,WITHIN_SPLIT,드,팩커드사가,0,0.07208478450775146,6,205.0,5.0,True,29346,29346,29346,29346,True,True,True,True,True,24897.0,2.0,-5.508541584014893,스,WITHIN_SPLIT,OTHER,no_valid_adjacent_boundary,False,True,-1.0,OK
WIKIPEDIA,P1,206,10,1,30,WITHIN_SPLIT_PLACEBO,WITHIN_SPLIT,보,키보드와,0,1.900599718093872,5,206.0,8.0,True,41671,41671,41671,41671,True,True,True,True,True,11.0,2.0,-3.784306526184082,",",EXACT,OTHER,not_primary_class,False,True,-1.0,OK
WIKIPEDIA,P1,210,26,1,86,WITHIN_SPLIT_PLACEBO,WITHIN_SPLIT,스,리눅스를,0,0.00045880588004365563,4,210.0,82.0,True,24897,24897,24897,24897,True,True,True,True,True,23259.0,2.0,-12.156280517578125,수,WITHIN_SPLIT,OTHER,no_valid_adjacent_boundary,False,True,-1.0,OK
WIKIPEDIA,P1,210,36,2,124,WITHIN_SPLIT_PLACEBO,WITHIN_SPLIT,스,리눅스를,0,0.00017363758524879813,4,210.0,120.0,True,24897,24897,24897,24897,True,True,True,True,True,21660.0,2.0,-12.750011444091797,ス,EXACT,OTHER,not_primary_class,False,True,-1.0,OK
WIKIPEDIA,P1,211,30,3,107,WITHIN_SPLIT_PLACEBO,WITHIN_SPLIT,소,요소를,0,0.0023657754063606262,3,211.0,112.0,True,43590,43590,43590,43590,True,True,True,True,True,31328.0,2.0,-10.812675476074219,인,WITHIN_SPLIT,OTHER,no_valid_adjacent_boundary,False,True,-1.0,OK
WIKIPEDIA,P1,212,10,1,22,WITHIN_SPLIT_PLACEBO,WITHIN_SPLIT, 중,중성자로,1,1.5627057552337646,2,212.0,45.0,True,70943,56419,70943,56419,True,True,False,False,True,56419.0,2.0,-0.8654115796089172, 전,EXACT,OTHER,not_primary_class,True,False,1.0,OK
WIKIPEDIA,P1,212,29,2,67,WITHIN_SPLIT_PLACEBO,WITHIN_SPLIT, 원,원자는,0,1.7839206457138062,2,212.0,65.0,True,129093,129093,129093,129093,True,True,True,True,True,23084.0,3.0,-2.398743152618408, 이,EXACT,OTHER,not_primary_class,False,True,-1.0,OK
WIKIPEDIA,P1,212,9,3,20,WITHIN_SPLIT_PLACEBO,WITHIN_SPLIT,자,양성자와,0,1.097363829612732,5,212.0,68.0,True,25715,25715,25715,25715,True,True,True,True,True,130427.0,2.0,-2.077713966369629,자가,CROSS_MORPHEME,NOMINAL_TO_PARTICLE,crossed_boundary,False,True,-1.0,OK
WIKIPEDIA,P1,212,27,2,59,WITHIN_SPLIT_PLACEBO,WITHIN_SPLIT,하,전하를,0,1.9450314044952393,3,212.0,77.0,True,16186,16186,16186,16186,True,True,True,True,True,25715.0,2.0,-1.3320518732070923,자,WITHIN_SPLIT,OTHER,no_valid_adjacent_boundary,False,True,-1.0,OK
WIKIPEDIA,P1,212,37,1,96,WITHIN_SPLIT_PLACEBO,WITHIN_SPLIT, 원,원자는,0,2.211465835571289,2,212.0,85.0,True,129093,129093,129093,129093,True,True,True,True,True,23084.0,3.0,-2.747929811477661, 이,EXACT,OTHER,not_primary_class,False,True,-1.0,OK
WIKIPEDIA,P1,212,42,1,116,WITHIN_SPLIT_PLACEBO,WITHIN_SPLIT, 원,원자는,0,2.213771343231201,2,212.0,88.0,True,129093,129093,129093,129093,True,True,True,True,True,23084.0,3.0,-3.4364078044891357, 이,EXACT,OTHER,not_primary_class,False,True,-1.0,OK
WIKIPEDIA,P1,212,12,2,25,WITHIN_SPLIT_PLACEBO,WITHIN_SPLIT,하,전하가,0,0.9224914908409119,3,212.0,97.0,True,16186,16186,16186,16186,True,True,True,True,True,20487.0,2.0,-2.9690372943878174,기,WITHIN_SPLIT,OTHER,no_valid_adjacent_boundary,False,True,-1.0,OK
WIKIPEDIA,P1,212,9,2,19,WITHIN_SPLIT_PLACEBO,WITHIN_SPLIT,성,양성자와,0,1.6714551448822021,5,212.0,105.0,True,32831,32831,32831,32831,True,True,True,True,True,25715.0,2.0,-2.0015921592712402,자,WITHIN_SPLIT,OTHER,no_valid_adjacent_boundary,False,True,-1.0,OK
WIKIPEDIA,P1,212,32,1,76,WITHIN_SPLIT_PLACEBO,WITHIN_SPLIT, 원,원자는,0,3.7019224166870117,2,212.0,108.0,True,129093,129093,129093,129093,True,True,True,True,True,23084.0,2.0,-2.0528318881988525, 이,EXACT,OTHER,not_primary_class,False,True,-1.0,OK
WIKIPEDIA,P1,212,11,1,23,WITHIN_SPLIT_PLACEBO,WITHIN_SPLIT,자,전자로,1,1.642096757888794,2,212.0,117.0,True,25715,131958,25715,131958,True,True,False,False,True,131958.0,2.0,-1.3363139629364014,자의,CROSS_MORPHEME,NOMINAL_TO_PARTICLE,crossed_boundary,True,False,1.0,OK
WIKIPEDIA,P1,212,9,1,18,WITHIN_SPLIT_PLACEBO,WITHIN_SPLIT,양,양성자와,0,0.060299888253211975,5,212.0,125.0,True,239,239,239,239,True,True,True,True,True,229.0,3.0,-6.320548057556152,얇,EXACT,OTHER,not_primary_class,False,True,-1.0,OK
WIKIPEDIA,P1,213,25,2,72,WITHIN_SPLIT_PLACEBO,WITHIN_SPLIT,선,직선의,0,0.45360225439071655,3,213.0,68.0,True,125519,125519,125519,125519,True,True,True,True,True,126317.0,2.0,-3.577988862991333,각,WITHIN_SPLIT,OTHER,no_valid_adjacent_boundary,False,True,-1.0,OK
WIKIPEDIA,P1,213,32,2,98,WITHIN_SPLIT_PLACEBO,WITHIN_SPLIT,선,직선의,0,0.050687797367572784,3,213.0,94.0,True,125519,125519,125519,125519,True,True,True,True,True,126317.0,2.0,-5.834141731262207,각,WITHIN_SPLIT,OTHER,no_valid_adjacent_boundary,False,True,-1.0,OK
WIKIPEDIA,P1,213,37,3,119,WITHIN_SPLIT_PLACEBO,WITHIN_SPLIT,울,기울기를,0,0.007752818521112204,3,213.0,120.0,True,126893,126893,126893,126893,True,True,True,True,True,40281.0,2.0,-8.73497200012207,우,WITHIN_SPLIT,OTHER,no_valid_adjacent_boundary,False,True,-1.0,OK
WIKIPEDIA,P1,225,23,3,76,WITHIN_SPLIT_PLACEBO,WITHIN_SPLIT, 특,특성이,0,2.422389507293701,2,225.0,77.0,True,127820,127820,127820,127820,True,True,True,True,True,85997.0,2.0,-1.4774949550628662, 요,EXACT,OTHER,not_primary_class,False,True,-1.0,OK
WIKIPEDIA,P1,236,18,1,47,WITHIN_SPLIT_PLACEBO,WITHIN_SPLIT, 모,모델은,0,4.0448198318481445,3,236.0,36.0,True,54070,54070,54070,54070,True,True,True,True,True,16560.0,2.0,-1.9493623971939087,는,EXACT,OTHER,not_primary_class,False,True,-1.0,OK
WIKIPEDIA,P1,238,15,1,49,WITHIN_SPLIT_PLACEBO,WITHIN_SPLIT,카,콜카타에서,0,0.21481353044509888,6,238.0,0.0,True,129616,129616,129616,129616,True,True,True,True,True,50340.0,2.0,-5.336942672729492,라,WITHIN_SPLIT,OTHER,no_valid_adjacent_boundary,False,True,-1.0,OK
WIKIPEDIA,P1,257,22,1,66,WITHIN_SPLIT_PLACEBO,WITHIN_SPLIT,술,기술은,0,0.06702855229377747,3,257.0,72.0,True,125880,125880,125880,125880,True,True,True,True,True,126270.0,2.0,-5.149722099304199,법,WITHIN_SPLIT,OTHER,no_valid_adjacent_boundary,False,True,-1.0,OK
WIKIPEDIA,P1,257,41,2,112,WITHIN_SPLIT_PLACEBO,WITHIN_SPLIT, 신,신호의,1,3.694697380065918,3,257.0,73.0,True,128753,141540,128753,141540,True,True,False,False,True,141540.0,2.0,-2.541013240814209, 효,EXACT,OTHER,not_primary_class,True,False,1.0,OK
WIKIPEDIA,P1,257,37,1,106,WITHIN_SPLIT_PLACEBO,WITHIN_SPLIT,신,통신선을,0,0.03792271763086319,3,257.0,92.0,True,82528,82528,82528,82528,True,True,True,True,True,56290.0,2.0,-6.28574275970459,화,WITHIN_SPLIT,OTHER,no_valid_adjacent_boundary,False,True,-1.0,OK
WIKIPEDIA,P1,257,38,1,108,WITHIN_SPLIT_PLACEBO,WITHIN_SPLIT, 신,신호를,1,4.3053297996521,4,257.0,94.0,True,128753,95170,128753,95170,True,True,False,False,True,141540.0,2.0,-2.249852418899536, 효,EXACT,OTHER,not_primary_class,False,False,0.0,OK
WIKIPEDIA,P1,260,2,3,10,WITHIN_SPLIT_PLACEBO,WITHIN_SPLIT, 역,역사는,0,4.404472827911377,2,260.0,11.0,True,127864,127864,127864,127864,True,True,True,True,True,136608.0,2.0,-1.8117179870605469, 역사,EXACT,OTHER,not_primary_class,False,True,-1.0,OK
WIKIPEDIA,P1,260,11,1,41,WITHIN_SPLIT_PLACEBO,WITHIN_SPLIT,과,과거의,0,0.015159319154918194,4,260.0,21.0,True,120,120,120,120,True,True,True,True,True,101.0,2.0,-8.032748222351074,골,EXACT,OTHER,not_primary_class,False,True,-1.0,OK
WIKIPEDIA,P1,260,19,1,73,WITHIN_SPLIT_PLACEBO,WITHIN_SPLIT,흐,흐름으로,0,0.0024383612908422947,6,260.0,69.0,True,251,251,251,251,True,True,True,True,True,36109.0,9.0,-12.265836715698242,탁,EXACT,OTHER,not_primary_class,False,True,-1.0,OK
WIKIPEDIA,P1,260,19,3,75,WITHIN_SPLIT_PLACEBO,WITHIN_SPLIT,름,흐름으로,0,0.0026478469371795654,6,260.0,79.0,True,63154,63154,63154,63154,True,True,True,True,True,125548.0,2.0,-9.078369140625,르,WITHIN_SPLIT,OTHER,no_valid_adjacent_boundary,False,True,-1.0,OK
WIKIPEDIA,P1,260,30,3,119,WITHIN_SPLIT_PLACEBO,WITHIN_SPLIT,거,과거의,0,0.006080904509872198,4,260.0,127.0,True,92192,92192,92192,92192,True,True,True,True,True,125086.0,2.0,-9.328633308410645,실,WITHIN_SPLIT,OTHER,no_valid_adjacent_boundary,False,True,-1.0,OK
WIKIPEDIA,P1,269,18,2,47,WITHIN_SPLIT_PLACEBO,WITHIN_SPLIT,임,게임화도,0,0.0828372985124588,4,269.0,14.0,True,93701,93701,93701,93701,True,True,True,True,True,12802.0,2.0,-4.590512275695801,이,WITHIN_SPLIT,OTHER,no_valid_adjacent_boundary,False,True,-1.0,OK
WIKIPEDIA,P1,272,2,1,2,WITHIN_SPLIT_PLACEBO,WITHIN_SPLIT,용,용어의,0,0.12816499173641205,3,272.0,0.0,True,102,102,102,102,True,True,True,True,True,243.0,2.0,-4.147789478302002,욕,EXACT,OTHER,not_primary_class,False,True,-1.0,OK
WIKIPEDIA,P1,287,19,3,48,WITHIN_SPLIT_PLACEBO,WITHIN_SPLIT, 크,크기는,0,3.6149747371673584,2,287.0,49.0,True,143230,143230,143230,143230,True,True,True,True,True,126804.0,3.0,-2.2807669639587402, 각,EXACT,OTHER,not_primary_class,False,True,-1.0,OK
WIKIPEDIA,P1,287,31,1,77,WITHIN_SPLIT_PLACEBO,WITHIN_SPLIT,렬,행렬의,1,0.6679638624191284,2,287.0,69.0,True,144210,20401,144210,20401,True,True,False,False,True,20401.0,2.0,-3.1264402866363525,의,EXACT,OTHER,not_primary_class,True,False,1.0,OK
WIKIPEDIA,P1,287,36,3,96,WITHIN_SPLIT_PLACEBO,WITHIN_SPLIT, 크,크기가,0,3.8337018489837646,2,287.0,97.0,True,143230,143230,143230,143230,True,True,True,True,True,126804.0,2.0,-2.4552457332611084, 각,EXACT,OTHER,not_primary_class,False,True,-1.0,OK
WIKIPEDIA,P1,289,9,3,30,WITHIN_SPLIT_PLACEBO,WITHIN_SPLIT,리,요리에는,1,1.0446568727493286,2,289.0,56.0,True,28002,132920,28002,132920,True,True,False,False,True,132920.0,2.0,-0.9870133399963379,리는,CROSS_MORPHEME,NOMINAL_TO_PARTICLE,crossed_boundary,True,False,1.0,OK
WIKIPEDIA,P1,289,21,2,70,WITHIN_SPLIT_PLACEBO,WITHIN_SPLIT, 특,특성에,0,0.026482675224542618,3,289.0,82.0,True,127820,127820,127820,127820,True,True,True,True,True,54116.0,2.0,-8.158513069152832, 기,EXACT,OTHER,not_primary_class,False,True,-1.0,OK
WIKIPEDIA,P1,289,30,3,107,WITHIN_SPLIT_PLACEBO,WITHIN_SPLIT, 요,요리는,0,0.4102053940296173,2,289.0,108.0,True,85997,85997,85997,85997,True,True,True,True,True,136608.0,2.0,-5.812741279602051, 역사,EXACT,OTHER,not_primary_class,False,True,-1.0,OK
WIKIPEDIA,P1,290,15,3,38,WITHIN_SPLIT_PLACEBO,WITHIN_SPLIT,면,짜장면은,0,0.7416164875030518,4,290.0,2.0,True,32290,32290,32290,32290,True,True,True,True,True,33704.0,2.0,-4.309105396270752,은,EXACT,OTHER,not_primary_class,False,True,-1.0,OK
WIKIPEDIA,P1,290,22,2,58,WITHIN_SPLIT_PLACEBO,WITHIN_SPLIT, 요,요리를,0,0.4602411091327667,2,290.0,59.0,True,85997,85997,85997,85997,True,True,True,True,True,35711.0,2.0,-3.321049928665161,요,WITHIN_SPLIT,LEXICAL_TO_LEXICAL,nearest_adjacent_boundary,False,True,-1.0,OK
WIKIPEDIA,P1,291,7,1,22,WITHIN_SPLIT_PLACEBO,WITHIN_SPLIT,데이,화이트데이를,0,0.028288159519433975,6,291.0,56.0,True,134809,134809,134809,134809,True,True,True,True,True,129378.0,2.0,-8.330550193786621,날,EXACT,OTHER,not_primary_class,False,True,-1.0,OK
WIKIPEDIA,P1,306,23,1,59,WITHIN_SPLIT_PLACEBO,WITHIN_SPLIT,년,30주년을,0,0.09820696711540222,5,306.0,8.0,True,126216,126216,126216,126216,True,True,True,True,True,20487.0,2.0,-5.153818130493164,기,WITHIN_SPLIT,LEXICAL_TO_LEXICAL,nearest_adjacent_boundary,False,True,-1.0,OK
WIKIPEDIA,P1,311,22,3,74,WITHIN_SPLIT_PLACEBO,WITHIN_SPLIT,러,컴파일러가,0,1.730353832244873,6,311.0,61.0,True,60294,60294,60294,60294,True,True,True,True,True,31079.0,2.0,-3.5715348720550537,어,WITHIN_SPLIT,LEXICAL_TO_LEXICAL,nearest_adjacent_boundary,False,True,-1.0,OK
WIKIPEDIA,P1,312,0,1,0,WITHIN_SPLIT_PLACEBO,WITHIN_SPLIT, 게,게임을,1,4.316441535949707,1,312.0,7.0,True,98927,141659,98927,141659,True,True,False,False,True,98801.0,2.0,-2.2615418434143066, 결과,EXACT,OTHER,not_primary_class,False,False,0.0,OK
WIKIPEDIA,P1,316,10,1,29,WITHIN_SPLIT_PLACEBO,WITHIN_SPLIT,설,소설을,0,0.06346600502729416,3,316.0,0.0,True,125624,125624,125624,125624,True,True,True,True,True,60315.0,2.0,-7.068906784057617,나,EXACT,OTHER,not_primary_class,False,True,-1.0,OK
WIKIPEDIA,P1,329,3,2,8,WITHIN_SPLIT_PLACEBO,WITHIN_SPLIT,속,가속도를,0,0.008715357631444931,4,329.0,49.0,True,126299,126299,126299,126299,True,True,True,True,True,126402.0,2.0,-9.250712394714355,중,WITHIN_SPLIT,OTHER,no_valid_adjacent_boundary,False,True,-1.0,OK
WIKIPEDIA,P1,329,44,2,112,WITHIN_SPLIT_PLACEBO,WITHIN_SPLIT,부터,중심으로부터,0,0.3977494239807129,3,329.0,102.0,True,126558,126558,126558,126558,True,True,True,True,True,68232.0,2.0,-5.343447208404541, 작,EXACT,OTHER,not_primary_class,False,True,-1.0,OK
WIKIPEDIA,P1,332,14,1,43,WITHIN_SPLIT_PLACEBO,WITHIN_SPLIT,학,언어학은,0,1.231278419494629,4,332.0,36.0,True,124632,124632,124632,124632,True,True,True,True,True,20401.0,2.0,-2.8801393508911133,의,EXACT,OTHER,not_primary_class,False,True,-1.0,OK
WIKIPEDIA,P1,336,23,3,89,WITHIN_SPLIT_PLACEBO,WITHIN_SPLIT,험,실험이,0,4.439093117980519e-06,3,336.0,90.0,True,245,245,245,245,True,True,True,True,True,98642.0,5.0,-17.859375,패,WITHIN_SPLIT,OTHER,no_valid_adjacent_boundary,False,True,-1.0,OK
WIKIPEDIA,P1,340,2,1,5,WITHIN_SPLIT_PLACEBO,WITHIN_SPLIT,아,피아제는,0,0.12090755999088287,4,340.0,0.0,True,52959,52959,52959,52959,True,True,True,True,True,31079.0,2.0,-5.732144355773926,어,EXACT,OTHER,not_primary_class,False,True,-1.0,OK
WIKIPEDIA,P1,342,14,3,35,WITHIN_SPLIT_PLACEBO,WITHIN_SPLIT,열,서열로,0,0.022907141596078873,3,342.0,3.0,True,53955,53955,53955,53955,True,True,True,True,True,125880.0,2.0,-7.845771789550781,술,WITHIN_SPLIT,OTHER,no_valid_adjacent_boundary,False,True,-1.0,OK
WIKIPEDIA,P1,342,14,2,34,WITHIN_SPLIT_PLACEBO,WITHIN_SPLIT, 서,서열로,0,1.0753729343414307,3,342.0,29.0,True,89860,89860,89860,89860,True,True,True,True,True,129549.0,2.0,-4.356807231903076, 또는,EXACT,OTHER,not_primary_class,False,True,-1.0,OK
WIKIPEDIA,P1,342,20,1,52,WITHIN_SPLIT_PLACEBO,WITHIN_SPLIT,전자,유전자에,1,0.7695212364196777,3,342.0,53.0,True,134064,65865,134064,65865,True,True,False,False,True,65865.0,2.0,-1.0888227224349976,전,WITHIN_SPLIT,OTHER,no_valid_adjacent_boundary,True,False,1.0,OK
WIKIPEDIA,P1,342,23,3,59,WITHIN_SPLIT_PLACEBO,WITHIN_SPLIT,열,서열로,0,0.005265082232654095,3,342.0,81.0,True,53955,53955,53955,53955,True,True,True,True,True,125880.0,2.0,-10.01602840423584,술,WITHIN_SPLIT,OTHER,no_valid_adjacent_boundary,False,True,-1.0,OK
WIKIPEDIA,P1,342,38,2,103,WITHIN_SPLIT_PLACEBO,WITHIN_SPLIT,전,유전자는,0,0.722973108291626,3,342.0,104.0,True,65865,65865,65865,65865,True,True,True,True,True,134064.0,2.0,-1.0307910442352295,전자,WITHIN_SPLIT,OTHER,no_valid_adjacent_boundary,False,True,-1.0,OK
WIKIPEDIA,P1,345,25,3,57,WITHIN_SPLIT_PLACEBO,WITHIN_SPLIT,합,합성을,0,0.014994650147855282,3,345.0,58.0,True,102,102,102,102,True,True,True,True,True,247.0,2.0,-6.470598220825195,학,EXACT,OTHER,not_primary_class,False,True,-1.0,OK
WIKIPEDIA,P1,345,35,3,97,WITHIN_SPLIT_PLACEBO,WITHIN_SPLIT,부,내부에서,0,0.008898462168872356,3,345.0,81.0,True,63089,63089,63089,63089,True,True,True,True,True,56475.0,2.0,-7.860222816467285,에서,EXACT,OTHER,not_primary_class,False,True,-1.0,OK
WIKIPEDIA,P1,345,35,2,96,WITHIN_SPLIT_PLACEBO,WITHIN_SPLIT, 내,내부에서,0,0.08268634229898453,3,345.0,104.0,True,66136,66136,66136,66136,True,True,True,True,True,95218.0,3.0,-7.992279529571533,내,EXACT,OTHER,not_primary_class,False,True,-1.0,OK
WIKIPEDIA,P1,345,41,1,119,WITHIN_SPLIT_PLACEBO,WITHIN_SPLIT, 내,내부에서,0,0.017601337283849716,3,345.0,127.0,True,66136,66136,66136,66136,True,True,True,True,True,95218.0,3.0,-9.314016342163086,내,EXACT,OTHER,not_primary_class,False,True,-1.0,OK
WIKIPEDIA,P1,348,28,3,96,WITHIN_SPLIT_PLACEBO,WITHIN_SPLIT,육,근육이,0,0.021632371470332146,4,348.0,81.0,True,126596,126596,126596,126596,True,True,True,True,True,127559.0,2.0,-7.548842906951904,막,EXACT,OTHER,not_primary_class,False,True,-1.0,OK
WIKIPEDIA,P1,348,33,1,114,WITHIN_SPLIT_PLACEBO,WITHIN_SPLIT, 심,심장이,0,0.20324385166168213,4,348.0,122.0,True,28927,28927,28927,28927,True,True,True,True,True,11.0,2.0,-5.240573883056641,",",EXACT,OTHER,not_primary_class,False,True,-1.0,OK
WIKIPEDIA,P1,360,9,2,26,WITHIN_SPLIT_PLACEBO,WITHIN_SPLIT,어,언어는,0,0.019498538225889206,3,360.0,37.0,True,31079,31079,31079,31079,True,True,True,True,True,128911.0,2.0,-7.8767523765563965,급,WITHIN_SPLIT,OTHER,no_valid_adjacent_boundary,False,True,-1.0,OK
WIKIPEDIA,P1,362,17,2,46,WITHIN_SPLIT_PLACEBO,WITHIN_SPLIT,웨,소프트웨어의,0,0.012937210500240326,6,362.0,32.0,True,144025,144025,144025,144025,True,True,True,True,True,16560.0,2.0,-8.860438346862793,는,EXACT,OTHER,not_primary_class,False,True,-1.0,OK
WIKIPEDIA,P1,366,42,1,98,WITHIN_SPLIT_PLACEBO,WITHIN_SPLIT,버,아버지는,0,0.4433266520500183,3,366.0,99.0,True,79004,79004,79004,79004,True,True,True,True,True,134246.0,2.0,-3.5772032737731934,빠,WITHIN_SPLIT,OTHER,no_valid_adjacent_boundary,False,True,-1.0,OK
WIKIPEDIA,P1,370,0,1,0,WITHIN_SPLIT_PLACEBO,WITHIN_SPLIT,환,환성이,0,1.053409218788147,2,370.0,1.0,True,65238,65238,65238,65238,True,True,True,True,True,53189.0,2.0,-3.200679302215576,스트,EXACT,OTHER,not_primary_class,False,True,-1.0,OK
WIKIPEDIA,P1,382,29,3,92,WITHIN_SPLIT_PLACEBO,WITHIN_SPLIT,일,국경일로,0,2.2675070762634277,4,382.0,73.0,True,32077,32077,32077,32077,True,True,True,True,True,17877.0,2.0,-2.2730276584625244,을,EXACT,OTHER,not_primary_class,False,True,-1.0,OK
WIKIPEDIA,P1,382,32,2,99,WITHIN_SPLIT_PLACEBO,WITHIN_SPLIT,국,한국의,1,0.7865012884140015,4,382.0,126.0,True,124785,83291,124785,83291,True,True,False,False,True,83291.0,2.0,-1.3499529361724854,글,WITHIN_SPLIT,OTHER,no_valid_adjacent_boundary,True,False,1.0,OK
WIKIPEDIA,P1,385,12,1,28,WITHIN_SPLIT_PLACEBO,WITHIN_SPLIT,획,획의,0,0.00010071371798403561,3,385.0,4.0,True,235,235,235,235,True,True,True,True,True,253.0,2.0,-13.109381675720215,횟,EXACT,OTHER,not_primary_class,False,True,-1.0,OK
WIKIPEDIA,P1,385,23,3,69,WITHIN_SPLIT_PLACEBO,WITHIN_SPLIT, 크,크기가,0,2.235703945159912,2,385.0,22.0,True,143230,143230,143230,143230,True,True,True,True,True,130729.0,2.0,-3.5996270179748535, 확,EXACT,OTHER,not_primary_class,False,True,-1.0,OK
WIKIPEDIA,P1,385,25,2,76,WITHIN_SPLIT_PLACEBO,WITHIN_SPLIT,획,획의,0,1.834841532399878e-05,3,385.0,52.0,True,235,235,235,235,True,True,True,True,True,223.0,2.0,-15.296875953674316,횁,EXACT,OTHER,not_primary_class,False,True,-1.0,OK
WIKIPEDIA,P1,385,25,3,77,WITHIN_SPLIT_PLACEBO,WITHIN_SPLIT,의,획의,0,0.12021050602197647,3,385.0,70.0,True,20401,20401,20401,20401,True,True,True,True,True,12802.0,2.0,-4.890505790710449,이,EXACT,OTHER,not_primary_class,False,True,-1.0,OK
WIKIPEDIA,P1,385,33,1,98,WITHIN_SPLIT_PLACEBO,WITHIN_SPLIT, 속,속도가,0,1.619875192642212,4,385.0,92.0,True,77596,77596,77596,77596,True,True,True,True,True,130217.0,2.0,-2.296135425567627, 시간,EXACT,OTHER,not_primary_class,False,True,-1.0,OK
WIKIPEDIA,P1,393,24,1,64,WITHIN_SPLIT_PLACEBO,WITHIN_SPLIT,상,현상의,1,0.7563521862030029,2,393.0,29.0,True,55902,136854,55902,136854,True,True,False,False,True,136854.0,2.0,-0.9064211845397949,상을,CROSS_MORPHEME,NOMINAL_TO_PARTICLE,crossed_boundary,True,False,1.0,OK
WIKIPEDIA,P1,393,21,3,57,WITHIN_SPLIT_PLACEBO,WITHIN_SPLIT,학,전자기학은,0,1.7781307697296143,5,393.0,47.0,True,124632,124632,124632,124632,True,True,True,True,True,28754.0,2.0,-2.117792844772339,력,WITHIN_SPLIT,OTHER,no_valid_adjacent_boundary,False,True,-1.0,OK
WIKIPEDIA,P1,393,34,3,100,WITHIN_SPLIT_PLACEBO,WITHIN_SPLIT,기,전기와,0,0.938800573348999,3,393.0,51.0,True,20487,20487,20487,20487,True,True,True,True,True,25715.0,2.0,-1.7238460779190063,자,WITHIN_SPLIT,OTHER,no_valid_adjacent_boundary,False,True,-1.0,OK
WIKIPEDIA,P1,393,29,3,83,WITHIN_SPLIT_PLACEBO,WITHIN_SPLIT, 현,현상을,0,1.5183970928192139,2,393.0,84.0,True,141526,141526,141526,141526,True,True,True,True,True,20401.0,2.0,-2.1284186840057373,의,EXACT,OTHER,not_primary_class,False,True,-1.0,OK
WIKIPEDIA,P1,393,39,3,120,WITHIN_SPLIT_PLACEBO,WITHIN_SPLIT, 현,현상을,0,0.10967801511287689,2,393.0,104.0,True,141526,141526,141526,141526,True,True,True,True,True,20401.0,2.0,-5.527763843536377,의,EXACT,OTHER,not_primary_class,False,True,-1.0,OK
WIKIPEDIA,P1,393,31,3,91,WITHIN_SPLIT_PLACEBO,WITHIN_SPLIT,문,학문으로,0,0.010626604780554771,5,393.0,121.0,True,51588,51588,51588,51588,True,True,True,True,True,53680.0,2.0,-8.532185554504395,과,WITHIN_SPLIT,OTHER,no_valid_adjacent_boundary,False,True,-1.0,OK
WIKIPEDIA,P1,394,25,2,66,WITHIN_SPLIT_PLACEBO,WITHIN_SPLIT,기,전자기파로,0,1.3788235187530518,3,394.0,69.0,True,20487,20487,20487,20487,True,True,True,True,True,19391.0,2.0,-3.3768415451049805,에,EXACT,OTHER,not_primary_class,False,True,-1.0,OK
WIKIPEDIA,P1,394,31,3,90,WITHIN_SPLIT_PLACEBO,WITHIN_SPLIT,복,복사를,0,0.0010811872780323029,3,394.0,91.0,True,113,113,113,113,True,True,True,True,True,239.0,2.0,-9.828218460083008,병,EXACT,OTHER,not_primary_class,False,True,-1.0,OK
WIKIPEDIA,P1,395,0,2,1,WITHIN_SPLIT_PLACEBO,WITHIN_SPLIT,성,성자의,0,0.2005399465560913,2,395.0,2.0,True,32831,32831,32831,32831,True,True,True,True,True,137032.0,2.0,-4.372578144073486,성이,CROSS_MORPHEME,NOMINAL_TO_PARTICLE,crossed_boundary,False,True,-1.0,OK
WIKIPEDIA,P1,396,20,1,48,WITHIN_SPLIT_PLACEBO,WITHIN_SPLIT, 전,전하의,0,1.580043911933899,2,396.0,41.0,True,56419,56419,56419,56419,True,True,True,True,True,38150.0,2.0,-3.051875591278076, 입,EXACT,OTHER,not_primary_class,False,True,-1.0,OK
WIKIPEDIA,P1,396,5,3,15,WITHIN_SPLIT_PLACEBO,WITHIN_SPLIT,하,전하의,0,0.25295573472976685,2,396.0,62.0,True,16186,16186,16186,16186,True,True,True,True,True,25715.0,2.0,-4.506380558013916,자,WITHIN_SPLIT,OTHER,no_valid_adjacent_boundary,False,True,-1.0,OK
WIKIPEDIA,P1,397,23,3,84,WITHIN_SPLIT_PLACEBO,WITHIN_SPLIT, 크,크기를,0,0.2589057683944702,2,397.0,38.0,True,143230,143230,143230,143230,True,True,True,True,True,73986.0,2.0,-6.433862209320068, 비,EXACT,OTHER,not_primary_class,False,True,-1.0,OK
WIKIPEDIA,P1,397,26,3,96,WITHIN_SPLIT_PLACEBO,WITHIN_SPLIT,장,전기장은,0,0.31264427304267883,4,397.0,85.0,True,40853,40853,40853,40853,True,True,True,True,True,137471.0,2.0,-3.3815524578094482,장을,CROSS_MORPHEME,NOMINAL_TO_PARTICLE,crossed_boundary,False,True,-1.0,OK
WIKIPEDIA,P1,401,10,1,26,WITHIN_SPLIT_PLACEBO,WITHIN_SPLIT,항,저항의,0,0.0704718679189682,2,401.0,10.0,True,126524,126524,126524,126524,True,True,True,True,True,48431.0,2.0,-5.9612932205200195,음,WITHIN_SPLIT,OTHER,no_valid_adjacent_boundary,False,True,-1.0,OK
WIKIPEDIA,P1,401,22,1,71,WITHIN_SPLIT_PLACEBO,WITHIN_SPLIT, 전,전선의,0,1.0339027643203735,3,401.0,40.0,True,56419,56419,56419,56419,True,True,True,True,True,125569.0,4.0,-5.241262435913086, 저,EXACT,OTHER,not_primary_class,False,True,-1.0,OK
WIKIPEDIA,P1,401,21,3,69,WITHIN_SPLIT_PLACEBO,WITHIN_SPLIT, 크,크기는,0,1.2644317150115967,2,401.0,70.0,True,143230,143230,143230,143230,True,True,True,True,True,126310.0,6.0,-5.3618245124816895, 유,EXACT,OTHER,not_primary_class,False,True,-1.0,OK
WIKIPEDIA,P1,401,32,2,112,WITHIN_SPLIT_PLACEBO,WITHIN_SPLIT, 전,전선의,0,0.014551162719726562,3,401.0,100.0,True,56419,56419,56419,56419,True,True,True,True,True,125569.0,2.0,-8.016947746276855, 저,EXACT,OTHER,not_primary_class,False,True,-1.0,OK
WIKIPEDIA,P1,413,19,1,41,WITHIN_SPLIT_PLACEBO,WITHIN_SPLIT, 철,철학은,0,4.633607387542725,4,413.0,27.0,True,48364,48364,48364,48364,True,True,True,True,True,143586.0,2.0,-2.9911718368530273, 작품,EXACT,OTHER,not_primary_class,False,True,-1.0,OK
WIKIPEDIA,P1,423,37,1,104,WITHIN_SPLIT_PLACEBO,WITHIN_SPLIT,물,식물의,0,0.11065070331096649,2,423.0,7.0,True,126251,126251,126251,126251,True,True,True,True,True,137075.0,2.0,-5.26256799697876,물을,CROSS_MORPHEME,NOMINAL_TO_PARTICLE,crossed_boundary,False,True,-1.0,OK
WIKIPEDIA,P1,423,22,1,50,WITHIN_SPLIT_PLACEBO,WITHIN_SPLIT, 기,기반으로,0,3.0530357360839844,3,423.0,11.0,True,54116,54116,54116,54116,True,True,True,True,True,126429.0,4.0,-3.773165702819824, 고,EXACT,OTHER,not_primary_class,False,True,-1.0,OK
WIKIPEDIA,P1,423,21,2,47,WITHIN_SPLIT_PLACEBO,WITHIN_SPLIT, 특,특성과,0,3.753323554992676,2,423.0,23.0,True,127820,127820,127820,127820,True,True,True,True,True,135968.0,3.0,-2.832829475402832, 적,EXACT,OTHER,not_primary_class,False,True,-1.0,OK
WIKIPEDIA,P1,423,4,3,13,WITHIN_SPLIT_PLACEBO,WITHIN_SPLIT,반,기반으로,0,0.6726229786872864,3,423.0,36.0,True,126641,126641,126641,126641,True,True,True,True,True,129044.0,2.0,-1.9104230403900146,준,WITHIN_SPLIT,OTHER,no_valid_adjacent_boundary,False,True,-1.0,OK
WIKIPEDIA,P1,423,28,1,74,WITHIN_SPLIT_PLACEBO,WITHIN_SPLIT, 특,특성이나,0,0.17422495782375336,3,423.0,42.0,True,127820,127820,127820,127820,True,True,True,True,True,11.0,2.0,-5.722208499908447,",",EXACT,OTHER,not_primary_class,False,True,-1.0,OK
WIKIPEDIA,P1,423,29,3,80,WITHIN_SPLIT_PLACEBO,WITHIN_SPLIT, 특,특성을,0,0.014323565177619457,3,423.0,81.0,True,127820,127820,127820,127820,True,True,True,True,True,126952.0,2.0,-8.063762664794922,특,EXACT,OTHER,not_primary_class,False,True,-1.0,OK
WIKIPEDIA,P1,423,43,3,125,WITHIN_SPLIT_PLACEBO,WITHIN_SPLIT,성,특성이나,0,0.8990422487258911,3,423.0,88.0,True,32831,32831,32831,32831,True,True,True,True,True,132818.0,2.0,-1.665981411933899,성을,CROSS_MORPHEME,NOMINAL_TO_PARTICLE,crossed_boundary,False,True,-1.0,OK
WIKIPEDIA,P1,429,15,3,38,WITHIN_SPLIT_PLACEBO,WITHIN_SPLIT, 입,입자의,0,3.6456940174102783,2,429.0,39.0,True,38150,38150,38150,38150,True,True,True,True,True,126429.0,3.0,-2.254688262939453, 고,EXACT,OTHER,not_primary_class,False,True,-1.0,OK
WIKIPEDIA,P1,429,19,3,51,WITHIN_SPLIT_PLACEBO,WITHIN_SPLIT, 입,입자의,0,3.1758716106414795,2,429.0,52.0,True,38150,38150,38150,38150,True,True,True,True,True,126429.0,3.0,-2.0234060287475586, 고,EXACT,OTHER,not_primary_class,False,True,-1.0,OK
WIKIPEDIA,P1,429,17,2,42,WITHIN_SPLIT_PLACEBO,WITHIN_SPLIT, 구,구조를,0,3.606374979019165,3,429.0,63.0,True,58777,58777,58777,58777,True,True,True,True,True,137619.0,2.0,-2.077901840209961, 상태,EXACT,OTHER,not_primary_class,False,True,-1.0,OK
WIKIPEDIA,P1,429,33,1,85,WITHIN_SPLIT_PLACEBO,WITHIN_SPLIT,동,운동과,0,0.0034510723780840635,3,429.0,83.0,True,57089,57089,57089,57089,True,True,True,True,True,65865.0,2.0,-9.234672546386719,전,WITHIN_SPLIT,OTHER,no_valid_adjacent_boundary,False,True,-1.0,OK
WIKIPEDIA,P1,429,35,3,94,WITHIN_SPLIT_PLACEBO,WITHIN_SPLIT,량,각운동량이다,0,0.002615447621792555,5,429.0,102.0,True,131837,131837,131837,131837,True,True,True,True,True,32757.0,2.0,-8.718986511230469,量,EXACT,OTHER,not_primary_class,False,True,-1.0,OK
WIKIPEDIA,P1,429,35,2,93,WITHIN_SPLIT_PLACEBO,WITHIN_SPLIT,운동,각운동량이다,0,0.015288202092051506,5,429.0,117.0,True,136913,136913,136913,136913,True,True,True,True,True,132028.0,2.0,-7.11087703704834, 운,EXACT,OTHER,not_primary_class,False,True,-1.0,OK
WIKIPEDIA,P1,430,12,2,34,WITHIN_SPLIT_PLACEBO,WITHIN_SPLIT,쪽,왼쪽으로,0,0.0024033943191170692,4,430.0,66.0,True,132064,132064,132064,132064,True,True,True,True,True,149251.0,2.0,-9.703316688537598,쪾,WITHIN_SPLIT,OTHER,no_valid_adjacent_boundary,False,True,-1.0,OK
WIKIPEDIA,P1,430,16,3,48,WITHIN_SPLIT_PLACEBO,WITHIN_SPLIT,에,스택에,0,1.4338809251785278,4,430.0,81.0,True,19391,19391,19391,19391,True,True,True,True,True,20401.0,2.0,-1.5510826110839844,의,WITHIN_SPLIT,NOMINAL_TO_PARTICLE,nearest_adjacent_boundary,False,True,-1.0,OK
WIKIPEDIA,P1,430,32,2,100,WITHIN_SPLIT_PLACEBO,WITHIN_SPLIT,택,스택에,0,0.006966604385524988,4,430.0,92.0,True,29389,29389,29389,29389,True,True,True,True,True,44104.0,3.0,-8.750663757324219,텍,WITHIN_SPLIT,OTHER,no_valid_adjacent_boundary,False,True,-1.0,OK
WIKIPEDIA,P1,430,39,1,120,WITHIN_SPLIT_PLACEBO,WITHIN_SPLIT,택,스택에,0,0.005081817042082548,4,430.0,103.0,True,29389,29389,29389,29389,True,True,True,True,True,44104.0,3.0,-9.344228744506836,텍,WITHIN_SPLIT,OTHER,no_valid_adjacent_boundary,False,True,-1.0,OK
WIKIPEDIA,P1,438,11,1,31,WITHIN_SPLIT_PLACEBO,WITHIN_SPLIT,존,생존을,1,2.2618372440338135,2,438.0,32.0,True,130999,133507,130999,133507,True,True,False,False,True,126251.0,2.0,-2.1597540378570557,물,WITHIN_SPLIT,OTHER,no_valid_adjacent_boundary,False,False,0.0,OK
WIKIPEDIA,P1,438,17,3,50,WITHIN_SPLIT_PLACEBO,WITHIN_SPLIT,지,육지로,0,0.279812216758728,4,438.0,67.0,True,21329,21329,21329,21329,True,True,True,True,True,133120.0,2.0,-3.7005345821380615,지를,CROSS_MORPHEME,NOMINAL_TO_PARTICLE,crossed_boundary,False,True,-1.0,OK
WIKIPEDIA,P1,438,32,3,110,WITHIN_SPLIT_PLACEBO,WITHIN_SPLIT,상,조상의,0,0.002800452057272196,3,438.0,102.0,True,55902,55902,55902,55902,True,True,True,True,True,136854.0,2.0,-8.344030380249023,상을,CROSS_MORPHEME,NOMINAL_TO_PARTICLE,crossed_boundary,False,True,-1.0,OK
WIKIPEDIA,P1,447,45,3,116,WITHIN_SPLIT_PLACEBO,WITHIN_SPLIT,수,선수는,0,0.6138526201248169,3,447.0,83.0,True,23259,23259,23259,23259,True,True,True,True,True,135444.0,2.0,-1.3403267860412598,수가,CROSS_MORPHEME,NOMINAL_TO_PARTICLE,crossed_boundary,False,True,-1.0,OK
WIKIPEDIA,P1,457,14,1,32,WITHIN_SPLIT_PLACEBO,WITHIN_SPLIT,앙,신앙에,1,4.580655097961426,3,457.0,13.0,True,128205,32831,128205,32831,True,True,False,False,True,32831.0,2.0,-2.6278841495513916,성,WITHIN_SPLIT,OTHER,no_valid_adjacent_boundary,True,False,1.0,OK
WIKIPEDIA,P1,465,17,3,45,WITHIN_SPLIT_PLACEBO,WITHIN_SPLIT,왕,왕자가,0,0.04645022749900818,3,465.0,46.0,True,243,243,243,243,True,True,True,True,True,116.0,2.0,-5.693636894226074,외,EXACT,OTHER,not_primary_class,False,True,-1.0,OK
WIKIPEDIA,P1,465,28,2,83,WITHIN_SPLIT_PLACEBO,WITHIN_SPLIT,왕,왕자가,0,0.005406184121966362,3,465.0,84.0,True,243,243,243,243,True,True,True,True,True,223.0,2.0,-7.859940052032471,왁,EXACT,OTHER,not_primary_class,False,True,-1.0,OK
WIKIPEDIA,P1,465,38,1,121,WITHIN_SPLIT_PLACEBO,WITHIN_SPLIT,왕,왕자가,0,0.006098171230405569,3,465.0,122.0,True,243,243,243,243,True,True,True,True,True,223.0,2.0,-7.719400405883789,왁,EXACT,OTHER,not_primary_class,False,True,-1.0,OK
WIKIPEDIA,P1,513,4,1,8,WITHIN_SPLIT_PLACEBO,WITHIN_SPLIT,령,성령의,1,4.846907615661621,3,513.0,19.0,True,126691,26698,126691,26698,True,True,False,False,True,65306.0,2.0,-2.965604305267334,경,WITHIN_SPLIT,OTHER,no_valid_adjacent_boundary,False,False,0.0,OK
WIKIPEDIA,P1,516,20,3,51,WITHIN_SPLIT_PLACEBO,WITHIN_SPLIT,권,유권자가,0,0.076778843998909,3,516.0,52.0,True,128739,128739,128739,128739,True,True,True,True,True,54321.0,2.0,-6.445446968078613,원,EXACT,OTHER,not_primary_class,False,True,-1.0,OK
WIKIPEDIA,P1,516,33,1,101,WITHIN_SPLIT_PLACEBO,WITHIN_SPLIT,권,유권자가,0,0.08549164980649948,3,516.0,77.0,True,128739,128739,128739,128739,True,True,True,True,True,79632.0,2.0,-7.102301120758057,명,WITHIN_SPLIT,OTHER,no_valid_adjacent_boundary,False,True,-1.0,OK
WIKIPEDIA,P1,516,39,2,126,WITHIN_SPLIT_PLACEBO,WITHIN_SPLIT,권,유권자가,0,0.05541620030999184,3,516.0,102.0,True,128739,128739,128739,128739,True,True,True,True,True,54321.0,3.0,-7.489805698394775,원,EXACT,OTHER,not_primary_class,False,True,-1.0,OK
WIKIPEDIA,P1,516,36,2,114,WITHIN_SPLIT_PLACEBO,WITHIN_SPLIT,선,총선에서,0,0.011165119707584381,5,516.0,127.0,True,125519,125519,125519,125519,True,True,True,True,True,129296.0,2.0,-7.079362869262695, 선,EXACT,OTHER,not_primary_class,False,True,-1.0,OK
WIKIPEDIA,P1,531,41,1,114,WITHIN_SPLIT_PLACEBO,WITHIN_SPLIT, 달,달러를,0,3.7949137687683105,4,531.0,119.0,True,34143,34143,34143,34143,True,True,True,True,True,130345.0,2.0,-2.68627667427063, 명,EXACT,OTHER,not_primary_class,False,True,-1.0,OK
WIKIPEDIA,P1,547,26,2,69,WITHIN_SPLIT_PLACEBO,WITHIN_SPLIT,년,윤년의,0,2.2134904861450195,4,547.0,5.0,True,126216,126216,126216,126216,True,True,True,True,True,32077.0,2.0,-1.2010443210601807,일,WITHIN_SPLIT,LEXICAL_TO_LEXICAL,nearest_adjacent_boundary,False,True,-1.0,OK
WIKIPEDIA,P1,547,20,1,52,WITHIN_SPLIT_PLACEBO,WITHIN_SPLIT,일,생일을,0,0.9277742505073547,3,547.0,60.0,True,32077,32077,32077,32077,True,True,True,True,True,126216.0,2.0,-2.6712749004364014,년,EXACT,OTHER,not_primary_class,False,True,-1.0,OK
WIKIPEDIA,P1,578,7,1,13,WITHIN_SPLIT_PLACEBO,WITHIN_SPLIT, 인,인도의,0,2.548614978790283,3,578.0,5.0,True,58677,58677,58677,58677,True,True,True,True,True,20401.0,3.0,-3.6837682723999023,의,EXACT,OTHER,not_primary_class,False,True,-1.0,OK
WIKIPEDIA,P1,583,24,3,60,WITHIN_SPLIT_PLACEBO,WITHIN_SPLIT,쟁,전쟁을,0,0.9921250343322754,3,583.0,32.0,True,131833,131833,131833,131833,True,True,True,True,True,129924.0,2.0,-2.109715223312378,투,WITHIN_SPLIT,OTHER,no_valid_adjacent_boundary,False,True,-1.0,OK
WIKIPEDIA,P1,635,42,2,110,WITHIN_SPLIT_PLACEBO,WITHIN_SPLIT, 사,사고가,0,0.7727838158607483,3,635.0,46.0,True,32129,32129,32129,32129,True,True,True,True,True,138629.0,2.0,-4.9094977378845215, 사건,EXACT,OTHER,not_primary_class,False,True,-1.0,OK
WIKIPEDIA,P1,721,4,3,14,WITHIN_SPLIT_PLACEBO,WITHIN_SPLIT,주의,자유민주주의를,0,0.13814544677734375,5,721.0,19.0,True,130788,130788,130788,130788,True,True,True,True,True,124785.0,2.0,-6.529662609100342,국,EXACT,OTHER,not_primary_class,False,True,-1.0,OK
WIKIPEDIA,P1,721,9,3,27,WITHIN_SPLIT_PLACEBO,WITHIN_SPLIT,주의,자유민주주의를,0,0.11212751269340515,5,721.0,32.0,True,130788,130788,130788,130788,True,True,True,True,True,124785.0,2.0,-6.745554447174072,국,WITHIN_SPLIT,LEXICAL_TO_LEXICAL,nearest_adjacent_boundary,False,True,-1.0,OK
WIKIPEDIA,P1,725,1,1,2,WITHIN_SPLIT_PLACEBO,WITHIN_SPLIT,성,신성과,0,3.9375205039978027,3,725.0,1.0,True,32831,32831,32831,32831,True,True,True,True,True,128205.0,2.0,-2.422569751739502,앙,WITHIN_SPLIT,OTHER,no_valid_adjacent_boundary,False,True,-1.0,OK
WIKIPEDIA,P1,744,3,2,10,WITHIN_SPLIT_PLACEBO,WITHIN_SPLIT,리,파리로,0,0.23674637079238892,3,744.0,3.0,True,28002,28002,28002,28002,True,True,True,True,True,50340.0,4.0,-6.637940883636475,라,WITHIN_SPLIT,OTHER,no_valid_adjacent_boundary,False,True,-1.0,OK
WIKIPEDIA,P1,744,28,2,80,WITHIN_SPLIT_PLACEBO,WITHIN_SPLIT,공,항공기가,0,0.028093986213207245,3,744.0,81.0,True,78125,78125,78125,78125,True,True,True,True,True,17380.0,2.0,-7.159126281738281,로,WITHIN_SPLIT,OTHER,no_valid_adjacent_boundary,False,True,-1.0,OK
WIKIPEDIA,P1,748,1,1,3,WITHIN_SPLIT_PLACEBO,WITHIN_SPLIT,독,독립을,0,0.14899176359176636,4,748.0,0.0,True,227,227,227,227,True,True,True,True,True,230.0,2.0,-4.492722988128662,돈,EXACT,OTHER,not_primary_class,False,True,-1.0,OK
WIKIPEDIA,P1,754,16,3,45,WITHIN_SPLIT_PLACEBO,WITHIN_SPLIT, 위,위기를,0,3.561560869216919,2,754.0,46.0,True,45710,45710,45710,45710,True,True,True,True,True,80901.0,2.0,-1.7043159008026123,위,WITHIN_SPLIT,OTHER,no_valid_adjacent_boundary,False,True,-1.0,OK
WIKIPEDIA,P1,754,33,3,101,WITHIN_SPLIT_PLACEBO,WITHIN_SPLIT, 위,위기가,0,0.12979945540428162,2,754.0,102.0,True,45710,45710,45710,45710,True,True,True,True,True,80901.0,2.0,-4.921767711639404,위,WITHIN_SPLIT,OTHER,no_valid_adjacent_boundary,False,True,-1.0,OK
WIKIPEDIA,P1,784,35,3,118,WITHIN_SPLIT_PLACEBO,WITHIN_SPLIT,거,선거가,0,0.013484369963407516,3,784.0,115.0,True,92192,92192,92192,92192,True,True,True,True,True,66845.0,2.0,-7.516997814178467,대,WITHIN_SPLIT,OTHER,no_valid_adjacent_boundary,False,True,-1.0,OK
WIKIPEDIA,P1,815,11,3,27,WITHIN_SPLIT_PLACEBO,WITHIN_SPLIT,학,물리학상을,0,0.028998935595154762,4,815.0,28.0,True,124632,124632,124632,124632,True,True,True,True,True,55902.0,2.0,-7.471503734588623,상,EXACT,OTHER,not_primary_class,False,True,-1.0,OK
WIKIPEDIA,P1,816,23,1,82,WITHIN_SPLIT_PLACEBO,WITHIN_SPLIT,어,언어에,0,0.00038679977296851575,3,816.0,78.0,True,31079,31079,31079,31079,True,True,True,True,True,19969.0,2.0,-12.851587295532227,가,WITHIN_SPLIT,OTHER,no_valid_adjacent_boundary,False,True,-1.0,OK
WIKIPEDIA,P1,816,27,3,98,WITHIN_SPLIT_PLACEBO,WITHIN_SPLIT,템,시스템을,0,0.0023711444810032845,4,816.0,126.0,True,127649,127649,127649,127649,True,True,True,True,True,130229.0,2.0,-10.562673568725586,테,WITHIN_SPLIT,OTHER,no_valid_adjacent_boundary,False,True,-1.0,OK
WIKIPEDIA,P1,820,30,1,91,WITHIN_SPLIT_PLACEBO,WITHIN_SPLIT,할,역할을,0,0.015209425240755081,3,820.0,78.0,True,47836,47836,47836,47836,True,True,True,True,True,131837.0,2.0,-7.532760143280029,량,WITHIN_SPLIT,OTHER,no_valid_adjacent_boundary,False,True,-1.0,OK
WIKIPEDIA,P1,822,19,1,29,WITHIN_SPLIT_PLACEBO,WITHIN_SPLIT,능,능력을,0,0.01430326234549284,4,822.0,30.0,True,98,98,98,98,True,True,True,True,True,246.0,3.0,-8.36086654663086,늘,EXACT,OTHER,not_primary_class,False,True,-1.0,OK
WIKIPEDIA,P1,827,39,3,109,WITHIN_SPLIT_PLACEBO,WITHIN_SPLIT,리,관리자는,0,0.055402934551239014,3,827.0,110.0,True,28002,28002,28002,28002,True,True,True,True,True,132920.0,2.0,-4.790294647216797,리는,CROSS_MORPHEME,NOMINAL_TO_PARTICLE,crossed_boundary,False,True,-1.0,OK
WIKIPEDIA,P1,831,11,2,41,WITHIN_SPLIT_PLACEBO,WITHIN_SPLIT, 기,기능을,0,0.024976152926683426,3,831.0,33.0,True,54116,54116,54116,54116,True,True,True,True,True,127864.0,3.0,-9.314587593078613, 역,EXACT,OTHER,not_primary_class,False,True,-1.0,OK
WIKIPEDIA,P1,833,27,3,62,WITHIN_SPLIT_PLACEBO,WITHIN_SPLIT, 다,다리는,0,3.560532808303833,3,833.0,63.0,True,49367,49367,49367,49367,True,True,True,True,True,73523.0,5.0,-3.683850049972534, 개,EXACT,OTHER,not_primary_class,False,True,-1.0,OK
WIKIPEDIA,P1,849,17,1,47,WITHIN_SPLIT_PLACEBO,WITHIN_SPLIT,한,제한은,0,0.2537577748298645,3,849.0,45.0,True,23573,23573,23573,23573,True,True,True,True,True,125535.0,2.0,-3.056039810180664,약,WITHIN_SPLIT,OTHER,no_valid_adjacent_boundary,False,True,-1.0,OK
WIKIPEDIA,P1,852,16,3,50,WITHIN_SPLIT_PLACEBO,WITHIN_SPLIT,어,그리스어의,0,0.8437620401382446,3,852.0,37.0,True,31079,31079,31079,31079,True,True,True,True,True,128753.0,2.0,-3.930706262588501, 신,EXACT,OTHER,not_primary_class,False,True,-1.0,OK
WIKIPEDIA,P1,852,27,1,92,WITHIN_SPLIT_PLACEBO,WITHIN_SPLIT, 그리스,그리스어의,0,0.8725988864898682,3,852.0,80.0,True,142103,142103,142103,142103,True,True,True,True,True,23084.0,3.0,-5.177051067352295, 이,EXACT,OTHER,not_primary_class,False,True,-1.0,OK
WIKIPEDIA,P1,852,27,2,93,WITHIN_SPLIT_PLACEBO,WITHIN_SPLIT,어,그리스어의,0,0.035452041774988174,3,852.0,123.0,True,31079,31079,31079,31079,True,True,True,True,True,20401.0,2.0,-7.534430980682373,의,EXACT,OTHER,not_primary_class,False,True,-1.0,OK
WIKIPEDIA,P1,854,37,1,109,WITHIN_SPLIT_PLACEBO,WITHIN_SPLIT,분,미분과는,0,0.03565964847803116,4,854.0,97.0,True,79716,79716,79716,79716,True,True,True,True,True,80968.0,2.0,-7.159687519073486,적,EXACT,OTHER,not_primary_class,False,True,-1.0,OK
WIKIPEDIA,P1,856,11,1,26,WITHIN_SPLIT_PLACEBO,WITHIN_SPLIT,림,그림은,0,0.7318884134292603,3,856.0,31.0,True,131293,131293,131293,131293,True,True,True,True,True,16560.0,2.0,-5.2151970863342285,는,EXACT,OTHER,not_primary_class,False,True,-1.0,OK
WIKIPEDIA,P1,856,25,2,70,WITHIN_SPLIT_PLACEBO,WITHIN_SPLIT, 그,그림을,0,0.2004028558731079,3,856.0,50.0,True,54825,54825,54825,54825,True,True,True,True,True,11.0,2.0,-6.723273277282715,",",EXACT,OTHER,not_primary_class,False,True,-1.0,OK
WIKIPEDIA,P1,856,25,3,71,WITHIN_SPLIT_PLACEBO,WITHIN_SPLIT,림,그림을,0,0.02658047527074814,3,856.0,59.0,True,131293,131293,131293,131293,True,True,True,True,True,129807.0,2.0,-7.174473762512207,린,WITHIN_SPLIT,OTHER,no_valid_adjacent_boundary,False,True,-1.0,OK
WIKIPEDIA,P1,856,30,1,89,WITHIN_SPLIT_PLACEBO,WITHIN_SPLIT, 그,그림을,0,0.037024207413196564,3,856.0,69.0,True,54825,54825,54825,54825,True,True,True,True,True,139053.0,2.0,-8.690667152404785, 표현,EXACT,OTHER,not_primary_class,False,True,-1.0,OK
WIKIPEDIA,P1,856,30,2,90,WITHIN_SPLIT_PLACEBO,WITHIN_SPLIT,림,그림을,0,0.0054200924932956696,3,856.0,78.0,True,131293,131293,131293,131293,True,True,True,True,True,129807.0,2.0,-9.26606559753418,린,WITHIN_SPLIT,OTHER,no_valid_adjacent_boundary,False,True,-1.0,OK
WIKIPEDIA,P1,856,28,3,83,WITHIN_SPLIT_PLACEBO,WITHIN_SPLIT,림,그림을,0,0.1693873256444931,3,856.0,88.0,True,131293,131293,131293,131293,True,True,True,True,True,129807.0,2.0,-6.61049222946167,린,WITHIN_SPLIT,OTHER,no_valid_adjacent_boundary,False,True,-1.0,OK
WIKIPEDIA,P1,856,35,1,109,WITHIN_SPLIT_PLACEBO,WITHIN_SPLIT,림,그림을,0,0.001993804704397917,3,856.0,97.0,True,131293,131293,131293,131293,True,True,True,True,True,56039.0,2.0,-10.625150680541992,미,EXACT,OTHER,not_primary_class,False,True,-1.0,OK
WIKIPEDIA,P1,856,33,2,102,WITHIN_SPLIT_PLACEBO,WITHIN_SPLIT,림,그림을,0,0.048938386142253876,3,856.0,107.0,True,131293,131293,131293,131293,True,True,True,True,True,129807.0,2.0,-7.582610130310059,린,WITHIN_SPLIT,OTHER,no_valid_adjacent_boundary,False,True,-1.0,OK
WIKIPEDIA,P1,856,14,3,33,WITHIN_SPLIT_PLACEBO,WITHIN_SPLIT,림,그림을,0,0.9144152402877808,3,856.0,116.0,True,131293,131293,131293,131293,True,True,True,True,True,129807.0,3.0,-4.791347026824951,린,WITHIN_SPLIT,OTHER,no_valid_adjacent_boundary,False,True,-1.0,OK
WIKIPEDIA,P1,856,38,1,121,WITHIN_SPLIT_PLACEBO,WITHIN_SPLIT,림,그림을,0,0.019487829878926277,3,856.0,126.0,True,131293,131293,131293,131293,True,True,True,True,True,129807.0,2.0,-8.423527717590332,린,WITHIN_SPLIT,OTHER,no_valid_adjacent_boundary,False,True,-1.0,OK
WIKIPEDIA,P1,865,15,1,35,WITHIN_SPLIT_PLACEBO,WITHIN_SPLIT,징,특징은,0,1.4523980617523193,2,865.0,44.0,True,135946,135946,135946,135946,True,True,True,True,True,32831.0,2.0,-1.1664727926254272,성,WITHIN_SPLIT,OTHER,no_valid_adjacent_boundary,False,True,-1.0,OK
WIKIPEDIA,P1,872,15,2,35,WITHIN_SPLIT_PLACEBO,WITHIN_SPLIT,굴,동굴은,0,0.20439079403877258,3,872.0,21.0,True,144071,144071,144071,144071,True,True,True,True,True,138924.0,2.0,-6.1768317222595215,골,EXACT,OTHER,not_primary_class,False,True,-1.0,OK
WIKIPEDIA,P1,881,10,1,28,WITHIN_SPLIT_PLACEBO,WITHIN_SPLIT,표,목표로,1,0.6380774974822998,2,881.0,45.0,True,126414,128552,126414,128552,True,True,False,False,True,128552.0,2.0,-1.4777883291244507,적으로,CROSS_MORPHEME,NOMINAL_TO_PARTICLE,crossed_boundary,True,False,1.0,OK
WIKIPEDIA,P1,881,25,2,78,WITHIN_SPLIT_PLACEBO,WITHIN_SPLIT, 목,목적으로,0,0.09999451041221619,2,881.0,62.0,True,134952,134952,134952,134952,True,True,True,True,True,134953.0,2.0,-7.056366443634033, 목적,EXACT,OTHER,not_primary_class,False,True,-1.0,OK
WIKIPEDIA,P1,881,29,3,95,WITHIN_SPLIT_PLACEBO,WITHIN_SPLIT, 목,목적으로,0,0.03688720986247063,2,881.0,79.0,True,134952,134952,134952,134952,True,True,True,True,True,87608.0,2.0,-7.659622669219971,목,EXACT,OTHER,not_primary_class,False,True,-1.0,OK
WIKIPEDIA,P1,881,26,4,84,WITHIN_SPLIT_PLACEBO,WITHIN_SPLIT,서,사회운동으로서,0,0.09805893152952194,5,881.0,96.0,True,26698,26698,26698,26698,True,True,True,True,True,135660.0,2.0,-5.027918815612793,써,WITHIN_SPLIT,NOMINAL_TO_PARTICLE,nearest_adjacent_boundary,False,True,-1.0,OK
WIKIPEDIA,P1,881,35,1,117,WITHIN_SPLIT_PLACEBO,WITHIN_SPLIT,으로,"사회운동으로서,",0,0.02553195133805275,5,881.0,113.0,True,42039,42039,42039,42039,True,True,True,True,True,17380.0,2.0,-6.518468379974365,로,EXACT,OTHER,not_primary_class,False,True,-1.0,OK
WIKIPEDIA,P1,888,15,2,37,WITHIN_SPLIT_PLACEBO,WITHIN_SPLIT,기,표기법은,0,0.3064984977245331,4,888.0,50.0,True,20487,20487,20487,20487,True,True,True,True,True,131777.0,2.0,-3.5757412910461426,기를,CROSS_MORPHEME,NOMINAL_TO_PARTICLE,crossed_boundary,False,True,-1.0,OK
WIKIPEDIA,P1,890,16,1,57,WITHIN_SPLIT_PLACEBO,WITHIN_SPLIT,워,네트워크로,0,0.0022944589145481586,6,890.0,77.0,True,130109,130109,130109,130109,True,True,True,True,True,144025.0,2.0,-9.640813827514648,웨,WITHIN_SPLIT,OTHER,no_valid_adjacent_boundary,False,True,-1.0,OK
WIKIPEDIA,P1,892,2,3,7,WITHIN_SPLIT_PLACEBO,WITHIN_SPLIT,그,위지위그는,0,0.21792370080947876,4,892.0,25.0,True,48606,48606,48606,48606,True,True,True,True,True,54825.0,2.0,-6.163689136505127, 그,EXACT,OTHER,not_primary_class,False,True,-1.0,OK
WIKIPEDIA,P1,892,4,1,11,WITHIN_SPLIT_PLACEBO,WITHIN_SPLIT, 한,한계는,1,4.745499610900879,2,892.0,40.0,True,61298,139236,61298,139236,True,True,False,False,True,40720.0,3.0,-3.5189898014068604, 사용,EXACT,OTHER,not_primary_class,False,False,0.0,OK
WIKIPEDIA,P1,892,26,1,82,WITHIN_SPLIT_PLACEBO,WITHIN_SPLIT,식,방식의,0,0.00041006653918884695,3,892.0,70.0,True,76337,76337,76337,76337,True,True,True,True,True,128909.0,2.0,-10.921906471252441,형,EXACT,OTHER,not_primary_class,False,True,-1.0,OK
WIKIPEDIA,P1,892,33,3,112,WITHIN_SPLIT_PLACEBO,WITHIN_SPLIT,식,방식의,0,0.00022482586791738868,3,892.0,100.0,True,76337,76337,76337,76337,True,True,True,True,True,128909.0,2.0,-11.390642166137695,형,EXACT,OTHER,not_primary_class,False,True,-1.0,OK
WIKIPEDIA,P1,895,6,1,13,WITHIN_SPLIT_PLACEBO,WITHIN_SPLIT, 공,공격은,0,3.4622888565063477,3,895.0,10.0,True,125466,125466,125466,125466,True,True,True,True,True,136293.0,2.0,-2.530785083770752, 일본,EXACT,OTHER,not_primary_class,False,True,-1.0,OK
WIKIPEDIA,P1,897,1,1,2,WITHIN_SPLIT_PLACEBO,WITHIN_SPLIT, 조,조각을,1,4.782698631286621,2,897.0,6.0,True,65510,17877,65510,78125,True,False,False,False,False,,,,,,,,,,,MODEL_REPLAY_MISMATCH
WIKIPEDIA,P1,898,7,1,15,WITHIN_SPLIT_PLACEBO,WITHIN_SPLIT,혹,의혹을,1,3.2732067108154297,3,898.0,1.0,True,138334,47985,138334,47985,True,True,False,False,True,125512.0,2.0,-1.9375859498977661,심,WITHIN_SPLIT,OTHER,no_valid_adjacent_boundary,False,False,0.0,OK
WIKIPEDIA,P1,898,12,1,24,WITHIN_SPLIT_PLACEBO,WITHIN_SPLIT, 법,법정에서의,1,4.7049736976623535,1,898.0,13.0,True,126785,134748,126785,134748,True,True,False,False,True,134748.0,2.0,-2.711632013320923, 자신의,CROSS_MORPHEME,NOMINAL_TO_PARTICLE,crossed_boundary,True,False,1.0,OK
WIKIPEDIA,P1,898,5,2,10,WITHIN_SPLIT_PLACEBO,WITHIN_SPLIT,테,소크라테스는,0,0.008934032171964645,6,898.0,37.0,True,130229,130229,130229,130229,True,True,True,True,True,56833.0,2.0,-8.906984329223633,テ,EXACT,OTHER,not_primary_class,False,True,-1.0,OK
WIKIPEDIA,P1,898,21,3,49,WITHIN_SPLIT_PLACEBO,WITHIN_SPLIT, 입,입장을,1,4.024792671203613,2,898.0,48.0,True,38150,128646,38150,128646,True,True,False,False,True,126785.0,2.0,-2.824972629547119, 법,EXACT,OTHER,not_primary_class,False,False,0.0,OK
WIKIPEDIA,P1,898,24,3,60,WITHIN_SPLIT_PLACEBO,WITHIN_SPLIT, 입,입장을,0,0.9224793910980225,2,898.0,59.0,True,38150,38150,38150,38150,True,True,True,True,True,128646.0,2.0,-3.459792375564575, 생각,EXACT,OTHER,not_primary_class,False,True,-1.0,OK
WIKIPEDIA,P1,898,30,3,84,WITHIN_SPLIT_PLACEBO,WITHIN_SPLIT, 입,입장을,0,0.07376960664987564,2,898.0,61.0,True,38150,38150,38150,38150,True,True,True,True,True,126785.0,2.0,-6.647994518280029, 법,EXACT,OTHER,not_primary_class,False,True,-1.0,OK
WIKIPEDIA,P1,898,36,3,108,WITHIN_SPLIT_PLACEBO,WITHIN_SPLIT, 입,입장을,0,0.009655067697167397,2,898.0,72.0,True,38150,38150,38150,38150,True,True,True,True,True,126785.0,2.0,-8.657057762145996, 법,EXACT,OTHER,not_primary_class,False,True,-1.0,OK
WIKIPEDIA,P1,898,33,1,94,WITHIN_SPLIT_PLACEBO,WITHIN_SPLIT,스,소크라테스는,0,0.01709991693496704,6,898.0,83.0,True,24897,24897,24897,24897,True,True,True,True,True,16560.0,2.0,-7.454823017120361,는,EXACT,OTHER,not_primary_class,False,True,-1.0,OK
WIKIPEDIA,P1,898,5,3,11,WITHIN_SPLIT_PLACEBO,WITHIN_SPLIT,스,소크라테스는,0,0.016593826934695244,6,898.0,85.0,True,24897,24897,24897,24897,True,True,True,True,True,16560.0,2.0,-7.892220497131348,는,EXACT,OTHER,not_primary_class,False,True,-1.0,OK
WIKIPEDIA,P1,898,39,1,118,WITHIN_SPLIT_PLACEBO,WITHIN_SPLIT,스,소크라테스는,0,0.011832642368972301,6,898.0,96.0,True,24897,24897,24897,24897,True,True,True,True,True,16560.0,2.0,-7.610560417175293,는,EXACT,OTHER,not_primary_class,False,True,-1.0,OK
WIKIPEDIA,P1,898,27,1,70,WITHIN_SPLIT_PLACEBO,WITHIN_SPLIT,스,소크라테스는,0,0.015776026993989944,6,898.0,107.0,True,24897,24897,24897,24897,True,True,True,True,True,16560.0,2.0,-7.2203593254089355,는,EXACT,OTHER,not_primary_class,False,True,-1.0,OK
WIKIPEDIA,P1,898,17,1,33,WITHIN_SPLIT_PLACEBO,WITHIN_SPLIT,식,방식으로,0,0.23519599437713623,3,898.0,109.0,True,76337,76337,76337,76337,True,True,True,True,True,130436.0,2.0,-5.030770301818848,침,WITHIN_SPLIT,OTHER,no_valid_adjacent_boundary,False,True,-1.0,OK
WIKIPEDIA,P1,898,5,1,9,WITHIN_SPLIT_PLACEBO,WITHIN_SPLIT,라,소크라테스는,0,0.037837330251932144,6,898.0,120.0,True,50340,50340,50340,50340,True,True,True,True,True,129615.0,2.0,-5.6768388748168945,라는,EXACT,OTHER,not_primary_class,False,True,-1.0,OK
WIKIPEDIA,P1,900,24,2,47,WITHIN_SPLIT_PLACEBO,WITHIN_SPLIT,전자,유전자와,0,1.2897670269012451,3,900.0,51.0,True,134064,134064,134064,134064,True,True,True,True,True,65865.0,2.0,-1.6430089473724365,전,WITHIN_SPLIT,OTHER,no_valid_adjacent_boundary,False,True,-1.0,OK
WIKIPEDIA,P1,901,5,1,16,WITHIN_SPLIT_PLACEBO,WITHIN_SPLIT, 구,구조를,1,3.7296972274780273,1,901.0,2.0,True,58777,132270,58777,132270,True,True,False,False,True,132270.0,2.0,-1.795446515083313, 현재,EXACT,OTHER,not_primary_class,True,False,1.0,OK
WIKIPEDIA,P1,902,24,1,70,WITHIN_SPLIT_PLACEBO,WITHIN_SPLIT, 질,질량과,0,1.6803748607635498,3,902.0,59.0,True,138519,138519,138519,138519,True,True,True,True,True,132028.0,2.0,-1.5414811372756958, 운,EXACT,OTHER,not_primary_class,False,True,-1.0,OK
WIKIPEDIA,P1,902,45,1,117,WITHIN_SPLIT_PLACEBO,WITHIN_SPLIT,칙,법칙을,0,0.0008870501769706607,3,902.0,114.0,True,135092,135092,135092,135092,True,True,True,True,True,29281.0,2.0,-10.406317710876465,정,WITHIN_SPLIT,OTHER,no_valid_adjacent_boundary,False,True,-1.0,OK
WIKIPEDIA,P1,905,16,2,52,WITHIN_SPLIT_PLACEBO,WITHIN_SPLIT,화,신화를,0,0.23959511518478394,3,905.0,48.0,True,56290,56290,56290,56290,True,True,True,True,True,51588.0,2.0,-5.403633117675781,문,WITHIN_SPLIT,OTHER,no_valid_adjacent_boundary,False,True,-1.0,OK
WIKIPEDIA,P1,905,23,2,80,WITHIN_SPLIT_PLACEBO,WITHIN_SPLIT, 특,특징이,0,0.16647663712501526,5,905.0,64.0,True,127820,127820,127820,127820,True,True,True,True,True,56419.0,2.0,-4.118387699127197, 전,EXACT,OTHER,not_primary_class,False,True,-1.0,OK
WIKIPEDIA,P1,905,27,3,97,WITHIN_SPLIT_PLACEBO,WITHIN_SPLIT,통,전통을,0,0.0012539137387648225,3,905.0,102.0,True,125160,125160,125160,125160,True,True,True,True,True,51588.0,2.0,-10.812592506408691,문,WITHIN_SPLIT,OTHER,no_valid_adjacent_boundary,False,True,-1.0,OK
WIKIPEDIA,P1,905,23,3,81,WITHIN_SPLIT_PLACEBO,WITHIN_SPLIT,징,특징이,0,0.004039090126752853,5,905.0,118.0,True,135946,135946,135946,135946,True,True,True,True,True,12802.0,3.0,-9.656609535217285,이,WITHIN_SPLIT,OTHER,no_valid_adjacent_boundary,False,True,-1.0,OK
WIKIPEDIA,P1,922,42,1,101,WITHIN_SPLIT_PLACEBO,WITHIN_SPLIT,통,“대통령은,0,0.12199544906616211,5,922.0,105.0,True,125160,125160,125160,125160,True,True,True,True,True,23573.0,2.0,-5.966730117797852,한,WITHIN_SPLIT,OTHER,within_split_not_single_local_morpheme,False,True,-1.0,OK
WIKIPEDIA,P1,927,6,3,13,WITHIN_SPLIT_PLACEBO,WITHIN_SPLIT,들,컵누들에,1,4.407070636749268,4,927.0,31.0,True,64850,129125,64850,129125,True,True,False,False,True,18411.0,2.0,-2.418753147125244,를,EXACT,OTHER,not_primary_class,False,False,0.0,OK
WIKIPEDIA,P1,930,3,3,11,WITHIN_SPLIT_PLACEBO,WITHIN_SPLIT,대,1960년대에,0,1.2527084350585938,7,930.0,4.0,True,66845,66845,66845,66845,True,True,True,True,True,19391.0,2.0,-3.8497118949890137,에,EXACT,OTHER,not_primary_class,False,True,-1.0,OK
WIKIPEDIA,P1,930,17,3,44,WITHIN_SPLIT_PLACEBO,WITHIN_SPLIT,볶,떡볶이는,0,2.010957717895508,6,930.0,45.0,True,145190,145190,145190,145190,True,True,True,True,True,17877.0,2.0,-3.0127694606781006,을,EXACT,OTHER,not_primary_class,False,True,-1.0,OK
WIKIPEDIA,P1,930,14,1,38,WITHIN_SPLIT_PLACEBO,WITHIN_SPLIT,식,음식은,0,0.002962866798043251,5,930.0,63.0,True,76337,76337,76337,76337,True,True,True,True,True,134794.0,2.0,-9.406488418579102,주는,CROSS_MORPHEME,NOMINAL_TO_PARTICLE,crossed_boundary,False,True,-1.0,OK
WIKIPEDIA,P1,930,31,1,95,WITHIN_SPLIT_PLACEBO,WITHIN_SPLIT,음,"음식으로,",0,0.00035710143856704235,5,930.0,83.0,True,234,234,234,234,True,True,True,True,True,226.0,2.0,-11.656274795532227,을,EXACT,OTHER,not_primary_class,False,True,-1.0,OK
WIKIPEDIA,P1,930,32,3,101,WITHIN_SPLIT_PLACEBO,WITHIN_SPLIT,장,고추장과,0,0.44314509630203247,4,930.0,105.0,True,40853,40853,40853,40853,True,True,True,True,True,137471.0,2.0,-2.597071647644043,장을,CROSS_MORPHEME,NOMINAL_TO_PARTICLE,crossed_boundary,False,True,-1.0,OK
WIKIPEDIA,P1,930,37,3,118,WITHIN_SPLIT_PLACEBO,WITHIN_SPLIT,볶,떡볶이는,0,0.4174114465713501,5,930.0,119.0,True,145190,145190,145190,145190,True,True,True,True,True,33704.0,2.0,-4.07152795791626,은,EXACT,OTHER,not_primary_class,False,True,-1.0,OK
WIKIPEDIA,P1,948,21,2,58,WITHIN_SPLIT_PLACEBO,WITHIN_SPLIT,속,금속의,0,2.3420767784118652,4,948.0,44.0,True,126299,126299,126299,126299,True,True,True,True,True,20401.0,2.0,-3.0038888454437256,의,WITHIN_SPLIT,OTHER,no_valid_adjacent_boundary,False,True,-1.0,OK
WIKIPEDIA,P1,202,0,1,0,WITHIN_SPLIT_PLACEBO,WITHIN_SPLIT, 중국,중국어를,1,4.456169605255127,1,950.0,8.0,False,138373,11,138373,11,True,True,False,False,True,143604.0,2.0,-2.474949836730957, 답변,EXACT,OTHER,not_primary_class,False,False,0.0,OK
WIKIPEDIA,P1,977,42,1,113,WITHIN_SPLIT_PLACEBO,WITHIN_SPLIT, 영,영향을,0,0.0028029466047883034,3,977.0,93.0,True,126440,126440,126440,126440,True,True,True,True,True,137525.0,2.0,-10.172080039978027, 변화,EXACT,OTHER,not_primary_class,False,True,-1.0,OK
WIKIPEDIA,P1,977,30,1,67,WITHIN_SPLIT_PLACEBO,WITHIN_SPLIT,도,수도의,0,0.028196532279253006,3,977.0,97.0,True,47985,47985,47985,47985,True,True,True,True,True,21329.0,2.0,-7.830667495727539,지,WITHIN_SPLIT,OTHER,no_valid_adjacent_boundary,False,True,-1.0,OK
WIKIPEDIA,P1,983,23,3,73,WITHIN_SPLIT_PLACEBO,WITHIN_SPLIT,탕,바탕으로,0,0.006590781267732382,3,983.0,54.0,True,144059,144059,144059,144059,True,True,True,True,True,139982.0,2.0,-8.422435760498047,틀,WITHIN_SPLIT,OTHER,no_valid_adjacent_boundary,False,True,-1.0,OK
WIKIPEDIA,P1,983,34,3,117,WITHIN_SPLIT_PLACEBO,WITHIN_SPLIT,탕,바탕으로,0,0.00216311844997108,3,983.0,98.0,True,144059,144059,144059,144059,True,True,True,True,True,139982.0,2.0,-9.437668800354004,틀,WITHIN_SPLIT,OTHER,no_valid_adjacent_boundary,False,True,-1.0,OK
WIKIPEDIA,P1,985,7,2,18,WITHIN_SPLIT_PLACEBO,WITHIN_SPLIT,국,영국의,1,0.7979210615158081,3,985.0,59.0,True,124785,129321,124785,129321,True,True,False,False,True,129321.0,2.0,-2.3390088081359863,향,WITHIN_SPLIT,OTHER,no_valid_adjacent_boundary,True,False,1.0,OK
WIKIPEDIA,P1,995,39,3,113,WITHIN_SPLIT_PLACEBO,WITHIN_SPLIT,설,역설은,0,0.002058827318251133,3,995.0,101.0,True,125624,125624,125624,125624,True,True,True,True,True,57852.0,2.0,-9.125174522399902, 설,EXACT,OTHER,not_primary_class,False,True,-1.0,OK
WIKIPEDIA,P1,996,11,1,31,WITHIN_SPLIT_PLACEBO,WITHIN_SPLIT,일,토요일이,0,1.7532495260238647,6,996.0,35.0,True,32077,32077,32077,32077,True,True,True,True,True,60315.0,2.0,-3.761178493499756,나,EXACT,OTHER,not_primary_class,False,True,-1.0,OK
FLORES,P1,2,25,1,58,NP_CROSS,CROSS_MORPHEME, 것을,것을,1,1.902869462966919,2,,,,129337,71108,129337,71108,True,True,False,False,True,71108.0,2.0,-1.2079564332962036, 것,EXACT,OTHER,not_primary_class,True,False,1.0,OK
FLORES,P1,4,33,2,66,NP_CROSS,CROSS_MORPHEME,상을,문학상을,1,1.7210047245025635,4,,,,136854,133373,136854,133373,True,True,False,False,True,55902.0,2.0,-0.9056509733200073,상,WITHIN_SPLIT,OTHER,no_valid_adjacent_boundary,False,False,0.0,OK
FLORES,P1,4,37,1,73,NP_CROSS,CROSS_MORPHEME,상을,문학상을,0,0.38692909479141235,3,,,,136854,136854,136854,136854,True,True,True,True,True,55902.0,2.0,-2.4594807624816895,상,WITHIN_SPLIT,OTHER,no_valid_adjacent_boundary,False,True,-1.0,OK
FLORES,P1,5,9,2,19,NP_CROSS,CROSS_MORPHEME, 저는,저는,1,3.165205478668213,2,,,,134561,54825,134561,54825,True,True,False,False,True,54825.0,3.0,-1.969079852104187, 그,EXACT,OTHER,not_primary_class,True,False,1.0,OK
FLORES,P1,12,6,2,20,NP_CROSS,CROSS_MORPHEME, 것으로,것으로,1,2.6332011222839355,3,,,,132091,128677,132091,128677,True,True,False,False,True,141541.0,2.0,-1.7494677305221558, 효과,EXACT,OTHER,not_primary_class,False,False,0.0,OK
FLORES,P1,14,19,3,53,NP_CROSS,CROSS_MORPHEME, 것을,것을,0,1.7513469457626343,1,,,,129337,129337,129337,129337,True,True,True,True,True,71108.0,4.0,-3.1842055320739746, 것,EXACT,OTHER,not_primary_class,False,True,-1.0,OK
FLORES,P1,14,21,1,59,NP_CROSS,CROSS_MORPHEME, 것을,것을,0,2.167451858520508,1,,,,129337,129337,129337,129337,True,True,True,True,True,71108.0,4.0,-3.215376853942871, 것,EXACT,OTHER,not_primary_class,False,True,-1.0,OK
FLORES,P1,15,0,1,0,NP_CROSS,CROSS_MORPHEME, 우리는,우리는,0,2.4600789546966553,1,,,,131746,131746,131746,131746,True,True,True,True,True,124830.0,2.0,-2.3926234245300293, 우리,EXACT,OTHER,not_primary_class,False,True,-1.0,OK
FLORES,P1,16,30,1,57,NP_CROSS,CROSS_MORPHEME, 것을,것을,0,2.1395010948181152,1,,,,129337,129337,129337,129337,True,True,True,True,True,71108.0,3.0,-3.165419578552246, 것,EXACT,OTHER,not_primary_class,False,True,-1.0,OK
FLORES,P1,17,17,3,44,NP_CROSS,CROSS_MORPHEME, 자신의,자신의,0,2.7472500801086426,1,,,,134748,134748,134748,134748,True,True,True,True,True,127218.0,2.0,-2.9897279739379883, 자신,EXACT,OTHER,not_primary_class,False,True,-1.0,OK
FLORES,P1,27,26,1,43,NP_CROSS,CROSS_MORPHEME, 것을,것을,1,4.404506683349609,4,,,,129337,124459,129337,124459,True,True,False,False,True,133152.0,2.0,-2.634922504425049, 국가,EXACT,OTHER,not_primary_class,False,False,0.0,OK
FLORES,P1,28,9,1,20,NP_CROSS,CROSS_MORPHEME, 동시에,"동시에,",1,2.2162744998931885,2,,,,143409,71108,143409,71108,True,True,False,False,True,71108.0,2.0,-1.3778332471847534, 것,EXACT,OTHER,not_primary_class,True,False,1.0,OK
FLORES,P1,28,19,1,42,NP_CROSS,CROSS_MORPHEME, 등의,등의,1,2.539702892303467,2,,,,136357,19391,136357,19391,True,True,False,False,True,77002.0,2.0,-1.8563798666000366, 등,EXACT,OTHER,not_primary_class,False,False,0.0,OK
FLORES,P1,31,11,2,24,NP_CROSS,CROSS_MORPHEME,력을,능력을,0,0.7844027280807495,3,,,,135818,135818,135818,135818,True,True,True,True,True,28754.0,2.0,-0.9312258958816528,력,WITHIN_SPLIT,OTHER,no_valid_adjacent_boundary,False,True,-1.0,OK
FLORES,P1,31,13,2,31,NP_CROSS,CROSS_MORPHEME, 때문에,"때문에,",0,0.32011082768440247,2,,,,129147,129147,129147,129147,True,True,True,True,True,126495.0,2.0,-3.412980794906616, 때문,EXACT,OTHER,not_primary_class,False,True,-1.0,OK
FLORES,P1,31,17,1,46,NP_CROSS,CROSS_MORPHEME,력을,능력을,0,0.6718679070472717,3,,,,135818,135818,135818,135818,True,True,True,True,True,28754.0,2.0,-1.025015115737915,력,WITHIN_SPLIT,OTHER,no_valid_adjacent_boundary,False,True,-1.0,OK
FLORES,P1,31,19,2,53,NP_CROSS,CROSS_MORPHEME, 때문에,"때문에,",0,0.2251998782157898,2,,,,129147,129147,129147,129147,True,True,True,True,True,126495.0,2.0,-3.884403944015503, 때문,EXACT,OTHER,not_primary_class,False,True,-1.0,OK
FLORES,P1,31,22,2,63,NP_CROSS,CROSS_MORPHEME,력을,능력을,0,0.5785646438598633,3,,,,135818,135818,135818,135818,True,True,True,True,True,28754.0,2.0,-1.3601691722869873,력,WITHIN_SPLIT,OTHER,no_valid_adjacent_boundary,False,True,-1.0,OK
FLORES,P1,31,24,1,70,NP_CROSS,CROSS_MORPHEME, 때문에,"때문에,",0,0.07251673936843872,2,,,,129147,129147,129147,129147,True,True,True,True,True,126495.0,2.0,-5.182328701019287, 때문,EXACT,OTHER,not_primary_class,False,True,-1.0,OK
FLORES,P1,31,26,3,80,NP_CROSS,CROSS_MORPHEME,력을,능력을,0,0.2972358763217926,3,,,,135818,135818,135818,135818,True,True,True,True,True,28754.0,2.0,-2.4642410278320312,력,WITHIN_SPLIT,OTHER,no_valid_adjacent_boundary,False,True,-1.0,OK
FLORES,P1,31,28,2,87,NP_CROSS,CROSS_MORPHEME, 때문에,"때문에,",0,0.030777866020798683,2,,,,129147,129147,129147,129147,True,True,True,True,True,126495.0,2.0,-6.160133361816406, 때문,EXACT,OTHER,not_primary_class,False,True,-1.0,OK
FLORES,P1,31,30,4,97,NP_CROSS,CROSS_MORPHEME,력을,능력을,0,0.14303061366081238,3,,,,135818,135818,135818,135818,True,True,True,True,True,28754.0,2.0,-3.454094886779785,력,WITHIN_SPLIT,OTHER,no_valid_adjacent_boundary,False,True,-1.0,OK
FLORES,P1,31,32,3,104,NP_CROSS,CROSS_MORPHEME, 때문에,"때문에,",0,0.018266335129737854,2,,,,129147,129147,129147,129147,True,True,True,True,True,126495.0,2.0,-6.799046039581299, 때문,EXACT,OTHER,not_primary_class,False,True,-1.0,OK
FLORES,P1,31,35,1,114,NP_CROSS,CROSS_MORPHEME,력을,능력을,0,0.08640647679567337,3,,,,135818,135818,135818,135818,True,True,True,True,True,28754.0,2.0,-4.094973564147949,력,WITHIN_SPLIT,OTHER,no_valid_adjacent_boundary,False,True,-1.0,OK
FLORES,P1,31,36,4,121,NP_CROSS,CROSS_MORPHEME, 때문에,때문에,0,0.010008830577135086,2,,,,129147,129147,129147,129147,True,True,True,True,True,126495.0,2.0,-7.4698405265808105, 때문,EXACT,OTHER,not_primary_class,False,True,-1.0,OK
FLORES,P1,32,26,1,63,NP_CROSS,CROSS_MORPHEME,리를,다리를,1,2.4257774353027344,3,,,,133886,93672,133886,93672,True,True,False,False,True,28002.0,2.0,-2.2830870151519775,리,WITHIN_SPLIT,OTHER,no_valid_adjacent_boundary,False,False,0.0,OK
FLORES,P1,33,7,1,17,NP_CROSS,CROSS_MORPHEME, 것을,것을,0,2.209070920944214,1,,,,129337,129337,129337,129337,True,True,True,True,True,130037.0,2.0,-1.3595960140228271, 사실,EXACT,OTHER,not_primary_class,False,True,-1.0,OK
FLORES,P1,35,4,2,12,NP_CROSS,CROSS_MORPHEME,자를,부상자를,1,1.6724085807800293,3,,,,135184,130427,135184,130427,True,True,False,False,True,25715.0,2.0,-1.4084060192108154,자,WITHIN_SPLIT,OTHER,no_valid_adjacent_boundary,False,False,0.0,OK
FLORES,P1,36,12,2,25,NP_CROSS,CROSS_MORPHEME, 것으로,것으로,0,4.4491448402404785,1,,,,132091,132091,132091,132091,True,True,True,True,True,32129.0,2.0,-3.00317120552063, 사,EXACT,OTHER,not_primary_class,False,True,-1.0,OK
FLORES,P1,37,7,1,19,NP_CROSS,CROSS_MORPHEME, 것을,것을,0,0.8517155647277832,1,,,,129337,129337,129337,129337,True,True,True,True,True,130037.0,2.0,-1.3801240921020508, 사실,EXACT,OTHER,not_primary_class,False,True,-1.0,OK
FLORES,P1,45,16,1,32,NP_CROSS,CROSS_MORPHEME,상을,인상을,0,0.9607604742050171,2,,,,136854,136854,136854,136854,True,True,True,True,True,55902.0,2.0,-2.479559898376465,상,WITHIN_SPLIT,OTHER,no_valid_adjacent_boundary,False,True,-1.0,OK
FLORES,P1,46,15,2,33,NP_CROSS,CROSS_MORPHEME, 때문에,"때문에,",0,0.18663616478443146,1,,,,129147,129147,129147,129147,True,True,True,True,True,126495.0,2.0,-4.561069488525391, 때문,EXACT,OTHER,not_primary_class,False,True,-1.0,OK
FLORES,P1,47,0,3,2,NP_CROSS,CROSS_MORPHEME,리는,"""우리는",0,0.904499888420105,3,,,,132920,132920,132920,132920,True,True,True,True,True,28002.0,2.0,-0.774420976638794,리,WITHIN_SPLIT,OTHER,nearest_adjacent_boundary,False,True,-1.0,OK
FLORES,P1,54,11,4,38,NP_CROSS,CROSS_MORPHEME, 것을,것을,0,3.796783685684204,1,,,,129337,129337,129337,129337,True,True,True,True,True,135797.0,2.0,-2.248110771179199, 요구,EXACT,OTHER,not_primary_class,False,True,-1.0,OK
FLORES,P1,55,27,3,61,NP_CROSS,CROSS_MORPHEME, 것을,것을,0,1.9944831132888794,1,,,,129337,129337,129337,129337,True,True,True,True,True,71108.0,3.0,-2.1453311443328857, 것,EXACT,OTHER,not_primary_class,False,True,-1.0,OK
FLORES,P1,59,6,1,10,NP_CROSS,CROSS_MORPHEME,점을,초점을,0,0.5170764327049255,2,,,,138913,138913,138913,138913,True,True,True,True,True,126333.0,2.0,-1.6276111602783203,점,WITHIN_SPLIT,OTHER,no_valid_adjacent_boundary,False,True,-1.0,OK
FLORES,P1,63,11,3,31,NP_CROSS,CROSS_MORPHEME, 이를,이를,1,2.811922788619995,1,,,,136342,139484,136342,139484,True,True,False,False,True,23084.0,2.0,-1.6118358373641968, 이,EXACT,OTHER,not_primary_class,False,False,0.0,OK
FLORES,P1,64,23,2,50,NP_CROSS,CROSS_MORPHEME, 것을,것을,0,2.8034486770629883,1,,,,129337,129337,129337,129337,True,True,True,True,True,71108.0,4.0,-2.597054958343506, 것,EXACT,OTHER,not_primary_class,False,True,-1.0,OK
FLORES,P1,65,1,1,1,NP_CROSS,CROSS_MORPHEME,회의,국회의회관이,0,0.872330904006958,4,,,,134379,134379,134379,134379,True,True,True,True,True,125054.0,2.0,-1.4631716012954712,무,WITHIN_SPLIT,OTHER,no_valid_adjacent_boundary,False,True,-1.0,OK
FLORES,P1,66,11,4,21,NP_CROSS,CROSS_MORPHEME,점을,70점을,0,1.7721015214920044,3,,,,138913,138913,138913,138913,True,True,True,True,True,59761.0,2.0,-1.2442721128463745,개,EXACT,OTHER,not_primary_class,False,True,-1.0,OK
FLORES,P1,68,10,4,24,NP_CROSS,CROSS_MORPHEME,점을,36점을,0,1.4035425186157227,3,,,,138913,138913,138913,138913,True,True,True,True,True,126333.0,2.0,-1.519001841545105,점,EXACT,OTHER,not_primary_class,False,True,-1.0,OK
FLORES,P1,72,34,1,65,NP_CROSS,CROSS_MORPHEME, 것으로,것으로,1,2.5471200942993164,2,,,,132091,94315,132091,94315,True,True,False,False,True,81718.0,2.0,-2.6422581672668457, 바,EXACT,OTHER,not_primary_class,False,False,0.0,OK
FLORES,P1,75,14,1,31,NP_CROSS,CROSS_MORPHEME, 것을,것을,0,1.9129009246826172,1,,,,129337,129337,129337,129337,True,True,True,True,True,71108.0,2.0,-2.5189321041107178, 것,EXACT,OTHER,not_primary_class,False,True,-1.0,OK
FLORES,P1,76,10,1,26,NP_CROSS,CROSS_MORPHEME, 것을,것을,1,2.855821371078491,1,,,,129337,128584,129337,128584,True,True,False,False,True,66790.0,2.0,-2.760573387145996, 지,EXACT,OTHER,not_primary_class,False,False,0.0,OK
FLORES,P1,87,15,4,36,NP_CROSS,CROSS_MORPHEME, 우리가,우리가,0,2.348191499710083,1,,,,131025,131025,131025,131025,True,True,True,True,True,124830.0,2.0,-2.1676974296569824, 우리,EXACT,OTHER,not_primary_class,False,True,-1.0,OK
FLORES,P1,88,12,4,35,NP_CROSS,CROSS_MORPHEME, 것을,것을,1,3.8018312454223633,3,,,,129337,136541,129337,136541,True,True,False,False,True,71108.0,2.0,-2.2067558765411377, 것,EXACT,OTHER,not_primary_class,False,False,0.0,OK
FLORES,P1,89,10,1,27,NP_CROSS,CROSS_MORPHEME, 것을,것을,0,2.388608694076538,1,,,,129337,129337,129337,129337,True,True,True,True,True,71108.0,2.0,-1.572557806968689, 것,EXACT,OTHER,not_primary_class,False,True,-1.0,OK
FLORES,P1,94,6,1,12,NP_CROSS,CROSS_MORPHEME,기가,연기가,0,1.705925464630127,2,,,,136125,136125,136125,136125,True,True,True,True,True,43590.0,3.0,-3.0897693634033203,소,WITHIN_SPLIT,OTHER,no_valid_adjacent_boundary,False,True,-1.0,OK
FLORES,P1,94,6,4,15,NP_CROSS,CROSS_MORPHEME, 것을,것을,0,0.963918924331665,1,,,,129337,129337,129337,129337,True,True,True,True,True,71108.0,2.0,-2.535630226135254, 것,EXACT,OTHER,not_primary_class,False,True,-1.0,OK
FLORES,P1,108,46,1,71,NP_CROSS,CROSS_MORPHEME, 것을,것을,1,2.232663869857788,2,,,,129337,71108,129337,71108,True,True,False,False,True,28733.0,2.0,-1.4682910442352295, 수,EXACT,OTHER,not_primary_class,False,False,0.0,OK
FLORES,P1,112,11,1,18,NP_CROSS,CROSS_MORPHEME, 것을,것을,1,3.1157984733581543,1,,,,129337,132091,129337,132091,True,True,False,False,True,71108.0,3.0,-2.021719455718994, 것,EXACT,OTHER,not_primary_class,False,False,0.0,OK
FLORES,P1,115,16,1,29,NP_CROSS,CROSS_MORPHEME, 등의,등의,1,2.8753597736358643,1,,,,136357,77002,136357,77002,True,True,False,False,True,77002.0,2.0,-1.6937109231948853, 등,EXACT,OTHER,not_primary_class,True,False,1.0,OK
FLORES,P1,119,5,3,19,NP_CROSS,CROSS_MORPHEME,장을,"1,000장을",1,2.911202907562256,6,,,,137471,59761,137471,59761,True,True,False,False,True,40853.0,2.0,-1.7139118909835815,장,EXACT,OTHER,not_primary_class,False,False,0.0,OK
FLORES,P1,119,7,1,23,NP_CROSS,CROSS_MORPHEME,자를,종자를,1,2.759631872177124,3,,,,135184,12802,135184,12802,True,True,False,False,True,17877.0,2.0,-1.541791319847107,을,EXACT,OTHER,not_primary_class,False,False,0.0,OK
FLORES,P1,124,3,1,10,NP_CROSS,CROSS_MORPHEME,자는,운전자는,1,1.58063805103302,3,,,,132343,130427,132343,130427,True,True,False,False,True,55054.0,4.0,-2.626410484313965,사,WITHIN_SPLIT,OTHER,no_valid_adjacent_boundary,False,False,0.0,OK
FLORES,P1,129,17,1,32,NP_CROSS,CROSS_MORPHEME, 것을,것을,0,1.9712177515029907,1,,,,129337,129337,129337,129337,True,True,True,True,True,134952.0,2.0,-1.9079310894012451, 목,EXACT,OTHER,not_primary_class,False,True,-1.0,OK
FLORES,P1,131,10,1,19,NP_CROSS,CROSS_MORPHEME, 것을,것을,1,3.6112844944000244,2,,,,129337,127042,129337,127042,True,True,False,False,True,140546.0,2.0,-1.9455430507659912, 여성,EXACT,OTHER,not_primary_class,False,False,0.0,OK
FLORES,P1,131,11,1,20,NP_CROSS,CROSS_MORPHEME,력을,노력을,0,1.5844674110412598,2,,,,135818,135818,135818,135818,True,True,True,True,True,127027.0,2.0,-2.9986653327941895,예,WITHIN_SPLIT,OTHER,no_valid_adjacent_boundary,False,True,-1.0,OK
FLORES,P1,132,16,4,41,NP_CROSS,CROSS_MORPHEME, 것을,것을,0,4.423552513122559,1,,,,129337,129337,129337,129337,True,True,True,True,True,131508.0,3.0,-2.7993454933166504, 사람들,CROSS_MORPHEME,LEXICAL_TO_LEXICAL,crossed_boundary,False,True,-1.0,OK
FLORES,P1,140,41,2,97,NP_CROSS,CROSS_MORPHEME,기가,물고기가,0,0.09382285177707672,3,,,,136125,136125,136125,136125,True,True,True,True,True,20487.0,2.0,-4.624612808227539,기,WITHIN_SPLIT,OTHER,no_valid_adjacent_boundary,False,True,-1.0,OK
FLORES,P1,141,15,4,23,NP_CROSS,CROSS_MORPHEME,자는,관계자는,0,0.61400306224823,3,,,,132343,132343,132343,132343,True,True,True,True,True,25715.0,2.0,-2.3329668045043945,자,WITHIN_SPLIT,OTHER,no_valid_adjacent_boundary,False,True,-1.0,OK
FLORES,P1,144,10,3,23,NP_CROSS,CROSS_MORPHEME, 것을,것을,0,1.8921246528625488,1,,,,129337,129337,129337,129337,True,True,True,True,True,71108.0,2.0,-1.3020013570785522, 것,EXACT,OTHER,not_primary_class,False,True,-1.0,OK
FLORES,P1,146,26,1,45,NP_CROSS,CROSS_MORPHEME, 것을,것을,1,2.8897666931152344,2,,,,129337,98801,129337,98801,True,True,False,False,True,98801.0,3.0,-2.8492984771728516, 결과,EXACT,OTHER,not_primary_class,True,False,1.0,OK
FLORES,P1,156,20,2,45,NP_CROSS,CROSS_MORPHEME, 것을,것을,0,1.7631194591522217,1,,,,129337,129337,129337,129337,True,True,True,True,True,130037.0,6.0,-3.6569714546203613, 사실,EXACT,OTHER,not_primary_class,False,True,-1.0,OK
FLORES,P1,157,26,3,59,NP_CROSS,CROSS_MORPHEME,기에,위기에,1,1.6924861669540405,3,,,,132264,125341,132264,125341,True,True,False,False,True,125341.0,2.0,-1.2804290056228638,험,WITHIN_SPLIT,OTHER,no_valid_adjacent_boundary,True,False,1.0,OK
FLORES,P1,160,15,1,35,NP_CROSS,CROSS_MORPHEME, 것으로,것으로,1,1.7447993755340576,5,,,,132091,3315,132091,3315,True,True,False,False,True,71108.0,2.0,-1.1072134971618652, 것,EXACT,OTHER,not_primary_class,False,False,0.0,OK
FLORES,P1,162,24,1,49,NP_CROSS,CROSS_MORPHEME, 것을,것을,0,4.063609600067139,1,,,,129337,129337,129337,129337,True,True,True,True,True,92751.0,2.0,-2.313539981842041, 관,EXACT,OTHER,not_primary_class,False,True,-1.0,OK
FLORES,P1,162,25,1,52,NP_CROSS,CROSS_MORPHEME, 것은,"것은,",1,4.5648064613342285,2,,,,129274,71108,129274,71108,True,True,False,False,True,11.0,3.0,-2.89278507232666,",",EXACT,OTHER,not_primary_class,False,False,0.0,OK
FLORES,P1,167,1,2,2,NP_CROSS,CROSS_MORPHEME,자는,참가자는,1,1.0016847848892212,4,,,,132343,25715,132343,25715,True,True,False,False,True,25715.0,2.0,-1.0598750114440918,자,WITHIN_SPLIT,OTHER,no_valid_adjacent_boundary,True,False,1.0,OK
FLORES,P1,171,15,1,42,NP_CROSS,CROSS_MORPHEME,점을,초점을,0,0.2747119069099426,2,,,,138913,138913,138913,138913,True,True,True,True,True,126333.0,2.0,-2.846839427947998,점,WITHIN_SPLIT,OTHER,no_valid_adjacent_boundary,False,True,-1.0,OK
FLORES,P1,174,9,1,22,NP_CROSS,CROSS_MORPHEME, 것으로,것으로,0,2.3511176109313965,1,,,,132091,132091,132091,132091,True,True,True,True,True,142180.0,2.0,-3.6716275215148926, 가운데,EXACT,OTHER,not_primary_class,False,True,-1.0,OK
FLORES,P1,180,2,1,5,NP_CROSS,CROSS_MORPHEME,기는,"경기는,",0,1.4630615711212158,2,,,,135854,135854,135854,135854,True,True,True,True,True,20487.0,2.0,-1.56943678855896,기,WITHIN_SPLIT,OTHER,no_valid_adjacent_boundary,False,True,-1.0,OK
FLORES,P1,199,12,2,29,NP_CROSS,CROSS_MORPHEME,자는,운전자는,0,1.6093451976776123,3,,,,132343,132343,132343,132343,True,True,True,True,True,55054.0,4.0,-2.8200135231018066,사,WITHIN_SPLIT,OTHER,no_valid_adjacent_boundary,False,True,-1.0,OK
FLORES,P1,209,19,1,36,NP_CROSS,CROSS_MORPHEME, 것으로,것으로,0,2.9945032596588135,1,,,,132091,132091,132091,132091,True,True,True,True,True,71108.0,2.0,-1.9327913522720337, 것,EXACT,OTHER,not_primary_class,False,True,-1.0,OK
FLORES,P1,209,47,1,127,NP_CROSS,CROSS_MORPHEME, 것으로,것으로,0,0.004323869943618774,1,,,,132091,132091,132091,132091,True,True,True,True,True,1.0,2.0,-8.094193458557129,"""",EXACT,OTHER,not_primary_class,False,True,-1.0,OK
FLORES,P1,211,1,2,2,NP_CROSS,CROSS_MORPHEME,자는,환자는,0,1.2298040390014648,3,,,,132343,132343,132343,132343,True,True,True,True,True,25715.0,2.0,-1.516377329826355,자,WITHIN_SPLIT,OTHER,no_valid_adjacent_boundary,False,True,-1.0,OK
FLORES,P1,212,11,3,38,NP_CROSS,CROSS_MORPHEME, 것을,것을,1,2.7620439529418945,3,,,,129337,45710,129337,45710,True,True,False,False,True,49052.0,2.0,-1.80615234375, 경우,EXACT,OTHER,not_primary_class,False,False,0.0,OK
FLORES,P1,217,3,2,10,NP_CROSS,CROSS_MORPHEME,기를,항공기를,1,1.4292306900024414,3,,,,131777,136125,131777,136125,True,True,False,False,True,20487.0,3.0,-1.4614746570587158,기,WITHIN_SPLIT,OTHER,no_valid_adjacent_boundary,False,False,0.0,OK
FLORES,P1,217,13,1,22,NP_CROSS,CROSS_MORPHEME, 것을,것을,0,2.289536476135254,1,,,,129337,129337,129337,129337,True,True,True,True,True,60039.0,3.0,-3.4491171836853027, 정보,EXACT,OTHER,not_primary_class,False,True,-1.0,OK
FLORES,P1,218,5,2,7,NP_CROSS,CROSS_MORPHEME,기가,비행기가,0,1.2883692979812622,3,,,,136125,136125,136125,136125,True,True,True,True,True,20487.0,3.0,-2.2943949699401855,기,WITHIN_SPLIT,OTHER,no_valid_adjacent_boundary,False,True,-1.0,OK
FLORES,P1,219,4,2,11,NP_CROSS,CROSS_MORPHEME,기가,비행기가,1,1.188014268875122,3,,,,136125,135854,136125,135854,True,True,False,False,True,20487.0,3.0,-3.102126121520996,기,WITHIN_SPLIT,OTHER,no_valid_adjacent_boundary,False,False,0.0,OK
FLORES,P1,221,4,3,8,NP_CROSS,CROSS_MORPHEME,기가,항공기가,0,1.2761807441711426,3,,,,136125,136125,136125,136125,True,True,True,True,True,20487.0,2.0,-1.52870512008667,기,WITHIN_SPLIT,OTHER,no_valid_adjacent_boundary,False,True,-1.0,OK
FLORES,P1,227,12,1,29,NP_CROSS,CROSS_MORPHEME,상을,부상을,0,1.0967228412628174,2,,,,136854,136854,136854,136854,True,True,True,True,True,55902.0,2.0,-0.815914511680603,상,WITHIN_SPLIT,OTHER,no_valid_adjacent_boundary,False,True,-1.0,OK
FLORES,P1,238,7,1,14,NP_CROSS,CROSS_MORPHEME,자가,사용자가,1,1.231795072555542,2,,,,130427,131958,130427,131958,True,True,False,False,True,25715.0,2.0,-1.214306354522705,자,WITHIN_SPLIT,OTHER,no_valid_adjacent_boundary,False,False,0.0,OK
FLORES,P1,242,26,2,45,NP_CROSS,CROSS_MORPHEME,상을,손상을,0,0.7056972980499268,3,,,,136854,136854,136854,136854,True,True,True,True,True,55902.0,2.0,-1.239088535308838,상,WITHIN_SPLIT,OTHER,no_valid_adjacent_boundary,False,True,-1.0,OK
FLORES,P1,242,27,2,49,NP_CROSS,CROSS_MORPHEME, 때문에,때문에,0,0.6330035328865051,1,,,,129147,129147,129147,129147,True,True,True,True,True,126495.0,2.0,-2.163879156112671, 때문,EXACT,OTHER,not_primary_class,False,True,-1.0,OK
FLORES,P1,247,13,1,29,NP_CROSS,CROSS_MORPHEME, 우리가,우리가,1,3.8865246772766113,3,,,,131025,124657,131025,124657,True,True,False,False,True,55673.0,3.0,-2.490039348602295, 주,EXACT,OTHER,not_primary_class,False,False,0.0,OK
FLORES,P1,248,19,4,54,NP_CROSS,CROSS_MORPHEME, 때문에,때문에,0,0.07270358502864838,1,,,,129147,129147,129147,129147,True,True,True,True,True,17380.0,2.0,-5.41529655456543,로,EXACT,OTHER,not_primary_class,False,True,-1.0,OK
FLORES,P1,252,10,3,28,NP_CROSS,CROSS_MORPHEME,기를,전기를,0,0.8693762421607971,2,,,,131777,131777,131777,131777,True,True,True,True,True,20487.0,2.0,-1.941939115524292,기,WITHIN_SPLIT,OTHER,no_valid_adjacent_boundary,False,True,-1.0,OK
FLORES,P1,261,0,1,0,NP_CROSS,CROSS_MORPHEME, 나는,나는,1,3.562047243118286,1,,,,132311,134561,132311,134561,True,True,False,False,True,358.0,2.0,-1.8853932619094849, I,EXACT,OTHER,not_primary_class,False,False,0.0,OK
FLORES,P1,272,1,4,4,NP_CROSS,CROSS_MORPHEME,기는,무기는,1,1.792589783668518,2,,,,135854,136125,135854,136125,True,True,False,False,True,20487.0,2.0,-1.4630365371704102,기,WITHIN_SPLIT,OTHER,no_valid_adjacent_boundary,False,False,0.0,OK
FLORES,P1,279,9,4,20,NP_CROSS,CROSS_MORPHEME,성이,여성이,0,2.2316126823425293,2,,,,137032,137032,137032,137032,True,True,True,True,True,25715.0,3.0,-2.2982535362243652,자,WITHIN_SPLIT,OTHER,no_valid_adjacent_boundary,False,True,-1.0,OK
FLORES,P1,281,15,1,21,NP_CROSS,CROSS_MORPHEME,자가,피해자가,1,1.2505725622177124,3,,,,130427,25715,130427,25715,True,True,False,False,True,25715.0,2.0,-0.9119997024536133,자,WITHIN_SPLIT,OTHER,no_valid_adjacent_boundary,True,False,1.0,OK
FLORES,P1,282,5,1,11,NP_CROSS,CROSS_MORPHEME, 사람이,사람이,0,1.6417837142944336,1,,,,133166,133166,133166,133166,True,True,True,True,True,130345.0,2.0,-1.40402352809906, 명,EXACT,OTHER,not_primary_class,False,True,-1.0,OK
FLORES,P1,283,1,3,3,NP_CROSS,CROSS_MORPHEME,자는,운전자는,1,1.6922595500946045,3,,,,132343,130427,132343,130427,True,True,False,False,True,55054.0,4.0,-3.0108718872070312,사,WITHIN_SPLIT,OTHER,no_valid_adjacent_boundary,False,False,0.0,OK
FLORES,P1,283,5,2,14,NP_CROSS,CROSS_MORPHEME,상을,손상을,0,0.7322157621383667,3,,,,136854,136854,136854,136854,True,True,True,True,True,55902.0,2.0,-1.0433366298675537,상,WITHIN_SPLIT,OTHER,no_valid_adjacent_boundary,False,True,-1.0,OK
FLORES,P1,289,12,2,33,NP_CROSS,CROSS_MORPHEME, 것으로,것으로,1,2.2825722694396973,3,,,,132091,126440,132091,126440,True,True,False,False,True,21329.0,3.0,-2.8300530910491943,지,WITHIN_SPLIT,OTHER,no_valid_adjacent_boundary,False,False,0.0,OK
FLORES,P1,289,15,1,40,NP_CROSS,CROSS_MORPHEME, 것을,것을,1,1.9927196502685547,3,,,,129337,18585,129337,18585,True,True,False,False,True,130037.0,3.0,-3.1100211143493652, 사실,EXACT,OTHER,not_primary_class,False,False,0.0,OK
FLORES,P1,289,18,1,46,NP_CROSS,CROSS_MORPHEME, 이를,이를,1,4.986080169677734,1,,,,136342,139764,136342,139764,True,True,False,False,True,38150.0,3.0,-3.249187707901001, 입,EXACT,OTHER,not_primary_class,False,False,0.0,OK
FLORES,P1,290,22,2,39,NP_CROSS,CROSS_MORPHEME, 등의,등의,1,2.604182720184326,1,,,,136357,129337,136357,129337,True,True,False,False,True,77002.0,2.0,-1.476593255996704, 등,EXACT,OTHER,not_primary_class,False,False,0.0,OK
FLORES,P1,294,2,1,4,NP_CROSS,CROSS_MORPHEME,엘이,이스라엘이,0,0.00940288882702589,5,,,,62618,62618,62618,62618,True,True,True,True,True,19289.0,15.0,-12.336889266967773,vere,EXACT,OTHER,not_primary_class,False,True,-1.0,OK
FLORES,P1,294,28,1,66,NP_CROSS,CROSS_MORPHEME, 것을,것을,0,1.5440974235534668,1,,,,129337,129337,129337,129337,True,True,True,True,True,28733.0,2.0,-1.987366795539856, 수,EXACT,OTHER,not_primary_class,False,True,-1.0,OK
FLORES,P1,299,2,1,3,NP_CROSS,CROSS_MORPHEME,리는,마르텔리는,1,1.2906877994537354,5,,,,132920,28002,132920,28002,True,True,False,False,True,28002.0,2.0,-1.0788745880126953,리,WITHIN_SPLIT,OTHER,no_valid_adjacent_boundary,True,False,1.0,OK
FLORES,P1,303,21,2,47,NP_CROSS,CROSS_MORPHEME,상을,화상을,0,1.7995431423187256,3,,,,136854,136854,136854,136854,True,True,True,True,True,55902.0,2.0,-1.7409884929656982,상,WITHIN_SPLIT,OTHER,no_valid_adjacent_boundary,False,True,-1.0,OK
FLORES,P1,305,11,1,29,NP_CROSS,CROSS_MORPHEME,사는,회사는,0,0.545075535774231,2,,,,136294,136294,136294,136294,True,True,True,True,True,55054.0,2.0,-1.50409996509552,사,WITHIN_SPLIT,OTHER,no_valid_adjacent_boundary,False,True,-1.0,OK
FLORES,P1,315,8,1,14,NP_CROSS,CROSS_MORPHEME,음을,발걸음을,1,0.7741597890853882,4,,,,138349,48431,138349,48431,True,True,False,False,True,48431.0,2.0,-0.7859585881233215,음,WITHIN_SPLIT,OTHER,no_valid_adjacent_boundary,True,False,1.0,OK
FLORES,P1,318,8,3,26,NP_CROSS,CROSS_MORPHEME, 것을,것을,0,1.7098784446716309,1,,,,129337,129337,129337,129337,True,True,True,True,True,98801.0,2.0,-2.4467804431915283, 결과,EXACT,OTHER,not_primary_class,False,True,-1.0,OK
FLORES,P1,322,4,1,12,NP_CROSS,CROSS_MORPHEME, 내가,내가,1,4.715481758117676,2,,,,131277,73518,131277,73518,True,True,False,False,True,73518.0,2.0,-3.1490345001220703, 나,EXACT,OTHER,not_primary_class,True,False,1.0,OK
FLORES,P1,325,21,3,44,NP_CROSS,CROSS_MORPHEME, 것을,것을,1,2.9633162021636963,2,,,,129337,130882,129337,130882,True,True,False,False,True,124970.0,3.0,-2.530869483947754, 의,EXACT,OTHER,not_primary_class,False,False,0.0,OK
FLORES,P1,327,15,3,36,NP_CROSS,CROSS_MORPHEME,기를,경기를,0,1.0281167030334473,2,,,,131777,131777,131777,131777,True,True,True,True,True,20487.0,2.0,-1.3668758869171143,기,WITHIN_SPLIT,OTHER,no_valid_adjacent_boundary,False,True,-1.0,OK
FLORES,P1,327,22,1,53,NP_CROSS,CROSS_MORPHEME, 때문에,때문에,1,1.70610511302948,3,,,,129147,12802,129147,12802,True,True,False,False,True,12802.0,2.0,-1.5316429138183594,이,EXACT,OTHER,not_primary_class,True,False,1.0,OK
FLORES,P1,327,24,2,56,NP_CROSS,CROSS_MORPHEME, 때문에,때문에,0,0.6452248096466064,1,,,,129147,129147,129147,129147,True,True,True,True,True,137141.0,2.0,-2.1775619983673096, 때문이다,CROSS_MORPHEME,MULTI_BOUNDARY,crossed_boundary,False,True,-1.0,OK
FLORES,P1,331,9,1,15,NP_CROSS,CROSS_MORPHEME, 것으로,것으로도,1,4.455826759338379,1,,,,132091,142724,132091,142724,True,True,False,False,True,71108.0,2.0,-2.6066577434539795, 것,EXACT,OTHER,not_primary_class,False,False,0.0,OK
FLORES,P1,340,15,1,38,NP_CROSS,CROSS_MORPHEME, 것을,것을,0,2.2041475772857666,1,,,,129337,129337,129337,129337,True,True,True,True,True,130822.0,2.0,-1.2568773031234741,다는,WITHIN_SPLIT,OTHER,no_valid_adjacent_boundary,False,True,-1.0,OK
FLORES,P1,341,24,4,58,NP_CROSS,CROSS_MORPHEME, 것으로,것으로,0,3.9178619384765625,1,,,,132091,132091,132091,132091,True,True,True,True,True,71108.0,2.0,-2.1366119384765625, 것,EXACT,OTHER,not_primary_class,False,True,-1.0,OK
FLORES,P1,344,7,4,19,NP_CROSS,CROSS_MORPHEME, 그것은,그것은,0,2.2993507385253906,1,,,,136742,136742,136742,136742,True,True,True,True,True,126038.0,2.0,-2.1377968788146973, 그것,EXACT,OTHER,not_primary_class,False,True,-1.0,OK
FLORES,P1,348,20,3,42,NP_CROSS,CROSS_MORPHEME,자가,전자가,0,1.2381823062896729,2,,,,130427,130427,130427,130427,True,True,True,True,True,25715.0,3.0,-1.7605323791503906,자,WITHIN_SPLIT,OTHER,no_valid_adjacent_boundary,False,True,-1.0,OK
FLORES,P1,356,20,1,44,NP_CROSS,CROSS_MORPHEME, 우리가,우리가,1,3.1182734966278076,1,,,,131025,137808,131025,137808,True,True,False,False,True,136605.0,3.0,-1.9635354280471802, 일부,EXACT,OTHER,not_primary_class,False,False,0.0,OK
FLORES,P1,356,44,3,105,NP_CROSS,CROSS_MORPHEME, 우리의,우리의,0,0.6970622539520264,1,,,,137808,137808,137808,137808,True,True,True,True,True,124657.0,2.0,-2.6416594982147217, 우,EXACT,OTHER,not_primary_class,False,True,-1.0,OK
FLORES,P1,357,17,2,38,NP_CROSS,CROSS_MORPHEME, 것은,것은,1,4.48734188079834,2,,,,129274,60960,129274,60960,True,True,False,False,True,129359.0,2.0,-2.7179296016693115, 장,EXACT,OTHER,not_primary_class,False,False,0.0,OK
FLORES,P1,364,11,2,26,NP_CROSS,CROSS_MORPHEME,성이,여성이,0,1.9478198289871216,3,,,,137032,137032,137032,137032,True,True,True,True,True,25715.0,3.0,-2.386110782623291,자,WITHIN_SPLIT,OTHER,no_valid_adjacent_boundary,False,True,-1.0,OK
FLORES,P1,365,0,2,1,NP_CROSS,CROSS_MORPHEME,성이,여성이,0,2.7207841873168945,2,,,,137032,137032,137032,137032,True,True,True,True,True,25715.0,2.0,-1.8437782526016235,자,WITHIN_SPLIT,OTHER,no_valid_adjacent_boundary,False,True,-1.0,OK
FLORES,P1,367,10,2,18,NP_CROSS,CROSS_MORPHEME,리를,거리를,0,0.5743763446807861,2,,,,133886,133886,133886,133886,True,True,True,True,True,28002.0,2.0,-1.5444676876068115,리,WITHIN_SPLIT,OTHER,no_valid_adjacent_boundary,False,True,-1.0,OK
FLORES,P1,367,15,1,30,NP_CROSS,CROSS_MORPHEME,리를,거리를,0,0.6411784887313843,2,,,,133886,133886,133886,133886,True,True,True,True,True,28002.0,2.0,-1.3560278415679932,리,WITHIN_SPLIT,OTHER,no_valid_adjacent_boundary,False,True,-1.0,OK
FLORES,P1,367,22,2,54,NP_CROSS,CROSS_MORPHEME,리를,거리를,0,0.08336292207241058,2,,,,133886,133886,133886,133886,True,True,True,True,True,28002.0,2.0,-4.234406471252441,리,WITHIN_SPLIT,OTHER,no_valid_adjacent_boundary,False,True,-1.0,OK
FLORES,P1,367,26,2,66,NP_CROSS,CROSS_MORPHEME,리를,거리를,0,0.12708865106105804,2,,,,133886,133886,133886,133886,True,True,True,True,True,28002.0,2.0,-3.72922945022583,리,WITHIN_SPLIT,OTHER,no_valid_adjacent_boundary,False,True,-1.0,OK
FLORES,P1,367,32,2,90,NP_CROSS,CROSS_MORPHEME,리를,거리를,0,0.046260446310043335,2,,,,133886,133886,133886,133886,True,True,True,True,True,28002.0,2.0,-5.27251672744751,리,WITHIN_SPLIT,OTHER,no_valid_adjacent_boundary,False,True,-1.0,OK
FLORES,P1,367,35,2,102,NP_CROSS,CROSS_MORPHEME,리를,거리를,0,0.04238973557949066,2,,,,133886,133886,133886,133886,True,True,True,True,True,28002.0,2.0,-5.084802627563477,리,WITHIN_SPLIT,OTHER,no_valid_adjacent_boundary,False,True,-1.0,OK
FLORES,P1,367,41,2,126,NP_CROSS,CROSS_MORPHEME,리를,거리를,0,0.02947838231921196,2,,,,133886,133886,133886,133886,True,True,True,True,True,28002.0,2.0,-6.0821003913879395,리,WITHIN_SPLIT,OTHER,no_valid_adjacent_boundary,False,True,-1.0,OK
FLORES,P1,368,8,1,18,NP_CROSS,CROSS_MORPHEME, 것은,것은,1,3.924731492996216,3,,,,129274,83518,129274,83518,True,True,False,False,True,32129.0,2.0,-2.2849888801574707, 사,EXACT,OTHER,not_primary_class,False,False,0.0,OK
FLORES,P1,371,18,1,37,NP_CROSS,CROSS_MORPHEME, 것을,것을,1,2.578693389892578,1,,,,129337,132091,129337,132091,True,True,False,False,True,71108.0,3.0,-2.1463499069213867, 것,EXACT,OTHER,not_primary_class,False,False,0.0,OK
FLORES,P1,374,3,2,13,NP_CROSS,CROSS_MORPHEME,자를,경쟁자를,1,1.1028921604156494,4,,,,135184,25715,135184,25715,True,True,False,False,True,25715.0,2.0,-0.8086860775947571,자,WITHIN_SPLIT,OTHER,no_valid_adjacent_boundary,True,False,1.0,OK
FLORES,P1,374,5,1,16,NP_CROSS,CROSS_MORPHEME, 때문에,"때문에,",0,0.11350036412477493,2,,,,129147,129147,129147,129147,True,True,True,True,True,126495.0,2.0,-4.051702976226807, 때문,EXACT,OTHER,not_primary_class,False,True,-1.0,OK
FLORES,P1,374,10,1,34,NP_CROSS,CROSS_MORPHEME,력을,경쟁력을,1,0.5726162195205688,4,,,,135818,25715,135818,25715,True,True,False,False,True,17877.0,2.0,-3.5519025325775146,을,EXACT,OTHER,not_primary_class,False,False,0.0,OK
FLORES,P1,380,3,2,9,NP_CROSS,CROSS_MORPHEME,지를,에너지를,0,0.3168920874595642,3,,,,133120,133120,133120,133120,True,True,True,True,True,21329.0,2.0,-2.570422410964966,지,WITHIN_SPLIT,OTHER,no_valid_adjacent_boundary,False,True,-1.0,OK
FLORES,P1,380,5,2,14,NP_CROSS,CROSS_MORPHEME,물을,식물을,1,1.5282819271087646,3,,,,137075,126251,137075,126251,True,True,False,False,True,126251.0,2.0,-1.07549250125885,물,WITHIN_SPLIT,OTHER,no_valid_adjacent_boundary,True,False,1.0,OK
FLORES,P1,381,0,1,0,NP_CROSS,CROSS_MORPHEME, 우리는,우리는,1,3.166456699371338,1,,,,131746,124830,131746,124830,True,True,False,False,True,124830.0,2.0,-2.1477959156036377, 우리,EXACT,OTHER,not_primary_class,True,False,1.0,OK
FLORES,P1,381,8,3,19,NP_CROSS,CROSS_MORPHEME, 우리가,우리가,0,2.9063472747802734,1,,,,131025,131025,131025,131025,True,True,True,True,True,140094.0,2.0,-1.6198705434799194, 대부분,CROSS_MORPHEME,LEXICAL_TO_LEXICAL,crossed_boundary,False,True,-1.0,OK
FLORES,P1,382,7,1,10,NP_CROSS,CROSS_MORPHEME,기에,시기에의,1,1.2053344249725342,3,,,,132264,66845,132264,66845,True,True,False,False,True,66845.0,2.0,-1.5090663433074951,대,WITHIN_SPLIT,OTHER,no_valid_adjacent_boundary,True,False,1.0,OK
FLORES,P1,382,11,1,20,NP_CROSS,CROSS_MORPHEME, 때문에,"때문에,",0,0.44959384202957153,2,,,,129147,129147,129147,129147,True,True,True,True,True,126495.0,2.0,-3.126471519470215, 때문,EXACT,OTHER,not_primary_class,False,True,-1.0,OK
FLORES,P1,383,19,1,46,NP_CROSS,CROSS_MORPHEME, 때문에,"때문에,",0,0.44506970047950745,2,,,,129147,129147,129147,129147,True,True,True,True,True,126495.0,2.0,-3.069272756576538, 때문,EXACT,OTHER,not_primary_class,False,True,-1.0,OK
FLORES,P1,383,20,1,49,NP_CROSS,CROSS_MORPHEME, 것이,것이,0,1.6664021015167236,2,,,,128584,128584,128584,128584,True,True,True,True,True,133553.0,2.0,-2.626751184463501, 물,EXACT,OTHER,not_primary_class,False,True,-1.0,OK
FLORES,P1,384,0,1,0,NP_CROSS,CROSS_MORPHEME, 우리는,우리는,0,4.200634479522705,1,,,,131746,131746,131746,131746,True,True,True,True,True,330.0,2.0,-2.0055525302886963," """,EXACT,OTHER,not_primary_class,False,True,-1.0,OK
FLORES,P1,385,3,2,7,NP_CROSS,CROSS_MORPHEME, 것이,것이,1,1.6886131763458252,1,,,,128584,129337,128584,129337,True,True,False,False,True,71108.0,3.0,-1.9395287036895752, 것,EXACT,OTHER,not_primary_class,False,False,0.0,OK
FLORES,P1,391,5,1,7,NP_CROSS,CROSS_MORPHEME,물을,선물을,0,1.0616521835327148,2,,,,137075,137075,137075,137075,True,True,True,True,True,126251.0,2.0,-1.0794647932052612,물,WITHIN_SPLIT,OTHER,no_valid_adjacent_boundary,False,True,-1.0,OK
FLORES,P1,397,1,1,1,NP_CROSS,CROSS_MORPHEME,성이,여성이,0,2.2049708366394043,2,,,,137032,137032,137032,137032,True,True,True,True,True,25715.0,2.0,-1.6867330074310303,자,WITHIN_SPLIT,OTHER,no_valid_adjacent_boundary,False,True,-1.0,OK
FLORES,P1,397,3,1,8,NP_CROSS,CROSS_MORPHEME,리를,요리를,0,0.9854040741920471,2,,,,133886,133886,133886,133886,True,True,True,True,True,28002.0,2.0,-0.9774295091629028,리,WITHIN_SPLIT,OTHER,no_valid_adjacent_boundary,False,True,-1.0,OK
FLORES,P1,398,5,2,15,NP_CROSS,CROSS_MORPHEME, 때문에,때문에,0,0.21307849884033203,1,,,,129147,129147,129147,129147,True,True,True,True,True,126495.0,2.0,-4.224562644958496, 때문,EXACT,OTHER,not_primary_class,False,True,-1.0,OK
FLORES,P1,403,8,2,24,NP_CROSS,CROSS_MORPHEME, 그것은,그것은,0,3.226804256439209,1,,,,136742,136742,136742,136742,True,True,True,True,True,23084.0,2.0,-2.0346896648406982, 이,EXACT,OTHER,not_primary_class,False,True,-1.0,OK
FLORES,P1,405,21,1,50,NP_CROSS,CROSS_MORPHEME, 것을,것을,0,2.116206169128418,1,,,,129337,129337,129337,129337,True,True,True,True,True,130037.0,2.0,-1.232954978942871, 사실,EXACT,OTHER,not_primary_class,False,True,-1.0,OK
FLORES,P1,406,5,3,14,NP_CROSS,CROSS_MORPHEME, 것으로,것으로,0,1.4445639848709106,1,,,,132091,132091,132091,132091,True,True,True,True,True,71108.0,2.0,-1.1393989324569702, 것,EXACT,OTHER,not_primary_class,False,True,-1.0,OK
FLORES,P1,408,17,2,47,NP_CROSS,CROSS_MORPHEME, 것으로,것으로,1,3.043722629547119,3,,,,132091,60960,132091,60960,True,True,False,False,True,60960.0,4.0,-2.6249470710754395, 대,EXACT,OTHER,not_primary_class,True,False,1.0,OK
FLORES,P1,409,6,1,18,NP_CROSS,CROSS_MORPHEME,라는,나라는,1,2.469346761703491,2,,,,129615,59698,129615,59698,True,True,False,False,True,144087.0,3.0,-2.8928651809692383,폴,WITHIN_SPLIT,LEXICAL_TO_LEXICAL,nearest_adjacent_boundary,False,False,0.0,OK
FLORES,P1,425,9,1,28,NP_CROSS,CROSS_MORPHEME,사를,본사를,0,1.0299806594848633,2,,,,134445,134445,134445,134445,True,True,True,True,True,55054.0,2.0,-2.715240716934204,사,WITHIN_SPLIT,OTHER,no_valid_adjacent_boundary,False,True,-1.0,OK
FLORES,P1,432,4,2,9,NP_CROSS,CROSS_MORPHEME, 것은,것은,0,1.0698747634887695,1,,,,129274,129274,129274,129274,True,True,True,True,True,85997.0,3.0,-4.895853519439697, 요,EXACT,OTHER,not_primary_class,False,True,-1.0,OK
FLORES,P1,434,10,1,23,NP_CROSS,CROSS_MORPHEME, 때문에,때문에)는,1,1.840667724609375,3,,,,129147,130039,129147,130039,True,True,False,False,True,8.0,3.0,-1.5000396966934204,),EXACT,OTHER,not_primary_class,False,False,0.0,OK
FLORES,P1,437,42,1,127,NP_CROSS,CROSS_MORPHEME,지를,이미지를,0,0.5657380819320679,2,,,,133120,133120,133120,133120,True,True,True,True,True,21329.0,2.0,-1.431464433670044,지,WITHIN_SPLIT,OTHER,no_valid_adjacent_boundary,False,True,-1.0,OK
FLORES,P1,441,19,1,47,NP_CROSS,CROSS_MORPHEME, 것을,것을,1,2.2334370613098145,2,,,,129337,130882,129337,130882,True,True,False,False,True,128900.0,4.0,-2.8520748615264893, 것이다,CROSS_MORPHEME,MULTI_BOUNDARY,crossed_boundary,False,False,0.0,OK
FLORES,P1,446,8,3,19,NP_CROSS,CROSS_MORPHEME, 때문에,"때문에,",0,0.40009546279907227,2,,,,129147,129147,129147,129147,True,True,True,True,True,126495.0,2.0,-3.5316200256347656, 때문,EXACT,OTHER,not_primary_class,False,True,-1.0,OK
FLORES,P1,452,14,2,26,NP_CROSS,CROSS_MORPHEME,기는,시기는,0,0.5762639045715332,2,,,,135854,135854,135854,135854,True,True,True,True,True,66845.0,2.0,-2.3286657333374023,대,WITHIN_SPLIT,OTHER,no_valid_adjacent_boundary,False,True,-1.0,OK
FLORES,P1,458,8,2,20,NP_CROSS,CROSS_MORPHEME, 자신의,자신의,1,4.390720367431641,2,,,,134748,127218,134748,127218,True,True,False,False,True,54825.0,2.0,-2.6832244396209717, 그,EXACT,OTHER,not_primary_class,False,False,0.0,OK
FLORES,P1,462,3,1,5,NP_CROSS,CROSS_MORPHEME, 것을,것을,0,2.0094058513641357,1,,,,129337,129337,129337,129337,True,True,True,True,True,21329.0,2.0,-1.761040210723877,지,WITHIN_SPLIT,OTHER,nearest_adjacent_boundary,False,True,-1.0,OK
FLORES,P1,462,9,1,14,NP_CROSS,CROSS_MORPHEME, 것은,것은,1,3.2802658081054688,1,,,,129274,71108,129274,71108,True,True,False,False,True,71108.0,3.0,-2.672633647918701, 것,EXACT,OTHER,not_primary_class,True,False,1.0,OK
FLORES,P1,463,2,1,7,NP_CROSS,CROSS_MORPHEME, 것은,것은,0,3.188019037246704,1,,,,129274,129274,129274,129274,True,True,True,True,True,133099.0,3.0,-2.178126335144043,다면,WITHIN_SPLIT,PREDICATE_TO_ENDING,nearest_adjacent_boundary,False,True,-1.0,OK
FLORES,P1,463,25,2,55,NP_CROSS,CROSS_MORPHEME, 것을,것을,1,2.0786538124084473,2,,,,129337,71108,129337,71108,True,True,False,False,True,71108.0,2.0,-1.0346133708953857, 것,EXACT,OTHER,not_primary_class,True,False,1.0,OK
FLORES,P1,469,20,1,38,NP_CROSS,CROSS_MORPHEME, 것이,것이,1,2.8044419288635254,1,,,,128584,129337,128584,129337,True,True,False,False,True,71108.0,3.0,-2.0983190536499023, 것,EXACT,OTHER,not_primary_class,False,False,0.0,OK
FLORES,P1,470,13,3,30,NP_CROSS,CROSS_MORPHEME,리를,소리를,0,0.6229596138000488,2,,,,133886,133886,133886,133886,True,True,True,True,True,28002.0,2.0,-1.3307466506958008,리,WITHIN_SPLIT,OTHER,no_valid_adjacent_boundary,False,True,-1.0,OK
FLORES,P1,471,1,3,3,NP_CROSS,CROSS_MORPHEME, 자신의,자신의,0,3.689908504486084,1,,,,134748,134748,134748,134748,True,True,True,True,True,127218.0,3.0,-2.985569953918457, 자신,EXACT,OTHER,not_primary_class,False,True,-1.0,OK
FLORES,P1,476,11,3,28,NP_CROSS,CROSS_MORPHEME, 것은,것은,0,1.6798107624053955,1,,,,129274,129274,129274,129274,True,True,True,True,True,71108.0,2.0,-1.781673550605774, 것,EXACT,OTHER,not_primary_class,False,True,-1.0,OK
FLORES,P1,477,28,1,62,NP_CROSS,CROSS_MORPHEME,자를,이자를,0,1.9154150485992432,2,,,,135184,135184,135184,135184,True,True,True,True,True,25715.0,2.0,-1.2586669921875,자,WITHIN_SPLIT,OTHER,no_valid_adjacent_boundary,False,True,-1.0,OK
FLORES,P1,479,11,1,24,NP_CROSS,CROSS_MORPHEME, 것이,것이,0,0.28742462396621704,1,,,,128584,128584,128584,128584,True,True,True,True,True,71108.0,2.0,-3.8636438846588135, 것,EXACT,OTHER,not_primary_class,False,True,-1.0,OK
FLORES,P1,486,12,3,22,NP_CROSS,CROSS_MORPHEME, 것을,것을,0,2.5630006790161133,1,,,,129337,129337,129337,129337,True,True,True,True,True,98801.0,3.0,-1.5990532636642456, 결과,EXACT,OTHER,not_primary_class,False,True,-1.0,OK
FLORES,P1,488,21,4,62,NP_CROSS,CROSS_MORPHEME, 때문에,때문에,0,0.3192294239997864,2,,,,129147,129147,129147,129147,True,True,True,True,True,126495.0,2.0,-3.897474765777588, 때문,EXACT,OTHER,not_primary_class,False,True,-1.0,OK
FLORES,P1,491,23,1,44,NP_CROSS,CROSS_MORPHEME, 것을,것을,1,3.429474353790283,5,,,,129337,81718,129337,81718,True,True,False,False,True,73986.0,2.0,-2.7998077869415283, 비,EXACT,OTHER,not_primary_class,False,False,0.0,OK
FLORES,P1,495,4,4,15,NP_CROSS,CROSS_MORPHEME, 때문에,때문에,0,0.23283827304840088,2,,,,129147,129147,129147,129147,True,True,True,True,True,126495.0,2.0,-3.9607112407684326, 때문,EXACT,OTHER,not_primary_class,False,True,-1.0,OK
FLORES,P1,496,6,3,12,NP_CROSS,CROSS_MORPHEME, 자신의,자신의,1,2.624577283859253,1,,,,134748,131823,134748,131823,True,True,False,False,True,127218.0,3.0,-2.4962985515594482, 자신,EXACT,OTHER,not_primary_class,False,False,0.0,OK
FLORES,P1,496,11,4,27,NP_CROSS,CROSS_MORPHEME,기에,시기에,0,1.281737208366394,2,,,,132264,132264,132264,132264,True,True,True,True,True,20487.0,2.0,-1.2931588888168335,기,WITHIN_SPLIT,OTHER,no_valid_adjacent_boundary,False,True,-1.0,OK
FLORES,P1,515,0,1,0,NP_CROSS,CROSS_MORPHEME, 우리는,우리는,0,2.7161989212036133,1,,,,131746,131746,131746,131746,True,True,True,True,True,124830.0,2.0,-2.6131439208984375, 우리,EXACT,OTHER,not_primary_class,False,True,-1.0,OK
FLORES,P1,516,0,1,0,NP_CROSS,CROSS_MORPHEME, 우리의,우리의,1,2.9043586254119873,1,,,,137808,124830,137808,124830,True,True,False,False,True,124830.0,2.0,-1.592772364616394, 우리,EXACT,OTHER,not_primary_class,True,False,1.0,OK
FLORES,P1,524,5,1,8,NP_CROSS,CROSS_MORPHEME, 자신의,자신의,0,3.0364413261413574,1,,,,134748,134748,134748,134748,True,True,True,True,True,54825.0,2.0,-1.619120478630066, 그,EXACT,OTHER,not_primary_class,False,True,-1.0,OK
FLORES,P1,525,4,1,10,NP_CROSS,CROSS_MORPHEME,력을,능력을,1,0.7813748121261597,4,,,,135818,28754,135818,28754,True,True,False,False,True,28754.0,2.0,-0.8299838900566101,력,WITHIN_SPLIT,OTHER,no_valid_adjacent_boundary,True,False,1.0,OK
FLORES,P1,529,17,1,41,NP_CROSS,CROSS_MORPHEME, 것은,것은,0,1.1504764556884766,1,,,,129274,129274,129274,129274,True,True,True,True,True,71108.0,3.0,-3.1619582176208496, 것,EXACT,OTHER,not_primary_class,False,True,-1.0,OK
FLORES,P1,530,0,3,2,NP_CROSS,CROSS_MORPHEME, 이를,이를,0,2.4310317039489746,1,,,,136342,136342,136342,136342,True,True,True,True,True,23084.0,2.0,-1.4848661422729492, 이,EXACT,OTHER,not_primary_class,False,True,-1.0,OK
FLORES,P1,531,9,4,26,NP_CROSS,CROSS_MORPHEME, 우리는,우리는,1,3.117994785308838,1,,,,131746,131367,131746,131367,True,True,False,False,True,124830.0,4.0,-2.3676929473876953, 우리,EXACT,OTHER,not_primary_class,False,False,0.0,OK
FLORES,P1,531,11,1,31,NP_CROSS,CROSS_MORPHEME, 우리가,우리가,0,3.377762794494629,1,,,,131025,131025,131025,131025,True,True,True,True,True,124830.0,2.0,-2.0475332736968994, 우리,EXACT,OTHER,not_primary_class,False,True,-1.0,OK
FLORES,P1,532,1,1,1,NP_CROSS,CROSS_MORPHEME,대로,"반대로,",1,1.944392204284668,3,,,,129923,32290,129923,32290,True,True,False,False,True,66845.0,2.0,-1.1615828275680542,대,WITHIN_SPLIT,OTHER,no_valid_adjacent_boundary,False,False,0.0,OK
FLORES,P1,533,3,1,5,NP_CROSS,CROSS_MORPHEME, 우리는,우리는,1,2.4559736251831055,1,,,,131746,124830,131746,124830,True,True,False,False,True,124830.0,3.0,-1.7654839754104614, 우리,EXACT,OTHER,not_primary_class,True,False,1.0,OK
FLORES,P1,534,5,3,8,NP_CROSS,CROSS_MORPHEME, 것은,것은,0,4.032435894012451,1,,,,129274,129274,129274,129274,True,True,True,True,True,71108.0,2.0,-3.1211419105529785, 것,EXACT,OTHER,not_primary_class,False,True,-1.0,OK
FLORES,P1,535,7,1,19,NP_CROSS,CROSS_MORPHEME, 것을,것을,0,2.4686732292175293,1,,,,129337,129337,129337,129337,True,True,True,True,True,71108.0,3.0,-2.207671642303467, 것,EXACT,OTHER,not_primary_class,False,True,-1.0,OK
FLORES,P1,539,14,3,36,NP_CROSS,CROSS_MORPHEME,력을,능력을,0,0.6330368518829346,3,,,,135818,135818,135818,135818,True,True,True,True,True,28754.0,2.0,-1.2497785091400146,력,WITHIN_SPLIT,OTHER,no_valid_adjacent_boundary,False,True,-1.0,OK
FLORES,P1,540,1,1,1,NP_CROSS,CROSS_MORPHEME, 사람이,사람이,0,1.5218933820724487,1,,,,133166,133166,133166,133166,True,True,True,True,True,124889.0,3.0,-1.9434964656829834, 사람,EXACT,OTHER,not_primary_class,False,True,-1.0,OK
FLORES,P1,540,2,3,5,NP_CROSS,CROSS_MORPHEME,음을,깨달음을,0,0.1823061853647232,4,,,,138349,138349,138349,138349,True,True,True,True,True,48431.0,2.0,-3.613535165786743,음,WITHIN_SPLIT,OTHER,no_valid_adjacent_boundary,False,True,-1.0,OK
FLORES,P1,540,9,2,24,NP_CROSS,CROSS_MORPHEME, 것은,것은,0,1.020774006843567,1,,,,129274,129274,129274,129274,True,True,True,True,True,71108.0,3.0,-3.1317965984344482, 것,EXACT,OTHER,not_primary_class,False,True,-1.0,OK
FLORES,P1,540,9,3,25,NP_CROSS,CROSS_MORPHEME, 우리의,우리의,0,1.8783073425292969,1,,,,137808,137808,137808,137808,True,True,True,True,True,124830.0,2.0,-1.9479353427886963, 우리,EXACT,OTHER,not_primary_class,False,True,-1.0,OK
FLORES,P1,542,6,2,13,NP_CROSS,CROSS_MORPHEME, 그것은,그것은,0,2.436021089553833,1,,,,136742,136742,136742,136742,True,True,True,True,True,126488.0,2.0,-1.3440552949905396, 불,EXACT,OTHER,not_primary_class,False,True,-1.0,OK
FLORES,P1,544,23,2,54,NP_CROSS,CROSS_MORPHEME,음을,깨달음을,1,0.9762283563613892,5,,,,138349,48431,138349,48431,True,True,False,False,True,48431.0,2.0,-1.2416090965270996,음,WITHIN_SPLIT,OTHER,no_valid_adjacent_boundary,True,False,1.0,OK
FLORES,P1,550,4,2,9,NP_CROSS,CROSS_MORPHEME, 것은,것은,1,1.5429933071136475,1,,,,129274,130887,129274,130887,True,True,False,False,True,130887.0,3.0,-3.1129090785980225, 가장,EXACT,OTHER,not_primary_class,True,False,1.0,OK
FLORES,P1,551,9,4,24,NP_CROSS,CROSS_MORPHEME,력을,능력을,0,0.4593420922756195,3,,,,135818,135818,135818,135818,True,True,True,True,True,28754.0,2.0,-1.7925406694412231,력,WITHIN_SPLIT,OTHER,no_valid_adjacent_boundary,False,True,-1.0,OK
FLORES,P1,551,16,2,42,NP_CROSS,CROSS_MORPHEME,물을,재물을,0,0.5704054236412048,2,,,,137075,137075,137075,137075,True,True,True,True,True,126251.0,2.0,-1.5964794158935547,물,WITHIN_SPLIT,OTHER,no_valid_adjacent_boundary,False,True,-1.0,OK
FLORES,P1,551,18,2,50,NP_CROSS,CROSS_MORPHEME,력을,능력을,0,0.5937279462814331,3,,,,135818,135818,135818,135818,True,True,True,True,True,28754.0,2.0,-1.3023788928985596,력,WITHIN_SPLIT,OTHER,no_valid_adjacent_boundary,False,True,-1.0,OK
FLORES,P1,553,0,1,0,NP_CROSS,CROSS_MORPHEME, 동시에,"동시에,",0,3.297933578491211,2,,,,143409,143409,143409,143409,True,True,True,True,True,126322.0,2.0,-1.5578241348266602, 동,EXACT,OTHER,not_primary_class,False,True,-1.0,OK
FLORES,P1,560,20,1,43,NP_CROSS,CROSS_MORPHEME, 것을,것을,0,3.6286087036132812,1,,,,129337,129337,129337,129337,True,True,True,True,True,71108.0,2.0,-2.354825973510742, 것,EXACT,OTHER,not_primary_class,False,True,-1.0,OK
FLORES,P1,560,23,2,56,NP_CROSS,CROSS_MORPHEME, 것을,것을,0,0.3192604184150696,1,,,,129337,129337,129337,129337,True,True,True,True,True,71108.0,2.0,-4.447938442230225, 것,EXACT,OTHER,not_primary_class,False,True,-1.0,OK
FLORES,P1,560,26,3,69,NP_CROSS,CROSS_MORPHEME, 것을,것을,0,0.15287134051322937,1,,,,129337,129337,129337,129337,True,True,True,True,True,71108.0,2.0,-5.2687458992004395, 것,EXACT,OTHER,not_primary_class,False,True,-1.0,OK
FLORES,P1,560,29,4,82,NP_CROSS,CROSS_MORPHEME, 것을,것을,0,0.13768750429153442,1,,,,129337,129337,129337,129337,True,True,True,True,True,17877.0,2.0,-5.656833648681641,을,EXACT,OTHER,not_primary_class,False,True,-1.0,OK
FLORES,P1,560,33,1,95,NP_CROSS,CROSS_MORPHEME, 것을,것을,0,0.09285743534564972,1,,,,129337,129337,129337,129337,True,True,True,True,True,17877.0,2.0,-5.948116302490234,을,EXACT,OTHER,not_primary_class,False,True,-1.0,OK
FLORES,P1,560,36,2,108,NP_CROSS,CROSS_MORPHEME, 것을,것을,0,0.07197488844394684,1,,,,129337,129337,129337,129337,True,True,True,True,True,17877.0,2.0,-6.133030414581299,을,EXACT,OTHER,not_primary_class,False,True,-1.0,OK
FLORES,P1,560,39,3,121,NP_CROSS,CROSS_MORPHEME, 것을,것을,0,0.0761696994304657,1,,,,129337,129337,129337,129337,True,True,True,True,True,17877.0,2.0,-6.196034908294678,을,EXACT,OTHER,not_primary_class,False,True,-1.0,OK
FLORES,P1,565,30,1,72,NP_CROSS,CROSS_MORPHEME, 것으로,것으로,0,3.8781988620758057,1,,,,132091,132091,132091,132091,True,True,True,True,True,71108.0,2.0,-2.131734609603882, 것,EXACT,OTHER,not_primary_class,False,True,-1.0,OK
FLORES,P1,566,0,1,0,NP_CROSS,CROSS_MORPHEME, 우리는,우리는,0,2.8881256580352783,1,,,,131746,131746,131746,131746,True,True,True,True,True,330.0,2.0,-2.165923595428467," """,EXACT,OTHER,not_primary_class,False,True,-1.0,OK
FLORES,P1,566,5,1,16,NP_CROSS,CROSS_MORPHEME, 우리는,우리는,1,1.2089951038360596,3,,,,131746,46832,131746,46832,True,True,False,False,True,124830.0,5.0,-5.0000386238098145, 우리,EXACT,OTHER,not_primary_class,False,False,0.0,OK
FLORES,P1,574,14,1,29,NP_CROSS,CROSS_MORPHEME, 우리는,우리는,0,2.201531410217285,1,,,,131746,131746,131746,131746,True,True,True,True,True,23084.0,2.0,-1.2081835269927979, 이,EXACT,OTHER,not_primary_class,False,True,-1.0,OK
FLORES,P1,575,6,1,12,NP_CROSS,CROSS_MORPHEME, 것을,것을,1,1.9906091690063477,2,,,,129337,132819,129337,132819,True,True,False,False,True,132819.0,2.0,-1.4120724201202393, 이유,EXACT,OTHER,not_primary_class,True,False,1.0,OK
FLORES,P1,575,11,1,23,NP_CROSS,CROSS_MORPHEME, 것을,것을,1,2.7295081615448,2,,,,129337,130037,129337,130037,True,True,False,False,True,130037.0,2.0,-1.483435869216919, 사실,EXACT,OTHER,not_primary_class,True,False,1.0,OK
FLORES,P1,576,20,1,54,NP_CROSS,CROSS_MORPHEME, 것이,"것이""",0,0.6382474303245544,1,,,,128584,128584,128584,128584,True,True,True,True,True,71108.0,2.0,-2.510331153869629, 것,EXACT,OTHER,not_primary_class,False,True,-1.0,OK
FLORES,P1,584,7,1,14,NP_CROSS,CROSS_MORPHEME,성을,특성을,1,1.6239478588104248,3,,,,132818,135946,132818,135946,True,True,False,False,True,32831.0,2.0,-1.7294020652770996,성,WITHIN_SPLIT,OTHER,no_valid_adjacent_boundary,False,False,0.0,OK
FLORES,P1,584,10,1,19,NP_CROSS,CROSS_MORPHEME, 것으로,"것으로,",0,4.243860244750977,2,,,,132091,132091,132091,132091,True,True,True,True,True,71108.0,5.0,-3.5576322078704834, 것,EXACT,OTHER,not_primary_class,False,True,-1.0,OK
FLORES,P1,584,17,3,38,NP_CROSS,CROSS_MORPHEME, 것을,것을,1,4.240782737731934,2,,,,129337,130037,129337,130037,True,True,False,False,True,71108.0,2.0,-2.548572540283203, 것,EXACT,OTHER,not_primary_class,False,False,0.0,OK
FLORES,P1,586,7,2,20,NP_CROSS,CROSS_MORPHEME,자가,환자가,0,0.8806986808776855,3,,,,130427,130427,130427,130427,True,True,True,True,True,25715.0,2.0,-1.638857126235962,자,WITHIN_SPLIT,OTHER,no_valid_adjacent_boundary,False,True,-1.0,OK
FLORES,P1,588,7,1,15,NP_CROSS,CROSS_MORPHEME,험이,위험이,0,0.04579104483127594,3,,,,62618,62618,62618,62618,True,True,True,True,True,19391.0,2.0,-5.771486759185791,에,EXACT,OTHER,not_primary_class,False,True,-1.0,OK
FLORES,P1,589,4,4,8,NP_CROSS,CROSS_MORPHEME, 것은,것은,1,2.7700791358947754,1,,,,129274,128584,129274,128584,True,True,False,False,True,71108.0,5.0,-3.302297592163086, 것,EXACT,OTHER,not_primary_class,False,False,0.0,OK
FLORES,P1,593,1,2,2,NP_CROSS,CROSS_MORPHEME, 동시에,"동시에,",1,2.8751702308654785,2,,,,143409,23084,143409,23084,True,True,False,False,True,11.0,2.0,-1.3983930349349976,",",EXACT,OTHER,not_primary_class,False,False,0.0,OK
FLORES,P1,598,15,2,37,NP_CROSS,CROSS_MORPHEME, 것은,것은,1,3.7552967071533203,5,,,,129274,81718,129274,81718,True,True,False,False,True,47818.0,2.0,-1.8628504276275635, 생,EXACT,OTHER,not_primary_class,False,False,0.0,OK
FLORES,P1,601,5,1,8,NP_CROSS,CROSS_MORPHEME, 자신의,자신의,1,4.283419132232666,5,,,,134748,81718,134748,81718,True,True,False,False,True,84255.0,2.0,-2.6924266815185547, 프,EXACT,OTHER,not_primary_class,False,False,0.0,OK
FLORES,P1,601,8,2,15,NP_CROSS,CROSS_MORPHEME, 자신의,자신의,1,1.5689553022384644,3,,,,134748,125674,134748,125674,True,True,False,False,True,127218.0,2.0,-2.332244396209717, 자신,EXACT,OTHER,not_primary_class,False,False,0.0,OK
FLORES,P1,601,10,1,18,NP_CROSS,CROSS_MORPHEME, 자신의,자신의,0,2.020020008087158,1,,,,134748,134748,134748,134748,True,True,True,True,True,131823.0,2.0,-2.3445117473602295, 자기,EXACT,OTHER,not_primary_class,False,True,-1.0,OK
FLORES,P1,604,5,2,8,NP_CROSS,CROSS_MORPHEME,자가,유전자가,1,1.4725635051727295,3,,,,130427,80968,130427,80968,True,True,False,False,True,49543.0,4.0,-2.9724960327148438,체,WITHIN_SPLIT,OTHER,no_valid_adjacent_boundary,False,False,0.0,OK
FLORES,P1,609,7,1,10,NP_CROSS,CROSS_MORPHEME, 사람이,"사람이,",0,2.0138297080993652,2,,,,133166,133166,133166,133166,True,True,True,True,True,124889.0,2.0,-1.4313290119171143, 사람,EXACT,OTHER,not_primary_class,False,True,-1.0,OK
FLORES,P1,610,19,1,46,NP_CROSS,CROSS_MORPHEME, 것을,것을,0,2.2549257278442383,1,,,,129337,129337,129337,129337,True,True,True,True,True,130037.0,3.0,-2.0690999031066895, 사실,EXACT,OTHER,not_primary_class,False,True,-1.0,OK
FLORES,P1,611,6,2,17,NP_CROSS,CROSS_MORPHEME, 사람이,사람이,0,1.3593727350234985,1,,,,133166,133166,133166,133166,True,True,True,True,True,124889.0,2.0,-1.1670387983322144, 사람,EXACT,OTHER,not_primary_class,False,True,-1.0,OK
FLORES,P1,614,10,3,31,NP_CROSS,CROSS_MORPHEME, 것을,것을,1,2.504472255706787,4,,,,129337,128618,129337,128618,True,True,False,False,True,128618.0,2.0,-1.5295653343200684, 분,EXACT,OTHER,not_primary_class,True,False,1.0,OK
FLORES,P1,615,4,3,14,NP_CROSS,CROSS_MORPHEME, 것은,것은,0,0.6310535669326782,1,,,,129274,129274,129274,129274,True,True,True,True,True,71108.0,4.0,-4.164878845214844, 것,EXACT,OTHER,not_primary_class,False,True,-1.0,OK
FLORES,P1,616,1,2,2,NP_CROSS,CROSS_MORPHEME,자는,운전자는,1,1.4127709865570068,3,,,,132343,130427,132343,130427,True,True,False,False,True,127906.0,5.0,-4.263927459716797,객,EXACT,OTHER,not_primary_class,False,False,0.0,OK
FLORES,P1,616,6,1,15,NP_CROSS,CROSS_MORPHEME, 때문에,"때문에,",0,0.18261127173900604,2,,,,129147,129147,129147,129147,True,True,True,True,True,126495.0,2.0,-4.293031692504883, 때문,EXACT,OTHER,not_primary_class,False,True,-1.0,OK
FLORES,P1,616,11,1,28,NP_CROSS,CROSS_MORPHEME,성을,특성을,0,1.2670581340789795,2,,,,132818,132818,132818,132818,True,True,True,True,True,32831.0,2.0,-1.4526216983795166,성,WITHIN_SPLIT,OTHER,no_valid_adjacent_boundary,False,True,-1.0,OK
FLORES,P1,619,19,1,46,NP_CROSS,CROSS_MORPHEME,기를,짝짓기를,0,1.0126276016235352,4,,,,131777,131777,131777,131777,True,True,True,True,True,20487.0,2.0,-1.069559097290039,기,EXACT,OTHER,not_primary_class,False,True,-1.0,OK
FLORES,P1,620,6,4,20,NP_CROSS,CROSS_MORPHEME,점을,장점을,0,0.5369971394538879,2,,,,138913,138913,138913,138913,True,True,True,True,True,126333.0,2.0,-1.8422852754592896,점,WITHIN_SPLIT,OTHER,no_valid_adjacent_boundary,False,True,-1.0,OK
FLORES,P1,622,9,3,24,NP_CROSS,CROSS_MORPHEME, 것은,것은,1,3.3996713161468506,3,,,,129274,126310,129274,126310,True,True,False,False,True,126322.0,3.0,-3.0498976707458496, 동,EXACT,OTHER,not_primary_class,False,False,0.0,OK
FLORES,P1,623,6,1,16,NP_CROSS,CROSS_MORPHEME, 사람이,"사람이,",0,1.839949607849121,1,,,,133166,133166,133166,133166,True,True,True,True,True,124889.0,2.0,-1.1944940090179443, 사람,EXACT,OTHER,not_primary_class,False,True,-1.0,OK
FLORES,P1,637,5,1,17,NP_CROSS,CROSS_MORPHEME, 것이,것이,0,1.0071415901184082,1,,,,128584,128584,128584,128584,True,True,True,True,True,71108.0,4.0,-3.9239418506622314, 것,EXACT,OTHER,not_primary_class,False,True,-1.0,OK
FLORES,P1,638,16,1,43,NP_CROSS,CROSS_MORPHEME, 것을,것을,0,1.596752643585205,1,,,,129337,129337,129337,129337,True,True,True,True,True,71108.0,2.0,-2.1376609802246094, 것,EXACT,OTHER,not_primary_class,False,True,-1.0,OK
FLORES,P1,638,16,2,44,NP_CROSS,CROSS_MORPHEME, 우리가,우리가,1,4.166948318481445,1,,,,131025,131582,131025,131582,True,True,False,False,True,142300.0,2.0,-2.518401861190796, 발견,EXACT,OTHER,not_primary_class,False,False,0.0,OK
FLORES,P1,638,17,1,45,NP_CROSS,CROSS_MORPHEME, 우리가,우리가,0,1.0977773666381836,1,,,,131025,131025,131025,131025,True,True,True,True,True,124830.0,3.0,-4.633746147155762, 우리,EXACT,OTHER,not_primary_class,False,True,-1.0,OK
FLORES,P1,642,2,3,5,NP_CROSS,CROSS_MORPHEME, 것이,것이,0,0.9597927927970886,1,,,,128584,128584,128584,128584,True,True,True,True,True,71108.0,3.0,-3.33617901802063, 것,EXACT,OTHER,not_primary_class,False,True,-1.0,OK
FLORES,P1,646,2,4,8,NP_CROSS,CROSS_MORPHEME,지를,메시지를,0,0.12179578840732574,3,,,,133120,133120,133120,133120,True,True,True,True,True,21329.0,2.0,-3.7129323482513428,지,WITHIN_SPLIT,OTHER,no_valid_adjacent_boundary,False,True,-1.0,OK
FLORES,P1,646,22,2,42,NP_CROSS,CROSS_MORPHEME, 것을,것을,0,2.7299423217773438,1,,,,129337,129337,129337,129337,True,True,True,True,True,126254.0,2.0,-1.5522786378860474, 말,EXACT,OTHER,not_primary_class,False,True,-1.0,OK
FLORES,P1,647,2,4,6,NP_CROSS,CROSS_MORPHEME, 것은,것은,0,1.4944889545440674,2,,,,129274,129274,129274,129274,True,True,True,True,True,130037.0,4.0,-4.015068054199219, 사실,EXACT,OTHER,not_primary_class,False,True,-1.0,OK
FLORES,P1,648,9,4,18,NP_CROSS,CROSS_MORPHEME,지를,에너지를,0,0.2292349487543106,3,,,,133120,133120,133120,133120,True,True,True,True,True,21329.0,2.0,-2.947627067565918,지,WITHIN_SPLIT,OTHER,no_valid_adjacent_boundary,False,True,-1.0,OK
FLORES,P1,649,18,2,34,NP_CROSS,CROSS_MORPHEME,지를,에너지를,0,0.2596530318260193,3,,,,133120,133120,133120,133120,True,True,True,True,True,21329.0,2.0,-2.68135929107666,지,WITHIN_SPLIT,OTHER,no_valid_adjacent_boundary,False,True,-1.0,OK
FLORES,P1,650,9,2,26,NP_CROSS,CROSS_MORPHEME,력을,압력을,1,2.373725414276123,3,,,,135818,129471,135818,129471,True,True,False,False,True,28754.0,2.0,-1.4887971878051758,력,WITHIN_SPLIT,OTHER,no_valid_adjacent_boundary,False,False,0.0,OK
FLORES,P1,650,12,1,32,NP_CROSS,CROSS_MORPHEME, 것을,것을,1,2.687394618988037,2,,,,129337,30854,129337,30854,True,True,False,False,True,71108.0,2.0,-2.069946765899658, 것,EXACT,OTHER,not_primary_class,False,False,0.0,OK
FLORES,P1,654,8,1,23,NP_CROSS,CROSS_MORPHEME,반이,지반이,0,0.0019215247593820095,3,,,,62618,62618,62618,62618,True,True,True,True,True,57133.0,2.0,-8.922051429748535,발력,WITHIN_SPLIT,OTHER,no_valid_adjacent_boundary,False,True,-1.0,OK
FLORES,P1,654,16,2,43,NP_CROSS,CROSS_MORPHEME,상을,위상을,1,2.2950286865234375,2,,,,136854,17380,136854,17380,True,True,False,False,True,17380.0,2.0,-1.681969404220581,로,EXACT,OTHER,not_primary_class,True,False,1.0,OK
FLORES,P1,655,8,1,13,NP_CROSS,CROSS_MORPHEME,력을,매력을,1,2.187161445617676,4,,,,135818,63256,135818,63256,True,True,False,False,True,63256.0,2.0,-1.4306484460830688,료,WITHIN_SPLIT,OTHER,no_valid_adjacent_boundary,True,False,1.0,OK
FLORES,P1,655,9,2,15,NP_CROSS,CROSS_MORPHEME,지를,매료되는지를,0,0.6945472359657288,4,,,,133120,133120,133120,133120,True,True,True,True,True,21329.0,2.0,-1.524419903755188,지,WITHIN_SPLIT,OTHER,nearest_adjacent_boundary,False,True,-1.0,OK
FLORES,P1,655,10,1,18,NP_CROSS,CROSS_MORPHEME, 것을,것을,0,2.517939567565918,1,,,,129337,129337,129337,129337,True,True,True,True,True,71108.0,2.0,-2.2491867542266846, 것,EXACT,OTHER,not_primary_class,False,True,-1.0,OK
FLORES,P1,657,2,1,8,NP_CROSS,CROSS_MORPHEME, 때문에,때문에,1,2.3026468753814697,3,,,,129147,19391,129147,19391,True,True,False,False,True,42039.0,2.0,-1.5540188550949097,으로,EXACT,OTHER,not_primary_class,False,False,0.0,OK
FLORES,P1,657,9,4,30,NP_CROSS,CROSS_MORPHEME, 것이,것이,1,1.7318631410598755,2,,,,128584,71108,128584,71108,True,True,False,False,True,71108.0,2.0,-1.1621448993682861, 것,EXACT,OTHER,not_primary_class,True,False,1.0,OK
FLORES,P1,659,23,1,50,NP_CROSS,CROSS_MORPHEME, 것을,것을,1,3.540606737136841,5,,,,129337,5140,129337,5140,True,True,False,False,True,132989.0,2.0,-2.0606157779693604, 의미,EXACT,OTHER,not_primary_class,False,False,0.0,OK
FLORES,P1,660,2,1,6,NP_CROSS,CROSS_MORPHEME,자는,관리자는,0,0.8870639801025391,3,,,,132343,132343,132343,132343,True,True,True,True,True,25715.0,3.0,-2.5763819217681885,자,WITHIN_SPLIT,OTHER,no_valid_adjacent_boundary,False,True,-1.0,OK
FLORES,P1,661,21,3,34,NP_CROSS,CROSS_MORPHEME, 것을,것을,0,3.1486406326293945,1,,,,129337,129337,129337,129337,True,True,True,True,True,71108.0,3.0,-2.6708507537841797, 것,EXACT,OTHER,not_primary_class,False,True,-1.0,OK
FLORES,P1,666,12,1,32,NP_CROSS,CROSS_MORPHEME, 때문에,"때문에,",0,0.11453649401664734,2,,,,129147,129147,129147,129147,True,True,True,True,True,126495.0,2.0,-4.2685770988464355, 때문,EXACT,OTHER,not_primary_class,False,True,-1.0,OK
FLORES,P1,676,18,4,46,NP_CROSS,CROSS_MORPHEME, 것을,것을,1,3.1892178058624268,1,,,,129337,132091,129337,132091,True,True,False,False,True,71108.0,3.0,-2.8609180450439453, 것,EXACT,OTHER,not_primary_class,False,False,0.0,OK
FLORES,P1,677,3,1,7,NP_CROSS,CROSS_MORPHEME, 우리는,우리는,1,2.6085591316223145,2,,,,131746,124830,131746,124830,True,True,False,False,True,124830.0,2.0,-1.840209722518921, 우리,EXACT,OTHER,not_primary_class,True,False,1.0,OK
FLORES,P1,677,9,1,26,NP_CROSS,CROSS_MORPHEME, 것을,것을,1,2.5274085998535156,3,,,,129337,54116,129337,54116,True,True,False,False,True,71108.0,2.0,-1.2532745599746704, 것,EXACT,OTHER,not_primary_class,False,False,0.0,OK
FLORES,P1,678,0,3,2,NP_CROSS,CROSS_MORPHEME, 우리가,우리가,1,3.124938488006592,1,,,,131025,137808,131025,137808,True,True,False,False,True,124830.0,3.0,-2.2052905559539795, 우리,EXACT,OTHER,not_primary_class,False,False,0.0,OK
FLORES,P1,679,17,3,51,NP_CROSS,CROSS_MORPHEME, 것을,것을,1,2.9934935569763184,4,,,,129337,128618,129337,128618,True,True,False,False,True,128618.0,3.0,-2.9134514331817627, 분,EXACT,OTHER,not_primary_class,True,False,1.0,OK
FLORES,P1,682,1,1,1,NP_CROSS,CROSS_MORPHEME, 것이,것이,1,2.8182897567749023,2,,,,128584,126674,128584,126674,True,True,False,False,True,32129.0,2.0,-1.7969034910202026, 사,EXACT,OTHER,not_primary_class,False,False,0.0,OK
FLORES,P1,684,4,4,12,NP_CROSS,CROSS_MORPHEME, 것은,것은,1,3.8975839614868164,6,,,,129274,5140,129274,5140,True,True,False,False,True,54116.0,3.0,-3.4030613899230957, 기,EXACT,OTHER,not_primary_class,False,False,0.0,OK
FLORES,P1,688,4,2,14,NP_CROSS,CROSS_MORPHEME,력을,능력을,0,0.78516685962677,3,,,,135818,135818,135818,135818,True,True,True,True,True,28754.0,2.0,-0.8296812176704407,력,WITHIN_SPLIT,OTHER,no_valid_adjacent_boundary,False,True,-1.0,OK
FLORES,P1,688,26,4,68,NP_CROSS,CROSS_MORPHEME, 것을,것을,1,2.910841464996338,1,,,,129337,129274,129337,129274,True,True,False,False,True,71108.0,3.0,-2.456429958343506, 것,EXACT,OTHER,not_primary_class,False,False,0.0,OK
FLORES,P1,688,30,1,76,NP_CROSS,CROSS_MORPHEME,력을,능력을,0,0.6719232797622681,3,,,,135818,135818,135818,135818,True,True,True,True,True,28754.0,2.0,-1.0357249975204468,력,WITHIN_SPLIT,OTHER,no_valid_adjacent_boundary,False,True,-1.0,OK
FLORES,P1,689,16,1,34,NP_CROSS,CROSS_MORPHEME, 것을,것을,0,2.072239875793457,1,,,,129337,129337,129337,129337,True,True,True,True,True,74808.0,3.0,-3.100602865219116, 방,EXACT,OTHER,not_primary_class,False,True,-1.0,OK
FLORES,P1,691,14,2,38,NP_CROSS,CROSS_MORPHEME, 것을,것을,1,2.139601945877075,2,,,,129337,5140,129337,5140,True,True,False,False,True,130864.0,2.0,-2.166147232055664, 방법,EXACT,OTHER,not_primary_class,False,False,0.0,OK
FLORES,P1,692,19,2,51,NP_CROSS,CROSS_MORPHEME, 자신의,자신의,0,1.1918799877166748,1,,,,134748,134748,134748,134748,True,True,True,True,True,127218.0,2.0,-2.971254825592041, 자신,EXACT,OTHER,not_primary_class,False,True,-1.0,OK
FLORES,P1,705,13,4,21,NP_CROSS,CROSS_MORPHEME, 것이,것이,1,1.139770746231079,1,,,,128584,137638,128584,137638,True,True,False,False,True,71108.0,5.0,-4.587517261505127, 것,EXACT,OTHER,not_primary_class,False,False,0.0,OK
FLORES,P1,706,1,1,1,NP_CROSS,CROSS_MORPHEME,성이,여성이,0,1.1923842430114746,2,,,,137032,137032,137032,137032,True,True,True,True,True,19969.0,4.0,-4.08958625793457,가,WITHIN_SPLIT,OTHER,no_valid_adjacent_boundary,False,True,-1.0,OK
FLORES,P1,707,19,1,39,NP_CROSS,CROSS_MORPHEME, 것은,것은,1,3.10556960105896,1,,,,129274,129337,129274,129337,True,True,False,False,True,126352.0,3.0,-2.257861375808716, 거,EXACT,OTHER,not_primary_class,False,False,0.0,OK
FLORES,P1,715,21,1,35,NP_CROSS,CROSS_MORPHEME, 것이,것이,0,0.8744022846221924,1,,,,128584,128584,128584,128584,True,True,True,True,True,71108.0,3.0,-3.5675809383392334, 것,EXACT,OTHER,not_primary_class,False,True,-1.0,OK
FLORES,P1,722,7,2,18,NP_CROSS,CROSS_MORPHEME, 그것은,그것은,1,3.6442079544067383,3,,,,136742,129392,136742,129392,True,True,False,False,True,54825.0,2.0,-1.6475862264633179, 그,EXACT,OTHER,not_primary_class,False,False,0.0,OK
FLORES,P1,727,5,2,13,NP_CROSS,CROSS_MORPHEME, 것은,"것은,",0,1.5548067092895508,1,,,,129274,129274,129274,129274,True,True,True,True,True,61298.0,4.0,-3.539355993270874, 한,EXACT,OTHER,not_primary_class,False,True,-1.0,OK
FLORES,P1,739,13,4,27,NP_CROSS,CROSS_MORPHEME, 것이,것이,0,0.8775390982627869,1,,,,128584,128584,128584,128584,True,True,True,True,True,130864.0,4.0,-5.372156620025635, 방법,EXACT,OTHER,not_primary_class,False,True,-1.0,OK
FLORES,P1,742,36,1,76,NP_CROSS,CROSS_MORPHEME,리를,다리를,1,0.8324562311172485,4,,,,133886,28002,133886,28002,True,True,False,False,True,28002.0,2.0,-1.1132851839065552,리,WITHIN_SPLIT,OTHER,no_valid_adjacent_boundary,True,False,1.0,OK
FLORES,P1,758,24,2,51,NP_CROSS,CROSS_MORPHEME, 것이,것이,0,0.5049468278884888,1,,,,128584,128584,128584,128584,True,True,True,True,True,71108.0,6.0,-5.515279769897461, 것,EXACT,OTHER,not_primary_class,False,True,-1.0,OK
FLORES,P1,760,10,1,13,NP_CROSS,CROSS_MORPHEME, 때문에,"때문에,",0,0.10992912948131561,2,,,,129147,129147,129147,129147,True,True,True,True,True,126495.0,2.0,-4.922642707824707, 때문,EXACT,OTHER,not_primary_class,False,True,-1.0,OK
FLORES,P1,764,20,1,45,NP_CROSS,CROSS_MORPHEME, 것은,것은,1,2.544459342956543,1,,,,129274,95170,129274,95170,True,True,False,False,True,140692.0,5.0,-3.4953527450561523, 행동,EXACT,OTHER,not_primary_class,False,False,0.0,OK
FLORES,P1,767,8,1,17,NP_CROSS,CROSS_MORPHEME,상을,부상을,0,0.7426700592041016,2,,,,136854,136854,136854,136854,True,True,True,True,True,55902.0,2.0,-0.7981012463569641,상,WITHIN_SPLIT,OTHER,no_valid_adjacent_boundary,False,True,-1.0,OK
FLORES,P1,768,9,1,18,NP_CROSS,CROSS_MORPHEME, 것을,것을,0,3.7233238220214844,1,,,,129337,129337,129337,129337,True,True,True,True,True,71108.0,3.0,-2.1440625190734863, 것,EXACT,OTHER,not_primary_class,False,True,-1.0,OK
FLORES,P1,768,19,4,49,NP_CROSS,CROSS_MORPHEME,장을,캠핑장을,1,2.652923583984375,5,,,,137471,17877,17877,17877,False,True,False,True,False,,,,,,,,,,,MODEL_REPLAY_MISMATCH
FLORES,P1,787,5,4,14,NP_CROSS,CROSS_MORPHEME, 것은,것은,1,2.5159196853637695,2,,,,129274,49052,129274,49052,True,True,False,False,True,49052.0,2.0,-1.7756974697113037, 경우,EXACT,OTHER,not_primary_class,True,False,1.0,OK
FLORES,P1,791,6,2,9,NP_CROSS,CROSS_MORPHEME,사를,식사를,1,1.0913969278335571,4,,,,134445,55054,134445,55054,True,True,False,False,True,55054.0,2.0,-0.7946240305900574,사,WITHIN_SPLIT,OTHER,no_valid_adjacent_boundary,True,False,1.0,OK
FLORES,P1,795,15,2,30,NP_CROSS,CROSS_MORPHEME, 것을,것을,0,2.3100080490112305,1,,,,129337,129337,129337,129337,True,True,True,True,True,21329.0,2.0,-1.5643751621246338,지,WITHIN_SPLIT,PREDICATE_TO_ENDING,nearest_adjacent_boundary,False,True,-1.0,OK
FLORES,P1,802,15,1,39,NP_CROSS,CROSS_MORPHEME, 것을,것을,1,2.1763033866882324,1,,,,129337,128584,129337,128584,True,True,False,False,True,127840.0,3.0,-1.9484646320343018, 중요,EXACT,OTHER,not_primary_class,False,False,0.0,OK
FLORES,P1,802,18,1,43,NP_CROSS,CROSS_MORPHEME, 것을,것을,0,0.8087209463119507,1,,,,129337,129337,129337,129337,True,True,True,True,True,130037.0,5.0,-4.213997840881348, 사실,EXACT,OTHER,not_primary_class,False,True,-1.0,OK
FLORES,P1,809,11,1,23,NP_CROSS,CROSS_MORPHEME, 것을,것을,0,2.565652847290039,1,,,,129337,129337,129337,129337,True,True,True,True,True,71108.0,3.0,-2.1865298748016357, 것,EXACT,OTHER,not_primary_class,False,True,-1.0,OK
FLORES,P1,812,17,2,41,NP_CROSS,CROSS_MORPHEME, 것을,것을,1,3.0331296920776367,2,,,,129337,130882,129337,130882,True,True,False,False,True,71108.0,2.0,-2.5305709838867188, 것,EXACT,OTHER,not_primary_class,False,False,0.0,OK
FLORES,P1,819,7,4,25,NP_CROSS,CROSS_MORPHEME,지를,청바지를,0,1.1550095081329346,4,,,,133120,133120,133120,133120,True,True,True,True,True,21329.0,2.0,-0.9837294816970825,지,WITHIN_SPLIT,OTHER,no_valid_adjacent_boundary,False,True,-1.0,OK
FLORES,P1,819,12,2,37,NP_CROSS,CROSS_MORPHEME,지를,청바지를,0,0.6875857710838318,4,,,,133120,133120,133120,133120,True,True,True,True,True,21329.0,2.0,-2.1507246494293213,지,WITHIN_SPLIT,OTHER,no_valid_adjacent_boundary,False,True,-1.0,OK
FLORES,P1,819,15,2,49,NP_CROSS,CROSS_MORPHEME,지를,청바지를,0,0.11046035587787628,4,,,,133120,133120,133120,133120,True,True,True,True,True,21329.0,2.0,-4.8149943351745605,지,WITHIN_SPLIT,OTHER,no_valid_adjacent_boundary,False,True,-1.0,OK
FLORES,P1,819,18,2,61,NP_CROSS,CROSS_MORPHEME,지를,청바지를,0,0.04244711622595787,4,,,,133120,133120,133120,133120,True,True,True,True,True,21329.0,3.0,-6.334080696105957,지,WITHIN_SPLIT,OTHER,no_valid_adjacent_boundary,False,True,-1.0,OK
FLORES,P1,819,21,2,73,NP_CROSS,CROSS_MORPHEME,지를,청바지를,0,0.027526766061782837,4,,,,133120,133120,133120,133120,True,True,True,True,True,21329.0,3.0,-7.066115379333496,지,WITHIN_SPLIT,OTHER,no_valid_adjacent_boundary,False,True,-1.0,OK
FLORES,P1,819,24,2,85,NP_CROSS,CROSS_MORPHEME,지를,청바지를,0,0.021005868911743164,4,,,,133120,133120,133120,133120,True,True,True,True,True,21329.0,3.0,-7.440136909484863,지,WITHIN_SPLIT,OTHER,no_valid_adjacent_boundary,False,True,-1.0,OK
FLORES,P1,819,27,2,97,NP_CROSS,CROSS_MORPHEME,지를,청바지를,0,0.01563170738518238,4,,,,133120,133120,133120,133120,True,True,True,True,True,21329.0,3.0,-7.7831034660339355,지,WITHIN_SPLIT,OTHER,no_valid_adjacent_boundary,False,True,-1.0,OK
FLORES,P1,819,30,2,109,NP_CROSS,CROSS_MORPHEME,지를,청바지를,0,0.012863660231232643,4,,,,133120,133120,133120,133120,True,True,True,True,True,21329.0,3.0,-8.17334270477295,지,WITHIN_SPLIT,OTHER,no_valid_adjacent_boundary,False,True,-1.0,OK
FLORES,P1,819,33,2,121,NP_CROSS,CROSS_MORPHEME,지를,청바지를,0,0.01109976414591074,4,,,,133120,133120,133120,133120,True,True,True,True,True,21329.0,3.0,-8.376240730285645,지,WITHIN_SPLIT,OTHER,no_valid_adjacent_boundary,False,True,-1.0,OK
FLORES,P1,820,4,3,12,NP_CROSS,CROSS_MORPHEME, 것을,것을,0,1.8134605884552002,1,,,,129337,129337,129337,129337,True,True,True,True,True,71108.0,4.0,-2.973848819732666, 것,EXACT,OTHER,not_primary_class,False,True,-1.0,OK
FLORES,P1,823,13,2,39,NP_CROSS,CROSS_MORPHEME, 것이,것이,0,0.7814081907272339,1,,,,128584,128584,128584,128584,True,True,True,True,True,71108.0,5.0,-5.413000583648682, 것,EXACT,OTHER,not_primary_class,False,True,-1.0,OK
FLORES,P1,824,0,4,3,NP_CROSS,CROSS_MORPHEME, 자신의,자신의,1,4.120550155639648,2,,,,134748,35509,134748,35509,True,True,False,False,True,35509.0,2.0,-2.2523367404937744, 가,EXACT,OTHER,not_primary_class,True,False,1.0,OK
FLORES,P1,834,10,1,17,NP_CROSS,CROSS_MORPHEME, 것이,것이,1,4.185086727142334,5,,,,128584,16751,128584,16751,True,True,False,False,True,98358.0,2.0,-2.506608247756958, 종,EXACT,OTHER,not_primary_class,False,False,0.0,OK
FLORES,P1,840,9,1,28,NP_CROSS,CROSS_MORPHEME,가는,국가는,1,2.8615975379943848,2,,,,132184,66136,65306,66136,False,True,False,False,False,,,,,,,,,,,MODEL_REPLAY_MISMATCH
FLORES,P1,845,20,1,34,NP_CROSS,CROSS_MORPHEME, 사람이,사람이,1,2.991486072540283,1,,,,133166,140173,133166,140173,True,True,False,False,True,124889.0,2.0,-1.6388458013534546, 사람,EXACT,OTHER,not_primary_class,False,False,0.0,OK
FLORES,P1,845,40,1,92,NP_CROSS,CROSS_MORPHEME, 사람이,"사람이"".",0,0.4229881167411804,1,,,,133166,133166,133166,133166,True,True,True,True,True,124889.0,2.0,-2.768019676208496, 사람,EXACT,OTHER,not_primary_class,False,True,-1.0,OK
FLORES,P1,850,4,1,6,NP_CROSS,CROSS_MORPHEME,자의,"눈동자의,",1,2.3365674018859863,5,,,,131958,85057,131958,85057,True,True,False,False,True,25715.0,2.0,-1.3586196899414062,자,WITHIN_SPLIT,OTHER,no_valid_adjacent_boundary,False,False,0.0,OK
FLORES,P1,850,34,1,61,NP_CROSS,CROSS_MORPHEME, 것을,것을,1,3.7891693115234375,4,,,,129337,140968,79207,140968,False,True,False,False,False,,,,,,,,,,,MODEL_REPLAY_MISMATCH
FLORES,P1,854,8,4,17,NP_CROSS,CROSS_MORPHEME, 것은,것은,1,2.3760037422180176,3,,,,129274,140968,129274,140968,True,True,False,False,True,71108.0,3.0,-2.2297253608703613, 것,EXACT,OTHER,not_primary_class,False,False,0.0,OK
FLORES,P1,857,8,2,14,NP_CROSS,CROSS_MORPHEME,리를,거리를,0,0.702908992767334,2,,,,133886,133886,133886,133886,True,True,True,True,True,28002.0,2.0,-1.2836697101593018,리,WITHIN_SPLIT,OTHER,no_valid_adjacent_boundary,False,True,-1.0,OK
FLORES,P1,858,23,2,44,NP_CROSS,CROSS_MORPHEME, 것을,것을,0,2.0248076915740967,1,,,,129337,129337,129337,129337,True,True,True,True,True,132989.0,2.0,-1.654557228088379, 의미,EXACT,OTHER,not_primary_class,False,True,-1.0,OK
FLORES,P1,864,14,2,30,NP_CROSS,CROSS_MORPHEME, 것으로,것으로,1,2.294177532196045,3,,,,132091,138017,132091,138017,True,True,False,False,True,71108.0,2.0,-1.3065688610076904, 것,EXACT,OTHER,not_primary_class,False,False,0.0,OK
FLORES,P1,866,5,2,10,NP_CROSS,CROSS_MORPHEME,인이,스아미인이,1,3.036231279373169,4,,,,135227,16560,135227,16560,True,True,False,False,True,19969.0,2.0,-1.8323097229003906,가,EXACT,OTHER,not_primary_class,False,False,0.0,OK
FLORES,P1,868,24,2,54,NP_CROSS,CROSS_MORPHEME, 것으로,것으로,0,3.859978199005127,1,,,,132091,132091,132091,132091,True,True,True,True,True,127864.0,2.0,-2.34161639213562, 역,EXACT,OTHER,not_primary_class,False,True,-1.0,OK
FLORES,P1,873,6,3,22,NP_CROSS,CROSS_MORPHEME, 것을,것을,1,1.6574623584747314,2,,,,129337,71108,129337,71108,True,True,False,False,True,71108.0,2.0,-1.2930729389190674, 것,EXACT,OTHER,not_primary_class,True,False,1.0,OK
FLORES,P1,879,14,3,30,NP_CROSS,CROSS_MORPHEME, 것이,것이,0,0.4872828423976898,1,,,,128584,128584,128584,128584,True,True,True,True,True,13146.0,4.0,-4.157227993011475,다,WITHIN_SPLIT,PREDICATE_TO_ENDING,nearest_adjacent_boundary,False,True,-1.0,OK
FLORES,P1,883,14,2,24,NP_CROSS,CROSS_MORPHEME,지는,잡지는,0,0.35098016262054443,3,,,,130974,130974,130974,130974,True,True,True,True,True,21329.0,2.0,-2.311203956604004,지,WITHIN_SPLIT,OTHER,no_valid_adjacent_boundary,False,True,-1.0,OK
FLORES,P1,885,12,1,32,NP_CROSS,CROSS_MORPHEME, 것을,것을,0,3.543895721435547,1,,,,129337,129337,129337,129337,True,True,True,True,True,49052.0,2.0,-2.074921131134033, 경우,EXACT,OTHER,not_primary_class,False,True,-1.0,OK
FLORES,P1,888,21,1,36,NP_CROSS,CROSS_MORPHEME, 것은,것은,1,1.706174373626709,1,,,,129274,128584,129274,128584,True,True,False,False,True,71108.0,4.0,-3.6556849479675293, 것,EXACT,OTHER,not_primary_class,False,False,0.0,OK
FLORES,P1,891,10,2,16,NP_CROSS,CROSS_MORPHEME,대로,반대로,1,1.255185842514038,2,,,,129923,66845,129923,66845,True,True,False,False,True,66845.0,2.0,-0.9494223594665527,대,WITHIN_SPLIT,OTHER,no_valid_adjacent_boundary,True,False,1.0,OK
FLORES,P1,892,4,1,9,NP_CROSS,CROSS_MORPHEME, 것은,"것은,",0,2.0504584312438965,1,,,,129274,129274,129274,129274,True,True,True,True,True,71108.0,2.0,-1.9454841613769531, 것,EXACT,OTHER,not_primary_class,False,True,-1.0,OK
FLORES,P1,897,15,1,37,NP_CROSS,CROSS_MORPHEME, 것은,것은,1,3.7243576049804688,2,,,,129274,130217,129274,130217,True,True,False,False,True,71108.0,2.0,-2.120199680328369, 것,EXACT,OTHER,not_primary_class,False,False,0.0,OK
FLORES,P1,898,12,2,25,NP_CROSS,CROSS_MORPHEME, 것을,것을,0,1.4586557149887085,1,,,,129337,129337,129337,129337,True,True,True,True,True,128646.0,2.0,-3.036829710006714, 생각,EXACT,OTHER,not_primary_class,False,True,-1.0,OK
FLORES,P1,913,2,3,7,NP_CROSS,CROSS_MORPHEME,자는,제공자는,1,1.7384209632873535,2,,,,132343,130427,132343,130427,True,True,False,False,True,25715.0,2.0,-1.3951359987258911,자,WITHIN_SPLIT,OTHER,no_valid_adjacent_boundary,False,False,0.0,OK
FLORES,P1,914,2,2,6,NP_CROSS,CROSS_MORPHEME, 동시에,동시에,1,3.467012405395508,1,,,,143409,131582,143409,131582,True,True,False,False,True,73669.0,2.0,-2.201394557952881, 배,EXACT,OTHER,not_primary_class,False,False,0.0,OK
FLORES,P1,915,6,1,14,NP_CROSS,CROSS_MORPHEME,기가,인기가,0,1.2557343244552612,2,,,,136125,136125,136125,136125,True,True,True,True,True,20487.0,2.0,-1.4140594005584717,기,WITHIN_SPLIT,OTHER,no_valid_adjacent_boundary,False,True,-1.0,OK
FLORES,P1,930,8,1,12,NP_CROSS,CROSS_MORPHEME, 것을,것을,0,3.074625015258789,1,,,,129337,129337,129337,129337,True,True,True,True,True,71108.0,3.0,-2.6098623275756836, 것,EXACT,OTHER,not_primary_class,False,True,-1.0,OK
FLORES,P1,930,12,2,20,NP_CROSS,CROSS_MORPHEME, 것을,것을,1,3.6454787254333496,2,,,,129337,5140,129337,5140,True,True,False,False,True,124889.0,2.0,-2.103947401046753, 사람,EXACT,OTHER,not_primary_class,False,False,0.0,OK
FLORES,P1,931,3,2,11,NP_CROSS,CROSS_MORPHEME,기를,비행기를,0,1.2661155462265015,3,,,,131777,131777,131777,131777,True,True,True,True,True,20487.0,2.0,-1.175990104675293,기,WITHIN_SPLIT,OTHER,no_valid_adjacent_boundary,False,True,-1.0,OK
FLORES,P1,931,7,1,23,NP_CROSS,CROSS_MORPHEME, 문제가,문제가,0,1.0009554624557495,1,,,,137903,137903,137903,137903,True,True,True,True,True,126674.0,2.0,-0.8754692077636719, 문제,EXACT,OTHER,not_primary_class,False,True,-1.0,OK
FLORES,P1,933,8,4,17,NP_CROSS,CROSS_MORPHEME, 것이,것이,1,1.451863408088684,2,,,,128584,130864,128584,130864,True,True,False,False,True,71108.0,2.0,-2.388090133666992, 것,EXACT,OTHER,not_primary_class,False,False,0.0,OK
FLORES,P1,936,10,1,24,NP_CROSS,CROSS_MORPHEME, 것이,것이,0,3.224698305130005,1,,,,128584,128584,128584,128584,True,True,True,True,True,132819.0,4.0,-3.153855323791504, 이유,EXACT,OTHER,not_primary_class,False,True,-1.0,OK
FLORES,P1,937,22,2,47,NP_CROSS,CROSS_MORPHEME, 이를,이를,0,3.3333241939544678,1,,,,136342,136342,136342,136342,True,True,True,True,True,23084.0,2.0,-1.9225716590881348, 이,EXACT,OTHER,not_primary_class,False,True,-1.0,OK
FLORES,P1,945,37,2,94,NP_CROSS,CROSS_MORPHEME,기를,분위기를,0,0.6678511500358582,3,,,,131777,131777,131777,131777,True,True,True,True,True,20487.0,2.0,-2.200608730316162,기,WITHIN_SPLIT,OTHER,no_valid_adjacent_boundary,False,True,-1.0,OK
FLORES,P1,949,2,3,6,NP_CROSS,CROSS_MORPHEME, 것은,것은,1,2.841643810272217,3,,,,129274,45130,129274,45130,True,True,False,False,True,126352.0,3.0,-3.07049298286438, 거,EXACT,OTHER,not_primary_class,False,False,0.0,OK
FLORES,P1,956,14,4,43,NP_CROSS,CROSS_MORPHEME, 그것을,그것을,1,2.912773609161377,3,,,,139484,133329,139484,133329,True,True,False,False,True,133329.0,2.0,-1.5079206228256226, 이해,EXACT,OTHER,not_primary_class,True,False,1.0,OK
FLORES,P1,956,16,4,48,NP_CROSS,CROSS_MORPHEME, 사람이,사람이,0,1.3560750484466553,1,,,,133166,133166,133166,133166,True,True,True,True,True,124889.0,2.0,-1.0686674118041992, 사람,EXACT,OTHER,not_primary_class,False,True,-1.0,OK
FLORES,P1,969,10,1,24,NP_CROSS,CROSS_MORPHEME, 것을,것을,1,2.054671049118042,2,,,,129337,81718,129337,81718,True,True,False,False,True,13146.0,3.0,-3.0653743743896484,다,WITHIN_SPLIT,PREDICATE_TO_ENDING,nearest_adjacent_boundary,False,False,0.0,OK
FLORES,P1,969,11,1,25,NP_CROSS,CROSS_MORPHEME,지를,바지를,0,1.1641204357147217,2,,,,133120,133120,133120,133120,True,True,True,True,True,21329.0,2.0,-1.3192439079284668,지,WITHIN_SPLIT,OTHER,no_valid_adjacent_boundary,False,True,-1.0,OK
FLORES,P1,975,14,1,35,NP_CROSS,CROSS_MORPHEME, 것은,것은,1,2.6199140548706055,4,,,,129274,45130,129274,45130,True,True,False,False,True,71108.0,3.0,-2.127591609954834, 것,EXACT,OTHER,not_primary_class,False,False,0.0,OK
FLORES,P1,978,8,1,19,NP_CROSS,CROSS_MORPHEME, 것을,것을,0,1.9700618982315063,1,,,,129337,129337,129337,129337,True,True,True,True,True,71108.0,2.0,-1.4626953601837158, 것,EXACT,OTHER,not_primary_class,False,True,-1.0,OK
FLORES,P1,980,9,3,21,NP_CROSS,CROSS_MORPHEME, 것을,것을,0,0.21377074718475342,1,,,,129337,129337,129337,129337,True,True,True,True,True,71108.0,2.0,-5.621164321899414, 것,EXACT,OTHER,not_primary_class,False,True,-1.0,OK
FLORES,P1,981,7,4,21,NP_CROSS,CROSS_MORPHEME, 것이,것이,0,1.6402764320373535,1,,,,128584,128584,128584,128584,True,True,True,True,True,71108.0,4.0,-3.129638433456421, 것,EXACT,OTHER,not_primary_class,False,True,-1.0,OK
FLORES,P1,984,6,4,21,NP_CROSS,CROSS_MORPHEME, 때문에,때문에,0,0.4222669005393982,2,,,,129147,129147,129147,129147,True,True,True,True,True,126495.0,2.0,-3.2039308547973633, 때문,EXACT,OTHER,not_primary_class,False,True,-1.0,OK
FLORES,P1,989,7,2,21,NP_CROSS,CROSS_MORPHEME,물을,식물을,0,0.8477616906166077,3,,,,137075,137075,137075,137075,True,True,True,True,True,126251.0,2.0,-0.8996961116790771,물,WITHIN_SPLIT,OTHER,no_valid_adjacent_boundary,False,True,-1.0,OK
FLORES,P1,991,9,2,22,NP_CROSS,CROSS_MORPHEME, 것을,것을,0,0.7568862438201904,1,,,,129337,129337,129337,129337,True,True,True,True,True,71108.0,3.0,-3.682839870452881, 것,EXACT,OTHER,not_primary_class,False,True,-1.0,OK
FLORES,P1,992,3,3,8,NP_CROSS,CROSS_MORPHEME, 것은,것은,1,3.826497793197632,3,,,,129274,330,129274,330,True,True,False,False,True,364.0,2.0,-2.2809972763061523, ',EXACT,OTHER,not_primary_class,False,False,0.0,OK
FLORES,P1,995,9,1,18,NP_CROSS,CROSS_MORPHEME, 것은,것은,0,2.862898826599121,1,,,,129274,129274,129274,129274,True,True,True,True,True,132968.0,3.0,-2.2065742015838623, 좋은,CROSS_MORPHEME,PREDICATE_TO_ENDING,crossed_boundary,False,True,-1.0,OK
FLORES,P1,1004,8,1,19,NP_CROSS,CROSS_MORPHEME, 때문에,"때문에,",0,0.24065858125686646,2,,,,129147,129147,129147,129147,True,True,True,True,True,126495.0,2.0,-4.089756965637207, 때문,EXACT,OTHER,not_primary_class,False,True,-1.0,OK
FLORES,P1,1011,12,3,23,NP_CROSS,CROSS_MORPHEME, 것이,것이,1,2.051830291748047,2,,,,128584,60960,128584,60960,True,True,False,False,True,71108.0,2.0,-1.4868398904800415, 것,EXACT,OTHER,not_primary_class,False,False,0.0,OK
FLORES,P1,1011,16,4,34,NP_CROSS,CROSS_MORPHEME, 것이,것이,1,2.324066638946533,3,,,,128584,71108,71108,71108,False,True,False,True,False,,,,,,,,,,,MODEL_REPLAY_MISMATCH
FLORES,P1,1012,0,4,3,NP_CROSS,CROSS_MORPHEME,자는,근로자는,0,0.9992673397064209,4,,,,132343,132343,132343,132343,True,True,True,True,True,25715.0,3.0,-2.054382085800171,자,WITHIN_SPLIT,OTHER,no_valid_adjacent_boundary,False,True,-1.0,OK
FLORES,P1,1012,11,4,35,NP_CROSS,CROSS_MORPHEME, 것을,것을,1,1.8881036043167114,1,,,,129337,128584,129337,128584,True,True,False,False,True,124970.0,3.0,-2.3184618949890137, 의,EXACT,OTHER,not_primary_class,False,False,0.0,OK
FLORES,P1,2,24,1,54,WITHIN_SPLIT_PLACEBO,WITHIN_SPLIT, 단,단계에,0,3.394879102706909,3,2.0,58.0,True,129400,129400,129400,129400,True,True,True,True,True,19391.0,2.0,-2.0010151863098145,에,EXACT,OTHER,not_primary_class,False,True,-1.0,OK
FLORES,P1,4,20,2,39,WITHIN_SPLIT_PLACEBO,WITHIN_SPLIT,디,라디오에서,0,0.09737084060907364,4,4.0,66.0,True,89235,89235,89235,89235,True,True,True,True,True,12802.0,2.0,-4.219913482666016,이,WITHIN_SPLIT,OTHER,no_valid_adjacent_boundary,False,True,-1.0,OK
FLORES,P1,4,21,1,42,WITHIN_SPLIT_PLACEBO,WITHIN_SPLIT,송,방송에서,0,1.1446113586425781,3,4.0,73.0,True,127105,127105,127105,127105,True,True,True,True,True,56475.0,2.0,-0.9932469129562378,에서,EXACT,OTHER,not_primary_class,False,True,-1.0,OK
FLORES,P1,5,7,2,13,WITHIN_SPLIT_PLACEBO,WITHIN_SPLIT,것,아무것도,0,2.1977696418762207,3,5.0,19.0,True,124708,124708,124708,124708,True,True,True,True,True,83556.0,2.0,-1.521636724472046, 일,EXACT,OTHER,not_primary_class,False,True,-1.0,OK
FLORES,P1,12,7,1,21,WITHIN_SPLIT_PLACEBO,WITHIN_SPLIT,과,성과를,0,1.4282411336898804,3,12.0,20.0,True,53680,53680,53680,53680,True,True,True,True,True,78125.0,2.0,-1.0817656517028809,공,WITHIN_SPLIT,OTHER,no_valid_adjacent_boundary,False,True,-1.0,OK
FLORES,P1,14,5,3,12,WITHIN_SPLIT_PLACEBO,WITHIN_SPLIT,회,위원회와,0,0.42660415172576904,3,14.0,53.0,True,61741,61741,61741,61741,True,True,True,True,True,134379.0,2.0,-2.0078797340393066,회의,CROSS_MORPHEME,NOMINAL_TO_PARTICLE,crossed_boundary,False,True,-1.0,OK
FLORES,P1,14,15,1,40,WITHIN_SPLIT_PLACEBO,WITHIN_SPLIT, 아,아티스트의,1,3.2193875312805176,3,14.0,59.0,True,48408,129296,48408,129296,True,True,False,False,True,28733.0,6.0,-3.3431403636932373, 수,EXACT,OTHER,not_primary_class,False,False,0.0,OK
FLORES,P1,15,23,1,60,WITHIN_SPLIT_PLACEBO,WITHIN_SPLIT, 방,방향으로,1,2.7146613597869873,1,15.0,0.0,True,74808,128584,74808,128584,True,True,False,False,True,129337.0,2.0,-2.5509097576141357, 것을,CROSS_MORPHEME,NOMINAL_TO_PARTICLE,crossed_boundary,False,False,0.0,OK
FLORES,P1,16,26,1,49,WITHIN_SPLIT_PLACEBO,WITHIN_SPLIT, 조,조치와,1,2.475461721420288,3,16.0,57.0,True,65510,135968,65510,135968,True,True,False,False,True,126871.0,2.0,-3.1587414741516113, 필요,EXACT,OTHER,not_primary_class,False,False,0.0,OK
FLORES,P1,17,13,2,34,WITHIN_SPLIT_PLACEBO,WITHIN_SPLIT, 활,활동을,1,3.7583837509155273,1,17.0,44.0,True,140968,129304,79207,129304,False,True,False,False,False,,,,,,,,,,,MODEL_REPLAY_MISMATCH
FLORES,P1,27,2,1,2,WITHIN_SPLIT_PLACEBO,WITHIN_SPLIT,리,튀리아도,1,3.8856334686279297,6,27.0,43.0,True,28002,125548,28002,125548,True,True,False,False,True,31079.0,2.0,-2.250121593475342,어,EXACT,OTHER,not_primary_class,False,False,0.0,OK
FLORES,P1,28,4,1,6,WITHIN_SPLIT_PLACEBO,WITHIN_SPLIT,물,동물의,0,1.4135191440582275,3,28.0,20.0,True,126251,126251,126251,126251,True,True,True,True,True,76435.0,2.0,-2.631148338317871,생,WITHIN_SPLIT,OTHER,no_valid_adjacent_boundary,False,True,-1.0,OK
FLORES,P1,28,18,2,41,WITHIN_SPLIT_PLACEBO,WITHIN_SPLIT, 구,구조를,1,3.547955274581909,2,28.0,42.0,True,58777,90960,58777,90960,True,True,False,False,True,20401.0,2.0,-2.023393392562866,의,EXACT,OTHER,not_primary_class,False,False,0.0,OK
FLORES,P1,31,15,2,39,WITHIN_SPLIT_PLACEBO,WITHIN_SPLIT,행,비행을,0,0.07150653749704361,3,31.0,24.0,True,124528,124528,124528,124528,True,True,True,True,True,19969.0,2.0,-7.225247859954834,가,EXACT,OTHER,not_primary_class,False,True,-1.0,OK
FLORES,P1,31,8,2,17,WITHIN_SPLIT_PLACEBO,WITHIN_SPLIT,행,비행기의,0,2.0870676040649414,3,31.0,31.0,True,124528,124528,124528,124528,True,True,True,True,True,125519.0,2.0,-2.2358005046844482,선,WITHIN_SPLIT,OTHER,no_valid_adjacent_boundary,False,True,-1.0,OK
FLORES,P1,31,22,1,62,WITHIN_SPLIT_PLACEBO,WITHIN_SPLIT,능,능력을,0,0.004105379804968834,3,31.0,46.0,True,98,98,98,98,True,True,True,True,True,249.0,3.0,-10.281601905822754,늛,EXACT,OTHER,not_primary_class,False,True,-1.0,OK
FLORES,P1,31,26,2,79,WITHIN_SPLIT_PLACEBO,WITHIN_SPLIT,능,능력을,0,0.00749492272734642,3,31.0,53.0,True,98,98,98,98,True,True,True,True,True,249.0,2.0,-7.688265800476074,늛,EXACT,OTHER,not_primary_class,False,True,-1.0,OK
FLORES,P1,31,30,2,95,WITHIN_SPLIT_PLACEBO,WITHIN_SPLIT, 능,능력을,0,0.033305056393146515,3,31.0,63.0,True,143861,143861,143861,143861,True,True,True,True,True,54116.0,2.0,-7.745104789733887, 기,EXACT,OTHER,not_primary_class,False,True,-1.0,OK
FLORES,P1,31,26,1,78,WITHIN_SPLIT_PLACEBO,WITHIN_SPLIT, 능,능력을,0,0.056620899587869644,3,31.0,70.0,True,143861,143861,143861,143861,True,True,True,True,True,54116.0,2.0,-6.958339214324951, 기,EXACT,OTHER,not_primary_class,False,True,-1.0,OK
FLORES,P1,31,30,3,96,WITHIN_SPLIT_PLACEBO,WITHIN_SPLIT,능,능력을,0,0.002898077480494976,3,31.0,80.0,True,98,98,98,98,True,True,True,True,True,249.0,2.0,-8.906498908996582,늛,EXACT,OTHER,not_primary_class,False,True,-1.0,OK
FLORES,P1,31,33,2,107,WITHIN_SPLIT_PLACEBO,WITHIN_SPLIT,행,비행을,0,0.006145292893052101,3,31.0,87.0,True,124528,124528,124528,124528,True,True,True,True,True,19969.0,2.0,-9.187978744506836,가,EXACT,OTHER,not_primary_class,False,True,-1.0,OK
FLORES,P1,31,37,3,124,WITHIN_SPLIT_PLACEBO,WITHIN_SPLIT,행,비행을,0,0.003745659254491329,3,31.0,97.0,True,124528,124528,124528,124528,True,True,True,True,True,19969.0,2.0,-9.640907287597656,가,EXACT,OTHER,not_primary_class,False,True,-1.0,OK
FLORES,P1,31,37,2,123,WITHIN_SPLIT_PLACEBO,WITHIN_SPLIT, 비,비행을,0,0.22010037302970886,3,31.0,104.0,True,73986,73986,73986,73986,True,True,True,True,True,126322.0,2.0,-4.325647830963135, 동,EXACT,OTHER,not_primary_class,False,True,-1.0,OK
FLORES,P1,31,33,1,106,WITHIN_SPLIT_PLACEBO,WITHIN_SPLIT, 비,비행을,0,0.2615293860435486,3,31.0,114.0,True,73986,73986,73986,73986,True,True,True,True,True,126322.0,2.0,-4.330442905426025, 동,EXACT,OTHER,not_primary_class,False,True,-1.0,OK
FLORES,P1,31,29,1,90,WITHIN_SPLIT_PLACEBO,WITHIN_SPLIT,행,비행을,0,0.022733185440301895,3,31.0,121.0,True,124528,124528,124528,124528,True,True,True,True,True,19969.0,2.0,-8.267521858215332,가,EXACT,OTHER,not_primary_class,False,True,-1.0,OK
FLORES,P1,32,22,1,56,WITHIN_SPLIT_PLACEBO,WITHIN_SPLIT, 비,비늘과,0,1.5665993690490723,3,32.0,63.0,True,73986,73986,73986,73986,True,True,True,True,True,20401.0,2.0,-3.288407564163208,의,EXACT,OTHER,not_primary_class,False,True,-1.0,OK
FLORES,P1,33,12,1,31,WITHIN_SPLIT_PLACEBO,WITHIN_SPLIT,부,피부와,0,1.8444592952728271,4,33.0,17.0,True,63089,63089,63089,63089,True,True,True,True,True,80573.0,2.0,-2.2670352458953857,와,EXACT,OTHER,not_primary_class,False,True,-1.0,OK
FLORES,P1,35,4,1,11,WITHIN_SPLIT_PLACEBO,WITHIN_SPLIT,상,부상자를,0,1.3893320560455322,3,35.0,12.0,True,55902,55902,55902,55902,True,True,True,True,True,31328.0,2.0,-2.5555286407470703,인,WITHIN_SPLIT,OTHER,no_valid_adjacent_boundary,False,True,-1.0,OK
FLORES,P1,36,5,1,10,WITHIN_SPLIT_PLACEBO,WITHIN_SPLIT, 알,알짜가,1,4.976160049438477,8+,36.0,25.0,True,125214,129392,125214,129392,True,True,False,False,True,49367.0,2.0,-2.838709831237793, 다,EXACT,OTHER,not_primary_class,False,False,0.0,OK
FLORES,P1,37,11,1,32,WITHIN_SPLIT_PLACEBO,WITHIN_SPLIT,동,활동은,0,0.16317592561244965,3,37.0,19.0,True,57089,57089,57089,57089,True,True,True,True,True,32831.0,2.0,-3.8102002143859863,성,WITHIN_SPLIT,OTHER,no_valid_adjacent_boundary,False,True,-1.0,OK
FLORES,P1,45,8,1,14,WITHIN_SPLIT_PLACEBO,WITHIN_SPLIT,녀,자녀를,0,0.1959981918334961,3,45.0,32.0,True,132751,132751,132751,132751,True,True,True,True,True,76337.0,2.0,-3.8147687911987305,식,WITHIN_SPLIT,OTHER,no_valid_adjacent_boundary,False,True,-1.0,OK
FLORES,P1,92,12,2,30,WITHIN_SPLIT_PLACEBO,WITHIN_SPLIT, 결,결론을,1,1.278516173362732,1,46.0,33.0,False,82619,129337,82619,129337,True,True,False,False,True,129337.0,2.0,-1.5528960227966309, 것을,CROSS_MORPHEME,NOMINAL_TO_PARTICLE,crossed_boundary,True,False,1.0,OK
FLORES,P1,47,5,1,17,WITHIN_SPLIT_PLACEBO,WITHIN_SPLIT,준,수준에,0,0.009155936539173126,3,47.0,2.0,True,129044,129044,129044,129044,True,True,True,True,True,59698.0,2.0,-7.844598293304443,치,WITHIN_SPLIT,OTHER,no_valid_adjacent_boundary,False,True,-1.0,OK
FLORES,P1,54,10,2,32,WITHIN_SPLIT_PLACEBO,WITHIN_SPLIT, 방,방향을,0,3.5773098468780518,3,54.0,38.0,True,74808,74808,74808,74808,True,True,True,True,True,36055.0,2.0,-2.0553946495056152, 정,EXACT,OTHER,not_primary_class,False,True,-1.0,OK
FLORES,P1,55,11,2,26,WITHIN_SPLIT_PLACEBO,WITHIN_SPLIT,정,협정을,1,1.846172571182251,4,55.0,61.0,True,29281,28754,29281,28754,True,True,False,False,True,28754.0,2.0,-1.1915624141693115,력,WITHIN_SPLIT,OTHER,no_valid_adjacent_boundary,True,False,1.0,OK
FLORES,P1,59,2,1,3,WITHIN_SPLIT_PLACEBO,WITHIN_SPLIT,판,비판은,0,0.1554657369852066,3,59.0,10.0,True,129382,129382,129382,129382,True,True,True,True,True,126742.0,2.0,-5.503933906555176,평,WITHIN_SPLIT,OTHER,no_valid_adjacent_boundary,False,True,-1.0,OK
FLORES,P1,63,6,3,17,WITHIN_SPLIT_PLACEBO,WITHIN_SPLIT,드,폴란드에,0,0.5334173440933228,5,63.0,31.0,True,29346,29346,29346,29346,True,True,True,True,True,13146.0,2.0,-3.3973231315612793,다,WITHIN_SPLIT,OTHER,no_valid_adjacent_boundary,False,True,-1.0,OK
FLORES,P1,64,26,2,59,WITHIN_SPLIT_PLACEBO,WITHIN_SPLIT,책,정책은,0,0.001181493978947401,3,64.0,50.0,True,126712,126712,126712,126712,True,True,True,True,True,63089.0,2.0,-10.031340599060059,부,WITHIN_SPLIT,OTHER,no_valid_adjacent_boundary,False,True,-1.0,OK
FLORES,P1,65,12,1,21,WITHIN_SPLIT_PLACEBO,WITHIN_SPLIT,셔,이니셔티브를,0,0.5160210728645325,6,65.0,1.0,True,135607,135607,135607,135607,True,True,True,True,True,131131.0,2.0,-4.345519542694092,티,WITHIN_SPLIT,OTHER,no_valid_adjacent_boundary,False,True,-1.0,OK
FLORES,P1,66,6,2,8,WITHIN_SPLIT_PLACEBO,WITHIN_SPLIT,트,파이트가,1,2.573319673538208,4,66.0,21.0,True,28626,24897,28626,24897,True,True,False,False,True,31079.0,2.0,-2.405674695968628,어,WITHIN_SPLIT,OTHER,no_valid_adjacent_boundary,False,False,0.0,OK
FLORES,P1,68,9,3,19,WITHIN_SPLIT_PLACEBO,WITHIN_SPLIT,도,인도는,0,0.1738702952861786,3,68.0,24.0,True,47985,47985,47985,47985,True,True,True,True,True,89235.0,2.0,-3.365715265274048,디,WITHIN_SPLIT,OTHER,no_valid_adjacent_boundary,False,True,-1.0,OK
FLORES,P1,72,29,1,55,WITHIN_SPLIT_PLACEBO,WITHIN_SPLIT,담,대표자회담에,0,1.4066076278686523,6,72.0,65.0,True,125786,125786,125786,125786,True,True,True,True,True,124780.0,2.0,-1.9919753074645996,관,WITHIN_SPLIT,LEXICAL_TO_LEXICAL,nearest_adjacent_boundary,False,True,-1.0,OK
FLORES,P1,75,3,1,8,WITHIN_SPLIT_PLACEBO,WITHIN_SPLIT,드,호바드는,0,2.039827823638916,4,75.0,31.0,True,29346,29346,29346,29346,True,True,True,True,True,89235.0,2.0,-2.910001754760742,디,WITHIN_SPLIT,OTHER,no_valid_adjacent_boundary,False,True,-1.0,OK
FLORES,P1,76,13,1,32,WITHIN_SPLIT_PLACEBO,WITHIN_SPLIT,포,팜포와,1,3.5208840370178223,3,76.0,26.0,True,128808,34395,128808,34395,True,True,False,False,True,143177.0,2.0,-2.454225540161133,팔,WITHIN_SPLIT,OTHER,no_valid_adjacent_boundary,False,False,0.0,OK
FLORES,P1,87,7,2,12,WITHIN_SPLIT_PLACEBO,WITHIN_SPLIT,말,거짓말로,1,1.6362032890319824,3,87.0,36.0,True,127452,42039,127452,42039,True,True,False,False,True,42039.0,2.0,-1.076277732849121,으로,EXACT,OTHER,not_primary_class,True,False,1.0,OK
FLORES,P1,88,15,1,43,WITHIN_SPLIT_PLACEBO,WITHIN_SPLIT, 정,정책을,0,3.272637367248535,3,88.0,35.0,True,36055,36055,36055,36055,True,True,True,True,True,126785.0,2.0,-1.9563746452331543, 법,EXACT,OTHER,not_primary_class,False,True,-1.0,OK
FLORES,P1,89,3,1,9,WITHIN_SPLIT_PLACEBO,WITHIN_SPLIT, 프,프로그램은,0,3.636101722717285,4,89.0,27.0,True,84255,84255,84255,84255,True,True,True,True,True,130331.0,2.0,-2.4784908294677734, 하지만,EXACT,OTHER,not_primary_class,False,True,-1.0,OK
FLORES,P1,94,5,1,9,WITHIN_SPLIT_PLACEBO,WITHIN_SPLIT,흰,흰색의,0,0.7118297815322876,3,94.0,12.0,True,251,251,251,251,True,True,True,True,True,36109.0,12.0,-5.885897636413574,탁,EXACT,OTHER,not_primary_class,False,True,-1.0,OK
FLORES,P1,94,5,3,11,WITHIN_SPLIT_PLACEBO,WITHIN_SPLIT,색,흰색의,1,3.7391209602355957,2,94.0,15.0,True,77226,77353,77226,77353,True,True,False,False,True,99752.0,2.0,-2.1635844707489014,烟,EXACT,OTHER,not_primary_class,False,False,0.0,OK
FLORES,P1,108,41,1,64,WITHIN_SPLIT_PLACEBO,WITHIN_SPLIT,제,강제로,1,2.5129380226135254,2,108.0,71.0,True,37087,47985,37087,47985,True,True,False,False,True,47985.0,2.0,-1.8874177932739258,도,WITHIN_SPLIT,OTHER,no_valid_adjacent_boundary,True,False,1.0,OK
FLORES,P1,112,3,1,5,WITHIN_SPLIT_PLACEBO,WITHIN_SPLIT,체,몸체가,1,2.168060541152954,3,112.0,18.0,True,49543,12802,49543,12802,True,True,False,False,True,12802.0,2.0,-1.865085482597351,이,EXACT,OTHER,not_primary_class,True,False,1.0,OK
FLORES,P1,115,14,1,24,WITHIN_SPLIT_PLACEBO,WITHIN_SPLIT,이,사슴잡이를,0,2.8695716857910156,5,115.0,29.0,True,12802,12802,12802,12802,True,True,True,True,True,16560.0,2.0,-1.507112741470337,는,EXACT,OTHER,not_primary_class,False,True,-1.0,OK
FLORES,P1,268,5,3,13,WITHIN_SPLIT_PLACEBO,WITHIN_SPLIT,선,총선을,1,2.639498233795166,6,119.0,19.0,False,125519,28002,125519,28002,True,True,False,False,True,126317.0,2.0,-1.5580520629882812,각,WITHIN_SPLIT,OTHER,no_valid_adjacent_boundary,False,False,0.0,OK
FLORES,P1,578,8,1,22,WITHIN_SPLIT_PLACEBO,WITHIN_SPLIT, 형,형식으로,0,2.7095656394958496,3,119.0,23.0,False,141965,141965,141965,141965,True,True,True,True,True,18411.0,2.0,-2.2024126052856445,를,EXACT,OTHER,not_primary_class,False,True,-1.0,OK
FLORES,P1,124,5,1,12,WITHIN_SPLIT_PLACEBO,WITHIN_SPLIT,충,충돌에,0,0.023445788770914078,3,124.0,10.0,True,102,102,102,102,True,True,True,True,True,250.0,3.0,-7.956225395202637,출,EXACT,OTHER,not_primary_class,False,True,-1.0,OK
FLORES,P1,129,10,1,16,WITHIN_SPLIT_PLACEBO,WITHIN_SPLIT,향,영향을,0,0.22880342602729797,3,129.0,32.0,True,129321,129321,129321,129321,True,True,True,True,True,126345.0,2.0,-5.281895637512207,양,WITHIN_SPLIT,OTHER,no_valid_adjacent_boundary,False,True,-1.0,OK
FLORES,P1,131,1,1,4,WITHIN_SPLIT_PLACEBO,WITHIN_SPLIT,크,플루이크는,0,2.1163010597229004,6,131.0,19.0,True,81133,81133,81133,81133,True,True,True,True,True,126896.0,2.0,-1.6514848470687866,키,WITHIN_SPLIT,OTHER,no_valid_adjacent_boundary,False,True,-1.0,OK
FLORES,P1,131,16,1,27,WITHIN_SPLIT_PLACEBO,WITHIN_SPLIT,도,시도가,0,1.448026180267334,3,131.0,20.0,True,47985,47985,47985,47985,True,True,True,True,True,125496.0,2.0,-1.8585598468780518,민,WITHIN_SPLIT,OTHER,no_valid_adjacent_boundary,False,True,-1.0,OK
FLORES,P1,132,14,2,34,WITHIN_SPLIT_PLACEBO,WITHIN_SPLIT,료,의료의,0,0.741258978843689,6,132.0,41.0,True,63256,63256,63256,63256,True,True,True,True,True,124632.0,2.0,-1.5733155012130737,학,WITHIN_SPLIT,OTHER,no_valid_adjacent_boundary,False,True,-1.0,OK
FLORES,P1,140,40,2,93,WITHIN_SPLIT_PLACEBO,WITHIN_SPLIT,류,종류의,0,0.005019881762564182,3,140.0,97.0,True,97929,97929,97929,97929,True,True,True,True,True,20401.0,3.0,-9.875497817993164,의,EXACT,OTHER,not_primary_class,False,True,-1.0,OK
FLORES,P1,141,15,3,22,WITHIN_SPLIT_PLACEBO,WITHIN_SPLIT,계,관계자는,0,1.7182037830352783,3,141.0,23.0,True,124781,124781,124781,124781,True,True,True,True,True,63256.0,2.0,-1.4471774101257324,료,WITHIN_SPLIT,OTHER,no_valid_adjacent_boundary,False,True,-1.0,OK
FLORES,P1,144,6,2,10,WITHIN_SPLIT_PLACEBO,WITHIN_SPLIT,물,눈물이,0,1.2478793859481812,4,144.0,23.0,True,126251,126251,126251,126251,True,True,True,True,True,137075.0,2.0,-1.1607677936553955,물을,CROSS_MORPHEME,NOMINAL_TO_PARTICLE,crossed_boundary,False,True,-1.0,OK
FLORES,P1,146,13,1,24,WITHIN_SPLIT_PLACEBO,WITHIN_SPLIT,케,흐피케펜이,0,3.0444912910461426,7,146.0,45.0,True,136133,136133,136133,126896,True,False,True,False,False,,,,,,,,,,,MODEL_REPLAY_MISMATCH
FLORES,P1,156,6,1,13,WITHIN_SPLIT_PLACEBO,WITHIN_SPLIT,술,기술과,0,1.3019356727600098,3,156.0,45.0,True,125880,125880,125880,125880,True,True,True,True,True,124781.0,2.0,-1.9286856651306152,계,WITHIN_SPLIT,OTHER,no_valid_adjacent_boundary,False,True,-1.0,OK
FLORES,P1,157,19,3,43,WITHIN_SPLIT_PLACEBO,WITHIN_SPLIT,험,위험을,0,1.339600920677185,3,157.0,59.0,True,125341,125341,125341,125341,True,True,True,True,True,129640.0,2.0,-2.5704822540283203,협,WITHIN_SPLIT,OTHER,no_valid_adjacent_boundary,False,True,-1.0,OK
FLORES,P1,160,17,1,39,WITHIN_SPLIT_PLACEBO,WITHIN_SPLIT,로,캐슬로,1,2.3583078384399414,5,160.0,35.0,True,17380,130939,17380,130939,True,True,False,False,True,32077.0,2.0,-3.036552906036377,일,WITHIN_SPLIT,OTHER,no_valid_adjacent_boundary,False,False,0.0,OK
FLORES,P1,162,21,1,41,WITHIN_SPLIT_PLACEBO,WITHIN_SPLIT,하,지하에,0,2.6334567070007324,3,162.0,49.0,True,16186,16186,16186,16186,True,True,True,True,True,88259.0,2.0,-1.3004285097122192,구,WITHIN_SPLIT,OTHER,no_valid_adjacent_boundary,False,True,-1.0,OK
FLORES,P1,162,36,1,72,WITHIN_SPLIT_PLACEBO,WITHIN_SPLIT,오,아스트로지오겔팀의,0,2.7229065895080566,7,162.0,52.0,True,57268,57268,57268,57268,True,True,True,True,True,144104.0,2.0,-2.5574023723602295,컬,WITHIN_SPLIT,OTHER,no_valid_adjacent_boundary,False,True,-1.0,OK
FLORES,P1,167,22,2,45,WITHIN_SPLIT_PLACEBO,WITHIN_SPLIT,차,절차를,0,0.0043090288527309895,4,167.0,2.0,True,125625,125625,125625,125625,True,True,True,True,True,66845.0,2.0,-9.906601905822754,대,WITHIN_SPLIT,OTHER,no_valid_adjacent_boundary,False,True,-1.0,OK
FLORES,P1,171,4,1,5,WITHIN_SPLIT_PLACEBO,WITHIN_SPLIT,로그,프로그램은,0,1.201801061630249,4,171.0,42.0,True,81650,81650,81650,81650,True,True,True,True,True,28002.0,2.0,-1.6826117038726807,리,WITHIN_SPLIT,OTHER,no_valid_adjacent_boundary,False,True,-1.0,OK
FLORES,P1,174,6,1,14,WITHIN_SPLIT_PLACEBO,WITHIN_SPLIT,범,범죄를,0,1.347122311592102,4,174.0,22.0,True,242,242,242,242,True,True,True,True,True,234.0,2.0,-1.2763692140579224,벌,EXACT,OTHER,not_primary_class,False,True,-1.0,OK
FLORES,P1,180,3,1,7,WITHIN_SPLIT_PLACEBO,WITHIN_SPLIT, 지난,지난주에,1,3.5669336318969727,2,180.0,5.0,True,133146,23084,133146,23084,True,True,False,False,True,23084.0,2.0,-1.7038064002990723, 이,EXACT,OTHER,not_primary_class,True,False,1.0,OK
FLORES,P1,199,13,2,32,WITHIN_SPLIT_PLACEBO,WITHIN_SPLIT,죄,범죄에,0,0.4840279221534729,3,199.0,29.0,True,132759,132759,132759,132759,True,True,True,True,True,124528.0,2.0,-3.0718605518341064,행,WITHIN_SPLIT,OTHER,no_valid_adjacent_boundary,False,True,-1.0,OK
FLORES,P1,209,17,1,33,WITHIN_SPLIT_PLACEBO,WITHIN_SPLIT,부터,원인으로부터,1,3.704740524291992,3,209.0,36.0,True,126558,83518,126558,83518,True,True,False,False,True,58677.0,2.0,-1.9998114109039307, 인,EXACT,OTHER,not_primary_class,False,False,0.0,OK
FLORES,P1,209,45,1,119,WITHIN_SPLIT_PLACEBO,WITHIN_SPLIT,병,질병의,0,9.029259672388434e-05,3,209.0,127.0,True,127148,127148,127148,127148,True,True,True,True,True,76337.0,2.0,-12.718755722045898,식,WITHIN_SPLIT,OTHER,no_valid_adjacent_boundary,False,True,-1.0,OK
FLORES,P1,211,3,2,9,WITHIN_SPLIT_PLACEBO,WITHIN_SPLIT,스,바이러스가,0,0.007954591885209084,5,211.0,2.0,True,24897,24897,24897,24897,True,True,True,True,True,12802.0,2.0,-8.938158988952637,이,WITHIN_SPLIT,OTHER,no_valid_adjacent_boundary,False,True,-1.0,OK
FLORES,P1,212,2,3,7,WITHIN_SPLIT_PLACEBO,WITHIN_SPLIT,방,예방을,0,0.006167967803776264,3,212.0,38.0,True,126321,126321,126321,126321,True,True,True,True,True,132612.0,2.0,-8.078730583190918,측,WITHIN_SPLIT,OTHER,no_valid_adjacent_boundary,False,True,-1.0,OK
FLORES,P1,217,3,1,9,WITHIN_SPLIT_PLACEBO,WITHIN_SPLIT,공,항공기를,0,0.39809679985046387,3,217.0,10.0,True,78125,78125,78125,78125,True,True,True,True,True,33883.0,2.0,-4.321953296661377,해,WITHIN_SPLIT,OTHER,no_valid_adjacent_boundary,False,True,-1.0,OK
FLORES,P1,217,7,1,15,WITHIN_SPLIT_PLACEBO,WITHIN_SPLIT,즘,테러리즘으로,1,1.3964097499847412,6,217.0,22.0,True,140891,53189,140891,53189,True,True,False,False,True,53189.0,2.0,-1.029245138168335,스트,WITHIN_SPLIT,OTHER,no_valid_adjacent_boundary,True,False,1.0,OK
FLORES,P1,218,9,1,16,WITHIN_SPLIT_PLACEBO,WITHIN_SPLIT,보,경보를,1,1.0079299211502075,3,218.0,7.0,True,41671,34395,41671,34395,True,True,False,False,True,34395.0,2.0,-0.8959904909133911,고,WITHIN_SPLIT,OTHER,no_valid_adjacent_boundary,True,False,1.0,OK
FLORES,P1,219,1,2,2,WITHIN_SPLIT_PLACEBO,WITHIN_SPLIT,고,보고서는,0,0.7367748022079468,4,219.0,11.0,True,34395,34395,34395,34395,True,True,True,True,True,47985.0,2.0,-1.4327343702316284,도,WITHIN_SPLIT,OTHER,no_valid_adjacent_boundary,False,True,-1.0,OK
FLORES,P1,221,4,2,7,WITHIN_SPLIT_PLACEBO,WITHIN_SPLIT,공,항공기가,0,0.420257568359375,3,221.0,8.0,True,78125,78125,78125,78125,True,True,True,True,True,126299.0,2.0,-4.265363693237305,속,EXACT,OTHER,not_primary_class,False,True,-1.0,OK
FLORES,P1,227,15,1,36,WITHIN_SPLIT_PLACEBO,WITHIN_SPLIT,어,투어를,0,0.7613643407821655,5,227.0,29.0,True,31079,31079,31079,31079,True,True,True,True,True,57268.0,2.0,-3.783663272857666,오,WITHIN_SPLIT,OTHER,no_valid_adjacent_boundary,False,True,-1.0,OK
FLORES,P1,238,11,1,19,WITHIN_SPLIT_PLACEBO,WITHIN_SPLIT,센,센서를,0,0.03769779950380325,4,238.0,14.0,True,120,120,120,120,True,True,True,True,True,105.0,2.0,-5.614631175994873,섬,EXACT,OTHER,not_primary_class,False,True,-1.0,OK
FLORES,P1,242,23,2,38,WITHIN_SPLIT_PLACEBO,WITHIN_SPLIT,돌,충돌에,0,0.04715847969055176,4,242.0,45.0,True,133485,133485,133485,133485,True,True,True,True,True,126614.0,2.0,-5.022956848144531,격,WITHIN_SPLIT,OTHER,no_valid_adjacent_boundary,False,True,-1.0,OK
FLORES,P1,242,22,2,36,WITHIN_SPLIT_PLACEBO,WITHIN_SPLIT, 경,경쟁에서,1,3.5848402976989746,4,242.0,49.0,True,43115,36330,43115,36330,True,True,False,False,True,60960.0,2.0,-2.200897216796875, 대,EXACT,OTHER,not_primary_class,False,False,0.0,OK
FLORES,P1,247,12,1,28,WITHIN_SPLIT_PLACEBO,WITHIN_SPLIT,리,"""우리가",1,1.796127200126648,3,247.0,29.0,True,28002,132920,28002,132920,True,True,False,False,True,125476.0,2.0,-2.0097007751464844,려,WITHIN_SPLIT,OTHER,nearest_adjacent_boundary,False,False,0.0,OK
FLORES,P1,248,13,3,40,WITHIN_SPLIT_PLACEBO,WITHIN_SPLIT,가,비가,0,0.20628920197486877,2,248.0,54.0,True,19969,19969,19969,19969,True,True,True,True,True,16560.0,2.0,-4.544554233551025,는,EXACT,OTHER,not_primary_class,False,True,-1.0,OK
FLORES,P1,252,10,2,27,WITHIN_SPLIT_PLACEBO,WITHIN_SPLIT, 전,전기를,0,1.8314979076385498,2,252.0,28.0,True,56419,56419,56419,56419,True,True,True,True,True,58677.0,2.0,-2.736755132675171, 인,EXACT,OTHER,not_primary_class,False,True,-1.0,OK
FLORES,P1,261,1,1,1,WITHIN_SPLIT_PLACEBO,WITHIN_SPLIT, 이,이국의,1,4.961695671081543,2,261.0,0.0,True,23084,134637,23084,134637,True,True,False,False,True,70943.0,2.0,-3.039264440536499, 중,EXACT,OTHER,not_primary_class,False,False,0.0,OK
FLORES,P1,272,1,3,3,WITHIN_SPLIT_PLACEBO,WITHIN_SPLIT, 무,무기는,0,3.2212510108947754,2,272.0,4.0,True,125149,125149,125149,125149,True,True,True,True,True,129392.0,2.0,-2.6588449478149414, 도,EXACT,OTHER,not_primary_class,False,True,-1.0,OK
FLORES,P1,279,9,3,19,WITHIN_SPLIT_PLACEBO,WITHIN_SPLIT, 여,여성이,0,1.99723219871521,2,279.0,20.0,True,83518,83518,83518,83518,True,True,True,True,True,140546.0,2.0,-1.2269660234451294, 여성,EXACT,OTHER,not_primary_class,False,True,-1.0,OK
FLORES,P1,281,18,1,24,WITHIN_SPLIT_PLACEBO,WITHIN_SPLIT,굴,얼굴을,0,0.17234039306640625,3,281.0,21.0,True,144071,144071,144071,144071,True,True,True,True,True,144171.0,2.0,-5.863079071044922,룩,WITHIN_SPLIT,OTHER,no_valid_adjacent_boundary,False,True,-1.0,OK
FLORES,P1,58,7,1,16,WITHIN_SPLIT_PLACEBO,WITHIN_SPLIT,움,카타르니움의,1,1.5604312419891357,1,282.0,11.0,False,133914,136331,133914,136331,True,True,False,False,True,52959.0,2.0,-1.1862609386444092,아,WITHIN_SPLIT,OTHER,no_valid_adjacent_boundary,False,False,0.0,OK
FLORES,P1,283,1,2,2,WITHIN_SPLIT_PLACEBO,WITHIN_SPLIT,전,운전자는,0,0.5975067615509033,3,283.0,3.0,True,65865,65865,65865,65865,True,True,True,True,True,134064.0,2.0,-2.1568360328674316,전자,WITHIN_SPLIT,OTHER,no_valid_adjacent_boundary,False,True,-1.0,OK
FLORES,P1,283,3,2,6,WITHIN_SPLIT_PLACEBO,WITHIN_SPLIT,리,머리에,0,1.3261404037475586,4,283.0,14.0,True,28002,28002,28002,28002,True,True,True,True,True,133886.0,2.0,-1.656213402748108,리를,CROSS_MORPHEME,NOMINAL_TO_PARTICLE,crossed_boundary,False,True,-1.0,OK
FLORES,P1,289,2,1,5,WITHIN_SPLIT_PLACEBO,WITHIN_SPLIT,부,전부에,1,2.2439565658569336,3,289.0,33.0,True,63089,126346,63089,126346,True,True,False,False,True,126346.0,2.0,-1.294330358505249,역,WITHIN_SPLIT,OTHER,no_valid_adjacent_boundary,True,False,1.0,OK
FLORES,P1,289,11,1,28,WITHIN_SPLIT_PLACEBO,WITHIN_SPLIT,개,공개가,0,0.836998701095581,3,289.0,40.0,True,59761,59761,59761,59761,True,True,True,True,True,125522.0,2.0,-2.4427521228790283,유,WITHIN_SPLIT,OTHER,no_valid_adjacent_boundary,False,True,-1.0,OK
FLORES,P1,289,20,1,48,WITHIN_SPLIT_PLACEBO,WITHIN_SPLIT,개,공개를,0,0.0232792180031538,3,289.0,46.0,True,59761,59761,59761,59761,True,True,True,True,True,125522.0,2.0,-7.18982458114624,유,WITHIN_SPLIT,OTHER,no_valid_adjacent_boundary,False,True,-1.0,OK
FLORES,P1,290,19,2,35,WITHIN_SPLIT_PLACEBO,WITHIN_SPLIT, 등,등등을,1,2.017465829849243,1,290.0,39.0,True,77002,134454,77002,134454,True,True,False,False,True,134454.0,2.0,-1.394214153289795, 등을,CROSS_MORPHEME,NOMINAL_TO_PARTICLE,crossed_boundary,True,False,1.0,OK
FLORES,P1,294,1,1,2,WITHIN_SPLIT_PLACEBO,WITHIN_SPLIT,라,이스라엘은,0,0.028636788949370384,5,294.0,4.0,True,50340,50340,50340,50340,True,True,True,True,True,129804.0,2.0,-7.393475532531738,란,WITHIN_SPLIT,OTHER,no_valid_adjacent_boundary,False,True,-1.0,OK
FLORES,P1,294,22,1,49,WITHIN_SPLIT_PLACEBO,WITHIN_SPLIT,다,바다를,0,0.17517265677452087,3,294.0,66.0,True,13146,13146,13146,13146,True,True,True,True,True,135448.0,2.0,-4.339038372039795,다가,CROSS_MORPHEME,NOMINAL_TO_PARTICLE,crossed_boundary,False,True,-1.0,OK
FLORES,P1,31,1,1,1,WITHIN_SPLIT_PLACEBO,WITHIN_SPLIT,물,동물의,0,1.2770919799804688,5,299.0,3.0,False,126251,126251,126251,126251,True,True,True,True,True,76435.0,2.0,-3.1654486656188965,생,WITHIN_SPLIT,OTHER,no_valid_adjacent_boundary,False,True,-1.0,OK
FLORES,P1,303,20,2,45,WITHIN_SPLIT_PLACEBO,WITHIN_SPLIT, 피,피로를,1,3.350656270980835,3,303.0,47.0,True,142510,46832,142510,46832,True,True,False,False,True,85403.0,2.0,-2.0545523166656494, 부,EXACT,OTHER,not_primary_class,False,False,0.0,OK
FLORES,P1,305,10,2,28,WITHIN_SPLIT_PLACEBO,WITHIN_SPLIT, 사,사고는,1,2.048426628112793,2,305.0,29.0,True,32129,98005,32129,98005,True,True,False,False,True,55054.0,2.0,-1.8240081071853638,사,WITHIN_SPLIT,OTHER,no_valid_adjacent_boundary,False,False,0.0,OK
FLORES,P1,315,6,1,9,WITHIN_SPLIT_PLACEBO,WITHIN_SPLIT,버,아버지의,0,0.7852931022644043,4,315.0,14.0,True,79004,79004,79004,79004,True,True,True,True,True,134246.0,2.0,-3.130842924118042,빠,WITHIN_SPLIT,OTHER,no_valid_adjacent_boundary,False,True,-1.0,OK
FLORES,P1,318,4,2,12,WITHIN_SPLIT_PLACEBO,WITHIN_SPLIT,아,태아의,0,0.29436349868774414,4,318.0,26.0,True,52959,52959,52959,52959,True,True,True,True,True,31079.0,2.0,-3.840991258621216,어,WITHIN_SPLIT,OTHER,no_valid_adjacent_boundary,False,True,-1.0,OK
FLORES,P1,322,14,1,26,WITHIN_SPLIT_PLACEBO,WITHIN_SPLIT, 사랑,사랑해하고...,0,4.803625106811523,4,322.0,12.0,True,132488,132488,132488,132488,True,True,True,True,True,127085.0,2.0,-2.7894251346588135,너,EXACT,OTHER,not_primary_class,False,True,-1.0,OK
FLORES,P1,325,17,2,38,WITHIN_SPLIT_PLACEBO,WITHIN_SPLIT,조,왕조가,1,3.4521870613098145,3,325.0,44.0,True,92817,42039,92817,42039,True,True,False,False,True,25715.0,2.0,-2.1512956619262695,자,WITHIN_SPLIT,OTHER,no_valid_adjacent_boundary,False,False,0.0,OK
FLORES,P1,327,15,2,35,WITHIN_SPLIT_PLACEBO,WITHIN_SPLIT, 경,경기를,0,3.2275524139404297,2,327.0,36.0,True,43115,43115,43115,43115,True,True,True,True,True,125466.0,3.0,-2.5348827838897705, 공,EXACT,OTHER,not_primary_class,False,True,-1.0,OK
FLORES,P1,327,14,1,33,WITHIN_SPLIT_PLACEBO,WITHIN_SPLIT,그,리그에서,1,3.09428071975708,3,327.0,53.0,True,48606,135152,48606,135152,True,True,False,False,True,143279.0,2.0,-1.5912288427352905,얼,WITHIN_SPLIT,OTHER,no_valid_adjacent_boundary,False,False,0.0,OK
FLORES,P1,327,25,1,58,WITHIN_SPLIT_PLACEBO,WITHIN_SPLIT,기,경기력이,1,1.2271249294281006,2,327.0,56.0,True,20487,131777,20487,131777,True,True,False,False,True,131777.0,2.0,-1.7105107307434082,기를,CROSS_MORPHEME,NOMINAL_TO_PARTICLE,crossed_boundary,True,False,1.0,OK
FLORES,P1,331,14,1,22,WITHIN_SPLIT_PLACEBO,WITHIN_SPLIT, 수,수송이,1,4.227032661437988,4,331.0,15.0,True,28733,129093,28733,129093,True,True,False,False,True,95351.0,2.0,-2.701819658279419, 가능,EXACT,OTHER,not_primary_class,False,False,0.0,OK
FLORES,P1,841,20,1,35,WITHIN_SPLIT_PLACEBO,WITHIN_SPLIT, 용,용어가,1,2.6015982627868652,1,340.0,38.0,False,65722,132091,65722,132091,True,True,False,False,True,132091.0,2.0,-1.6826136112213135, 것으로,CROSS_MORPHEME,NOMINAL_TO_PARTICLE,crossed_boundary,True,False,1.0,OK
FLORES,P1,341,20,1,43,WITHIN_SPLIT_PLACEBO,WITHIN_SPLIT,정,과정이,0,0.005088271573185921,4,341.0,58.0,True,29281,29281,29281,29281,True,True,True,True,True,92192.0,2.0,-8.98481273651123,거,WITHIN_SPLIT,OTHER,no_valid_adjacent_boundary,False,True,-1.0,OK
FLORES,P1,344,17,2,43,WITHIN_SPLIT_PLACEBO,WITHIN_SPLIT,잡,손잡이에,1,3.0903611183166504,5,344.0,19.0,True,132499,23259,132499,23259,True,True,False,False,True,56290.0,2.0,-1.7333203554153442,화,WITHIN_SPLIT,OTHER,no_valid_adjacent_boundary,False,False,0.0,OK
FLORES,P1,348,20,2,41,WITHIN_SPLIT_PLACEBO,WITHIN_SPLIT, 전,전자가,0,0.034358248114585876,2,348.0,42.0,True,56419,56419,56419,56419,True,True,True,True,True,129093.0,2.0,-7.300374984741211, 원,EXACT,OTHER,not_primary_class,False,True,-1.0,OK
FLORES,P1,356,22,1,49,WITHIN_SPLIT_PLACEBO,WITHIN_SPLIT, 관,관측을,1,2.762746810913086,3,356.0,44.0,True,92751,44518,92751,44518,True,True,False,False,True,90667.0,2.0,-2.8349742889404297, 이미,EXACT,OTHER,not_primary_class,False,False,0.0,OK
FLORES,P1,356,33,2,71,WITHIN_SPLIT_PLACEBO,WITHIN_SPLIT,성,행성과의,0,0.596246600151062,5,356.0,105.0,True,32831,32831,32831,32831,True,True,True,True,True,137032.0,2.0,-2.115513324737549,성이,CROSS_MORPHEME,NOMINAL_TO_PARTICLE,crossed_boundary,False,True,-1.0,OK
FLORES,P1,357,11,2,23,WITHIN_SPLIT_PLACEBO,WITHIN_SPLIT, 항,항공기가,1,3.5827746391296387,1,357.0,38.0,True,142654,129274,142654,129274,True,True,False,False,True,129274.0,5.0,-3.563434600830078, 것은,CROSS_MORPHEME,NOMINAL_TO_PARTICLE,crossed_boundary,True,False,1.0,OK
FLORES,P1,364,11,1,25,WITHIN_SPLIT_PLACEBO,WITHIN_SPLIT, 여,여성이,0,1.8227941989898682,3,364.0,26.0,True,83518,83518,83518,83518,True,True,True,True,True,140546.0,2.0,-1.16775643825531, 여성,EXACT,OTHER,not_primary_class,False,True,-1.0,OK
FLORES,P1,365,6,2,16,WITHIN_SPLIT_PLACEBO,WITHIN_SPLIT,으로,가족으로서,1,2.7089896202087402,3,365.0,1.0,True,42039,20401,42039,20401,True,True,False,False,True,20401.0,2.0,-1.4199298620224,의,EXACT,OTHER,not_primary_class,True,False,1.0,OK
FLORES,P1,367,18,2,38,WITHIN_SPLIT_PLACEBO,WITHIN_SPLIT,양,태양은,0,0.8625310063362122,4,367.0,18.0,True,126345,126345,126345,126345,True,True,True,True,True,131529.0,2.0,-3.5550537109375,극,WITHIN_SPLIT,OTHER,no_valid_adjacent_boundary,False,True,-1.0,OK
FLORES,P1,367,10,1,17,WITHIN_SPLIT_PLACEBO,WITHIN_SPLIT, 거,거리를,0,1.042858362197876,2,367.0,30.0,True,126352,126352,126352,126352,True,True,True,True,True,138724.0,5.0,-4.755558013916016,거리,EXACT,OTHER,not_primary_class,False,True,-1.0,OK
FLORES,P1,367,28,2,74,WITHIN_SPLIT_PLACEBO,WITHIN_SPLIT,양,태양은,0,0.005457911174744368,4,367.0,54.0,True,126345,126345,126345,126345,True,True,True,True,True,125568.0,2.0,-9.484804153442383,연,WITHIN_SPLIT,OTHER,no_valid_adjacent_boundary,False,True,-1.0,OK
FLORES,P1,367,26,1,65,WITHIN_SPLIT_PLACEBO,WITHIN_SPLIT, 거,거리를,0,0.00884081982076168,2,367.0,66.0,True,126352,126352,126352,126352,True,True,True,True,True,92192.0,2.0,-8.032028198242188,거,EXACT,OTHER,not_primary_class,False,True,-1.0,OK
FLORES,P1,367,37,2,110,WITHIN_SPLIT_PLACEBO,WITHIN_SPLIT,양,태양은,0,0.002634709468111396,4,367.0,90.0,True,126345,126345,126345,126345,True,True,True,True,True,125568.0,2.0,-10.343944549560547,연,WITHIN_SPLIT,OTHER,no_valid_adjacent_boundary,False,True,-1.0,OK
FLORES,P1,367,35,1,101,WITHIN_SPLIT_PLACEBO,WITHIN_SPLIT, 거,거리를,0,0.0007075933390296996,2,367.0,102.0,True,126352,126352,126352,126352,True,True,True,True,True,92192.0,2.0,-10.093807220458984,거,EXACT,OTHER,not_primary_class,False,True,-1.0,OK
FLORES,P1,367,41,1,125,WITHIN_SPLIT_PLACEBO,WITHIN_SPLIT, 거,거리를,0,0.000346165441442281,2,367.0,126.0,True,126352,126352,126352,126352,True,True,True,True,True,92192.0,2.0,-10.84377670288086,거,EXACT,OTHER,not_primary_class,False,True,-1.0,OK
FLORES,P1,368,1,1,1,WITHIN_SPLIT_PLACEBO,WITHIN_SPLIT,자,사자와,0,2.374835968017578,3,368.0,18.0,True,25715,25715,25715,25715,True,True,True,True,True,144163.0,2.0,-1.473414659500122,슴,WITHIN_SPLIT,OTHER,no_valid_adjacent_boundary,False,True,-1.0,OK
FLORES,P1,371,4,1,10,WITHIN_SPLIT_PLACEBO,WITHIN_SPLIT,구,지구를,1,3.0726561546325684,3,371.0,37.0,True,88259,55902,88259,55902,True,True,False,False,True,126299.0,2.0,-1.6601921319961548,속,WITHIN_SPLIT,OTHER,no_valid_adjacent_boundary,False,False,0.0,OK
FLORES,P1,374,3,1,12,WITHIN_SPLIT_PLACEBO,WITHIN_SPLIT,쟁,경쟁자를,0,0.006352175492793322,4,374.0,13.0,True,131833,131833,131833,131833,True,True,True,True,True,70582.0,2.0,-7.938101291656494,비,WITHIN_SPLIT,OTHER,no_valid_adjacent_boundary,False,True,-1.0,OK
FLORES,P1,374,6,1,20,WITHIN_SPLIT_PLACEBO,WITHIN_SPLIT,구,인구는,0,0.07294207811355591,3,374.0,16.0,True,88259,88259,88259,88259,True,True,True,True,True,54321.0,2.0,-6.086642265319824,원,WITHIN_SPLIT,OTHER,no_valid_adjacent_boundary,False,True,-1.0,OK
FLORES,P1,374,1,1,4,WITHIN_SPLIT_PLACEBO,WITHIN_SPLIT,경,환경은,0,0.010718160308897495,4,374.0,34.0,True,65306,65306,65306,65306,True,True,True,True,True,99279.0,2.0,-8.0009765625,境,EXACT,OTHER,not_primary_class,False,True,-1.0,OK
FLORES,P1,380,2,2,6,WITHIN_SPLIT_PLACEBO,WITHIN_SPLIT,양,태양을,0,0.05066630244255066,3,380.0,9.0,True,126345,126345,126345,126345,True,True,True,True,True,139139.0,2.0,-6.599177360534668,풍,WITHIN_SPLIT,OTHER,no_valid_adjacent_boundary,False,True,-1.0,OK
FLORES,P1,380,1,2,2,WITHIN_SPLIT_PLACEBO,WITHIN_SPLIT,물,식물은,0,0.1272972971200943,4,380.0,14.0,True,126251,126251,126251,126251,True,True,True,True,True,137075.0,2.0,-4.301390647888184,물을,CROSS_MORPHEME,NOMINAL_TO_PARTICLE,crossed_boundary,False,True,-1.0,OK
FLORES,P1,381,10,1,25,WITHIN_SPLIT_PLACEBO,WITHIN_SPLIT, 음,음식은,0,0.9704961180686951,4,381.0,0.0,True,16751,16751,16751,16751,True,True,True,True,True,76337.0,3.0,-4.577600479125977,식,EXACT,OTHER,not_primary_class,False,True,-1.0,OK
FLORES,P1,381,10,3,27,WITHIN_SPLIT_PLACEBO,WITHIN_SPLIT,식,음식은,0,0.0036554355174303055,4,381.0,19.0,True,76337,76337,76337,76337,True,True,True,True,True,63256.0,2.0,-8.656572341918945,료,WITHIN_SPLIT,OTHER,no_valid_adjacent_boundary,False,True,-1.0,OK
FLORES,P1,382,9,1,13,WITHIN_SPLIT_PLACEBO,WITHIN_SPLIT,고,최고의,0,0.8957532048225403,3,382.0,10.0,True,34395,34395,34395,34395,True,True,True,True,True,55902.0,2.0,-1.6371010541915894,상,WITHIN_SPLIT,OTHER,no_valid_adjacent_boundary,False,True,-1.0,OK
FLORES,P1,382,13,1,27,WITHIN_SPLIT_PLACEBO,WITHIN_SPLIT,우,마사로사우루스보다,0,0.3525223135948181,8+,382.0,20.0,True,40281,40281,40281,40281,True,True,True,True,True,126746.0,2.0,-4.980404376983643,루,WITHIN_SPLIT,OTHER,no_valid_adjacent_boundary,False,True,-1.0,OK
FLORES,P1,383,18,1,42,WITHIN_SPLIT_PLACEBO,WITHIN_SPLIT,아,치아가,0,0.08787136524915695,4,383.0,46.0,True,52959,52959,52959,52959,True,True,True,True,True,19969.0,2.0,-6.696118354797363,가,EXACT,OTHER,not_primary_class,False,True,-1.0,OK
FLORES,P1,383,22,1,54,WITHIN_SPLIT_PLACEBO,WITHIN_SPLIT,로,경로에,0,1.5527198314666748,3,383.0,49.0,True,17380,17380,17380,17380,True,True,True,True,True,124781.0,2.0,-1.6049554347991943,계,WITHIN_SPLIT,OTHER,no_valid_adjacent_boundary,False,True,-1.0,OK
FLORES,P1,384,4,1,11,WITHIN_SPLIT_PLACEBO,WITHIN_SPLIT,멍,구멍이,0,4.17788028717041,3,384.0,0.0,True,144426,144426,144426,144426,True,True,True,True,True,92817.0,2.0,-2.574918031692505,조,WITHIN_SPLIT,OTHER,no_valid_adjacent_boundary,False,True,-1.0,OK
FLORES,P1,385,15,2,31,WITHIN_SPLIT_PLACEBO,WITHIN_SPLIT, 무,무리가,1,4.135533332824707,2,385.0,7.0,True,125149,131417,125149,131417,True,True,False,False,True,134006.0,2.0,-2.165039539337158, 아무,EXACT,OTHER,not_primary_class,False,False,0.0,OK
FLORES,P1,391,10,1,20,WITHIN_SPLIT_PLACEBO,WITHIN_SPLIT,례,의례와,1,1.5552918910980225,3,391.0,7.0,True,131000,76337,131000,76337,True,True,False,False,True,76337.0,2.0,-1.4555562734603882,식,WITHIN_SPLIT,OTHER,no_valid_adjacent_boundary,True,False,1.0,OK
FLORES,P1,397,2,1,4,WITHIN_SPLIT_PLACEBO,WITHIN_SPLIT,농,농장에서,0,0.9821295142173767,5,397.0,1.0,True,235,235,235,235,True,True,True,True,True,240.0,3.0,-3.28293514251709,높,EXACT,OTHER,not_primary_class,False,True,-1.0,OK
FLORES,P1,397,5,1,15,WITHIN_SPLIT_PLACEBO,WITHIN_SPLIT,점,상점은,0,0.7404204607009888,3,397.0,8.0,True,126333,126333,126333,126333,True,True,True,True,True,138913.0,2.0,-3.288883686065674,점을,CROSS_MORPHEME,NOMINAL_TO_PARTICLE,crossed_boundary,False,True,-1.0,OK
FLORES,P1,398,2,2,5,WITHIN_SPLIT_PLACEBO,WITHIN_SPLIT,니,캘리포니아의,0,0.1140264943242073,8+,398.0,15.0,True,83036,83036,83036,83036,True,True,True,True,True,60315.0,2.0,-5.576234817504883,나,WITHIN_SPLIT,OTHER,no_valid_adjacent_boundary,False,True,-1.0,OK
FLORES,P1,403,4,2,13,WITHIN_SPLIT_PLACEBO,WITHIN_SPLIT,뒷,뒷면에는,0,0.285694420337677,5,403.0,24.0,True,115,115,115,115,True,True,True,True,True,97.0,2.0,-3.005409002304077,뒤,EXACT,OTHER,not_primary_class,False,True,-1.0,OK
FLORES,P1,405,8,2,19,WITHIN_SPLIT_PLACEBO,WITHIN_SPLIT, 생,생애에서,1,3.8934712409973145,2,405.0,50.0,True,47818,19391,47818,19391,True,True,False,False,True,44518.0,2.0,-2.424330234527588, 시,EXACT,OTHER,not_primary_class,False,False,0.0,OK
FLORES,P1,406,4,3,10,WITHIN_SPLIT_PLACEBO,WITHIN_SPLIT,벨,라벨로,0,0.08846564590930939,4,406.0,14.0,True,144094,144094,144094,144094,True,True,True,True,True,12802.0,2.0,-5.558311939239502,이,WITHIN_SPLIT,OTHER,no_valid_adjacent_boundary,False,True,-1.0,OK
FLORES,P1,408,19,1,50,WITHIN_SPLIT_PLACEBO,WITHIN_SPLIT, 독,독일을,1,3.9129724502563477,3,408.0,47.0,True,64805,56419,64805,56419,True,True,False,False,True,126322.0,3.0,-2.948559284210205, 동,EXACT,OTHER,not_primary_class,False,False,0.0,OK
FLORES,P1,409,4,1,15,WITHIN_SPLIT_PLACEBO,WITHIN_SPLIT,국,영국군은,0,1.3902610540390015,3,409.0,18.0,True,124785,124785,124785,124785,True,True,True,True,True,31079.0,2.0,-2.615098476409912,어,WITHIN_SPLIT,OTHER,no_valid_adjacent_boundary,False,True,-1.0,OK
FLORES,P1,425,12,1,34,WITHIN_SPLIT_PLACEBO,WITHIN_SPLIT,주민,원주민의,0,1.114074468612671,3,425.0,28.0,True,138533,138533,138533,138533,True,True,True,True,True,54330.0,2.0,-0.8083151578903198,주,WITHIN_SPLIT,OTHER,no_valid_adjacent_boundary,False,True,-1.0,OK
FLORES,P1,432,8,1,24,WITHIN_SPLIT_PLACEBO,WITHIN_SPLIT,식,형식의,0,0.07793015241622925,3,432.0,9.0,True,76337,76337,76337,76337,True,True,True,True,True,126742.0,2.0,-6.087046146392822,평,WITHIN_SPLIT,OTHER,no_valid_adjacent_boundary,False,True,-1.0,OK
FLORES,P1,434,0,2,1,WITHIN_SPLIT_PLACEBO,WITHIN_SPLIT, 형,형식의,0,0.7275119423866272,3,434.0,23.0,True,141965,141965,141965,141965,True,True,True,True,True,141966.0,2.0,-3.357304334640503, 형태,EXACT,OTHER,not_primary_class,False,True,-1.0,OK
FLORES,P1,437,27,1,75,WITHIN_SPLIT_PLACEBO,WITHIN_SPLIT, 주,주제가,0,1.6272563934326172,3,437.0,127.0,True,55673,55673,55673,55673,True,True,True,True,True,54330.0,2.0,-2.4700827598571777,주,EXACT,OTHER,not_primary_class,False,True,-1.0,OK
FLORES,P1,441,8,1,19,WITHIN_SPLIT_PLACEBO,WITHIN_SPLIT,망,절망을,0,1.766972541809082,4,441.0,47.0,True,130472,130472,130472,130472,True,True,True,True,True,125068.0,2.0,-2.8574397563934326,단,WITHIN_SPLIT,OTHER,no_valid_adjacent_boundary,False,True,-1.0,OK
FLORES,P1,446,9,3,23,WITHIN_SPLIT_PLACEBO,WITHIN_SPLIT,일,독일은,0,0.0904984101653099,4,446.0,19.0,True,32077,32077,32077,32077,True,True,True,True,True,126702.0,2.0,-5.511019706726074,립,WITHIN_SPLIT,OTHER,no_valid_adjacent_boundary,False,True,-1.0,OK
FLORES,P1,452,14,1,25,WITHIN_SPLIT_PLACEBO,WITHIN_SPLIT, 시,시기는,0,1.6871765851974487,2,452.0,26.0,True,44518,44518,44518,44518,True,True,True,True,True,23084.0,2.0,-3.0017545223236084, 이,EXACT,OTHER,not_primary_class,False,True,-1.0,OK
FLORES,P1,458,12,1,30,WITHIN_SPLIT_PLACEBO,WITHIN_SPLIT,감,영감을,0,1.749220609664917,3,458.0,20.0,True,129567,129567,129567,129567,True,True,True,True,True,129321.0,2.0,-1.1289496421813965,향,WITHIN_SPLIT,OTHER,no_valid_adjacent_boundary,False,True,-1.0,OK
FLORES,P1,462,13,1,21,WITHIN_SPLIT_PLACEBO,WITHIN_SPLIT, 내,내부에,1,1.6447868347167969,2,462.0,5.0,True,66136,95170,66136,95170,True,True,False,False,True,19391.0,2.0,-1.7938249111175537,에,EXACT,OTHER,not_primary_class,False,False,0.0,OK
FLORES,P1,462,17,1,31,WITHIN_SPLIT_PLACEBO,WITHIN_SPLIT,립,고립이,0,0.712141752243042,4,462.0,14.0,True,126702,126702,126702,126702,True,True,True,True,True,129502.0,2.0,-1.4513659477233887,독,WITHIN_SPLIT,OTHER,no_valid_adjacent_boundary,False,True,-1.0,OK
FLORES,P1,463,20,1,45,WITHIN_SPLIT_PLACEBO,WITHIN_SPLIT, 내,내부의,1,3.4147958755493164,1,463.0,7.0,True,66136,131746,66136,131746,True,True,False,False,True,23084.0,4.0,-2.956238269805908, 이,EXACT,OTHER,not_primary_class,False,False,0.0,OK
FLORES,P1,463,17,2,40,WITHIN_SPLIT_PLACEBO,WITHIN_SPLIT,캠,캠리에서,1,1.8264930248260498,7,463.0,55.0,True,254,57160,254,57160,True,True,False,False,True,242.0,3.0,-1.545493721961975,캔,EXACT,OTHER,not_primary_class,False,False,0.0,OK
FLORES,P1,469,17,1,32,WITHIN_SPLIT_PLACEBO,WITHIN_SPLIT,러,바이러스를,1,3.156165361404419,5,469.0,38.0,True,60294,130137,60294,130137,True,True,False,False,True,57268.0,3.0,-2.1369385719299316,오,WITHIN_SPLIT,OTHER,no_valid_adjacent_boundary,False,False,0.0,OK
FLORES,P1,470,13,2,29,WITHIN_SPLIT_PLACEBO,WITHIN_SPLIT, 소,소리를,0,1.0035110712051392,2,470.0,30.0,True,126291,126291,126291,126291,True,True,True,True,True,143863.0,2.0,-3.4199728965759277, 느낌,EXACT,OTHER,not_primary_class,False,True,-1.0,OK
FLORES,P1,471,9,3,22,WITHIN_SPLIT_PLACEBO,WITHIN_SPLIT,크,마크는,0,0.4165199398994446,3,471.0,3.0,True,81133,81133,81133,81133,True,True,True,True,True,131973.0,2.0,-2.9309823513031006,커,WITHIN_SPLIT,OTHER,no_valid_adjacent_boundary,False,True,-1.0,OK
FLORES,P1,476,7,2,17,WITHIN_SPLIT_PLACEBO,WITHIN_SPLIT,립,독립을,0,0.5577263832092285,4,476.0,28.0,True,126702,126702,126702,126702,True,True,True,True,True,57132.0,2.0,-3.1558172702789307,재,WITHIN_SPLIT,OTHER,no_valid_adjacent_boundary,False,True,-1.0,OK
FLORES,P1,477,27,1,59,WITHIN_SPLIT_PLACEBO,WITHIN_SPLIT,출,지출과,0,1.7857011556625366,3,477.0,62.0,True,69923,69923,69923,69923,True,True,True,True,True,134836.0,2.0,-1.3606727123260498,불,WITHIN_SPLIT,OTHER,no_valid_adjacent_boundary,False,True,-1.0,OK
FLORES,P1,479,10,1,20,WITHIN_SPLIT_PLACEBO,WITHIN_SPLIT,경,배경을,0,0.006658744066953659,3,479.0,24.0,True,65306,65306,65306,65306,True,True,True,True,True,64795.0,2.0,-9.2036771774292,당,WITHIN_SPLIT,OTHER,no_valid_adjacent_boundary,False,True,-1.0,OK
FLORES,P1,486,17,2,37,WITHIN_SPLIT_PLACEBO,WITHIN_SPLIT, 부,부상을,1,3.361660957336426,4,486.0,22.0,True,85403,77596,85403,77596,True,True,False,False,True,63332.0,4.0,-3.7158451080322266, 보,EXACT,OTHER,not_primary_class,False,False,0.0,OK
FLORES,P1,488,16,2,46,WITHIN_SPLIT_PLACEBO,WITHIN_SPLIT,화,문화와,0,0.009782055392861366,3,488.0,62.0,True,56290,56290,56290,56290,True,True,True,True,True,124632.0,2.0,-8.688396453857422,학,WITHIN_SPLIT,OTHER,no_valid_adjacent_boundary,False,True,-1.0,OK
FLORES,P1,491,26,1,49,WITHIN_SPLIT_PLACEBO,WITHIN_SPLIT, 마,마켓에서,1,3.156092643737793,3,491.0,44.0,True,95577,44518,95577,44518,True,True,False,False,True,44518.0,3.0,-2.5249199867248535, 시,EXACT,OTHER,not_primary_class,True,False,1.0,OK
FLORES,P1,495,3,3,10,WITHIN_SPLIT_PLACEBO,WITHIN_SPLIT,널,채널이,0,0.0003536487929522991,5,495.0,15.0,True,139287,139287,139287,139287,True,True,True,True,True,127919.0,2.0,-12.078149795532227,택,WITHIN_SPLIT,OTHER,no_valid_adjacent_boundary,False,True,-1.0,OK
FLORES,P1,496,11,3,26,WITHIN_SPLIT_PLACEBO,WITHIN_SPLIT, 시,시기에,0,2.9490699768066406,2,496.0,12.0,True,44518,44518,44518,44518,True,True,True,True,True,130217.0,2.0,-2.7353711128234863, 시간,EXACT,OTHER,not_primary_class,False,True,-1.0,OK
FLORES,P1,496,14,3,32,WITHIN_SPLIT_PLACEBO,WITHIN_SPLIT,스,카르스스의,1,4.3606061935424805,8+,496.0,27.0,True,24897,66845,24897,66845,True,True,False,False,True,29346.0,2.0,-2.4957644939422607,드,EXACT,OTHER,not_primary_class,False,False,0.0,OK
FLORES,P1,515,2,1,6,WITHIN_SPLIT_PLACEBO,WITHIN_SPLIT,웃,이웃의,1,3.6885766983032227,2,515.0,0.0,True,138873,130902,138873,130902,True,True,False,False,True,130902.0,2.0,-2.2282910346984863, 아이,EXACT,OTHER,not_primary_class,True,False,1.0,OK
FLORES,P1,516,6,1,11,WITHIN_SPLIT_PLACEBO,WITHIN_SPLIT,템,시스템은,0,0.001438454957678914,4,516.0,0.0,True,127649,127649,127649,127649,True,True,True,True,True,130229.0,2.0,-10.187607765197754,테,WITHIN_SPLIT,OTHER,no_valid_adjacent_boundary,False,True,-1.0,OK
FLORES,P1,524,11,2,23,WITHIN_SPLIT_PLACEBO,WITHIN_SPLIT, 장,장애로,0,2.308102607727051,3,524.0,8.0,True,129359,129359,129359,129359,True,True,True,True,True,125522.0,3.0,-3.4553351402282715,유,WITHIN_SPLIT,OTHER,no_valid_adjacent_boundary,False,True,-1.0,OK
FLORES,P1,216,3,1,8,WITHIN_SPLIT_PLACEBO,WITHIN_SPLIT,로그,프로그램을,0,0.8779750466346741,4,525.0,10.0,False,81650,81650,81650,81650,True,True,True,True,True,17380.0,2.0,-1.4122966527938843,로,WITHIN_SPLIT,OTHER,no_valid_adjacent_boundary,False,True,-1.0,OK
FLORES,P1,529,4,1,8,WITHIN_SPLIT_PLACEBO,WITHIN_SPLIT,통,소화계통과,1,1.9121627807617188,4,529.0,41.0,True,125160,80573,125160,80573,True,True,False,False,True,19391.0,2.0,-2.872175931930542,에,EXACT,OTHER,not_primary_class,False,False,0.0,OK
FLORES,P1,429,1,3,3,WITHIN_SPLIT_PLACEBO,WITHIN_SPLIT,체,복합체의,1,2.397364616394043,6,530.0,2.0,False,49543,21329,49543,21329,True,True,False,False,True,21329.0,2.0,-1.122346043586731,지,WITHIN_SPLIT,OTHER,no_valid_adjacent_boundary,True,False,1.0,OK
FLORES,P1,531,10,3,29,WITHIN_SPLIT_PLACEBO,WITHIN_SPLIT,질,단백질은,0,0.0004133556503802538,4,531.0,26.0,True,128732,128732,128732,128732,True,True,True,True,True,21329.0,2.0,-12.421902656555176,지,WITHIN_SPLIT,OTHER,no_valid_adjacent_boundary,False,True,-1.0,OK
FLORES,P1,531,12,1,33,WITHIN_SPLIT_PLACEBO,WITHIN_SPLIT,아,소아처럼,1,2.7840964794158936,3,531.0,31.0,True,52959,56290,52959,56290,True,True,False,False,True,125160.0,2.0,-1.6928842067718506,통,WITHIN_SPLIT,OTHER,no_valid_adjacent_boundary,False,False,0.0,OK
FLORES,P1,532,13,1,33,WITHIN_SPLIT_PLACEBO,WITHIN_SPLIT,산,아미노산을,0,0.6974582076072693,5,532.0,1.0,True,85057,85057,85057,85057,True,True,True,True,True,144135.0,2.0,-4.321870803833008,알,WITHIN_SPLIT,OTHER,no_valid_adjacent_boundary,False,True,-1.0,OK
FLORES,P1,533,10,1,13,WITHIN_SPLIT_PLACEBO,WITHIN_SPLIT,막,사막의,0,3.5819873809814453,3,533.0,5.0,True,127559,127559,127559,127559,True,True,True,True,True,128058.0,2.0,-2.271768569946289,냥,WITHIN_SPLIT,OTHER,no_valid_adjacent_boundary,False,True,-1.0,OK
FLORES,P1,534,4,1,5,WITHIN_SPLIT_PLACEBO,WITHIN_SPLIT,놀,놀이를,1,1.1429027318954468,5,534.0,8.0,True,222,241,222,241,True,True,False,False,True,241.0,2.0,-1.049417495727539,놓,EXACT,OTHER,not_primary_class,True,False,1.0,OK
FLORES,P1,535,5,1,14,WITHIN_SPLIT_PLACEBO,WITHIN_SPLIT, 깨,깨달음을,0,3.697648048400879,5,535.0,19.0,True,130507,130507,130507,130507,True,True,True,True,True,131502.0,6.0,-2.9064698219299316, 당신,EXACT,OTHER,not_primary_class,False,True,-1.0,OK
FLORES,P1,539,11,3,27,WITHIN_SPLIT_PLACEBO,WITHIN_SPLIT,화,평화와,0,1.180811882019043,4,539.0,36.0,True,56290,56290,56290,56290,True,True,True,True,True,50285.0,2.0,-2.8857638835906982,安,EXACT,OTHER,not_primary_class,False,True,-1.0,OK
FLORES,P1,540,2,1,3,WITHIN_SPLIT_PLACEBO,WITHIN_SPLIT,깨,깨달음을,0,0.7753313779830933,4,540.0,1.0,True,101,101,101,101,True,True,True,True,True,232.0,2.0,-0.8380998373031616,깊,EXACT,OTHER,not_primary_class,False,True,-1.0,OK
FLORES,P1,540,2,2,4,WITHIN_SPLIT_PLACEBO,WITHIN_SPLIT,달,깨달음을,0,0.5027424097061157,4,540.0,5.0,True,129062,129062,129062,129062,True,True,True,True,True,144097.0,2.0,-3.1415493488311768,닫,WITHIN_SPLIT,OTHER,no_valid_adjacent_boundary,False,True,-1.0,OK
FLORES,P1,540,1,2,2,WITHIN_SPLIT_PLACEBO,WITHIN_SPLIT, 명,명상에,1,4.221144199371338,4,540.0,24.0,True,130345,130507,130345,130507,True,True,False,False,True,126616.0,2.0,-2.7845516204833984, 진,EXACT,OTHER,not_primary_class,False,False,0.0,OK
FLORES,P1,540,10,1,27,WITHIN_SPLIT_PLACEBO,WITHIN_SPLIT,립,고립과,0,2.1765477657318115,3,540.0,25.0,True,126702,126702,126702,126702,True,True,True,True,True,129502.0,2.0,-1.4240989685058594,독,WITHIN_SPLIT,OTHER,no_valid_adjacent_boundary,False,True,-1.0,OK
FLORES,P1,542,3,1,4,WITHIN_SPLIT_PLACEBO,WITHIN_SPLIT,국,태국의,0,2.9637632369995117,3,542.0,13.0,True,124785,124785,124785,124785,True,True,True,True,True,130728.0,2.0,-1.8312256336212158,백,WITHIN_SPLIT,OTHER,no_valid_adjacent_boundary,False,True,-1.0,OK
FLORES,P1,544,15,2,32,WITHIN_SPLIT_PLACEBO,WITHIN_SPLIT,널,채널이,0,0.004716817289590836,5,544.0,54.0,True,139287,139287,139287,139287,True,True,True,True,True,137237.0,2.0,-8.797298431396484,취,WITHIN_SPLIT,OTHER,no_valid_adjacent_boundary,False,True,-1.0,OK
FLORES,P1,550,6,2,15,WITHIN_SPLIT_PLACEBO,WITHIN_SPLIT, 수,수로를,1,4.294121742248535,4,550.0,9.0,True,28733,60960,28733,60960,True,True,False,False,True,32129.0,5.0,-3.221700668334961, 사,EXACT,OTHER,not_primary_class,False,False,0.0,OK
FLORES,P1,551,9,3,23,WITHIN_SPLIT_PLACEBO,WITHIN_SPLIT,능,능력을,0,0.013470570556819439,3,551.0,24.0,True,98,98,98,98,True,True,True,True,True,246.0,3.0,-8.204459190368652,늘,EXACT,OTHER,not_primary_class,False,True,-1.0,OK
FLORES,P1,551,15,2,38,WITHIN_SPLIT_PLACEBO,WITHIN_SPLIT, 인,인민과,0,0.18493619561195374,3,551.0,42.0,True,58677,58677,58677,58677,True,True,True,True,True,133152.0,2.0,-5.177812576293945, 국가,EXACT,OTHER,not_primary_class,False,True,-1.0,OK
FLORES,P1,551,9,2,22,WITHIN_SPLIT_PLACEBO,WITHIN_SPLIT, 능,능력을,0,0.7575361728668213,3,551.0,50.0,True,143861,143861,143861,143861,True,True,True,True,True,54116.0,2.0,-2.7506918907165527, 기,EXACT,OTHER,not_primary_class,False,True,-1.0,OK
FLORES,P1,553,7,1,18,WITHIN_SPLIT_PLACEBO,WITHIN_SPLIT,통,교통을,0,1.4739515781402588,3,553.0,0.0,True,125160,125160,125160,125160,True,True,True,True,True,97929.0,2.0,-2.228261947631836,류,WITHIN_SPLIT,OTHER,no_valid_adjacent_boundary,False,True,-1.0,OK
FLORES,P1,560,6,1,10,WITHIN_SPLIT_PLACEBO,WITHIN_SPLIT,레이,브레이크를,0,2.252070665359497,6,560.0,43.0,True,135152,135152,135152,135152,True,True,True,True,True,17380.0,2.0,-2.1993954181671143,로,WITHIN_SPLIT,OTHER,no_valid_adjacent_boundary,False,True,-1.0,OK
FLORES,P1,560,24,2,60,WITHIN_SPLIT_PLACEBO,WITHIN_SPLIT,레이,브레이크에,0,0.03607001155614853,6,560.0,56.0,True,135152,135152,135152,135152,True,True,True,True,True,126673.0,2.0,-5.567381858825684,레,WITHIN_SPLIT,OTHER,no_valid_adjacent_boundary,False,True,-1.0,OK
FLORES,P1,560,24,3,61,WITHIN_SPLIT_PLACEBO,WITHIN_SPLIT,크,브레이크에,0,0.0098832743242383,6,560.0,69.0,True,81133,81133,81133,81133,True,True,True,True,True,131973.0,2.0,-7.750990390777588,커,WITHIN_SPLIT,OTHER,no_valid_adjacent_boundary,False,True,-1.0,OK
FLORES,P1,560,37,3,113,WITHIN_SPLIT_PLACEBO,WITHIN_SPLIT,크,브레이크에,0,0.0014074365608394146,6,560.0,82.0,True,81133,81133,81133,81133,True,True,True,True,True,131973.0,2.0,-10.484485626220703,커,WITHIN_SPLIT,OTHER,no_valid_adjacent_boundary,False,True,-1.0,OK
FLORES,P1,560,34,1,99,WITHIN_SPLIT_PLACEBO,WITHIN_SPLIT,레이,브레이크에,0,0.0155962985008955,6,560.0,95.0,True,135152,135152,135152,135152,True,True,True,True,True,126673.0,2.0,-6.361351490020752,레,WITHIN_SPLIT,OTHER,no_valid_adjacent_boundary,False,True,-1.0,OK
FLORES,P1,560,37,2,112,WITHIN_SPLIT_PLACEBO,WITHIN_SPLIT,레이,브레이크에,0,0.013554909266531467,6,560.0,108.0,True,135152,135152,135152,135152,True,True,True,True,True,126673.0,2.0,-6.517298698425293,레,WITHIN_SPLIT,OTHER,no_valid_adjacent_boundary,False,True,-1.0,OK
FLORES,P1,560,34,2,100,WITHIN_SPLIT_PLACEBO,WITHIN_SPLIT,크,브레이크에,0,0.0018631818238645792,6,560.0,121.0,True,81133,81133,81133,81133,True,True,True,True,True,131973.0,2.0,-10.093900680541992,커,WITHIN_SPLIT,OTHER,no_valid_adjacent_boundary,False,True,-1.0,OK
FLORES,P1,565,15,1,36,WITHIN_SPLIT_PLACEBO,WITHIN_SPLIT, 유,유적에서,0,4.282975196838379,2,565.0,72.0,True,126310,126310,126310,126310,True,True,True,True,True,30276.0,2.0,-2.5776526927948, fossil,EXACT,OTHER,not_primary_class,False,True,-1.0,OK
FLORES,P1,566,13,2,34,WITHIN_SPLIT_PLACEBO,WITHIN_SPLIT,통,고통을,0,0.021439719945192337,4,566.0,0.0,True,89179,89179,89179,89179,True,True,True,True,True,36109.0,4.0,-9.377762794494629,탁,WITHIN_SPLIT,LEXICAL_TO_LEXICAL,nearest_adjacent_boundary,False,True,-1.0,OK
FLORES,P1,5,7,1,12,WITHIN_SPLIT_PLACEBO,WITHIN_SPLIT, 아무,아무것도,0,1.0282925367355347,3,566.0,16.0,False,134006,134006,134006,134006,True,True,True,True,True,83556.0,2.0,-3.1178195476531982, 일,EXACT,OTHER,not_primary_class,False,True,-1.0,OK
FLORES,P1,701,14,1,26,WITHIN_SPLIT_PLACEBO,WITHIN_SPLIT, 이,이슬람이,1,2.365421772003174,1,574.0,29.0,False,23084,132182,23084,132182,True,True,False,False,True,137016.0,4.0,-3.9210305213928223, 매우,EXACT,OTHER,not_primary_class,False,False,0.0,OK
FLORES,P1,575,8,1,15,WITHIN_SPLIT_PLACEBO,WITHIN_SPLIT,날,날개가,0,0.21118855476379395,4,575.0,12.0,True,254,254,254,254,True,True,True,True,True,247.0,3.0,-5.125489711761475,낙,EXACT,OTHER,not_primary_class,False,True,-1.0,OK
FLORES,P1,575,8,2,16,WITHIN_SPLIT_PLACEBO,WITHIN_SPLIT,개,날개가,0,1.69779372215271,4,575.0,23.0,True,59761,59761,59761,59761,True,True,True,True,True,52959.0,2.0,-2.0775814056396484,아,EXACT,OTHER,not_primary_class,False,True,-1.0,OK
FLORES,P1,576,32,1,94,WITHIN_SPLIT_PLACEBO,WITHIN_SPLIT, 동,동물의,0,0.822232723236084,3,576.0,54.0,True,126322,126322,126322,126322,True,True,True,True,True,47985.0,2.0,-2.6439177989959717,도,EXACT,OTHER,not_primary_class,False,True,-1.0,OK
FLORES,P1,584,14,1,30,WITHIN_SPLIT_PLACEBO,WITHIN_SPLIT,류,파충류로,0,1.359269380569458,4,584.0,14.0,True,97929,97929,97929,97929,True,True,True,True,True,49543.0,2.0,-3.021864175796509,체,WITHIN_SPLIT,OTHER,no_valid_adjacent_boundary,False,True,-1.0,OK
FLORES,P1,584,11,1,22,WITHIN_SPLIT_PLACEBO,WITHIN_SPLIT,백,백악류에서,0,0.39312341809272766,5,584.0,19.0,True,109,109,109,109,True,True,True,True,True,243.0,2.0,-3.1750316619873047,박,EXACT,OTHER,not_primary_class,False,True,-1.0,OK
FLORES,P1,584,11,3,24,WITHIN_SPLIT_PLACEBO,WITHIN_SPLIT,류,백악류에서,0,3.304450511932373,5,584.0,38.0,True,97929,97929,97929,97929,True,True,True,True,True,76337.0,2.0,-2.904175281524658,식,WITHIN_SPLIT,LEXICAL_TO_LEXICAL,nearest_adjacent_boundary,False,True,-1.0,OK
FLORES,P1,586,7,1,19,WITHIN_SPLIT_PLACEBO,WITHIN_SPLIT,환,환자가,0,0.12608902156352997,3,586.0,20.0,True,246,246,246,246,True,True,True,True,True,242.0,2.0,-4.67689323425293,화,EXACT,OTHER,not_primary_class,False,True,-1.0,OK
FLORES,P1,588,6,1,14,WITHIN_SPLIT_PLACEBO,WITHIN_SPLIT,험,위험을,1,0.7817773222923279,3,588.0,15.0,True,125341,123927,125341,123927,True,True,False,False,True,40853.0,3.0,-3.3958966732025146,장,WITHIN_SPLIT,OTHER,no_valid_adjacent_boundary,False,False,0.0,OK
FLORES,P1,589,9,1,14,WITHIN_SPLIT_PLACEBO,WITHIN_SPLIT,선,최선이,0,1.3066400289535522,3,589.0,8.0,True,125519,125519,125519,125519,True,True,True,True,True,80968.0,2.0,-2.4232583045959473,적,WITHIN_SPLIT,OTHER,no_valid_adjacent_boundary,False,True,-1.0,OK
FLORES,P1,593,9,1,22,WITHIN_SPLIT_PLACEBO,WITHIN_SPLIT,석,해석을,1,2.2640621662139893,2,593.0,2.0,True,129150,132760,129150,132760,True,True,False,False,True,29326.0,2.0,-2.4305663108825684,시,EXACT,OTHER,not_primary_class,False,False,0.0,OK
FLORES,P1,598,11,2,28,WITHIN_SPLIT_PLACEBO,WITHIN_SPLIT,체,생물체에서,0,1.9138526916503906,4,598.0,37.0,True,49543,49543,49543,49543,True,True,True,True,True,19391.0,2.0,-2.6809253692626953,에,EXACT,OTHER,not_primary_class,False,True,-1.0,OK
FLORES,P1,601,4,1,7,WITHIN_SPLIT_PLACEBO,WITHIN_SPLIT,에,케시에프는,1,3.202237129211426,5,601.0,8.0,True,19391,16560,19391,16560,True,True,False,False,True,31079.0,2.0,-1.8076550960540771,어,WITHIN_SPLIT,OTHER,no_valid_adjacent_boundary,False,False,0.0,OK
FLORES,P1,601,0,2,1,WITHIN_SPLIT_PLACEBO,WITHIN_SPLIT,시,해시와,1,1.351313591003418,3,601.0,15.0,True,29326,28002,29326,28002,True,True,False,False,True,24897.0,2.0,-2.6500065326690674,스,WITHIN_SPLIT,OTHER,no_valid_adjacent_boundary,False,False,0.0,OK
FLORES,P1,601,9,1,16,WITHIN_SPLIT_PLACEBO,WITHIN_SPLIT,균,세균의,0,0.7190093398094177,3,601.0,18.0,True,139746,139746,139746,139746,True,True,True,True,True,128808.0,2.0,-0.9403986930847168,포,WITHIN_SPLIT,OTHER,no_valid_adjacent_boundary,False,True,-1.0,OK
FLORES,P1,604,7,2,14,WITHIN_SPLIT_PLACEBO,WITHIN_SPLIT,녀,자녀에게,0,1.3903422355651855,3,604.0,8.0,True,132751,132751,132751,132751,True,True,True,True,True,130640.0,2.0,-1.1693203449249268,손,WITHIN_SPLIT,OTHER,no_valid_adjacent_boundary,False,True,-1.0,OK
FLORES,P1,609,8,1,13,WITHIN_SPLIT_PLACEBO,WITHIN_SPLIT,차,개인차를,0,1.8121387958526611,3,609.0,10.0,True,125625,125625,125625,125625,True,True,True,True,True,129882.0,2.0,-1.7279342412948608, 차,EXACT,OTHER,not_primary_class,False,True,-1.0,OK
FLORES,P1,610,6,1,13,WITHIN_SPLIT_PLACEBO,WITHIN_SPLIT,제,경제가,0,0.5212016105651855,3,610.0,46.0,True,37087,37087,37087,37087,True,True,True,True,True,20487.0,2.0,-4.129159927368164,기,WITHIN_SPLIT,OTHER,no_valid_adjacent_boundary,False,True,-1.0,OK
FLORES,P1,611,7,2,21,WITHIN_SPLIT_PLACEBO,WITHIN_SPLIT,스,시스템에,0,0.0002244753995910287,4,611.0,17.0,True,24897,24897,24897,24897,True,True,True,True,True,125624.0,2.0,-11.234392166137695,설,WITHIN_SPLIT,OTHER,no_valid_adjacent_boundary,False,True,-1.0,OK
FLORES,P1,614,3,3,11,WITHIN_SPLIT_PLACEBO,WITHIN_SPLIT,량,차량과,0,1.8591525554656982,3,614.0,31.0,True,131837,131837,131837,131837,True,True,True,True,True,12802.0,3.0,-2.9545059204101562,이,WITHIN_SPLIT,OTHER,no_valid_adjacent_boundary,False,True,-1.0,OK
FLORES,P1,615,3,3,10,WITHIN_SPLIT_PLACEBO,WITHIN_SPLIT,름,흐름을,0,0.04305671155452728,5,615.0,14.0,True,63154,63154,63154,63154,True,True,True,True,True,132841.0,2.0,-7.176223278045654,율,EXACT,OTHER,not_primary_class,False,True,-1.0,OK
FLORES,P1,616,7,2,19,WITHIN_SPLIT_PLACEBO,WITHIN_SPLIT,량,교통량은,1,2.251493453979492,5,616.0,2.0,True,131837,10764,131837,10764,True,True,False,False,True,144015.0,2.0,-1.6264119148254395,흐,EXACT,OTHER,not_primary_class,False,False,0.0,OK
FLORES,P1,616,7,1,18,WITHIN_SPLIT_PLACEBO,WITHIN_SPLIT,통,교통량은,0,1.1443761587142944,2,616.0,15.0,True,125160,125160,125160,125160,True,True,True,True,True,125625.0,2.0,-1.1656466722488403,차,WITHIN_SPLIT,OTHER,no_valid_adjacent_boundary,False,True,-1.0,OK
FLORES,P1,616,8,1,20,WITHIN_SPLIT_PLACEBO,WITHIN_SPLIT,터,터널은,1,1.3670371770858765,5,616.0,28.0,True,226,251,226,251,True,True,False,False,True,72509.0,7.0,-4.612990379333496,테,EXACT,OTHER,not_primary_class,False,False,0.0,OK
FLORES,P1,619,1,1,1,WITHIN_SPLIT_PLACEBO,WITHIN_SPLIT,곤,곤충은,0,0.9676116108894348,4,619.0,46.0,True,97,97,97,97,True,True,True,True,True,120.0,2.0,-1.8488788604736328,과,EXACT,OTHER,not_primary_class,False,True,-1.0,OK
FLORES,P1,620,6,3,19,WITHIN_SPLIT_PLACEBO,WITHIN_SPLIT, 장,장점을,0,2.023268222808838,2,620.0,20.0,True,129359,129359,129359,129359,True,True,True,True,True,23084.0,2.0,-2.695868968963623, 이,EXACT,OTHER,not_primary_class,False,True,-1.0,OK
FLORES,P1,622,7,2,18,WITHIN_SPLIT_PLACEBO,WITHIN_SPLIT,개,날개를,0,3.5317039489746094,4,622.0,24.0,True,59761,59761,59761,59761,True,True,True,True,True,129616.0,3.0,-2.634836435317993,카,WITHIN_SPLIT,LEXICAL_TO_LEXICAL,nearest_adjacent_boundary,False,True,-1.0,OK
FLORES,P1,623,7,1,18,WITHIN_SPLIT_PLACEBO,WITHIN_SPLIT,태,태양과,0,0.62398362159729,5,623.0,16.0,True,250,250,250,250,True,True,True,True,True,230.0,5.0,-5.878307342529297,탈,EXACT,OTHER,not_primary_class,False,True,-1.0,OK
FLORES,P1,637,9,1,28,WITHIN_SPLIT_PLACEBO,WITHIN_SPLIT, 조,조합으로,1,3.110861301422119,1,637.0,17.0,True,65510,61298,65510,61298,True,True,False,False,True,61298.0,3.0,-3.2648277282714844, 한,EXACT,OTHER,not_primary_class,True,False,1.0,OK
FLORES,P1,638,14,1,38,WITHIN_SPLIT_PLACEBO,WITHIN_SPLIT, 물,물질을,0,1.4842514991760254,3,638.0,43.0,True,133553,133553,133553,133553,True,True,True,True,True,129337.0,2.0,-2.73568058013916, 것을,CROSS_MORPHEME,NOMINAL_TO_PARTICLE,crossed_boundary,False,True,-1.0,OK
FLORES,P1,638,10,2,30,WITHIN_SPLIT_PLACEBO,WITHIN_SPLIT,즈,플라즈마로,0,0.5116687417030334,8+,638.0,44.0,True,134133,134133,134133,134133,True,True,True,True,True,24897.0,2.0,-2.103780746459961,스,WITHIN_SPLIT,OTHER,no_valid_adjacent_boundary,False,True,-1.0,OK
FLORES,P1,638,10,1,29,WITHIN_SPLIT_PLACEBO,WITHIN_SPLIT,라,플라즈마로,0,0.1049685999751091,8+,638.0,45.0,True,50340,50340,50340,50340,True,True,True,True,True,133738.0,2.0,-5.778419017791748,랑,WITHIN_SPLIT,OTHER,no_valid_adjacent_boundary,False,True,-1.0,OK
FLORES,P1,642,1,1,1,WITHIN_SPLIT_PLACEBO,WITHIN_SPLIT,주,우주에서,0,0.993590772151947,3,642.0,5.0,True,54330,54330,54330,54330,True,True,True,True,True,130788.0,2.0,-1.0854082107543945,주의,CROSS_MORPHEME,NOMINAL_TO_PARTICLE,crossed_boundary,False,True,-1.0,OK
FLORES,P1,646,2,3,7,WITHIN_SPLIT_PLACEBO,WITHIN_SPLIT,시,메시지를,0,0.20247779786586761,3,646.0,8.0,True,29326,29326,29326,29326,True,True,True,True,True,41429.0,2.0,-3.201486587524414,세,WITHIN_SPLIT,OTHER,no_valid_adjacent_boundary,False,True,-1.0,OK
FLORES,P1,646,2,2,6,WITHIN_SPLIT_PLACEBO,WITHIN_SPLIT, 메,메시지를,0,1.3688585758209229,3,646.0,42.0,True,51391,51391,51391,51391,True,True,True,True,True,131522.0,2.0,-3.687225103378296, 글,EXACT,OTHER,not_primary_class,False,True,-1.0,OK
FLORES,P1,647,8,3,16,WITHIN_SPLIT_PLACEBO,WITHIN_SPLIT,드,키보드가,0,0.01742476038634777,5,647.0,6.0,True,29346,29346,29346,29346,True,True,True,True,True,12802.0,2.0,-7.845376968383789,이,WITHIN_SPLIT,OTHER,no_valid_adjacent_boundary,False,True,-1.0,OK
FLORES,P1,648,9,3,17,WITHIN_SPLIT_PLACEBO,WITHIN_SPLIT,너,에너지를,0,0.001922557596117258,3,648.0,18.0,True,127085,127085,127085,127085,True,True,True,True,True,125763.0,2.0,-9.375157356262207,нер,EXACT,OTHER,not_primary_class,False,True,-1.0,OK
FLORES,P1,649,18,1,33,WITHIN_SPLIT_PLACEBO,WITHIN_SPLIT,너,에너지를,0,0.0035007111728191376,3,649.0,34.0,True,127085,127085,127085,127085,True,True,True,True,True,12802.0,2.0,-9.797160148620605,이,WITHIN_SPLIT,OTHER,no_valid_adjacent_boundary,False,True,-1.0,OK
FLORES,P1,650,9,1,25,WITHIN_SPLIT_PLACEBO,WITHIN_SPLIT,압,압력을,0,1.219415307044983,3,650.0,26.0,True,243,243,243,243,True,True,True,True,True,121.0,2.0,-0.8381361961364746,약,EXACT,OTHER,not_primary_class,False,True,-1.0,OK
FLORES,P1,687,10,1,24,WITHIN_SPLIT_PLACEBO,WITHIN_SPLIT, 여행,여행지의,1,3.103705644607544,2,650.0,32.0,False,142815,129360,142815,129360,True,True,False,False,True,141875.0,2.0,-2.85457181930542, 방문,EXACT,OTHER,not_primary_class,False,False,0.0,OK
FLORES,P1,654,4,1,11,WITHIN_SPLIT_PLACEBO,WITHIN_SPLIT,아,마리아가,0,0.8039480447769165,4,654.0,23.0,True,52959,52959,52959,52959,True,True,True,True,True,19969.0,2.0,-2.1413779258728027,가,EXACT,OTHER,not_primary_class,False,True,-1.0,OK
FLORES,P1,654,16,1,42,WITHIN_SPLIT_PLACEBO,WITHIN_SPLIT, 위,위상을,0,2.7581048011779785,2,654.0,43.0,True,45710,45710,45710,45710,True,True,True,True,True,139052.0,2.0,-2.2241532802581787, 표,EXACT,OTHER,not_primary_class,False,True,-1.0,OK
FLORES,P1,655,2,1,2,WITHIN_SPLIT_PLACEBO,WITHIN_SPLIT,론,이론은,0,0.0008698030724190176,3,655.0,13.0,True,126605,126605,126605,126605,True,True,True,True,True,144018.0,2.0,-11.3125638961792,슈,WITHIN_SPLIT,OTHER,no_valid_adjacent_boundary,False,True,-1.0,OK
FLORES,P1,944,15,2,27,WITHIN_SPLIT_PLACEBO,WITHIN_SPLIT, 중심,중심지로,0,0.6687155365943909,4,655.0,15.0,False,141482,141482,141482,141482,True,True,True,True,True,21329.0,2.0,-3.5773189067840576,지,EXACT,OTHER,not_primary_class,False,True,-1.0,OK
FLORES,P1,389,12,1,25,WITHIN_SPLIT_PLACEBO,WITHIN_SPLIT, 등,등등이,1,3.021277904510498,1,655.0,18.0,False,77002,128719,77002,128719,True,True,False,False,True,128719.0,2.0,-1.554654836654663, 그리고,EXACT,OTHER,not_primary_class,True,False,1.0,OK
FLORES,P1,657,9,1,27,WITHIN_SPLIT_PLACEBO,WITHIN_SPLIT,경,환경에서,0,0.0104686189442873,4,657.0,8.0,True,65306,65306,65306,65306,True,True,True,True,True,99279.0,2.0,-8.172821998596191,境,EXACT,OTHER,not_primary_class,False,True,-1.0,OK
FLORES,P1,549,20,4,43,WITHIN_SPLIT_PLACEBO,WITHIN_SPLIT,의,폴란드의,1,3.045315742492676,2,657.0,30.0,False,20401,131937,20401,131937,True,True,False,False,True,131937.0,2.0,-1.6994140148162842, 지역,EXACT,OTHER,not_primary_class,True,False,1.0,OK
FLORES,P1,659,19,2,44,WITHIN_SPLIT_PLACEBO,WITHIN_SPLIT, 여,여자로,0,2.031912326812744,3,659.0,50.0,True,83518,83518,83518,83518,True,True,True,True,True,129624.0,2.0,-1.1140570640563965, 남,EXACT,OTHER,not_primary_class,False,True,-1.0,OK
FLORES,P1,660,1,1,2,WITHIN_SPLIT_PLACEBO,WITHIN_SPLIT,형,유형의,0,1.6366595029830933,3,660.0,6.0,True,128909,128909,128909,128909,True,True,True,True,True,55054.0,2.0,-2.509805679321289,사,WITHIN_SPLIT,OTHER,no_valid_adjacent_boundary,False,True,-1.0,OK
FLORES,P1,661,0,1,0,WITHIN_SPLIT_PLACEBO,WITHIN_SPLIT, 이,이외의,1,4.85385274887085,1,661.0,34.0,True,23084,54825,23084,54825,True,True,False,False,True,61298.0,2.0,-3.003101348876953, 한,EXACT,OTHER,not_primary_class,False,False,0.0,OK
FLORES,P1,666,9,1,25,WITHIN_SPLIT_PLACEBO,WITHIN_SPLIT, 시간,시간대에,0,0.8714647889137268,3,666.0,32.0,True,130217,130217,130217,130217,True,True,True,True,True,44518.0,2.0,-2.8839471340179443, 시,EXACT,OTHER,not_primary_class,False,True,-1.0,OK
FLORES,P1,676,11,2,27,WITHIN_SPLIT_PLACEBO,WITHIN_SPLIT,향,영향을,0,0.0022821365855634212,3,676.0,46.0,True,129321,129321,129321,129321,True,True,True,True,True,88259.0,2.0,-10.687665939331055,구,WITHIN_SPLIT,OTHER,no_valid_adjacent_boundary,False,True,-1.0,OK
FLORES,P1,677,1,1,4,WITHIN_SPLIT_PLACEBO,WITHIN_SPLIT, 도,도입으로,1,3.2248363494873047,3,677.0,7.0,True,129392,95996,129392,95996,True,True,False,False,True,95996.0,2.0,-2.086789131164551, 발,EXACT,OTHER,not_primary_class,True,False,1.0,OK
FLORES,P1,677,10,1,27,WITHIN_SPLIT_PLACEBO,WITHIN_SPLIT,회,기회를,0,2.069791316986084,3,677.0,26.0,True,61741,61741,61741,61741,True,True,True,True,True,130999.0,2.0,-1.2556512355804443,존,WITHIN_SPLIT,OTHER,no_valid_adjacent_boundary,False,True,-1.0,OK
FLORES,P1,678,11,3,30,WITHIN_SPLIT_PLACEBO,WITHIN_SPLIT,료,자료를,0,0.507116436958313,3,678.0,2.0,True,63256,63256,63256,63256,True,True,True,True,True,54321.0,2.0,-2.9624879360198975,원,WITHIN_SPLIT,OTHER,no_valid_adjacent_boundary,False,True,-1.0,OK
FLORES,P1,679,9,3,26,WITHIN_SPLIT_PLACEBO,WITHIN_SPLIT,야,분야로,0,0.0080724423751235,3,679.0,51.0,True,89659,89659,89659,89659,True,True,True,True,True,97929.0,2.0,-9.26632308959961,류,WITHIN_SPLIT,OTHER,no_valid_adjacent_boundary,False,True,-1.0,OK
FLORES,P1,682,10,2,15,WITHIN_SPLIT_PLACEBO,WITHIN_SPLIT, 분,분야가,0,1.5672173500061035,3,682.0,1.0,True,128618,128618,128618,128618,True,True,True,True,True,142976.0,3.0,-4.63786506652832, 특정,EXACT,OTHER,not_primary_class,False,True,-1.0,OK
FLORES,P1,684,7,2,16,WITHIN_SPLIT_PLACEBO,WITHIN_SPLIT,터,놀이터는,0,4.008440971374512,6,684.0,12.0,True,33861,33861,33861,33861,True,True,True,True,True,18411.0,2.0,-2.626279830932617,를,EXACT,OTHER,not_primary_class,False,True,-1.0,OK
FLORES,P1,688,17,2,49,WITHIN_SPLIT_PLACEBO,WITHIN_SPLIT,류,오류를,0,0.7893543243408203,3,688.0,14.0,True,97929,97929,97929,97929,True,True,True,True,True,126346.0,2.0,-3.0190236568450928,역,WITHIN_SPLIT,OTHER,no_valid_adjacent_boundary,False,True,-1.0,OK
FLORES,P1,688,33,3,86,WITHIN_SPLIT_PLACEBO,WITHIN_SPLIT,움,도움이,0,0.012716332450509071,3,688.0,68.0,True,133914,133914,133914,133914,True,True,True,True,True,65865.0,2.0,-6.985750675201416,전,WITHIN_SPLIT,OTHER,no_valid_adjacent_boundary,False,True,-1.0,OK
FLORES,P1,688,17,1,48,WITHIN_SPLIT_PLACEBO,WITHIN_SPLIT, 오,오류를,0,0.6026686429977417,3,688.0,76.0,True,73077,73077,73077,73077,True,True,True,True,True,126674.0,2.0,-3.6330044269561768, 문제,EXACT,OTHER,not_primary_class,False,True,-1.0,OK
FLORES,P1,689,13,1,24,WITHIN_SPLIT_PLACEBO,WITHIN_SPLIT,판,비판을,0,1.8843584060668945,3,689.0,34.0,True,129382,129382,129382,129382,True,True,True,True,True,126742.0,2.0,-2.832379102706909,평,WITHIN_SPLIT,OTHER,no_valid_adjacent_boundary,False,True,-1.0,OK
FLORES,P1,691,15,2,40,WITHIN_SPLIT_PLACEBO,WITHIN_SPLIT, 도,도움이,1,1.2167075872421265,6,691.0,38.0,True,129392,3315,129392,3315,True,True,False,False,True,54116.0,2.0,-2.341867208480835, 기,EXACT,OTHER,not_primary_class,False,False,0.0,OK
FLORES,P1,692,1,2,2,WITHIN_SPLIT_PLACEBO,WITHIN_SPLIT,블,블로그의,0,0.0024129122029989958,5,692.0,51.0,True,242,242,242,242,True,True,True,True,True,234.0,2.0,-8.640863418579102,브,EXACT,OTHER,not_primary_class,False,True,-1.0,OK
FLORES,P1,705,8,2,11,WITHIN_SPLIT_PLACEBO,WITHIN_SPLIT, 반,반지가,1,3.4627857208251953,1,705.0,21.0,True,63757,71108,63757,71108,True,True,False,False,True,71108.0,2.0,-2.119957208633423, 것,EXACT,OTHER,not_primary_class,True,False,1.0,OK
FLORES,P1,706,2,1,5,WITHIN_SPLIT_PLACEBO,WITHIN_SPLIT, 차,차이에,0,0.07158323377370834,3,706.0,1.0,True,129882,129882,129882,129882,True,True,True,True,True,129359.0,2.0,-7.023091793060303, 장,EXACT,OTHER,not_primary_class,False,True,-1.0,OK
FLORES,P1,707,5,1,6,WITHIN_SPLIT_PLACEBO,WITHIN_SPLIT,심,결심을,1,1.681659460067749,2,707.0,39.0,True,125512,129695,125512,129695,True,True,False,False,True,125068.0,2.0,-2.188831090927124,단,WITHIN_SPLIT,OTHER,no_valid_adjacent_boundary,False,False,0.0,OK
FLORES,P1,715,7,1,12,WITHIN_SPLIT_PLACEBO,WITHIN_SPLIT,바,북키바에,1,3.232808828353882,4,715.0,35.0,True,130271,131196,130271,131196,True,True,False,False,True,131196.0,2.0,-2.3297595977783203,브,WITHIN_SPLIT,OTHER,no_valid_adjacent_boundary,True,False,1.0,OK
FLORES,P1,722,11,1,25,WITHIN_SPLIT_PLACEBO,WITHIN_SPLIT, 특,특징이,1,4.112480640411377,3,722.0,18.0,True,127820,85997,127820,85997,True,True,False,False,True,143863.0,2.0,-2.080927848815918, 느낌,EXACT,OTHER,not_primary_class,False,False,0.0,OK
FLORES,P1,727,8,1,18,WITHIN_SPLIT_PLACEBO,WITHIN_SPLIT,크,파크를,0,0.05960266292095184,3,727.0,13.0,True,81133,81133,81133,81133,True,True,True,True,True,28626.0,2.0,-6.054029941558838,트,WITHIN_SPLIT,OTHER,no_valid_adjacent_boundary,False,True,-1.0,OK
FLORES,P1,739,12,3,22,WITHIN_SPLIT_PLACEBO,WITHIN_SPLIT,켓,티켓을,0,0.023051872849464417,5,739.0,27.0,True,144213,144213,144213,144213,True,True,True,True,True,81133.0,2.0,-6.096558094024658,크,EXACT,OTHER,not_primary_class,False,True,-1.0,OK
FLORES,P1,742,35,1,75,WITHIN_SPLIT_PLACEBO,WITHIN_SPLIT, 역,역사를,1,3.412736654281616,4,742.0,76.0,True,127864,49367,127864,49367,True,True,False,False,True,129413.0,3.0,-2.352436065673828, 강,EXACT,OTHER,not_primary_class,False,False,0.0,OK
FLORES,P1,758,17,2,37,WITHIN_SPLIT_PLACEBO,WITHIN_SPLIT,자,소유자에게,0,0.8634387850761414,4,758.0,51.0,True,25715,25715,25715,25715,True,True,True,True,True,131958.0,2.0,-1.893500566482544,자의,CROSS_MORPHEME,NOMINAL_TO_PARTICLE,crossed_boundary,False,True,-1.0,OK
FLORES,P1,760,5,1,7,WITHIN_SPLIT_PLACEBO,WITHIN_SPLIT,근,근처에,1,1.1487873792648315,4,760.0,13.0,True,120,254,120,254,True,True,False,False,True,117.0,2.0,-1.620244026184082,극,EXACT,OTHER,not_primary_class,False,False,0.0,OK
FLORES,P1,764,13,1,33,WITHIN_SPLIT_PLACEBO,WITHIN_SPLIT,활,생활을,1,1.2340084314346313,4,764.0,45.0,True,125991,126251,125991,126251,True,True,False,False,True,86372.0,2.0,-1.7542129755020142,태,WITHIN_SPLIT,OTHER,no_valid_adjacent_boundary,False,False,0.0,OK
FLORES,P1,767,3,2,6,WITHIN_SPLIT_PLACEBO,WITHIN_SPLIT, 방문,방문객이,0,1.7543232440948486,3,767.0,17.0,True,141875,141875,141875,141875,True,True,True,True,True,92751.0,2.0,-1.259873867034912, 관,EXACT,OTHER,not_primary_class,False,True,-1.0,OK
FLORES,P1,768,5,1,12,WITHIN_SPLIT_PLACEBO,WITHIN_SPLIT, 생,생물에,1,2.6958742141723633,3,768.0,18.0,True,47818,126322,47818,126322,True,True,False,False,True,126322.0,2.0,-1.4273717403411865, 동,EXACT,OTHER,not_primary_class,True,False,1.0,OK
FLORES,P1,768,1,3,5,WITHIN_SPLIT_PLACEBO,WITHIN_SPLIT,새,냄새가,0,0.36006787419319153,5,768.0,49.0,True,131097,131097,131097,131097,True,True,True,True,True,70582.0,2.0,-3.2911622524261475,비,WITHIN_SPLIT,OTHER,no_valid_adjacent_boundary,False,True,-1.0,OK
FLORES,P1,529,12,4,28,WITHIN_SPLIT_PLACEBO,WITHIN_SPLIT,부터,자원으로부터,1,4.0118608474731445,5,787.0,14.0,False,126558,26698,126558,26698,True,True,False,False,True,58677.0,2.0,-2.189852476119995, 인,EXACT,OTHER,not_primary_class,False,False,0.0,OK
FLORES,P1,791,12,2,23,WITHIN_SPLIT_PLACEBO,WITHIN_SPLIT,과,항공과,1,2.1291356086730957,4,791.0,9.0,True,53680,128739,53680,128739,True,True,False,False,True,128739.0,2.0,-1.2590646743774414,권,EXACT,OTHER,not_primary_class,True,False,1.0,OK
FLORES,P1,795,12,2,23,WITHIN_SPLIT_PLACEBO,WITHIN_SPLIT,악,음악을,0,0.11525462567806244,4,795.0,30.0,True,131893,131893,131893,131893,True,True,True,True,True,126641.0,2.0,-5.296048164367676,반,WITHIN_SPLIT,OTHER,no_valid_adjacent_boundary,False,True,-1.0,OK
FLORES,P1,802,9,1,19,WITHIN_SPLIT_PLACEBO,WITHIN_SPLIT, 판단,판단력이,0,1.8218834400177002,3,802.0,39.0,True,140569,140569,140569,140569,True,True,True,True,True,126616.0,2.0,-3.412945508956909, 진,EXACT,OTHER,not_primary_class,False,True,-1.0,OK
FLORES,P1,802,12,1,29,WITHIN_SPLIT_PLACEBO,WITHIN_SPLIT,플,플레이어는,0,0.17512863874435425,5,802.0,43.0,True,234,234,234,234,True,True,True,True,True,121.0,2.0,-3.289788007736206,픽,EXACT,OTHER,not_primary_class,False,True,-1.0,OK
FLORES,P1,809,14,1,28,WITHIN_SPLIT_PLACEBO,WITHIN_SPLIT, 용,용어가,0,2.6416473388671875,4,809.0,23.0,True,65722,65722,65722,65722,True,True,True,True,True,126254.0,2.0,-1.573114037513733, 말,EXACT,OTHER,not_primary_class,False,True,-1.0,OK
FLORES,P1,248,13,2,39,WITHIN_SPLIT_PLACEBO,WITHIN_SPLIT, 비,비가,0,3.068472385406494,2,812.0,41.0,False,73986,73986,73986,73986,True,True,True,True,True,129413.0,2.0,-1.8254762887954712, 강,EXACT,OTHER,not_primary_class,False,True,-1.0,OK
FLORES,P1,819,7,3,24,WITHIN_SPLIT_PLACEBO,WITHIN_SPLIT,바,청바지를,0,1.4319024085998535,4,819.0,25.0,True,130271,130271,130271,130271,True,True,True,True,True,88781.0,2.0,-1.3832626342773438,결,WITHIN_SPLIT,OTHER,no_valid_adjacent_boundary,False,True,-1.0,OK
FLORES,P1,819,7,2,23,WITHIN_SPLIT_PLACEBO,WITHIN_SPLIT,청,청바지를,0,1.0147995948791504,4,819.0,37.0,True,255,255,255,255,True,True,True,True,True,250.0,2.0,-1.0575404167175293,천,EXACT,OTHER,not_primary_class,False,True,-1.0,OK
FLORES,P1,819,4,2,13,WITHIN_SPLIT_PLACEBO,WITHIN_SPLIT,지,청바지로,1,0.7384301424026489,4,819.0,49.0,True,21329,133120,21329,133120,True,True,False,False,True,133120.0,2.0,-0.7819198966026306,지를,CROSS_MORPHEME,NOMINAL_TO_PARTICLE,crossed_boundary,True,False,1.0,OK
FLORES,P1,819,18,1,60,WITHIN_SPLIT_PLACEBO,WITHIN_SPLIT,바,청바지를,0,0.0183790922164917,4,819.0,61.0,True,130271,130271,130271,130271,True,True,True,True,True,81718.0,2.0,-7.501665115356445, 바,EXACT,OTHER,not_primary_class,False,True,-1.0,OK
FLORES,P1,819,21,1,72,WITHIN_SPLIT_PLACEBO,WITHIN_SPLIT,바,청바지를,0,0.00798257626593113,4,819.0,73.0,True,130271,130271,130271,130271,True,True,True,True,True,81718.0,2.0,-8.04758358001709, 바,EXACT,OTHER,not_primary_class,False,True,-1.0,OK
FLORES,P1,819,24,1,84,WITHIN_SPLIT_PLACEBO,WITHIN_SPLIT,바,청바지를,0,0.004940006881952286,4,819.0,85.0,True,130271,130271,130271,130271,True,True,True,True,True,81718.0,2.0,-8.344198226928711, 바,EXACT,OTHER,not_primary_class,False,True,-1.0,OK
FLORES,P1,819,27,1,96,WITHIN_SPLIT_PLACEBO,WITHIN_SPLIT,바,청바지를,0,0.0035611079074442387,4,819.0,97.0,True,130271,130271,130271,130271,True,True,True,True,True,81718.0,2.0,-8.625320434570312, 바,EXACT,OTHER,not_primary_class,False,True,-1.0,OK
FLORES,P1,819,30,1,108,WITHIN_SPLIT_PLACEBO,WITHIN_SPLIT,바,청바지를,0,0.002895799931138754,4,819.0,109.0,True,130271,130271,130271,130271,True,True,True,True,True,81718.0,2.0,-8.859627723693848, 바,EXACT,OTHER,not_primary_class,False,True,-1.0,OK
FLORES,P1,819,33,1,120,WITHIN_SPLIT_PLACEBO,WITHIN_SPLIT,바,청바지를,0,0.002651751507073641,4,819.0,121.0,True,130271,130271,130271,130271,True,True,True,True,True,81718.0,2.0,-8.96898078918457, 바,EXACT,OTHER,not_primary_class,False,True,-1.0,OK
FLORES,P1,820,7,2,20,WITHIN_SPLIT_PLACEBO,WITHIN_SPLIT, 가,가죽이,1,3.4684293270111084,6,820.0,12.0,True,35509,53989,35509,53989,True,True,False,False,True,28733.0,8.0,-4.259454727172852, 수,EXACT,OTHER,not_primary_class,False,False,0.0,OK
FLORES,P1,823,10,2,31,WITHIN_SPLIT_PLACEBO,WITHIN_SPLIT,투,봉투로,0,1.4438295364379883,5,823.0,39.0,True,129924,129924,129924,129924,True,True,True,True,True,31079.0,2.0,-2.562912702560425,어,WITHIN_SPLIT,OTHER,no_valid_adjacent_boundary,False,True,-1.0,OK
FLORES,P1,824,6,2,15,WITHIN_SPLIT_PLACEBO,WITHIN_SPLIT,충,곤충을,0,0.11709455400705338,4,824.0,3.0,True,131347,131347,131347,131347,True,True,True,True,True,129804.0,2.0,-6.293806076049805,란,WITHIN_SPLIT,OTHER,no_valid_adjacent_boundary,False,True,-1.0,OK
FLORES,P1,834,5,1,9,WITHIN_SPLIT_PLACEBO,WITHIN_SPLIT, 시,시기에,1,4.2055230140686035,4,834.0,17.0,True,44518,45130,44518,45130,True,True,False,False,True,141966.0,5.0,-3.0888044834136963, 형태,EXACT,OTHER,not_primary_class,False,False,0.0,OK
FLORES,P1,840,15,1,39,WITHIN_SPLIT_PLACEBO,WITHIN_SPLIT,측,측면에서,1,2.101389169692993,6,840.0,28.0,True,116,112,116,112,True,True,False,False,True,39834.0,3.0,-2.5077438354492188,쌀,EXACT,OTHER,not_primary_class,False,False,0.0,OK
FLORES,P1,845,25,1,42,WITHIN_SPLIT_PLACEBO,WITHIN_SPLIT, 위,위험을,0,3.6202552318573,3,845.0,34.0,True,45710,45710,45710,45710,True,True,True,True,True,58034.0,2.0,-2.3569138050079346, 상,EXACT,OTHER,not_primary_class,False,True,-1.0,OK
FLORES,P1,845,48,1,118,WITHIN_SPLIT_PLACEBO,WITHIN_SPLIT,리,스티리프트에,0,0.005296844989061356,8+,845.0,92.0,True,28002,28002,28002,28002,True,True,True,True,True,133886.0,2.0,-8.89108943939209,리를,CROSS_MORPHEME,NOMINAL_TO_PARTICLE,crossed_boundary,False,True,-1.0,OK
FLORES,P1,850,6,1,10,WITHIN_SPLIT_PLACEBO,WITHIN_SPLIT,노,스노클링과,1,2.1242475509643555,5,850.0,6.0,True,127121,136133,127121,136133,True,True,False,False,True,136133.0,2.0,-2.5350897312164307,케,WITHIN_SPLIT,OTHER,no_valid_adjacent_boundary,True,False,1.0,OK
FLORES,P1,850,28,1,52,WITHIN_SPLIT_PLACEBO,WITHIN_SPLIT, 활,활동은,1,3.711202621459961,6,850.0,61.0,True,140968,79207,140968,79207,True,True,False,False,True,77002.0,5.0,-3.047288656234741, 등,EXACT,OTHER,not_primary_class,False,False,0.0,OK
FLORES,P1,854,2,2,3,WITHIN_SPLIT_PLACEBO,WITHIN_SPLIT,트,스카이트로,1,4.769895076751709,6,854.0,17.0,True,28626,41671,28626,41671,True,True,False,False,True,41671.0,2.0,-2.884291648864746,보,WITHIN_SPLIT,OTHER,no_valid_adjacent_boundary,True,False,1.0,OK
FLORES,P1,857,8,1,13,WITHIN_SPLIT_PLACEBO,WITHIN_SPLIT, 거,거리를,0,0.8316584825515747,2,857.0,14.0,True,126352,126352,126352,126352,True,True,True,True,True,138724.0,3.0,-4.393393039703369,거리,EXACT,OTHER,not_primary_class,False,True,-1.0,OK
FLORES,P1,858,19,2,38,WITHIN_SPLIT_PLACEBO,WITHIN_SPLIT, 통,통제를,1,2.7167510986328125,3,858.0,44.0,True,125206,85322,125206,85322,True,True,False,False,True,92751.0,2.0,-2.0675415992736816, 관,EXACT,OTHER,not_primary_class,False,False,0.0,OK
FLORES,P1,864,2,1,2,WITHIN_SPLIT_PLACEBO,WITHIN_SPLIT,품,가공품은,0,1.0026026964187622,4,864.0,30.0,True,125678,125678,125678,125678,True,True,True,True,True,138017.0,2.0,-2.6680688858032227, 제품,EXACT,OTHER,not_primary_class,False,True,-1.0,OK
FLORES,P1,866,24,2,51,WITHIN_SPLIT_PLACEBO,WITHIN_SPLIT, 동,동물로,1,3.603647232055664,4,866.0,10.0,True,126322,126352,126322,126352,True,True,False,False,True,126352.0,3.0,-2.450186014175415, 거,EXACT,OTHER,not_primary_class,True,False,1.0,OK
FLORES,P1,868,11,2,22,WITHIN_SPLIT_PLACEBO,WITHIN_SPLIT,자,풍자와,1,2.9952235221862793,6,868.0,54.0,True,25715,129283,25715,129283,True,True,False,False,True,65306.0,2.0,-2.3239736557006836,경,WITHIN_SPLIT,OTHER,no_valid_adjacent_boundary,False,False,0.0,OK
FLORES,P1,873,2,1,4,WITHIN_SPLIT_PLACEBO,WITHIN_SPLIT,각,시각은,0,0.3153180181980133,3,873.0,22.0,True,126317,126317,126317,126317,True,True,True,True,True,126333.0,2.0,-3.2013447284698486,점,WITHIN_SPLIT,OTHER,no_valid_adjacent_boundary,False,True,-1.0,OK
FLORES,P1,879,13,3,26,WITHIN_SPLIT_PLACEBO,WITHIN_SPLIT,육,교육을,0,0.038668058812618256,3,879.0,30.0,True,126596,126596,126596,126596,True,True,True,True,True,35530.0,2.0,-7.550871849060059,습,WITHIN_SPLIT,OTHER,no_valid_adjacent_boundary,False,True,-1.0,OK
FLORES,P1,883,6,2,9,WITHIN_SPLIT_PLACEBO,WITHIN_SPLIT,지,잡지가,1,1.3465261459350586,3,883.0,24.0,True,21329,130974,21329,130974,True,True,False,False,True,133120.0,2.0,-1.384814739227295,지를,CROSS_MORPHEME,NOMINAL_TO_PARTICLE,crossed_boundary,False,False,0.0,OK
FLORES,P1,885,16,1,40,WITHIN_SPLIT_PLACEBO,WITHIN_SPLIT,수,다수의,1,2.256402015686035,4,885.0,32.0,True,23259,144256,23259,144256,True,True,False,False,True,144256.0,2.0,-1.592450737953186,릅,WITHIN_SPLIT,OTHER,no_valid_adjacent_boundary,True,False,1.0,OK
FLORES,P1,888,17,1,32,WITHIN_SPLIT_PLACEBO,WITHIN_SPLIT,회,기회는,1,1.6659259796142578,3,888.0,36.0,True,61741,66845,61741,66845,True,True,False,False,True,66845.0,2.0,-1.034890055656433,대,WITHIN_SPLIT,OTHER,no_valid_adjacent_boundary,True,False,1.0,OK
FLORES,P1,891,10,1,15,WITHIN_SPLIT_PLACEBO,WITHIN_SPLIT, 반,반대로,0,2.461667060852051,2,891.0,16.0,True,63757,63757,63757,63757,True,True,True,True,True,98005.0,2.0,-2.0620718002319336, 회,EXACT,OTHER,not_primary_class,False,True,-1.0,OK
FLORES,P1,972,7,1,12,WITHIN_SPLIT_PLACEBO,WITHIN_SPLIT, 여,여름철에,1,3.1721086502075195,1,892.0,9.0,False,83518,136115,83518,136115,True,True,False,False,True,55673.0,2.0,-2.1509299278259277, 주,EXACT,OTHER,not_primary_class,False,False,0.0,OK
FLORES,P1,555,13,1,23,WITHIN_SPLIT_PLACEBO,WITHIN_SPLIT,부터,산맥에서부터,1,3.4746222496032715,2,897.0,37.0,False,126558,48364,126558,48364,True,True,False,False,True,136065.0,2.0,-1.8141790628433228, 처음,EXACT,OTHER,not_primary_class,False,False,0.0,OK
FLORES,P1,898,5,2,16,WITHIN_SPLIT_PLACEBO,WITHIN_SPLIT,서,용서와,1,1.8541849851608276,3,898.0,25.0,True,26698,131777,26698,131777,True,True,False,False,True,20487.0,2.0,-1.2790625095367432,기,WITHIN_SPLIT,OTHER,no_valid_adjacent_boundary,False,False,0.0,OK
FLORES,P1,913,2,2,6,WITHIN_SPLIT_PLACEBO,WITHIN_SPLIT, 제공,제공자는,0,0.5390108823776245,2,913.0,7.0,True,130094,130094,130094,130094,True,True,True,True,True,56419.0,2.0,-5.21162748336792, 전,EXACT,OTHER,not_primary_class,False,True,-1.0,OK
FLORES,P1,647,4,2,9,WITHIN_SPLIT_PLACEBO,WITHIN_SPLIT, 기,기능이,1,3.118374824523926,1,914.0,6.0,False,54116,128584,54116,128584,True,True,False,False,True,44518.0,2.0,-2.7558059692382812, 시,EXACT,OTHER,not_primary_class,False,False,0.0,OK
FLORES,P1,915,8,1,19,WITHIN_SPLIT_PLACEBO,WITHIN_SPLIT,학,대학을,0,0.5977278351783752,3,915.0,14.0,True,124632,124632,124632,124632,True,True,True,True,True,127194.0,2.0,-1.5098376274108887,학교,EXACT,OTHER,not_primary_class,False,True,-1.0,OK
FLORES,P1,930,9,1,15,WITHIN_SPLIT_PLACEBO,WITHIN_SPLIT,급,급여를,0,0.9881573915481567,3,930.0,12.0,True,231,231,231,231,True,True,True,True,True,230.0,2.0,-1.801900029182434,금,EXACT,OTHER,not_primary_class,False,True,-1.0,OK
FLORES,P1,930,21,2,43,WITHIN_SPLIT_PLACEBO,WITHIN_SPLIT, 재,재료를,1,3.454946994781494,3,930.0,20.0,True,129242,85403,129242,85403,True,True,False,False,True,126291.0,2.0,-2.1027750968933105, 소,EXACT,OTHER,not_primary_class,False,False,0.0,OK
FLORES,P1,931,1,2,5,WITHIN_SPLIT_PLACEBO,WITHIN_SPLIT, 회,회사가,1,1.7931900024414062,3,931.0,11.0,True,98005,54116,98005,54116,True,True,False,False,True,54116.0,2.0,-1.4056963920593262, 기,EXACT,OTHER,not_primary_class,True,False,1.0,OK
FLORES,P1,931,5,1,17,WITHIN_SPLIT_PLACEBO,WITHIN_SPLIT,로,경로와,0,0.005167786497622728,3,931.0,23.0,True,17380,17380,17380,17380,True,True,True,True,True,34395.0,2.0,-7.906750679016113,고,WITHIN_SPLIT,OTHER,no_valid_adjacent_boundary,False,True,-1.0,OK
FLORES,P1,933,13,2,28,WITHIN_SPLIT_PLACEBO,WITHIN_SPLIT,사,비행사가,1,1.950690746307373,3,933.0,17.0,True,55054,20487,55054,20487,True,True,False,False,True,20487.0,2.0,-2.008143901824951,기,WITHIN_SPLIT,OTHER,no_valid_adjacent_boundary,True,False,1.0,OK
FLORES,P1,448,13,1,25,WITHIN_SPLIT_PLACEBO,WITHIN_SPLIT, 상,상황을,1,3.1853466033935547,1,936.0,24.0,False,58034,136168,58034,136168,True,True,False,False,True,136168.0,2.0,-2.268768787384033, 일이,CROSS_MORPHEME,NOMINAL_TO_PARTICLE,crossed_boundary,True,False,1.0,OK
FLORES,P1,937,24,2,54,WITHIN_SPLIT_PLACEBO,WITHIN_SPLIT, 가,가격을,1,0.9194086790084839,3,937.0,47.0,True,35509,85997,35509,85997,True,True,False,False,True,73986.0,2.0,-2.244174003601074, 비,EXACT,OTHER,not_primary_class,False,False,0.0,OK
FLORES,P1,945,36,2,90,WITHIN_SPLIT_PLACEBO,WITHIN_SPLIT,럽,유럽의,0,0.8945549130439758,3,945.0,94.0,True,134798,134798,134798,134798,True,True,True,True,True,124546.0,2.0,-3.4697470664978027,교,WITHIN_SPLIT,OTHER,no_valid_adjacent_boundary,False,True,-1.0,OK
FLORES,P1,949,0,2,1,WITHIN_SPLIT_PLACEBO,WITHIN_SPLIT,쪽,북쪽으로,0,1.3900182247161865,3,949.0,6.0,True,132064,132064,132064,132064,True,True,True,True,True,26698.0,2.0,-2.9913253784179688,서,WITHIN_SPLIT,OTHER,no_valid_adjacent_boundary,False,True,-1.0,OK
FLORES,P1,956,3,3,9,WITHIN_SPLIT_PLACEBO,WITHIN_SPLIT,어,언어는,0,0.008488176390528679,3,956.0,43.0,True,31079,31079,31079,31079,True,True,True,True,True,126345.0,2.0,-8.422639846801758,양,WITHIN_SPLIT,OTHER,no_valid_adjacent_boundary,False,True,-1.0,OK
FLORES,P1,956,1,3,4,WITHIN_SPLIT_PLACEBO,WITHIN_SPLIT,나,바르셀로나의,0,0.5921618342399597,6,956.0,48.0,True,60315,60315,60315,60315,True,True,True,True,True,126730.0,2.0,-2.899320363998413,네,WITHIN_SPLIT,OTHER,no_valid_adjacent_boundary,False,True,-1.0,OK
FLORES,P1,969,8,1,18,WITHIN_SPLIT_PLACEBO,WITHIN_SPLIT,지,허벅지까지,0,0.5355099439620972,5,969.0,24.0,True,21329,21329,21329,21329,True,True,True,True,True,133120.0,2.0,-1.6301236152648926,지를,CROSS_MORPHEME,NOMINAL_TO_PARTICLE,crossed_boundary,False,True,-1.0,OK
FLORES,P1,969,1,1,4,WITHIN_SPLIT_PLACEBO,WITHIN_SPLIT,향,"방향으로,",0,0.22871732711791992,4,969.0,25.0,True,129321,129321,129321,129321,True,True,True,True,True,32290.0,2.0,-3.7015130519866943,면,WITHIN_SPLIT,OTHER,no_valid_adjacent_boundary,False,True,-1.0,OK
FLORES,P1,975,8,1,20,WITHIN_SPLIT_PLACEBO,WITHIN_SPLIT, 어,어휘를,1,3.169041872024536,4,975.0,35.0,True,124685,85403,124685,85403,True,True,False,False,True,85403.0,3.0,-2.5847010612487793, 부,EXACT,OTHER,not_primary_class,True,False,1.0,OK
FLORES,P1,978,10,1,26,WITHIN_SPLIT_PLACEBO,WITHIN_SPLIT,전,자전거를,1,0.38690924644470215,4,978.0,19.0,True,65865,57089,65865,57089,True,True,False,False,True,57089.0,2.0,-4.225264072418213,동,WITHIN_SPLIT,OTHER,no_valid_adjacent_boundary,True,False,1.0,OK
FLORES,P1,980,8,2,17,WITHIN_SPLIT_PLACEBO,WITHIN_SPLIT,법,문법을,0,0.07495075464248657,3,980.0,21.0,True,126270,126270,126270,126270,True,True,True,True,True,124632.0,2.0,-5.603684425354004,학,WITHIN_SPLIT,OTHER,no_valid_adjacent_boundary,False,True,-1.0,OK
FLORES,P1,981,3,2,6,WITHIN_SPLIT_PLACEBO,WITHIN_SPLIT,어,언어를,0,0.01149106677621603,3,981.0,21.0,True,31079,31079,31079,31079,True,True,True,True,True,51588.0,2.0,-8.766605377197266,문,WITHIN_SPLIT,OTHER,no_valid_adjacent_boundary,False,True,-1.0,OK
FLORES,P1,984,8,3,26,WITHIN_SPLIT_PLACEBO,WITHIN_SPLIT,시,도시나,0,0.18811902403831482,3,984.0,21.0,True,29326,29326,29326,29326,True,True,True,True,True,125512.0,2.0,-4.484654426574707,심,WITHIN_SPLIT,OTHER,no_valid_adjacent_boundary,False,True,-1.0,OK
FLORES,P1,989,7,1,20,WITHIN_SPLIT_PLACEBO,WITHIN_SPLIT,식,식물을,0,0.2388632744550705,3,989.0,21.0,True,251,251,251,251,True,True,True,True,True,255.0,4.0,-5.908378601074219,십,EXACT,OTHER,not_primary_class,False,True,-1.0,OK
FLORES,P1,991,6,1,17,WITHIN_SPLIT_PLACEBO,WITHIN_SPLIT,보,도보로,1,1.6943731307983398,3,991.0,22.0,True,41671,135375,41671,135375,True,True,False,False,True,135375.0,2.0,-1.158132791519165,착,WITHIN_SPLIT,OTHER,no_valid_adjacent_boundary,True,False,1.0,OK
FLORES,P1,992,2,3,4,WITHIN_SPLIT_PLACEBO,WITHIN_SPLIT,방,극지방으로,0,1.37790846824646,5,992.0,8.0,True,126321,126321,126321,126321,True,True,True,True,True,66845.0,2.0,-2.5493037700653076,대,WITHIN_SPLIT,LEXICAL_TO_LEXICAL,nearest_adjacent_boundary,False,True,-1.0,OK
FLORES,P1,995,2,1,3,WITHIN_SPLIT_PLACEBO,WITHIN_SPLIT,로,내륙수로는,1,2.7753562927246094,5,995.0,18.0,True,17380,47985,17380,17380,True,False,False,True,False,,,,,,,,,,,MODEL_REPLAY_MISMATCH
FLORES,P1,1004,3,1,4,WITHIN_SPLIT_PLACEBO,WITHIN_SPLIT,리,거리가,0,0.27930551767349243,3,1004.0,19.0,True,28002,28002,28002,28002,True,True,True,True,True,133886.0,2.0,-2.8958749771118164,리를,CROSS_MORPHEME,NOMINAL_TO_PARTICLE,crossed_boundary,False,True,-1.0,OK
FLORES,P1,1011,10,2,19,WITHIN_SPLIT_PLACEBO,WITHIN_SPLIT,으로,힘으로부터,1,2.153177261352539,4,1011.0,23.0,True,42039,17877,42039,17877,True,True,False,False,True,17877.0,2.0,-1.2055275440216064,을,EXACT,OTHER,not_primary_class,True,False,1.0,OK
FLORES,P1,1011,14,2,28,WITHIN_SPLIT_PLACEBO,WITHIN_SPLIT,취,성취를,1,1.2847537994384766,3,1011.0,34.0,True,137237,53680,137237,53680,True,True,False,False,True,78125.0,2.0,-1.1421762704849243,공,WITHIN_SPLIT,OTHER,no_valid_adjacent_boundary,False,False,0.0,OK
FLORES,P1,1012,0,3,2,WITHIN_SPLIT_PLACEBO,WITHIN_SPLIT,로,근로자는,0,0.8928098678588867,4,1012.0,3.0,True,17380,17380,17380,17380,True,True,True,True,True,125054.0,2.0,-1.5509774684906006,무,WITHIN_SPLIT,OTHER,no_valid_adjacent_boundary,False,True,-1.0,OK
FLORES,P1,1012,7,3,24,WITHIN_SPLIT_PLACEBO,WITHIN_SPLIT,사,상사의,0,0.3050246238708496,3,1012.0,35.0,True,55054,55054,55054,55054,True,True,True,True,True,134445.0,2.0,-3.268312454223633,사를,CROSS_MORPHEME,NOMINAL_TO_PARTICLE,crossed_boundary,False,True,-1.0,OK
WIKIPEDIA,P2,1,42,2,121,NP_CROSS,CROSS_MORPHEME, 것을,것을,0,0.5704330205917358,1,,,,129337,129337,129337,129337,True,True,True,True,True,130037.0,5.0,-4.523143768310547, 사실,EXACT,OTHER,not_primary_class,False,True,-1.0,OK
WIKIPEDIA,P2,4,9,4,27,NP_CROSS,CROSS_MORPHEME, 것을,것을,0,0.6073201298713684,1,,,,129337,129337,129337,129337,True,True,True,True,True,132989.0,2.0,-2.957632064819336, 의미,EXACT,OTHER,not_primary_class,False,True,-1.0,OK
WIKIPEDIA,P2,4,20,2,53,NP_CROSS,CROSS_MORPHEME, 것을,것을,0,0.8432204723358154,1,,,,129337,129337,129337,129337,True,True,True,True,True,132989.0,2.0,-3.2715916633605957, 의미,EXACT,OTHER,not_primary_class,False,True,-1.0,OK
WIKIPEDIA,P2,25,0,1,0,NP_CROSS,CROSS_MORPHEME,으로,으로,0,1.9463187456130981,1,,,,42039,42039,42039,42039,True,True,True,True,True,17877.0,2.0,-1.7136108875274658,을,EXACT,OTHER,not_primary_class,False,True,-1.0,OK
WIKIPEDIA,P2,27,26,2,71,NP_CROSS,CROSS_MORPHEME,리는,원리는,0,0.7724642753601074,2,,,,132920,132920,132920,132920,True,True,True,True,True,28002.0,2.0,-1.8207614421844482,리,WITHIN_SPLIT,OTHER,no_valid_adjacent_boundary,False,True,-1.0,OK
WIKIPEDIA,P2,29,8,2,16,NP_CROSS,CROSS_MORPHEME,자를,글자를,1,1.2173888683319092,3,,,,135184,25715,135184,25715,True,True,False,False,True,25715.0,2.0,-1.2371580600738525,자,WITHIN_SPLIT,OTHER,no_valid_adjacent_boundary,True,False,1.0,OK
WIKIPEDIA,P2,31,33,1,89,NP_CROSS,CROSS_MORPHEME,상을,사상을,1,2.5169458389282227,3,,,,136854,55902,136854,55902,True,True,False,False,True,55902.0,2.0,-1.4296900033950806,상,WITHIN_SPLIT,OTHER,no_valid_adjacent_boundary,True,False,1.0,OK
WIKIPEDIA,P2,33,23,1,70,NP_CROSS,CROSS_MORPHEME, 값을,값을,0,2.0251834392547607,1,,,,93668,93668,93668,93668,True,True,True,True,True,45563.0,3.0,-2.3555517196655273, 값,EXACT,OTHER,not_primary_class,False,True,-1.0,OK
WIKIPEDIA,P2,33,25,2,79,NP_CROSS,CROSS_MORPHEME, 값을,값을,1,3.289440631866455,3,,,,93668,28927,93668,28927,True,True,False,False,True,28733.0,2.0,-2.3083648681640625, 수,EXACT,OTHER,not_primary_class,False,False,0.0,OK
WIKIPEDIA,P2,41,25,3,78,NP_CROSS,CROSS_MORPHEME, 것을,것을,0,2.332414388656616,1,,,,129337,129337,129337,129337,True,True,True,True,True,98801.0,2.0,-1.3691208362579346, 결과,EXACT,OTHER,not_primary_class,False,True,-1.0,OK
WIKIPEDIA,P2,41,32,2,105,NP_CROSS,CROSS_MORPHEME, 것을,것을,0,0.11594691872596741,1,,,,129337,129337,129337,129337,True,True,True,True,True,71108.0,3.0,-5.8594160079956055, 것,EXACT,OTHER,not_primary_class,False,True,-1.0,OK
WIKIPEDIA,P2,42,22,3,63,NP_CROSS,CROSS_MORPHEME, 것은,것은,0,2.8780341148376465,1,,,,129274,129274,129274,129274,True,True,True,True,True,130864.0,2.0,-2.1398136615753174, 방법,EXACT,OTHER,not_primary_class,False,True,-1.0,OK
WIKIPEDIA,P2,42,35,4,112,NP_CROSS,CROSS_MORPHEME, 것은,것은,0,1.2455145120620728,1,,,,129274,129274,129274,129274,True,True,True,True,True,71108.0,2.0,-1.6613447666168213, 것,EXACT,OTHER,not_primary_class,False,True,-1.0,OK
WIKIPEDIA,P2,45,0,2,1,NP_CROSS,CROSS_MORPHEME,리를,정리를,0,0.776625394821167,2,,,,133886,133886,133886,133886,True,True,True,True,True,28002.0,2.0,-0.9891977310180664,리,WITHIN_SPLIT,OTHER,no_valid_adjacent_boundary,False,True,-1.0,OK
WIKIPEDIA,P2,45,8,3,27,NP_CROSS,CROSS_MORPHEME,리를,정리를,0,0.8664475083351135,2,,,,133886,133886,133886,133886,True,True,True,True,True,28002.0,2.0,-0.9988769292831421,리,WITHIN_SPLIT,OTHER,no_valid_adjacent_boundary,False,True,-1.0,OK
WIKIPEDIA,P2,45,18,4,60,NP_CROSS,CROSS_MORPHEME,리를,정리를,0,0.7179892063140869,2,,,,133886,133886,133886,133886,True,True,True,True,True,28002.0,2.0,-1.1651098728179932,리,WITHIN_SPLIT,OTHER,no_valid_adjacent_boundary,False,True,-1.0,OK
WIKIPEDIA,P2,45,31,1,101,NP_CROSS,CROSS_MORPHEME,리를,정리를,0,0.3008061647415161,2,,,,133886,133886,133886,133886,True,True,True,True,True,28002.0,2.0,-2.672466993331909,리,WITHIN_SPLIT,OTHER,no_valid_adjacent_boundary,False,True,-1.0,OK
WIKIPEDIA,P2,58,5,3,10,NP_CROSS,CROSS_MORPHEME,자는,광자는,0,1.1013551950454712,4,,,,132343,132343,132343,132343,True,True,True,True,True,25715.0,4.0,-2.423642635345459,자,WITHIN_SPLIT,OTHER,no_valid_adjacent_boundary,False,True,-1.0,OK
WIKIPEDIA,P2,58,11,3,28,NP_CROSS,CROSS_MORPHEME,지는,에너지는,0,1.2265470027923584,3,,,,130974,130974,130974,130974,True,True,True,True,True,21329.0,3.0,-1.2973575592041016,지,WITHIN_SPLIT,OTHER,no_valid_adjacent_boundary,False,True,-1.0,OK
WIKIPEDIA,P2,58,12,3,32,NP_CROSS,CROSS_MORPHEME,자의,광자의,0,0.902138352394104,4,,,,131958,131958,131958,131958,True,True,True,True,True,25715.0,2.0,-1.672194242477417,자,WITHIN_SPLIT,OTHER,no_valid_adjacent_boundary,False,True,-1.0,OK
WIKIPEDIA,P2,58,15,3,43,NP_CROSS,CROSS_MORPHEME,자는,광자는,0,1.1977221965789795,4,,,,132343,132343,132343,132343,True,True,True,True,True,25715.0,4.0,-2.410122871398926,자,WITHIN_SPLIT,OTHER,no_valid_adjacent_boundary,False,True,-1.0,OK
WIKIPEDIA,P2,58,23,1,62,NP_CROSS,CROSS_MORPHEME, 동시에,동시에,0,2.420286178588867,1,,,,143409,143409,143409,143409,True,True,True,True,True,35509.0,2.0,-1.707871913909912, 가,EXACT,OTHER,not_primary_class,False,True,-1.0,OK
WIKIPEDIA,P2,58,25,1,70,NP_CROSS,CROSS_MORPHEME,자는,광자는,0,1.2095518112182617,4,,,,132343,132343,132343,132343,True,True,True,True,True,25715.0,4.0,-2.43153715133667,자,WITHIN_SPLIT,OTHER,no_valid_adjacent_boundary,False,True,-1.0,OK
WIKIPEDIA,P2,58,29,4,89,NP_CROSS,CROSS_MORPHEME, 동시에,동시에,0,0.11795292794704437,1,,,,143409,143409,143409,143409,True,True,True,True,True,143408.0,2.0,-5.810066223144531, 동시,EXACT,OTHER,not_primary_class,False,True,-1.0,OK
WIKIPEDIA,P2,58,31,4,97,NP_CROSS,CROSS_MORPHEME,자는,광자는,0,1.0094091892242432,4,,,,132343,132343,132343,132343,True,True,True,True,True,25715.0,4.0,-2.548460006713867,자,WITHIN_SPLIT,OTHER,no_valid_adjacent_boundary,False,True,-1.0,OK
WIKIPEDIA,P2,58,36,3,116,NP_CROSS,CROSS_MORPHEME, 동시에,동시에,0,0.06818729639053345,1,,,,143409,143409,143409,143409,True,True,True,True,True,129676.0,2.0,-6.163564205169678, 함께,EXACT,OTHER,not_primary_class,False,True,-1.0,OK
WIKIPEDIA,P2,58,38,3,124,NP_CROSS,CROSS_MORPHEME,자는,광자는,0,0.5302641987800598,4,,,,132343,132343,132343,132343,True,True,True,True,True,25715.0,3.0,-3.362626552581787,자,WITHIN_SPLIT,OTHER,no_valid_adjacent_boundary,False,True,-1.0,OK
WIKIPEDIA,P2,59,4,3,15,NP_CROSS,CROSS_MORPHEME,자는,중성자는,1,1.2670941352844238,4,,,,132343,25715,132343,25715,True,True,False,False,True,25715.0,2.0,-1.0872540473937988,자,WITHIN_SPLIT,OTHER,no_valid_adjacent_boundary,True,False,1.0,OK
WIKIPEDIA,P2,59,38,2,109,NP_CROSS,CROSS_MORPHEME,자가,입자가,1,1.3588714599609375,3,,,,130427,25715,130427,25715,True,True,False,False,True,25715.0,2.0,-1.0047550201416016,자,WITHIN_SPLIT,OTHER,no_valid_adjacent_boundary,True,False,1.0,OK
WIKIPEDIA,P2,62,9,1,29,NP_CROSS,CROSS_MORPHEME, 것으로,"것으로,",1,3.9410858154296875,3,,,,132091,138001,132091,138001,True,True,False,False,True,138001.0,2.0,-2.043511390686035, 책,EXACT,OTHER,not_primary_class,True,False,1.0,OK
WIKIPEDIA,P2,72,1,2,2,NP_CROSS,CROSS_MORPHEME,자는,입자는,0,1.2688961029052734,2,,,,132343,132343,132343,132343,True,True,True,True,True,25715.0,2.0,-1.0675983428955078,자,WITHIN_SPLIT,OTHER,no_valid_adjacent_boundary,False,True,-1.0,OK
WIKIPEDIA,P2,73,34,1,93,NP_CROSS,CROSS_MORPHEME,자는,입자는,0,0.703877329826355,2,,,,132343,132343,132343,132343,True,True,True,True,True,25715.0,2.0,-1.8714743852615356,자,WITHIN_SPLIT,OTHER,no_valid_adjacent_boundary,False,True,-1.0,OK
WIKIPEDIA,P2,77,10,4,34,NP_CROSS,CROSS_MORPHEME, 것을,것을,0,1.40277099609375,1,,,,129337,129337,129337,129337,True,True,True,True,True,130037.0,2.0,-1.8656792640686035, 사실,EXACT,OTHER,not_primary_class,False,True,-1.0,OK
WIKIPEDIA,P2,77,21,3,71,NP_CROSS,CROSS_MORPHEME, 것을,것을,0,1.9335304498672485,1,,,,129337,129337,129337,129337,True,True,True,True,True,130037.0,2.0,-1.8789528608322144, 사실,EXACT,OTHER,not_primary_class,False,True,-1.0,OK
WIKIPEDIA,P2,84,19,1,60,NP_CROSS,CROSS_MORPHEME,기는,크기는,0,0.5286109447479248,2,,,,135854,135854,135854,135854,True,True,True,True,True,20487.0,2.0,-2.471442222595215,기,WITHIN_SPLIT,OTHER,no_valid_adjacent_boundary,False,True,-1.0,OK
WIKIPEDIA,P2,84,32,4,111,NP_CROSS,CROSS_MORPHEME,기는,크기는,0,0.05110322684049606,2,,,,135854,135854,135854,135854,True,True,True,True,True,20487.0,3.0,-6.523077487945557,기,WITHIN_SPLIT,OTHER,no_valid_adjacent_boundary,False,True,-1.0,OK
WIKIPEDIA,P2,87,12,1,37,NP_CROSS,CROSS_MORPHEME, 것을,것을,1,3.887741804122925,2,,,,129337,130037,129337,130037,True,True,False,False,True,92751.0,2.0,-1.9767314195632935, 관,EXACT,OTHER,not_primary_class,False,False,0.0,OK
WIKIPEDIA,P2,88,22,2,69,NP_CROSS,CROSS_MORPHEME, 것으로,것으로,1,3.2924110889434814,2,,,,132091,128900,132091,128900,True,True,False,False,True,129419.0,2.0,-2.4805939197540283, 두,EXACT,OTHER,not_primary_class,False,False,0.0,OK
WIKIPEDIA,P2,89,19,1,59,NP_CROSS,CROSS_MORPHEME,기는,크기는,0,0.7282490730285645,2,,,,135854,135854,135854,135854,True,True,True,True,True,20487.0,2.0,-1.9201645851135254,기,WITHIN_SPLIT,OTHER,no_valid_adjacent_boundary,False,True,-1.0,OK
WIKIPEDIA,P2,90,18,2,55,NP_CROSS,CROSS_MORPHEME,기를,세기를,0,1.0089954137802124,2,,,,131777,131777,131777,131777,True,True,True,True,True,20487.0,2.0,-0.7783557772636414,기,WITHIN_SPLIT,OTHER,no_valid_adjacent_boundary,False,True,-1.0,OK
WIKIPEDIA,P2,90,32,2,93,NP_CROSS,CROSS_MORPHEME,기는,크기는,0,1.3161110877990723,2,,,,135854,135854,135854,135854,True,True,True,True,True,20487.0,2.0,-1.2657318115234375,기,WITHIN_SPLIT,OTHER,no_valid_adjacent_boundary,False,True,-1.0,OK
WIKIPEDIA,P2,92,0,1,0,NP_CROSS,CROSS_MORPHEME,으로,으로,0,1.350584864616394,1,,,,42039,42039,42039,42039,True,True,True,True,True,17877.0,2.0,-1.9396512508392334,을,EXACT,OTHER,not_primary_class,False,True,-1.0,OK
WIKIPEDIA,P2,96,11,1,35,NP_CROSS,CROSS_MORPHEME,리를,원리를,1,0.7599990367889404,3,,,,133886,28002,133886,28002,True,True,False,False,True,28002.0,2.0,-1.12868070602417,리,WITHIN_SPLIT,OTHER,no_valid_adjacent_boundary,True,False,1.0,OK
WIKIPEDIA,P2,96,36,3,112,NP_CROSS,CROSS_MORPHEME,리를,원리를,0,0.007620993070304394,2,,,,133886,133886,133886,133886,True,True,True,True,True,28002.0,2.0,-7.625805854797363,리,WITHIN_SPLIT,OTHER,no_valid_adjacent_boundary,False,True,-1.0,OK
WIKIPEDIA,P2,97,5,1,15,NP_CROSS,CROSS_MORPHEME, 것으로,것으로,1,3.1219048500061035,2,,,,132091,128900,132091,128900,True,True,False,False,True,128900.0,2.0,-1.8642030954360962, 것이다,CROSS_MORPHEME,MULTI_BOUNDARY,crossed_boundary,True,False,1.0,OK
WIKIPEDIA,P2,100,0,3,2,NP_CROSS,CROSS_MORPHEME, 것을,것을,0,0.2270727902650833,1,,,,129337,129337,129337,129337,True,True,True,True,True,71108.0,3.0,-4.648250579833984, 것,EXACT,OTHER,not_primary_class,False,True,-1.0,OK
WIKIPEDIA,P2,103,12,3,31,NP_CROSS,CROSS_MORPHEME,자가,과학자가,0,1.1409850120544434,4,,,,130427,130427,130427,130427,True,True,True,True,True,25715.0,2.0,-0.8427304029464722,자,WITHIN_SPLIT,OTHER,no_valid_adjacent_boundary,False,True,-1.0,OK
WIKIPEDIA,P2,106,23,3,76,NP_CROSS,CROSS_MORPHEME,라는,앙카라는,0,0.7240479588508606,4,,,,129615,129615,129615,129615,True,True,True,True,True,50340.0,2.0,-0.8392208218574524,라,WITHIN_SPLIT,OTHER,no_valid_adjacent_boundary,False,True,-1.0,OK
WIKIPEDIA,P2,111,10,1,27,NP_CROSS,CROSS_MORPHEME,상을,물리학상을,0,0.9518862962722778,4,,,,136854,136854,136854,136854,True,True,True,True,True,55902.0,2.0,-0.8960132598876953,상,WITHIN_SPLIT,OTHER,no_valid_adjacent_boundary,False,True,-1.0,OK
WIKIPEDIA,P2,119,2,1,8,NP_CROSS,CROSS_MORPHEME,지는,에너지는,0,0.8654369711875916,3,,,,130974,130974,130974,130974,True,True,True,True,True,21329.0,2.0,-1.3744127750396729,지,WITHIN_SPLIT,OTHER,no_valid_adjacent_boundary,False,True,-1.0,OK
WIKIPEDIA,P2,119,13,4,49,NP_CROSS,CROSS_MORPHEME,지를,에너지를,0,0.2575186789035797,3,,,,133120,133120,133120,133120,True,True,True,True,True,21329.0,2.0,-2.6963460445404053,지,WITHIN_SPLIT,OTHER,no_valid_adjacent_boundary,False,True,-1.0,OK
WIKIPEDIA,P2,119,24,1,83,NP_CROSS,CROSS_MORPHEME,지를,에너지를,0,0.06407172232866287,3,,,,133120,133120,133120,133120,True,True,True,True,True,21329.0,2.0,-4.6201982498168945,지,WITHIN_SPLIT,OTHER,no_valid_adjacent_boundary,False,True,-1.0,OK
WIKIPEDIA,P2,119,26,2,92,NP_CROSS,CROSS_MORPHEME,지는,에너지는,0,0.9473243355751038,3,,,,130974,130974,130974,130974,True,True,True,True,True,21329.0,2.0,-1.3122146129608154,지,WITHIN_SPLIT,OTHER,no_valid_adjacent_boundary,False,True,-1.0,OK
WIKIPEDIA,P2,119,36,1,120,NP_CROSS,CROSS_MORPHEME,지는,에너지는,0,0.5253811478614807,3,,,,130974,130974,130974,130974,True,True,True,True,True,21329.0,2.0,-1.7228400707244873,지,WITHIN_SPLIT,OTHER,no_valid_adjacent_boundary,False,True,-1.0,OK
WIKIPEDIA,P2,125,31,3,95,NP_CROSS,CROSS_MORPHEME,장을,소장을,1,0.637506902217865,4,,,,137471,40853,137471,40853,True,True,False,False,True,40853.0,2.0,-1.2045159339904785,장,WITHIN_SPLIT,OTHER,no_valid_adjacent_boundary,True,False,1.0,OK
WIKIPEDIA,P2,132,43,4,120,NP_CROSS,CROSS_MORPHEME,기에,용기에,1,1.2753808498382568,4,,,,132264,20487,132264,20487,True,True,False,False,True,20487.0,2.0,-1.0315334796905518,기,WITHIN_SPLIT,OTHER,no_valid_adjacent_boundary,True,False,1.0,OK
WIKIPEDIA,P2,134,15,3,44,NP_CROSS,CROSS_MORPHEME,기를,표기를,0,0.10376244783401489,2,,,,131777,131777,131777,131777,True,True,True,True,True,20487.0,2.0,-4.251924991607666,기,WITHIN_SPLIT,OTHER,no_valid_adjacent_boundary,False,True,-1.0,OK
WIKIPEDIA,P2,136,5,2,17,NP_CROSS,CROSS_MORPHEME,지를,메시지를,0,0.5290704965591431,3,,,,133120,133120,133120,133120,True,True,True,True,True,21329.0,2.0,-1.7916791439056396,지,WITHIN_SPLIT,OTHER,no_valid_adjacent_boundary,False,True,-1.0,OK
WIKIPEDIA,P2,138,16,2,55,NP_CROSS,CROSS_MORPHEME, 것을,것을,0,0.4116101562976837,1,,,,129337,129337,129337,129337,True,True,True,True,True,128900.0,2.0,-4.653385639190674, 것이다,CROSS_MORPHEME,MULTI_BOUNDARY,crossed_boundary,False,True,-1.0,OK
WIKIPEDIA,P2,141,41,2,122,NP_CROSS,CROSS_MORPHEME, 것을,것을,0,0.37569233775138855,1,,,,129337,129337,129337,129337,True,True,True,True,True,125206.0,2.0,-4.988989353179932, 통,EXACT,OTHER,not_primary_class,False,True,-1.0,OK
WIKIPEDIA,P2,165,19,1,45,NP_CROSS,CROSS_MORPHEME,기는,크기는,1,1.2334411144256592,2,,,,135854,136125,135854,136125,True,True,False,False,True,20487.0,3.0,-1.6666209697723389,기,WITHIN_SPLIT,OTHER,no_valid_adjacent_boundary,False,False,0.0,OK
WIKIPEDIA,P2,165,39,4,116,NP_CROSS,CROSS_MORPHEME,기가,크기가,0,0.6308201551437378,2,,,,136125,136125,136125,136125,True,True,True,True,True,20487.0,3.0,-4.177306175231934,기,WITHIN_SPLIT,OTHER,no_valid_adjacent_boundary,False,True,-1.0,OK
WIKIPEDIA,P2,178,0,1,0,NP_CROSS,CROSS_MORPHEME,적으로,적으로는,1,2.9582314491271973,1,,,,128552,128533,128552,128533,True,True,False,False,True,80968.0,3.0,-2.2746646404266357,적,EXACT,OTHER,not_primary_class,False,False,0.0,OK
WIKIPEDIA,P2,193,3,1,7,NP_CROSS,CROSS_MORPHEME, 것이,것이,1,3.8972997665405273,2,,,,128584,5140,128584,5140,True,True,False,False,True,49052.0,2.0,-2.079226016998291, 경우,EXACT,OTHER,not_primary_class,False,False,0.0,OK
WIKIPEDIA,P2,195,4,2,16,NP_CROSS,CROSS_MORPHEME,리는,공리는,0,0.9241738319396973,2,,,,132920,132920,132920,132920,True,True,True,True,True,28002.0,2.0,-0.8415586948394775,리,WITHIN_SPLIT,OTHER,no_valid_adjacent_boundary,False,True,-1.0,OK
WIKIPEDIA,P2,195,12,3,38,NP_CROSS,CROSS_MORPHEME, 것은,것은,1,3.2134416103363037,2,,,,129274,49052,129274,49052,True,True,False,False,True,130974.0,3.0,-2.2150001525878906,지는,CROSS_MORPHEME,OTHER,crossed_boundary,False,False,0.0,OK
WIKIPEDIA,P2,195,20,2,61,NP_CROSS,CROSS_MORPHEME, 것은,것은,1,3.3844692707061768,2,,,,129274,125466,129274,125466,True,True,False,False,True,125466.0,2.0,-1.6263242959976196, 공,EXACT,OTHER,not_primary_class,True,False,1.0,OK
WIKIPEDIA,P2,195,21,1,62,NP_CROSS,CROSS_MORPHEME,리는,공리는,0,0.6652733087539673,2,,,,132920,132920,132920,132920,True,True,True,True,True,28002.0,2.0,-1.4185150861740112,리,WITHIN_SPLIT,OTHER,no_valid_adjacent_boundary,False,True,-1.0,OK
WIKIPEDIA,P2,195,39,1,113,NP_CROSS,CROSS_MORPHEME,리는,공리는,0,0.39288216829299927,2,,,,132920,132920,132920,132920,True,True,True,True,True,28002.0,2.0,-2.247093677520752,리,WITHIN_SPLIT,OTHER,no_valid_adjacent_boundary,False,True,-1.0,OK
WIKIPEDIA,P2,198,6,4,18,NP_CROSS,CROSS_MORPHEME, 것을,것을,0,3.453920841217041,1,,,,129337,129337,129337,129337,True,True,True,True,True,71108.0,4.0,-2.588850736618042, 것,EXACT,OTHER,not_primary_class,False,True,-1.0,OK
WIKIPEDIA,P2,198,11,3,34,NP_CROSS,CROSS_MORPHEME, 것을,것을,0,3.197645664215088,1,,,,129337,129337,129337,129337,True,True,True,True,True,71108.0,4.0,-2.8781065940856934, 것,EXACT,OTHER,not_primary_class,False,True,-1.0,OK
WIKIPEDIA,P2,198,15,3,50,NP_CROSS,CROSS_MORPHEME, 것을,것을,0,0.6519327163696289,1,,,,129337,129337,129337,129337,True,True,True,True,True,71108.0,2.0,-4.129238605499268, 것,EXACT,OTHER,not_primary_class,False,True,-1.0,OK
WIKIPEDIA,P2,198,19,3,66,NP_CROSS,CROSS_MORPHEME, 것을,것을,0,0.05951453372836113,1,,,,129337,129337,129337,129337,True,True,True,True,True,71108.0,2.0,-6.459490776062012, 것,EXACT,OTHER,not_primary_class,False,True,-1.0,OK
WIKIPEDIA,P2,198,23,3,82,NP_CROSS,CROSS_MORPHEME, 것을,것을,0,0.005847828928381205,1,,,,129337,129337,129337,129337,True,True,True,True,True,71108.0,2.0,-8.688016891479492, 것,EXACT,OTHER,not_primary_class,False,True,-1.0,OK
WIKIPEDIA,P2,198,27,3,98,NP_CROSS,CROSS_MORPHEME, 것을,것을,0,0.0020813941955566406,1,,,,129337,129337,129337,129337,True,True,True,True,True,71108.0,2.0,-9.781421661376953, 것,EXACT,OTHER,not_primary_class,False,True,-1.0,OK
WIKIPEDIA,P2,198,31,3,114,NP_CROSS,CROSS_MORPHEME, 것을,것을,0,0.0010840892791748047,1,,,,129337,129337,129337,129337,True,True,True,True,True,71108.0,2.0,-10.328210830688477, 것,EXACT,OTHER,not_primary_class,False,True,-1.0,OK
WIKIPEDIA,P2,202,5,3,15,NP_CROSS,CROSS_MORPHEME,인이,중국인이,1,1.1999919414520264,3,,,,135227,31328,135227,31328,True,True,False,False,True,31328.0,2.0,-0.837462306022644,인,WITHIN_SPLIT,OTHER,no_valid_adjacent_boundary,True,False,1.0,OK
WIKIPEDIA,P2,202,18,3,52,NP_CROSS,CROSS_MORPHEME, 사람이,사람이,0,1.2188178300857544,1,,,,133166,133166,133166,133166,True,True,True,True,True,124889.0,2.0,-1.5104814767837524, 사람,EXACT,OTHER,not_primary_class,False,True,-1.0,OK
WIKIPEDIA,P2,202,26,1,77,NP_CROSS,CROSS_MORPHEME, 때문에,"때문에,",0,0.7475977540016174,2,,,,129147,129147,129147,129147,True,True,True,True,True,137141.0,2.0,-2.2868080139160156, 때문이다,CROSS_MORPHEME,MULTI_BOUNDARY,crossed_boundary,False,True,-1.0,OK
WIKIPEDIA,P2,202,28,1,85,NP_CROSS,CROSS_MORPHEME, 사람이,사람이,0,0.4776383638381958,1,,,,133166,133166,133166,133166,True,True,True,True,True,124889.0,2.0,-2.6123032569885254, 사람,EXACT,OTHER,not_primary_class,False,True,-1.0,OK
WIKIPEDIA,P2,203,14,1,38,NP_CROSS,CROSS_MORPHEME, 것으로,것으로,0,1.0097270011901855,1,,,,132091,132091,132091,132091,True,True,True,True,True,128900.0,2.0,-2.875035285949707, 것이다,CROSS_MORPHEME,MULTI_BOUNDARY,crossed_boundary,False,True,-1.0,OK
WIKIPEDIA,P2,204,6,2,17,NP_CROSS,CROSS_MORPHEME,기는,단말기는,0,0.9227867126464844,3,,,,135854,135854,135854,135854,True,True,True,True,True,20487.0,2.0,-1.0968589782714844,기,WITHIN_SPLIT,OTHER,no_valid_adjacent_boundary,False,True,-1.0,OK
WIKIPEDIA,P2,204,12,4,42,NP_CROSS,CROSS_MORPHEME, 것을,것을,0,2.407531261444092,1,,,,129337,129337,129337,129337,True,True,True,True,True,55673.0,2.0,-2.8135428428649902, 주,EXACT,OTHER,not_primary_class,False,True,-1.0,OK
WIKIPEDIA,P2,204,27,2,100,NP_CROSS,CROSS_MORPHEME,기는,단말기는,0,0.7997266054153442,3,,,,135854,135854,135854,135854,True,True,True,True,True,20487.0,2.0,-1.6910773515701294,기,WITHIN_SPLIT,OTHER,no_valid_adjacent_boundary,False,True,-1.0,OK
WIKIPEDIA,P2,204,33,3,125,NP_CROSS,CROSS_MORPHEME, 것을,것을,0,0.26618608832359314,1,,,,129337,129337,129337,129337,True,True,True,True,True,128900.0,3.0,-4.709451198577881, 것이다,CROSS_MORPHEME,MULTI_BOUNDARY,crossed_boundary,False,True,-1.0,OK
WIKIPEDIA,P2,205,1,2,5,NP_CROSS,CROSS_MORPHEME, 것은,것은,0,2.1192994117736816,1,,,,129274,129274,129274,129274,True,True,True,True,True,44518.0,3.0,-2.3953099250793457, 시,EXACT,OTHER,not_primary_class,False,True,-1.0,OK
WIKIPEDIA,P2,206,9,1,29,NP_CROSS,CROSS_MORPHEME, 것을,것을,1,2.516951560974121,2,,,,129337,128900,129337,128900,True,True,False,False,True,128900.0,2.0,-1.4559392929077148, 것이다,CROSS_MORPHEME,MULTI_BOUNDARY,crossed_boundary,True,False,1.0,OK
WIKIPEDIA,P2,208,5,1,13,NP_CROSS,CROSS_MORPHEME, 것으로,것으로,1,3.06697416305542,2,,,,132091,128900,132091,128900,True,True,False,False,True,128900.0,2.0,-1.4621435403823853, 것이다,CROSS_MORPHEME,MULTI_BOUNDARY,crossed_boundary,True,False,1.0,OK
WIKIPEDIA,P2,209,26,1,76,NP_CROSS,CROSS_MORPHEME,자가,전자가,0,0.0166342593729496,2,,,,130427,130427,130427,130427,True,True,True,True,True,25715.0,4.0,-7.751873016357422,자,WITHIN_SPLIT,OTHER,no_valid_adjacent_boundary,False,True,-1.0,OK
WIKIPEDIA,P2,209,37,1,120,NP_CROSS,CROSS_MORPHEME,자가,전자가,0,0.009155411273241043,2,,,,130427,130427,130427,130427,True,True,True,True,True,25715.0,4.0,-8.750967979431152,자,WITHIN_SPLIT,OTHER,no_valid_adjacent_boundary,False,True,-1.0,OK
WIKIPEDIA,P2,210,21,3,57,NP_CROSS,CROSS_MORPHEME, 것을,것을,0,4.389069080352783,1,,,,129337,129337,129337,129337,True,True,True,True,True,58677.0,2.0,-2.6826210021972656, 인,EXACT,OTHER,not_primary_class,False,True,-1.0,OK
WIKIPEDIA,P2,210,31,1,92,NP_CROSS,CROSS_MORPHEME, 것을,것을,0,1.6694157123565674,1,,,,129337,129337,129337,129337,True,True,True,True,True,71108.0,4.0,-3.928938627243042, 것,EXACT,OTHER,not_primary_class,False,True,-1.0,OK
WIKIPEDIA,P2,210,39,4,127,NP_CROSS,CROSS_MORPHEME, 것을,것을,0,0.010698376223444939,1,,,,129337,129337,129337,129337,True,True,True,True,True,71108.0,2.0,-8.079157829284668, 것,EXACT,OTHER,not_primary_class,False,True,-1.0,OK
WIKIPEDIA,P2,212,0,3,2,NP_CROSS,CROSS_MORPHEME,자는,원자는,1,1.2638447284698486,4,,,,132343,25715,132343,25715,True,True,False,False,True,25715.0,2.0,-1.0878050327301025,자,WITHIN_SPLIT,OTHER,no_valid_adjacent_boundary,True,False,1.0,OK
WIKIPEDIA,P2,212,7,4,24,NP_CROSS,CROSS_MORPHEME,자는,양성자는,1,1.087507963180542,4,,,,132343,25715,132343,25715,True,True,False,False,True,25715.0,2.0,-0.9576870799064636,자,WITHIN_SPLIT,OTHER,no_valid_adjacent_boundary,True,False,1.0,OK
WIKIPEDIA,P2,212,9,3,28,NP_CROSS,CROSS_MORPHEME,자의,원자의,0,1.1442670822143555,2,,,,131958,131958,131958,131958,True,True,True,True,True,43590.0,2.0,-1.266278624534607,소,WITHIN_SPLIT,OTHER,no_valid_adjacent_boundary,False,True,-1.0,OK
WIKIPEDIA,P2,227,42,1,114,NP_CROSS,CROSS_MORPHEME, 값을,값을,0,0.18422669172286987,1,,,,93668,93668,93668,93668,True,True,True,True,True,45563.0,2.0,-3.5652811527252197, 값,EXACT,OTHER,not_primary_class,False,True,-1.0,OK
WIKIPEDIA,P2,236,14,3,40,NP_CROSS,CROSS_MORPHEME, 이를,이를,0,1.945184588432312,1,,,,136342,136342,136342,136342,True,True,True,True,True,23084.0,2.0,-2.159696102142334, 이,EXACT,OTHER,not_primary_class,False,True,-1.0,OK
WIKIPEDIA,P2,239,26,2,78,NP_CROSS,CROSS_MORPHEME,장을,시장을,0,0.4914914667606354,2,,,,137471,137471,137471,137471,True,True,True,True,True,40853.0,2.0,-1.7294230461120605,장,WITHIN_SPLIT,OTHER,no_valid_adjacent_boundary,False,True,-1.0,OK
WIKIPEDIA,P2,242,25,3,72,NP_CROSS,CROSS_MORPHEME, 것은,것은,0,1.7021484375,1,,,,129274,129274,129274,129274,True,True,True,True,True,64577.0,2.0,-1.885056734085083, 자,EXACT,OTHER,not_primary_class,False,True,-1.0,OK
WIKIPEDIA,P2,242,37,2,112,NP_CROSS,CROSS_MORPHEME, 것은,것은,0,2.002763271331787,1,,,,129274,129274,129274,129274,True,True,True,True,True,64577.0,2.0,-1.6318765878677368, 자,EXACT,OTHER,not_primary_class,False,True,-1.0,OK
WIKIPEDIA,P2,253,12,4,36,NP_CROSS,CROSS_MORPHEME, 것을,것을,0,3.7974486351013184,1,,,,129337,129337,129337,129337,True,True,True,True,True,71108.0,2.0,-2.6607513427734375, 것,EXACT,OTHER,not_primary_class,False,True,-1.0,OK
WIKIPEDIA,P2,253,17,1,53,NP_CROSS,CROSS_MORPHEME, 것을,것을,0,1.0040297508239746,1,,,,129337,129337,129337,129337,True,True,True,True,True,71108.0,2.0,-3.781407594680786, 것,EXACT,OTHER,not_primary_class,False,True,-1.0,OK
WIKIPEDIA,P2,253,21,2,70,NP_CROSS,CROSS_MORPHEME, 것을,것을,0,0.04025052860379219,1,,,,129337,129337,129337,129337,True,True,True,True,True,71108.0,2.0,-6.644994735717773, 것,EXACT,OTHER,not_primary_class,False,True,-1.0,OK
WIKIPEDIA,P2,253,25,3,87,NP_CROSS,CROSS_MORPHEME, 것을,것을,0,0.01156989112496376,1,,,,129337,129337,129337,129337,True,True,True,True,True,71108.0,2.0,-7.813657760620117, 것,EXACT,OTHER,not_primary_class,False,True,-1.0,OK
WIKIPEDIA,P2,253,29,4,104,NP_CROSS,CROSS_MORPHEME, 것을,것을,0,0.004734191112220287,1,,,,129337,129337,129337,129337,True,True,True,True,True,71108.0,2.0,-8.672307014465332, 것,EXACT,OTHER,not_primary_class,False,True,-1.0,OK
WIKIPEDIA,P2,253,34,1,121,NP_CROSS,CROSS_MORPHEME, 것을,것을,0,0.002971619600430131,1,,,,129337,129337,129337,129337,True,True,True,True,True,71108.0,2.0,-9.031517028808594, 것,EXACT,OTHER,not_primary_class,False,True,-1.0,OK
WIKIPEDIA,P2,255,2,1,6,NP_CROSS,CROSS_MORPHEME, 등의,등의,1,2.4530625343322754,2,,,,136357,11,136357,11,True,True,False,False,True,11.0,2.0,-1.6791746616363525,",",EXACT,OTHER,not_primary_class,True,False,1.0,OK
WIKIPEDIA,P2,255,4,1,8,NP_CROSS,CROSS_MORPHEME, 등의,등의,1,1.955254316329956,2,,,,136357,11,136357,11,True,True,False,False,True,11.0,2.0,-1.736092209815979,",",EXACT,OTHER,not_primary_class,True,False,1.0,OK
WIKIPEDIA,P2,255,12,4,25,NP_CROSS,CROSS_MORPHEME, 등의,등의,1,2.9299941062927246,5,,,,136357,11,136357,11,True,True,False,False,True,11.0,2.0,-1.5579121112823486,",",EXACT,OTHER,not_primary_class,True,False,1.0,OK
WIKIPEDIA,P2,255,23,4,50,NP_CROSS,CROSS_MORPHEME, 등의,등의,1,2.447396755218506,6,,,,136357,11,136357,11,True,True,False,False,True,11.0,2.0,-1.308641791343689,",",EXACT,OTHER,not_primary_class,True,False,1.0,OK
WIKIPEDIA,P2,260,18,1,62,NP_CROSS,CROSS_MORPHEME, 일을,일을,0,0.31614649295806885,1,,,,138507,138507,138507,138507,True,True,True,True,True,83556.0,2.0,-3.6444931030273438, 일,EXACT,OTHER,not_primary_class,False,True,-1.0,OK
WIKIPEDIA,P2,260,23,2,83,NP_CROSS,CROSS_MORPHEME, 일을,일을,0,0.0599999725818634,1,,,,138507,138507,138507,138507,True,True,True,True,True,83556.0,2.0,-4.96204137802124, 일,EXACT,OTHER,not_primary_class,False,True,-1.0,OK
WIKIPEDIA,P2,260,28,3,104,NP_CROSS,CROSS_MORPHEME, 일을,일을,0,0.028039660304784775,1,,,,138507,138507,138507,138507,True,True,True,True,True,83556.0,2.0,-5.597781658172607, 일,EXACT,OTHER,not_primary_class,False,True,-1.0,OK
WIKIPEDIA,P2,260,33,4,125,NP_CROSS,CROSS_MORPHEME, 일을,일을,0,0.03043142892420292,1,,,,138507,138507,138507,138507,True,True,True,True,True,83556.0,2.0,-5.457665920257568, 일,EXACT,OTHER,not_primary_class,False,True,-1.0,OK
WIKIPEDIA,P2,263,19,2,62,NP_CROSS,CROSS_MORPHEME, 것으로,것으로,0,1.7337603569030762,1,,,,132091,132091,132091,132091,True,True,True,True,True,71108.0,2.0,-4.21610164642334, 것,EXACT,OTHER,not_primary_class,False,True,-1.0,OK
WIKIPEDIA,P2,264,9,2,24,NP_CROSS,CROSS_MORPHEME,지는,아버지는,0,0.944318413734436,3,,,,130974,130974,130974,130974,True,True,True,True,True,21329.0,2.0,-0.9672064185142517,지,WITHIN_SPLIT,OTHER,no_valid_adjacent_boundary,False,True,-1.0,OK
WIKIPEDIA,P2,266,5,1,10,NP_CROSS,CROSS_MORPHEME, 것으로,것으로,1,4.8157806396484375,1,,,,132091,135392,132091,135392,True,True,False,False,True,71108.0,2.0,-2.8190081119537354, 것,EXACT,OTHER,not_primary_class,False,False,0.0,OK
WIKIPEDIA,P2,268,7,4,24,NP_CROSS,CROSS_MORPHEME,리는,소정리는,0,0.8791413307189941,3,,,,132920,132920,132920,132920,True,True,True,True,True,28002.0,2.0,-1.0514456033706665,리,WITHIN_SPLIT,OTHER,no_valid_adjacent_boundary,False,True,-1.0,OK
WIKIPEDIA,P2,268,32,1,96,NP_CROSS,CROSS_MORPHEME,리는,소정리는,0,0.732250452041626,3,,,,132920,132920,132920,132920,True,True,True,True,True,28002.0,2.0,-1.4602972269058228,리,WITHIN_SPLIT,OTHER,no_valid_adjacent_boundary,False,True,-1.0,OK
WIKIPEDIA,P2,272,18,2,51,NP_CROSS,CROSS_MORPHEME, 등을,등을,0,2.3541131019592285,1,,,,134454,134454,134454,134454,True,True,True,True,True,18411.0,2.0,-1.6921594142913818,를,EXACT,OTHER,not_primary_class,False,True,-1.0,OK
WIKIPEDIA,P2,280,18,2,42,NP_CROSS,CROSS_MORPHEME, 것으로,"것으로,",1,4.519802570343018,8+,,,,132091,330,132091,330,True,True,False,False,True,137116.0,3.0,-2.705622673034668, 영화,EXACT,OTHER,not_primary_class,False,False,0.0,OK
WIKIPEDIA,P2,280,26,1,55,NP_CROSS,CROSS_MORPHEME, 것으로,것으로,1,3.034390926361084,2,,,,132091,128900,132091,128900,True,True,False,False,True,128900.0,2.0,-2.1904444694519043, 것이다,CROSS_MORPHEME,MULTI_BOUNDARY,crossed_boundary,True,False,1.0,OK
WIKIPEDIA,P2,282,15,2,47,NP_CROSS,CROSS_MORPHEME,지는,아버지는,0,1.070984125137329,3,,,,130974,130974,130974,130974,True,True,True,True,True,21329.0,2.0,-1.3643702268600464,지,WITHIN_SPLIT,OTHER,no_valid_adjacent_boundary,False,True,-1.0,OK
WIKIPEDIA,P2,287,1,2,2,NP_CROSS,CROSS_MORPHEME,수가,개수가,0,0.7335662245750427,2,,,,135444,135444,135444,135444,True,True,True,True,True,23259.0,2.0,-0.7134115099906921,수,WITHIN_SPLIT,OTHER,no_valid_adjacent_boundary,False,True,-1.0,OK
WIKIPEDIA,P2,288,18,2,64,NP_CROSS,CROSS_MORPHEME,리는,요리는,1,0.7618763446807861,2,,,,132920,28002,132920,28002,True,True,False,False,True,28002.0,2.0,-0.9246468544006348,리,WITHIN_SPLIT,OTHER,no_valid_adjacent_boundary,True,False,1.0,OK
WIKIPEDIA,P2,289,10,1,23,NP_CROSS,CROSS_MORPHEME,리는,요리는,1,0.837836503982544,3,,,,132920,28002,132920,28002,True,True,False,False,True,28002.0,2.0,-0.9419141411781311,리,WITHIN_SPLIT,OTHER,no_valid_adjacent_boundary,True,False,1.0,OK
WIKIPEDIA,P2,291,3,3,7,NP_CROSS,CROSS_MORPHEME, 것이,것이,1,4.2582197189331055,4,,,,128584,37195,128584,37195,True,True,False,False,True,128900.0,2.0,-2.3003990650177, 것이다,CROSS_MORPHEME,MULTI_BOUNDARY,crossed_boundary,False,False,0.0,OK
WIKIPEDIA,P2,297,7,1,18,NP_CROSS,CROSS_MORPHEME, 것으로,"것으로,",1,4.593459129333496,2,,,,132091,86034,132091,86034,True,True,False,False,True,86034.0,2.0,-2.282808780670166, 이름,EXACT,OTHER,not_primary_class,True,False,1.0,OK
WIKIPEDIA,P2,299,17,3,53,NP_CROSS,CROSS_MORPHEME,기는,크기는,0,1.296454668045044,2,,,,135854,135854,135854,135854,True,True,True,True,True,20487.0,2.0,-1.2318718433380127,기,WITHIN_SPLIT,OTHER,no_valid_adjacent_boundary,False,True,-1.0,OK
WIKIPEDIA,P2,302,7,3,19,NP_CROSS,CROSS_MORPHEME,수가,계수가,0,0.4067491292953491,2,,,,135444,135444,135444,135444,True,True,True,True,True,23259.0,2.0,-1.977568507194519,수,WITHIN_SPLIT,OTHER,no_valid_adjacent_boundary,False,True,-1.0,OK
WIKIPEDIA,P2,302,23,1,74,NP_CROSS,CROSS_MORPHEME,수가,계수가,0,0.22218745946884155,2,,,,135444,135444,135444,135444,True,True,True,True,True,23259.0,2.0,-2.856266498565674,수,WITHIN_SPLIT,OTHER,no_valid_adjacent_boundary,False,True,-1.0,OK
WIKIPEDIA,P2,306,5,1,14,NP_CROSS,CROSS_MORPHEME,사를,역사를,0,0.2529420554637909,2,,,,134445,134445,134445,134445,True,True,True,True,True,65306.0,3.0,-5.564668655395508,경,WITHIN_SPLIT,OTHER,no_valid_adjacent_boundary,False,True,-1.0,OK
WIKIPEDIA,P2,306,34,1,111,NP_CROSS,CROSS_MORPHEME,사를,역사를,0,0.07695609331130981,2,,,,134445,134445,134445,134445,True,True,True,True,True,28754.0,5.0,-7.7746405601501465,력,WITHIN_SPLIT,OTHER,no_valid_adjacent_boundary,False,True,-1.0,OK
WIKIPEDIA,P2,307,11,1,15,NP_CROSS,CROSS_MORPHEME, 것으로,"것으로,",0,2.994962453842163,2,,,,132091,132091,132091,132091,True,True,True,True,True,128900.0,2.0,-2.526887893676758, 것이다,CROSS_MORPHEME,MULTI_BOUNDARY,crossed_boundary,False,True,-1.0,OK
WIKIPEDIA,P2,308,10,2,33,NP_CROSS,CROSS_MORPHEME,점을,초점을,0,0.5285454392433167,2,,,,138913,138913,138913,138913,True,True,True,True,True,126333.0,2.0,-1.59013831615448,점,WITHIN_SPLIT,OTHER,no_valid_adjacent_boundary,False,True,-1.0,OK
WIKIPEDIA,P2,308,15,4,55,NP_CROSS,CROSS_MORPHEME,점을,초점을,0,0.15707829594612122,2,,,,138913,138913,138913,138913,True,True,True,True,True,126333.0,2.0,-3.3333005905151367,점,WITHIN_SPLIT,OTHER,no_valid_adjacent_boundary,False,True,-1.0,OK
WIKIPEDIA,P2,309,14,3,48,NP_CROSS,CROSS_MORPHEME,력을,능력을,0,0.4807150959968567,3,,,,135818,135818,135818,135818,True,True,True,True,True,28754.0,2.0,-1.767877459526062,력,WITHIN_SPLIT,OTHER,no_valid_adjacent_boundary,False,True,-1.0,OK
WIKIPEDIA,P2,309,26,2,94,NP_CROSS,CROSS_MORPHEME,자는,우승자는,0,0.7228326201438904,3,,,,132343,132343,132343,132343,True,True,True,True,True,25715.0,2.0,-2.178476333618164,자,WITHIN_SPLIT,OTHER,no_valid_adjacent_boundary,False,True,-1.0,OK
WIKIPEDIA,P2,309,33,1,120,NP_CROSS,CROSS_MORPHEME,자는,우승자는,0,0.41108936071395874,3,,,,132343,132343,132343,132343,True,True,True,True,True,25715.0,2.0,-2.8123602867126465,자,WITHIN_SPLIT,OTHER,no_valid_adjacent_boundary,False,True,-1.0,OK
WIKIPEDIA,P2,310,0,1,0,NP_CROSS,CROSS_MORPHEME, 때문에,"때문에,",0,0.5393010377883911,1,,,,129147,129147,129147,129147,True,True,True,True,True,137141.0,2.0,-2.079829216003418, 때문이다,CROSS_MORPHEME,MULTI_BOUNDARY,crossed_boundary,False,True,-1.0,OK
WIKIPEDIA,P2,311,5,3,18,NP_CROSS,CROSS_MORPHEME, 것을,것을,0,0.47536468505859375,1,,,,129337,129337,129337,129337,True,True,True,True,True,71108.0,2.0,-3.64316463470459, 것,EXACT,OTHER,not_primary_class,False,True,-1.0,OK
WIKIPEDIA,P2,312,20,1,51,NP_CROSS,CROSS_MORPHEME,기를,인기를,0,1.0468703508377075,2,,,,131777,131777,131777,131777,True,True,True,True,True,20487.0,2.0,-2.00188946723938,기,WITHIN_SPLIT,OTHER,no_valid_adjacent_boundary,False,True,-1.0,OK
WIKIPEDIA,P2,312,28,1,75,NP_CROSS,CROSS_MORPHEME,기가,인기가,0,1.2560453414916992,2,,,,136125,136125,136125,136125,True,True,True,True,True,20487.0,4.0,-2.775139331817627,기,WITHIN_SPLIT,OTHER,no_valid_adjacent_boundary,False,True,-1.0,OK
WIKIPEDIA,P2,312,35,1,91,NP_CROSS,CROSS_MORPHEME,기를,인기를,0,1.4871070384979248,2,,,,131777,131777,131777,131777,True,True,True,True,True,20487.0,3.0,-2.014261245727539,기,WITHIN_SPLIT,OTHER,no_valid_adjacent_boundary,False,True,-1.0,OK
WIKIPEDIA,P2,316,0,1,0,NP_CROSS,CROSS_MORPHEME,으로,으로,0,0.12111525237560272,1,,,,42039,42039,42039,42039,True,True,True,True,True,20401.0,3.0,-6.56068229675293,의,EXACT,OTHER,not_primary_class,False,True,-1.0,OK
WIKIPEDIA,P2,321,32,2,80,NP_CROSS,CROSS_MORPHEME,자가,수상자가,1,1.0765174627304077,4,,,,130427,25715,130427,25715,True,True,False,False,True,25715.0,2.0,-1.8696424961090088,자,WITHIN_SPLIT,OTHER,no_valid_adjacent_boundary,True,False,1.0,OK
WIKIPEDIA,P2,321,39,3,100,NP_CROSS,CROSS_MORPHEME,자가,수상자가,0,0.7776013016700745,3,,,,130427,130427,130427,130427,True,True,True,True,True,25715.0,2.0,-1.9138003587722778,자,WITHIN_SPLIT,OTHER,no_valid_adjacent_boundary,False,True,-1.0,OK
WIKIPEDIA,P2,321,44,2,113,NP_CROSS,CROSS_MORPHEME,자가,수상자가,0,1.6483219861984253,3,,,,130427,130427,130427,130427,True,True,True,True,True,25715.0,2.0,-1.5348591804504395,자,WITHIN_SPLIT,OTHER,no_valid_adjacent_boundary,False,True,-1.0,OK
WIKIPEDIA,P2,326,10,1,32,NP_CROSS,CROSS_MORPHEME,자의,분자의,0,1.0980465412139893,2,,,,131958,131958,131958,131958,True,True,True,True,True,25715.0,2.0,-0.9572575092315674,자,WITHIN_SPLIT,OTHER,no_valid_adjacent_boundary,False,True,-1.0,OK
WIKIPEDIA,P2,329,3,2,9,NP_CROSS,CROSS_MORPHEME,힘이,힘이,0,0.688002347946167,3,,,,62618,62618,62618,62618,True,True,True,True,True,246.0,2.0,-0.9377826452255249,힘,EXACT,OTHER,not_primary_class,False,True,-1.0,OK
WIKIPEDIA,P2,336,22,3,90,NP_CROSS,CROSS_MORPHEME,험이,실험이,0,0.24929814040660858,3,,,,62618,62618,62618,62618,True,True,True,True,True,246.0,2.0,-2.724797010421753,험,WITHIN_SPLIT,OTHER,no_valid_adjacent_boundary,False,True,-1.0,OK
WIKIPEDIA,P2,338,3,3,8,NP_CROSS,CROSS_MORPHEME, 것을,것을,0,3.696500301361084,1,,,,129337,129337,129337,129337,True,True,True,True,True,71108.0,2.0,-2.0888900756835938, 것,EXACT,OTHER,not_primary_class,False,True,-1.0,OK
WIKIPEDIA,P2,338,9,1,24,NP_CROSS,CROSS_MORPHEME,리를,원리를,1,1.2215464115142822,3,,,,133886,31328,133886,31328,True,True,False,False,True,28002.0,2.0,-0.9000762104988098,리,WITHIN_SPLIT,OTHER,no_valid_adjacent_boundary,False,False,0.0,OK
WIKIPEDIA,P2,339,16,3,48,NP_CROSS,CROSS_MORPHEME,인이,요인이,1,0.9984350204467773,3,,,,135227,43590,135227,43590,True,True,False,False,True,31328.0,2.0,-0.975807785987854,인,WITHIN_SPLIT,OTHER,no_valid_adjacent_boundary,False,False,0.0,OK
WIKIPEDIA,P2,339,35,1,106,NP_CROSS,CROSS_MORPHEME, 것을,것을,1,2.9183053970336914,2,,,,129337,98801,129337,98801,True,True,False,False,True,98801.0,2.0,-1.849653720855713, 결과,EXACT,OTHER,not_primary_class,True,False,1.0,OK
WIKIPEDIA,P2,340,0,1,0,NP_CROSS,CROSS_MORPHEME,적으로,적으로,0,0.11366556584835052,1,,,,128552,128552,128552,128552,True,True,True,True,True,80968.0,2.0,-4.5489726066589355,적,EXACT,OTHER,not_primary_class,False,True,-1.0,OK
WIKIPEDIA,P2,342,2,3,4,NP_CROSS,CROSS_MORPHEME,자는,유전자는,1,0.8559581637382507,3,,,,132343,131958,132343,131958,True,True,False,False,True,128909.0,5.0,-6.402618885040283,형,WITHIN_SPLIT,OTHER,no_valid_adjacent_boundary,False,False,0.0,OK
WIKIPEDIA,P2,342,6,3,15,NP_CROSS,CROSS_MORPHEME,자는,유전자는,0,1.0161422491073608,3,,,,132343,132343,132343,132343,True,True,True,True,True,128909.0,5.0,-5.560887336730957,형,WITHIN_SPLIT,OTHER,no_valid_adjacent_boundary,False,True,-1.0,OK
WIKIPEDIA,P2,342,11,4,34,NP_CROSS,CROSS_MORPHEME,자는,유전자는,1,1.8497016429901123,3,,,,132343,131958,132343,131958,True,True,False,False,True,128909.0,4.0,-3.2121479511260986,형,WITHIN_SPLIT,OTHER,no_valid_adjacent_boundary,False,False,0.0,OK
WIKIPEDIA,P2,342,14,1,40,NP_CROSS,CROSS_MORPHEME,자의,유전자의,0,2.5608973503112793,3,,,,131958,131958,131958,131958,True,True,True,True,True,128909.0,3.0,-2.408782958984375,형,EXACT,OTHER,not_primary_class,False,True,-1.0,OK
WIKIPEDIA,P2,342,17,4,52,NP_CROSS,CROSS_MORPHEME,자는,유전자는,0,1.070063829421997,3,,,,132343,132343,132343,132343,True,True,True,True,True,49543.0,5.0,-5.6182661056518555,체,WITHIN_SPLIT,OTHER,no_valid_adjacent_boundary,False,True,-1.0,OK
WIKIPEDIA,P2,342,18,3,55,NP_CROSS,CROSS_MORPHEME,자의,유전자의,1,3.4484903812408447,5,,,,131958,128909,131958,128909,True,True,False,False,True,128909.0,2.0,-1.8293709754943848,형,EXACT,OTHER,not_primary_class,True,False,1.0,OK
WIKIPEDIA,P2,342,23,4,71,NP_CROSS,CROSS_MORPHEME,자의,유전자의,0,1.323469877243042,3,,,,131958,131958,131958,131958,True,True,True,True,True,128909.0,3.0,-3.0622217655181885,형,EXACT,OTHER,not_primary_class,False,True,-1.0,OK
WIKIPEDIA,P2,342,27,4,84,NP_CROSS,CROSS_MORPHEME,자는,유전자는,0,1.4025323390960693,3,,,,132343,132343,132343,132343,True,True,True,True,True,128909.0,2.0,-1.5704622268676758,형,WITHIN_SPLIT,OTHER,no_valid_adjacent_boundary,False,True,-1.0,OK
WIKIPEDIA,P2,342,32,3,103,NP_CROSS,CROSS_MORPHEME,자의,유전자의,0,0.03078257478773594,3,,,,131958,131958,131958,131958,True,True,True,True,True,20401.0,3.0,-7.847944736480713,의,EXACT,OTHER,not_primary_class,False,True,-1.0,OK
WIKIPEDIA,P2,342,35,4,116,NP_CROSS,CROSS_MORPHEME,자는,유전자는,0,1.1305876970291138,3,,,,132343,132343,132343,132343,True,True,True,True,True,128909.0,3.0,-2.241283893585205,형,WITHIN_SPLIT,OTHER,no_valid_adjacent_boundary,False,True,-1.0,OK
WIKIPEDIA,P2,355,7,3,24,NP_CROSS,CROSS_MORPHEME,기는,태극기는,1,1.4182918071746826,4,,,,135854,20487,135854,20487,True,True,False,False,True,20487.0,2.0,-0.9238445162773132,기,WITHIN_SPLIT,OTHER,no_valid_adjacent_boundary,True,False,1.0,OK
WIKIPEDIA,P2,362,32,4,85,NP_CROSS,CROSS_MORPHEME,력을,경쟁력을,0,0.5462613105773926,3,,,,135818,135818,135818,135818,True,True,True,True,True,28754.0,2.0,-1.9970171451568604,력,WITHIN_SPLIT,OTHER,no_valid_adjacent_boundary,False,True,-1.0,OK
WIKIPEDIA,P2,362,46,2,126,NP_CROSS,CROSS_MORPHEME,자가,사용자가,0,0.6533515453338623,2,,,,130427,130427,130427,130427,True,True,True,True,True,25715.0,2.0,-1.8803561925888062,자,WITHIN_SPLIT,OTHER,no_valid_adjacent_boundary,False,True,-1.0,OK
WIKIPEDIA,P2,363,11,2,24,NP_CROSS,CROSS_MORPHEME,자는,연구자는,0,0.2260114848613739,2,,,,132343,132343,132343,132343,True,True,True,True,True,25715.0,2.0,-3.2525994777679443,자,WITHIN_SPLIT,OTHER,no_valid_adjacent_boundary,False,True,-1.0,OK
WIKIPEDIA,P2,363,26,3,55,NP_CROSS,CROSS_MORPHEME,성을,특성을,0,1.1313177347183228,2,,,,132818,132818,132818,132818,True,True,True,True,True,32831.0,2.0,-1.0781657695770264,성,WITHIN_SPLIT,OTHER,no_valid_adjacent_boundary,False,True,-1.0,OK
WIKIPEDIA,P2,363,33,3,82,NP_CROSS,CROSS_MORPHEME,성을,특성을,0,0.1419067084789276,2,,,,132818,132818,132818,132818,True,True,True,True,True,32831.0,2.0,-3.5154874324798584,성,WITHIN_SPLIT,OTHER,no_valid_adjacent_boundary,False,True,-1.0,OK
WIKIPEDIA,P2,363,40,2,109,NP_CROSS,CROSS_MORPHEME,성을,특성을,0,0.016259662806987762,2,,,,132818,132818,132818,132818,True,True,True,True,True,32831.0,2.0,-6.064846515655518,성,WITHIN_SPLIT,OTHER,no_valid_adjacent_boundary,False,True,-1.0,OK
WIKIPEDIA,P2,375,20,3,52,NP_CROSS,CROSS_MORPHEME, 것으로,"것으로,",0,4.18482780456543,2,,,,132091,132091,132091,132091,True,True,True,True,True,71108.0,2.0,-2.724112033843994, 것,EXACT,OTHER,not_primary_class,False,True,-1.0,OK
WIKIPEDIA,P2,375,35,2,105,NP_CROSS,CROSS_MORPHEME, 것으로,"것으로,",0,3.259542465209961,2,,,,132091,132091,132091,132091,True,True,True,True,True,71108.0,3.0,-2.580256223678589, 것,EXACT,OTHER,not_primary_class,False,True,-1.0,OK
WIKIPEDIA,P2,380,1,2,2,NP_CROSS,CROSS_MORPHEME,력을,능력을,1,0.9032025337219238,4,,,,135818,28754,135818,28754,True,True,False,False,True,28754.0,2.0,-0.9489983916282654,력,WITHIN_SPLIT,OTHER,no_valid_adjacent_boundary,True,False,1.0,OK
WIKIPEDIA,P2,381,8,4,23,NP_CROSS,CROSS_MORPHEME, 동시에,동시에,1,3.517685651779175,2,,,,143409,85788,143409,85788,True,True,False,False,True,132029.0,2.0,-2.0571699142456055, 운영,EXACT,OTHER,not_primary_class,False,False,0.0,OK
WIKIPEDIA,P2,382,5,3,19,NP_CROSS,CROSS_MORPHEME,기를,태극기를,0,0.36833319067955017,4,,,,131777,131777,131777,131777,True,True,True,True,True,20487.0,2.0,-3.0149457454681396,기,WITHIN_SPLIT,OTHER,no_valid_adjacent_boundary,False,True,-1.0,OK
WIKIPEDIA,P2,385,7,1,21,NP_CROSS,CROSS_MORPHEME,기가,크기가,1,1.3463202714920044,2,,,,136125,131777,136125,131777,True,True,False,False,True,20487.0,2.0,-1.3234561681747437,기,WITHIN_SPLIT,OTHER,no_valid_adjacent_boundary,False,False,0.0,OK
WIKIPEDIA,P2,385,24,3,74,NP_CROSS,CROSS_MORPHEME,기를,크기를,0,0.774079442024231,2,,,,131777,131777,131777,131777,True,True,True,True,True,20487.0,2.0,-2.6065573692321777,기,WITHIN_SPLIT,OTHER,no_valid_adjacent_boundary,False,True,-1.0,OK
WIKIPEDIA,P2,390,30,1,79,NP_CROSS,CROSS_MORPHEME, 것을,것을,0,3.835538864135742,1,,,,129337,129337,129337,129337,True,True,True,True,True,65510.0,2.0,-2.1894521713256836, 조,EXACT,OTHER,not_primary_class,False,True,-1.0,OK
WIKIPEDIA,P2,392,10,3,37,NP_CROSS,CROSS_MORPHEME,리를,전통요리를,0,0.013103591278195381,4,,,,133886,133886,133886,133886,True,True,True,True,True,28002.0,2.0,-6.532882213592529,리,WITHIN_SPLIT,LEXICAL_TO_LEXICAL,nearest_adjacent_boundary,False,True,-1.0,OK
WIKIPEDIA,P2,403,6,2,16,NP_CROSS,CROSS_MORPHEME, 것을,것을,0,3.9370875358581543,1,,,,129337,129337,129337,129337,True,True,True,True,True,141526.0,2.0,-2.797741413116455, 현,EXACT,OTHER,not_primary_class,False,True,-1.0,OK
WIKIPEDIA,P2,403,15,4,43,NP_CROSS,CROSS_MORPHEME, 값을,값을,1,2.516685962677002,3,,,,93668,45130,93668,45130,True,True,False,False,True,45563.0,2.0,-1.334890604019165, 값,EXACT,OTHER,not_primary_class,False,False,0.0,OK
WIKIPEDIA,P2,403,26,4,72,NP_CROSS,CROSS_MORPHEME, 것을,것을,0,1.000728726387024,1,,,,129337,129337,129337,129337,True,True,True,True,True,132989.0,2.0,-2.7184579372406006, 의미,EXACT,OTHER,not_primary_class,False,True,-1.0,OK
WIKIPEDIA,P2,407,39,4,109,NP_CROSS,CROSS_MORPHEME,수가,김성수가,0,2.092179536819458,3,,,,135444,135444,135444,135444,True,True,True,True,True,23259.0,2.0,-1.0444974899291992,수,WITHIN_SPLIT,OTHER,no_valid_adjacent_boundary,False,True,-1.0,OK
WIKIPEDIA,P2,416,8,3,20,NP_CROSS,CROSS_MORPHEME, 등을,등을,1,2.0804343223571777,4,,,,134454,11,134454,11,True,True,False,False,True,11.0,2.0,-1.2686200141906738,",",EXACT,OTHER,not_primary_class,True,False,1.0,OK
WIKIPEDIA,P2,416,11,1,28,NP_CROSS,CROSS_MORPHEME, 등을,등을,1,2.0839755535125732,2,,,,134454,11,134454,11,True,True,False,False,True,11.0,2.0,-1.2469923496246338,",",EXACT,OTHER,not_primary_class,True,False,1.0,OK
WIKIPEDIA,P2,419,3,1,6,NP_CROSS,CROSS_MORPHEME,적으로,목적으로,0,0.810575008392334,2,,,,128552,128552,128552,128552,True,True,True,True,True,49664.0,5.0,-4.718040466308594,록,WITHIN_SPLIT,OTHER,no_valid_adjacent_boundary,False,True,-1.0,OK
WIKIPEDIA,P2,419,3,4,9,NP_CROSS,CROSS_MORPHEME,물을,식물을,0,0.6540016531944275,3,,,,137075,137075,137075,137075,True,True,True,True,True,126251.0,2.0,-1.1838922500610352,물,WITHIN_SPLIT,OTHER,no_valid_adjacent_boundary,False,True,-1.0,OK
WIKIPEDIA,P2,422,10,1,28,NP_CROSS,CROSS_MORPHEME, 때문에,때문에,0,1.2189414501190186,1,,,,129147,129147,129147,129147,True,True,True,True,True,137141.0,2.0,-1.2770843505859375, 때문이다,CROSS_MORPHEME,MULTI_BOUNDARY,crossed_boundary,False,True,-1.0,OK
WIKIPEDIA,P2,422,32,1,102,NP_CROSS,CROSS_MORPHEME, 때문에,때문에,0,0.10872883349657059,1,,,,129147,129147,129147,129147,True,True,True,True,True,137141.0,2.0,-4.689016342163086, 때문이다,CROSS_MORPHEME,MULTI_BOUNDARY,crossed_boundary,False,True,-1.0,OK
WIKIPEDIA,P2,423,1,1,4,NP_CROSS,CROSS_MORPHEME,성을,특성을,1,1.4689570665359497,3,,,,132818,135946,132818,135946,True,True,False,False,True,135946.0,3.0,-1.5907143354415894,징,WITHIN_SPLIT,OTHER,no_valid_adjacent_boundary,True,False,1.0,OK
WIKIPEDIA,P2,424,20,2,43,NP_CROSS,CROSS_MORPHEME,기가,줄기가,1,1.0662227869033813,5,,,,136125,125054,136125,125054,True,True,False,False,True,20487.0,2.0,-1.100669264793396,기,WITHIN_SPLIT,OTHER,no_valid_adjacent_boundary,False,False,0.0,OK
WIKIPEDIA,P2,427,15,4,46,NP_CROSS,CROSS_MORPHEME,성을,합성을,0,0.3000797629356384,3,,,,132818,132818,132818,132818,True,True,True,True,True,32831.0,2.0,-2.5087010860443115,성,WITHIN_SPLIT,OTHER,no_valid_adjacent_boundary,False,True,-1.0,OK
WIKIPEDIA,P2,427,22,4,74,NP_CROSS,CROSS_MORPHEME,성을,합성을,0,0.06615690886974335,3,,,,132818,132818,132818,132818,True,True,True,True,True,32831.0,2.0,-4.527103900909424,성,WITHIN_SPLIT,OTHER,no_valid_adjacent_boundary,False,True,-1.0,OK
WIKIPEDIA,P2,427,29,4,102,NP_CROSS,CROSS_MORPHEME,성을,합성을,0,0.022167572751641273,3,,,,132818,132818,132818,132818,True,True,True,True,True,32831.0,2.0,-5.940493583679199,성,WITHIN_SPLIT,OTHER,no_valid_adjacent_boundary,False,True,-1.0,OK
WIKIPEDIA,P2,428,0,1,0,NP_CROSS,CROSS_MORPHEME,으로,"으로,",1,1.8825249671936035,2,,,,42039,125489,42039,125489,True,True,False,False,True,12802.0,4.0,-2.6921520233154297,이,EXACT,OTHER,not_primary_class,False,False,0.0,OK
WIKIPEDIA,P2,429,4,1,9,NP_CROSS,CROSS_MORPHEME,자의,입자의,0,1.013198971748352,2,,,,131958,131958,131958,131958,True,True,True,True,True,25715.0,2.0,-0.9148550629615784,자,WITHIN_SPLIT,OTHER,no_valid_adjacent_boundary,False,True,-1.0,OK
WIKIPEDIA,P2,429,9,3,26,NP_CROSS,CROSS_MORPHEME,자의,입자의,0,0.7925667762756348,2,,,,131958,131958,131958,131958,True,True,True,True,True,25715.0,2.0,-1.8616900444030762,자,WITHIN_SPLIT,OTHER,no_valid_adjacent_boundary,False,True,-1.0,OK
WIKIPEDIA,P2,429,12,2,32,NP_CROSS,CROSS_MORPHEME,자의,입자의,0,1.2138197422027588,2,,,,131958,131958,131958,131958,True,True,True,True,True,25715.0,2.0,-1.6073215007781982,자,WITHIN_SPLIT,OTHER,no_valid_adjacent_boundary,False,True,-1.0,OK
WIKIPEDIA,P2,429,15,4,44,NP_CROSS,CROSS_MORPHEME,자의,입자의,0,1.1140260696411133,2,,,,131958,131958,131958,131958,True,True,True,True,True,25715.0,2.0,-1.6303701400756836,자,WITHIN_SPLIT,OTHER,no_valid_adjacent_boundary,False,True,-1.0,OK
WIKIPEDIA,P2,429,19,3,56,NP_CROSS,CROSS_MORPHEME,자의,입자의,0,0.7762185335159302,2,,,,131958,131958,131958,131958,True,True,True,True,True,25715.0,2.0,-2.0095291137695312,자,WITHIN_SPLIT,OTHER,no_valid_adjacent_boundary,False,True,-1.0,OK
WIKIPEDIA,P2,429,21,1,62,NP_CROSS,CROSS_MORPHEME,자의,입자의,0,0.13356506824493408,2,,,,131958,131958,131958,131958,True,True,True,True,True,25715.0,3.0,-5.131762504577637,자,WITHIN_SPLIT,OTHER,no_valid_adjacent_boundary,False,True,-1.0,OK
WIKIPEDIA,P2,429,24,1,74,NP_CROSS,CROSS_MORPHEME,자의,입자의,0,0.00659762229770422,2,,,,131958,131958,131958,131958,True,True,True,True,True,25715.0,3.0,-9.172582626342773,자,WITHIN_SPLIT,OTHER,no_valid_adjacent_boundary,False,True,-1.0,OK
WIKIPEDIA,P2,429,27,1,86,NP_CROSS,CROSS_MORPHEME,자의,입자의,0,0.7529054880142212,2,,,,131958,131958,131958,131958,True,True,True,True,True,25715.0,2.0,-1.885563611984253,자,WITHIN_SPLIT,OTHER,no_valid_adjacent_boundary,False,True,-1.0,OK
WIKIPEDIA,P2,429,28,3,92,NP_CROSS,CROSS_MORPHEME,자의,입자의,0,0.04744601249694824,2,,,,131958,131958,131958,131958,True,True,True,True,True,25715.0,3.0,-6.553846836090088,자,WITHIN_SPLIT,OTHER,no_valid_adjacent_boundary,False,True,-1.0,OK
WIKIPEDIA,P2,429,31,3,104,NP_CROSS,CROSS_MORPHEME,자의,입자의,0,0.007477454375475645,2,,,,131958,131958,131958,131958,True,True,True,True,True,25715.0,3.0,-8.719559669494629,자,WITHIN_SPLIT,OTHER,no_valid_adjacent_boundary,False,True,-1.0,OK
WIKIPEDIA,P2,429,34,3,116,NP_CROSS,CROSS_MORPHEME,자의,입자의,0,0.0592450350522995,2,,,,131958,131958,131958,131958,True,True,True,True,True,25715.0,2.0,-5.087189674377441,자,WITHIN_SPLIT,OTHER,no_valid_adjacent_boundary,False,True,-1.0,OK
WIKIPEDIA,P2,429,36,1,122,NP_CROSS,CROSS_MORPHEME,자의,입자의,0,0.0036795588675886393,2,,,,131958,131958,131958,131958,True,True,True,True,True,25715.0,4.0,-10.828507423400879,자,WITHIN_SPLIT,OTHER,no_valid_adjacent_boundary,False,True,-1.0,OK
WIKIPEDIA,P2,431,24,1,67,NP_CROSS,CROSS_MORPHEME, 때문에,때문에,0,0.28145718574523926,1,,,,129147,129147,129147,129147,True,True,True,True,True,137141.0,2.0,-3.352289915084839, 때문이다,CROSS_MORPHEME,MULTI_BOUNDARY,crossed_boundary,False,True,-1.0,OK
WIKIPEDIA,P2,435,35,3,106,NP_CROSS,CROSS_MORPHEME, 것으로,것으로,0,3.6235029697418213,1,,,,132091,132091,132091,132091,True,True,True,True,True,71108.0,3.0,-2.799638271331787, 것,EXACT,OTHER,not_primary_class,False,True,-1.0,OK
WIKIPEDIA,P2,437,12,2,32,NP_CROSS,CROSS_MORPHEME,기는,물고기는,0,0.45171672105789185,3,,,,135854,135854,135854,135854,True,True,True,True,True,20487.0,2.0,-2.314913749694824,기,WITHIN_SPLIT,OTHER,no_valid_adjacent_boundary,False,True,-1.0,OK
WIKIPEDIA,P2,437,27,2,77,NP_CROSS,CROSS_MORPHEME,기는,물고기는,0,0.5319079160690308,3,,,,135854,135854,135854,135854,True,True,True,True,True,20487.0,2.0,-2.291199207305908,기,WITHIN_SPLIT,OTHER,no_valid_adjacent_boundary,False,True,-1.0,OK
WIKIPEDIA,P2,442,8,3,27,NP_CROSS,CROSS_MORPHEME,리는,꼬리는,1,0.8933262825012207,5,,,,132920,28002,132920,28002,True,True,False,False,True,28002.0,2.0,-1.1399941444396973,리,WITHIN_SPLIT,OTHER,no_valid_adjacent_boundary,True,False,1.0,OK
WIKIPEDIA,P2,447,5,3,9,NP_CROSS,CROSS_MORPHEME, 등을,등을,0,1.916734218597412,1,,,,134454,134454,134454,134454,True,True,True,True,True,11.0,2.0,-1.4020297527313232,",",EXACT,OTHER,not_primary_class,False,True,-1.0,OK
WIKIPEDIA,P2,447,11,4,27,NP_CROSS,CROSS_MORPHEME, 것은,것은,0,4.2401251792907715,1,,,,129274,129274,129274,129274,True,True,True,True,True,129296.0,2.0,-2.658630847930908, 선,EXACT,OTHER,not_primary_class,False,True,-1.0,OK
WIKIPEDIA,P2,447,16,1,42,NP_CROSS,CROSS_MORPHEME, 것은,것은,0,3.4268229007720947,1,,,,129274,129274,129274,129274,True,True,True,True,True,129296.0,2.0,-1.7824629545211792, 선,EXACT,OTHER,not_primary_class,False,True,-1.0,OK
WIKIPEDIA,P2,447,19,4,57,NP_CROSS,CROSS_MORPHEME, 것은,것은,0,0.5201295614242554,1,,,,129274,129274,129274,129274,True,True,True,True,True,71108.0,2.0,-4.172001838684082, 것,EXACT,OTHER,not_primary_class,False,True,-1.0,OK
WIKIPEDIA,P2,447,23,3,72,NP_CROSS,CROSS_MORPHEME, 것은,것은,0,0.05903177708387375,1,,,,129274,129274,129274,129274,True,True,True,True,True,71108.0,3.0,-6.428954124450684, 것,EXACT,OTHER,not_primary_class,False,True,-1.0,OK
WIKIPEDIA,P2,447,27,2,87,NP_CROSS,CROSS_MORPHEME, 것은,것은,0,0.02548358589410782,1,,,,129274,129274,129274,129274,True,True,True,True,True,71108.0,3.0,-7.549705505371094, 것,EXACT,OTHER,not_primary_class,False,True,-1.0,OK
WIKIPEDIA,P2,447,31,1,102,NP_CROSS,CROSS_MORPHEME, 것은,것은,0,0.015495560131967068,1,,,,129274,129274,129274,129274,True,True,True,True,True,71108.0,3.0,-8.079790115356445, 것,EXACT,OTHER,not_primary_class,False,True,-1.0,OK
WIKIPEDIA,P2,447,34,4,117,NP_CROSS,CROSS_MORPHEME, 것은,것은,0,0.010268106125295162,1,,,,129274,129274,129274,129274,True,True,True,True,True,71108.0,3.0,-8.46981430053711, 것,EXACT,OTHER,not_primary_class,False,True,-1.0,OK
WIKIPEDIA,P2,480,6,3,19,NP_CROSS,CROSS_MORPHEME,자가,사망자가,0,1.0345754623413086,3,,,,130427,130427,130427,130427,True,True,True,True,True,25715.0,2.0,-1.7225737571716309,자,WITHIN_SPLIT,OTHER,no_valid_adjacent_boundary,False,True,-1.0,OK
WIKIPEDIA,P2,507,37,1,83,NP_CROSS,CROSS_MORPHEME,리를,권리를,0,0.96885746717453,2,,,,133886,133886,133886,133886,True,True,True,True,True,28754.0,2.0,-2.758023262023926,력,WITHIN_SPLIT,OTHER,no_valid_adjacent_boundary,False,True,-1.0,OK
WIKIPEDIA,P2,513,7,2,18,NP_CROSS,CROSS_MORPHEME,지를,편지를,0,1.3044928312301636,4,,,,133120,133120,133120,133120,True,True,True,True,True,21329.0,2.0,-2.1834850311279297,지,WITHIN_SPLIT,OTHER,no_valid_adjacent_boundary,False,True,-1.0,OK
WIKIPEDIA,P2,542,6,1,10,NP_CROSS,CROSS_MORPHEME, 것을,것을,1,4.974424839019775,3,,,,129337,65510,129337,65510,True,True,False,False,True,132819.0,2.0,-3.2262065410614014, 이유,EXACT,OTHER,not_primary_class,False,False,0.0,OK
WIKIPEDIA,P2,547,4,2,13,NP_CROSS,CROSS_MORPHEME, 것이,것이,0,3.1915340423583984,1,,,,128584,128584,128584,128584,True,True,True,True,True,128900.0,4.0,-3.111840009689331, 것이다,CROSS_MORPHEME,MULTI_BOUNDARY,crossed_boundary,False,True,-1.0,OK
WIKIPEDIA,P2,547,19,1,60,NP_CROSS,CROSS_MORPHEME, 것이,것이,0,0.26570430397987366,1,,,,128584,128584,128584,128584,True,True,True,True,True,71108.0,3.0,-5.137966632843018, 것,EXACT,OTHER,not_primary_class,False,True,-1.0,OK
WIKIPEDIA,P2,547,30,2,105,NP_CROSS,CROSS_MORPHEME, 것이,것이,0,0.04793248325586319,1,,,,128584,128584,128584,128584,True,True,True,True,True,71108.0,3.0,-6.990352630615234, 것,EXACT,OTHER,not_primary_class,False,True,-1.0,OK
WIKIPEDIA,P2,596,15,1,29,NP_CROSS,CROSS_MORPHEME, 때문에,때문에,0,0.44888174533843994,1,,,,129147,129147,129147,129147,True,True,True,True,True,126495.0,2.0,-2.5529634952545166, 때문,EXACT,OTHER,not_primary_class,False,True,-1.0,OK
WIKIPEDIA,P2,603,36,2,127,NP_CROSS,CROSS_MORPHEME,회의,국회의,0,0.015955856069922447,2,,,,134379,134379,134379,134379,True,True,True,True,True,131110.0,2.0,-7.142311096191406,회사,CROSS_MORPHEME,LEXICAL_TO_LEXICAL,crossed_boundary,False,True,-1.0,OK
WIKIPEDIA,P2,640,19,4,59,NP_CROSS,CROSS_MORPHEME,력을,병력을,0,0.073076993227005,3,,,,135818,135818,135818,135818,True,True,True,True,True,28754.0,2.0,-4.295135021209717,력,WITHIN_SPLIT,OTHER,no_valid_adjacent_boundary,False,True,-1.0,OK
WIKIPEDIA,P2,640,27,1,88,NP_CROSS,CROSS_MORPHEME,력을,병력을,0,0.1025036871433258,3,,,,135818,135818,135818,135818,True,True,True,True,True,28754.0,2.0,-3.8497002124786377,력,WITHIN_SPLIT,OTHER,no_valid_adjacent_boundary,False,True,-1.0,OK
WIKIPEDIA,P2,640,34,2,117,NP_CROSS,CROSS_MORPHEME,력을,병력을,0,0.05771012604236603,3,,,,135818,135818,135818,135818,True,True,True,True,True,28754.0,2.0,-4.603890895843506,력,WITHIN_SPLIT,OTHER,no_valid_adjacent_boundary,False,True,-1.0,OK
WIKIPEDIA,P2,669,5,1,8,NP_CROSS,CROSS_MORPHEME,사를,기사를,1,2.3487558364868164,3,,,,134445,55054,134445,55054,True,True,False,False,True,55054.0,2.0,-1.1662461757659912,사,WITHIN_SPLIT,OTHER,no_valid_adjacent_boundary,True,False,1.0,OK
WIKIPEDIA,P2,707,33,4,92,NP_CROSS,CROSS_MORPHEME,자를,사상자를,0,0.052985869348049164,3,,,,135184,135184,135184,135184,True,True,True,True,True,25715.0,2.0,-5.070621490478516,자,WITHIN_SPLIT,OTHER,no_valid_adjacent_boundary,False,True,-1.0,OK
WIKIPEDIA,P2,713,1,4,4,NP_CROSS,CROSS_MORPHEME,기가,계기가,0,0.8330113887786865,2,,,,136125,136125,136125,136125,True,True,True,True,True,20487.0,2.0,-1.5138664245605469,기,WITHIN_SPLIT,OTHER,no_valid_adjacent_boundary,False,True,-1.0,OK
WIKIPEDIA,P2,722,3,1,11,NP_CROSS,CROSS_MORPHEME,대로,상대로,0,1.1782857179641724,2,,,,129923,129923,129923,129923,True,True,True,True,True,66845.0,2.0,-1.6888411045074463,대,WITHIN_SPLIT,OTHER,no_valid_adjacent_boundary,False,True,-1.0,OK
WIKIPEDIA,P2,725,1,1,1,NP_CROSS,CROSS_MORPHEME, 것을,것을,1,3.656499147415161,2,,,,129337,130213,129337,130213,True,True,False,False,True,128753.0,2.0,-2.3241658210754395, 신,EXACT,OTHER,not_primary_class,False,False,0.0,OK
WIKIPEDIA,P2,748,0,1,0,NP_CROSS,CROSS_MORPHEME,기에,기에의,0,0.6353294849395752,2,,,,132264,132264,132264,132264,True,True,True,True,True,50340.0,2.0,-3.989927291870117,라,EXACT,OTHER,not_primary_class,False,True,-1.0,OK
WIKIPEDIA,P2,751,13,1,22,NP_CROSS,CROSS_MORPHEME,적으로,대대적으로,1,2.6402688026428223,3,,,,128552,128533,128552,128533,True,True,False,False,True,80968.0,3.0,-2.168595790863037,적,WITHIN_SPLIT,LEXICAL_TO_LEXICAL,nearest_adjacent_boundary,False,False,0.0,OK
WIKIPEDIA,P2,763,39,1,123,NP_CROSS,CROSS_MORPHEME,자를,사망자를,0,1.334153413772583,3,,,,135184,135184,135184,135184,True,True,True,True,True,25715.0,2.0,-0.9567527770996094,자,WITHIN_SPLIT,OTHER,no_valid_adjacent_boundary,False,True,-1.0,OK
WIKIPEDIA,P2,771,21,2,62,NP_CROSS,CROSS_MORPHEME,장을,임명장을,0,0.07609017938375473,4,,,,137471,137471,137471,137471,True,True,True,True,True,40853.0,2.0,-4.512766361236572,장,WITHIN_SPLIT,OTHER,no_valid_adjacent_boundary,False,True,-1.0,OK
WIKIPEDIA,P2,771,36,4,123,NP_CROSS,CROSS_MORPHEME,장을,임명장을,0,0.01318210270255804,4,,,,137471,137471,137471,137471,True,True,True,True,True,40853.0,2.0,-6.3611249923706055,장,WITHIN_SPLIT,OTHER,no_valid_adjacent_boundary,False,True,-1.0,OK
WIKIPEDIA,P2,791,6,2,22,NP_CROSS,CROSS_MORPHEME,자를,사상자를,0,0.6034533977508545,3,,,,135184,135184,135184,135184,True,True,True,True,True,25715.0,2.0,-2.1363027095794678,자,WITHIN_SPLIT,OTHER,no_valid_adjacent_boundary,False,True,-1.0,OK
WIKIPEDIA,P2,815,10,2,29,NP_CROSS,CROSS_MORPHEME,상을,물리학상을,0,0.8623230457305908,4,,,,136854,136854,136854,136854,True,True,True,True,True,55902.0,2.0,-1.2542060613632202,상,WITHIN_SPLIT,OTHER,no_valid_adjacent_boundary,False,True,-1.0,OK
WIKIPEDIA,P2,815,22,2,61,NP_CROSS,CROSS_MORPHEME,상을,물리학상을,0,0.5130995512008667,4,,,,136854,136854,136854,136854,True,True,True,True,True,55902.0,2.0,-1.881333589553833,상,WITHIN_SPLIT,OTHER,no_valid_adjacent_boundary,False,True,-1.0,OK
WIKIPEDIA,P2,815,31,1,93,NP_CROSS,CROSS_MORPHEME,상을,물리학상을,0,0.033261433243751526,4,,,,136854,136854,136854,136854,True,True,True,True,True,55902.0,2.0,-5.535937309265137,상,WITHIN_SPLIT,OTHER,no_valid_adjacent_boundary,False,True,-1.0,OK
WIKIPEDIA,P2,815,39,1,125,NP_CROSS,CROSS_MORPHEME,상을,물리학상을,0,0.014860551804304123,4,,,,136854,136854,136854,136854,True,True,True,True,True,55902.0,2.0,-6.361289978027344,상,WITHIN_SPLIT,OTHER,no_valid_adjacent_boundary,False,True,-1.0,OK
WIKIPEDIA,P2,822,19,2,44,NP_CROSS,CROSS_MORPHEME, 자신의,자신의,1,4.534367561340332,2,,,,134748,128753,134748,128753,True,True,False,False,True,127218.0,2.0,-2.4881863594055176, 자신,EXACT,OTHER,not_primary_class,False,False,0.0,OK
WIKIPEDIA,P2,822,21,4,52,NP_CROSS,CROSS_MORPHEME, 자신의,자신의,0,4.6580963134765625,1,,,,134748,134748,134748,134748,True,True,True,True,True,127218.0,2.0,-2.555354356765747, 자신,EXACT,OTHER,not_primary_class,False,True,-1.0,OK
WIKIPEDIA,P2,822,37,1,88,NP_CROSS,CROSS_MORPHEME, 때문에,때문에,0,0.11533664166927338,1,,,,129147,129147,129147,129147,True,True,True,True,True,137141.0,2.0,-4.829617500305176, 때문이다,CROSS_MORPHEME,MULTI_BOUNDARY,crossed_boundary,False,True,-1.0,OK
WIKIPEDIA,P2,822,43,2,104,NP_CROSS,CROSS_MORPHEME, 것을,것을,0,2.699336528778076,1,,,,129337,129337,129337,129337,True,True,True,True,True,126322.0,2.0,-2.081157684326172, 동,EXACT,OTHER,not_primary_class,False,True,-1.0,OK
WIKIPEDIA,P2,833,21,1,52,NP_CROSS,CROSS_MORPHEME, 때문에,때문에,0,0.29592981934547424,1,,,,129147,129147,129147,129147,True,True,True,True,True,137141.0,2.0,-3.4907608032226562, 때문이다,CROSS_MORPHEME,MULTI_BOUNDARY,crossed_boundary,False,True,-1.0,OK
WIKIPEDIA,P2,833,32,4,82,NP_CROSS,CROSS_MORPHEME, 때문에,때문에,0,0.10366332530975342,1,,,,129147,129147,129147,129147,True,True,True,True,True,137141.0,2.0,-5.12343168258667, 때문이다,CROSS_MORPHEME,MULTI_BOUNDARY,crossed_boundary,False,True,-1.0,OK
WIKIPEDIA,P2,833,40,4,112,NP_CROSS,CROSS_MORPHEME, 때문에,때문에,0,0.01587175950407982,1,,,,129147,129147,129147,129147,True,True,True,True,True,137141.0,2.0,-7.2985663414001465, 때문이다,CROSS_MORPHEME,MULTI_BOUNDARY,crossed_boundary,False,True,-1.0,OK
WIKIPEDIA,P2,836,22,2,54,NP_CROSS,CROSS_MORPHEME, 것으로,것으로,0,3.683518886566162,1,,,,132091,132091,132091,132091,True,True,True,True,True,143586.0,2.0,-2.9062352180480957, 작품,EXACT,OTHER,not_primary_class,False,True,-1.0,OK
WIKIPEDIA,P2,836,27,1,69,NP_CROSS,CROSS_MORPHEME, 것으로,것으로,0,4.727767467498779,1,,,,132091,132091,132091,132091,True,True,True,True,True,128900.0,2.0,-2.8101277351379395, 것이다,CROSS_MORPHEME,MULTI_BOUNDARY,crossed_boundary,False,True,-1.0,OK
WIKIPEDIA,P2,836,34,2,97,NP_CROSS,CROSS_MORPHEME, 것으로,것으로,0,2.2497448921203613,1,,,,132091,132091,132091,132091,True,True,True,True,True,138001.0,5.0,-4.613023281097412, 책,EXACT,OTHER,not_primary_class,False,True,-1.0,OK
WIKIPEDIA,P2,836,37,4,111,NP_CROSS,CROSS_MORPHEME, 것으로,것으로,0,0.12612830102443695,1,,,,132091,132091,132091,132091,True,True,True,True,True,128900.0,2.0,-6.606704235076904, 것이다,CROSS_MORPHEME,MULTI_BOUNDARY,crossed_boundary,False,True,-1.0,OK
WIKIPEDIA,P2,836,41,2,125,NP_CROSS,CROSS_MORPHEME, 것으로,것으로,0,0.050677716732025146,1,,,,132091,132091,132091,132091,True,True,True,True,True,128900.0,2.0,-7.176836967468262, 것이다,CROSS_MORPHEME,MULTI_BOUNDARY,crossed_boundary,False,True,-1.0,OK
WIKIPEDIA,P2,838,11,3,34,NP_CROSS,CROSS_MORPHEME, 것으로,것으로,1,4.367976665496826,,,,,132091,220,132091,220,True,True,False,False,True,44518.0,2.0,-3.0411698818206787, 시,EXACT,OTHER,not_primary_class,False,False,0.0,OK
WIKIPEDIA,P2,838,17,1,44,NP_CROSS,CROSS_MORPHEME, 자신의,자신의,1,4.547125816345215,3,,,,134748,71015,134748,71015,True,True,False,False,True,54825.0,2.0,-2.5398025512695312, 그,EXACT,OTHER,not_primary_class,False,False,0.0,OK
WIKIPEDIA,P2,838,26,4,69,NP_CROSS,CROSS_MORPHEME, 자신의,자신의,0,3.1491293907165527,1,,,,134748,134748,134748,134748,True,True,True,True,True,127218.0,3.0,-3.4938740730285645, 자신,EXACT,OTHER,not_primary_class,False,True,-1.0,OK
WIKIPEDIA,P2,838,38,4,117,NP_CROSS,CROSS_MORPHEME, 자신의,자신의,0,0.1757812201976776,1,,,,134748,134748,134748,134748,True,True,True,True,True,127218.0,3.0,-6.644209861755371, 자신,EXACT,OTHER,not_primary_class,False,True,-1.0,OK
WIKIPEDIA,P2,848,14,1,32,NP_CROSS,CROSS_MORPHEME, 것으로,것으로,0,3.717710018157959,1,,,,132091,132091,132091,132091,True,True,True,True,True,128900.0,3.0,-2.294935703277588, 것이다,CROSS_MORPHEME,MULTI_BOUNDARY,crossed_boundary,False,True,-1.0,OK
WIKIPEDIA,P2,853,6,1,20,NP_CROSS,CROSS_MORPHEME,물을,사물을,0,0.31918084621429443,2,,,,137075,137075,137075,137075,True,True,True,True,True,126251.0,2.0,-2.3509433269500732,물,WITHIN_SPLIT,OTHER,no_valid_adjacent_boundary,False,True,-1.0,OK
WIKIPEDIA,P2,853,22,2,72,NP_CROSS,CROSS_MORPHEME,물을,'사물을,0,0.37898844480514526,3,,,,137075,137075,137075,137075,True,True,True,True,True,126251.0,2.0,-2.1422314643859863,물,WITHIN_SPLIT,OTHER,nearest_adjacent_boundary,False,True,-1.0,OK
WIKIPEDIA,P2,853,37,4,122,NP_CROSS,CROSS_MORPHEME,력을,능력을,0,0.22032004594802856,3,,,,135818,135818,135818,135818,True,True,True,True,True,28754.0,2.0,-2.871070623397827,력,WITHIN_SPLIT,OTHER,no_valid_adjacent_boundary,False,True,-1.0,OK
WIKIPEDIA,P2,855,6,4,22,NP_CROSS,CROSS_MORPHEME, 것은,것은,0,4.121105670928955,1,,,,129274,129274,129274,129274,True,True,True,True,True,23084.0,2.0,-2.732332468032837, 이,EXACT,OTHER,not_primary_class,False,True,-1.0,OK
WIKIPEDIA,P2,855,10,2,36,NP_CROSS,CROSS_MORPHEME, 것은,것은,0,0.26385533809661865,1,,,,129274,129274,129274,129274,True,True,True,True,True,71108.0,3.0,-5.23656702041626, 것,EXACT,OTHER,not_primary_class,False,True,-1.0,OK
WIKIPEDIA,P2,855,13,4,50,NP_CROSS,CROSS_MORPHEME, 것은,것은,0,0.4719666540622711,1,,,,129274,129274,129274,129274,True,True,True,True,True,71108.0,3.0,-4.739927291870117, 것,EXACT,OTHER,not_primary_class,False,True,-1.0,OK
WIKIPEDIA,P2,855,17,2,64,NP_CROSS,CROSS_MORPHEME, 것은,것은,0,0.21198807656764984,1,,,,129274,129274,129274,129274,True,True,True,True,True,71108.0,3.0,-5.185688495635986, 것,EXACT,OTHER,not_primary_class,False,True,-1.0,OK
WIKIPEDIA,P2,855,20,4,78,NP_CROSS,CROSS_MORPHEME, 것은,것은,0,0.4227655827999115,1,,,,129274,129274,129274,129274,True,True,True,True,True,128900.0,3.0,-3.8726398944854736, 것이다,CROSS_MORPHEME,MULTI_BOUNDARY,crossed_boundary,False,True,-1.0,OK
WIKIPEDIA,P2,855,24,2,92,NP_CROSS,CROSS_MORPHEME, 것은,것은,0,0.5029821395874023,1,,,,129274,129274,129274,129274,True,True,True,True,True,128900.0,3.0,-3.6139652729034424, 것이다,CROSS_MORPHEME,MULTI_BOUNDARY,crossed_boundary,False,True,-1.0,OK
WIKIPEDIA,P2,855,27,4,106,NP_CROSS,CROSS_MORPHEME, 것은,것은,0,0.5555133819580078,1,,,,129274,129274,129274,129274,True,True,True,True,True,128900.0,3.0,-3.378620147705078, 것이다,CROSS_MORPHEME,MULTI_BOUNDARY,crossed_boundary,False,True,-1.0,OK
WIKIPEDIA,P2,855,31,2,120,NP_CROSS,CROSS_MORPHEME, 것은,것은,0,0.48107558488845825,1,,,,129274,129274,129274,129274,True,True,True,True,True,128900.0,2.0,-3.5306427478790283, 것이다,CROSS_MORPHEME,MULTI_BOUNDARY,crossed_boundary,False,True,-1.0,OK
WIKIPEDIA,P2,860,13,4,44,NP_CROSS,CROSS_MORPHEME,기는,시기는,0,1.2875308990478516,2,,,,135854,135854,135854,135854,True,True,True,True,True,20487.0,2.0,-1.651663899421692,기,WITHIN_SPLIT,OTHER,no_valid_adjacent_boundary,False,True,-1.0,OK
WIKIPEDIA,P2,860,41,3,126,NP_CROSS,CROSS_MORPHEME,기는,시기는,0,0.9337039589881897,2,,,,135854,135854,135854,135854,True,True,True,True,True,20487.0,2.0,-1.1801555156707764,기,WITHIN_SPLIT,OTHER,no_valid_adjacent_boundary,False,True,-1.0,OK
WIKIPEDIA,P2,869,21,1,57,NP_CROSS,CROSS_MORPHEME,자가,사망자가,0,1.5220674276351929,3,,,,130427,130427,130427,130427,True,True,True,True,True,12802.0,2.0,-2.285219430923462,이,EXACT,OTHER,not_primary_class,False,True,-1.0,OK
WIKIPEDIA,P2,869,31,4,98,NP_CROSS,CROSS_MORPHEME,자가,사망자가,0,0.02368621528148651,3,,,,130427,130427,130427,130427,True,True,True,True,True,25715.0,2.0,-7.159013271331787,자,WITHIN_SPLIT,OTHER,no_valid_adjacent_boundary,False,True,-1.0,OK
WIKIPEDIA,P2,872,5,3,16,NP_CROSS,CROSS_MORPHEME, 것으로,것으로,1,4.690367698669434,4,,,,132091,126322,132091,126322,True,True,False,False,True,126322.0,3.0,-3.1667253971099854, 동,EXACT,OTHER,not_primary_class,True,False,1.0,OK
WIKIPEDIA,P2,872,7,1,20,NP_CROSS,CROSS_MORPHEME, 때문에,때문에,0,0.22445781528949738,1,,,,129147,129147,129147,129147,True,True,True,True,True,137141.0,2.0,-3.357363224029541, 때문이다,CROSS_MORPHEME,MULTI_BOUNDARY,crossed_boundary,False,True,-1.0,OK
WIKIPEDIA,P2,872,25,1,68,NP_CROSS,CROSS_MORPHEME, 때문에,때문에,0,0.17203308641910553,1,,,,129147,129147,129147,129147,True,True,True,True,True,137141.0,2.0,-4.044167518615723, 때문이다,CROSS_MORPHEME,MULTI_BOUNDARY,crossed_boundary,False,True,-1.0,OK
WIKIPEDIA,P2,872,37,3,116,NP_CROSS,CROSS_MORPHEME, 때문에,때문에,0,0.0336473286151886,1,,,,129147,129147,129147,129147,True,True,True,True,True,137141.0,2.0,-6.1917643547058105, 때문이다,CROSS_MORPHEME,MULTI_BOUNDARY,crossed_boundary,False,True,-1.0,OK
WIKIPEDIA,P2,873,24,4,75,NP_CROSS,CROSS_MORPHEME, 것을,것을,1,2.2141618728637695,3,,,,129337,18585,129337,18585,True,True,False,False,True,132989.0,2.0,-1.8750079870224, 의미,EXACT,OTHER,not_primary_class,False,False,0.0,OK
WIKIPEDIA,P2,879,41,1,127,NP_CROSS,CROSS_MORPHEME,력을,군사력을,0,0.25478047132492065,4,,,,135818,135818,135818,135818,True,True,True,True,True,28754.0,2.0,-2.695986747741699,력,WITHIN_SPLIT,OTHER,no_valid_adjacent_boundary,False,True,-1.0,OK
WIKIPEDIA,P2,886,8,1,29,NP_CROSS,CROSS_MORPHEME,자가,사용자가,0,1.7542765140533447,2,,,,130427,130427,130427,25715,True,False,True,False,False,,,,,,,,,,,MODEL_REPLAY_MISMATCH
WIKIPEDIA,P2,886,15,1,57,NP_CROSS,CROSS_MORPHEME,자가,사용자가,0,1.4318227767944336,2,,,,130427,130427,130427,130427,True,True,True,True,True,25715.0,2.0,-1.282768964767456,자,WITHIN_SPLIT,OTHER,no_valid_adjacent_boundary,False,True,-1.0,OK
WIKIPEDIA,P2,886,22,1,85,NP_CROSS,CROSS_MORPHEME,자가,사용자가,0,0.20026618242263794,2,,,,130427,130427,130427,130427,True,True,True,True,True,25715.0,2.0,-4.114396572113037,자,WITHIN_SPLIT,OTHER,no_valid_adjacent_boundary,False,True,-1.0,OK
WIKIPEDIA,P2,886,29,1,113,NP_CROSS,CROSS_MORPHEME,자가,사용자가,0,0.01168307475745678,2,,,,130427,130427,130427,130427,True,True,True,True,True,25715.0,2.0,-7.89186954498291,자,WITHIN_SPLIT,OTHER,no_valid_adjacent_boundary,False,True,-1.0,OK
WIKIPEDIA,P2,892,15,2,44,NP_CROSS,CROSS_MORPHEME,자가,편집자가,0,2.1050119400024414,5,,,,130427,130427,130427,130427,True,True,True,True,True,25715.0,3.0,-3.2388100624084473,자,WITHIN_SPLIT,OTHER,no_valid_adjacent_boundary,False,True,-1.0,OK
WIKIPEDIA,P2,892,22,4,74,NP_CROSS,CROSS_MORPHEME,자가,편집자가,0,1.1881643533706665,5,,,,130427,130427,130427,130427,True,True,True,True,True,25715.0,4.0,-3.755345344543457,자,WITHIN_SPLIT,OTHER,no_valid_adjacent_boundary,False,True,-1.0,OK
WIKIPEDIA,P2,892,30,2,104,NP_CROSS,CROSS_MORPHEME,자가,편집자가,0,0.26118308305740356,5,,,,130427,130427,130427,130427,True,True,True,True,True,25715.0,4.0,-6.152589797973633,자,WITHIN_SPLIT,OTHER,no_valid_adjacent_boundary,False,True,-1.0,OK
WIKIPEDIA,P2,895,3,2,13,NP_CROSS,CROSS_MORPHEME,지를,기지를,0,1.0852206945419312,2,,,,133120,133120,133120,133120,True,True,True,True,True,21329.0,2.0,-1.0986075401306152,지,WITHIN_SPLIT,OTHER,no_valid_adjacent_boundary,False,True,-1.0,OK
WIKIPEDIA,P2,898,3,3,12,NP_CROSS,CROSS_MORPHEME, 자신의,자신의,0,4.572218894958496,1,,,,134748,134748,134748,134748,True,True,True,True,True,127218.0,2.0,-2.632838487625122, 자신,EXACT,OTHER,not_primary_class,False,True,-1.0,OK
WIKIPEDIA,P2,898,6,2,21,NP_CROSS,CROSS_MORPHEME, 자신의,자신의,1,4.805357456207275,2,,,,134748,54825,134748,54825,True,True,False,False,True,54825.0,2.0,-2.551560878753662, 그,EXACT,OTHER,not_primary_class,True,False,1.0,OK
WIKIPEDIA,P2,900,20,4,70,NP_CROSS,CROSS_MORPHEME,상을,생리학·의학상을,1,0.7581380605697632,7,,,,136854,55902,136854,55902,True,True,False,False,True,55902.0,2.0,-0.8995484709739685,상,EXACT,OTHER,not_primary_class,True,False,1.0,OK
WIKIPEDIA,P2,901,0,3,2,NP_CROSS,CROSS_MORPHEME, 것으로,것으로,1,4.091036796569824,1,,,,132091,129274,132091,129274,True,True,False,False,True,23084.0,2.0,-2.5936834812164307, 이,EXACT,OTHER,not_primary_class,False,False,0.0,OK
WIKIPEDIA,P2,901,38,1,117,NP_CROSS,CROSS_MORPHEME,성을,특성을,1,1.2721388339996338,4,,,,132818,32831,132818,32831,True,True,False,False,True,32831.0,2.0,-0.9961106777191162,성,WITHIN_SPLIT,OTHER,no_valid_adjacent_boundary,True,False,1.0,OK
WIKIPEDIA,P2,921,32,2,89,NP_CROSS,CROSS_MORPHEME, 것을,것을,0,1.6607946157455444,1,,,,129337,129337,129337,129337,True,True,True,True,True,71108.0,2.0,-3.1714560985565186, 것,EXACT,OTHER,not_primary_class,False,True,-1.0,OK
WIKIPEDIA,P2,921,42,1,126,NP_CROSS,CROSS_MORPHEME, 것을,것을,0,0.9132262468338013,1,,,,129337,129337,129337,129337,True,True,True,True,True,140968.0,2.0,-2.8176145553588867, 활,EXACT,OTHER,not_primary_class,False,True,-1.0,OK
WIKIPEDIA,P2,927,1,3,5,NP_CROSS,CROSS_MORPHEME,들이,컵누들이,0,2.9206295013427734,4,,,,126253,126253,126253,126253,True,True,True,True,True,18411.0,2.0,-2.1473476886749268,를,EXACT,OTHER,not_primary_class,False,True,-1.0,OK
WIKIPEDIA,P2,927,2,1,7,NP_CROSS,CROSS_MORPHEME,기를,인기를,0,1.0281422138214111,2,,,,131777,131777,131777,131777,True,True,True,True,True,20487.0,2.0,-1.2030051946640015,기,WITHIN_SPLIT,OTHER,no_valid_adjacent_boundary,False,True,-1.0,OK
WIKIPEDIA,P2,927,4,1,14,NP_CROSS,CROSS_MORPHEME, 때문에,"때문에,",0,0.4350017011165619,2,,,,129147,129147,129147,129147,True,True,True,True,True,137141.0,2.0,-3.0835986137390137, 때문이다,CROSS_MORPHEME,MULTI_BOUNDARY,crossed_boundary,False,True,-1.0,OK
WIKIPEDIA,P2,927,6,4,21,NP_CROSS,CROSS_MORPHEME,들이,컵누들이,0,2.102776527404785,4,,,,126253,126253,126253,126253,True,True,True,True,True,18411.0,3.0,-1.806073784828186,를,EXACT,OTHER,not_primary_class,False,True,-1.0,OK
WIKIPEDIA,P2,927,7,2,23,NP_CROSS,CROSS_MORPHEME,기를,인기를,0,0.8208874464035034,2,,,,131777,131777,131777,131777,True,True,True,True,True,20487.0,2.0,-1.8520236015319824,기,WITHIN_SPLIT,OTHER,no_valid_adjacent_boundary,False,True,-1.0,OK
WIKIPEDIA,P2,927,15,3,48,NP_CROSS,CROSS_MORPHEME,들이,컵누들이,0,2.8573508262634277,4,,,,126253,126253,126253,126253,True,True,True,True,True,18411.0,3.0,-1.7810193300247192,를,EXACT,OTHER,not_primary_class,False,True,-1.0,OK
WIKIPEDIA,P2,927,25,3,78,NP_CROSS,CROSS_MORPHEME,들이,컵누들이,0,1.0628974437713623,4,,,,126253,126253,126253,126253,True,True,True,True,True,64850.0,4.0,-3.641191005706787,들,WITHIN_SPLIT,OTHER,no_valid_adjacent_boundary,False,True,-1.0,OK
WIKIPEDIA,P2,927,33,1,108,NP_CROSS,CROSS_MORPHEME,들이,컵누들이,0,0.4459688067436218,4,,,,126253,126253,126253,126253,True,True,True,True,True,64850.0,4.0,-4.358850002288818,들,WITHIN_SPLIT,OTHER,no_valid_adjacent_boundary,False,True,-1.0,OK
WIKIPEDIA,P2,930,1,1,4,NP_CROSS,CROSS_MORPHEME,이는,떡볶이는,0,0.8681896924972534,3,,,,132044,132044,132044,132044,True,True,True,True,True,12802.0,2.0,-1.09700608253479,이,WITHIN_SPLIT,OTHER,no_valid_adjacent_boundary,False,True,-1.0,OK
WIKIPEDIA,P2,930,13,3,37,NP_CROSS,CROSS_MORPHEME,장을,간장을,1,0.7164662480354309,4,,,,137471,40853,137471,40853,True,True,False,False,True,40853.0,2.0,-1.238053321838379,장,WITHIN_SPLIT,OTHER,no_valid_adjacent_boundary,True,False,1.0,OK
WIKIPEDIA,P2,930,18,1,46,NP_CROSS,CROSS_MORPHEME, 등을,등을,0,1.9443624019622803,1,,,,134454,134454,134454,134454,True,True,True,True,True,18411.0,2.0,-1.3383495807647705,를,EXACT,OTHER,not_primary_class,False,True,-1.0,OK
WIKIPEDIA,P2,930,22,1,54,NP_CROSS,CROSS_MORPHEME, 것이,것이,0,2.6271443367004395,1,,,,128584,128584,128584,128584,True,True,True,True,True,128900.0,4.0,-2.7607173919677734, 것이다,CROSS_MORPHEME,MULTI_BOUNDARY,crossed_boundary,False,True,-1.0,OK
WIKIPEDIA,P2,930,32,1,78,NP_CROSS,CROSS_MORPHEME,기를,인기를,0,1.1252856254577637,2,,,,131777,131777,131777,131777,True,True,True,True,True,20487.0,3.0,-2.0675015449523926,기,WITHIN_SPLIT,OTHER,no_valid_adjacent_boundary,False,True,-1.0,OK
WIKIPEDIA,P2,940,28,2,107,NP_CROSS,CROSS_MORPHEME,회의,국회의,0,0.03206456080079079,2,,,,134379,134379,134379,134379,True,True,True,True,True,61741.0,2.0,-6.441135883331299,회,WITHIN_SPLIT,OTHER,no_valid_adjacent_boundary,False,True,-1.0,OK
WIKIPEDIA,P2,942,20,3,77,NP_CROSS,CROSS_MORPHEME, 동시에,동시에,0,0.7048674821853638,1,,,,143409,143409,143409,143409,True,True,True,True,True,129676.0,2.0,-1.5647735595703125, 함께,EXACT,OTHER,not_primary_class,False,True,-1.0,OK
WIKIPEDIA,P2,942,32,4,126,NP_CROSS,CROSS_MORPHEME, 동시에,동시에,0,0.5567213296890259,1,,,,143409,143409,143409,143409,True,True,True,True,True,129676.0,2.0,-1.8879176378250122, 함께,EXACT,OTHER,not_primary_class,False,True,-1.0,OK
WIKIPEDIA,P2,946,3,1,7,NP_CROSS,CROSS_MORPHEME, 것으로,것으로,1,3.564563274383545,2,,,,132091,143522,132091,143522,True,True,False,False,True,49052.0,3.0,-2.9346718788146973, 경우,EXACT,OTHER,not_primary_class,False,False,0.0,OK
WIKIPEDIA,P2,948,15,1,41,NP_CROSS,CROSS_MORPHEME,자는,한자는,0,1.6446330547332764,2,,,,132343,132343,132343,132343,True,True,True,True,True,25715.0,2.0,-1.3000364303588867,자,WITHIN_SPLIT,OTHER,no_valid_adjacent_boundary,False,True,-1.0,OK
WIKIPEDIA,P2,948,28,1,70,NP_CROSS,CROSS_MORPHEME,자는,한자는,0,1.5243998765945435,2,,,,132343,132343,132343,132343,True,True,True,True,True,25715.0,3.0,-1.478554129600525,자,WITHIN_SPLIT,OTHER,no_valid_adjacent_boundary,False,True,-1.0,OK
WIKIPEDIA,P2,948,37,1,100,NP_CROSS,CROSS_MORPHEME,자는,한자는,0,1.2282428741455078,2,,,,132343,132343,132343,132343,True,True,True,True,True,25715.0,3.0,-1.9550052881240845,자,WITHIN_SPLIT,OTHER,no_valid_adjacent_boundary,False,True,-1.0,OK
WIKIPEDIA,P2,953,20,4,57,NP_CROSS,CROSS_MORPHEME,기는,응구기는,0,0.4352528154850006,3,,,,135854,135854,135854,135854,True,True,True,True,True,20487.0,2.0,-2.665708541870117,기,WITHIN_SPLIT,OTHER,no_valid_adjacent_boundary,False,True,-1.0,OK
WIKIPEDIA,P2,988,0,1,0,NP_CROSS,CROSS_MORPHEME,들의,들의,1,3.511824131011963,3,,,,129360,64850,129360,64850,True,True,False,False,True,64850.0,3.0,-2.3668313026428223,들,EXACT,OTHER,not_primary_class,True,False,1.0,OK
WIKIPEDIA,P2,990,39,4,104,NP_CROSS,CROSS_MORPHEME,지는,아버지는,0,0.6683051586151123,3,,,,130974,130974,130974,130974,True,True,True,True,True,21329.0,2.0,-1.4342753887176514,지,WITHIN_SPLIT,OTHER,no_valid_adjacent_boundary,False,True,-1.0,OK
WIKIPEDIA,P2,996,47,4,124,NP_CROSS,CROSS_MORPHEME, 때문에,때문에,1,1.3729482889175415,2,,,,129147,137141,129147,137141,True,True,False,False,True,126495.0,2.0,-1.3192744255065918, 때문,EXACT,OTHER,not_primary_class,False,False,0.0,OK
WIKIPEDIA,P2,1,41,2,117,WITHIN_SPLIT_PLACEBO,WITHIN_SPLIT,할,역할을,0,0.008368502371013165,3,1.0,121.0,True,47836,47836,47836,47836,True,True,True,True,True,125991.0,2.0,-8.516399383544922,활,WITHIN_SPLIT,OTHER,no_valid_adjacent_boundary,False,True,-1.0,OK
WIKIPEDIA,P2,4,8,3,22,WITHIN_SPLIT_PLACEBO,WITHIN_SPLIT,의,동의가,0,0.055115956813097,3,4.0,27.0,True,20401,20401,20401,20401,True,True,True,True,True,130038.0,2.0,-5.39762020111084,참,WITHIN_SPLIT,OTHER,no_valid_adjacent_boundary,False,True,-1.0,OK
WIKIPEDIA,P2,4,29,2,77,WITHIN_SPLIT_PLACEBO,WITHIN_SPLIT, 역,역할을,0,0.33657458424568176,3,4.0,53.0,True,127864,127864,127864,127864,True,True,True,True,True,85997.0,2.0,-3.806478977203369, 요,EXACT,OTHER,not_primary_class,False,True,-1.0,OK
WIKIPEDIA,P2,25,6,1,20,WITHIN_SPLIT_PLACEBO,WITHIN_SPLIT, 이,이론의,0,0.09122441709041595,3,25.0,0.0,True,23084,23084,23084,23084,True,True,True,True,True,126605.0,2.0,-5.058959007263184,론,EXACT,OTHER,not_primary_class,False,True,-1.0,OK
WIKIPEDIA,P2,27,28,2,79,WITHIN_SPLIT_PLACEBO,WITHIN_SPLIT,치,전자배치에,0,0.022019991651177406,5,27.0,71.0,True,59698,59698,59698,59698,True,True,True,True,True,80901.0,2.0,-6.54945707321167,위,EXACT,OTHER,not_primary_class,False,True,-1.0,OK
WIKIPEDIA,P2,29,15,2,39,WITHIN_SPLIT_PLACEBO,WITHIN_SPLIT, 글,글자로,0,0.5036768913269043,3,29.0,16.0,True,131522,131522,131522,131522,True,True,True,True,True,79921.0,2.0,-5.776803970336914, 문자,EXACT,OTHER,not_primary_class,False,True,-1.0,OK
WIKIPEDIA,P2,31,32,1,85,WITHIN_SPLIT_PLACEBO,WITHIN_SPLIT,크,마르크스의,0,2.432276964187622,5,31.0,89.0,True,81133,81133,81133,81133,True,True,True,True,True,141571.0,2.0,-2.9833548069000244,쿠,WITHIN_SPLIT,OTHER,no_valid_adjacent_boundary,False,True,-1.0,OK
WIKIPEDIA,P2,33,19,1,57,WITHIN_SPLIT_PLACEBO,WITHIN_SPLIT,양,양변에,0,0.010039374232292175,4,33.0,70.0,True,239,239,239,239,True,True,True,True,True,119.0,2.0,-8.469744682312012,얻,EXACT,OTHER,not_primary_class,False,True,-1.0,OK
WIKIPEDIA,P2,33,19,2,58,WITHIN_SPLIT_PLACEBO,WITHIN_SPLIT,변,양변에,0,0.30042868852615356,4,33.0,79.0,True,126667,126667,126667,126667,True,True,True,True,True,132064.0,2.0,-3.2919106483459473,쪽,WITHIN_SPLIT,OTHER,no_valid_adjacent_boundary,False,True,-1.0,OK
WIKIPEDIA,P2,41,24,2,73,WITHIN_SPLIT_PLACEBO,WITHIN_SPLIT,라,스칼라로,0,0.08921437710523605,4,41.0,78.0,True,50340,50340,50340,50340,True,True,True,True,True,129615.0,2.0,-5.261740684509277,라는,CROSS_MORPHEME,NOMINAL_TO_PARTICLE,crossed_boundary,False,True,-1.0,OK
WIKIPEDIA,P2,41,23,2,69,WITHIN_SPLIT_PLACEBO,WITHIN_SPLIT,소,원소를,0,0.03469964489340782,3,41.0,105.0,True,43590,43590,43590,43590,True,True,True,True,True,53442.0,2.0,-6.940751552581787,래,WITHIN_SPLIT,OTHER,no_valid_adjacent_boundary,False,True,-1.0,OK
WIKIPEDIA,P2,42,20,3,55,WITHIN_SPLIT_PLACEBO,WITHIN_SPLIT,면,평면에,0,0.0667123943567276,4,42.0,63.0,True,32290,32290,32290,32290,True,True,True,True,True,124528.0,2.0,-6.741420745849609,행,WITHIN_SPLIT,OTHER,no_valid_adjacent_boundary,False,True,-1.0,OK
WIKIPEDIA,P2,42,18,3,47,WITHIN_SPLIT_PLACEBO,WITHIN_SPLIT,체,물체를,0,0.13900627195835114,3,42.0,112.0,True,49543,49543,49543,49543,True,True,True,True,True,124873.0,2.0,-4.596823215484619,건,WITHIN_SPLIT,OTHER,no_valid_adjacent_boundary,False,True,-1.0,OK
WIKIPEDIA,P2,45,8,2,26,WITHIN_SPLIT_PLACEBO,WITHIN_SPLIT, 정,정리를,0,1.3442448377609253,2,45.0,1.0,True,36055,36055,36055,36055,True,True,True,True,True,29281.0,2.0,-2.363107919692993,정,EXACT,OTHER,not_primary_class,False,True,-1.0,OK
WIKIPEDIA,P2,45,18,3,59,WITHIN_SPLIT_PLACEBO,WITHIN_SPLIT, 정,정리를,0,1.4160730838775635,2,45.0,27.0,True,36055,36055,36055,36055,True,True,True,True,True,126674.0,2.0,-2.426055431365967, 문제,EXACT,OTHER,not_primary_class,False,True,-1.0,OK
WIKIPEDIA,P2,45,24,2,76,WITHIN_SPLIT_PLACEBO,WITHIN_SPLIT,명,증명은,0,0.0610276535153389,4,45.0,60.0,True,79632,79632,79632,79632,True,True,True,True,True,92192.0,2.0,-5.8817925453186035,거,WITHIN_SPLIT,OTHER,no_valid_adjacent_boundary,False,True,-1.0,OK
WIKIPEDIA,P2,45,30,1,97,WITHIN_SPLIT_PLACEBO,WITHIN_SPLIT,러,오일러는,0,0.01045370101928711,4,45.0,101.0,True,60294,60294,60294,60294,True,True,True,True,True,126673.0,2.0,-6.96992826461792,레,WITHIN_SPLIT,OTHER,no_valid_adjacent_boundary,False,True,-1.0,OK
WIKIPEDIA,P2,58,6,3,14,WITHIN_SPLIT_PLACEBO,WITHIN_SPLIT,파,전자기파의,0,2.343508243560791,5,58.0,10.0,True,126793,126793,126793,126793,True,True,True,True,True,28754.0,2.0,-1.5120775699615479,력,WITHIN_SPLIT,OTHER,no_valid_adjacent_boundary,False,True,-1.0,OK
WIKIPEDIA,P2,58,22,3,60,WITHIN_SPLIT_PLACEBO,WITHIN_SPLIT,질,성질을,0,0.10353820770978928,3,58.0,28.0,True,128732,128732,128732,128732,True,True,True,True,True,126614.0,2.0,-4.11236047744751,격,WITHIN_SPLIT,OTHER,no_valid_adjacent_boundary,False,True,-1.0,OK
WIKIPEDIA,P2,58,16,3,47,WITHIN_SPLIT_PLACEBO,WITHIN_SPLIT,파,전자기파의,0,1.5890543460845947,5,58.0,32.0,True,126793,126793,126793,126793,True,True,True,True,True,28754.0,2.0,-2.1347692012786865,력,WITHIN_SPLIT,OTHER,no_valid_adjacent_boundary,False,True,-1.0,OK
WIKIPEDIA,P2,58,31,3,96,WITHIN_SPLIT_PLACEBO,WITHIN_SPLIT,광,광자는,0,0.026352161541581154,4,58.0,43.0,True,239,239,239,239,True,True,True,True,True,112.0,2.0,-6.175146579742432,괴,EXACT,OTHER,not_primary_class,False,True,-1.0,OK
WIKIPEDIA,P2,58,18,1,50,WITHIN_SPLIT_PLACEBO,WITHIN_SPLIT,장,파장과,1,1.5730617046356201,4,58.0,62.0,True,40853,57089,40853,57089,True,True,False,False,True,57089.0,2.0,-0.9101340174674988,동,WITHIN_SPLIT,OTHER,no_valid_adjacent_boundary,True,False,1.0,OK
WIKIPEDIA,P2,58,26,1,74,WITHIN_SPLIT_PLACEBO,WITHIN_SPLIT,파,전자기파의,0,1.2927066087722778,5,58.0,70.0,True,126793,126793,126793,126793,True,True,True,True,True,28754.0,2.0,-2.2199156284332275,력,WITHIN_SPLIT,OTHER,no_valid_adjacent_boundary,False,True,-1.0,OK
WIKIPEDIA,P2,58,29,2,87,WITHIN_SPLIT_PLACEBO,WITHIN_SPLIT,질,성질을,0,0.04298132285475731,3,58.0,89.0,True,128732,128732,128732,128732,True,True,True,True,True,126614.0,2.0,-5.349769115447998,격,WITHIN_SPLIT,OTHER,no_valid_adjacent_boundary,False,True,-1.0,OK
WIKIPEDIA,P2,58,31,2,95,WITHIN_SPLIT_PLACEBO,WITHIN_SPLIT,광,광자는,0,0.003583743004128337,4,58.0,97.0,True,112,112,112,112,True,True,True,True,True,27757.0,16.0,-15.109713554382324,궈,EXACT,OTHER,not_primary_class,False,True,-1.0,OK
WIKIPEDIA,P2,58,38,2,123,WITHIN_SPLIT_PLACEBO,WITHIN_SPLIT,광,광자는,0,0.016274580731987953,4,58.0,116.0,True,239,239,239,239,True,True,True,True,True,112.0,4.0,-8.376890182495117,괴,EXACT,OTHER,not_primary_class,False,True,-1.0,OK
WIKIPEDIA,P2,58,38,1,122,WITHIN_SPLIT_PLACEBO,WITHIN_SPLIT,광,광자는,0,0.0007148868171498179,4,58.0,124.0,True,112,112,112,112,True,True,True,True,True,27757.0,16.0,-16.671934127807617,궈,EXACT,OTHER,not_primary_class,False,True,-1.0,OK
WIKIPEDIA,P2,59,0,3,2,WITHIN_SPLIT_PLACEBO,WITHIN_SPLIT,계,통계를,0,0.006957774981856346,3,59.0,15.0,True,124781,124781,124781,124781,True,True,True,True,True,12802.0,2.0,-10.109901428222656,이,EXACT,OTHER,not_primary_class,False,True,-1.0,OK
WIKIPEDIA,P2,59,44,2,123,WITHIN_SPLIT_PLACEBO,WITHIN_SPLIT,손,보손은,0,0.6119899153709412,3,59.0,109.0,True,130640,130640,130640,130640,True,True,True,True,True,24897.0,2.0,-2.415001153945923,스,WITHIN_SPLIT,OTHER,no_valid_adjacent_boundary,False,True,-1.0,OK
WIKIPEDIA,P2,62,15,1,45,WITHIN_SPLIT_PLACEBO,WITHIN_SPLIT, 기,기초를,1,4.137096405029297,4,62.0,29.0,True,54116,48364,54116,48364,True,True,False,False,True,136089.0,4.0,-2.620561122894287, 기본,EXACT,OTHER,not_primary_class,False,False,0.0,OK
WIKIPEDIA,P2,72,3,2,9,WITHIN_SPLIT_PLACEBO,WITHIN_SPLIT,니,메커니즘을,0,0.0022200371604412794,5,72.0,2.0,True,83036,83036,83036,83036,True,True,True,True,True,144310.0,2.0,-9.625187873840332,닉,WITHIN_SPLIT,OTHER,no_valid_adjacent_boundary,False,True,-1.0,OK
WIKIPEDIA,P2,73,28,1,79,WITHIN_SPLIT_PLACEBO,WITHIN_SPLIT,하,색전하를,0,0.6320457458496094,5,73.0,93.0,True,16186,16186,16186,16186,True,True,True,True,True,42905.0,2.0,-3.884978771209717,하는,CROSS_MORPHEME,NOMINAL_TO_PARTICLE,crossed_boundary,False,True,-1.0,OK
WIKIPEDIA,P2,77,15,3,50,WITHIN_SPLIT_PLACEBO,WITHIN_SPLIT,아,갈루아는,0,0.09264466166496277,5,77.0,34.0,True,52959,52959,52959,52959,True,True,True,True,True,83036.0,2.0,-5.9638776779174805,니,WITHIN_SPLIT,OTHER,no_valid_adjacent_boundary,False,True,-1.0,OK
WIKIPEDIA,P2,77,18,3,59,WITHIN_SPLIT_PLACEBO,WITHIN_SPLIT,식,방정식의,0,0.002091493923217058,4,77.0,71.0,True,76337,76337,76337,76337,True,True,True,True,True,106158.0,2.0,-9.343923568725586,式的,EXACT,OTHER,not_primary_class,False,True,-1.0,OK
WIKIPEDIA,P2,84,21,1,65,WITHIN_SPLIT_PLACEBO,WITHIN_SPLIT,기,여기서,0,0.07514895498752594,3,84.0,60.0,True,20487,20487,20487,20487,True,True,True,True,True,60294.0,2.0,-5.6188812255859375,러,WITHIN_SPLIT,OTHER,no_valid_adjacent_boundary,False,True,-1.0,OK
WIKIPEDIA,P2,84,32,3,110,WITHIN_SPLIT_PLACEBO,WITHIN_SPLIT, 크,크기는,0,0.0960567444562912,2,84.0,111.0,True,143230,143230,143230,143230,True,True,True,True,True,74808.0,2.0,-6.572461128234863, 방,EXACT,OTHER,not_primary_class,False,True,-1.0,OK
WIKIPEDIA,P2,87,24,1,62,WITHIN_SPLIT_PLACEBO,WITHIN_SPLIT, 관,관계를,1,3.8283138275146484,2,87.0,37.0,True,92751,130037,92751,130037,True,True,False,False,True,130037.0,2.0,-2.0115561485290527, 사실,EXACT,OTHER,not_primary_class,True,False,1.0,OK
WIKIPEDIA,P2,88,1,2,2,WITHIN_SPLIT_PLACEBO,WITHIN_SPLIT, 기,기여는,0,3.0136070251464844,3,88.0,69.0,True,54116,54116,54116,54116,True,True,True,True,True,126440.0,2.0,-2.242349624633789, 영,EXACT,OTHER,not_primary_class,False,True,-1.0,OK
WIKIPEDIA,P2,89,20,1,63,WITHIN_SPLIT_PLACEBO,WITHIN_SPLIT,장,전자기장의,0,0.9028292894363403,5,89.0,59.0,True,40853,40853,40853,40853,True,True,True,True,True,126793.0,2.0,-1.6121647357940674,파,WITHIN_SPLIT,OTHER,no_valid_adjacent_boundary,False,True,-1.0,OK
WIKIPEDIA,P2,90,17,2,51,WITHIN_SPLIT_PLACEBO,WITHIN_SPLIT,기,전자기력의,0,1.601633906364441,5,90.0,55.0,True,20487,20487,20487,20487,True,True,True,True,True,80573.0,2.0,-2.5185110569000244,와,EXACT,OTHER,not_primary_class,False,True,-1.0,OK
WIKIPEDIA,P2,90,32,1,92,WITHIN_SPLIT_PLACEBO,WITHIN_SPLIT, 크,크기는,0,1.1449644565582275,2,90.0,93.0,True,143230,143230,143230,143230,True,True,True,True,True,56419.0,2.0,-1.2267580032348633, 전,EXACT,OTHER,not_primary_class,False,True,-1.0,OK
WIKIPEDIA,P2,92,9,1,22,WITHIN_SPLIT_PLACEBO,WITHIN_SPLIT,식,행렬식은,0,0.7630505561828613,4,92.0,0.0,True,76337,76337,76337,76337,True,True,True,True,True,20401.0,2.0,-2.9443204402923584,의,EXACT,OTHER,not_primary_class,False,True,-1.0,OK
WIKIPEDIA,P2,96,15,1,42,WITHIN_SPLIT_PLACEBO,WITHIN_SPLIT,리,원리가,1,0.705679178237915,2,96.0,35.0,True,28002,133886,28002,133886,True,True,False,False,True,133886.0,2.0,-1.0323786735534668,리를,CROSS_MORPHEME,NOMINAL_TO_PARTICLE,crossed_boundary,True,False,1.0,OK
WIKIPEDIA,P2,96,38,3,120,WITHIN_SPLIT_PLACEBO,WITHIN_SPLIT,그,웨인버그의,0,0.029866471886634827,6,96.0,112.0,True,48606,48606,48606,48606,True,True,True,True,True,92192.0,2.0,-6.753163814544678,거,WITHIN_SPLIT,LEXICAL_TO_LEXICAL,nearest_adjacent_boundary,False,True,-1.0,OK
WIKIPEDIA,P2,97,18,1,52,WITHIN_SPLIT_PLACEBO,WITHIN_SPLIT, 기,기초는,0,3.004735231399536,3,97.0,15.0,True,54116,54116,54116,54116,True,True,True,True,True,16560.0,2.0,-1.5470428466796875,는,EXACT,OTHER,not_primary_class,False,True,-1.0,OK
WIKIPEDIA,P2,100,4,2,15,WITHIN_SPLIT_PLACEBO,WITHIN_SPLIT,터,행벡터를,0,0.00786557700484991,4,100.0,2.0,True,33861,33861,33861,33861,True,True,True,True,True,129283.0,2.0,-8.563194274902344,토,WITHIN_SPLIT,OTHER,no_valid_adjacent_boundary,False,True,-1.0,OK
WIKIPEDIA,P2,103,12,2,30,WITHIN_SPLIT_PLACEBO,WITHIN_SPLIT,학,과학자가,0,0.05501130223274231,4,103.0,31.0,True,124632,124632,124632,124632,True,True,True,True,True,92192.0,2.0,-6.053193092346191,거,WITHIN_SPLIT,OTHER,no_valid_adjacent_boundary,False,True,-1.0,OK
WIKIPEDIA,P2,106,19,3,66,WITHIN_SPLIT_PLACEBO,WITHIN_SPLIT,지,중심지로,0,0.4487696886062622,3,106.0,76.0,True,21329,21329,21329,21329,True,True,True,True,True,133120.0,2.0,-2.962660074234009,지를,CROSS_MORPHEME,NOMINAL_TO_PARTICLE,crossed_boundary,False,True,-1.0,OK
WIKIPEDIA,P2,111,4,1,13,WITHIN_SPLIT_PLACEBO,WITHIN_SPLIT,써,이로써,1,1.0979186296463013,2,111.0,27.0,True,135660,58677,135660,58677,True,True,False,False,True,58677.0,2.0,-1.2169699668884277, 인,EXACT,OTHER,not_primary_class,True,False,1.0,OK
WIKIPEDIA,P2,119,3,1,12,WITHIN_SPLIT_PLACEBO,WITHIN_SPLIT, 질,질량과,0,1.9349907636642456,3,119.0,8.0,True,138519,138519,138519,138519,True,True,True,True,True,132028.0,3.0,-2.6812026500701904, 운,EXACT,OTHER,not_primary_class,False,True,-1.0,OK
WIKIPEDIA,P2,119,13,3,48,WITHIN_SPLIT_PLACEBO,WITHIN_SPLIT,너,에너지를,0,0.008218729868531227,3,119.0,49.0,True,127085,127085,127085,127085,True,True,True,True,True,60294.0,2.0,-7.766429424285889,러,WITHIN_SPLIT,OTHER,no_valid_adjacent_boundary,False,True,-1.0,OK
WIKIPEDIA,P2,119,26,1,91,WITHIN_SPLIT_PLACEBO,WITHIN_SPLIT,너,에너지는,0,0.0021341789979487658,3,119.0,83.0,True,127085,127085,127085,127085,True,True,True,True,True,60294.0,2.0,-10.140788078308105,러,WITHIN_SPLIT,OTHER,no_valid_adjacent_boundary,False,True,-1.0,OK
WIKIPEDIA,P2,119,13,2,47,WITHIN_SPLIT_PLACEBO,WITHIN_SPLIT, 에,에너지를,0,0.2631692588329315,3,119.0,92.0,True,90486,90486,90486,90486,True,True,True,True,True,142653.0,3.0,-4.256637096405029,에너지,EXACT,OTHER,not_primary_class,False,True,-1.0,OK
WIKIPEDIA,P2,119,30,1,104,WITHIN_SPLIT_PLACEBO,WITHIN_SPLIT,계,관계를,0,0.20527955889701843,4,119.0,120.0,True,124781,124781,124781,124781,True,True,True,True,True,32831.0,2.0,-4.296632289886475,성,WITHIN_SPLIT,OTHER,no_valid_adjacent_boundary,False,True,-1.0,OK
WIKIPEDIA,P2,125,31,2,94,WITHIN_SPLIT_PLACEBO,WITHIN_SPLIT, 소,소장을,0,3.034059762954712,4,125.0,95.0,True,126291,126291,126291,126291,True,True,True,True,True,60960.0,2.0,-2.900425910949707, 대,EXACT,OTHER,not_primary_class,False,True,-1.0,OK
WIKIPEDIA,P2,132,43,3,119,WITHIN_SPLIT_PLACEBO,WITHIN_SPLIT,용,용기에,0,0.013379763811826706,4,132.0,120.0,True,102,102,102,102,True,True,True,True,True,243.0,2.0,-6.54854679107666,욕,EXACT,OTHER,not_primary_class,False,True,-1.0,OK
WIKIPEDIA,P2,134,10,3,24,WITHIN_SPLIT_PLACEBO,WITHIN_SPLIT,어,통신언어의,0,0.0020374502055346966,5,134.0,44.0,True,31079,31079,31079,31079,True,True,True,True,True,124528.0,2.0,-10.328271865844727,행,WITHIN_SPLIT,OTHER,no_valid_adjacent_boundary,False,True,-1.0,OK
WIKIPEDIA,P2,136,5,1,16,WITHIN_SPLIT_PLACEBO,WITHIN_SPLIT,시,메시지를,0,0.9789304137229919,3,136.0,17.0,True,29326,29326,29326,29326,True,True,True,True,True,32077.0,2.0,-1.8770571947097778,일,WITHIN_SPLIT,OTHER,no_valid_adjacent_boundary,False,True,-1.0,OK
WIKIPEDIA,P2,138,13,2,43,WITHIN_SPLIT_PLACEBO,WITHIN_SPLIT, 형,형식으로,0,0.36153608560562134,3,138.0,55.0,True,141965,141965,141965,141965,True,True,True,True,True,128909.0,2.0,-4.964317321777344,형,EXACT,OTHER,not_primary_class,False,True,-1.0,OK
WIKIPEDIA,P2,141,19,2,52,WITHIN_SPLIT_PLACEBO,WITHIN_SPLIT,전,발전으로,0,0.683220624923706,3,141.0,122.0,True,65865,65865,65865,65865,True,True,True,True,True,129062.0,2.0,-1.7972009181976318,달,WITHIN_SPLIT,OTHER,no_valid_adjacent_boundary,False,True,-1.0,OK
WIKIPEDIA,P2,165,9,1,21,WITHIN_SPLIT_PLACEBO,WITHIN_SPLIT,리,초파리의,0,0.8352941870689392,4,165.0,45.0,True,28002,28002,28002,28002,True,True,True,True,True,132920.0,2.0,-0.8654114603996277,리는,CROSS_MORPHEME,NOMINAL_TO_PARTICLE,crossed_boundary,False,True,-1.0,OK
WIKIPEDIA,P2,165,39,3,115,WITHIN_SPLIT_PLACEBO,WITHIN_SPLIT, 크,크기가,0,0.35308319330215454,2,165.0,116.0,True,143230,143230,143230,143230,True,True,True,True,True,20401.0,2.0,-4.0652995109558105,의,EXACT,OTHER,not_primary_class,False,True,-1.0,OK
WIKIPEDIA,P2,178,1,1,1,WITHIN_SPLIT_PLACEBO,WITHIN_SPLIT, 용,용어로,1,2.643789768218994,5,178.0,0.0,True,65722,92751,65722,92751,True,True,False,False,True,132989.0,2.0,-1.4203975200653076, 의미,EXACT,OTHER,not_primary_class,False,False,0.0,OK
WIKIPEDIA,P2,193,8,1,17,WITHIN_SPLIT_PLACEBO,WITHIN_SPLIT, 통,통신망은,1,3.685882091522217,4,193.0,7.0,True,125206,16560,125206,16560,True,True,False,False,True,16560.0,2.0,-1.9413485527038574,는,EXACT,OTHER,not_primary_class,True,False,1.0,OK
WIKIPEDIA,P2,195,35,2,100,WITHIN_SPLIT_PLACEBO,WITHIN_SPLIT, 공,공리의,1,0.43902838230133057,2,195.0,16.0,True,125466,58440,125466,58440,True,True,False,False,True,58440.0,2.0,-2.612173318862915, 함수,EXACT,OTHER,not_primary_class,True,False,1.0,OK
WIKIPEDIA,P2,195,23,2,70,WITHIN_SPLIT_PLACEBO,WITHIN_SPLIT, 버,버전으로,1,3.0633656978607178,2,195.0,38.0,True,86831,141966,86831,141966,True,True,False,False,True,141966.0,2.0,-2.037771701812744, 형태,EXACT,OTHER,not_primary_class,True,False,1.0,OK
WIKIPEDIA,P2,195,25,2,73,WITHIN_SPLIT_PLACEBO,WITHIN_SPLIT, 공,공리의,0,3.589019536972046,3,195.0,61.0,True,125466,125466,125466,125466,True,True,True,True,True,58440.0,2.0,-2.0577878952026367, 함수,EXACT,OTHER,not_primary_class,False,True,-1.0,OK
WIKIPEDIA,P2,195,33,1,94,WITHIN_SPLIT_PLACEBO,WITHIN_SPLIT, 집,집합의,0,1.3437308073043823,3,195.0,62.0,True,130263,130263,130263,130263,True,True,True,True,True,126886.0,2.0,-3.280708074569702,집,WITHIN_SPLIT,OTHER,no_valid_adjacent_boundary,False,True,-1.0,OK
WIKIPEDIA,P2,195,40,1,115,WITHIN_SPLIT_PLACEBO,WITHIN_SPLIT, 공,공리의,0,0.5667119026184082,3,195.0,113.0,True,125466,125466,125466,125466,True,True,True,True,True,58440.0,2.0,-4.185738563537598, 함수,EXACT,OTHER,not_primary_class,False,True,-1.0,OK
WIKIPEDIA,P2,198,9,3,26,WITHIN_SPLIT_PLACEBO,WITHIN_SPLIT,술,기술을,0,1.3429245948791504,3,198.0,18.0,True,125880,125880,125880,125880,True,True,True,True,True,124781.0,2.0,-1.6612962484359741,계,WITHIN_SPLIT,OTHER,no_valid_adjacent_boundary,False,True,-1.0,OK
WIKIPEDIA,P2,198,13,3,42,WITHIN_SPLIT_PLACEBO,WITHIN_SPLIT,술,기술을,0,0.4176158905029297,3,198.0,34.0,True,125880,125880,125880,125880,True,True,True,True,True,124781.0,2.0,-2.972639799118042,계,WITHIN_SPLIT,OTHER,no_valid_adjacent_boundary,False,True,-1.0,OK
WIKIPEDIA,P2,198,17,3,58,WITHIN_SPLIT_PLACEBO,WITHIN_SPLIT,술,기술을,0,0.035111378878355026,3,198.0,50.0,True,125880,125880,125880,125880,True,True,True,True,True,124781.0,2.0,-6.160228252410889,계,WITHIN_SPLIT,OTHER,no_valid_adjacent_boundary,False,True,-1.0,OK
WIKIPEDIA,P2,198,21,3,74,WITHIN_SPLIT_PLACEBO,WITHIN_SPLIT,술,기술을,0,0.0056441957131028175,3,198.0,66.0,True,125880,125880,125880,125880,True,True,True,True,True,124517.0,2.0,-9.26608657836914,업,WITHIN_SPLIT,OTHER,no_valid_adjacent_boundary,False,True,-1.0,OK
WIKIPEDIA,P2,198,25,3,90,WITHIN_SPLIT_PLACEBO,WITHIN_SPLIT,술,기술을,0,0.0027581623289734125,3,198.0,82.0,True,125880,125880,125880,125880,True,True,True,True,True,124517.0,2.0,-10.234585762023926,업,WITHIN_SPLIT,OTHER,no_valid_adjacent_boundary,False,True,-1.0,OK
WIKIPEDIA,P2,198,29,3,106,WITHIN_SPLIT_PLACEBO,WITHIN_SPLIT,술,기술을,0,0.0018449247581884265,3,198.0,98.0,True,125880,125880,125880,125880,True,True,True,True,True,131040.0,2.0,-10.484511375427246,기술,EXACT,OTHER,not_primary_class,False,True,-1.0,OK
WIKIPEDIA,P2,198,33,3,122,WITHIN_SPLIT_PLACEBO,WITHIN_SPLIT,술,기술을,0,0.0015674922615289688,3,198.0,114.0,True,125880,125880,125880,125880,True,True,True,True,True,131040.0,2.0,-10.406366348266602,기술,EXACT,OTHER,not_primary_class,False,True,-1.0,OK
WIKIPEDIA,P2,202,13,3,35,WITHIN_SPLIT_PLACEBO,WITHIN_SPLIT,인,중국인은,0,0.8851436972618103,3,202.0,15.0,True,31328,31328,31328,31328,True,True,True,True,True,135227.0,2.0,-2.0537071228027344,인이,CROSS_MORPHEME,NOMINAL_TO_PARTICLE,crossed_boundary,False,True,-1.0,OK
WIKIPEDIA,P2,202,31,3,99,WITHIN_SPLIT_PLACEBO,WITHIN_SPLIT,인,중국인은,0,0.8879307508468628,3,202.0,52.0,True,31328,31328,31328,31328,True,True,True,True,True,31079.0,2.0,-1.7995834350585938,어,WITHIN_SPLIT,OTHER,no_valid_adjacent_boundary,False,True,-1.0,OK
WIKIPEDIA,P2,202,24,1,70,WITHIN_SPLIT_PLACEBO,WITHIN_SPLIT,인,중국인은,0,0.9562355875968933,3,202.0,77.0,True,31328,31328,31328,31328,True,True,True,True,True,31079.0,2.0,-1.4678657054901123,어,WITHIN_SPLIT,OTHER,no_valid_adjacent_boundary,False,True,-1.0,OK
WIKIPEDIA,P2,202,25,1,73,WITHIN_SPLIT_PLACEBO,WITHIN_SPLIT,칙,규칙을,0,0.0017457316862419248,3,202.0,85.0,True,135092,135092,135092,135092,True,True,True,True,True,130765.0,2.0,-10.70324993133545,범,WITHIN_SPLIT,OTHER,no_valid_adjacent_boundary,False,True,-1.0,OK
WIKIPEDIA,P2,203,20,1,53,WITHIN_SPLIT_PLACEBO,WITHIN_SPLIT,스,시스템에서,0,0.6769102215766907,7,203.0,38.0,True,24897,24897,24897,24897,True,True,True,True,True,28002.0,2.0,-3.9058289527893066,리,WITHIN_SPLIT,OTHER,no_valid_adjacent_boundary,False,True,-1.0,OK
WIKIPEDIA,P2,204,6,1,16,WITHIN_SPLIT_PLACEBO,WITHIN_SPLIT,말,단말기는,0,0.04294196516275406,3,204.0,17.0,True,127452,127452,127452,127452,True,True,True,True,True,25715.0,2.0,-7.691525459289551,자,WITHIN_SPLIT,OTHER,no_valid_adjacent_boundary,False,True,-1.0,OK
WIKIPEDIA,P2,204,30,3,113,WITHIN_SPLIT_PLACEBO,WITHIN_SPLIT,능,기능이,0,0.0017328477697446942,3,204.0,42.0,True,66019,66019,66019,66019,True,True,True,True,True,125880.0,2.0,-10.703250885009766,술,WITHIN_SPLIT,OTHER,no_valid_adjacent_boundary,False,True,-1.0,OK
WIKIPEDIA,P2,204,30,2,112,WITHIN_SPLIT_PLACEBO,WITHIN_SPLIT, 기,기능이,0,0.02923370897769928,3,204.0,100.0,True,54116,54116,54116,54116,True,True,True,True,True,20487.0,2.0,-6.9715189933776855,기,EXACT,OTHER,not_primary_class,False,True,-1.0,OK
WIKIPEDIA,P2,204,32,3,121,WITHIN_SPLIT_PLACEBO,WITHIN_SPLIT,능,기능을,0,0.00572134368121624,3,204.0,125.0,True,66019,66019,66019,66019,True,True,True,True,True,124517.0,2.0,-9.922318458557129,업,WITHIN_SPLIT,OTHER,no_valid_adjacent_boundary,False,True,-1.0,OK
WIKIPEDIA,P2,205,8,2,32,WITHIN_SPLIT_PLACEBO,WITHIN_SPLIT, 기,기종에,0,1.9065362215042114,3,205.0,5.0,True,54116,54116,54116,54116,True,True,True,True,True,6673.0,2.0,-1.8082520961761475, PC,EXACT,OTHER,not_primary_class,False,True,-1.0,OK
WIKIPEDIA,P2,206,19,1,55,WITHIN_SPLIT_PLACEBO,WITHIN_SPLIT, 장,장치로,0,2.917842388153076,3,206.0,29.0,True,129359,129359,129359,129359,True,True,True,True,True,54116.0,2.0,-1.974243402481079, 기,EXACT,OTHER,not_primary_class,False,True,-1.0,OK
WIKIPEDIA,P2,208,16,1,44,WITHIN_SPLIT_PLACEBO,WITHIN_SPLIT, 지,지식을,1,3.4917473793029785,2,208.0,13.0,True,66790,133329,66790,133329,True,True,False,False,True,133329.0,2.0,-1.8364741802215576, 이해,EXACT,OTHER,not_primary_class,True,False,1.0,OK
WIKIPEDIA,P2,209,25,1,72,WITHIN_SPLIT_PLACEBO,WITHIN_SPLIT,외,외부에는,0,0.0005033265915699303,4,209.0,76.0,True,116,116,116,116,True,True,True,True,True,226.0,3.0,-11.453166961669922,완,EXACT,OTHER,not_primary_class,False,True,-1.0,OK
WIKIPEDIA,P2,209,36,1,116,WITHIN_SPLIT_PLACEBO,WITHIN_SPLIT,외,외부에는,0,0.0003904788172803819,4,209.0,120.0,True,116,116,116,116,True,True,True,True,True,226.0,2.0,-11.328155517578125,완,EXACT,OTHER,not_primary_class,False,True,-1.0,OK
WIKIPEDIA,P2,210,29,3,86,WITHIN_SPLIT_PLACEBO,WITHIN_SPLIT,스,리눅스를,0,0.010481202974915504,4,210.0,57.0,True,24897,24897,24897,24897,True,True,True,True,True,144108.0,2.0,-8.172829627990723,싱,WITHIN_SPLIT,OTHER,no_valid_adjacent_boundary,False,True,-1.0,OK
WIKIPEDIA,P2,210,29,1,84,WITHIN_SPLIT_PLACEBO,WITHIN_SPLIT, 리,리눅스를,0,3.0009565353393555,4,210.0,92.0,True,56983,56983,56983,56983,True,True,True,True,True,20401.0,2.0,-2.4263129234313965,의,EXACT,OTHER,not_primary_class,False,True,-1.0,OK
WIKIPEDIA,P2,210,38,2,121,WITHIN_SPLIT_PLACEBO,WITHIN_SPLIT,스,리눅스를,0,0.0027548898942768574,4,210.0,127.0,True,24897,24897,24897,24897,True,True,True,True,True,144108.0,2.0,-10.140846252441406,싱,WITHIN_SPLIT,OTHER,no_valid_adjacent_boundary,False,True,-1.0,OK
WIKIPEDIA,P2,212,7,3,23,WITHIN_SPLIT_PLACEBO,WITHIN_SPLIT,성,양성자는,0,0.5082681179046631,4,212.0,2.0,True,32831,32831,32831,32831,True,True,True,True,True,25715.0,2.0,-3.780351161956787,자,WITHIN_SPLIT,OTHER,no_valid_adjacent_boundary,False,True,-1.0,OK
WIKIPEDIA,P2,212,13,3,40,WITHIN_SPLIT_PLACEBO,WITHIN_SPLIT,소,원소의,1,1.1472115516662598,3,212.0,24.0,True,43590,25715,43590,25715,True,True,False,False,True,131958.0,2.0,-1.298629879951477,자의,CROSS_MORPHEME,NOMINAL_TO_PARTICLE,crossed_boundary,False,False,0.0,OK
WIKIPEDIA,P2,212,10,3,32,WITHIN_SPLIT_PLACEBO,WITHIN_SPLIT,호,번호와,0,0.08100951462984085,3,212.0,28.0,True,47324,47324,47324,47324,True,True,True,True,True,21329.0,2.0,-4.668890953063965,지,WITHIN_SPLIT,OTHER,no_valid_adjacent_boundary,False,True,-1.0,OK
WIKIPEDIA,P2,227,45,1,123,WITHIN_SPLIT_PLACEBO,WITHIN_SPLIT,계,원통좌표계에서의,0,0.2516588568687439,6,227.0,114.0,True,124781,124781,124781,124781,True,True,True,True,True,56475.0,2.0,-5.142410755157471,에서,EXACT,OTHER,not_primary_class,False,True,-1.0,OK
WIKIPEDIA,P2,236,20,2,63,WITHIN_SPLIT_PLACEBO,WITHIN_SPLIT,어,소프트웨어나,0,8.672157127875835e-05,6,236.0,40.0,True,31079,31079,31079,31079,True,True,True,True,True,124685.0,2.0,-12.687505722045898, 어,EXACT,OTHER,not_primary_class,False,True,-1.0,OK
WIKIPEDIA,P2,239,26,1,77,WITHIN_SPLIT_PLACEBO,WITHIN_SPLIT, 시,시장을,0,0.44834277033805847,2,239.0,78.0,True,44518,44518,44518,44518,True,True,True,True,True,29326.0,2.0,-4.685743808746338,시,EXACT,OTHER,not_primary_class,False,True,-1.0,OK
WIKIPEDIA,P2,242,24,3,68,WITHIN_SPLIT_PLACEBO,WITHIN_SPLIT,식,방식으로,0,0.005572156049311161,3,242.0,72.0,True,76337,76337,76337,76337,True,True,True,True,True,129321.0,4.0,-10.328572273254395,향,WITHIN_SPLIT,OTHER,no_valid_adjacent_boundary,False,True,-1.0,OK
WIKIPEDIA,P2,242,36,2,108,WITHIN_SPLIT_PLACEBO,WITHIN_SPLIT,식,방식으로,0,0.005831498187035322,3,242.0,112.0,True,76337,76337,76337,76337,True,True,True,True,True,126321.0,4.0,-10.484859466552734,방,EXACT,OTHER,not_primary_class,False,True,-1.0,OK
WIKIPEDIA,P2,253,27,3,95,WITHIN_SPLIT_PLACEBO,WITHIN_SPLIT,스트,하이퍼텍스트는,0,0.0024239153135567904,6,253.0,36.0,True,53189,53189,53189,53189,True,True,True,True,True,24897.0,2.0,-8.515862464904785,스,WITHIN_SPLIT,OTHER,no_valid_adjacent_boundary,False,True,-1.0,OK
WIKIPEDIA,P2,253,19,1,61,WITHIN_SPLIT_PLACEBO,WITHIN_SPLIT,스트,하이퍼텍스트는,0,0.006227738689631224,6,253.0,53.0,True,53189,53189,53189,53189,True,True,True,True,True,24897.0,2.0,-7.422560691833496,스,WITHIN_SPLIT,OTHER,no_valid_adjacent_boundary,False,True,-1.0,OK
WIKIPEDIA,P2,253,23,2,78,WITHIN_SPLIT_PLACEBO,WITHIN_SPLIT,스트,하이퍼텍스트는,0,0.005326762795448303,6,253.0,70.0,True,53189,53189,53189,53189,True,True,True,True,True,24897.0,2.0,-7.563089847564697,스,WITHIN_SPLIT,OTHER,no_valid_adjacent_boundary,False,True,-1.0,OK
WIKIPEDIA,P2,253,28,3,99,WITHIN_SPLIT_PLACEBO,WITHIN_SPLIT,스트,텍스트를,0,0.006551551166921854,4,253.0,87.0,True,53189,53189,53189,53189,True,True,True,True,True,140532.0,2.0,-8.000654220581055,스크,WITHIN_SPLIT,OTHER,no_valid_adjacent_boundary,False,True,-1.0,OK
WIKIPEDIA,P2,253,28,2,98,WITHIN_SPLIT_PLACEBO,WITHIN_SPLIT,텍,텍스트를,0,0.00032244593603536487,4,253.0,104.0,True,44104,44104,44104,44104,True,True,True,True,True,72509.0,4.0,-12.57814884185791,테,EXACT,OTHER,not_primary_class,False,True,-1.0,OK
WIKIPEDIA,P2,253,28,1,97,WITHIN_SPLIT_PLACEBO,WITHIN_SPLIT, 텍,텍스트를,0,0.1303565800189972,4,253.0,121.0,True,10764,10764,10764,10764,True,True,True,True,True,83315.0,2.0,-5.919476509094238, 초,EXACT,OTHER,not_primary_class,False,True,-1.0,OK
WIKIPEDIA,P2,255,0,2,1,WITHIN_SPLIT_PLACEBO,WITHIN_SPLIT, 서,서버나,1,3.4003076553344727,2,255.0,6.0,True,89860,11,89860,11,True,True,False,False,True,130778.0,2.0,-1.9210160970687866, 서비스,EXACT,OTHER,not_primary_class,False,False,0.0,OK
WIKIPEDIA,P2,458,3,1,11,WITHIN_SPLIT_PLACEBO,WITHIN_SPLIT,작,공작이,0,2.0676517486572266,2,255.0,8.0,False,67511,67511,67511,67511,True,True,True,True,True,56290.0,2.0,-1.4278857707977295,화,WITHIN_SPLIT,OTHER,no_valid_adjacent_boundary,False,True,-1.0,OK
WIKIPEDIA,P2,138,9,4,29,WITHIN_SPLIT_PLACEBO,WITHIN_SPLIT,의,위키백과의,0,3.0025925636291504,5,255.0,25.0,False,20401,20401,20401,20401,True,True,True,True,True,56475.0,2.0,-2.2806620597839355,에서,EXACT,OTHER,not_primary_class,False,True,-1.0,OK
WIKIPEDIA,P2,980,13,4,40,WITHIN_SPLIT_PLACEBO,WITHIN_SPLIT,의,알제리의,1,3.4620890617370605,6,255.0,50.0,False,20401,31328,20401,31328,True,True,False,False,True,31328.0,2.0,-2.203068733215332,인,EXACT,OTHER,not_primary_class,True,False,1.0,OK
WIKIPEDIA,P2,260,20,1,70,WITHIN_SPLIT_PLACEBO,WITHIN_SPLIT,과,과거의,0,0.001483380445279181,4,260.0,62.0,True,120,120,120,120,True,True,True,True,True,111.0,2.0,-9.312629699707031,곳,EXACT,OTHER,not_primary_class,False,True,-1.0,OK
WIKIPEDIA,P2,260,25,2,91,WITHIN_SPLIT_PLACEBO,WITHIN_SPLIT,과,과거의,0,9.985161159420386e-05,4,260.0,83.0,True,120,120,120,120,True,True,True,True,True,111.0,2.0,-12.687506675720215,곳,EXACT,OTHER,not_primary_class,False,True,-1.0,OK
WIKIPEDIA,P2,260,25,3,92,WITHIN_SPLIT_PLACEBO,WITHIN_SPLIT,거,과거의,0,0.008056186139583588,4,260.0,104.0,True,92192,92192,92192,92192,True,True,True,True,True,126352.0,2.0,-8.750685691833496, 거,EXACT,OTHER,not_primary_class,False,True,-1.0,OK
WIKIPEDIA,P2,260,20,2,71,WITHIN_SPLIT_PLACEBO,WITHIN_SPLIT,거,과거의,0,0.01564302295446396,4,260.0,125.0,True,92192,92192,92192,92192,True,True,True,True,True,124632.0,2.0,-8.462273597717285,학,WITHIN_SPLIT,OTHER,no_valid_adjacent_boundary,False,True,-1.0,OK
WIKIPEDIA,P2,263,32,2,103,WITHIN_SPLIT_PLACEBO,WITHIN_SPLIT,브,4옥타브를,0,0.03711412847042084,5,263.0,62.0,True,131196,131196,131196,131196,True,True,True,True,True,126445.0,2.0,-7.862987518310547,프,WITHIN_SPLIT,LEXICAL_TO_LEXICAL,nearest_adjacent_boundary,False,True,-1.0,OK
WIKIPEDIA,P2,264,23,2,65,WITHIN_SPLIT_PLACEBO,WITHIN_SPLIT,학교,고등학교를,0,1.4095573425292969,4,264.0,24.0,True,127194,127194,127194,127194,True,True,True,True,True,127048.0,3.0,-3.210780382156372, 교,EXACT,OTHER,not_primary_class,False,True,-1.0,OK
WIKIPEDIA,P2,266,6,1,11,WITHIN_SPLIT_PLACEBO,WITHIN_SPLIT, 정,정의를,1,4.2414350509643555,3,266.0,10.0,True,36055,85997,36055,85997,True,True,False,False,True,85997.0,2.0,-2.303054094314575, 요,EXACT,OTHER,not_primary_class,True,False,1.0,OK
WIKIPEDIA,P2,268,7,3,23,WITHIN_SPLIT_PLACEBO,WITHIN_SPLIT,정,소정리는,0,0.016318928450345993,3,268.0,24.0,True,29281,29281,29281,29281,True,True,True,True,True,36055.0,2.0,-7.7827043533325195, 정,EXACT,OTHER,not_primary_class,False,True,-1.0,OK
WIKIPEDIA,P2,268,31,1,92,WITHIN_SPLIT_PLACEBO,WITHIN_SPLIT,마,페르마의,0,0.016612812876701355,4,268.0,96.0,True,125544,125544,125544,125544,True,True,True,True,True,72553.0,2.0,-8.079670906066895,만,WITHIN_SPLIT,OTHER,within_split_not_single_local_morpheme,False,True,-1.0,OK
WIKIPEDIA,P2,272,8,2,18,WITHIN_SPLIT_PLACEBO,WITHIN_SPLIT,트,프로젝트의,0,0.04573259502649307,5,272.0,51.0,True,28626,28626,28626,28626,True,True,True,True,True,92031.0,2.0,-6.723435878753662,션,WITHIN_SPLIT,OTHER,no_valid_adjacent_boundary,False,True,-1.0,OK
WIKIPEDIA,P2,280,14,2,33,WITHIN_SPLIT_PLACEBO,WITHIN_SPLIT,르,제르메르가,1,4.0632476806640625,6,280.0,42.0,True,125548,7,125548,7,True,True,False,False,True,28626.0,2.0,-2.1346054077148438,트,WITHIN_SPLIT,OTHER,no_valid_adjacent_boundary,False,False,0.0,OK
WIKIPEDIA,P2,280,31,1,69,WITHIN_SPLIT_PLACEBO,WITHIN_SPLIT, 프,프레임으로,1,3.5333330631256104,6,280.0,55.0,True,84255,15,84255,15,True,True,False,False,True,126445.0,2.0,-1.927718162536621,프,EXACT,OTHER,not_primary_class,False,False,0.0,OK
WIKIPEDIA,P2,282,12,2,35,WITHIN_SPLIT_PLACEBO,WITHIN_SPLIT,트,프랑크푸르트에서,0,0.38990920782089233,7,282.0,47.0,True,28626,28626,28626,28626,True,True,True,True,True,33861.0,2.0,-4.198582649230957,터,WITHIN_SPLIT,OTHER,no_valid_adjacent_boundary,False,True,-1.0,OK
WIKIPEDIA,P2,287,3,2,6,WITHIN_SPLIT_PLACEBO,WITHIN_SPLIT,렬,행렬은,0,0.03394513204693794,3,287.0,2.0,True,144210,144210,144210,144210,True,True,True,True,True,53955.0,2.0,-6.0350446701049805,열,WITHIN_SPLIT,OTHER,no_valid_adjacent_boundary,False,True,-1.0,OK
WIKIPEDIA,P2,288,20,2,67,WITHIN_SPLIT_PLACEBO,WITHIN_SPLIT,국,중국의,0,0.1006150171160698,3,288.0,64.0,True,124785,124785,124785,124785,True,True,True,True,True,56290.0,2.0,-5.637563705444336,화,EXACT,OTHER,not_primary_class,False,True,-1.0,OK
WIKIPEDIA,P2,289,3,1,10,WITHIN_SPLIT_PLACEBO,WITHIN_SPLIT,방,지방의,0,0.10053522884845734,3,289.0,23.0,True,126321,126321,126321,126321,True,True,True,True,True,88259.0,2.0,-5.637277603149414,구,WITHIN_SPLIT,OTHER,no_valid_adjacent_boundary,False,True,-1.0,OK
WIKIPEDIA,P2,291,1,2,2,WITHIN_SPLIT_PLACEBO,WITHIN_SPLIT,짜,날짜는,0,2.803079605102539,4,291.0,7.0,True,137771,137771,137771,137771,True,True,True,True,True,12802.0,2.0,-1.5587373971939087,이,EXACT,OTHER,not_primary_class,False,True,-1.0,OK
WIKIPEDIA,P2,297,5,1,13,WITHIN_SPLIT_PLACEBO,WITHIN_SPLIT,청,기상청이,0,3.284583568572998,4,297.0,18.0,True,125118,125118,125118,125118,True,True,True,True,True,92751.0,2.0,-2.492785692214966, 관,EXACT,OTHER,not_primary_class,False,True,-1.0,OK
WIKIPEDIA,P2,299,24,3,71,WITHIN_SPLIT_PLACEBO,WITHIN_SPLIT,압,전압이,0,1.508574366569519,3,299.0,53.0,True,138771,138771,138771,138771,True,True,True,True,True,97929.0,2.0,-1.1902844905853271,류,WITHIN_SPLIT,OTHER,no_valid_adjacent_boundary,False,True,-1.0,OK
WIKIPEDIA,P2,302,10,3,28,WITHIN_SPLIT_PLACEBO,WITHIN_SPLIT,셈,곱셈이나,0,0.2399407923221588,4,302.0,19.0,True,144341,144341,144341,144341,True,True,True,True,True,144440.0,2.0,-4.455014228820801,셉,WITHIN_SPLIT,OTHER,no_valid_adjacent_boundary,False,True,-1.0,OK
WIKIPEDIA,P2,302,21,1,66,WITHIN_SPLIT_PLACEBO,WITHIN_SPLIT,지,미지수를,0,0.005452443845570087,4,302.0,74.0,True,21329,21329,21329,21329,True,True,True,True,True,133120.0,2.0,-8.297372817993164,지를,CROSS_MORPHEME,NOMINAL_TO_PARTICLE,crossed_boundary,False,True,-1.0,OK
WIKIPEDIA,P2,306,16,1,54,WITHIN_SPLIT_PLACEBO,WITHIN_SPLIT,임,임기로,0,0.06755860894918442,4,306.0,14.0,True,226,226,226,226,True,True,True,True,True,242.0,2.0,-5.368955135345459,잔,EXACT,OTHER,not_primary_class,False,True,-1.0,OK
WIKIPEDIA,P2,306,39,1,119,WITHIN_SPLIT_PLACEBO,WITHIN_SPLIT,장,위원장으로,0,0.8565573692321777,3,306.0,111.0,True,40853,40853,40853,40853,True,True,True,True,True,137471.0,2.0,-1.1746582984924316,장을,CROSS_MORPHEME,NOMINAL_TO_PARTICLE,crossed_boundary,False,True,-1.0,OK
WIKIPEDIA,P2,307,7,1,9,WITHIN_SPLIT_PLACEBO,WITHIN_SPLIT,사,신사가,1,4.700568675994873,4,307.0,15.0,True,55054,21329,55054,21329,True,True,False,False,True,63089.0,2.0,-2.527958869934082,부,WITHIN_SPLIT,OTHER,no_valid_adjacent_boundary,False,False,0.0,OK
WIKIPEDIA,P2,308,12,2,41,WITHIN_SPLIT_PLACEBO,WITHIN_SPLIT, 분,분석은,0,0.04117841273546219,3,308.0,33.0,True,128618,128618,128618,128618,True,True,True,True,True,79716.0,2.0,-7.0351362228393555,분,EXACT,OTHER,not_primary_class,False,True,-1.0,OK
WIKIPEDIA,P2,308,15,3,54,WITHIN_SPLIT_PLACEBO,WITHIN_SPLIT, 초,초점을,0,0.7986208200454712,2,308.0,55.0,True,83315,83315,83315,83315,True,True,True,True,True,130263.0,2.0,-2.8186819553375244, 집,EXACT,OTHER,not_primary_class,False,True,-1.0,OK
WIKIPEDIA,P2,309,11,3,39,WITHIN_SPLIT_PLACEBO,WITHIN_SPLIT,회,대회로,0,0.07085708528757095,3,309.0,48.0,True,61741,61741,61741,61741,True,True,True,True,True,134379.0,2.0,-4.962802886962891,회의,CROSS_MORPHEME,NOMINAL_TO_PARTICLE,crossed_boundary,False,True,-1.0,OK
WIKIPEDIA,P2,309,16,2,55,WITHIN_SPLIT_PLACEBO,WITHIN_SPLIT, 부,부문과,0,0.552065908908844,3,309.0,94.0,True,85403,85403,85403,85403,True,True,True,True,True,63089.0,2.0,-2.3617515563964844,부,EXACT,OTHER,not_primary_class,False,True,-1.0,OK
WIKIPEDIA,P2,309,26,1,93,WITHIN_SPLIT_PLACEBO,WITHIN_SPLIT,승,우승자는,0,0.15417829155921936,3,309.0,120.0,True,130766,130766,130766,130766,True,True,True,True,True,23259.0,2.0,-3.5624213218688965,수,WITHIN_SPLIT,OTHER,no_valid_adjacent_boundary,False,True,-1.0,OK
WIKIPEDIA,P2,310,23,1,58,WITHIN_SPLIT_PLACEBO,WITHIN_SPLIT,반,초반에,1,1.3814105987548828,2,310.0,0.0,True,126641,19391,126641,126641,True,False,False,True,False,,,,,,,,,,,MODEL_REPLAY_MISMATCH
WIKIPEDIA,P2,311,3,2,9,WITHIN_SPLIT_PLACEBO,WITHIN_SPLIT,어,기계어로,0,0.46202120184898376,4,311.0,18.0,True,31079,31079,31079,31079,True,True,True,True,True,91605.0,2.0,-2.6926121711730957, 코드,EXACT,OTHER,not_primary_class,False,True,-1.0,OK
WIKIPEDIA,P2,312,6,1,13,WITHIN_SPLIT_PLACEBO,WITHIN_SPLIT,력,매력이,1,0.788365364074707,2,312.0,51.0,True,28754,135818,28754,135818,True,True,False,False,True,135818.0,2.0,-1.1190060377120972,력을,CROSS_MORPHEME,NOMINAL_TO_PARTICLE,crossed_boundary,True,False,1.0,OK
WIKIPEDIA,P2,312,27,1,71,WITHIN_SPLIT_PLACEBO,WITHIN_SPLIT,으로,게임으로서의,0,2.502365827560425,5,312.0,75.0,True,42039,42039,42039,42039,True,True,True,True,True,20401.0,2.0,-2.014087677001953,의,EXACT,OTHER,not_primary_class,False,True,-1.0,OK
WIKIPEDIA,P2,312,40,1,108,WITHIN_SPLIT_PLACEBO,WITHIN_SPLIT, 게,게임으로서,0,1.8474335670471191,5,312.0,91.0,True,98927,98927,98927,98927,True,True,True,True,True,17380.0,2.0,-3.701181173324585,로,EXACT,OTHER,not_primary_class,False,True,-1.0,OK
WIKIPEDIA,P2,316,6,1,20,WITHIN_SPLIT_PLACEBO,WITHIN_SPLIT, 공,공화국의,0,1.4803810119628906,4,316.0,0.0,True,125466,125466,125466,125466,True,True,True,True,True,78125.0,2.0,-2.775458812713623,공,EXACT,OTHER,not_primary_class,False,True,-1.0,OK
WIKIPEDIA,P2,321,31,2,78,WITHIN_SPLIT_PLACEBO,WITHIN_SPLIT, 작,작가에게,1,3.029264450073242,4,321.0,80.0,True,68232,28733,68232,28733,True,True,False,False,True,28733.0,2.0,-2.0986313819885254, 수,EXACT,OTHER,not_primary_class,True,False,1.0,OK
WIKIPEDIA,P2,321,39,2,99,WITHIN_SPLIT_PLACEBO,WITHIN_SPLIT,상,수상자가,0,0.06653673201799393,3,321.0,100.0,True,55902,55902,55902,55902,True,True,True,True,True,136854.0,2.0,-4.791220664978027,상을,CROSS_MORPHEME,NOMINAL_TO_PARTICLE,crossed_boundary,False,True,-1.0,OK
WIKIPEDIA,P2,321,39,1,98,WITHIN_SPLIT_PLACEBO,WITHIN_SPLIT, 수,수상자가,0,1.2338101863861084,3,321.0,113.0,True,28733,28733,28733,28733,True,True,True,True,True,127042.0,2.0,-1.9269137382507324, 노,EXACT,OTHER,not_primary_class,False,True,-1.0,OK
WIKIPEDIA,P2,326,16,1,54,WITHIN_SPLIT_PLACEBO,WITHIN_SPLIT,로그,프로그램의,0,0.6640999913215637,4,326.0,32.0,True,81650,81650,81650,81650,True,True,True,True,True,17380.0,2.0,-2.052557945251465,로,WITHIN_SPLIT,OTHER,no_valid_adjacent_boundary,False,True,-1.0,OK
WIKIPEDIA,P2,329,1,2,5,WITHIN_SPLIT_PLACEBO,WITHIN_SPLIT,체,물체는,0,0.018266376107931137,3,329.0,9.0,True,49543,49543,49543,49543,True,True,True,True,True,128732.0,2.0,-7.345597743988037,질,WITHIN_SPLIT,OTHER,no_valid_adjacent_boundary,False,True,-1.0,OK
WIKIPEDIA,P2,336,16,3,66,WITHIN_SPLIT_PLACEBO,WITHIN_SPLIT,응,반응을,0,0.0003378828405402601,3,336.0,90.0,True,131518,131518,131518,131518,True,True,True,True,True,32831.0,2.0,-11.17189884185791,성,WITHIN_SPLIT,OTHER,no_valid_adjacent_boundary,False,True,-1.0,OK
WIKIPEDIA,P2,338,13,3,35,WITHIN_SPLIT_PLACEBO,WITHIN_SPLIT,으로,학문으로서,0,2.754756450653076,5,338.0,8.0,True,42039,42039,42039,42039,True,True,True,True,True,125489.0,2.0,-1.8587424755096436,이다,CROSS_MORPHEME,PREDICATE_TO_ENDING,crossed_boundary,False,True,-1.0,OK
WIKIPEDIA,P2,338,7,1,22,WITHIN_SPLIT_PLACEBO,WITHIN_SPLIT, 과,과정에서,1,4.221496105194092,3,338.0,24.0,True,45130,20401,45130,20401,True,True,False,False,True,20401.0,2.0,-2.451416015625,의,EXACT,OTHER,not_primary_class,True,False,1.0,OK
WIKIPEDIA,P2,339,11,3,34,WITHIN_SPLIT_PLACEBO,WITHIN_SPLIT,달,발달의,0,0.0034452052786946297,3,339.0,48.0,True,129062,129062,129062,129062,True,True,True,True,True,65865.0,2.0,-8.765932083129883,전,WITHIN_SPLIT,OTHER,no_valid_adjacent_boundary,False,True,-1.0,OK
WIKIPEDIA,P2,339,37,1,111,WITHIN_SPLIT_PLACEBO,WITHIN_SPLIT,반,반응의,0,1.9450105428695679,3,339.0,106.0,True,126641,126641,126641,126641,True,True,True,True,True,12802.0,2.0,-2.431851625442505,이,EXACT,OTHER,not_primary_class,False,True,-1.0,OK
WIKIPEDIA,P2,340,11,1,31,WITHIN_SPLIT_PLACEBO,WITHIN_SPLIT,계,단계를,0,0.3547501266002655,3,340.0,0.0,True,124781,124781,124781,124781,True,True,True,True,True,80901.0,2.0,-4.285989284515381,위,WITHIN_SPLIT,OTHER,no_valid_adjacent_boundary,False,True,-1.0,OK
WIKIPEDIA,P2,342,11,3,33,WITHIN_SPLIT_PLACEBO,WITHIN_SPLIT,전,유전자는,0,0.948187530040741,3,342.0,4.0,True,65865,65865,65865,65865,True,True,True,True,True,134064.0,2.0,-0.972833514213562,전자,WITHIN_SPLIT,OTHER,no_valid_adjacent_boundary,False,True,-1.0,OK
WIKIPEDIA,P2,342,17,3,51,WITHIN_SPLIT_PLACEBO,WITHIN_SPLIT,전,유전자는,0,0.6364642381668091,3,342.0,15.0,True,65865,65865,65865,65865,True,True,True,True,True,134064.0,2.0,-1.4394642114639282,전자,WITHIN_SPLIT,OTHER,no_valid_adjacent_boundary,False,True,-1.0,OK
WIKIPEDIA,P2,342,23,3,70,WITHIN_SPLIT_PLACEBO,WITHIN_SPLIT,전,유전자의,0,0.7643741965293884,3,342.0,34.0,True,65865,65865,65865,65865,True,True,True,True,True,134064.0,2.0,-0.8524194359779358,전자,WITHIN_SPLIT,OTHER,no_valid_adjacent_boundary,False,True,-1.0,OK
WIKIPEDIA,P2,342,12,1,35,WITHIN_SPLIT_PLACEBO,WITHIN_SPLIT, 구,구조는,1,4.352097511291504,3,342.0,40.0,True,58777,54116,58777,54116,True,True,False,False,True,98987.0,2.0,-2.728696346282959, 위치,EXACT,OTHER,not_primary_class,False,False,0.0,OK
WIKIPEDIA,P2,342,27,3,83,WITHIN_SPLIT_PLACEBO,WITHIN_SPLIT,전,유전자는,0,0.521363377571106,3,342.0,52.0,True,65865,65865,65865,65865,True,True,True,True,True,134064.0,2.0,-1.719757318496704,전자,WITHIN_SPLIT,OTHER,no_valid_adjacent_boundary,False,True,-1.0,OK
WIKIPEDIA,P2,342,9,3,25,WITHIN_SPLIT_PLACEBO,WITHIN_SPLIT,기,염기로,0,0.17652612924575806,5,342.0,55.0,True,20487,20487,20487,20487,True,True,True,True,True,136125.0,2.0,-4.652710437774658,기가,CROSS_MORPHEME,NOMINAL_TO_PARTICLE,crossed_boundary,False,True,-1.0,OK
WIKIPEDIA,P2,342,35,3,115,WITHIN_SPLIT_PLACEBO,WITHIN_SPLIT,전,유전자는,0,0.5390151143074036,3,342.0,71.0,True,65865,65865,65865,65865,True,True,True,True,True,134064.0,2.0,-1.7208844423294067,전자,WITHIN_SPLIT,OTHER,no_valid_adjacent_boundary,False,True,-1.0,OK
WIKIPEDIA,P2,342,31,3,99,WITHIN_SPLIT_PLACEBO,WITHIN_SPLIT,질,유전형질은,0,0.004111972637474537,5,342.0,84.0,True,128732,128732,128732,128732,True,True,True,True,True,138519.0,2.0,-8.765989303588867, 질,EXACT,OTHER,not_primary_class,False,True,-1.0,OK
WIKIPEDIA,P2,342,32,2,102,WITHIN_SPLIT_PLACEBO,WITHIN_SPLIT,전,유전자의,0,0.11143967509269714,3,342.0,103.0,True,65865,65865,65865,65865,True,True,True,True,True,134064.0,2.0,-3.7735087871551514,전자,WITHIN_SPLIT,OTHER,no_valid_adjacent_boundary,False,True,-1.0,OK
WIKIPEDIA,P2,342,35,2,114,WITHIN_SPLIT_PLACEBO,WITHIN_SPLIT, 유,유전자는,0,3.2800004482269287,3,342.0,116.0,True,126310,126310,126310,126310,True,True,True,True,True,23084.0,2.0,-3.4265289306640625, 이,EXACT,OTHER,not_primary_class,False,True,-1.0,OK
WIKIPEDIA,P2,355,7,2,23,WITHIN_SPLIT_PLACEBO,WITHIN_SPLIT,극,태극기는,0,0.3051367998123169,4,355.0,24.0,True,131529,131529,131529,131529,True,True,True,True,True,124785.0,2.0,-5.116032123565674,국,WITHIN_SPLIT,OTHER,no_valid_adjacent_boundary,False,True,-1.0,OK
WIKIPEDIA,P2,362,32,3,84,WITHIN_SPLIT_PLACEBO,WITHIN_SPLIT,쟁,경쟁력을,0,0.5075206756591797,3,362.0,85.0,True,131833,131833,131833,131833,True,True,True,True,True,125144.0,2.0,-2.3191866874694824,영,WITHIN_SPLIT,OTHER,no_valid_adjacent_boundary,False,True,-1.0,OK
WIKIPEDIA,P2,362,41,2,113,WITHIN_SPLIT_PLACEBO,WITHIN_SPLIT,할,역할을,0,0.020023927092552185,3,362.0,126.0,True,47836,47836,47836,47836,True,True,True,True,True,125991.0,2.0,-7.56449556350708,활,WITHIN_SPLIT,OTHER,no_valid_adjacent_boundary,False,True,-1.0,OK
WIKIPEDIA,P2,363,11,1,23,WITHIN_SPLIT_PLACEBO,WITHIN_SPLIT, 연구,연구자는,0,0.24918149411678314,2,363.0,24.0,True,131698,131698,131698,131698,True,True,True,True,True,55673.0,3.0,-6.388202667236328, 주,EXACT,OTHER,not_primary_class,False,True,-1.0,OK
WIKIPEDIA,P2,363,21,3,38,WITHIN_SPLIT_PLACEBO,WITHIN_SPLIT,학,인류학은,0,0.21481363475322723,4,363.0,55.0,True,124632,124632,124632,124632,True,True,True,True,True,20401.0,2.0,-5.446529388427734,의,EXACT,OTHER,not_primary_class,False,True,-1.0,OK
WIKIPEDIA,P2,363,33,2,81,WITHIN_SPLIT_PLACEBO,WITHIN_SPLIT, 특,특성을,0,0.5096521973609924,2,363.0,82.0,True,127820,127820,127820,127820,True,True,True,True,True,11.0,2.0,-5.577306270599365,",",EXACT,OTHER,not_primary_class,False,True,-1.0,OK
WIKIPEDIA,P2,363,43,2,121,WITHIN_SPLIT_PLACEBO,WITHIN_SPLIT, 인,인류의,0,0.11882881075143814,3,363.0,109.0,True,58677,58677,58677,58677,True,True,True,True,True,133204.0,2.0,-5.263529300689697, 인간,EXACT,OTHER,not_primary_class,False,True,-1.0,OK
WIKIPEDIA,P2,375,15,3,36,WITHIN_SPLIT_PLACEBO,WITHIN_SPLIT,오,라디오를,0,0.12774717807769775,5,375.0,52.0,True,57268,57268,57268,57268,True,True,True,True,True,139097.0,2.0,-3.651916980743408,오는,CROSS_MORPHEME,NOMINAL_TO_PARTICLE,crossed_boundary,False,True,-1.0,OK
WIKIPEDIA,P2,375,37,2,113,WITHIN_SPLIT_PLACEBO,WITHIN_SPLIT,디,라디오를,0,0.0020901034586131573,5,375.0,105.0,True,89235,89235,89235,89235,True,True,True,True,True,12802.0,2.0,-8.672076225280762,이,WITHIN_SPLIT,OTHER,no_valid_adjacent_boundary,False,True,-1.0,OK
WIKIPEDIA,P2,380,12,2,40,WITHIN_SPLIT_PLACEBO,WITHIN_SPLIT,력,능력이,0,0.22571870684623718,4,380.0,2.0,True,28754,28754,28754,28754,True,True,True,True,True,135818.0,2.0,-2.826922655105591,력을,CROSS_MORPHEME,NOMINAL_TO_PARTICLE,crossed_boundary,False,True,-1.0,OK
WIKIPEDIA,P2,381,12,3,37,WITHIN_SPLIT_PLACEBO,WITHIN_SPLIT,템,시스템의,0,0.0019853729754686356,4,381.0,23.0,True,127649,127649,127649,127649,True,True,True,True,True,130229.0,2.0,-9.593914985656738,테,WITHIN_SPLIT,OTHER,no_valid_adjacent_boundary,False,True,-1.0,OK
WIKIPEDIA,P2,382,5,2,18,WITHIN_SPLIT_PLACEBO,WITHIN_SPLIT,극,태극기를,0,0.3765997588634491,4,382.0,19.0,True,131529,131529,131529,131529,True,True,True,True,True,124785.0,2.0,-4.798675537109375,국,WITHIN_SPLIT,OTHER,no_valid_adjacent_boundary,False,True,-1.0,OK
WIKIPEDIA,P2,385,15,1,39,WITHIN_SPLIT_PLACEBO,WITHIN_SPLIT, 속,속도가,0,1.238372802734375,4,385.0,21.0,True,77596,77596,77596,77596,True,True,True,True,True,130217.0,2.0,-2.7943954467773438, 시간,EXACT,OTHER,not_primary_class,False,True,-1.0,OK
WIKIPEDIA,P2,385,15,3,41,WITHIN_SPLIT_PLACEBO,WITHIN_SPLIT,도,속도가,0,0.004322804044932127,4,385.0,74.0,True,47985,47985,47985,47985,True,True,True,True,True,28754.0,2.0,-8.469135284423828,력,WITHIN_SPLIT,OTHER,no_valid_adjacent_boundary,False,True,-1.0,OK
WIKIPEDIA,P2,390,36,1,94,WITHIN_SPLIT_PLACEBO,WITHIN_SPLIT, 성,성질을,0,3.147930145263672,3,390.0,79.0,True,128677,128677,128677,128677,True,True,True,True,True,127820.0,2.0,-3.163743495941162, 특,EXACT,OTHER,not_primary_class,False,True,-1.0,OK
WIKIPEDIA,P2,392,14,3,46,WITHIN_SPLIT_PLACEBO,WITHIN_SPLIT,색,특색이,0,0.7435654997825623,3,392.0,37.0,True,77226,77226,77226,77226,True,True,True,True,True,135946.0,2.0,-3.1343469619750977,징,WITHIN_SPLIT,OTHER,no_valid_adjacent_boundary,False,True,-1.0,OK
WIKIPEDIA,P2,403,8,2,23,WITHIN_SPLIT_PLACEBO,WITHIN_SPLIT, 전,전류가,0,4.150785446166992,2,403.0,16.0,True,56419,56419,56419,56419,True,True,True,True,True,125569.0,2.0,-2.147754192352295, 저,EXACT,OTHER,not_primary_class,False,True,-1.0,OK
WIKIPEDIA,P2,403,20,3,55,WITHIN_SPLIT_PLACEBO,WITHIN_SPLIT,항,저항이,0,0.0032012811861932278,3,403.0,43.0,True,126524,126524,126524,126524,True,True,True,True,True,67511.0,2.0,-10.343996047973633,작,WITHIN_SPLIT,OTHER,no_valid_adjacent_boundary,False,True,-1.0,OK
WIKIPEDIA,P2,403,36,3,105,WITHIN_SPLIT_PLACEBO,WITHIN_SPLIT,항,저항의,0,0.0016660315450280905,3,403.0,72.0,True,126524,126524,126524,126524,True,True,True,True,True,65865.0,2.0,-10.781367301940918,전,WITHIN_SPLIT,LEXICAL_TO_LEXICAL,nearest_adjacent_boundary,False,True,-1.0,OK
WIKIPEDIA,P2,407,39,3,108,WITHIN_SPLIT_PLACEBO,WITHIN_SPLIT,성,김성수가,0,0.1370524764060974,3,407.0,109.0,True,32831,32831,32831,32831,True,True,True,True,True,128677.0,4.0,-5.922821998596191, 성,EXACT,OTHER,not_primary_class,False,True,-1.0,OK
WIKIPEDIA,P2,416,16,2,42,WITHIN_SPLIT_PLACEBO,WITHIN_SPLIT,유,포유류의,0,0.017803866416215897,4,416.0,20.0,True,125522,125522,125522,125522,True,True,True,True,True,76337.0,2.0,-7.189290523529053,식,WITHIN_SPLIT,OTHER,no_valid_adjacent_boundary,False,True,-1.0,OK
WIKIPEDIA,P2,416,16,1,41,WITHIN_SPLIT_PLACEBO,WITHIN_SPLIT, 포,포유류의,0,1.9644224643707275,4,416.0,28.0,True,98869,98869,98869,98869,True,True,True,True,True,65510.0,2.0,-3.2680296897888184, 조,EXACT,OTHER,not_primary_class,False,True,-1.0,OK
WIKIPEDIA,P2,419,2,1,2,WITHIN_SPLIT_PLACEBO,WITHIN_SPLIT,이,돈벌이를,0,0.45634132623672485,3,419.0,6.0,True,12802,12802,12802,12802,True,True,True,True,True,132044.0,2.0,-3.315913200378418,이는,CROSS_MORPHEME,PREDICATE_TO_ENDING,crossed_boundary,False,True,-1.0,OK
WIKIPEDIA,P2,419,3,3,8,WITHIN_SPLIT_PLACEBO,WITHIN_SPLIT,식,식물을,0,0.0313514806330204,3,419.0,9.0,True,251,251,251,251,True,True,True,True,True,105.0,2.0,-6.62882137298584,심,EXACT,OTHER,not_primary_class,False,True,-1.0,OK
WIKIPEDIA,P2,422,18,1,54,WITHIN_SPLIT_PLACEBO,WITHIN_SPLIT,백,단백질을,0,1.0888937711715698,4,422.0,28.0,True,130728,130728,130728,130728,True,True,True,True,True,7.0,2.0,-2.3648829460144043,(,EXACT,OTHER,not_primary_class,False,True,-1.0,OK
WIKIPEDIA,P2,422,34,1,110,WITHIN_SPLIT_PLACEBO,WITHIN_SPLIT,위,흰자위를,0,0.010232439264655113,6,422.0,102.0,True,80901,80901,80901,80901,True,True,True,True,True,45710.0,2.0,-8.016520500183105, 위,EXACT,OTHER,not_primary_class,False,True,-1.0,OK
WIKIPEDIA,P2,423,4,1,7,WITHIN_SPLIT_PLACEBO,WITHIN_SPLIT,반,기반으로,1,1.7444438934326172,3,423.0,4.0,True,126641,129044,126641,129044,True,True,False,False,True,129044.0,2.0,-1.7972439527511597,준,WITHIN_SPLIT,OTHER,no_valid_adjacent_boundary,True,False,1.0,OK
WIKIPEDIA,P2,424,18,2,38,WITHIN_SPLIT_PLACEBO,WITHIN_SPLIT,흰,흰색의,0,0.7003694176673889,5,424.0,43.0,True,108,108,108,108,True,True,True,True,True,239.0,2.0,-2.738924980163574,흑,EXACT,OTHER,not_primary_class,False,True,-1.0,OK
WIKIPEDIA,P2,427,15,3,45,WITHIN_SPLIT_PLACEBO,WITHIN_SPLIT,합,합성을,0,0.0008642997709102929,3,427.0,46.0,True,102,102,102,102,True,True,True,True,True,247.0,2.0,-10.312570571899414,학,EXACT,OTHER,not_primary_class,False,True,-1.0,OK
WIKIPEDIA,P2,427,22,3,73,WITHIN_SPLIT_PLACEBO,WITHIN_SPLIT,합,합성을,0,0.0014019469963386655,3,427.0,74.0,True,102,102,102,102,True,True,True,True,True,247.0,2.0,-9.734489440917969,학,EXACT,OTHER,not_primary_class,False,True,-1.0,OK
WIKIPEDIA,P2,427,29,3,101,WITHIN_SPLIT_PLACEBO,WITHIN_SPLIT,합,합성을,0,0.0015505484770983458,3,427.0,102.0,True,102,102,102,102,True,True,True,True,True,247.0,2.0,-9.46888542175293,학,EXACT,OTHER,not_primary_class,False,True,-1.0,OK
WIKIPEDIA,P2,428,10,1,24,WITHIN_SPLIT_PLACEBO,WITHIN_SPLIT,으로,미국으로부터도,1,2.59470272064209,2,428.0,0.0,True,42039,56475,42039,56475,True,True,False,False,True,19391.0,2.0,-1.6125922203063965,에,EXACT,OTHER,not_primary_class,False,False,0.0,OK
WIKIPEDIA,P2,429,6,1,13,WITHIN_SPLIT_PLACEBO,WITHIN_SPLIT,운동,각운동량으로서,0,0.12109297513961792,5,429.0,9.0,True,136913,136913,136913,136913,True,True,True,True,True,126299.0,2.0,-4.45529842376709,속,EXACT,OTHER,not_primary_class,False,True,-1.0,OK
WIKIPEDIA,P2,429,6,3,15,WITHIN_SPLIT_PLACEBO,WITHIN_SPLIT,으로,각운동량으로서,1,3.0012600421905518,5,429.0,26.0,True,42039,93701,42039,93701,True,True,False,False,True,12802.0,2.0,-1.9705841541290283,이,EXACT,OTHER,not_primary_class,False,False,0.0,OK
WIKIPEDIA,P2,429,28,2,91,WITHIN_SPLIT_PLACEBO,WITHIN_SPLIT, 입,입자의,0,0.5914541482925415,2,429.0,32.0,True,38150,38150,38150,38150,True,True,True,True,True,23084.0,2.0,-5.029537677764893, 이,EXACT,OTHER,not_primary_class,False,True,-1.0,OK
WIKIPEDIA,P2,429,15,3,43,WITHIN_SPLIT_PLACEBO,WITHIN_SPLIT, 입,입자의,0,4.305241107940674,2,429.0,44.0,True,38150,38150,38150,38150,True,True,True,True,True,141767.0,2.0,-2.2629239559173584, 스,EXACT,OTHER,not_primary_class,False,True,-1.0,OK
WIKIPEDIA,P2,429,21,3,64,WITHIN_SPLIT_PLACEBO,WITHIN_SPLIT,량,질량과,0,0.00279573118314147,3,429.0,56.0,True,131837,131837,131837,131837,True,True,True,True,True,80968.0,2.0,-10.203324317932129,적,EXACT,OTHER,not_primary_class,False,True,-1.0,OK
WIKIPEDIA,P2,429,20,1,58,WITHIN_SPLIT_PLACEBO,WITHIN_SPLIT,질,"성질로,",0,0.17042946815490723,4,429.0,62.0,True,128732,128732,128732,128732,True,True,True,True,True,126614.0,2.0,-3.888413906097412,격,WITHIN_SPLIT,OTHER,no_valid_adjacent_boundary,False,True,-1.0,OK
WIKIPEDIA,P2,429,22,1,66,WITHIN_SPLIT_PLACEBO,WITHIN_SPLIT, 전,전하와는,0,0.013950666412711143,4,429.0,74.0,True,56419,56419,56419,56419,True,True,True,True,True,16560.0,3.0,-9.59485149383545,는,EXACT,OTHER,not_primary_class,False,True,-1.0,OK
WIKIPEDIA,P2,429,29,1,94,WITHIN_SPLIT_PLACEBO,WITHIN_SPLIT,량,질량과,0,0.007590152323246002,3,429.0,86.0,True,131837,131837,131837,131837,True,True,True,True,True,80968.0,2.0,-9.141200065612793,적,EXACT,OTHER,not_primary_class,False,True,-1.0,OK
WIKIPEDIA,P2,429,27,3,88,WITHIN_SPLIT_PLACEBO,WITHIN_SPLIT,질,성질로,0,0.08407770097255707,4,429.0,92.0,True,128732,128732,128732,128732,True,True,True,True,True,126614.0,2.0,-4.482319355010986,격,WITHIN_SPLIT,OTHER,no_valid_adjacent_boundary,False,True,-1.0,OK
WIKIPEDIA,P2,429,36,3,124,WITHIN_SPLIT_PLACEBO,WITHIN_SPLIT,량,질량과,0,0.006173739675432444,3,429.0,104.0,True,131837,131837,131837,131837,True,True,True,True,True,80968.0,5.0,-10.609855651855469,적,EXACT,OTHER,not_primary_class,False,True,-1.0,OK
WIKIPEDIA,P2,429,31,2,103,WITHIN_SPLIT_PLACEBO,WITHIN_SPLIT, 입,입자의,0,0.0951651930809021,2,429.0,116.0,True,38150,38150,38150,38150,True,True,True,True,True,11.0,2.0,-5.79155969619751,",",EXACT,OTHER,not_primary_class,False,True,-1.0,OK
WIKIPEDIA,P2,429,35,1,118,WITHIN_SPLIT_PLACEBO,WITHIN_SPLIT,질,"성질로,",0,0.012082608416676521,4,429.0,122.0,True,128732,128732,128732,128732,True,True,True,True,True,126614.0,2.0,-6.517199993133545,격,WITHIN_SPLIT,OTHER,no_valid_adjacent_boundary,False,True,-1.0,OK
WIKIPEDIA,P2,431,16,1,41,WITHIN_SPLIT_PLACEBO,WITHIN_SPLIT,격,"공격으로,",0,0.14900445938110352,5,431.0,67.0,True,126614,126614,126614,126614,True,True,True,True,True,35530.0,2.0,-6.141720294952393,습,WITHIN_SPLIT,OTHER,no_valid_adjacent_boundary,False,True,-1.0,OK
WIKIPEDIA,P2,435,39,3,122,WITHIN_SPLIT_PLACEBO,WITHIN_SPLIT,어,소프트웨어를,0,7.753011595923454e-05,6,435.0,106.0,True,31079,31079,31079,31079,True,True,True,True,True,124685.0,2.0,-12.578129768371582, 어,EXACT,OTHER,not_primary_class,False,True,-1.0,OK
WIKIPEDIA,P2,437,23,2,68,WITHIN_SPLIT_PLACEBO,WITHIN_SPLIT, 역,역할을,0,0.46200212836265564,3,437.0,32.0,True,127864,127864,127864,127864,True,True,True,True,True,54116.0,2.0,-3.437865734100342, 기,EXACT,OTHER,not_primary_class,False,True,-1.0,OK
WIKIPEDIA,P2,437,31,2,89,WITHIN_SPLIT_PLACEBO,WITHIN_SPLIT, 역,역할을,0,0.6876352429389954,3,437.0,77.0,True,127864,127864,127864,127864,True,True,True,True,True,98987.0,2.0,-2.505811929702759, 위치,EXACT,OTHER,not_primary_class,False,True,-1.0,OK
WIKIPEDIA,P2,442,19,3,51,WITHIN_SPLIT_PLACEBO,WITHIN_SPLIT,리,꼬리가,0,0.8157283067703247,5,442.0,27.0,True,28002,28002,28002,28002,True,True,True,True,True,132920.0,2.0,-1.181440830230713,리는,CROSS_MORPHEME,NOMINAL_TO_PARTICLE,crossed_boundary,False,True,-1.0,OK
WIKIPEDIA,P2,445,5,3,10,WITHIN_SPLIT_PLACEBO,WITHIN_SPLIT,부,남부에,0,1.9409756660461426,3,447.0,9.0,False,63089,63089,63089,63089,True,True,True,True,True,132064.0,2.0,-1.7035722732543945,쪽,WITHIN_SPLIT,OTHER,no_valid_adjacent_boundary,False,True,-1.0,OK
WIKIPEDIA,P2,967,9,4,29,WITHIN_SPLIT_PLACEBO,WITHIN_SPLIT,의,케냐의,0,3.574948310852051,5,447.0,27.0,False,20401,20401,20401,20401,True,True,True,True,True,56475.0,2.0,-3.279971122741699,에서,EXACT,OTHER,not_primary_class,False,True,-1.0,OK
WIKIPEDIA,P2,260,12,1,41,WITHIN_SPLIT_PLACEBO,WITHIN_SPLIT, 역,역사를,1,3.178925037384033,1,447.0,42.0,False,127864,138507,127864,138507,True,True,False,False,True,129337.0,2.0,-2.1742305755615234, 것을,CROSS_MORPHEME,NOMINAL_TO_PARTICLE,crossed_boundary,False,False,0.0,OK
WIKIPEDIA,P2,418,22,4,60,WITHIN_SPLIT_PLACEBO,WITHIN_SPLIT,서,일부분으로서,0,0.24507611989974976,5,447.0,57.0,False,26698,26698,26698,26698,True,True,True,True,True,11.0,2.0,-5.574438095092773,",",EXACT,OTHER,not_primary_class,False,True,-1.0,OK
WIKIPEDIA,P2,325,19,3,73,WITHIN_SPLIT_PLACEBO,WITHIN_SPLIT,부터,문자에서부터,0,0.01705433614552021,3,447.0,72.0,False,126558,126558,126558,126558,True,True,True,True,True,85403.0,2.0,-6.876687526702881, 부,EXACT,OTHER,not_primary_class,False,True,-1.0,OK
WIKIPEDIA,P2,325,23,2,88,WITHIN_SPLIT_PLACEBO,WITHIN_SPLIT,에서,문자에서부터,0,0.023463871330022812,3,447.0,87.0,False,56475,56475,56475,56475,True,True,True,True,True,18411.0,2.0,-8.595842361450195,를,EXACT,OTHER,not_primary_class,False,True,-1.0,OK
WIKIPEDIA,P2,124,29,1,100,WITHIN_SPLIT_PLACEBO,WITHIN_SPLIT,데이,데이비스에서,0,0.010177625343203545,4,447.0,102.0,False,46218,46218,46218,46218,True,True,True,True,True,41902.0,3.0,-8.438512802124023,데,EXACT,OTHER,not_primary_class,False,True,-1.0,OK
WIKIPEDIA,P2,874,29,4,118,WITHIN_SPLIT_PLACEBO,WITHIN_SPLIT,도,금산도,0,0.0026888553984463215,4,447.0,117.0,False,47985,47985,47985,47985,True,True,True,True,True,129392.0,2.0,-8.937721252441406, 도,EXACT,OTHER,not_primary_class,False,True,-1.0,OK
WIKIPEDIA,P2,480,6,2,18,WITHIN_SPLIT_PLACEBO,WITHIN_SPLIT,망,사망자가,0,0.8106530904769897,3,480.0,19.0,True,130472,130472,130472,130472,True,True,True,True,True,55902.0,2.0,-0.7323964238166809,상,WITHIN_SPLIT,OTHER,no_valid_adjacent_boundary,False,True,-1.0,OK
WIKIPEDIA,P2,507,31,1,70,WITHIN_SPLIT_PLACEBO,WITHIN_SPLIT,부,남부의,0,0.6290531158447266,3,507.0,83.0,True,63089,63089,63089,63089,True,True,True,True,True,131226.0,2.0,-2.6698715686798096,북,WITHIN_SPLIT,OTHER,no_valid_adjacent_boundary,False,True,-1.0,OK
WIKIPEDIA,P2,513,12,2,32,WITHIN_SPLIT_PLACEBO,WITHIN_SPLIT,스,프랑스의,0,0.7573439478874207,4,513.0,18.0,True,24897,24897,24897,24897,True,True,True,True,True,23259.0,2.0,-2.369215965270996,수,WITHIN_SPLIT,OTHER,no_valid_adjacent_boundary,False,True,-1.0,OK
WIKIPEDIA,P2,542,0,1,0,WITHIN_SPLIT_PLACEBO,WITHIN_SPLIT,탈,탈리아에서,1,5.139172554016113,3,542.0,10.0,True,136068,130237,136068,130237,True,True,False,False,True,144133.0,2.0,-3.2099459171295166,끄,EXACT,OTHER,not_primary_class,False,False,0.0,OK
WIKIPEDIA,P2,547,2,2,5,WITHIN_SPLIT_PLACEBO,WITHIN_SPLIT,삿,제삿날을,0,0.5083702802658081,4,547.0,13.0,True,145318,145318,145318,145318,True,True,True,True,True,55054.0,2.0,-3.6623170375823975,사,WITHIN_SPLIT,OTHER,no_valid_adjacent_boundary,False,True,-1.0,OK
WIKIPEDIA,P2,547,17,1,52,WITHIN_SPLIT_PLACEBO,WITHIN_SPLIT,삿,제삿날을,0,0.0082240616902709,4,547.0,60.0,True,145318,145318,145318,145318,True,True,True,True,True,55054.0,2.0,-7.750720500946045,사,WITHIN_SPLIT,OTHER,no_valid_adjacent_boundary,False,True,-1.0,OK
WIKIPEDIA,P2,547,28,2,97,WITHIN_SPLIT_PLACEBO,WITHIN_SPLIT,삿,제삿날을,0,0.005671632941812277,4,547.0,105.0,True,145318,145318,145318,145318,True,True,True,True,True,55054.0,2.0,-9.234786033630371,사,WITHIN_SPLIT,OTHER,no_valid_adjacent_boundary,False,True,-1.0,OK
WIKIPEDIA,P2,596,17,1,35,WITHIN_SPLIT_PLACEBO,WITHIN_SPLIT,혁,혁명이,0,0.018670082092285156,4,596.0,29.0,True,223,223,223,223,True,True,True,True,True,250.0,2.0,-6.517940998077393,혜,EXACT,OTHER,not_primary_class,False,True,-1.0,OK
WIKIPEDIA,P2,603,36,1,126,WITHIN_SPLIT_PLACEBO,WITHIN_SPLIT, 국,국회의,0,0.4895316958427429,2,603.0,127.0,True,124973,124973,124973,124973,True,True,True,True,True,143333.0,2.0,-4.4747796058654785, 국회,EXACT,OTHER,not_primary_class,False,True,-1.0,OK
WIKIPEDIA,P2,640,19,3,58,WITHIN_SPLIT_PLACEBO,WITHIN_SPLIT,병,병력을,0,0.00033827064908109605,3,640.0,59.0,True,239,239,239,239,True,True,True,True,True,113.0,2.0,-10.640652656555176,복,EXACT,OTHER,not_primary_class,False,True,-1.0,OK
WIKIPEDIA,P2,640,34,1,116,WITHIN_SPLIT_PLACEBO,WITHIN_SPLIT,병,병력을,0,0.0002673602430149913,3,640.0,88.0,True,239,239,239,239,True,True,True,True,True,113.0,2.0,-10.937521934509277,복,EXACT,OTHER,not_primary_class,False,True,-1.0,OK
WIKIPEDIA,P2,640,19,2,57,WITHIN_SPLIT_PLACEBO,WITHIN_SPLIT, 병,병력을,0,0.03334106504917145,3,640.0,117.0,True,30520,30520,30520,30520,True,True,True,True,True,54969.0,3.0,-8.503058433532715, 파,EXACT,OTHER,not_primary_class,False,True,-1.0,OK
WIKIPEDIA,P2,669,1,1,1,WITHIN_SPLIT_PLACEBO,WITHIN_SPLIT,극,극일을,1,4.743825912475586,3,669.0,8.0,True,131529,65306,131529,65306,True,True,False,False,True,34395.0,2.0,-2.946704387664795,고,EXACT,OTHER,not_primary_class,False,False,0.0,OK
WIKIPEDIA,P2,707,33,3,91,WITHIN_SPLIT_PLACEBO,WITHIN_SPLIT,상,사상자를,0,0.03192421421408653,3,707.0,92.0,True,55902,55902,55902,55902,True,True,True,True,True,136854.0,2.0,-5.411022663116455,상을,CROSS_MORPHEME,NOMINAL_TO_PARTICLE,crossed_boundary,False,True,-1.0,OK
WIKIPEDIA,P2,713,1,3,3,WITHIN_SPLIT_PLACEBO,WITHIN_SPLIT, 계,계기가,0,3.754776954650879,2,713.0,4.0,True,94203,94203,94203,94203,True,True,True,True,True,129093.0,2.0,-2.4498934745788574, 원,EXACT,OTHER,not_primary_class,False,True,-1.0,OK
WIKIPEDIA,P2,722,2,1,8,WITHIN_SPLIT_PLACEBO,WITHIN_SPLIT,군,국군을,0,0.4136323928833008,3,722.0,11.0,True,129534,129534,129534,129534,True,True,True,True,True,65306.0,2.0,-2.536985158920288,경,WITHIN_SPLIT,OTHER,no_valid_adjacent_boundary,False,True,-1.0,OK
WIKIPEDIA,P2,725,3,1,4,WITHIN_SPLIT_PLACEBO,WITHIN_SPLIT,달,달성의,1,1.8533474206924438,4,725.0,1.0,True,105,230,105,230,True,True,False,False,True,230.0,2.0,-1.5551962852478027,니,EXACT,OTHER,not_primary_class,True,False,1.0,OK
WIKIPEDIA,P2,748,1,1,3,WITHIN_SPLIT_PLACEBO,WITHIN_SPLIT,왕,왕국을,0,0.5507563948631287,3,748.0,0.0,True,243,243,243,243,True,True,True,True,True,222.0,2.0,-2.5196499824523926,와,EXACT,OTHER,not_primary_class,False,True,-1.0,OK
WIKIPEDIA,P2,751,15,1,24,WITHIN_SPLIT_PLACEBO,WITHIN_SPLIT,복,항복을,0,2.0768542289733887,3,751.0,22.0,True,97834,97834,97834,97834,True,True,True,True,True,131833.0,2.0,-1.7243094444274902,쟁,WITHIN_SPLIT,OTHER,no_valid_adjacent_boundary,False,True,-1.0,OK
WIKIPEDIA,P2,763,10,1,27,WITHIN_SPLIT_PLACEBO,WITHIN_SPLIT,쿄,도쿄에,0,1.262836217880249,3,763.0,123.0,True,144818,144818,144818,144818,True,True,True,True,True,35711.0,2.0,-3.518338203430176,요,EXACT,OTHER,not_primary_class,False,True,-1.0,OK
WIKIPEDIA,P2,771,12,2,32,WITHIN_SPLIT_PLACEBO,WITHIN_SPLIT,령,부통령에,0,0.00024472002405673265,4,771.0,62.0,True,126691,126691,126691,126691,True,True,True,True,True,125144.0,2.0,-12.078142166137695,영,WITHIN_SPLIT,OTHER,no_valid_adjacent_boundary,False,True,-1.0,OK
WIKIPEDIA,P2,771,36,3,122,WITHIN_SPLIT_PLACEBO,WITHIN_SPLIT,명,임명장을,0,0.0005778390914201736,4,771.0,123.0,True,79632,79632,79632,79632,True,True,True,True,True,130345.0,2.0,-10.109423637390137, 명,EXACT,OTHER,not_primary_class,False,True,-1.0,OK
WIKIPEDIA,P2,791,3,1,10,WITHIN_SPLIT_PLACEBO,WITHIN_SPLIT,군,일본군은,0,0.7756497263908386,3,791.0,22.0,True,129534,129534,129534,129534,True,True,True,True,True,33704.0,2.0,-2.5320920944213867,은,EXACT,OTHER,not_primary_class,False,True,-1.0,OK
WIKIPEDIA,P2,815,6,2,15,WITHIN_SPLIT_PLACEBO,WITHIN_SPLIT,인,아인슈타인은,0,0.557112991809845,6,815.0,29.0,True,31328,31328,31328,31328,True,True,True,True,True,135227.0,2.0,-1.6192435026168823,인이,CROSS_MORPHEME,NOMINAL_TO_PARTICLE,crossed_boundary,False,True,-1.0,OK
WIKIPEDIA,P2,815,24,2,69,WITHIN_SPLIT_PLACEBO,WITHIN_SPLIT,타,아인슈타인은,0,0.15296317636966705,6,815.0,61.0,True,125166,125166,125166,125166,True,True,True,True,True,141274.0,2.0,-3.7932653427124023,스타,WITHIN_SPLIT,OTHER,no_valid_adjacent_boundary,False,True,-1.0,OK
WIKIPEDIA,P2,815,22,1,60,WITHIN_SPLIT_PLACEBO,WITHIN_SPLIT,학,물리학상을,0,0.009390503168106079,4,815.0,93.0,True,124632,124632,124632,124632,True,True,True,True,True,55902.0,2.0,-7.266576766967773,상,EXACT,OTHER,not_primary_class,False,True,-1.0,OK
WIKIPEDIA,P2,815,33,1,101,WITHIN_SPLIT_PLACEBO,WITHIN_SPLIT,타,아인슈타인은,0,0.06757982075214386,6,815.0,125.0,True,125166,125166,125166,125166,True,True,True,True,True,141274.0,2.0,-5.555130481719971,스타,WITHIN_SPLIT,OTHER,no_valid_adjacent_boundary,False,True,-1.0,OK
WIKIPEDIA,P2,822,8,2,20,WITHIN_SPLIT_PLACEBO,WITHIN_SPLIT,자,"왕자로,",1,3.0243587493896484,3,822.0,44.0,True,25715,12802,25715,12802,True,True,False,False,True,12802.0,2.0,-1.9728163480758667,이,EXACT,OTHER,not_primary_class,True,False,1.0,OK
WIKIPEDIA,P2,822,32,3,80,WITHIN_SPLIT_PLACEBO,WITHIN_SPLIT,스,크로노스의,0,0.03175225481390953,5,822.0,52.0,True,24897,24897,24897,24897,True,True,True,True,True,134619.0,2.0,-6.612803936004639,시스,WITHIN_SPLIT,OTHER,no_valid_adjacent_boundary,False,True,-1.0,OK
WIKIPEDIA,P2,822,38,1,90,WITHIN_SPLIT_PLACEBO,WITHIN_SPLIT,로,크로노스의,0,0.33868974447250366,5,822.0,88.0,True,17380,17380,17380,17380,True,True,True,True,True,28002.0,2.0,-4.193296909332275,리,EXACT,OTHER,not_primary_class,False,True,-1.0,OK
WIKIPEDIA,P2,822,47,2,114,WITHIN_SPLIT_PLACEBO,WITHIN_SPLIT,노,크로노스는,0,0.08211953938007355,5,822.0,104.0,True,127121,127121,127121,127121,True,True,True,True,True,24897.0,2.0,-4.761606693267822,스,WITHIN_SPLIT,OTHER,no_valid_adjacent_boundary,False,True,-1.0,OK
WIKIPEDIA,P2,833,25,1,62,WITHIN_SPLIT_PLACEBO,WITHIN_SPLIT,스,넵투누스와는,0,0.005037860944867134,6,833.0,52.0,True,24897,24897,24897,24897,True,True,True,True,True,16560.0,2.0,-9.234784126281738,는,EXACT,OTHER,not_primary_class,False,True,-1.0,OK
WIKIPEDIA,P2,833,21,3,54,WITHIN_SPLIT_PLACEBO,WITHIN_SPLIT,다,바다의,0,0.685619056224823,3,833.0,82.0,True,13146,13146,13146,13146,True,True,True,True,True,135448.0,2.0,-3.12188982963562,다가,CROSS_MORPHEME,NOMINAL_TO_PARTICLE,crossed_boundary,False,True,-1.0,OK
WIKIPEDIA,P2,833,41,2,114,WITHIN_SPLIT_PLACEBO,WITHIN_SPLIT,다,바다의,0,0.06163383275270462,3,833.0,112.0,True,13146,13146,13146,13146,True,True,True,True,True,130822.0,2.0,-5.6332011222839355,다는,CROSS_MORPHEME,NOMINAL_TO_PARTICLE,crossed_boundary,False,True,-1.0,OK
WIKIPEDIA,P2,836,6,1,15,WITHIN_SPLIT_PLACEBO,WITHIN_SPLIT,국,영국의,0,1.3483669757843018,3,836.0,54.0,True,124785,124785,124785,124785,True,True,True,True,True,31079.0,2.0,-1.217429280281067,어,WITHIN_SPLIT,OTHER,no_valid_adjacent_boundary,False,True,-1.0,OK
WIKIPEDIA,P2,848,20,1,51,WITHIN_SPLIT_PLACEBO,WITHIN_SPLIT, 종,종교의,1,4.614664077758789,1,836.0,69.0,False,98358,130887,98358,130887,True,True,False,False,True,128753.0,2.0,-2.5765974521636963, 신,EXACT,OTHER,not_primary_class,False,False,0.0,OK
WIKIPEDIA,P2,948,37,2,101,WITHIN_SPLIT_PLACEBO,WITHIN_SPLIT, 중국,중국어의,0,2.7860331535339355,3,836.0,97.0,False,138373,138373,138373,138373,True,True,True,True,True,55673.0,3.0,-3.5721724033355713, 주,EXACT,OTHER,not_primary_class,False,True,-1.0,OK
WIKIPEDIA,P2,549,36,4,110,WITHIN_SPLIT_PLACEBO,WITHIN_SPLIT,서,국왕으로서,0,0.04025322198867798,5,836.0,111.0,False,26698,26698,26698,26698,True,True,True,True,True,126558.0,2.0,-6.95727014541626,부터,WITHIN_SPLIT,NOMINAL_TO_PARTICLE,nearest_adjacent_boundary,False,True,-1.0,OK
WIKIPEDIA,P2,418,38,2,122,WITHIN_SPLIT_PLACEBO,WITHIN_SPLIT,으로,"일부분으로서,",0,0.024288464337587357,5,836.0,125.0,False,42039,42039,42039,42039,True,True,True,True,True,17380.0,2.0,-7.7836012840271,로,EXACT,OTHER,not_primary_class,False,True,-1.0,OK
WIKIPEDIA,P2,838,27,3,72,WITHIN_SPLIT_PLACEBO,WITHIN_SPLIT,해,견해를,0,0.07819654047489166,4,838.0,34.0,True,33883,33883,33883,33883,True,True,True,True,True,138913.0,2.0,-6.3912248611450195,점을,CROSS_MORPHEME,NOMINAL_TO_PARTICLE,crossed_boundary,False,True,-1.0,OK
WIKIPEDIA,P2,838,24,1,60,WITHIN_SPLIT_PLACEBO,WITHIN_SPLIT, 로,로마의,0,4.7122650146484375,3,838.0,44.0,True,71015,71015,71015,71015,True,True,True,True,True,134748.0,2.0,-2.9521303176879883, 자신의,CROSS_MORPHEME,NOMINAL_TO_PARTICLE,crossed_boundary,False,True,-1.0,OK
WIKIPEDIA,P2,838,34,3,100,WITHIN_SPLIT_PLACEBO,WITHIN_SPLIT,향,영향을,0,0.005727163515985012,3,838.0,69.0,True,129321,129321,129321,129321,True,True,True,True,True,129567.0,2.0,-8.65673542022705,감,WITHIN_SPLIT,OTHER,no_valid_adjacent_boundary,False,True,-1.0,OK
WIKIPEDIA,P2,838,39,3,120,WITHIN_SPLIT_PLACEBO,WITHIN_SPLIT,해,견해를,0,0.0073327794671058655,4,838.0,117.0,True,33883,33883,33883,33883,True,True,True,True,True,63256.0,2.0,-8.563179016113281,료,EXACT,OTHER,not_primary_class,False,True,-1.0,OK
WIKIPEDIA,P2,848,19,1,48,WITHIN_SPLIT_PLACEBO,WITHIN_SPLIT,으로,학문으로서,0,3.5693345069885254,6,848.0,32.0,True,42039,42039,42039,42039,True,True,True,True,True,80968.0,2.0,-2.290163993835449,적,EXACT,OTHER,not_primary_class,False,True,-1.0,OK
WIKIPEDIA,P2,853,4,1,12,WITHIN_SPLIT_PLACEBO,WITHIN_SPLIT,론,이론을,0,0.01337050274014473,3,853.0,20.0,True,126605,126605,126605,126605,True,True,True,True,True,65865.0,2.0,-7.7824811935424805,전,WITHIN_SPLIT,OTHER,no_valid_adjacent_boundary,False,True,-1.0,OK
WIKIPEDIA,P2,853,33,2,110,WITHIN_SPLIT_PLACEBO,WITHIN_SPLIT, 기,기술은,0,0.04300369322299957,3,853.0,72.0,True,54116,54116,54116,54116,True,True,True,True,True,20487.0,2.0,-6.0206756591796875,기,EXACT,OTHER,not_primary_class,False,True,-1.0,OK
WIKIPEDIA,P2,853,37,3,121,WITHIN_SPLIT_PLACEBO,WITHIN_SPLIT,능,능력을,0,0.0007040423224680126,3,853.0,122.0,True,98,98,98,98,True,True,True,True,True,246.0,2.0,-11.187552452087402,늘,EXACT,OTHER,not_primary_class,False,True,-1.0,OK
WIKIPEDIA,P2,855,7,3,25,WITHIN_SPLIT_PLACEBO,WITHIN_SPLIT,림,산림의,0,0.3796512186527252,4,855.0,22.0,True,131293,131293,131293,131293,True,True,True,True,True,124517.0,2.0,-4.067044258117676,업,WITHIN_SPLIT,OTHER,no_valid_adjacent_boundary,False,True,-1.0,OK
WIKIPEDIA,P2,855,7,2,24,WITHIN_SPLIT_PLACEBO,WITHIN_SPLIT,산,산림의,0,0.06139511987566948,4,855.0,36.0,True,108,108,108,108,True,True,True,True,True,120.0,2.0,-4.900041103363037,삼,EXACT,OTHER,not_primary_class,False,True,-1.0,OK
WIKIPEDIA,P2,855,14,3,53,WITHIN_SPLIT_PLACEBO,WITHIN_SPLIT,림,산림의,0,0.0856972262263298,4,855.0,50.0,True,131293,131293,131293,131293,True,True,True,True,True,124517.0,2.0,-6.1808319091796875,업,WITHIN_SPLIT,OTHER,no_valid_adjacent_boundary,False,True,-1.0,OK
WIKIPEDIA,P2,855,14,2,52,WITHIN_SPLIT_PLACEBO,WITHIN_SPLIT,산,산림의,0,0.014625567011535168,4,855.0,64.0,True,108,108,108,108,True,True,True,True,True,120.0,2.0,-6.392494201660156,삼,EXACT,OTHER,not_primary_class,False,True,-1.0,OK
WIKIPEDIA,P2,855,21,3,81,WITHIN_SPLIT_PLACEBO,WITHIN_SPLIT,림,산림의,0,0.013320601545274258,4,855.0,78.0,True,131293,131293,131293,131293,True,True,True,True,True,20401.0,2.0,-7.751165866851807,의,EXACT,OTHER,not_primary_class,False,True,-1.0,OK
WIKIPEDIA,P2,855,21,2,80,WITHIN_SPLIT_PLACEBO,WITHIN_SPLIT,산,산림의,0,0.00035513725015334785,4,855.0,92.0,True,108,108,108,108,True,True,True,True,True,114.0,2.0,-11.234402656555176,삶,EXACT,OTHER,not_primary_class,False,True,-1.0,OK
WIKIPEDIA,P2,855,28,3,109,WITHIN_SPLIT_PLACEBO,WITHIN_SPLIT,림,산림의,0,0.007430490106344223,4,855.0,106.0,True,131293,131293,131293,131293,True,True,True,True,True,20401.0,2.0,-8.328744888305664,의,EXACT,OTHER,not_primary_class,False,True,-1.0,OK
WIKIPEDIA,P2,855,28,2,108,WITHIN_SPLIT_PLACEBO,WITHIN_SPLIT,산,산림의,0,0.00016974384197965264,4,855.0,120.0,True,108,108,108,108,True,True,True,True,True,120.0,2.0,-11.703137397766113,삼,EXACT,OTHER,not_primary_class,False,True,-1.0,OK
WIKIPEDIA,P2,860,13,3,43,WITHIN_SPLIT_PLACEBO,WITHIN_SPLIT, 시,시기는,0,1.0087016820907593,2,860.0,44.0,True,44518,44518,44518,44518,True,True,True,True,True,77353.0,2.0,-2.616537570953369, 연,EXACT,OTHER,not_primary_class,False,True,-1.0,OK
WIKIPEDIA,P2,860,41,2,125,WITHIN_SPLIT_PLACEBO,WITHIN_SPLIT, 시,시기는,0,1.530431866645813,2,860.0,126.0,True,44518,44518,44518,44518,True,True,True,True,True,16560.0,2.0,-1.4544100761413574,는,EXACT,OTHER,not_primary_class,False,True,-1.0,OK
WIKIPEDIA,P2,869,14,1,36,WITHIN_SPLIT_PLACEBO,WITHIN_SPLIT,뉴,뉴욕시에서,0,0.03847305849194527,6,869.0,57.0,True,112,112,112,112,True,True,True,True,True,254.0,2.0,-6.176897048950195,뉠,EXACT,OTHER,not_primary_class,False,True,-1.0,OK
WIKIPEDIA,P2,869,31,3,97,WITHIN_SPLIT_PLACEBO,WITHIN_SPLIT,망,사망자가,0,0.08765856921672821,3,869.0,98.0,True,130472,130472,130472,130472,True,True,True,True,True,55902.0,2.0,-5.713714122772217,상,WITHIN_SPLIT,OTHER,no_valid_adjacent_boundary,False,True,-1.0,OK
WIKIPEDIA,P2,872,18,2,55,WITHIN_SPLIT_PLACEBO,WITHIN_SPLIT, 동,동굴의,1,5.055651664733887,4,872.0,16.0,True,126322,66790,126322,66790,True,True,False,False,True,47818.0,2.0,-3.112065076828003, 생,EXACT,OTHER,not_primary_class,False,False,0.0,OK
WIKIPEDIA,P2,872,9,1,28,WITHIN_SPLIT_PLACEBO,WITHIN_SPLIT,름,흐름을,0,0.04496891796588898,5,872.0,20.0,True,63154,63154,63154,63154,True,True,True,True,True,125548.0,2.0,-5.552783966064453,르,WITHIN_SPLIT,OTHER,no_valid_adjacent_boundary,False,True,-1.0,OK
WIKIPEDIA,P2,872,27,1,74,WITHIN_SPLIT_PLACEBO,WITHIN_SPLIT,흐,흐름에,0,0.020411377772688866,5,872.0,68.0,True,251,251,251,251,True,True,True,True,True,36109.0,13.0,-10.564787864685059,탁,EXACT,OTHER,not_primary_class,False,True,-1.0,OK
WIKIPEDIA,P2,872,39,3,124,WITHIN_SPLIT_PLACEBO,WITHIN_SPLIT,름,흐름에,0,0.0029284770134836435,5,872.0,116.0,True,63154,63154,63154,63154,True,True,True,True,True,125548.0,3.0,-11.609678268432617,르,WITHIN_SPLIT,OTHER,no_valid_adjacent_boundary,False,True,-1.0,OK
WIKIPEDIA,P2,873,22,3,66,WITHIN_SPLIT_PLACEBO,WITHIN_SPLIT,천,하천이,0,0.002963051665574312,3,873.0,75.0,True,129034,129034,129034,129034,True,True,True,True,True,125118.0,2.0,-10.586153030395508,청,WITHIN_SPLIT,OTHER,no_valid_adjacent_boundary,False,True,-1.0,OK
WIKIPEDIA,P2,879,38,1,115,WITHIN_SPLIT_PLACEBO,WITHIN_SPLIT,력,경제력과,0,0.21075816452503204,4,879.0,127.0,True,28754,28754,28754,28754,True,True,True,True,True,135818.0,2.0,-3.020153522491455,력을,CROSS_MORPHEME,NOMINAL_TO_PARTICLE,crossed_boundary,False,True,-1.0,OK
WIKIPEDIA,P2,886,0,1,0,WITHIN_SPLIT_PLACEBO,WITHIN_SPLIT, 아이,아이콘을,1,1.804826021194458,1,886.0,29.0,True,130902,17877,130902,17877,True,True,False,False,True,17877.0,2.0,-2.615560531616211,을,EXACT,OTHER,not_primary_class,True,False,1.0,OK
WIKIPEDIA,P2,886,14,1,53,WITHIN_SPLIT_PLACEBO,WITHIN_SPLIT,페이,인터페이스는,0,6.169833568492322e-07,6,886.0,57.0,True,69383,69383,69383,69383,True,True,True,True,True,2434.0,16.0,-22.5,aces,EXACT,OTHER,not_primary_class,False,True,-1.0,OK
WIKIPEDIA,P2,886,21,1,81,WITHIN_SPLIT_PLACEBO,WITHIN_SPLIT,페이,인터페이스는,0,5.895246317777492e-07,6,886.0,85.0,True,69383,69383,69383,69383,True,True,True,True,True,2434.0,16.0,-22.5234375,aces,EXACT,OTHER,not_primary_class,False,True,-1.0,OK
WIKIPEDIA,P2,886,28,1,109,WITHIN_SPLIT_PLACEBO,WITHIN_SPLIT,페이,인터페이스는,0,1.2936251323480974e-06,6,886.0,113.0,True,69383,69383,69383,69383,True,True,True,True,True,2434.0,17.0,-21.3671875,aces,EXACT,OTHER,not_primary_class,False,True,-1.0,OK
WIKIPEDIA,P2,892,22,2,72,WITHIN_SPLIT_PLACEBO,WITHIN_SPLIT,편,편집자가,0,0.03785651549696922,5,892.0,44.0,True,116,116,116,116,True,True,True,True,True,246.0,2.0,-5.271408557891846,페,EXACT,OTHER,not_primary_class,False,True,-1.0,OK
WIKIPEDIA,P2,892,22,3,73,WITHIN_SPLIT_PLACEBO,WITHIN_SPLIT,집,편집자가,0,0.02189132384955883,5,892.0,74.0,True,126886,126886,126886,126886,True,True,True,True,True,21329.0,2.0,-7.189593315124512,지,WITHIN_SPLIT,OTHER,no_valid_adjacent_boundary,False,True,-1.0,OK
WIKIPEDIA,P2,892,33,2,116,WITHIN_SPLIT_PLACEBO,WITHIN_SPLIT,외,외형을,0,0.001298530027270317,4,892.0,104.0,True,116,116,116,116,True,True,True,True,True,222.0,2.0,-9.656359672546387,와,EXACT,OTHER,not_primary_class,False,True,-1.0,OK
WIKIPEDIA,P2,895,17,2,54,WITHIN_SPLIT_PLACEBO,WITHIN_SPLIT, 공,공격으로,1,2.1966922283172607,2,895.0,13.0,True,125466,54116,125466,54116,True,True,False,False,True,54116.0,2.0,-2.931417942047119, 기,EXACT,OTHER,not_primary_class,True,False,1.0,OK
WIKIPEDIA,P2,898,20,3,55,WITHIN_SPLIT_PLACEBO,WITHIN_SPLIT,동,활동에,0,0.001988565782085061,3,898.0,12.0,True,57089,57089,57089,57089,True,True,True,True,True,126322.0,2.0,-9.625160217285156, 동,EXACT,OTHER,not_primary_class,False,True,-1.0,OK
WIKIPEDIA,P2,898,20,2,54,WITHIN_SPLIT_PLACEBO,WITHIN_SPLIT, 활,활동에,0,1.1857249736785889,3,898.0,21.0,True,140968,140968,140968,140968,True,True,True,True,True,140890.0,2.0,-3.971548318862915, 가치,EXACT,OTHER,not_primary_class,False,True,-1.0,OK
WIKIPEDIA,P2,900,21,3,73,WITHIN_SPLIT_PLACEBO,WITHIN_SPLIT,자,수상자로,0,1.231277585029602,4,900.0,70.0,True,25715,25715,25715,25715,True,True,True,True,True,130427.0,2.0,-3.1491119861602783,자가,CROSS_MORPHEME,NOMINAL_TO_PARTICLE,crossed_boundary,False,True,-1.0,OK
WIKIPEDIA,P2,901,5,2,14,WITHIN_SPLIT_PLACEBO,WITHIN_SPLIT, 언,언어의,0,3.143132448196411,3,901.0,2.0,True,139957,139957,139957,139957,True,True,True,True,True,142976.0,2.0,-2.223191499710083, 특정,EXACT,OTHER,not_primary_class,False,True,-1.0,OK
WIKIPEDIA,P2,901,33,1,100,WITHIN_SPLIT_PLACEBO,WITHIN_SPLIT,쉬,소쉬르는,0,0.01652427949011326,4,901.0,117.0,True,140017,140017,140017,140017,True,True,True,True,True,29326.0,3.0,-8.423325538635254,시,WITHIN_SPLIT,OTHER,no_valid_adjacent_boundary,False,True,-1.0,OK
WIKIPEDIA,P2,921,29,2,77,WITHIN_SPLIT_PLACEBO,WITHIN_SPLIT,관,기관이나,0,0.19929929077625275,3,921.0,89.0,True,124780,124780,124780,124780,True,True,True,True,True,124517.0,2.0,-4.171595573425293,업,WITHIN_SPLIT,OTHER,no_valid_adjacent_boundary,False,True,-1.0,OK
WIKIPEDIA,P2,921,39,1,114,WITHIN_SPLIT_PLACEBO,WITHIN_SPLIT,관,기관이나,0,0.05686681717634201,3,921.0,126.0,True,124780,124780,124780,124780,True,True,True,True,True,124517.0,2.0,-5.226612567901611,업,WITHIN_SPLIT,OTHER,no_valid_adjacent_boundary,False,True,-1.0,OK
WIKIPEDIA,P2,927,6,3,20,WITHIN_SPLIT_PLACEBO,WITHIN_SPLIT,누,컵누들이,0,1.4177606105804443,4,927.0,5.0,True,131903,131903,131903,131903,True,True,True,True,True,97929.0,2.0,-3.526984214782715,류,EXACT,OTHER,not_primary_class,False,True,-1.0,OK
WIKIPEDIA,P2,927,1,1,3,WITHIN_SPLIT_PLACEBO,WITHIN_SPLIT,컵,컵누들이,0,0.12525101006031036,4,927.0,7.0,True,113,113,113,113,True,True,True,True,True,115.0,4.0,-6.426199436187744,컷,EXACT,OTHER,not_primary_class,False,True,-1.0,OK
WIKIPEDIA,P2,927,15,1,46,WITHIN_SPLIT_PLACEBO,WITHIN_SPLIT,컵,컵누들이,0,0.010040683671832085,4,927.0,14.0,True,113,113,113,113,True,True,True,True,True,115.0,3.0,-8.001153945922852,컷,EXACT,OTHER,not_primary_class,False,True,-1.0,OK
WIKIPEDIA,P2,927,6,2,19,WITHIN_SPLIT_PLACEBO,WITHIN_SPLIT,컵,컵누들이,0,0.004974392242729664,4,927.0,21.0,True,113,113,113,113,True,True,True,True,True,115.0,4.0,-9.641117095947266,컷,EXACT,OTHER,not_primary_class,False,True,-1.0,OK
WIKIPEDIA,P2,927,15,2,47,WITHIN_SPLIT_PLACEBO,WITHIN_SPLIT,누,컵누들이,0,0.9841746091842651,4,927.0,23.0,True,131903,131903,131903,131903,True,True,True,True,True,138659.0,2.0,-4.170591831207275, 누,EXACT,OTHER,not_primary_class,False,True,-1.0,OK
WIKIPEDIA,P2,927,1,2,4,WITHIN_SPLIT_PLACEBO,WITHIN_SPLIT,누,컵누들이,0,3.7532858848571777,4,927.0,48.0,True,131903,131903,131903,131903,True,True,True,True,True,76337.0,2.0,-2.0610833168029785,식,EXACT,OTHER,not_primary_class,False,True,-1.0,OK
WIKIPEDIA,P2,927,25,2,77,WITHIN_SPLIT_PLACEBO,WITHIN_SPLIT,누,컵누들이,0,0.643234372138977,4,927.0,78.0,True,131903,131903,131903,131903,True,True,True,True,True,138659.0,2.0,-4.528042316436768, 누,EXACT,OTHER,not_primary_class,False,True,-1.0,OK
WIKIPEDIA,P2,927,25,1,76,WITHIN_SPLIT_PLACEBO,WITHIN_SPLIT,컵,컵누들이,0,0.006741744000464678,4,927.0,108.0,True,113,113,113,113,True,True,True,True,True,115.0,3.0,-9.703902244567871,컷,EXACT,OTHER,not_primary_class,False,True,-1.0,OK
WIKIPEDIA,P2,930,16,1,40,WITHIN_SPLIT_PLACEBO,WITHIN_SPLIT,묵,어묵을,0,0.6020652055740356,3,930.0,4.0,True,144182,144182,144182,144182,True,True,True,True,True,144058.0,2.0,-5.129863739013672,슷,WITHIN_SPLIT,OTHER,no_valid_adjacent_boundary,False,True,-1.0,OK
WIKIPEDIA,P2,930,9,3,25,WITHIN_SPLIT_PLACEBO,WITHIN_SPLIT,점,음식점에서,0,0.55865478515625,5,930.0,37.0,True,126333,126333,126333,126333,True,True,True,True,True,138913.0,2.0,-2.9834165573120117,점을,CROSS_MORPHEME,NOMINAL_TO_PARTICLE,crossed_boundary,False,True,-1.0,OK
WIKIPEDIA,P2,930,13,1,35,WITHIN_SPLIT_PLACEBO,WITHIN_SPLIT, 간,간장을,0,2.968700408935547,4,930.0,46.0,True,16778,16778,16778,16778,True,True,True,True,True,128719.0,4.0,-3.1591947078704834, 그리고,EXACT,OTHER,not_primary_class,False,True,-1.0,OK
WIKIPEDIA,P2,930,35,1,85,WITHIN_SPLIT_PLACEBO,WITHIN_SPLIT, 종,종류의,1,3.202374219894409,4,930.0,54.0,True,98358,79302,98358,79302,True,True,False,False,True,129242.0,2.0,-2.013640880584717, 재,EXACT,OTHER,not_primary_class,False,False,0.0,OK
WIKIPEDIA,P2,930,28,1,69,WITHIN_SPLIT_PLACEBO,WITHIN_SPLIT,이,떡볶이의,1,0.8015729784965515,5,930.0,78.0,True,12802,132044,12802,132044,True,True,False,False,True,132044.0,2.0,-1.5552952289581299,이는,CROSS_MORPHEME,NOMINAL_TO_PARTICLE,crossed_boundary,True,False,1.0,OK
WIKIPEDIA,P2,940,28,1,106,WITHIN_SPLIT_PLACEBO,WITHIN_SPLIT,국,국회의,0,0.36630386114120483,2,940.0,107.0,True,124785,124785,124785,124785,True,True,True,True,True,29281.0,2.0,-5.540293216705322,정,EXACT,OTHER,not_primary_class,False,True,-1.0,OK
WIKIPEDIA,P2,942,23,3,89,WITHIN_SPLIT_PLACEBO,WITHIN_SPLIT,크,마이크로,0,0.002077225362882018,7,942.0,77.0,True,81133,81133,81133,81133,True,True,True,True,True,129695.0,2.0,-10.203292846679688,코,EXACT,OTHER,not_primary_class,False,True,-1.0,OK
WIKIPEDIA,P2,942,23,2,88,WITHIN_SPLIT_PLACEBO,WITHIN_SPLIT,이,마이크로,0,0.0014249717351049185,7,942.0,126.0,True,12802,12802,12802,12802,True,True,True,True,True,81133.0,2.0,-10.43760871887207,크,WITHIN_SPLIT,OTHER,no_valid_adjacent_boundary,False,True,-1.0,OK
WIKIPEDIA,P2,946,18,1,42,WITHIN_SPLIT_PLACEBO,WITHIN_SPLIT, 마,마이크로,1,4.939979076385498,,946.0,7.0,True,95577,220,95577,220,True,True,False,False,True,98358.0,3.0,-3.1690833568573, 종,EXACT,OTHER,not_primary_class,False,False,0.0,OK
WIKIPEDIA,P2,948,12,1,34,WITHIN_SPLIT_PLACEBO,WITHIN_SPLIT,기,표기법으로,0,1.7514147758483887,4,948.0,41.0,True,20487,20487,20487,20487,True,True,True,True,True,31079.0,2.0,-1.0734820365905762,어,WITHIN_SPLIT,OTHER,no_valid_adjacent_boundary,False,True,-1.0,OK
WIKIPEDIA,P2,948,26,1,63,WITHIN_SPLIT_PLACEBO,WITHIN_SPLIT, 관,관계가,0,1.5015411376953125,3,948.0,70.0,True,92751,92751,92751,92751,True,True,True,True,True,77353.0,2.0,-1.777298927307129, 연,EXACT,OTHER,not_primary_class,False,True,-1.0,OK
WIKIPEDIA,P2,948,34,1,88,WITHIN_SPLIT_PLACEBO,WITHIN_SPLIT,법,문법을,0,1.3398535251617432,3,948.0,100.0,True,126270,126270,126270,126270,True,True,True,True,True,40853.0,2.0,-1.1814217567443848,장,WITHIN_SPLIT,OTHER,no_valid_adjacent_boundary,False,True,-1.0,OK
WIKIPEDIA,P2,953,20,3,56,WITHIN_SPLIT_PLACEBO,WITHIN_SPLIT,구,응구기는,0,0.04778434336185455,3,953.0,57.0,True,88259,88259,88259,88259,True,True,True,True,True,58777.0,2.0,-6.145944595336914, 구,EXACT,OTHER,not_primary_class,False,True,-1.0,OK
WIKIPEDIA,P2,988,5,1,10,WITHIN_SPLIT_PLACEBO,WITHIN_SPLIT,긍,자긍심을,1,2.935059070587158,3,988.0,0.0,True,144203,126614,144203,126614,True,True,False,False,True,130999.0,2.0,-1.8938019275665283,존,WITHIN_SPLIT,OTHER,no_valid_adjacent_boundary,False,False,0.0,OK
WIKIPEDIA,P2,990,39,3,103,WITHIN_SPLIT_PLACEBO,WITHIN_SPLIT,버,아버지는,0,0.20702248811721802,3,990.0,104.0,True,79004,79004,79004,79004,True,True,True,True,True,95218.0,2.0,-5.183166027069092,내,WITHIN_SPLIT,OTHER,no_valid_adjacent_boundary,False,True,-1.0,OK
WIKIPEDIA,P2,996,39,3,99,WITHIN_SPLIT_PLACEBO,WITHIN_SPLIT,원,기원으로,0,0.4508781135082245,3,996.0,124.0,True,54321,54321,54321,54321,True,True,True,True,True,126641.0,2.0,-4.3125386238098145,반,WITHIN_SPLIT,OTHER,no_valid_adjacent_boundary,False,True,-1.0,OK
FLORES,P2,1,1,2,3,NP_CROSS,CROSS_MORPHEME, 우리는,우리는,1,2.402555465698242,4,,,,131746,33704,131746,33704,True,True,False,False,True,128878.0,3.0,-1.6857260465621948,까지,EXACT,OTHER,not_primary_class,False,False,0.0,OK
FLORES,P2,4,36,2,88,NP_CROSS,CROSS_MORPHEME,상을,문학상을,1,2.444244623184204,3,,,,136854,55902,136854,55902,True,True,False,False,True,55902.0,2.0,-1.2803592681884766,상,WITHIN_SPLIT,OTHER,no_valid_adjacent_boundary,True,False,1.0,OK
FLORES,P2,4,40,1,101,NP_CROSS,CROSS_MORPHEME, 때문에,"때문에,",0,0.23779964447021484,1,,,,129147,129147,129147,129147,True,True,True,True,True,126495.0,2.0,-3.7528507709503174, 때문,EXACT,OTHER,not_primary_class,False,True,-1.0,OK
FLORES,P2,4,44,4,110,NP_CROSS,CROSS_MORPHEME,력을,노력을,0,0.03555101901292801,2,,,,135818,135818,135818,135818,True,True,True,True,True,16186.0,3.0,-8.450279235839844,하,EXACT,OTHER,not_primary_class,False,True,-1.0,OK
FLORES,P2,5,5,1,11,NP_CROSS,CROSS_MORPHEME, 우리는,우리는,1,3.0877490043640137,4,,,,131746,33704,131746,33704,True,True,False,False,True,33704.0,2.0,-1.848921537399292,은,EXACT,OTHER,not_primary_class,True,False,1.0,OK
FLORES,P2,11,9,1,26,NP_CROSS,CROSS_MORPHEME, 것으로,것으로,0,2.2614364624023438,1,,,,132091,132091,132091,132091,True,True,True,True,True,141541.0,3.0,-2.7394046783447266, 효과,EXACT,OTHER,not_primary_class,False,True,-1.0,OK
FLORES,P2,14,6,3,16,NP_CROSS,CROSS_MORPHEME,지를,편지를,1,0.9162924289703369,5,,,,133120,21329,133120,21329,True,True,False,False,True,21329.0,2.0,-0.9110351800918579,지,WITHIN_SPLIT,OTHER,no_valid_adjacent_boundary,True,False,1.0,OK
FLORES,P2,15,0,1,0,NP_CROSS,CROSS_MORPHEME, 우리는,우리는,0,1.9179348945617676,1,,,,131746,131746,131746,131746,True,True,True,True,True,132662.0,2.0,-1.5889465808868408, 미국,EXACT,OTHER,not_primary_class,False,True,-1.0,OK
FLORES,P2,16,19,1,41,NP_CROSS,CROSS_MORPHEME,지를,지지를,1,0.6896501779556274,4,,,,133120,21329,133120,21329,True,True,False,False,True,21329.0,2.0,-0.8715933561325073,지,WITHIN_SPLIT,OTHER,no_valid_adjacent_boundary,True,False,1.0,OK
FLORES,P2,22,10,4,28,NP_CROSS,CROSS_MORPHEME,상을,여우주연상을,1,0.6439087390899658,6,,,,136854,55902,136854,55902,True,True,False,False,True,55902.0,2.0,-1.0846433639526367,상,WITHIN_SPLIT,LEXICAL_TO_LEXICAL,nearest_adjacent_boundary,True,False,1.0,OK
FLORES,P2,24,14,3,42,NP_CROSS,CROSS_MORPHEME,오는,스튜디오는,0,0.6312726736068726,4,,,,139097,139097,139097,139097,True,True,True,True,True,57268.0,2.0,-1.1369776725769043,오,WITHIN_SPLIT,OTHER,no_valid_adjacent_boundary,False,True,-1.0,OK
FLORES,P2,27,11,3,24,NP_CROSS,CROSS_MORPHEME, 것을,것을,0,3.4679970741271973,1,,,,129337,129337,129337,129337,True,True,True,True,True,127864.0,2.0,-1.9010393619537354, 역,EXACT,OTHER,not_primary_class,False,True,-1.0,OK
FLORES,P2,31,36,2,105,NP_CROSS,CROSS_MORPHEME, 때문에,"때문에,",0,0.0753486230969429,1,,,,129147,129147,129147,129147,True,True,True,True,True,126495.0,2.0,-4.6683855056762695, 때문,EXACT,OTHER,not_primary_class,False,True,-1.0,OK
FLORES,P2,31,41,4,120,NP_CROSS,CROSS_MORPHEME, 것으로,것으로,0,1.1695036888122559,1,,,,132091,132091,132091,132091,True,True,True,True,True,71108.0,2.0,-1.872992753982544, 것,EXACT,OTHER,not_primary_class,False,True,-1.0,OK
FLORES,P2,32,12,1,39,NP_CROSS,CROSS_MORPHEME, 것으로,것으로,0,1.2472339868545532,1,,,,132091,132091,132091,132091,True,True,True,True,True,71108.0,2.0,-1.2774481773376465, 것,EXACT,OTHER,not_primary_class,False,True,-1.0,OK
FLORES,P2,32,31,4,86,NP_CROSS,CROSS_MORPHEME, 것으로,것으로,1,1.6657503843307495,1,,,,132091,129337,132091,129337,True,True,False,False,True,71108.0,2.0,-1.4785776138305664, 것,EXACT,OTHER,not_primary_class,False,False,0.0,OK
FLORES,P2,33,21,3,45,NP_CROSS,CROSS_MORPHEME, 것으로,것으로,1,2.257988929748535,1,,,,132091,129337,132091,129337,True,True,False,False,True,71108.0,2.0,-1.5451581478118896, 것,EXACT,OTHER,not_primary_class,False,False,0.0,OK
FLORES,P2,34,30,1,62,NP_CROSS,CROSS_MORPHEME,상을,부상을,0,0.6443498134613037,2,,,,136854,136854,136854,136854,True,True,True,True,True,55902.0,2.0,-1.095230221748352,상,WITHIN_SPLIT,OTHER,no_valid_adjacent_boundary,False,True,-1.0,OK
FLORES,P2,44,4,1,15,NP_CROSS,CROSS_MORPHEME,자의,전자의,1,3.375159740447998,2,,,,131958,20401,131958,20401,True,True,False,False,True,128909.0,2.0,-2.288512945175171,형,WITHIN_SPLIT,OTHER,no_valid_adjacent_boundary,False,False,0.0,OK
FLORES,P2,45,2,1,5,NP_CROSS,CROSS_MORPHEME, 사람이,사람이,1,2.823852062225342,3,,,,133166,132557,133166,132557,True,True,False,False,True,132557.0,2.0,-1.517397165298462,혼,WITHIN_SPLIT,OTHER,no_valid_adjacent_boundary,True,False,1.0,OK
FLORES,P2,45,14,3,33,NP_CROSS,CROSS_MORPHEME,상을,인상을,0,0.3685504198074341,2,,,,136854,136854,136854,136854,True,True,True,True,True,55902.0,2.0,-2.1272125244140625,상,WITHIN_SPLIT,OTHER,no_valid_adjacent_boundary,False,True,-1.0,OK
FLORES,P2,46,23,3,66,NP_CROSS,CROSS_MORPHEME, 때문에,때문에,0,0.03189500793814659,1,,,,129147,129147,129147,129147,True,True,True,True,True,126495.0,2.0,-5.645056247711182, 때문,EXACT,OTHER,not_primary_class,False,True,-1.0,OK
FLORES,P2,46,24,4,71,NP_CROSS,CROSS_MORPHEME, 것을,것을,0,1.4005072116851807,1,,,,129337,129337,129337,129337,True,True,True,True,True,130213.0,2.0,-1.0357418060302734, 내용,EXACT,OTHER,not_primary_class,False,True,-1.0,OK
FLORES,P2,47,0,3,2,NP_CROSS,CROSS_MORPHEME,리는,"""우리는",0,0.6449680328369141,3,,,,132920,132920,132920,132920,True,True,True,True,True,28002.0,2.0,-1.1610119342803955,리,WITHIN_SPLIT,OTHER,nearest_adjacent_boundary,False,True,-1.0,OK
FLORES,P2,52,37,1,102,NP_CROSS,CROSS_MORPHEME, 것을,것을,0,1.046921730041504,1,,,,129337,129337,129337,129337,True,True,True,True,True,130037.0,3.0,-3.2625207901000977, 사실,EXACT,OTHER,not_primary_class,False,True,-1.0,OK
FLORES,P2,57,6,1,14,NP_CROSS,CROSS_MORPHEME,사를,의사를,0,0.8286249041557312,2,,,,134445,134445,134445,134445,True,True,True,True,True,47985.0,3.0,-2.7373721599578857,도,WITHIN_SPLIT,OTHER,no_valid_adjacent_boundary,False,True,-1.0,OK
FLORES,P2,59,11,3,29,NP_CROSS,CROSS_MORPHEME, 것을,것을,1,2.5253469944000244,2,,,,129337,5140,129337,5140,True,True,False,False,True,71108.0,2.0,-1.7308802604675293, 것,EXACT,OTHER,not_primary_class,False,False,0.0,OK
FLORES,P2,59,13,1,32,NP_CROSS,CROSS_MORPHEME,점을,초점을,0,0.30767911672592163,2,,,,138913,138913,138913,138913,True,True,True,True,True,126333.0,2.0,-2.436732053756714,점,WITHIN_SPLIT,OTHER,no_valid_adjacent_boundary,False,True,-1.0,OK
FLORES,P2,61,3,1,12,NP_CROSS,CROSS_MORPHEME, 사람이,사람이,0,1.0737959146499634,1,,,,133166,133166,133166,133166,True,True,True,True,True,124889.0,2.0,-2.10166597366333, 사람,EXACT,OTHER,not_primary_class,False,True,-1.0,OK
FLORES,P2,68,7,4,22,NP_CROSS,CROSS_MORPHEME,점을,36점을,0,2.531672954559326,3,,,,138913,138913,138913,138913,True,True,True,True,True,126333.0,2.0,-1.4557826519012451,점,EXACT,OTHER,not_primary_class,False,True,-1.0,OK
FLORES,P2,77,13,1,40,NP_CROSS,CROSS_MORPHEME, 것으로,것으로,1,0.2790921926498413,3,,,,132091,74361,132091,74361,True,True,False,False,True,71108.0,2.0,-3.824956178665161, 것,EXACT,OTHER,not_primary_class,False,False,0.0,OK
FLORES,P2,87,2,1,3,NP_CROSS,CROSS_MORPHEME, 우리가,우리가,1,3.911198377609253,5,,,,131025,508,131025,508,True,True,False,False,True,508.0,2.0,-2.2018885612487793, [,EXACT,OTHER,not_primary_class,True,False,1.0,OK
FLORES,P2,92,11,2,34,NP_CROSS,CROSS_MORPHEME, 것을,것을,1,1.03664231300354,3,,,,129337,82619,129337,82619,True,True,False,False,True,82619.0,2.0,-0.8121965527534485, 결,EXACT,OTHER,not_primary_class,True,False,1.0,OK
FLORES,P2,94,3,4,15,NP_CROSS,CROSS_MORPHEME,기가,연기가,0,0.5938804149627686,2,,,,136125,136125,136125,136125,True,True,True,True,True,20487.0,2.0,-2.6073927879333496,기,WITHIN_SPLIT,OTHER,no_valid_adjacent_boundary,False,True,-1.0,OK
FLORES,P2,97,19,2,45,NP_CROSS,CROSS_MORPHEME, 것을,것을,0,1.7159688472747803,1,,,,129337,129337,129337,129337,True,True,True,True,True,57835.0,2.0,-1.8148317337036133, 추,EXACT,OTHER,not_primary_class,False,True,-1.0,OK
FLORES,P2,100,2,3,8,NP_CROSS,CROSS_MORPHEME,자가,환자가,0,0.9188504219055176,3,,,,130427,130427,130427,130427,True,True,True,True,True,25715.0,2.0,-0.9105349183082581,자,WITHIN_SPLIT,OTHER,no_valid_adjacent_boundary,False,True,-1.0,OK
FLORES,P2,105,4,1,10,NP_CROSS,CROSS_MORPHEME,기를,크기를,1,1.047808051109314,3,,,,131777,20487,131777,20487,True,True,False,False,True,20487.0,2.0,-1.175689697265625,기,WITHIN_SPLIT,OTHER,no_valid_adjacent_boundary,True,False,1.0,OK
FLORES,P2,108,14,4,37,NP_CROSS,CROSS_MORPHEME, 것을,것을,0,1.8503559827804565,1,,,,129337,129337,129337,129337,True,True,True,True,True,94315.0,2.0,-1.6638604402542114, 후,EXACT,OTHER,not_primary_class,False,True,-1.0,OK
FLORES,P2,109,14,2,26,NP_CROSS,CROSS_MORPHEME,사는,박사는,1,0.7181376814842224,4,,,,136294,55054,136294,55054,True,True,False,False,True,55054.0,2.0,-1.0254089832305908,사,WITHIN_SPLIT,OTHER,no_valid_adjacent_boundary,True,False,1.0,OK
FLORES,P2,109,21,2,36,NP_CROSS,CROSS_MORPHEME,사는,박사는,0,0.5942592024803162,3,,,,136294,136294,136294,136294,True,True,True,True,True,55054.0,2.0,-1.3631190061569214,사,WITHIN_SPLIT,OTHER,no_valid_adjacent_boundary,False,True,-1.0,OK
FLORES,P2,109,33,4,79,NP_CROSS,CROSS_MORPHEME,사는,박사는,0,0.1368061602115631,3,,,,136294,136294,136294,136294,True,True,True,True,True,55054.0,2.0,-3.5915732383728027,사,WITHIN_SPLIT,OTHER,no_valid_adjacent_boundary,False,True,-1.0,OK
FLORES,P2,109,44,4,122,NP_CROSS,CROSS_MORPHEME,사는,박사는,0,0.05291684716939926,3,,,,136294,136294,136294,136294,True,True,True,True,True,55054.0,2.0,-4.821301460266113,사,WITHIN_SPLIT,OTHER,no_valid_adjacent_boundary,False,True,-1.0,OK
FLORES,P2,124,2,3,10,NP_CROSS,CROSS_MORPHEME,자가,운전자가,1,1.6140329837799072,4,,,,130427,55054,130427,55054,True,True,False,False,True,55054.0,2.0,-1.3356704711914062,사,WITHIN_SPLIT,OTHER,no_valid_adjacent_boundary,True,False,1.0,OK
FLORES,P2,126,8,2,20,NP_CROSS,CROSS_MORPHEME, 사람이,사람이,0,1.2445077896118164,1,,,,133166,133166,133166,133166,True,True,True,True,True,124889.0,2.0,-1.3997453451156616, 사람,EXACT,OTHER,not_primary_class,False,True,-1.0,OK
FLORES,P2,131,4,1,14,NP_CROSS,CROSS_MORPHEME, 것을,것을,1,0.1396906077861786,2,,,,129337,140546,129337,140546,True,True,False,False,True,140546.0,2.0,-4.7861223220825195, 여성,EXACT,OTHER,not_primary_class,True,False,1.0,OK
FLORES,P2,131,8,4,23,NP_CROSS,CROSS_MORPHEME,력을,노력을,0,0.03397541493177414,2,,,,135818,135818,135818,135818,True,True,True,True,True,57089.0,2.0,-6.964608669281006,동,WITHIN_SPLIT,OTHER,no_valid_adjacent_boundary,False,True,-1.0,OK
FLORES,P2,133,3,3,9,NP_CROSS,CROSS_MORPHEME,자를,부상자를,1,0.9950284957885742,4,,,,135184,25715,135184,25715,True,True,False,False,True,25715.0,2.0,-0.9698673486709595,자,WITHIN_SPLIT,OTHER,no_valid_adjacent_boundary,True,False,1.0,OK
FLORES,P2,138,10,3,27,NP_CROSS,CROSS_MORPHEME,물을,퇴적물을,0,0.7242591381072998,5,,,,137075,137075,137075,137075,True,True,True,True,True,126251.0,2.0,-1.0040807723999023,물,WITHIN_SPLIT,OTHER,no_valid_adjacent_boundary,False,True,-1.0,OK
FLORES,P2,138,12,1,33,NP_CROSS,CROSS_MORPHEME, 것을,것을,0,3.70914888381958,1,,,,129337,129337,129337,129337,True,True,True,True,True,71108.0,4.0,-3.118232250213623, 것,EXACT,OTHER,not_primary_class,False,True,-1.0,OK
FLORES,P2,140,2,3,7,NP_CROSS,CROSS_MORPHEME,기가,물고기가,0,0.7427533864974976,3,,,,136125,136125,136125,136125,True,True,True,True,True,20487.0,2.0,-1.0296000242233276,기,WITHIN_SPLIT,OTHER,no_valid_adjacent_boundary,False,True,-1.0,OK
FLORES,P2,140,6,3,19,NP_CROSS,CROSS_MORPHEME,기가,물고기가,0,1.0123538970947266,3,,,,136125,136125,136125,136125,True,True,True,True,True,20487.0,2.0,-1.2957940101623535,기,WITHIN_SPLIT,OTHER,no_valid_adjacent_boundary,False,True,-1.0,OK
FLORES,P2,142,14,2,42,NP_CROSS,CROSS_MORPHEME, 때문에,때문에,0,0.07718528807163239,1,,,,129147,129147,129147,129147,True,True,True,True,True,126495.0,2.0,-4.622106552124023, 때문,EXACT,OTHER,not_primary_class,False,True,-1.0,OK
FLORES,P2,146,13,3,40,NP_CROSS,CROSS_MORPHEME, 것을,것을,0,1.2146148681640625,1,,,,129337,129337,129337,129337,True,True,True,True,True,130037.0,2.0,-3.2114720344543457, 사실,EXACT,OTHER,not_primary_class,False,True,-1.0,OK
FLORES,P2,148,8,1,21,NP_CROSS,CROSS_MORPHEME,장을,현장을,1,0.43446528911590576,3,,,,137471,40853,137471,40853,True,True,False,False,True,40853.0,2.0,-2.309467315673828,장,WITHIN_SPLIT,OTHER,no_valid_adjacent_boundary,True,False,1.0,OK
FLORES,P2,148,12,2,29,NP_CROSS,CROSS_MORPHEME,기가,항공기가,1,1.1215710639953613,3,,,,136125,131777,136125,131777,True,True,False,False,True,20487.0,2.0,-1.6400511264801025,기,WITHIN_SPLIT,OTHER,no_valid_adjacent_boundary,False,False,0.0,OK
FLORES,P2,149,7,2,21,NP_CROSS,CROSS_MORPHEME, 것으로,것으로,0,2.185575008392334,1,,,,132091,132091,132091,132091,True,True,True,True,True,98801.0,2.0,-1.3166176080703735, 결과,EXACT,OTHER,not_primary_class,False,True,-1.0,OK
FLORES,P2,157,9,2,22,NP_CROSS,CROSS_MORPHEME,자는,관계자는,1,0.6597062945365906,4,,,,132343,25715,132343,25715,True,True,False,False,True,25715.0,2.0,-2.201826333999634,자,WITHIN_SPLIT,OTHER,no_valid_adjacent_boundary,True,False,1.0,OK
FLORES,P2,157,22,1,55,NP_CROSS,CROSS_MORPHEME,험이,위험이,0,0.00019876114674843848,3,,,,62618,62618,62618,62618,True,True,True,True,True,225.0,5.0,-13.78907585144043,헃,WITHIN_SPLIT,LEXICAL_TO_LEXICAL,nearest_adjacent_boundary,False,True,-1.0,OK
FLORES,P2,159,11,1,17,NP_CROSS,CROSS_MORPHEME, 것은,것은,0,2.7007384300231934,1,,,,129274,129274,129274,129274,True,True,True,True,True,71108.0,2.0,-1.5145663022994995, 것,EXACT,OTHER,not_primary_class,False,True,-1.0,OK
FLORES,P2,163,9,2,26,NP_CROSS,CROSS_MORPHEME,자는,유권자는,0,1.0930140018463135,3,,,,132343,132343,132343,132343,True,True,True,True,True,25715.0,3.0,-1.406049132347107,자,WITHIN_SPLIT,OTHER,no_valid_adjacent_boundary,False,True,-1.0,OK
FLORES,P2,166,25,1,69,NP_CROSS,CROSS_MORPHEME, 것으로,것으로,1,3.93525767326355,7,,,,132091,10764,132091,10764,True,True,False,False,True,124657.0,2.0,-2.348829984664917, 우,EXACT,OTHER,not_primary_class,False,False,0.0,OK
FLORES,P2,167,1,1,1,NP_CROSS,CROSS_MORPHEME,자는,지원자는,0,1.289992332458496,2,,,,132343,132343,132343,132343,True,True,True,True,True,25715.0,2.0,-0.9196109771728516,자,WITHIN_SPLIT,OTHER,no_valid_adjacent_boundary,False,True,-1.0,OK
FLORES,P2,167,5,4,16,NP_CROSS,CROSS_MORPHEME,자를,대표자를,1,1.091303825378418,3,,,,135184,18411,135184,18411,True,True,False,False,True,25715.0,2.0,-1.5374231338500977,자,WITHIN_SPLIT,OTHER,no_valid_adjacent_boundary,False,False,0.0,OK
FLORES,P2,174,4,4,13,NP_CROSS,CROSS_MORPHEME, 때문에,때문에,0,0.06021154299378395,1,,,,129147,129147,129147,129147,True,True,True,True,True,126495.0,2.0,-5.3371782302856445, 때문,EXACT,OTHER,not_primary_class,False,True,-1.0,OK
FLORES,P2,175,5,3,9,NP_CROSS,CROSS_MORPHEME,자가,관찰자가,1,0.9965812563896179,4,,,,130427,25715,130427,25715,True,True,False,False,True,25715.0,2.0,-1.1198492050170898,자,WITHIN_SPLIT,OTHER,no_valid_adjacent_boundary,True,False,1.0,OK
FLORES,P2,178,14,2,44,NP_CROSS,CROSS_MORPHEME,리를,승리를,0,1.1669175624847412,3,,,,133886,133886,133886,133886,True,True,True,True,True,28002.0,2.0,-0.7973068952560425,리,WITHIN_SPLIT,OTHER,no_valid_adjacent_boundary,False,True,-1.0,OK
FLORES,P2,180,9,2,21,NP_CROSS,CROSS_MORPHEME,기는,경기는,1,1.341983675956726,5,,,,135854,20487,135854,20487,True,True,False,False,True,20487.0,2.0,-1.0199910402297974,기,WITHIN_SPLIT,OTHER,no_valid_adjacent_boundary,True,False,1.0,OK
FLORES,P2,181,2,2,6,NP_CROSS,CROSS_MORPHEME,기는,경기는,0,1.1715140342712402,2,,,,135854,135854,135854,135854,True,True,True,True,True,20487.0,3.0,-2.3891184329986572,기,WITHIN_SPLIT,OTHER,no_valid_adjacent_boundary,False,True,-1.0,OK
FLORES,P2,181,18,1,36,NP_CROSS,CROSS_MORPHEME,기를,경기를,0,1.1875834465026855,2,,,,131777,131777,131777,131777,True,True,True,True,True,20487.0,2.0,-1.9775187969207764,기,WITHIN_SPLIT,OTHER,no_valid_adjacent_boundary,False,True,-1.0,OK
FLORES,P2,188,16,1,38,NP_CROSS,CROSS_MORPHEME,대로,상대로,1,0.29494696855545044,4,,,,129923,43590,129923,43590,True,True,False,False,True,57555.0,2.0,-3.999596118927002,告,EXACT,OTHER,not_primary_class,False,False,0.0,OK
FLORES,P2,197,23,1,53,NP_CROSS,CROSS_MORPHEME,자의,피해자의,0,0.42810583114624023,2,,,,131958,131958,131958,131958,True,True,True,True,True,25715.0,2.0,-2.66731595993042,자,WITHIN_SPLIT,OTHER,no_valid_adjacent_boundary,False,True,-1.0,OK
FLORES,P2,199,15,2,42,NP_CROSS,CROSS_MORPHEME,자는,운전자는,0,0.951747715473175,3,,,,132343,132343,132343,132343,True,True,True,True,True,55054.0,4.0,-4.2547078132629395,사,WITHIN_SPLIT,OTHER,no_valid_adjacent_boundary,False,True,-1.0,OK
FLORES,P2,204,21,1,55,NP_CROSS,CROSS_MORPHEME,수가,선수가,0,0.6743423342704773,2,,,,135444,135444,135444,135444,True,True,True,True,True,23259.0,2.0,-0.9266079664230347,수,WITHIN_SPLIT,OTHER,no_valid_adjacent_boundary,False,True,-1.0,OK
FLORES,P2,208,18,1,55,NP_CROSS,CROSS_MORPHEME, 것으로,것으로,0,1.6211183071136475,1,,,,132091,132091,132091,132091,True,True,True,True,True,71108.0,2.0,-1.416761040687561, 것,EXACT,OTHER,not_primary_class,False,True,-1.0,OK
FLORES,P2,210,8,3,19,NP_CROSS,CROSS_MORPHEME,자를,환자를,0,0.6960797309875488,3,,,,135184,135184,135184,135184,True,True,True,True,True,25715.0,3.0,-2.830895185470581,자,WITHIN_SPLIT,OTHER,no_valid_adjacent_boundary,False,True,-1.0,OK
FLORES,P2,211,0,3,2,NP_CROSS,CROSS_MORPHEME,자는,환자는,0,0.57039475440979,3,,,,132343,132343,132343,132343,True,True,True,True,True,25715.0,3.0,-4.122581481933594,자,WITHIN_SPLIT,OTHER,no_valid_adjacent_boundary,False,True,-1.0,OK
FLORES,P2,217,10,1,23,NP_CROSS,CROSS_MORPHEME,기를,비행기를,0,1.0327379703521729,3,,,,131777,131777,131777,131777,True,True,True,True,True,20487.0,2.0,-2.0079996585845947,기,WITHIN_SPLIT,OTHER,no_valid_adjacent_boundary,False,True,-1.0,OK
FLORES,P2,218,2,3,7,NP_CROSS,CROSS_MORPHEME,기가,비행기가,0,1.042008399963379,3,,,,136125,136125,136125,136125,True,True,True,True,True,20487.0,2.0,-1.6840708255767822,기,WITHIN_SPLIT,OTHER,no_valid_adjacent_boundary,False,True,-1.0,OK
FLORES,P2,221,2,4,7,NP_CROSS,CROSS_MORPHEME,기가,항공기가,1,1.2910469770431519,3,,,,136125,131777,136125,131777,True,True,False,False,True,20487.0,3.0,-1.467355728149414,기,WITHIN_SPLIT,OTHER,no_valid_adjacent_boundary,False,False,0.0,OK
FLORES,P2,223,13,1,35,NP_CROSS,CROSS_MORPHEME,기가,항공기가,0,1.2164597511291504,3,,,,136125,136125,136125,136125,True,True,True,True,True,20487.0,2.0,-1.4228055477142334,기,WITHIN_SPLIT,OTHER,no_valid_adjacent_boundary,False,True,-1.0,OK
FLORES,P2,224,5,2,12,NP_CROSS,CROSS_MORPHEME,기가,항공기가,0,1.150439977645874,3,,,,136125,136125,136125,136125,True,True,True,True,True,20487.0,2.0,-1.348963737487793,기,WITHIN_SPLIT,OTHER,no_valid_adjacent_boundary,False,True,-1.0,OK
FLORES,P2,238,3,2,5,NP_CROSS,CROSS_MORPHEME,자의,사용자의,0,0.6540857553482056,2,,,,131958,131958,131958,131958,True,True,True,True,True,25715.0,3.0,-2.7952191829681396,자,EXACT,OTHER,not_primary_class,False,True,-1.0,OK
FLORES,P2,240,2,1,8,NP_CROSS,CROSS_MORPHEME, 자신의,자신의,0,1.872352123260498,1,,,,134748,134748,134748,134748,True,True,True,True,True,129882.0,2.0,-1.3937358856201172, 차,EXACT,OTHER,not_primary_class,False,True,-1.0,OK
FLORES,P2,242,8,1,19,NP_CROSS,CROSS_MORPHEME, 동시에,동시에,0,0.6633772850036621,1,,,,143409,143409,143409,143409,True,True,True,True,True,129381.0,2.0,-2.912440299987793, 같은,CROSS_MORPHEME,PREDICATE_TO_ENDING,crossed_boundary,False,True,-1.0,OK
FLORES,P2,244,5,2,16,NP_CROSS,CROSS_MORPHEME,장을,심장을,1,1.2659519910812378,4,,,,137471,40853,137471,40853,True,True,False,False,True,40853.0,2.0,-0.9029613733291626,장,WITHIN_SPLIT,OTHER,no_valid_adjacent_boundary,True,False,1.0,OK
FLORES,P2,245,15,1,34,NP_CROSS,CROSS_MORPHEME,기를,부스러기를,1,0.7474346160888672,5,,,,131777,20487,131777,20487,True,True,False,False,True,20487.0,2.0,-1.5326861143112183,기,WITHIN_SPLIT,OTHER,no_valid_adjacent_boundary,True,False,1.0,OK
FLORES,P2,245,18,1,41,NP_CROSS,CROSS_MORPHEME, 것을,것을,0,0.42517685890197754,1,,,,129337,129337,129337,129337,True,True,True,True,True,136665.0,2.0,-3.141805410385132, 모습,EXACT,OTHER,not_primary_class,False,True,-1.0,OK
FLORES,P2,247,19,4,42,NP_CROSS,CROSS_MORPHEME,리는,"""우리는",1,1.1730048656463623,4,,,,132920,28002,132920,28002,True,True,False,False,True,28002.0,2.0,-1.0156749486923218,리,WITHIN_SPLIT,OTHER,nearest_adjacent_boundary,True,False,1.0,OK
FLORES,P2,250,17,1,35,NP_CROSS,CROSS_MORPHEME, 것을,것을,0,1.751362919807434,1,,,,129337,129337,129337,129337,True,True,True,True,True,130037.0,2.0,-1.6832189559936523, 사실,EXACT,OTHER,not_primary_class,False,True,-1.0,OK
FLORES,P2,252,7,3,28,NP_CROSS,CROSS_MORPHEME,기가,전기가,0,0.24211128056049347,2,,,,136125,136125,136125,136125,True,True,True,True,True,20487.0,3.0,-4.801476001739502,기,WITHIN_SPLIT,OTHER,no_valid_adjacent_boundary,False,True,-1.0,OK
FLORES,P2,252,9,1,34,NP_CROSS,CROSS_MORPHEME, 것으로,것으로,0,1.878368854522705,1,,,,132091,132091,132091,132091,True,True,True,True,True,131042.0,2.0,-1.2204132080078125,다고,WITHIN_SPLIT,OTHER,no_valid_adjacent_boundary,False,True,-1.0,OK
FLORES,P2,256,4,3,13,NP_CROSS,CROSS_MORPHEME,자는,사망자는,1,0.8815727829933167,3,,,,132343,25715,132343,25715,True,True,False,False,True,25715.0,2.0,-2.3072359561920166,자,WITHIN_SPLIT,OTHER,no_valid_adjacent_boundary,True,False,1.0,OK
FLORES,P2,256,12,1,39,NP_CROSS,CROSS_MORPHEME,상을,부상을,1,0.6897929906845093,4,,,,136854,55902,136854,55902,True,True,False,False,True,55902.0,2.0,-0.871645450592041,상,WITHIN_SPLIT,OTHER,no_valid_adjacent_boundary,True,False,1.0,OK
FLORES,P2,259,9,1,26,NP_CROSS,CROSS_MORPHEME, 것을,것을,0,0.8608035445213318,1,,,,129337,129337,129337,129337,True,True,True,True,True,141526.0,2.0,-2.043689727783203, 현,EXACT,OTHER,not_primary_class,False,True,-1.0,OK
FLORES,P2,261,0,1,0,NP_CROSS,CROSS_MORPHEME, 저는,저는,0,2.7484476566314697,1,,,,134561,134561,134561,134561,True,True,True,True,True,125569.0,3.0,-2.8488619327545166, 저,EXACT,OTHER,not_primary_class,False,True,-1.0,OK
FLORES,P2,261,3,1,7,NP_CROSS,CROSS_MORPHEME, 것을,것을,1,3.586200714111328,3,,,,129337,21329,129337,21329,True,True,False,False,True,71108.0,2.0,-2.080399513244629, 것,EXACT,OTHER,not_primary_class,False,False,0.0,OK
FLORES,P2,264,1,4,5,NP_CROSS,CROSS_MORPHEME, 것은,것은,0,1.57177734375,1,,,,129274,129274,129274,129274,True,True,True,True,True,71108.0,3.0,-2.543537139892578, 것,EXACT,OTHER,not_primary_class,False,True,-1.0,OK
FLORES,P2,264,2,1,6,NP_CROSS,CROSS_MORPHEME, 우리가,우리가,0,2.015596866607666,1,,,,131025,131025,131025,131025,True,True,True,True,True,11.0,2.0,-1.4258655309677124,",",EXACT,OTHER,not_primary_class,False,True,-1.0,OK
FLORES,P2,265,15,1,42,NP_CROSS,CROSS_MORPHEME, 것을,것을,0,0.4186033308506012,1,,,,129337,129337,129337,129337,True,True,True,True,True,126785.0,2.0,-3.909412145614624, 법,EXACT,OTHER,not_primary_class,False,True,-1.0,OK
FLORES,P2,266,30,2,93,NP_CROSS,CROSS_MORPHEME,자의,미성년자의,1,1.4228415489196777,5,,,,131958,25715,131958,25715,True,True,False,False,True,25715.0,2.0,-1.2509942054748535,자,WITHIN_SPLIT,LEXICAL_TO_LEXICAL,nearest_adjacent_boundary,True,False,1.0,OK
FLORES,P2,266,32,1,98,NP_CROSS,CROSS_MORPHEME, 것은,것은,1,2.0537006855010986,1,,,,129274,49052,129274,49052,True,True,False,False,True,49052.0,3.0,-1.547052025794983, 경우,EXACT,OTHER,not_primary_class,True,False,1.0,OK
FLORES,P2,268,24,2,56,NP_CROSS,CROSS_MORPHEME, 것으로,것으로,0,0.8951100707054138,1,,,,132091,132091,132091,132091,True,True,True,True,True,95617.0,3.0,-3.172609567642212, 예,EXACT,OTHER,not_primary_class,False,True,-1.0,OK
FLORES,P2,272,1,4,4,NP_CROSS,CROSS_MORPHEME,기가,무기가,0,1.1139720678329468,2,,,,136125,136125,136125,136125,True,True,True,True,True,20487.0,3.0,-2.1016199588775635,기,WITHIN_SPLIT,OTHER,no_valid_adjacent_boundary,False,True,-1.0,OK
FLORES,P2,272,3,2,10,NP_CROSS,CROSS_MORPHEME,자의,남자의,0,0.6231832504272461,2,,,,131958,131958,131958,131958,True,True,True,True,True,25715.0,2.0,-2.4368700981140137,자,WITHIN_SPLIT,OTHER,no_valid_adjacent_boundary,False,True,-1.0,OK
FLORES,P2,272,4,1,13,NP_CROSS,CROSS_MORPHEME,리를,머리를,1,0.63252854347229,3,,,,133886,28002,133886,28002,True,True,False,False,True,28002.0,2.0,-1.238092064857483,리,WITHIN_SPLIT,OTHER,no_valid_adjacent_boundary,True,False,1.0,OK
FLORES,P2,275,2,1,6,NP_CROSS,CROSS_MORPHEME,기는,경기는,0,0.516623854637146,2,,,,135854,135854,135854,135854,True,True,True,True,True,20487.0,2.0,-3.055823564529419,기,WITHIN_SPLIT,OTHER,no_valid_adjacent_boundary,False,True,-1.0,OK
FLORES,P2,277,6,2,18,NP_CROSS,CROSS_MORPHEME,기를,경기를,1,1.370450496673584,3,,,,131777,20487,131777,20487,True,True,False,False,True,20487.0,2.0,-1.11838960647583,기,WITHIN_SPLIT,OTHER,no_valid_adjacent_boundary,True,False,1.0,OK
FLORES,P2,279,5,1,18,NP_CROSS,CROSS_MORPHEME,성이,여성이,1,1.5000420808792114,2,,,,137032,132818,137032,132818,True,True,False,False,True,25715.0,3.0,-2.5022215843200684,자,WITHIN_SPLIT,OTHER,no_valid_adjacent_boundary,False,False,0.0,OK
FLORES,P2,288,8,2,24,NP_CROSS,CROSS_MORPHEME,지는,이미지는,1,0.8804494738578796,3,,,,130974,21329,130974,21329,True,True,False,False,True,21329.0,2.0,-1.0330173969268799,지,WITHIN_SPLIT,OTHER,no_valid_adjacent_boundary,True,False,1.0,OK
FLORES,P2,288,12,2,33,NP_CROSS,CROSS_MORPHEME, 때문에,때문에,0,0.018074730411171913,1,,,,129147,129147,129147,129147,True,True,True,True,True,126495.0,2.0,-6.486590385437012, 때문,EXACT,OTHER,not_primary_class,False,True,-1.0,OK
FLORES,P2,291,8,1,12,NP_CROSS,CROSS_MORPHEME, 것으로,것으로,1,4.243964195251465,4,,,,132091,85322,132091,85322,True,True,False,False,True,28643.0,2.0,-2.4769093990325928, Crown,EXACT,OTHER,not_primary_class,False,False,0.0,OK
FLORES,P2,293,13,1,29,NP_CROSS,CROSS_MORPHEME,사를,제사를,1,1.6235325336456299,4,,,,134445,55054,134445,55054,True,True,False,False,True,55054.0,2.0,-1.0058486461639404,사,WITHIN_SPLIT,OTHER,no_valid_adjacent_boundary,True,False,1.0,OK
FLORES,P2,294,11,2,33,NP_CROSS,CROSS_MORPHEME, 것을,것을,0,0.6952121257781982,1,,,,129337,129337,129337,129337,True,True,True,True,True,71108.0,2.0,-2.9938929080963135, 것,EXACT,OTHER,not_primary_class,False,True,-1.0,OK
FLORES,P2,295,7,2,15,NP_CROSS,CROSS_MORPHEME,자는,사용자는,0,1.5353509187698364,2,,,,132343,132343,132343,132343,True,True,True,True,True,25715.0,3.0,-2.1727991104125977,자,WITHIN_SPLIT,OTHER,no_valid_adjacent_boundary,False,True,-1.0,OK
FLORES,P2,296,19,4,49,NP_CROSS,CROSS_MORPHEME,자가,자원봉사자가,1,1.2293806076049805,6,,,,130427,25715,130427,25715,True,True,False,False,True,25715.0,2.0,-1.1323120594024658,자,WITHIN_SPLIT,OTHER,no_valid_adjacent_boundary,True,False,1.0,OK
FLORES,P2,303,16,1,51,NP_CROSS,CROSS_MORPHEME,상을,화상을,0,0.7016547918319702,3,,,,136854,136854,136854,136854,True,True,True,True,True,55902.0,2.0,-0.8011767268180847,상,WITHIN_SPLIT,OTHER,no_valid_adjacent_boundary,False,True,-1.0,OK
FLORES,P2,305,8,1,25,NP_CROSS,CROSS_MORPHEME, 것을,것을,0,1.6018695831298828,1,,,,129337,129337,129337,129337,True,True,True,True,True,71108.0,2.0,-1.4147956371307373, 것,EXACT,OTHER,not_primary_class,False,True,-1.0,OK
FLORES,P2,305,14,1,45,NP_CROSS,CROSS_MORPHEME, 것으로,것으로,0,1.7965457439422607,1,,,,132091,132091,132091,132091,True,True,True,True,True,138629.0,2.0,-2.3887434005737305, 사건,EXACT,OTHER,not_primary_class,False,True,-1.0,OK
FLORES,P2,312,8,4,23,NP_CROSS,CROSS_MORPHEME, 것으로,것으로,0,0.2626953721046448,1,,,,132091,132091,132091,132091,True,True,True,True,True,32129.0,2.0,-4.4619460105896, 사,EXACT,OTHER,not_primary_class,False,True,-1.0,OK
FLORES,P2,313,15,2,35,NP_CROSS,CROSS_MORPHEME,기에,조기에,1,2.2692503929138184,2,,,,132264,20487,132264,20487,True,True,False,False,True,20487.0,2.0,-1.4949088096618652,기,WITHIN_SPLIT,OTHER,no_valid_adjacent_boundary,True,False,1.0,OK
FLORES,P2,314,4,1,8,NP_CROSS,CROSS_MORPHEME,성이,여성이,0,1.4694489240646362,2,,,,137032,137032,137032,137032,True,True,True,True,True,31328.0,5.0,-3.870112419128418,인,WITHIN_SPLIT,OTHER,no_valid_adjacent_boundary,False,True,-1.0,OK
FLORES,P2,318,9,1,24,NP_CROSS,CROSS_MORPHEME, 것을,것을,0,0.4595603346824646,1,,,,129337,129337,129337,129337,True,True,True,True,True,130037.0,2.0,-3.13470721244812, 사실,EXACT,OTHER,not_primary_class,False,True,-1.0,OK
FLORES,P2,321,25,4,71,NP_CROSS,CROSS_MORPHEME,성이,여성이,0,1.5678958892822266,5,,,,137032,137032,137032,137032,True,True,True,True,True,25715.0,2.0,-1.282361388206482,자,WITHIN_SPLIT,OTHER,no_valid_adjacent_boundary,False,True,-1.0,OK
FLORES,P2,323,12,4,33,NP_CROSS,CROSS_MORPHEME, 것을,것을,0,3.013700008392334,1,,,,129337,129337,129337,129337,True,True,True,True,True,71108.0,2.0,-2.060122489929199, 것,EXACT,OTHER,not_primary_class,False,True,-1.0,OK
FLORES,P2,325,3,1,9,NP_CROSS,CROSS_MORPHEME,자가,참여자가,1,1.2180982828140259,3,,,,130427,25715,130427,25715,True,True,False,False,True,25715.0,2.0,-1.0530121326446533,자,WITHIN_SPLIT,OTHER,no_valid_adjacent_boundary,True,False,1.0,OK
FLORES,P2,328,1,1,3,NP_CROSS,CROSS_MORPHEME,기에,경기에,1,0.7213447093963623,3,,,,132264,20487,132264,20487,True,True,False,False,True,20487.0,2.0,-1.4737348556518555,기,WITHIN_SPLIT,OTHER,no_valid_adjacent_boundary,True,False,1.0,OK
FLORES,P2,328,4,2,11,NP_CROSS,CROSS_MORPHEME,물을,약물을,1,1.7218817472457886,3,,,,137075,42039,137075,42039,True,True,False,False,True,17877.0,2.0,-1.1569839715957642,을,EXACT,OTHER,not_primary_class,False,False,0.0,OK
FLORES,P2,330,2,2,6,NP_CROSS,CROSS_MORPHEME, 사람이,사람이,0,1.956720232963562,1,,,,133166,133166,133166,133166,True,True,True,True,True,124889.0,2.0,-1.6330697536468506, 사람,EXACT,OTHER,not_primary_class,False,True,-1.0,OK
FLORES,P2,335,4,4,11,NP_CROSS,CROSS_MORPHEME, 것으로,것으로,1,2.102074146270752,2,,,,132091,71108,132091,71108,True,True,False,False,True,71108.0,2.0,-1.4976911544799805, 것,EXACT,OTHER,not_primary_class,True,False,1.0,OK
FLORES,P2,336,4,2,14,NP_CROSS,CROSS_MORPHEME,기가,항공기가,0,1.1452077627182007,3,,,,136125,136125,136125,136125,True,True,True,True,True,20487.0,2.0,-1.4444118738174438,기,WITHIN_SPLIT,OTHER,no_valid_adjacent_boundary,False,True,-1.0,OK
FLORES,P2,341,19,1,53,NP_CROSS,CROSS_MORPHEME, 것으로,것으로,0,0.9290854930877686,1,,,,132091,132091,132091,132091,True,True,True,True,True,71108.0,3.0,-2.742349147796631, 것,EXACT,OTHER,not_primary_class,False,True,-1.0,OK
FLORES,P2,344,0,1,0,NP_CROSS,CROSS_MORPHEME, 그것은,그것은,1,3.2007369995117188,1,,,,136742,1084,136742,1084,True,True,False,False,True,23084.0,2.0,-1.6025503873825073, 이,EXACT,OTHER,not_primary_class,False,False,0.0,OK
FLORES,P2,348,1,3,6,NP_CROSS,CROSS_MORPHEME,자를,전자를,0,1.2662293910980225,2,,,,135184,135184,135184,135184,True,True,True,True,True,25715.0,3.0,-1.8985304832458496,자,WITHIN_SPLIT,OTHER,no_valid_adjacent_boundary,False,True,-1.0,OK
FLORES,P2,348,5,3,20,NP_CROSS,CROSS_MORPHEME,자는,원자는,0,0.7536274194717407,2,,,,132343,132343,132343,132343,True,True,True,True,True,25715.0,2.0,-1.7760350704193115,자,WITHIN_SPLIT,OTHER,no_valid_adjacent_boundary,False,True,-1.0,OK
FLORES,P2,356,9,1,30,NP_CROSS,CROSS_MORPHEME, 것은,것은,1,1.7620640993118286,2,,,,129274,132819,129274,132819,True,True,False,False,True,132819.0,2.0,-1.3981437683105469, 이유,EXACT,OTHER,not_primary_class,True,False,1.0,OK
FLORES,P2,357,11,2,28,NP_CROSS,CROSS_MORPHEME,물을,화물을,1,3.091993808746338,3,,,,137075,32831,137075,32831,True,True,False,False,True,32831.0,2.0,-1.9923591613769531,성,WITHIN_SPLIT,OTHER,no_valid_adjacent_boundary,True,False,1.0,OK
FLORES,P2,359,0,1,0,NP_CROSS,CROSS_MORPHEME, 그것은,그것은,1,2.6845908164978027,1,,,,136742,1084,136742,1084,True,True,False,False,True,23084.0,2.0,-1.3966825008392334, 이,EXACT,OTHER,not_primary_class,False,False,0.0,OK
FLORES,P2,365,0,2,1,NP_CROSS,CROSS_MORPHEME,성이,여성이,1,1.056318759918213,3,,,,137032,25715,137032,25715,True,True,False,False,True,25715.0,3.0,-2.2540533542633057,자,WITHIN_SPLIT,OTHER,no_valid_adjacent_boundary,True,False,1.0,OK
FLORES,P2,368,11,2,40,NP_CROSS,CROSS_MORPHEME,이는,호랑이는,0,0.8153568506240845,3,,,,132044,132044,132044,132044,True,True,True,True,True,12802.0,2.0,-0.9531518220901489,이,WITHIN_SPLIT,OTHER,no_valid_adjacent_boundary,False,True,-1.0,OK
FLORES,P2,369,2,1,5,NP_CROSS,CROSS_MORPHEME,리는,소리는,0,0.4623866081237793,2,,,,132920,132920,132920,132920,True,True,True,True,True,28002.0,2.0,-2.0161943435668945,리,WITHIN_SPLIT,OTHER,no_valid_adjacent_boundary,False,True,-1.0,OK
FLORES,P2,370,1,4,7,NP_CROSS,CROSS_MORPHEME,물을,동물을,0,0.6075718402862549,2,,,,137075,137075,137075,137075,True,True,True,True,True,126251.0,2.0,-1.2125693559646606,물,WITHIN_SPLIT,OTHER,no_valid_adjacent_boundary,False,True,-1.0,OK
FLORES,P2,376,10,1,33,NP_CROSS,CROSS_MORPHEME, 것을,것을,1,2.0314536094665527,3,,,,129337,43115,129337,43115,True,True,False,False,True,136665.0,2.0,-1.3226486444473267, 모습,EXACT,OTHER,not_primary_class,False,False,0.0,OK
FLORES,P2,378,0,1,0,NP_CROSS,CROSS_MORPHEME, 우리는,우리는,0,1.3809549808502197,1,,,,131746,131746,131746,131746,True,True,True,True,True,23084.0,2.0,-2.160001039505005, 이,EXACT,OTHER,not_primary_class,False,True,-1.0,OK
FLORES,P2,378,6,4,23,NP_CROSS,CROSS_MORPHEME, 것을,것을,0,0.895065188407898,1,,,,129337,129337,129337,129337,True,True,True,True,True,71108.0,2.0,-2.1147260665893555, 것,EXACT,OTHER,not_primary_class,False,True,-1.0,OK
FLORES,P2,380,2,3,10,NP_CROSS,CROSS_MORPHEME,물을,식물을,1,1.0958516597747803,3,,,,137075,126251,137075,126251,True,True,False,False,True,126251.0,2.0,-0.8628159165382385,물,WITHIN_SPLIT,OTHER,no_valid_adjacent_boundary,True,False,1.0,OK
FLORES,P2,381,5,4,22,NP_CROSS,CROSS_MORPHEME, 우리가,우리가,0,0.4950471520423889,1,,,,131025,131025,131025,131025,True,True,True,True,True,124830.0,3.0,-4.354605197906494, 우리,EXACT,OTHER,not_primary_class,False,True,-1.0,OK
FLORES,P2,382,5,3,16,NP_CROSS,CROSS_MORPHEME, 때문에,"때문에,",0,0.011447405442595482,2,,,,129147,129147,129147,129147,True,True,True,True,True,126495.0,2.0,-7.063810348510742, 때문,EXACT,OTHER,not_primary_class,False,True,-1.0,OK
FLORES,P2,383,15,3,44,NP_CROSS,CROSS_MORPHEME, 때문에,"때문에,",0,0.048463426530361176,2,,,,129147,129147,129147,129147,True,True,True,True,True,126495.0,2.0,-5.600273132324219, 때문,EXACT,OTHER,not_primary_class,False,True,-1.0,OK
FLORES,P2,384,0,1,0,NP_CROSS,CROSS_MORPHEME, 우리는,우리는,0,2.862318277359009,1,,,,131746,131746,131746,131746,True,True,True,True,True,130729.0,2.0,-1.6964324712753296, 확,EXACT,OTHER,not_primary_class,False,True,-1.0,OK
FLORES,P2,384,2,2,9,NP_CROSS,CROSS_MORPHEME, 그것은,그것은,1,3.8151822090148926,3,,,,136742,54825,136742,54825,True,True,False,False,True,54825.0,2.0,-2.090892791748047, 그,EXACT,OTHER,not_primary_class,True,False,1.0,OK
FLORES,P2,384,11,1,30,NP_CROSS,CROSS_MORPHEME,사는,식사는,1,1.0300304889678955,4,,,,136294,125068,136294,125068,True,True,False,False,True,125068.0,2.0,-1.77890145778656,단,WITHIN_SPLIT,OTHER,no_valid_adjacent_boundary,True,False,1.0,OK
FLORES,P2,387,4,2,11,NP_CROSS,CROSS_MORPHEME,성이,여성이,0,1.4234976768493652,2,,,,137032,137032,137032,137032,True,True,True,True,True,25715.0,5.0,-2.7002124786376953,자,WITHIN_SPLIT,OTHER,no_valid_adjacent_boundary,False,True,-1.0,OK
FLORES,P2,388,1,4,7,NP_CROSS,CROSS_MORPHEME,사는,식사는,1,0.5921930074691772,4,,,,136294,55054,136294,55054,True,True,False,False,True,55054.0,2.0,-2.194535493850708,사,WITHIN_SPLIT,OTHER,no_valid_adjacent_boundary,True,False,1.0,OK
FLORES,P2,388,5,2,18,NP_CROSS,CROSS_MORPHEME,기에,세기에,0,1.1243928670883179,2,,,,132264,132264,132264,132264,True,True,True,True,True,20487.0,2.0,-1.0426888465881348,기,WITHIN_SPLIT,OTHER,no_valid_adjacent_boundary,False,True,-1.0,OK
FLORES,P2,390,5,1,14,NP_CROSS,CROSS_MORPHEME,사를,제사를,1,1.7868750095367432,4,,,,134445,55054,134445,55054,True,True,False,False,True,125068.0,2.0,-1.3668324947357178,단,WITHIN_SPLIT,OTHER,no_valid_adjacent_boundary,False,False,0.0,OK
FLORES,P2,397,0,2,1,NP_CROSS,CROSS_MORPHEME,성이,여성이,1,0.8711707592010498,3,,,,137032,25715,137032,25715,True,True,False,False,True,25715.0,2.0,-2.0627553462982178,자,WITHIN_SPLIT,OTHER,no_valid_adjacent_boundary,True,False,1.0,OK
FLORES,P2,397,2,4,7,NP_CROSS,CROSS_MORPHEME,리를,요리를,0,0.5093265771865845,2,,,,133886,133886,133886,133886,True,True,True,True,True,28002.0,2.0,-1.7865809202194214,리,WITHIN_SPLIT,OTHER,no_valid_adjacent_boundary,False,True,-1.0,OK
FLORES,P2,398,4,2,16,NP_CROSS,CROSS_MORPHEME, 때문에,때문에,0,0.01992069184780121,1,,,,129147,129147,129147,129147,True,True,True,True,True,126495.0,2.0,-6.596153259277344, 때문,EXACT,OTHER,not_primary_class,False,True,-1.0,OK
FLORES,P2,411,12,3,29,NP_CROSS,CROSS_MORPHEME, 것을,것을,1,2.889998197555542,3,,,,129337,129400,129337,129400,True,True,False,False,True,130592.0,2.0,-1.9898078441619873, 사회,EXACT,OTHER,not_primary_class,False,False,0.0,OK
FLORES,P2,413,12,1,25,NP_CROSS,CROSS_MORPHEME, 것을,것을,1,1.9922704696655273,2,,,,129337,71108,129337,71108,True,True,False,False,True,71108.0,3.0,-1.9529706239700317, 것,EXACT,OTHER,not_primary_class,True,False,1.0,OK
FLORES,P2,425,11,1,23,NP_CROSS,CROSS_MORPHEME,지를,기지를,0,0.8883113265037537,2,,,,133120,133120,133120,133120,True,True,True,True,True,21329.0,2.0,-1.3109430074691772,지,WITHIN_SPLIT,OTHER,no_valid_adjacent_boundary,False,True,-1.0,OK
FLORES,P2,425,17,3,41,NP_CROSS,CROSS_MORPHEME,자를,노동자를,0,0.7080450654029846,3,,,,135184,135184,135184,135184,True,True,True,True,True,25715.0,2.0,-1.6289063692092896,자,WITHIN_SPLIT,OTHER,no_valid_adjacent_boundary,False,True,-1.0,OK
FLORES,P2,432,3,3,10,NP_CROSS,CROSS_MORPHEME, 것은,것은,0,0.4890191853046417,1,,,,129274,129274,129274,129274,True,True,True,True,True,130037.0,3.0,-3.9810736179351807, 사실,EXACT,OTHER,not_primary_class,False,True,-1.0,OK
FLORES,P2,437,7,4,17,NP_CROSS,CROSS_MORPHEME,지를,이미지를,0,0.617579996585846,2,,,,133120,133120,133120,133120,True,True,True,True,True,21329.0,2.0,-1.1909266710281372,지,WITHIN_SPLIT,OTHER,no_valid_adjacent_boundary,False,True,-1.0,OK
FLORES,P2,445,11,1,24,NP_CROSS,CROSS_MORPHEME, 것을,것을,0,0.15930914878845215,1,,,,129337,129337,129337,129337,True,True,True,True,True,71108.0,3.0,-5.287065505981445, 것,EXACT,OTHER,not_primary_class,False,True,-1.0,OK
FLORES,P2,446,4,1,13,NP_CROSS,CROSS_MORPHEME, 때문에,"때문에,",0,0.05035596713423729,1,,,,129147,129147,129147,129147,True,True,True,True,True,126495.0,2.0,-5.07027530670166, 때문,EXACT,OTHER,not_primary_class,False,True,-1.0,OK
FLORES,P2,448,9,1,23,NP_CROSS,CROSS_MORPHEME, 일이,일이,1,1.1023597717285156,3,,,,136168,58034,136168,58034,True,True,False,False,True,58034.0,2.0,-2.2225372791290283, 상,EXACT,OTHER,not_primary_class,True,False,1.0,OK
FLORES,P2,450,13,2,35,NP_CROSS,CROSS_MORPHEME, 것으로,것으로,1,3.4723281860351562,2,,,,132091,137619,132091,137619,True,True,False,False,True,137619.0,3.0,-2.3312158584594727, 상태,EXACT,OTHER,not_primary_class,True,False,1.0,OK
FLORES,P2,460,5,3,16,NP_CROSS,CROSS_MORPHEME,지는,채굴지는,1,2.4024264812469482,5,,,,130974,33704,130974,33704,True,True,False,False,True,21329.0,2.0,-1.7530078887939453,지,WITHIN_SPLIT,OTHER,nearest_adjacent_boundary,False,False,0.0,OK
FLORES,P2,461,6,4,14,NP_CROSS,CROSS_MORPHEME,기에,꼭대기에,0,0.42807549238204956,5,,,,132264,132264,132264,132264,True,True,True,True,True,20487.0,2.0,-2.2830662727355957,기,WITHIN_SPLIT,OTHER,no_valid_adjacent_boundary,False,True,-1.0,OK
FLORES,P2,464,12,1,24,NP_CROSS,CROSS_MORPHEME, 것은,것은,1,3.1324784755706787,3,,,,129274,126310,129274,126310,True,True,False,False,True,126310.0,2.0,-1.91349458694458, 유,EXACT,OTHER,not_primary_class,True,False,1.0,OK
FLORES,P2,466,13,4,36,NP_CROSS,CROSS_MORPHEME, 것은,것은,1,3.0440332889556885,3,,,,129274,45130,45130,45130,False,True,False,True,False,,,,,,,,,,,MODEL_REPLAY_MISMATCH
FLORES,P2,470,13,3,20,NP_CROSS,CROSS_MORPHEME,리를,소리를,0,0.5796871185302734,2,,,,133886,133886,133886,133886,True,True,True,True,True,28002.0,2.0,-1.5587397813796997,리,WITHIN_SPLIT,OTHER,no_valid_adjacent_boundary,False,True,-1.0,OK
FLORES,P2,470,20,3,43,NP_CROSS,CROSS_MORPHEME,리를,소리를,0,0.41933420300483704,2,,,,133886,133886,133886,133886,True,True,True,True,True,28002.0,2.0,-1.9376500844955444,리,WITHIN_SPLIT,OTHER,no_valid_adjacent_boundary,False,True,-1.0,OK
FLORES,P2,470,21,2,46,NP_CROSS,CROSS_MORPHEME, 것을,것을,1,3.102217674255371,3,,,,129337,43115,129337,43115,True,True,False,False,True,71108.0,3.0,-2.1824421882629395, 것,EXACT,OTHER,not_primary_class,False,False,0.0,OK
FLORES,P2,471,0,4,3,NP_CROSS,CROSS_MORPHEME, 자신의,자신의,0,3.7926316261291504,1,,,,134748,134748,134748,134748,True,True,True,True,True,66790.0,2.0,-2.3839049339294434, 지,EXACT,OTHER,not_primary_class,False,True,-1.0,OK
FLORES,P2,471,5,1,10,NP_CROSS,CROSS_MORPHEME, 것을,것을,0,1.5361524820327759,1,,,,129337,129337,129337,129337,True,True,True,True,True,71108.0,4.0,-3.016929864883423, 것,EXACT,OTHER,not_primary_class,False,True,-1.0,OK
FLORES,P2,471,15,2,40,NP_CROSS,CROSS_MORPHEME, 이를,이를,1,2.923555374145508,3,,,,136342,134014,136342,134014,True,True,False,False,True,134014.0,2.0,-1.4064311981201172, 존,EXACT,OTHER,not_primary_class,True,False,1.0,OK
FLORES,P2,477,20,2,59,NP_CROSS,CROSS_MORPHEME,자를,이자를,1,1.0535297393798828,3,,,,135184,25715,135184,25715,True,True,False,False,True,25715.0,2.0,-0.8957871198654175,자,WITHIN_SPLIT,OTHER,no_valid_adjacent_boundary,True,False,1.0,OK
FLORES,P2,480,2,3,5,NP_CROSS,CROSS_MORPHEME,기는,시기는,0,1.4654741287231445,2,,,,135854,135854,135854,135854,True,True,True,True,True,66845.0,2.0,-1.6907591819763184,대,WITHIN_SPLIT,OTHER,no_valid_adjacent_boundary,False,True,-1.0,OK
FLORES,P2,481,12,1,29,NP_CROSS,CROSS_MORPHEME, 것으로,것으로,0,3.5021774768829346,1,,,,132091,132091,132091,132091,True,True,True,True,True,44518.0,4.0,-2.96061635017395, 시,EXACT,OTHER,not_primary_class,False,True,-1.0,OK
FLORES,P2,483,20,3,67,NP_CROSS,CROSS_MORPHEME, 것이,것이,0,2.0283570289611816,1,,,,128584,128584,128584,128584,True,True,True,True,True,71108.0,3.0,-3.1942636966705322, 것,EXACT,OTHER,not_primary_class,False,True,-1.0,OK
FLORES,P2,485,12,1,28,NP_CROSS,CROSS_MORPHEME, 때문에,"때문에,",0,0.031080443412065506,2,,,,129147,129147,129147,129147,True,True,True,True,True,126495.0,2.0,-5.879171848297119, 때문,EXACT,OTHER,not_primary_class,False,True,-1.0,OK
FLORES,P2,487,13,3,35,NP_CROSS,CROSS_MORPHEME, 등의,등의,1,2.256255626678467,5,,,,136357,53680,136357,53680,True,True,False,False,True,77002.0,2.0,-1.7573930025100708, 등,EXACT,OTHER,not_primary_class,False,False,0.0,OK
FLORES,P2,488,13,2,43,NP_CROSS,CROSS_MORPHEME, 것이,것이,0,2.042609691619873,1,,,,128584,128584,128584,128584,True,True,True,True,True,92751.0,2.0,-1.2813047170639038, 관,EXACT,OTHER,not_primary_class,False,True,-1.0,OK
FLORES,P2,488,16,4,54,NP_CROSS,CROSS_MORPHEME, 때문에,때문에,0,0.07406514883041382,2,,,,129147,129147,129147,129147,True,True,True,True,True,126495.0,2.0,-4.730756759643555, 때문,EXACT,OTHER,not_primary_class,False,True,-1.0,OK
FLORES,P2,491,21,2,47,NP_CROSS,CROSS_MORPHEME, 때문에,"때문에,",0,0.6046413779258728,1,,,,129147,129147,129147,129147,True,True,True,True,True,126495.0,2.0,-2.326120615005493, 때문,EXACT,OTHER,not_primary_class,False,True,-1.0,OK
FLORES,P2,497,3,1,9,NP_CROSS,CROSS_MORPHEME,인이,농업인이,1,1.9495861530303955,5,,,,135227,130427,135227,130427,True,True,False,False,True,19969.0,3.0,-1.8867769241333008,가,EXACT,OTHER,not_primary_class,False,False,0.0,OK
FLORES,P2,500,6,1,17,NP_CROSS,CROSS_MORPHEME,사를,관심사를,1,1.5050549507141113,2,,,,134445,17877,134445,17877,True,True,False,False,True,17877.0,2.0,-1.3821096420288086,을,EXACT,OTHER,not_primary_class,True,False,1.0,OK
FLORES,P2,515,0,1,0,NP_CROSS,CROSS_MORPHEME, 우리는,우리는,0,2.1073153018951416,1,,,,131746,131746,131746,131746,True,True,True,True,True,124830.0,2.0,-2.5562214851379395, 우리,EXACT,OTHER,not_primary_class,False,True,-1.0,OK
FLORES,P2,517,0,3,2,NP_CROSS,CROSS_MORPHEME,자는,보호자는,1,4.131011486053467,4,,,,132343,43590,132343,43590,True,True,False,False,True,32831.0,2.0,-2.1628241539001465,성,EXACT,OTHER,not_primary_class,False,False,0.0,OK
FLORES,P2,517,7,4,20,NP_CROSS,CROSS_MORPHEME, 것을,것을,0,2.04233717918396,1,,,,129337,129337,129337,129337,True,True,True,True,True,71108.0,2.0,-2.7380685806274414, 것,EXACT,OTHER,not_primary_class,False,True,-1.0,OK
FLORES,P2,520,7,3,21,NP_CROSS,CROSS_MORPHEME,기를,동기를,1,1.2506695985794067,3,,,,131777,20487,131777,20487,True,True,False,False,True,20487.0,2.0,-1.3106343746185303,기,WITHIN_SPLIT,OTHER,no_valid_adjacent_boundary,True,False,1.0,OK
FLORES,P2,524,2,1,4,NP_CROSS,CROSS_MORPHEME, 자신의,자신의,1,3.5388898849487305,2,,,,134748,54825,134748,54825,True,True,False,False,True,54825.0,2.0,-1.6345045566558838, 그,EXACT,OTHER,not_primary_class,True,False,1.0,OK
FLORES,P2,527,6,2,24,NP_CROSS,CROSS_MORPHEME, 이를,이를,0,0.68155437707901,1,,,,136342,136342,136342,136342,True,True,True,True,True,54825.0,3.0,-2.9082090854644775, 그,EXACT,OTHER,not_primary_class,False,True,-1.0,OK
FLORES,P2,533,5,1,12,NP_CROSS,CROSS_MORPHEME, 자신의,자신의,1,3.6203064918518066,2,,,,134748,133857,134748,133857,True,True,False,False,True,364.0,2.0,-2.111793041229248, ',EXACT,OTHER,not_primary_class,False,False,0.0,OK
FLORES,P2,533,20,1,47,NP_CROSS,CROSS_MORPHEME, 것을,것을,1,2.050330400466919,1,,,,129337,129274,129337,129274,True,True,False,False,True,130037.0,3.0,-2.9142346382141113, 사실,EXACT,OTHER,not_primary_class,False,False,0.0,OK
FLORES,P2,535,9,1,30,NP_CROSS,CROSS_MORPHEME, 것을,것을,0,1.6856374740600586,1,,,,129337,129337,129337,129337,True,True,True,True,True,71108.0,2.0,-2.6399052143096924, 것,EXACT,OTHER,not_primary_class,False,True,-1.0,OK
FLORES,P2,537,17,1,45,NP_CROSS,CROSS_MORPHEME,리를,잠자리를,1,1.7562583684921265,5,,,,133886,28002,133886,28002,True,True,False,False,True,20487.0,2.0,-1.2750924825668335,기,EXACT,OTHER,not_primary_class,False,False,0.0,OK
FLORES,P2,539,6,2,22,NP_CROSS,CROSS_MORPHEME, 사람이,사람이,1,0.8040102124214172,1,,,,133166,140173,133166,140173,True,True,False,False,True,124889.0,3.0,-2.9761946201324463, 사람,EXACT,OTHER,not_primary_class,False,False,0.0,OK
FLORES,P2,539,12,3,41,NP_CROSS,CROSS_MORPHEME,력을,잠재력을,0,0.7883012294769287,4,,,,135818,135818,135818,135818,True,True,True,True,True,28754.0,2.0,-0.7809241414070129,력,WITHIN_SPLIT,OTHER,no_valid_adjacent_boundary,False,True,-1.0,OK
FLORES,P2,540,0,2,1,NP_CROSS,CROSS_MORPHEME, 사람이,사람이,1,0.9688999652862549,1,,,,133166,140173,133166,140173,True,True,False,False,True,135990.0,2.0,-2.7610833644866943, 사람들이,CROSS_MORPHEME,MULTI_BOUNDARY,crossed_boundary,False,False,0.0,OK
FLORES,P2,540,1,4,5,NP_CROSS,CROSS_MORPHEME,음을,깨달음을,0,0.45481449365615845,4,,,,138349,138349,138349,138349,True,True,True,True,True,48431.0,2.0,-1.859900951385498,음,WITHIN_SPLIT,OTHER,no_valid_adjacent_boundary,False,True,-1.0,OK
FLORES,P2,542,6,1,16,NP_CROSS,CROSS_MORPHEME, 그것은,그것은,0,2.853194236755371,1,,,,136742,136742,136742,136742,True,True,True,True,True,23084.0,2.0,-1.879497766494751, 이,EXACT,OTHER,not_primary_class,False,True,-1.0,OK
FLORES,P2,547,0,1,0,NP_CROSS,CROSS_MORPHEME, 그것은,그것은,1,2.239135265350342,1,,,,136742,126844,136742,126844,True,True,False,False,True,126844.0,2.0,-1.3219380378723145, 다음,EXACT,OTHER,not_primary_class,True,False,1.0,OK
FLORES,P2,551,6,4,24,NP_CROSS,CROSS_MORPHEME,력을,능력을,0,0.42023351788520813,3,,,,135818,135818,135818,135818,True,True,True,True,True,28754.0,2.0,-1.8970038890838623,력,WITHIN_SPLIT,OTHER,no_valid_adjacent_boundary,False,True,-1.0,OK
FLORES,P2,551,8,1,27,NP_CROSS,CROSS_MORPHEME, 동시에,"동시에,",1,0.9146051406860352,2,,,,143409,135968,143409,135968,True,True,False,False,True,11.0,2.0,-1.8505959510803223,",",EXACT,OTHER,not_primary_class,False,False,0.0,OK
FLORES,P2,551,10,2,33,NP_CROSS,CROSS_MORPHEME,자를,물자를,0,1.2796005010604858,2,,,,135184,135184,135184,135184,True,True,True,True,True,25715.0,3.0,-1.9508315324783325,자,WITHIN_SPLIT,OTHER,no_valid_adjacent_boundary,False,True,-1.0,OK
FLORES,P2,551,12,3,39,NP_CROSS,CROSS_MORPHEME,력을,능력을,0,0.4239547848701477,3,,,,135818,135818,135818,135818,True,True,True,True,True,28754.0,2.0,-1.8837721347808838,력,WITHIN_SPLIT,OTHER,no_valid_adjacent_boundary,False,True,-1.0,OK
FLORES,P2,553,0,1,0,NP_CROSS,CROSS_MORPHEME, 동시에,"동시에,",0,2.52578067779541,1,,,,143409,143409,143409,143409,True,True,True,True,True,126322.0,2.0,-1.1862674951553345, 동,EXACT,OTHER,not_primary_class,False,True,-1.0,OK
FLORES,P2,560,22,1,56,NP_CROSS,CROSS_MORPHEME, 것을,것을,0,0.8268988728523254,1,,,,129337,129337,129337,129337,True,True,True,True,True,130037.0,2.0,-2.3093767166137695, 사실,EXACT,OTHER,not_primary_class,False,True,-1.0,OK
FLORES,P2,565,39,1,92,NP_CROSS,CROSS_MORPHEME, 것으로,것으로,1,2.1284101009368896,1,,,,132091,134013,132091,134013,True,True,False,False,True,95351.0,2.0,-1.5751292705535889, 가능,EXACT,OTHER,not_primary_class,False,False,0.0,OK
FLORES,P2,566,0,1,0,NP_CROSS,CROSS_MORPHEME, 우리는,우리는,0,1.126996397972107,1,,,,131746,131746,131746,131746,True,True,True,True,True,124830.0,2.0,-2.6650846004486084, 우리,EXACT,OTHER,not_primary_class,False,True,-1.0,OK
FLORES,P2,566,5,1,14,NP_CROSS,CROSS_MORPHEME, 우리는,우리는,1,1.329756498336792,3,,,,131746,46832,131746,46832,True,True,False,False,True,124830.0,4.0,-3.5832467079162598, 우리,EXACT,OTHER,not_primary_class,False,False,0.0,OK
FLORES,P2,567,6,4,16,NP_CROSS,CROSS_MORPHEME, 우리는,우리는,1,2.120314598083496,1,,,,131746,131025,131746,131025,True,True,False,False,True,129400.0,2.0,-1.464776873588562, 단,EXACT,OTHER,not_primary_class,False,False,0.0,OK
FLORES,P2,568,15,1,49,NP_CROSS,CROSS_MORPHEME, 것을,것을,1,1.5875248908996582,1,,,,129337,129274,129337,129274,True,True,False,False,True,130037.0,5.0,-3.311079263687134, 사실,EXACT,OTHER,not_primary_class,False,False,0.0,OK
FLORES,P2,572,0,2,1,NP_CROSS,CROSS_MORPHEME, 사람은,사람은,0,2.2685437202453613,1,,,,140173,140173,140173,140173,True,True,True,True,True,130345.0,2.0,-2.1689155101776123, 명,EXACT,OTHER,not_primary_class,False,True,-1.0,OK
FLORES,P2,573,6,2,15,NP_CROSS,CROSS_MORPHEME, 것은,것은,1,3.5357577800750732,1,,,,129274,130887,129274,130887,True,True,False,False,True,139236.0,2.0,-1.9675904512405396, 문서,EXACT,OTHER,not_primary_class,False,False,0.0,OK
FLORES,P2,574,9,4,21,NP_CROSS,CROSS_MORPHEME, 것으로,것으로,0,1.444960355758667,1,,,,132091,132091,132091,132091,True,True,True,True,True,71108.0,2.0,-2.083486318588257, 것,EXACT,OTHER,not_primary_class,False,True,-1.0,OK
FLORES,P2,574,11,2,27,NP_CROSS,CROSS_MORPHEME, 우리는,우리는,0,1.7133357524871826,1,,,,131746,131746,131746,131746,True,True,True,True,True,23084.0,2.0,-2.0777463912963867, 이,EXACT,OTHER,not_primary_class,False,True,-1.0,OK
FLORES,P2,581,12,2,32,NP_CROSS,CROSS_MORPHEME,기에,용기에,0,0.5264514684677124,3,,,,132264,132264,132264,132264,True,True,True,True,True,20487.0,3.0,-2.8990845680236816,기,WITHIN_SPLIT,OTHER,no_valid_adjacent_boundary,False,True,-1.0,OK
FLORES,P2,588,8,1,23,NP_CROSS,CROSS_MORPHEME, 것으로,것으로,0,1.3025977611541748,1,,,,132091,132091,132091,132091,True,True,True,True,True,131042.0,2.0,-1.304487943649292,다고,WITHIN_SPLIT,PREDICATE_TO_ENDING,nearest_adjacent_boundary,False,True,-1.0,OK
FLORES,P2,589,5,2,16,NP_CROSS,CROSS_MORPHEME, 것이,것이,0,0.6723777651786804,1,,,,128584,128584,128584,128584,True,True,True,True,True,71108.0,4.0,-4.061439514160156, 것,EXACT,OTHER,not_primary_class,False,True,-1.0,OK
FLORES,P2,591,17,2,38,NP_CROSS,CROSS_MORPHEME,리를,권리를,0,0.16353964805603027,2,,,,133886,133886,133886,133886,True,True,True,True,True,23573.0,2.0,-3.4567079544067383,한,WITHIN_SPLIT,OTHER,no_valid_adjacent_boundary,False,True,-1.0,OK
FLORES,P2,593,6,1,9,NP_CROSS,CROSS_MORPHEME,장을,문장을,0,0.6108712553977966,2,,,,137471,137471,137471,137471,True,True,True,True,True,40853.0,2.0,-1.364722728729248,장,WITHIN_SPLIT,OTHER,no_valid_adjacent_boundary,False,True,-1.0,OK
FLORES,P2,594,3,2,8,NP_CROSS,CROSS_MORPHEME,자는,철학자는,1,0.7464396953582764,5,,,,132343,25715,132343,25715,True,True,False,False,True,25715.0,2.0,-1.4478346109390259,자,WITHIN_SPLIT,OTHER,no_valid_adjacent_boundary,True,False,1.0,OK
FLORES,P2,595,1,2,3,NP_CROSS,CROSS_MORPHEME, 것은,것은,0,0.9783249497413635,1,,,,129274,129274,129274,129274,True,True,True,True,True,71108.0,4.0,-4.494926452636719, 것,EXACT,OTHER,not_primary_class,False,True,-1.0,OK
FLORES,P2,598,7,1,23,NP_CROSS,CROSS_MORPHEME, 것으로,것으로,1,2.376396417617798,2,,,,132091,140094,132091,140094,True,True,False,False,True,49052.0,2.0,-1.9252275228500366, 경우,EXACT,OTHER,not_primary_class,False,False,0.0,OK
FLORES,P2,605,20,2,54,NP_CROSS,CROSS_MORPHEME,적으로,목적으로,0,0.6058967113494873,2,,,,128552,128552,128552,128552,True,True,True,True,True,126414.0,2.0,-1.4381829500198364,표,WITHIN_SPLIT,OTHER,no_valid_adjacent_boundary,False,True,-1.0,OK
FLORES,P2,609,5,1,11,NP_CROSS,CROSS_MORPHEME, 사람이,"사람이,",1,1.740980863571167,1,,,,133166,140173,133166,140173,True,True,False,False,True,124889.0,2.0,-1.2245749235153198, 사람,EXACT,OTHER,not_primary_class,False,False,0.0,OK
FLORES,P2,610,17,2,45,NP_CROSS,CROSS_MORPHEME, 것을,것을,0,0.45431625843048096,1,,,,129337,129337,129337,129337,True,True,True,True,True,130037.0,2.0,-2.575730562210083, 사실,EXACT,OTHER,not_primary_class,False,True,-1.0,OK
FLORES,P2,611,0,2,1,NP_CROSS,CROSS_MORPHEME, 사람이,사람이,0,1.2386722564697266,1,,,,133166,133166,133166,133166,True,True,True,True,True,135990.0,2.0,-1.357680320739746, 사람들이,CROSS_MORPHEME,MULTI_BOUNDARY,crossed_boundary,False,True,-1.0,OK
FLORES,P2,611,4,2,17,NP_CROSS,CROSS_MORPHEME, 사람이,사람이,0,1.0773394107818604,1,,,,133166,133166,133166,133166,True,True,True,True,True,135990.0,2.0,-1.7401750087738037, 사람들이,CROSS_MORPHEME,MULTI_BOUNDARY,crossed_boundary,False,True,-1.0,OK
FLORES,P2,614,14,2,38,NP_CROSS,CROSS_MORPHEME, 것을,것을,1,2.607213020324707,5,,,,129337,20136,129337,20136,True,True,False,False,True,128618.0,2.0,-1.720183253288269, 분,EXACT,OTHER,not_primary_class,False,False,0.0,OK
FLORES,P2,615,4,2,14,NP_CROSS,CROSS_MORPHEME, 것은,것은,0,0.5290225744247437,1,,,,129274,129274,129274,129274,True,True,True,True,True,71108.0,5.0,-5.753323554992676, 것,EXACT,OTHER,not_primary_class,False,True,-1.0,OK
FLORES,P2,615,6,1,17,NP_CROSS,CROSS_MORPHEME,자의,운전자의,0,0.497911274433136,3,,,,131958,131958,131958,131958,True,True,True,True,True,55054.0,5.0,-5.600966453552246,사,WITHIN_SPLIT,OTHER,no_valid_adjacent_boundary,False,True,-1.0,OK
FLORES,P2,615,11,1,34,NP_CROSS,CROSS_MORPHEME, 때문에,때문에,0,0.2123681604862213,1,,,,129147,129147,129147,129147,True,True,True,True,True,126495.0,2.0,-3.127413511276245, 때문,EXACT,OTHER,not_primary_class,False,True,-1.0,OK
FLORES,P2,616,3,2,7,NP_CROSS,CROSS_MORPHEME,자는,운전자는,0,1.0285472869873047,3,,,,132343,132343,132343,132343,True,True,True,True,True,42905.0,5.0,-5.525396823883057,하는,CROSS_MORPHEME,OTHER,crossed_boundary,False,True,-1.0,OK
FLORES,P2,617,13,1,41,NP_CROSS,CROSS_MORPHEME,성을,특성을,1,0.991581380367279,2,,,,132818,32831,132818,32831,True,True,False,False,True,32831.0,2.0,-0.8243423700332642,성,WITHIN_SPLIT,OTHER,no_valid_adjacent_boundary,True,False,1.0,OK
FLORES,P2,620,6,2,19,NP_CROSS,CROSS_MORPHEME,점을,장점을,1,0.6952977776527405,3,,,,138913,126333,138913,126333,True,True,False,False,True,126333.0,2.0,-1.0711742639541626,점,WITHIN_SPLIT,OTHER,no_valid_adjacent_boundary,True,False,1.0,OK
FLORES,P2,623,5,4,19,NP_CROSS,CROSS_MORPHEME, 사람이,사람이,0,1.1564185619354248,1,,,,133166,133166,133166,133166,True,True,True,True,True,129624.0,2.0,-2.091919422149658, 남,EXACT,OTHER,not_primary_class,False,True,-1.0,OK
FLORES,P2,624,18,2,57,NP_CROSS,CROSS_MORPHEME, 그것은,그것은,1,2.1580069065093994,5,,,,136742,74361,136742,74361,True,True,False,False,True,132377.0,3.0,-1.5658040046691895, 즉,EXACT,OTHER,not_primary_class,False,False,0.0,OK
FLORES,P2,624,23,2,72,NP_CROSS,CROSS_MORPHEME, 것을,"것을,",1,2.111130952835083,2,,,,129337,128900,129337,128900,True,True,False,False,True,71108.0,2.0,-1.7758901119232178, 것,EXACT,OTHER,not_primary_class,False,False,0.0,OK
FLORES,P2,631,9,2,24,NP_CROSS,CROSS_MORPHEME,지를,유적지를,1,2.451873779296875,3,,,,133120,129125,133120,129125,True,True,False,False,True,129125.0,2.0,-1.5978604555130005,들을,CROSS_MORPHEME,OTHER,crossed_boundary,True,False,1.0,OK
FLORES,P2,632,5,1,18,NP_CROSS,CROSS_MORPHEME, 그것은,그것은,1,2.3395557403564453,2,,,,136742,133196,136742,133196,True,True,False,False,True,133196.0,2.0,-1.4282939434051514, 세계,EXACT,OTHER,not_primary_class,True,False,1.0,OK
FLORES,P2,637,6,2,22,NP_CROSS,CROSS_MORPHEME, 것이,것이,1,1.0261626243591309,1,,,,128584,129274,128584,129274,True,True,False,False,True,71108.0,4.0,-2.8064889907836914, 것,EXACT,OTHER,not_primary_class,False,False,0.0,OK
FLORES,P2,638,12,4,40,NP_CROSS,CROSS_MORPHEME, 우리가,우리가,1,2.0520169734954834,1,,,,131025,134585,131025,134585,True,True,False,False,True,126038.0,3.0,-3.1303906440734863, 그것,EXACT,OTHER,not_primary_class,False,False,0.0,OK
FLORES,P2,638,15,1,46,NP_CROSS,CROSS_MORPHEME, 우리가,우리가,0,0.23289507627487183,1,,,,131025,131025,131025,131025,True,True,True,True,True,132779.0,2.0,-4.703746795654297, 무엇,EXACT,OTHER,not_primary_class,False,True,-1.0,OK
FLORES,P2,638,15,4,49,NP_CROSS,CROSS_MORPHEME, 것을,것을,0,1.6471078395843506,1,,,,129337,129337,129337,129337,True,True,True,True,True,71108.0,2.0,-1.2414171695709229, 것,EXACT,OTHER,not_primary_class,False,True,-1.0,OK
FLORES,P2,638,17,1,53,NP_CROSS,CROSS_MORPHEME, 것을,것을,1,1.5671701431274414,2,,,,129337,5140,129337,5140,True,True,False,False,True,71108.0,2.0,-1.4959931373596191, 것,EXACT,OTHER,not_primary_class,False,False,0.0,OK
FLORES,P2,639,9,1,30,NP_CROSS,CROSS_MORPHEME, 때문에,때문에,0,0.44192734360694885,1,,,,129147,129147,129147,129147,True,True,True,True,True,126495.0,2.0,-3.623018980026245, 때문,EXACT,OTHER,not_primary_class,False,True,-1.0,OK
FLORES,P2,642,1,2,5,NP_CROSS,CROSS_MORPHEME, 것이,것이,1,1.3487083911895752,1,,,,128584,129274,128584,129274,True,True,False,False,True,71108.0,3.0,-2.257666826248169, 것,EXACT,OTHER,not_primary_class,False,False,0.0,OK
FLORES,P2,643,0,2,1,NP_CROSS,CROSS_MORPHEME,자는,원자는,1,0.9682068824768066,3,,,,132343,25715,132343,25715,True,True,False,False,True,25715.0,2.0,-0.9109677076339722,자,WITHIN_SPLIT,OTHER,no_valid_adjacent_boundary,True,False,1.0,OK
FLORES,P2,646,3,4,9,NP_CROSS,CROSS_MORPHEME,지를,메시지를,0,0.13933248817920685,3,,,,133120,133120,133120,133120,True,True,True,True,True,21329.0,2.0,-3.469362497329712,지,WITHIN_SPLIT,OTHER,no_valid_adjacent_boundary,False,True,-1.0,OK
FLORES,P2,648,5,3,16,NP_CROSS,CROSS_MORPHEME,자를,중성자를,0,1.2404751777648926,3,,,,135184,135184,135184,135184,True,True,True,True,True,25715.0,3.0,-1.6638277769088745,자,WITHIN_SPLIT,OTHER,no_valid_adjacent_boundary,False,True,-1.0,OK
FLORES,P2,648,9,2,29,NP_CROSS,CROSS_MORPHEME,지를,에너지를,0,0.4391131103038788,3,,,,133120,133120,133120,133120,True,True,True,True,True,21329.0,2.0,-1.9266678094863892,지,WITHIN_SPLIT,OTHER,no_valid_adjacent_boundary,False,True,-1.0,OK
FLORES,P2,649,11,2,31,NP_CROSS,CROSS_MORPHEME,지를,에너지를,1,0.7351725101470947,4,,,,133120,21329,133120,21329,True,True,False,False,True,21329.0,2.0,-0.7812644839286804,지,WITHIN_SPLIT,OTHER,no_valid_adjacent_boundary,True,False,1.0,OK
FLORES,P2,654,20,1,45,NP_CROSS,CROSS_MORPHEME, 것이,것이,0,3.081355094909668,1,,,,128584,128584,128584,128584,True,True,True,True,True,132819.0,2.0,-2.3540596961975098, 이유,EXACT,OTHER,not_primary_class,False,True,-1.0,OK
FLORES,P2,655,3,1,7,NP_CROSS,CROSS_MORPHEME,기를,동기를,1,0.6391472220420837,3,,,,131777,20487,131777,20487,True,True,False,False,True,20487.0,2.0,-2.6544859409332275,기,WITHIN_SPLIT,OTHER,no_valid_adjacent_boundary,True,False,1.0,OK
FLORES,P2,655,6,1,14,NP_CROSS,CROSS_MORPHEME, 것을,것을,0,1.7310428619384766,1,,,,129337,129337,129337,129337,True,True,True,True,True,71108.0,2.0,-1.8104238510131836, 것,EXACT,OTHER,not_primary_class,False,True,-1.0,OK
FLORES,P2,655,6,4,17,NP_CROSS,CROSS_MORPHEME, 것을,것을,1,1.8796906471252441,2,,,,129337,5140,129337,5140,True,True,False,False,True,71108.0,2.0,-2.108982563018799, 것,EXACT,OTHER,not_primary_class,False,False,0.0,OK
FLORES,P2,655,7,3,20,NP_CROSS,CROSS_MORPHEME,점을,중점을,0,0.1443714201450348,2,,,,138913,138913,138913,138913,True,True,True,True,True,126333.0,2.0,-3.669295310974121,점,WITHIN_SPLIT,OTHER,no_valid_adjacent_boundary,False,True,-1.0,OK
FLORES,P2,657,13,1,30,NP_CROSS,CROSS_MORPHEME, 것을,것을,1,2.6601719856262207,3,,,,129337,21329,129337,21329,True,True,False,False,True,71108.0,2.0,-1.4265954494476318, 것,EXACT,OTHER,not_primary_class,False,False,0.0,OK
FLORES,P2,659,16,3,54,NP_CROSS,CROSS_MORPHEME,자가,관리자가,0,0.4461684226989746,3,,,,130427,130427,130427,130427,True,True,True,True,True,25715.0,2.0,-2.1967365741729736,자,WITHIN_SPLIT,OTHER,no_valid_adjacent_boundary,False,True,-1.0,OK
FLORES,P2,660,2,1,6,NP_CROSS,CROSS_MORPHEME,자는,관리자는,0,0.7589632272720337,3,,,,132343,132343,132343,132343,True,True,True,True,True,25715.0,3.0,-3.3395333290100098,자,WITHIN_SPLIT,OTHER,no_valid_adjacent_boundary,False,True,-1.0,OK
FLORES,P2,661,2,3,7,NP_CROSS,CROSS_MORPHEME, 사람은,사람은,1,2.759884834289551,2,,,,140173,130345,140173,130345,True,True,False,False,True,126799.0,2.0,-1.6865462064743042, 개인,EXACT,OTHER,not_primary_class,False,False,0.0,OK
FLORES,P2,661,11,3,32,NP_CROSS,CROSS_MORPHEME, 것을,것을,0,0.5560267567634583,1,,,,129337,129337,129337,129337,True,True,True,True,True,71108.0,2.0,-2.2309956550598145, 것,EXACT,OTHER,not_primary_class,False,True,-1.0,OK
FLORES,P2,661,12,3,36,NP_CROSS,CROSS_MORPHEME, 그것을,그것을,1,3.055943250656128,2,,,,139484,54825,139484,54825,True,True,False,False,True,54825.0,2.0,-1.7183465957641602, 그,EXACT,OTHER,not_primary_class,True,False,1.0,OK
FLORES,P2,661,13,2,38,NP_CROSS,CROSS_MORPHEME, 것으로,것으로,0,2.860633373260498,1,,,,132091,132091,132091,132091,True,True,True,True,True,71108.0,2.0,-1.6980955600738525, 것,EXACT,OTHER,not_primary_class,False,True,-1.0,OK
FLORES,P2,661,14,2,42,NP_CROSS,CROSS_MORPHEME, 것을,것을,0,1.97376549243927,1,,,,129337,129337,129337,129337,True,True,True,True,True,71108.0,2.0,-1.739714503288269, 것,EXACT,OTHER,not_primary_class,False,True,-1.0,OK
FLORES,P2,671,2,3,7,NP_CROSS,CROSS_MORPHEME,물을,장애물을,0,0.43929779529571533,3,,,,137075,137075,137075,137075,True,True,True,True,True,126251.0,2.0,-2.4480695724487305,물,WITHIN_SPLIT,OTHER,no_valid_adjacent_boundary,False,True,-1.0,OK
FLORES,P2,678,0,3,2,NP_CROSS,CROSS_MORPHEME, 우리의,우리의,1,1.9205131530761719,2,,,,137808,124830,137808,124830,True,True,False,False,True,124830.0,2.0,-1.0176992416381836, 우리,EXACT,OTHER,not_primary_class,True,False,1.0,OK
FLORES,P2,678,3,2,12,NP_CROSS,CROSS_MORPHEME, 우리의,우리의,1,2.4005942344665527,3,,,,137808,11,137808,11,True,True,False,False,True,11.0,2.0,-1.279273271560669,",",EXACT,OTHER,not_primary_class,True,False,1.0,OK
FLORES,P2,678,4,1,13,NP_CROSS,CROSS_MORPHEME, 우리의,우리의,1,1.6530194282531738,1,,,,137808,136342,137808,136342,True,True,False,False,True,124830.0,3.0,-2.8051950931549072, 우리,EXACT,OTHER,not_primary_class,False,False,0.0,OK
FLORES,P2,678,5,2,15,NP_CROSS,CROSS_MORPHEME, 우리의,우리의,1,1.3496813774108887,5,,,,137808,137767,137808,137767,True,True,False,False,True,124830.0,3.0,-2.9091145992279053, 우리,EXACT,OTHER,not_primary_class,False,False,0.0,OK
FLORES,P2,680,7,4,26,NP_CROSS,CROSS_MORPHEME, 것을,것을,0,1.6098074913024902,1,,,,129337,129337,129337,129337,True,True,True,True,True,71108.0,4.0,-3.597118854522705, 것,EXACT,OTHER,not_primary_class,False,True,-1.0,OK
FLORES,P2,688,3,3,14,NP_CROSS,CROSS_MORPHEME,력을,능력을,0,0.5190649032592773,3,,,,135818,135818,135818,135818,True,True,True,True,True,28754.0,2.0,-1.563787579536438,력,WITHIN_SPLIT,OTHER,no_valid_adjacent_boundary,False,True,-1.0,OK
FLORES,P2,690,3,2,8,NP_CROSS,CROSS_MORPHEME, 것은,것은,0,1.3093276023864746,1,,,,129274,129274,129274,129274,True,True,True,True,True,71108.0,4.0,-3.1069791316986084, 것,EXACT,OTHER,not_primary_class,False,True,-1.0,OK
FLORES,P2,690,15,2,42,NP_CROSS,CROSS_MORPHEME, 것이,것이,1,1.9184086322784424,1,,,,128584,129274,128584,129274,True,True,False,False,True,71108.0,3.0,-2.3023600578308105, 것,EXACT,OTHER,not_primary_class,False,False,0.0,OK
FLORES,P2,692,19,1,57,NP_CROSS,CROSS_MORPHEME, 자신의,자신의,0,1.1568031311035156,1,,,,134748,134748,134748,134748,True,True,True,True,True,98987.0,2.0,-2.7335612773895264, 위치,EXACT,OTHER,not_primary_class,False,True,-1.0,OK
FLORES,P2,692,21,4,67,NP_CROSS,CROSS_MORPHEME, 자신의,자신의,0,0.8985893130302429,1,,,,134748,134748,134748,134748,True,True,True,True,True,126799.0,2.0,-2.644681453704834, 개인,EXACT,OTHER,not_primary_class,False,True,-1.0,OK
FLORES,P2,692,23,1,69,NP_CROSS,CROSS_MORPHEME,점을,관점을,0,0.39037540555000305,2,,,,138913,138913,138913,138913,True,True,True,True,True,126333.0,2.0,-2.031385660171509,점,WITHIN_SPLIT,OTHER,no_valid_adjacent_boundary,False,True,-1.0,OK
FLORES,P2,693,17,1,49,NP_CROSS,CROSS_MORPHEME, 것을,것을,1,3.677253007888794,4,,,,129337,45130,129337,45130,True,True,False,False,True,71108.0,3.0,-2.571683168411255, 것,EXACT,OTHER,not_primary_class,False,False,0.0,OK
FLORES,P2,697,7,1,24,NP_CROSS,CROSS_MORPHEME, 것을,것을,1,3.231539726257324,2,,,,129337,130037,129337,130037,True,True,False,False,True,142350.0,2.0,-2.098585844039917, 비교,EXACT,OTHER,not_primary_class,False,False,0.0,OK
FLORES,P2,700,7,1,19,NP_CROSS,CROSS_MORPHEME, 것으로,"것으로,",1,2.80556583404541,3,,,,132091,133152,132091,133152,True,True,False,False,True,133152.0,2.0,-1.5194369554519653, 국가,EXACT,OTHER,not_primary_class,True,False,1.0,OK
FLORES,P2,704,7,1,20,NP_CROSS,CROSS_MORPHEME, 것으로,것으로,0,2.0624122619628906,1,,,,132091,132091,132091,132091,True,True,True,True,True,71108.0,2.0,-1.4395204782485962, 것,EXACT,OTHER,not_primary_class,False,True,-1.0,OK
FLORES,P2,704,8,1,23,NP_CROSS,CROSS_MORPHEME, 것이,것이,0,0.6628155708312988,1,,,,128584,128584,128584,128584,True,True,True,True,True,71108.0,4.0,-6.543177127838135, 것,EXACT,OTHER,not_primary_class,False,True,-1.0,OK
FLORES,P2,705,2,4,5,NP_CROSS,CROSS_MORPHEME, 것은,것은,0,0.8197342753410339,1,,,,129274,129274,129274,129274,True,True,True,True,True,71108.0,5.0,-5.080310821533203, 것,EXACT,OTHER,not_primary_class,False,True,-1.0,OK
FLORES,P2,706,0,2,1,NP_CROSS,CROSS_MORPHEME,성이,여성이,0,0.31202536821365356,2,,,,137032,137032,137032,137032,True,True,True,True,True,25715.0,3.0,-4.287397384643555,자,WITHIN_SPLIT,OTHER,no_valid_adjacent_boundary,False,True,-1.0,OK
FLORES,P2,707,13,1,38,NP_CROSS,CROSS_MORPHEME, 것을,것을,0,2.1265175342559814,1,,,,129337,129337,129337,129337,True,True,True,True,True,71108.0,5.0,-3.2332489490509033, 것,EXACT,OTHER,not_primary_class,False,True,-1.0,OK
FLORES,P2,709,2,2,6,NP_CROSS,CROSS_MORPHEME, 그것을,그것을,0,1.6513125896453857,1,,,,139484,139484,139484,139484,True,True,True,True,True,54825.0,2.0,-1.7054003477096558, 그,EXACT,OTHER,not_primary_class,False,True,-1.0,OK
FLORES,P2,714,16,1,40,NP_CROSS,CROSS_MORPHEME,리를,거리를,1,0.7875291705131531,3,,,,133886,28002,133886,28002,True,True,False,False,True,28002.0,2.0,-0.8453548550605774,리,WITHIN_SPLIT,OTHER,no_valid_adjacent_boundary,True,False,1.0,OK
FLORES,P2,719,7,1,19,NP_CROSS,CROSS_MORPHEME,성이,명성이,0,1.6539617776870728,2,,,,137032,137032,137032,137032,True,True,True,True,True,32831.0,2.0,-1.414526104927063,성,WITHIN_SPLIT,OTHER,no_valid_adjacent_boundary,False,True,-1.0,OK
FLORES,P2,727,3,2,7,NP_CROSS,CROSS_MORPHEME, 것은,"것은,",1,1.2259514331817627,1,,,,129274,137638,129274,137638,True,True,False,False,True,71108.0,4.0,-2.6997666358947754, 것,EXACT,OTHER,not_primary_class,False,False,0.0,OK
FLORES,P2,732,3,1,10,NP_CROSS,CROSS_MORPHEME, 자신의,자신의,1,3.607924461364746,2,,,,134748,131823,134748,131823,True,True,False,False,True,23084.0,2.0,-2.3379764556884766, 이,EXACT,OTHER,not_primary_class,False,False,0.0,OK
FLORES,P2,732,4,1,11,NP_CROSS,CROSS_MORPHEME, 것으로,것으로,1,2.909290075302124,2,,,,132091,129360,132091,129360,True,True,False,False,True,20401.0,2.0,-2.353316307067871,의,EXACT,OTHER,not_primary_class,False,False,0.0,OK
FLORES,P2,732,16,3,42,NP_CROSS,CROSS_MORPHEME, 것이,것이,0,0.9253724813461304,1,,,,128584,128584,128584,128584,True,True,True,True,True,71108.0,8.0,-6.273501873016357, 것,EXACT,OTHER,not_primary_class,False,True,-1.0,OK
FLORES,P2,739,10,2,24,NP_CROSS,CROSS_MORPHEME, 것이,것이,0,0.5654720664024353,1,,,,128584,128584,128584,128584,True,True,True,True,True,124708.0,6.0,-6.479672908782959,것,EXACT,OTHER,not_primary_class,False,True,-1.0,OK
FLORES,P2,743,8,1,24,NP_CROSS,CROSS_MORPHEME,이는,길이는,0,0.5851225852966309,3,,,,132044,132044,132044,132044,True,True,True,True,True,12802.0,2.0,-1.3249711990356445,이,WITHIN_SPLIT,OTHER,no_valid_adjacent_boundary,False,True,-1.0,OK
FLORES,P2,753,4,4,15,NP_CROSS,CROSS_MORPHEME,기가,경기가,0,0.7539502382278442,2,,,,136125,136125,136125,136125,True,True,True,True,True,20487.0,3.0,-2.46409010887146,기,WITHIN_SPLIT,OTHER,no_valid_adjacent_boundary,False,True,-1.0,OK
FLORES,P2,756,10,1,24,NP_CROSS,CROSS_MORPHEME,기에,거기에만,1,1.2514901161193848,3,,,,132264,20487,132264,20487,True,True,False,False,True,20487.0,2.0,-2.2447171211242676,기,WITHIN_SPLIT,OTHER,no_valid_adjacent_boundary,True,False,1.0,OK
FLORES,P2,759,13,2,32,NP_CROSS,CROSS_MORPHEME, 때문에,때문에,0,0.11922857165336609,1,,,,129147,129147,129147,129147,True,True,True,True,True,126495.0,2.0,-4.582304954528809, 때문,EXACT,OTHER,not_primary_class,False,True,-1.0,OK
FLORES,P2,767,5,2,19,NP_CROSS,CROSS_MORPHEME,상을,부상을,0,0.6986009478569031,2,,,,136854,136854,136854,136854,True,True,True,True,True,55902.0,2.0,-1.2946748733520508,상,WITHIN_SPLIT,OTHER,no_valid_adjacent_boundary,False,True,-1.0,OK
FLORES,P2,768,5,1,17,NP_CROSS,CROSS_MORPHEME, 때문에,"때문에,",0,0.298986554145813,2,,,,129147,129147,129147,129147,True,True,True,True,True,126495.0,2.0,-4.16006326675415, 때문,EXACT,OTHER,not_primary_class,False,True,-1.0,OK
FLORES,P2,779,1,2,5,NP_CROSS,CROSS_MORPHEME,주는,맥주는,0,0.38650649785995483,3,,,,134794,134794,134794,134794,True,True,True,True,True,54330.0,2.0,-2.230595111846924,주,WITHIN_SPLIT,OTHER,no_valid_adjacent_boundary,False,True,-1.0,OK
FLORES,P2,779,10,2,35,NP_CROSS,CROSS_MORPHEME,주는,맥주는,0,0.2866513133049011,3,,,,134794,134794,134794,134794,True,True,True,True,True,54330.0,2.0,-2.611309289932251,주,WITHIN_SPLIT,OTHER,no_valid_adjacent_boundary,False,True,-1.0,OK
FLORES,P2,788,3,2,7,NP_CROSS,CROSS_MORPHEME,이는,거북이는,1,1.1362576484680176,4,,,,132044,12802,132044,12802,True,True,False,False,True,12802.0,2.0,-1.774804711341858,이,WITHIN_SPLIT,OTHER,no_valid_adjacent_boundary,True,False,1.0,OK
FLORES,P2,788,11,2,25,NP_CROSS,CROSS_MORPHEME,지는,서식지는,0,0.39180055260658264,3,,,,130974,130974,130974,130974,True,True,True,True,True,21329.0,2.0,-2.1013269424438477,지,WITHIN_SPLIT,OTHER,no_valid_adjacent_boundary,False,True,-1.0,OK
FLORES,P2,789,2,2,7,NP_CROSS,CROSS_MORPHEME,자가,여행자가,0,0.9723297357559204,2,,,,130427,130427,130427,130427,True,True,True,True,True,25715.0,3.0,-2.645388126373291,자,WITHIN_SPLIT,OTHER,no_valid_adjacent_boundary,False,True,-1.0,OK
FLORES,P2,793,6,1,12,NP_CROSS,CROSS_MORPHEME, 것은,것은,0,1.6646877527236938,1,,,,129274,129274,129274,129274,True,True,True,True,True,60960.0,3.0,-2.4231152534484863, 대,EXACT,OTHER,not_primary_class,False,True,-1.0,OK
FLORES,P2,794,5,2,15,NP_CROSS,CROSS_MORPHEME,자가,참가자가,1,0.7431843876838684,4,,,,130427,25715,130427,25715,True,True,False,False,True,25715.0,2.0,-1.2044131755828857,자,WITHIN_SPLIT,OTHER,no_valid_adjacent_boundary,True,False,1.0,OK
FLORES,P2,796,2,2,4,NP_CROSS,CROSS_MORPHEME, 것은,"것은,",0,1.1234365701675415,2,,,,129274,129274,129274,129274,True,True,True,True,True,71108.0,5.0,-4.545320510864258, 것,EXACT,OTHER,not_primary_class,False,True,-1.0,OK
FLORES,P2,796,16,1,44,NP_CROSS,CROSS_MORPHEME,기가,분위기가,0,1.2326459884643555,3,,,,136125,136125,136125,136125,True,True,True,True,True,20487.0,2.0,-1.3573551177978516,기,WITHIN_SPLIT,OTHER,no_valid_adjacent_boundary,False,True,-1.0,OK
FLORES,P2,798,12,1,29,NP_CROSS,CROSS_MORPHEME, 것은,것은,0,1.09493088722229,1,,,,129274,129274,129274,129274,True,True,True,True,True,49052.0,2.0,-1.9306981563568115, 경우,EXACT,OTHER,not_primary_class,False,True,-1.0,OK
FLORES,P2,800,7,1,22,NP_CROSS,CROSS_MORPHEME,력을,노력을,0,0.007229568436741829,2,,,,135818,135818,135818,135818,True,True,True,True,True,57089.0,3.0,-8.953812599182129,동,WITHIN_SPLIT,OTHER,no_valid_adjacent_boundary,False,True,-1.0,OK
FLORES,P2,800,14,1,45,NP_CROSS,CROSS_MORPHEME, 것이,것이,0,1.2586519718170166,1,,,,128584,128584,128584,128584,True,True,True,True,True,71108.0,5.0,-4.898431301116943, 것,EXACT,OTHER,not_primary_class,False,True,-1.0,OK
FLORES,P2,802,12,1,39,NP_CROSS,CROSS_MORPHEME, 것을,것을,1,1.0099217891693115,1,,,,129337,128584,129337,128584,True,True,False,False,True,130822.0,3.0,-4.400660991668701,다는,WITHIN_SPLIT,PREDICATE_TO_ENDING,nearest_adjacent_boundary,False,False,0.0,OK
FLORES,P2,803,7,4,21,NP_CROSS,CROSS_MORPHEME, 사람은,사람은,0,2.1202125549316406,1,,,,140173,140173,140173,140173,True,True,True,True,True,124889.0,2.0,-1.6668527126312256, 사람,EXACT,OTHER,not_primary_class,False,True,-1.0,OK
FLORES,P2,812,34,3,99,NP_CROSS,CROSS_MORPHEME, 것을,것을,0,2.6792051792144775,1,,,,129337,129337,129337,129337,True,True,True,True,True,140968.0,4.0,-2.5551793575286865, 활,EXACT,OTHER,not_primary_class,False,True,-1.0,OK
FLORES,P2,816,13,1,44,NP_CROSS,CROSS_MORPHEME, 것으로,것으로,0,1.6780805587768555,1,,,,132091,132091,132091,132091,True,True,True,True,True,95617.0,4.0,-2.373739242553711, 예,EXACT,OTHER,not_primary_class,False,True,-1.0,OK
FLORES,P2,816,25,3,94,NP_CROSS,CROSS_MORPHEME, 것으로,것으로,0,0.24047759175300598,1,,,,132091,132091,132091,132091,True,True,True,True,True,71108.0,3.0,-4.820530891418457, 것,EXACT,OTHER,not_primary_class,False,True,-1.0,OK
FLORES,P2,820,13,1,31,NP_CROSS,CROSS_MORPHEME, 것을,것을,0,2.388885021209717,1,,,,129337,129337,129337,129337,True,True,True,True,True,71108.0,2.0,-1.7939175367355347, 것,EXACT,OTHER,not_primary_class,False,True,-1.0,OK
FLORES,P2,823,9,4,33,NP_CROSS,CROSS_MORPHEME, 것이,것이,0,0.6051452159881592,1,,,,128584,128584,128584,128584,True,True,True,True,True,71108.0,5.0,-5.943475723266602, 것,EXACT,OTHER,not_primary_class,False,True,-1.0,OK
FLORES,P2,828,0,2,1,NP_CROSS,CROSS_MORPHEME,자가,여행자가,0,1.692643404006958,2,,,,130427,130427,130427,130427,True,True,True,True,True,127906.0,2.0,-1.1928558349609375,객,WITHIN_SPLIT,OTHER,no_valid_adjacent_boundary,False,True,-1.0,OK
FLORES,P2,831,24,3,73,NP_CROSS,CROSS_MORPHEME, 것이,것이,0,0.9581410884857178,1,,,,128584,128584,128584,128584,True,True,True,True,True,71108.0,3.0,-3.833922863006592, 것,EXACT,OTHER,not_primary_class,False,True,-1.0,OK
FLORES,P2,835,18,3,51,NP_CROSS,CROSS_MORPHEME, 것을,것을,1,1.5954488515853882,2,,,,129337,5140,129337,5140,True,True,False,False,True,71108.0,4.0,-3.866659164428711, 것,EXACT,OTHER,not_primary_class,False,False,0.0,OK
FLORES,P2,836,16,3,40,NP_CROSS,CROSS_MORPHEME, 것을,것을,0,1.8419686555862427,1,,,,129337,129337,129337,129337,True,True,True,True,True,71108.0,2.0,-2.895181655883789, 것,EXACT,OTHER,not_primary_class,False,True,-1.0,OK
FLORES,P2,841,14,1,40,NP_CROSS,CROSS_MORPHEME, 것으로,것으로,1,2.3179121017456055,3,,,,132091,43115,132091,43115,True,True,False,False,True,49052.0,2.0,-1.788935899734497, 경우,EXACT,OTHER,not_primary_class,False,False,0.0,OK
FLORES,P2,842,8,1,15,NP_CROSS,CROSS_MORPHEME,리는,요리는,1,0.5089629888534546,3,,,,132920,28002,132920,28002,True,True,False,False,True,28002.0,2.0,-1.762771487236023,리,WITHIN_SPLIT,OTHER,no_valid_adjacent_boundary,True,False,1.0,OK
FLORES,P2,849,12,3,38,NP_CROSS,CROSS_MORPHEME,력을,잠재력을,0,0.6577807068824768,4,,,,135818,135818,135818,135818,True,True,True,True,True,28754.0,2.0,-1.942014455795288,력,WITHIN_SPLIT,OTHER,no_valid_adjacent_boundary,False,True,-1.0,OK
FLORES,P2,851,23,4,75,NP_CROSS,CROSS_MORPHEME, 것을,것을,0,2.1715095043182373,1,,,,129337,129337,129337,129337,True,True,True,True,True,55673.0,2.0,-1.1172223091125488, 주,EXACT,OTHER,not_primary_class,False,True,-1.0,OK
FLORES,P2,853,13,1,35,NP_CROSS,CROSS_MORPHEME,인이,노르웨이인이,1,1.4196726083755493,6,,,,135227,31328,135227,31328,True,True,False,False,True,31328.0,2.0,-1.0834202766418457,인,WITHIN_SPLIT,OTHER,no_valid_adjacent_boundary,True,False,1.0,OK
FLORES,P2,855,19,4,49,NP_CROSS,CROSS_MORPHEME, 것이,것이,1,3.4057865142822266,4,,,,128584,140968,128584,140968,True,True,False,False,True,71108.0,2.0,-2.049182415008545, 것,EXACT,OTHER,not_primary_class,False,False,0.0,OK
FLORES,P2,855,21,3,54,NP_CROSS,CROSS_MORPHEME,자는,후자는,0,0.7576072812080383,2,,,,132343,132343,132343,132343,True,True,True,True,True,20487.0,3.0,-3.6214346885681152,기,WITHIN_SPLIT,OTHER,no_valid_adjacent_boundary,False,True,-1.0,OK
FLORES,P2,857,3,2,8,NP_CROSS,CROSS_MORPHEME,리를,거리를,0,0.511298418045044,2,,,,133886,133886,133886,133886,True,True,True,True,True,28002.0,2.0,-1.6408101320266724,리,WITHIN_SPLIT,OTHER,no_valid_adjacent_boundary,False,True,-1.0,OK
FLORES,P2,858,11,1,30,NP_CROSS,CROSS_MORPHEME, 것은,것은,0,2.071808099746704,1,,,,129274,129274,129274,129274,True,True,True,True,True,49052.0,2.0,-1.4938560724258423, 경우,EXACT,OTHER,not_primary_class,False,True,-1.0,OK
FLORES,P2,858,15,1,46,NP_CROSS,CROSS_MORPHEME, 것을,것을,0,2.6144394874572754,1,,,,129337,129337,129337,129337,True,True,True,True,True,58034.0,6.0,-3.797053098678589, 상,EXACT,OTHER,not_primary_class,False,True,-1.0,OK
FLORES,P2,861,13,1,28,NP_CROSS,CROSS_MORPHEME,자를,비자를,0,0.5085409879684448,2,,,,135184,135184,135184,135184,True,True,True,True,True,25715.0,2.0,-2.233692169189453,자,WITHIN_SPLIT,OTHER,no_valid_adjacent_boundary,False,True,-1.0,OK
FLORES,P2,878,5,1,14,NP_CROSS,CROSS_MORPHEME,험이,위험이,0,0.00018370542966295034,3,,,,62618,62618,62618,62618,True,True,True,True,True,225.0,3.0,-14.468764305114746,헃,EXACT,OTHER,not_primary_class,False,True,-1.0,OK
FLORES,P2,889,10,1,23,NP_CROSS,CROSS_MORPHEME, 것이,것이,1,3.701869487762451,3,,,,128584,364,128584,364,True,True,False,False,True,364.0,3.0,-2.6813905239105225, ',EXACT,OTHER,not_primary_class,True,False,1.0,OK
FLORES,P2,895,13,1,37,NP_CROSS,CROSS_MORPHEME, 것은,것은,1,2.0651745796203613,3,,,,129274,5140,129274,5140,True,True,False,False,True,49052.0,5.0,-2.6987667083740234, 경우,EXACT,OTHER,not_primary_class,False,False,0.0,OK
FLORES,P2,897,17,1,37,NP_CROSS,CROSS_MORPHEME, 것을,것을,0,2.6423628330230713,1,,,,129337,129337,129337,129337,True,True,True,True,True,124419.0,3.0,-2.7807462215423584,데,WITHIN_SPLIT,PREDICATE_TO_ENDING,nearest_adjacent_boundary,False,True,-1.0,OK
FLORES,P2,913,7,1,17,NP_CROSS,CROSS_MORPHEME,자가,제공자가,1,1.473661184310913,2,,,,130427,132343,130427,132343,True,True,False,False,True,140349.0,2.0,-1.0435019731521606,업체,EXACT,OTHER,not_primary_class,False,False,0.0,OK
FLORES,P2,915,2,3,10,NP_CROSS,CROSS_MORPHEME,기가,인기가,0,0.9620822668075562,2,,,,136125,136125,136125,136125,True,True,True,True,True,20487.0,2.0,-1.0370099544525146,기,WITHIN_SPLIT,OTHER,no_valid_adjacent_boundary,False,True,-1.0,OK
FLORES,P2,919,7,1,16,NP_CROSS,CROSS_MORPHEME,장을,문장을,1,0.5832847356796265,3,,,,137471,40853,137471,40853,True,True,False,False,True,40853.0,2.0,-1.435202956199646,장,WITHIN_SPLIT,OTHER,no_valid_adjacent_boundary,True,False,1.0,OK
FLORES,P2,919,28,2,64,NP_CROSS,CROSS_MORPHEME, 것으로,것으로,1,2.7370617389678955,1,,,,132091,71108,132091,71108,True,True,False,False,True,139053.0,2.0,-2.0519816875457764, 표현,EXACT,OTHER,not_primary_class,False,False,0.0,OK
FLORES,P2,919,47,3,113,NP_CROSS,CROSS_MORPHEME, 것으로,것으로,0,2.4303929805755615,1,,,,132091,132091,132091,132091,True,True,True,True,True,71108.0,2.0,-1.68467116355896, 것,EXACT,OTHER,not_primary_class,False,True,-1.0,OK
FLORES,P2,923,12,3,36,NP_CROSS,CROSS_MORPHEME, 것을,것을,0,3.315913677215576,1,,,,129337,129337,129337,129337,True,True,True,True,True,127820.0,2.0,-2.086519718170166, 특,EXACT,OTHER,not_primary_class,False,True,-1.0,OK
FLORES,P2,924,9,1,26,NP_CROSS,CROSS_MORPHEME, 것을,것을,0,0.9896072149276733,1,,,,129337,129337,129337,129337,True,True,True,True,True,71108.0,2.0,-3.2208380699157715, 것,EXACT,OTHER,not_primary_class,False,True,-1.0,OK
FLORES,P2,925,17,1,48,NP_CROSS,CROSS_MORPHEME,자를,비자를,0,1.2409560680389404,2,,,,135184,135184,135184,135184,True,True,True,True,True,25715.0,3.0,-1.348899006843567,자,WITHIN_SPLIT,OTHER,no_valid_adjacent_boundary,False,True,-1.0,OK
FLORES,P2,927,3,2,6,NP_CROSS,CROSS_MORPHEME, 것은,것은,0,1.2121787071228027,1,,,,129274,129274,129274,129274,True,True,True,True,True,71108.0,2.0,-2.69232177734375, 것,EXACT,OTHER,not_primary_class,False,True,-1.0,OK
FLORES,P2,928,0,1,0,NP_CROSS,CROSS_MORPHEME, 그것은,그것은,1,3.239393949508667,1,,,,136742,1084,136742,1084,True,True,False,False,True,126038.0,2.0,-1.889407992362976, 그것,EXACT,OTHER,not_primary_class,False,False,0.0,OK
FLORES,P2,931,3,2,11,NP_CROSS,CROSS_MORPHEME,기를,비행기를,0,0.9831711053848267,3,,,,131777,131777,131777,131777,True,True,True,True,True,20487.0,3.0,-2.796969175338745,기,WITHIN_SPLIT,OTHER,no_valid_adjacent_boundary,False,True,-1.0,OK
FLORES,P2,931,7,1,25,NP_CROSS,CROSS_MORPHEME, 문제가,문제가,0,0.8653146028518677,1,,,,137903,137903,137903,137903,True,True,True,True,True,126674.0,2.0,-0.8671255111694336, 문제,EXACT,OTHER,not_primary_class,False,True,-1.0,OK
FLORES,P2,933,14,1,30,NP_CROSS,CROSS_MORPHEME, 것은,것은,0,3.138244867324829,1,,,,129274,129274,129274,129274,True,True,True,True,True,49052.0,2.0,-1.7880804538726807, 경우,EXACT,OTHER,not_primary_class,False,True,-1.0,OK
FLORES,P2,936,8,1,23,NP_CROSS,CROSS_MORPHEME, 것은,것은,0,1.8368699550628662,1,,,,129274,129274,129274,129274,True,True,True,True,True,132819.0,3.0,-2.367783784866333, 이유,EXACT,OTHER,not_primary_class,False,True,-1.0,OK
FLORES,P2,937,0,3,2,NP_CROSS,CROSS_MORPHEME,사는,항공사는,0,0.7139162421226501,3,,,,136294,136294,136294,136294,True,True,True,True,True,55054.0,2.0,-1.7633765935897827,사,WITHIN_SPLIT,OTHER,no_valid_adjacent_boundary,False,True,-1.0,OK
FLORES,P2,937,14,1,42,NP_CROSS,CROSS_MORPHEME, 것을,것을,0,0.852043867111206,1,,,,129337,129337,129337,129337,True,True,True,True,True,130037.0,3.0,-2.395059585571289, 사실,EXACT,OTHER,not_primary_class,False,True,-1.0,OK
FLORES,P2,945,30,2,83,NP_CROSS,CROSS_MORPHEME,기를,분위기를,1,0.9155100584030151,3,,,,131777,136125,131777,136125,True,True,False,False,True,20487.0,2.0,-2.0832769870758057,기,WITHIN_SPLIT,OTHER,no_valid_adjacent_boundary,False,False,0.0,OK
FLORES,P2,961,19,1,52,NP_CROSS,CROSS_MORPHEME, 것이,것이,0,0.604922890663147,1,,,,128584,128584,128584,128584,True,True,True,True,True,71108.0,4.0,-4.315917015075684, 것,EXACT,OTHER,not_primary_class,False,True,-1.0,OK
FLORES,P2,968,11,3,25,NP_CROSS,CROSS_MORPHEME, 것을,것을,1,3.6654248237609863,4,,,,129337,126365,129337,126365,True,True,False,False,True,71108.0,2.0,-2.7041516304016113, 것,EXACT,OTHER,not_primary_class,False,False,0.0,OK
FLORES,P2,970,11,1,28,NP_CROSS,CROSS_MORPHEME, 때문에,때문에,0,0.0671137347817421,1,,,,129147,129147,129147,129147,True,True,True,True,True,126495.0,2.0,-5.321450710296631, 때문,EXACT,OTHER,not_primary_class,False,True,-1.0,OK
FLORES,P2,975,18,4,42,NP_CROSS,CROSS_MORPHEME, 것이,것이,1,2.327514171600342,2,,,,128584,5140,128584,5140,True,True,False,False,True,139495.0,3.0,-1.9518539905548096, 작업,EXACT,OTHER,not_primary_class,False,False,0.0,OK
FLORES,P2,975,25,2,57,NP_CROSS,CROSS_MORPHEME,기가,글쓰기가,1,0.5421837568283081,3,,,,136125,135854,136125,135854,True,True,False,False,True,135854.0,2.0,-2.0449841022491455,기는,CROSS_MORPHEME,OTHER,crossed_boundary,True,False,1.0,OK
FLORES,P2,978,4,1,11,NP_CROSS,CROSS_MORPHEME, 것이,것이,1,1.4033689498901367,1,,,,128584,129337,128584,129337,True,True,False,False,True,21329.0,4.0,-3.370140552520752,지,WITHIN_SPLIT,OTHER,nearest_adjacent_boundary,False,False,0.0,OK
FLORES,P2,981,9,1,20,NP_CROSS,CROSS_MORPHEME, 것이,것이,0,1.3038926124572754,1,,,,128584,128584,128584,128584,True,True,True,True,True,71108.0,4.0,-2.8970210552215576, 것,EXACT,OTHER,not_primary_class,False,True,-1.0,OK
FLORES,P2,984,8,4,22,NP_CROSS,CROSS_MORPHEME, 때문에,때문에,0,0.08552469313144684,2,,,,129147,129147,129147,129147,True,True,True,True,True,126495.0,2.0,-4.390059471130371, 때문,EXACT,OTHER,not_primary_class,False,True,-1.0,OK
FLORES,P2,987,4,2,15,NP_CROSS,CROSS_MORPHEME, 때문에,때문에,0,0.15256334841251373,1,,,,129147,129147,129147,129147,True,True,True,True,True,126495.0,2.0,-4.090184688568115, 때문,EXACT,OTHER,not_primary_class,False,True,-1.0,OK
FLORES,P2,989,8,4,23,NP_CROSS,CROSS_MORPHEME,물을,식물을,0,0.6895380616188049,3,,,,137075,137075,137075,137075,True,True,True,True,True,126251.0,2.0,-0.8809168934822083,물,WITHIN_SPLIT,OTHER,no_valid_adjacent_boundary,False,True,-1.0,OK
FLORES,P2,989,10,1,27,NP_CROSS,CROSS_MORPHEME, 것을,것을,1,3.4201860427856445,2,,,,129337,71108,129337,71108,True,True,False,False,True,71108.0,3.0,-2.7858939170837402, 것,EXACT,OTHER,not_primary_class,True,False,1.0,OK
FLORES,P2,990,8,1,20,NP_CROSS,CROSS_MORPHEME, 것은,것은,0,1.3150019645690918,1,,,,129274,129274,129274,129274,True,True,True,True,True,71108.0,3.0,-2.8248510360717773, 것,EXACT,OTHER,not_primary_class,False,True,-1.0,OK
FLORES,P2,991,10,3,29,NP_CROSS,CROSS_MORPHEME, 것을,것을,0,1.0002142190933228,1,,,,129337,129337,129337,129337,True,True,True,True,True,71108.0,2.0,-2.903669595718384, 것,EXACT,OTHER,not_primary_class,False,True,-1.0,OK
FLORES,P2,994,2,2,9,NP_CROSS,CROSS_MORPHEME, 것을,것을,1,2.76790452003479,3,,,,129337,45130,129337,45130,True,True,False,False,True,86831.0,2.0,-1.371546745300293, 버,EXACT,OTHER,not_primary_class,False,False,0.0,OK
FLORES,P2,996,24,1,55,NP_CROSS,CROSS_MORPHEME, 등의,등의,1,2.2421884536743164,2,,,,136357,71108,136357,71108,True,True,False,False,True,71108.0,3.0,-1.6786457300186157, 것,EXACT,OTHER,not_primary_class,True,False,1.0,OK
FLORES,P2,1003,9,1,22,NP_CROSS,CROSS_MORPHEME, 것은,것은,0,2.3431684970855713,1,,,,129274,129274,129274,129274,True,True,True,True,True,126322.0,2.0,-2.146836519241333, 동,EXACT,OTHER,not_primary_class,False,True,-1.0,OK
FLORES,P2,1008,8,1,21,NP_CROSS,CROSS_MORPHEME, 때문에,때문에,0,0.04805924370884895,2,,,,129147,129147,129147,129147,True,True,True,True,True,126495.0,2.0,-5.56901741027832, 때문,EXACT,OTHER,not_primary_class,False,True,-1.0,OK
FLORES,P2,1011,6,1,14,NP_CROSS,CROSS_MORPHEME,력을,노력을,0,0.47876328229904175,2,,,,135818,135818,135818,135818,True,True,True,True,True,57089.0,2.0,-2.9092445373535156,동,WITHIN_SPLIT,OTHER,no_valid_adjacent_boundary,False,True,-1.0,OK
FLORES,P2,1012,0,4,3,NP_CROSS,CROSS_MORPHEME,자는,근로자는,1,1.0978343486785889,5,,,,132343,25715,132343,25715,True,True,False,False,True,25715.0,3.0,-1.5643513202667236,자,WITHIN_SPLIT,OTHER,no_valid_adjacent_boundary,True,False,1.0,OK
FLORES,P2,1012,9,3,30,NP_CROSS,CROSS_MORPHEME, 것이,것이,1,1.600554347038269,1,,,,128584,132091,128584,132091,True,True,False,False,True,71108.0,3.0,-3.2755136489868164, 것,EXACT,OTHER,not_primary_class,False,False,0.0,OK
FLORES,P2,1,7,2,19,WITHIN_SPLIT_PLACEBO,WITHIN_SPLIT,뇨,당뇨병이,0,0.010539133101701736,4,1.0,3.0,True,144464,144464,144464,144464,True,True,True,True,True,125568.0,2.0,-8.735259056091309,연,WITHIN_SPLIT,OTHER,no_valid_adjacent_boundary,False,True,-1.0,OK
FLORES,P2,4,37,2,90,WITHIN_SPLIT_PLACEBO,WITHIN_SPLIT,상,수상에,0,0.4431760013103485,3,4.0,88.0,True,55902,55902,55902,55902,True,True,True,True,True,57026.0,2.0,-2.8568222522735596,여,WITHIN_SPLIT,OTHER,no_valid_adjacent_boundary,False,True,-1.0,OK
FLORES,P2,4,36,1,87,WITHIN_SPLIT_PLACEBO,WITHIN_SPLIT,학,문학상을,0,0.13764190673828125,3,4.0,101.0,True,124632,124632,124632,124632,True,True,True,True,True,56290.0,2.0,-4.397337913513184,화,WITHIN_SPLIT,OTHER,no_valid_adjacent_boundary,False,True,-1.0,OK
FLORES,P2,4,44,3,109,WITHIN_SPLIT_PLACEBO,WITHIN_SPLIT, 노,노력을,0,2.429975986480713,2,4.0,110.0,True,127042,127042,127042,127042,True,True,True,True,True,136111.0,2.0,-2.3925118446350098, 노력,EXACT,OTHER,not_primary_class,False,True,-1.0,OK
FLORES,P2,5,6,1,12,WITHIN_SPLIT_PLACEBO,WITHIN_SPLIT, 아무,아무것도,0,1.4267932176589966,3,5.0,11.0,True,134006,134006,134006,134006,True,True,True,True,True,83556.0,2.0,-2.654171943664551, 일,EXACT,OTHER,not_primary_class,False,True,-1.0,OK
FLORES,P2,11,3,1,6,WITHIN_SPLIT_PLACEBO,WITHIN_SPLIT, 백,백신이,1,2.4562535285949707,5,11.0,26.0,True,22042,26699,22042,26699,True,True,False,False,True,26699.0,2.0,-1.7824945449829102,용,EXACT,OTHER,not_primary_class,True,False,1.0,OK
FLORES,P2,14,6,2,15,WITHIN_SPLIT_PLACEBO,WITHIN_SPLIT,편,편지를,0,0.06709476560354233,5,14.0,16.0,True,116,116,116,116,True,True,True,True,True,250.0,2.0,-5.275082588195801,펜,EXACT,OTHER,not_primary_class,False,True,-1.0,OK
FLORES,P2,15,11,1,33,WITHIN_SPLIT_PLACEBO,WITHIN_SPLIT,츠,스포츠의,0,0.04143000394105911,6,15.0,0.0,True,142852,142852,142852,142852,True,True,True,True,True,28626.0,3.0,-6.349538326263428,트,WITHIN_SPLIT,OTHER,no_valid_adjacent_boundary,False,True,-1.0,OK
FLORES,P2,16,6,1,10,WITHIN_SPLIT_PLACEBO,WITHIN_SPLIT,나이,나이스러의,0,0.8093428611755371,4,16.0,41.0,True,62618,62618,62618,62618,True,True,True,True,True,255.0,4.0,-5.484903812408447,낭,EXACT,OTHER,not_primary_class,False,True,-1.0,OK
FLORES,P2,22,10,3,27,WITHIN_SPLIT_PLACEBO,WITHIN_SPLIT,연,여우주연상을,0,0.0007327598868869245,6,22.0,28.0,True,125568,125568,125568,125568,True,True,True,True,True,77353.0,2.0,-9.7656888961792, 연,EXACT,OTHER,not_primary_class,False,True,-1.0,OK
FLORES,P2,24,14,2,41,WITHIN_SPLIT_PLACEBO,WITHIN_SPLIT,디,스튜디오는,0,0.004072110168635845,4,24.0,42.0,True,89235,89235,89235,89235,True,True,True,True,True,71763.0,2.0,-8.906633377075195,dio,EXACT,OTHER,not_primary_class,False,True,-1.0,OK
FLORES,P2,27,1,3,3,WITHIN_SPLIT_PLACEBO,WITHIN_SPLIT,키,터키는,0,0.014787036925554276,5,27.0,24.0,True,126896,126896,126896,126896,True,True,True,True,True,81133.0,3.0,-8.314068794250488,크,WITHIN_SPLIT,OTHER,no_valid_adjacent_boundary,False,True,-1.0,OK
FLORES,P2,31,37,2,108,WITHIN_SPLIT_PLACEBO,WITHIN_SPLIT,쇄,쇄골은,0,0.04845098778605461,5,31.0,105.0,True,226,226,226,226,True,True,True,True,True,121.0,3.0,-7.068160057067871,쇽,EXACT,OTHER,not_primary_class,False,True,-1.0,OK
FLORES,P2,31,37,3,109,WITHIN_SPLIT_PLACEBO,WITHIN_SPLIT,골,쇄골은,0,0.007738535758107901,5,31.0,120.0,True,138924,138924,138924,138924,True,True,True,True,True,34395.0,3.0,-9.891242027282715,고,WITHIN_SPLIT,PREDICATE_TO_ENDING,nearest_adjacent_boundary,False,True,-1.0,OK
FLORES,P2,32,19,1,55,WITHIN_SPLIT_PLACEBO,WITHIN_SPLIT,황,황새의,1,1.2796522378921509,4,32.0,39.0,True,102,242,102,242,True,True,False,False,True,242.0,2.0,-1.1994997262954712,화,EXACT,OTHER,not_primary_class,True,False,1.0,OK
FLORES,P2,32,6,3,18,WITHIN_SPLIT_PLACEBO,WITHIN_SPLIT,행,비행을,0,0.018133560195565224,3,32.0,86.0,True,124528,124528,124528,124528,True,True,True,True,True,55902.0,2.0,-8.282881736755371,상,WITHIN_SPLIT,OTHER,no_valid_adjacent_boundary,False,True,-1.0,OK
FLORES,P2,33,9,3,21,WITHIN_SPLIT_PLACEBO,WITHIN_SPLIT,플,샘플은,0,0.0008781272917985916,4,33.0,45.0,True,131587,131587,131587,131587,True,True,True,True,True,126445.0,2.0,-10.953189849853516,프,WITHIN_SPLIT,OTHER,no_valid_adjacent_boundary,False,True,-1.0,OK
FLORES,P2,34,12,1,20,WITHIN_SPLIT_PLACEBO,WITHIN_SPLIT,스트,테러리스트가,0,0.745416522026062,6,34.0,62.0,True,53189,53189,53189,53189,True,True,True,True,True,140891.0,2.0,-1.693893551826477,즘,WITHIN_SPLIT,OTHER,no_valid_adjacent_boundary,False,True,-1.0,OK
FLORES,P2,44,6,1,17,WITHIN_SPLIT_PLACEBO,WITHIN_SPLIT,손,후손보다,1,1.640700340270996,2,44.0,15.0,True,130640,126299,130640,126299,True,True,False,False,True,126299.0,2.0,-1.1743258237838745,속,WITHIN_SPLIT,OTHER,no_valid_adjacent_boundary,True,False,1.0,OK
FLORES,P2,45,4,1,8,WITHIN_SPLIT_PLACEBO,WITHIN_SPLIT,편,남편과,0,0.49204039573669434,3,45.0,5.0,True,129027,129027,129027,129027,True,True,True,True,True,25715.0,2.0,-2.351224660873413,자,WITHIN_SPLIT,OTHER,no_valid_adjacent_boundary,False,True,-1.0,OK
FLORES,P2,45,14,2,32,WITHIN_SPLIT_PLACEBO,WITHIN_SPLIT, 인,인상을,0,0.5631110668182373,2,45.0,33.0,True,58677,58677,58677,58677,True,True,True,True,True,126440.0,4.0,-4.90971040725708, 영,EXACT,OTHER,not_primary_class,False,True,-1.0,OK
FLORES,P2,46,16,2,49,WITHIN_SPLIT_PLACEBO,WITHIN_SPLIT,크,"""마이크가",0,0.1571660339832306,5,46.0,66.0,True,81133,81133,81133,81133,True,True,True,True,True,134644.0,2.0,-3.686626434326172,클,WITHIN_SPLIT,OTHER,nearest_adjacent_boundary,False,True,-1.0,OK
FLORES,P2,46,14,2,44,WITHIN_SPLIT_PLACEBO,WITHIN_SPLIT,러,밀러는,0,0.29911768436431885,4,46.0,71.0,True,60294,60294,60294,60294,True,True,True,True,True,28002.0,2.0,-2.6265411376953125,리,WITHIN_SPLIT,OTHER,no_valid_adjacent_boundary,False,True,-1.0,OK
FLORES,P2,47,9,3,28,WITHIN_SPLIT_PLACEBO,WITHIN_SPLIT,량,배출량을,0,0.14004690945148468,4,47.0,2.0,True,131837,131837,131837,131837,True,True,True,True,True,17877.0,2.0,-3.7611377239227295,을,EXACT,OTHER,not_primary_class,False,True,-1.0,OK
FLORES,P2,52,33,1,94,WITHIN_SPLIT_PLACEBO,WITHIN_SPLIT,락,하락을,1,1.5237739086151123,3,52.0,102.0,True,132772,130262,132772,130262,True,True,False,False,True,130262.0,2.0,-1.1659252643585205,강,WITHIN_SPLIT,OTHER,no_valid_adjacent_boundary,True,False,1.0,OK
FLORES,P2,57,17,1,39,WITHIN_SPLIT_PLACEBO,WITHIN_SPLIT,방,지방의,0,0.26271992921829224,2,57.0,14.0,True,126321,126321,126321,126321,True,True,True,True,True,55054.0,2.0,-4.291237831115723,사,WITHIN_SPLIT,OTHER,no_valid_adjacent_boundary,False,True,-1.0,OK
FLORES,P2,59,9,3,24,WITHIN_SPLIT_PLACEBO,WITHIN_SPLIT,약,계약을,0,0.0021113851107656956,3,59.0,29.0,True,125535,125535,125535,125535,True,True,True,True,True,127324.0,2.0,-10.04703426361084,획,WITHIN_SPLIT,OTHER,no_valid_adjacent_boundary,False,True,-1.0,OK
FLORES,P2,59,7,1,19,WITHIN_SPLIT_PLACEBO,WITHIN_SPLIT,물,인물로,1,1.8213474750518799,3,59.0,32.0,True,126251,55054,126251,55054,True,True,False,False,True,137075.0,2.0,-1.8182876110076904,물을,CROSS_MORPHEME,NOMINAL_TO_PARTICLE,crossed_boundary,False,False,0.0,OK
FLORES,P2,897,12,1,27,WITHIN_SPLIT_PLACEBO,WITHIN_SPLIT, 여행,여행자가,1,1.378604769706726,1,61.0,12.0,False,142815,134585,142815,134585,True,True,False,False,True,23084.0,6.0,-4.8216400146484375, 이,EXACT,OTHER,not_primary_class,False,False,0.0,OK
FLORES,P2,68,6,3,17,WITHIN_SPLIT_PLACEBO,WITHIN_SPLIT,도,인도는,0,0.09959852695465088,3,68.0,22.0,True,47985,47985,47985,47985,True,True,True,True,True,89235.0,2.0,-3.9573631286621094,디,WITHIN_SPLIT,OTHER,no_valid_adjacent_boundary,False,True,-1.0,OK
FLORES,P2,77,16,1,43,WITHIN_SPLIT_PLACEBO,WITHIN_SPLIT, 정,정부가,1,0.759074330329895,3,77.0,40.0,True,36055,125834,36055,125834,True,True,False,False,True,125834.0,2.0,-3.2202813625335693, 당,EXACT,OTHER,not_primary_class,True,False,1.0,OK
FLORES,P2,319,1,1,1,WITHIN_SPLIT_PLACEBO,WITHIN_SPLIT, 외,외신은,1,3.8903980255126953,5,87.0,3.0,False,74884,82528,74884,82528,True,True,False,False,True,20401.0,2.0,-2.397958517074585,의,EXACT,OTHER,not_primary_class,False,False,0.0,OK
FLORES,P2,92,7,2,21,WITHIN_SPLIT_PLACEBO,WITHIN_SPLIT, 물,물질과,0,1.1438192129135132,3,92.0,34.0,True,133553,133553,133553,133553,True,True,True,True,True,128552.0,3.0,-3.5776000022888184,적으로,CROSS_MORPHEME,OTHER,crossed_boundary,False,True,-1.0,OK
FLORES,P2,94,3,3,14,WITHIN_SPLIT_PLACEBO,WITHIN_SPLIT, 연,연기가,0,3.2843716144561768,2,94.0,15.0,True,77353,77353,77353,77353,True,True,True,True,True,126291.0,2.0,-1.917097806930542, 소,EXACT,OTHER,not_primary_class,False,True,-1.0,OK
FLORES,P2,97,4,2,11,WITHIN_SPLIT_PLACEBO,WITHIN_SPLIT,어,한국어로,0,0.16592760384082794,4,97.0,45.0,True,31079,31079,31079,31079,True,True,True,True,True,31328.0,2.0,-5.363332271575928,인,WITHIN_SPLIT,OTHER,no_valid_adjacent_boundary,False,True,-1.0,OK
FLORES,P2,100,2,2,7,WITHIN_SPLIT_PLACEBO,WITHIN_SPLIT,환,환자가,0,0.0015306207351386547,3,100.0,8.0,True,246,246,246,246,True,True,True,True,True,242.0,2.0,-9.968881607055664,화,EXACT,OTHER,not_primary_class,False,True,-1.0,OK
FLORES,P2,105,3,1,7,WITHIN_SPLIT_PLACEBO,WITHIN_SPLIT,시,크라시의,0,1.8378195762634277,4,105.0,10.0,True,29326,29326,29326,29326,True,True,True,True,True,24897.0,2.0,-1.109209656715393,스,WITHIN_SPLIT,OTHER,no_valid_adjacent_boundary,False,True,-1.0,OK
FLORES,P2,108,12,3,31,WITHIN_SPLIT_PLACEBO,WITHIN_SPLIT,크,트렁크에,0,0.031006259843707085,5,108.0,37.0,True,81133,81133,81133,81133,True,True,True,True,True,131973.0,2.0,-6.831582546234131,커,WITHIN_SPLIT,OTHER,no_valid_adjacent_boundary,False,True,-1.0,OK
FLORES,P2,109,31,2,69,WITHIN_SPLIT_PLACEBO,WITHIN_SPLIT,사,박사가,0,0.5536487102508545,4,109.0,26.0,True,55054,55054,55054,55054,True,True,True,True,True,136294.0,2.0,-1.785186529159546,사는,CROSS_MORPHEME,NOMINAL_TO_PARTICLE,crossed_boundary,False,True,-1.0,OK
FLORES,P2,109,33,2,77,WITHIN_SPLIT_PLACEBO,WITHIN_SPLIT, 박,박사는,0,0.12754619121551514,3,109.0,36.0,True,22042,22042,22042,22042,True,True,True,True,True,81718.0,2.0,-4.393510341644287, 바,EXACT,OTHER,not_primary_class,False,True,-1.0,OK
FLORES,P2,109,33,3,78,WITHIN_SPLIT_PLACEBO,WITHIN_SPLIT,박,박사는,0,0.0036747409030795097,3,109.0,79.0,True,243,243,243,243,True,True,True,True,True,222.0,2.0,-8.469106674194336,밀,EXACT,OTHER,not_primary_class,False,True,-1.0,OK
FLORES,P2,109,44,3,121,WITHIN_SPLIT_PLACEBO,WITHIN_SPLIT,박,박사는,0,0.0012582829222083092,3,109.0,122.0,True,243,243,243,243,True,True,True,True,True,222.0,2.0,-9.328240394592285,밀,EXACT,OTHER,not_primary_class,False,True,-1.0,OK
FLORES,P2,124,2,2,9,WITHIN_SPLIT_PLACEBO,WITHIN_SPLIT,전,운전자가,0,0.26112163066864014,4,124.0,10.0,True,65865,65865,65865,65865,True,True,True,True,True,134064.0,2.0,-2.7713661193847656,전자,WITHIN_SPLIT,OTHER,no_valid_adjacent_boundary,False,True,-1.0,OK
FLORES,P2,126,16,1,45,WITHIN_SPLIT_PLACEBO,WITHIN_SPLIT,리,소리와,0,0.9557278156280518,4,126.0,20.0,True,28002,28002,28002,28002,True,True,True,True,True,133886.0,2.0,-1.4022223949432373,리를,CROSS_MORPHEME,NOMINAL_TO_PARTICLE,crossed_boundary,False,True,-1.0,OK
FLORES,P2,131,2,2,8,WITHIN_SPLIT_PLACEBO,WITHIN_SPLIT, 건,건강에,0,0.3574334383010864,3,131.0,14.0,True,130270,130270,130270,130270,True,True,True,True,True,140546.0,2.0,-5.326737880706787, 여성,EXACT,OTHER,not_primary_class,False,True,-1.0,OK
FLORES,P2,131,8,3,22,WITHIN_SPLIT_PLACEBO,WITHIN_SPLIT, 노,노력을,0,0.864038348197937,2,131.0,23.0,True,127042,127042,127042,127042,True,True,True,True,True,44518.0,2.0,-2.1943106651306152, 시,EXACT,OTHER,not_primary_class,False,True,-1.0,OK
FLORES,P2,133,3,2,8,WITHIN_SPLIT_PLACEBO,WITHIN_SPLIT,상,부상자를,0,0.5570117831230164,4,133.0,9.0,True,55902,55902,55902,55902,True,True,True,True,True,136854.0,2.0,-1.4303946495056152,상을,CROSS_MORPHEME,NOMINAL_TO_PARTICLE,crossed_boundary,False,True,-1.0,OK
FLORES,P2,138,10,2,26,WITHIN_SPLIT_PLACEBO,WITHIN_SPLIT,적,퇴적물을,0,0.17046770453453064,5,138.0,27.0,True,80968,80968,80968,80968,True,True,True,True,True,70582.0,2.0,-4.5857648849487305,비,WITHIN_SPLIT,OTHER,no_valid_adjacent_boundary,False,True,-1.0,OK
FLORES,P2,138,6,1,17,WITHIN_SPLIT_PLACEBO,WITHIN_SPLIT, 폭,폭우가,1,2.788203716278076,3,138.0,33.0,True,69441,46832,69441,46832,True,True,False,False,True,126310.0,2.0,-1.6548646688461304, 유,EXACT,OTHER,not_primary_class,False,False,0.0,OK
FLORES,P2,140,2,2,6,WITHIN_SPLIT_PLACEBO,WITHIN_SPLIT,고,물고기가,0,0.09287722408771515,3,140.0,7.0,True,34395,34395,34395,34395,True,True,True,True,True,31079.0,2.0,-4.871585845947266,어,EXACT,OTHER,not_primary_class,False,True,-1.0,OK
FLORES,P2,140,6,2,18,WITHIN_SPLIT_PLACEBO,WITHIN_SPLIT,고,물고기가,0,0.11202001571655273,3,140.0,19.0,True,34395,34395,34395,34395,True,True,True,True,True,12802.0,2.0,-6.216010093688965,이,EXACT,OTHER,not_primary_class,False,True,-1.0,OK
FLORES,P2,142,15,2,46,WITHIN_SPLIT_PLACEBO,WITHIN_SPLIT, 경,경보가,0,0.04220248758792877,3,142.0,42.0,True,43115,43115,43115,43115,True,True,True,True,True,65306.0,2.0,-6.332427501678467,경,EXACT,OTHER,not_primary_class,False,True,-1.0,OK
FLORES,P2,146,5,2,15,WITHIN_SPLIT_PLACEBO,WITHIN_SPLIT,인,당선인인,0,1.829174518585205,4,146.0,40.0,True,31328,31328,31328,31328,True,True,True,True,True,25715.0,2.0,-1.542513132095337,자,WITHIN_SPLIT,OTHER,no_valid_adjacent_boundary,False,True,-1.0,OK
FLORES,P2,148,12,1,28,WITHIN_SPLIT_PLACEBO,WITHIN_SPLIT,공,항공기가,0,0.02014078199863434,3,148.0,21.0,True,78125,78125,78125,78125,True,True,True,True,True,72553.0,2.0,-7.892620086669922,만,WITHIN_SPLIT,OTHER,no_valid_adjacent_boundary,False,True,-1.0,OK
FLORES,P2,148,9,1,22,WITHIN_SPLIT_PLACEBO,WITHIN_SPLIT, 보,보호를,1,1.9257222414016724,3,148.0,29.0,True,63332,53680,63332,53680,True,True,False,False,True,53680.0,2.0,-1.3492902517318726,과,EXACT,OTHER,not_primary_class,True,False,1.0,OK
FLORES,P2,149,6,2,17,WITHIN_SPLIT_PLACEBO,WITHIN_SPLIT,격,공격으로,0,0.02911544218659401,3,149.0,21.0,True,126614,126614,126614,126614,True,True,True,True,True,41429.0,2.0,-6.456437110900879,세,WITHIN_SPLIT,OTHER,no_valid_adjacent_boundary,False,True,-1.0,OK
FLORES,P2,157,9,1,21,WITHIN_SPLIT_PLACEBO,WITHIN_SPLIT,계,관계자는,0,0.7120341658592224,4,157.0,22.0,True,124781,124781,124781,124781,True,True,True,True,True,28002.0,2.0,-1.7057088613510132,리,WITHIN_SPLIT,OTHER,no_valid_adjacent_boundary,False,True,-1.0,OK
FLORES,P2,157,12,1,31,WITHIN_SPLIT_PLACEBO,WITHIN_SPLIT,이,곰팡이에,0,0.01845608279109001,5,157.0,55.0,True,12802,12802,12802,12802,True,True,True,True,True,132044.0,2.0,-6.923911094665527,이는,CROSS_MORPHEME,NOMINAL_TO_PARTICLE,crossed_boundary,False,True,-1.0,OK
FLORES,P2,159,2,1,4,WITHIN_SPLIT_PLACEBO,WITHIN_SPLIT, 입,입구는,0,2.0220084190368652,3,159.0,17.0,True,38150,38150,38150,38150,True,True,True,True,True,20401.0,2.0,-3.0937294960021973,의,EXACT,OTHER,not_primary_class,False,True,-1.0,OK
FLORES,P2,163,13,2,37,WITHIN_SPLIT_PLACEBO,WITHIN_SPLIT,보,후보를,0,0.12246375530958176,3,163.0,26.0,True,41671,41671,41671,41671,True,True,True,True,True,54321.0,2.0,-4.161121845245361,원,WITHIN_SPLIT,OTHER,no_valid_adjacent_boundary,False,True,-1.0,OK
FLORES,P2,166,14,1,45,WITHIN_SPLIT_PLACEBO,WITHIN_SPLIT,용,투표용지가,0,4.293808937072754,7,166.0,69.0,True,26699,26699,26699,26699,True,True,True,True,True,18411.0,2.0,-2.377964735031128,를,EXACT,OTHER,not_primary_class,False,True,-1.0,OK
FLORES,P2,167,2,1,3,WITHIN_SPLIT_PLACEBO,WITHIN_SPLIT,과,과정의,0,0.003306726226583123,4,167.0,1.0,True,120,120,120,120,True,True,True,True,True,101.0,2.0,-8.687817573547363,골,EXACT,OTHER,not_primary_class,False,True,-1.0,OK
FLORES,P2,167,5,3,15,WITHIN_SPLIT_PLACEBO,WITHIN_SPLIT,표,대표자를,0,0.6804518699645996,3,167.0,16.0,True,126414,126414,126414,126414,True,True,True,True,True,28002.0,2.0,-2.042686939239502,리,WITHIN_SPLIT,OTHER,no_valid_adjacent_boundary,False,True,-1.0,OK
FLORES,P2,174,3,3,9,WITHIN_SPLIT_PLACEBO,WITHIN_SPLIT,관,경찰관이,1,1.6707921028137207,3,174.0,13.0,True,124780,12802,124780,12802,True,True,False,False,True,12802.0,2.0,-2.2912204265594482,이,EXACT,OTHER,not_primary_class,True,False,1.0,OK
FLORES,P2,175,5,2,8,WITHIN_SPLIT_PLACEBO,WITHIN_SPLIT,찰,관찰자가,0,0.21763448417186737,4,175.0,9.0,True,132297,132297,132297,132297,True,True,True,True,True,132612.0,2.0,-3.3557546138763428,측,WITHIN_SPLIT,OTHER,no_valid_adjacent_boundary,False,True,-1.0,OK
FLORES,P2,178,11,2,33,WITHIN_SPLIT_PLACEBO,WITHIN_SPLIT,스,블랙스의,0,1.3046741485595703,6,178.0,44.0,True,24897,24897,24897,24897,True,True,True,True,True,141767.0,2.0,-4.133805751800537, 스,EXACT,OTHER,not_primary_class,False,True,-1.0,OK
FLORES,P2,180,3,2,9,WITHIN_SPLIT_PLACEBO,WITHIN_SPLIT,로,트로피를,0,0.44049179553985596,5,180.0,21.0,True,17380,17380,17380,17380,True,True,True,True,True,135628.0,3.0,-4.598249435424805,라이,WITHIN_SPLIT,OTHER,no_valid_adjacent_boundary,False,True,-1.0,OK
FLORES,P2,181,2,1,5,WITHIN_SPLIT_PLACEBO,WITHIN_SPLIT, 경,경기는,0,1.0955090522766113,2,181.0,6.0,True,43115,43115,43115,43115,True,True,True,True,True,60960.0,3.0,-3.632979154586792, 대,EXACT,OTHER,not_primary_class,False,True,-1.0,OK
FLORES,P2,181,15,1,29,WITHIN_SPLIT_PLACEBO,WITHIN_SPLIT,스트,오스트리아와,0,0.1542084813117981,7,181.0,36.0,True,53189,53189,53189,53189,True,True,True,True,True,28002.0,2.0,-4.847962856292725,리,WITHIN_SPLIT,OTHER,no_valid_adjacent_boundary,False,True,-1.0,OK
FLORES,P2,188,12,1,30,WITHIN_SPLIT_PLACEBO,WITHIN_SPLIT,포,공포를,0,0.22161069512367249,4,188.0,38.0,True,128808,128808,128808,128808,True,True,True,True,True,126614.0,2.0,-3.755383253097534,격,WITHIN_SPLIT,OTHER,no_valid_adjacent_boundary,False,True,-1.0,OK
FLORES,P2,197,25,1,61,WITHIN_SPLIT_PLACEBO,WITHIN_SPLIT,로,위로의,0,0.8023687601089478,3,197.0,53.0,True,17380,17380,17380,17380,True,True,True,True,True,126246.0,2.0,-2.777033567428589,안,WITHIN_SPLIT,OTHER,no_valid_adjacent_boundary,False,True,-1.0,OK
FLORES,P2,199,10,2,31,WITHIN_SPLIT_PLACEBO,WITHIN_SPLIT, 사진,사진기에게,0,2.4721946716308594,2,199.0,42.0,True,139764,139764,139764,139764,True,True,True,True,True,54825.0,5.0,-3.6333374977111816, 그,EXACT,OTHER,not_primary_class,False,True,-1.0,OK
FLORES,P2,204,19,1,52,WITHIN_SPLIT_PLACEBO,WITHIN_SPLIT, 파,파크가,1,1.2528822422027588,2,204.0,55.0,True,54969,22042,54969,22042,True,True,False,False,True,129471.0,4.0,-3.214651346206665,박,WITHIN_SPLIT,OTHER,no_valid_adjacent_boundary,False,False,0.0,OK
FLORES,P2,208,10,1,33,WITHIN_SPLIT_PLACEBO,WITHIN_SPLIT,지,평화유지군이,0,2.122520923614502,5,208.0,55.0,True,21329,21329,21329,21329,True,True,True,True,True,133120.0,2.0,-1.9803626537322998,지를,CROSS_MORPHEME,NOMINAL_TO_PARTICLE,crossed_boundary,False,True,-1.0,OK
FLORES,P2,210,8,2,18,WITHIN_SPLIT_PLACEBO,WITHIN_SPLIT,환,환자를,0,0.020394328981637955,3,210.0,19.0,True,246,246,246,246,True,True,True,True,True,242.0,2.0,-6.596096992492676,화,EXACT,OTHER,not_primary_class,False,True,-1.0,OK
FLORES,P2,211,6,3,17,WITHIN_SPLIT_PLACEBO,WITHIN_SPLIT,곳,그곳에서,0,0.4706149101257324,3,211.0,2.0,True,130638,130638,130638,130638,True,True,True,True,True,131937.0,2.0,-3.005458354949951, 지역,EXACT,OTHER,not_primary_class,False,True,-1.0,OK
FLORES,P2,217,8,1,17,WITHIN_SPLIT_PLACEBO,WITHIN_SPLIT,폭,폭동을,0,0.29417166113853455,5,217.0,23.0,True,255,255,255,255,True,True,True,True,True,112.0,2.0,-2.792992115020752,폴,EXACT,OTHER,not_primary_class,False,True,-1.0,OK
FLORES,P2,218,2,2,6,WITHIN_SPLIT_PLACEBO,WITHIN_SPLIT,행,비행기가,0,0.6383468508720398,3,218.0,7.0,True,124528,124528,124528,124528,True,True,True,True,True,19969.0,2.0,-3.359374761581421,가,EXACT,OTHER,not_primary_class,False,True,-1.0,OK
FLORES,P2,221,2,3,6,WITHIN_SPLIT_PLACEBO,WITHIN_SPLIT,공,항공기가,0,0.058083631098270416,3,221.0,7.0,True,78125,78125,78125,78125,True,True,True,True,True,20487.0,2.0,-5.835486888885498,기,WITHIN_SPLIT,OTHER,no_valid_adjacent_boundary,False,True,-1.0,OK
FLORES,P2,223,7,1,16,WITHIN_SPLIT_PLACEBO,WITHIN_SPLIT,고,사고를,0,0.28119519352912903,3,223.0,35.0,True,34395,34395,34395,34395,True,True,True,True,True,55902.0,2.0,-3.610346555709839,상,WITHIN_SPLIT,OTHER,no_valid_adjacent_boundary,False,True,-1.0,OK
FLORES,P2,224,3,1,6,WITHIN_SPLIT_PLACEBO,WITHIN_SPLIT,드,마쇼드에서,0,1.034966230392456,3,224.0,12.0,True,29346,29346,29346,29346,True,True,True,True,True,13146.0,2.0,-1.9184638261795044,다,EXACT,OTHER,not_primary_class,False,True,-1.0,OK
FLORES,P2,238,4,2,9,WITHIN_SPLIT_PLACEBO,WITHIN_SPLIT,처,근처에,0,0.08799762278795242,4,238.0,5.0,True,125746,125746,125746,125746,True,True,True,True,True,127302.0,2.0,-5.246191024780273,접,WITHIN_SPLIT,OTHER,no_valid_adjacent_boundary,False,True,-1.0,OK
FLORES,P2,240,3,1,10,WITHIN_SPLIT_PLACEBO,WITHIN_SPLIT,량,차량에서,1,1.6722304821014404,2,240.0,8.0,True,131837,18411,131837,18411,True,True,False,False,True,18411.0,2.0,-1.302381992340088,를,EXACT,OTHER,not_primary_class,True,False,1.0,OK
FLORES,P2,242,5,1,14,WITHIN_SPLIT_PLACEBO,WITHIN_SPLIT, 알,알손을,0,1.2341099977493286,4,242.0,19.0,True,125214,125214,125214,125214,True,True,True,True,True,48408.0,2.0,-2.2723631858825684, 아,EXACT,OTHER,not_primary_class,False,True,-1.0,OK
FLORES,P2,244,8,2,20,WITHIN_SPLIT_PLACEBO,WITHIN_SPLIT,이,깊이로,1,1.1925392150878906,3,244.0,16.0,True,12802,33704,12802,33704,True,True,False,False,True,33704.0,2.0,-1.3510327339172363,은,EXACT,OTHER,not_primary_class,True,False,1.0,OK
FLORES,P2,245,13,1,32,WITHIN_SPLIT_PLACEBO,WITHIN_SPLIT,품,부품이,1,1.0818721055984497,5,245.0,34.0,True,125678,24897,125678,24897,True,True,False,False,True,76337.0,2.0,-3.2782371044158936,식,WITHIN_SPLIT,OTHER,no_valid_adjacent_boundary,False,False,0.0,OK
FLORES,P2,245,8,1,22,WITHIN_SPLIT_PLACEBO,WITHIN_SPLIT,크,연료탱크에서,0,0.014613071456551552,5,245.0,41.0,True,81133,81133,81133,81133,True,True,True,True,True,131973.0,2.0,-7.501410484313965,커,WITHIN_SPLIT,OTHER,no_valid_adjacent_boundary,False,True,-1.0,OK
FLORES,P2,770,7,4,26,WITHIN_SPLIT_PLACEBO,WITHIN_SPLIT,의,사모아의,0,0.9240747690200806,4,247.0,42.0,False,20401,20401,20401,20401,True,True,True,True,True,125466.0,2.0,-2.081954002380371, 공,EXACT,OTHER,not_primary_class,False,True,-1.0,OK
FLORES,P2,250,14,1,27,WITHIN_SPLIT_PLACEBO,WITHIN_SPLIT,소,발전소가,0,0.060828838497400284,4,250.0,35.0,True,43590,43590,43590,43590,True,True,True,True,True,6008.0,2.0,-6.412600994110107, plant,EXACT,OTHER,not_primary_class,False,True,-1.0,OK
FLORES,P2,252,7,2,27,WITHIN_SPLIT_PLACEBO,WITHIN_SPLIT, 전,전기가,0,0.012620510533452034,2,252.0,28.0,True,56419,56419,56419,56419,True,True,True,True,True,35509.0,2.0,-8.454278945922852, 가,EXACT,OTHER,not_primary_class,False,True,-1.0,OK
FLORES,P2,788,14,1,34,WITHIN_SPLIT_PLACEBO,WITHIN_SPLIT, 강,강둑에서의,0,1.8356342315673828,1,252.0,34.0,False,129413,129413,129413,129413,True,True,True,True,True,91043.0,2.0,-1.7946808338165283, 호,EXACT,OTHER,not_primary_class,False,True,-1.0,OK
FLORES,P2,256,9,3,29,WITHIN_SPLIT_PLACEBO,WITHIN_SPLIT,서,보고서는,0,0.1632869839668274,4,256.0,13.0,True,26698,26698,26698,26698,True,True,True,True,True,16560.0,2.0,-4.369291305541992,는,EXACT,OTHER,not_primary_class,False,True,-1.0,OK
FLORES,P2,256,9,1,27,WITHIN_SPLIT_PLACEBO,WITHIN_SPLIT, 보,보고서는,0,0.48106130957603455,4,256.0,39.0,True,63332,63332,63332,63332,True,True,True,True,True,125206.0,3.0,-5.0203704833984375, 통,EXACT,OTHER,not_primary_class,False,True,-1.0,OK
FLORES,P2,259,7,1,19,WITHIN_SPLIT_PLACEBO,WITHIN_SPLIT,변,소변에서,0,0.26400837302207947,3,259.0,26.0,True,126667,126667,126667,126667,True,True,True,True,True,99364.0,2.0,-2.9231064319610596,便,EXACT,OTHER,not_primary_class,False,True,-1.0,OK
FLORES,P2,261,13,1,27,WITHIN_SPLIT_PLACEBO,WITHIN_SPLIT, 면,면제로,1,2.5470807552337646,3,261.0,0.0,True,48108,17877,48108,17877,True,True,False,False,True,46682.0,2.0,-1.4108489751815796, 없,EXACT,OTHER,not_primary_class,False,False,0.0,OK
FLORES,P2,261,12,1,26,WITHIN_SPLIT_PLACEBO,WITHIN_SPLIT,관,세관에서,1,0.8247963190078735,3,261.0,7.0,True,124780,125052,124780,125052,True,True,False,False,True,125052.0,2.0,-1.6899957656860352,금,WITHIN_SPLIT,OTHER,no_valid_adjacent_boundary,True,False,1.0,OK
FLORES,P2,264,6,3,13,WITHIN_SPLIT_PLACEBO,WITHIN_SPLIT,식,방식과,0,0.007400806061923504,3,264.0,5.0,True,76337,76337,76337,76337,True,True,True,True,True,129321.0,4.0,-8.750747680664062,향,WITHIN_SPLIT,OTHER,no_valid_adjacent_boundary,False,True,-1.0,OK
FLORES,P2,264,6,2,12,WITHIN_SPLIT_PLACEBO,WITHIN_SPLIT, 방,방식과,0,1.5117955207824707,3,264.0,6.0,True,74808,74808,74808,74808,True,True,True,True,True,71108.0,2.0,-1.1203606128692627, 것,EXACT,OTHER,not_primary_class,False,True,-1.0,OK
FLORES,P2,265,13,1,34,WITHIN_SPLIT_PLACEBO,WITHIN_SPLIT,임,게임을,0,0.002749375533312559,3,265.0,42.0,True,93701,93701,93701,93701,True,True,True,True,True,12802.0,2.0,-8.15654182434082,이,WITHIN_SPLIT,OTHER,no_valid_adjacent_boundary,False,True,-1.0,OK
FLORES,P2,266,25,2,81,WITHIN_SPLIT_PLACEBO,WITHIN_SPLIT,코,데코를,1,1.4858494997024536,4,266.0,93.0,True,129695,144033,129695,144033,True,True,False,False,True,144033.0,2.0,-0.9554868340492249,칼,WITHIN_SPLIT,OTHER,no_valid_adjacent_boundary,True,False,1.0,OK
FLORES,P2,266,34,1,100,WITHIN_SPLIT_PLACEBO,WITHIN_SPLIT,각,각각의,1,1.8542540073394775,4,266.0,98.0,True,126317,47665,126317,47665,True,True,False,False,True,54116.0,3.0,-3.198133945465088, 기,EXACT,OTHER,not_primary_class,False,False,0.0,OK
FLORES,P2,268,23,1,51,WITHIN_SPLIT_PLACEBO,WITHIN_SPLIT,할,역할을,0,0.10622168332338333,3,268.0,56.0,True,47836,47836,47836,47836,True,True,True,True,True,17877.0,2.0,-4.438238143920898,을,EXACT,OTHER,not_primary_class,False,True,-1.0,OK
FLORES,P2,272,1,3,3,WITHIN_SPLIT_PLACEBO,WITHIN_SPLIT, 무,무기가,0,1.8902699947357178,2,272.0,4.0,True,125149,125149,125149,125149,True,True,True,True,True,125466.0,2.0,-2.0994679927825928, 공,EXACT,OTHER,not_primary_class,False,True,-1.0,OK
FLORES,P2,272,3,1,9,WITHIN_SPLIT_PLACEBO,WITHIN_SPLIT, 남,남자의,0,1.6540348529815674,2,272.0,10.0,True,129624,129624,129624,129624,True,True,True,True,True,124889.0,2.0,-1.6135907173156738, 사람,EXACT,OTHER,not_primary_class,False,True,-1.0,OK
FLORES,P2,272,18,1,48,WITHIN_SPLIT_PLACEBO,WITHIN_SPLIT, 일부,일부분이,1,2.4289541244506836,3,272.0,13.0,True,136605,85403,136605,85403,True,True,False,False,True,129881.0,2.0,-2.418001890182495, 부분,EXACT,OTHER,not_primary_class,False,False,0.0,OK
FLORES,P2,275,8,1,21,WITHIN_SPLIT_PLACEBO,WITHIN_SPLIT,닝,러닝에서,0,0.07452688366174698,5,275.0,6.0,True,144262,144262,144262,144262,True,True,True,True,True,127085.0,2.0,-4.916606426239014,너,WITHIN_SPLIT,OTHER,no_valid_adjacent_boundary,False,True,-1.0,OK
FLORES,P2,277,5,2,14,WITHIN_SPLIT_PLACEBO,WITHIN_SPLIT,키,스키어가,0,0.01953510195016861,5,277.0,18.0,True,92120,92120,92120,92120,True,True,True,True,True,7492.0,10.0,-11.752315521240234,킬,WITHIN_SPLIT,OTHER,no_valid_adjacent_boundary,False,True,-1.0,OK
FLORES,P2,279,12,1,38,WITHIN_SPLIT_PLACEBO,WITHIN_SPLIT, 노,노트북을,0,1.1109155416488647,4,279.0,18.0,True,127042,127042,127042,127042,True,True,True,True,True,143522.0,3.0,-3.197847843170166, 컴퓨터,EXACT,OTHER,not_primary_class,False,True,-1.0,OK
FLORES,P2,288,7,2,20,WITHIN_SPLIT_PLACEBO,WITHIN_SPLIT, 그,그녀의,0,1.7569546699523926,3,288.0,24.0,True,54825,54825,54825,54825,True,True,True,True,True,90667.0,2.0,-2.886197090148926, 이미,EXACT,OTHER,not_primary_class,False,True,-1.0,OK
FLORES,P2,288,0,2,1,WITHIN_SPLIT_PLACEBO,WITHIN_SPLIT,녀,그녀는,0,0.012883181683719158,3,288.0,33.0,True,132751,132751,132751,132751,True,True,True,True,True,16560.0,2.0,-6.813957691192627,는,EXACT,OTHER,not_primary_class,False,True,-1.0,OK
FLORES,P2,291,2,1,3,WITHIN_SPLIT_PLACEBO,WITHIN_SPLIT, 재,재판을,1,4.430797100067139,5,291.0,12.0,True,129242,85322,129242,85322,True,True,False,False,True,85322.0,2.0,-2.3010759353637695, 검,EXACT,OTHER,not_primary_class,True,False,1.0,OK
FLORES,P2,293,17,1,36,WITHIN_SPLIT_PLACEBO,WITHIN_SPLIT,리,제리사고의,1,1.2227287292480469,4,293.0,29.0,True,28002,54330,28002,54330,True,True,False,False,True,55054.0,2.0,-2.8323185443878174,사,WITHIN_SPLIT,OTHER,no_valid_adjacent_boundary,False,False,0.0,OK
FLORES,P2,294,5,2,15,WITHIN_SPLIT_PLACEBO,WITHIN_SPLIT,화,평화의,0,1.019094705581665,6,294.0,33.0,True,56290,56290,56290,56290,True,True,True,True,True,89659.0,2.0,-1.2469828128814697,야,WITHIN_SPLIT,OTHER,no_valid_adjacent_boundary,False,True,-1.0,OK
FLORES,P2,295,7,1,14,WITHIN_SPLIT_PLACEBO,WITHIN_SPLIT, 사용,사용자는,0,1.9677724838256836,2,295.0,15.0,True,40720,40720,40720,40720,True,True,True,True,True,55054.0,2.0,-2.5239617824554443,사,WITHIN_SPLIT,LEXICAL_TO_LEXICAL,nearest_adjacent_boundary,False,True,-1.0,OK
FLORES,P2,296,19,3,48,WITHIN_SPLIT_PLACEBO,WITHIN_SPLIT,사,자원봉사자가,0,0.4810371398925781,6,296.0,49.0,True,55054,55054,55054,55054,True,True,True,True,True,130427.0,5.0,-6.4639081954956055,자가,CROSS_MORPHEME,NOMINAL_TO_PARTICLE,crossed_boundary,False,True,-1.0,OK
FLORES,P2,303,6,1,17,WITHIN_SPLIT_PLACEBO,WITHIN_SPLIT,례,사례가,0,0.11439436674118042,3,303.0,51.0,True,131000,131000,131000,131000,True,True,True,True,True,34395.0,2.0,-4.175944805145264,고,WITHIN_SPLIT,OTHER,no_valid_adjacent_boundary,False,True,-1.0,OK
FLORES,P2,305,10,1,32,WITHIN_SPLIT_PLACEBO,WITHIN_SPLIT,고,사고는,0,0.533279299736023,3,305.0,25.0,True,34395,34395,34395,34395,True,True,True,True,True,126246.0,2.0,-3.580258846282959,안,WITHIN_SPLIT,OTHER,no_valid_adjacent_boundary,False,True,-1.0,OK
FLORES,P2,305,11,2,36,WITHIN_SPLIT_PLACEBO,WITHIN_SPLIT,플,애플이,0,0.003593092318624258,5,305.0,45.0,True,242,242,242,242,True,True,True,True,True,62544.0,4.0,-9.89094352722168,프,WITHIN_SPLIT,OTHER,no_valid_adjacent_boundary,False,True,-1.0,OK
FLORES,P2,312,2,1,4,WITHIN_SPLIT_PLACEBO,WITHIN_SPLIT,난,피난민이,1,2.457587242126465,4,312.0,23.0,True,126588,127890,126588,127890,True,True,False,False,True,127890.0,2.0,-1.6067577600479126,랍,WITHIN_SPLIT,OTHER,no_valid_adjacent_boundary,True,False,1.0,OK
FLORES,P2,313,12,2,26,WITHIN_SPLIT_PLACEBO,WITHIN_SPLIT,이,어린이와,0,0.8508056998252869,4,313.0,35.0,True,12802,12802,12802,12802,True,True,True,True,True,52959.0,2.0,-2.6101934909820557,아,EXACT,OTHER,not_primary_class,False,True,-1.0,OK
FLORES,P2,314,3,1,6,WITHIN_SPLIT_PLACEBO,WITHIN_SPLIT,인,노인을,0,1.6684837341308594,2,314.0,8.0,True,31328,31328,31328,31328,True,True,True,True,True,125535.0,2.0,-1.124021291732788,약,WITHIN_SPLIT,OTHER,no_valid_adjacent_boundary,False,True,-1.0,OK
FLORES,P2,318,7,1,18,WITHIN_SPLIT_PLACEBO,WITHIN_SPLIT,숙,성숙이,0,0.03813493251800537,3,318.0,24.0,True,135363,135363,135363,135363,True,True,True,True,True,40853.0,2.0,-5.786114692687988,장,WITHIN_SPLIT,OTHER,no_valid_adjacent_boundary,False,True,-1.0,OK
FLORES,P2,321,25,3,70,WITHIN_SPLIT_PLACEBO,WITHIN_SPLIT, 여,여성이,0,0.2764395773410797,5,321.0,71.0,True,83518,83518,83518,83518,True,True,True,True,True,140546.0,2.0,-2.802168607711792, 여성,EXACT,OTHER,not_primary_class,False,True,-1.0,OK
FLORES,P2,323,10,2,27,WITHIN_SPLIT_PLACEBO,WITHIN_SPLIT,장,대법원장에,0,3.084987163543701,5,323.0,33.0,True,40853,40853,40853,40853,True,True,True,True,True,54321.0,2.0,-2.7956106662750244,원,EXACT,OTHER,not_primary_class,False,True,-1.0,OK
FLORES,P2,325,6,1,13,WITHIN_SPLIT_PLACEBO,WITHIN_SPLIT,각,시각에,0,0.7041299343109131,3,325.0,9.0,True,126317,126317,126317,126317,True,True,True,True,True,126333.0,2.0,-1.4671025276184082,점,WITHIN_SPLIT,OTHER,no_valid_adjacent_boundary,False,True,-1.0,OK
FLORES,P2,328,4,1,10,WITHIN_SPLIT_PLACEBO,WITHIN_SPLIT,약,약물을,0,0.0046278368681669235,3,328.0,3.0,True,121,121,121,121,True,True,True,True,True,254.0,2.0,-8.922324180603027,애,EXACT,OTHER,not_primary_class,False,True,-1.0,OK
FLORES,P2,328,7,1,15,WITHIN_SPLIT_PLACEBO,WITHIN_SPLIT,증,통증을,0,0.04145323112607002,3,328.0,11.0,True,128844,128844,128844,128844,True,True,True,True,True,37087.0,2.0,-5.8486456871032715,제,WITHIN_SPLIT,OTHER,no_valid_adjacent_boundary,False,True,-1.0,OK
FLORES,P2,330,5,2,17,WITHIN_SPLIT_PLACEBO,WITHIN_SPLIT,어,소프트웨어를,0,0.000554989674128592,6,330.0,6.0,True,31079,31079,31079,31079,True,True,True,True,True,12802.0,2.0,-11.531291007995605,이,WITHIN_SPLIT,OTHER,no_valid_adjacent_boundary,False,True,-1.0,OK
FLORES,P2,335,5,2,13,WITHIN_SPLIT_PLACEBO,WITHIN_SPLIT, 추,추측이,1,3.053999185562134,3,335.0,11.0,True,57835,95617,57835,95617,True,True,False,False,True,95617.0,2.0,-2.6879770755767822, 예,EXACT,OTHER,not_primary_class,True,False,1.0,OK
FLORES,P2,336,5,2,18,WITHIN_SPLIT_PLACEBO,WITHIN_SPLIT, 경,경로를,0,1.8779091835021973,3,336.0,14.0,True,43115,43115,43115,43115,True,True,True,True,True,126352.0,3.0,-3.0478787422180176, 거,EXACT,OTHER,not_primary_class,False,True,-1.0,OK
FLORES,P2,341,14,1,41,WITHIN_SPLIT_PLACEBO,WITHIN_SPLIT, 과,과정은,0,0.9850366711616516,4,341.0,53.0,True,45130,45130,45130,45130,True,True,True,True,True,16560.0,2.0,-3.332315444946289,는,EXACT,OTHER,not_primary_class,False,True,-1.0,OK
FLORES,P2,344,15,1,51,WITHIN_SPLIT_PLACEBO,WITHIN_SPLIT, 금,금속에,0,0.10848136246204376,4,344.0,0.0,True,40771,40771,40771,40771,True,True,True,True,True,51391.0,3.0,-7.154379844665527, 메,EXACT,OTHER,not_primary_class,False,True,-1.0,OK
FLORES,P2,348,1,2,5,WITHIN_SPLIT_PLACEBO,WITHIN_SPLIT, 전,전자를,0,1.9628171920776367,2,348.0,6.0,True,56419,56419,56419,56419,True,True,True,True,True,54825.0,2.0,-2.216310501098633, 그,EXACT,OTHER,not_primary_class,False,True,-1.0,OK
FLORES,P2,348,5,2,19,WITHIN_SPLIT_PLACEBO,WITHIN_SPLIT, 원,원자는,0,0.14929816126823425,2,348.0,20.0,True,129093,129093,129093,129093,True,True,True,True,True,16560.0,2.0,-4.118029594421387,는,EXACT,OTHER,not_primary_class,False,True,-1.0,OK
FLORES,P2,356,6,1,20,WITHIN_SPLIT_PLACEBO,WITHIN_SPLIT, 우,우주에서,0,1.7443475723266602,3,356.0,30.0,True,124657,124657,124657,124657,True,True,True,True,True,66790.0,2.0,-1.6218465566635132, 지,EXACT,OTHER,not_primary_class,False,True,-1.0,OK
FLORES,P2,357,1,2,2,WITHIN_SPLIT_PLACEBO,WITHIN_SPLIT,선,우주선을,1,2.798675537109375,3,357.0,28.0,True,125519,19391,125519,19391,True,True,False,False,True,19391.0,2.0,-1.6045323610305786,에,EXACT,OTHER,not_primary_class,True,False,1.0,OK
FLORES,P2,368,0,1,0,WITHIN_SPLIT_PLACEBO,WITHIN_SPLIT, 사,사자와,1,2.671139717102051,1,359.0,0.0,False,32129,576,32129,576,True,True,False,False,True,83518.0,3.0,-2.5764706134796143, 여,EXACT,OTHER,not_primary_class,False,False,0.0,OK
FLORES,P2,365,3,2,9,WITHIN_SPLIT_PLACEBO,WITHIN_SPLIT, 관,관계에,0,2.3115713596343994,3,365.0,1.0,True,92751,92751,92751,92751,True,True,True,True,True,129985.0,2.0,-1.2590961456298828, 관련,EXACT,OTHER,not_primary_class,False,True,-1.0,OK
FLORES,P2,368,12,1,42,WITHIN_SPLIT_PLACEBO,WITHIN_SPLIT,자,사자와,0,0.8694881796836853,3,368.0,40.0,True,25715,25715,25715,25715,True,True,True,True,True,144163.0,2.0,-3.215263843536377,슴,WITHIN_SPLIT,OTHER,no_valid_adjacent_boundary,False,True,-1.0,OK
FLORES,P2,369,1,1,1,WITHIN_SPLIT_PLACEBO,WITHIN_SPLIT,랑,호랑이의,0,0.21194162964820862,4,369.0,5.0,True,133738,133738,133738,133738,True,True,True,True,True,80901.0,2.0,-5.5331573486328125,위,WITHIN_SPLIT,OTHER,no_valid_adjacent_boundary,False,True,-1.0,OK
FLORES,P2,370,1,3,6,WITHIN_SPLIT_PLACEBO,WITHIN_SPLIT, 동,동물을,0,0.4700275659561157,2,370.0,7.0,True,126322,126322,126322,126322,True,True,True,True,True,57089.0,2.0,-2.3758838176727295,동,WITHIN_SPLIT,OTHER,no_valid_adjacent_boundary,False,True,-1.0,OK
FLORES,P2,376,11,1,34,WITHIN_SPLIT_PLACEBO,WITHIN_SPLIT,향,경향이,0,0.0033185239881277084,3,376.0,33.0,True,129321,129321,129321,129321,True,True,True,True,True,12802.0,3.0,-9.969013214111328,이,WITHIN_SPLIT,OTHER,no_valid_adjacent_boundary,False,True,-1.0,OK
FLORES,P2,378,1,1,4,WITHIN_SPLIT_PLACEBO,WITHIN_SPLIT,정,과정을,0,0.006141040474176407,4,378.0,0.0,True,29281,29281,29281,29281,True,True,True,True,True,124632.0,2.0,-9.078656196594238,학,WITHIN_SPLIT,OTHER,no_valid_adjacent_boundary,False,True,-1.0,OK
FLORES,P2,378,8,2,29,WITHIN_SPLIT_PLACEBO,WITHIN_SPLIT,화,분화는,0,0.008475169539451599,3,378.0,23.0,True,56290,56290,56290,56290,True,True,True,True,True,135854.0,2.0,-8.719542503356934,기는,CROSS_MORPHEME,NOMINAL_TO_PARTICLE,crossed_boundary,False,True,-1.0,OK
FLORES,P2,380,0,3,2,WITHIN_SPLIT_PLACEBO,WITHIN_SPLIT,물,식물은,0,0.17563146352767944,4,380.0,10.0,True,126251,126251,126251,126251,True,True,True,True,True,137075.0,2.0,-3.1830577850341797,물을,CROSS_MORPHEME,NOMINAL_TO_PARTICLE,crossed_boundary,False,True,-1.0,OK
FLORES,P2,381,1,2,5,WITHIN_SPLIT_PLACEBO,WITHIN_SPLIT,물,식물로,0,0.5498086810112,4,381.0,22.0,True,126251,126251,126251,126251,True,True,True,True,True,137075.0,2.0,-1.4543328285217285,물을,CROSS_MORPHEME,NOMINAL_TO_PARTICLE,crossed_boundary,False,True,-1.0,OK
FLORES,P2,382,2,2,6,WITHIN_SPLIT_PLACEBO,WITHIN_SPLIT,대,시대의,0,0.5288302898406982,3,382.0,16.0,True,66845,66845,66845,66845,True,True,True,True,True,132264.0,2.0,-2.7822020053863525,기에,CROSS_MORPHEME,NOMINAL_TO_PARTICLE,crossed_boundary,False,True,-1.0,OK
FLORES,P2,383,14,3,40,WITHIN_SPLIT_PLACEBO,WITHIN_SPLIT,아,치아가,0,0.0848996564745903,4,383.0,44.0,True,52959,52959,52959,52959,True,True,True,True,True,19969.0,2.0,-6.774043560028076,가,EXACT,OTHER,not_primary_class,False,True,-1.0,OK
FLORES,P2,384,7,1,17,WITHIN_SPLIT_PLACEBO,WITHIN_SPLIT, 언,언덕을,1,2.47155499458313,3,384.0,0.0,True,139957,38150,139957,38150,True,True,False,False,True,38150.0,2.0,-1.551229476928711, 입,EXACT,OTHER,not_primary_class,True,False,1.0,OK
FLORES,P2,384,5,1,15,WITHIN_SPLIT_PLACEBO,WITHIN_SPLIT,두,분두가,1,3.862661600112915,3,384.0,9.0,True,126923,21329,126923,21329,True,True,False,False,True,21329.0,2.0,-2.4298505783081055,지,WITHIN_SPLIT,OTHER,no_valid_adjacent_boundary,True,False,1.0,OK
FLORES,P2,384,8,1,18,WITHIN_SPLIT_PLACEBO,WITHIN_SPLIT,술,입술을,0,1.1957296133041382,3,384.0,30.0,True,125880,125880,125880,125880,True,True,True,True,True,17877.0,2.0,-1.762784719467163,을,EXACT,OTHER,not_primary_class,False,True,-1.0,OK
FLORES,P2,387,1,2,2,WITHIN_SPLIT_PLACEBO,WITHIN_SPLIT,이,차이점은,0,0.7823948264122009,4,387.0,11.0,True,12802,12802,12802,12802,True,True,True,True,True,132044.0,2.0,-1.25905179977417,이는,CROSS_MORPHEME,NOMINAL_TO_PARTICLE,crossed_boundary,False,True,-1.0,OK
FLORES,P2,388,1,3,6,WITHIN_SPLIT_PLACEBO,WITHIN_SPLIT,식,식사는,0,0.005527096334844828,4,388.0,7.0,True,251,251,251,251,True,True,True,True,True,255.0,4.0,-12.34439754486084,십,EXACT,OTHER,not_primary_class,False,True,-1.0,OK
FLORES,P2,388,1,2,5,WITHIN_SPLIT_PLACEBO,WITHIN_SPLIT, 식,식사는,0,1.4215660095214844,4,388.0,18.0,True,28927,28927,28927,28927,True,True,True,True,True,125569.0,3.0,-3.181710720062256, 저,EXACT,OTHER,not_primary_class,False,True,-1.0,OK
FLORES,P2,390,4,2,13,WITHIN_SPLIT_PLACEBO,WITHIN_SPLIT, 성,성전을,1,3.5224199295043945,4,390.0,14.0,True,128677,62071,128677,62071,True,True,False,False,True,36055.0,4.0,-2.7961935997009277, 정,EXACT,OTHER,not_primary_class,False,False,0.0,OK
FLORES,P2,397,4,2,13,WITHIN_SPLIT_PLACEBO,WITHIN_SPLIT, 상,상점은,1,2.8556461334228516,3,397.0,1.0,True,58034,35509,58034,35509,True,True,False,False,True,35509.0,2.0,-1.9169461727142334, 가,EXACT,OTHER,not_primary_class,True,False,1.0,OK
FLORES,P2,397,2,3,6,WITHIN_SPLIT_PLACEBO,WITHIN_SPLIT, 요,요리를,0,0.8925893902778625,2,397.0,7.0,True,85997,85997,85997,85997,True,True,True,True,True,65510.0,3.0,-3.122432231903076, 조,EXACT,OTHER,not_primary_class,False,True,-1.0,OK
FLORES,P2,398,5,1,18,WITHIN_SPLIT_PLACEBO,WITHIN_SPLIT,재,목재는,0,0.7009557485580444,3,398.0,16.0,True,57132,57132,57132,57132,True,True,True,True,True,33704.0,2.0,-3.0307536125183105,은,EXACT,OTHER,not_primary_class,False,True,-1.0,OK
FLORES,P2,411,10,3,24,WITHIN_SPLIT_PLACEBO,WITHIN_SPLIT,화,문화를,0,0.015958746895194054,3,411.0,29.0,True,56290,56290,56290,56290,True,True,True,True,True,79632.0,2.0,-6.642496109008789,명,WITHIN_SPLIT,OTHER,no_valid_adjacent_boundary,False,True,-1.0,OK
FLORES,P2,413,1,1,4,WITHIN_SPLIT_PLACEBO,WITHIN_SPLIT, 민,민족의,1,1.7026563882827759,2,413.0,25.0,True,125713,133152,125713,133152,True,True,False,False,True,133152.0,2.0,-1.1311569213867188, 국가,EXACT,OTHER,not_primary_class,True,False,1.0,OK
FLORES,P2,425,8,1,18,WITHIN_SPLIT_PLACEBO,WITHIN_SPLIT, 서,서남부에,1,1.1327518224716187,4,425.0,23.0,True,89860,129624,89860,129624,True,True,False,False,True,126322.0,3.0,-2.4762911796569824, 동,EXACT,OTHER,not_primary_class,False,False,0.0,OK
FLORES,P2,425,12,3,27,WITHIN_SPLIT_PLACEBO,WITHIN_SPLIT,주민,원주민의,0,0.9418763518333435,3,425.0,41.0,True,138533,138533,138533,138533,True,True,True,True,True,54330.0,2.0,-2.1438727378845215,주,WITHIN_SPLIT,OTHER,no_valid_adjacent_boundary,False,True,-1.0,OK
FLORES,P2,432,0,2,1,WITHIN_SPLIT_PLACEBO,WITHIN_SPLIT,날,오늘날에도,0,0.4714251160621643,4,432.0,10.0,True,129378,129378,129378,129378,True,True,True,True,True,47985.0,2.0,-2.9665932655334473,도,EXACT,OTHER,not_primary_class,False,True,-1.0,OK
FLORES,P2,437,7,3,16,WITHIN_SPLIT_PLACEBO,WITHIN_SPLIT, 이미,이미지를,0,1.2563472986221313,2,437.0,17.0,True,90667,90667,90667,90667,True,True,True,True,True,139764.0,2.0,-3.069413900375366, 사진,EXACT,OTHER,not_primary_class,False,True,-1.0,OK
FLORES,P2,445,16,1,36,WITHIN_SPLIT_PLACEBO,WITHIN_SPLIT, 위,위험을,1,1.4124891757965088,1,445.0,24.0,True,45710,128605,45710,128605,True,True,False,False,True,128878.0,2.0,-1.5775532722473145,까지,EXACT,OTHER,not_primary_class,False,False,0.0,OK
FLORES,P2,446,5,1,15,WITHIN_SPLIT_PLACEBO,WITHIN_SPLIT,독,독일은,0,0.0026187701150774956,4,446.0,13.0,True,227,227,227,227,True,True,True,True,True,230.0,2.0,-8.562758445739746,돈,EXACT,OTHER,not_primary_class,False,True,-1.0,OK
FLORES,P2,448,10,1,24,WITHIN_SPLIT_PLACEBO,WITHIN_SPLIT,황,상황을,0,0.010286489501595497,3,448.0,23.0,True,130803,130803,130803,130803,True,True,True,True,True,125746.0,2.0,-7.579185485839844,처,WITHIN_SPLIT,OTHER,no_valid_adjacent_boundary,False,True,-1.0,OK
FLORES,P2,450,6,2,19,WITHIN_SPLIT_PLACEBO,WITHIN_SPLIT, 직,직업에서,0,1.8104894161224365,3,450.0,35.0,True,137351,137351,137351,137351,True,True,True,True,True,19391.0,2.0,-2.5949368476867676,에,EXACT,OTHER,not_primary_class,False,True,-1.0,OK
FLORES,P2,460,6,2,18,WITHIN_SPLIT_PLACEBO,WITHIN_SPLIT,지,무지개의,1,1.252832055091858,5,460.0,16.0,True,21329,77953,21329,77953,True,True,False,False,True,16186.0,3.0,-2.45896053314209,하,EXACT,OTHER,not_primary_class,False,False,0.0,OK
FLORES,P2,461,6,3,13,WITHIN_SPLIT_PLACEBO,WITHIN_SPLIT,대,꼭대기에,0,0.13021665811538696,5,461.0,14.0,True,66845,66845,66845,66845,True,True,True,True,True,21329.0,2.0,-4.504220962524414,지,WITHIN_SPLIT,OTHER,no_valid_adjacent_boundary,False,True,-1.0,OK
FLORES,P2,464,4,1,6,WITHIN_SPLIT_PLACEBO,WITHIN_SPLIT,규,대피규어는,1,3.228924512863159,6,464.0,24.0,True,131005,50340,131005,50340,True,True,False,False,True,20401.0,3.0,-2.3158159255981445,의,EXACT,OTHER,not_primary_class,False,False,0.0,OK
FLORES,P2,466,16,3,45,WITHIN_SPLIT_PLACEBO,WITHIN_SPLIT,드,피라미드가,0,0.08967594057321548,6,466.0,36.0,True,29346,29346,29346,29346,True,True,True,True,True,130083.0,2.0,-4.685544013977051,ッド,EXACT,OTHER,not_primary_class,False,True,-1.0,OK
FLORES,P2,470,13,2,19,WITHIN_SPLIT_PLACEBO,WITHIN_SPLIT, 소,소리를,0,0.6279152631759644,2,470.0,20.0,True,126291,126291,126291,126291,True,True,True,True,True,134952.0,3.0,-4.445565223693848, 목,EXACT,OTHER,not_primary_class,False,True,-1.0,OK
FLORES,P2,470,20,2,42,WITHIN_SPLIT_PLACEBO,WITHIN_SPLIT, 소,소리를,0,3.1264312267303467,2,470.0,43.0,True,126291,126291,126291,126291,True,True,True,True,True,134952.0,2.0,-2.5106582641601562, 목,EXACT,OTHER,not_primary_class,False,True,-1.0,OK
FLORES,P2,470,8,2,10,WITHIN_SPLIT_PLACEBO,WITHIN_SPLIT,이,레이어는,1,2.4128592014312744,5,470.0,46.0,True,12802,128187,12802,128187,True,True,False,False,True,126445.0,2.0,-2.0578603744506836,프,WITHIN_SPLIT,OTHER,no_valid_adjacent_boundary,False,False,0.0,OK
FLORES,P2,471,11,3,27,WITHIN_SPLIT_PLACEBO,WITHIN_SPLIT,크,마크는,0,0.019561994820833206,3,471.0,3.0,True,81133,81133,81133,81133,True,True,True,True,True,144120.0,2.0,-7.173887729644775,킹,WITHIN_SPLIT,OTHER,no_valid_adjacent_boundary,False,True,-1.0,OK
FLORES,P2,471,2,1,5,WITHIN_SPLIT_PLACEBO,WITHIN_SPLIT,크,마크를,0,0.6318093538284302,3,471.0,10.0,True,81133,81133,81133,81133,True,True,True,True,True,144120.0,2.0,-2.481398105621338,킹,WITHIN_SPLIT,OTHER,no_valid_adjacent_boundary,False,True,-1.0,OK
FLORES,P2,471,11,2,26,WITHIN_SPLIT_PLACEBO,WITHIN_SPLIT, 마,마크는,0,0.643423855304718,3,471.0,40.0,True,95577,95577,95577,95577,True,True,True,True,True,139052.0,2.0,-4.400814533233643, 표,EXACT,OTHER,not_primary_class,False,True,-1.0,OK
FLORES,P2,477,19,2,56,WITHIN_SPLIT_PLACEBO,WITHIN_SPLIT,출,지출을,0,0.003649567486718297,3,477.0,59.0,True,69923,69923,69923,69923,True,True,True,True,True,128911.0,2.0,-8.531597137451172,급,WITHIN_SPLIT,OTHER,no_valid_adjacent_boundary,False,True,-1.0,OK
FLORES,P2,480,2,2,4,WITHIN_SPLIT_PLACEBO,WITHIN_SPLIT, 시,시기는,0,0.7433077096939087,2,480.0,5.0,True,44518,44518,44518,44518,True,True,True,True,True,53618.0,2.0,-2.533156633377075, 때,EXACT,OTHER,not_primary_class,False,True,-1.0,OK
FLORES,P2,481,1,1,2,WITHIN_SPLIT_PLACEBO,WITHIN_SPLIT, 중,중세는,0,0.737614631652832,3,481.0,29.0,True,70943,70943,70943,70943,True,True,True,True,True,126402.0,2.0,-3.620448112487793,중,EXACT,OTHER,not_primary_class,False,True,-1.0,OK
FLORES,P2,483,12,2,45,WITHIN_SPLIT_PLACEBO,WITHIN_SPLIT,로,경로를,0,0.1192636638879776,3,483.0,67.0,True,17380,17380,17380,17380,True,True,True,True,True,129321.0,2.0,-3.7125821113586426,향,WITHIN_SPLIT,OTHER,no_valid_adjacent_boundary,False,True,-1.0,OK
FLORES,P2,485,13,1,32,WITHIN_SPLIT_PLACEBO,WITHIN_SPLIT,유,소유의,0,0.04381938278675079,2,485.0,28.0,True,125522,125522,125522,125522,True,True,True,True,True,70582.0,3.0,-6.7555832862854,비,WITHIN_SPLIT,OTHER,no_valid_adjacent_boundary,False,True,-1.0,OK
FLORES,P2,487,3,2,13,WITHIN_SPLIT_PLACEBO,WITHIN_SPLIT,소,요소를,0,0.0014907384756952524,3,487.0,35.0,True,43590,43590,43590,43590,True,True,True,True,True,31328.0,2.0,-10.21886920928955,인,WITHIN_SPLIT,OTHER,no_valid_adjacent_boundary,False,True,-1.0,OK
FLORES,P2,488,15,2,48,WITHIN_SPLIT_PLACEBO,WITHIN_SPLIT, 조,조화를,0,2.000250816345215,3,488.0,43.0,True,65510,65510,65510,65510,True,True,True,True,True,83556.0,2.0,-1.9291996955871582, 일,EXACT,OTHER,not_primary_class,False,True,-1.0,OK
FLORES,P2,488,15,3,49,WITHIN_SPLIT_PLACEBO,WITHIN_SPLIT,화,조화를,0,0.008314397186040878,3,488.0,54.0,True,56290,56290,56290,56290,True,True,True,True,True,132841.0,2.0,-8.95384693145752,율,WITHIN_SPLIT,OTHER,no_valid_adjacent_boundary,False,True,-1.0,OK
FLORES,P2,491,22,2,50,WITHIN_SPLIT_PLACEBO,WITHIN_SPLIT,소,크루소의,0,0.22154715657234192,4,491.0,47.0,True,43590,43590,43590,43590,True,True,True,True,True,55054.0,2.0,-5.24540901184082,사,WITHIN_SPLIT,LEXICAL_TO_LEXICAL,nearest_adjacent_boundary,False,True,-1.0,OK
FLORES,P2,497,1,1,1,WITHIN_SPLIT_PLACEBO,WITHIN_SPLIT,농,농업은,0,0.7125495076179504,5,497.0,9.0,True,228,228,228,228,True,True,True,True,True,45881.0,8.0,-4.785590171813965,라,EXACT,OTHER,not_primary_class,False,True,-1.0,OK
FLORES,P2,500,9,2,26,WITHIN_SPLIT_PLACEBO,WITHIN_SPLIT, 자신,자신감을,1,2.390328884124756,3,500.0,17.0,True,127218,36055,127218,36055,True,True,False,False,True,131823.0,2.0,-2.009533405303955, 자기,EXACT,OTHER,not_primary_class,False,False,0.0,OK
FLORES,P2,694,0,1,0,WITHIN_SPLIT_PLACEBO,WITHIN_SPLIT, 남,남쪽으로는,1,2.0369300842285156,1,515.0,0.0,False,129624,126366,129624,126366,True,True,False,False,True,139963.0,2.0,-1.11742103099823, 북,EXACT,OTHER,not_primary_class,False,False,0.0,OK
FLORES,P2,517,0,2,1,WITHIN_SPLIT_PLACEBO,WITHIN_SPLIT,호,보호자는,0,1.1336779594421387,4,517.0,2.0,True,47324,47324,47324,47324,True,True,True,True,True,126596.0,2.0,-1.0691890716552734,육,WITHIN_SPLIT,OTHER,no_valid_adjacent_boundary,False,True,-1.0,OK
FLORES,P2,517,5,2,14,WITHIN_SPLIT_PLACEBO,WITHIN_SPLIT, 가,가정에서,1,1.7808538675308228,2,517.0,20.0,True,35509,130263,35509,130263,True,True,False,False,True,130263.0,2.0,-1.2933944463729858, 집,EXACT,OTHER,not_primary_class,True,False,1.0,OK
FLORES,P2,520,7,2,20,WITHIN_SPLIT_PLACEBO,WITHIN_SPLIT, 동,동기를,0,1.4352836608886719,3,520.0,21.0,True,126322,126322,126322,126322,True,True,True,True,True,18977.0,2.0,-1.4703705310821533, Mot,EXACT,OTHER,not_primary_class,False,True,-1.0,OK
FLORES,P2,524,7,1,21,WITHIN_SPLIT_PLACEBO,WITHIN_SPLIT,상,손상으로,0,0.2924771308898926,4,524.0,4.0,True,55902,55902,55902,55902,True,True,True,True,True,136854.0,2.0,-2.6126506328582764,상을,CROSS_MORPHEME,NOMINAL_TO_PARTICLE,crossed_boundary,False,True,-1.0,OK
FLORES,P2,527,0,2,1,WITHIN_SPLIT_PLACEBO,WITHIN_SPLIT,이,변이가,0,0.6111479997634888,3,527.0,24.0,True,12802,12802,12802,12802,True,True,True,True,True,132044.0,2.0,-2.651017665863037,이는,CROSS_MORPHEME,NOMINAL_TO_PARTICLE,crossed_boundary,False,True,-1.0,OK
FLORES,P2,533,6,1,13,WITHIN_SPLIT_PLACEBO,WITHIN_SPLIT,날,오늘날처럼,0,0.5519324541091919,2,533.0,12.0,True,129378,129378,129378,129378,True,True,True,True,True,131137.0,2.0,-2.7818808555603027,처럼,EXACT,OTHER,not_primary_class,False,True,-1.0,OK
FLORES,P2,533,11,1,24,WITHIN_SPLIT_PLACEBO,WITHIN_SPLIT,스,채플스와,1,2.761741876602173,5,533.0,47.0,True,24897,12802,24897,12802,True,True,False,False,True,60294.0,2.0,-1.9916338920593262,러,WITHIN_SPLIT,OTHER,no_valid_adjacent_boundary,False,False,0.0,OK
FLORES,P2,611,6,1,24,WITHIN_SPLIT_PLACEBO,WITHIN_SPLIT, 불,불만을,1,1.661489486694336,1,535.0,30.0,False,126488,131978,126488,131978,True,True,False,False,True,73986.0,3.0,-1.9915060997009277, 비,EXACT,OTHER,not_primary_class,False,False,0.0,OK
FLORES,P2,537,22,1,53,WITHIN_SPLIT_PLACEBO,WITHIN_SPLIT,실,수면실을,1,3.0435922145843506,3,537.0,45.0,True,125086,17877,125086,17877,True,True,False,False,True,17877.0,2.0,-1.5020537376403809,을,EXACT,OTHER,not_primary_class,True,False,1.0,OK
FLORES,P2,539,3,2,10,WITHIN_SPLIT_PLACEBO,WITHIN_SPLIT,력,생명력이,0,0.5874462127685547,3,539.0,22.0,True,28754,28754,28754,28754,True,True,True,True,True,135818.0,2.0,-1.8970379829406738,력을,CROSS_MORPHEME,NOMINAL_TO_PARTICLE,crossed_boundary,False,True,-1.0,OK
FLORES,P2,539,8,3,29,WITHIN_SPLIT_PLACEBO,WITHIN_SPLIT,화,평화와,0,1.2502537965774536,4,539.0,41.0,True,56290,56290,56290,56290,True,True,True,True,True,126246.0,2.0,-0.9603877663612366,안,WITHIN_SPLIT,OTHER,no_valid_adjacent_boundary,False,True,-1.0,OK
FLORES,P2,540,1,2,3,WITHIN_SPLIT_PLACEBO,WITHIN_SPLIT,깨,깨달음을,0,0.18092159926891327,4,540.0,1.0,True,101,101,101,101,True,True,True,True,True,232.0,2.0,-3.214265823364258,깊,EXACT,OTHER,not_primary_class,False,True,-1.0,OK
FLORES,P2,540,1,3,4,WITHIN_SPLIT_PLACEBO,WITHIN_SPLIT,달,깨달음을,0,0.519343376159668,4,540.0,5.0,True,129062,129062,129062,129062,True,True,True,True,True,40281.0,2.0,-2.6266043186187744,우,WITHIN_SPLIT,OTHER,no_valid_adjacent_boundary,False,True,-1.0,OK
FLORES,P2,542,4,1,8,WITHIN_SPLIT_PLACEBO,WITHIN_SPLIT, 불,불교는,0,3.230884552001953,3,542.0,16.0,True,126488,126488,126488,126488,True,True,True,True,True,20401.0,2.0,-2.117466926574707,의,EXACT,OTHER,not_primary_class,False,True,-1.0,OK
FLORES,P2,547,5,1,14,WITHIN_SPLIT_PLACEBO,WITHIN_SPLIT, 전,전투를,1,4.238236427307129,4,547.0,0.0,True,56419,28927,56419,28927,True,True,False,False,True,60960.0,2.0,-3.023451805114746, 대,EXACT,OTHER,not_primary_class,False,False,0.0,OK
FLORES,P2,551,6,3,23,WITHIN_SPLIT_PLACEBO,WITHIN_SPLIT,능,능력을,0,0.000449164304882288,3,551.0,24.0,True,98,98,98,98,True,True,True,True,True,246.0,2.0,-10.578161239624023,늘,EXACT,OTHER,not_primary_class,False,True,-1.0,OK
FLORES,P2,551,10,1,32,WITHIN_SPLIT_PLACEBO,WITHIN_SPLIT, 물,물자를,0,0.21088092029094696,2,551.0,27.0,True,133553,133553,133553,133553,True,True,True,True,True,64577.0,2.0,-3.8478105068206787, 자,EXACT,OTHER,not_primary_class,False,True,-1.0,OK
FLORES,P2,551,4,2,15,WITHIN_SPLIT_PLACEBO,WITHIN_SPLIT, 물,물품을,0,1.5538318157196045,2,551.0,33.0,True,133553,133553,133553,133553,True,True,True,True,True,129242.0,2.0,-1.2221778631210327, 재,EXACT,OTHER,not_primary_class,False,True,-1.0,OK
FLORES,P2,551,9,3,30,WITHIN_SPLIT_PLACEBO,WITHIN_SPLIT,구,인구와,0,0.07208064198493958,3,551.0,39.0,True,88259,88259,88259,88259,True,True,True,True,True,125496.0,2.0,-6.929510116577148,민,WITHIN_SPLIT,OTHER,no_valid_adjacent_boundary,False,True,-1.0,OK
FLORES,P2,553,6,1,18,WITHIN_SPLIT_PLACEBO,WITHIN_SPLIT,통,교통을,0,0.2065275013446808,3,553.0,0.0,True,125160,125160,125160,125160,True,True,True,True,True,97929.0,2.0,-4.71926212310791,류,WITHIN_SPLIT,OTHER,no_valid_adjacent_boundary,False,True,-1.0,OK
FLORES,P2,560,15,1,39,WITHIN_SPLIT_PLACEBO,WITHIN_SPLIT,단,상단에,0,0.6730339527130127,3,560.0,56.0,True,125068,125068,125068,125068,True,True,True,True,True,63089.0,2.0,-2.9931185245513916,부,WITHIN_SPLIT,OTHER,no_valid_adjacent_boundary,False,True,-1.0,OK
FLORES,P2,565,25,1,59,WITHIN_SPLIT_PLACEBO,WITHIN_SPLIT, 특,특화가,1,1.7804479598999023,3,565.0,92.0,True,127820,20401,127820,127820,True,False,False,True,False,,,,,,,,,,,MODEL_REPLAY_MISMATCH
FLORES,P2,566,10,1,27,WITHIN_SPLIT_PLACEBO,WITHIN_SPLIT, 고,고통을,0,1.4636226892471313,4,566.0,0.0,True,45130,45130,45130,45130,True,True,True,True,True,126488.0,2.0,-1.9082273244857788, 불,EXACT,OTHER,not_primary_class,False,True,-1.0,OK
FLORES,P2,566,14,1,40,WITHIN_SPLIT_PLACEBO,WITHIN_SPLIT,가,활동가로,0,0.559319257736206,4,566.0,14.0,True,19969,19969,19969,19969,True,True,True,True,True,25715.0,2.0,-3.7936413288116455,자,EXACT,OTHER,not_primary_class,False,True,-1.0,OK
FLORES,P2,567,12,1,34,WITHIN_SPLIT_PLACEBO,WITHIN_SPLIT,본,근본을,0,0.7808887958526611,3,567.0,16.0,True,125822,125822,125822,125822,True,True,True,True,True,54321.0,2.0,-0.9700368642807007,원,WITHIN_SPLIT,OTHER,no_valid_adjacent_boundary,False,True,-1.0,OK
FLORES,P2,568,12,1,38,WITHIN_SPLIT_PLACEBO,WITHIN_SPLIT,식,방식으로,0,0.0019019856117665768,3,568.0,49.0,True,76337,76337,76337,76337,True,True,True,True,True,23259.0,2.0,-9.718903541564941,수,WITHIN_SPLIT,OTHER,no_valid_adjacent_boundary,False,True,-1.0,OK
FLORES,P2,572,9,2,33,WITHIN_SPLIT_PLACEBO,WITHIN_SPLIT,욕,뉴욕의,0,0.22291122376918793,5,572.0,1.0,True,138081,138081,138081,138081,True,True,True,True,True,126781.0,2.0,-4.096471786499023,저,WITHIN_SPLIT,OTHER,no_valid_adjacent_boundary,False,True,-1.0,OK
FLORES,P2,573,11,2,28,WITHIN_SPLIT_PLACEBO,WITHIN_SPLIT, 원,원본은,0,0.9056268930435181,2,573.0,15.0,True,129093,129093,129093,129093,True,True,True,True,True,54116.0,2.0,-4.521113395690918, 기,EXACT,OTHER,not_primary_class,False,True,-1.0,OK
FLORES,P2,574,4,1,10,WITHIN_SPLIT_PLACEBO,WITHIN_SPLIT, 그,그룹의,1,1.3356629610061646,3,574.0,21.0,True,54825,98358,54825,98358,True,True,False,False,True,98358.0,2.0,-1.5873446464538574, 종,EXACT,OTHER,not_primary_class,True,False,1.0,OK
FLORES,P2,574,8,1,15,WITHIN_SPLIT_PLACEBO,WITHIN_SPLIT,이,거북이가,0,0.7963448762893677,4,574.0,27.0,True,12802,12802,12802,12802,True,True,True,True,True,126253.0,2.0,-2.24287748336792,들이,CROSS_MORPHEME,OTHER,crossed_boundary,False,True,-1.0,OK
FLORES,P2,581,3,2,10,WITHIN_SPLIT_PLACEBO,WITHIN_SPLIT,후,징후는,0,0.3130924701690674,4,581.0,32.0,True,127033,127033,127033,127033,True,True,True,True,True,126414.0,2.0,-3.619083881378174,표,WITHIN_SPLIT,OTHER,no_valid_adjacent_boundary,False,True,-1.0,OK
FLORES,P2,588,6,1,16,WITHIN_SPLIT_PLACEBO,WITHIN_SPLIT,률,확률로,0,0.004816577769815922,3,588.0,23.0,True,127834,127834,127834,127834,True,True,True,True,True,132841.0,2.0,-8.141091346740723,율,EXACT,OTHER,not_primary_class,False,True,-1.0,OK
FLORES,P2,589,2,2,4,WITHIN_SPLIT_PLACEBO,WITHIN_SPLIT,녀,자녀의,0,0.3814504146575928,3,589.0,16.0,True,132751,132751,132751,132751,True,True,True,True,True,76337.0,2.0,-2.387755870819092,식,WITHIN_SPLIT,OTHER,no_valid_adjacent_boundary,False,True,-1.0,OK
FLORES,P2,591,17,1,37,WITHIN_SPLIT_PLACEBO,WITHIN_SPLIT, 권,권리를,0,0.9485634565353394,2,591.0,38.0,True,142452,142452,142452,142452,True,True,True,True,True,142453.0,2.0,-1.1997549533843994, 권리,EXACT,OTHER,not_primary_class,False,True,-1.0,OK
FLORES,P2,593,6,2,10,WITHIN_SPLIT_PLACEBO,WITHIN_SPLIT, 한국,한국어로,0,1.5384504795074463,3,593.0,9.0,True,130092,130092,130092,130092,True,True,True,True,True,730.0,3.0,-3.25807523727417, K,EXACT,OTHER,not_primary_class,False,True,-1.0,OK
FLORES,P2,594,3,1,7,WITHIN_SPLIT_PLACEBO,WITHIN_SPLIT,학,철학자는,0,0.003092126687988639,5,594.0,8.0,True,124632,124632,124632,124632,True,True,True,True,True,127194.0,2.0,-9.843996047973633,학교,WITHIN_SPLIT,OTHER,no_valid_adjacent_boundary,False,True,-1.0,OK
FLORES,P2,595,3,2,11,WITHIN_SPLIT_PLACEBO,WITHIN_SPLIT,레,아리스토텔레스가,0,0.3848440945148468,8+,595.0,3.0,True,126673,126673,126673,126673,True,True,True,True,True,60294.0,2.0,-3.2656240463256836,러,WITHIN_SPLIT,OTHER,no_valid_adjacent_boundary,False,True,-1.0,OK
FLORES,P2,598,3,1,12,WITHIN_SPLIT_PLACEBO,WITHIN_SPLIT, 신,신호에,1,0.9901845455169678,3,598.0,23.0,True,128753,64577,128753,64577,True,True,False,False,True,64577.0,2.0,-2.641449451446533, 자,EXACT,OTHER,not_primary_class,True,False,1.0,OK
FLORES,P2,605,13,2,39,WITHIN_SPLIT_PLACEBO,WITHIN_SPLIT,물,동물의,0,0.10531501471996307,2,605.0,54.0,True,126251,126251,126251,126251,True,True,True,True,True,137075.0,2.0,-4.486780643463135,물을,CROSS_MORPHEME,NOMINAL_TO_PARTICLE,crossed_boundary,False,True,-1.0,OK
FLORES,P2,609,11,1,22,WITHIN_SPLIT_PLACEBO,WITHIN_SPLIT, 기,기반의,1,2.1418826580047607,2,609.0,11.0,True,54116,131837,54116,131837,True,True,False,False,True,131837.0,2.0,-1.6292150020599365,량,WITHIN_SPLIT,OTHER,no_valid_adjacent_boundary,True,False,1.0,OK
FLORES,P2,610,7,2,18,WITHIN_SPLIT_PLACEBO,WITHIN_SPLIT,화,진화를,0,0.005877014249563217,3,610.0,45.0,True,56290,56290,56290,56290,True,True,True,True,True,105302.0,2.0,-9.53173542022705,化的,EXACT,OTHER,not_primary_class,False,True,-1.0,OK
FLORES,P2,611,2,2,9,WITHIN_SPLIT_PLACEBO,WITHIN_SPLIT,스,시스템을,0,0.018291661515831947,4,611.0,1.0,True,24897,24897,24897,24897,True,True,True,True,True,125624.0,2.0,-6.033775806427002,설,WITHIN_SPLIT,OTHER,no_valid_adjacent_boundary,False,True,-1.0,OK
FLORES,P2,611,7,2,26,WITHIN_SPLIT_PLACEBO,WITHIN_SPLIT,만,불만을,1,0.7602587938308716,4,611.0,17.0,True,72553,126742,72553,126742,True,True,False,False,True,126742.0,2.0,-1.1345891952514648,평,WITHIN_SPLIT,OTHER,no_valid_adjacent_boundary,True,False,1.0,OK
FLORES,P2,614,1,2,4,WITHIN_SPLIT_PLACEBO,WITHIN_SPLIT,흐,흐름은,0,0.0012179968180134892,5,614.0,38.0,True,238,238,238,238,True,True,True,True,True,246.0,2.0,-9.218863487243652,흘,EXACT,OTHER,not_primary_class,False,True,-1.0,OK
FLORES,P2,615,3,2,10,WITHIN_SPLIT_PLACEBO,WITHIN_SPLIT,름,흐름을,0,0.0033091288059949875,5,615.0,14.0,True,63154,63154,63154,63154,True,True,True,True,True,125548.0,3.0,-10.01591968536377,르,WITHIN_SPLIT,OTHER,no_valid_adjacent_boundary,False,True,-1.0,OK
FLORES,P2,615,3,1,9,WITHIN_SPLIT_PLACEBO,WITHIN_SPLIT,흐,흐름을,0,0.0003395153034944087,5,615.0,17.0,True,238,238,238,238,True,True,True,True,True,246.0,2.0,-10.609402656555176,흘,EXACT,OTHER,not_primary_class,False,True,-1.0,OK
FLORES,P2,238,7,1,14,WITHIN_SPLIT_PLACEBO,WITHIN_SPLIT, 센,센서를,1,0.29370254278182983,1,615.0,34.0,False,27767,129419,27767,129419,True,True,False,False,True,141767.0,2.0,-5.006330490112305, 스,EXACT,OTHER,not_primary_class,False,False,0.0,OK
FLORES,P2,616,3,1,6,WITHIN_SPLIT_PLACEBO,WITHIN_SPLIT,전,운전자는,0,0.7495462894439697,3,616.0,7.0,True,65865,65865,65865,65865,True,True,True,True,True,134064.0,2.0,-0.919308066368103,전자,WITHIN_SPLIT,OTHER,no_valid_adjacent_boundary,False,True,-1.0,OK
FLORES,P2,617,15,1,46,WITHIN_SPLIT_PLACEBO,WITHIN_SPLIT,계,관계가,0,0.003362193936482072,3,617.0,41.0,True,124781,124781,124781,124781,True,True,True,True,True,28002.0,2.0,-9.859647750854492,리,WITHIN_SPLIT,OTHER,no_valid_adjacent_boundary,False,True,-1.0,OK
FLORES,P2,620,4,2,11,WITHIN_SPLIT_PLACEBO,WITHIN_SPLIT,날,날개를,0,0.03418073058128357,4,620.0,19.0,True,254,254,254,254,True,True,True,True,True,106.0,3.0,-6.941438674926758,낮,EXACT,OTHER,not_primary_class,False,True,-1.0,OK
FLORES,P2,623,8,1,24,WITHIN_SPLIT_PLACEBO,WITHIN_SPLIT,위,주위를,0,0.2798912525177002,3,623.0,19.0,True,80901,80901,80901,80901,True,True,True,True,True,126667.0,2.0,-2.713805675506592,변,WITHIN_SPLIT,OTHER,no_valid_adjacent_boundary,False,True,-1.0,OK
FLORES,P2,624,20,2,63,WITHIN_SPLIT_PLACEBO,WITHIN_SPLIT,구,지구를,0,0.10262598842382431,3,624.0,57.0,True,88259,88259,88259,88259,True,True,True,True,True,63154.0,2.0,-6.1518235206604,름,WITHIN_SPLIT,OTHER,no_valid_adjacent_boundary,False,True,-1.0,OK
FLORES,P2,624,25,2,76,WITHIN_SPLIT_PLACEBO,WITHIN_SPLIT,양,(태양과,0,0.03367014229297638,4,624.0,72.0,True,126345,126345,126345,126345,True,True,True,True,True,132618.0,2.0,-8.50300121307373,초,WITHIN_SPLIT,OTHER,nearest_adjacent_boundary,False,True,-1.0,OK
FLORES,P2,631,9,1,23,WITHIN_SPLIT_PLACEBO,WITHIN_SPLIT,적,유적지를,0,1.4488319158554077,3,631.0,24.0,True,80968,80968,80968,80968,True,True,True,True,True,126251.0,2.0,-1.2818187475204468,물,WITHIN_SPLIT,OTHER,no_valid_adjacent_boundary,False,True,-1.0,OK
FLORES,P2,632,8,1,27,WITHIN_SPLIT_PLACEBO,WITHIN_SPLIT, 인,인구가,0,0.758682131767273,3,632.0,18.0,True,58677,58677,58677,58677,True,True,True,True,True,11.0,2.0,-2.1676671504974365,",",EXACT,OTHER,not_primary_class,False,True,-1.0,OK
FLORES,P2,637,3,2,13,WITHIN_SPLIT_PLACEBO,WITHIN_SPLIT,자,"철학자로,",0,0.41810643672943115,6,637.0,22.0,True,25715,25715,25715,25715,True,True,True,True,True,130427.0,2.0,-2.410008192062378,자가,CROSS_MORPHEME,NOMINAL_TO_PARTICLE,crossed_boundary,False,True,-1.0,OK
FLORES,P2,638,13,2,42,WITHIN_SPLIT_PLACEBO,WITHIN_SPLIT,질,물질로,0,0.008502455428242683,3,638.0,40.0,True,128732,128732,128732,128732,True,True,True,True,True,28002.0,2.0,-8.0321044921875,리,WITHIN_SPLIT,OTHER,no_valid_adjacent_boundary,False,True,-1.0,OK
FLORES,P2,638,13,1,41,WITHIN_SPLIT_PLACEBO,WITHIN_SPLIT, 물,물질로,0,1.5092445611953735,3,638.0,46.0,True,133553,133553,133553,133553,True,True,True,True,True,128677.0,2.0,-2.276172637939453, 성,EXACT,OTHER,not_primary_class,False,True,-1.0,OK
FLORES,P2,638,1,2,2,WITHIN_SPLIT_PLACEBO,WITHIN_SPLIT,질,물질의,0,0.22645357251167297,3,638.0,49.0,True,128732,128732,128732,128732,True,True,True,True,True,28002.0,2.0,-4.289597034454346,리,WITHIN_SPLIT,OTHER,no_valid_adjacent_boundary,False,True,-1.0,OK
FLORES,P2,638,4,1,10,WITHIN_SPLIT_PLACEBO,WITHIN_SPLIT,서,상태(순서대로)인,0,0.033949702978134155,7,638.0,53.0,True,26698,26698,26698,26698,True,True,True,True,True,42039.0,2.0,-5.957303047180176,으로,EXACT,OTHER,not_primary_class,False,True,-1.0,OK
FLORES,P2,639,8,1,27,WITHIN_SPLIT_PLACEBO,WITHIN_SPLIT,소,원소가,0,0.1025770828127861,3,639.0,30.0,True,43590,43590,43590,43590,True,True,True,True,True,130427.0,2.0,-4.112562656402588,자가,CROSS_MORPHEME,NOMINAL_TO_PARTICLE,crossed_boundary,False,True,-1.0,OK
FLORES,P2,642,0,2,1,WITHIN_SPLIT_PLACEBO,WITHIN_SPLIT,주,우주에,0,0.6625188589096069,3,642.0,5.0,True,54330,54330,54330,54330,True,True,True,True,True,130788.0,2.0,-1.8220731019973755,주의,CROSS_MORPHEME,NOMINAL_TO_PARTICLE,crossed_boundary,False,True,-1.0,OK
FLORES,P2,643,2,2,5,WITHIN_SPLIT_PLACEBO,WITHIN_SPLIT,장,문장의,0,0.42624470591545105,3,643.0,1.0,True,40853,40853,40853,40853,True,True,True,True,True,125068.0,2.0,-2.714963912963867,단,WITHIN_SPLIT,OTHER,no_valid_adjacent_boundary,False,True,-1.0,OK
FLORES,P2,646,3,3,8,WITHIN_SPLIT_PLACEBO,WITHIN_SPLIT,시,메시지를,0,0.459547221660614,3,646.0,9.0,True,29326,29326,29326,29326,True,True,True,True,True,41429.0,2.0,-2.099900484085083,세,WITHIN_SPLIT,OTHER,no_valid_adjacent_boundary,False,True,-1.0,OK
FLORES,P2,648,4,3,12,WITHIN_SPLIT_PLACEBO,WITHIN_SPLIT,자,양성자와,0,0.8583474159240723,5,648.0,16.0,True,25715,25715,25715,25715,True,True,True,True,True,130427.0,2.0,-2.572449207305908,자가,CROSS_MORPHEME,NOMINAL_TO_PARTICLE,crossed_boundary,False,True,-1.0,OK
FLORES,P2,648,5,2,15,WITHIN_SPLIT_PLACEBO,WITHIN_SPLIT,성,중성자를,0,0.019721418619155884,3,648.0,29.0,True,32831,32831,32831,32831,True,True,True,True,True,28754.0,2.0,-7.580175876617432,력,WITHIN_SPLIT,OTHER,no_valid_adjacent_boundary,False,True,-1.0,OK
FLORES,P2,649,0,2,1,WITHIN_SPLIT_PLACEBO,WITHIN_SPLIT,약,약간은,0,0.019608842208981514,4,649.0,31.0,True,121,121,121,121,True,True,True,True,True,254.0,2.0,-6.5335307121276855,애,EXACT,OTHER,not_primary_class,False,True,-1.0,OK
FLORES,P2,654,13,1,30,WITHIN_SPLIT_PLACEBO,WITHIN_SPLIT,도,빈도가,1,3.5013327598571777,5,654.0,45.0,True,47985,69923,47985,69923,True,True,False,False,True,144621.0,2.0,-2.233663558959961,틈,WITHIN_SPLIT,OTHER,no_valid_adjacent_boundary,False,False,0.0,OK
FLORES,P2,655,0,2,1,WITHIN_SPLIT_PLACEBO,WITHIN_SPLIT, 이,이론은,0,0.8896400928497314,3,655.0,7.0,True,23084,23084,23084,23084,True,True,True,True,True,126605.0,2.0,-1.6099046468734741,론,EXACT,OTHER,not_primary_class,False,True,-1.0,OK
FLORES,P2,655,7,2,19,WITHIN_SPLIT_PLACEBO,WITHIN_SPLIT, 중,중점을,0,0.9811756610870361,2,655.0,14.0,True,70943,70943,70943,70943,True,True,True,True,True,83315.0,2.0,-1.1319866180419922, 초,EXACT,OTHER,not_primary_class,False,True,-1.0,OK
FLORES,P2,655,0,3,2,WITHIN_SPLIT_PLACEBO,WITHIN_SPLIT,론,이론은,0,0.0007846415392123163,3,655.0,17.0,True,126605,126605,126605,126605,True,True,True,True,True,128061.0,2.0,-10.343812942504883,념,WITHIN_SPLIT,OTHER,no_valid_adjacent_boundary,False,True,-1.0,OK
FLORES,P2,139,9,3,24,WITHIN_SPLIT_PLACEBO,WITHIN_SPLIT,물,동물의,0,0.14843422174453735,2,655.0,20.0,False,126251,126251,126251,126251,True,True,True,True,True,76337.0,2.0,-3.778562545776367,식,EXACT,OTHER,not_primary_class,False,True,-1.0,OK
FLORES,P2,657,15,1,33,WITHIN_SPLIT_PLACEBO,WITHIN_SPLIT,향,영향을,0,0.0018559291493147612,3,657.0,30.0,True,129321,129321,129321,129321,True,True,True,True,True,129567.0,2.0,-9.390778541564941,감,WITHIN_SPLIT,OTHER,no_valid_adjacent_boundary,False,True,-1.0,OK
FLORES,P2,659,16,2,53,WITHIN_SPLIT_PLACEBO,WITHIN_SPLIT,리,관리자가,0,0.07969982922077179,3,659.0,54.0,True,28002,28002,28002,28002,True,True,True,True,True,132920.0,2.0,-5.5267109870910645,리는,CROSS_MORPHEME,NOMINAL_TO_PARTICLE,crossed_boundary,False,True,-1.0,OK
FLORES,P2,660,1,1,2,WITHIN_SPLIT_PLACEBO,WITHIN_SPLIT,류,종류의,0,0.003986720461398363,3,660.0,6.0,True,97929,97929,97929,97929,True,True,True,True,True,87608.0,3.0,-9.953466415405273,목,WITHIN_SPLIT,OTHER,no_valid_adjacent_boundary,False,True,-1.0,OK
FLORES,P2,661,8,3,23,WITHIN_SPLIT_PLACEBO,WITHIN_SPLIT,녀,그녀가,0,0.10082657635211945,3,661.0,7.0,True,132751,132751,132751,132751,True,True,True,True,True,19969.0,2.0,-4.577847003936768,가,EXACT,OTHER,not_primary_class,False,True,-1.0,OK
FLORES,P2,661,8,2,22,WITHIN_SPLIT_PLACEBO,WITHIN_SPLIT, 그,그녀가,0,2.021620273590088,3,661.0,32.0,True,54825,54825,54825,54825,True,True,True,True,True,83518.0,2.0,-2.084987163543701, 여,EXACT,OTHER,not_primary_class,False,True,-1.0,OK
FLORES,P2,383,10,3,30,WITHIN_SPLIT_PLACEBO,WITHIN_SPLIT,술,입술의,1,2.7431857585906982,2,661.0,36.0,False,125880,95170,125880,95170,True,True,False,False,True,20401.0,2.0,-1.9931968450546265,의,EXACT,OTHER,not_primary_class,False,False,0.0,OK
FLORES,P2,714,10,2,31,WITHIN_SPLIT_PLACEBO,WITHIN_SPLIT, 도,도시의,1,2.6707780361175537,1,661.0,38.0,False,129392,44518,129392,44518,True,True,False,False,True,479.0,2.0,-2.4312903881073, G,EXACT,OTHER,not_primary_class,False,False,0.0,OK
FLORES,P2,121,17,2,42,WITHIN_SPLIT_PLACEBO,WITHIN_SPLIT,북,기네스북에,1,2.4597415924072266,1,661.0,42.0,False,131226,133196,131226,133196,True,True,False,False,True,139963.0,3.0,-2.1921939849853516, 북,EXACT,OTHER,not_primary_class,False,False,0.0,OK
FLORES,P2,671,2,2,6,WITHIN_SPLIT_PLACEBO,WITHIN_SPLIT,애,장애물을,0,0.09620437026023865,3,671.0,7.0,True,126898,126898,126898,126898,True,True,True,True,True,141479.0,2.0,-4.034027099609375,벽,WITHIN_SPLIT,OTHER,no_valid_adjacent_boundary,False,True,-1.0,OK
FLORES,P2,678,2,2,8,WITHIN_SPLIT_PLACEBO,WITHIN_SPLIT,료,자료를,0,0.10946615040302277,3,678.0,2.0,True,63256,63256,63256,63256,True,True,True,True,True,54321.0,2.0,-4.113457202911377,원,WITHIN_SPLIT,OTHER,no_valid_adjacent_boundary,False,True,-1.0,OK
FLORES,P2,678,8,2,22,WITHIN_SPLIT_PLACEBO,WITHIN_SPLIT,정,과정을,0,0.03327569365501404,4,678.0,12.0,True,29281,29281,29281,29281,True,True,True,True,True,37087.0,2.0,-6.73823881149292,제,WITHIN_SPLIT,OTHER,no_valid_adjacent_boundary,False,True,-1.0,OK
FLORES,P2,678,7,1,18,WITHIN_SPLIT_PLACEBO,WITHIN_SPLIT,속,머릿속에서의,0,0.1525319218635559,5,678.0,13.0,True,126299,126299,126299,126299,True,True,True,True,True,19391.0,3.0,-8.988323211669922,에,EXACT,OTHER,not_primary_class,False,True,-1.0,OK
FLORES,P2,678,2,1,7,WITHIN_SPLIT_PLACEBO,WITHIN_SPLIT, 자,자료를,0,0.19529470801353455,3,678.0,15.0,True,64577,64577,64577,64577,True,True,True,True,True,129242.0,2.0,-3.8293190002441406, 재,EXACT,OTHER,not_primary_class,False,True,-1.0,OK
FLORES,P2,680,1,3,6,WITHIN_SPLIT_PLACEBO,WITHIN_SPLIT,능,인공지능을,0,0.022645100951194763,4,680.0,26.0,True,66019,66019,66019,66019,True,True,True,True,True,128732.0,2.0,-7.963038921356201,질,WITHIN_SPLIT,OTHER,no_valid_adjacent_boundary,False,True,-1.0,OK
FLORES,P2,688,3,2,13,WITHIN_SPLIT_PLACEBO,WITHIN_SPLIT,능,능력을,0,0.002976255025714636,3,688.0,14.0,True,98,98,98,98,True,True,True,True,True,246.0,2.0,-8.234682083129883,늘,EXACT,OTHER,not_primary_class,False,True,-1.0,OK
FLORES,P2,690,1,2,3,WITHIN_SPLIT_PLACEBO,WITHIN_SPLIT,블,블로그를,0,0.0012081281747668982,5,690.0,8.0,True,242,242,242,242,True,True,True,True,True,234.0,2.0,-9.093867301940918,브,EXACT,OTHER,not_primary_class,False,True,-1.0,OK
FLORES,P2,690,20,2,58,WITHIN_SPLIT_PLACEBO,WITHIN_SPLIT, 사,사고를,1,3.9794650077819824,2,690.0,42.0,True,32129,131522,32129,131522,True,True,False,False,True,127820.0,4.0,-2.932882785797119, 특,EXACT,OTHER,not_primary_class,False,False,0.0,OK
FLORES,P2,692,12,1,36,WITHIN_SPLIT_PLACEBO,WITHIN_SPLIT, 자,자료에,0,0.7533799409866333,3,692.0,57.0,True,64577,64577,64577,64577,True,True,True,True,True,20401.0,2.0,-3.874749183654785,의,EXACT,OTHER,not_primary_class,False,True,-1.0,OK
FLORES,P2,692,12,2,37,WITHIN_SPLIT_PLACEBO,WITHIN_SPLIT,료,자료에,0,0.085023894906044,3,692.0,67.0,True,63256,63256,63256,63256,True,True,True,True,True,54321.0,2.0,-4.203307628631592,원,WITHIN_SPLIT,OTHER,no_valid_adjacent_boundary,False,True,-1.0,OK
FLORES,P2,692,22,1,68,WITHIN_SPLIT_PLACEBO,WITHIN_SPLIT, 시,시각을,1,2.044938564300537,2,692.0,69.0,True,44518,92751,44518,92751,True,True,False,False,True,92751.0,2.0,-1.2981016635894775, 관,EXACT,OTHER,not_primary_class,True,False,1.0,OK
FLORES,P2,693,1,1,1,WITHIN_SPLIT_PLACEBO,WITHIN_SPLIT,타,오타와는,0,1.4732649326324463,5,693.0,49.0,True,225,225,225,225,True,True,True,True,True,74209.0,11.0,-5.537420272827148,후,WITHIN_SPLIT,OTHER,no_valid_adjacent_boundary,False,True,-1.0,OK
FLORES,P2,697,3,1,9,WITHIN_SPLIT_PLACEBO,WITHIN_SPLIT, 미국,미국인의,0,0.053933169692754745,3,697.0,24.0,True,132662,132662,132662,132662,True,True,True,True,True,124889.0,2.0,-6.521529674530029, 사람,EXACT,OTHER,not_primary_class,False,True,-1.0,OK
FLORES,P2,937,7,1,21,WITHIN_SPLIT_PLACEBO,WITHIN_SPLIT, 목적,목적지에,0,2.5205349922180176,3,700.0,19.0,False,134953,134953,134953,134953,True,True,True,True,True,129392.0,2.0,-1.3447805643081665, 도,EXACT,OTHER,not_primary_class,False,True,-1.0,OK
FLORES,P2,704,4,1,12,WITHIN_SPLIT_PLACEBO,WITHIN_SPLIT,부,여부와,0,0.005616736598312855,3,704.0,20.0,True,63089,63089,63089,63089,True,True,True,True,True,82528.0,2.0,-8.344254493713379,신,WITHIN_SPLIT,OTHER,no_valid_adjacent_boundary,False,True,-1.0,OK
FLORES,P2,180,8,1,19,WITHIN_SPLIT_PLACEBO,WITHIN_SPLIT, 결,결승전이,1,1.429549217224121,1,704.0,23.0,False,82619,140887,82619,140887,True,True,False,False,True,140887.0,2.0,-1.1732099056243896, 마지막,EXACT,OTHER,not_primary_class,True,False,1.0,OK
FLORES,P2,705,7,1,12,WITHIN_SPLIT_PLACEBO,WITHIN_SPLIT,석,보석을,0,0.26669538021087646,3,705.0,5.0,True,129150,129150,129150,129150,True,True,True,True,True,124780.0,2.0,-4.2866530418396,관,WITHIN_SPLIT,OTHER,no_valid_adjacent_boundary,False,True,-1.0,OK
FLORES,P2,706,1,2,5,WITHIN_SPLIT_PLACEBO,WITHIN_SPLIT, 차,차이가,0,0.10150643438100815,3,706.0,1.0,True,129882,129882,129882,129882,True,True,True,True,True,135391.0,2.0,-5.2627363204956055, 다양,EXACT,OTHER,not_primary_class,False,True,-1.0,OK
FLORES,P2,707,10,1,26,WITHIN_SPLIT_PLACEBO,WITHIN_SPLIT,이,차이가,0,0.2797028422355652,3,707.0,38.0,True,12802,12802,12802,12802,True,True,True,True,True,132044.0,3.0,-4.435249328613281,이는,CROSS_MORPHEME,NOMINAL_TO_PARTICLE,crossed_boundary,False,True,-1.0,OK
FLORES,P2,709,5,2,16,WITHIN_SPLIT_PLACEBO,WITHIN_SPLIT, 지,지진으로,0,2.0159354209899902,2,709.0,6.0,True,66790,66790,66790,66790,True,True,True,True,True,19391.0,2.0,-1.0378042459487915,에,EXACT,OTHER,not_primary_class,False,True,-1.0,OK
FLORES,P2,714,12,1,33,WITHIN_SPLIT_PLACEBO,WITHIN_SPLIT,부,중심부의,0,1.0106990337371826,3,714.0,40.0,True,63089,63089,63089,63089,True,True,True,True,True,21329.0,2.0,-2.1116082668304443,지,WITHIN_SPLIT,OTHER,no_valid_adjacent_boundary,False,True,-1.0,OK
FLORES,P2,719,2,1,6,WITHIN_SPLIT_PLACEBO,WITHIN_SPLIT,투,티무투크는,1,2.2946510314941406,7,719.0,19.0,True,129924,141571,129924,141571,True,True,False,False,True,63089.0,2.0,-2.3038980960845947,부,WITHIN_SPLIT,OTHER,no_valid_adjacent_boundary,False,False,0.0,OK
FLORES,P2,727,9,2,25,WITHIN_SPLIT_PLACEBO,WITHIN_SPLIT,국,공화국의,0,0.017594479024410248,4,727.0,7.0,True,124785,124785,124785,124785,True,True,True,True,True,124973.0,2.0,-7.775115013122559, 국,EXACT,OTHER,not_primary_class,False,True,-1.0,OK
FLORES,P2,732,5,1,12,WITHIN_SPLIT_PLACEBO,WITHIN_SPLIT, 소,소유로,1,3.530019760131836,1,732.0,10.0,True,126291,132091,126291,132091,True,True,False,False,True,126440.0,2.0,-2.1382503509521484, 영,EXACT,OTHER,not_primary_class,False,False,0.0,OK
FLORES,P2,732,1,1,4,WITHIN_SPLIT_PLACEBO,WITHIN_SPLIT,국,영국의,0,0.09960747510194778,2,732.0,11.0,True,124785,124785,124785,124785,True,True,True,True,True,31079.0,2.0,-5.729764461517334,어,WITHIN_SPLIT,OTHER,no_valid_adjacent_boundary,False,True,-1.0,OK
FLORES,P2,732,2,3,8,WITHIN_SPLIT_PLACEBO,WITHIN_SPLIT,지,식민지가,0,1.5124856233596802,5,732.0,42.0,True,21329,21329,21329,21329,True,True,True,True,True,25715.0,2.0,-1.1096909046173096,자,EXACT,OTHER,not_primary_class,False,True,-1.0,OK
FLORES,P2,739,3,1,3,WITHIN_SPLIT_PLACEBO,WITHIN_SPLIT,스,버스가,0,0.012816444039344788,3,739.0,24.0,True,24897,24897,24897,24897,True,True,True,True,True,29326.0,3.0,-9.321535110473633,시,WITHIN_SPLIT,OTHER,no_valid_adjacent_boundary,False,True,-1.0,OK
FLORES,P2,743,14,1,47,WITHIN_SPLIT_PLACEBO,WITHIN_SPLIT,선,차선이,1,1.3248507976531982,3,743.0,24.0,True,125519,17380,125519,17380,True,True,False,False,True,17380.0,2.0,-1.1701430082321167,로,EXACT,OTHER,not_primary_class,True,False,1.0,OK
FLORES,P2,753,4,3,14,WITHIN_SPLIT_PLACEBO,WITHIN_SPLIT, 경,경기가,0,1.6921128034591675,2,753.0,15.0,True,43115,43115,43115,43115,True,True,True,True,True,60960.0,2.0,-1.6200562715530396, 대,EXACT,OTHER,not_primary_class,False,True,-1.0,OK
FLORES,P2,756,13,1,27,WITHIN_SPLIT_PLACEBO,WITHIN_SPLIT,화,화폐를,0,0.2878088653087616,4,756.0,24.0,True,242,242,242,242,True,True,True,True,True,246.0,2.0,-2.6853320598602295,환,EXACT,OTHER,not_primary_class,False,True,-1.0,OK
FLORES,P2,759,9,2,21,WITHIN_SPLIT_PLACEBO,WITHIN_SPLIT,폐,화폐를,0,0.006111405789852142,4,759.0,32.0,True,136203,136203,136203,136203,True,True,True,True,True,65865.0,2.0,-8.844259262084961,전,WITHIN_SPLIT,OTHER,no_valid_adjacent_boundary,False,True,-1.0,OK
FLORES,P2,767,5,1,18,WITHIN_SPLIT_PLACEBO,WITHIN_SPLIT, 부,부상을,0,2.7984230518341064,2,767.0,19.0,True,85403,85403,85403,85403,True,True,True,True,True,26698.0,3.0,-2.821492910385132,서,WITHIN_SPLIT,PREDICATE_TO_ENDING,nearest_adjacent_boundary,False,True,-1.0,OK
FLORES,P2,768,6,1,20,WITHIN_SPLIT_PLACEBO,WITHIN_SPLIT,향,향기로,0,0.517966091632843,4,768.0,17.0,True,244,244,244,244,True,True,True,True,True,92120.0,10.0,-8.331441879272461,키,EXACT,OTHER,not_primary_class,False,True,-1.0,OK
FLORES,P2,779,1,1,4,WITHIN_SPLIT_PLACEBO,WITHIN_SPLIT,맥,맥주는,0,0.04809475690126419,3,779.0,5.0,True,98,98,98,98,True,True,True,True,True,231.0,2.0,-5.319611072540283,막,EXACT,OTHER,not_primary_class,False,True,-1.0,OK
FLORES,P2,779,10,1,34,WITHIN_SPLIT_PLACEBO,WITHIN_SPLIT,맥,맥주는,0,0.00013828263035975397,3,779.0,35.0,True,98,98,98,98,True,True,True,True,True,249.0,2.0,-11.57813549041748,맛,EXACT,OTHER,not_primary_class,False,True,-1.0,OK
FLORES,P2,788,13,2,31,WITHIN_SPLIT_PLACEBO,WITHIN_SPLIT, 북,북쪽의,0,1.120534896850586,3,788.0,7.0,True,139963,139963,139963,139963,True,True,True,True,True,129624.0,2.0,-2.464282989501953, 남,EXACT,OTHER,not_primary_class,False,True,-1.0,OK
FLORES,P2,788,11,1,24,WITHIN_SPLIT_PLACEBO,WITHIN_SPLIT,식,서식지는,0,0.0030370226595550776,3,788.0,25.0,True,76337,76337,76337,76337,True,True,True,True,True,28002.0,2.0,-10.008050918579102,리,WITHIN_SPLIT,OTHER,no_valid_adjacent_boundary,False,True,-1.0,OK
FLORES,P2,789,2,1,6,WITHIN_SPLIT_PLACEBO,WITHIN_SPLIT, 여행,여행자가,0,1.11627197265625,2,789.0,7.0,True,142815,142815,142815,142815,True,True,True,True,True,11.0,2.0,-2.8454208374023438,",",EXACT,OTHER,not_primary_class,False,True,-1.0,OK
FLORES,P2,793,0,1,0,WITHIN_SPLIT_PLACEBO,WITHIN_SPLIT, 여행,여행사에,0,3.7115347385406494,3,793.0,12.0,True,142815,142815,142815,142815,True,True,True,True,True,5765.0,2.0,-2.6245479583740234, Any,EXACT,OTHER,not_primary_class,False,True,-1.0,OK
FLORES,P2,794,1,2,2,WITHIN_SPLIT_PLACEBO,WITHIN_SPLIT,축,축제에서는,0,0.03248513117432594,4,794.0,15.0,True,243,243,243,243,True,True,True,True,True,97.0,2.0,-5.582853317260742,춤,EXACT,OTHER,not_primary_class,False,True,-1.0,OK
FLORES,P2,796,4,2,12,WITHIN_SPLIT_PLACEBO,WITHIN_SPLIT,지,스테이지의,0,0.2966381013393402,7,796.0,4.0,True,21329,21329,21329,21329,True,True,True,True,True,133120.0,2.0,-3.5254392623901367,지를,CROSS_MORPHEME,NOMINAL_TO_PARTICLE,crossed_boundary,False,True,-1.0,OK
FLORES,P2,796,15,1,43,WITHIN_SPLIT_PLACEBO,WITHIN_SPLIT,야,분야가,1,1.9040980339050293,3,796.0,44.0,True,89659,80901,89659,80901,True,True,False,False,True,80901.0,2.0,-1.7864291667938232,위,WITHIN_SPLIT,OTHER,no_valid_adjacent_boundary,True,False,1.0,OK
FLORES,P2,798,10,1,23,WITHIN_SPLIT_PLACEBO,WITHIN_SPLIT, 얼,얼음이,0,1.517007827758789,3,798.0,29.0,True,138665,138665,138665,138665,True,True,True,True,True,23084.0,4.0,-4.138000011444092, 이,EXACT,OTHER,not_primary_class,False,True,-1.0,OK
FLORES,P2,800,12,1,40,WITHIN_SPLIT_PLACEBO,WITHIN_SPLIT,출,출구는,0,0.0008435373893007636,4,800.0,22.0,True,250,250,250,250,True,True,True,True,True,243.0,2.0,-10.328193664550781,축,EXACT,OTHER,not_primary_class,False,True,-1.0,OK
FLORES,P2,800,9,2,31,WITHIN_SPLIT_PLACEBO,WITHIN_SPLIT, 시,시계는,0,1.3216290473937988,3,800.0,45.0,True,44518,44518,44518,44518,True,True,True,True,True,94203.0,2.0,-1.6866295337677002, 계,EXACT,OTHER,not_primary_class,False,True,-1.0,OK
FLORES,P2,802,5,1,19,WITHIN_SPLIT_PLACEBO,WITHIN_SPLIT,력,판단력이,0,0.8617260456085205,3,802.0,39.0,True,28754,28754,28754,28754,True,True,True,True,True,12802.0,2.0,-1.3898063898086548,이,EXACT,OTHER,not_primary_class,False,True,-1.0,OK
FLORES,P2,803,1,1,1,WITHIN_SPLIT_PLACEBO,WITHIN_SPLIT,도,고도에서,1,2.110379695892334,3,803.0,21.0,True,47985,80901,47985,80901,True,True,False,False,True,34395.0,2.0,-2.4679903984069824,고,WITHIN_SPLIT,OTHER,no_valid_adjacent_boundary,False,False,0.0,OK
FLORES,P2,812,1,1,1,WITHIN_SPLIT_PLACEBO,WITHIN_SPLIT,어,한국어로,0,0.5174789428710938,3,812.0,99.0,True,31079,31079,31079,31079,True,True,True,True,True,127452.0,2.0,-3.6786081790924072,말,WITHIN_SPLIT,OTHER,no_valid_adjacent_boundary,False,True,-1.0,OK
FLORES,P2,816,15,1,52,WITHIN_SPLIT_PLACEBO,WITHIN_SPLIT, 정,정책은,0,1.174356460571289,3,816.0,44.0,True,36055,36055,36055,36055,True,True,True,True,True,8.0,2.0,-4.444716930389404,),EXACT,OTHER,not_primary_class,False,True,-1.0,OK
FLORES,P2,816,15,2,53,WITHIN_SPLIT_PLACEBO,WITHIN_SPLIT,책,정책은,0,0.022364303469657898,3,816.0,94.0,True,126712,126712,126712,126712,True,True,True,True,True,85057.0,2.0,-7.345839500427246,산,WITHIN_SPLIT,OTHER,no_valid_adjacent_boundary,False,True,-1.0,OK
FLORES,P2,820,2,1,3,WITHIN_SPLIT_PLACEBO,WITHIN_SPLIT, 가,가죽을,1,3.5540740489959717,3,820.0,31.0,True,35509,126291,35509,126291,True,True,False,False,True,73986.0,2.0,-2.095447540283203, 비,EXACT,OTHER,not_primary_class,False,False,0.0,OK
FLORES,P2,823,3,2,10,WITHIN_SPLIT_PLACEBO,WITHIN_SPLIT,려,우려가,0,0.03608837351202965,2,823.0,33.0,True,125476,125476,125476,125476,True,True,True,True,True,23259.0,2.0,-7.042641639709473,수,WITHIN_SPLIT,OTHER,no_valid_adjacent_boundary,False,True,-1.0,OK
FLORES,P2,828,10,2,26,WITHIN_SPLIT_PLACEBO,WITHIN_SPLIT, 상,상품에,1,2.0338544845581055,2,828.0,1.0,True,58034,138017,58034,138017,True,True,False,False,True,138017.0,2.0,-1.2109839916229248, 제품,EXACT,OTHER,not_primary_class,True,False,1.0,OK
FLORES,P2,831,10,3,28,WITHIN_SPLIT_PLACEBO,WITHIN_SPLIT,션,섹션에서,0,0.13100069761276245,4,831.0,73.0,True,92031,92031,92031,92031,True,True,True,True,True,33861.0,3.0,-7.653200149536133,터,WITHIN_SPLIT,OTHER,no_valid_adjacent_boundary,False,True,-1.0,OK
FLORES,P2,835,12,3,38,WITHIN_SPLIT_PLACEBO,WITHIN_SPLIT,크,케이크는,0,0.14666947722434998,6,835.0,51.0,True,81133,81133,81133,81133,True,True,True,True,True,24897.0,2.0,-4.009008884429932,스,WITHIN_SPLIT,OTHER,no_valid_adjacent_boundary,False,True,-1.0,OK
FLORES,P2,836,6,1,14,WITHIN_SPLIT_PLACEBO,WITHIN_SPLIT,크,케이크를,0,0.11764451861381531,6,836.0,40.0,True,81133,81133,81133,81133,True,True,True,True,True,136133.0,2.0,-5.015159606933594,케,WITHIN_SPLIT,OTHER,no_valid_adjacent_boundary,False,True,-1.0,OK
FLORES,P2,841,15,1,41,WITHIN_SPLIT_PLACEBO,WITHIN_SPLIT,향,경향이,0,0.004588583018630743,3,841.0,40.0,True,129321,129321,129321,129321,True,True,True,True,True,131837.0,3.0,-10.281638145446777,량,EXACT,OTHER,not_primary_class,False,True,-1.0,OK
FLORES,P2,842,2,1,2,WITHIN_SPLIT_PLACEBO,WITHIN_SPLIT,리,아차리아리에,1,4.296924114227295,4,842.0,15.0,True,28002,129262,28002,129262,True,True,False,False,True,12802.0,2.0,-2.8086962699890137,이,WITHIN_SPLIT,LEXICAL_TO_LEXICAL,nearest_adjacent_boundary,False,False,0.0,OK
FLORES,P2,849,12,2,37,WITHIN_SPLIT_PLACEBO,WITHIN_SPLIT,재,잠재력을,0,0.03691963851451874,4,849.0,38.0,True,57132,57132,57132,57132,True,True,True,True,True,132343.0,3.0,-7.253681182861328,자는,CROSS_MORPHEME,PREDICATE_TO_ENDING,crossed_boundary,False,True,-1.0,OK
FLORES,P2,851,22,3,70,WITHIN_SPLIT_PLACEBO,WITHIN_SPLIT,획,계획을,0,0.0004478310002014041,3,851.0,75.0,True,127324,127324,127324,127324,True,True,True,True,True,126712.0,2.0,-11.640656471252441,책,WITHIN_SPLIT,OTHER,no_valid_adjacent_boundary,False,True,-1.0,OK
FLORES,P2,853,10,1,25,WITHIN_SPLIT_PLACEBO,WITHIN_SPLIT,스트,오스트리아에서,0,0.43375301361083984,7,853.0,35.0,True,53189,53189,53189,53189,True,True,True,True,True,139039.0,2.0,-4.082290172576904,슬,WITHIN_SPLIT,OTHER,no_valid_adjacent_boundary,False,True,-1.0,OK
FLORES,P2,855,26,3,68,WITHIN_SPLIT_PLACEBO,WITHIN_SPLIT,키,스키와,0,0.8810994029045105,4,855.0,49.0,True,92120,92120,92120,92120,True,True,True,True,True,62544.0,4.0,-3.8963141441345215,프,WITHIN_SPLIT,OTHER,no_valid_adjacent_boundary,False,True,-1.0,OK
FLORES,P2,855,44,3,126,WITHIN_SPLIT_PLACEBO,WITHIN_SPLIT,징,특징을,1,1.2217822074890137,2,855.0,54.0,True,135946,132818,135946,132818,True,True,False,False,True,132818.0,2.0,-1.2729295492172241,성을,CROSS_MORPHEME,NOMINAL_TO_PARTICLE,crossed_boundary,True,False,1.0,OK
FLORES,P2,857,0,2,1,WITHIN_SPLIT_PLACEBO,WITHIN_SPLIT, 조,조건에서는,0,1.4630199670791626,3,857.0,8.0,True,65510,65510,65510,65510,True,True,True,True,True,54116.0,3.0,-2.5751500129699707, 기,EXACT,OTHER,not_primary_class,False,True,-1.0,OK
FLORES,P2,858,0,1,0,WITHIN_SPLIT_PLACEBO,WITHIN_SPLIT, 유,유럽은,0,0.3205905556678772,3,858.0,30.0,True,126310,126310,126310,126310,True,True,True,True,True,23084.0,2.0,-4.029819488525391, 이,EXACT,OTHER,not_primary_class,False,True,-1.0,OK
FLORES,P2,858,12,2,35,WITHIN_SPLIT_PLACEBO,WITHIN_SPLIT, 신,신청과,0,0.996366560459137,3,858.0,46.0,True,128753,128753,128753,128753,True,True,True,True,True,143188.0,3.0,-4.281498432159424, 접,EXACT,OTHER,not_primary_class,False,True,-1.0,OK
FLORES,P2,861,10,1,20,WITHIN_SPLIT_PLACEBO,WITHIN_SPLIT, 회원,회원국으로서,0,0.8103689551353455,3,861.0,28.0,True,133662,133662,133662,133662,True,True,True,True,True,136239.0,3.0,-5.404250144958496, 구성,EXACT,OTHER,not_primary_class,False,True,-1.0,OK
FLORES,P2,878,15,1,30,WITHIN_SPLIT_PLACEBO,WITHIN_SPLIT, 계,계획에,0,0.10140040516853333,3,878.0,14.0,True,94203,94203,94203,94203,True,True,True,True,True,83556.0,2.0,-5.372008800506592, 일,EXACT,OTHER,not_primary_class,False,True,-1.0,OK
FLORES,P2,889,2,2,3,WITHIN_SPLIT_PLACEBO,WITHIN_SPLIT, 해,해안에,0,2.434558868408203,3,889.0,23.0,True,60716,60716,60716,60716,True,True,True,True,True,81718.0,2.0,-1.591996192932129, 바,EXACT,OTHER,not_primary_class,False,True,-1.0,OK
FLORES,P2,895,15,1,40,WITHIN_SPLIT_PLACEBO,WITHIN_SPLIT, 어,어려움을,1,2.9262795448303223,1,895.0,37.0,True,124685,136115,124685,136115,True,True,False,False,True,126366.0,2.0,-2.0142083168029785, 더,EXACT,OTHER,not_primary_class,False,False,0.0,OK
FLORES,P2,897,6,1,14,WITHIN_SPLIT_PLACEBO,WITHIN_SPLIT,자,화자와,1,3.263871431350708,3,897.0,37.0,True,25715,19969,25715,19969,True,True,False,False,True,87608.0,2.0,-2.0161995887756348,목,WITHIN_SPLIT,OTHER,no_valid_adjacent_boundary,False,False,0.0,OK
FLORES,P2,913,1,1,1,WITHIN_SPLIT_PLACEBO,WITHIN_SPLIT,어,한국어로,0,0.7668802738189697,3,913.0,17.0,True,31079,31079,31079,31079,True,True,True,True,True,129889.0,2.0,-4.0291428565979,에서는,CROSS_MORPHEME,OTHER,crossed_boundary,False,True,-1.0,OK
FLORES,P2,915,3,3,14,WITHIN_SPLIT_PLACEBO,WITHIN_SPLIT,학,대학에,0,0.34497275948524475,3,915.0,10.0,True,124632,124632,124632,124632,True,True,True,True,True,127194.0,2.0,-2.252774238586426,학교,EXACT,OTHER,not_primary_class,False,True,-1.0,OK
FLORES,P2,919,1,1,1,WITHIN_SPLIT_PLACEBO,WITHIN_SPLIT,어,한국어로,0,0.5408812165260315,3,919.0,16.0,True,31079,31079,31079,31079,True,True,True,True,True,31328.0,2.0,-4.101044178009033,인,WITHIN_SPLIT,OTHER,no_valid_adjacent_boundary,False,True,-1.0,OK
FLORES,P2,919,21,2,46,WITHIN_SPLIT_PLACEBO,WITHIN_SPLIT, 문,문장은,0,1.8443917036056519,3,919.0,64.0,True,53435,53435,53435,53435,True,True,True,True,True,42044.0,2.0,-1.0670257806777954,번,WITHIN_SPLIT,OTHER,no_valid_adjacent_boundary,False,True,-1.0,OK
FLORES,P2,919,26,3,60,WITHIN_SPLIT_PLACEBO,WITHIN_SPLIT,어,용어가,0,0.04377254098653793,4,919.0,113.0,True,31079,31079,31079,31079,True,True,True,True,True,26698.0,3.0,-7.176641464233398,서,WITHIN_SPLIT,OTHER,no_valid_adjacent_boundary,False,True,-1.0,OK
FLORES,P2,923,5,2,12,WITHIN_SPLIT_PLACEBO,WITHIN_SPLIT,즈,크루즈는,0,1.1061363220214844,4,923.0,36.0,True,134133,134133,134133,134133,True,True,True,True,True,135946.0,2.0,-3.7854177951812744,징,WITHIN_SPLIT,OTHER,no_valid_adjacent_boundary,False,True,-1.0,OK
FLORES,P2,924,2,1,7,WITHIN_SPLIT_PLACEBO,WITHIN_SPLIT,시,도시를,0,0.005748311057686806,3,924.0,26.0,True,29326,29326,29326,29326,True,True,True,True,True,129471.0,3.0,-9.62551212310791,박,WITHIN_SPLIT,OTHER,no_valid_adjacent_boundary,False,True,-1.0,OK
FLORES,P2,925,16,1,44,WITHIN_SPLIT_PLACEBO,WITHIN_SPLIT,별,별도의,0,0.01652936451137066,4,925.0,48.0,True,226,226,226,226,True,True,True,True,True,113.0,2.0,-6.298994541168213,복,EXACT,OTHER,not_primary_class,False,True,-1.0,OK
FLORES,P2,927,8,2,19,WITHIN_SPLIT_PLACEBO,WITHIN_SPLIT,움,두려움을,1,0.8283208608627319,4,927.0,6.0,True,133914,130109,133914,130109,True,True,False,False,True,88259.0,7.0,-12.155559539794922,구,WITHIN_SPLIT,OTHER,nearest_adjacent_boundary,False,False,0.0,OK
FLORES,P2,40,0,1,0,WITHIN_SPLIT_PLACEBO,WITHIN_SPLIT, 이,이바키는,1,3.2602949142456055,1,928.0,0.0,False,23084,142815,23084,142815,True,True,False,False,True,358.0,2.0,-2.7598040103912354, I,EXACT,OTHER,not_primary_class,False,False,0.0,OK
FLORES,P2,931,6,2,22,WITHIN_SPLIT_PLACEBO,WITHIN_SPLIT, 기,기업에서는,0,0.7993593811988831,3,931.0,11.0,True,54116,54116,54116,54116,True,True,True,True,True,98005.0,2.0,-0.82342129945755, 회,EXACT,OTHER,not_primary_class,False,True,-1.0,OK
FLORES,P2,931,5,1,18,WITHIN_SPLIT_PLACEBO,WITHIN_SPLIT,선,노선과,0,3.5040440707234666e-05,3,931.0,25.0,True,125519,125519,125519,125519,True,True,True,True,True,129296.0,3.0,-15.921876907348633, 선,EXACT,OTHER,not_primary_class,False,True,-1.0,OK
FLORES,P2,933,4,1,10,WITHIN_SPLIT_PLACEBO,WITHIN_SPLIT, 승,승객이,1,3.4947614669799805,3,933.0,30.0,True,79207,129296,79207,129296,True,True,False,False,True,142654.0,2.0,-1.9578101634979248, 항,EXACT,OTHER,not_primary_class,False,False,0.0,OK
FLORES,P2,936,7,1,19,WITHIN_SPLIT_PLACEBO,WITHIN_SPLIT,인,할인을,0,0.0832822322845459,3,936.0,23.0,True,31328,31328,31328,31328,True,True,True,True,True,135227.0,2.0,-4.295930862426758,인이,CROSS_MORPHEME,NOMINAL_TO_PARTICLE,crossed_boundary,False,True,-1.0,OK
FLORES,P2,937,9,3,29,WITHIN_SPLIT_PLACEBO,WITHIN_SPLIT,고,최고의,0,0.9785248041152954,3,937.0,2.0,True,34395,34395,34395,34395,True,True,True,True,True,55902.0,2.0,-1.8360037803649902,상,WITHIN_SPLIT,OTHER,no_valid_adjacent_boundary,False,True,-1.0,OK
FLORES,P2,937,10,1,31,WITHIN_SPLIT_PLACEBO,WITHIN_SPLIT, 금,금액을,1,1.616641879081726,3,937.0,42.0,True,40771,35509,40771,35509,True,True,False,False,True,35509.0,2.0,-0.9235901236534119, 가,EXACT,OTHER,not_primary_class,True,False,1.0,OK
FLORES,P2,945,29,2,79,WITHIN_SPLIT_PLACEBO,WITHIN_SPLIT,럽,유럽의,0,0.021957067772746086,3,945.0,83.0,True,134798,134798,134798,134798,True,True,True,True,True,50340.0,2.0,-7.236618518829346,라,WITHIN_SPLIT,OTHER,no_valid_adjacent_boundary,False,True,-1.0,OK
FLORES,P2,961,16,1,46,WITHIN_SPLIT_PLACEBO,WITHIN_SPLIT,선,최선의,1,0.6414456963539124,3,961.0,52.0,True,125519,34395,125519,34395,True,True,False,False,True,55902.0,2.0,-2.0653350353240967,상,WITHIN_SPLIT,OTHER,no_valid_adjacent_boundary,False,False,0.0,OK
FLORES,P2,968,15,2,36,WITHIN_SPLIT_PLACEBO,WITHIN_SPLIT, 신,신사나,1,3.6514506340026855,3,968.0,25.0,True,128753,134013,128753,134013,True,True,False,False,True,32129.0,2.0,-2.2887887954711914, 사,EXACT,OTHER,not_primary_class,False,False,0.0,OK
FLORES,P2,970,13,1,31,WITHIN_SPLIT_PLACEBO,WITHIN_SPLIT,커,스커트를,0,0.43979910016059875,4,970.0,28.0,True,131973,131973,131973,131973,True,True,True,True,True,129616.0,2.0,-2.12087082862854,카,WITHIN_SPLIT,OTHER,no_valid_adjacent_boundary,False,True,-1.0,OK
FLORES,P2,975,12,3,24,WITHIN_SPLIT_PLACEBO,WITHIN_SPLIT,사,동사나,0,0.4257253408432007,3,975.0,42.0,True,55054,55054,55054,55054,True,True,True,True,True,136294.0,2.0,-3.1981680393218994,사는,CROSS_MORPHEME,NOMINAL_TO_PARTICLE,crossed_boundary,False,True,-1.0,OK
FLORES,P2,975,11,2,19,WITHIN_SPLIT_PLACEBO,WITHIN_SPLIT,지,여지가,0,0.2640279233455658,3,975.0,57.0,True,21329,21329,21329,21329,True,True,True,True,True,133692.0,2.0,-4.353588104248047,지도,CROSS_MORPHEME,NOMINAL_TO_PARTICLE,crossed_boundary,False,True,-1.0,OK
FLORES,P2,181,1,1,4,WITHIN_SPLIT_PLACEBO,WITHIN_SPLIT, 결,결승전은,1,1.209572672843933,1,978.0,11.0,False,82619,140887,82619,140887,True,True,False,False,True,140887.0,2.0,-0.9159395694732666, 마지막,EXACT,OTHER,not_primary_class,True,False,1.0,OK
FLORES,P2,981,5,1,6,WITHIN_SPLIT_PLACEBO,WITHIN_SPLIT,어,언어를,0,0.025999825447797775,3,981.0,20.0,True,31079,31079,31079,31079,True,True,True,True,True,51588.0,2.0,-7.877350330352783,문,WITHIN_SPLIT,OTHER,no_valid_adjacent_boundary,False,True,-1.0,OK
FLORES,P2,984,16,3,43,WITHIN_SPLIT_PLACEBO,WITHIN_SPLIT,대,현대에,0,0.052234746515750885,2,984.0,22.0,True,66845,66845,66845,66845,True,True,True,True,True,129923.0,2.0,-5.522435188293457,대로,CROSS_MORPHEME,NOMINAL_TO_PARTICLE,crossed_boundary,False,True,-1.0,OK
FLORES,P2,987,5,2,19,WITHIN_SPLIT_PLACEBO,WITHIN_SPLIT,어,아이디어가,0,0.013447185978293419,4,987.0,15.0,True,31079,31079,31079,31079,True,True,True,True,True,57268.0,2.0,-7.73574686050415,오,EXACT,OTHER,not_primary_class,False,True,-1.0,OK
FLORES,P2,989,8,3,22,WITHIN_SPLIT_PLACEBO,WITHIN_SPLIT,식,식물을,0,0.013192905113101006,3,989.0,23.0,True,251,251,251,251,True,True,True,True,True,105.0,2.0,-6.470447063446045,심,EXACT,OTHER,not_primary_class,False,True,-1.0,OK
FLORES,P2,989,7,1,19,WITHIN_SPLIT_PLACEBO,WITHIN_SPLIT, 식,식물을,1,3.014803409576416,2,989.0,27.0,True,28927,73523,28927,73523,True,True,False,False,True,127154.0,2.0,-2.3928728103637695, 가지,EXACT,OTHER,not_primary_class,False,False,0.0,OK
FLORES,P2,990,0,1,0,WITHIN_SPLIT_PLACEBO,WITHIN_SPLIT, 정,정식으로,1,4.8562703132629395,3,990.0,20.0,True,36055,125466,36055,125466,True,True,False,False,True,95617.0,2.0,-2.9072234630584717, 예,EXACT,OTHER,not_primary_class,False,False,0.0,OK
FLORES,P2,991,1,1,4,WITHIN_SPLIT_PLACEBO,WITHIN_SPLIT,르,싱가포르는,0,0.07710753381252289,6,991.0,29.0,True,125548,125548,125548,125548,True,True,True,True,True,126673.0,2.0,-5.462586402893066,레,WITHIN_SPLIT,OTHER,no_valid_adjacent_boundary,False,True,-1.0,OK
FLORES,P2,994,0,2,1,WITHIN_SPLIT_PLACEBO,WITHIN_SPLIT,스,버스를,0,0.018524859100580215,3,994.0,9.0,True,24897,24897,24897,24897,True,True,True,True,True,92192.0,3.0,-8.079959869384766,거,WITHIN_SPLIT,OTHER,no_valid_adjacent_boundary,False,True,-1.0,OK
FLORES,P2,996,12,1,23,WITHIN_SPLIT_PLACEBO,WITHIN_SPLIT,베,도뉴베르의,1,1.7222027778625488,2,996.0,55.0,True,132947,129413,132947,129413,True,True,False,False,True,130271.0,3.0,-2.6989190578460693,바,WITHIN_SPLIT,OTHER,no_valid_adjacent_boundary,False,False,0.0,OK
FLORES,P2,1003,1,1,1,WITHIN_SPLIT_PLACEBO,WITHIN_SPLIT,어,한국어로,0,0.47197142243385315,3,1003.0,22.0,True,31079,31079,31079,31079,True,True,True,True,True,31328.0,2.0,-4.148490905761719,인,WITHIN_SPLIT,OTHER,no_valid_adjacent_boundary,False,True,-1.0,OK
FLORES,P2,1008,1,1,1,WITHIN_SPLIT_PLACEBO,WITHIN_SPLIT,구,인구가,0,1.3475232124328613,3,1008.0,21.0,True,88259,88259,88259,88259,True,True,True,True,True,125722.0,2.0,-2.1465325355529785,근,WITHIN_SPLIT,OTHER,no_valid_adjacent_boundary,False,True,-1.0,OK
FLORES,P2,1011,2,1,4,WITHIN_SPLIT_PLACEBO,WITHIN_SPLIT,화,조화는,0,0.12898287177085876,3,1011.0,14.0,True,56290,56290,56290,56290,True,True,True,True,True,132841.0,2.0,-4.9704365730285645,율,WITHIN_SPLIT,OTHER,no_valid_adjacent_boundary,False,True,-1.0,OK
FLORES,P2,1012,0,3,2,WITHIN_SPLIT_PLACEBO,WITHIN_SPLIT,로,근로자는,0,0.7102454304695129,5,1012.0,3.0,True,17380,17380,17380,17380,True,True,True,True,True,125054.0,2.0,-1.041017770767212,무,WITHIN_SPLIT,OTHER,no_valid_adjacent_boundary,False,True,-1.0,OK
FLORES,P2,1012,6,2,20,WITHIN_SPLIT_PLACEBO,WITHIN_SPLIT,사,상사의,0,1.9203903675079346,3,1012.0,30.0,True,55054,55054,55054,55054,True,True,True,True,True,128911.0,2.0,-1.378225326538086,급,WITHIN_SPLIT,OTHER,no_valid_adjacent_boundary,False,True,-1.0,OK
