workload,pair,prompt_id,round_index,base_generation_position,policy,guard_slot,guard_source,baseline_reject_slot,baseline_rejection_relation,reachable_before_or_at_first_rejection,proposals_in_block,verifier_positions_from_cut_including_candidate,verifier_positions_after_candidate,crossed_fine_pos_sequence
WIKIPEDIA,P3,1,1,1,ALL_MORPH_BOUNDARY_GUARD,1,saved_H3_exact_target_token,,NO_REJECTION,True,4,4,3,VX→EF
WIKIPEDIA,P3,1,9,21,ALL_MORPH_BOUNDARY_GUARD,1,projected_saved_draft_candidate_at_or_after_rejection,1.0,AT_GUARD,True,4,4,3,VA→ETM
WIKIPEDIA,P3,1,12,29,ALL_MORPH_BOUNDARY_GUARD,1,projected_saved_draft_candidate_at_or_after_rejection,1.0,AT_GUARD,True,4,4,3,VX→EF
WIKIPEDIA,P3,1,18,45,ALL_MORPH_BOUNDARY_GUARD,2,saved_H3_exact_target_token,,NO_REJECTION,True,4,3,2,XSV→ETM
WIKIPEDIA,P3,1,20,52,ALL_MORPH_BOUNDARY_GUARD,1,saved_H3_exact_target_token,,NO_REJECTION,True,4,4,3,VX→EF
WIKIPEDIA,P3,1,31,81,ALL_MORPH_BOUNDARY_GUARD,3,projected_saved_draft_candidate_at_or_after_rejection,3.0,AT_GUARD,True,4,2,1,XSV→EC
WIKIPEDIA,P3,1,35,92,ALL_MORPH_BOUNDARY_GUARD,1,projected_saved_draft_candidate_at_or_after_rejection,1.0,AT_GUARD,True,4,4,3,VA→ETM
WIKIPEDIA,P3,1,44,120,NP_BOUNDARY_GUARD,2,projected_saved_draft_candidate_at_or_after_rejection,3.0,AFTER_GUARD,True,4,3,2,NNB→JKO
WIKIPEDIA,P3,1,44,120,ALL_MORPH_BOUNDARY_GUARD,2,projected_saved_draft_candidate_at_or_after_rejection,3.0,AFTER_GUARD,True,4,3,2,NNB→JKO
WIKIPEDIA,P3,3,1,4,ALL_MORPH_BOUNDARY_GUARD,2,projected_saved_draft_candidate_at_or_after_rejection,2.0,AT_GUARD,True,4,3,2,VCP→EF
WIKIPEDIA,P3,3,2,6,ALL_MORPH_BOUNDARY_GUARD,1,projected_saved_draft_candidate_at_or_after_rejection,1.0,AT_GUARD,True,4,4,3,EP→EF
WIKIPEDIA,P3,3,10,26,NP_BOUNDARY_GUARD,3,projected_saved_draft_candidate_at_or_after_rejection,2.0,BEFORE_GUARD,False,4,2,1,NNB→JX
WIKIPEDIA,P3,3,10,26,ALL_MORPH_BOUNDARY_GUARD,3,projected_saved_draft_candidate_at_or_after_rejection,2.0,BEFORE_GUARD,False,4,2,1,NNB→JX
WIKIPEDIA,P3,3,20,50,ALL_MORPH_BOUNDARY_GUARD,2,projected_saved_draft_candidate_at_or_after_rejection,1.0,BEFORE_GUARD,False,4,3,2,XSV→ETN
WIKIPEDIA,P3,3,22,54,ALL_MORPH_BOUNDARY_GUARD,1,projected_saved_draft_candidate_at_or_after_rejection,1.0,AT_GUARD,True,4,4,3,ETN→JX
WIKIPEDIA,P3,3,24,57,ALL_MORPH_BOUNDARY_GUARD,2,saved_H3_exact_target_token,,NO_REJECTION,True,4,3,2,EP→EF
WIKIPEDIA,P3,3,34,96,ALL_MORPH_BOUNDARY_GUARD,1,saved_H3_exact_target_token,,NO_REJECTION,True,4,4,3,XSV→ETM
WIKIPEDIA,P3,3,36,104,ALL_MORPH_BOUNDARY_GUARD,1,saved_H3_exact_target_token,,NO_REJECTION,True,4,4,3,VCP→EF
WIKIPEDIA,P3,3,37,108,ALL_MORPH_BOUNDARY_GUARD,2,saved_H3_exact_target_token,,NO_REJECTION,True,4,3,2,XSA→EC
WIKIPEDIA,P3,4,14,22,ALL_MORPH_BOUNDARY_GUARD,3,projected_saved_draft_candidate_at_or_after_rejection,2.0,BEFORE_GUARD,False,4,2,1,VV-R→EC
WIKIPEDIA,P3,4,15,24,ALL_MORPH_BOUNDARY_GUARD,2,saved_H3_exact_target_token,,NO_REJECTION,True,4,3,2,XSA→ETM
WIKIPEDIA,P3,4,26,49,ALL_MORPH_BOUNDARY_GUARD,2,projected_saved_draft_candidate_at_or_after_rejection,2.0,AT_GUARD,True,4,3,2,XSV→EC
WIKIPEDIA,P3,4,28,55,ALL_MORPH_BOUNDARY_GUARD,2,projected_saved_draft_candidate_at_or_after_rejection,2.0,AT_GUARD,True,4,3,2,XSV→EC
WIKIPEDIA,P3,4,35,72,ALL_MORPH_BOUNDARY_GUARD,2,projected_saved_draft_candidate_at_or_after_rejection,1.0,BEFORE_GUARD,False,4,3,2,XSV→ETM
WIKIPEDIA,P3,4,36,73,ALL_MORPH_BOUNDARY_GUARD,1,saved_H3_exact_target_token,,NO_REJECTION,True,4,4,3,XSV→ETM
WIKIPEDIA,P3,5,1,2,ALL_MORPH_BOUNDARY_GUARD,2,projected_saved_draft_candidate_at_or_after_rejection,1.0,BEFORE_GUARD,False,4,3,2,XSV→ETM
WIKIPEDIA,P3,5,2,3,ALL_MORPH_BOUNDARY_GUARD,1,projected_saved_draft_candidate_at_or_after_rejection,2.0,AFTER_GUARD,True,4,4,3,XSV→ETM
WIKIPEDIA,P3,5,10,24,ALL_MORPH_BOUNDARY_GUARD,3,projected_saved_draft_candidate_at_or_after_rejection,1.0,BEFORE_GUARD,False,4,2,1,XSV→ETM
WIKIPEDIA,P3,5,12,26,ALL_MORPH_BOUNDARY_GUARD,2,projected_saved_draft_candidate_at_or_after_rejection,2.0,AT_GUARD,True,4,3,2,XSV→EC
WIKIPEDIA,P3,5,19,41,ALL_MORPH_BOUNDARY_GUARD,2,saved_H3_exact_target_token,,NO_REJECTION,True,4,3,2,XSV→ETM
WIKIPEDIA,P3,5,28,68,ALL_MORPH_BOUNDARY_GUARD,3,projected_saved_draft_candidate_at_or_after_rejection,2.0,BEFORE_GUARD,False,4,2,1,XSV→ETM
WIKIPEDIA,P3,5,30,72,ALL_MORPH_BOUNDARY_GUARD,3,projected_saved_draft_candidate_at_or_after_rejection,1.0,BEFORE_GUARD,False,4,2,1,VX→EF
WIKIPEDIA,P3,6,6,20,ALL_MORPH_BOUNDARY_GUARD,2,projected_saved_draft_candidate_at_or_after_rejection,1.0,BEFORE_GUARD,False,4,3,2,XSN→JKB
WIKIPEDIA,P3,6,7,21,ALL_MORPH_BOUNDARY_GUARD,3,projected_saved_draft_candidate_at_or_after_rejection,1.0,BEFORE_GUARD,False,4,2,1,VCP→EF
WIKIPEDIA,P3,6,28,60,ALL_MORPH_BOUNDARY_GUARD,1,saved_H3_exact_target_token,,NO_REJECTION,True,4,4,3,NNG→VCP
WIKIPEDIA,P3,6,35,81,ALL_MORPH_BOUNDARY_GUARD,2,projected_saved_draft_candidate_at_or_after_rejection,1.0,BEFORE_GUARD,False,4,3,2,XSV→ETN
WIKIPEDIA,P3,6,39,93,ALL_MORPH_BOUNDARY_GUARD,3,projected_saved_draft_candidate_at_or_after_rejection,1.0,BEFORE_GUARD,False,4,2,1,XSV→EC
WIKIPEDIA,P3,7,0,0,ALL_MORPH_BOUNDARY_GUARD,2,projected_saved_draft_candidate_at_or_after_rejection,2.0,AT_GUARD,True,4,3,2,XSN→JX
WIKIPEDIA,P3,7,12,31,ALL_MORPH_BOUNDARY_GUARD,3,saved_H3_exact_target_token,,NO_REJECTION,True,4,2,1,XSN→JX
WIKIPEDIA,P3,7,31,98,ALL_MORPH_BOUNDARY_GUARD,3,saved_H3_exact_target_token,,NO_REJECTION,True,4,2,1,XSN→JX
WIKIPEDIA,P3,7,36,118,ALL_MORPH_BOUNDARY_GUARD,1,saved_H3_exact_target_token,,NO_REJECTION,True,4,4,3,XSN→JX
WIKIPEDIA,P3,8,16,43,ALL_MORPH_BOUNDARY_GUARD,1,projected_saved_draft_candidate_at_or_after_rejection,1.0,AT_GUARD,True,4,4,3,VA→ETM
WIKIPEDIA,P3,8,24,58,ALL_MORPH_BOUNDARY_GUARD,1,saved_H3_exact_target_token,,NO_REJECTION,True,4,4,3,VCN→EC
WIKIPEDIA,P3,8,31,78,ALL_MORPH_BOUNDARY_GUARD,1,saved_H3_exact_target_token,,NO_REJECTION,True,4,4,3,VCN→EC
WIKIPEDIA,P3,8,39,109,ALL_MORPH_BOUNDARY_GUARD,2,projected_saved_draft_candidate_at_or_after_rejection,2.0,AT_GUARD,True,4,3,2,VA→ETM
WIKIPEDIA,P3,10,6,13,NP_BOUNDARY_GUARD,2,projected_saved_draft_candidate_at_or_after_rejection,1.0,BEFORE_GUARD,False,4,3,2,NNB→JKB
WIKIPEDIA,P3,10,6,13,ALL_MORPH_BOUNDARY_GUARD,2,projected_saved_draft_candidate_at_or_after_rejection,1.0,BEFORE_GUARD,False,4,3,2,NNB→JKB
WIKIPEDIA,P3,10,28,66,ALL_MORPH_BOUNDARY_GUARD,1,saved_H3_exact_target_token,,NO_REJECTION,True,4,4,3,NNG→NNG
WIKIPEDIA,P3,11,3,4,ALL_MORPH_BOUNDARY_GUARD,3,projected_saved_draft_candidate_at_or_after_rejection,1.0,BEFORE_GUARD,False,4,2,1,VCP→EF
WIKIPEDIA,P3,11,4,5,ALL_MORPH_BOUNDARY_GUARD,2,saved_H3_exact_target_token,,NO_REJECTION,True,4,3,2,VCP→EF
WIKIPEDIA,P3,12,1,1,ALL_MORPH_BOUNDARY_GUARD,3,projected_saved_draft_candidate_at_or_after_rejection,1.0,BEFORE_GUARD,False,4,2,1,XSN→JKB
WIKIPEDIA,P3,12,15,30,ALL_MORPH_BOUNDARY_GUARD,1,projected_saved_draft_candidate_at_or_after_rejection,1.0,AT_GUARD,True,4,4,3,XSV→EP
WIKIPEDIA,P3,12,18,37,ALL_MORPH_BOUNDARY_GUARD,2,projected_saved_draft_candidate_at_or_after_rejection,2.0,AT_GUARD,True,4,3,2,XSN→JKB
WIKIPEDIA,P3,12,19,39,ALL_MORPH_BOUNDARY_GUARD,1,projected_saved_draft_candidate_at_or_after_rejection,2.0,AFTER_GUARD,True,4,4,3,VA→ETM
WIKIPEDIA,P3,12,23,48,ALL_MORPH_BOUNDARY_GUARD,2,saved_H3_exact_target_token,,NO_REJECTION,True,4,3,2,XSV→EC
WIKIPEDIA,P3,12,31,74,ALL_MORPH_BOUNDARY_GUARD,1,projected_saved_draft_candidate_at_or_after_rejection,2.0,AFTER_GUARD,True,4,4,3,JKB→JX
WIKIPEDIA,P3,12,33,80,ALL_MORPH_BOUNDARY_GUARD,1,projected_saved_draft_candidate_at_or_after_rejection,3.0,AFTER_GUARD,True,4,4,3,VX→EF
WIKIPEDIA,P3,12,40,100,ALL_MORPH_BOUNDARY_GUARD,3,projected_saved_draft_candidate_at_or_after_rejection,3.0,AT_GUARD,True,4,2,1,XSV→EP
WIKIPEDIA,P3,12,49,125,ALL_MORPH_BOUNDARY_GUARD,2,saved_H3_exact_target_token,,NO_REJECTION,True,3,2,1,VX→EF
WIKIPEDIA,P3,13,27,71,ALL_MORPH_BOUNDARY_GUARD,3,saved_H3_exact_target_token,,NO_REJECTION,True,4,2,1,XSV→EF
WIKIPEDIA,P3,13,40,123,ALL_MORPH_BOUNDARY_GUARD,1,saved_H3_exact_target_token,,NO_REJECTION,True,4,4,3,XSV→EF
WIKIPEDIA,P3,16,25,58,ALL_MORPH_BOUNDARY_GUARD,3,projected_saved_draft_candidate_at_or_after_rejection,1.0,BEFORE_GUARD,False,4,2,1,EP→EF
WIKIPEDIA,P3,17,2,4,ALL_MORPH_BOUNDARY_GUARD,1,projected_saved_draft_candidate_at_or_after_rejection,4.0,AFTER_GUARD,True,4,4,3,XSA→EF
WIKIPEDIA,P3,19,11,20,ALL_MORPH_BOUNDARY_GUARD,1,projected_saved_draft_candidate_at_or_after_rejection,2.0,AFTER_GUARD,True,4,4,3,VA→ETM
WIKIPEDIA,P3,19,13,24,ALL_MORPH_BOUNDARY_GUARD,1,projected_saved_draft_candidate_at_or_after_rejection,2.0,AFTER_GUARD,True,4,4,3,XSV→ETM
WIKIPEDIA,P3,19,15,28,ALL_MORPH_BOUNDARY_GUARD,2,projected_saved_draft_candidate_at_or_after_rejection,2.0,AT_GUARD,True,4,3,2,XSV→ETM
WIKIPEDIA,P3,19,16,30,NP_BOUNDARY_GUARD,1,projected_saved_draft_candidate_at_or_after_rejection,1.0,AT_GUARD,True,4,4,3,NNB→JKB
WIKIPEDIA,P3,19,16,30,ALL_MORPH_BOUNDARY_GUARD,1,projected_saved_draft_candidate_at_or_after_rejection,1.0,AT_GUARD,True,4,4,3,NNB→JKB
WIKIPEDIA,P3,19,23,46,ALL_MORPH_BOUNDARY_GUARD,1,projected_saved_draft_candidate_at_or_after_rejection,3.0,AFTER_GUARD,True,4,4,3,VA→EF
WIKIPEDIA,P3,19,36,83,ALL_MORPH_BOUNDARY_GUARD,1,saved_H3_exact_target_token,,NO_REJECTION,True,4,4,3,XSV→ETM
WIKIPEDIA,P3,19,37,87,ALL_MORPH_BOUNDARY_GUARD,2,projected_saved_draft_candidate_at_or_after_rejection,2.0,AT_GUARD,True,4,3,2,XSV→ETN
WIKIPEDIA,P3,19,44,112,ALL_MORPH_BOUNDARY_GUARD,3,saved_H3_exact_target_token,,NO_REJECTION,True,4,2,1,XSV→ETM
WIKIPEDIA,P3,20,5,10,ALL_MORPH_BOUNDARY_GUARD,2,projected_saved_draft_candidate_at_or_after_rejection,1.0,BEFORE_GUARD,False,4,3,2,XSV→ETM
WIKIPEDIA,P3,20,6,11,ALL_MORPH_BOUNDARY_GUARD,1,projected_saved_draft_candidate_at_or_after_rejection,4.0,AFTER_GUARD,True,4,4,3,XSV→ETM
WIKIPEDIA,P3,20,11,24,ALL_MORPH_BOUNDARY_GUARD,2,saved_H3_exact_target_token,,NO_REJECTION,True,4,3,2,XSV→ETM
WIKIPEDIA,P3,20,16,35,ALL_MORPH_BOUNDARY_GUARD,2,projected_saved_draft_candidate_at_or_after_rejection,1.0,BEFORE_GUARD,False,4,3,2,XSV→ETM
WIKIPEDIA,P3,20,17,36,ALL_MORPH_BOUNDARY_GUARD,1,saved_H3_exact_target_token,,NO_REJECTION,True,4,4,3,XSV→ETM
WIKIPEDIA,P3,20,32,73,ALL_MORPH_BOUNDARY_GUARD,2,saved_H3_exact_target_token,,NO_REJECTION,True,4,3,2,VV→EF
WIKIPEDIA,P3,20,36,88,ALL_MORPH_BOUNDARY_GUARD,3,projected_saved_draft_candidate_at_or_after_rejection,1.0,BEFORE_GUARD,False,4,2,1,XSV→ETM
WIKIPEDIA,P3,21,12,32,ALL_MORPH_BOUNDARY_GUARD,3,projected_saved_draft_candidate_at_or_after_rejection,3.0,AT_GUARD,True,4,2,1,VV→EC
WIKIPEDIA,P3,21,33,101,ALL_MORPH_BOUNDARY_GUARD,3,saved_H3_exact_target_token,,NO_REJECTION,True,4,2,1,JKB→JX
WIKIPEDIA,P3,21,36,113,ALL_MORPH_BOUNDARY_GUARD,3,saved_H3_exact_target_token,,NO_REJECTION,True,4,2,1,XSV→ETM
WIKIPEDIA,P3,22,11,34,ALL_MORPH_BOUNDARY_GUARD,1,projected_saved_draft_candidate_at_or_after_rejection,1.0,AT_GUARD,True,4,4,3,XSV→ETN
WIKIPEDIA,P3,22,12,35,ALL_MORPH_BOUNDARY_GUARD,1,projected_saved_draft_candidate_at_or_after_rejection,1.0,AT_GUARD,True,4,4,3,VX→EP
WIKIPEDIA,P3,22,13,36,ALL_MORPH_BOUNDARY_GUARD,1,projected_saved_draft_candidate_at_or_after_rejection,3.0,AFTER_GUARD,True,4,4,3,VX→EP
WIKIPEDIA,P3,22,20,52,NP_BOUNDARY_GUARD,3,projected_saved_draft_candidate_at_or_after_rejection,3.0,AT_GUARD,True,4,2,1,NNB→JKO
WIKIPEDIA,P3,22,20,52,ALL_MORPH_BOUNDARY_GUARD,2,projected_saved_draft_candidate_at_or_after_rejection,3.0,AFTER_GUARD,True,4,3,2,XSV→ETM
WIKIPEDIA,P3,25,0,0,NP_BOUNDARY_GUARD,1,projected_saved_draft_candidate_at_or_after_rejection,3.0,AFTER_GUARD,True,4,4,3,NNG→JKB
WIKIPEDIA,P3,25,0,0,ALL_MORPH_BOUNDARY_GUARD,1,projected_saved_draft_candidate_at_or_after_rejection,3.0,AFTER_GUARD,True,4,4,3,NNG→JKB
WIKIPEDIA,P3,25,10,28,ALL_MORPH_BOUNDARY_GUARD,1,projected_saved_draft_candidate_at_or_after_rejection,1.0,AT_GUARD,True,4,4,3,VCP→EF
WIKIPEDIA,P3,25,18,51,ALL_MORPH_BOUNDARY_GUARD,3,projected_saved_draft_candidate_at_or_after_rejection,3.0,AT_GUARD,True,4,2,1,VCP→EF
WIKIPEDIA,P3,25,24,66,ALL_MORPH_BOUNDARY_GUARD,1,projected_saved_draft_candidate_at_or_after_rejection,1.0,AT_GUARD,True,4,4,3,JKB→JX
WIKIPEDIA,P3,25,26,71,ALL_MORPH_BOUNDARY_GUARD,2,projected_saved_draft_candidate_at_or_after_rejection,4.0,AFTER_GUARD,True,4,3,2,VCP→EF
WIKIPEDIA,P3,25,34,96,ALL_MORPH_BOUNDARY_GUARD,1,projected_saved_draft_candidate_at_or_after_rejection,2.0,AFTER_GUARD,True,4,4,3,XSV→EP
WIKIPEDIA,P3,26,0,0,ALL_MORPH_BOUNDARY_GUARD,2,saved_H3_exact_target_token,,NO_REJECTION,True,4,3,2,EP→EF
WIKIPEDIA,P3,26,9,24,ALL_MORPH_BOUNDARY_GUARD,3,projected_saved_draft_candidate_at_or_after_rejection,3.0,AT_GUARD,True,4,2,1,XSV→EC
WIKIPEDIA,P3,27,0,0,NP_BOUNDARY_GUARD,3,projected_saved_draft_candidate_at_or_after_rejection,1.0,BEFORE_GUARD,False,4,2,1,NNB→JKO
WIKIPEDIA,P3,27,0,0,ALL_MORPH_BOUNDARY_GUARD,2,projected_saved_draft_candidate_at_or_after_rejection,1.0,BEFORE_GUARD,False,4,3,2,XSV→ETM
WIKIPEDIA,P3,27,1,1,ALL_MORPH_BOUNDARY_GUARD,2,projected_saved_draft_candidate_at_or_after_rejection,2.0,AT_GUARD,True,4,3,2,XSN→JKB
WIKIPEDIA,P3,27,16,36,ALL_MORPH_BOUNDARY_GUARD,3,projected_saved_draft_candidate_at_or_after_rejection,1.0,BEFORE_GUARD,False,4,2,1,VX→EF
WIKIPEDIA,P3,27,17,37,ALL_MORPH_BOUNDARY_GUARD,1,projected_saved_draft_candidate_at_or_after_rejection,2.0,AFTER_GUARD,True,4,4,3,XSV→EC
WIKIPEDIA,P3,27,19,41,ALL_MORPH_BOUNDARY_GUARD,2,saved_H3_exact_target_token,,NO_REJECTION,True,4,3,2,XSN→JX
WIKIPEDIA,P3,27,32,76,ALL_MORPH_BOUNDARY_GUARD,2,saved_H3_exact_target_token,,NO_REJECTION,True,4,3,2,XSV→EC
WIKIPEDIA,P3,27,33,80,NP_BOUNDARY_GUARD,3,projected_saved_draft_candidate_at_or_after_rejection,1.0,BEFORE_GUARD,False,4,2,1,NNG→JX
WIKIPEDIA,P3,27,33,80,ALL_MORPH_BOUNDARY_GUARD,3,projected_saved_draft_candidate_at_or_after_rejection,1.0,BEFORE_GUARD,False,4,2,1,NNG→JX
WIKIPEDIA,P3,27,34,81,NP_BOUNDARY_GUARD,3,saved_H3_exact_target_token,,NO_REJECTION,True,4,2,1,NNG→JX
WIKIPEDIA,P3,27,34,81,ALL_MORPH_BOUNDARY_GUARD,3,saved_H3_exact_target_token,,NO_REJECTION,True,4,2,1,NNG→JX
WIKIPEDIA,P3,27,36,87,ALL_MORPH_BOUNDARY_GUARD,1,projected_saved_draft_candidate_at_or_after_rejection,2.0,AFTER_GUARD,True,4,4,3,VA→ETM
WIKIPEDIA,P3,27,40,95,ALL_MORPH_BOUNDARY_GUARD,2,saved_H3_exact_target_token,,NO_REJECTION,True,4,3,2,XSN→JX
WIKIPEDIA,P3,28,15,37,ALL_MORPH_BOUNDARY_GUARD,3,saved_H3_exact_target_token,,NO_REJECTION,True,4,2,1,XSV→EC
WIKIPEDIA,P3,28,16,41,ALL_MORPH_BOUNDARY_GUARD,2,projected_saved_draft_candidate_at_or_after_rejection,2.0,AT_GUARD,True,4,3,2,XSV→ETM
WIKIPEDIA,P3,28,18,44,ALL_MORPH_BOUNDARY_GUARD,3,saved_H3_exact_target_token,,NO_REJECTION,True,4,2,1,VCP→EF
WIKIPEDIA,P3,28,29,82,ALL_MORPH_BOUNDARY_GUARD,2,saved_H3_exact_target_token,,NO_REJECTION,True,4,3,2,XSV→EC
WIKIPEDIA,P3,28,31,90,ALL_MORPH_BOUNDARY_GUARD,1,saved_H3_exact_target_token,,NO_REJECTION,True,4,4,3,VCP→EF
WIKIPEDIA,P3,29,11,20,ALL_MORPH_BOUNDARY_GUARD,1,projected_saved_draft_candidate_at_or_after_rejection,3.0,AFTER_GUARD,True,4,4,3,VX→EF
WIKIPEDIA,P3,29,17,42,ALL_MORPH_BOUNDARY_GUARD,2,saved_H3_exact_target_token,,NO_REJECTION,True,4,3,2,XSV→EC
WIKIPEDIA,P3,29,23,66,ALL_MORPH_BOUNDARY_GUARD,2,saved_H3_exact_target_token,,NO_REJECTION,True,4,3,2,XSV→EC
WIKIPEDIA,P3,29,29,90,ALL_MORPH_BOUNDARY_GUARD,2,saved_H3_exact_target_token,,NO_REJECTION,True,4,3,2,XSV→EC
WIKIPEDIA,P3,29,35,114,ALL_MORPH_BOUNDARY_GUARD,2,saved_H3_exact_target_token,,NO_REJECTION,True,4,3,2,XSV→EC
WIKIPEDIA,P3,30,0,0,ALL_MORPH_BOUNDARY_GUARD,3,projected_saved_draft_candidate_at_or_after_rejection,2.0,BEFORE_GUARD,False,4,2,1,NP→VCP
WIKIPEDIA,P3,31,41,95,NP_BOUNDARY_GUARD,3,projected_saved_draft_candidate_at_or_after_rejection,1.0,BEFORE_GUARD,False,4,2,1,NNG→JKO
WIKIPEDIA,P3,31,41,95,ALL_MORPH_BOUNDARY_GUARD,3,projected_saved_draft_candidate_at_or_after_rejection,1.0,BEFORE_GUARD,False,4,2,1,NNG→JKO
WIKIPEDIA,P3,31,43,99,ALL_MORPH_BOUNDARY_GUARD,1,saved_H3_exact_target_token,,NO_REJECTION,True,4,4,3,EP→EF
WIKIPEDIA,P3,32,0,0,ALL_MORPH_BOUNDARY_GUARD,1,projected_saved_draft_candidate_at_or_after_rejection,2.0,AFTER_GUARD,True,4,4,3,IC→JX
WIKIPEDIA,P3,33,0,0,ALL_MORPH_BOUNDARY_GUARD,1,saved_H3_exact_target_token,,NO_REJECTION,True,4,4,3,NNB→XSN
WIKIPEDIA,P3,33,1,4,ALL_MORPH_BOUNDARY_GUARD,2,projected_saved_draft_candidate_at_or_after_rejection,1.0,BEFORE_GUARD,False,4,3,2,XSA→EC
WIKIPEDIA,P3,33,9,21,ALL_MORPH_BOUNDARY_GUARD,2,projected_saved_draft_candidate_at_or_after_rejection,3.0,AFTER_GUARD,True,4,3,2,VV→ETM
WIKIPEDIA,P3,33,14,36,ALL_MORPH_BOUNDARY_GUARD,1,projected_saved_draft_candidate_at_or_after_rejection,4.0,AFTER_GUARD,True,4,4,3,VCP→EC
WIKIPEDIA,P3,33,16,44,ALL_MORPH_BOUNDARY_GUARD,3,projected_saved_draft_candidate_at_or_after_rejection,4.0,AFTER_GUARD,True,4,2,1,VV→ETM
WIKIPEDIA,P3,33,25,69,ALL_MORPH_BOUNDARY_GUARD,3,projected_saved_draft_candidate_at_or_after_rejection,1.0,BEFORE_GUARD,False,4,2,1,VV→EC
WIKIPEDIA,P3,33,31,87,ALL_MORPH_BOUNDARY_GUARD,1,saved_H3_exact_target_token,,NO_REJECTION,True,4,4,3,XSV→EC
WIKIPEDIA,P3,33,35,102,ALL_MORPH_BOUNDARY_GUARD,2,saved_H3_exact_target_token,,NO_REJECTION,True,4,3,2,VV→EC
WIKIPEDIA,P3,33,39,117,ALL_MORPH_BOUNDARY_GUARD,2,projected_saved_draft_candidate_at_or_after_rejection,2.0,AT_GUARD,True,4,3,2,XSV→EC
WIKIPEDIA,P3,33,40,119,ALL_MORPH_BOUNDARY_GUARD,2,projected_saved_draft_candidate_at_or_after_rejection,1.0,BEFORE_GUARD,False,4,3,2,VA→ETM
WIKIPEDIA,P3,34,13,34,ALL_MORPH_BOUNDARY_GUARD,1,saved_H3_exact_target_token,,NO_REJECTION,True,4,4,3,VCP→EF
WIKIPEDIA,P3,34,34,108,ALL_MORPH_BOUNDARY_GUARD,1,projected_saved_draft_candidate_at_or_after_rejection,1.0,AT_GUARD,True,4,4,3,VA→ETM
WIKIPEDIA,P3,34,36,110,ALL_MORPH_BOUNDARY_GUARD,3,saved_H3_exact_target_token,,NO_REJECTION,True,4,2,1,VA→EF
WIKIPEDIA,P3,35,8,20,ALL_MORPH_BOUNDARY_GUARD,3,projected_saved_draft_candidate_at_or_after_rejection,1.0,BEFORE_GUARD,False,4,2,1,XSV→EP
WIKIPEDIA,P3,36,4,13,ALL_MORPH_BOUNDARY_GUARD,1,projected_saved_draft_candidate_at_or_after_rejection,4.0,AFTER_GUARD,True,4,4,3,XSN→JKS
WIKIPEDIA,P3,37,9,18,ALL_MORPH_BOUNDARY_GUARD,3,projected_saved_draft_candidate_at_or_after_rejection,2.0,BEFORE_GUARD,False,4,2,1,VV→EC
WIKIPEDIA,P3,37,26,60,ALL_MORPH_BOUNDARY_GUARD,2,saved_H3_exact_target_token,,NO_REJECTION,True,4,3,2,XSN→JKB
WIKIPEDIA,P3,38,5,14,NP_BOUNDARY_GUARD,1,projected_saved_draft_candidate_at_or_after_rejection,1.0,AT_GUARD,True,4,4,3,NNB→JKS
WIKIPEDIA,P3,38,5,14,ALL_MORPH_BOUNDARY_GUARD,1,projected_saved_draft_candidate_at_or_after_rejection,1.0,AT_GUARD,True,4,4,3,NNB→JKS
WIKIPEDIA,P3,38,6,15,ALL_MORPH_BOUNDARY_GUARD,2,saved_H3_exact_target_token,,NO_REJECTION,True,4,3,2,VV→EF
WIKIPEDIA,P3,38,23,63,ALL_MORPH_BOUNDARY_GUARD,3,projected_saved_draft_candidate_at_or_after_rejection,1.0,BEFORE_GUARD,False,4,2,1,XSV→ETM
WIKIPEDIA,P3,38,25,68,ALL_MORPH_BOUNDARY_GUARD,2,projected_saved_draft_candidate_at_or_after_rejection,2.0,AT_GUARD,True,4,3,2,XSV→ETM
WIKIPEDIA,P3,39,29,69,ALL_MORPH_BOUNDARY_GUARD,2,projected_saved_draft_candidate_at_or_after_rejection,4.0,AFTER_GUARD,True,4,3,2,XSV→ETM
WIKIPEDIA,P3,39,36,93,ALL_MORPH_BOUNDARY_GUARD,1,projected_saved_draft_candidate_at_or_after_rejection,4.0,AFTER_GUARD,True,4,4,3,VA→EF
WIKIPEDIA,P3,39,45,114,ALL_MORPH_BOUNDARY_GUARD,2,projected_saved_draft_candidate_at_or_after_rejection,4.0,AFTER_GUARD,True,4,3,2,VCP→EC
WIKIPEDIA,P3,40,2,4,ALL_MORPH_BOUNDARY_GUARD,2,projected_saved_draft_candidate_at_or_after_rejection,1.0,BEFORE_GUARD,False,4,3,2,VCP→EF
WIKIPEDIA,P3,40,4,8,ALL_MORPH_BOUNDARY_GUARD,3,saved_H3_exact_target_token,,NO_REJECTION,True,4,2,1,VCP→EF
WIKIPEDIA,P3,40,20,50,ALL_MORPH_BOUNDARY_GUARD,2,projected_saved_draft_candidate_at_or_after_rejection,1.0,BEFORE_GUARD,False,4,3,2,VA→EF
WIKIPEDIA,P3,41,1,1,ALL_MORPH_BOUNDARY_GUARD,3,saved_H3_exact_target_token,,NO_REJECTION,True,4,2,1,XSV→EC
WIKIPEDIA,P3,41,23,60,ALL_MORPH_BOUNDARY_GUARD,1,saved_H3_exact_target_token,,NO_REJECTION,True,4,4,3,VCP→EC
WIKIPEDIA,P3,41,30,85,ALL_MORPH_BOUNDARY_GUARD,3,saved_H3_exact_target_token,,NO_REJECTION,True,4,2,1,VCP→EC
WIKIPEDIA,P3,41,37,113,ALL_MORPH_BOUNDARY_GUARD,2,saved_H3_exact_target_token,,NO_REJECTION,True,4,3,2,VCP→EC
WIKIPEDIA,P3,42,0,0,ALL_MORPH_BOUNDARY_GUARD,3,projected_saved_draft_candidate_at_or_after_rejection,1.0,BEFORE_GUARD,False,4,2,1,XSV→ETM
WIKIPEDIA,P3,42,9,22,ALL_MORPH_BOUNDARY_GUARD,2,projected_saved_draft_candidate_at_or_after_rejection,2.0,AT_GUARD,True,4,3,2,VCP→EF
WIKIPEDIA,P3,42,31,87,ALL_MORPH_BOUNDARY_GUARD,3,projected_saved_draft_candidate_at_or_after_rejection,1.0,BEFORE_GUARD,False,4,2,1,XSA→EF
WIKIPEDIA,P3,42,38,112,NP_BOUNDARY_GUARD,1,projected_saved_draft_candidate_at_or_after_rejection,2.0,AFTER_GUARD,True,4,4,3,NNB→JX
WIKIPEDIA,P3,42,38,112,ALL_MORPH_BOUNDARY_GUARD,1,projected_saved_draft_candidate_at_or_after_rejection,2.0,AFTER_GUARD,True,4,4,3,NNB→JX
WIKIPEDIA,P3,43,3,7,ALL_MORPH_BOUNDARY_GUARD,2,projected_saved_draft_candidate_at_or_after_rejection,4.0,AFTER_GUARD,True,4,3,2,VA→EF
WIKIPEDIA,P3,44,1,4,NP_BOUNDARY_GUARD,1,projected_saved_draft_candidate_at_or_after_rejection,3.0,AFTER_GUARD,True,4,4,3,NNG→JKO
WIKIPEDIA,P3,44,1,4,ALL_MORPH_BOUNDARY_GUARD,1,projected_saved_draft_candidate_at_or_after_rejection,3.0,AFTER_GUARD,True,4,4,3,NNG→JKO
WIKIPEDIA,P3,44,13,44,ALL_MORPH_BOUNDARY_GUARD,1,saved_H3_exact_target_token,,NO_REJECTION,True,4,4,3,XSV→ETM
WIKIPEDIA,P3,44,14,48,ALL_MORPH_BOUNDARY_GUARD,3,projected_saved_draft_candidate_at_or_after_rejection,4.0,AFTER_GUARD,True,4,2,1,VCP→EF
WIKIPEDIA,P3,44,26,81,ALL_MORPH_BOUNDARY_GUARD,2,saved_H3_exact_target_token,,NO_REJECTION,True,4,3,2,XSV→ETM
WIKIPEDIA,P3,44,32,104,ALL_MORPH_BOUNDARY_GUARD,1,saved_H3_exact_target_token,,NO_REJECTION,True,4,4,3,XSV→ETM
WIKIPEDIA,P3,44,36,120,ALL_MORPH_BOUNDARY_GUARD,3,saved_H3_exact_target_token,,NO_REJECTION,True,4,2,1,XSV→ETM
WIKIPEDIA,P3,45,0,0,NP_BOUNDARY_GUARD,2,projected_saved_draft_candidate_at_or_after_rejection,3.0,AFTER_GUARD,True,4,3,2,NNG→JKO
WIKIPEDIA,P3,45,0,0,ALL_MORPH_BOUNDARY_GUARD,2,projected_saved_draft_candidate_at_or_after_rejection,3.0,AFTER_GUARD,True,4,3,2,NNG→JKO
WIKIPEDIA,P3,45,4,13,NP_BOUNDARY_GUARD,3,projected_saved_draft_candidate_at_or_after_rejection,1.0,BEFORE_GUARD,False,4,2,1,NNG→JX
WIKIPEDIA,P3,45,4,13,ALL_MORPH_BOUNDARY_GUARD,3,projected_saved_draft_candidate_at_or_after_rejection,1.0,BEFORE_GUARD,False,4,2,1,NNG→JX
WIKIPEDIA,P3,45,5,14,ALL_MORPH_BOUNDARY_GUARD,2,saved_H3_exact_target_token,,NO_REJECTION,True,4,3,2,XSV→EC
WIKIPEDIA,P3,45,8,25,NP_BOUNDARY_GUARD,3,saved_H3_exact_target_token,,NO_REJECTION,True,4,2,1,NNG→JKO
WIKIPEDIA,P3,45,8,25,ALL_MORPH_BOUNDARY_GUARD,3,saved_H3_exact_target_token,,NO_REJECTION,True,4,2,1,NNG→JKO
WIKIPEDIA,P3,45,9,29,ALL_MORPH_BOUNDARY_GUARD,3,projected_saved_draft_candidate_at_or_after_rejection,3.0,AT_GUARD,True,4,2,1,XSV→ETM
WIKIPEDIA,P3,45,12,35,ALL_MORPH_BOUNDARY_GUARD,3,projected_saved_draft_candidate_at_or_after_rejection,3.0,AT_GUARD,True,4,2,1,VA→EP
WIKIPEDIA,P3,45,13,38,ALL_MORPH_BOUNDARY_GUARD,1,projected_saved_draft_candidate_at_or_after_rejection,1.0,AT_GUARD,True,4,4,3,XSV→EP
WIKIPEDIA,P3,45,23,60,NP_BOUNDARY_GUARD,1,saved_H3_exact_target_token,,NO_REJECTION,True,4,4,3,NNG→JKO
WIKIPEDIA,P3,45,23,60,ALL_MORPH_BOUNDARY_GUARD,1,saved_H3_exact_target_token,,NO_REJECTION,True,4,4,3,NNG→JKO
WIKIPEDIA,P3,45,26,72,ALL_MORPH_BOUNDARY_GUARD,3,projected_saved_draft_candidate_at_or_after_rejection,1.0,BEFORE_GUARD,False,4,2,1,XSV→EC
WIKIPEDIA,P3,45,38,100,NP_BOUNDARY_GUARD,2,saved_H3_exact_target_token,,NO_REJECTION,True,4,3,2,NNG→JKO
WIKIPEDIA,P3,45,38,100,ALL_MORPH_BOUNDARY_GUARD,2,saved_H3_exact_target_token,,NO_REJECTION,True,4,3,2,NNG→JKO
WIKIPEDIA,P3,46,1,1,ALL_MORPH_BOUNDARY_GUARD,1,projected_saved_draft_candidate_at_or_after_rejection,1.0,AT_GUARD,True,4,4,3,VV→EC
WIKIPEDIA,P3,46,6,14,ALL_MORPH_BOUNDARY_GUARD,1,saved_H3_exact_target_token,,NO_REJECTION,True,4,4,3,XSV→EC
WIKIPEDIA,P3,46,12,34,ALL_MORPH_BOUNDARY_GUARD,3,saved_H3_exact_target_token,,NO_REJECTION,True,4,2,1,VCP→EC
WIKIPEDIA,P3,46,17,54,ALL_MORPH_BOUNDARY_GUARD,3,projected_saved_draft_candidate_at_or_after_rejection,3.0,AT_GUARD,True,4,2,1,SSO→SL
WIKIPEDIA,P3,46,28,81,ALL_MORPH_BOUNDARY_GUARD,2,projected_saved_draft_candidate_at_or_after_rejection,4.0,AFTER_GUARD,True,4,3,2,VCP→EF
WIKIPEDIA,P3,46,42,124,ALL_MORPH_BOUNDARY_GUARD,2,projected_saved_draft_candidate_at_or_after_rejection,4.0,AFTER_GUARD,True,4,3,2,VCP→EF
WIKIPEDIA,P3,48,6,14,ALL_MORPH_BOUNDARY_GUARD,3,projected_saved_draft_candidate_at_or_after_rejection,2.0,BEFORE_GUARD,False,4,2,1,SSO→SL
WIKIPEDIA,P3,48,17,44,ALL_MORPH_BOUNDARY_GUARD,1,saved_H3_exact_target_token,,NO_REJECTION,True,4,4,3,XSV→EC
WIKIPEDIA,P3,48,33,87,ALL_MORPH_BOUNDARY_GUARD,2,saved_H3_exact_target_token,,NO_REJECTION,True,4,3,2,XSV→EC
WIKIPEDIA,P3,48,36,98,ALL_MORPH_BOUNDARY_GUARD,2,saved_H3_exact_target_token,,NO_REJECTION,True,4,3,2,XSV→EC
WIKIPEDIA,P3,48,39,109,ALL_MORPH_BOUNDARY_GUARD,2,saved_H3_exact_target_token,,NO_REJECTION,True,4,3,2,XSV→EC
WIKIPEDIA,P3,48,42,120,ALL_MORPH_BOUNDARY_GUARD,2,saved_H3_exact_target_token,,NO_REJECTION,True,4,3,2,XSV→EC
WIKIPEDIA,P3,49,17,45,ALL_MORPH_BOUNDARY_GUARD,1,projected_saved_draft_candidate_at_or_after_rejection,1.0,AT_GUARD,True,4,4,3,VA→EF
WIKIPEDIA,P3,49,19,47,ALL_MORPH_BOUNDARY_GUARD,3,projected_saved_draft_candidate_at_or_after_rejection,3.0,AT_GUARD,True,4,2,1,VCP→EF
WIKIPEDIA,P3,49,29,74,ALL_MORPH_BOUNDARY_GUARD,1,projected_saved_draft_candidate_at_or_after_rejection,1.0,AT_GUARD,True,4,4,3,VA→ETM
WIKIPEDIA,P3,49,35,88,ALL_MORPH_BOUNDARY_GUARD,2,projected_saved_draft_candidate_at_or_after_rejection,3.0,AFTER_GUARD,True,4,3,2,VCP→EF
WIKIPEDIA,P3,49,44,111,ALL_MORPH_BOUNDARY_GUARD,3,projected_saved_draft_candidate_at_or_after_rejection,2.0,BEFORE_GUARD,False,4,2,1,VA→EF
WIKIPEDIA,P3,51,9,28,ALL_MORPH_BOUNDARY_GUARD,2,projected_saved_draft_candidate_at_or_after_rejection,2.0,AT_GUARD,True,4,3,2,VX→EF
WIKIPEDIA,P3,51,14,38,ALL_MORPH_BOUNDARY_GUARD,2,projected_saved_draft_candidate_at_or_after_rejection,4.0,AFTER_GUARD,True,4,3,2,XSV→EC
WIKIPEDIA,P3,51,19,53,ALL_MORPH_BOUNDARY_GUARD,1,saved_H3_exact_target_token,,NO_REJECTION,True,4,4,3,XSV→EC
WIKIPEDIA,P3,51,22,65,ALL_MORPH_BOUNDARY_GUARD,1,projected_saved_draft_candidate_at_or_after_rejection,2.0,AFTER_GUARD,True,4,4,3,VX→EF
WIKIPEDIA,P3,51,28,87,ALL_MORPH_BOUNDARY_GUARD,3,saved_H3_exact_target_token,,NO_REJECTION,True,4,2,1,XSV→EC
WIKIPEDIA,P3,51,32,103,ALL_MORPH_BOUNDARY_GUARD,1,saved_H3_exact_target_token,,NO_REJECTION,True,4,4,3,XSV→EC
WIKIPEDIA,P3,51,35,115,ALL_MORPH_BOUNDARY_GUARD,1,saved_H3_exact_target_token,,NO_REJECTION,True,4,4,3,VX→EF
WIKIPEDIA,P3,53,0,0,ALL_MORPH_BOUNDARY_GUARD,1,projected_saved_draft_candidate_at_or_after_rejection,2.0,AFTER_GUARD,True,4,4,3,VV→EP
WIKIPEDIA,P3,53,15,37,ALL_MORPH_BOUNDARY_GUARD,2,projected_saved_draft_candidate_at_or_after_rejection,2.0,AT_GUARD,True,4,3,2,JKB→JX
WIKIPEDIA,P3,53,21,50,ALL_MORPH_BOUNDARY_GUARD,2,saved_H3_exact_target_token,,NO_REJECTION,True,4,3,2,XSV→EP
WIKIPEDIA,P3,53,36,102,ALL_MORPH_BOUNDARY_GUARD,1,projected_saved_draft_candidate_at_or_after_rejection,1.0,AT_GUARD,True,4,4,3,XSV→EP
WIKIPEDIA,P3,54,1,3,ALL_MORPH_BOUNDARY_GUARD,2,projected_saved_draft_candidate_at_or_after_rejection,3.0,AFTER_GUARD,True,4,3,2,SSC→SSC
WIKIPEDIA,P3,54,2,6,ALL_MORPH_BOUNDARY_GUARD,3,projected_saved_draft_candidate_at_or_after_rejection,1.0,BEFORE_GUARD,False,4,2,1,XSV→EC
WIKIPEDIA,P3,54,4,11,ALL_MORPH_BOUNDARY_GUARD,2,projected_saved_draft_candidate_at_or_after_rejection,1.0,BEFORE_GUARD,False,4,3,2,VA→EF
WIKIPEDIA,P3,54,29,75,ALL_MORPH_BOUNDARY_GUARD,2,saved_H3_exact_target_token,,NO_REJECTION,True,4,3,2,VV→ETM
WIKIPEDIA,P3,54,45,110,ALL_MORPH_BOUNDARY_GUARD,3,projected_saved_draft_candidate_at_or_after_rejection,3.0,AT_GUARD,True,4,2,1,XSV→EC
WIKIPEDIA,P3,55,20,59,ALL_MORPH_BOUNDARY_GUARD,2,saved_H3_exact_target_token,,NO_REJECTION,True,4,3,2,XSN→JX
WIKIPEDIA,P3,55,23,71,ALL_MORPH_BOUNDARY_GUARD,3,saved_H3_exact_target_token,,NO_REJECTION,True,4,2,1,XSV→EC
WIKIPEDIA,P3,56,6,17,ALL_MORPH_BOUNDARY_GUARD,3,projected_saved_draft_candidate_at_or_after_rejection,3.0,AT_GUARD,True,4,2,1,XSV→EP
WIKIPEDIA,P3,56,16,38,ALL_MORPH_BOUNDARY_GUARD,3,projected_saved_draft_candidate_at_or_after_rejection,3.0,AT_GUARD,True,4,2,1,XSV→EC
WIKIPEDIA,P3,56,28,83,ALL_MORPH_BOUNDARY_GUARD,2,saved_H3_exact_target_token,,NO_REJECTION,True,4,3,2,XSV→EP
WIKIPEDIA,P3,58,5,8,NP_BOUNDARY_GUARD,3,saved_H3_exact_target_token,,NO_REJECTION,True,4,2,1,NNG→JX
WIKIPEDIA,P3,58,5,8,ALL_MORPH_BOUNDARY_GUARD,3,saved_H3_exact_target_token,,NO_REJECTION,True,4,2,1,NNG→JX
WIKIPEDIA,P3,58,16,42,NP_BOUNDARY_GUARD,2,saved_H3_exact_target_token,,NO_REJECTION,True,4,3,2,NNG→JX
WIKIPEDIA,P3,58,16,42,ALL_MORPH_BOUNDARY_GUARD,2,saved_H3_exact_target_token,,NO_REJECTION,True,4,3,2,NNG→JX
WIKIPEDIA,P3,58,22,58,NP_BOUNDARY_GUARD,3,projected_saved_draft_candidate_at_or_after_rejection,2.0,BEFORE_GUARD,False,4,2,1,NNG→JKO
WIKIPEDIA,P3,58,22,58,ALL_MORPH_BOUNDARY_GUARD,3,projected_saved_draft_candidate_at_or_after_rejection,2.0,BEFORE_GUARD,False,4,2,1,NNG→JKO
WIKIPEDIA,P3,58,26,68,NP_BOUNDARY_GUARD,3,saved_H3_exact_target_token,,NO_REJECTION,True,4,2,1,NNG→JX
WIKIPEDIA,P3,58,26,68,ALL_MORPH_BOUNDARY_GUARD,3,saved_H3_exact_target_token,,NO_REJECTION,True,4,2,1,NNG→JX
WIKIPEDIA,P3,58,33,96,NP_BOUNDARY_GUARD,2,saved_H3_exact_target_token,,NO_REJECTION,True,4,3,2,NNG→JX
WIKIPEDIA,P3,58,33,96,ALL_MORPH_BOUNDARY_GUARD,2,saved_H3_exact_target_token,,NO_REJECTION,True,4,3,2,NNG→JX
WIKIPEDIA,P3,58,40,124,NP_BOUNDARY_GUARD,1,saved_H3_exact_target_token,,NO_REJECTION,True,4,4,3,NNG→JX
WIKIPEDIA,P3,58,40,124,ALL_MORPH_BOUNDARY_GUARD,1,saved_H3_exact_target_token,,NO_REJECTION,True,4,4,3,NNG→JX
WIKIPEDIA,P3,59,14,41,ALL_MORPH_BOUNDARY_GUARD,3,saved_H3_exact_target_token,,NO_REJECTION,True,4,2,1,VX→EF
WIKIPEDIA,P3,59,31,100,NP_BOUNDARY_GUARD,2,projected_saved_draft_candidate_at_or_after_rejection,2.0,AT_GUARD,True,4,3,2,NNG→JKS
WIKIPEDIA,P3,59,31,100,ALL_MORPH_BOUNDARY_GUARD,2,projected_saved_draft_candidate_at_or_after_rejection,2.0,AT_GUARD,True,4,3,2,NNG→JKS
WIKIPEDIA,P3,59,35,106,NP_BOUNDARY_GUARD,3,projected_saved_draft_candidate_at_or_after_rejection,1.0,BEFORE_GUARD,False,4,2,1,NNG→JKG
WIKIPEDIA,P3,59,35,106,ALL_MORPH_BOUNDARY_GUARD,3,projected_saved_draft_candidate_at_or_after_rejection,1.0,BEFORE_GUARD,False,4,2,1,NNG→JKG
WIKIPEDIA,P3,59,36,107,NP_BOUNDARY_GUARD,3,projected_saved_draft_candidate_at_or_after_rejection,3.0,AT_GUARD,True,4,2,1,NNG→JKS
WIKIPEDIA,P3,59,36,107,ALL_MORPH_BOUNDARY_GUARD,3,projected_saved_draft_candidate_at_or_after_rejection,3.0,AT_GUARD,True,4,2,1,NNG→JKS
WIKIPEDIA,P3,59,42,118,ALL_MORPH_BOUNDARY_GUARD,3,saved_H3_exact_target_token,,NO_REJECTION,True,4,2,1,VA→EF
WIKIPEDIA,P3,60,0,0,ALL_MORPH_BOUNDARY_GUARD,2,projected_saved_draft_candidate_at_or_after_rejection,1.0,BEFORE_GUARD,False,4,3,2,VCP→EF
WIKIPEDIA,P3,60,10,26,ALL_MORPH_BOUNDARY_GUARD,1,projected_saved_draft_candidate_at_or_after_rejection,2.0,AFTER_GUARD,True,4,4,3,VCP→EF
WIKIPEDIA,P3,60,12,29,ALL_MORPH_BOUNDARY_GUARD,3,projected_saved_draft_candidate_at_or_after_rejection,1.0,BEFORE_GUARD,False,4,2,1,SSO→SL
WIKIPEDIA,P3,60,18,44,ALL_MORPH_BOUNDARY_GUARD,1,projected_saved_draft_candidate_at_or_after_rejection,3.0,AFTER_GUARD,True,4,4,3,VA→EF
WIKIPEDIA,P3,60,22,54,ALL_MORPH_BOUNDARY_GUARD,1,projected_saved_draft_candidate_at_or_after_rejection,1.0,AT_GUARD,True,4,4,3,VA→ETM
WIKIPEDIA,P3,60,26,64,ALL_MORPH_BOUNDARY_GUARD,3,projected_saved_draft_candidate_at_or_after_rejection,1.0,BEFORE_GUARD,False,4,2,1,VCP→EF
WIKIPEDIA,P3,61,22,55,ALL_MORPH_BOUNDARY_GUARD,1,projected_saved_draft_candidate_at_or_after_rejection,1.0,AT_GUARD,True,4,4,3,VA→EF
WIKIPEDIA,P3,61,32,75,ALL_MORPH_BOUNDARY_GUARD,3,projected_saved_draft_candidate_at_or_after_rejection,1.0,BEFORE_GUARD,False,4,2,1,VV→EC
WIKIPEDIA,P3,61,44,104,ALL_MORPH_BOUNDARY_GUARD,3,projected_saved_draft_candidate_at_or_after_rejection,1.0,BEFORE_GUARD,False,4,2,1,VA→EF
WIKIPEDIA,P3,61,49,113,ALL_MORPH_BOUNDARY_GUARD,1,saved_H3_exact_target_token,,NO_REJECTION,True,4,4,3,VA→EF
WIKIPEDIA,P3,61,52,124,ALL_MORPH_BOUNDARY_GUARD,2,projected_saved_draft_candidate_at_or_after_rejection,3.0,AFTER_GUARD,True,4,3,2,VA→EF
WIKIPEDIA,P3,62,10,27,ALL_MORPH_BOUNDARY_GUARD,2,projected_saved_draft_candidate_at_or_after_rejection,2.0,AT_GUARD,True,4,3,2,XSN→JKB
WIKIPEDIA,P3,62,20,49,ALL_MORPH_BOUNDARY_GUARD,3,projected_saved_draft_candidate_at_or_after_rejection,3.0,AT_GUARD,True,4,2,1,XSV→EC
WIKIPEDIA,P3,62,30,78,ALL_MORPH_BOUNDARY_GUARD,3,projected_saved_draft_candidate_at_or_after_rejection,1.0,BEFORE_GUARD,False,4,2,1,VCP→EF
WIKIPEDIA,P3,63,0,0,ALL_MORPH_BOUNDARY_GUARD,3,saved_H3_exact_target_token,,NO_REJECTION,True,4,2,1,VCP→EF
WIKIPEDIA,P3,63,2,7,ALL_MORPH_BOUNDARY_GUARD,1,projected_saved_draft_candidate_at_or_after_rejection,1.0,AT_GUARD,True,4,4,3,VA→EF
WIKIPEDIA,P3,63,29,78,ALL_MORPH_BOUNDARY_GUARD,2,projected_saved_draft_candidate_at_or_after_rejection,1.0,BEFORE_GUARD,False,4,3,2,XSV→ETM
WIKIPEDIA,P3,63,33,91,NP_BOUNDARY_GUARD,3,projected_saved_draft_candidate_at_or_after_rejection,1.0,BEFORE_GUARD,False,4,2,1,NNB→JX
WIKIPEDIA,P3,63,33,91,ALL_MORPH_BOUNDARY_GUARD,2,projected_saved_draft_candidate_at_or_after_rejection,1.0,BEFORE_GUARD,False,4,3,2,XSV→ETM
WIKIPEDIA,P3,63,39,106,ALL_MORPH_BOUNDARY_GUARD,1,projected_saved_draft_candidate_at_or_after_rejection,2.0,AFTER_GUARD,True,4,4,3,XSV→ETM
WIKIPEDIA,P3,64,10,28,ALL_MORPH_BOUNDARY_GUARD,1,projected_saved_draft_candidate_at_or_after_rejection,1.0,AT_GUARD,True,4,4,3,XSV→ETN
WIKIPEDIA,P3,64,11,29,ALL_MORPH_BOUNDARY_GUARD,3,saved_H3_exact_target_token,,NO_REJECTION,True,4,2,1,VCP→EF
WIKIPEDIA,P3,64,16,47,ALL_MORPH_BOUNDARY_GUARD,3,projected_saved_draft_candidate_at_or_after_rejection,2.0,BEFORE_GUARD,False,4,2,1,XSV→ETM
WIKIPEDIA,P3,64,27,87,ALL_MORPH_BOUNDARY_GUARD,3,projected_saved_draft_candidate_at_or_after_rejection,1.0,BEFORE_GUARD,False,4,2,1,XSV→ETM
WIKIPEDIA,P3,65,4,12,ALL_MORPH_BOUNDARY_GUARD,2,saved_H3_exact_target_token,,NO_REJECTION,True,4,3,2,VA→EF
WIKIPEDIA,P3,65,13,37,ALL_MORPH_BOUNDARY_GUARD,1,projected_saved_draft_candidate_at_or_after_rejection,1.0,AT_GUARD,True,4,4,3,VA→ETM
WIKIPEDIA,P3,65,20,57,ALL_MORPH_BOUNDARY_GUARD,2,projected_saved_draft_candidate_at_or_after_rejection,1.0,BEFORE_GUARD,False,4,3,2,VCP→EF
WIKIPEDIA,P3,65,34,95,ALL_MORPH_BOUNDARY_GUARD,3,saved_H3_exact_target_token,,NO_REJECTION,True,4,2,1,XSN→JKG
WIKIPEDIA,P3,65,35,99,ALL_MORPH_BOUNDARY_GUARD,3,saved_H3_exact_target_token,,NO_REJECTION,True,4,2,1,VCP→EF
WIKIPEDIA,P3,65,39,112,ALL_MORPH_BOUNDARY_GUARD,3,projected_saved_draft_candidate_at_or_after_rejection,3.0,AT_GUARD,True,4,2,1,VA→EF
WIKIPEDIA,P3,65,41,119,ALL_MORPH_BOUNDARY_GUARD,3,saved_H3_exact_target_token,,NO_REJECTION,True,4,2,1,VA→EF
WIKIPEDIA,P3,67,4,15,NP_BOUNDARY_GUARD,2,projected_saved_draft_candidate_at_or_after_rejection,2.0,AT_GUARD,True,4,3,2,NNG→JKO
WIKIPEDIA,P3,67,4,15,ALL_MORPH_BOUNDARY_GUARD,2,projected_saved_draft_candidate_at_or_after_rejection,2.0,AT_GUARD,True,4,3,2,NNG→JKO
WIKIPEDIA,P3,67,8,24,ALL_MORPH_BOUNDARY_GUARD,3,projected_saved_draft_candidate_at_or_after_rejection,1.0,BEFORE_GUARD,False,4,2,1,XSV→ETM
WIKIPEDIA,P3,67,10,29,ALL_MORPH_BOUNDARY_GUARD,1,saved_H3_exact_target_token,,NO_REJECTION,True,4,4,3,VCP→EF
WIKIPEDIA,P3,67,17,57,ALL_MORPH_BOUNDARY_GUARD,2,saved_H3_exact_target_token,,NO_REJECTION,True,4,3,2,VCP→EF
WIKIPEDIA,P3,67,24,85,ALL_MORPH_BOUNDARY_GUARD,3,saved_H3_exact_target_token,,NO_REJECTION,True,4,2,1,VCP→EF
WIKIPEDIA,P3,68,3,9,ALL_MORPH_BOUNDARY_GUARD,2,saved_H3_exact_target_token,,NO_REJECTION,True,4,3,2,VV→ETM
WIKIPEDIA,P3,68,17,54,ALL_MORPH_BOUNDARY_GUARD,3,projected_saved_draft_candidate_at_or_after_rejection,2.0,BEFORE_GUARD,False,4,2,1,VA→ETM
WIKIPEDIA,P3,68,21,66,ALL_MORPH_BOUNDARY_GUARD,1,projected_saved_draft_candidate_at_or_after_rejection,2.0,AFTER_GUARD,True,4,4,3,VCP→EC
WIKIPEDIA,P3,68,25,76,ALL_MORPH_BOUNDARY_GUARD,2,projected_saved_draft_candidate_at_or_after_rejection,1.0,BEFORE_GUARD,False,4,3,2,VA→ETM
WIKIPEDIA,P3,68,28,83,ALL_MORPH_BOUNDARY_GUARD,3,saved_H3_exact_target_token,,NO_REJECTION,True,4,2,1,VCP→EC
WIKIPEDIA,P3,68,33,98,ALL_MORPH_BOUNDARY_GUARD,1,projected_saved_draft_candidate_at_or_after_rejection,1.0,AT_GUARD,True,4,4,3,VA→ETM
WIKIPEDIA,P3,68,41,120,ALL_MORPH_BOUNDARY_GUARD,2,saved_H3_exact_target_token,,NO_REJECTION,True,4,3,2,VCP→EF
WIKIPEDIA,P3,69,2,3,ALL_MORPH_BOUNDARY_GUARD,1,projected_saved_draft_candidate_at_or_after_rejection,3.0,AFTER_GUARD,True,4,4,3,VCP→EF
WIKIPEDIA,P3,69,9,19,ALL_MORPH_BOUNDARY_GUARD,1,projected_saved_draft_candidate_at_or_after_rejection,1.0,AT_GUARD,True,4,4,3,VCP→EF
WIKIPEDIA,P3,69,13,29,ALL_MORPH_BOUNDARY_GUARD,1,projected_saved_draft_candidate_at_or_after_rejection,3.0,AFTER_GUARD,True,4,4,3,VCP→EF
WIKIPEDIA,P3,70,3,4,ALL_MORPH_BOUNDARY_GUARD,1,projected_saved_draft_candidate_at_or_after_rejection,2.0,AFTER_GUARD,True,4,4,3,XSV→EC
WIKIPEDIA,P3,70,4,6,ALL_MORPH_BOUNDARY_GUARD,3,projected_saved_draft_candidate_at_or_after_rejection,1.0,BEFORE_GUARD,False,4,2,1,XSV→ETM
WIKIPEDIA,P3,70,5,7,ALL_MORPH_BOUNDARY_GUARD,1,projected_saved_draft_candidate_at_or_after_rejection,2.0,AFTER_GUARD,True,4,4,3,XSV→EC
WIKIPEDIA,P3,70,7,12,ALL_MORPH_BOUNDARY_GUARD,3,saved_H3_exact_target_token,,NO_REJECTION,True,4,2,1,VV→ETM
WIKIPEDIA,P3,70,11,22,ALL_MORPH_BOUNDARY_GUARD,3,projected_saved_draft_candidate_at_or_after_rejection,3.0,AT_GUARD,True,4,2,1,VCP→EC
WIKIPEDIA,P3,71,3,4,ALL_MORPH_BOUNDARY_GUARD,2,saved_H3_exact_target_token,,NO_REJECTION,True,4,3,2,XSV→EC
WIKIPEDIA,P3,72,0,0,ALL_MORPH_BOUNDARY_GUARD,3,projected_saved_draft_candidate_at_or_after_rejection,1.0,BEFORE_GUARD,False,4,2,1,XSN→JX
WIKIPEDIA,P3,72,1,1,ALL_MORPH_BOUNDARY_GUARD,3,projected_saved_draft_candidate_at_or_after_rejection,2.0,BEFORE_GUARD,False,4,2,1,XSN→JX
WIKIPEDIA,P3,72,13,35,ALL_MORPH_BOUNDARY_GUARD,1,projected_saved_draft_candidate_at_or_after_rejection,1.0,AT_GUARD,True,4,4,3,XSV→EP
WIKIPEDIA,P3,73,20,39,ALL_MORPH_BOUNDARY_GUARD,2,projected_saved_draft_candidate_at_or_after_rejection,1.0,BEFORE_GUARD,False,4,3,2,XSV→EP
WIKIPEDIA,P3,73,22,41,ALL_MORPH_BOUNDARY_GUARD,1,saved_H3_exact_target_token,,NO_REJECTION,True,4,4,3,XSV→EP
WIKIPEDIA,P3,73,40,91,NP_BOUNDARY_GUARD,1,projected_saved_draft_candidate_at_or_after_rejection,2.0,AFTER_GUARD,True,4,4,3,NNG→JX
WIKIPEDIA,P3,73,40,91,ALL_MORPH_BOUNDARY_GUARD,1,projected_saved_draft_candidate_at_or_after_rejection,2.0,AFTER_GUARD,True,4,4,3,NNG→JX
WIKIPEDIA,P3,73,47,112,NP_BOUNDARY_GUARD,2,saved_H3_exact_target_token,,NO_REJECTION,True,4,3,2,NNG→JX
WIKIPEDIA,P3,73,47,112,ALL_MORPH_BOUNDARY_GUARD,2,saved_H3_exact_target_token,,NO_REJECTION,True,4,3,2,NNG→JX
WIKIPEDIA,P3,73,50,124,NP_BOUNDARY_GUARD,1,saved_H3_exact_target_token,,NO_REJECTION,True,4,4,3,NNG→JX
WIKIPEDIA,P3,73,50,124,ALL_MORPH_BOUNDARY_GUARD,1,saved_H3_exact_target_token,,NO_REJECTION,True,4,4,3,NNG→JX
WIKIPEDIA,P3,75,27,73,ALL_MORPH_BOUNDARY_GUARD,3,projected_saved_draft_candidate_at_or_after_rejection,3.0,AT_GUARD,True,4,2,1,VCP→EF
WIKIPEDIA,P3,75,30,81,ALL_MORPH_BOUNDARY_GUARD,3,saved_H3_exact_target_token,,NO_REJECTION,True,4,2,1,VCP→EF
WIKIPEDIA,P3,75,34,97,ALL_MORPH_BOUNDARY_GUARD,2,projected_saved_draft_candidate_at_or_after_rejection,2.0,AT_GUARD,True,4,3,2,VCP→EF
WIKIPEDIA,P3,75,39,115,ALL_MORPH_BOUNDARY_GUARD,2,saved_H3_exact_target_token,,NO_REJECTION,True,4,3,2,VCP→EF
WIKIPEDIA,P3,76,2,7,ALL_MORPH_BOUNDARY_GUARD,1,saved_H3_exact_target_token,,NO_REJECTION,True,4,4,3,VX→EF
WIKIPEDIA,P3,76,6,17,ALL_MORPH_BOUNDARY_GUARD,3,projected_saved_draft_candidate_at_or_after_rejection,3.0,AT_GUARD,True,4,2,1,XSN→JKB
WIKIPEDIA,P3,76,19,53,ALL_MORPH_BOUNDARY_GUARD,1,projected_saved_draft_candidate_at_or_after_rejection,2.0,AFTER_GUARD,True,4,4,3,VV→ETM
WIKIPEDIA,P3,76,21,59,ALL_MORPH_BOUNDARY_GUARD,2,projected_saved_draft_candidate_at_or_after_rejection,2.0,AT_GUARD,True,4,3,2,VCP→EF
WIKIPEDIA,P3,76,24,69,ALL_MORPH_BOUNDARY_GUARD,1,saved_H3_exact_target_token,,NO_REJECTION,True,4,4,3,VV→ETM
WIKIPEDIA,P3,76,28,85,ALL_MORPH_BOUNDARY_GUARD,1,saved_H3_exact_target_token,,NO_REJECTION,True,4,4,3,VV→ETM
WIKIPEDIA,P3,76,32,101,ALL_MORPH_BOUNDARY_GUARD,1,saved_H3_exact_target_token,,NO_REJECTION,True,4,4,3,VV→ETM
WIKIPEDIA,P3,76,36,117,ALL_MORPH_BOUNDARY_GUARD,1,saved_H3_exact_target_token,,NO_REJECTION,True,4,4,3,VV→ETM
WIKIPEDIA,P3,77,0,0,ALL_MORPH_BOUNDARY_GUARD,3,saved_H3_exact_target_token,,NO_REJECTION,True,4,2,1,VX→EP
WIKIPEDIA,P3,77,10,30,NP_BOUNDARY_GUARD,3,projected_saved_draft_candidate_at_or_after_rejection,2.0,BEFORE_GUARD,False,4,2,1,NNB→JKO
WIKIPEDIA,P3,77,10,30,ALL_MORPH_BOUNDARY_GUARD,3,projected_saved_draft_candidate_at_or_after_rejection,2.0,BEFORE_GUARD,False,4,2,1,NNB→JKO
WIKIPEDIA,P3,77,11,32,NP_BOUNDARY_GUARD,3,projected_saved_draft_candidate_at_or_after_rejection,4.0,AFTER_GUARD,True,4,2,1,NNB→JKO
WIKIPEDIA,P3,77,11,32,ALL_MORPH_BOUNDARY_GUARD,1,projected_saved_draft_candidate_at_or_after_rejection,4.0,AFTER_GUARD,True,4,4,3,VX→ETM
WIKIPEDIA,P3,77,21,68,NP_BOUNDARY_GUARD,2,projected_saved_draft_candidate_at_or_after_rejection,1.0,BEFORE_GUARD,False,4,3,2,NNB→JKO
WIKIPEDIA,P3,77,21,68,ALL_MORPH_BOUNDARY_GUARD,2,projected_saved_draft_candidate_at_or_after_rejection,1.0,BEFORE_GUARD,False,4,3,2,NNB→JKO
WIKIPEDIA,P3,77,26,77,ALL_MORPH_BOUNDARY_GUARD,2,saved_H3_exact_target_token,,NO_REJECTION,True,4,3,2,XSV→EC
WIKIPEDIA,P3,77,41,114,ALL_MORPH_BOUNDARY_GUARD,3,projected_saved_draft_candidate_at_or_after_rejection,2.0,BEFORE_GUARD,False,4,2,1,XSV→EC
WIKIPEDIA,P3,78,8,22,ALL_MORPH_BOUNDARY_GUARD,2,projected_saved_draft_candidate_at_or_after_rejection,2.0,AT_GUARD,True,4,3,2,VA→EF
WIKIPEDIA,P3,78,11,26,ALL_MORPH_BOUNDARY_GUARD,3,saved_H3_exact_target_token,,NO_REJECTION,True,4,2,1,VCP→EF
WIKIPEDIA,P3,78,18,50,ALL_MORPH_BOUNDARY_GUARD,3,saved_H3_exact_target_token,,NO_REJECTION,True,4,2,1,VCP→EF
WIKIPEDIA,P3,78,23,65,ALL_MORPH_BOUNDARY_GUARD,3,saved_H3_exact_target_token,,NO_REJECTION,True,4,2,1,VCP→EF
WIKIPEDIA,P3,78,27,81,ALL_MORPH_BOUNDARY_GUARD,2,saved_H3_exact_target_token,,NO_REJECTION,True,4,3,2,VCP→EF
WIKIPEDIA,P3,78,31,97,ALL_MORPH_BOUNDARY_GUARD,1,saved_H3_exact_target_token,,NO_REJECTION,True,4,4,3,VCP→EF
WIKIPEDIA,P3,79,1,4,ALL_MORPH_BOUNDARY_GUARD,1,projected_saved_draft_candidate_at_or_after_rejection,3.0,AFTER_GUARD,True,4,4,3,VCP→EF
WIKIPEDIA,P3,79,5,13,ALL_MORPH_BOUNDARY_GUARD,3,saved_H3_exact_target_token,,NO_REJECTION,True,4,2,1,VA→EF
WIKIPEDIA,P3,79,34,96,ALL_MORPH_BOUNDARY_GUARD,1,projected_saved_draft_candidate_at_or_after_rejection,3.0,AFTER_GUARD,True,4,4,3,VCP→EF
WIKIPEDIA,P3,79,39,115,ALL_MORPH_BOUNDARY_GUARD,2,saved_H3_exact_target_token,,NO_REJECTION,True,4,3,2,VA→EF
WIKIPEDIA,P3,80,16,42,ALL_MORPH_BOUNDARY_GUARD,3,projected_saved_draft_candidate_at_or_after_rejection,3.0,AT_GUARD,True,4,2,1,XSN→JKB
WIKIPEDIA,P3,80,18,47,NP_BOUNDARY_GUARD,2,projected_saved_draft_candidate_at_or_after_rejection,1.0,BEFORE_GUARD,False,4,3,2,NNB→JKB
WIKIPEDIA,P3,80,18,47,ALL_MORPH_BOUNDARY_GUARD,2,projected_saved_draft_candidate_at_or_after_rejection,1.0,BEFORE_GUARD,False,4,3,2,NNB→JKB
WIKIPEDIA,P3,80,27,64,ALL_MORPH_BOUNDARY_GUARD,2,saved_H3_exact_target_token,,NO_REJECTION,True,4,3,2,XSV→ETM
WIKIPEDIA,P3,82,3,7,ALL_MORPH_BOUNDARY_GUARD,2,projected_saved_draft_candidate_at_or_after_rejection,2.0,AT_GUARD,True,4,3,2,VV→ETM
WIKIPEDIA,P3,82,4,9,ALL_MORPH_BOUNDARY_GUARD,2,saved_H3_exact_target_token,,NO_REJECTION,True,4,3,2,XSV→EC
WIKIPEDIA,P3,82,17,46,ALL_MORPH_BOUNDARY_GUARD,2,projected_saved_draft_candidate_at_or_after_rejection,4.0,AFTER_GUARD,True,4,3,2,XSV→EC
WIKIPEDIA,P3,82,24,67,ALL_MORPH_BOUNDARY_GUARD,2,saved_H3_exact_target_token,,NO_REJECTION,True,4,3,2,XSV→EP
WIKIPEDIA,P3,83,10,27,ALL_MORPH_BOUNDARY_GUARD,2,saved_H3_exact_target_token,,NO_REJECTION,True,4,3,2,XSV→ETM
WIKIPEDIA,P3,83,17,55,ALL_MORPH_BOUNDARY_GUARD,2,saved_H3_exact_target_token,,NO_REJECTION,True,4,3,2,XSV→ETM
WIKIPEDIA,P3,83,36,125,ALL_MORPH_BOUNDARY_GUARD,2,saved_H3_exact_target_token,,NO_REJECTION,True,3,2,1,XSV→ETM
WIKIPEDIA,P3,84,2,4,ALL_MORPH_BOUNDARY_GUARD,1,projected_saved_draft_candidate_at_or_after_rejection,1.0,AT_GUARD,True,4,4,3,ETN→JX
WIKIPEDIA,P3,84,17,41,ALL_MORPH_BOUNDARY_GUARD,1,projected_saved_draft_candidate_at_or_after_rejection,1.0,AT_GUARD,True,4,4,3,VCP→EF
WIKIPEDIA,P3,84,22,48,ALL_MORPH_BOUNDARY_GUARD,1,projected_saved_draft_candidate_at_or_after_rejection,1.0,AT_GUARD,True,4,4,3,VCP→EF
WIKIPEDIA,P3,84,27,60,NP_BOUNDARY_GUARD,1,projected_saved_draft_candidate_at_or_after_rejection,2.0,AFTER_GUARD,True,4,4,3,NNG→JX
WIKIPEDIA,P3,84,27,60,ALL_MORPH_BOUNDARY_GUARD,1,projected_saved_draft_candidate_at_or_after_rejection,2.0,AFTER_GUARD,True,4,4,3,NNG→JX
WIKIPEDIA,P3,84,28,62,ALL_MORPH_BOUNDARY_GUARD,1,projected_saved_draft_candidate_at_or_after_rejection,3.0,AFTER_GUARD,True,4,4,3,VA→EF
WIKIPEDIA,P3,84,41,112,ALL_MORPH_BOUNDARY_GUARD,2,saved_H3_exact_target_token,,NO_REJECTION,True,4,3,2,VA→EF
WIKIPEDIA,P3,85,15,36,ALL_MORPH_BOUNDARY_GUARD,1,projected_saved_draft_candidate_at_or_after_rejection,2.0,AFTER_GUARD,True,4,4,3,XSN→JX
WIKIPEDIA,P3,86,0,0,ALL_MORPH_BOUNDARY_GUARD,3,projected_saved_draft_candidate_at_or_after_rejection,2.0,BEFORE_GUARD,False,4,2,1,VCP→EF
WIKIPEDIA,P3,86,1,2,ALL_MORPH_BOUNDARY_GUARD,2,projected_saved_draft_candidate_at_or_after_rejection,4.0,AFTER_GUARD,True,4,3,2,VCP→EF
WIKIPEDIA,P3,86,5,12,ALL_MORPH_BOUNDARY_GUARD,2,projected_saved_draft_candidate_at_or_after_rejection,2.0,AT_GUARD,True,4,3,2,XSV→EC
WIKIPEDIA,P3,86,6,14,ALL_MORPH_BOUNDARY_GUARD,2,projected_saved_draft_candidate_at_or_after_rejection,2.0,AT_GUARD,True,4,3,2,VCP→EF
WIKIPEDIA,P3,86,10,22,ALL_MORPH_BOUNDARY_GUARD,3,projected_saved_draft_candidate_at_or_after_rejection,3.0,AT_GUARD,True,4,2,1,VCP→EF
WIKIPEDIA,P3,86,15,34,ALL_MORPH_BOUNDARY_GUARD,3,projected_saved_draft_candidate_at_or_after_rejection,2.0,BEFORE_GUARD,False,4,2,1,VA→ETM
WIKIPEDIA,P3,87,2,7,NP_BOUNDARY_GUARD,3,projected_saved_draft_candidate_at_or_after_rejection,2.0,BEFORE_GUARD,False,4,2,1,NNG→JKG
WIKIPEDIA,P3,87,2,7,ALL_MORPH_BOUNDARY_GUARD,3,projected_saved_draft_candidate_at_or_after_rejection,2.0,BEFORE_GUARD,False,4,2,1,NNG→JKG
WIKIPEDIA,P3,87,7,23,ALL_MORPH_BOUNDARY_GUARD,2,projected_saved_draft_candidate_at_or_after_rejection,4.0,AFTER_GUARD,True,4,3,2,VCP→EF
WIKIPEDIA,P3,87,10,35,ALL_MORPH_BOUNDARY_GUARD,2,projected_saved_draft_candidate_at_or_after_rejection,2.0,AT_GUARD,True,4,3,2,XSV→ETM
WIKIPEDIA,P3,87,11,37,NP_BOUNDARY_GUARD,1,projected_saved_draft_candidate_at_or_after_rejection,1.0,AT_GUARD,True,4,4,3,NNB→JKO
WIKIPEDIA,P3,87,11,37,ALL_MORPH_BOUNDARY_GUARD,1,projected_saved_draft_candidate_at_or_after_rejection,1.0,AT_GUARD,True,4,4,3,NNB→JKO
WIKIPEDIA,P3,87,12,38,ALL_MORPH_BOUNDARY_GUARD,3,projected_saved_draft_candidate_at_or_after_rejection,1.0,BEFORE_GUARD,False,4,2,1,XSV→ETN
WIKIPEDIA,P3,89,0,0,ALL_MORPH_BOUNDARY_GUARD,2,projected_saved_draft_candidate_at_or_after_rejection,1.0,BEFORE_GUARD,False,4,3,2,VCP→EF
WIKIPEDIA,P3,89,12,32,NP_BOUNDARY_GUARD,2,projected_saved_draft_candidate_at_or_after_rejection,1.0,BEFORE_GUARD,False,4,3,2,NNG→JX
WIKIPEDIA,P3,89,12,32,ALL_MORPH_BOUNDARY_GUARD,2,projected_saved_draft_candidate_at_or_after_rejection,1.0,BEFORE_GUARD,False,4,3,2,NNG→JX
WIKIPEDIA,P3,89,16,45,ALL_MORPH_BOUNDARY_GUARD,2,projected_saved_draft_candidate_at_or_after_rejection,2.0,AT_GUARD,True,4,3,2,VCP→EF
WIKIPEDIA,P3,89,21,58,NP_BOUNDARY_GUARD,2,saved_H3_exact_target_token,,NO_REJECTION,True,4,3,2,NNG→JX
WIKIPEDIA,P3,89,21,58,ALL_MORPH_BOUNDARY_GUARD,2,saved_H3_exact_target_token,,NO_REJECTION,True,4,3,2,NNG→JX
WIKIPEDIA,P3,89,25,72,ALL_MORPH_BOUNDARY_GUARD,1,projected_saved_draft_candidate_at_or_after_rejection,1.0,AT_GUARD,True,4,4,3,VA→EF
WIKIPEDIA,P3,89,29,82,ALL_MORPH_BOUNDARY_GUARD,2,projected_saved_draft_candidate_at_or_after_rejection,2.0,AT_GUARD,True,4,3,2,VCP→EF
WIKIPEDIA,P3,90,37,96,NP_BOUNDARY_GUARD,2,saved_H3_exact_target_token,,NO_REJECTION,True,4,3,2,NNG→JX
WIKIPEDIA,P3,90,37,96,ALL_MORPH_BOUNDARY_GUARD,2,saved_H3_exact_target_token,,NO_REJECTION,True,4,3,2,NNG→JX
WIKIPEDIA,P3,90,42,108,NP_BOUNDARY_GUARD,3,projected_saved_draft_candidate_at_or_after_rejection,2.0,BEFORE_GUARD,False,4,2,1,NNG→JX
WIKIPEDIA,P3,90,42,108,ALL_MORPH_BOUNDARY_GUARD,3,projected_saved_draft_candidate_at_or_after_rejection,2.0,BEFORE_GUARD,False,4,2,1,NNG→JX
WIKIPEDIA,P3,90,44,114,NP_BOUNDARY_GUARD,2,saved_H3_exact_target_token,,NO_REJECTION,True,4,3,2,NNG→JX
WIKIPEDIA,P3,90,44,114,ALL_MORPH_BOUNDARY_GUARD,2,saved_H3_exact_target_token,,NO_REJECTION,True,4,3,2,NNG→JX
WIKIPEDIA,P3,91,5,14,NP_BOUNDARY_GUARD,3,projected_saved_draft_candidate_at_or_after_rejection,1.0,BEFORE_GUARD,False,4,2,1,NNB→JKB
WIKIPEDIA,P3,91,5,14,ALL_MORPH_BOUNDARY_GUARD,3,projected_saved_draft_candidate_at_or_after_rejection,1.0,BEFORE_GUARD,False,4,2,1,NNB→JKB
WIKIPEDIA,P3,91,6,15,ALL_MORPH_BOUNDARY_GUARD,2,projected_saved_draft_candidate_at_or_after_rejection,1.0,BEFORE_GUARD,False,4,3,2,XSV→EC
WIKIPEDIA,P3,91,7,16,ALL_MORPH_BOUNDARY_GUARD,2,projected_saved_draft_candidate_at_or_after_rejection,1.0,BEFORE_GUARD,False,4,3,2,XSV→EC
WIKIPEDIA,P3,91,8,17,ALL_MORPH_BOUNDARY_GUARD,2,projected_saved_draft_candidate_at_or_after_rejection,2.0,AT_GUARD,True,4,3,2,XSV→EC
WIKIPEDIA,P3,91,9,19,ALL_MORPH_BOUNDARY_GUARD,1,projected_saved_draft_candidate_at_or_after_rejection,3.0,AFTER_GUARD,True,4,4,3,VX→EF
WIKIPEDIA,P3,91,13,32,ALL_MORPH_BOUNDARY_GUARD,1,projected_saved_draft_candidate_at_or_after_rejection,1.0,AT_GUARD,True,4,4,3,VA→EF
WIKIPEDIA,P3,91,17,45,ALL_MORPH_BOUNDARY_GUARD,3,saved_H3_exact_target_token,,NO_REJECTION,True,4,2,1,VCP→EF
WIKIPEDIA,P3,91,30,81,NP_BOUNDARY_GUARD,2,projected_saved_draft_candidate_at_or_after_rejection,1.0,BEFORE_GUARD,False,4,3,2,NNB→JX
WIKIPEDIA,P3,91,30,81,ALL_MORPH_BOUNDARY_GUARD,2,projected_saved_draft_candidate_at_or_after_rejection,1.0,BEFORE_GUARD,False,4,3,2,NNB→JX
WIKIPEDIA,P3,91,48,126,ALL_MORPH_BOUNDARY_GUARD,1,projected_saved_draft_candidate_at_or_after_rejection,2.0,AFTER_GUARD,True,2,2,1,XSV→ETM
WIKIPEDIA,P3,92,0,0,NP_BOUNDARY_GUARD,1,projected_saved_draft_candidate_at_or_after_rejection,4.0,AFTER_GUARD,True,4,4,3,NNG→JKB
WIKIPEDIA,P3,92,0,0,ALL_MORPH_BOUNDARY_GUARD,1,projected_saved_draft_candidate_at_or_after_rejection,4.0,AFTER_GUARD,True,4,4,3,NNG→JKB
WIKIPEDIA,P3,92,14,31,ALL_MORPH_BOUNDARY_GUARD,1,saved_H3_exact_target_token,,NO_REJECTION,True,4,4,3,VCP→EF
WIKIPEDIA,P3,92,17,43,ALL_MORPH_BOUNDARY_GUARD,3,saved_H3_exact_target_token,,NO_REJECTION,True,4,2,1,VCP→EF
WIKIPEDIA,P3,92,21,59,ALL_MORPH_BOUNDARY_GUARD,2,saved_H3_exact_target_token,,NO_REJECTION,True,4,3,2,VCP→EF
WIKIPEDIA,P3,92,25,75,ALL_MORPH_BOUNDARY_GUARD,2,saved_H3_exact_target_token,,NO_REJECTION,True,4,3,2,VCP→EF
WIKIPEDIA,P3,92,29,91,ALL_MORPH_BOUNDARY_GUARD,2,saved_H3_exact_target_token,,NO_REJECTION,True,4,3,2,VCP→EF
WIKIPEDIA,P3,92,33,107,ALL_MORPH_BOUNDARY_GUARD,3,saved_H3_exact_target_token,,NO_REJECTION,True,4,2,1,VCP→EF
WIKIPEDIA,P3,93,2,5,ALL_MORPH_BOUNDARY_GUARD,2,projected_saved_draft_candidate_at_or_after_rejection,2.0,AT_GUARD,True,4,3,2,XSA→ETM
WIKIPEDIA,P3,93,11,25,ALL_MORPH_BOUNDARY_GUARD,2,projected_saved_draft_candidate_at_or_after_rejection,2.0,AT_GUARD,True,4,3,2,VCP→EF
WIKIPEDIA,P3,93,29,77,ALL_MORPH_BOUNDARY_GUARD,3,projected_saved_draft_candidate_at_or_after_rejection,4.0,AFTER_GUARD,True,4,2,1,XSA→ETM
WIKIPEDIA,P3,93,31,84,ALL_MORPH_BOUNDARY_GUARD,3,projected_saved_draft_candidate_at_or_after_rejection,1.0,BEFORE_GUARD,False,4,2,1,VCP→EF
WIKIPEDIA,P3,93,42,114,ALL_MORPH_BOUNDARY_GUARD,1,projected_saved_draft_candidate_at_or_after_rejection,1.0,AT_GUARD,True,4,4,3,VA→ETM
WIKIPEDIA,P3,93,45,123,ALL_MORPH_BOUNDARY_GUARD,2,projected_saved_draft_candidate_at_or_after_rejection,1.0,BEFORE_GUARD,False,4,3,2,VA→ETM
WIKIPEDIA,P3,94,1,1,ALL_MORPH_BOUNDARY_GUARD,3,projected_saved_draft_candidate_at_or_after_rejection,2.0,BEFORE_GUARD,False,4,2,1,XSV→ETN
WIKIPEDIA,P3,94,4,11,NP_BOUNDARY_GUARD,1,projected_saved_draft_candidate_at_or_after_rejection,2.0,AFTER_GUARD,True,4,4,3,NNB→JX
WIKIPEDIA,P3,94,4,11,ALL_MORPH_BOUNDARY_GUARD,1,projected_saved_draft_candidate_at_or_after_rejection,2.0,AFTER_GUARD,True,4,4,3,NNB→JX
WIKIPEDIA,P3,94,13,32,ALL_MORPH_BOUNDARY_GUARD,3,projected_saved_draft_candidate_at_or_after_rejection,1.0,BEFORE_GUARD,False,4,2,1,XSN→JKB
WIKIPEDIA,P3,94,14,33,ALL_MORPH_BOUNDARY_GUARD,2,saved_H3_exact_target_token,,NO_REJECTION,True,4,3,2,XSN→JKB
WIKIPEDIA,P3,94,17,41,ALL_MORPH_BOUNDARY_GUARD,2,saved_H3_exact_target_token,,NO_REJECTION,True,4,3,2,XSA→EF
WIKIPEDIA,P3,94,21,57,ALL_MORPH_BOUNDARY_GUARD,1,saved_H3_exact_target_token,,NO_REJECTION,True,4,4,3,XSN→JKB
WIKIPEDIA,P3,94,23,65,ALL_MORPH_BOUNDARY_GUARD,1,saved_H3_exact_target_token,,NO_REJECTION,True,4,4,3,XSA→EF
WIKIPEDIA,P3,94,27,81,ALL_MORPH_BOUNDARY_GUARD,2,saved_H3_exact_target_token,,NO_REJECTION,True,4,3,2,XSV→ETM
WIKIPEDIA,P3,94,32,101,ALL_MORPH_BOUNDARY_GUARD,3,saved_H3_exact_target_token,,NO_REJECTION,True,4,2,1,XSN→JKB
WIKIPEDIA,P3,94,33,105,ALL_MORPH_BOUNDARY_GUARD,1,saved_H3_exact_target_token,,NO_REJECTION,True,4,4,3,XSV→ETM
WIKIPEDIA,P3,94,34,109,ALL_MORPH_BOUNDARY_GUARD,3,saved_H3_exact_target_token,,NO_REJECTION,True,4,2,1,XSA→EF
WIKIPEDIA,P3,94,38,125,ALL_MORPH_BOUNDARY_GUARD,2,saved_H3_exact_target_token,,NO_REJECTION,True,3,2,1,XSN→JKB
WIKIPEDIA,P3,95,5,16,ALL_MORPH_BOUNDARY_GUARD,2,projected_saved_draft_candidate_at_or_after_rejection,4.0,AFTER_GUARD,True,4,3,2,VCP→EF
WIKIPEDIA,P3,95,23,75,ALL_MORPH_BOUNDARY_GUARD,3,saved_H3_exact_target_token,,NO_REJECTION,True,4,2,1,VCP→EF
WIKIPEDIA,P3,95,36,120,ALL_MORPH_BOUNDARY_GUARD,1,saved_H3_exact_target_token,,NO_REJECTION,True,4,4,3,VCP→EF
WIKIPEDIA,P3,96,30,69,ALL_MORPH_BOUNDARY_GUARD,1,projected_saved_draft_candidate_at_or_after_rejection,3.0,AFTER_GUARD,True,4,4,3,EP→EF
WIKIPEDIA,P3,96,36,86,ALL_MORPH_BOUNDARY_GUARD,2,saved_H3_exact_target_token,,NO_REJECTION,True,4,3,2,XSV→EP
WIKIPEDIA,P3,96,42,110,NP_BOUNDARY_GUARD,3,saved_H3_exact_target_token,,NO_REJECTION,True,4,2,1,NNG→JKO
WIKIPEDIA,P3,96,42,110,ALL_MORPH_BOUNDARY_GUARD,3,saved_H3_exact_target_token,,NO_REJECTION,True,4,2,1,NNG→JKO
WIKIPEDIA,P3,98,18,38,ALL_MORPH_BOUNDARY_GUARD,2,projected_saved_draft_candidate_at_or_after_rejection,2.0,AT_GUARD,True,4,3,2,EP→EF
WIKIPEDIA,P3,98,21,43,ALL_MORPH_BOUNDARY_GUARD,2,projected_saved_draft_candidate_at_or_after_rejection,4.0,AFTER_GUARD,True,4,3,2,VCP→EF
WIKIPEDIA,P3,99,10,24,ALL_MORPH_BOUNDARY_GUARD,3,projected_saved_draft_candidate_at_or_after_rejection,2.0,BEFORE_GUARD,False,4,2,1,VCP→EF
WIKIPEDIA,P3,101,7,16,ALL_MORPH_BOUNDARY_GUARD,1,projected_saved_draft_candidate_at_or_after_rejection,3.0,AFTER_GUARD,True,4,4,3,VCP→EF
WIKIPEDIA,P3,101,14,32,ALL_MORPH_BOUNDARY_GUARD,2,projected_saved_draft_candidate_at_or_after_rejection,1.0,BEFORE_GUARD,False,4,3,2,VA→ETM
WIKIPEDIA,P3,101,17,38,ALL_MORPH_BOUNDARY_GUARD,3,projected_saved_draft_candidate_at_or_after_rejection,1.0,BEFORE_GUARD,False,4,2,1,NNB→XSN
WIKIPEDIA,P3,101,18,39,ALL_MORPH_BOUNDARY_GUARD,1,projected_saved_draft_candidate_at_or_after_rejection,2.0,AFTER_GUARD,True,4,4,3,NNB→XSN
WIKIPEDIA,P3,101,21,43,ALL_MORPH_BOUNDARY_GUARD,1,saved_H3_exact_target_token,,NO_REJECTION,True,4,4,3,VCP→EF
WIKIPEDIA,P3,101,25,58,ALL_MORPH_BOUNDARY_GUARD,1,saved_H3_exact_target_token,,NO_REJECTION,True,4,4,3,NNB→XSN
WIKIPEDIA,P3,101,27,66,ALL_MORPH_BOUNDARY_GUARD,1,saved_H3_exact_target_token,,NO_REJECTION,True,4,4,3,NNB→XSN
WIKIPEDIA,P3,101,28,70,ALL_MORPH_BOUNDARY_GUARD,1,saved_H3_exact_target_token,,NO_REJECTION,True,4,4,3,VCP→EF
WIKIPEDIA,P3,101,38,110,ALL_MORPH_BOUNDARY_GUARD,3,saved_H3_exact_target_token,,NO_REJECTION,True,4,2,1,NNB→XSN
WIKIPEDIA,P3,101,40,118,ALL_MORPH_BOUNDARY_GUARD,3,saved_H3_exact_target_token,,NO_REJECTION,True,4,2,1,NNB→XSN
WIKIPEDIA,P3,101,41,122,ALL_MORPH_BOUNDARY_GUARD,3,saved_H3_exact_target_token,,NO_REJECTION,True,4,2,1,VCP→EF
WIKIPEDIA,P3,103,1,1,ALL_MORPH_BOUNDARY_GUARD,2,projected_saved_draft_candidate_at_or_after_rejection,2.0,AT_GUARD,True,4,3,2,VCP→EF
WIKIPEDIA,P3,103,25,57,ALL_MORPH_BOUNDARY_GUARD,3,projected_saved_draft_candidate_at_or_after_rejection,1.0,BEFORE_GUARD,False,4,2,1,JKB→JX
WIKIPEDIA,P3,103,35,85,ALL_MORPH_BOUNDARY_GUARD,1,saved_H3_exact_target_token,,NO_REJECTION,True,4,4,3,JKB→JX
WIKIPEDIA,P3,103,36,89,ALL_MORPH_BOUNDARY_GUARD,2,saved_H3_exact_target_token,,NO_REJECTION,True,4,3,2,NNB→XSN
WIKIPEDIA,P3,103,45,124,ALL_MORPH_BOUNDARY_GUARD,2,saved_H3_exact_target_token,,NO_REJECTION,True,4,3,2,JKB→JX
WIKIPEDIA,P3,105,10,20,ALL_MORPH_BOUNDARY_GUARD,3,saved_H3_exact_target_token,,NO_REJECTION,True,4,2,1,EP→EF
WIKIPEDIA,P3,105,17,35,ALL_MORPH_BOUNDARY_GUARD,3,projected_saved_draft_candidate_at_or_after_rejection,4.0,AFTER_GUARD,True,4,2,1,XSV→EP
WIKIPEDIA,P3,105,21,45,ALL_MORPH_BOUNDARY_GUARD,2,saved_H3_exact_target_token,,NO_REJECTION,True,4,3,2,JKB→JX
WIKIPEDIA,P3,105,32,69,ALL_MORPH_BOUNDARY_GUARD,2,saved_H3_exact_target_token,,NO_REJECTION,True,4,3,2,JKB→JX
WIKIPEDIA,P3,105,45,104,ALL_MORPH_BOUNDARY_GUARD,3,saved_H3_exact_target_token,,NO_REJECTION,True,4,2,1,XSV→EP
WIKIPEDIA,P3,105,48,114,ALL_MORPH_BOUNDARY_GUARD,2,saved_H3_exact_target_token,,NO_REJECTION,True,4,3,2,JKB→JX
WIKIPEDIA,P3,106,23,69,ALL_MORPH_BOUNDARY_GUARD,3,saved_H3_exact_target_token,,NO_REJECTION,True,4,2,1,EP→EF
WIKIPEDIA,P3,107,5,14,ALL_MORPH_BOUNDARY_GUARD,2,projected_saved_draft_candidate_at_or_after_rejection,3.0,AFTER_GUARD,True,4,3,2,XSV→ETM
WIKIPEDIA,P3,107,7,20,ALL_MORPH_BOUNDARY_GUARD,1,projected_saved_draft_candidate_at_or_after_rejection,3.0,AFTER_GUARD,True,4,4,3,VCP→EF
WIKIPEDIA,P3,107,12,32,ALL_MORPH_BOUNDARY_GUARD,2,saved_H3_exact_target_token,,NO_REJECTION,True,4,3,2,XSV→ETM
WIKIPEDIA,P3,107,13,36,ALL_MORPH_BOUNDARY_GUARD,3,saved_H3_exact_target_token,,NO_REJECTION,True,4,2,1,VCP→EF
WIKIPEDIA,P3,107,17,49,ALL_MORPH_BOUNDARY_GUARD,3,saved_H3_exact_target_token,,NO_REJECTION,True,4,2,1,XSV→ETM
WIKIPEDIA,P3,107,22,69,ALL_MORPH_BOUNDARY_GUARD,1,saved_H3_exact_target_token,,NO_REJECTION,True,4,4,3,XSV→ETM
WIKIPEDIA,P3,107,23,73,ALL_MORPH_BOUNDARY_GUARD,2,saved_H3_exact_target_token,,NO_REJECTION,True,4,3,2,VCP→EF
WIKIPEDIA,P3,107,26,85,ALL_MORPH_BOUNDARY_GUARD,3,saved_H3_exact_target_token,,NO_REJECTION,True,4,2,1,XSV→ETM
WIKIPEDIA,P3,107,31,105,ALL_MORPH_BOUNDARY_GUARD,1,saved_H3_exact_target_token,,NO_REJECTION,True,4,4,3,XSV→ETM
WIKIPEDIA,P3,107,32,109,ALL_MORPH_BOUNDARY_GUARD,2,saved_H3_exact_target_token,,NO_REJECTION,True,4,3,2,VCP→EF
WIKIPEDIA,P3,107,35,121,ALL_MORPH_BOUNDARY_GUARD,3,saved_H3_exact_target_token,,NO_REJECTION,True,4,2,1,XSV→ETM
WIKIPEDIA,P3,108,6,14,ALL_MORPH_BOUNDARY_GUARD,2,saved_H3_exact_target_token,,NO_REJECTION,True,4,3,2,XSV→EC
WIKIPEDIA,P3,108,8,21,ALL_MORPH_BOUNDARY_GUARD,1,projected_saved_draft_candidate_at_or_after_rejection,3.0,AFTER_GUARD,True,4,4,3,VCP→EF
WIKIPEDIA,P3,108,12,35,ALL_MORPH_BOUNDARY_GUARD,3,saved_H3_exact_target_token,,NO_REJECTION,True,4,2,1,XSV→EC
WIKIPEDIA,P3,108,14,43,ALL_MORPH_BOUNDARY_GUARD,1,projected_saved_draft_candidate_at_or_after_rejection,3.0,AFTER_GUARD,True,4,4,3,VCP→EF
WIKIPEDIA,P3,108,18,58,ALL_MORPH_BOUNDARY_GUARD,2,saved_H3_exact_target_token,,NO_REJECTION,True,4,3,2,XSV→EC
WIKIPEDIA,P3,108,24,82,ALL_MORPH_BOUNDARY_GUARD,1,saved_H3_exact_target_token,,NO_REJECTION,True,4,4,3,EC→JKO
WIKIPEDIA,P3,108,25,86,ALL_MORPH_BOUNDARY_GUARD,2,saved_H3_exact_target_token,,NO_REJECTION,True,4,3,2,VCP→EF
WIKIPEDIA,P3,108,29,102,ALL_MORPH_BOUNDARY_GUARD,2,saved_H3_exact_target_token,,NO_REJECTION,True,4,3,2,XSV→EC
WIKIPEDIA,P3,108,35,126,ALL_MORPH_BOUNDARY_GUARD,1,saved_H3_exact_target_token,,NO_REJECTION,True,2,2,1,EC→JKO
WIKIPEDIA,P3,109,5,12,ALL_MORPH_BOUNDARY_GUARD,1,projected_saved_draft_candidate_at_or_after_rejection,2.0,AFTER_GUARD,True,4,4,3,VV→ETM
WIKIPEDIA,P3,109,18,51,ALL_MORPH_BOUNDARY_GUARD,2,projected_saved_draft_candidate_at_or_after_rejection,2.0,AT_GUARD,True,4,3,2,XSA→EC
WIKIPEDIA,P3,109,21,60,ALL_MORPH_BOUNDARY_GUARD,3,saved_H3_exact_target_token,,NO_REJECTION,True,4,2,1,XSA→EC
WIKIPEDIA,P3,109,34,105,ALL_MORPH_BOUNDARY_GUARD,2,saved_H3_exact_target_token,,NO_REJECTION,True,4,3,2,XSA→EC
WIKIPEDIA,P3,109,35,109,ALL_MORPH_BOUNDARY_GUARD,3,saved_H3_exact_target_token,,NO_REJECTION,True,4,2,1,VA→EF
WIKIPEDIA,P3,110,13,40,ALL_MORPH_BOUNDARY_GUARD,3,saved_H3_exact_target_token,,NO_REJECTION,True,4,2,1,EP→EF
WIKIPEDIA,P3,110,16,48,ALL_MORPH_BOUNDARY_GUARD,3,projected_saved_draft_candidate_at_or_after_rejection,1.0,BEFORE_GUARD,False,4,2,1,JKB→JX
WIKIPEDIA,P3,111,2,6,ALL_MORPH_BOUNDARY_GUARD,2,projected_saved_draft_candidate_at_or_after_rejection,3.0,AFTER_GUARD,True,4,3,2,XSN→JKB
WIKIPEDIA,P3,111,9,27,NP_BOUNDARY_GUARD,1,saved_H3_exact_target_token,,NO_REJECTION,True,4,4,3,NNG→JKO
WIKIPEDIA,P3,111,9,27,ALL_MORPH_BOUNDARY_GUARD,1,saved_H3_exact_target_token,,NO_REJECTION,True,4,4,3,NNG→JKO
WIKIPEDIA,P3,111,34,96,ALL_MORPH_BOUNDARY_GUARD,3,saved_H3_exact_target_token,,NO_REJECTION,True,4,2,1,EP→EF
WIKIPEDIA,P3,112,6,13,ALL_MORPH_BOUNDARY_GUARD,3,projected_saved_draft_candidate_at_or_after_rejection,3.0,AT_GUARD,True,4,2,1,VCP→EF
WIKIPEDIA,P3,113,34,69,ALL_MORPH_BOUNDARY_GUARD,1,saved_H3_exact_target_token,,NO_REJECTION,True,4,4,3,VX→EF
WIKIPEDIA,P3,114,14,39,ALL_MORPH_BOUNDARY_GUARD,2,projected_saved_draft_candidate_at_or_after_rejection,1.0,BEFORE_GUARD,False,4,3,2,XSV→EC
WIKIPEDIA,P3,114,18,49,ALL_MORPH_BOUNDARY_GUARD,2,saved_H3_exact_target_token,,NO_REJECTION,True,4,3,2,XSV→ETM
WIKIPEDIA,P3,114,21,58,ALL_MORPH_BOUNDARY_GUARD,3,projected_saved_draft_candidate_at_or_after_rejection,3.0,AT_GUARD,True,4,2,1,VCP→EF
WIKIPEDIA,P3,114,22,61,ALL_MORPH_BOUNDARY_GUARD,1,projected_saved_draft_candidate_at_or_after_rejection,1.0,AT_GUARD,True,4,4,3,VCN→EF
WIKIPEDIA,P3,114,24,63,ALL_MORPH_BOUNDARY_GUARD,3,saved_H3_exact_target_token,,NO_REJECTION,True,4,2,1,VA→EF
WIKIPEDIA,P3,114,28,76,ALL_MORPH_BOUNDARY_GUARD,2,saved_H3_exact_target_token,,NO_REJECTION,True,4,3,2,XSV→ETM
WIKIPEDIA,P3,114,32,87,ALL_MORPH_BOUNDARY_GUARD,2,saved_H3_exact_target_token,,NO_REJECTION,True,4,3,2,XSV→ETM
WIKIPEDIA,P3,114,35,97,ALL_MORPH_BOUNDARY_GUARD,3,projected_saved_draft_candidate_at_or_after_rejection,3.0,AT_GUARD,True,4,2,1,VCN→EF
WIKIPEDIA,P3,115,6,19,ALL_MORPH_BOUNDARY_GUARD,2,projected_saved_draft_candidate_at_or_after_rejection,2.0,AT_GUARD,True,4,3,2,VA→EC
WIKIPEDIA,P3,115,33,91,ALL_MORPH_BOUNDARY_GUARD,1,projected_saved_draft_candidate_at_or_after_rejection,4.0,AFTER_GUARD,True,4,4,3,XSV→ETM
WIKIPEDIA,P3,116,6,18,NP_BOUNDARY_GUARD,2,projected_saved_draft_candidate_at_or_after_rejection,1.0,BEFORE_GUARD,False,4,3,2,NNB→JKB
WIKIPEDIA,P3,116,6,18,ALL_MORPH_BOUNDARY_GUARD,2,projected_saved_draft_candidate_at_or_after_rejection,1.0,BEFORE_GUARD,False,4,3,2,NNB→JKB
WIKIPEDIA,P3,116,12,27,ALL_MORPH_BOUNDARY_GUARD,3,saved_H3_exact_target_token,,NO_REJECTION,True,4,2,1,VA→EF
WIKIPEDIA,P3,117,23,67,ALL_MORPH_BOUNDARY_GUARD,2,saved_H3_exact_target_token,,NO_REJECTION,True,4,3,2,JKB→JX
WIKIPEDIA,P3,117,30,95,ALL_MORPH_BOUNDARY_GUARD,3,saved_H3_exact_target_token,,NO_REJECTION,True,4,2,1,JKB→JX
WIKIPEDIA,P3,118,7,20,ALL_MORPH_BOUNDARY_GUARD,1,projected_saved_draft_candidate_at_or_after_rejection,2.0,AFTER_GUARD,True,4,4,3,XSV→ETM
WIKIPEDIA,P3,118,18,49,ALL_MORPH_BOUNDARY_GUARD,2,projected_saved_draft_candidate_at_or_after_rejection,2.0,AT_GUARD,True,4,3,2,XSA→EC
WIKIPEDIA,P3,118,21,56,NP_BOUNDARY_GUARD,3,projected_saved_draft_candidate_at_or_after_rejection,2.0,BEFORE_GUARD,False,4,2,1,NNB→JX
WIKIPEDIA,P3,118,21,56,ALL_MORPH_BOUNDARY_GUARD,2,projected_saved_draft_candidate_at_or_after_rejection,2.0,AT_GUARD,True,4,3,2,XSV→ETM
WIKIPEDIA,P3,118,28,74,ALL_MORPH_BOUNDARY_GUARD,3,saved_H3_exact_target_token,,NO_REJECTION,True,4,2,1,XSV→EC
WIKIPEDIA,P3,118,36,102,ALL_MORPH_BOUNDARY_GUARD,1,projected_saved_draft_candidate_at_or_after_rejection,2.0,AFTER_GUARD,True,4,4,3,XSV→ETM
WIKIPEDIA,P3,118,39,107,ALL_MORPH_BOUNDARY_GUARD,3,projected_saved_draft_candidate_at_or_after_rejection,1.0,BEFORE_GUARD,False,4,2,1,VCP→EF
WIKIPEDIA,P3,118,40,108,ALL_MORPH_BOUNDARY_GUARD,3,saved_H3_exact_target_token,,NO_REJECTION,True,4,2,1,VCP→EF
WIKIPEDIA,P3,118,44,124,ALL_MORPH_BOUNDARY_GUARD,2,saved_H3_exact_target_token,,NO_REJECTION,True,4,3,2,XSV→ETM
WIKIPEDIA,P3,119,0,0,ALL_MORPH_BOUNDARY_GUARD,2,projected_saved_draft_candidate_at_or_after_rejection,2.0,AT_GUARD,True,4,3,2,VCP→EF
WIKIPEDIA,P3,119,1,2,ALL_MORPH_BOUNDARY_GUARD,1,projected_saved_draft_candidate_at_or_after_rejection,3.0,AFTER_GUARD,True,4,4,3,VA→EF
WIKIPEDIA,P3,119,16,44,ALL_MORPH_BOUNDARY_GUARD,1,projected_saved_draft_candidate_at_or_after_rejection,2.0,AFTER_GUARD,True,4,4,3,VA→ETM
WIKIPEDIA,P3,119,34,100,ALL_MORPH_BOUNDARY_GUARD,3,projected_saved_draft_candidate_at_or_after_rejection,4.0,AFTER_GUARD,True,4,2,1,XSV→ETM
WIKIPEDIA,P3,119,40,120,NP_BOUNDARY_GUARD,1,saved_H3_exact_target_token,,NO_REJECTION,True,4,4,3,NNG→JX
WIKIPEDIA,P3,119,40,120,ALL_MORPH_BOUNDARY_GUARD,1,saved_H3_exact_target_token,,NO_REJECTION,True,4,4,3,NNG→JX
WIKIPEDIA,P3,120,9,18,ALL_MORPH_BOUNDARY_GUARD,3,projected_saved_draft_candidate_at_or_after_rejection,2.0,BEFORE_GUARD,False,4,2,1,VX→EF
WIKIPEDIA,P3,120,15,35,ALL_MORPH_BOUNDARY_GUARD,3,projected_saved_draft_candidate_at_or_after_rejection,2.0,BEFORE_GUARD,False,4,2,1,XSV→ETM
WIKIPEDIA,P3,120,23,60,NP_BOUNDARY_GUARD,1,projected_saved_draft_candidate_at_or_after_rejection,1.0,AT_GUARD,True,4,4,3,NNB→JKB
WIKIPEDIA,P3,120,23,60,ALL_MORPH_BOUNDARY_GUARD,1,projected_saved_draft_candidate_at_or_after_rejection,1.0,AT_GUARD,True,4,4,3,NNB→JKB
WIKIPEDIA,P3,121,1,3,ALL_MORPH_BOUNDARY_GUARD,2,saved_H3_exact_target_token,,NO_REJECTION,True,4,3,2,VV→EC
WIKIPEDIA,P3,121,3,10,ALL_MORPH_BOUNDARY_GUARD,3,projected_saved_draft_candidate_at_or_after_rejection,1.0,BEFORE_GUARD,False,4,2,1,XSA→ETM
WIKIPEDIA,P3,121,40,119,ALL_MORPH_BOUNDARY_GUARD,1,saved_H3_exact_target_token,,NO_REJECTION,True,4,4,3,VV→EC
WIKIPEDIA,P3,122,4,8,ALL_MORPH_BOUNDARY_GUARD,3,projected_saved_draft_candidate_at_or_after_rejection,2.0,BEFORE_GUARD,False,4,2,1,XSV→EP
WIKIPEDIA,P3,122,9,21,ALL_MORPH_BOUNDARY_GUARD,2,projected_saved_draft_candidate_at_or_after_rejection,3.0,AFTER_GUARD,True,4,3,2,JKB→JX
WIKIPEDIA,P3,122,14,31,ALL_MORPH_BOUNDARY_GUARD,3,projected_saved_draft_candidate_at_or_after_rejection,1.0,BEFORE_GUARD,False,4,2,1,XSV→EC
WIKIPEDIA,P3,122,17,34,ALL_MORPH_BOUNDARY_GUARD,2,projected_saved_draft_candidate_at_or_after_rejection,2.0,AT_GUARD,True,4,3,2,XSV→EC
WIKIPEDIA,P3,122,18,36,ALL_MORPH_BOUNDARY_GUARD,2,saved_H3_exact_target_token,,NO_REJECTION,True,4,3,2,XSV→EC
WIKIPEDIA,P3,122,22,47,ALL_MORPH_BOUNDARY_GUARD,1,saved_H3_exact_target_token,,NO_REJECTION,True,4,4,3,EP→EF
WIKIPEDIA,P3,122,31,78,ALL_MORPH_BOUNDARY_GUARD,3,saved_H3_exact_target_token,,NO_REJECTION,True,4,2,1,JKB→JX
WIKIPEDIA,P3,125,2,6,ALL_MORPH_BOUNDARY_GUARD,1,projected_saved_draft_candidate_at_or_after_rejection,1.0,AT_GUARD,True,4,4,3,XSV→ETN
WIKIPEDIA,P3,125,5,12,NP_BOUNDARY_GUARD,1,projected_saved_draft_candidate_at_or_after_rejection,1.0,AT_GUARD,True,4,4,3,NNB→JKB
WIKIPEDIA,P3,125,5,12,ALL_MORPH_BOUNDARY_GUARD,1,projected_saved_draft_candidate_at_or_after_rejection,1.0,AT_GUARD,True,4,4,3,NNB→JKB
WIKIPEDIA,P3,125,9,20,NP_BOUNDARY_GUARD,1,saved_H3_exact_target_token,,NO_REJECTION,True,4,4,3,NNG→JKO
WIKIPEDIA,P3,125,9,20,ALL_MORPH_BOUNDARY_GUARD,1,saved_H3_exact_target_token,,NO_REJECTION,True,4,4,3,NNG→JKO
WIKIPEDIA,P3,125,39,89,ALL_MORPH_BOUNDARY_GUARD,2,projected_saved_draft_candidate_at_or_after_rejection,3.0,AFTER_GUARD,True,4,3,2,JKB→JX
WIKIPEDIA,P3,125,46,106,ALL_MORPH_BOUNDARY_GUARD,2,projected_saved_draft_candidate_at_or_after_rejection,2.0,AT_GUARD,True,4,3,2,EP→EF
WIKIPEDIA,P3,125,49,112,NP_BOUNDARY_GUARD,1,projected_saved_draft_candidate_at_or_after_rejection,1.0,AT_GUARD,True,4,4,3,NNG→JKO
WIKIPEDIA,P3,125,49,112,ALL_MORPH_BOUNDARY_GUARD,1,projected_saved_draft_candidate_at_or_after_rejection,1.0,AT_GUARD,True,4,4,3,NNG→JKO
WIKIPEDIA,P3,127,5,13,NP_BOUNDARY_GUARD,3,projected_saved_draft_candidate_at_or_after_rejection,3.0,AT_GUARD,True,4,2,1,NNG→JKO
WIKIPEDIA,P3,127,5,13,ALL_MORPH_BOUNDARY_GUARD,3,projected_saved_draft_candidate_at_or_after_rejection,3.0,AT_GUARD,True,4,2,1,NNG→JKO
WIKIPEDIA,P3,127,9,19,ALL_MORPH_BOUNDARY_GUARD,2,projected_saved_draft_candidate_at_or_after_rejection,4.0,AFTER_GUARD,True,4,3,2,VX→EF
WIKIPEDIA,P3,127,17,43,ALL_MORPH_BOUNDARY_GUARD,3,projected_saved_draft_candidate_at_or_after_rejection,1.0,BEFORE_GUARD,False,4,2,1,XSV→EC
WIKIPEDIA,P3,127,18,44,ALL_MORPH_BOUNDARY_GUARD,1,projected_saved_draft_candidate_at_or_after_rejection,1.0,AT_GUARD,True,4,4,3,XSV→ETM
WIKIPEDIA,P3,127,25,59,ALL_MORPH_BOUNDARY_GUARD,2,projected_saved_draft_candidate_at_or_after_rejection,2.0,AT_GUARD,True,4,3,2,VA→ETM
WIKIPEDIA,P3,127,27,62,ALL_MORPH_BOUNDARY_GUARD,2,projected_saved_draft_candidate_at_or_after_rejection,2.0,AT_GUARD,True,4,3,2,VV→ETM
WIKIPEDIA,P3,127,30,71,ALL_MORPH_BOUNDARY_GUARD,2,projected_saved_draft_candidate_at_or_after_rejection,2.0,AT_GUARD,True,4,3,2,XSN→JX
WIKIPEDIA,P3,127,39,94,ALL_MORPH_BOUNDARY_GUARD,1,projected_saved_draft_candidate_at_or_after_rejection,4.0,AFTER_GUARD,True,4,4,3,XSA→EC
WIKIPEDIA,P3,127,44,114,ALL_MORPH_BOUNDARY_GUARD,2,saved_H3_exact_target_token,,NO_REJECTION,True,4,3,2,XSN→VCP
WIKIPEDIA,P3,128,4,4,ALL_MORPH_BOUNDARY_GUARD,2,projected_saved_draft_candidate_at_or_after_rejection,3.0,AFTER_GUARD,True,4,3,2,VA→ETM
WIKIPEDIA,P3,128,11,23,ALL_MORPH_BOUNDARY_GUARD,2,projected_saved_draft_candidate_at_or_after_rejection,3.0,AFTER_GUARD,True,4,3,2,JKB→JX
WIKIPEDIA,P3,128,20,48,ALL_MORPH_BOUNDARY_GUARD,3,saved_H3_exact_target_token,,NO_REJECTION,True,4,2,1,JKB→JX
WIKIPEDIA,P3,128,27,76,ALL_MORPH_BOUNDARY_GUARD,1,saved_H3_exact_target_token,,NO_REJECTION,True,4,4,3,JKB→JX
WIKIPEDIA,P3,128,33,100,ALL_MORPH_BOUNDARY_GUARD,3,saved_H3_exact_target_token,,NO_REJECTION,True,4,2,1,JKB→JX
WIKIPEDIA,P3,129,5,13,ALL_MORPH_BOUNDARY_GUARD,3,projected_saved_draft_candidate_at_or_after_rejection,2.0,BEFORE_GUARD,False,4,2,1,XSV→EC
WIKIPEDIA,P3,129,6,15,ALL_MORPH_BOUNDARY_GUARD,1,projected_saved_draft_candidate_at_or_after_rejection,1.0,AT_GUARD,True,4,4,3,XSV→EC
WIKIPEDIA,P3,129,15,31,ALL_MORPH_BOUNDARY_GUARD,1,projected_saved_draft_candidate_at_or_after_rejection,2.0,AFTER_GUARD,True,4,4,3,SSO→SL
WIKIPEDIA,P3,129,21,41,ALL_MORPH_BOUNDARY_GUARD,1,projected_saved_draft_candidate_at_or_after_rejection,3.0,AFTER_GUARD,True,4,4,3,VX→EF
WIKIPEDIA,P3,129,28,57,ALL_MORPH_BOUNDARY_GUARD,1,saved_H3_exact_target_token,,NO_REJECTION,True,4,4,3,VCP→EC
WIKIPEDIA,P3,129,31,69,ALL_MORPH_BOUNDARY_GUARD,3,saved_H3_exact_target_token,,NO_REJECTION,True,4,2,1,VCP→EF
WIKIPEDIA,P3,129,35,81,ALL_MORPH_BOUNDARY_GUARD,2,projected_saved_draft_candidate_at_or_after_rejection,1.0,BEFORE_GUARD,False,4,3,2,XSV→ETM
WIKIPEDIA,P3,129,42,96,ALL_MORPH_BOUNDARY_GUARD,3,projected_saved_draft_candidate_at_or_after_rejection,3.0,AT_GUARD,True,4,2,1,VCP→EC
WIKIPEDIA,P3,129,49,123,ALL_MORPH_BOUNDARY_GUARD,1,projected_saved_draft_candidate_at_or_after_rejection,3.0,AFTER_GUARD,True,4,4,3,VCP→EF
WIKIPEDIA,P3,130,1,1,ALL_MORPH_BOUNDARY_GUARD,2,projected_saved_draft_candidate_at_or_after_rejection,2.0,AT_GUARD,True,4,3,2,VCP→EF
WIKIPEDIA,P3,130,6,17,ALL_MORPH_BOUNDARY_GUARD,3,projected_saved_draft_candidate_at_or_after_rejection,1.0,BEFORE_GUARD,False,4,2,1,XSV→EC
WIKIPEDIA,P3,131,0,0,ALL_MORPH_BOUNDARY_GUARD,2,projected_saved_draft_candidate_at_or_after_rejection,4.0,AFTER_GUARD,True,4,3,2,EP→EF
WIKIPEDIA,P3,131,12,36,ALL_MORPH_BOUNDARY_GUARD,3,projected_saved_draft_candidate_at_or_after_rejection,3.0,AT_GUARD,True,4,2,1,XSN→JX
WIKIPEDIA,P3,131,24,74,ALL_MORPH_BOUNDARY_GUARD,3,projected_saved_draft_candidate_at_or_after_rejection,3.0,AT_GUARD,True,4,2,1,SSO→SL
WIKIPEDIA,P3,132,0,0,ALL_MORPH_BOUNDARY_GUARD,1,projected_saved_draft_candidate_at_or_after_rejection,2.0,AFTER_GUARD,True,4,4,3,VV→ETN
WIKIPEDIA,P3,133,1,4,ALL_MORPH_BOUNDARY_GUARD,2,saved_H3_exact_target_token,,NO_REJECTION,True,4,3,2,VA→EF
WIKIPEDIA,P3,133,4,12,ALL_MORPH_BOUNDARY_GUARD,1,projected_saved_draft_candidate_at_or_after_rejection,2.0,AFTER_GUARD,True,4,4,3,XSN→JKB
WIKIPEDIA,P3,133,6,15,ALL_MORPH_BOUNDARY_GUARD,1,projected_saved_draft_candidate_at_or_after_rejection,1.0,AT_GUARD,True,4,4,3,XSA→EF
WIKIPEDIA,P3,133,27,75,ALL_MORPH_BOUNDARY_GUARD,3,saved_H3_exact_target_token,,NO_REJECTION,True,4,2,1,XSV→EC
WIKIPEDIA,P3,133,32,94,ALL_MORPH_BOUNDARY_GUARD,3,saved_H3_exact_target_token,,NO_REJECTION,True,4,2,1,VCP→EF
WIKIPEDIA,P3,133,42,119,ALL_MORPH_BOUNDARY_GUARD,2,projected_saved_draft_candidate_at_or_after_rejection,2.0,AT_GUARD,True,4,3,2,XSV→EC
WIKIPEDIA,P3,134,5,13,ALL_MORPH_BOUNDARY_GUARD,3,projected_saved_draft_candidate_at_or_after_rejection,3.0,AT_GUARD,True,4,2,1,XSV→ETM
WIKIPEDIA,P3,134,12,34,ALL_MORPH_BOUNDARY_GUARD,3,saved_H3_exact_target_token,,NO_REJECTION,True,4,2,1,VV→ETM
WIKIPEDIA,P3,134,14,42,NP_BOUNDARY_GUARD,3,saved_H3_exact_target_token,,NO_REJECTION,True,4,2,1,NNG→JKO
WIKIPEDIA,P3,134,14,42,ALL_MORPH_BOUNDARY_GUARD,3,saved_H3_exact_target_token,,NO_REJECTION,True,4,2,1,NNG→JKO
WIKIPEDIA,P3,134,15,46,ALL_MORPH_BOUNDARY_GUARD,2,saved_H3_exact_target_token,,NO_REJECTION,True,4,3,2,XSV→ETM
WIKIPEDIA,P3,134,16,50,ALL_MORPH_BOUNDARY_GUARD,2,saved_H3_exact_target_token,,NO_REJECTION,True,4,3,2,VCP→EF
WIKIPEDIA,P3,135,3,11,ALL_MORPH_BOUNDARY_GUARD,2,projected_saved_draft_candidate_at_or_after_rejection,3.0,AFTER_GUARD,True,4,3,2,XSV→EC
WIKIPEDIA,P3,135,12,35,ALL_MORPH_BOUNDARY_GUARD,3,saved_H3_exact_target_token,,NO_REJECTION,True,4,2,1,VA→EF
WIKIPEDIA,P3,135,27,87,ALL_MORPH_BOUNDARY_GUARD,2,projected_saved_draft_candidate_at_or_after_rejection,2.0,AT_GUARD,True,4,3,2,XSV→ETM
WIKIPEDIA,P3,135,28,89,ALL_MORPH_BOUNDARY_GUARD,3,projected_saved_draft_candidate_at_or_after_rejection,1.0,BEFORE_GUARD,False,4,2,1,VCP→EF
WIKIPEDIA,P3,135,33,105,ALL_MORPH_BOUNDARY_GUARD,2,projected_saved_draft_candidate_at_or_after_rejection,3.0,AFTER_GUARD,True,4,3,2,XSV→EP
WIKIPEDIA,P3,135,37,112,ALL_MORPH_BOUNDARY_GUARD,3,saved_H3_exact_target_token,,NO_REJECTION,True,4,2,1,XSV→EC
WIKIPEDIA,P3,136,4,12,ALL_MORPH_BOUNDARY_GUARD,2,projected_saved_draft_candidate_at_or_after_rejection,3.0,AFTER_GUARD,True,4,3,2,XSN→JKS
WIKIPEDIA,P3,136,6,16,NP_BOUNDARY_GUARD,2,projected_saved_draft_candidate_at_or_after_rejection,3.0,AFTER_GUARD,True,4,3,2,NNG→JKO
WIKIPEDIA,P3,136,6,16,ALL_MORPH_BOUNDARY_GUARD,2,projected_saved_draft_candidate_at_or_after_rejection,3.0,AFTER_GUARD,True,4,3,2,NNG→JKO
WIKIPEDIA,P3,136,8,22,NP_BOUNDARY_GUARD,3,projected_saved_draft_candidate_at_or_after_rejection,1.0,BEFORE_GUARD,False,4,2,1,NNG→JKO
WIKIPEDIA,P3,136,8,22,ALL_MORPH_BOUNDARY_GUARD,3,projected_saved_draft_candidate_at_or_after_rejection,1.0,BEFORE_GUARD,False,4,2,1,NNG→JKO
WIKIPEDIA,P3,136,12,30,ALL_MORPH_BOUNDARY_GUARD,3,saved_H3_exact_target_token,,NO_REJECTION,True,4,2,1,VCP→EF
WIKIPEDIA,P3,136,28,79,ALL_MORPH_BOUNDARY_GUARD,3,projected_saved_draft_candidate_at_or_after_rejection,1.0,BEFORE_GUARD,False,4,2,1,XSV→EC
WIKIPEDIA,P3,136,35,100,ALL_MORPH_BOUNDARY_GUARD,1,projected_saved_draft_candidate_at_or_after_rejection,1.0,AT_GUARD,True,4,4,3,XSV→EC
WIKIPEDIA,P3,136,42,120,ALL_MORPH_BOUNDARY_GUARD,2,projected_saved_draft_candidate_at_or_after_rejection,1.0,BEFORE_GUARD,False,4,3,2,XSV→EC
WIKIPEDIA,P3,136,44,125,ALL_MORPH_BOUNDARY_GUARD,1,projected_saved_draft_candidate_at_or_after_rejection,1.0,AT_GUARD,True,3,3,2,VX→EF
WIKIPEDIA,P3,137,0,0,ALL_MORPH_BOUNDARY_GUARD,1,projected_saved_draft_candidate_at_or_after_rejection,3.0,AFTER_GUARD,True,4,4,3,VX→EF
WIKIPEDIA,P3,137,10,23,ALL_MORPH_BOUNDARY_GUARD,2,projected_saved_draft_candidate_at_or_after_rejection,2.0,AT_GUARD,True,4,3,2,XSV→ETM
WIKIPEDIA,P3,137,13,28,ALL_MORPH_BOUNDARY_GUARD,2,projected_saved_draft_candidate_at_or_after_rejection,2.0,AT_GUARD,True,4,3,2,XSV→EC
WIKIPEDIA,P3,137,21,46,ALL_MORPH_BOUNDARY_GUARD,2,saved_H3_exact_target_token,,NO_REJECTION,True,4,3,2,XSV→EC
WIKIPEDIA,P3,137,22,50,ALL_MORPH_BOUNDARY_GUARD,3,saved_H3_exact_target_token,,NO_REJECTION,True,4,2,1,XSV→ETM
WIKIPEDIA,P3,137,27,70,ALL_MORPH_BOUNDARY_GUARD,1,saved_H3_exact_target_token,,NO_REJECTION,True,4,4,3,XSV→EC
WIKIPEDIA,P3,137,28,74,ALL_MORPH_BOUNDARY_GUARD,2,saved_H3_exact_target_token,,NO_REJECTION,True,4,3,2,XSV→ETM
WIKIPEDIA,P3,137,34,98,ALL_MORPH_BOUNDARY_GUARD,1,saved_H3_exact_target_token,,NO_REJECTION,True,4,4,3,XSV→ETM
WIKIPEDIA,P3,137,38,114,ALL_MORPH_BOUNDARY_GUARD,3,saved_H3_exact_target_token,,NO_REJECTION,True,4,2,1,XSV→EC
WIKIPEDIA,P3,138,20,78,ALL_MORPH_BOUNDARY_GUARD,2,saved_H3_exact_target_token,,NO_REJECTION,True,4,3,2,XSV→ETM
WIKIPEDIA,P3,138,21,82,ALL_MORPH_BOUNDARY_GUARD,1,projected_saved_draft_candidate_at_or_after_rejection,4.0,AFTER_GUARD,True,4,4,3,VCP→EF
WIKIPEDIA,P3,139,3,7,ALL_MORPH_BOUNDARY_GUARD,2,saved_H3_exact_target_token,,NO_REJECTION,True,4,3,2,XSV→EC
WIKIPEDIA,P3,139,9,24,ALL_MORPH_BOUNDARY_GUARD,3,saved_H3_exact_target_token,,NO_REJECTION,True,4,2,1,VX→EC
WIKIPEDIA,P3,139,10,28,NP_BOUNDARY_GUARD,2,projected_saved_draft_candidate_at_or_after_rejection,1.0,BEFORE_GUARD,False,4,3,2,NNG→JKS
WIKIPEDIA,P3,139,10,28,ALL_MORPH_BOUNDARY_GUARD,2,projected_saved_draft_candidate_at_or_after_rejection,1.0,BEFORE_GUARD,False,4,3,2,NNG→JKS
WIKIPEDIA,P3,139,13,32,ALL_MORPH_BOUNDARY_GUARD,1,projected_saved_draft_candidate_at_or_after_rejection,1.0,AT_GUARD,True,4,4,3,XSV→ETN
WIKIPEDIA,P3,139,15,35,NP_BOUNDARY_GUARD,3,projected_saved_draft_candidate_at_or_after_rejection,1.0,BEFORE_GUARD,False,4,2,1,NNG→JKO
WIKIPEDIA,P3,139,15,35,ALL_MORPH_BOUNDARY_GUARD,3,projected_saved_draft_candidate_at_or_after_rejection,1.0,BEFORE_GUARD,False,4,2,1,NNG→JKO
WIKIPEDIA,P3,139,16,36,NP_BOUNDARY_GUARD,3,projected_saved_draft_candidate_at_or_after_rejection,1.0,BEFORE_GUARD,False,4,2,1,NNG→JKO
WIKIPEDIA,P3,139,16,36,ALL_MORPH_BOUNDARY_GUARD,3,projected_saved_draft_candidate_at_or_after_rejection,1.0,BEFORE_GUARD,False,4,2,1,NNG→JKO
WIKIPEDIA,P3,139,32,87,ALL_MORPH_BOUNDARY_GUARD,3,saved_H3_exact_target_token,,NO_REJECTION,True,4,2,1,VCP→EF
WIKIPEDIA,P3,140,1,3,ALL_MORPH_BOUNDARY_GUARD,2,saved_H3_exact_target_token,,NO_REJECTION,True,4,3,2,XSV→ETM
WIKIPEDIA,P3,140,2,7,ALL_MORPH_BOUNDARY_GUARD,2,projected_saved_draft_candidate_at_or_after_rejection,1.0,BEFORE_GUARD,False,4,3,2,XSV→ETM
WIKIPEDIA,P3,140,24,70,ALL_MORPH_BOUNDARY_GUARD,2,saved_H3_exact_target_token,,NO_REJECTION,True,4,3,2,VCP→EF
WIKIPEDIA,P3,140,35,114,ALL_MORPH_BOUNDARY_GUARD,2,saved_H3_exact_target_token,,NO_REJECTION,True,4,3,2,VCP→EF
WIKIPEDIA,P3,141,6,21,ALL_MORPH_BOUNDARY_GUARD,3,projected_saved_draft_candidate_at_or_after_rejection,1.0,BEFORE_GUARD,False,4,2,1,XSV→EP
WIKIPEDIA,P3,141,12,33,ALL_MORPH_BOUNDARY_GUARD,1,projected_saved_draft_candidate_at_or_after_rejection,1.0,AT_GUARD,True,4,4,3,VCP→EF
WIKIPEDIA,P3,141,23,60,ALL_MORPH_BOUNDARY_GUARD,2,projected_saved_draft_candidate_at_or_after_rejection,2.0,AT_GUARD,True,4,3,2,VV→EC
WIKIPEDIA,P3,141,34,90,ALL_MORPH_BOUNDARY_GUARD,2,saved_H3_exact_target_token,,NO_REJECTION,True,4,3,2,VA→EC
WIKIPEDIA,P3,142,2,6,ALL_MORPH_BOUNDARY_GUARD,1,projected_saved_draft_candidate_at_or_after_rejection,1.0,AT_GUARD,True,4,4,3,VA→ETM
WIKIPEDIA,P3,142,24,48,ALL_MORPH_BOUNDARY_GUARD,3,projected_saved_draft_candidate_at_or_after_rejection,2.0,BEFORE_GUARD,False,4,2,1,XSV→EC
WIKIPEDIA,P3,142,25,50,ALL_MORPH_BOUNDARY_GUARD,2,projected_saved_draft_candidate_at_or_after_rejection,2.0,AT_GUARD,True,4,3,2,XSV→EC
WIKIPEDIA,P3,142,28,54,ALL_MORPH_BOUNDARY_GUARD,3,projected_saved_draft_candidate_at_or_after_rejection,2.0,BEFORE_GUARD,False,4,2,1,XSV→EC
WIKIPEDIA,P3,142,30,60,ALL_MORPH_BOUNDARY_GUARD,2,projected_saved_draft_candidate_at_or_after_rejection,2.0,AT_GUARD,True,4,3,2,XSV→ETM
WIKIPEDIA,P3,142,31,62,ALL_MORPH_BOUNDARY_GUARD,2,projected_saved_draft_candidate_at_or_after_rejection,1.0,BEFORE_GUARD,False,4,3,2,XSV→ETM
WIKIPEDIA,P3,142,32,63,ALL_MORPH_BOUNDARY_GUARD,3,projected_saved_draft_candidate_at_or_after_rejection,4.0,AFTER_GUARD,True,4,2,1,XSV→ETM
WIKIPEDIA,P3,142,33,67,ALL_MORPH_BOUNDARY_GUARD,2,projected_saved_draft_candidate_at_or_after_rejection,4.0,AFTER_GUARD,True,4,3,2,VCP→EF
WIKIPEDIA,P3,142,34,71,ALL_MORPH_BOUNDARY_GUARD,2,saved_H3_exact_target_token,,NO_REJECTION,True,4,3,2,VV→EC
WIKIPEDIA,P3,142,41,89,ALL_MORPH_BOUNDARY_GUARD,1,projected_saved_draft_candidate_at_or_after_rejection,1.0,AT_GUARD,True,4,4,3,XSV→EC
WIKIPEDIA,P3,142,46,105,ALL_MORPH_BOUNDARY_GUARD,3,projected_saved_draft_candidate_at_or_after_rejection,1.0,BEFORE_GUARD,False,4,2,1,VCP→EF
WIKIPEDIA,P3,143,8,21,ALL_MORPH_BOUNDARY_GUARD,2,saved_H3_exact_target_token,,NO_REJECTION,True,4,3,2,SSO→SL
WIKIPEDIA,P3,143,11,31,ALL_MORPH_BOUNDARY_GUARD,2,saved_H3_exact_target_token,,NO_REJECTION,True,4,3,2,SSO→SL
WIKIPEDIA,P3,143,14,41,ALL_MORPH_BOUNDARY_GUARD,2,saved_H3_exact_target_token,,NO_REJECTION,True,4,3,2,SSO→SL
WIKIPEDIA,P3,143,17,51,ALL_MORPH_BOUNDARY_GUARD,2,saved_H3_exact_target_token,,NO_REJECTION,True,4,3,2,SSO→SL
WIKIPEDIA,P3,143,21,62,ALL_MORPH_BOUNDARY_GUARD,3,saved_H3_exact_target_token,,NO_REJECTION,True,4,2,1,SSO→SL
WIKIPEDIA,P3,143,27,85,ALL_MORPH_BOUNDARY_GUARD,1,saved_H3_exact_target_token,,NO_REJECTION,True,4,4,3,SSO→SL
WIKIPEDIA,P3,143,30,95,ALL_MORPH_BOUNDARY_GUARD,3,saved_H3_exact_target_token,,NO_REJECTION,True,4,2,1,SSO→SL
WIKIPEDIA,P3,143,33,106,ALL_MORPH_BOUNDARY_GUARD,2,saved_H3_exact_target_token,,NO_REJECTION,True,4,3,2,SSO→SL
WIKIPEDIA,P3,143,36,116,ALL_MORPH_BOUNDARY_GUARD,2,saved_H3_exact_target_token,,NO_REJECTION,True,4,3,2,SSO→SL
WIKIPEDIA,P3,144,0,0,NP_BOUNDARY_GUARD,2,projected_saved_draft_candidate_at_or_after_rejection,1.0,BEFORE_GUARD,False,4,3,2,NNG→JKO
WIKIPEDIA,P3,144,0,0,ALL_MORPH_BOUNDARY_GUARD,2,projected_saved_draft_candidate_at_or_after_rejection,1.0,BEFORE_GUARD,False,4,3,2,NNG→JKO
WIKIPEDIA,P3,145,4,11,ALL_MORPH_BOUNDARY_GUARD,1,projected_saved_draft_candidate_at_or_after_rejection,1.0,AT_GUARD,True,4,4,3,VV→EC
WIKIPEDIA,P3,145,9,25,ALL_MORPH_BOUNDARY_GUARD,1,saved_H3_exact_target_token,,NO_REJECTION,True,4,4,3,VV→ETM
WIKIPEDIA,P3,145,12,37,ALL_MORPH_BOUNDARY_GUARD,3,saved_H3_exact_target_token,,NO_REJECTION,True,4,2,1,VV→ETM
WIKIPEDIA,P3,145,16,53,ALL_MORPH_BOUNDARY_GUARD,1,saved_H3_exact_target_token,,NO_REJECTION,True,4,4,3,VV→ETM
WIKIPEDIA,P3,145,19,65,ALL_MORPH_BOUNDARY_GUARD,3,saved_H3_exact_target_token,,NO_REJECTION,True,4,2,1,VV→ETM
WIKIPEDIA,P3,145,23,81,ALL_MORPH_BOUNDARY_GUARD,1,saved_H3_exact_target_token,,NO_REJECTION,True,4,4,3,VV→ETM
WIKIPEDIA,P3,145,26,93,ALL_MORPH_BOUNDARY_GUARD,3,saved_H3_exact_target_token,,NO_REJECTION,True,4,2,1,VV→ETM
WIKIPEDIA,P3,145,30,109,ALL_MORPH_BOUNDARY_GUARD,1,saved_H3_exact_target_token,,NO_REJECTION,True,4,4,3,VV→ETM
WIKIPEDIA,P3,145,33,121,ALL_MORPH_BOUNDARY_GUARD,3,saved_H3_exact_target_token,,NO_REJECTION,True,4,2,1,VV→ETM
WIKIPEDIA,P3,146,3,8,ALL_MORPH_BOUNDARY_GUARD,2,saved_H3_exact_target_token,,NO_REJECTION,True,4,3,2,XSN→JKB
WIKIPEDIA,P3,146,8,23,ALL_MORPH_BOUNDARY_GUARD,3,projected_saved_draft_candidate_at_or_after_rejection,4.0,AFTER_GUARD,True,4,2,1,VV→ETM
WIKIPEDIA,P3,146,15,45,ALL_MORPH_BOUNDARY_GUARD,2,projected_saved_draft_candidate_at_or_after_rejection,4.0,AFTER_GUARD,True,4,3,2,XSN→JKB
WIKIPEDIA,P3,146,24,67,ALL_MORPH_BOUNDARY_GUARD,2,projected_saved_draft_candidate_at_or_after_rejection,2.0,AT_GUARD,True,4,3,2,XSN→JKB
WIKIPEDIA,P3,146,32,89,ALL_MORPH_BOUNDARY_GUARD,2,saved_H3_exact_target_token,,NO_REJECTION,True,4,3,2,XSN→JKB
WIKIPEDIA,P3,146,37,106,ALL_MORPH_BOUNDARY_GUARD,1,saved_H3_exact_target_token,,NO_REJECTION,True,4,4,3,VV→EC
WIKIPEDIA,P3,147,22,45,NP_BOUNDARY_GUARD,2,projected_saved_draft_candidate_at_or_after_rejection,2.0,AT_GUARD,True,4,3,2,NNG→JKO
WIKIPEDIA,P3,147,22,45,ALL_MORPH_BOUNDARY_GUARD,2,projected_saved_draft_candidate_at_or_after_rejection,2.0,AT_GUARD,True,4,3,2,NNG→JKO
WIKIPEDIA,P3,147,24,51,ALL_MORPH_BOUNDARY_GUARD,1,projected_saved_draft_candidate_at_or_after_rejection,3.0,AFTER_GUARD,True,4,4,3,VX→EF
WIKIPEDIA,P3,147,32,70,ALL_MORPH_BOUNDARY_GUARD,3,projected_saved_draft_candidate_at_or_after_rejection,2.0,BEFORE_GUARD,False,4,2,1,XSV→EC
WIKIPEDIA,P3,147,46,113,ALL_MORPH_BOUNDARY_GUARD,1,saved_H3_exact_target_token,,NO_REJECTION,True,4,4,3,XSV→EP
WIKIPEDIA,P3,149,1,2,ALL_MORPH_BOUNDARY_GUARD,1,saved_H3_exact_target_token,,NO_REJECTION,True,4,4,3,XSV→EC
WIKIPEDIA,P3,149,3,9,ALL_MORPH_BOUNDARY_GUARD,3,projected_saved_draft_candidate_at_or_after_rejection,2.0,BEFORE_GUARD,False,4,2,1,VA→ETM
WIKIPEDIA,P3,149,5,15,ALL_MORPH_BOUNDARY_GUARD,3,saved_H3_exact_target_token,,NO_REJECTION,True,4,2,1,VCP→EF
WIKIPEDIA,P3,149,8,27,ALL_MORPH_BOUNDARY_GUARD,3,saved_H3_exact_target_token,,NO_REJECTION,True,4,2,1,VA→EF
WIKIPEDIA,P3,149,13,41,ALL_MORPH_BOUNDARY_GUARD,3,projected_saved_draft_candidate_at_or_after_rejection,3.0,AT_GUARD,True,4,2,1,VCP→EF
WIKIPEDIA,P3,149,18,55,ALL_MORPH_BOUNDARY_GUARD,2,saved_H3_exact_target_token,,NO_REJECTION,True,4,3,2,VCP→EF
WIKIPEDIA,P3,149,19,59,ALL_MORPH_BOUNDARY_GUARD,3,projected_saved_draft_candidate_at_or_after_rejection,1.0,BEFORE_GUARD,False,4,2,1,VA→ETM
WIKIPEDIA,P3,149,25,72,ALL_MORPH_BOUNDARY_GUARD,3,projected_saved_draft_candidate_at_or_after_rejection,3.0,AT_GUARD,True,4,2,1,VX→EF
WIKIPEDIA,P3,149,28,80,ALL_MORPH_BOUNDARY_GUARD,1,projected_saved_draft_candidate_at_or_after_rejection,1.0,AT_GUARD,True,4,4,3,VV→EC
WIKIPEDIA,P3,149,34,98,ALL_MORPH_BOUNDARY_GUARD,2,projected_saved_draft_candidate_at_or_after_rejection,4.0,AFTER_GUARD,True,4,3,2,VCP→EF
WIKIPEDIA,P3,150,0,0,ALL_MORPH_BOUNDARY_GUARD,3,projected_saved_draft_candidate_at_or_after_rejection,3.0,AT_GUARD,True,4,2,1,VA→ETM
WIKIPEDIA,P3,150,11,37,ALL_MORPH_BOUNDARY_GUARD,2,projected_saved_draft_candidate_at_or_after_rejection,2.0,AT_GUARD,True,4,3,2,JKB→JX
WIKIPEDIA,P3,151,9,18,ALL_MORPH_BOUNDARY_GUARD,3,projected_saved_draft_candidate_at_or_after_rejection,3.0,AT_GUARD,True,4,2,1,XSN→JKG
WIKIPEDIA,P3,151,13,25,ALL_MORPH_BOUNDARY_GUARD,1,projected_saved_draft_candidate_at_or_after_rejection,2.0,AFTER_GUARD,True,4,4,3,XSV→ETM
WIKIPEDIA,P3,151,14,27,ALL_MORPH_BOUNDARY_GUARD,3,projected_saved_draft_candidate_at_or_after_rejection,1.0,BEFORE_GUARD,False,4,2,1,VCN→EC
WIKIPEDIA,P3,151,18,40,ALL_MORPH_BOUNDARY_GUARD,1,saved_H3_exact_target_token,,NO_REJECTION,True,4,4,3,XSN→JX
WIKIPEDIA,P3,151,19,44,ALL_MORPH_BOUNDARY_GUARD,2,saved_H3_exact_target_token,,NO_REJECTION,True,4,3,2,XSV→ETM
WIKIPEDIA,P3,151,23,60,ALL_MORPH_BOUNDARY_GUARD,1,saved_H3_exact_target_token,,NO_REJECTION,True,4,4,3,XSN→JX
WIKIPEDIA,P3,151,24,64,ALL_MORPH_BOUNDARY_GUARD,2,saved_H3_exact_target_token,,NO_REJECTION,True,4,3,2,XSV→ETM
WIKIPEDIA,P3,151,28,80,ALL_MORPH_BOUNDARY_GUARD,1,saved_H3_exact_target_token,,NO_REJECTION,True,4,4,3,XSN→JX
WIKIPEDIA,P3,151,29,84,ALL_MORPH_BOUNDARY_GUARD,2,saved_H3_exact_target_token,,NO_REJECTION,True,4,3,2,XSV→ETM
WIKIPEDIA,P3,151,33,100,ALL_MORPH_BOUNDARY_GUARD,1,saved_H3_exact_target_token,,NO_REJECTION,True,4,4,3,XSN→JX
WIKIPEDIA,P3,151,34,104,ALL_MORPH_BOUNDARY_GUARD,2,saved_H3_exact_target_token,,NO_REJECTION,True,4,3,2,XSV→ETM
WIKIPEDIA,P3,151,38,120,ALL_MORPH_BOUNDARY_GUARD,1,saved_H3_exact_target_token,,NO_REJECTION,True,4,4,3,XSN→JX
WIKIPEDIA,P3,151,39,124,ALL_MORPH_BOUNDARY_GUARD,2,saved_H3_exact_target_token,,NO_REJECTION,True,4,3,2,XSV→ETM
WIKIPEDIA,P3,152,0,0,ALL_MORPH_BOUNDARY_GUARD,3,projected_saved_draft_candidate_at_or_after_rejection,2.0,BEFORE_GUARD,False,4,2,1,VCP→EF
WIKIPEDIA,P3,152,15,43,ALL_MORPH_BOUNDARY_GUARD,3,saved_H3_exact_target_token,,NO_REJECTION,True,4,2,1,VA→EF
WIKIPEDIA,P3,152,20,61,ALL_MORPH_BOUNDARY_GUARD,3,saved_H3_exact_target_token,,NO_REJECTION,True,4,2,1,VA→EF
WIKIPEDIA,P3,152,25,81,ALL_MORPH_BOUNDARY_GUARD,1,saved_H3_exact_target_token,,NO_REJECTION,True,4,4,3,VA→EF
WIKIPEDIA,P3,152,29,97,ALL_MORPH_BOUNDARY_GUARD,3,saved_H3_exact_target_token,,NO_REJECTION,True,4,2,1,VA→EF
WIKIPEDIA,P3,152,34,117,ALL_MORPH_BOUNDARY_GUARD,1,saved_H3_exact_target_token,,NO_REJECTION,True,4,4,3,VA→EF
WIKIPEDIA,P3,153,19,58,ALL_MORPH_BOUNDARY_GUARD,1,saved_H3_exact_target_token,,NO_REJECTION,True,4,4,3,XSV→EC
WIKIPEDIA,P3,154,9,25,ALL_MORPH_BOUNDARY_GUARD,1,projected_saved_draft_candidate_at_or_after_rejection,1.0,AT_GUARD,True,4,4,3,JKB→JX
WIKIPEDIA,P3,154,18,50,ALL_MORPH_BOUNDARY_GUARD,2,projected_saved_draft_candidate_at_or_after_rejection,2.0,AT_GUARD,True,4,3,2,XSV→EC
WIKIPEDIA,P3,154,28,73,ALL_MORPH_BOUNDARY_GUARD,2,saved_H3_exact_target_token,,NO_REJECTION,True,4,3,2,XSV→ETM
WIKIPEDIA,P3,154,34,95,ALL_MORPH_BOUNDARY_GUARD,3,saved_H3_exact_target_token,,NO_REJECTION,True,4,2,1,XSV→ETM
WIKIPEDIA,P3,154,40,118,ALL_MORPH_BOUNDARY_GUARD,3,saved_H3_exact_target_token,,NO_REJECTION,True,4,2,1,XSV→ETM
WIKIPEDIA,P3,155,0,0,ALL_MORPH_BOUNDARY_GUARD,3,projected_saved_draft_candidate_at_or_after_rejection,2.0,BEFORE_GUARD,False,4,2,1,XSV→EC
WIKIPEDIA,P3,155,1,2,ALL_MORPH_BOUNDARY_GUARD,2,projected_saved_draft_candidate_at_or_after_rejection,2.0,AT_GUARD,True,4,3,2,XSV→ETN
WIKIPEDIA,P3,155,3,5,ALL_MORPH_BOUNDARY_GUARD,2,projected_saved_draft_candidate_at_or_after_rejection,2.0,AT_GUARD,True,4,3,2,VA→ETM
WIKIPEDIA,P3,155,13,26,ALL_MORPH_BOUNDARY_GUARD,2,saved_H3_exact_target_token,,NO_REJECTION,True,4,3,2,XSV→ETM
WIKIPEDIA,P3,155,16,35,ALL_MORPH_BOUNDARY_GUARD,1,saved_H3_exact_target_token,,NO_REJECTION,True,4,4,3,XSV→ETM
WIKIPEDIA,P3,155,20,50,ALL_MORPH_BOUNDARY_GUARD,3,saved_H3_exact_target_token,,NO_REJECTION,True,4,2,1,XSV→ETM
WIKIPEDIA,P3,155,25,70,ALL_MORPH_BOUNDARY_GUARD,2,projected_saved_draft_candidate_at_or_after_rejection,2.0,AT_GUARD,True,4,3,2,XSV→EC
WIKIPEDIA,P3,155,27,76,ALL_MORPH_BOUNDARY_GUARD,2,projected_saved_draft_candidate_at_or_after_rejection,2.0,AT_GUARD,True,4,3,2,VCP→EF
WIKIPEDIA,P3,155,31,87,ALL_MORPH_BOUNDARY_GUARD,2,saved_H3_exact_target_token,,NO_REJECTION,True,4,3,2,XSV→ETM
WIKIPEDIA,P3,155,36,107,ALL_MORPH_BOUNDARY_GUARD,1,saved_H3_exact_target_token,,NO_REJECTION,True,4,4,3,XSV→ETM
WIKIPEDIA,P3,155,40,123,ALL_MORPH_BOUNDARY_GUARD,2,saved_H3_exact_target_token,,NO_REJECTION,True,4,3,2,XSV→ETM
WIKIPEDIA,P3,156,8,26,ALL_MORPH_BOUNDARY_GUARD,2,projected_saved_draft_candidate_at_or_after_rejection,3.0,AFTER_GUARD,True,4,3,2,XSV→EC
WIKIPEDIA,P3,156,13,43,ALL_MORPH_BOUNDARY_GUARD,2,saved_H3_exact_target_token,,NO_REJECTION,True,4,3,2,XSV→EC
WIKIPEDIA,P3,156,17,59,ALL_MORPH_BOUNDARY_GUARD,3,saved_H3_exact_target_token,,NO_REJECTION,True,4,2,1,XSV→EC
WIKIPEDIA,P3,156,22,79,ALL_MORPH_BOUNDARY_GUARD,1,saved_H3_exact_target_token,,NO_REJECTION,True,4,4,3,VX→EF
WIKIPEDIA,P3,156,26,95,ALL_MORPH_BOUNDARY_GUARD,1,saved_H3_exact_target_token,,NO_REJECTION,True,4,4,3,XSV→EC
WIKIPEDIA,P3,156,30,111,ALL_MORPH_BOUNDARY_GUARD,2,saved_H3_exact_target_token,,NO_REJECTION,True,4,3,2,XSV→EC
WIKIPEDIA,P3,157,1,3,ALL_MORPH_BOUNDARY_GUARD,3,projected_saved_draft_candidate_at_or_after_rejection,2.0,BEFORE_GUARD,False,4,2,1,VA→EF
WIKIPEDIA,P3,157,2,5,ALL_MORPH_BOUNDARY_GUARD,1,projected_saved_draft_candidate_at_or_after_rejection,1.0,AT_GUARD,True,4,4,3,VA→EF
WIKIPEDIA,P3,157,23,58,ALL_MORPH_BOUNDARY_GUARD,2,projected_saved_draft_candidate_at_or_after_rejection,4.0,AFTER_GUARD,True,4,3,2,XSV→ETM
WIKIPEDIA,P3,157,30,83,ALL_MORPH_BOUNDARY_GUARD,2,saved_H3_exact_target_token,,NO_REJECTION,True,4,3,2,XSV→ETM
WIKIPEDIA,P3,157,35,103,ALL_MORPH_BOUNDARY_GUARD,1,saved_H3_exact_target_token,,NO_REJECTION,True,4,4,3,VCP→EC
WIKIPEDIA,P3,157,36,107,ALL_MORPH_BOUNDARY_GUARD,3,saved_H3_exact_target_token,,NO_REJECTION,True,4,2,1,XSV→ETM
WIKIPEDIA,P3,157,37,111,ALL_MORPH_BOUNDARY_GUARD,1,saved_H3_exact_target_token,,NO_REJECTION,True,4,4,3,XSN→JX
WIKIPEDIA,P3,158,1,1,ALL_MORPH_BOUNDARY_GUARD,2,projected_saved_draft_candidate_at_or_after_rejection,2.0,AT_GUARD,True,4,3,2,XSA→EF
WIKIPEDIA,P3,158,2,3,ALL_MORPH_BOUNDARY_GUARD,2,saved_H3_exact_target_token,,NO_REJECTION,True,4,3,2,VCP→EF
WIKIPEDIA,P3,158,16,47,NP_BOUNDARY_GUARD,1,projected_saved_draft_candidate_at_or_after_rejection,1.0,AT_GUARD,True,4,4,3,NNB→JKO
WIKIPEDIA,P3,158,16,47,ALL_MORPH_BOUNDARY_GUARD,1,projected_saved_draft_candidate_at_or_after_rejection,1.0,AT_GUARD,True,4,4,3,NNB→JKO
WIKIPEDIA,P3,158,33,94,ALL_MORPH_BOUNDARY_GUARD,1,saved_H3_exact_target_token,,NO_REJECTION,True,4,4,3,XSV→ETN
WIKIPEDIA,P3,159,11,30,ALL_MORPH_BOUNDARY_GUARD,1,projected_saved_draft_candidate_at_or_after_rejection,1.0,AT_GUARD,True,4,4,3,VCP→EF
WIKIPEDIA,P3,159,12,31,ALL_MORPH_BOUNDARY_GUARD,2,saved_H3_exact_target_token,,NO_REJECTION,True,4,3,2,VCP→EF
WIKIPEDIA,P3,160,7,23,NP_BOUNDARY_GUARD,1,projected_saved_draft_candidate_at_or_after_rejection,1.0,AT_GUARD,True,4,4,3,NNB→JKO
WIKIPEDIA,P3,160,7,23,ALL_MORPH_BOUNDARY_GUARD,1,projected_saved_draft_candidate_at_or_after_rejection,1.0,AT_GUARD,True,4,4,3,NNB→JKO
WIKIPEDIA,P3,160,9,28,ALL_MORPH_BOUNDARY_GUARD,2,projected_saved_draft_candidate_at_or_after_rejection,2.0,AT_GUARD,True,4,3,2,XSV→EC
WIKIPEDIA,P3,161,4,9,ALL_MORPH_BOUNDARY_GUARD,1,saved_H3_exact_target_token,,NO_REJECTION,True,4,4,3,EP→EF
WIKIPEDIA,P3,161,7,18,ALL_MORPH_BOUNDARY_GUARD,1,projected_saved_draft_candidate_at_or_after_rejection,1.0,AT_GUARD,True,4,4,3,JKB→JX
WIKIPEDIA,P3,161,11,28,ALL_MORPH_BOUNDARY_GUARD,2,projected_saved_draft_candidate_at_or_after_rejection,1.0,BEFORE_GUARD,False,4,3,2,EP→EF
WIKIPEDIA,P3,161,13,32,ALL_MORPH_BOUNDARY_GUARD,2,projected_saved_draft_candidate_at_or_after_rejection,2.0,AT_GUARD,True,4,3,2,EP→EF
WIKIPEDIA,P3,161,15,35,ALL_MORPH_BOUNDARY_GUARD,3,saved_H3_exact_target_token,,NO_REJECTION,True,4,2,1,SO→SL
WIKIPEDIA,P3,161,18,46,ALL_MORPH_BOUNDARY_GUARD,3,projected_saved_draft_candidate_at_or_after_rejection,1.0,BEFORE_GUARD,False,4,2,1,EP→EF
WIKIPEDIA,P3,161,21,49,ALL_MORPH_BOUNDARY_GUARD,3,projected_saved_draft_candidate_at_or_after_rejection,2.0,BEFORE_GUARD,False,4,2,1,XSV→EC
WIKIPEDIA,P3,161,29,77,ALL_MORPH_BOUNDARY_GUARD,3,saved_H3_exact_target_token,,NO_REJECTION,True,4,2,1,SO→SL
WIKIPEDIA,P3,161,40,121,ALL_MORPH_BOUNDARY_GUARD,1,saved_H3_exact_target_token,,NO_REJECTION,True,4,4,3,SO→SL
WIKIPEDIA,P3,162,4,12,ALL_MORPH_BOUNDARY_GUARD,1,saved_H3_exact_target_token,,NO_REJECTION,True,4,4,3,VV→ETM
WIKIPEDIA,P3,162,9,32,ALL_MORPH_BOUNDARY_GUARD,1,saved_H3_exact_target_token,,NO_REJECTION,True,4,4,3,XSV→EC
WIKIPEDIA,P3,162,12,43,ALL_MORPH_BOUNDARY_GUARD,2,projected_saved_draft_candidate_at_or_after_rejection,3.0,AFTER_GUARD,True,4,3,2,XSN→JKB
WIKIPEDIA,P3,162,13,46,NP_BOUNDARY_GUARD,2,projected_saved_draft_candidate_at_or_after_rejection,1.0,BEFORE_GUARD,False,4,3,2,NNB→JKS
WIKIPEDIA,P3,162,13,46,ALL_MORPH_BOUNDARY_GUARD,1,projected_saved_draft_candidate_at_or_after_rejection,1.0,AT_GUARD,True,4,4,3,VV→ETM
WIKIPEDIA,P3,163,15,36,NP_BOUNDARY_GUARD,3,projected_saved_draft_candidate_at_or_after_rejection,1.0,BEFORE_GUARD,False,4,2,1,NNG→JX
WIKIPEDIA,P3,163,15,36,ALL_MORPH_BOUNDARY_GUARD,3,projected_saved_draft_candidate_at_or_after_rejection,1.0,BEFORE_GUARD,False,4,2,1,NNG→JX
WIKIPEDIA,P3,164,23,62,ALL_MORPH_BOUNDARY_GUARD,2,projected_saved_draft_candidate_at_or_after_rejection,3.0,AFTER_GUARD,True,4,3,2,XSN→JKB
WIKIPEDIA,P3,164,24,65,ALL_MORPH_BOUNDARY_GUARD,3,saved_H3_exact_target_token,,NO_REJECTION,True,4,2,1,XSV→ETM
WIKIPEDIA,P3,164,30,79,ALL_MORPH_BOUNDARY_GUARD,3,projected_saved_draft_candidate_at_or_after_rejection,4.0,AFTER_GUARD,True,4,2,1,XSN→JKO
WIKIPEDIA,P3,164,31,83,ALL_MORPH_BOUNDARY_GUARD,1,projected_saved_draft_candidate_at_or_after_rejection,4.0,AFTER_GUARD,True,4,4,3,XSV→ETM
WIKIPEDIA,P3,164,32,87,ALL_MORPH_BOUNDARY_GUARD,3,projected_saved_draft_candidate_at_or_after_rejection,3.0,AT_GUARD,True,4,2,1,VCP→EF
WIKIPEDIA,P3,164,37,103,ALL_MORPH_BOUNDARY_GUARD,3,saved_H3_exact_target_token,,NO_REJECTION,True,4,2,1,VCP→EF
WIKIPEDIA,P3,165,2,3,ALL_MORPH_BOUNDARY_GUARD,3,projected_saved_draft_candidate_at_or_after_rejection,3.0,AT_GUARD,True,4,2,1,VV→ETM
WIKIPEDIA,P3,165,8,15,ALL_MORPH_BOUNDARY_GUARD,2,projected_saved_draft_candidate_at_or_after_rejection,3.0,AFTER_GUARD,True,4,3,2,XSA→EF
WIKIPEDIA,P3,165,16,37,ALL_MORPH_BOUNDARY_GUARD,2,projected_saved_draft_candidate_at_or_after_rejection,3.0,AFTER_GUARD,True,4,3,2,XSV→EC
WIKIPEDIA,P3,165,20,45,NP_BOUNDARY_GUARD,1,projected_saved_draft_candidate_at_or_after_rejection,1.0,AT_GUARD,True,4,4,3,NNG→JX
WIKIPEDIA,P3,165,20,45,ALL_MORPH_BOUNDARY_GUARD,1,projected_saved_draft_candidate_at_or_after_rejection,1.0,AT_GUARD,True,4,4,3,NNG→JX
WIKIPEDIA,P3,165,28,63,ALL_MORPH_BOUNDARY_GUARD,3,projected_saved_draft_candidate_at_or_after_rejection,4.0,AFTER_GUARD,True,4,2,1,XSA→EF
WIKIPEDIA,P3,165,35,82,ALL_MORPH_BOUNDARY_GUARD,2,projected_saved_draft_candidate_at_or_after_rejection,1.0,BEFORE_GUARD,False,4,3,2,XSV→EP
WIKIPEDIA,P3,165,37,87,ALL_MORPH_BOUNDARY_GUARD,2,projected_saved_draft_candidate_at_or_after_rejection,1.0,BEFORE_GUARD,False,4,3,2,XSV→EP
WIKIPEDIA,P3,165,43,107,ALL_MORPH_BOUNDARY_GUARD,3,saved_H3_exact_target_token,,NO_REJECTION,True,4,2,1,XSV→EC
WIKIPEDIA,P3,165,45,115,NP_BOUNDARY_GUARD,2,saved_H3_exact_target_token,,NO_REJECTION,True,4,3,2,NNG→JKS
WIKIPEDIA,P3,165,45,115,ALL_MORPH_BOUNDARY_GUARD,2,saved_H3_exact_target_token,,NO_REJECTION,True,4,3,2,NNG→JKS
WIKIPEDIA,P3,169,8,17,ALL_MORPH_BOUNDARY_GUARD,3,projected_saved_draft_candidate_at_or_after_rejection,3.0,AT_GUARD,True,4,2,1,XSV→EC
WIKIPEDIA,P3,169,20,43,ALL_MORPH_BOUNDARY_GUARD,1,projected_saved_draft_candidate_at_or_after_rejection,1.0,AT_GUARD,True,4,4,3,XSN→JKB
WIKIPEDIA,P3,169,28,64,NP_BOUNDARY_GUARD,1,projected_saved_draft_candidate_at_or_after_rejection,1.0,AT_GUARD,True,4,4,3,NNG→JKB
WIKIPEDIA,P3,169,28,64,ALL_MORPH_BOUNDARY_GUARD,1,projected_saved_draft_candidate_at_or_after_rejection,1.0,AT_GUARD,True,4,4,3,NNG→JKB
WIKIPEDIA,P3,170,7,21,ALL_MORPH_BOUNDARY_GUARD,1,projected_saved_draft_candidate_at_or_after_rejection,2.0,AFTER_GUARD,True,4,4,3,JKB→JX
WIKIPEDIA,P3,170,15,38,ALL_MORPH_BOUNDARY_GUARD,3,projected_saved_draft_candidate_at_or_after_rejection,2.0,BEFORE_GUARD,False,4,2,1,VA→ETM
WIKIPEDIA,P3,170,16,40,ALL_MORPH_BOUNDARY_GUARD,1,projected_saved_draft_candidate_at_or_after_rejection,1.0,AT_GUARD,True,4,4,3,VA→ETM
WIKIPEDIA,P3,170,24,57,ALL_MORPH_BOUNDARY_GUARD,3,projected_saved_draft_candidate_at_or_after_rejection,1.0,BEFORE_GUARD,False,4,2,1,VA→ETM
WIKIPEDIA,P3,170,25,58,ALL_MORPH_BOUNDARY_GUARD,3,projected_saved_draft_candidate_at_or_after_rejection,1.0,BEFORE_GUARD,False,4,2,1,VA→ETM
WIKIPEDIA,P3,170,26,59,ALL_MORPH_BOUNDARY_GUARD,2,projected_saved_draft_candidate_at_or_after_rejection,3.0,AFTER_GUARD,True,4,3,2,VA→ETM
WIKIPEDIA,P3,170,29,68,ALL_MORPH_BOUNDARY_GUARD,3,projected_saved_draft_candidate_at_or_after_rejection,3.0,AT_GUARD,True,4,2,1,EP→EF
WIKIPEDIA,P3,171,2,5,ALL_MORPH_BOUNDARY_GUARD,2,projected_saved_draft_candidate_at_or_after_rejection,2.0,AT_GUARD,True,4,3,2,XSV→ETM
WIKIPEDIA,P3,171,3,7,ALL_MORPH_BOUNDARY_GUARD,2,saved_H3_exact_target_token,,NO_REJECTION,True,4,3,2,VA→EF
WIKIPEDIA,P3,171,21,63,ALL_MORPH_BOUNDARY_GUARD,1,projected_saved_draft_candidate_at_or_after_rejection,1.0,AT_GUARD,True,4,4,3,XSV→ETM
WIKIPEDIA,P3,171,22,64,ALL_MORPH_BOUNDARY_GUARD,3,saved_H3_exact_target_token,,NO_REJECTION,True,4,2,1,VCP→EF
WIKIPEDIA,P3,171,39,109,ALL_MORPH_BOUNDARY_GUARD,3,saved_H3_exact_target_token,,NO_REJECTION,True,4,2,1,VA→EF
WIKIPEDIA,P3,172,15,35,ALL_MORPH_BOUNDARY_GUARD,3,projected_saved_draft_candidate_at_or_after_rejection,4.0,AFTER_GUARD,True,4,2,1,XSV→EC
WIKIPEDIA,P3,172,19,45,ALL_MORPH_BOUNDARY_GUARD,1,projected_saved_draft_candidate_at_or_after_rejection,1.0,AT_GUARD,True,4,4,3,EP→EF
WIKIPEDIA,P3,172,44,116,ALL_MORPH_BOUNDARY_GUARD,2,saved_H3_exact_target_token,,NO_REJECTION,True,4,3,2,XSV→ETM
WIKIPEDIA,P3,173,2,6,ALL_MORPH_BOUNDARY_GUARD,1,saved_H3_exact_target_token,,NO_REJECTION,True,4,4,3,VCP→EF
WIKIPEDIA,P3,173,20,59,ALL_MORPH_BOUNDARY_GUARD,2,saved_H3_exact_target_token,,NO_REJECTION,True,4,3,2,XSV→EP
WIKIPEDIA,P3,173,22,67,ALL_MORPH_BOUNDARY_GUARD,1,saved_H3_exact_target_token,,NO_REJECTION,True,4,4,3,NNB→NNG
WIKIPEDIA,P3,173,25,79,ALL_MORPH_BOUNDARY_GUARD,3,saved_H3_exact_target_token,,NO_REJECTION,True,4,2,1,VCP→EF
WIKIPEDIA,P3,174,1,1,ALL_MORPH_BOUNDARY_GUARD,3,saved_H3_exact_target_token,,NO_REJECTION,True,4,2,1,VV→EC
WIKIPEDIA,P3,174,23,56,ALL_MORPH_BOUNDARY_GUARD,1,projected_saved_draft_candidate_at_or_after_rejection,3.0,AFTER_GUARD,True,4,4,3,VCP→EF
WIKIPEDIA,P3,174,24,59,ALL_MORPH_BOUNDARY_GUARD,2,saved_H3_exact_target_token,,NO_REJECTION,True,4,3,2,VV→EC
WIKIPEDIA,P3,174,27,69,ALL_MORPH_BOUNDARY_GUARD,3,projected_saved_draft_candidate_at_or_after_rejection,4.0,AFTER_GUARD,True,4,2,1,VCP→EF
WIKIPEDIA,P3,175,4,12,ALL_MORPH_BOUNDARY_GUARD,3,projected_saved_draft_candidate_at_or_after_rejection,1.0,BEFORE_GUARD,False,4,2,1,VA→ETM
WIKIPEDIA,P3,175,11,29,ALL_MORPH_BOUNDARY_GUARD,3,projected_saved_draft_candidate_at_or_after_rejection,1.0,BEFORE_GUARD,False,4,2,1,VCP→EF
WIKIPEDIA,P3,175,12,30,ALL_MORPH_BOUNDARY_GUARD,2,projected_saved_draft_candidate_at_or_after_rejection,3.0,AFTER_GUARD,True,4,3,2,VCP→EF
WIKIPEDIA,P3,175,19,53,ALL_MORPH_BOUNDARY_GUARD,2,saved_H3_exact_target_token,,NO_REJECTION,True,4,3,2,XSV→ETM
WIKIPEDIA,P3,176,5,8,ALL_MORPH_BOUNDARY_GUARD,2,projected_saved_draft_candidate_at_or_after_rejection,1.0,BEFORE_GUARD,False,4,3,2,XSV→ETM
WIKIPEDIA,P3,176,14,32,ALL_MORPH_BOUNDARY_GUARD,2,projected_saved_draft_candidate_at_or_after_rejection,3.0,AFTER_GUARD,True,4,3,2,JKB→JX
WIKIPEDIA,P3,176,17,40,ALL_MORPH_BOUNDARY_GUARD,3,projected_saved_draft_candidate_at_or_after_rejection,2.0,BEFORE_GUARD,False,4,2,1,SSO→SSC
WIKIPEDIA,P3,176,18,42,ALL_MORPH_BOUNDARY_GUARD,3,projected_saved_draft_candidate_at_or_after_rejection,4.0,AFTER_GUARD,True,4,2,1,SSO→SSC
WIKIPEDIA,P3,176,24,63,ALL_MORPH_BOUNDARY_GUARD,2,saved_H3_exact_target_token,,NO_REJECTION,True,4,3,2,JKB→JX
WIKIPEDIA,P3,176,27,74,ALL_MORPH_BOUNDARY_GUARD,2,projected_saved_draft_candidate_at_or_after_rejection,1.0,BEFORE_GUARD,False,4,3,2,SSO→SSC
WIKIPEDIA,P3,176,30,79,ALL_MORPH_BOUNDARY_GUARD,3,projected_saved_draft_candidate_at_or_after_rejection,2.0,BEFORE_GUARD,False,4,2,1,SSO→SSC
WIKIPEDIA,P3,176,32,82,ALL_MORPH_BOUNDARY_GUARD,3,projected_saved_draft_candidate_at_or_after_rejection,4.0,AFTER_GUARD,True,4,2,1,SSO→SSC
WIKIPEDIA,P3,176,38,103,ALL_MORPH_BOUNDARY_GUARD,2,saved_H3_exact_target_token,,NO_REJECTION,True,4,3,2,JKB→JX
WIKIPEDIA,P3,176,44,124,ALL_MORPH_BOUNDARY_GUARD,1,projected_saved_draft_candidate_at_or_after_rejection,1.0,AT_GUARD,True,4,4,3,SSO→SSC
WIKIPEDIA,P3,177,0,0,NP_BOUNDARY_GUARD,3,projected_saved_draft_candidate_at_or_after_rejection,1.0,BEFORE_GUARD,False,4,2,1,NNB→JKO
WIKIPEDIA,P3,177,0,0,ALL_MORPH_BOUNDARY_GUARD,3,projected_saved_draft_candidate_at_or_after_rejection,1.0,BEFORE_GUARD,False,4,2,1,NNB→JKO
WIKIPEDIA,P3,177,2,2,ALL_MORPH_BOUNDARY_GUARD,2,projected_saved_draft_candidate_at_or_after_rejection,2.0,AT_GUARD,True,4,3,2,EP→EF
WIKIPEDIA,P3,177,23,52,ALL_MORPH_BOUNDARY_GUARD,3,projected_saved_draft_candidate_at_or_after_rejection,3.0,AT_GUARD,True,4,2,1,SSO→SL
WIKIPEDIA,P3,177,38,101,ALL_MORPH_BOUNDARY_GUARD,3,saved_H3_exact_target_token,,NO_REJECTION,True,4,2,1,EP→EF
WIKIPEDIA,P3,178,0,0,ALL_MORPH_BOUNDARY_GUARD,2,projected_saved_draft_candidate_at_or_after_rejection,1.0,BEFORE_GUARD,False,4,3,2,XSN→JKS
WIKIPEDIA,P3,178,9,16,ALL_MORPH_BOUNDARY_GUARD,1,projected_saved_draft_candidate_at_or_after_rejection,4.0,AFTER_GUARD,True,4,4,3,JKB→JX
WIKIPEDIA,P3,178,12,23,ALL_MORPH_BOUNDARY_GUARD,2,saved_H3_exact_target_token,,NO_REJECTION,True,4,3,2,XSV→EC
WIKIPEDIA,P3,178,13,27,ALL_MORPH_BOUNDARY_GUARD,2,saved_H3_exact_target_token,,NO_REJECTION,True,4,3,2,XSN→JKG
WIKIPEDIA,P3,178,14,31,ALL_MORPH_BOUNDARY_GUARD,3,projected_saved_draft_candidate_at_or_after_rejection,3.0,AT_GUARD,True,4,2,1,XSV→ETM
WIKIPEDIA,P3,178,16,38,ALL_MORPH_BOUNDARY_GUARD,3,saved_H3_exact_target_token,,NO_REJECTION,True,4,2,1,XSV→ETM
WIKIPEDIA,P3,178,17,42,ALL_MORPH_BOUNDARY_GUARD,3,projected_saved_draft_candidate_at_or_after_rejection,3.0,AT_GUARD,True,4,2,1,VV→ETM
WIKIPEDIA,P3,178,19,47,ALL_MORPH_BOUNDARY_GUARD,2,projected_saved_draft_candidate_at_or_after_rejection,4.0,AFTER_GUARD,True,4,3,2,EP→EF
WIKIPEDIA,P3,178,21,52,NP_BOUNDARY_GUARD,2,saved_H3_exact_target_token,,NO_REJECTION,True,4,3,2,NNG→JKG
WIKIPEDIA,P3,178,21,52,ALL_MORPH_BOUNDARY_GUARD,2,saved_H3_exact_target_token,,NO_REJECTION,True,4,3,2,NNG→JKG
WIKIPEDIA,P3,178,28,69,ALL_MORPH_BOUNDARY_GUARD,3,projected_saved_draft_candidate_at_or_after_rejection,2.0,BEFORE_GUARD,False,4,2,1,VX→EF
WIKIPEDIA,P3,179,5,13,ALL_MORPH_BOUNDARY_GUARD,2,saved_H3_exact_target_token,,NO_REJECTION,True,4,3,2,EP→EF
WIKIPEDIA,P3,181,2,6,ALL_MORPH_BOUNDARY_GUARD,2,projected_saved_draft_candidate_at_or_after_rejection,2.0,AT_GUARD,True,4,3,2,XSV→EC
WIKIPEDIA,P3,181,10,26,ALL_MORPH_BOUNDARY_GUARD,2,projected_saved_draft_candidate_at_or_after_rejection,3.0,AFTER_GUARD,True,4,3,2,XSN→JKB
WIKIPEDIA,P3,181,11,29,ALL_MORPH_BOUNDARY_GUARD,1,projected_saved_draft_candidate_at_or_after_rejection,4.0,AFTER_GUARD,True,4,4,3,XSV→EC
WIKIPEDIA,P3,181,16,49,ALL_MORPH_BOUNDARY_GUARD,1,saved_H3_exact_target_token,,NO_REJECTION,True,4,4,3,VV→EC
WIKIPEDIA,P3,181,19,61,ALL_MORPH_BOUNDARY_GUARD,2,saved_H3_exact_target_token,,NO_REJECTION,True,4,3,2,XSV→EC
WIKIPEDIA,P3,181,22,73,ALL_MORPH_BOUNDARY_GUARD,1,saved_H3_exact_target_token,,NO_REJECTION,True,4,4,3,XSV→EC
WIKIPEDIA,P3,181,24,81,ALL_MORPH_BOUNDARY_GUARD,2,saved_H3_exact_target_token,,NO_REJECTION,True,4,3,2,VV→EC
WIKIPEDIA,P3,181,27,93,ALL_MORPH_BOUNDARY_GUARD,1,saved_H3_exact_target_token,,NO_REJECTION,True,4,4,3,XSN→JKB
WIKIPEDIA,P3,181,28,97,ALL_MORPH_BOUNDARY_GUARD,1,saved_H3_exact_target_token,,NO_REJECTION,True,4,4,3,VA→EF
WIKIPEDIA,P3,181,30,105,ALL_MORPH_BOUNDARY_GUARD,2,saved_H3_exact_target_token,,NO_REJECTION,True,4,3,2,XSV→EC
WIKIPEDIA,P3,181,32,113,ALL_MORPH_BOUNDARY_GUARD,3,saved_H3_exact_target_token,,NO_REJECTION,True,4,2,1,VV→EC
WIKIPEDIA,P3,181,35,125,ALL_MORPH_BOUNDARY_GUARD,2,saved_H3_exact_target_token,,NO_REJECTION,True,3,2,1,XSN→JKB
WIKIPEDIA,P3,182,26,71,ALL_MORPH_BOUNDARY_GUARD,3,saved_H3_exact_target_token,,NO_REJECTION,True,4,2,1,VCP→EC
WIKIPEDIA,P3,182,32,90,ALL_MORPH_BOUNDARY_GUARD,2,projected_saved_draft_candidate_at_or_after_rejection,1.0,BEFORE_GUARD,False,4,3,2,VX→EC
WIKIPEDIA,P3,182,38,103,ALL_MORPH_BOUNDARY_GUARD,1,saved_H3_exact_target_token,,NO_REJECTION,True,4,4,3,VCP→EC
WIKIPEDIA,P3,183,6,20,NP_BOUNDARY_GUARD,3,projected_saved_draft_candidate_at_or_after_rejection,1.0,BEFORE_GUARD,False,4,2,1,NNG→JX
WIKIPEDIA,P3,183,6,20,ALL_MORPH_BOUNDARY_GUARD,3,projected_saved_draft_candidate_at_or_after_rejection,1.0,BEFORE_GUARD,False,4,2,1,NNG→JX
WIKIPEDIA,P3,183,10,31,ALL_MORPH_BOUNDARY_GUARD,1,projected_saved_draft_candidate_at_or_after_rejection,3.0,AFTER_GUARD,True,4,4,3,VA→EF
WIKIPEDIA,P3,183,15,45,ALL_MORPH_BOUNDARY_GUARD,1,saved_H3_exact_target_token,,NO_REJECTION,True,4,4,3,XSV→EC
WIKIPEDIA,P3,183,21,57,ALL_MORPH_BOUNDARY_GUARD,3,projected_saved_draft_candidate_at_or_after_rejection,4.0,AFTER_GUARD,True,4,2,1,VX→EF
WIKIPEDIA,P3,183,24,69,ALL_MORPH_BOUNDARY_GUARD,1,projected_saved_draft_candidate_at_or_after_rejection,4.0,AFTER_GUARD,True,4,4,3,VA→ETM
WIKIPEDIA,P3,183,29,89,ALL_MORPH_BOUNDARY_GUARD,1,saved_H3_exact_target_token,,NO_REJECTION,True,4,4,3,VX→EF
WIKIPEDIA,P3,183,33,105,ALL_MORPH_BOUNDARY_GUARD,2,saved_H3_exact_target_token,,NO_REJECTION,True,4,3,2,XSV→EC
WIKIPEDIA,P3,183,40,121,ALL_MORPH_BOUNDARY_GUARD,3,projected_saved_draft_candidate_at_or_after_rejection,1.0,BEFORE_GUARD,False,4,2,1,VV→EC
WIKIPEDIA,P3,185,12,26,ALL_MORPH_BOUNDARY_GUARD,1,projected_saved_draft_candidate_at_or_after_rejection,2.0,AFTER_GUARD,True,4,4,3,XSV→EC
WIKIPEDIA,P3,185,27,68,ALL_MORPH_BOUNDARY_GUARD,3,projected_saved_draft_candidate_at_or_after_rejection,3.0,AT_GUARD,True,4,2,1,XSV→EC
WIKIPEDIA,P3,186,4,14,ALL_MORPH_BOUNDARY_GUARD,1,projected_saved_draft_candidate_at_or_after_rejection,1.0,AT_GUARD,True,4,4,3,XSV→EC
WIKIPEDIA,P3,187,3,12,ALL_MORPH_BOUNDARY_GUARD,1,projected_saved_draft_candidate_at_or_after_rejection,1.0,AT_GUARD,True,4,4,3,ETN→JX
WIKIPEDIA,P3,187,10,34,ALL_MORPH_BOUNDARY_GUARD,1,saved_H3_exact_target_token,,NO_REJECTION,True,4,4,3,XSV→ETM
WIKIPEDIA,P3,187,13,46,ALL_MORPH_BOUNDARY_GUARD,1,saved_H3_exact_target_token,,NO_REJECTION,True,4,4,3,VV→EC
WIKIPEDIA,P3,187,14,50,ALL_MORPH_BOUNDARY_GUARD,2,saved_H3_exact_target_token,,NO_REJECTION,True,4,3,2,JKB→JX
WIKIPEDIA,P3,187,24,90,ALL_MORPH_BOUNDARY_GUARD,2,saved_H3_exact_target_token,,NO_REJECTION,True,4,3,2,XSV→ETM
WIKIPEDIA,P3,187,27,102,ALL_MORPH_BOUNDARY_GUARD,2,saved_H3_exact_target_token,,NO_REJECTION,True,4,3,2,VV→EC
WIKIPEDIA,P3,187,28,106,ALL_MORPH_BOUNDARY_GUARD,3,saved_H3_exact_target_token,,NO_REJECTION,True,4,2,1,JKB→JX
WIKIPEDIA,P3,187,30,114,ALL_MORPH_BOUNDARY_GUARD,1,saved_H3_exact_target_token,,NO_REJECTION,True,4,4,3,XSV→ETM
WIKIPEDIA,P3,188,12,27,ALL_MORPH_BOUNDARY_GUARD,3,projected_saved_draft_candidate_at_or_after_rejection,4.0,AFTER_GUARD,True,4,2,1,XSV→EC
WIKIPEDIA,P3,188,45,120,ALL_MORPH_BOUNDARY_GUARD,1,saved_H3_exact_target_token,,NO_REJECTION,True,4,4,3,XSV→EC
WIKIPEDIA,P3,189,1,4,ALL_MORPH_BOUNDARY_GUARD,2,projected_saved_draft_candidate_at_or_after_rejection,4.0,AFTER_GUARD,True,4,3,2,SSC→SF
WIKIPEDIA,P3,189,6,21,ALL_MORPH_BOUNDARY_GUARD,2,projected_saved_draft_candidate_at_or_after_rejection,1.0,BEFORE_GUARD,False,4,3,2,XSV→ETM
WIKIPEDIA,P3,189,7,22,ALL_MORPH_BOUNDARY_GUARD,1,projected_saved_draft_candidate_at_or_after_rejection,1.0,AT_GUARD,True,4,4,3,XSV→ETM
WIKIPEDIA,P3,190,6,10,ALL_MORPH_BOUNDARY_GUARD,2,projected_saved_draft_candidate_at_or_after_rejection,3.0,AFTER_GUARD,True,4,3,2,XSA→EF
WIKIPEDIA,P3,190,12,27,ALL_MORPH_BOUNDARY_GUARD,1,projected_saved_draft_candidate_at_or_after_rejection,3.0,AFTER_GUARD,True,4,4,3,VV→EC
WIKIPEDIA,P3,190,17,46,ALL_MORPH_BOUNDARY_GUARD,2,saved_H3_exact_target_token,,NO_REJECTION,True,4,3,2,VV→EC
WIKIPEDIA,P3,190,22,66,ALL_MORPH_BOUNDARY_GUARD,2,saved_H3_exact_target_token,,NO_REJECTION,True,4,3,2,VV→EC
WIKIPEDIA,P3,190,27,86,ALL_MORPH_BOUNDARY_GUARD,2,saved_H3_exact_target_token,,NO_REJECTION,True,4,3,2,VV→EC
WIKIPEDIA,P3,190,32,106,ALL_MORPH_BOUNDARY_GUARD,2,saved_H3_exact_target_token,,NO_REJECTION,True,4,3,2,VV→EC
WIKIPEDIA,P3,192,8,24,ALL_MORPH_BOUNDARY_GUARD,1,projected_saved_draft_candidate_at_or_after_rejection,2.0,AFTER_GUARD,True,4,4,3,XSV→ETM
WIKIPEDIA,P3,192,10,28,ALL_MORPH_BOUNDARY_GUARD,3,projected_saved_draft_candidate_at_or_after_rejection,1.0,BEFORE_GUARD,False,4,2,1,VCP→EF
WIKIPEDIA,P3,192,11,29,ALL_MORPH_BOUNDARY_GUARD,3,projected_saved_draft_candidate_at_or_after_rejection,4.0,AFTER_GUARD,True,4,2,1,VCP→EF
WIKIPEDIA,P3,192,15,40,ALL_MORPH_BOUNDARY_GUARD,2,projected_saved_draft_candidate_at_or_after_rejection,1.0,BEFORE_GUARD,False,4,3,2,VA→ETM
WIKIPEDIA,P3,192,35,86,ALL_MORPH_BOUNDARY_GUARD,1,saved_H3_exact_target_token,,NO_REJECTION,True,4,4,3,VCP→EF
WIKIPEDIA,P3,192,38,96,ALL_MORPH_BOUNDARY_GUARD,1,saved_H3_exact_target_token,,NO_REJECTION,True,4,4,3,VCP→EF
WIKIPEDIA,P3,192,40,104,ALL_MORPH_BOUNDARY_GUARD,3,saved_H3_exact_target_token,,NO_REJECTION,True,4,2,1,VCP→EF
WIKIPEDIA,P3,193,2,6,ALL_MORPH_BOUNDARY_GUARD,1,projected_saved_draft_candidate_at_or_after_rejection,2.0,AFTER_GUARD,True,4,4,3,XSV→ETM
WIKIPEDIA,P3,193,4,11,ALL_MORPH_BOUNDARY_GUARD,1,saved_H3_exact_target_token,,NO_REJECTION,True,4,4,3,ETN→JX
WIKIPEDIA,P3,193,11,25,ALL_MORPH_BOUNDARY_GUARD,2,projected_saved_draft_candidate_at_or_after_rejection,3.0,AFTER_GUARD,True,4,3,2,XSV→ETM
WIKIPEDIA,P3,193,12,28,ALL_MORPH_BOUNDARY_GUARD,2,projected_saved_draft_candidate_at_or_after_rejection,2.0,AT_GUARD,True,4,3,2,XSN→JKS
WIKIPEDIA,P3,193,21,45,ALL_MORPH_BOUNDARY_GUARD,2,projected_saved_draft_candidate_at_or_after_rejection,4.0,AFTER_GUARD,True,4,3,2,XSN→JX
WIKIPEDIA,P3,193,23,50,ALL_MORPH_BOUNDARY_GUARD,2,saved_H3_exact_target_token,,NO_REJECTION,True,4,3,2,VV→EF
WIKIPEDIA,P3,193,27,64,ALL_MORPH_BOUNDARY_GUARD,2,saved_H3_exact_target_token,,NO_REJECTION,True,4,3,2,XSV→ETM
WIKIPEDIA,P3,193,32,84,ALL_MORPH_BOUNDARY_GUARD,2,saved_H3_exact_target_token,,NO_REJECTION,True,4,3,2,XSN→JX
WIKIPEDIA,P3,193,33,88,ALL_MORPH_BOUNDARY_GUARD,3,saved_H3_exact_target_token,,NO_REJECTION,True,4,2,1,VV→EF
WIKIPEDIA,P3,193,37,104,ALL_MORPH_BOUNDARY_GUARD,1,saved_H3_exact_target_token,,NO_REJECTION,True,4,4,3,XSV→ETM
WIKIPEDIA,P3,193,42,124,ALL_MORPH_BOUNDARY_GUARD,1,saved_H3_exact_target_token,,NO_REJECTION,True,4,4,3,XSN→JX
WIKIPEDIA,P3,195,9,19,ALL_MORPH_BOUNDARY_GUARD,3,projected_saved_draft_candidate_at_or_after_rejection,3.0,AT_GUARD,True,4,2,1,XSV→ETM
WIKIPEDIA,P3,195,10,22,NP_BOUNDARY_GUARD,1,projected_saved_draft_candidate_at_or_after_rejection,1.0,AT_GUARD,True,4,4,3,NNB→JKO
WIKIPEDIA,P3,195,10,22,ALL_MORPH_BOUNDARY_GUARD,1,projected_saved_draft_candidate_at_or_after_rejection,1.0,AT_GUARD,True,4,4,3,NNB→JKO
WIKIPEDIA,P3,195,15,32,ALL_MORPH_BOUNDARY_GUARD,3,projected_saved_draft_candidate_at_or_after_rejection,2.0,BEFORE_GUARD,False,4,2,1,XSV→ETM
WIKIPEDIA,P3,195,17,36,NP_BOUNDARY_GUARD,3,projected_saved_draft_candidate_at_or_after_rejection,3.0,AT_GUARD,True,4,2,1,NNB→JX
WIKIPEDIA,P3,195,17,36,ALL_MORPH_BOUNDARY_GUARD,2,projected_saved_draft_candidate_at_or_after_rejection,3.0,AFTER_GUARD,True,4,3,2,XSV→ETM
WIKIPEDIA,P3,195,18,39,ALL_MORPH_BOUNDARY_GUARD,2,projected_saved_draft_candidate_at_or_after_rejection,1.0,BEFORE_GUARD,False,4,3,2,VCN→EF
WIKIPEDIA,P3,195,20,44,ALL_MORPH_BOUNDARY_GUARD,1,projected_saved_draft_candidate_at_or_after_rejection,3.0,AFTER_GUARD,True,4,4,3,VX→EF
WIKIPEDIA,P3,195,23,52,ALL_MORPH_BOUNDARY_GUARD,2,projected_saved_draft_candidate_at_or_after_rejection,4.0,AFTER_GUARD,True,4,3,2,XSA→EC
WIKIPEDIA,P3,195,25,58,ALL_MORPH_BOUNDARY_GUARD,3,projected_saved_draft_candidate_at_or_after_rejection,3.0,AT_GUARD,True,4,2,1,XSV→EC
WIKIPEDIA,P3,195,28,67,ALL_MORPH_BOUNDARY_GUARD,3,projected_saved_draft_candidate_at_or_after_rejection,1.0,BEFORE_GUARD,False,4,2,1,VCP→EF
WIKIPEDIA,P3,195,33,78,ALL_MORPH_BOUNDARY_GUARD,3,projected_saved_draft_candidate_at_or_after_rejection,3.0,AT_GUARD,True,4,2,1,VCP→EF
WIKIPEDIA,P3,195,37,89,ALL_MORPH_BOUNDARY_GUARD,1,projected_saved_draft_candidate_at_or_after_rejection,3.0,AFTER_GUARD,True,4,4,3,VCP→EF
WIKIPEDIA,P3,195,44,105,ALL_MORPH_BOUNDARY_GUARD,2,saved_H3_exact_target_token,,NO_REJECTION,True,4,3,2,XSV→ETM
WIKIPEDIA,P3,195,45,109,ALL_MORPH_BOUNDARY_GUARD,3,saved_H3_exact_target_token,,NO_REJECTION,True,4,2,1,XSV→ETM
WIKIPEDIA,P3,196,4,4,ALL_MORPH_BOUNDARY_GUARD,1,projected_saved_draft_candidate_at_or_after_rejection,1.0,AT_GUARD,True,4,4,3,VA→EF
WIKIPEDIA,P3,196,5,5,ALL_MORPH_BOUNDARY_GUARD,2,saved_H3_exact_target_token,,NO_REJECTION,True,4,3,2,XSA→EF
WIKIPEDIA,P3,196,30,81,ALL_MORPH_BOUNDARY_GUARD,2,saved_H3_exact_target_token,,NO_REJECTION,True,4,3,2,VCP→EF
WIKIPEDIA,P3,197,28,62,ALL_MORPH_BOUNDARY_GUARD,2,saved_H3_exact_target_token,,NO_REJECTION,True,4,3,2,XSV→ETN
WIKIPEDIA,P3,197,33,82,ALL_MORPH_BOUNDARY_GUARD,3,saved_H3_exact_target_token,,NO_REJECTION,True,4,2,1,XSV→ETN
WIKIPEDIA,P3,197,36,94,ALL_MORPH_BOUNDARY_GUARD,1,saved_H3_exact_target_token,,NO_REJECTION,True,4,4,3,JKB→JX
WIKIPEDIA,P3,197,41,114,ALL_MORPH_BOUNDARY_GUARD,2,saved_H3_exact_target_token,,NO_REJECTION,True,4,3,2,JKB→JX
WIKIPEDIA,P3,197,44,126,ALL_MORPH_BOUNDARY_GUARD,1,saved_H3_exact_target_token,,NO_REJECTION,True,2,2,1,XSV→ETN
WIKIPEDIA,P3,198,3,7,ALL_MORPH_BOUNDARY_GUARD,1,projected_saved_draft_candidate_at_or_after_rejection,1.0,AT_GUARD,True,4,4,3,XSV→ETM
WIKIPEDIA,P3,198,8,13,ALL_MORPH_BOUNDARY_GUARD,2,projected_saved_draft_candidate_at_or_after_rejection,2.0,AT_GUARD,True,4,3,2,XSV→ETM
WIKIPEDIA,P3,198,10,17,ALL_MORPH_BOUNDARY_GUARD,1,projected_saved_draft_candidate_at_or_after_rejection,2.0,AFTER_GUARD,True,4,4,3,XSV→ETM
WIKIPEDIA,P3,198,14,28,ALL_MORPH_BOUNDARY_GUARD,3,saved_H3_exact_target_token,,NO_REJECTION,True,4,2,1,XSV→EC
WIKIPEDIA,P3,198,15,32,NP_BOUNDARY_GUARD,3,projected_saved_draft_candidate_at_or_after_rejection,4.0,AFTER_GUARD,True,4,2,1,NNB→JKO
WIKIPEDIA,P3,198,15,32,ALL_MORPH_BOUNDARY_GUARD,2,projected_saved_draft_candidate_at_or_after_rejection,4.0,AFTER_GUARD,True,4,3,2,XSV→ETM
WIKIPEDIA,P3,198,18,44,ALL_MORPH_BOUNDARY_GUARD,3,saved_H3_exact_target_token,,NO_REJECTION,True,4,2,1,XSV→EC
WIKIPEDIA,P3,198,19,48,ALL_MORPH_BOUNDARY_GUARD,2,saved_H3_exact_target_token,,NO_REJECTION,True,4,3,2,XSV→ETM
WIKIPEDIA,P3,198,22,60,ALL_MORPH_BOUNDARY_GUARD,3,saved_H3_exact_target_token,,NO_REJECTION,True,4,2,1,XSV→EC
WIKIPEDIA,P3,198,23,64,ALL_MORPH_BOUNDARY_GUARD,2,saved_H3_exact_target_token,,NO_REJECTION,True,4,3,2,XSV→ETM
WIKIPEDIA,P3,198,26,76,ALL_MORPH_BOUNDARY_GUARD,3,saved_H3_exact_target_token,,NO_REJECTION,True,4,2,1,XSV→EC
WIKIPEDIA,P3,198,27,80,ALL_MORPH_BOUNDARY_GUARD,2,saved_H3_exact_target_token,,NO_REJECTION,True,4,3,2,XSV→ETM
WIKIPEDIA,P3,198,30,92,ALL_MORPH_BOUNDARY_GUARD,3,saved_H3_exact_target_token,,NO_REJECTION,True,4,2,1,XSV→EC
WIKIPEDIA,P3,198,31,96,ALL_MORPH_BOUNDARY_GUARD,2,saved_H3_exact_target_token,,NO_REJECTION,True,4,3,2,XSV→ETM
WIKIPEDIA,P3,198,34,108,ALL_MORPH_BOUNDARY_GUARD,3,saved_H3_exact_target_token,,NO_REJECTION,True,4,2,1,XSV→EC
WIKIPEDIA,P3,198,35,112,ALL_MORPH_BOUNDARY_GUARD,2,saved_H3_exact_target_token,,NO_REJECTION,True,4,3,2,XSV→ETM
WIKIPEDIA,P3,198,38,124,ALL_MORPH_BOUNDARY_GUARD,3,saved_H3_exact_target_token,,NO_REJECTION,True,4,2,1,XSV→EC
WIKIPEDIA,P3,199,11,24,ALL_MORPH_BOUNDARY_GUARD,2,projected_saved_draft_candidate_at_or_after_rejection,1.0,BEFORE_GUARD,False,4,3,2,JKB→JX
WIKIPEDIA,P3,199,33,81,ALL_MORPH_BOUNDARY_GUARD,1,projected_saved_draft_candidate_at_or_after_rejection,2.0,AFTER_GUARD,True,4,4,3,XSV→EC
WIKIPEDIA,P3,200,1,4,ALL_MORPH_BOUNDARY_GUARD,3,projected_saved_draft_candidate_at_or_after_rejection,3.0,AT_GUARD,True,4,2,1,EP→EF
WIKIPEDIA,P3,200,5,12,ALL_MORPH_BOUNDARY_GUARD,3,saved_H3_exact_target_token,,NO_REJECTION,True,4,2,1,VCP→EF
WIKIPEDIA,P3,200,28,83,ALL_MORPH_BOUNDARY_GUARD,2,saved_H3_exact_target_token,,NO_REJECTION,True,4,3,2,EP→EF
WIKIPEDIA,P3,200,34,103,ALL_MORPH_BOUNDARY_GUARD,2,projected_saved_draft_candidate_at_or_after_rejection,2.0,AT_GUARD,True,4,3,2,XSV→EC
WIKIPEDIA,P3,201,6,20,ALL_MORPH_BOUNDARY_GUARD,1,projected_saved_draft_candidate_at_or_after_rejection,4.0,AFTER_GUARD,True,4,4,3,VA→ETM
WIKIPEDIA,P3,201,15,48,ALL_MORPH_BOUNDARY_GUARD,2,projected_saved_draft_candidate_at_or_after_rejection,2.0,AT_GUARD,True,4,3,2,EP→EF
WIKIPEDIA,P3,202,9,20,ALL_MORPH_BOUNDARY_GUARD,2,projected_saved_draft_candidate_at_or_after_rejection,1.0,BEFORE_GUARD,False,4,3,2,XSV→EC
WIKIPEDIA,P3,202,10,21,ALL_MORPH_BOUNDARY_GUARD,3,projected_saved_draft_candidate_at_or_after_rejection,4.0,AFTER_GUARD,True,4,2,1,NNG→VCP
WIKIPEDIA,P3,202,13,30,ALL_MORPH_BOUNDARY_GUARD,1,projected_saved_draft_candidate_at_or_after_rejection,1.0,AT_GUARD,True,4,4,3,XSV→EC
WIKIPEDIA,P3,202,14,31,ALL_MORPH_BOUNDARY_GUARD,2,projected_saved_draft_candidate_at_or_after_rejection,2.0,AT_GUARD,True,4,3,2,VA→EF
WIKIPEDIA,P3,202,18,42,ALL_MORPH_BOUNDARY_GUARD,1,projected_saved_draft_candidate_at_or_after_rejection,2.0,AFTER_GUARD,True,4,4,3,VA→ETM
WIKIPEDIA,P3,202,23,59,NP_BOUNDARY_GUARD,2,projected_saved_draft_candidate_at_or_after_rejection,1.0,BEFORE_GUARD,False,4,3,2,NNG→JKS
WIKIPEDIA,P3,202,23,59,ALL_MORPH_BOUNDARY_GUARD,1,projected_saved_draft_candidate_at_or_after_rejection,1.0,AT_GUARD,True,4,4,3,VA→ETM
WIKIPEDIA,P3,202,28,74,ALL_MORPH_BOUNDARY_GUARD,2,projected_saved_draft_candidate_at_or_after_rejection,1.0,BEFORE_GUARD,False,4,3,2,VCN→EF
WIKIPEDIA,P3,202,34,92,ALL_MORPH_BOUNDARY_GUARD,3,projected_saved_draft_candidate_at_or_after_rejection,2.0,BEFORE_GUARD,False,4,2,1,VCN→EF
WIKIPEDIA,P3,202,35,94,ALL_MORPH_BOUNDARY_GUARD,1,projected_saved_draft_candidate_at_or_after_rejection,2.0,AFTER_GUARD,True,4,4,3,VCN→EF
WIKIPEDIA,P3,202,41,104,ALL_MORPH_BOUNDARY_GUARD,2,projected_saved_draft_candidate_at_or_after_rejection,1.0,BEFORE_GUARD,False,4,3,2,VA→EF
WIKIPEDIA,P3,202,44,110,ALL_MORPH_BOUNDARY_GUARD,2,projected_saved_draft_candidate_at_or_after_rejection,1.0,BEFORE_GUARD,False,4,3,2,VA→ETM
WIKIPEDIA,P3,202,53,124,ALL_MORPH_BOUNDARY_GUARD,3,projected_saved_draft_candidate_at_or_after_rejection,1.0,BEFORE_GUARD,False,4,2,1,XSN→JKS
WIKIPEDIA,P3,203,17,38,NP_BOUNDARY_GUARD,1,projected_saved_draft_candidate_at_or_after_rejection,2.0,AFTER_GUARD,True,4,4,3,NNB→JKB
WIKIPEDIA,P3,203,17,38,ALL_MORPH_BOUNDARY_GUARD,1,projected_saved_draft_candidate_at_or_after_rejection,2.0,AFTER_GUARD,True,4,4,3,NNB→JKB
WIKIPEDIA,P3,203,26,60,ALL_MORPH_BOUNDARY_GUARD,3,projected_saved_draft_candidate_at_or_after_rejection,1.0,BEFORE_GUARD,False,4,2,1,XSV→ETM
WIKIPEDIA,P3,203,27,61,ALL_MORPH_BOUNDARY_GUARD,2,projected_saved_draft_candidate_at_or_after_rejection,3.0,AFTER_GUARD,True,4,3,2,XSV→EC
WIKIPEDIA,P3,203,28,64,ALL_MORPH_BOUNDARY_GUARD,3,projected_saved_draft_candidate_at_or_after_rejection,2.0,BEFORE_GUARD,False,4,2,1,XSV→EC
WIKIPEDIA,P3,203,29,66,ALL_MORPH_BOUNDARY_GUARD,2,projected_saved_draft_candidate_at_or_after_rejection,2.0,AT_GUARD,True,4,3,2,XSV→ETN
WIKIPEDIA,P3,203,33,75,ALL_MORPH_BOUNDARY_GUARD,1,projected_saved_draft_candidate_at_or_after_rejection,1.0,AT_GUARD,True,4,4,3,VX→EF
WIKIPEDIA,P3,204,3,5,ALL_MORPH_BOUNDARY_GUARD,3,projected_saved_draft_candidate_at_or_after_rejection,2.0,BEFORE_GUARD,False,4,2,1,XSV→EC
WIKIPEDIA,P3,204,4,7,ALL_MORPH_BOUNDARY_GUARD,2,projected_saved_draft_candidate_at_or_after_rejection,4.0,AFTER_GUARD,True,4,3,2,XSV→EC
WIKIPEDIA,P3,204,28,89,ALL_MORPH_BOUNDARY_GUARD,3,saved_H3_exact_target_token,,NO_REJECTION,True,4,2,1,XSV→EC
WIKIPEDIA,P3,205,0,0,NP_BOUNDARY_GUARD,3,projected_saved_draft_candidate_at_or_after_rejection,2.0,BEFORE_GUARD,False,4,2,1,NNB→JX
WIKIPEDIA,P3,205,0,0,ALL_MORPH_BOUNDARY_GUARD,3,projected_saved_draft_candidate_at_or_after_rejection,2.0,BEFORE_GUARD,False,4,2,1,NNB→JX
WIKIPEDIA,P3,205,20,75,ALL_MORPH_BOUNDARY_GUARD,3,saved_H3_exact_target_token,,NO_REJECTION,True,4,2,1,EP→EF
WIKIPEDIA,P3,205,23,84,ALL_MORPH_BOUNDARY_GUARD,2,projected_saved_draft_candidate_at_or_after_rejection,2.0,AT_GUARD,True,4,3,2,JKB→JX
WIKIPEDIA,P3,205,29,92,ALL_MORPH_BOUNDARY_GUARD,3,projected_saved_draft_candidate_at_or_after_rejection,1.0,BEFORE_GUARD,False,4,2,1,XSV→EP
WIKIPEDIA,P3,205,30,93,ALL_MORPH_BOUNDARY_GUARD,3,saved_H3_exact_target_token,,NO_REJECTION,True,4,2,1,XSV→EC
WIKIPEDIA,P3,205,40,125,ALL_MORPH_BOUNDARY_GUARD,1,saved_H3_exact_target_token,,NO_REJECTION,True,3,3,2,XSV→EC
WIKIPEDIA,P3,206,4,10,NP_BOUNDARY_GUARD,1,projected_saved_draft_candidate_at_or_after_rejection,1.0,AT_GUARD,True,4,4,3,NNB→JKO
WIKIPEDIA,P3,206,4,10,ALL_MORPH_BOUNDARY_GUARD,1,projected_saved_draft_candidate_at_or_after_rejection,1.0,AT_GUARD,True,4,4,3,NNB→JKO
WIKIPEDIA,P3,206,9,21,ALL_MORPH_BOUNDARY_GUARD,1,saved_H3_exact_target_token,,NO_REJECTION,True,4,4,3,XSV→EC
WIKIPEDIA,P3,206,13,37,ALL_MORPH_BOUNDARY_GUARD,3,projected_saved_draft_candidate_at_or_after_rejection,2.0,BEFORE_GUARD,False,4,2,1,XSN→JKB
WIKIPEDIA,P3,206,16,44,ALL_MORPH_BOUNDARY_GUARD,1,projected_saved_draft_candidate_at_or_after_rejection,1.0,AT_GUARD,True,4,4,3,VA→ETM
WIKIPEDIA,P3,207,0,0,ALL_MORPH_BOUNDARY_GUARD,2,saved_H3_exact_target_token,,NO_REJECTION,True,4,3,2,VCP→EF
WIKIPEDIA,P3,207,6,13,ALL_MORPH_BOUNDARY_GUARD,2,projected_saved_draft_candidate_at_or_after_rejection,1.0,BEFORE_GUARD,False,4,3,2,XSV→EC
WIKIPEDIA,P3,207,7,14,ALL_MORPH_BOUNDARY_GUARD,3,projected_saved_draft_candidate_at_or_after_rejection,3.0,AT_GUARD,True,4,2,1,XSV→EC
WIKIPEDIA,P3,207,13,25,ALL_MORPH_BOUNDARY_GUARD,1,projected_saved_draft_candidate_at_or_after_rejection,1.0,AT_GUARD,True,4,4,3,XSV→EC
WIKIPEDIA,P3,207,17,35,ALL_MORPH_BOUNDARY_GUARD,2,saved_H3_exact_target_token,,NO_REJECTION,True,4,3,2,VV→EF
WIKIPEDIA,P3,207,22,53,ALL_MORPH_BOUNDARY_GUARD,1,saved_H3_exact_target_token,,NO_REJECTION,True,4,4,3,VX→EC
WIKIPEDIA,P3,207,26,69,ALL_MORPH_BOUNDARY_GUARD,3,saved_H3_exact_target_token,,NO_REJECTION,True,4,2,1,VV→EF
WIKIPEDIA,P3,207,30,85,ALL_MORPH_BOUNDARY_GUARD,3,saved_H3_exact_target_token,,NO_REJECTION,True,4,2,1,ETN→JX
WIKIPEDIA,P3,207,35,105,ALL_MORPH_BOUNDARY_GUARD,2,saved_H3_exact_target_token,,NO_REJECTION,True,4,3,2,VV→EF
WIKIPEDIA,P3,207,39,121,ALL_MORPH_BOUNDARY_GUARD,2,saved_H3_exact_target_token,,NO_REJECTION,True,4,3,2,ETN→JX
WIKIPEDIA,P3,208,31,90,ALL_MORPH_BOUNDARY_GUARD,1,saved_H3_exact_target_token,,NO_REJECTION,True,4,4,3,VCP→EF
WIKIPEDIA,P3,209,4,11,ALL_MORPH_BOUNDARY_GUARD,2,projected_saved_draft_candidate_at_or_after_rejection,1.0,BEFORE_GUARD,False,4,3,2,VA→ETM
WIKIPEDIA,P3,209,8,20,ALL_MORPH_BOUNDARY_GUARD,2,projected_saved_draft_candidate_at_or_after_rejection,1.0,BEFORE_GUARD,False,4,3,2,XSV→EC
WIKIPEDIA,P3,209,9,21,ALL_MORPH_BOUNDARY_GUARD,2,projected_saved_draft_candidate_at_or_after_rejection,2.0,AT_GUARD,True,4,3,2,VX→EC
WIKIPEDIA,P3,209,10,23,ALL_MORPH_BOUNDARY_GUARD,3,projected_saved_draft_candidate_at_or_after_rejection,2.0,BEFORE_GUARD,False,4,2,1,XSN→JX
WIKIPEDIA,P3,209,12,28,ALL_MORPH_BOUNDARY_GUARD,2,projected_saved_draft_candidate_at_or_after_rejection,2.0,AT_GUARD,True,4,3,2,JKB→JX
WIKIPEDIA,P3,209,16,33,ALL_MORPH_BOUNDARY_GUARD,3,projected_saved_draft_candidate_at_or_after_rejection,3.0,AT_GUARD,True,4,2,1,VX→EF
WIKIPEDIA,P3,209,23,44,ALL_MORPH_BOUNDARY_GUARD,1,saved_H3_exact_target_token,,NO_REJECTION,True,4,4,3,VCP→EF
WIKIPEDIA,P3,209,31,75,NP_BOUNDARY_GUARD,2,saved_H3_exact_target_token,,NO_REJECTION,True,4,3,2,NNG→JKS
WIKIPEDIA,P3,209,31,75,ALL_MORPH_BOUNDARY_GUARD,2,saved_H3_exact_target_token,,NO_REJECTION,True,4,3,2,NNG→JKS
WIKIPEDIA,P3,209,34,87,ALL_MORPH_BOUNDARY_GUARD,2,saved_H3_exact_target_token,,NO_REJECTION,True,4,3,2,VCP→EF
WIKIPEDIA,P3,209,42,119,NP_BOUNDARY_GUARD,2,saved_H3_exact_target_token,,NO_REJECTION,True,4,3,2,NNG→JKS
WIKIPEDIA,P3,209,42,119,ALL_MORPH_BOUNDARY_GUARD,2,saved_H3_exact_target_token,,NO_REJECTION,True,4,3,2,NNG→JKS
WIKIPEDIA,P3,210,1,2,ALL_MORPH_BOUNDARY_GUARD,2,projected_saved_draft_candidate_at_or_after_rejection,3.0,AFTER_GUARD,True,4,3,2,XSN→JKS
WIKIPEDIA,P3,210,7,16,ALL_MORPH_BOUNDARY_GUARD,2,projected_saved_draft_candidate_at_or_after_rejection,1.0,BEFORE_GUARD,False,4,3,2,XSV→EC
WIKIPEDIA,P3,210,17,41,ALL_MORPH_BOUNDARY_GUARD,1,projected_saved_draft_candidate_at_or_after_rejection,4.0,AFTER_GUARD,True,4,4,3,XSV→ETN
WIKIPEDIA,P3,210,22,57,NP_BOUNDARY_GUARD,1,projected_saved_draft_candidate_at_or_after_rejection,2.0,AFTER_GUARD,True,4,4,3,NNB→JKO
WIKIPEDIA,P3,210,22,57,ALL_MORPH_BOUNDARY_GUARD,1,projected_saved_draft_candidate_at_or_after_rejection,2.0,AFTER_GUARD,True,4,4,3,NNB→JKO
WIKIPEDIA,P3,210,28,76,ALL_MORPH_BOUNDARY_GUARD,1,saved_H3_exact_target_token,,NO_REJECTION,True,4,4,3,XSV→ETN
WIKIPEDIA,P3,211,2,6,ALL_MORPH_BOUNDARY_GUARD,3,projected_saved_draft_candidate_at_or_after_rejection,3.0,AT_GUARD,True,4,2,1,VCP→EF
WIKIPEDIA,P3,211,11,41,ALL_MORPH_BOUNDARY_GUARD,1,saved_H3_exact_target_token,,NO_REJECTION,True,4,4,3,VV→ETM
WIKIPEDIA,P3,211,13,47,ALL_MORPH_BOUNDARY_GUARD,1,saved_H3_exact_target_token,,NO_REJECTION,True,4,4,3,VX→EF
WIKIPEDIA,P3,211,22,83,ALL_MORPH_BOUNDARY_GUARD,2,saved_H3_exact_target_token,,NO_REJECTION,True,4,3,2,VX→EF
WIKIPEDIA,P3,211,30,115,ALL_MORPH_BOUNDARY_GUARD,1,saved_H3_exact_target_token,,NO_REJECTION,True,4,4,3,VV→ETM
WIKIPEDIA,P3,211,31,119,ALL_MORPH_BOUNDARY_GUARD,3,saved_H3_exact_target_token,,NO_REJECTION,True,4,2,1,VX→EF
WIKIPEDIA,P3,212,5,13,ALL_MORPH_BOUNDARY_GUARD,2,saved_H3_exact_target_token,,NO_REJECTION,True,4,3,2,XSV→EC
WIKIPEDIA,P3,212,8,22,NP_BOUNDARY_GUARD,3,projected_saved_draft_candidate_at_or_after_rejection,3.0,AT_GUARD,True,4,2,1,NNG→JX
WIKIPEDIA,P3,212,8,22,ALL_MORPH_BOUNDARY_GUARD,3,projected_saved_draft_candidate_at_or_after_rejection,3.0,AT_GUARD,True,4,2,1,NNG→JX
WIKIPEDIA,P3,212,10,26,NP_BOUNDARY_GUARD,3,projected_saved_draft_candidate_at_or_after_rejection,4.0,AFTER_GUARD,True,4,2,1,NNG→JKG
WIKIPEDIA,P3,212,10,26,ALL_MORPH_BOUNDARY_GUARD,3,projected_saved_draft_candidate_at_or_after_rejection,4.0,AFTER_GUARD,True,4,2,1,NNG→JKG
WIKIPEDIA,P3,212,12,32,ALL_MORPH_BOUNDARY_GUARD,3,projected_saved_draft_candidate_at_or_after_rejection,2.0,BEFORE_GUARD,False,4,2,1,VA→EF
WIKIPEDIA,P3,212,18,43,ALL_MORPH_BOUNDARY_GUARD,2,saved_H3_exact_target_token,,NO_REJECTION,True,4,3,2,VV→ETM
WIKIPEDIA,P3,212,21,49,ALL_MORPH_BOUNDARY_GUARD,1,projected_saved_draft_candidate_at_or_after_rejection,1.0,AT_GUARD,True,4,4,3,XSV→ETM
WIKIPEDIA,P3,212,26,59,ALL_MORPH_BOUNDARY_GUARD,1,projected_saved_draft_candidate_at_or_after_rejection,2.0,AFTER_GUARD,True,4,4,3,XSN→JX
WIKIPEDIA,P3,212,29,66,ALL_MORPH_BOUNDARY_GUARD,3,saved_H3_exact_target_token,,NO_REJECTION,True,4,2,1,VV→EC
WIKIPEDIA,P3,212,32,78,ALL_MORPH_BOUNDARY_GUARD,1,saved_H3_exact_target_token,,NO_REJECTION,True,4,4,3,XSN→JX
WIKIPEDIA,P3,212,37,93,ALL_MORPH_BOUNDARY_GUARD,3,projected_saved_draft_candidate_at_or_after_rejection,4.0,AFTER_GUARD,True,4,2,1,XSN→JX
WIKIPEDIA,P3,212,42,105,ALL_MORPH_BOUNDARY_GUARD,1,projected_saved_draft_candidate_at_or_after_rejection,1.0,AT_GUARD,True,4,4,3,VX→EF
WIKIPEDIA,P3,212,47,113,ALL_MORPH_BOUNDARY_GUARD,3,projected_saved_draft_candidate_at_or_after_rejection,4.0,AFTER_GUARD,True,4,2,1,XSN→JX
WIKIPEDIA,P3,213,11,34,ALL_MORPH_BOUNDARY_GUARD,1,projected_saved_draft_candidate_at_or_after_rejection,1.0,AT_GUARD,True,4,4,3,VCP→EF
WIKIPEDIA,P3,214,0,0,ALL_MORPH_BOUNDARY_GUARD,1,saved_H3_exact_target_token,,NO_REJECTION,True,4,4,3,NP→EF
WIKIPEDIA,P3,214,14,36,ALL_MORPH_BOUNDARY_GUARD,3,projected_saved_draft_candidate_at_or_after_rejection,3.0,AT_GUARD,True,4,2,1,NNG→NNG
WIKIPEDIA,P3,214,20,46,ALL_MORPH_BOUNDARY_GUARD,1,saved_H3_exact_target_token,,NO_REJECTION,True,4,4,3,EP→EF
WIKIPEDIA,P3,215,16,40,ALL_MORPH_BOUNDARY_GUARD,2,saved_H3_exact_target_token,,NO_REJECTION,True,4,3,2,VCP→EF
WIKIPEDIA,P3,215,27,82,ALL_MORPH_BOUNDARY_GUARD,1,saved_H3_exact_target_token,,NO_REJECTION,True,4,4,3,VCP→EF
WIKIPEDIA,P3,215,37,122,ALL_MORPH_BOUNDARY_GUARD,2,saved_H3_exact_target_token,,NO_REJECTION,True,4,3,2,VCP→EF
WIKIPEDIA,P3,216,17,48,ALL_MORPH_BOUNDARY_GUARD,3,saved_H3_exact_target_token,,NO_REJECTION,True,4,2,1,VCP→EF
WIKIPEDIA,P3,216,23,72,ALL_MORPH_BOUNDARY_GUARD,1,saved_H3_exact_target_token,,NO_REJECTION,True,4,4,3,VCP→EF
WIKIPEDIA,P3,216,28,92,ALL_MORPH_BOUNDARY_GUARD,3,saved_H3_exact_target_token,,NO_REJECTION,True,4,2,1,VCP→EF
WIKIPEDIA,P3,216,34,116,ALL_MORPH_BOUNDARY_GUARD,1,saved_H3_exact_target_token,,NO_REJECTION,True,4,4,3,VCP→EF
WIKIPEDIA,P3,218,16,45,ALL_MORPH_BOUNDARY_GUARD,1,saved_H3_exact_target_token,,NO_REJECTION,True,4,4,3,VCP→EF
WIKIPEDIA,P3,218,32,98,ALL_MORPH_BOUNDARY_GUARD,3,saved_H3_exact_target_token,,NO_REJECTION,True,4,2,1,XSV→EC
WIKIPEDIA,P3,219,4,9,ALL_MORPH_BOUNDARY_GUARD,3,projected_saved_draft_candidate_at_or_after_rejection,3.0,AT_GUARD,True,4,2,1,VA→ETM
WIKIPEDIA,P3,219,15,42,ALL_MORPH_BOUNDARY_GUARD,1,projected_saved_draft_candidate_at_or_after_rejection,1.0,AT_GUARD,True,4,4,3,VCP→EF
WIKIPEDIA,P3,221,3,5,ALL_MORPH_BOUNDARY_GUARD,2,projected_saved_draft_candidate_at_or_after_rejection,2.0,AT_GUARD,True,4,3,2,VCP→EF
WIKIPEDIA,P3,221,11,22,ALL_MORPH_BOUNDARY_GUARD,3,projected_saved_draft_candidate_at_or_after_rejection,1.0,BEFORE_GUARD,False,4,2,1,ETN→JX
WIKIPEDIA,P3,221,29,74,ALL_MORPH_BOUNDARY_GUARD,1,projected_saved_draft_candidate_at_or_after_rejection,1.0,AT_GUARD,True,4,4,3,EP→EF
WIKIPEDIA,P3,221,36,96,ALL_MORPH_BOUNDARY_GUARD,2,projected_saved_draft_candidate_at_or_after_rejection,2.0,AT_GUARD,True,4,3,2,EP→EF
WIKIPEDIA,P3,221,37,98,ALL_MORPH_BOUNDARY_GUARD,1,saved_H3_exact_target_token,,NO_REJECTION,True,4,4,3,EP→EF
WIKIPEDIA,P3,221,43,120,ALL_MORPH_BOUNDARY_GUARD,2,saved_H3_exact_target_token,,NO_REJECTION,True,4,3,2,EP→EF
WIKIPEDIA,P3,222,6,19,ALL_MORPH_BOUNDARY_GUARD,1,projected_saved_draft_candidate_at_or_after_rejection,1.0,AT_GUARD,True,4,4,3,XSV→EC
WIKIPEDIA,P3,222,32,105,ALL_MORPH_BOUNDARY_GUARD,1,saved_H3_exact_target_token,,NO_REJECTION,True,4,4,3,VCP→EF
WIKIPEDIA,P3,223,37,81,ALL_MORPH_BOUNDARY_GUARD,1,saved_H3_exact_target_token,,NO_REJECTION,True,4,4,3,EP→EF
WIKIPEDIA,P3,224,25,65,ALL_MORPH_BOUNDARY_GUARD,3,projected_saved_draft_candidate_at_or_after_rejection,1.0,BEFORE_GUARD,False,4,2,1,VCP→EF
WIKIPEDIA,P3,224,27,67,ALL_MORPH_BOUNDARY_GUARD,3,projected_saved_draft_candidate_at_or_after_rejection,1.0,BEFORE_GUARD,False,4,2,1,VCP→EF
WIKIPEDIA,P3,224,28,68,ALL_MORPH_BOUNDARY_GUARD,2,projected_saved_draft_candidate_at_or_after_rejection,3.0,AFTER_GUARD,True,4,3,2,VCP→EF
WIKIPEDIA,P3,224,32,78,ALL_MORPH_BOUNDARY_GUARD,2,saved_H3_exact_target_token,,NO_REJECTION,True,4,3,2,NNB→XSN
WIKIPEDIA,P3,224,33,82,ALL_MORPH_BOUNDARY_GUARD,1,projected_saved_draft_candidate_at_or_after_rejection,1.0,AT_GUARD,True,4,4,3,VCP→EF
WIKIPEDIA,P3,224,38,89,ALL_MORPH_BOUNDARY_GUARD,2,projected_saved_draft_candidate_at_or_after_rejection,1.0,BEFORE_GUARD,False,4,3,2,VCP→EF
WIKIPEDIA,P3,224,39,90,ALL_MORPH_BOUNDARY_GUARD,2,projected_saved_draft_candidate_at_or_after_rejection,1.0,BEFORE_GUARD,False,4,3,2,VCP→EF
WIKIPEDIA,P3,224,40,91,ALL_MORPH_BOUNDARY_GUARD,2,projected_saved_draft_candidate_at_or_after_rejection,2.0,AT_GUARD,True,4,3,2,VCP→EF
WIKIPEDIA,P3,224,44,101,ALL_MORPH_BOUNDARY_GUARD,3,saved_H3_exact_target_token,,NO_REJECTION,True,4,2,1,VCP→EF
WIKIPEDIA,P3,226,2,2,ALL_MORPH_BOUNDARY_GUARD,2,projected_saved_draft_candidate_at_or_after_rejection,3.0,AFTER_GUARD,True,4,3,2,VCP→EF
WIKIPEDIA,P3,226,18,43,ALL_MORPH_BOUNDARY_GUARD,3,projected_saved_draft_candidate_at_or_after_rejection,1.0,BEFORE_GUARD,False,4,2,1,VCP→EF
WIKIPEDIA,P3,226,30,80,ALL_MORPH_BOUNDARY_GUARD,3,saved_H3_exact_target_token,,NO_REJECTION,True,4,2,1,VCP→EF
WIKIPEDIA,P3,226,37,108,ALL_MORPH_BOUNDARY_GUARD,1,saved_H3_exact_target_token,,NO_REJECTION,True,4,4,3,XSV→ETM
WIKIPEDIA,P3,226,38,112,ALL_MORPH_BOUNDARY_GUARD,2,saved_H3_exact_target_token,,NO_REJECTION,True,4,3,2,VCP→EF
WIKIPEDIA,P3,227,3,10,ALL_MORPH_BOUNDARY_GUARD,3,projected_saved_draft_candidate_at_or_after_rejection,2.0,BEFORE_GUARD,False,4,2,1,VA→EF
WIKIPEDIA,P3,227,7,19,ALL_MORPH_BOUNDARY_GUARD,3,projected_saved_draft_candidate_at_or_after_rejection,2.0,BEFORE_GUARD,False,4,2,1,VX→EF
WIKIPEDIA,P3,227,22,65,ALL_MORPH_BOUNDARY_GUARD,2,projected_saved_draft_candidate_at_or_after_rejection,1.0,BEFORE_GUARD,False,4,3,2,VCP→EF
WIKIPEDIA,P3,227,28,79,ALL_MORPH_BOUNDARY_GUARD,1,projected_saved_draft_candidate_at_or_after_rejection,4.0,AFTER_GUARD,True,4,4,3,XSN→JKB
WIKIPEDIA,P3,227,38,105,ALL_MORPH_BOUNDARY_GUARD,1,saved_H3_exact_target_token,,NO_REJECTION,True,4,4,3,XSN→JKB
WIKIPEDIA,P3,230,49,121,ALL_MORPH_BOUNDARY_GUARD,1,projected_saved_draft_candidate_at_or_after_rejection,1.0,AT_GUARD,True,4,4,3,XSA→EC
WIKIPEDIA,P3,232,8,11,ALL_MORPH_BOUNDARY_GUARD,3,projected_saved_draft_candidate_at_or_after_rejection,2.0,BEFORE_GUARD,False,4,2,1,EP→EF
WIKIPEDIA,P3,232,10,15,ALL_MORPH_BOUNDARY_GUARD,2,saved_H3_exact_target_token,,NO_REJECTION,True,4,3,2,VCP→EF
WIKIPEDIA,P3,233,4,14,ALL_MORPH_BOUNDARY_GUARD,1,projected_saved_draft_candidate_at_or_after_rejection,1.0,AT_GUARD,True,4,4,3,JKB→JX
WIKIPEDIA,P3,233,15,33,ALL_MORPH_BOUNDARY_GUARD,1,projected_saved_draft_candidate_at_or_after_rejection,1.0,AT_GUARD,True,4,4,3,VCP→EF
WIKIPEDIA,P3,233,40,103,ALL_MORPH_BOUNDARY_GUARD,2,saved_H3_exact_target_token,,NO_REJECTION,True,4,3,2,VCP→EF
WIKIPEDIA,P3,234,2,3,ALL_MORPH_BOUNDARY_GUARD,2,projected_saved_draft_candidate_at_or_after_rejection,1.0,BEFORE_GUARD,False,4,3,2,XSV→ETN
WIKIPEDIA,P3,234,30,62,ALL_MORPH_BOUNDARY_GUARD,1,projected_saved_draft_candidate_at_or_after_rejection,1.0,AT_GUARD,True,4,4,3,XSV→EC
WIKIPEDIA,P3,234,43,92,ALL_MORPH_BOUNDARY_GUARD,1,projected_saved_draft_candidate_at_or_after_rejection,3.0,AFTER_GUARD,True,4,4,3,EP→EF
WIKIPEDIA,P3,235,1,3,ALL_MORPH_BOUNDARY_GUARD,2,projected_saved_draft_candidate_at_or_after_rejection,3.0,AFTER_GUARD,True,4,3,2,XSV→ETM
WIKIPEDIA,P3,235,3,10,ALL_MORPH_BOUNDARY_GUARD,1,projected_saved_draft_candidate_at_or_after_rejection,2.0,AFTER_GUARD,True,4,4,3,XSV→EC
WIKIPEDIA,P3,235,5,16,ALL_MORPH_BOUNDARY_GUARD,3,projected_saved_draft_candidate_at_or_after_rejection,2.0,BEFORE_GUARD,False,4,2,1,VV→ETM
WIKIPEDIA,P3,235,14,34,ALL_MORPH_BOUNDARY_GUARD,3,saved_H3_exact_target_token,,NO_REJECTION,True,4,2,1,XSV→EC
WIKIPEDIA,P3,235,21,58,ALL_MORPH_BOUNDARY_GUARD,1,projected_saved_draft_candidate_at_or_after_rejection,1.0,AT_GUARD,True,4,4,3,VV→ETM
WIKIPEDIA,P3,235,22,59,ALL_MORPH_BOUNDARY_GUARD,1,projected_saved_draft_candidate_at_or_after_rejection,1.0,AT_GUARD,True,4,4,3,VV→ETM
WIKIPEDIA,P3,235,23,60,ALL_MORPH_BOUNDARY_GUARD,1,projected_saved_draft_candidate_at_or_after_rejection,4.0,AFTER_GUARD,True,4,4,3,XSV→ETM
WIKIPEDIA,P3,235,29,75,ALL_MORPH_BOUNDARY_GUARD,3,projected_saved_draft_candidate_at_or_after_rejection,1.0,BEFORE_GUARD,False,4,2,1,XSV→EC
WIKIPEDIA,P3,235,30,76,ALL_MORPH_BOUNDARY_GUARD,1,saved_H3_exact_target_token,,NO_REJECTION,True,4,4,3,XSV→EC
WIKIPEDIA,P3,235,35,91,ALL_MORPH_BOUNDARY_GUARD,3,projected_saved_draft_candidate_at_or_after_rejection,3.0,AT_GUARD,True,4,2,1,VA→EC
WIKIPEDIA,P3,235,40,107,ALL_MORPH_BOUNDARY_GUARD,2,projected_saved_draft_candidate_at_or_after_rejection,1.0,BEFORE_GUARD,False,4,3,2,VA→EF
WIKIPEDIA,P3,235,44,116,ALL_MORPH_BOUNDARY_GUARD,1,projected_saved_draft_candidate_at_or_after_rejection,1.0,AT_GUARD,True,4,4,3,VCP→EF
WIKIPEDIA,P3,236,1,4,ALL_MORPH_BOUNDARY_GUARD,1,projected_saved_draft_candidate_at_or_after_rejection,1.0,AT_GUARD,True,4,4,3,XSV→ETM
WIKIPEDIA,P3,236,13,38,ALL_MORPH_BOUNDARY_GUARD,2,projected_saved_draft_candidate_at_or_after_rejection,3.0,AFTER_GUARD,True,4,3,2,XSN→JKB
WIKIPEDIA,P3,236,20,65,ALL_MORPH_BOUNDARY_GUARD,3,saved_H3_exact_target_token,,NO_REJECTION,True,4,2,1,XSN→JKS
WIKIPEDIA,P3,237,12,38,ALL_MORPH_BOUNDARY_GUARD,1,projected_saved_draft_candidate_at_or_after_rejection,2.0,AFTER_GUARD,True,4,4,3,VCP→EF
WIKIPEDIA,P3,237,19,49,ALL_MORPH_BOUNDARY_GUARD,1,projected_saved_draft_candidate_at_or_after_rejection,4.0,AFTER_GUARD,True,4,4,3,VV→EC
WIKIPEDIA,P3,237,24,69,ALL_MORPH_BOUNDARY_GUARD,2,projected_saved_draft_candidate_at_or_after_rejection,4.0,AFTER_GUARD,True,4,3,2,SSO→SL
WIKIPEDIA,P3,237,30,83,ALL_MORPH_BOUNDARY_GUARD,3,projected_saved_draft_candidate_at_or_after_rejection,3.0,AT_GUARD,True,4,2,1,SSO→SO
WIKIPEDIA,P3,237,37,94,ALL_MORPH_BOUNDARY_GUARD,1,saved_H3_exact_target_token,,NO_REJECTION,True,4,4,3,VV→EC
WIKIPEDIA,P3,238,15,45,ALL_MORPH_BOUNDARY_GUARD,1,saved_H3_exact_target_token,,NO_REJECTION,True,4,4,3,VX→ETM
WIKIPEDIA,P3,238,17,53,ALL_MORPH_BOUNDARY_GUARD,3,saved_H3_exact_target_token,,NO_REJECTION,True,4,2,1,XSN→JKB
WIKIPEDIA,P3,238,20,65,ALL_MORPH_BOUNDARY_GUARD,3,saved_H3_exact_target_token,,NO_REJECTION,True,4,2,1,JKB→JX
WIKIPEDIA,P3,238,29,101,ALL_MORPH_BOUNDARY_GUARD,2,saved_H3_exact_target_token,,NO_REJECTION,True,4,3,2,XSN→JKO
WIKIPEDIA,P3,238,31,109,ALL_MORPH_BOUNDARY_GUARD,2,saved_H3_exact_target_token,,NO_REJECTION,True,4,3,2,XSN→JKB
WIKIPEDIA,P3,238,34,121,ALL_MORPH_BOUNDARY_GUARD,2,saved_H3_exact_target_token,,NO_REJECTION,True,4,3,2,JKB→JX
WIKIPEDIA,P3,240,0,0,ALL_MORPH_BOUNDARY_GUARD,3,saved_H3_exact_target_token,,NO_REJECTION,True,4,2,1,XSV→EC
WIKIPEDIA,P3,240,12,37,ALL_MORPH_BOUNDARY_GUARD,1,saved_H3_exact_target_token,,NO_REJECTION,True,4,4,3,XSV→EC
WIKIPEDIA,P3,240,31,111,ALL_MORPH_BOUNDARY_GUARD,1,saved_H3_exact_target_token,,NO_REJECTION,True,4,4,3,XSV→EC
WIKIPEDIA,P3,242,14,41,ALL_MORPH_BOUNDARY_GUARD,3,saved_H3_exact_target_token,,NO_REJECTION,True,4,2,1,VV→EC
WIKIPEDIA,P3,242,19,54,ALL_MORPH_BOUNDARY_GUARD,1,projected_saved_draft_candidate_at_or_after_rejection,1.0,AT_GUARD,True,4,4,3,VV→EC
WIKIPEDIA,P3,242,24,70,NP_BOUNDARY_GUARD,3,projected_saved_draft_candidate_at_or_after_rejection,4.0,AFTER_GUARD,True,4,2,1,NNB→JX
WIKIPEDIA,P3,242,24,70,ALL_MORPH_BOUNDARY_GUARD,2,projected_saved_draft_candidate_at_or_after_rejection,4.0,AFTER_GUARD,True,4,3,2,XSV→ETM
WIKIPEDIA,P3,242,26,76,ALL_MORPH_BOUNDARY_GUARD,2,projected_saved_draft_candidate_at_or_after_rejection,3.0,AFTER_GUARD,True,4,3,2,XSV→ETM
WIKIPEDIA,P3,242,29,85,ALL_MORPH_BOUNDARY_GUARD,1,saved_H3_exact_target_token,,NO_REJECTION,True,4,4,3,VV→EC
WIKIPEDIA,P3,242,31,91,ALL_MORPH_BOUNDARY_GUARD,2,saved_H3_exact_target_token,,NO_REJECTION,True,4,3,2,XSV→ETM
WIKIPEDIA,P3,242,36,109,ALL_MORPH_BOUNDARY_GUARD,3,saved_H3_exact_target_token,,NO_REJECTION,True,4,2,1,XSV→ETM
WIKIPEDIA,P3,242,39,116,ALL_MORPH_BOUNDARY_GUARD,2,projected_saved_draft_candidate_at_or_after_rejection,1.0,BEFORE_GUARD,False,4,3,2,XSV→ETM
WIKIPEDIA,P3,242,40,117,ALL_MORPH_BOUNDARY_GUARD,2,saved_H3_exact_target_token,,NO_REJECTION,True,4,3,2,XSV→ETM
WIKIPEDIA,P3,242,42,125,ALL_MORPH_BOUNDARY_GUARD,2,projected_saved_draft_candidate_at_or_after_rejection,2.0,AT_GUARD,True,3,2,1,VV→EC
WIKIPEDIA,P3,243,28,69,ALL_MORPH_BOUNDARY_GUARD,1,saved_H3_exact_target_token,,NO_REJECTION,True,4,4,3,EP→EF
WIKIPEDIA,P3,244,0,0,ALL_MORPH_BOUNDARY_GUARD,1,projected_saved_draft_candidate_at_or_after_rejection,3.0,AFTER_GUARD,True,4,4,3,VV→ETM
WIKIPEDIA,P3,244,8,24,ALL_MORPH_BOUNDARY_GUARD,1,saved_H3_exact_target_token,,NO_REJECTION,True,4,4,3,NNB→XSN
WIKIPEDIA,P3,244,29,72,ALL_MORPH_BOUNDARY_GUARD,3,saved_H3_exact_target_token,,NO_REJECTION,True,4,2,1,VCP→EF
WIKIPEDIA,P3,244,38,92,ALL_MORPH_BOUNDARY_GUARD,1,projected_saved_draft_candidate_at_or_after_rejection,1.0,AT_GUARD,True,4,4,3,VCP→EC
WIKIPEDIA,P3,246,7,21,NP_BOUNDARY_GUARD,1,projected_saved_draft_candidate_at_or_after_rejection,1.0,AT_GUARD,True,4,4,3,NP→JKO
WIKIPEDIA,P3,246,7,21,ALL_MORPH_BOUNDARY_GUARD,1,projected_saved_draft_candidate_at_or_after_rejection,1.0,AT_GUARD,True,4,4,3,NP→JKO
WIKIPEDIA,P3,246,15,45,ALL_MORPH_BOUNDARY_GUARD,2,saved_H3_exact_target_token,,NO_REJECTION,True,4,3,2,XSV→ETM
WIKIPEDIA,P3,246,19,58,ALL_MORPH_BOUNDARY_GUARD,3,projected_saved_draft_candidate_at_or_after_rejection,1.0,BEFORE_GUARD,False,4,2,1,VCP→EF
WIKIPEDIA,P3,246,21,62,ALL_MORPH_BOUNDARY_GUARD,2,projected_saved_draft_candidate_at_or_after_rejection,1.0,BEFORE_GUARD,False,4,3,2,VCP→EF
WIKIPEDIA,P3,246,22,63,ALL_MORPH_BOUNDARY_GUARD,3,projected_saved_draft_candidate_at_or_after_rejection,1.0,BEFORE_GUARD,False,4,2,1,VCP→EF
WIKIPEDIA,P3,246,24,68,ALL_MORPH_BOUNDARY_GUARD,2,saved_H3_exact_target_token,,NO_REJECTION,True,4,3,2,VCP→EF
WIKIPEDIA,P3,246,27,77,ALL_MORPH_BOUNDARY_GUARD,3,saved_H3_exact_target_token,,NO_REJECTION,True,4,2,1,XSV→ETM
WIKIPEDIA,P3,246,29,85,ALL_MORPH_BOUNDARY_GUARD,2,saved_H3_exact_target_token,,NO_REJECTION,True,4,3,2,XSV→ETM
WIKIPEDIA,P3,246,30,89,ALL_MORPH_BOUNDARY_GUARD,2,saved_H3_exact_target_token,,NO_REJECTION,True,4,3,2,XSV→ETM
WIKIPEDIA,P3,246,33,101,ALL_MORPH_BOUNDARY_GUARD,2,saved_H3_exact_target_token,,NO_REJECTION,True,4,3,2,VCP→EF
WIKIPEDIA,P3,246,37,117,ALL_MORPH_BOUNDARY_GUARD,3,saved_H3_exact_target_token,,NO_REJECTION,True,4,2,1,XSV→ETM
WIKIPEDIA,P3,246,38,121,ALL_MORPH_BOUNDARY_GUARD,3,saved_H3_exact_target_token,,NO_REJECTION,True,4,2,1,XSV→ETM
WIKIPEDIA,P3,247,22,61,ALL_MORPH_BOUNDARY_GUARD,1,saved_H3_exact_target_token,,NO_REJECTION,True,4,4,3,XSV→EC
WIKIPEDIA,P3,248,7,19,ALL_MORPH_BOUNDARY_GUARD,2,projected_saved_draft_candidate_at_or_after_rejection,2.0,AT_GUARD,True,4,3,2,JKB→JX
WIKIPEDIA,P3,248,21,60,ALL_MORPH_BOUNDARY_GUARD,2,saved_H3_exact_target_token,,NO_REJECTION,True,4,3,2,XSV→EC
WIKIPEDIA,P3,248,35,110,ALL_MORPH_BOUNDARY_GUARD,1,saved_H3_exact_target_token,,NO_REJECTION,True,4,4,3,XSV→EC
WIKIPEDIA,P3,250,15,32,ALL_MORPH_BOUNDARY_GUARD,3,projected_saved_draft_candidate_at_or_after_rejection,1.0,BEFORE_GUARD,False,4,2,1,XSN→JKS
WIKIPEDIA,P3,251,0,0,ALL_MORPH_BOUNDARY_GUARD,2,projected_saved_draft_candidate_at_or_after_rejection,3.0,AFTER_GUARD,True,4,3,2,XSV→EC
WIKIPEDIA,P3,252,6,14,ALL_MORPH_BOUNDARY_GUARD,2,projected_saved_draft_candidate_at_or_after_rejection,2.0,AT_GUARD,True,4,3,2,XSV→ETM
WIKIPEDIA,P3,253,6,17,ALL_MORPH_BOUNDARY_GUARD,2,projected_saved_draft_candidate_at_or_after_rejection,3.0,AFTER_GUARD,True,4,3,2,XSV→ETM
WIKIPEDIA,P3,253,15,52,ALL_MORPH_BOUNDARY_GUARD,1,saved_H3_exact_target_token,,NO_REJECTION,True,4,4,3,XSV→ETM
WIKIPEDIA,P3,253,19,68,ALL_MORPH_BOUNDARY_GUARD,2,saved_H3_exact_target_token,,NO_REJECTION,True,4,3,2,XSV→ETM
WIKIPEDIA,P3,253,23,84,ALL_MORPH_BOUNDARY_GUARD,3,saved_H3_exact_target_token,,NO_REJECTION,True,4,2,1,XSV→ETM
WIKIPEDIA,P3,253,32,120,ALL_MORPH_BOUNDARY_GUARD,1,saved_H3_exact_target_token,,NO_REJECTION,True,4,4,3,XSV→ETM
WIKIPEDIA,P3,254,1,3,ALL_MORPH_BOUNDARY_GUARD,2,projected_saved_draft_candidate_at_or_after_rejection,4.0,AFTER_GUARD,True,4,3,2,XSA→EF
WIKIPEDIA,P3,254,4,15,ALL_MORPH_BOUNDARY_GUARD,1,saved_H3_exact_target_token,,NO_REJECTION,True,4,4,3,VCP→EC
WIKIPEDIA,P3,254,13,41,ALL_MORPH_BOUNDARY_GUARD,1,projected_saved_draft_candidate_at_or_after_rejection,4.0,AFTER_GUARD,True,4,4,3,XSV→ETM
WIKIPEDIA,P3,254,20,68,ALL_MORPH_BOUNDARY_GUARD,2,saved_H3_exact_target_token,,NO_REJECTION,True,4,3,2,XSV→ETM
WIKIPEDIA,P3,254,21,72,ALL_MORPH_BOUNDARY_GUARD,1,projected_saved_draft_candidate_at_or_after_rejection,4.0,AFTER_GUARD,True,4,4,3,VCP→EF
WIKIPEDIA,P3,254,27,96,ALL_MORPH_BOUNDARY_GUARD,2,saved_H3_exact_target_token,,NO_REJECTION,True,4,3,2,XSV→ETM
WIKIPEDIA,P3,254,28,100,ALL_MORPH_BOUNDARY_GUARD,1,saved_H3_exact_target_token,,NO_REJECTION,True,4,4,3,VCP→EF
WIKIPEDIA,P3,254,34,124,ALL_MORPH_BOUNDARY_GUARD,2,saved_H3_exact_target_token,,NO_REJECTION,True,4,3,2,XSV→ETM
WIKIPEDIA,P3,257,6,16,ALL_MORPH_BOUNDARY_GUARD,1,saved_H3_exact_target_token,,NO_REJECTION,True,4,4,3,SW→SL
WIKIPEDIA,P3,257,23,71,ALL_MORPH_BOUNDARY_GUARD,3,saved_H3_exact_target_token,,NO_REJECTION,True,4,2,1,SW→SL
WIKIPEDIA,P3,257,34,115,ALL_MORPH_BOUNDARY_GUARD,3,saved_H3_exact_target_token,,NO_REJECTION,True,4,2,1,XSV→EP
WIKIPEDIA,P3,259,21,40,ALL_MORPH_BOUNDARY_GUARD,3,projected_saved_draft_candidate_at_or_after_rejection,1.0,BEFORE_GUARD,False,4,2,1,EP→EF
WIKIPEDIA,P3,260,2,6,NP_BOUNDARY_GUARD,2,projected_saved_draft_candidate_at_or_after_rejection,2.0,AT_GUARD,True,4,3,2,NNG→JX
WIKIPEDIA,P3,260,2,6,ALL_MORPH_BOUNDARY_GUARD,2,projected_saved_draft_candidate_at_or_after_rejection,2.0,AT_GUARD,True,4,3,2,NNG→JX
WIKIPEDIA,P3,260,6,15,ALL_MORPH_BOUNDARY_GUARD,3,saved_H3_exact_target_token,,NO_REJECTION,True,4,2,1,XSV→ETM
WIKIPEDIA,P3,260,9,25,ALL_MORPH_BOUNDARY_GUARD,2,saved_H3_exact_target_token,,NO_REJECTION,True,4,3,2,XSN→JX
WIKIPEDIA,P3,260,11,33,NP_BOUNDARY_GUARD,3,projected_saved_draft_candidate_at_or_after_rejection,2.0,BEFORE_GUARD,False,4,2,1,NNB→JKO
WIKIPEDIA,P3,260,11,33,ALL_MORPH_BOUNDARY_GUARD,2,projected_saved_draft_candidate_at_or_after_rejection,2.0,AT_GUARD,True,4,3,2,XSV→ETM
WIKIPEDIA,P3,260,12,35,NP_BOUNDARY_GUARD,2,projected_saved_draft_candidate_at_or_after_rejection,1.0,BEFORE_GUARD,False,4,3,2,NP→JKO
WIKIPEDIA,P3,260,12,35,ALL_MORPH_BOUNDARY_GUARD,2,projected_saved_draft_candidate_at_or_after_rejection,1.0,BEFORE_GUARD,False,4,3,2,NP→JKO
WIKIPEDIA,P3,260,14,40,ALL_MORPH_BOUNDARY_GUARD,1,projected_saved_draft_candidate_at_or_after_rejection,2.0,AFTER_GUARD,True,4,4,3,XSV→ETM
WIKIPEDIA,P3,260,16,46,NP_BOUNDARY_GUARD,1,projected_saved_draft_candidate_at_or_after_rejection,1.0,AT_GUARD,True,4,4,3,NNG→JX
WIKIPEDIA,P3,260,16,46,ALL_MORPH_BOUNDARY_GUARD,1,projected_saved_draft_candidate_at_or_after_rejection,1.0,AT_GUARD,True,4,4,3,NNG→JX
WIKIPEDIA,P3,260,17,47,ALL_MORPH_BOUNDARY_GUARD,1,saved_H3_exact_target_token,,NO_REJECTION,True,4,4,3,XSN→JX
WIKIPEDIA,P3,260,19,55,ALL_MORPH_BOUNDARY_GUARD,1,saved_H3_exact_target_token,,NO_REJECTION,True,4,4,3,XSV→EC
WIKIPEDIA,P3,260,20,59,ALL_MORPH_BOUNDARY_GUARD,3,saved_H3_exact_target_token,,NO_REJECTION,True,4,2,1,XSV→ETM
WIKIPEDIA,P3,260,22,67,ALL_MORPH_BOUNDARY_GUARD,2,saved_H3_exact_target_token,,NO_REJECTION,True,4,3,2,XSN→JX
WIKIPEDIA,P3,260,24,75,ALL_MORPH_BOUNDARY_GUARD,2,saved_H3_exact_target_token,,NO_REJECTION,True,4,3,2,XSV→EC
WIKIPEDIA,P3,260,27,87,ALL_MORPH_BOUNDARY_GUARD,3,saved_H3_exact_target_token,,NO_REJECTION,True,4,2,1,XSN→JX
WIKIPEDIA,P3,260,29,95,ALL_MORPH_BOUNDARY_GUARD,3,saved_H3_exact_target_token,,NO_REJECTION,True,4,2,1,XSV→EC
WIKIPEDIA,P3,260,31,103,ALL_MORPH_BOUNDARY_GUARD,1,saved_H3_exact_target_token,,NO_REJECTION,True,4,4,3,XSV→ETM
WIKIPEDIA,P3,260,36,123,ALL_MORPH_BOUNDARY_GUARD,2,saved_H3_exact_target_token,,NO_REJECTION,True,4,3,2,XSV→ETM
WIKIPEDIA,P3,261,5,12,ALL_MORPH_BOUNDARY_GUARD,2,projected_saved_draft_candidate_at_or_after_rejection,3.0,AFTER_GUARD,True,4,3,2,XSV→EP
WIKIPEDIA,P3,261,8,23,ALL_MORPH_BOUNDARY_GUARD,2,projected_saved_draft_candidate_at_or_after_rejection,1.0,BEFORE_GUARD,False,4,3,2,SP→SL
WIKIPEDIA,P3,261,10,27,ALL_MORPH_BOUNDARY_GUARD,2,projected_saved_draft_candidate_at_or_after_rejection,1.0,BEFORE_GUARD,False,4,3,2,SP→SL
WIKIPEDIA,P3,261,17,46,ALL_MORPH_BOUNDARY_GUARD,2,saved_H3_exact_target_token,,NO_REJECTION,True,4,3,2,SP→SL
WIKIPEDIA,P3,261,36,109,ALL_MORPH_BOUNDARY_GUARD,3,projected_saved_draft_candidate_at_or_after_rejection,1.0,BEFORE_GUARD,False,4,2,1,VA→ETM
WIKIPEDIA,P3,262,24,79,ALL_MORPH_BOUNDARY_GUARD,2,saved_H3_exact_target_token,,NO_REJECTION,True,4,3,2,XSV→EC
WIKIPEDIA,P3,262,30,103,ALL_MORPH_BOUNDARY_GUARD,2,saved_H3_exact_target_token,,NO_REJECTION,True,4,3,2,XSV→EC
WIKIPEDIA,P3,263,2,3,ALL_MORPH_BOUNDARY_GUARD,2,saved_H3_exact_target_token,,NO_REJECTION,True,4,3,2,XSA→EF
WIKIPEDIA,P3,263,38,118,ALL_MORPH_BOUNDARY_GUARD,2,saved_H3_exact_target_token,,NO_REJECTION,True,4,3,2,VCP→EC
WIKIPEDIA,P3,264,9,23,NP_BOUNDARY_GUARD,2,saved_H3_exact_target_token,,NO_REJECTION,True,4,3,2,NNG→JX
WIKIPEDIA,P3,264,9,23,ALL_MORPH_BOUNDARY_GUARD,2,saved_H3_exact_target_token,,NO_REJECTION,True,4,3,2,NNG→JX
WIKIPEDIA,P3,266,1,2,ALL_MORPH_BOUNDARY_GUARD,3,projected_saved_draft_candidate_at_or_after_rejection,1.0,BEFORE_GUARD,False,4,2,1,XSV→EC
WIKIPEDIA,P3,266,5,9,ALL_MORPH_BOUNDARY_GUARD,1,projected_saved_draft_candidate_at_or_after_rejection,1.0,AT_GUARD,True,4,4,3,XSV→EC
WIKIPEDIA,P3,266,6,10,NP_BOUNDARY_GUARD,1,projected_saved_draft_candidate_at_or_after_rejection,1.0,AT_GUARD,True,4,4,3,NNB→JKB
WIKIPEDIA,P3,266,6,10,ALL_MORPH_BOUNDARY_GUARD,1,projected_saved_draft_candidate_at_or_after_rejection,1.0,AT_GUARD,True,4,4,3,NNB→JKB
WIKIPEDIA,P3,267,6,11,ALL_MORPH_BOUNDARY_GUARD,1,projected_saved_draft_candidate_at_or_after_rejection,1.0,AT_GUARD,True,4,4,3,XSV→EC
WIKIPEDIA,P3,267,8,15,ALL_MORPH_BOUNDARY_GUARD,2,projected_saved_draft_candidate_at_or_after_rejection,1.0,BEFORE_GUARD,False,4,3,2,SP→SL
WIKIPEDIA,P3,267,10,20,ALL_MORPH_BOUNDARY_GUARD,2,saved_H3_exact_target_token,,NO_REJECTION,True,4,3,2,XSV→ETM
WIKIPEDIA,P3,267,11,24,ALL_MORPH_BOUNDARY_GUARD,2,projected_saved_draft_candidate_at_or_after_rejection,1.0,BEFORE_GUARD,False,4,3,2,XSV→ETM
WIKIPEDIA,P3,267,15,37,ALL_MORPH_BOUNDARY_GUARD,2,saved_H3_exact_target_token,,NO_REJECTION,True,4,3,2,XSV→ETM
WIKIPEDIA,P3,267,19,53,ALL_MORPH_BOUNDARY_GUARD,3,saved_H3_exact_target_token,,NO_REJECTION,True,4,2,1,XSV→ETM
WIKIPEDIA,P3,267,28,89,ALL_MORPH_BOUNDARY_GUARD,1,saved_H3_exact_target_token,,NO_REJECTION,True,4,4,3,XSV→ETM
WIKIPEDIA,P3,267,32,105,ALL_MORPH_BOUNDARY_GUARD,2,saved_H3_exact_target_token,,NO_REJECTION,True,4,3,2,XSV→ETM
WIKIPEDIA,P3,267,36,121,ALL_MORPH_BOUNDARY_GUARD,3,saved_H3_exact_target_token,,NO_REJECTION,True,4,2,1,XSV→ETM
WIKIPEDIA,P3,268,1,2,ALL_MORPH_BOUNDARY_GUARD,2,projected_saved_draft_candidate_at_or_after_rejection,2.0,AT_GUARD,True,4,3,2,XSV→EC
WIKIPEDIA,P3,268,10,28,ALL_MORPH_BOUNDARY_GUARD,2,projected_saved_draft_candidate_at_or_after_rejection,3.0,AFTER_GUARD,True,4,3,2,XSV→ETM
WIKIPEDIA,P3,268,17,48,ALL_MORPH_BOUNDARY_GUARD,1,projected_saved_draft_candidate_at_or_after_rejection,1.0,AT_GUARD,True,4,4,3,VCN→EF
WIKIPEDIA,P3,268,20,54,ALL_MORPH_BOUNDARY_GUARD,2,projected_saved_draft_candidate_at_or_after_rejection,4.0,AFTER_GUARD,True,4,3,2,XSV→ETM
WIKIPEDIA,P3,268,21,58,ALL_MORPH_BOUNDARY_GUARD,1,projected_saved_draft_candidate_at_or_after_rejection,1.0,AT_GUARD,True,4,4,3,VCN→EF
WIKIPEDIA,P3,268,24,64,ALL_MORPH_BOUNDARY_GUARD,1,projected_saved_draft_candidate_at_or_after_rejection,4.0,AFTER_GUARD,True,4,4,3,XSV→ETM
WIKIPEDIA,P3,268,31,82,ALL_MORPH_BOUNDARY_GUARD,1,projected_saved_draft_candidate_at_or_after_rejection,1.0,AT_GUARD,True,4,4,3,VCP→EF
WIKIPEDIA,P3,268,34,90,ALL_MORPH_BOUNDARY_GUARD,1,projected_saved_draft_candidate_at_or_after_rejection,2.0,AFTER_GUARD,True,4,4,3,VCN→EF
WIKIPEDIA,P3,268,35,92,ALL_MORPH_BOUNDARY_GUARD,3,projected_saved_draft_candidate_at_or_after_rejection,1.0,BEFORE_GUARD,False,4,2,1,VV→EC
WIKIPEDIA,P3,268,43,115,ALL_MORPH_BOUNDARY_GUARD,1,projected_saved_draft_candidate_at_or_after_rejection,1.0,AT_GUARD,True,4,4,3,VCN→EF
WIKIPEDIA,P3,269,10,19,ALL_MORPH_BOUNDARY_GUARD,1,saved_H3_exact_target_token,,NO_REJECTION,True,4,4,3,VX→EF
WIKIPEDIA,P3,269,20,43,ALL_MORPH_BOUNDARY_GUARD,2,saved_H3_exact_target_token,,NO_REJECTION,True,4,3,2,VX→EF
WIKIPEDIA,P3,269,29,66,ALL_MORPH_BOUNDARY_GUARD,2,saved_H3_exact_target_token,,NO_REJECTION,True,4,3,2,XSV→ETM
WIKIPEDIA,P3,269,36,83,ALL_MORPH_BOUNDARY_GUARD,3,saved_H3_exact_target_token,,NO_REJECTION,True,4,2,1,VCP→EF
WIKIPEDIA,P3,269,44,104,ALL_MORPH_BOUNDARY_GUARD,1,saved_H3_exact_target_token,,NO_REJECTION,True,4,4,3,VX→EF
WIKIPEDIA,P3,270,5,10,ALL_MORPH_BOUNDARY_GUARD,2,saved_H3_exact_target_token,,NO_REJECTION,True,4,3,2,VV→EC
WIKIPEDIA,P3,271,5,17,ALL_MORPH_BOUNDARY_GUARD,1,saved_H3_exact_target_token,,NO_REJECTION,True,4,4,3,VV→EC
WIKIPEDIA,P3,271,11,41,ALL_MORPH_BOUNDARY_GUARD,1,saved_H3_exact_target_token,,NO_REJECTION,True,4,4,3,VV→EC
WIKIPEDIA,P3,271,17,65,ALL_MORPH_BOUNDARY_GUARD,1,saved_H3_exact_target_token,,NO_REJECTION,True,4,4,3,VV→EC
WIKIPEDIA,P3,271,23,89,ALL_MORPH_BOUNDARY_GUARD,1,saved_H3_exact_target_token,,NO_REJECTION,True,4,4,3,VV→EC
WIKIPEDIA,P3,271,29,113,ALL_MORPH_BOUNDARY_GUARD,1,saved_H3_exact_target_token,,NO_REJECTION,True,4,4,3,VV→EC
WIKIPEDIA,P3,272,0,0,NP_BOUNDARY_GUARD,1,projected_saved_draft_candidate_at_or_after_rejection,1.0,AT_GUARD,True,4,4,3,NP→JX
WIKIPEDIA,P3,272,0,0,ALL_MORPH_BOUNDARY_GUARD,1,projected_saved_draft_candidate_at_or_after_rejection,1.0,AT_GUARD,True,4,4,3,NP→JX
WIKIPEDIA,P3,272,4,9,ALL_MORPH_BOUNDARY_GUARD,2,projected_saved_draft_candidate_at_or_after_rejection,1.0,BEFORE_GUARD,False,4,3,2,SSO→SL
WIKIPEDIA,P3,272,5,10,ALL_MORPH_BOUNDARY_GUARD,1,projected_saved_draft_candidate_at_or_after_rejection,1.0,AT_GUARD,True,4,4,3,SSO→SL
WIKIPEDIA,P3,272,6,11,ALL_MORPH_BOUNDARY_GUARD,1,projected_saved_draft_candidate_at_or_after_rejection,1.0,AT_GUARD,True,4,4,3,SSO→SL
WIKIPEDIA,P3,272,8,13,ALL_MORPH_BOUNDARY_GUARD,2,saved_H3_exact_target_token,,NO_REJECTION,True,4,3,2,SSC→SP
WIKIPEDIA,P3,272,15,33,ALL_MORPH_BOUNDARY_GUARD,2,saved_H3_exact_target_token,,NO_REJECTION,True,4,3,2,SSC→SP
WIKIPEDIA,P3,272,22,52,ALL_MORPH_BOUNDARY_GUARD,2,projected_saved_draft_candidate_at_or_after_rejection,3.0,AFTER_GUARD,True,4,3,2,XSV→ETM
WIKIPEDIA,P3,272,26,64,ALL_MORPH_BOUNDARY_GUARD,1,saved_H3_exact_target_token,,NO_REJECTION,True,4,4,3,SSO→SL
WIKIPEDIA,P3,272,29,75,ALL_MORPH_BOUNDARY_GUARD,2,saved_H3_exact_target_token,,NO_REJECTION,True,4,3,2,XSV→ETM
WIKIPEDIA,P3,272,33,87,ALL_MORPH_BOUNDARY_GUARD,2,saved_H3_exact_target_token,,NO_REJECTION,True,4,3,2,SSC→SP
WIKIPEDIA,P3,272,35,95,ALL_MORPH_BOUNDARY_GUARD,2,saved_H3_exact_target_token,,NO_REJECTION,True,4,3,2,XSV→EC
WIKIPEDIA,P3,272,38,107,ALL_MORPH_BOUNDARY_GUARD,2,saved_H3_exact_target_token,,NO_REJECTION,True,4,3,2,SSO→SL
WIKIPEDIA,P3,272,41,119,ALL_MORPH_BOUNDARY_GUARD,2,saved_H3_exact_target_token,,NO_REJECTION,True,4,3,2,XSV→ETM
WIKIPEDIA,P3,273,13,44,NP_BOUNDARY_GUARD,2,projected_saved_draft_candidate_at_or_after_rejection,2.0,AT_GUARD,True,4,3,2,NNG→JKO
WIKIPEDIA,P3,273,13,44,ALL_MORPH_BOUNDARY_GUARD,2,projected_saved_draft_candidate_at_or_after_rejection,2.0,AT_GUARD,True,4,3,2,NNG→JKO
WIKIPEDIA,P3,273,16,49,ALL_MORPH_BOUNDARY_GUARD,3,saved_H3_exact_target_token,,NO_REJECTION,True,4,2,1,XSV→ETM
WIKIPEDIA,P3,273,17,53,ALL_MORPH_BOUNDARY_GUARD,3,saved_H3_exact_target_token,,NO_REJECTION,True,4,2,1,VCP→EF
WIKIPEDIA,P3,273,26,89,ALL_MORPH_BOUNDARY_GUARD,1,saved_H3_exact_target_token,,NO_REJECTION,True,4,4,3,XSV→ETM
WIKIPEDIA,P3,273,27,93,ALL_MORPH_BOUNDARY_GUARD,1,saved_H3_exact_target_token,,NO_REJECTION,True,4,4,3,VCP→EF
WIKIPEDIA,P3,276,6,22,ALL_MORPH_BOUNDARY_GUARD,3,projected_saved_draft_candidate_at_or_after_rejection,2.0,BEFORE_GUARD,False,4,2,1,SS→SL
WIKIPEDIA,P3,276,7,24,ALL_MORPH_BOUNDARY_GUARD,1,saved_H3_exact_target_token,,NO_REJECTION,True,4,4,3,SS→SL
WIKIPEDIA,P3,276,25,78,ALL_MORPH_BOUNDARY_GUARD,2,projected_saved_draft_candidate_at_or_after_rejection,1.0,BEFORE_GUARD,False,4,3,2,SS→SL
WIKIPEDIA,P3,276,33,99,ALL_MORPH_BOUNDARY_GUARD,1,projected_saved_draft_candidate_at_or_after_rejection,2.0,AFTER_GUARD,True,4,4,3,SS→SL
WIKIPEDIA,P3,276,36,107,ALL_MORPH_BOUNDARY_GUARD,2,projected_saved_draft_candidate_at_or_after_rejection,1.0,BEFORE_GUARD,False,4,3,2,SS→SL
WIKIPEDIA,P3,276,39,113,ALL_MORPH_BOUNDARY_GUARD,2,projected_saved_draft_candidate_at_or_after_rejection,1.0,BEFORE_GUARD,False,4,3,2,SS→SL
WIKIPEDIA,P3,277,1,2,ALL_MORPH_BOUNDARY_GUARD,3,projected_saved_draft_candidate_at_or_after_rejection,2.0,BEFORE_GUARD,False,4,2,1,VX→EF
WIKIPEDIA,P3,277,2,4,ALL_MORPH_BOUNDARY_GUARD,1,projected_saved_draft_candidate_at_or_after_rejection,3.0,AFTER_GUARD,True,4,4,3,VX→EF
WIKIPEDIA,P3,277,13,46,ALL_MORPH_BOUNDARY_GUARD,1,saved_H3_exact_target_token,,NO_REJECTION,True,4,4,3,VCP→EC
WIKIPEDIA,P3,277,19,70,ALL_MORPH_BOUNDARY_GUARD,2,saved_H3_exact_target_token,,NO_REJECTION,True,4,3,2,JKB→JX
WIKIPEDIA,P3,277,20,74,ALL_MORPH_BOUNDARY_GUARD,3,saved_H3_exact_target_token,,NO_REJECTION,True,4,2,1,SSO→SSC
WIKIPEDIA,P3,277,24,90,ALL_MORPH_BOUNDARY_GUARD,2,saved_H3_exact_target_token,,NO_REJECTION,True,4,3,2,VCP→ETM
WIKIPEDIA,P3,277,26,98,ALL_MORPH_BOUNDARY_GUARD,1,projected_saved_draft_candidate_at_or_after_rejection,3.0,AFTER_GUARD,True,4,4,3,VX→EF
WIKIPEDIA,P3,278,6,16,ALL_MORPH_BOUNDARY_GUARD,1,projected_saved_draft_candidate_at_or_after_rejection,3.0,AFTER_GUARD,True,4,4,3,VCP→EF
WIKIPEDIA,P3,279,1,4,ALL_MORPH_BOUNDARY_GUARD,3,projected_saved_draft_candidate_at_or_after_rejection,1.0,BEFORE_GUARD,False,4,2,1,XSV→ETN
WIKIPEDIA,P3,279,2,5,ALL_MORPH_BOUNDARY_GUARD,2,projected_saved_draft_candidate_at_or_after_rejection,3.0,AFTER_GUARD,True,4,3,2,XSV→EC
WIKIPEDIA,P3,279,17,49,ALL_MORPH_BOUNDARY_GUARD,3,saved_H3_exact_target_token,,NO_REJECTION,True,4,2,1,XSV→EC
WIKIPEDIA,P3,279,18,53,ALL_MORPH_BOUNDARY_GUARD,2,projected_saved_draft_candidate_at_or_after_rejection,3.0,AFTER_GUARD,True,4,3,2,XSV→ETM
WIKIPEDIA,P3,279,30,93,ALL_MORPH_BOUNDARY_GUARD,3,saved_H3_exact_target_token,,NO_REJECTION,True,4,2,1,XSV→ETM
WIKIPEDIA,P3,279,31,97,ALL_MORPH_BOUNDARY_GUARD,3,saved_H3_exact_target_token,,NO_REJECTION,True,4,2,1,XSV→EP
WIKIPEDIA,P3,279,35,113,ALL_MORPH_BOUNDARY_GUARD,1,saved_H3_exact_target_token,,NO_REJECTION,True,4,4,3,EP→EF
WIKIPEDIA,P3,280,22,49,ALL_MORPH_BOUNDARY_GUARD,1,projected_saved_draft_candidate_at_or_after_rejection,1.0,AT_GUARD,True,4,4,3,VCP→ETM
WIKIPEDIA,P3,280,24,51,ALL_MORPH_BOUNDARY_GUARD,3,projected_saved_draft_candidate_at_or_after_rejection,4.0,AFTER_GUARD,True,4,2,1,VV→EC
WIKIPEDIA,P3,280,32,76,ALL_MORPH_BOUNDARY_GUARD,3,saved_H3_exact_target_token,,NO_REJECTION,True,4,2,1,VX→EC
WIKIPEDIA,P3,282,18,46,NP_BOUNDARY_GUARD,2,projected_saved_draft_candidate_at_or_after_rejection,3.0,AFTER_GUARD,True,4,3,2,NNG→JX
WIKIPEDIA,P3,282,18,46,ALL_MORPH_BOUNDARY_GUARD,2,projected_saved_draft_candidate_at_or_after_rejection,3.0,AFTER_GUARD,True,4,3,2,NNG→JX
WIKIPEDIA,P3,282,37,88,ALL_MORPH_BOUNDARY_GUARD,1,projected_saved_draft_candidate_at_or_after_rejection,1.0,AT_GUARD,True,4,4,3,VCP→EF
WIKIPEDIA,P3,282,38,89,ALL_MORPH_BOUNDARY_GUARD,3,projected_saved_draft_candidate_at_or_after_rejection,3.0,AT_GUARD,True,4,2,1,VCP→EF
WIKIPEDIA,P3,282,39,92,ALL_MORPH_BOUNDARY_GUARD,1,projected_saved_draft_candidate_at_or_after_rejection,3.0,AFTER_GUARD,True,4,4,3,EP→EF
WIKIPEDIA,P3,282,46,113,ALL_MORPH_BOUNDARY_GUARD,3,projected_saved_draft_candidate_at_or_after_rejection,3.0,AT_GUARD,True,4,2,1,XSV→EC
WIKIPEDIA,P3,285,14,29,NP_BOUNDARY_GUARD,1,projected_saved_draft_candidate_at_or_after_rejection,1.0,AT_GUARD,True,4,4,3,NNB→JKS
WIKIPEDIA,P3,285,14,29,ALL_MORPH_BOUNDARY_GUARD,1,projected_saved_draft_candidate_at_or_after_rejection,1.0,AT_GUARD,True,4,4,3,NNB→JKS
WIKIPEDIA,P3,285,34,91,ALL_MORPH_BOUNDARY_GUARD,3,saved_H3_exact_target_token,,NO_REJECTION,True,4,2,1,VCP→EF
WIKIPEDIA,P3,286,6,19,ALL_MORPH_BOUNDARY_GUARD,2,projected_saved_draft_candidate_at_or_after_rejection,1.0,BEFORE_GUARD,False,4,3,2,XSV→ETM
WIKIPEDIA,P3,286,9,27,ALL_MORPH_BOUNDARY_GUARD,2,saved_H3_exact_target_token,,NO_REJECTION,True,4,3,2,VCP→EF
WIKIPEDIA,P3,286,21,70,ALL_MORPH_BOUNDARY_GUARD,3,saved_H3_exact_target_token,,NO_REJECTION,True,4,2,1,VCP→EF
WIKIPEDIA,P3,286,27,94,ALL_MORPH_BOUNDARY_GUARD,1,saved_H3_exact_target_token,,NO_REJECTION,True,4,4,3,VCP→EF
WIKIPEDIA,P3,286,32,114,ALL_MORPH_BOUNDARY_GUARD,3,saved_H3_exact_target_token,,NO_REJECTION,True,4,2,1,VCP→EF
WIKIPEDIA,P3,287,13,29,ALL_MORPH_BOUNDARY_GUARD,1,projected_saved_draft_candidate_at_or_after_rejection,2.0,AFTER_GUARD,True,4,4,3,XSN→JKB
WIKIPEDIA,P3,287,30,72,ALL_MORPH_BOUNDARY_GUARD,2,projected_saved_draft_candidate_at_or_after_rejection,2.0,AT_GUARD,True,4,3,2,XSV→ETM
WIKIPEDIA,P3,287,46,114,ALL_MORPH_BOUNDARY_GUARD,2,saved_H3_exact_target_token,,NO_REJECTION,True,4,3,2,VCP→EF
WIKIPEDIA,P3,289,0,0,ALL_MORPH_BOUNDARY_GUARD,3,projected_saved_draft_candidate_at_or_after_rejection,2.0,BEFORE_GUARD,False,4,2,1,XSN→JKS
WIKIPEDIA,P3,289,17,37,ALL_MORPH_BOUNDARY_GUARD,2,projected_saved_draft_candidate_at_or_after_rejection,1.0,BEFORE_GUARD,False,4,3,2,VA→EF
WIKIPEDIA,P3,289,26,65,ALL_MORPH_BOUNDARY_GUARD,1,saved_H3_exact_target_token,,NO_REJECTION,True,4,4,3,VV→EF
WIKIPEDIA,P3,289,34,97,ALL_MORPH_BOUNDARY_GUARD,1,saved_H3_exact_target_token,,NO_REJECTION,True,4,4,3,VV→EF
WIKIPEDIA,P3,291,4,5,ALL_MORPH_BOUNDARY_GUARD,2,projected_saved_draft_candidate_at_or_after_rejection,3.0,AFTER_GUARD,True,4,3,2,XSV→ETM
WIKIPEDIA,P3,291,5,8,ALL_MORPH_BOUNDARY_GUARD,2,saved_H3_exact_target_token,,NO_REJECTION,True,4,3,2,VCP→EF
WIKIPEDIA,P3,291,20,52,ALL_MORPH_BOUNDARY_GUARD,3,projected_saved_draft_candidate_at_or_after_rejection,1.0,BEFORE_GUARD,False,4,2,1,JKB→JX
WIKIPEDIA,P3,291,27,68,ALL_MORPH_BOUNDARY_GUARD,3,saved_H3_exact_target_token,,NO_REJECTION,True,4,2,1,XSV→ETM
WIKIPEDIA,P3,291,29,74,ALL_MORPH_BOUNDARY_GUARD,3,projected_saved_draft_candidate_at_or_after_rejection,1.0,BEFORE_GUARD,False,4,2,1,VX→EF
WIKIPEDIA,P3,291,33,87,ALL_MORPH_BOUNDARY_GUARD,2,saved_H3_exact_target_token,,NO_REJECTION,True,4,3,2,JKB→JX
WIKIPEDIA,P3,291,37,103,ALL_MORPH_BOUNDARY_GUARD,1,saved_H3_exact_target_token,,NO_REJECTION,True,4,4,3,XSV→ETM
WIKIPEDIA,P3,291,41,119,ALL_MORPH_BOUNDARY_GUARD,3,saved_H3_exact_target_token,,NO_REJECTION,True,4,2,1,JKB→JX
WIKIPEDIA,P3,292,22,66,ALL_MORPH_BOUNDARY_GUARD,3,projected_saved_draft_candidate_at_or_after_rejection,3.0,AT_GUARD,True,4,2,1,XSV→EP
WIKIPEDIA,P3,293,4,11,NP_BOUNDARY_GUARD,3,projected_saved_draft_candidate_at_or_after_rejection,1.0,BEFORE_GUARD,False,4,2,1,NNB→JKB
WIKIPEDIA,P3,293,4,11,ALL_MORPH_BOUNDARY_GUARD,3,projected_saved_draft_candidate_at_or_after_rejection,1.0,BEFORE_GUARD,False,4,2,1,NNB→JKB
WIKIPEDIA,P3,293,8,20,ALL_MORPH_BOUNDARY_GUARD,1,projected_saved_draft_candidate_at_or_after_rejection,3.0,AFTER_GUARD,True,4,4,3,EP→EF
WIKIPEDIA,P3,294,6,18,ALL_MORPH_BOUNDARY_GUARD,2,projected_saved_draft_candidate_at_or_after_rejection,1.0,BEFORE_GUARD,False,4,3,2,EP→EF
WIKIPEDIA,P3,294,9,22,ALL_MORPH_BOUNDARY_GUARD,1,saved_H3_exact_target_token,,NO_REJECTION,True,4,4,3,VCP→EF
WIKIPEDIA,P3,295,17,50,ALL_MORPH_BOUNDARY_GUARD,3,projected_saved_draft_candidate_at_or_after_rejection,2.0,BEFORE_GUARD,False,4,2,1,EP→EF
WIKIPEDIA,P3,297,0,0,ALL_MORPH_BOUNDARY_GUARD,1,projected_saved_draft_candidate_at_or_after_rejection,3.0,AFTER_GUARD,True,4,4,3,VV→ETN
WIKIPEDIA,P3,297,11,25,ALL_MORPH_BOUNDARY_GUARD,1,saved_H3_exact_target_token,,NO_REJECTION,True,4,4,3,VV→EC
WIKIPEDIA,P3,297,24,56,ALL_MORPH_BOUNDARY_GUARD,3,saved_H3_exact_target_token,,NO_REJECTION,True,4,2,1,EP→EF
WIKIPEDIA,P3,297,33,89,ALL_MORPH_BOUNDARY_GUARD,3,projected_saved_draft_candidate_at_or_after_rejection,4.0,AFTER_GUARD,True,4,2,1,EP→EF
WIKIPEDIA,P3,297,39,104,ALL_MORPH_BOUNDARY_GUARD,2,saved_H3_exact_target_token,,NO_REJECTION,True,4,3,2,XSV→ETM
WIKIPEDIA,P3,297,43,118,ALL_MORPH_BOUNDARY_GUARD,2,saved_H3_exact_target_token,,NO_REJECTION,True,4,3,2,XSV→ETM
WIKIPEDIA,P3,299,1,4,ALL_MORPH_BOUNDARY_GUARD,3,projected_saved_draft_candidate_at_or_after_rejection,4.0,AFTER_GUARD,True,4,2,1,SSO→SL
WIKIPEDIA,P3,299,2,8,ALL_MORPH_BOUNDARY_GUARD,2,saved_H3_exact_target_token,,NO_REJECTION,True,4,3,2,SSC→SP
WIKIPEDIA,P3,299,9,29,ALL_MORPH_BOUNDARY_GUARD,1,projected_saved_draft_candidate_at_or_after_rejection,3.0,AFTER_GUARD,True,4,4,3,VCP→EF
WIKIPEDIA,P3,299,19,52,NP_BOUNDARY_GUARD,2,projected_saved_draft_candidate_at_or_after_rejection,4.0,AFTER_GUARD,True,4,3,2,NNG→JX
WIKIPEDIA,P3,299,19,52,ALL_MORPH_BOUNDARY_GUARD,2,projected_saved_draft_candidate_at_or_after_rejection,4.0,AFTER_GUARD,True,4,3,2,NNG→JX
WIKIPEDIA,P3,300,11,21,ALL_MORPH_BOUNDARY_GUARD,2,saved_H3_exact_target_token,,NO_REJECTION,True,4,3,2,XSV→ETM
WIKIPEDIA,P3,300,12,25,ALL_MORPH_BOUNDARY_GUARD,1,projected_saved_draft_candidate_at_or_after_rejection,2.0,AFTER_GUARD,True,4,4,3,XSN→JKG
WIKIPEDIA,P3,300,19,43,ALL_MORPH_BOUNDARY_GUARD,2,projected_saved_draft_candidate_at_or_after_rejection,1.0,BEFORE_GUARD,False,4,3,2,XSN→JKB
WIKIPEDIA,P3,300,24,54,ALL_MORPH_BOUNDARY_GUARD,1,projected_saved_draft_candidate_at_or_after_rejection,2.0,AFTER_GUARD,True,4,4,3,VCN→EC
WIKIPEDIA,P3,300,25,56,ALL_MORPH_BOUNDARY_GUARD,2,projected_saved_draft_candidate_at_or_after_rejection,2.0,AT_GUARD,True,4,3,2,XSN→JKB
WIKIPEDIA,P3,300,26,58,ALL_MORPH_BOUNDARY_GUARD,1,projected_saved_draft_candidate_at_or_after_rejection,1.0,AT_GUARD,True,4,4,3,VA→ETM
WIKIPEDIA,P3,300,28,61,ALL_MORPH_BOUNDARY_GUARD,1,saved_H3_exact_target_token,,NO_REJECTION,True,4,4,3,VX→EF
WIKIPEDIA,P3,301,0,0,ALL_MORPH_BOUNDARY_GUARD,1,saved_H3_exact_target_token,,NO_REJECTION,True,4,4,3,VV→EP
WIKIPEDIA,P3,301,18,33,ALL_MORPH_BOUNDARY_GUARD,1,projected_saved_draft_candidate_at_or_after_rejection,1.0,AT_GUARD,True,4,4,3,VCP→EF
WIKIPEDIA,P3,301,19,34,ALL_MORPH_BOUNDARY_GUARD,3,projected_saved_draft_candidate_at_or_after_rejection,1.0,BEFORE_GUARD,False,4,2,1,EP→EF
WIKIPEDIA,P3,302,4,9,ALL_MORPH_BOUNDARY_GUARD,3,projected_saved_draft_candidate_at_or_after_rejection,1.0,BEFORE_GUARD,False,4,2,1,VV→EC
WIKIPEDIA,P3,302,7,18,NP_BOUNDARY_GUARD,2,projected_saved_draft_candidate_at_or_after_rejection,4.0,AFTER_GUARD,True,4,3,2,NNG→JKS
WIKIPEDIA,P3,302,7,18,ALL_MORPH_BOUNDARY_GUARD,2,projected_saved_draft_candidate_at_or_after_rejection,4.0,AFTER_GUARD,True,4,3,2,NNG→JKS
WIKIPEDIA,P3,302,37,121,ALL_MORPH_BOUNDARY_GUARD,2,projected_saved_draft_candidate_at_or_after_rejection,1.0,BEFORE_GUARD,False,4,3,2,VV→EC
WIKIPEDIA,P3,302,39,123,ALL_MORPH_BOUNDARY_GUARD,3,projected_saved_draft_candidate_at_or_after_rejection,1.0,BEFORE_GUARD,False,4,2,1,VV→EC
WIKIPEDIA,P3,303,7,23,ALL_MORPH_BOUNDARY_GUARD,1,projected_saved_draft_candidate_at_or_after_rejection,3.0,AFTER_GUARD,True,4,4,3,NNG→VCP
WIKIPEDIA,P3,303,17,45,ALL_MORPH_BOUNDARY_GUARD,1,saved_H3_exact_target_token,,NO_REJECTION,True,4,4,3,XSV→EF
WIKIPEDIA,P3,303,22,59,ALL_MORPH_BOUNDARY_GUARD,2,projected_saved_draft_candidate_at_or_after_rejection,1.0,BEFORE_GUARD,False,4,3,2,XSV→EC
WIKIPEDIA,P3,303,23,60,ALL_MORPH_BOUNDARY_GUARD,1,projected_saved_draft_candidate_at_or_after_rejection,4.0,AFTER_GUARD,True,4,4,3,XSV→EC
WIKIPEDIA,P3,303,38,102,ALL_MORPH_BOUNDARY_GUARD,2,projected_saved_draft_candidate_at_or_after_rejection,3.0,AFTER_GUARD,True,4,3,2,VV→ETM
WIKIPEDIA,P3,303,39,105,ALL_MORPH_BOUNDARY_GUARD,3,projected_saved_draft_candidate_at_or_after_rejection,2.0,BEFORE_GUARD,False,4,2,1,VA→EF
WIKIPEDIA,P3,303,43,117,ALL_MORPH_BOUNDARY_GUARD,3,projected_saved_draft_candidate_at_or_after_rejection,3.0,AT_GUARD,True,4,2,1,VA→EF
WIKIPEDIA,P3,303,44,120,ALL_MORPH_BOUNDARY_GUARD,2,projected_saved_draft_candidate_at_or_after_rejection,4.0,AFTER_GUARD,True,4,3,2,XSA→EF
WIKIPEDIA,P3,304,0,0,ALL_MORPH_BOUNDARY_GUARD,2,projected_saved_draft_candidate_at_or_after_rejection,4.0,AFTER_GUARD,True,4,3,2,VX→EF
WIKIPEDIA,P3,304,15,34,ALL_MORPH_BOUNDARY_GUARD,1,projected_saved_draft_candidate_at_or_after_rejection,3.0,AFTER_GUARD,True,4,4,3,EP→EF
WIKIPEDIA,P3,306,6,14,NP_BOUNDARY_GUARD,1,projected_saved_draft_candidate_at_or_after_rejection,2.0,AFTER_GUARD,True,4,4,3,NNG→JKO
WIKIPEDIA,P3,306,6,14,ALL_MORPH_BOUNDARY_GUARD,1,projected_saved_draft_candidate_at_or_after_rejection,2.0,AFTER_GUARD,True,4,4,3,NNG→JKO
WIKIPEDIA,P3,306,27,71,ALL_MORPH_BOUNDARY_GUARD,1,projected_saved_draft_candidate_at_or_after_rejection,2.0,AFTER_GUARD,True,4,4,3,VX→EF
WIKIPEDIA,P3,306,40,111,NP_BOUNDARY_GUARD,1,projected_saved_draft_candidate_at_or_after_rejection,4.0,AFTER_GUARD,True,4,4,3,NNG→JKO
WIKIPEDIA,P3,306,40,111,ALL_MORPH_BOUNDARY_GUARD,1,projected_saved_draft_candidate_at_or_after_rejection,4.0,AFTER_GUARD,True,4,4,3,NNG→JKO
WIKIPEDIA,P3,308,9,27,ALL_MORPH_BOUNDARY_GUARD,3,projected_saved_draft_candidate_at_or_after_rejection,1.0,BEFORE_GUARD,False,4,2,1,XSN→JKB
WIKIPEDIA,P3,308,10,28,ALL_MORPH_BOUNDARY_GUARD,2,projected_saved_draft_candidate_at_or_after_rejection,4.0,AFTER_GUARD,True,4,3,2,XSV→ETM
WIKIPEDIA,P3,308,12,33,NP_BOUNDARY_GUARD,1,projected_saved_draft_candidate_at_or_after_rejection,3.0,AFTER_GUARD,True,4,4,3,NNG→JKO
WIKIPEDIA,P3,308,12,33,ALL_MORPH_BOUNDARY_GUARD,1,projected_saved_draft_candidate_at_or_after_rejection,3.0,AFTER_GUARD,True,4,4,3,NNG→JKO
WIKIPEDIA,P3,308,27,83,ALL_MORPH_BOUNDARY_GUARD,2,projected_saved_draft_candidate_at_or_after_rejection,4.0,AFTER_GUARD,True,4,3,2,XSV→EC
WIKIPEDIA,P3,308,32,97,ALL_MORPH_BOUNDARY_GUARD,3,projected_saved_draft_candidate_at_or_after_rejection,3.0,AT_GUARD,True,4,2,1,XSV→ETM
WIKIPEDIA,P3,308,40,112,ALL_MORPH_BOUNDARY_GUARD,1,projected_saved_draft_candidate_at_or_after_rejection,1.0,AT_GUARD,True,4,4,3,VX→EC
WIKIPEDIA,P3,308,43,119,ALL_MORPH_BOUNDARY_GUARD,3,projected_saved_draft_candidate_at_or_after_rejection,1.0,BEFORE_GUARD,False,4,2,1,JKB→JX
WIKIPEDIA,P3,308,45,121,ALL_MORPH_BOUNDARY_GUARD,1,saved_H3_exact_target_token,,NO_REJECTION,True,4,4,3,JKB→JX
WIKIPEDIA,P3,309,3,6,ALL_MORPH_BOUNDARY_GUARD,2,saved_H3_exact_target_token,,NO_REJECTION,True,4,3,2,XSV→EC
WIKIPEDIA,P3,309,16,46,NP_BOUNDARY_GUARD,3,saved_H3_exact_target_token,,NO_REJECTION,True,4,2,1,NNG→JKO
WIKIPEDIA,P3,309,16,46,ALL_MORPH_BOUNDARY_GUARD,3,saved_H3_exact_target_token,,NO_REJECTION,True,4,2,1,NNG→JKO
WIKIPEDIA,P3,309,17,50,ALL_MORPH_BOUNDARY_GUARD,3,saved_H3_exact_target_token,,NO_REJECTION,True,4,2,1,XSV→ETM
WIKIPEDIA,P3,309,23,74,ALL_MORPH_BOUNDARY_GUARD,1,saved_H3_exact_target_token,,NO_REJECTION,True,4,4,3,XSN→JKO
WIKIPEDIA,P3,309,24,78,ALL_MORPH_BOUNDARY_GUARD,1,saved_H3_exact_target_token,,NO_REJECTION,True,4,4,3,XSV→ETM
WIKIPEDIA,P3,309,28,93,NP_BOUNDARY_GUARD,2,projected_saved_draft_candidate_at_or_after_rejection,3.0,AFTER_GUARD,True,4,3,2,NNG→JX
WIKIPEDIA,P3,309,28,93,ALL_MORPH_BOUNDARY_GUARD,2,projected_saved_draft_candidate_at_or_after_rejection,3.0,AFTER_GUARD,True,4,3,2,NNG→JX
WIKIPEDIA,P3,309,35,119,NP_BOUNDARY_GUARD,2,saved_H3_exact_target_token,,NO_REJECTION,True,4,3,2,NNG→JX
WIKIPEDIA,P3,309,35,119,ALL_MORPH_BOUNDARY_GUARD,2,saved_H3_exact_target_token,,NO_REJECTION,True,4,3,2,NNG→JX
WIKIPEDIA,P3,310,4,4,ALL_MORPH_BOUNDARY_GUARD,1,saved_H3_exact_target_token,,NO_REJECTION,True,4,4,3,EP→EF
WIKIPEDIA,P3,310,11,24,ALL_MORPH_BOUNDARY_GUARD,2,projected_saved_draft_candidate_at_or_after_rejection,1.0,BEFORE_GUARD,False,4,3,2,XSV→EP
WIKIPEDIA,P3,310,12,25,ALL_MORPH_BOUNDARY_GUARD,2,projected_saved_draft_candidate_at_or_after_rejection,1.0,BEFORE_GUARD,False,4,3,2,XSV→EP
WIKIPEDIA,P3,311,1,1,ALL_MORPH_BOUNDARY_GUARD,2,saved_H3_exact_target_token,,NO_REJECTION,True,4,3,2,XSV→EC
WIKIPEDIA,P3,311,20,59,ALL_MORPH_BOUNDARY_GUARD,3,saved_H3_exact_target_token,,NO_REJECTION,True,4,2,1,XSV→ETM
WIKIPEDIA,P3,311,22,67,ALL_MORPH_BOUNDARY_GUARD,2,saved_H3_exact_target_token,,NO_REJECTION,True,4,3,2,XSV→ETM
WIKIPEDIA,P3,311,27,87,ALL_MORPH_BOUNDARY_GUARD,2,saved_H3_exact_target_token,,NO_REJECTION,True,4,3,2,XSV→ETM
WIKIPEDIA,P3,311,29,95,ALL_MORPH_BOUNDARY_GUARD,1,saved_H3_exact_target_token,,NO_REJECTION,True,4,4,3,XSV→ETM
WIKIPEDIA,P3,311,34,115,ALL_MORPH_BOUNDARY_GUARD,1,saved_H3_exact_target_token,,NO_REJECTION,True,4,4,3,XSV→ETM
WIKIPEDIA,P3,312,13,33,ALL_MORPH_BOUNDARY_GUARD,2,projected_saved_draft_candidate_at_or_after_rejection,1.0,BEFORE_GUARD,False,4,3,2,XSN→JKB
WIKIPEDIA,P3,312,17,44,ALL_MORPH_BOUNDARY_GUARD,1,projected_saved_draft_candidate_at_or_after_rejection,1.0,AT_GUARD,True,4,4,3,VA→ETM
WIKIPEDIA,P3,312,26,67,ALL_MORPH_BOUNDARY_GUARD,1,projected_saved_draft_candidate_at_or_after_rejection,2.0,AFTER_GUARD,True,4,4,3,JKB→JX
WIKIPEDIA,P3,312,32,84,ALL_MORPH_BOUNDARY_GUARD,3,projected_saved_draft_candidate_at_or_after_rejection,3.0,AT_GUARD,True,4,2,1,XSN→JKG
WIKIPEDIA,P3,312,35,91,NP_BOUNDARY_GUARD,1,projected_saved_draft_candidate_at_or_after_rejection,2.0,AFTER_GUARD,True,4,4,3,NNG→JKO
WIKIPEDIA,P3,312,35,91,ALL_MORPH_BOUNDARY_GUARD,1,projected_saved_draft_candidate_at_or_after_rejection,2.0,AFTER_GUARD,True,4,4,3,NNG→JKO
WIKIPEDIA,P3,312,40,106,ALL_MORPH_BOUNDARY_GUARD,1,saved_H3_exact_target_token,,NO_REJECTION,True,4,4,3,JKB→JX
WIKIPEDIA,P3,312,42,114,NP_BOUNDARY_GUARD,1,projected_saved_draft_candidate_at_or_after_rejection,1.0,AT_GUARD,True,4,4,3,NNG→JKO
WIKIPEDIA,P3,312,42,114,ALL_MORPH_BOUNDARY_GUARD,1,projected_saved_draft_candidate_at_or_after_rejection,1.0,AT_GUARD,True,4,4,3,NNG→JKO
WIKIPEDIA,P3,315,4,10,ALL_MORPH_BOUNDARY_GUARD,1,projected_saved_draft_candidate_at_or_after_rejection,4.0,AFTER_GUARD,True,4,4,3,JKB→JX
WIKIPEDIA,P3,315,6,15,ALL_MORPH_BOUNDARY_GUARD,2,projected_saved_draft_candidate_at_or_after_rejection,1.0,BEFORE_GUARD,False,4,3,2,XSV→EC
WIKIPEDIA,P3,315,19,44,ALL_MORPH_BOUNDARY_GUARD,2,saved_H3_exact_target_token,,NO_REJECTION,True,4,3,2,XSV→EC
WIKIPEDIA,P3,315,25,68,ALL_MORPH_BOUNDARY_GUARD,1,saved_H3_exact_target_token,,NO_REJECTION,True,4,4,3,JKB→JX
WIKIPEDIA,P3,315,26,72,ALL_MORPH_BOUNDARY_GUARD,3,saved_H3_exact_target_token,,NO_REJECTION,True,4,2,1,XSV→EC
WIKIPEDIA,P3,315,32,96,ALL_MORPH_BOUNDARY_GUARD,2,saved_H3_exact_target_token,,NO_REJECTION,True,4,3,2,JKB→JX
WIKIPEDIA,P3,315,39,124,ALL_MORPH_BOUNDARY_GUARD,3,saved_H3_exact_target_token,,NO_REJECTION,True,4,2,1,JKB→JX
WIKIPEDIA,P3,316,0,0,NP_BOUNDARY_GUARD,1,projected_saved_draft_candidate_at_or_after_rejection,2.0,AFTER_GUARD,True,4,4,3,NNG→JKB
WIKIPEDIA,P3,316,0,0,ALL_MORPH_BOUNDARY_GUARD,1,projected_saved_draft_candidate_at_or_after_rejection,2.0,AFTER_GUARD,True,4,4,3,NNG→JKB
WIKIPEDIA,P3,318,7,19,ALL_MORPH_BOUNDARY_GUARD,3,projected_saved_draft_candidate_at_or_after_rejection,3.0,AT_GUARD,True,4,2,1,XSV→EC
WIKIPEDIA,P3,318,16,50,ALL_MORPH_BOUNDARY_GUARD,1,projected_saved_draft_candidate_at_or_after_rejection,3.0,AFTER_GUARD,True,4,4,3,VA→EF
WIKIPEDIA,P3,321,36,83,ALL_MORPH_BOUNDARY_GUARD,2,projected_saved_draft_candidate_at_or_after_rejection,2.0,AT_GUARD,True,4,3,2,XSV→EP
WIKIPEDIA,P3,321,45,108,ALL_MORPH_BOUNDARY_GUARD,3,projected_saved_draft_candidate_at_or_after_rejection,1.0,BEFORE_GUARD,False,4,2,1,JKB→JX
WIKIPEDIA,P3,321,46,109,ALL_MORPH_BOUNDARY_GUARD,2,projected_saved_draft_candidate_at_or_after_rejection,3.0,AFTER_GUARD,True,4,3,2,JKB→JX
WIKIPEDIA,P3,321,49,115,ALL_MORPH_BOUNDARY_GUARD,1,saved_H3_exact_target_token,,NO_REJECTION,True,4,4,3,XSV→EC
WIKIPEDIA,P3,321,51,123,ALL_MORPH_BOUNDARY_GUARD,3,projected_saved_draft_candidate_at_or_after_rejection,4.0,AFTER_GUARD,True,4,2,1,JKB→JX
WIKIPEDIA,P3,322,30,98,ALL_MORPH_BOUNDARY_GUARD,2,projected_saved_draft_candidate_at_or_after_rejection,2.0,AT_GUARD,True,4,3,2,XSV→EP
WIKIPEDIA,P3,324,7,13,ALL_MORPH_BOUNDARY_GUARD,2,saved_H3_exact_target_token,,NO_REJECTION,True,4,3,2,XSV→ETM
WIKIPEDIA,P3,324,8,17,ALL_MORPH_BOUNDARY_GUARD,1,projected_saved_draft_candidate_at_or_after_rejection,1.0,AT_GUARD,True,4,4,3,VCP→EF
WIKIPEDIA,P3,324,12,25,ALL_MORPH_BOUNDARY_GUARD,1,projected_saved_draft_candidate_at_or_after_rejection,2.0,AFTER_GUARD,True,4,4,3,XSN→JKB
WIKIPEDIA,P3,324,14,29,ALL_MORPH_BOUNDARY_GUARD,1,projected_saved_draft_candidate_at_or_after_rejection,3.0,AFTER_GUARD,True,4,4,3,VX→EF
WIKIPEDIA,P3,324,22,50,ALL_MORPH_BOUNDARY_GUARD,1,projected_saved_draft_candidate_at_or_after_rejection,3.0,AFTER_GUARD,True,4,4,3,SSC→SP
WIKIPEDIA,P3,324,24,54,ALL_MORPH_BOUNDARY_GUARD,2,projected_saved_draft_candidate_at_or_after_rejection,4.0,AFTER_GUARD,True,4,3,2,SSC→SP
WIKIPEDIA,P3,324,25,58,ALL_MORPH_BOUNDARY_GUARD,3,projected_saved_draft_candidate_at_or_after_rejection,1.0,BEFORE_GUARD,False,4,2,1,SSC→SP
WIKIPEDIA,P3,324,26,59,ALL_MORPH_BOUNDARY_GUARD,3,projected_saved_draft_candidate_at_or_after_rejection,3.0,AT_GUARD,True,4,2,1,SSC→SP
WIKIPEDIA,P3,324,27,62,ALL_MORPH_BOUNDARY_GUARD,3,saved_H3_exact_target_token,,NO_REJECTION,True,4,2,1,VV→EF
WIKIPEDIA,P3,324,29,67,ALL_MORPH_BOUNDARY_GUARD,3,saved_H3_exact_target_token,,NO_REJECTION,True,4,2,1,XSN→JX
WIKIPEDIA,P3,324,34,84,ALL_MORPH_BOUNDARY_GUARD,1,projected_saved_draft_candidate_at_or_after_rejection,1.0,AT_GUARD,True,4,4,3,XSN→JKB
WIKIPEDIA,P3,324,35,85,ALL_MORPH_BOUNDARY_GUARD,3,projected_saved_draft_candidate_at_or_after_rejection,1.0,BEFORE_GUARD,False,4,2,1,XSV→EC
WIKIPEDIA,P3,324,36,86,ALL_MORPH_BOUNDARY_GUARD,3,projected_saved_draft_candidate_at_or_after_rejection,1.0,BEFORE_GUARD,False,4,2,1,VX→EF
WIKIPEDIA,P3,324,44,111,ALL_MORPH_BOUNDARY_GUARD,3,projected_saved_draft_candidate_at_or_after_rejection,1.0,BEFORE_GUARD,False,4,2,1,XSV→ETM
WIKIPEDIA,P3,324,45,112,ALL_MORPH_BOUNDARY_GUARD,1,projected_saved_draft_candidate_at_or_after_rejection,1.0,AT_GUARD,True,4,4,3,XSN→JKB
WIKIPEDIA,P3,325,1,4,ALL_MORPH_BOUNDARY_GUARD,1,saved_H3_exact_target_token,,NO_REJECTION,True,4,4,3,XSV→ETM
WIKIPEDIA,P3,325,5,19,ALL_MORPH_BOUNDARY_GUARD,2,saved_H3_exact_target_token,,NO_REJECTION,True,4,3,2,XSV→ETM
WIKIPEDIA,P3,325,9,35,ALL_MORPH_BOUNDARY_GUARD,2,saved_H3_exact_target_token,,NO_REJECTION,True,4,3,2,XSV→ETM
WIKIPEDIA,P3,325,13,51,ALL_MORPH_BOUNDARY_GUARD,2,saved_H3_exact_target_token,,NO_REJECTION,True,4,3,2,XSV→ETM
WIKIPEDIA,P3,325,17,67,ALL_MORPH_BOUNDARY_GUARD,2,saved_H3_exact_target_token,,NO_REJECTION,True,4,3,2,XSV→ETM
WIKIPEDIA,P3,325,21,83,ALL_MORPH_BOUNDARY_GUARD,2,saved_H3_exact_target_token,,NO_REJECTION,True,4,3,2,XSV→ETM
WIKIPEDIA,P3,325,25,99,ALL_MORPH_BOUNDARY_GUARD,2,saved_H3_exact_target_token,,NO_REJECTION,True,4,3,2,XSV→ETM
WIKIPEDIA,P3,325,29,115,ALL_MORPH_BOUNDARY_GUARD,2,saved_H3_exact_target_token,,NO_REJECTION,True,4,3,2,XSV→ETM
WIKIPEDIA,P3,326,1,1,ALL_MORPH_BOUNDARY_GUARD,1,projected_saved_draft_candidate_at_or_after_rejection,1.0,AT_GUARD,True,4,4,3,VCP→EF
WIKIPEDIA,P3,326,5,6,ALL_MORPH_BOUNDARY_GUARD,3,saved_H3_exact_target_token,,NO_REJECTION,True,4,2,1,VCP→EF
WIKIPEDIA,P3,326,9,21,ALL_MORPH_BOUNDARY_GUARD,3,saved_H3_exact_target_token,,NO_REJECTION,True,4,2,1,VCP→EF
WIKIPEDIA,P3,326,12,32,NP_BOUNDARY_GUARD,1,saved_H3_exact_target_token,,NO_REJECTION,True,4,4,3,NNG→JKG
WIKIPEDIA,P3,326,12,32,ALL_MORPH_BOUNDARY_GUARD,1,saved_H3_exact_target_token,,NO_REJECTION,True,4,4,3,NNG→JKG
WIKIPEDIA,P3,326,13,36,ALL_MORPH_BOUNDARY_GUARD,1,saved_H3_exact_target_token,,NO_REJECTION,True,4,4,3,VCP→EF
WIKIPEDIA,P3,326,18,47,ALL_MORPH_BOUNDARY_GUARD,1,saved_H3_exact_target_token,,NO_REJECTION,True,4,4,3,VCP→EF
WIKIPEDIA,P3,326,22,60,ALL_MORPH_BOUNDARY_GUARD,1,saved_H3_exact_target_token,,NO_REJECTION,True,4,4,3,VCP→EF
WIKIPEDIA,P3,326,26,74,ALL_MORPH_BOUNDARY_GUARD,1,saved_H3_exact_target_token,,NO_REJECTION,True,4,4,3,VCP→EF
WIKIPEDIA,P3,326,29,86,ALL_MORPH_BOUNDARY_GUARD,2,saved_H3_exact_target_token,,NO_REJECTION,True,4,3,2,VCP→EF
WIKIPEDIA,P3,326,36,114,ALL_MORPH_BOUNDARY_GUARD,1,saved_H3_exact_target_token,,NO_REJECTION,True,4,4,3,VCP→EF
WIKIPEDIA,P3,328,3,4,ALL_MORPH_BOUNDARY_GUARD,3,projected_saved_draft_candidate_at_or_after_rejection,1.0,BEFORE_GUARD,False,4,2,1,XSV→EC
WIKIPEDIA,P3,328,4,5,ALL_MORPH_BOUNDARY_GUARD,1,projected_saved_draft_candidate_at_or_after_rejection,1.0,AT_GUARD,True,4,4,3,XSV→EC
WIKIPEDIA,P3,328,12,23,ALL_MORPH_BOUNDARY_GUARD,2,projected_saved_draft_candidate_at_or_after_rejection,2.0,AT_GUARD,True,4,3,2,XSV→EC
WIKIPEDIA,P3,328,14,27,ALL_MORPH_BOUNDARY_GUARD,1,projected_saved_draft_candidate_at_or_after_rejection,2.0,AFTER_GUARD,True,4,4,3,ETN→JX
WIKIPEDIA,P3,328,19,40,ALL_MORPH_BOUNDARY_GUARD,3,saved_H3_exact_target_token,,NO_REJECTION,True,4,2,1,ETN→JX
WIKIPEDIA,P3,328,23,56,ALL_MORPH_BOUNDARY_GUARD,2,saved_H3_exact_target_token,,NO_REJECTION,True,4,3,2,XSV→ETM
WIKIPEDIA,P3,328,24,60,ALL_MORPH_BOUNDARY_GUARD,1,saved_H3_exact_target_token,,NO_REJECTION,True,4,4,3,ETN→JX
WIKIPEDIA,P3,328,27,72,ALL_MORPH_BOUNDARY_GUARD,1,saved_H3_exact_target_token,,NO_REJECTION,True,4,4,3,XSV→ETM
WIKIPEDIA,P3,328,31,88,ALL_MORPH_BOUNDARY_GUARD,3,saved_H3_exact_target_token,,NO_REJECTION,True,4,2,1,XSV→ETM
WIKIPEDIA,P3,328,32,92,ALL_MORPH_BOUNDARY_GUARD,2,saved_H3_exact_target_token,,NO_REJECTION,True,4,3,2,ETN→JX
WIKIPEDIA,P3,328,35,104,ALL_MORPH_BOUNDARY_GUARD,2,saved_H3_exact_target_token,,NO_REJECTION,True,4,3,2,XSV→ETM
WIKIPEDIA,P3,328,36,108,ALL_MORPH_BOUNDARY_GUARD,1,saved_H3_exact_target_token,,NO_REJECTION,True,4,4,3,ETN→JX
WIKIPEDIA,P3,328,40,124,ALL_MORPH_BOUNDARY_GUARD,3,saved_H3_exact_target_token,,NO_REJECTION,True,4,2,1,ETN→JX
WIKIPEDIA,P3,329,1,4,ALL_MORPH_BOUNDARY_GUARD,3,projected_saved_draft_candidate_at_or_after_rejection,1.0,BEFORE_GUARD,False,4,2,1,XSV→ETM
WIKIPEDIA,P3,329,5,10,ALL_MORPH_BOUNDARY_GUARD,3,projected_saved_draft_candidate_at_or_after_rejection,3.0,AT_GUARD,True,4,2,1,XSV→EC
WIKIPEDIA,P3,329,6,13,ALL_MORPH_BOUNDARY_GUARD,1,projected_saved_draft_candidate_at_or_after_rejection,1.0,AT_GUARD,True,4,4,3,VX→EF
WIKIPEDIA,P3,329,7,14,ALL_MORPH_BOUNDARY_GUARD,3,saved_H3_exact_target_token,,NO_REJECTION,True,4,2,1,VA→EF
WIKIPEDIA,P3,329,40,112,ALL_MORPH_BOUNDARY_GUARD,1,saved_H3_exact_target_token,,NO_REJECTION,True,4,4,3,XSV→EC
WIKIPEDIA,P3,329,42,120,ALL_MORPH_BOUNDARY_GUARD,3,projected_saved_draft_candidate_at_or_after_rejection,4.0,AFTER_GUARD,True,4,2,1,VCP→EF
WIKIPEDIA,P3,330,2,5,ALL_MORPH_BOUNDARY_GUARD,2,saved_H3_exact_target_token,,NO_REJECTION,True,4,3,2,XSV→ETM
WIKIPEDIA,P3,330,4,13,ALL_MORPH_BOUNDARY_GUARD,2,saved_H3_exact_target_token,,NO_REJECTION,True,4,3,2,XSV→ETM
WIKIPEDIA,P3,330,8,29,ALL_MORPH_BOUNDARY_GUARD,3,saved_H3_exact_target_token,,NO_REJECTION,True,4,2,1,XSV→ETM
WIKIPEDIA,P3,330,13,49,ALL_MORPH_BOUNDARY_GUARD,3,saved_H3_exact_target_token,,NO_REJECTION,True,4,2,1,XSV→ETM
WIKIPEDIA,P3,330,19,68,ALL_MORPH_BOUNDARY_GUARD,3,projected_saved_draft_candidate_at_or_after_rejection,3.0,AT_GUARD,True,4,2,1,XSV→ETM
WIKIPEDIA,P3,330,29,91,ALL_MORPH_BOUNDARY_GUARD,1,projected_saved_draft_candidate_at_or_after_rejection,2.0,AFTER_GUARD,True,4,4,3,XSV→ETM
WIKIPEDIA,P3,330,40,123,ALL_MORPH_BOUNDARY_GUARD,1,saved_H3_exact_target_token,,NO_REJECTION,True,4,4,3,XSV→ETM
WIKIPEDIA,P3,331,0,0,ALL_MORPH_BOUNDARY_GUARD,2,projected_saved_draft_candidate_at_or_after_rejection,3.0,AFTER_GUARD,True,4,3,2,VV→ETM
WIKIPEDIA,P3,331,1,3,ALL_MORPH_BOUNDARY_GUARD,1,projected_saved_draft_candidate_at_or_after_rejection,3.0,AFTER_GUARD,True,4,4,3,VCN→EC
WIKIPEDIA,P3,331,8,26,ALL_MORPH_BOUNDARY_GUARD,3,saved_H3_exact_target_token,,NO_REJECTION,True,4,2,1,XSV→ETM
WIKIPEDIA,P3,331,11,38,ALL_MORPH_BOUNDARY_GUARD,2,projected_saved_draft_candidate_at_or_after_rejection,4.0,AFTER_GUARD,True,4,3,2,XSV→ETM
WIKIPEDIA,P3,331,31,98,ALL_MORPH_BOUNDARY_GUARD,3,saved_H3_exact_target_token,,NO_REJECTION,True,4,2,1,XSV→EP
WIKIPEDIA,P3,332,0,0,ALL_MORPH_BOUNDARY_GUARD,3,projected_saved_draft_candidate_at_or_after_rejection,1.0,BEFORE_GUARD,False,4,2,1,VCP→EF
WIKIPEDIA,P3,332,1,1,ALL_MORPH_BOUNDARY_GUARD,3,saved_H3_exact_target_token,,NO_REJECTION,True,4,2,1,VCP→EF
WIKIPEDIA,P3,332,10,27,ALL_MORPH_BOUNDARY_GUARD,2,projected_saved_draft_candidate_at_or_after_rejection,3.0,AFTER_GUARD,True,4,3,2,XSV→ETM
WIKIPEDIA,P3,332,11,30,ALL_MORPH_BOUNDARY_GUARD,3,saved_H3_exact_target_token,,NO_REJECTION,True,4,2,1,VCP→EF
WIKIPEDIA,P3,332,17,48,ALL_MORPH_BOUNDARY_GUARD,3,saved_H3_exact_target_token,,NO_REJECTION,True,4,2,1,XSV→EC
WIKIPEDIA,P3,332,27,76,NP_BOUNDARY_GUARD,3,projected_saved_draft_candidate_at_or_after_rejection,3.0,AT_GUARD,True,4,2,1,NNB→JKO
WIKIPEDIA,P3,332,27,76,ALL_MORPH_BOUNDARY_GUARD,3,projected_saved_draft_candidate_at_or_after_rejection,3.0,AT_GUARD,True,4,2,1,NNB→JKO
WIKIPEDIA,P3,332,28,79,ALL_MORPH_BOUNDARY_GUARD,2,projected_saved_draft_candidate_at_or_after_rejection,1.0,BEFORE_GUARD,False,4,3,2,XSV→ETM
WIKIPEDIA,P3,332,34,98,ALL_MORPH_BOUNDARY_GUARD,1,saved_H3_exact_target_token,,NO_REJECTION,True,4,4,3,XSV→EC
WIKIPEDIA,P3,333,2,7,ALL_MORPH_BOUNDARY_GUARD,1,projected_saved_draft_candidate_at_or_after_rejection,1.0,AT_GUARD,True,4,4,3,VX→EF
WIKIPEDIA,P3,333,11,39,ALL_MORPH_BOUNDARY_GUARD,1,saved_H3_exact_target_token,,NO_REJECTION,True,4,4,3,VX→EF
WIKIPEDIA,P3,333,22,77,ALL_MORPH_BOUNDARY_GUARD,3,saved_H3_exact_target_token,,NO_REJECTION,True,4,2,1,XSV→ETM
WIKIPEDIA,P3,333,27,97,ALL_MORPH_BOUNDARY_GUARD,3,saved_H3_exact_target_token,,NO_REJECTION,True,4,2,1,XSV→ETM
WIKIPEDIA,P3,333,32,117,ALL_MORPH_BOUNDARY_GUARD,3,saved_H3_exact_target_token,,NO_REJECTION,True,4,2,1,XSV→ETM
WIKIPEDIA,P3,334,2,5,ALL_MORPH_BOUNDARY_GUARD,3,projected_saved_draft_candidate_at_or_after_rejection,1.0,BEFORE_GUARD,False,4,2,1,XSN→JKB
WIKIPEDIA,P3,334,3,6,ALL_MORPH_BOUNDARY_GUARD,2,projected_saved_draft_candidate_at_or_after_rejection,1.0,BEFORE_GUARD,False,4,3,2,XSN→JKB
WIKIPEDIA,P3,334,18,42,ALL_MORPH_BOUNDARY_GUARD,2,saved_H3_exact_target_token,,NO_REJECTION,True,4,3,2,XSV→EC
WIKIPEDIA,P3,334,25,70,ALL_MORPH_BOUNDARY_GUARD,3,saved_H3_exact_target_token,,NO_REJECTION,True,4,2,1,XSV→EC
WIKIPEDIA,P3,335,7,24,ALL_MORPH_BOUNDARY_GUARD,1,projected_saved_draft_candidate_at_or_after_rejection,1.0,AT_GUARD,True,4,4,3,XSN→JKB
WIKIPEDIA,P3,335,24,64,NP_BOUNDARY_GUARD,2,projected_saved_draft_candidate_at_or_after_rejection,2.0,AT_GUARD,True,4,3,2,NNB→JKB
WIKIPEDIA,P3,335,24,64,ALL_MORPH_BOUNDARY_GUARD,2,projected_saved_draft_candidate_at_or_after_rejection,2.0,AT_GUARD,True,4,3,2,NNB→JKB
WIKIPEDIA,P3,336,16,59,ALL_MORPH_BOUNDARY_GUARD,1,saved_H3_exact_target_token,,NO_REJECTION,True,4,4,3,XSN→JKB
WIKIPEDIA,P3,336,30,109,NP_BOUNDARY_GUARD,2,projected_saved_draft_candidate_at_or_after_rejection,3.0,AFTER_GUARD,True,4,3,2,NNG→JX
WIKIPEDIA,P3,336,30,109,ALL_MORPH_BOUNDARY_GUARD,2,projected_saved_draft_candidate_at_or_after_rejection,3.0,AFTER_GUARD,True,4,3,2,NNG→JX
WIKIPEDIA,P3,336,36,125,ALL_MORPH_BOUNDARY_GUARD,2,projected_saved_draft_candidate_at_or_after_rejection,2.0,AT_GUARD,True,3,2,1,XSN→JKB
WIKIPEDIA,P3,337,0,0,ALL_MORPH_BOUNDARY_GUARD,3,projected_saved_draft_candidate_at_or_after_rejection,2.0,BEFORE_GUARD,False,4,2,1,XSV→EC
WIKIPEDIA,P3,337,2,3,ALL_MORPH_BOUNDARY_GUARD,1,projected_saved_draft_candidate_at_or_after_rejection,3.0,AFTER_GUARD,True,4,4,3,VCN→EC
WIKIPEDIA,P3,337,17,53,ALL_MORPH_BOUNDARY_GUARD,3,projected_saved_draft_candidate_at_or_after_rejection,2.0,BEFORE_GUARD,False,4,2,1,XSV→ETM
WIKIPEDIA,P3,338,1,1,ALL_MORPH_BOUNDARY_GUARD,3,projected_saved_draft_candidate_at_or_after_rejection,1.0,BEFORE_GUARD,False,4,2,1,XSN→JKB
WIKIPEDIA,P3,338,12,31,ALL_MORPH_BOUNDARY_GUARD,1,projected_saved_draft_candidate_at_or_after_rejection,2.0,AFTER_GUARD,True,4,4,3,XSV→ETM
WIKIPEDIA,P3,338,16,44,ALL_MORPH_BOUNDARY_GUARD,1,saved_H3_exact_target_token,,NO_REJECTION,True,4,4,3,XSN→JX
WIKIPEDIA,P3,338,19,56,ALL_MORPH_BOUNDARY_GUARD,1,projected_saved_draft_candidate_at_or_after_rejection,1.0,AT_GUARD,True,4,4,3,XSV→ETM
WIKIPEDIA,P3,338,24,69,ALL_MORPH_BOUNDARY_GUARD,1,projected_saved_draft_candidate_at_or_after_rejection,1.0,AT_GUARD,True,4,4,3,XSV→ETM
WIKIPEDIA,P3,338,28,82,ALL_MORPH_BOUNDARY_GUARD,1,saved_H3_exact_target_token,,NO_REJECTION,True,4,4,3,XSV→EC
WIKIPEDIA,P3,338,31,94,ALL_MORPH_BOUNDARY_GUARD,2,saved_H3_exact_target_token,,NO_REJECTION,True,4,3,2,XSV→EC
WIKIPEDIA,P3,338,34,106,ALL_MORPH_BOUNDARY_GUARD,3,saved_H3_exact_target_token,,NO_REJECTION,True,4,2,1,XSV→EC
WIKIPEDIA,P3,339,3,10,ALL_MORPH_BOUNDARY_GUARD,2,projected_saved_draft_candidate_at_or_after_rejection,1.0,BEFORE_GUARD,False,4,3,2,VA→ETM
WIKIPEDIA,P3,339,7,19,ALL_MORPH_BOUNDARY_GUARD,2,projected_saved_draft_candidate_at_or_after_rejection,1.0,BEFORE_GUARD,False,4,3,2,XSV→ETM
WIKIPEDIA,P3,339,8,20,ALL_MORPH_BOUNDARY_GUARD,2,projected_saved_draft_candidate_at_or_after_rejection,2.0,AT_GUARD,True,4,3,2,XSV→EC
WIKIPEDIA,P3,339,15,41,ALL_MORPH_BOUNDARY_GUARD,1,projected_saved_draft_candidate_at_or_after_rejection,1.0,AT_GUARD,True,4,4,3,XSV→ETM
WIKIPEDIA,P3,339,22,63,ALL_MORPH_BOUNDARY_GUARD,2,projected_saved_draft_candidate_at_or_after_rejection,2.0,AT_GUARD,True,4,3,2,XSV→ETM
WIKIPEDIA,P3,339,28,81,ALL_MORPH_BOUNDARY_GUARD,2,projected_saved_draft_candidate_at_or_after_rejection,3.0,AFTER_GUARD,True,4,3,2,XSV→ETM
WIKIPEDIA,P3,339,29,84,ALL_MORPH_BOUNDARY_GUARD,1,projected_saved_draft_candidate_at_or_after_rejection,3.0,AFTER_GUARD,True,4,4,3,VCN→EC
WIKIPEDIA,P3,339,34,100,ALL_MORPH_BOUNDARY_GUARD,3,saved_H3_exact_target_token,,NO_REJECTION,True,4,2,1,XSN→JKB
WIKIPEDIA,P3,339,35,104,ALL_MORPH_BOUNDARY_GUARD,2,projected_saved_draft_candidate_at_or_after_rejection,3.0,AFTER_GUARD,True,4,3,2,XSV→ETM
WIKIPEDIA,P3,340,0,0,NP_BOUNDARY_GUARD,1,projected_saved_draft_candidate_at_or_after_rejection,2.0,AFTER_GUARD,True,4,4,3,NNG→JKB
WIKIPEDIA,P3,340,0,0,ALL_MORPH_BOUNDARY_GUARD,1,projected_saved_draft_candidate_at_or_after_rejection,2.0,AFTER_GUARD,True,4,4,3,NNG→JKB
WIKIPEDIA,P3,340,1,2,ALL_MORPH_BOUNDARY_GUARD,1,projected_saved_draft_candidate_at_or_after_rejection,1.0,AT_GUARD,True,4,4,3,VX→EF
WIKIPEDIA,P3,340,5,15,ALL_MORPH_BOUNDARY_GUARD,3,saved_H3_exact_target_token,,NO_REJECTION,True,4,2,1,VCP→EF
WIKIPEDIA,P3,340,32,84,ALL_MORPH_BOUNDARY_GUARD,1,saved_H3_exact_target_token,,NO_REJECTION,True,4,4,3,XSV→ETM
WIKIPEDIA,P3,341,1,4,ALL_MORPH_BOUNDARY_GUARD,1,projected_saved_draft_candidate_at_or_after_rejection,2.0,AFTER_GUARD,True,4,4,3,XSV→ETM
WIKIPEDIA,P3,341,3,8,ALL_MORPH_BOUNDARY_GUARD,1,projected_saved_draft_candidate_at_or_after_rejection,1.0,AT_GUARD,True,4,4,3,VCP→EF
WIKIPEDIA,P3,341,4,9,ALL_MORPH_BOUNDARY_GUARD,2,projected_saved_draft_candidate_at_or_after_rejection,1.0,BEFORE_GUARD,False,4,3,2,XSV→ETM
WIKIPEDIA,P3,341,7,13,NP_BOUNDARY_GUARD,2,projected_saved_draft_candidate_at_or_after_rejection,2.0,AT_GUARD,True,4,3,2,NNB→JKO
WIKIPEDIA,P3,341,7,13,ALL_MORPH_BOUNDARY_GUARD,1,projected_saved_draft_candidate_at_or_after_rejection,2.0,AFTER_GUARD,True,4,4,3,VCP→ETM
WIKIPEDIA,P3,341,8,15,ALL_MORPH_BOUNDARY_GUARD,3,saved_H3_exact_target_token,,NO_REJECTION,True,4,2,1,VCP→EF
WIKIPEDIA,P3,341,14,34,ALL_MORPH_BOUNDARY_GUARD,1,projected_saved_draft_candidate_at_or_after_rejection,2.0,AFTER_GUARD,True,4,4,3,XSV→ETM
WIKIPEDIA,P3,341,17,40,ALL_MORPH_BOUNDARY_GUARD,2,projected_saved_draft_candidate_at_or_after_rejection,1.0,BEFORE_GUARD,False,4,3,2,VCP→EF
WIKIPEDIA,P3,341,18,41,ALL_MORPH_BOUNDARY_GUARD,2,saved_H3_exact_target_token,,NO_REJECTION,True,4,3,2,VCP→EF
WIKIPEDIA,P3,341,24,59,ALL_MORPH_BOUNDARY_GUARD,1,saved_H3_exact_target_token,,NO_REJECTION,True,4,4,3,XSV→ETM
WIKIPEDIA,P3,341,26,67,ALL_MORPH_BOUNDARY_GUARD,1,saved_H3_exact_target_token,,NO_REJECTION,True,4,4,3,VCP→EF
WIKIPEDIA,P3,341,30,83,ALL_MORPH_BOUNDARY_GUARD,2,saved_H3_exact_target_token,,NO_REJECTION,True,4,3,2,XSV→ETM
WIKIPEDIA,P3,341,32,91,ALL_MORPH_BOUNDARY_GUARD,2,projected_saved_draft_candidate_at_or_after_rejection,3.0,AFTER_GUARD,True,4,3,2,VCP→EF
WIKIPEDIA,P3,342,1,4,NP_BOUNDARY_GUARD,1,projected_saved_draft_candidate_at_or_after_rejection,1.0,AT_GUARD,True,4,4,3,NNG→JX
WIKIPEDIA,P3,342,1,4,ALL_MORPH_BOUNDARY_GUARD,1,projected_saved_draft_candidate_at_or_after_rejection,1.0,AT_GUARD,True,4,4,3,NNG→JX
WIKIPEDIA,P3,342,7,15,NP_BOUNDARY_GUARD,1,projected_saved_draft_candidate_at_or_after_rejection,2.0,AFTER_GUARD,True,4,4,3,NNG→JX
WIKIPEDIA,P3,342,7,15,ALL_MORPH_BOUNDARY_GUARD,1,projected_saved_draft_candidate_at_or_after_rejection,2.0,AFTER_GUARD,True,4,4,3,NNG→JX
WIKIPEDIA,P3,342,13,28,ALL_MORPH_BOUNDARY_GUARD,2,projected_saved_draft_candidate_at_or_after_rejection,3.0,AFTER_GUARD,True,4,3,2,XSV→EC
WIKIPEDIA,P3,342,15,34,NP_BOUNDARY_GUARD,1,projected_saved_draft_candidate_at_or_after_rejection,1.0,AT_GUARD,True,4,4,3,NNG→JX
WIKIPEDIA,P3,342,15,34,ALL_MORPH_BOUNDARY_GUARD,1,projected_saved_draft_candidate_at_or_after_rejection,1.0,AT_GUARD,True,4,4,3,NNG→JX
WIKIPEDIA,P3,342,18,40,NP_BOUNDARY_GUARD,1,projected_saved_draft_candidate_at_or_after_rejection,2.0,AFTER_GUARD,True,4,4,3,NNG→JKG
WIKIPEDIA,P3,342,18,40,ALL_MORPH_BOUNDARY_GUARD,1,projected_saved_draft_candidate_at_or_after_rejection,2.0,AFTER_GUARD,True,4,4,3,NNG→JKG
WIKIPEDIA,P3,342,21,48,ALL_MORPH_BOUNDARY_GUARD,1,saved_H3_exact_target_token,,NO_REJECTION,True,4,4,3,VX→EF
WIKIPEDIA,P3,342,22,52,NP_BOUNDARY_GUARD,1,projected_saved_draft_candidate_at_or_after_rejection,3.0,AFTER_GUARD,True,4,4,3,NNG→JX
WIKIPEDIA,P3,342,22,52,ALL_MORPH_BOUNDARY_GUARD,1,projected_saved_draft_candidate_at_or_after_rejection,3.0,AFTER_GUARD,True,4,4,3,NNG→JX
WIKIPEDIA,P3,342,25,58,ALL_MORPH_BOUNDARY_GUARD,2,projected_saved_draft_candidate_at_or_after_rejection,1.0,BEFORE_GUARD,False,4,3,2,XSV→ETM
WIKIPEDIA,P3,342,26,59,ALL_MORPH_BOUNDARY_GUARD,1,projected_saved_draft_candidate_at_or_after_rejection,2.0,AFTER_GUARD,True,4,4,3,XSV→ETM
WIKIPEDIA,P3,342,30,71,NP_BOUNDARY_GUARD,1,projected_saved_draft_candidate_at_or_after_rejection,1.0,AT_GUARD,True,4,4,3,NNG→JKS
WIKIPEDIA,P3,342,30,71,ALL_MORPH_BOUNDARY_GUARD,1,projected_saved_draft_candidate_at_or_after_rejection,1.0,AT_GUARD,True,4,4,3,NNG→JKS
WIKIPEDIA,P3,342,37,91,ALL_MORPH_BOUNDARY_GUARD,1,saved_H3_exact_target_token,,NO_REJECTION,True,4,4,3,XSV→ETM
WIKIPEDIA,P3,342,40,103,NP_BOUNDARY_GUARD,1,saved_H3_exact_target_token,,NO_REJECTION,True,4,4,3,NNG→JKG
WIKIPEDIA,P3,342,40,103,ALL_MORPH_BOUNDARY_GUARD,1,saved_H3_exact_target_token,,NO_REJECTION,True,4,4,3,NNG→JKG
WIKIPEDIA,P3,342,43,115,NP_BOUNDARY_GUARD,2,saved_H3_exact_target_token,,NO_REJECTION,True,4,3,2,NNG→JX
WIKIPEDIA,P3,342,43,115,ALL_MORPH_BOUNDARY_GUARD,2,saved_H3_exact_target_token,,NO_REJECTION,True,4,3,2,NNG→JX
WIKIPEDIA,P3,342,45,123,ALL_MORPH_BOUNDARY_GUARD,1,saved_H3_exact_target_token,,NO_REJECTION,True,4,4,3,XSV→ETM
WIKIPEDIA,P3,343,13,26,ALL_MORPH_BOUNDARY_GUARD,3,projected_saved_draft_candidate_at_or_after_rejection,2.0,BEFORE_GUARD,False,4,2,1,XSV→EC
WIKIPEDIA,P3,343,14,28,ALL_MORPH_BOUNDARY_GUARD,2,saved_H3_exact_target_token,,NO_REJECTION,True,4,3,2,VX→EF
WIKIPEDIA,P3,343,21,48,ALL_MORPH_BOUNDARY_GUARD,3,projected_saved_draft_candidate_at_or_after_rejection,1.0,BEFORE_GUARD,False,4,2,1,VX→EF
WIKIPEDIA,P3,343,47,112,ALL_MORPH_BOUNDARY_GUARD,2,projected_saved_draft_candidate_at_or_after_rejection,1.0,BEFORE_GUARD,False,4,3,2,XSV→EP
WIKIPEDIA,P3,344,1,1,ALL_MORPH_BOUNDARY_GUARD,3,projected_saved_draft_candidate_at_or_after_rejection,1.0,BEFORE_GUARD,False,4,2,1,SSO→SL
WIKIPEDIA,P3,344,2,2,ALL_MORPH_BOUNDARY_GUARD,3,projected_saved_draft_candidate_at_or_after_rejection,3.0,AT_GUARD,True,4,2,1,XSV→EC
WIKIPEDIA,P3,344,6,11,ALL_MORPH_BOUNDARY_GUARD,2,projected_saved_draft_candidate_at_or_after_rejection,2.0,AT_GUARD,True,4,3,2,XSA→EC
WIKIPEDIA,P3,344,8,17,ALL_MORPH_BOUNDARY_GUARD,1,projected_saved_draft_candidate_at_or_after_rejection,1.0,AT_GUARD,True,4,4,3,VX→EC
WIKIPEDIA,P3,344,17,33,ALL_MORPH_BOUNDARY_GUARD,3,saved_H3_exact_target_token,,NO_REJECTION,True,4,2,1,VX→EF
WIKIPEDIA,P3,344,22,53,ALL_MORPH_BOUNDARY_GUARD,1,saved_H3_exact_target_token,,NO_REJECTION,True,4,4,3,VX→EF
WIKIPEDIA,P3,344,26,69,ALL_MORPH_BOUNDARY_GUARD,3,saved_H3_exact_target_token,,NO_REJECTION,True,4,2,1,VX→EF
WIKIPEDIA,P3,344,31,89,ALL_MORPH_BOUNDARY_GUARD,1,saved_H3_exact_target_token,,NO_REJECTION,True,4,4,3,VX→EF
WIKIPEDIA,P3,344,35,105,ALL_MORPH_BOUNDARY_GUARD,3,saved_H3_exact_target_token,,NO_REJECTION,True,4,2,1,VX→EF
WIKIPEDIA,P3,344,40,125,ALL_MORPH_BOUNDARY_GUARD,1,saved_H3_exact_target_token,,NO_REJECTION,True,3,3,2,VX→EF
WIKIPEDIA,P3,345,16,39,ALL_MORPH_BOUNDARY_GUARD,3,saved_H3_exact_target_token,,NO_REJECTION,True,4,2,1,XSV→EC
WIKIPEDIA,P3,345,27,74,ALL_MORPH_BOUNDARY_GUARD,3,projected_saved_draft_candidate_at_or_after_rejection,4.0,AFTER_GUARD,True,4,2,1,XSV→EC
WIKIPEDIA,P3,345,41,120,ALL_MORPH_BOUNDARY_GUARD,2,saved_H3_exact_target_token,,NO_REJECTION,True,4,3,2,XSV→EC
WIKIPEDIA,P3,346,15,30,ALL_MORPH_BOUNDARY_GUARD,2,saved_H3_exact_target_token,,NO_REJECTION,True,4,3,2,VA→EF
WIKIPEDIA,P3,346,20,48,ALL_MORPH_BOUNDARY_GUARD,1,projected_saved_draft_candidate_at_or_after_rejection,2.0,AFTER_GUARD,True,4,4,3,XSV→EC
WIKIPEDIA,P3,346,36,100,ALL_MORPH_BOUNDARY_GUARD,3,saved_H3_exact_target_token,,NO_REJECTION,True,4,2,1,XSV→EC
WIKIPEDIA,P3,346,37,104,ALL_MORPH_BOUNDARY_GUARD,3,saved_H3_exact_target_token,,NO_REJECTION,True,4,2,1,XSV→ETM
WIKIPEDIA,P3,347,7,15,ALL_MORPH_BOUNDARY_GUARD,3,projected_saved_draft_candidate_at_or_after_rejection,1.0,BEFORE_GUARD,False,4,2,1,XSV→EP
WIKIPEDIA,P3,349,6,14,ALL_MORPH_BOUNDARY_GUARD,2,projected_saved_draft_candidate_at_or_after_rejection,2.0,AT_GUARD,True,4,3,2,JKB→JX
WIKIPEDIA,P3,349,13,32,ALL_MORPH_BOUNDARY_GUARD,3,projected_saved_draft_candidate_at_or_after_rejection,2.0,BEFORE_GUARD,False,4,2,1,XSV→EC
WIKIPEDIA,P3,349,14,34,ALL_MORPH_BOUNDARY_GUARD,3,projected_saved_draft_candidate_at_or_after_rejection,2.0,BEFORE_GUARD,False,4,2,1,XSV→EC
WIKIPEDIA,P3,349,15,36,ALL_MORPH_BOUNDARY_GUARD,1,projected_saved_draft_candidate_at_or_after_rejection,2.0,AFTER_GUARD,True,4,4,3,XSV→EC
WIKIPEDIA,P3,349,17,42,ALL_MORPH_BOUNDARY_GUARD,3,projected_saved_draft_candidate_at_or_after_rejection,2.0,BEFORE_GUARD,False,4,2,1,EP→EF
WIKIPEDIA,P3,349,25,67,ALL_MORPH_BOUNDARY_GUARD,2,saved_H3_exact_target_token,,NO_REJECTION,True,4,3,2,XSV→EC
WIKIPEDIA,P3,350,5,17,ALL_MORPH_BOUNDARY_GUARD,3,saved_H3_exact_target_token,,NO_REJECTION,True,4,2,1,XSV→ETM
WIKIPEDIA,P3,350,6,21,ALL_MORPH_BOUNDARY_GUARD,2,saved_H3_exact_target_token,,NO_REJECTION,True,4,3,2,XSN→JKO
WIKIPEDIA,P3,350,8,29,ALL_MORPH_BOUNDARY_GUARD,3,saved_H3_exact_target_token,,NO_REJECTION,True,4,2,1,VCP→EC
WIKIPEDIA,P3,350,15,56,ALL_MORPH_BOUNDARY_GUARD,3,saved_H3_exact_target_token,,NO_REJECTION,True,4,2,1,XSV→ETM
WIKIPEDIA,P3,350,16,60,ALL_MORPH_BOUNDARY_GUARD,2,saved_H3_exact_target_token,,NO_REJECTION,True,4,3,2,XSN→JKO
WIKIPEDIA,P3,350,18,68,ALL_MORPH_BOUNDARY_GUARD,3,saved_H3_exact_target_token,,NO_REJECTION,True,4,2,1,VCP→EC
WIKIPEDIA,P3,350,25,95,ALL_MORPH_BOUNDARY_GUARD,3,saved_H3_exact_target_token,,NO_REJECTION,True,4,2,1,XSV→ETM
WIKIPEDIA,P3,350,26,99,ALL_MORPH_BOUNDARY_GUARD,2,saved_H3_exact_target_token,,NO_REJECTION,True,4,3,2,XSN→JKO
WIKIPEDIA,P3,350,28,107,ALL_MORPH_BOUNDARY_GUARD,3,saved_H3_exact_target_token,,NO_REJECTION,True,4,2,1,VCP→EC
WIKIPEDIA,P3,351,26,48,ALL_MORPH_BOUNDARY_GUARD,2,projected_saved_draft_candidate_at_or_after_rejection,3.0,AFTER_GUARD,True,4,3,2,XSA→EC
WIKIPEDIA,P3,352,3,10,ALL_MORPH_BOUNDARY_GUARD,1,projected_saved_draft_candidate_at_or_after_rejection,3.0,AFTER_GUARD,True,4,4,3,XSV→ETM
WIKIPEDIA,P3,352,8,25,ALL_MORPH_BOUNDARY_GUARD,2,projected_saved_draft_candidate_at_or_after_rejection,3.0,AFTER_GUARD,True,4,3,2,VCP→EF
WIKIPEDIA,P3,354,0,0,ALL_MORPH_BOUNDARY_GUARD,1,projected_saved_draft_candidate_at_or_after_rejection,3.0,AFTER_GUARD,True,4,4,3,VX→EF
WIKIPEDIA,P3,354,7,15,ALL_MORPH_BOUNDARY_GUARD,2,projected_saved_draft_candidate_at_or_after_rejection,2.0,AT_GUARD,True,4,3,2,VCP→EF
WIKIPEDIA,P3,357,1,1,ALL_MORPH_BOUNDARY_GUARD,3,saved_H3_exact_target_token,,NO_REJECTION,True,4,2,1,XSV→ETN
WIKIPEDIA,P3,358,1,3,ALL_MORPH_BOUNDARY_GUARD,3,projected_saved_draft_candidate_at_or_after_rejection,1.0,BEFORE_GUARD,False,4,2,1,XSV→ETN
WIKIPEDIA,P3,358,2,4,ALL_MORPH_BOUNDARY_GUARD,3,saved_H3_exact_target_token,,NO_REJECTION,True,4,2,1,VA→EF
WIKIPEDIA,P3,358,9,26,ALL_MORPH_BOUNDARY_GUARD,3,projected_saved_draft_candidate_at_or_after_rejection,1.0,BEFORE_GUARD,False,4,2,1,XSV→EP
WIKIPEDIA,P3,358,10,27,ALL_MORPH_BOUNDARY_GUARD,3,saved_H3_exact_target_token,,NO_REJECTION,True,4,2,1,XSV→EP
WIKIPEDIA,P3,358,34,102,ALL_MORPH_BOUNDARY_GUARD,2,projected_saved_draft_candidate_at_or_after_rejection,2.0,AT_GUARD,True,4,3,2,XSV→EC
WIKIPEDIA,P3,359,2,6,ALL_MORPH_BOUNDARY_GUARD,2,saved_H3_exact_target_token,,NO_REJECTION,True,4,3,2,VCP→EF
WIKIPEDIA,P3,359,20,68,ALL_MORPH_BOUNDARY_GUARD,3,projected_saved_draft_candidate_at_or_after_rejection,1.0,BEFORE_GUARD,False,4,2,1,XSA→EF
WIKIPEDIA,P3,359,28,97,ALL_MORPH_BOUNDARY_GUARD,3,projected_saved_draft_candidate_at_or_after_rejection,3.0,AT_GUARD,True,4,2,1,VV→ETM
WIKIPEDIA,P3,361,15,31,ALL_MORPH_BOUNDARY_GUARD,1,projected_saved_draft_candidate_at_or_after_rejection,3.0,AFTER_GUARD,True,4,4,3,VX→EF
WIKIPEDIA,P3,361,19,40,ALL_MORPH_BOUNDARY_GUARD,2,projected_saved_draft_candidate_at_or_after_rejection,1.0,BEFORE_GUARD,False,4,3,2,VCP→EF
WIKIPEDIA,P3,361,21,43,ALL_MORPH_BOUNDARY_GUARD,2,projected_saved_draft_candidate_at_or_after_rejection,2.0,AT_GUARD,True,4,3,2,VCP→EF
WIKIPEDIA,P3,361,33,72,ALL_MORPH_BOUNDARY_GUARD,1,projected_saved_draft_candidate_at_or_after_rejection,3.0,AFTER_GUARD,True,4,4,3,VX→EF
WIKIPEDIA,P3,361,37,83,ALL_MORPH_BOUNDARY_GUARD,3,projected_saved_draft_candidate_at_or_after_rejection,1.0,BEFORE_GUARD,False,4,2,1,XSV→EC
WIKIPEDIA,P3,361,38,84,ALL_MORPH_BOUNDARY_GUARD,2,projected_saved_draft_candidate_at_or_after_rejection,2.0,AT_GUARD,True,4,3,2,XSV→EC
WIKIPEDIA,P3,362,1,4,ALL_MORPH_BOUNDARY_GUARD,3,projected_saved_draft_candidate_at_or_after_rejection,1.0,BEFORE_GUARD,False,4,2,1,XSV→EC
WIKIPEDIA,P3,362,2,5,ALL_MORPH_BOUNDARY_GUARD,2,projected_saved_draft_candidate_at_or_after_rejection,4.0,AFTER_GUARD,True,4,3,2,XSV→EC
WIKIPEDIA,P3,362,3,9,ALL_MORPH_BOUNDARY_GUARD,1,projected_saved_draft_candidate_at_or_after_rejection,1.0,AT_GUARD,True,4,4,3,VA→ETM
WIKIPEDIA,P3,362,6,15,ALL_MORPH_BOUNDARY_GUARD,3,saved_H3_exact_target_token,,NO_REJECTION,True,4,2,1,VA→EF
WIKIPEDIA,P3,362,32,84,NP_BOUNDARY_GUARD,2,saved_H3_exact_target_token,,NO_REJECTION,True,4,3,2,NNG→JKO
WIKIPEDIA,P3,362,32,84,ALL_MORPH_BOUNDARY_GUARD,2,saved_H3_exact_target_token,,NO_REJECTION,True,4,3,2,NNG→JKO
WIKIPEDIA,P3,362,45,125,NP_BOUNDARY_GUARD,2,projected_saved_draft_candidate_at_or_after_rejection,3.0,AFTER_GUARD,True,3,2,1,NNG→JKS
WIKIPEDIA,P3,362,45,125,ALL_MORPH_BOUNDARY_GUARD,2,projected_saved_draft_candidate_at_or_after_rejection,3.0,AFTER_GUARD,True,3,2,1,NNG→JKS
WIKIPEDIA,P3,363,31,55,NP_BOUNDARY_GUARD,1,saved_H3_exact_target_token,,NO_REJECTION,True,4,4,3,NNG→JKO
WIKIPEDIA,P3,363,31,55,ALL_MORPH_BOUNDARY_GUARD,1,saved_H3_exact_target_token,,NO_REJECTION,True,4,4,3,NNG→JKO
WIKIPEDIA,P3,363,32,59,ALL_MORPH_BOUNDARY_GUARD,3,saved_H3_exact_target_token,,NO_REJECTION,True,4,2,1,VCP→EF
WIKIPEDIA,P3,363,38,80,NP_BOUNDARY_GUARD,3,saved_H3_exact_target_token,,NO_REJECTION,True,4,2,1,NNG→JKO
WIKIPEDIA,P3,363,38,80,ALL_MORPH_BOUNDARY_GUARD,3,saved_H3_exact_target_token,,NO_REJECTION,True,4,2,1,NNG→JKO
WIKIPEDIA,P3,363,39,84,ALL_MORPH_BOUNDARY_GUARD,1,saved_H3_exact_target_token,,NO_REJECTION,True,4,4,3,XSV→ETM
WIKIPEDIA,P3,363,40,88,ALL_MORPH_BOUNDARY_GUARD,1,saved_H3_exact_target_token,,NO_REJECTION,True,4,4,3,VCP→EF
WIKIPEDIA,P3,363,45,108,NP_BOUNDARY_GUARD,2,saved_H3_exact_target_token,,NO_REJECTION,True,4,3,2,NNG→JKO
WIKIPEDIA,P3,363,45,108,ALL_MORPH_BOUNDARY_GUARD,2,saved_H3_exact_target_token,,NO_REJECTION,True,4,3,2,NNG→JKO
WIKIPEDIA,P3,364,2,3,ALL_MORPH_BOUNDARY_GUARD,2,projected_saved_draft_candidate_at_or_after_rejection,1.0,BEFORE_GUARD,False,4,3,2,XSV→ETM
WIKIPEDIA,P3,364,17,42,NP_BOUNDARY_GUARD,3,projected_saved_draft_candidate_at_or_after_rejection,2.0,BEFORE_GUARD,False,4,2,1,NNB→JKB
WIKIPEDIA,P3,364,17,42,ALL_MORPH_BOUNDARY_GUARD,3,projected_saved_draft_candidate_at_or_after_rejection,2.0,BEFORE_GUARD,False,4,2,1,NNB→JKB
WIKIPEDIA,P3,364,24,56,ALL_MORPH_BOUNDARY_GUARD,3,projected_saved_draft_candidate_at_or_after_rejection,1.0,BEFORE_GUARD,False,4,2,1,XSV→EC
WIKIPEDIA,P3,364,25,57,ALL_MORPH_BOUNDARY_GUARD,1,projected_saved_draft_candidate_at_or_after_rejection,1.0,AT_GUARD,True,4,4,3,XSV→EC
WIKIPEDIA,P3,364,37,94,ALL_MORPH_BOUNDARY_GUARD,3,saved_H3_exact_target_token,,NO_REJECTION,True,4,2,1,XSN→JKS
WIKIPEDIA,P3,364,38,98,ALL_MORPH_BOUNDARY_GUARD,3,saved_H3_exact_target_token,,NO_REJECTION,True,4,2,1,XSV→ETM
WIKIPEDIA,P3,365,0,0,ALL_MORPH_BOUNDARY_GUARD,2,projected_saved_draft_candidate_at_or_after_rejection,1.0,BEFORE_GUARD,False,4,3,2,XSA→ETM
WIKIPEDIA,P3,365,8,20,ALL_MORPH_BOUNDARY_GUARD,2,projected_saved_draft_candidate_at_or_after_rejection,1.0,BEFORE_GUARD,False,4,3,2,XSV→EC
WIKIPEDIA,P3,365,22,52,ALL_MORPH_BOUNDARY_GUARD,1,saved_H3_exact_target_token,,NO_REJECTION,True,4,4,3,VCP→EF
WIKIPEDIA,P3,365,25,64,ALL_MORPH_BOUNDARY_GUARD,2,projected_saved_draft_candidate_at_or_after_rejection,2.0,AT_GUARD,True,4,3,2,XSN→JKS
WIKIPEDIA,P3,365,31,79,NP_BOUNDARY_GUARD,2,projected_saved_draft_candidate_at_or_after_rejection,1.0,BEFORE_GUARD,False,4,3,2,NNG→JKO
WIKIPEDIA,P3,365,31,79,ALL_MORPH_BOUNDARY_GUARD,2,projected_saved_draft_candidate_at_or_after_rejection,1.0,BEFORE_GUARD,False,4,3,2,NNG→JKO
WIKIPEDIA,P3,366,30,61,ALL_MORPH_BOUNDARY_GUARD,3,projected_saved_draft_candidate_at_or_after_rejection,1.0,BEFORE_GUARD,False,4,2,1,JKB→JX
WIKIPEDIA,P3,366,41,100,ALL_MORPH_BOUNDARY_GUARD,2,saved_H3_exact_target_token,,NO_REJECTION,True,4,3,2,JKB→JX
WIKIPEDIA,P3,367,16,42,ALL_MORPH_BOUNDARY_GUARD,2,projected_saved_draft_candidate_at_or_after_rejection,2.0,AT_GUARD,True,4,3,2,VCP→EF
WIKIPEDIA,P3,367,27,60,ALL_MORPH_BOUNDARY_GUARD,1,saved_H3_exact_target_token,,NO_REJECTION,True,4,4,3,VCP→EF
WIKIPEDIA,P3,367,32,78,NP_BOUNDARY_GUARD,2,projected_saved_draft_candidate_at_or_after_rejection,2.0,AT_GUARD,True,4,3,2,NNG→JKG
WIKIPEDIA,P3,367,32,78,ALL_MORPH_BOUNDARY_GUARD,2,projected_saved_draft_candidate_at_or_after_rejection,2.0,AT_GUARD,True,4,3,2,NNG→JKG
WIKIPEDIA,P3,367,38,97,ALL_MORPH_BOUNDARY_GUARD,3,projected_saved_draft_candidate_at_or_after_rejection,2.0,BEFORE_GUARD,False,4,2,1,XSV→EC
WIKIPEDIA,P3,367,39,99,ALL_MORPH_BOUNDARY_GUARD,3,projected_saved_draft_candidate_at_or_after_rejection,3.0,AT_GUARD,True,4,2,1,XSV→EP
WIKIPEDIA,P3,368,19,43,ALL_MORPH_BOUNDARY_GUARD,3,projected_saved_draft_candidate_at_or_after_rejection,1.0,BEFORE_GUARD,False,4,2,1,SSO→SL
WIKIPEDIA,P3,368,32,78,ALL_MORPH_BOUNDARY_GUARD,1,saved_H3_exact_target_token,,NO_REJECTION,True,4,4,3,SSO→SL
WIKIPEDIA,P3,368,39,105,ALL_MORPH_BOUNDARY_GUARD,3,saved_H3_exact_target_token,,NO_REJECTION,True,4,2,1,SSO→SL
WIKIPEDIA,P3,370,1,2,NP_BOUNDARY_GUARD,1,projected_saved_draft_candidate_at_or_after_rejection,1.0,AT_GUARD,True,4,4,3,NNG→JKS
WIKIPEDIA,P3,370,1,2,ALL_MORPH_BOUNDARY_GUARD,1,projected_saved_draft_candidate_at_or_after_rejection,1.0,AT_GUARD,True,4,4,3,NNG→JKS
WIKIPEDIA,P3,370,29,63,ALL_MORPH_BOUNDARY_GUARD,3,saved_H3_exact_target_token,,NO_REJECTION,True,4,2,1,XSV→EP
WIKIPEDIA,P3,370,40,100,ALL_MORPH_BOUNDARY_GUARD,3,saved_H3_exact_target_token,,NO_REJECTION,True,4,2,1,XSV→EP
WIKIPEDIA,P3,371,11,24,ALL_MORPH_BOUNDARY_GUARD,1,projected_saved_draft_candidate_at_or_after_rejection,3.0,AFTER_GUARD,True,4,4,3,VX→EF
WIKIPEDIA,P3,371,23,51,ALL_MORPH_BOUNDARY_GUARD,1,saved_H3_exact_target_token,,NO_REJECTION,True,4,4,3,VX→EF
WIKIPEDIA,P3,371,26,57,ALL_MORPH_BOUNDARY_GUARD,2,projected_saved_draft_candidate_at_or_after_rejection,1.0,BEFORE_GUARD,False,4,3,2,VA→ETM
WIKIPEDIA,P3,372,1,1,ALL_MORPH_BOUNDARY_GUARD,2,projected_saved_draft_candidate_at_or_after_rejection,1.0,BEFORE_GUARD,False,4,3,2,VCP→ETM
WIKIPEDIA,P3,372,2,2,ALL_MORPH_BOUNDARY_GUARD,3,projected_saved_draft_candidate_at_or_after_rejection,1.0,BEFORE_GUARD,False,4,2,1,VX→ETM
WIKIPEDIA,P3,372,4,5,ALL_MORPH_BOUNDARY_GUARD,1,projected_saved_draft_candidate_at_or_after_rejection,3.0,AFTER_GUARD,True,4,4,3,VCP→ETM
WIKIPEDIA,P3,372,15,34,ALL_MORPH_BOUNDARY_GUARD,3,projected_saved_draft_candidate_at_or_after_rejection,2.0,BEFORE_GUARD,False,4,2,1,XSV→EP
WIKIPEDIA,P3,372,17,38,ALL_MORPH_BOUNDARY_GUARD,2,projected_saved_draft_candidate_at_or_after_rejection,2.0,AT_GUARD,True,4,3,2,EP→EF
WIKIPEDIA,P3,372,28,68,ALL_MORPH_BOUNDARY_GUARD,2,projected_saved_draft_candidate_at_or_after_rejection,3.0,AFTER_GUARD,True,4,3,2,EP→EF
WIKIPEDIA,P3,373,12,29,ALL_MORPH_BOUNDARY_GUARD,3,projected_saved_draft_candidate_at_or_after_rejection,2.0,BEFORE_GUARD,False,4,2,1,VCP→EF
WIKIPEDIA,P3,373,14,34,ALL_MORPH_BOUNDARY_GUARD,3,saved_H3_exact_target_token,,NO_REJECTION,True,4,2,1,VCP→EF
WIKIPEDIA,P3,374,14,40,ALL_MORPH_BOUNDARY_GUARD,3,saved_H3_exact_target_token,,NO_REJECTION,True,4,2,1,VX→EF
WIKIPEDIA,P3,374,23,76,ALL_MORPH_BOUNDARY_GUARD,2,saved_H3_exact_target_token,,NO_REJECTION,True,4,3,2,VX→EF
WIKIPEDIA,P3,374,32,112,ALL_MORPH_BOUNDARY_GUARD,1,saved_H3_exact_target_token,,NO_REJECTION,True,4,4,3,VX→EF
WIKIPEDIA,P3,375,4,9,ALL_MORPH_BOUNDARY_GUARD,1,projected_saved_draft_candidate_at_or_after_rejection,3.0,AFTER_GUARD,True,4,4,3,XSV→ETM
WIKIPEDIA,P3,375,7,19,ALL_MORPH_BOUNDARY_GUARD,3,projected_saved_draft_candidate_at_or_after_rejection,2.0,BEFORE_GUARD,False,4,2,1,VCP→EF
WIKIPEDIA,P3,375,13,38,ALL_MORPH_BOUNDARY_GUARD,2,saved_H3_exact_target_token,,NO_REJECTION,True,4,3,2,XSV→ETM
WIKIPEDIA,P3,375,17,48,ALL_MORPH_BOUNDARY_GUARD,3,projected_saved_draft_candidate_at_or_after_rejection,2.0,BEFORE_GUARD,False,4,2,1,XSV→ETN
WIKIPEDIA,P3,375,18,50,ALL_MORPH_BOUNDARY_GUARD,2,projected_saved_draft_candidate_at_or_after_rejection,2.0,AT_GUARD,True,4,3,2,XSV→ETM
WIKIPEDIA,P3,375,23,63,ALL_MORPH_BOUNDARY_GUARD,2,projected_saved_draft_candidate_at_or_after_rejection,4.0,AFTER_GUARD,True,4,3,2,XSV→ETM
WIKIPEDIA,P3,375,29,78,NP_BOUNDARY_GUARD,3,projected_saved_draft_candidate_at_or_after_rejection,2.0,BEFORE_GUARD,False,4,2,1,NNB→JKO
WIKIPEDIA,P3,375,29,78,ALL_MORPH_BOUNDARY_GUARD,3,projected_saved_draft_candidate_at_or_after_rejection,2.0,BEFORE_GUARD,False,4,2,1,NNB→JKO
WIKIPEDIA,P3,375,30,80,ALL_MORPH_BOUNDARY_GUARD,1,projected_saved_draft_candidate_at_or_after_rejection,2.0,AFTER_GUARD,True,4,4,3,VX→EF
WIKIPEDIA,P3,375,34,94,ALL_MORPH_BOUNDARY_GUARD,3,saved_H3_exact_target_token,,NO_REJECTION,True,4,2,1,XSV→ETM
WIKIPEDIA,P3,375,35,98,ALL_MORPH_BOUNDARY_GUARD,1,projected_saved_draft_candidate_at_or_after_rejection,2.0,AFTER_GUARD,True,4,4,3,XSN→JKG
WIKIPEDIA,P3,375,37,104,NP_BOUNDARY_GUARD,2,saved_H3_exact_target_token,,NO_REJECTION,True,4,3,2,NNB→JKB
WIKIPEDIA,P3,375,37,104,ALL_MORPH_BOUNDARY_GUARD,2,saved_H3_exact_target_token,,NO_REJECTION,True,4,3,2,NNB→JKB
WIKIPEDIA,P3,375,40,116,ALL_MORPH_BOUNDARY_GUARD,2,saved_H3_exact_target_token,,NO_REJECTION,True,4,3,2,XSV→ETM
WIKIPEDIA,P3,375,42,124,ALL_MORPH_BOUNDARY_GUARD,2,saved_H3_exact_target_token,,NO_REJECTION,True,4,3,2,XSV→EC
WIKIPEDIA,P3,377,4,11,ALL_MORPH_BOUNDARY_GUARD,1,saved_H3_exact_target_token,,NO_REJECTION,True,4,4,3,XSN→JKB
WIKIPEDIA,P3,377,7,22,ALL_MORPH_BOUNDARY_GUARD,1,saved_H3_exact_target_token,,NO_REJECTION,True,4,4,3,XSV→ETM
WIKIPEDIA,P3,377,17,49,ALL_MORPH_BOUNDARY_GUARD,1,projected_saved_draft_candidate_at_or_after_rejection,3.0,AFTER_GUARD,True,4,4,3,XSV→EC
WIKIPEDIA,P3,377,22,60,ALL_MORPH_BOUNDARY_GUARD,3,projected_saved_draft_candidate_at_or_after_rejection,3.0,AT_GUARD,True,4,2,1,VX→EF
WIKIPEDIA,P3,377,40,108,ALL_MORPH_BOUNDARY_GUARD,1,projected_saved_draft_candidate_at_or_after_rejection,1.0,AT_GUARD,True,4,4,3,VCP→EF
WIKIPEDIA,P3,378,7,16,ALL_MORPH_BOUNDARY_GUARD,1,projected_saved_draft_candidate_at_or_after_rejection,1.0,AT_GUARD,True,4,4,3,SSO→SL
WIKIPEDIA,P3,378,8,17,ALL_MORPH_BOUNDARY_GUARD,1,saved_H3_exact_target_token,,NO_REJECTION,True,4,4,3,SSO→SL
WIKIPEDIA,P3,378,14,35,ALL_MORPH_BOUNDARY_GUARD,2,saved_H3_exact_target_token,,NO_REJECTION,True,4,3,2,SSO→SL
WIKIPEDIA,P3,378,19,51,ALL_MORPH_BOUNDARY_GUARD,1,saved_H3_exact_target_token,,NO_REJECTION,True,4,4,3,SSO→SL
WIKIPEDIA,P3,378,24,69,ALL_MORPH_BOUNDARY_GUARD,2,saved_H3_exact_target_token,,NO_REJECTION,True,4,3,2,SSO→SL
WIKIPEDIA,P3,378,30,92,ALL_MORPH_BOUNDARY_GUARD,2,saved_H3_exact_target_token,,NO_REJECTION,True,4,3,2,SSO→SL
WIKIPEDIA,P3,378,37,120,ALL_MORPH_BOUNDARY_GUARD,1,saved_H3_exact_target_token,,NO_REJECTION,True,4,4,3,SSO→SL
WIKIPEDIA,P3,379,4,10,ALL_MORPH_BOUNDARY_GUARD,2,projected_saved_draft_candidate_at_or_after_rejection,1.0,BEFORE_GUARD,False,4,3,2,XSV→EP
WIKIPEDIA,P3,379,12,30,ALL_MORPH_BOUNDARY_GUARD,3,projected_saved_draft_candidate_at_or_after_rejection,4.0,AFTER_GUARD,True,4,2,1,JKB→JX
WIKIPEDIA,P3,379,14,38,ALL_MORPH_BOUNDARY_GUARD,3,saved_H3_exact_target_token,,NO_REJECTION,True,4,2,1,VV→EC
WIKIPEDIA,P3,379,16,46,ALL_MORPH_BOUNDARY_GUARD,3,saved_H3_exact_target_token,,NO_REJECTION,True,4,2,1,JKB→JX
WIKIPEDIA,P3,379,18,54,ALL_MORPH_BOUNDARY_GUARD,3,saved_H3_exact_target_token,,NO_REJECTION,True,4,2,1,VV→EC
WIKIPEDIA,P3,379,20,62,ALL_MORPH_BOUNDARY_GUARD,3,projected_saved_draft_candidate_at_or_after_rejection,4.0,AFTER_GUARD,True,4,2,1,JKB→JX
WIKIPEDIA,P3,379,28,91,ALL_MORPH_BOUNDARY_GUARD,1,saved_H3_exact_target_token,,NO_REJECTION,True,4,4,3,VV→EC
WIKIPEDIA,P3,379,30,99,ALL_MORPH_BOUNDARY_GUARD,1,projected_saved_draft_candidate_at_or_after_rejection,2.0,AFTER_GUARD,True,4,4,3,JKB→JX
WIKIPEDIA,P3,379,32,105,ALL_MORPH_BOUNDARY_GUARD,1,saved_H3_exact_target_token,,NO_REJECTION,True,4,4,3,VV→EC
WIKIPEDIA,P3,379,34,113,ALL_MORPH_BOUNDARY_GUARD,1,saved_H3_exact_target_token,,NO_REJECTION,True,4,4,3,JKB→JX
WIKIPEDIA,P3,379,35,117,ALL_MORPH_BOUNDARY_GUARD,3,saved_H3_exact_target_token,,NO_REJECTION,True,4,2,1,VV→EC
WIKIPEDIA,P3,380,1,1,NP_BOUNDARY_GUARD,2,projected_saved_draft_candidate_at_or_after_rejection,2.0,AT_GUARD,True,4,3,2,NNG→JKO
WIKIPEDIA,P3,380,1,1,ALL_MORPH_BOUNDARY_GUARD,2,projected_saved_draft_candidate_at_or_after_rejection,2.0,AT_GUARD,True,4,3,2,NNG→JKO
WIKIPEDIA,P3,380,9,27,ALL_MORPH_BOUNDARY_GUARD,3,saved_H3_exact_target_token,,NO_REJECTION,True,4,2,1,XSV→EC
WIKIPEDIA,P3,380,19,67,ALL_MORPH_BOUNDARY_GUARD,1,saved_H3_exact_target_token,,NO_REJECTION,True,4,4,3,XSV→EC
WIKIPEDIA,P3,380,28,103,ALL_MORPH_BOUNDARY_GUARD,3,saved_H3_exact_target_token,,NO_REJECTION,True,4,2,1,XSV→EC
WIKIPEDIA,P3,381,4,10,ALL_MORPH_BOUNDARY_GUARD,3,projected_saved_draft_candidate_at_or_after_rejection,1.0,BEFORE_GUARD,False,4,2,1,XSV→ETM
WIKIPEDIA,P3,381,11,28,ALL_MORPH_BOUNDARY_GUARD,1,saved_H3_exact_target_token,,NO_REJECTION,True,4,4,3,EP→EF
WIKIPEDIA,P3,381,15,40,ALL_MORPH_BOUNDARY_GUARD,3,projected_saved_draft_candidate_at_or_after_rejection,3.0,AT_GUARD,True,4,2,1,VCP→EF
WIKIPEDIA,P3,381,17,47,ALL_MORPH_BOUNDARY_GUARD,1,projected_saved_draft_candidate_at_or_after_rejection,1.0,AT_GUARD,True,4,4,3,VCP→EF
WIKIPEDIA,P3,381,24,68,ALL_MORPH_BOUNDARY_GUARD,1,projected_saved_draft_candidate_at_or_after_rejection,1.0,AT_GUARD,True,4,4,3,XSV→EC
WIKIPEDIA,P3,381,37,102,ALL_MORPH_BOUNDARY_GUARD,1,projected_saved_draft_candidate_at_or_after_rejection,3.0,AFTER_GUARD,True,4,4,3,XSN→JKB
WIKIPEDIA,P3,382,5,17,NP_BOUNDARY_GUARD,3,saved_H3_exact_target_token,,NO_REJECTION,True,4,2,1,NNG→JKO
WIKIPEDIA,P3,382,5,17,ALL_MORPH_BOUNDARY_GUARD,3,saved_H3_exact_target_token,,NO_REJECTION,True,4,2,1,NNG→JKO
WIKIPEDIA,P3,382,6,21,ALL_MORPH_BOUNDARY_GUARD,2,saved_H3_exact_target_token,,NO_REJECTION,True,4,3,2,XSV→EC
WIKIPEDIA,P3,382,9,33,ALL_MORPH_BOUNDARY_GUARD,1,projected_saved_draft_candidate_at_or_after_rejection,3.0,AFTER_GUARD,True,4,4,3,VX→EF
WIKIPEDIA,P3,382,10,36,ALL_MORPH_BOUNDARY_GUARD,3,projected_saved_draft_candidate_at_or_after_rejection,3.0,AT_GUARD,True,4,2,1,JKB→JX
WIKIPEDIA,P3,382,21,69,ALL_MORPH_BOUNDARY_GUARD,2,saved_H3_exact_target_token,,NO_REJECTION,True,4,3,2,XSN→JKB
WIKIPEDIA,P3,383,4,10,ALL_MORPH_BOUNDARY_GUARD,2,projected_saved_draft_candidate_at_or_after_rejection,2.0,AT_GUARD,True,4,3,2,XSV→EP
WIKIPEDIA,P3,383,12,34,ALL_MORPH_BOUNDARY_GUARD,1,projected_saved_draft_candidate_at_or_after_rejection,1.0,AT_GUARD,True,4,4,3,JKB→JX
WIKIPEDIA,P3,384,11,26,ALL_MORPH_BOUNDARY_GUARD,2,projected_saved_draft_candidate_at_or_after_rejection,3.0,AFTER_GUARD,True,4,3,2,VA→ETM
WIKIPEDIA,P3,384,18,43,ALL_MORPH_BOUNDARY_GUARD,2,projected_saved_draft_candidate_at_or_after_rejection,1.0,BEFORE_GUARD,False,4,3,2,VCP→EF
WIKIPEDIA,P3,384,37,94,ALL_MORPH_BOUNDARY_GUARD,3,projected_saved_draft_candidate_at_or_after_rejection,1.0,BEFORE_GUARD,False,4,2,1,XSA→EF
WIKIPEDIA,P3,384,39,99,ALL_MORPH_BOUNDARY_GUARD,1,projected_saved_draft_candidate_at_or_after_rejection,3.0,AFTER_GUARD,True,4,4,3,XSA→EF
WIKIPEDIA,P3,385,2,5,ALL_MORPH_BOUNDARY_GUARD,1,saved_H3_exact_target_token,,NO_REJECTION,True,4,4,3,XSN→JKG
WIKIPEDIA,P3,385,7,21,NP_BOUNDARY_GUARD,1,projected_saved_draft_candidate_at_or_after_rejection,1.0,AT_GUARD,True,4,4,3,NNG→JKS
WIKIPEDIA,P3,385,7,21,ALL_MORPH_BOUNDARY_GUARD,1,projected_saved_draft_candidate_at_or_after_rejection,1.0,AT_GUARD,True,4,4,3,NNG→JKS
WIKIPEDIA,P3,385,9,24,ALL_MORPH_BOUNDARY_GUARD,3,saved_H3_exact_target_token,,NO_REJECTION,True,4,2,1,VA→EC
WIKIPEDIA,P3,385,13,34,ALL_MORPH_BOUNDARY_GUARD,2,projected_saved_draft_candidate_at_or_after_rejection,2.0,AT_GUARD,True,4,3,2,XSN→JKS
WIKIPEDIA,P3,385,26,73,NP_BOUNDARY_GUARD,2,saved_H3_exact_target_token,,NO_REJECTION,True,4,3,2,NNG→JKO
WIKIPEDIA,P3,385,26,73,ALL_MORPH_BOUNDARY_GUARD,2,saved_H3_exact_target_token,,NO_REJECTION,True,4,3,2,NNG→JKO
WIKIPEDIA,P3,387,0,0,ALL_MORPH_BOUNDARY_GUARD,2,projected_saved_draft_candidate_at_or_after_rejection,3.0,AFTER_GUARD,True,4,3,2,SSO→SL
WIKIPEDIA,P3,387,8,21,ALL_MORPH_BOUNDARY_GUARD,3,saved_H3_exact_target_token,,NO_REJECTION,True,4,2,1,VCP→EF
WIKIPEDIA,P3,387,13,34,ALL_MORPH_BOUNDARY_GUARD,2,projected_saved_draft_candidate_at_or_after_rejection,2.0,AT_GUARD,True,4,3,2,SSO→SL
WIKIPEDIA,P3,387,20,55,ALL_MORPH_BOUNDARY_GUARD,3,projected_saved_draft_candidate_at_or_after_rejection,1.0,BEFORE_GUARD,False,4,2,1,VCP→EF
WIKIPEDIA,P3,387,31,87,ALL_MORPH_BOUNDARY_GUARD,3,saved_H3_exact_target_token,,NO_REJECTION,True,4,2,1,VCP→EF
WIKIPEDIA,P3,387,34,99,ALL_MORPH_BOUNDARY_GUARD,2,saved_H3_exact_target_token,,NO_REJECTION,True,4,3,2,SSO→SL
WIKIPEDIA,P3,387,40,115,ALL_MORPH_BOUNDARY_GUARD,2,saved_H3_exact_target_token,,NO_REJECTION,True,4,3,2,VCP→EF
WIKIPEDIA,P3,390,5,15,ALL_MORPH_BOUNDARY_GUARD,3,saved_H3_exact_target_token,,NO_REJECTION,True,4,2,1,VA→EF
WIKIPEDIA,P3,391,4,9,ALL_MORPH_BOUNDARY_GUARD,2,saved_H3_exact_target_token,,NO_REJECTION,True,4,3,2,VCP→EF
WIKIPEDIA,P3,391,15,32,ALL_MORPH_BOUNDARY_GUARD,3,projected_saved_draft_candidate_at_or_after_rejection,1.0,BEFORE_GUARD,False,4,2,1,SSO→SL
WIKIPEDIA,P3,391,16,33,ALL_MORPH_BOUNDARY_GUARD,2,projected_saved_draft_candidate_at_or_after_rejection,1.0,BEFORE_GUARD,False,4,3,2,SSO→SL
WIKIPEDIA,P3,391,17,34,ALL_MORPH_BOUNDARY_GUARD,2,saved_H3_exact_target_token,,NO_REJECTION,True,4,3,2,SSO→SL
WIKIPEDIA,P3,391,20,43,ALL_MORPH_BOUNDARY_GUARD,3,projected_saved_draft_candidate_at_or_after_rejection,3.0,AT_GUARD,True,4,2,1,XSV→EP
WIKIPEDIA,P3,391,27,61,ALL_MORPH_BOUNDARY_GUARD,3,projected_saved_draft_candidate_at_or_after_rejection,3.0,AT_GUARD,True,4,2,1,SSO→SL
WIKIPEDIA,P3,391,32,74,ALL_MORPH_BOUNDARY_GUARD,3,projected_saved_draft_candidate_at_or_after_rejection,1.0,BEFORE_GUARD,False,4,2,1,JKB→JX
WIKIPEDIA,P3,391,41,97,ALL_MORPH_BOUNDARY_GUARD,1,projected_saved_draft_candidate_at_or_after_rejection,2.0,AFTER_GUARD,True,4,4,3,JKB→JX
WIKIPEDIA,P3,391,49,120,ALL_MORPH_BOUNDARY_GUARD,1,projected_saved_draft_candidate_at_or_after_rejection,2.0,AFTER_GUARD,True,4,4,3,JKB→JX
WIKIPEDIA,P3,392,9,35,NP_BOUNDARY_GUARD,3,saved_H3_exact_target_token,,NO_REJECTION,True,4,2,1,NNG→JKO
WIKIPEDIA,P3,392,9,35,ALL_MORPH_BOUNDARY_GUARD,3,saved_H3_exact_target_token,,NO_REJECTION,True,4,2,1,NNG→JKO
WIKIPEDIA,P3,392,23,63,ALL_MORPH_BOUNDARY_GUARD,2,projected_saved_draft_candidate_at_or_after_rejection,1.0,BEFORE_GUARD,False,4,3,2,XSV→ETM
WIKIPEDIA,P3,392,30,81,ALL_MORPH_BOUNDARY_GUARD,1,saved_H3_exact_target_token,,NO_REJECTION,True,4,4,3,XSV→EC
WIKIPEDIA,P3,392,35,95,ALL_MORPH_BOUNDARY_GUARD,3,projected_saved_draft_candidate_at_or_after_rejection,1.0,BEFORE_GUARD,False,4,2,1,VX→ETM
WIKIPEDIA,P3,392,36,96,ALL_MORPH_BOUNDARY_GUARD,2,saved_H3_exact_target_token,,NO_REJECTION,True,4,3,2,XSV→ETM
WIKIPEDIA,P3,392,41,110,ALL_MORPH_BOUNDARY_GUARD,2,projected_saved_draft_candidate_at_or_after_rejection,1.0,BEFORE_GUARD,False,4,3,2,XSV→EC
WIKIPEDIA,P3,393,7,16,ALL_MORPH_BOUNDARY_GUARD,2,saved_H3_exact_target_token,,NO_REJECTION,True,4,3,2,VCP→EF
WIKIPEDIA,P3,393,16,43,ALL_MORPH_BOUNDARY_GUARD,2,saved_H3_exact_target_token,,NO_REJECTION,True,4,3,2,VCP→EF
WIKIPEDIA,P3,393,20,56,ALL_MORPH_BOUNDARY_GUARD,3,projected_saved_draft_candidate_at_or_after_rejection,1.0,BEFORE_GUARD,False,4,2,1,XSV→ETM
WIKIPEDIA,P3,394,1,4,NP_BOUNDARY_GUARD,3,projected_saved_draft_candidate_at_or_after_rejection,1.0,BEFORE_GUARD,False,4,2,1,NNG→JKO
WIKIPEDIA,P3,394,1,4,ALL_MORPH_BOUNDARY_GUARD,3,projected_saved_draft_candidate_at_or_after_rejection,1.0,BEFORE_GUARD,False,4,2,1,NNG→JKO
WIKIPEDIA,P3,394,23,58,ALL_MORPH_BOUNDARY_GUARD,3,projected_saved_draft_candidate_at_or_after_rejection,1.0,BEFORE_GUARD,False,4,2,1,XSV→ETM
WIKIPEDIA,P3,394,25,63,ALL_MORPH_BOUNDARY_GUARD,1,projected_saved_draft_candidate_at_or_after_rejection,2.0,AFTER_GUARD,True,4,4,3,XSV→ETM
WIKIPEDIA,P3,394,39,102,ALL_MORPH_BOUNDARY_GUARD,3,saved_H3_exact_target_token,,NO_REJECTION,True,4,2,1,XSV→ETM
WIKIPEDIA,P3,395,0,0,NP_BOUNDARY_GUARD,3,saved_H3_exact_target_token,,NO_REJECTION,True,4,2,1,NNG→JKG
WIKIPEDIA,P3,395,0,0,ALL_MORPH_BOUNDARY_GUARD,3,saved_H3_exact_target_token,,NO_REJECTION,True,4,2,1,NNG→JKG
WIKIPEDIA,P3,395,22,64,ALL_MORPH_BOUNDARY_GUARD,1,saved_H3_exact_target_token,,NO_REJECTION,True,4,4,3,VCP→EF
WIKIPEDIA,P3,395,26,80,ALL_MORPH_BOUNDARY_GUARD,2,saved_H3_exact_target_token,,NO_REJECTION,True,4,3,2,VCP→EF
WIKIPEDIA,P3,395,30,96,ALL_MORPH_BOUNDARY_GUARD,3,saved_H3_exact_target_token,,NO_REJECTION,True,4,2,1,VCP→EF
WIKIPEDIA,P3,396,7,22,ALL_MORPH_BOUNDARY_GUARD,1,saved_H3_exact_target_token,,NO_REJECTION,True,4,4,3,XSV→ETM
WIKIPEDIA,P3,396,9,30,ALL_MORPH_BOUNDARY_GUARD,2,projected_saved_draft_candidate_at_or_after_rejection,4.0,AFTER_GUARD,True,4,3,2,XSV→ETN
WIKIPEDIA,P3,396,16,50,ALL_MORPH_BOUNDARY_GUARD,1,projected_saved_draft_candidate_at_or_after_rejection,1.0,AT_GUARD,True,4,4,3,XSV→ETM
WIKIPEDIA,P3,396,17,51,ALL_MORPH_BOUNDARY_GUARD,2,projected_saved_draft_candidate_at_or_after_rejection,2.0,AT_GUARD,True,4,3,2,VA→EC
WIKIPEDIA,P3,396,25,72,ALL_MORPH_BOUNDARY_GUARD,2,projected_saved_draft_candidate_at_or_after_rejection,1.0,BEFORE_GUARD,False,4,3,2,XSV→EC
WIKIPEDIA,P3,396,26,73,ALL_MORPH_BOUNDARY_GUARD,1,projected_saved_draft_candidate_at_or_after_rejection,2.0,AFTER_GUARD,True,4,4,3,XSV→EC
WIKIPEDIA,P3,396,29,83,ALL_MORPH_BOUNDARY_GUARD,1,saved_H3_exact_target_token,,NO_REJECTION,True,4,4,3,XSV→ETM
WIKIPEDIA,P3,396,34,103,ALL_MORPH_BOUNDARY_GUARD,2,projected_saved_draft_candidate_at_or_after_rejection,1.0,BEFORE_GUARD,False,4,3,2,XSV→EC
WIKIPEDIA,P3,397,5,15,ALL_MORPH_BOUNDARY_GUARD,1,projected_saved_draft_candidate_at_or_after_rejection,1.0,AT_GUARD,True,4,4,3,XSV→ETM
WIKIPEDIA,P3,397,7,20,ALL_MORPH_BOUNDARY_GUARD,3,saved_H3_exact_target_token,,NO_REJECTION,True,4,2,1,VA→EF
WIKIPEDIA,P3,397,14,37,ALL_MORPH_BOUNDARY_GUARD,3,projected_saved_draft_candidate_at_or_after_rejection,2.0,BEFORE_GUARD,False,4,2,1,VX→ETM
WIKIPEDIA,P3,397,15,39,ALL_MORPH_BOUNDARY_GUARD,3,projected_saved_draft_candidate_at_or_after_rejection,1.0,BEFORE_GUARD,False,4,2,1,VCP→EF
WIKIPEDIA,P3,397,24,67,ALL_MORPH_BOUNDARY_GUARD,2,saved_H3_exact_target_token,,NO_REJECTION,True,4,3,2,XSV→ETM
WIKIPEDIA,P3,397,26,75,ALL_MORPH_BOUNDARY_GUARD,2,saved_H3_exact_target_token,,NO_REJECTION,True,4,3,2,VX→EF
WIKIPEDIA,P3,397,33,103,ALL_MORPH_BOUNDARY_GUARD,2,saved_H3_exact_target_token,,NO_REJECTION,True,4,3,2,XSV→ETM
WIKIPEDIA,P3,397,35,111,ALL_MORPH_BOUNDARY_GUARD,2,saved_H3_exact_target_token,,NO_REJECTION,True,4,3,2,VX→EF
WIKIPEDIA,P3,398,3,9,ALL_MORPH_BOUNDARY_GUARD,3,projected_saved_draft_candidate_at_or_after_rejection,1.0,BEFORE_GUARD,False,4,2,1,XSV→ETM
WIKIPEDIA,P3,398,12,31,ALL_MORPH_BOUNDARY_GUARD,3,projected_saved_draft_candidate_at_or_after_rejection,1.0,BEFORE_GUARD,False,4,2,1,XSV→ETM
WIKIPEDIA,P3,399,0,0,ALL_MORPH_BOUNDARY_GUARD,2,saved_H3_exact_target_token,,NO_REJECTION,True,4,3,2,VA→EF
WIKIPEDIA,P3,399,17,43,ALL_MORPH_BOUNDARY_GUARD,2,saved_H3_exact_target_token,,NO_REJECTION,True,4,3,2,VCP→EF
WIKIPEDIA,P3,399,22,56,ALL_MORPH_BOUNDARY_GUARD,2,projected_saved_draft_candidate_at_or_after_rejection,1.0,BEFORE_GUARD,False,4,3,2,VCP→EF
WIKIPEDIA,P3,399,23,57,ALL_MORPH_BOUNDARY_GUARD,2,saved_H3_exact_target_token,,NO_REJECTION,True,4,3,2,VCP→EF
WIKIPEDIA,P3,399,27,71,ALL_MORPH_BOUNDARY_GUARD,2,saved_H3_exact_target_token,,NO_REJECTION,True,4,3,2,VCP→EF
WIKIPEDIA,P3,399,34,99,ALL_MORPH_BOUNDARY_GUARD,2,projected_saved_draft_candidate_at_or_after_rejection,3.0,AFTER_GUARD,True,4,3,2,VCP→EF
WIKIPEDIA,P3,399,38,114,ALL_MORPH_BOUNDARY_GUARD,1,saved_H3_exact_target_token,,NO_REJECTION,True,4,4,3,VCP→EF
WIKIPEDIA,P3,401,16,40,ALL_MORPH_BOUNDARY_GUARD,2,projected_saved_draft_candidate_at_or_after_rejection,1.0,BEFORE_GUARD,False,4,3,2,XSV→ETM
WIKIPEDIA,P3,402,16,44,ALL_MORPH_BOUNDARY_GUARD,1,saved_H3_exact_target_token,,NO_REJECTION,True,4,4,3,VCP→EF
WIKIPEDIA,P3,402,20,57,NP_BOUNDARY_GUARD,3,projected_saved_draft_candidate_at_or_after_rejection,1.0,BEFORE_GUARD,False,4,2,1,NNG→JKO
WIKIPEDIA,P3,402,20,57,ALL_MORPH_BOUNDARY_GUARD,3,projected_saved_draft_candidate_at_or_after_rejection,1.0,BEFORE_GUARD,False,4,2,1,NNG→JKO
WIKIPEDIA,P3,402,28,81,ALL_MORPH_BOUNDARY_GUARD,2,saved_H3_exact_target_token,,NO_REJECTION,True,4,3,2,VCP→EF
WIKIPEDIA,P3,403,6,15,NP_BOUNDARY_GUARD,2,projected_saved_draft_candidate_at_or_after_rejection,3.0,AFTER_GUARD,True,4,3,2,NNB→JKO
WIKIPEDIA,P3,403,6,15,ALL_MORPH_BOUNDARY_GUARD,2,projected_saved_draft_candidate_at_or_after_rejection,3.0,AFTER_GUARD,True,4,3,2,NNB→JKO
WIKIPEDIA,P3,403,11,29,ALL_MORPH_BOUNDARY_GUARD,2,projected_saved_draft_candidate_at_or_after_rejection,3.0,AFTER_GUARD,True,4,3,2,XSV→ETM
WIKIPEDIA,P3,403,20,58,ALL_MORPH_BOUNDARY_GUARD,2,saved_H3_exact_target_token,,NO_REJECTION,True,4,3,2,XSV→ETM
WIKIPEDIA,P3,404,41,109,ALL_MORPH_BOUNDARY_GUARD,2,saved_H3_exact_target_token,,NO_REJECTION,True,4,3,2,EP→EF
WIKIPEDIA,P3,405,2,2,ALL_MORPH_BOUNDARY_GUARD,3,projected_saved_draft_candidate_at_or_after_rejection,1.0,BEFORE_GUARD,False,4,2,1,XSV→EF
WIKIPEDIA,P3,405,3,3,ALL_MORPH_BOUNDARY_GUARD,3,projected_saved_draft_candidate_at_or_after_rejection,1.0,BEFORE_GUARD,False,4,2,1,XSV→EC
WIKIPEDIA,P3,405,4,4,ALL_MORPH_BOUNDARY_GUARD,2,projected_saved_draft_candidate_at_or_after_rejection,1.0,BEFORE_GUARD,False,4,3,2,XSV→EC
WIKIPEDIA,P3,405,21,59,ALL_MORPH_BOUNDARY_GUARD,3,saved_H3_exact_target_token,,NO_REJECTION,True,4,2,1,XSV→EF
WIKIPEDIA,P3,406,2,3,ALL_MORPH_BOUNDARY_GUARD,1,saved_H3_exact_target_token,,NO_REJECTION,True,4,4,3,XSV→EC
WIKIPEDIA,P3,406,14,35,ALL_MORPH_BOUNDARY_GUARD,2,projected_saved_draft_candidate_at_or_after_rejection,2.0,AT_GUARD,True,4,3,2,VCP→EF
WIKIPEDIA,P3,406,15,37,ALL_MORPH_BOUNDARY_GUARD,1,saved_H3_exact_target_token,,NO_REJECTION,True,4,4,3,VCP→EF
WIKIPEDIA,P3,406,18,47,ALL_MORPH_BOUNDARY_GUARD,1,projected_saved_draft_candidate_at_or_after_rejection,1.0,AT_GUARD,True,4,4,3,ETN→JX
WIKIPEDIA,P3,406,24,56,ALL_MORPH_BOUNDARY_GUARD,2,projected_saved_draft_candidate_at_or_after_rejection,2.0,AT_GUARD,True,4,3,2,VA→ETM
WIKIPEDIA,P3,406,28,66,ALL_MORPH_BOUNDARY_GUARD,2,projected_saved_draft_candidate_at_or_after_rejection,2.0,AT_GUARD,True,4,3,2,VA→ETM
WIKIPEDIA,P3,407,30,73,ALL_MORPH_BOUNDARY_GUARD,1,projected_saved_draft_candidate_at_or_after_rejection,4.0,AFTER_GUARD,True,4,4,3,NNG→NNG
WIKIPEDIA,P3,407,46,121,ALL_MORPH_BOUNDARY_GUARD,1,saved_H3_exact_target_token,,NO_REJECTION,True,4,4,3,NNG→NNG
WIKIPEDIA,P3,408,0,0,ALL_MORPH_BOUNDARY_GUARD,3,projected_saved_draft_candidate_at_or_after_rejection,1.0,BEFORE_GUARD,False,4,2,1,VCP→EF
WIKIPEDIA,P3,408,2,2,ALL_MORPH_BOUNDARY_GUARD,1,projected_saved_draft_candidate_at_or_after_rejection,3.0,AFTER_GUARD,True,4,4,3,VCP→EF
WIKIPEDIA,P3,408,37,80,ALL_MORPH_BOUNDARY_GUARD,3,projected_saved_draft_candidate_at_or_after_rejection,1.0,BEFORE_GUARD,False,4,2,1,EP→EF
WIKIPEDIA,P3,410,5,12,ALL_MORPH_BOUNDARY_GUARD,2,projected_saved_draft_candidate_at_or_after_rejection,2.0,AT_GUARD,True,4,3,2,XSV→ETM
WIKIPEDIA,P3,410,9,20,NP_BOUNDARY_GUARD,3,projected_saved_draft_candidate_at_or_after_rejection,1.0,BEFORE_GUARD,False,4,2,1,NNB→JKS
WIKIPEDIA,P3,410,9,20,ALL_MORPH_BOUNDARY_GUARD,2,projected_saved_draft_candidate_at_or_after_rejection,1.0,BEFORE_GUARD,False,4,3,2,XSV→ETM
WIKIPEDIA,P3,410,10,21,NP_BOUNDARY_GUARD,2,projected_saved_draft_candidate_at_or_after_rejection,2.0,AT_GUARD,True,4,3,2,NNB→JKS
WIKIPEDIA,P3,410,10,21,ALL_MORPH_BOUNDARY_GUARD,1,projected_saved_draft_candidate_at_or_after_rejection,2.0,AFTER_GUARD,True,4,4,3,XSV→ETM
WIKIPEDIA,P3,410,11,23,ALL_MORPH_BOUNDARY_GUARD,2,saved_H3_exact_target_token,,NO_REJECTION,True,4,3,2,VV→EF
WIKIPEDIA,P3,410,14,32,ALL_MORPH_BOUNDARY_GUARD,2,projected_saved_draft_candidate_at_or_after_rejection,1.0,BEFORE_GUARD,False,4,3,2,XSV→ETM
WIKIPEDIA,P3,410,15,33,ALL_MORPH_BOUNDARY_GUARD,3,projected_saved_draft_candidate_at_or_after_rejection,4.0,AFTER_GUARD,True,4,2,1,XSV→ETM
WIKIPEDIA,P3,410,28,66,ALL_MORPH_BOUNDARY_GUARD,3,saved_H3_exact_target_token,,NO_REJECTION,True,4,2,1,XSV→ETM
WIKIPEDIA,P3,410,37,101,ALL_MORPH_BOUNDARY_GUARD,1,saved_H3_exact_target_token,,NO_REJECTION,True,4,4,3,XSV→ETM
WIKIPEDIA,P3,411,7,15,ALL_MORPH_BOUNDARY_GUARD,2,projected_saved_draft_candidate_at_or_after_rejection,2.0,AT_GUARD,True,4,3,2,VA→ETM
WIKIPEDIA,P3,411,22,46,ALL_MORPH_BOUNDARY_GUARD,3,projected_saved_draft_candidate_at_or_after_rejection,2.0,BEFORE_GUARD,False,4,2,1,EP→EF
WIKIPEDIA,P3,411,23,48,ALL_MORPH_BOUNDARY_GUARD,2,saved_H3_exact_target_token,,NO_REJECTION,True,4,3,2,EP→EF
WIKIPEDIA,P3,412,17,47,ALL_MORPH_BOUNDARY_GUARD,2,projected_saved_draft_candidate_at_or_after_rejection,2.0,AT_GUARD,True,4,3,2,XSV→EP
WIKIPEDIA,P3,413,0,0,ALL_MORPH_BOUNDARY_GUARD,3,projected_saved_draft_candidate_at_or_after_rejection,1.0,BEFORE_GUARD,False,4,2,1,VCP→EF
WIKIPEDIA,P3,413,1,1,ALL_MORPH_BOUNDARY_GUARD,3,projected_saved_draft_candidate_at_or_after_rejection,4.0,AFTER_GUARD,True,4,2,1,VCP→EC
WIKIPEDIA,P3,413,7,22,ALL_MORPH_BOUNDARY_GUARD,1,projected_saved_draft_candidate_at_or_after_rejection,1.0,AT_GUARD,True,4,4,3,VCP→EC
WIKIPEDIA,P3,414,11,25,ALL_MORPH_BOUNDARY_GUARD,2,saved_H3_exact_target_token,,NO_REJECTION,True,4,3,2,VCP→EF
WIKIPEDIA,P3,414,25,65,ALL_MORPH_BOUNDARY_GUARD,3,saved_H3_exact_target_token,,NO_REJECTION,True,4,2,1,XSN→JKB
WIKIPEDIA,P3,414,31,89,ALL_MORPH_BOUNDARY_GUARD,1,saved_H3_exact_target_token,,NO_REJECTION,True,4,4,3,XSN→JKB
WIKIPEDIA,P3,414,36,109,ALL_MORPH_BOUNDARY_GUARD,3,saved_H3_exact_target_token,,NO_REJECTION,True,4,2,1,XSN→JKB
WIKIPEDIA,P3,415,3,9,ALL_MORPH_BOUNDARY_GUARD,1,saved_H3_exact_target_token,,NO_REJECTION,True,4,4,3,SSC→SP
WIKIPEDIA,P3,415,16,42,ALL_MORPH_BOUNDARY_GUARD,1,projected_saved_draft_candidate_at_or_after_rejection,2.0,AFTER_GUARD,True,4,4,3,SSC→SF
WIKIPEDIA,P3,417,12,35,ALL_MORPH_BOUNDARY_GUARD,2,projected_saved_draft_candidate_at_or_after_rejection,3.0,AFTER_GUARD,True,4,3,2,XSV→ETM
WIKIPEDIA,P3,417,21,62,ALL_MORPH_BOUNDARY_GUARD,2,saved_H3_exact_target_token,,NO_REJECTION,True,4,3,2,XSV→ETM
WIKIPEDIA,P3,417,28,90,ALL_MORPH_BOUNDARY_GUARD,1,saved_H3_exact_target_token,,NO_REJECTION,True,4,4,3,XSV→ETM
WIKIPEDIA,P3,419,4,6,NP_BOUNDARY_GUARD,1,projected_saved_draft_candidate_at_or_after_rejection,4.0,AFTER_GUARD,True,4,4,3,NNG→JKB
WIKIPEDIA,P3,419,4,6,ALL_MORPH_BOUNDARY_GUARD,1,projected_saved_draft_candidate_at_or_after_rejection,4.0,AFTER_GUARD,True,4,4,3,NNG→JKB
WIKIPEDIA,P3,420,3,5,ALL_MORPH_BOUNDARY_GUARD,2,projected_saved_draft_candidate_at_or_after_rejection,2.0,AT_GUARD,True,4,3,2,SSO→SL
WIKIPEDIA,P3,420,13,35,ALL_MORPH_BOUNDARY_GUARD,1,projected_saved_draft_candidate_at_or_after_rejection,1.0,AT_GUARD,True,4,4,3,SSO→SL
WIKIPEDIA,P3,420,15,40,ALL_MORPH_BOUNDARY_GUARD,2,projected_saved_draft_candidate_at_or_after_rejection,4.0,AFTER_GUARD,True,4,3,2,XSV→ETN
WIKIPEDIA,P3,420,24,66,ALL_MORPH_BOUNDARY_GUARD,1,projected_saved_draft_candidate_at_or_after_rejection,3.0,AFTER_GUARD,True,4,4,3,XSV→ETN
WIKIPEDIA,P3,420,26,71,ALL_MORPH_BOUNDARY_GUARD,3,saved_H3_exact_target_token,,NO_REJECTION,True,4,2,1,VV→EC
WIKIPEDIA,P3,420,28,76,NP_BOUNDARY_GUARD,1,projected_saved_draft_candidate_at_or_after_rejection,1.0,AT_GUARD,True,4,4,3,NNB→JX
WIKIPEDIA,P3,420,28,76,ALL_MORPH_BOUNDARY_GUARD,1,projected_saved_draft_candidate_at_or_after_rejection,1.0,AT_GUARD,True,4,4,3,NNB→JX
WIKIPEDIA,P3,420,29,77,ALL_MORPH_BOUNDARY_GUARD,1,projected_saved_draft_candidate_at_or_after_rejection,3.0,AFTER_GUARD,True,4,4,3,VCN→EC
WIKIPEDIA,P3,420,31,82,ALL_MORPH_BOUNDARY_GUARD,3,saved_H3_exact_target_token,,NO_REJECTION,True,4,2,1,VV→EC
WIKIPEDIA,P3,420,34,90,ALL_MORPH_BOUNDARY_GUARD,2,saved_H3_exact_target_token,,NO_REJECTION,True,4,3,2,VA→EF
WIKIPEDIA,P3,420,38,103,ALL_MORPH_BOUNDARY_GUARD,3,saved_H3_exact_target_token,,NO_REJECTION,True,4,2,1,VV→EC
WIKIPEDIA,P3,420,40,111,ALL_MORPH_BOUNDARY_GUARD,2,projected_saved_draft_candidate_at_or_after_rejection,3.0,AFTER_GUARD,True,4,3,2,VA→ETM
WIKIPEDIA,P3,420,41,114,ALL_MORPH_BOUNDARY_GUARD,2,projected_saved_draft_candidate_at_or_after_rejection,3.0,AFTER_GUARD,True,4,3,2,VCP→EF
WIKIPEDIA,P3,422,20,54,ALL_MORPH_BOUNDARY_GUARD,3,projected_saved_draft_candidate_at_or_after_rejection,3.0,AT_GUARD,True,4,2,1,VCP→EC
WIKIPEDIA,P3,422,39,126,ALL_MORPH_BOUNDARY_GUARD,1,saved_H3_exact_target_token,,NO_REJECTION,True,2,2,1,XSV→ETM
WIKIPEDIA,P3,423,3,6,ALL_MORPH_BOUNDARY_GUARD,2,projected_saved_draft_candidate_at_or_after_rejection,1.0,BEFORE_GUARD,False,4,3,2,VX→EF
WIKIPEDIA,P3,423,24,66,ALL_MORPH_BOUNDARY_GUARD,1,saved_H3_exact_target_token,,NO_REJECTION,True,4,4,3,VCP→EF
WIKIPEDIA,P3,424,15,42,NP_BOUNDARY_GUARD,2,projected_saved_draft_candidate_at_or_after_rejection,2.0,AT_GUARD,True,4,3,2,NNG→JKS
WIKIPEDIA,P3,424,15,42,ALL_MORPH_BOUNDARY_GUARD,2,projected_saved_draft_candidate_at_or_after_rejection,2.0,AT_GUARD,True,4,3,2,NNG→JKS
WIKIPEDIA,P3,424,16,44,ALL_MORPH_BOUNDARY_GUARD,3,saved_H3_exact_target_token,,NO_REJECTION,True,4,2,1,VV→EF
WIKIPEDIA,P3,424,19,55,ALL_MORPH_BOUNDARY_GUARD,3,saved_H3_exact_target_token,,NO_REJECTION,True,4,2,1,JKB→JX
WIKIPEDIA,P3,424,22,67,ALL_MORPH_BOUNDARY_GUARD,2,saved_H3_exact_target_token,,NO_REJECTION,True,4,3,2,VV→EF
WIKIPEDIA,P3,424,25,79,ALL_MORPH_BOUNDARY_GUARD,1,saved_H3_exact_target_token,,NO_REJECTION,True,4,4,3,JKB→JX
WIKIPEDIA,P3,424,30,99,ALL_MORPH_BOUNDARY_GUARD,3,saved_H3_exact_target_token,,NO_REJECTION,True,4,2,1,JKB→JX
WIKIPEDIA,P3,424,33,111,ALL_MORPH_BOUNDARY_GUARD,2,saved_H3_exact_target_token,,NO_REJECTION,True,4,3,2,VV→EF
WIKIPEDIA,P3,424,36,123,ALL_MORPH_BOUNDARY_GUARD,1,saved_H3_exact_target_token,,NO_REJECTION,True,4,4,3,JKB→JX
WIKIPEDIA,P3,427,17,44,ALL_MORPH_BOUNDARY_GUARD,3,saved_H3_exact_target_token,,NO_REJECTION,True,4,2,1,XSV→ETM
WIKIPEDIA,P3,427,20,56,ALL_MORPH_BOUNDARY_GUARD,2,saved_H3_exact_target_token,,NO_REJECTION,True,4,3,2,VCP→EF
WIKIPEDIA,P3,427,27,84,ALL_MORPH_BOUNDARY_GUARD,3,saved_H3_exact_target_token,,NO_REJECTION,True,4,2,1,VCP→EF
WIKIPEDIA,P3,427,32,104,ALL_MORPH_BOUNDARY_GUARD,1,saved_H3_exact_target_token,,NO_REJECTION,True,4,4,3,XSV→ETM
WIKIPEDIA,P3,428,0,0,ALL_MORPH_BOUNDARY_GUARD,1,saved_H3_exact_target_token,,NO_REJECTION,True,4,4,3,NP→EF
WIKIPEDIA,P3,428,22,65,ALL_MORPH_BOUNDARY_GUARD,1,saved_H3_exact_target_token,,NO_REJECTION,True,4,4,3,JKB→JX
WIKIPEDIA,P3,428,29,93,ALL_MORPH_BOUNDARY_GUARD,2,projected_saved_draft_candidate_at_or_after_rejection,3.0,AFTER_GUARD,True,4,3,2,JKB→JX
WIKIPEDIA,P3,428,33,108,ALL_MORPH_BOUNDARY_GUARD,2,projected_saved_draft_candidate_at_or_after_rejection,3.0,AFTER_GUARD,True,4,3,2,JKB→JX
WIKIPEDIA,P3,429,3,9,NP_BOUNDARY_GUARD,1,projected_saved_draft_candidate_at_or_after_rejection,2.0,AFTER_GUARD,True,4,4,3,NNG→JKG
WIKIPEDIA,P3,429,3,9,ALL_MORPH_BOUNDARY_GUARD,1,projected_saved_draft_candidate_at_or_after_rejection,2.0,AFTER_GUARD,True,4,4,3,NNG→JKG
WIKIPEDIA,P3,429,12,30,NP_BOUNDARY_GUARD,3,projected_saved_draft_candidate_at_or_after_rejection,3.0,AT_GUARD,True,4,2,1,NNG→JKS
WIKIPEDIA,P3,429,12,30,ALL_MORPH_BOUNDARY_GUARD,3,projected_saved_draft_candidate_at_or_after_rejection,3.0,AT_GUARD,True,4,2,1,NNG→JKS
WIKIPEDIA,P3,429,16,39,ALL_MORPH_BOUNDARY_GUARD,1,projected_saved_draft_candidate_at_or_after_rejection,1.0,AT_GUARD,True,4,4,3,VA→ETM
WIKIPEDIA,P3,429,17,40,ALL_MORPH_BOUNDARY_GUARD,3,projected_saved_draft_candidate_at_or_after_rejection,1.0,BEFORE_GUARD,False,4,2,1,XSA→EF
WIKIPEDIA,P3,429,19,44,NP_BOUNDARY_GUARD,1,projected_saved_draft_candidate_at_or_after_rejection,4.0,AFTER_GUARD,True,4,4,3,NNG→JKG
WIKIPEDIA,P3,429,19,44,ALL_MORPH_BOUNDARY_GUARD,1,projected_saved_draft_candidate_at_or_after_rejection,4.0,AFTER_GUARD,True,4,4,3,NNG→JKG
WIKIPEDIA,P3,429,21,49,ALL_MORPH_BOUNDARY_GUARD,2,projected_saved_draft_candidate_at_or_after_rejection,4.0,AFTER_GUARD,True,4,3,2,XSA→EF
WIKIPEDIA,P3,429,25,62,NP_BOUNDARY_GUARD,1,saved_H3_exact_target_token,,NO_REJECTION,True,4,4,3,NNG→JKG
WIKIPEDIA,P3,429,25,62,ALL_MORPH_BOUNDARY_GUARD,1,saved_H3_exact_target_token,,NO_REJECTION,True,4,4,3,NNG→JKG
WIKIPEDIA,P3,429,28,74,NP_BOUNDARY_GUARD,1,saved_H3_exact_target_token,,NO_REJECTION,True,4,4,3,NNG→JKG
WIKIPEDIA,P3,429,28,74,ALL_MORPH_BOUNDARY_GUARD,1,saved_H3_exact_target_token,,NO_REJECTION,True,4,4,3,NNG→JKG
WIKIPEDIA,P3,429,29,78,ALL_MORPH_BOUNDARY_GUARD,3,projected_saved_draft_candidate_at_or_after_rejection,4.0,AFTER_GUARD,True,4,2,1,XSA→EF
WIKIPEDIA,P3,429,30,82,NP_BOUNDARY_GUARD,2,projected_saved_draft_candidate_at_or_after_rejection,1.0,BEFORE_GUARD,False,4,3,2,NNG→JKG
WIKIPEDIA,P3,429,30,82,ALL_MORPH_BOUNDARY_GUARD,2,projected_saved_draft_candidate_at_or_after_rejection,1.0,BEFORE_GUARD,False,4,3,2,NNG→JKG
WIKIPEDIA,P3,429,33,91,NP_BOUNDARY_GUARD,2,saved_H3_exact_target_token,,NO_REJECTION,True,4,3,2,NNG→JKG
WIKIPEDIA,P3,429,33,91,ALL_MORPH_BOUNDARY_GUARD,2,saved_H3_exact_target_token,,NO_REJECTION,True,4,3,2,NNG→JKG
WIKIPEDIA,P3,429,36,103,NP_BOUNDARY_GUARD,2,saved_H3_exact_target_token,,NO_REJECTION,True,4,3,2,NNG→JKG
WIKIPEDIA,P3,429,36,103,ALL_MORPH_BOUNDARY_GUARD,2,saved_H3_exact_target_token,,NO_REJECTION,True,4,3,2,NNG→JKG
WIKIPEDIA,P3,429,39,115,NP_BOUNDARY_GUARD,2,saved_H3_exact_target_token,,NO_REJECTION,True,4,3,2,NNG→JKG
WIKIPEDIA,P3,429,39,115,ALL_MORPH_BOUNDARY_GUARD,2,saved_H3_exact_target_token,,NO_REJECTION,True,4,3,2,NNG→JKG
WIKIPEDIA,P3,430,1,4,ALL_MORPH_BOUNDARY_GUARD,3,saved_H3_exact_target_token,,NO_REJECTION,True,4,2,1,XSV→EC
WIKIPEDIA,P3,430,4,13,ALL_MORPH_BOUNDARY_GUARD,2,projected_saved_draft_candidate_at_or_after_rejection,1.0,BEFORE_GUARD,False,4,3,2,VA→EF
WIKIPEDIA,P3,430,7,19,ALL_MORPH_BOUNDARY_GUARD,2,saved_H3_exact_target_token,,NO_REJECTION,True,4,3,2,VX→EF
WIKIPEDIA,P3,430,9,27,ALL_MORPH_BOUNDARY_GUARD,1,projected_saved_draft_candidate_at_or_after_rejection,3.0,AFTER_GUARD,True,4,4,3,VA→EF
WIKIPEDIA,P3,431,20,43,ALL_MORPH_BOUNDARY_GUARD,1,saved_H3_exact_target_token,,NO_REJECTION,True,4,4,3,EP→EF
WIKIPEDIA,P3,431,28,67,NP_BOUNDARY_GUARD,1,projected_saved_draft_candidate_at_or_after_rejection,4.0,AFTER_GUARD,True,4,4,3,NNB→JKB
WIKIPEDIA,P3,431,28,67,ALL_MORPH_BOUNDARY_GUARD,1,projected_saved_draft_candidate_at_or_after_rejection,4.0,AFTER_GUARD,True,4,4,3,NNB→JKB
WIKIPEDIA,P3,431,32,79,ALL_MORPH_BOUNDARY_GUARD,1,projected_saved_draft_candidate_at_or_after_rejection,3.0,AFTER_GUARD,True,4,4,3,ETN→JX
WIKIPEDIA,P3,432,1,1,ALL_MORPH_BOUNDARY_GUARD,2,projected_saved_draft_candidate_at_or_after_rejection,1.0,BEFORE_GUARD,False,4,3,2,XSA→ETM
WIKIPEDIA,P3,432,5,10,ALL_MORPH_BOUNDARY_GUARD,3,projected_saved_draft_candidate_at_or_after_rejection,3.0,AT_GUARD,True,4,2,1,VA→ETM
WIKIPEDIA,P3,432,6,13,ALL_MORPH_BOUNDARY_GUARD,1,saved_H3_exact_target_token,,NO_REJECTION,True,4,4,3,ETN→JKO
WIKIPEDIA,P3,432,28,80,ALL_MORPH_BOUNDARY_GUARD,2,projected_saved_draft_candidate_at_or_after_rejection,2.0,AT_GUARD,True,4,3,2,XSV→EP
WIKIPEDIA,P3,432,35,92,ALL_MORPH_BOUNDARY_GUARD,1,projected_saved_draft_candidate_at_or_after_rejection,2.0,AFTER_GUARD,True,4,4,3,XSV→EC
WIKIPEDIA,P3,432,42,111,ALL_MORPH_BOUNDARY_GUARD,3,saved_H3_exact_target_token,,NO_REJECTION,True,4,2,1,XSV→EC
WIKIPEDIA,P3,433,2,3,ALL_MORPH_BOUNDARY_GUARD,3,projected_saved_draft_candidate_at_or_after_rejection,3.0,AT_GUARD,True,4,2,1,VCP→EF
WIKIPEDIA,P3,433,17,42,ALL_MORPH_BOUNDARY_GUARD,2,saved_H3_exact_target_token,,NO_REJECTION,True,4,3,2,XSV→EP
WIKIPEDIA,P3,433,19,50,ALL_MORPH_BOUNDARY_GUARD,3,projected_saved_draft_candidate_at_or_after_rejection,1.0,BEFORE_GUARD,False,4,2,1,JKB→JX
WIKIPEDIA,P3,433,20,51,ALL_MORPH_BOUNDARY_GUARD,2,saved_H3_exact_target_token,,NO_REJECTION,True,4,3,2,JKB→JX
WIKIPEDIA,P3,433,25,67,ALL_MORPH_BOUNDARY_GUARD,3,projected_saved_draft_candidate_at_or_after_rejection,1.0,BEFORE_GUARD,False,4,2,1,JKB→JX
WIKIPEDIA,P3,433,26,68,ALL_MORPH_BOUNDARY_GUARD,2,saved_H3_exact_target_token,,NO_REJECTION,True,4,3,2,JKB→JX
WIKIPEDIA,P3,433,28,76,ALL_MORPH_BOUNDARY_GUARD,3,projected_saved_draft_candidate_at_or_after_rejection,3.0,AT_GUARD,True,4,2,1,XSV→EP
WIKIPEDIA,P3,433,35,103,ALL_MORPH_BOUNDARY_GUARD,1,saved_H3_exact_target_token,,NO_REJECTION,True,4,4,3,JKB→JX
WIKIPEDIA,P3,433,39,119,ALL_MORPH_BOUNDARY_GUARD,2,saved_H3_exact_target_token,,NO_REJECTION,True,4,3,2,JKB→JX
WIKIPEDIA,P3,434,3,8,ALL_MORPH_BOUNDARY_GUARD,2,saved_H3_exact_target_token,,NO_REJECTION,True,4,3,2,VA→EF
WIKIPEDIA,P3,434,5,16,ALL_MORPH_BOUNDARY_GUARD,2,projected_saved_draft_candidate_at_or_after_rejection,4.0,AFTER_GUARD,True,4,3,2,VA→EF
WIKIPEDIA,P3,434,12,34,ALL_MORPH_BOUNDARY_GUARD,3,projected_saved_draft_candidate_at_or_after_rejection,1.0,BEFORE_GUARD,False,4,2,1,VCP→EF
WIKIPEDIA,P3,434,13,35,ALL_MORPH_BOUNDARY_GUARD,2,projected_saved_draft_candidate_at_or_after_rejection,1.0,BEFORE_GUARD,False,4,3,2,VCP→EF
WIKIPEDIA,P3,434,14,36,ALL_MORPH_BOUNDARY_GUARD,2,projected_saved_draft_candidate_at_or_after_rejection,4.0,AFTER_GUARD,True,4,3,2,VCP→EF
WIKIPEDIA,P3,434,17,46,ALL_MORPH_BOUNDARY_GUARD,1,projected_saved_draft_candidate_at_or_after_rejection,1.0,AT_GUARD,True,4,4,3,VA→ETM
WIKIPEDIA,P3,434,29,82,ALL_MORPH_BOUNDARY_GUARD,1,projected_saved_draft_candidate_at_or_after_rejection,3.0,AFTER_GUARD,True,4,4,3,VA→EF
WIKIPEDIA,P3,434,31,89,ALL_MORPH_BOUNDARY_GUARD,3,projected_saved_draft_candidate_at_or_after_rejection,2.0,BEFORE_GUARD,False,4,2,1,VA→EF
WIKIPEDIA,P3,434,37,109,ALL_MORPH_BOUNDARY_GUARD,3,saved_H3_exact_target_token,,NO_REJECTION,True,4,2,1,VA→EF
WIKIPEDIA,P3,434,42,126,ALL_MORPH_BOUNDARY_GUARD,1,saved_H3_exact_target_token,,NO_REJECTION,True,2,2,1,VA→EF
WIKIPEDIA,P3,435,0,0,ALL_MORPH_BOUNDARY_GUARD,2,projected_saved_draft_candidate_at_or_after_rejection,4.0,AFTER_GUARD,True,4,3,2,VX→EF
WIKIPEDIA,P3,435,8,21,ALL_MORPH_BOUNDARY_GUARD,3,projected_saved_draft_candidate_at_or_after_rejection,3.0,AT_GUARD,True,4,2,1,XSV→ETN
WIKIPEDIA,P3,435,10,25,ALL_MORPH_BOUNDARY_GUARD,2,projected_saved_draft_candidate_at_or_after_rejection,2.0,AT_GUARD,True,4,3,2,EP→ETM
WIKIPEDIA,P3,435,19,50,ALL_MORPH_BOUNDARY_GUARD,2,projected_saved_draft_candidate_at_or_after_rejection,4.0,AFTER_GUARD,True,4,3,2,SO→SL
WIKIPEDIA,P3,435,32,89,ALL_MORPH_BOUNDARY_GUARD,3,saved_H3_exact_target_token,,NO_REJECTION,True,4,2,1,SO→SL
WIKIPEDIA,P3,436,34,75,ALL_MORPH_BOUNDARY_GUARD,3,saved_H3_exact_target_token,,NO_REJECTION,True,4,2,1,SO→SL
WIKIPEDIA,P3,437,18,41,ALL_MORPH_BOUNDARY_GUARD,1,projected_saved_draft_candidate_at_or_after_rejection,3.0,AFTER_GUARD,True,4,4,3,XSV→EC
WIKIPEDIA,P3,437,22,52,ALL_MORPH_BOUNDARY_GUARD,1,projected_saved_draft_candidate_at_or_after_rejection,3.0,AFTER_GUARD,True,4,4,3,XSV→EC
WIKIPEDIA,P3,437,29,74,NP_BOUNDARY_GUARD,3,projected_saved_draft_candidate_at_or_after_rejection,1.0,BEFORE_GUARD,False,4,2,1,NNG→JX
WIKIPEDIA,P3,437,29,74,ALL_MORPH_BOUNDARY_GUARD,3,projected_saved_draft_candidate_at_or_after_rejection,1.0,BEFORE_GUARD,False,4,2,1,NNG→JX
WIKIPEDIA,P3,437,48,112,NP_BOUNDARY_GUARD,3,projected_saved_draft_candidate_at_or_after_rejection,1.0,BEFORE_GUARD,False,4,2,1,NNG→JX
WIKIPEDIA,P3,437,48,112,ALL_MORPH_BOUNDARY_GUARD,3,projected_saved_draft_candidate_at_or_after_rejection,1.0,BEFORE_GUARD,False,4,2,1,NNG→JX
WIKIPEDIA,P3,438,13,29,ALL_MORPH_BOUNDARY_GUARD,2,projected_saved_draft_candidate_at_or_after_rejection,1.0,BEFORE_GUARD,False,4,3,2,XSV→EP
WIKIPEDIA,P3,438,14,30,ALL_MORPH_BOUNDARY_GUARD,2,projected_saved_draft_candidate_at_or_after_rejection,2.0,AT_GUARD,True,4,3,2,XSV→EP
WIKIPEDIA,P3,439,6,21,ALL_MORPH_BOUNDARY_GUARD,1,projected_saved_draft_candidate_at_or_after_rejection,1.0,AT_GUARD,True,4,4,3,VV→ETM
WIKIPEDIA,P3,439,14,38,ALL_MORPH_BOUNDARY_GUARD,2,projected_saved_draft_candidate_at_or_after_rejection,2.0,AT_GUARD,True,4,3,2,VA→ETM
WIKIPEDIA,P3,439,19,55,ALL_MORPH_BOUNDARY_GUARD,3,projected_saved_draft_candidate_at_or_after_rejection,3.0,AT_GUARD,True,4,2,1,VA→ETM
WIKIPEDIA,P3,439,24,74,ALL_MORPH_BOUNDARY_GUARD,2,saved_H3_exact_target_token,,NO_REJECTION,True,4,3,2,VA→EF
WIKIPEDIA,P3,439,33,110,ALL_MORPH_BOUNDARY_GUARD,2,saved_H3_exact_target_token,,NO_REJECTION,True,4,3,2,VA→EF
WIKIPEDIA,P3,442,4,8,ALL_MORPH_BOUNDARY_GUARD,3,saved_H3_exact_target_token,,NO_REJECTION,True,4,2,1,VV→EF
WIKIPEDIA,P3,443,7,14,ALL_MORPH_BOUNDARY_GUARD,1,projected_saved_draft_candidate_at_or_after_rejection,2.0,AFTER_GUARD,True,4,4,3,XSV→ETM
WIKIPEDIA,P3,443,19,42,ALL_MORPH_BOUNDARY_GUARD,1,saved_H3_exact_target_token,,NO_REJECTION,True,4,4,3,XSV→EC
WIKIPEDIA,P3,443,26,59,ALL_MORPH_BOUNDARY_GUARD,3,projected_saved_draft_candidate_at_or_after_rejection,1.0,BEFORE_GUARD,False,4,2,1,JKB→JX
WIKIPEDIA,P3,443,41,97,ALL_MORPH_BOUNDARY_GUARD,3,projected_saved_draft_candidate_at_or_after_rejection,1.0,BEFORE_GUARD,False,4,2,1,JKB→JX
WIKIPEDIA,P3,443,47,113,ALL_MORPH_BOUNDARY_GUARD,3,projected_saved_draft_candidate_at_or_after_rejection,2.0,BEFORE_GUARD,False,4,2,1,VX→EF
WIKIPEDIA,P3,444,5,13,ALL_MORPH_BOUNDARY_GUARD,1,projected_saved_draft_candidate_at_or_after_rejection,1.0,AT_GUARD,True,4,4,3,XSN→JKG
WIKIPEDIA,P3,444,9,21,ALL_MORPH_BOUNDARY_GUARD,3,saved_H3_exact_target_token,,NO_REJECTION,True,4,2,1,XSV→ETM
WIKIPEDIA,P3,444,19,55,ALL_MORPH_BOUNDARY_GUARD,1,saved_H3_exact_target_token,,NO_REJECTION,True,4,4,3,XSV→ETM
WIKIPEDIA,P3,444,27,87,ALL_MORPH_BOUNDARY_GUARD,1,saved_H3_exact_target_token,,NO_REJECTION,True,4,4,3,XSV→ETM
WIKIPEDIA,P3,444,35,119,ALL_MORPH_BOUNDARY_GUARD,1,saved_H3_exact_target_token,,NO_REJECTION,True,4,4,3,XSV→ETM
WIKIPEDIA,P3,445,9,16,ALL_MORPH_BOUNDARY_GUARD,1,projected_saved_draft_candidate_at_or_after_rejection,2.0,AFTER_GUARD,True,4,4,3,XSV→ETM
WIKIPEDIA,P3,445,14,25,ALL_MORPH_BOUNDARY_GUARD,2,projected_saved_draft_candidate_at_or_after_rejection,3.0,AFTER_GUARD,True,4,3,2,XSV→ETM
WIKIPEDIA,P3,445,34,68,ALL_MORPH_BOUNDARY_GUARD,1,projected_saved_draft_candidate_at_or_after_rejection,3.0,AFTER_GUARD,True,4,4,3,VX→EF
WIKIPEDIA,P3,445,52,105,ALL_MORPH_BOUNDARY_GUARD,1,projected_saved_draft_candidate_at_or_after_rejection,1.0,AT_GUARD,True,4,4,3,XSV→EC
WIKIPEDIA,P3,447,2,2,ALL_MORPH_BOUNDARY_GUARD,3,projected_saved_draft_candidate_at_or_after_rejection,1.0,BEFORE_GUARD,False,4,2,1,XSV→EC
WIKIPEDIA,P3,447,6,10,ALL_MORPH_BOUNDARY_GUARD,2,saved_H3_exact_target_token,,NO_REJECTION,True,4,3,2,XSV→EC
WIKIPEDIA,P3,447,8,15,ALL_MORPH_BOUNDARY_GUARD,3,projected_saved_draft_candidate_at_or_after_rejection,3.0,AT_GUARD,True,4,2,1,VV→EC
WIKIPEDIA,P3,447,13,26,ALL_MORPH_BOUNDARY_GUARD,1,projected_saved_draft_candidate_at_or_after_rejection,2.0,AFTER_GUARD,True,4,4,3,XSV→ETM
WIKIPEDIA,P3,447,17,32,ALL_MORPH_BOUNDARY_GUARD,1,saved_H3_exact_target_token,,NO_REJECTION,True,4,4,3,XSV→EC
WIKIPEDIA,P3,447,19,40,ALL_MORPH_BOUNDARY_GUARD,2,saved_H3_exact_target_token,,NO_REJECTION,True,4,3,2,XSV→ETM
WIKIPEDIA,P3,447,21,45,ALL_MORPH_BOUNDARY_GUARD,3,saved_H3_exact_target_token,,NO_REJECTION,True,4,2,1,XSV→EC
WIKIPEDIA,P3,447,25,61,ALL_MORPH_BOUNDARY_GUARD,2,saved_H3_exact_target_token,,NO_REJECTION,True,4,3,2,XSV→EC
WIKIPEDIA,P3,447,27,69,ALL_MORPH_BOUNDARY_GUARD,3,saved_H3_exact_target_token,,NO_REJECTION,True,4,2,1,XSV→ETM
WIKIPEDIA,P3,447,29,77,ALL_MORPH_BOUNDARY_GUARD,1,saved_H3_exact_target_token,,NO_REJECTION,True,4,4,3,XSV→EC
WIKIPEDIA,P3,447,31,85,ALL_MORPH_BOUNDARY_GUARD,2,saved_H3_exact_target_token,,NO_REJECTION,True,4,3,2,XSV→ETM
WIKIPEDIA,P3,447,33,93,ALL_MORPH_BOUNDARY_GUARD,1,saved_H3_exact_target_token,,NO_REJECTION,True,4,4,3,VX→EF
WIKIPEDIA,P3,447,35,101,ALL_MORPH_BOUNDARY_GUARD,1,saved_H3_exact_target_token,,NO_REJECTION,True,4,4,3,XSV→ETM
WIKIPEDIA,P3,447,36,105,ALL_MORPH_BOUNDARY_GUARD,3,saved_H3_exact_target_token,,NO_REJECTION,True,4,2,1,XSV→EC
WIKIPEDIA,P3,447,40,121,ALL_MORPH_BOUNDARY_GUARD,2,saved_H3_exact_target_token,,NO_REJECTION,True,4,3,2,XSV→EC
WIKIPEDIA,P3,448,1,1,ALL_MORPH_BOUNDARY_GUARD,3,projected_saved_draft_candidate_at_or_after_rejection,1.0,BEFORE_GUARD,False,4,2,1,VX→EF
WIKIPEDIA,P3,448,2,2,ALL_MORPH_BOUNDARY_GUARD,2,saved_H3_exact_target_token,,NO_REJECTION,True,4,3,2,XSV→EC
WIKIPEDIA,P3,448,15,39,ALL_MORPH_BOUNDARY_GUARD,2,saved_H3_exact_target_token,,NO_REJECTION,True,4,3,2,SSO→SL
WIKIPEDIA,P3,449,4,6,ALL_MORPH_BOUNDARY_GUARD,2,projected_saved_draft_candidate_at_or_after_rejection,3.0,AFTER_GUARD,True,4,3,2,JKB→JX
WIKIPEDIA,P3,449,8,16,ALL_MORPH_BOUNDARY_GUARD,3,projected_saved_draft_candidate_at_or_after_rejection,4.0,AFTER_GUARD,True,4,2,1,JKB→JX
WIKIPEDIA,P3,449,17,42,ALL_MORPH_BOUNDARY_GUARD,1,saved_H3_exact_target_token,,NO_REJECTION,True,4,4,3,JKB→JX
WIKIPEDIA,P3,449,23,63,ALL_MORPH_BOUNDARY_GUARD,2,saved_H3_exact_target_token,,NO_REJECTION,True,4,3,2,JKB→JX
WIKIPEDIA,P3,449,26,75,ALL_MORPH_BOUNDARY_GUARD,1,saved_H3_exact_target_token,,NO_REJECTION,True,4,4,3,JKB→JX
WIKIPEDIA,P3,449,31,95,ALL_MORPH_BOUNDARY_GUARD,3,saved_H3_exact_target_token,,NO_REJECTION,True,4,2,1,JKB→JX
WIKIPEDIA,P3,449,34,107,ALL_MORPH_BOUNDARY_GUARD,2,saved_H3_exact_target_token,,NO_REJECTION,True,4,3,2,JKB→JX
WIKIPEDIA,P3,449,37,119,ALL_MORPH_BOUNDARY_GUARD,1,saved_H3_exact_target_token,,NO_REJECTION,True,4,4,3,JKB→JX
WIKIPEDIA,P3,450,34,64,ALL_MORPH_BOUNDARY_GUARD,2,projected_saved_draft_candidate_at_or_after_rejection,4.0,AFTER_GUARD,True,4,3,2,VX→EF
WIKIPEDIA,P3,451,1,3,ALL_MORPH_BOUNDARY_GUARD,1,projected_saved_draft_candidate_at_or_after_rejection,4.0,AFTER_GUARD,True,4,4,3,VV→EC
WIKIPEDIA,P3,451,10,24,ALL_MORPH_BOUNDARY_GUARD,1,projected_saved_draft_candidate_at_or_after_rejection,3.0,AFTER_GUARD,True,4,4,3,NNB→XSN
WIKIPEDIA,P3,451,18,41,ALL_MORPH_BOUNDARY_GUARD,1,projected_saved_draft_candidate_at_or_after_rejection,1.0,AT_GUARD,True,4,4,3,VA→ETM
WIKIPEDIA,P3,451,36,106,ALL_MORPH_BOUNDARY_GUARD,3,saved_H3_exact_target_token,,NO_REJECTION,True,4,2,1,VCP→EF
WIKIPEDIA,P3,452,5,11,ALL_MORPH_BOUNDARY_GUARD,3,projected_saved_draft_candidate_at_or_after_rejection,1.0,BEFORE_GUARD,False,4,2,1,XSV→EC
WIKIPEDIA,P3,452,24,59,ALL_MORPH_BOUNDARY_GUARD,1,saved_H3_exact_target_token,,NO_REJECTION,True,4,4,3,EP→EF
WIKIPEDIA,P3,452,32,83,ALL_MORPH_BOUNDARY_GUARD,1,saved_H3_exact_target_token,,NO_REJECTION,True,4,4,3,EP→EF
WIKIPEDIA,P3,452,38,104,ALL_MORPH_BOUNDARY_GUARD,1,saved_H3_exact_target_token,,NO_REJECTION,True,4,4,3,EP→EF
WIKIPEDIA,P3,454,5,13,ALL_MORPH_BOUNDARY_GUARD,3,projected_saved_draft_candidate_at_or_after_rejection,1.0,BEFORE_GUARD,False,4,2,1,NNB→XSN
WIKIPEDIA,P3,454,18,53,ALL_MORPH_BOUNDARY_GUARD,1,saved_H3_exact_target_token,,NO_REJECTION,True,4,4,3,VCP→EF
WIKIPEDIA,P3,454,22,69,ALL_MORPH_BOUNDARY_GUARD,3,saved_H3_exact_target_token,,NO_REJECTION,True,4,2,1,VCP→EF
WIKIPEDIA,P3,454,27,89,ALL_MORPH_BOUNDARY_GUARD,1,saved_H3_exact_target_token,,NO_REJECTION,True,4,4,3,VCP→EF
WIKIPEDIA,P3,454,31,105,ALL_MORPH_BOUNDARY_GUARD,3,saved_H3_exact_target_token,,NO_REJECTION,True,4,2,1,VCP→EF
WIKIPEDIA,P3,454,36,125,ALL_MORPH_BOUNDARY_GUARD,1,saved_H3_exact_target_token,,NO_REJECTION,True,3,3,2,VCP→EF
WIKIPEDIA,P3,455,46,107,ALL_MORPH_BOUNDARY_GUARD,2,projected_saved_draft_candidate_at_or_after_rejection,1.0,BEFORE_GUARD,False,4,3,2,XSV→EF
WIKIPEDIA,P3,455,47,108,ALL_MORPH_BOUNDARY_GUARD,1,saved_H3_exact_target_token,,NO_REJECTION,True,4,4,3,XSV→EF
WIKIPEDIA,P3,457,9,19,NP_BOUNDARY_GUARD,3,projected_saved_draft_candidate_at_or_after_rejection,1.0,BEFORE_GUARD,False,4,2,1,NNB→JKO
WIKIPEDIA,P3,457,9,19,ALL_MORPH_BOUNDARY_GUARD,3,projected_saved_draft_candidate_at_or_after_rejection,1.0,BEFORE_GUARD,False,4,2,1,NNB→JKO
WIKIPEDIA,P3,457,10,20,ALL_MORPH_BOUNDARY_GUARD,1,projected_saved_draft_candidate_at_or_after_rejection,1.0,AT_GUARD,True,4,4,3,ETN→JKO
WIKIPEDIA,P3,457,16,37,ALL_MORPH_BOUNDARY_GUARD,2,projected_saved_draft_candidate_at_or_after_rejection,2.0,AT_GUARD,True,4,3,2,XSV→ETM
WIKIPEDIA,P3,457,21,50,NP_BOUNDARY_GUARD,1,projected_saved_draft_candidate_at_or_after_rejection,1.0,AT_GUARD,True,4,4,3,NNB→JKB
WIKIPEDIA,P3,457,21,50,ALL_MORPH_BOUNDARY_GUARD,1,projected_saved_draft_candidate_at_or_after_rejection,1.0,AT_GUARD,True,4,4,3,NNB→JKB
WIKIPEDIA,P3,457,26,65,ALL_MORPH_BOUNDARY_GUARD,3,saved_H3_exact_target_token,,NO_REJECTION,True,4,2,1,XSV→ETM
WIKIPEDIA,P3,457,41,125,ALL_MORPH_BOUNDARY_GUARD,1,saved_H3_exact_target_token,,NO_REJECTION,True,3,3,2,XSV→ETM
WIKIPEDIA,P3,458,19,47,ALL_MORPH_BOUNDARY_GUARD,1,saved_H3_exact_target_token,,NO_REJECTION,True,4,4,3,XSV→EF
WIKIPEDIA,P3,458,28,72,ALL_MORPH_BOUNDARY_GUARD,2,saved_H3_exact_target_token,,NO_REJECTION,True,4,3,2,XSV→EF
WIKIPEDIA,P3,458,35,99,ALL_MORPH_BOUNDARY_GUARD,1,saved_H3_exact_target_token,,NO_REJECTION,True,4,4,3,XSV→EF
WIKIPEDIA,P3,458,45,126,ALL_MORPH_BOUNDARY_GUARD,1,saved_H3_exact_target_token,,NO_REJECTION,True,2,2,1,XSV→EF
WIKIPEDIA,P3,460,3,7,ALL_MORPH_BOUNDARY_GUARD,3,projected_saved_draft_candidate_at_or_after_rejection,3.0,AT_GUARD,True,4,2,1,EP→EF
WIKIPEDIA,P3,460,11,19,ALL_MORPH_BOUNDARY_GUARD,3,projected_saved_draft_candidate_at_or_after_rejection,1.0,BEFORE_GUARD,False,4,2,1,EP→EF
WIKIPEDIA,P3,460,13,22,ALL_MORPH_BOUNDARY_GUARD,3,projected_saved_draft_candidate_at_or_after_rejection,1.0,BEFORE_GUARD,False,4,2,1,EP→EF
WIKIPEDIA,P3,462,15,32,ALL_MORPH_BOUNDARY_GUARD,3,saved_H3_exact_target_token,,NO_REJECTION,True,4,2,1,EP→EF
WIKIPEDIA,P3,464,35,79,ALL_MORPH_BOUNDARY_GUARD,1,saved_H3_exact_target_token,,NO_REJECTION,True,4,4,3,XSV→EF
WIKIPEDIA,P3,464,43,100,ALL_MORPH_BOUNDARY_GUARD,2,saved_H3_exact_target_token,,NO_REJECTION,True,4,3,2,XSV→EF
WIKIPEDIA,P3,464,51,123,ALL_MORPH_BOUNDARY_GUARD,1,saved_H3_exact_target_token,,NO_REJECTION,True,4,4,3,XSV→EF
WIKIPEDIA,P3,465,23,51,ALL_MORPH_BOUNDARY_GUARD,1,projected_saved_draft_candidate_at_or_after_rejection,1.0,AT_GUARD,True,4,4,3,XSV→EC
WIKIPEDIA,P3,466,6,9,ALL_MORPH_BOUNDARY_GUARD,3,projected_saved_draft_candidate_at_or_after_rejection,1.0,BEFORE_GUARD,False,4,2,1,VCP→EF
WIKIPEDIA,P3,466,7,10,ALL_MORPH_BOUNDARY_GUARD,1,projected_saved_draft_candidate_at_or_after_rejection,1.0,AT_GUARD,True,4,4,3,VCP→EF
WIKIPEDIA,P3,468,12,31,ALL_MORPH_BOUNDARY_GUARD,1,projected_saved_draft_candidate_at_or_after_rejection,1.0,AT_GUARD,True,4,4,3,XSV→EC
WIKIPEDIA,P3,469,33,64,ALL_MORPH_BOUNDARY_GUARD,1,projected_saved_draft_candidate_at_or_after_rejection,4.0,AFTER_GUARD,True,4,4,3,XSV→EC
WIKIPEDIA,P3,469,43,94,ALL_MORPH_BOUNDARY_GUARD,2,saved_H3_exact_target_token,,NO_REJECTION,True,4,3,2,XSV→EC
WIKIPEDIA,P3,469,52,125,ALL_MORPH_BOUNDARY_GUARD,2,saved_H3_exact_target_token,,NO_REJECTION,True,3,2,1,XSV→EC
WIKIPEDIA,P3,470,18,35,ALL_MORPH_BOUNDARY_GUARD,2,projected_saved_draft_candidate_at_or_after_rejection,1.0,BEFORE_GUARD,False,4,3,2,VCP→EF
WIKIPEDIA,P3,472,9,28,ALL_MORPH_BOUNDARY_GUARD,2,saved_H3_exact_target_token,,NO_REJECTION,True,4,3,2,XSV→ETM
WIKIPEDIA,P3,472,20,68,ALL_MORPH_BOUNDARY_GUARD,2,saved_H3_exact_target_token,,NO_REJECTION,True,4,3,2,XSV→ETM
WIKIPEDIA,P3,472,30,108,ALL_MORPH_BOUNDARY_GUARD,2,saved_H3_exact_target_token,,NO_REJECTION,True,4,3,2,XSV→ETM
WIKIPEDIA,P3,475,37,84,ALL_MORPH_BOUNDARY_GUARD,3,projected_saved_draft_candidate_at_or_after_rejection,1.0,BEFORE_GUARD,False,4,2,1,XSV→EF
WIKIPEDIA,P3,475,38,85,ALL_MORPH_BOUNDARY_GUARD,2,projected_saved_draft_candidate_at_or_after_rejection,1.0,BEFORE_GUARD,False,4,3,2,XSV→ETN
WIKIPEDIA,P3,476,21,36,ALL_MORPH_BOUNDARY_GUARD,3,projected_saved_draft_candidate_at_or_after_rejection,2.0,BEFORE_GUARD,False,4,2,1,EP→EF
WIKIPEDIA,P3,476,38,65,ALL_MORPH_BOUNDARY_GUARD,2,projected_saved_draft_candidate_at_or_after_rejection,2.0,AT_GUARD,True,4,3,2,XSV→EC
WIKIPEDIA,P3,478,19,46,ALL_MORPH_BOUNDARY_GUARD,2,projected_saved_draft_candidate_at_or_after_rejection,1.0,BEFORE_GUARD,False,4,3,2,XSV→ETM
WIKIPEDIA,P3,480,28,87,ALL_MORPH_BOUNDARY_GUARD,3,saved_H3_exact_target_token,,NO_REJECTION,True,4,2,1,XSV→EF
WIKIPEDIA,P3,480,34,111,NP_BOUNDARY_GUARD,3,saved_H3_exact_target_token,,NO_REJECTION,True,4,2,1,NNG→JKS
WIKIPEDIA,P3,480,34,111,ALL_MORPH_BOUNDARY_GUARD,3,saved_H3_exact_target_token,,NO_REJECTION,True,4,2,1,NNG→JKS
WIKIPEDIA,P3,489,24,50,ALL_MORPH_BOUNDARY_GUARD,3,saved_H3_exact_target_token,,NO_REJECTION,True,4,2,1,XSV→EC
WIKIPEDIA,P3,489,35,92,ALL_MORPH_BOUNDARY_GUARD,2,saved_H3_exact_target_token,,NO_REJECTION,True,4,3,2,XSV→EC
WIKIPEDIA,P3,489,39,108,ALL_MORPH_BOUNDARY_GUARD,1,saved_H3_exact_target_token,,NO_REJECTION,True,4,4,3,XSV→ETN
WIKIPEDIA,P3,490,15,30,ALL_MORPH_BOUNDARY_GUARD,2,projected_saved_draft_candidate_at_or_after_rejection,2.0,AT_GUARD,True,4,3,2,VCP→EF
WIKIPEDIA,P3,492,42,104,ALL_MORPH_BOUNDARY_GUARD,2,saved_H3_exact_target_token,,NO_REJECTION,True,4,3,2,NNB→XSN
WIKIPEDIA,P3,494,8,17,ALL_MORPH_BOUNDARY_GUARD,3,projected_saved_draft_candidate_at_or_after_rejection,2.0,BEFORE_GUARD,False,4,2,1,EP→ETM
WIKIPEDIA,P3,496,3,8,ALL_MORPH_BOUNDARY_GUARD,2,projected_saved_draft_candidate_at_or_after_rejection,1.0,BEFORE_GUARD,False,4,3,2,XSV→EC
WIKIPEDIA,P3,496,5,10,ALL_MORPH_BOUNDARY_GUARD,2,saved_H3_exact_target_token,,NO_REJECTION,True,4,3,2,EP→EF
WIKIPEDIA,P3,496,19,37,ALL_MORPH_BOUNDARY_GUARD,2,saved_H3_exact_target_token,,NO_REJECTION,True,4,3,2,EP→EF
WIKIPEDIA,P3,496,41,103,ALL_MORPH_BOUNDARY_GUARD,3,saved_H3_exact_target_token,,NO_REJECTION,True,4,2,1,EP→EF
WIKIPEDIA,P3,497,18,44,ALL_MORPH_BOUNDARY_GUARD,2,saved_H3_exact_target_token,,NO_REJECTION,True,4,3,2,XSV→EF
WIKIPEDIA,P3,497,27,69,ALL_MORPH_BOUNDARY_GUARD,2,saved_H3_exact_target_token,,NO_REJECTION,True,4,3,2,XSV→EF
WIKIPEDIA,P3,500,24,48,ALL_MORPH_BOUNDARY_GUARD,1,projected_saved_draft_candidate_at_or_after_rejection,2.0,AFTER_GUARD,True,4,4,3,XSV→EC
WIKIPEDIA,P3,500,33,75,ALL_MORPH_BOUNDARY_GUARD,1,projected_saved_draft_candidate_at_or_after_rejection,1.0,AT_GUARD,True,4,4,3,XSV→EC
WIKIPEDIA,P3,504,47,117,ALL_MORPH_BOUNDARY_GUARD,1,saved_H3_exact_target_token,,NO_REJECTION,True,4,4,3,XSN→JKS
WIKIPEDIA,P3,505,12,35,ALL_MORPH_BOUNDARY_GUARD,1,projected_saved_draft_candidate_at_or_after_rejection,1.0,AT_GUARD,True,4,4,3,VCP→EF
WIKIPEDIA,P3,506,39,70,ALL_MORPH_BOUNDARY_GUARD,2,saved_H3_exact_target_token,,NO_REJECTION,True,4,3,2,EP→EF
WIKIPEDIA,P3,507,23,44,ALL_MORPH_BOUNDARY_GUARD,3,projected_saved_draft_candidate_at_or_after_rejection,2.0,BEFORE_GUARD,False,4,2,1,XSV→ETM
WIKIPEDIA,P3,507,24,46,ALL_MORPH_BOUNDARY_GUARD,1,projected_saved_draft_candidate_at_or_after_rejection,1.0,AT_GUARD,True,4,4,3,XSV→ETM
WIKIPEDIA,P3,507,30,59,ALL_MORPH_BOUNDARY_GUARD,1,projected_saved_draft_candidate_at_or_after_rejection,2.0,AFTER_GUARD,True,4,4,3,XSN→JKO
WIKIPEDIA,P3,507,31,61,ALL_MORPH_BOUNDARY_GUARD,2,saved_H3_exact_target_token,,NO_REJECTION,True,4,3,2,XSV→ETM
WIKIPEDIA,P3,507,41,83,NP_BOUNDARY_GUARD,1,projected_saved_draft_candidate_at_or_after_rejection,2.0,AFTER_GUARD,True,4,4,3,NNG→JKO
WIKIPEDIA,P3,507,41,83,ALL_MORPH_BOUNDARY_GUARD,1,projected_saved_draft_candidate_at_or_after_rejection,2.0,AFTER_GUARD,True,4,4,3,NNG→JKO
WIKIPEDIA,P3,508,14,34,ALL_MORPH_BOUNDARY_GUARD,2,saved_H3_exact_target_token,,NO_REJECTION,True,4,3,2,EP→EF
WIKIPEDIA,P3,508,36,108,ALL_MORPH_BOUNDARY_GUARD,3,saved_H3_exact_target_token,,NO_REJECTION,True,4,2,1,EP→EF
WIKIPEDIA,P3,510,27,71,ALL_MORPH_BOUNDARY_GUARD,3,saved_H3_exact_target_token,,NO_REJECTION,True,4,2,1,XSV→EF
WIKIPEDIA,P3,510,37,96,ALL_MORPH_BOUNDARY_GUARD,2,saved_H3_exact_target_token,,NO_REJECTION,True,4,3,2,XSV→EF
WIKIPEDIA,P3,513,9,17,NP_BOUNDARY_GUARD,2,projected_saved_draft_candidate_at_or_after_rejection,3.0,AFTER_GUARD,True,4,3,2,NNG→JKO
WIKIPEDIA,P3,513,9,17,ALL_MORPH_BOUNDARY_GUARD,2,projected_saved_draft_candidate_at_or_after_rejection,3.0,AFTER_GUARD,True,4,3,2,NNG→JKO
WIKIPEDIA,P3,513,19,45,ALL_MORPH_BOUNDARY_GUARD,2,projected_saved_draft_candidate_at_or_after_rejection,2.0,AT_GUARD,True,4,3,2,EP→EF
WIKIPEDIA,P3,516,36,112,ALL_MORPH_BOUNDARY_GUARD,1,saved_H3_exact_target_token,,NO_REJECTION,True,4,4,3,SSO→SL
WIKIPEDIA,P3,517,12,19,ALL_MORPH_BOUNDARY_GUARD,3,saved_H3_exact_target_token,,NO_REJECTION,True,4,2,1,XSV→EC
WIKIPEDIA,P3,517,35,95,ALL_MORPH_BOUNDARY_GUARD,3,saved_H3_exact_target_token,,NO_REJECTION,True,4,2,1,XSV→EC
WIKIPEDIA,P3,519,14,22,ALL_MORPH_BOUNDARY_GUARD,2,projected_saved_draft_candidate_at_or_after_rejection,1.0,BEFORE_GUARD,False,4,3,2,XSN→JKB
WIKIPEDIA,P3,522,4,10,ALL_MORPH_BOUNDARY_GUARD,3,projected_saved_draft_candidate_at_or_after_rejection,1.0,BEFORE_GUARD,False,4,2,1,XSN→JKS
WIKIPEDIA,P3,523,34,73,ALL_MORPH_BOUNDARY_GUARD,2,projected_saved_draft_candidate_at_or_after_rejection,2.0,AT_GUARD,True,4,3,2,XSV→EC
WIKIPEDIA,P3,524,10,15,ALL_MORPH_BOUNDARY_GUARD,1,saved_H3_exact_target_token,,NO_REJECTION,True,4,4,3,EP→EF
WIKIPEDIA,P3,528,13,35,ALL_MORPH_BOUNDARY_GUARD,2,projected_saved_draft_candidate_at_or_after_rejection,1.0,BEFORE_GUARD,False,4,3,2,XSN→JKB
WIKIPEDIA,P3,529,6,11,ALL_MORPH_BOUNDARY_GUARD,3,projected_saved_draft_candidate_at_or_after_rejection,1.0,BEFORE_GUARD,False,4,2,1,XSV→EF
WIKIPEDIA,P3,530,5,7,ALL_MORPH_BOUNDARY_GUARD,2,projected_saved_draft_candidate_at_or_after_rejection,1.0,BEFORE_GUARD,False,4,3,2,EP→EF
WIKIPEDIA,P3,530,18,32,ALL_MORPH_BOUNDARY_GUARD,3,projected_saved_draft_candidate_at_or_after_rejection,1.0,BEFORE_GUARD,False,4,2,1,XSV→EC
WIKIPEDIA,P3,532,18,37,ALL_MORPH_BOUNDARY_GUARD,3,projected_saved_draft_candidate_at_or_after_rejection,1.0,BEFORE_GUARD,False,4,2,1,XSN→JKS
WIKIPEDIA,P3,532,29,74,ALL_MORPH_BOUNDARY_GUARD,3,saved_H3_exact_target_token,,NO_REJECTION,True,4,2,1,XSV→EF
WIKIPEDIA,P3,532,35,98,ALL_MORPH_BOUNDARY_GUARD,3,saved_H3_exact_target_token,,NO_REJECTION,True,4,2,1,XSV→EF
WIKIPEDIA,P3,532,41,122,ALL_MORPH_BOUNDARY_GUARD,3,saved_H3_exact_target_token,,NO_REJECTION,True,4,2,1,XSV→EF
WIKIPEDIA,P3,539,36,106,ALL_MORPH_BOUNDARY_GUARD,3,projected_saved_draft_candidate_at_or_after_rejection,2.0,BEFORE_GUARD,False,4,2,1,XSV→EC
WIKIPEDIA,P3,539,37,108,ALL_MORPH_BOUNDARY_GUARD,1,projected_saved_draft_candidate_at_or_after_rejection,1.0,AT_GUARD,True,4,4,3,XSV→EC
WIKIPEDIA,P3,541,1,3,ALL_MORPH_BOUNDARY_GUARD,3,projected_saved_draft_candidate_at_or_after_rejection,1.0,BEFORE_GUARD,False,4,2,1,XSV→EF
WIKIPEDIA,P3,541,2,4,ALL_MORPH_BOUNDARY_GUARD,3,projected_saved_draft_candidate_at_or_after_rejection,3.0,AT_GUARD,True,4,2,1,XSV→EC
WIKIPEDIA,P3,541,13,33,NP_BOUNDARY_GUARD,3,projected_saved_draft_candidate_at_or_after_rejection,1.0,BEFORE_GUARD,False,4,2,1,NNB→JKO
WIKIPEDIA,P3,541,13,33,ALL_MORPH_BOUNDARY_GUARD,3,projected_saved_draft_candidate_at_or_after_rejection,1.0,BEFORE_GUARD,False,4,2,1,NNB→JKO
WIKIPEDIA,P3,541,14,34,ALL_MORPH_BOUNDARY_GUARD,1,projected_saved_draft_candidate_at_or_after_rejection,1.0,AT_GUARD,True,4,4,3,XSV→EC
WIKIPEDIA,P3,542,5,7,ALL_MORPH_BOUNDARY_GUARD,1,projected_saved_draft_candidate_at_or_after_rejection,1.0,AT_GUARD,True,4,4,3,XSV→ETN
WIKIPEDIA,P3,542,30,50,ALL_MORPH_BOUNDARY_GUARD,3,projected_saved_draft_candidate_at_or_after_rejection,1.0,BEFORE_GUARD,False,4,2,1,XSV→ETN
WIKIPEDIA,P3,542,31,51,ALL_MORPH_BOUNDARY_GUARD,3,projected_saved_draft_candidate_at_or_after_rejection,2.0,BEFORE_GUARD,False,4,2,1,XSV→ETM
WIKIPEDIA,P3,542,32,53,ALL_MORPH_BOUNDARY_GUARD,1,projected_saved_draft_candidate_at_or_after_rejection,1.0,AT_GUARD,True,4,4,3,XSV→ETN
WIKIPEDIA,P3,542,49,99,ALL_MORPH_BOUNDARY_GUARD,2,saved_H3_exact_target_token,,NO_REJECTION,True,4,3,2,XSV→EC
WIKIPEDIA,P3,544,16,38,ALL_MORPH_BOUNDARY_GUARD,1,projected_saved_draft_candidate_at_or_after_rejection,2.0,AFTER_GUARD,True,4,4,3,XSN→JKS
WIKIPEDIA,P3,544,20,48,ALL_MORPH_BOUNDARY_GUARD,2,projected_saved_draft_candidate_at_or_after_rejection,1.0,BEFORE_GUARD,False,4,3,2,XSV→EC
WIKIPEDIA,P3,544,21,49,ALL_MORPH_BOUNDARY_GUARD,1,projected_saved_draft_candidate_at_or_after_rejection,1.0,AT_GUARD,True,4,4,3,XSV→EC
WIKIPEDIA,P3,544,29,78,ALL_MORPH_BOUNDARY_GUARD,3,saved_H3_exact_target_token,,NO_REJECTION,True,4,2,1,XSN→JKS
WIKIPEDIA,P3,544,40,122,ALL_MORPH_BOUNDARY_GUARD,1,saved_H3_exact_target_token,,NO_REJECTION,True,4,4,3,XSN→JKS
WIKIPEDIA,P3,546,0,0,ALL_MORPH_BOUNDARY_GUARD,2,projected_saved_draft_candidate_at_or_after_rejection,1.0,BEFORE_GUARD,False,4,3,2,NNG→NNG
WIKIPEDIA,P3,547,2,3,NP_BOUNDARY_GUARD,2,projected_saved_draft_candidate_at_or_after_rejection,1.0,BEFORE_GUARD,False,4,3,2,NNB→JKS
WIKIPEDIA,P3,547,2,3,ALL_MORPH_BOUNDARY_GUARD,2,projected_saved_draft_candidate_at_or_after_rejection,1.0,BEFORE_GUARD,False,4,3,2,NNB→JKS
WIKIPEDIA,P3,547,5,12,NP_BOUNDARY_GUARD,2,projected_saved_draft_candidate_at_or_after_rejection,3.0,AFTER_GUARD,True,4,3,2,NNB→JKS
WIKIPEDIA,P3,547,5,12,ALL_MORPH_BOUNDARY_GUARD,2,projected_saved_draft_candidate_at_or_after_rejection,3.0,AFTER_GUARD,True,4,3,2,NNB→JKS
WIKIPEDIA,P3,547,13,36,ALL_MORPH_BOUNDARY_GUARD,2,saved_H3_exact_target_token,,NO_REJECTION,True,4,3,2,XSN→JKB
WIKIPEDIA,P3,547,24,80,ALL_MORPH_BOUNDARY_GUARD,3,saved_H3_exact_target_token,,NO_REJECTION,True,4,2,1,XSN→JKB
WIKIPEDIA,P3,547,35,115,ALL_MORPH_BOUNDARY_GUARD,2,projected_saved_draft_candidate_at_or_after_rejection,2.0,AT_GUARD,True,4,3,2,XSV→ETM
WIKIPEDIA,P3,547,41,126,ALL_MORPH_BOUNDARY_GUARD,1,saved_H3_exact_target_token,,NO_REJECTION,True,2,2,1,VA→EF
WIKIPEDIA,P3,549,21,48,ALL_MORPH_BOUNDARY_GUARD,3,saved_H3_exact_target_token,,NO_REJECTION,True,4,2,1,XSV→EC
WIKIPEDIA,P3,549,26,66,ALL_MORPH_BOUNDARY_GUARD,3,saved_H3_exact_target_token,,NO_REJECTION,True,4,2,1,XSV→ETM
WIKIPEDIA,P3,549,43,122,ALL_MORPH_BOUNDARY_GUARD,1,saved_H3_exact_target_token,,NO_REJECTION,True,4,4,3,XSV→EC
WIKIPEDIA,P3,551,4,8,ALL_MORPH_BOUNDARY_GUARD,3,projected_saved_draft_candidate_at_or_after_rejection,1.0,BEFORE_GUARD,False,4,2,1,XSN→JKS
WIKIPEDIA,P3,554,6,8,ALL_MORPH_BOUNDARY_GUARD,3,projected_saved_draft_candidate_at_or_after_rejection,1.0,BEFORE_GUARD,False,4,2,1,EP→EF
WIKIPEDIA,P3,554,17,24,ALL_MORPH_BOUNDARY_GUARD,2,projected_saved_draft_candidate_at_or_after_rejection,1.0,BEFORE_GUARD,False,4,3,2,XSV→EC
WIKIPEDIA,P3,554,18,25,ALL_MORPH_BOUNDARY_GUARD,2,projected_saved_draft_candidate_at_or_after_rejection,2.0,AT_GUARD,True,4,3,2,VX→EP
WIKIPEDIA,P3,563,7,15,ALL_MORPH_BOUNDARY_GUARD,3,saved_H3_exact_target_token,,NO_REJECTION,True,4,2,1,EP→EF
WIKIPEDIA,P3,563,13,30,ALL_MORPH_BOUNDARY_GUARD,2,projected_saved_draft_candidate_at_or_after_rejection,1.0,BEFORE_GUARD,False,4,3,2,XSN→JKS
WIKIPEDIA,P3,563,28,64,ALL_MORPH_BOUNDARY_GUARD,3,projected_saved_draft_candidate_at_or_after_rejection,1.0,BEFORE_GUARD,False,4,2,1,EP→EF
WIKIPEDIA,P3,564,8,18,ALL_MORPH_BOUNDARY_GUARD,3,projected_saved_draft_candidate_at_or_after_rejection,3.0,AT_GUARD,True,4,2,1,VCP→EF
WIKIPEDIA,P3,564,23,74,ALL_MORPH_BOUNDARY_GUARD,1,saved_H3_exact_target_token,,NO_REJECTION,True,4,4,3,XSV→EC
WIKIPEDIA,P3,569,8,13,ALL_MORPH_BOUNDARY_GUARD,3,projected_saved_draft_candidate_at_or_after_rejection,1.0,BEFORE_GUARD,False,4,2,1,XSV→EC
WIKIPEDIA,P3,569,25,58,ALL_MORPH_BOUNDARY_GUARD,3,projected_saved_draft_candidate_at_or_after_rejection,1.0,BEFORE_GUARD,False,4,2,1,XSN→JKB
WIKIPEDIA,P3,569,33,78,ALL_MORPH_BOUNDARY_GUARD,3,projected_saved_draft_candidate_at_or_after_rejection,1.0,BEFORE_GUARD,False,4,2,1,SSO→SL
WIKIPEDIA,P3,573,48,93,ALL_MORPH_BOUNDARY_GUARD,2,projected_saved_draft_candidate_at_or_after_rejection,2.0,AT_GUARD,True,4,3,2,EP→EF
WIKIPEDIA,P3,575,19,49,ALL_MORPH_BOUNDARY_GUARD,2,saved_H3_exact_target_token,,NO_REJECTION,True,4,3,2,XSV→EF
WIKIPEDIA,P3,575,30,93,ALL_MORPH_BOUNDARY_GUARD,2,saved_H3_exact_target_token,,NO_REJECTION,True,4,3,2,XSV→EF
WIKIPEDIA,P3,576,14,41,ALL_MORPH_BOUNDARY_GUARD,1,saved_H3_exact_target_token,,NO_REJECTION,True,4,4,3,XSV→EF
WIKIPEDIA,P3,576,20,65,ALL_MORPH_BOUNDARY_GUARD,2,saved_H3_exact_target_token,,NO_REJECTION,True,4,3,2,XSV→EF
WIKIPEDIA,P3,576,26,89,ALL_MORPH_BOUNDARY_GUARD,3,saved_H3_exact_target_token,,NO_REJECTION,True,4,2,1,XSV→EF
WIKIPEDIA,P3,578,4,10,ALL_MORPH_BOUNDARY_GUARD,2,saved_H3_exact_target_token,,NO_REJECTION,True,4,3,2,XSV→EC
WIKIPEDIA,P3,578,8,21,NP_BOUNDARY_GUARD,3,projected_saved_draft_candidate_at_or_after_rejection,2.0,BEFORE_GUARD,False,4,2,1,NNB→JKO
WIKIPEDIA,P3,578,8,21,ALL_MORPH_BOUNDARY_GUARD,3,projected_saved_draft_candidate_at_or_after_rejection,2.0,BEFORE_GUARD,False,4,2,1,NNB→JKO
WIKIPEDIA,P3,578,19,45,ALL_MORPH_BOUNDARY_GUARD,2,projected_saved_draft_candidate_at_or_after_rejection,2.0,AT_GUARD,True,4,3,2,XSV→EC
WIKIPEDIA,P3,584,4,5,ALL_MORPH_BOUNDARY_GUARD,3,projected_saved_draft_candidate_at_or_after_rejection,2.0,BEFORE_GUARD,False,4,2,1,XSV→EC
WIKIPEDIA,P3,584,5,7,ALL_MORPH_BOUNDARY_GUARD,1,projected_saved_draft_candidate_at_or_after_rejection,1.0,AT_GUARD,True,4,4,3,XSV→EC
WIKIPEDIA,P3,585,9,13,ALL_MORPH_BOUNDARY_GUARD,3,projected_saved_draft_candidate_at_or_after_rejection,4.0,AFTER_GUARD,True,4,2,1,XSV→EC
WIKIPEDIA,P3,585,13,20,ALL_MORPH_BOUNDARY_GUARD,3,projected_saved_draft_candidate_at_or_after_rejection,1.0,BEFORE_GUARD,False,4,2,1,VX→EF
WIKIPEDIA,P3,585,50,94,ALL_MORPH_BOUNDARY_GUARD,1,projected_saved_draft_candidate_at_or_after_rejection,1.0,AT_GUARD,True,4,4,3,NNB→XSN
WIKIPEDIA,P3,586,25,76,ALL_MORPH_BOUNDARY_GUARD,1,saved_H3_exact_target_token,,NO_REJECTION,True,4,4,3,XSV→EF
WIKIPEDIA,P3,586,34,112,ALL_MORPH_BOUNDARY_GUARD,2,saved_H3_exact_target_token,,NO_REJECTION,True,4,3,2,XSV→EF
WIKIPEDIA,P3,589,14,28,ALL_MORPH_BOUNDARY_GUARD,2,projected_saved_draft_candidate_at_or_after_rejection,1.0,BEFORE_GUARD,False,4,3,2,EP→EF
WIKIPEDIA,P3,589,48,125,ALL_MORPH_BOUNDARY_GUARD,2,projected_saved_draft_candidate_at_or_after_rejection,1.0,BEFORE_GUARD,False,3,2,1,VV→ETN
WIKIPEDIA,P3,595,8,16,ALL_MORPH_BOUNDARY_GUARD,2,projected_saved_draft_candidate_at_or_after_rejection,2.0,AT_GUARD,True,4,3,2,XSV→EC
WIKIPEDIA,P3,595,10,19,ALL_MORPH_BOUNDARY_GUARD,3,projected_saved_draft_candidate_at_or_after_rejection,3.0,AT_GUARD,True,4,2,1,XSV→EC
WIKIPEDIA,P3,596,13,25,ALL_MORPH_BOUNDARY_GUARD,1,projected_saved_draft_candidate_at_or_after_rejection,1.0,AT_GUARD,True,4,4,3,EP→EF
WIKIPEDIA,P3,596,14,26,ALL_MORPH_BOUNDARY_GUARD,2,projected_saved_draft_candidate_at_or_after_rejection,1.0,BEFORE_GUARD,False,4,3,2,SF→SSC
WIKIPEDIA,P3,596,24,50,ALL_MORPH_BOUNDARY_GUARD,3,projected_saved_draft_candidate_at_or_after_rejection,1.0,BEFORE_GUARD,False,4,2,1,SF→SSC
WIKIPEDIA,P3,598,1,1,ALL_MORPH_BOUNDARY_GUARD,2,saved_H3_exact_target_token,,NO_REJECTION,True,4,3,2,EP→EF
WIKIPEDIA,P3,598,19,32,ALL_MORPH_BOUNDARY_GUARD,3,projected_saved_draft_candidate_at_or_after_rejection,2.0,BEFORE_GUARD,False,4,2,1,EP→EF
WIKIPEDIA,P3,598,20,34,ALL_MORPH_BOUNDARY_GUARD,3,projected_saved_draft_candidate_at_or_after_rejection,2.0,BEFORE_GUARD,False,4,2,1,VX→EP
WIKIPEDIA,P3,598,51,93,ALL_MORPH_BOUNDARY_GUARD,1,saved_H3_exact_target_token,,NO_REJECTION,True,4,4,3,EP→EF
WIKIPEDIA,P3,605,4,9,ALL_MORPH_BOUNDARY_GUARD,2,projected_saved_draft_candidate_at_or_after_rejection,1.0,BEFORE_GUARD,False,4,3,2,EP→EF
WIKIPEDIA,P3,605,23,49,ALL_MORPH_BOUNDARY_GUARD,3,projected_saved_draft_candidate_at_or_after_rejection,1.0,BEFORE_GUARD,False,4,2,1,JKB→JX
WIKIPEDIA,P3,606,18,43,ALL_MORPH_BOUNDARY_GUARD,3,projected_saved_draft_candidate_at_or_after_rejection,2.0,BEFORE_GUARD,False,4,2,1,XSV→EC
WIKIPEDIA,P3,607,32,98,ALL_MORPH_BOUNDARY_GUARD,1,saved_H3_exact_target_token,,NO_REJECTION,True,4,4,3,XSV→EF
WIKIPEDIA,P3,609,22,52,ALL_MORPH_BOUNDARY_GUARD,2,projected_saved_draft_candidate_at_or_after_rejection,1.0,BEFORE_GUARD,False,4,3,2,EP→EF
WIKIPEDIA,P3,609,32,76,ALL_MORPH_BOUNDARY_GUARD,3,projected_saved_draft_candidate_at_or_after_rejection,1.0,BEFORE_GUARD,False,4,2,1,XSV→EF
WIKIPEDIA,P3,613,4,6,ALL_MORPH_BOUNDARY_GUARD,3,projected_saved_draft_candidate_at_or_after_rejection,1.0,BEFORE_GUARD,False,4,2,1,XSV→EC
WIKIPEDIA,P3,616,1,2,ALL_MORPH_BOUNDARY_GUARD,3,saved_H3_exact_target_token,,NO_REJECTION,True,4,2,1,XSV→EF
WIKIPEDIA,P3,616,14,32,ALL_MORPH_BOUNDARY_GUARD,3,projected_saved_draft_candidate_at_or_after_rejection,1.0,BEFORE_GUARD,False,4,2,1,XSV→EF
WIKIPEDIA,P3,616,34,79,ALL_MORPH_BOUNDARY_GUARD,1,projected_saved_draft_candidate_at_or_after_rejection,1.0,AT_GUARD,True,4,4,3,XSV→EF
WIKIPEDIA,P3,616,37,85,ALL_MORPH_BOUNDARY_GUARD,3,projected_saved_draft_candidate_at_or_after_rejection,2.0,BEFORE_GUARD,False,4,2,1,XSV→EF
WIKIPEDIA,P3,616,44,109,ALL_MORPH_BOUNDARY_GUARD,3,saved_H3_exact_target_token,,NO_REJECTION,True,4,2,1,XSV→EC
WIKIPEDIA,P3,617,11,27,ALL_MORPH_BOUNDARY_GUARD,1,projected_saved_draft_candidate_at_or_after_rejection,1.0,AT_GUARD,True,4,4,3,VA→ETM
WIKIPEDIA,P3,618,27,54,ALL_MORPH_BOUNDARY_GUARD,3,projected_saved_draft_candidate_at_or_after_rejection,3.0,AT_GUARD,True,4,2,1,XSV→EC
WIKIPEDIA,P3,618,40,83,ALL_MORPH_BOUNDARY_GUARD,1,saved_H3_exact_target_token,,NO_REJECTION,True,4,4,3,XSV→EC
WIKIPEDIA,P3,618,47,109,ALL_MORPH_BOUNDARY_GUARD,2,saved_H3_exact_target_token,,NO_REJECTION,True,4,3,2,XSV→EC
WIKIPEDIA,P3,619,33,84,ALL_MORPH_BOUNDARY_GUARD,1,saved_H3_exact_target_token,,NO_REJECTION,True,4,4,3,XSV→EF
WIKIPEDIA,P3,619,38,104,ALL_MORPH_BOUNDARY_GUARD,2,saved_H3_exact_target_token,,NO_REJECTION,True,4,3,2,XSV→EF
WIKIPEDIA,P3,619,43,124,ALL_MORPH_BOUNDARY_GUARD,3,saved_H3_exact_target_token,,NO_REJECTION,True,4,2,1,XSV→EF
WIKIPEDIA,P3,621,10,19,ALL_MORPH_BOUNDARY_GUARD,2,projected_saved_draft_candidate_at_or_after_rejection,2.0,AT_GUARD,True,4,3,2,EP→EF
WIKIPEDIA,P3,624,1,1,ALL_MORPH_BOUNDARY_GUARD,3,projected_saved_draft_candidate_at_or_after_rejection,3.0,AT_GUARD,True,4,2,1,XSV→EC
WIKIPEDIA,P3,624,9,19,ALL_MORPH_BOUNDARY_GUARD,3,projected_saved_draft_candidate_at_or_after_rejection,1.0,BEFORE_GUARD,False,4,2,1,XSV→EC
WIKIPEDIA,P3,625,2,2,ALL_MORPH_BOUNDARY_GUARD,2,projected_saved_draft_candidate_at_or_after_rejection,2.0,AT_GUARD,True,4,3,2,XSN→JKB
WIKIPEDIA,P3,627,22,56,ALL_MORPH_BOUNDARY_GUARD,3,projected_saved_draft_candidate_at_or_after_rejection,3.0,AT_GUARD,True,4,2,1,EP→EF
WIKIPEDIA,P3,629,8,11,ALL_MORPH_BOUNDARY_GUARD,2,projected_saved_draft_candidate_at_or_after_rejection,2.0,AT_GUARD,True,4,3,2,XSV→EC
WIKIPEDIA,P3,636,40,79,ALL_MORPH_BOUNDARY_GUARD,3,projected_saved_draft_candidate_at_or_after_rejection,1.0,BEFORE_GUARD,False,4,2,1,XSV→EC
WIKIPEDIA,P3,638,13,38,ALL_MORPH_BOUNDARY_GUARD,1,saved_H3_exact_target_token,,NO_REJECTION,True,4,4,3,XSV→EF
WIKIPEDIA,P3,638,19,62,ALL_MORPH_BOUNDARY_GUARD,3,saved_H3_exact_target_token,,NO_REJECTION,True,4,2,1,XSV→EF
WIKIPEDIA,P3,638,26,90,ALL_MORPH_BOUNDARY_GUARD,1,saved_H3_exact_target_token,,NO_REJECTION,True,4,4,3,XSV→EF
WIKIPEDIA,P3,638,32,114,ALL_MORPH_BOUNDARY_GUARD,3,saved_H3_exact_target_token,,NO_REJECTION,True,4,2,1,XSV→EF
WIKIPEDIA,P3,640,0,0,ALL_MORPH_BOUNDARY_GUARD,3,projected_saved_draft_candidate_at_or_after_rejection,2.0,BEFORE_GUARD,False,4,2,1,XSN→JKS
WIKIPEDIA,P3,640,2,3,ALL_MORPH_BOUNDARY_GUARD,2,saved_H3_exact_target_token,,NO_REJECTION,True,4,3,2,XSV→EF
WIKIPEDIA,P3,640,16,32,ALL_MORPH_BOUNDARY_GUARD,2,projected_saved_draft_candidate_at_or_after_rejection,2.0,AT_GUARD,True,4,3,2,XSV→EC
WIKIPEDIA,P3,640,24,59,NP_BOUNDARY_GUARD,1,saved_H3_exact_target_token,,NO_REJECTION,True,4,4,3,NNG→JKO
WIKIPEDIA,P3,640,24,59,ALL_MORPH_BOUNDARY_GUARD,1,saved_H3_exact_target_token,,NO_REJECTION,True,4,4,3,NNG→JKO
WIKIPEDIA,P3,640,31,87,NP_BOUNDARY_GUARD,2,saved_H3_exact_target_token,,NO_REJECTION,True,4,3,2,NNG→JKO
WIKIPEDIA,P3,640,31,87,ALL_MORPH_BOUNDARY_GUARD,2,saved_H3_exact_target_token,,NO_REJECTION,True,4,3,2,NNG→JKO
WIKIPEDIA,P3,640,32,91,ALL_MORPH_BOUNDARY_GUARD,1,saved_H3_exact_target_token,,NO_REJECTION,True,4,4,3,XSV→EF
WIKIPEDIA,P3,640,38,115,NP_BOUNDARY_GUARD,3,saved_H3_exact_target_token,,NO_REJECTION,True,4,2,1,NNG→JKO
WIKIPEDIA,P3,640,38,115,ALL_MORPH_BOUNDARY_GUARD,3,saved_H3_exact_target_token,,NO_REJECTION,True,4,2,1,NNG→JKO
WIKIPEDIA,P3,640,39,119,ALL_MORPH_BOUNDARY_GUARD,2,saved_H3_exact_target_token,,NO_REJECTION,True,4,3,2,XSV→EF
WIKIPEDIA,P3,645,21,50,ALL_MORPH_BOUNDARY_GUARD,3,saved_H3_exact_target_token,,NO_REJECTION,True,4,2,1,XSV→EF
WIKIPEDIA,P3,645,28,78,ALL_MORPH_BOUNDARY_GUARD,1,saved_H3_exact_target_token,,NO_REJECTION,True,4,4,3,XSV→EF
WIKIPEDIA,P3,645,34,102,ALL_MORPH_BOUNDARY_GUARD,3,saved_H3_exact_target_token,,NO_REJECTION,True,4,2,1,XSV→EF
WIKIPEDIA,P3,646,58,111,ALL_MORPH_BOUNDARY_GUARD,3,saved_H3_exact_target_token,,NO_REJECTION,True,4,2,1,XSV→EF
WIKIPEDIA,P3,647,8,16,ALL_MORPH_BOUNDARY_GUARD,2,projected_saved_draft_candidate_at_or_after_rejection,1.0,BEFORE_GUARD,False,4,3,2,XSV→ETM
WIKIPEDIA,P3,647,9,17,ALL_MORPH_BOUNDARY_GUARD,1,projected_saved_draft_candidate_at_or_after_rejection,1.0,AT_GUARD,True,4,4,3,XSV→ETM
WIKIPEDIA,P3,648,33,88,ALL_MORPH_BOUNDARY_GUARD,2,projected_saved_draft_candidate_at_or_after_rejection,2.0,AT_GUARD,True,4,3,2,XSV→EC
WIKIPEDIA,P3,648,47,123,ALL_MORPH_BOUNDARY_GUARD,2,saved_H3_exact_target_token,,NO_REJECTION,True,4,3,2,XSV→EC
WIKIPEDIA,P3,652,14,24,ALL_MORPH_BOUNDARY_GUARD,2,projected_saved_draft_candidate_at_or_after_rejection,2.0,AT_GUARD,True,4,3,2,EP→EF
WIKIPEDIA,P3,652,15,26,ALL_MORPH_BOUNDARY_GUARD,2,projected_saved_draft_candidate_at_or_after_rejection,3.0,AFTER_GUARD,True,4,3,2,EP→EF
WIKIPEDIA,P3,653,6,7,ALL_MORPH_BOUNDARY_GUARD,2,projected_saved_draft_candidate_at_or_after_rejection,1.0,BEFORE_GUARD,False,4,3,2,XSN→JKB
WIKIPEDIA,P3,653,21,32,ALL_MORPH_BOUNDARY_GUARD,3,projected_saved_draft_candidate_at_or_after_rejection,1.0,BEFORE_GUARD,False,4,2,1,XSV→EC
WIKIPEDIA,P3,653,22,33,ALL_MORPH_BOUNDARY_GUARD,3,projected_saved_draft_candidate_at_or_after_rejection,2.0,BEFORE_GUARD,False,4,2,1,XSV→EC
WIKIPEDIA,P3,653,23,35,ALL_MORPH_BOUNDARY_GUARD,1,projected_saved_draft_candidate_at_or_after_rejection,1.0,AT_GUARD,True,4,4,3,XSV→EC
WIKIPEDIA,P3,653,44,91,ALL_MORPH_BOUNDARY_GUARD,1,saved_H3_exact_target_token,,NO_REJECTION,True,4,4,3,VV→EC
WIKIPEDIA,P3,653,55,125,ALL_MORPH_BOUNDARY_GUARD,1,saved_H3_exact_target_token,,NO_REJECTION,True,3,3,2,XSV→EC
WIKIPEDIA,P3,655,17,24,ALL_MORPH_BOUNDARY_GUARD,3,saved_H3_exact_target_token,,NO_REJECTION,True,4,2,1,XSV→ETM
WIKIPEDIA,P3,655,39,88,ALL_MORPH_BOUNDARY_GUARD,3,saved_H3_exact_target_token,,NO_REJECTION,True,4,2,1,XSV→ETM
WIKIPEDIA,P3,656,12,25,ALL_MORPH_BOUNDARY_GUARD,1,saved_H3_exact_target_token,,NO_REJECTION,True,4,4,3,EP→EF
WIKIPEDIA,P3,656,27,71,ALL_MORPH_BOUNDARY_GUARD,3,saved_H3_exact_target_token,,NO_REJECTION,True,4,2,1,EP→EF
WIKIPEDIA,P3,656,33,95,ALL_MORPH_BOUNDARY_GUARD,3,saved_H3_exact_target_token,,NO_REJECTION,True,4,2,1,EP→EF
WIKIPEDIA,P3,656,39,119,ALL_MORPH_BOUNDARY_GUARD,3,saved_H3_exact_target_token,,NO_REJECTION,True,4,2,1,EP→EF
WIKIPEDIA,P3,663,21,55,ALL_MORPH_BOUNDARY_GUARD,3,projected_saved_draft_candidate_at_or_after_rejection,2.0,BEFORE_GUARD,False,4,2,1,XSV→EC
WIKIPEDIA,P3,663,22,57,ALL_MORPH_BOUNDARY_GUARD,1,projected_saved_draft_candidate_at_or_after_rejection,1.0,AT_GUARD,True,4,4,3,XSV→EC
WIKIPEDIA,P3,663,30,75,ALL_MORPH_BOUNDARY_GUARD,2,projected_saved_draft_candidate_at_or_after_rejection,1.0,BEFORE_GUARD,False,4,3,2,XSV→EC
WIKIPEDIA,P3,663,45,112,ALL_MORPH_BOUNDARY_GUARD,1,saved_H3_exact_target_token,,NO_REJECTION,True,4,4,3,XSV→EF
WIKIPEDIA,P3,664,4,9,ALL_MORPH_BOUNDARY_GUARD,1,projected_saved_draft_candidate_at_or_after_rejection,4.0,AFTER_GUARD,True,4,4,3,XSV→EC
WIKIPEDIA,P3,665,24,60,ALL_MORPH_BOUNDARY_GUARD,3,saved_H3_exact_target_token,,NO_REJECTION,True,4,2,1,XSV→EF
WIKIPEDIA,P3,665,35,86,ALL_MORPH_BOUNDARY_GUARD,2,projected_saved_draft_candidate_at_or_after_rejection,2.0,AT_GUARD,True,4,3,2,EP→EF
WIKIPEDIA,P3,666,13,37,ALL_MORPH_BOUNDARY_GUARD,3,projected_saved_draft_candidate_at_or_after_rejection,2.0,BEFORE_GUARD,False,4,2,1,XSV→EC
WIKIPEDIA,P3,667,3,4,ALL_MORPH_BOUNDARY_GUARD,1,saved_H3_exact_target_token,,NO_REJECTION,True,4,4,3,EP→EF
WIKIPEDIA,P3,667,21,61,ALL_MORPH_BOUNDARY_GUARD,3,saved_H3_exact_target_token,,NO_REJECTION,True,4,2,1,EP→EF
WIKIPEDIA,P3,667,29,92,ALL_MORPH_BOUNDARY_GUARD,2,saved_H3_exact_target_token,,NO_REJECTION,True,4,3,2,EP→EF
WIKIPEDIA,P3,670,17,32,ALL_MORPH_BOUNDARY_GUARD,3,projected_saved_draft_candidate_at_or_after_rejection,3.0,AT_GUARD,True,4,2,1,XSV→EF
WIKIPEDIA,P3,670,18,35,ALL_MORPH_BOUNDARY_GUARD,1,projected_saved_draft_candidate_at_or_after_rejection,1.0,AT_GUARD,True,4,4,3,XSV→EC
WIKIPEDIA,P3,670,38,69,ALL_MORPH_BOUNDARY_GUARD,2,saved_H3_exact_target_token,,NO_REJECTION,True,4,3,2,XSV→EF
WIKIPEDIA,P3,670,54,102,ALL_MORPH_BOUNDARY_GUARD,1,saved_H3_exact_target_token,,NO_REJECTION,True,4,4,3,XSV→EF
WIKIPEDIA,P3,671,15,34,ALL_MORPH_BOUNDARY_GUARD,3,projected_saved_draft_candidate_at_or_after_rejection,1.0,BEFORE_GUARD,False,4,2,1,XSV→ETN
WIKIPEDIA,P3,671,16,35,ALL_MORPH_BOUNDARY_GUARD,3,projected_saved_draft_candidate_at_or_after_rejection,2.0,BEFORE_GUARD,False,4,2,1,XSV→ETN
WIKIPEDIA,P3,672,50,113,ALL_MORPH_BOUNDARY_GUARD,3,saved_H3_exact_target_token,,NO_REJECTION,True,4,2,1,XSN→JKB
WIKIPEDIA,P3,673,15,35,ALL_MORPH_BOUNDARY_GUARD,2,saved_H3_exact_target_token,,NO_REJECTION,True,4,3,2,EP→EF
WIKIPEDIA,P3,675,8,20,ALL_MORPH_BOUNDARY_GUARD,2,projected_saved_draft_candidate_at_or_after_rejection,2.0,AT_GUARD,True,4,3,2,EP→EF
WIKIPEDIA,P3,677,18,37,ALL_MORPH_BOUNDARY_GUARD,2,projected_saved_draft_candidate_at_or_after_rejection,3.0,AFTER_GUARD,True,4,3,2,XSV→EC
WIKIPEDIA,P3,679,51,115,ALL_MORPH_BOUNDARY_GUARD,3,saved_H3_exact_target_token,,NO_REJECTION,True,4,2,1,XSV→EC
WIKIPEDIA,P3,680,8,14,ALL_MORPH_BOUNDARY_GUARD,1,projected_saved_draft_candidate_at_or_after_rejection,1.0,AT_GUARD,True,4,4,3,SSO→SL
WIKIPEDIA,P3,685,26,71,ALL_MORPH_BOUNDARY_GUARD,3,projected_saved_draft_candidate_at_or_after_rejection,1.0,BEFORE_GUARD,False,4,2,1,EP→EF
WIKIPEDIA,P3,686,34,81,ALL_MORPH_BOUNDARY_GUARD,3,saved_H3_exact_target_token,,NO_REJECTION,True,4,2,1,XSV→EC
WIKIPEDIA,P3,686,40,105,ALL_MORPH_BOUNDARY_GUARD,1,saved_H3_exact_target_token,,NO_REJECTION,True,4,4,3,XSV→ETM
WIKIPEDIA,P3,690,7,28,ALL_MORPH_BOUNDARY_GUARD,1,saved_H3_exact_target_token,,NO_REJECTION,True,4,4,3,XSV→EC
WIKIPEDIA,P3,690,15,60,ALL_MORPH_BOUNDARY_GUARD,2,saved_H3_exact_target_token,,NO_REJECTION,True,4,3,2,XSV→EC
WIKIPEDIA,P3,690,23,92,ALL_MORPH_BOUNDARY_GUARD,3,saved_H3_exact_target_token,,NO_REJECTION,True,4,2,1,XSV→EC
WIKIPEDIA,P3,696,11,16,ALL_MORPH_BOUNDARY_GUARD,2,saved_H3_exact_target_token,,NO_REJECTION,True,4,3,2,EP→EF
WIKIPEDIA,P3,696,25,43,ALL_MORPH_BOUNDARY_GUARD,2,projected_saved_draft_candidate_at_or_after_rejection,2.0,AT_GUARD,True,4,3,2,VV→EC
WIKIPEDIA,P3,696,46,95,ALL_MORPH_BOUNDARY_GUARD,2,saved_H3_exact_target_token,,NO_REJECTION,True,4,3,2,EP→EF
WIKIPEDIA,P3,699,8,14,ALL_MORPH_BOUNDARY_GUARD,3,saved_H3_exact_target_token,,NO_REJECTION,True,4,2,1,XSV→EF
WIKIPEDIA,P3,699,16,34,ALL_MORPH_BOUNDARY_GUARD,3,projected_saved_draft_candidate_at_or_after_rejection,1.0,BEFORE_GUARD,False,4,2,1,VCP→EF
WIKIPEDIA,P3,700,17,38,ALL_MORPH_BOUNDARY_GUARD,3,saved_H3_exact_target_token,,NO_REJECTION,True,4,2,1,XSV→EF
WIKIPEDIA,P3,700,25,64,ALL_MORPH_BOUNDARY_GUARD,1,saved_H3_exact_target_token,,NO_REJECTION,True,4,4,3,XSV→EF
WIKIPEDIA,P3,700,32,88,ALL_MORPH_BOUNDARY_GUARD,1,saved_H3_exact_target_token,,NO_REJECTION,True,4,4,3,XSV→EF
WIKIPEDIA,P3,700,39,114,ALL_MORPH_BOUNDARY_GUARD,1,saved_H3_exact_target_token,,NO_REJECTION,True,4,4,3,XSV→EF
WIKIPEDIA,P3,701,2,7,ALL_MORPH_BOUNDARY_GUARD,3,projected_saved_draft_candidate_at_or_after_rejection,1.0,BEFORE_GUARD,False,4,2,1,XSV→ETN
WIKIPEDIA,P3,701,3,8,ALL_MORPH_BOUNDARY_GUARD,2,projected_saved_draft_candidate_at_or_after_rejection,2.0,AT_GUARD,True,4,3,2,XSV→EC
WIKIPEDIA,P3,703,5,12,ALL_MORPH_BOUNDARY_GUARD,3,projected_saved_draft_candidate_at_or_after_rejection,3.0,AT_GUARD,True,4,2,1,XSV→EC
WIKIPEDIA,P3,703,8,18,ALL_MORPH_BOUNDARY_GUARD,3,projected_saved_draft_candidate_at_or_after_rejection,1.0,BEFORE_GUARD,False,4,2,1,XSV→ETM
WIKIPEDIA,P3,706,7,17,ALL_MORPH_BOUNDARY_GUARD,1,projected_saved_draft_candidate_at_or_after_rejection,1.0,AT_GUARD,True,4,4,3,XSV→EC
WIKIPEDIA,P3,706,20,57,ALL_MORPH_BOUNDARY_GUARD,1,saved_H3_exact_target_token,,NO_REJECTION,True,4,4,3,XSV→EF
WIKIPEDIA,P3,706,26,76,ALL_MORPH_BOUNDARY_GUARD,2,saved_H3_exact_target_token,,NO_REJECTION,True,4,3,2,XSV→EF
WIKIPEDIA,P3,706,32,96,ALL_MORPH_BOUNDARY_GUARD,3,saved_H3_exact_target_token,,NO_REJECTION,True,4,2,1,XSV→EF
WIKIPEDIA,P3,706,37,116,ALL_MORPH_BOUNDARY_GUARD,3,saved_H3_exact_target_token,,NO_REJECTION,True,4,2,1,XSV→EF
WIKIPEDIA,P3,707,36,91,NP_BOUNDARY_GUARD,2,saved_H3_exact_target_token,,NO_REJECTION,True,4,3,2,NNG→JKO
WIKIPEDIA,P3,707,36,91,ALL_MORPH_BOUNDARY_GUARD,2,saved_H3_exact_target_token,,NO_REJECTION,True,4,3,2,NNG→JKO
WIKIPEDIA,P3,708,14,25,ALL_MORPH_BOUNDARY_GUARD,2,projected_saved_draft_candidate_at_or_after_rejection,1.0,BEFORE_GUARD,False,4,3,2,VCP→EF
WIKIPEDIA,P3,708,26,48,ALL_MORPH_BOUNDARY_GUARD,1,projected_saved_draft_candidate_at_or_after_rejection,4.0,AFTER_GUARD,True,4,4,3,XSV→EC
WIKIPEDIA,P3,708,46,104,ALL_MORPH_BOUNDARY_GUARD,1,projected_saved_draft_candidate_at_or_after_rejection,1.0,AT_GUARD,True,4,4,3,VCP→EF
WIKIPEDIA,P3,708,47,105,ALL_MORPH_BOUNDARY_GUARD,1,saved_H3_exact_target_token,,NO_REJECTION,True,4,4,3,VCP→EF
WIKIPEDIA,P3,711,30,56,ALL_MORPH_BOUNDARY_GUARD,3,projected_saved_draft_candidate_at_or_after_rejection,3.0,AT_GUARD,True,4,2,1,XSV→EC
WIKIPEDIA,P3,712,10,22,ALL_MORPH_BOUNDARY_GUARD,2,projected_saved_draft_candidate_at_or_after_rejection,2.0,AT_GUARD,True,4,3,2,XSV→EC
WIKIPEDIA,P3,713,0,0,ALL_MORPH_BOUNDARY_GUARD,3,projected_saved_draft_candidate_at_or_after_rejection,3.0,AT_GUARD,True,4,2,1,EP→EF
WIKIPEDIA,P3,713,1,3,NP_BOUNDARY_GUARD,2,saved_H3_exact_target_token,,NO_REJECTION,True,4,3,2,NNG→JKC
WIKIPEDIA,P3,713,1,3,ALL_MORPH_BOUNDARY_GUARD,2,saved_H3_exact_target_token,,NO_REJECTION,True,4,3,2,NNG→JKC
WIKIPEDIA,P3,715,1,1,ALL_MORPH_BOUNDARY_GUARD,3,projected_saved_draft_candidate_at_or_after_rejection,3.0,AT_GUARD,True,4,2,1,SF→SSO
WIKIPEDIA,P3,716,5,14,ALL_MORPH_BOUNDARY_GUARD,3,saved_H3_exact_target_token,,NO_REJECTION,True,4,2,1,NNG→NNG
WIKIPEDIA,P3,716,11,36,ALL_MORPH_BOUNDARY_GUARD,3,projected_saved_draft_candidate_at_or_after_rejection,2.0,BEFORE_GUARD,False,4,2,1,NNG→NNG
WIKIPEDIA,P3,716,17,56,ALL_MORPH_BOUNDARY_GUARD,3,projected_saved_draft_candidate_at_or_after_rejection,2.0,BEFORE_GUARD,False,4,2,1,NNG→NNG
WIKIPEDIA,P3,717,2,3,ALL_MORPH_BOUNDARY_GUARD,3,projected_saved_draft_candidate_at_or_after_rejection,1.0,BEFORE_GUARD,False,4,2,1,XSN→JKS
WIKIPEDIA,P3,721,0,0,ALL_MORPH_BOUNDARY_GUARD,3,projected_saved_draft_candidate_at_or_after_rejection,1.0,BEFORE_GUARD,False,4,2,1,XSV→ETM
WIKIPEDIA,P3,721,3,5,ALL_MORPH_BOUNDARY_GUARD,2,projected_saved_draft_candidate_at_or_after_rejection,1.0,BEFORE_GUARD,False,4,3,2,ETN→JKO
WIKIPEDIA,P3,721,27,61,ALL_MORPH_BOUNDARY_GUARD,3,projected_saved_draft_candidate_at_or_after_rejection,3.0,AT_GUARD,True,4,2,1,EP→EF
WIKIPEDIA,P3,722,3,11,NP_BOUNDARY_GUARD,1,projected_saved_draft_candidate_at_or_after_rejection,2.0,AFTER_GUARD,True,4,4,3,NNG→JKB
WIKIPEDIA,P3,722,3,11,ALL_MORPH_BOUNDARY_GUARD,1,projected_saved_draft_candidate_at_or_after_rejection,2.0,AFTER_GUARD,True,4,4,3,NNG→JKB
WIKIPEDIA,P3,722,26,73,ALL_MORPH_BOUNDARY_GUARD,2,saved_H3_exact_target_token,,NO_REJECTION,True,4,3,2,XSV→ETN
WIKIPEDIA,P3,724,27,64,ALL_MORPH_BOUNDARY_GUARD,3,projected_saved_draft_candidate_at_or_after_rejection,3.0,AT_GUARD,True,4,2,1,XSV→EC
WIKIPEDIA,P3,725,0,0,NP_BOUNDARY_GUARD,2,projected_saved_draft_candidate_at_or_after_rejection,1.0,BEFORE_GUARD,False,4,3,2,NNB→JKO
WIKIPEDIA,P3,725,0,0,ALL_MORPH_BOUNDARY_GUARD,1,projected_saved_draft_candidate_at_or_after_rejection,1.0,AT_GUARD,True,4,4,3,VV→ETM
WIKIPEDIA,P3,725,1,1,NP_BOUNDARY_GUARD,1,projected_saved_draft_candidate_at_or_after_rejection,1.0,AT_GUARD,True,4,4,3,NNB→JKO
WIKIPEDIA,P3,725,1,1,ALL_MORPH_BOUNDARY_GUARD,1,projected_saved_draft_candidate_at_or_after_rejection,1.0,AT_GUARD,True,4,4,3,NNB→JKO
WIKIPEDIA,P3,725,23,38,ALL_MORPH_BOUNDARY_GUARD,3,projected_saved_draft_candidate_at_or_after_rejection,1.0,BEFORE_GUARD,False,4,2,1,XSV→EC
WIKIPEDIA,P3,725,24,39,ALL_MORPH_BOUNDARY_GUARD,2,projected_saved_draft_candidate_at_or_after_rejection,1.0,BEFORE_GUARD,False,4,3,2,XSV→ETM
WIKIPEDIA,P3,725,26,42,ALL_MORPH_BOUNDARY_GUARD,1,projected_saved_draft_candidate_at_or_after_rejection,2.0,AFTER_GUARD,True,4,4,3,XSV→EC
WIKIPEDIA,P3,725,55,100,ALL_MORPH_BOUNDARY_GUARD,1,projected_saved_draft_candidate_at_or_after_rejection,1.0,AT_GUARD,True,4,4,3,EP→EF
WIKIPEDIA,P3,726,27,73,ALL_MORPH_BOUNDARY_GUARD,3,saved_H3_exact_target_token,,NO_REJECTION,True,4,2,1,XSV→EF
WIKIPEDIA,P3,728,7,19,ALL_MORPH_BOUNDARY_GUARD,3,saved_H3_exact_target_token,,NO_REJECTION,True,4,2,1,XSV→EF
WIKIPEDIA,P3,731,1,3,ALL_MORPH_BOUNDARY_GUARD,2,projected_saved_draft_candidate_at_or_after_rejection,2.0,AT_GUARD,True,4,3,2,XSN→JKS
WIKIPEDIA,P3,731,9,20,NP_BOUNDARY_GUARD,2,projected_saved_draft_candidate_at_or_after_rejection,1.0,BEFORE_GUARD,False,4,3,2,NNG→JKO
WIKIPEDIA,P3,731,9,20,ALL_MORPH_BOUNDARY_GUARD,2,projected_saved_draft_candidate_at_or_after_rejection,1.0,BEFORE_GUARD,False,4,3,2,NNG→JKO
WIKIPEDIA,P3,731,13,27,ALL_MORPH_BOUNDARY_GUARD,2,projected_saved_draft_candidate_at_or_after_rejection,4.0,AFTER_GUARD,True,4,3,2,XSV→ETN
WIKIPEDIA,P3,731,19,42,ALL_MORPH_BOUNDARY_GUARD,3,projected_saved_draft_candidate_at_or_after_rejection,1.0,BEFORE_GUARD,False,4,2,1,XSV→ETM
WIKIPEDIA,P3,732,24,44,ALL_MORPH_BOUNDARY_GUARD,2,projected_saved_draft_candidate_at_or_after_rejection,1.0,BEFORE_GUARD,False,4,3,2,XSV→EC
WIKIPEDIA,P3,732,25,45,ALL_MORPH_BOUNDARY_GUARD,1,projected_saved_draft_candidate_at_or_after_rejection,1.0,AT_GUARD,True,4,4,3,XSV→EC
WIKIPEDIA,P3,737,1,4,ALL_MORPH_BOUNDARY_GUARD,2,projected_saved_draft_candidate_at_or_after_rejection,2.0,AT_GUARD,True,4,3,2,VCP→EF
WIKIPEDIA,P3,737,19,48,ALL_MORPH_BOUNDARY_GUARD,1,projected_saved_draft_candidate_at_or_after_rejection,1.0,AT_GUARD,True,4,4,3,XSV→EC
WIKIPEDIA,P3,737,28,69,ALL_MORPH_BOUNDARY_GUARD,2,projected_saved_draft_candidate_at_or_after_rejection,1.0,BEFORE_GUARD,False,4,3,2,VA→ETM
WIKIPEDIA,P3,737,31,74,ALL_MORPH_BOUNDARY_GUARD,1,projected_saved_draft_candidate_at_or_after_rejection,2.0,AFTER_GUARD,True,4,4,3,VX→ETM
WIKIPEDIA,P3,737,44,112,ALL_MORPH_BOUNDARY_GUARD,2,saved_H3_exact_target_token,,NO_REJECTION,True,4,3,2,XSA→EC
WIKIPEDIA,P3,737,45,116,ALL_MORPH_BOUNDARY_GUARD,1,projected_saved_draft_candidate_at_or_after_rejection,2.0,AFTER_GUARD,True,4,4,3,VX→ETM
WIKIPEDIA,P3,738,1,3,ALL_MORPH_BOUNDARY_GUARD,3,saved_H3_exact_target_token,,NO_REJECTION,True,4,2,1,XSV→EF
WIKIPEDIA,P3,738,23,76,ALL_MORPH_BOUNDARY_GUARD,2,saved_H3_exact_target_token,,NO_REJECTION,True,4,3,2,XSV→EF
WIKIPEDIA,P3,738,32,112,ALL_MORPH_BOUNDARY_GUARD,2,saved_H3_exact_target_token,,NO_REJECTION,True,4,3,2,XSV→EF
WIKIPEDIA,P3,739,10,17,ALL_MORPH_BOUNDARY_GUARD,3,projected_saved_draft_candidate_at_or_after_rejection,2.0,BEFORE_GUARD,False,4,2,1,XSV→EC
WIKIPEDIA,P3,739,11,19,ALL_MORPH_BOUNDARY_GUARD,1,projected_saved_draft_candidate_at_or_after_rejection,1.0,AT_GUARD,True,4,4,3,XSV→EC
WIKIPEDIA,P3,748,3,5,ALL_MORPH_BOUNDARY_GUARD,2,saved_H3_exact_target_token,,NO_REJECTION,True,4,3,2,EP→EF
WIKIPEDIA,P3,751,29,71,ALL_MORPH_BOUNDARY_GUARD,1,saved_H3_exact_target_token,,NO_REJECTION,True,4,4,3,XSV→EC
WIKIPEDIA,P3,752,13,24,ALL_MORPH_BOUNDARY_GUARD,3,projected_saved_draft_candidate_at_or_after_rejection,1.0,BEFORE_GUARD,False,4,2,1,XSV→EF
WIKIPEDIA,P3,752,15,26,ALL_MORPH_BOUNDARY_GUARD,1,saved_H3_exact_target_token,,NO_REJECTION,True,4,4,3,XSV→EF
WIKIPEDIA,P3,752,22,49,ALL_MORPH_BOUNDARY_GUARD,1,saved_H3_exact_target_token,,NO_REJECTION,True,4,4,3,XSV→EF
WIKIPEDIA,P3,752,27,68,ALL_MORPH_BOUNDARY_GUARD,3,saved_H3_exact_target_token,,NO_REJECTION,True,4,2,1,XSV→EF
WIKIPEDIA,P3,752,33,92,ALL_MORPH_BOUNDARY_GUARD,2,saved_H3_exact_target_token,,NO_REJECTION,True,4,3,2,XSV→EF
WIKIPEDIA,P3,752,39,115,ALL_MORPH_BOUNDARY_GUARD,2,saved_H3_exact_target_token,,NO_REJECTION,True,4,3,2,XSV→EF
WIKIPEDIA,P3,754,29,65,ALL_MORPH_BOUNDARY_GUARD,1,projected_saved_draft_candidate_at_or_after_rejection,1.0,AT_GUARD,True,4,4,3,VX→EF
WIKIPEDIA,P3,754,35,79,NP_BOUNDARY_GUARD,2,saved_H3_exact_target_token,,NO_REJECTION,True,4,3,2,NNG→JKO
WIKIPEDIA,P3,754,35,79,ALL_MORPH_BOUNDARY_GUARD,2,saved_H3_exact_target_token,,NO_REJECTION,True,4,3,2,NNG→JKO
WIKIPEDIA,P3,754,40,99,NP_BOUNDARY_GUARD,2,saved_H3_exact_target_token,,NO_REJECTION,True,4,3,2,NNG→JKO
WIKIPEDIA,P3,754,40,99,ALL_MORPH_BOUNDARY_GUARD,2,saved_H3_exact_target_token,,NO_REJECTION,True,4,3,2,NNG→JKO
WIKIPEDIA,P3,754,45,119,NP_BOUNDARY_GUARD,2,saved_H3_exact_target_token,,NO_REJECTION,True,4,3,2,NNG→JKO
WIKIPEDIA,P3,754,45,119,ALL_MORPH_BOUNDARY_GUARD,2,saved_H3_exact_target_token,,NO_REJECTION,True,4,3,2,NNG→JKO
WIKIPEDIA,P3,755,5,8,ALL_MORPH_BOUNDARY_GUARD,3,projected_saved_draft_candidate_at_or_after_rejection,1.0,BEFORE_GUARD,False,4,2,1,EP→EF
WIKIPEDIA,P3,755,13,21,ALL_MORPH_BOUNDARY_GUARD,2,projected_saved_draft_candidate_at_or_after_rejection,2.0,AT_GUARD,True,4,3,2,XSV→ETM
WIKIPEDIA,P3,755,14,23,ALL_MORPH_BOUNDARY_GUARD,2,projected_saved_draft_candidate_at_or_after_rejection,4.0,AFTER_GUARD,True,4,3,2,VA→ETM
WIKIPEDIA,P3,758,0,0,ALL_MORPH_BOUNDARY_GUARD,1,projected_saved_draft_candidate_at_or_after_rejection,1.0,AT_GUARD,True,4,4,3,VV→ETM
WIKIPEDIA,P3,759,14,20,ALL_MORPH_BOUNDARY_GUARD,2,projected_saved_draft_candidate_at_or_after_rejection,1.0,BEFORE_GUARD,False,4,3,2,XSV→EC
WIKIPEDIA,P3,760,9,19,ALL_MORPH_BOUNDARY_GUARD,2,projected_saved_draft_candidate_at_or_after_rejection,2.0,AT_GUARD,True,4,3,2,VV→EC
WIKIPEDIA,P3,761,24,61,ALL_MORPH_BOUNDARY_GUARD,1,saved_H3_exact_target_token,,NO_REJECTION,True,4,4,3,XSV→EC
WIKIPEDIA,P3,761,32,93,ALL_MORPH_BOUNDARY_GUARD,1,saved_H3_exact_target_token,,NO_REJECTION,True,4,4,3,XSV→EC
WIKIPEDIA,P3,761,40,125,ALL_MORPH_BOUNDARY_GUARD,1,saved_H3_exact_target_token,,NO_REJECTION,True,3,3,2,XSV→EC
WIKIPEDIA,P3,764,10,17,ALL_MORPH_BOUNDARY_GUARD,1,projected_saved_draft_candidate_at_or_after_rejection,2.0,AFTER_GUARD,True,4,4,3,XSN→JKS
WIKIPEDIA,P3,764,14,27,ALL_MORPH_BOUNDARY_GUARD,2,projected_saved_draft_candidate_at_or_after_rejection,2.0,AT_GUARD,True,4,3,2,EP→EF
WIKIPEDIA,P3,765,0,0,ALL_MORPH_BOUNDARY_GUARD,2,projected_saved_draft_candidate_at_or_after_rejection,1.0,BEFORE_GUARD,False,4,3,2,XSN→JKS
WIKIPEDIA,P3,766,6,16,ALL_MORPH_BOUNDARY_GUARD,3,projected_saved_draft_candidate_at_or_after_rejection,1.0,BEFORE_GUARD,False,4,2,1,EP→EF
WIKIPEDIA,P3,768,21,64,ALL_MORPH_BOUNDARY_GUARD,1,saved_H3_exact_target_token,,NO_REJECTION,True,4,4,3,VCP→EF
WIKIPEDIA,P3,768,27,88,ALL_MORPH_BOUNDARY_GUARD,2,saved_H3_exact_target_token,,NO_REJECTION,True,4,3,2,VCP→EF
WIKIPEDIA,P3,768,33,112,ALL_MORPH_BOUNDARY_GUARD,3,saved_H3_exact_target_token,,NO_REJECTION,True,4,2,1,VCP→EF
WIKIPEDIA,P3,771,1,2,ALL_MORPH_BOUNDARY_GUARD,2,projected_saved_draft_candidate_at_or_after_rejection,1.0,BEFORE_GUARD,False,4,3,2,EP→EF
WIKIPEDIA,P3,771,18,53,ALL_MORPH_BOUNDARY_GUARD,3,saved_H3_exact_target_token,,NO_REJECTION,True,4,2,1,VV→EC
WIKIPEDIA,P3,771,20,61,NP_BOUNDARY_GUARD,2,saved_H3_exact_target_token,,NO_REJECTION,True,4,3,2,NNG→JKO
WIKIPEDIA,P3,771,20,61,ALL_MORPH_BOUNDARY_GUARD,2,saved_H3_exact_target_token,,NO_REJECTION,True,4,3,2,NNG→JKO
WIKIPEDIA,P3,771,21,65,ALL_MORPH_BOUNDARY_GUARD,2,saved_H3_exact_target_token,,NO_REJECTION,True,4,3,2,EP→EF
WIKIPEDIA,P3,771,34,116,ALL_MORPH_BOUNDARY_GUARD,1,saved_H3_exact_target_token,,NO_REJECTION,True,4,4,3,VV→EC
WIKIPEDIA,P3,777,25,45,ALL_MORPH_BOUNDARY_GUARD,3,saved_H3_exact_target_token,,NO_REJECTION,True,4,2,1,XSV→ETN
WIKIPEDIA,P3,777,39,97,ALL_MORPH_BOUNDARY_GUARD,3,saved_H3_exact_target_token,,NO_REJECTION,True,4,2,1,XSV→ETN
WIKIPEDIA,P3,777,46,125,ALL_MORPH_BOUNDARY_GUARD,1,saved_H3_exact_target_token,,NO_REJECTION,True,3,3,2,XSV→ETN
WIKIPEDIA,P3,782,11,25,ALL_MORPH_BOUNDARY_GUARD,3,projected_saved_draft_candidate_at_or_after_rejection,1.0,BEFORE_GUARD,False,4,2,1,XSV→EF
WIKIPEDIA,P3,782,13,27,ALL_MORPH_BOUNDARY_GUARD,1,projected_saved_draft_candidate_at_or_after_rejection,1.0,AT_GUARD,True,4,4,3,XSV→EC
WIKIPEDIA,P3,782,24,52,ALL_MORPH_BOUNDARY_GUARD,3,projected_saved_draft_candidate_at_or_after_rejection,1.0,BEFORE_GUARD,False,4,2,1,EP→EF
WIKIPEDIA,P3,783,3,5,ALL_MORPH_BOUNDARY_GUARD,2,projected_saved_draft_candidate_at_or_after_rejection,1.0,BEFORE_GUARD,False,4,3,2,XSV→EC
WIKIPEDIA,P3,783,4,6,ALL_MORPH_BOUNDARY_GUARD,1,projected_saved_draft_candidate_at_or_after_rejection,2.0,AFTER_GUARD,True,4,4,3,XSV→EC
WIKIPEDIA,P3,783,20,61,ALL_MORPH_BOUNDARY_GUARD,1,saved_H3_exact_target_token,,NO_REJECTION,True,4,4,3,XSV→EC
WIKIPEDIA,P3,791,3,6,ALL_MORPH_BOUNDARY_GUARD,2,projected_saved_draft_candidate_at_or_after_rejection,4.0,AFTER_GUARD,True,4,3,2,EP→EF
WIKIPEDIA,P3,791,16,38,ALL_MORPH_BOUNDARY_GUARD,3,projected_saved_draft_candidate_at_or_after_rejection,1.0,BEFORE_GUARD,False,4,2,1,EP→EF
WIKIPEDIA,P3,791,26,60,ALL_MORPH_BOUNDARY_GUARD,3,projected_saved_draft_candidate_at_or_after_rejection,1.0,BEFORE_GUARD,False,4,2,1,XSA→EC
WIKIPEDIA,P3,792,30,84,ALL_MORPH_BOUNDARY_GUARD,2,projected_saved_draft_candidate_at_or_after_rejection,2.0,AT_GUARD,True,4,3,2,EP→EF
WIKIPEDIA,P3,793,9,16,ALL_MORPH_BOUNDARY_GUARD,3,projected_saved_draft_candidate_at_or_after_rejection,1.0,BEFORE_GUARD,False,4,2,1,XSV→EC
WIKIPEDIA,P3,796,42,110,ALL_MORPH_BOUNDARY_GUARD,2,saved_H3_exact_target_token,,NO_REJECTION,True,4,3,2,XSV→ETN
WIKIPEDIA,P3,801,26,63,ALL_MORPH_BOUNDARY_GUARD,2,saved_H3_exact_target_token,,NO_REJECTION,True,4,3,2,XSV→EC
WIKIPEDIA,P3,801,37,104,ALL_MORPH_BOUNDARY_GUARD,1,saved_H3_exact_target_token,,NO_REJECTION,True,4,4,3,XSV→EC
WIKIPEDIA,P3,802,49,117,ALL_MORPH_BOUNDARY_GUARD,3,saved_H3_exact_target_token,,NO_REJECTION,True,4,2,1,XSV→EC
WIKIPEDIA,P3,804,14,25,ALL_MORPH_BOUNDARY_GUARD,2,projected_saved_draft_candidate_at_or_after_rejection,1.0,BEFORE_GUARD,False,4,3,2,XSV→EF
WIKIPEDIA,P3,804,15,26,ALL_MORPH_BOUNDARY_GUARD,1,saved_H3_exact_target_token,,NO_REJECTION,True,4,4,3,XSV→EF
WIKIPEDIA,P3,804,30,58,ALL_MORPH_BOUNDARY_GUARD,2,saved_H3_exact_target_token,,NO_REJECTION,True,4,3,2,XSV→EF
WIKIPEDIA,P3,804,39,89,ALL_MORPH_BOUNDARY_GUARD,1,saved_H3_exact_target_token,,NO_REJECTION,True,4,4,3,XSV→EF
WIKIPEDIA,P3,804,46,117,ALL_MORPH_BOUNDARY_GUARD,3,saved_H3_exact_target_token,,NO_REJECTION,True,4,2,1,XSV→EF
WIKIPEDIA,P3,805,12,23,ALL_MORPH_BOUNDARY_GUARD,2,projected_saved_draft_candidate_at_or_after_rejection,1.0,BEFORE_GUARD,False,4,3,2,XSV→ETM
WIKIPEDIA,P3,805,38,75,ALL_MORPH_BOUNDARY_GUARD,3,projected_saved_draft_candidate_at_or_after_rejection,1.0,BEFORE_GUARD,False,4,2,1,EP→EF
WIKIPEDIA,P3,808,23,63,ALL_MORPH_BOUNDARY_GUARD,2,projected_saved_draft_candidate_at_or_after_rejection,2.0,AT_GUARD,True,4,3,2,EP→EF
WIKIPEDIA,P3,809,29,74,ALL_MORPH_BOUNDARY_GUARD,2,saved_H3_exact_target_token,,NO_REJECTION,True,4,3,2,XSV→ETN
WIKIPEDIA,P3,809,40,117,ALL_MORPH_BOUNDARY_GUARD,3,saved_H3_exact_target_token,,NO_REJECTION,True,4,2,1,XSV→ETN
WIKIPEDIA,P3,811,12,28,ALL_MORPH_BOUNDARY_GUARD,1,saved_H3_exact_target_token,,NO_REJECTION,True,4,4,3,NNG→NNG
WIKIPEDIA,P3,813,9,32,ALL_MORPH_BOUNDARY_GUARD,3,saved_H3_exact_target_token,,NO_REJECTION,True,4,2,1,XSV→EC
WIKIPEDIA,P3,813,11,40,ALL_MORPH_BOUNDARY_GUARD,2,saved_H3_exact_target_token,,NO_REJECTION,True,4,3,2,XSV→EF
WIKIPEDIA,P3,813,22,84,ALL_MORPH_BOUNDARY_GUARD,3,saved_H3_exact_target_token,,NO_REJECTION,True,4,2,1,XSV→EF
WIKIPEDIA,P3,813,32,124,ALL_MORPH_BOUNDARY_GUARD,1,saved_H3_exact_target_token,,NO_REJECTION,True,4,4,3,XSV→EC
WIKIPEDIA,P3,815,2,5,ALL_MORPH_BOUNDARY_GUARD,2,projected_saved_draft_candidate_at_or_after_rejection,2.0,AT_GUARD,True,4,3,2,EP→EF
WIKIPEDIA,P3,815,3,7,ALL_MORPH_BOUNDARY_GUARD,3,saved_H3_exact_target_token,,NO_REJECTION,True,4,2,1,VCP→EF
WIKIPEDIA,P3,815,11,29,NP_BOUNDARY_GUARD,1,saved_H3_exact_target_token,,NO_REJECTION,True,4,4,3,NNG→JKO
WIKIPEDIA,P3,815,11,29,ALL_MORPH_BOUNDARY_GUARD,1,saved_H3_exact_target_token,,NO_REJECTION,True,4,4,3,NNG→JKO
WIKIPEDIA,P3,815,25,61,NP_BOUNDARY_GUARD,1,saved_H3_exact_target_token,,NO_REJECTION,True,4,4,3,NNG→JKO
WIKIPEDIA,P3,815,25,61,ALL_MORPH_BOUNDARY_GUARD,1,saved_H3_exact_target_token,,NO_REJECTION,True,4,4,3,NNG→JKO
WIKIPEDIA,P3,815,33,92,NP_BOUNDARY_GUARD,2,saved_H3_exact_target_token,,NO_REJECTION,True,4,3,2,NNG→JKO
WIKIPEDIA,P3,815,33,92,ALL_MORPH_BOUNDARY_GUARD,2,saved_H3_exact_target_token,,NO_REJECTION,True,4,3,2,NNG→JKO
WIKIPEDIA,P3,815,41,124,NP_BOUNDARY_GUARD,2,saved_H3_exact_target_token,,NO_REJECTION,True,4,3,2,NNG→JKO
WIKIPEDIA,P3,815,41,124,ALL_MORPH_BOUNDARY_GUARD,2,saved_H3_exact_target_token,,NO_REJECTION,True,4,3,2,NNG→JKO
WIKIPEDIA,P3,816,1,4,ALL_MORPH_BOUNDARY_GUARD,3,saved_H3_exact_target_token,,NO_REJECTION,True,4,2,1,ETN→JX
WIKIPEDIA,P3,816,5,16,ALL_MORPH_BOUNDARY_GUARD,3,projected_saved_draft_candidate_at_or_after_rejection,1.0,BEFORE_GUARD,False,4,2,1,XSV→ETM
WIKIPEDIA,P3,816,6,17,ALL_MORPH_BOUNDARY_GUARD,1,saved_H3_exact_target_token,,NO_REJECTION,True,4,4,3,XSV→ETM
WIKIPEDIA,P3,816,26,75,ALL_MORPH_BOUNDARY_GUARD,1,projected_saved_draft_candidate_at_or_after_rejection,4.0,AFTER_GUARD,True,4,4,3,VA→ETM
WIKIPEDIA,P3,816,29,87,ALL_MORPH_BOUNDARY_GUARD,1,projected_saved_draft_candidate_at_or_after_rejection,1.0,AT_GUARD,True,4,4,3,VCP→EF
WIKIPEDIA,P3,816,40,115,ALL_MORPH_BOUNDARY_GUARD,1,saved_H3_exact_target_token,,NO_REJECTION,True,4,4,3,VA→EF
WIKIPEDIA,P3,817,3,6,ALL_MORPH_BOUNDARY_GUARD,1,projected_saved_draft_candidate_at_or_after_rejection,2.0,AFTER_GUARD,True,4,4,3,XSN→JKS
WIKIPEDIA,P3,817,4,8,NP_BOUNDARY_GUARD,3,projected_saved_draft_candidate_at_or_after_rejection,1.0,BEFORE_GUARD,False,4,2,1,NNB→JKB
WIKIPEDIA,P3,817,4,8,ALL_MORPH_BOUNDARY_GUARD,3,projected_saved_draft_candidate_at_or_after_rejection,1.0,BEFORE_GUARD,False,4,2,1,NNB→JKB
WIKIPEDIA,P3,817,5,9,NP_BOUNDARY_GUARD,1,projected_saved_draft_candidate_at_or_after_rejection,1.0,AT_GUARD,True,4,4,3,NNB→JKB
WIKIPEDIA,P3,817,5,9,ALL_MORPH_BOUNDARY_GUARD,1,projected_saved_draft_candidate_at_or_after_rejection,1.0,AT_GUARD,True,4,4,3,NNB→JKB
WIKIPEDIA,P3,817,9,13,ALL_MORPH_BOUNDARY_GUARD,1,projected_saved_draft_candidate_at_or_after_rejection,2.0,AFTER_GUARD,True,4,4,3,XSV→EC
WIKIPEDIA,P3,817,11,16,ALL_MORPH_BOUNDARY_GUARD,3,projected_saved_draft_candidate_at_or_after_rejection,1.0,BEFORE_GUARD,False,4,2,1,VCN→EC
WIKIPEDIA,P3,817,12,17,ALL_MORPH_BOUNDARY_GUARD,2,projected_saved_draft_candidate_at_or_after_rejection,2.0,AT_GUARD,True,4,3,2,VCN→EC
WIKIPEDIA,P3,817,15,25,ALL_MORPH_BOUNDARY_GUARD,3,saved_H3_exact_target_token,,NO_REJECTION,True,4,2,1,XSN→JX
WIKIPEDIA,P3,817,21,37,ALL_MORPH_BOUNDARY_GUARD,3,saved_H3_exact_target_token,,NO_REJECTION,True,4,2,1,XSA→EC
WIKIPEDIA,P3,817,22,41,ALL_MORPH_BOUNDARY_GUARD,2,projected_saved_draft_candidate_at_or_after_rejection,3.0,AFTER_GUARD,True,4,3,2,XSV→EC
WIKIPEDIA,P3,818,32,111,NP_BOUNDARY_GUARD,3,saved_H3_exact_target_token,,NO_REJECTION,True,4,2,1,NNP→JKG
WIKIPEDIA,P3,818,32,111,ALL_MORPH_BOUNDARY_GUARD,3,saved_H3_exact_target_token,,NO_REJECTION,True,4,2,1,NNP→JKG
WIKIPEDIA,P3,820,5,18,ALL_MORPH_BOUNDARY_GUARD,1,saved_H3_exact_target_token,,NO_REJECTION,True,4,4,3,VCP→EF
WIKIPEDIA,P3,820,13,50,ALL_MORPH_BOUNDARY_GUARD,3,saved_H3_exact_target_token,,NO_REJECTION,True,4,2,1,VV→EC
WIKIPEDIA,P3,820,17,66,ALL_MORPH_BOUNDARY_GUARD,3,saved_H3_exact_target_token,,NO_REJECTION,True,4,2,1,XSN→JKB
WIKIPEDIA,P3,820,21,82,ALL_MORPH_BOUNDARY_GUARD,1,saved_H3_exact_target_token,,NO_REJECTION,True,4,4,3,VCP→EC
WIKIPEDIA,P3,820,26,102,ALL_MORPH_BOUNDARY_GUARD,2,saved_H3_exact_target_token,,NO_REJECTION,True,4,3,2,XSV→EC
WIKIPEDIA,P3,821,1,1,NP_BOUNDARY_GUARD,3,projected_saved_draft_candidate_at_or_after_rejection,1.0,BEFORE_GUARD,False,4,2,1,NNG→JKG
WIKIPEDIA,P3,821,1,1,ALL_MORPH_BOUNDARY_GUARD,3,projected_saved_draft_candidate_at_or_after_rejection,1.0,BEFORE_GUARD,False,4,2,1,NNG→JKG
WIKIPEDIA,P3,822,0,0,ALL_MORPH_BOUNDARY_GUARD,3,projected_saved_draft_candidate_at_or_after_rejection,3.0,AT_GUARD,True,4,2,1,VCP→EF
WIKIPEDIA,P3,822,14,19,ALL_MORPH_BOUNDARY_GUARD,3,projected_saved_draft_candidate_at_or_after_rejection,2.0,BEFORE_GUARD,False,4,2,1,VCP→EF
WIKIPEDIA,P3,822,21,31,ALL_MORPH_BOUNDARY_GUARD,1,projected_saved_draft_candidate_at_or_after_rejection,4.0,AFTER_GUARD,True,4,4,3,EP→EF
WIKIPEDIA,P3,822,26,45,ALL_MORPH_BOUNDARY_GUARD,1,saved_H3_exact_target_token,,NO_REJECTION,True,4,4,3,XSN→JKG
WIKIPEDIA,P3,822,32,58,ALL_MORPH_BOUNDARY_GUARD,2,projected_saved_draft_candidate_at_or_after_rejection,2.0,AT_GUARD,True,4,3,2,EP→EF
WIKIPEDIA,P3,822,44,87,NP_BOUNDARY_GUARD,2,projected_saved_draft_candidate_at_or_after_rejection,3.0,AFTER_GUARD,True,4,3,2,NNB→JKB
WIKIPEDIA,P3,822,44,87,ALL_MORPH_BOUNDARY_GUARD,2,projected_saved_draft_candidate_at_or_after_rejection,3.0,AFTER_GUARD,True,4,3,2,NNB→JKB
WIKIPEDIA,P3,822,49,103,NP_BOUNDARY_GUARD,3,projected_saved_draft_candidate_at_or_after_rejection,1.0,BEFORE_GUARD,False,4,2,1,NNG→JKG
WIKIPEDIA,P3,822,49,103,ALL_MORPH_BOUNDARY_GUARD,3,projected_saved_draft_candidate_at_or_after_rejection,1.0,BEFORE_GUARD,False,4,2,1,NNG→JKG
WIKIPEDIA,P3,822,50,104,NP_BOUNDARY_GUARD,1,projected_saved_draft_candidate_at_or_after_rejection,4.0,AFTER_GUARD,True,4,4,3,NNB→JKO
WIKIPEDIA,P3,822,50,104,ALL_MORPH_BOUNDARY_GUARD,1,projected_saved_draft_candidate_at_or_after_rejection,4.0,AFTER_GUARD,True,4,4,3,NNB→JKO
WIKIPEDIA,P3,822,51,108,ALL_MORPH_BOUNDARY_GUARD,3,saved_H3_exact_target_token,,NO_REJECTION,True,4,2,1,EP→EF
WIKIPEDIA,P3,822,52,112,NP_BOUNDARY_GUARD,3,projected_saved_draft_candidate_at_or_after_rejection,1.0,BEFORE_GUARD,False,4,2,1,NNG→JKG
WIKIPEDIA,P3,822,52,112,ALL_MORPH_BOUNDARY_GUARD,3,projected_saved_draft_candidate_at_or_after_rejection,1.0,BEFORE_GUARD,False,4,2,1,NNG→JKG
WIKIPEDIA,P3,823,5,13,ALL_MORPH_BOUNDARY_GUARD,3,projected_saved_draft_candidate_at_or_after_rejection,3.0,AT_GUARD,True,4,2,1,XSA→EF
WIKIPEDIA,P3,823,18,41,ALL_MORPH_BOUNDARY_GUARD,1,projected_saved_draft_candidate_at_or_after_rejection,1.0,AT_GUARD,True,4,4,3,XSN→JKB
WIKIPEDIA,P3,824,4,8,ALL_MORPH_BOUNDARY_GUARD,1,saved_H3_exact_target_token,,NO_REJECTION,True,4,4,3,VX→EF
WIKIPEDIA,P3,824,25,71,ALL_MORPH_BOUNDARY_GUARD,2,saved_H3_exact_target_token,,NO_REJECTION,True,4,3,2,EP→EF
WIKIPEDIA,P3,827,1,1,ALL_MORPH_BOUNDARY_GUARD,3,projected_saved_draft_candidate_at_or_after_rejection,1.0,BEFORE_GUARD,False,4,2,1,XSV→ETM
WIKIPEDIA,P3,827,2,2,NP_BOUNDARY_GUARD,2,projected_saved_draft_candidate_at_or_after_rejection,1.0,BEFORE_GUARD,False,4,3,2,NNB→JKS
WIKIPEDIA,P3,827,2,2,ALL_MORPH_BOUNDARY_GUARD,1,projected_saved_draft_candidate_at_or_after_rejection,1.0,AT_GUARD,True,4,4,3,XSV→ETM
WIKIPEDIA,P3,827,10,20,ALL_MORPH_BOUNDARY_GUARD,2,projected_saved_draft_candidate_at_or_after_rejection,2.0,AT_GUARD,True,4,3,2,VV→ETM
WIKIPEDIA,P3,827,16,38,ALL_MORPH_BOUNDARY_GUARD,1,projected_saved_draft_candidate_at_or_after_rejection,2.0,AFTER_GUARD,True,4,4,3,XSV→ETM
WIKIPEDIA,P3,827,25,66,ALL_MORPH_BOUNDARY_GUARD,1,saved_H3_exact_target_token,,NO_REJECTION,True,4,4,3,XSV→ETM
WIKIPEDIA,P3,827,32,93,ALL_MORPH_BOUNDARY_GUARD,2,saved_H3_exact_target_token,,NO_REJECTION,True,4,3,2,XSV→ETM
WIKIPEDIA,P3,827,39,121,ALL_MORPH_BOUNDARY_GUARD,2,saved_H3_exact_target_token,,NO_REJECTION,True,4,3,2,XSV→ETM
WIKIPEDIA,P3,831,3,9,ALL_MORPH_BOUNDARY_GUARD,3,projected_saved_draft_candidate_at_or_after_rejection,1.0,BEFORE_GUARD,False,4,2,1,XSV→ETM
WIKIPEDIA,P3,831,10,26,ALL_MORPH_BOUNDARY_GUARD,1,saved_H3_exact_target_token,,NO_REJECTION,True,4,4,3,XSV→ETM
WIKIPEDIA,P3,831,18,56,ALL_MORPH_BOUNDARY_GUARD,2,saved_H3_exact_target_token,,NO_REJECTION,True,4,3,2,XSV→ETM
WIKIPEDIA,P3,831,19,60,ALL_MORPH_BOUNDARY_GUARD,1,saved_H3_exact_target_token,,NO_REJECTION,True,4,4,3,VCP→EF
WIKIPEDIA,P3,831,26,88,ALL_MORPH_BOUNDARY_GUARD,1,saved_H3_exact_target_token,,NO_REJECTION,True,4,4,3,XSV→ETM
WIKIPEDIA,P3,831,30,104,ALL_MORPH_BOUNDARY_GUARD,3,saved_H3_exact_target_token,,NO_REJECTION,True,4,2,1,XSV→ETM
WIKIPEDIA,P3,831,34,120,ALL_MORPH_BOUNDARY_GUARD,3,saved_H3_exact_target_token,,NO_REJECTION,True,4,2,1,VCP→EF
WIKIPEDIA,P3,832,4,7,ALL_MORPH_BOUNDARY_GUARD,1,projected_saved_draft_candidate_at_or_after_rejection,1.0,AT_GUARD,True,4,4,3,VCP→EF
WIKIPEDIA,P3,832,12,22,ALL_MORPH_BOUNDARY_GUARD,1,projected_saved_draft_candidate_at_or_after_rejection,3.0,AFTER_GUARD,True,4,4,3,VCP→EF
WIKIPEDIA,P3,832,21,44,ALL_MORPH_BOUNDARY_GUARD,2,projected_saved_draft_candidate_at_or_after_rejection,2.0,AT_GUARD,True,4,3,2,VA→ETM
WIKIPEDIA,P3,832,23,48,ALL_MORPH_BOUNDARY_GUARD,3,saved_H3_exact_target_token,,NO_REJECTION,True,4,2,1,VCP→EF
WIKIPEDIA,P3,832,29,69,ALL_MORPH_BOUNDARY_GUARD,3,saved_H3_exact_target_token,,NO_REJECTION,True,4,2,1,NNB→XSN
WIKIPEDIA,P3,832,31,77,ALL_MORPH_BOUNDARY_GUARD,2,saved_H3_exact_target_token,,NO_REJECTION,True,4,3,2,VCP→EF
WIKIPEDIA,P3,832,36,97,ALL_MORPH_BOUNDARY_GUARD,3,saved_H3_exact_target_token,,NO_REJECTION,True,4,2,1,NNB→XSN
WIKIPEDIA,P3,832,38,105,ALL_MORPH_BOUNDARY_GUARD,2,saved_H3_exact_target_token,,NO_REJECTION,True,4,3,2,VCP→EF
WIKIPEDIA,P3,833,19,36,ALL_MORPH_BOUNDARY_GUARD,2,projected_saved_draft_candidate_at_or_after_rejection,3.0,AFTER_GUARD,True,4,3,2,VCN→EC
WIKIPEDIA,P3,833,22,43,ALL_MORPH_BOUNDARY_GUARD,1,saved_H3_exact_target_token,,NO_REJECTION,True,4,4,3,VCP→EF
WIKIPEDIA,P3,833,25,52,NP_BOUNDARY_GUARD,1,projected_saved_draft_candidate_at_or_after_rejection,2.0,AFTER_GUARD,True,4,4,3,NNB→JKB
WIKIPEDIA,P3,833,25,52,ALL_MORPH_BOUNDARY_GUARD,1,projected_saved_draft_candidate_at_or_after_rejection,2.0,AFTER_GUARD,True,4,4,3,NNB→JKB
WIKIPEDIA,P3,834,4,13,ALL_MORPH_BOUNDARY_GUARD,3,projected_saved_draft_candidate_at_or_after_rejection,3.0,AT_GUARD,True,4,2,1,XSV→ETM
WIKIPEDIA,P3,834,13,42,ALL_MORPH_BOUNDARY_GUARD,2,projected_saved_draft_candidate_at_or_after_rejection,2.0,AT_GUARD,True,4,3,2,XSV→EC
WIKIPEDIA,P3,834,32,96,ALL_MORPH_BOUNDARY_GUARD,3,projected_saved_draft_candidate_at_or_after_rejection,1.0,BEFORE_GUARD,False,4,2,1,EP→EF
WIKIPEDIA,P3,834,33,97,ALL_MORPH_BOUNDARY_GUARD,2,projected_saved_draft_candidate_at_or_after_rejection,3.0,AFTER_GUARD,True,4,3,2,EP→EF
WIKIPEDIA,P3,834,39,115,ALL_MORPH_BOUNDARY_GUARD,3,saved_H3_exact_target_token,,NO_REJECTION,True,4,2,1,XSV→EP
WIKIPEDIA,P3,835,15,30,ALL_MORPH_BOUNDARY_GUARD,3,projected_saved_draft_candidate_at_or_after_rejection,1.0,BEFORE_GUARD,False,4,2,1,XSV→ETM
WIKIPEDIA,P3,835,27,46,NP_BOUNDARY_GUARD,3,projected_saved_draft_candidate_at_or_after_rejection,1.0,BEFORE_GUARD,False,4,2,1,NNB→JKB
WIKIPEDIA,P3,835,27,46,ALL_MORPH_BOUNDARY_GUARD,3,projected_saved_draft_candidate_at_or_after_rejection,1.0,BEFORE_GUARD,False,4,2,1,NNB→JKB
WIKIPEDIA,P3,835,48,100,ALL_MORPH_BOUNDARY_GUARD,1,saved_H3_exact_target_token,,NO_REJECTION,True,4,4,3,VX→EP
WIKIPEDIA,P3,835,54,124,ALL_MORPH_BOUNDARY_GUARD,3,saved_H3_exact_target_token,,NO_REJECTION,True,4,2,1,XSV→EC
WIKIPEDIA,P3,836,0,0,ALL_MORPH_BOUNDARY_GUARD,2,projected_saved_draft_candidate_at_or_after_rejection,1.0,BEFORE_GUARD,False,4,3,2,XSV→EC
WIKIPEDIA,P3,836,40,86,ALL_MORPH_BOUNDARY_GUARD,1,saved_H3_exact_target_token,,NO_REJECTION,True,4,4,3,VX→EF
WIKIPEDIA,P3,836,43,98,ALL_MORPH_BOUNDARY_GUARD,3,saved_H3_exact_target_token,,NO_REJECTION,True,4,2,1,VX→EF
WIKIPEDIA,P3,836,47,114,ALL_MORPH_BOUNDARY_GUARD,1,saved_H3_exact_target_token,,NO_REJECTION,True,4,4,3,VX→EF
WIKIPEDIA,P3,837,5,11,ALL_MORPH_BOUNDARY_GUARD,3,projected_saved_draft_candidate_at_or_after_rejection,3.0,AT_GUARD,True,4,2,1,XSV→EC
WIKIPEDIA,P3,838,2,5,ALL_MORPH_BOUNDARY_GUARD,2,projected_saved_draft_candidate_at_or_after_rejection,1.0,BEFORE_GUARD,False,4,3,2,VX→EP
WIKIPEDIA,P3,838,3,6,ALL_MORPH_BOUNDARY_GUARD,2,saved_H3_exact_target_token,,NO_REJECTION,True,4,3,2,VX→EP
WIKIPEDIA,P3,838,8,22,NP_BOUNDARY_GUARD,2,projected_saved_draft_candidate_at_or_after_rejection,1.0,BEFORE_GUARD,False,4,3,2,NNG→JKO
WIKIPEDIA,P3,838,8,22,ALL_MORPH_BOUNDARY_GUARD,2,projected_saved_draft_candidate_at_or_after_rejection,1.0,BEFORE_GUARD,False,4,3,2,NNG→JKO
WIKIPEDIA,P3,840,11,30,ALL_MORPH_BOUNDARY_GUARD,1,projected_saved_draft_candidate_at_or_after_rejection,1.0,AT_GUARD,True,4,4,3,JKB→JX
WIKIPEDIA,P3,841,14,38,ALL_MORPH_BOUNDARY_GUARD,2,projected_saved_draft_candidate_at_or_after_rejection,3.0,AFTER_GUARD,True,4,3,2,XSV→EC
WIKIPEDIA,P3,841,28,79,ALL_MORPH_BOUNDARY_GUARD,2,saved_H3_exact_target_token,,NO_REJECTION,True,4,3,2,VV→EC
WIKIPEDIA,P3,842,1,1,ALL_MORPH_BOUNDARY_GUARD,3,projected_saved_draft_candidate_at_or_after_rejection,1.0,BEFORE_GUARD,False,4,2,1,EP→EF
WIKIPEDIA,P3,842,4,4,ALL_MORPH_BOUNDARY_GUARD,1,projected_saved_draft_candidate_at_or_after_rejection,1.0,AT_GUARD,True,4,4,3,XSV→ETM
WIKIPEDIA,P3,842,7,11,ALL_MORPH_BOUNDARY_GUARD,3,projected_saved_draft_candidate_at_or_after_rejection,1.0,BEFORE_GUARD,False,4,2,1,XSV→ETN
WIKIPEDIA,P3,842,33,102,ALL_MORPH_BOUNDARY_GUARD,1,saved_H3_exact_target_token,,NO_REJECTION,True,4,4,3,XSV→EC
WIKIPEDIA,P3,843,2,2,ALL_MORPH_BOUNDARY_GUARD,3,projected_saved_draft_candidate_at_or_after_rejection,1.0,BEFORE_GUARD,False,4,2,1,XSV→EC
WIKIPEDIA,P3,843,27,65,ALL_MORPH_BOUNDARY_GUARD,2,projected_saved_draft_candidate_at_or_after_rejection,2.0,AT_GUARD,True,4,3,2,VCP→EF
WIKIPEDIA,P3,844,6,17,ALL_MORPH_BOUNDARY_GUARD,3,projected_saved_draft_candidate_at_or_after_rejection,2.0,BEFORE_GUARD,False,4,2,1,XSV→EP
WIKIPEDIA,P3,844,7,19,ALL_MORPH_BOUNDARY_GUARD,3,projected_saved_draft_candidate_at_or_after_rejection,3.0,AT_GUARD,True,4,2,1,XSV→EP
WIKIPEDIA,P3,844,16,39,ALL_MORPH_BOUNDARY_GUARD,2,saved_H3_exact_target_token,,NO_REJECTION,True,4,3,2,XSV→EP
WIKIPEDIA,P3,844,26,67,ALL_MORPH_BOUNDARY_GUARD,2,projected_saved_draft_candidate_at_or_after_rejection,3.0,AFTER_GUARD,True,4,3,2,JKB→JX
WIKIPEDIA,P3,844,37,95,ALL_MORPH_BOUNDARY_GUARD,2,projected_saved_draft_candidate_at_or_after_rejection,3.0,AFTER_GUARD,True,4,3,2,JKB→JX
WIKIPEDIA,P3,844,45,123,ALL_MORPH_BOUNDARY_GUARD,2,saved_H3_exact_target_token,,NO_REJECTION,True,4,3,2,JKB→JX
WIKIPEDIA,P3,845,0,0,ALL_MORPH_BOUNDARY_GUARD,2,projected_saved_draft_candidate_at_or_after_rejection,1.0,BEFORE_GUARD,False,4,3,2,XSV→ETM
WIKIPEDIA,P3,845,1,1,NP_BOUNDARY_GUARD,2,projected_saved_draft_candidate_at_or_after_rejection,1.0,BEFORE_GUARD,False,4,3,2,NNB→JX
WIKIPEDIA,P3,845,1,1,ALL_MORPH_BOUNDARY_GUARD,2,projected_saved_draft_candidate_at_or_after_rejection,1.0,BEFORE_GUARD,False,4,3,2,NNB→JX
WIKIPEDIA,P3,845,19,55,ALL_MORPH_BOUNDARY_GUARD,1,saved_H3_exact_target_token,,NO_REJECTION,True,4,4,3,VX→ETM
WIKIPEDIA,P3,845,26,83,ALL_MORPH_BOUNDARY_GUARD,2,saved_H3_exact_target_token,,NO_REJECTION,True,4,3,2,XSV→ETN
WIKIPEDIA,P3,845,28,91,ALL_MORPH_BOUNDARY_GUARD,1,saved_H3_exact_target_token,,NO_REJECTION,True,4,4,3,VV→EC
WIKIPEDIA,P3,845,35,119,ALL_MORPH_BOUNDARY_GUARD,3,saved_H3_exact_target_token,,NO_REJECTION,True,4,2,1,XSV→ETM
WIKIPEDIA,P3,845,36,123,ALL_MORPH_BOUNDARY_GUARD,3,saved_H3_exact_target_token,,NO_REJECTION,True,4,2,1,VV→EF
WIKIPEDIA,P3,846,9,14,ALL_MORPH_BOUNDARY_GUARD,3,projected_saved_draft_candidate_at_or_after_rejection,3.0,AT_GUARD,True,4,2,1,VCP→EF
WIKIPEDIA,P3,847,6,18,ALL_MORPH_BOUNDARY_GUARD,3,projected_saved_draft_candidate_at_or_after_rejection,1.0,BEFORE_GUARD,False,4,2,1,XSV→EC
WIKIPEDIA,P3,847,7,19,ALL_MORPH_BOUNDARY_GUARD,2,saved_H3_exact_target_token,,NO_REJECTION,True,4,3,2,XSV→EC
WIKIPEDIA,P3,847,10,28,ALL_MORPH_BOUNDARY_GUARD,3,saved_H3_exact_target_token,,NO_REJECTION,True,4,2,1,XSV→EC
WIKIPEDIA,P3,847,13,37,ALL_MORPH_BOUNDARY_GUARD,2,projected_saved_draft_candidate_at_or_after_rejection,3.0,AFTER_GUARD,True,4,3,2,XSV→ETM
WIKIPEDIA,P3,847,20,64,ALL_MORPH_BOUNDARY_GUARD,2,saved_H3_exact_target_token,,NO_REJECTION,True,4,3,2,XSV→EC
WIKIPEDIA,P3,847,22,72,ALL_MORPH_BOUNDARY_GUARD,2,saved_H3_exact_target_token,,NO_REJECTION,True,4,3,2,XSV→ETM
WIKIPEDIA,P3,847,26,88,ALL_MORPH_BOUNDARY_GUARD,3,saved_H3_exact_target_token,,NO_REJECTION,True,4,2,1,XSV→EC
WIKIPEDIA,P3,847,29,100,ALL_MORPH_BOUNDARY_GUARD,1,saved_H3_exact_target_token,,NO_REJECTION,True,4,4,3,XSV→EC
WIKIPEDIA,P3,847,31,108,ALL_MORPH_BOUNDARY_GUARD,1,saved_H3_exact_target_token,,NO_REJECTION,True,4,4,3,XSV→ETM
WIKIPEDIA,P3,847,35,124,ALL_MORPH_BOUNDARY_GUARD,2,saved_H3_exact_target_token,,NO_REJECTION,True,4,3,2,XSV→EC
WIKIPEDIA,P3,848,7,19,ALL_MORPH_BOUNDARY_GUARD,2,saved_H3_exact_target_token,,NO_REJECTION,True,4,3,2,XSV→EC
WIKIPEDIA,P3,848,11,31,ALL_MORPH_BOUNDARY_GUARD,1,projected_saved_draft_candidate_at_or_after_rejection,2.0,AFTER_GUARD,True,4,4,3,XSV→ETM
WIKIPEDIA,P3,848,14,36,ALL_MORPH_BOUNDARY_GUARD,2,saved_H3_exact_target_token,,NO_REJECTION,True,4,3,2,VA→EF
WIKIPEDIA,P3,848,23,57,ALL_MORPH_BOUNDARY_GUARD,2,projected_saved_draft_candidate_at_or_after_rejection,2.0,AT_GUARD,True,4,3,2,VCP→EF
WIKIPEDIA,P3,848,30,81,ALL_MORPH_BOUNDARY_GUARD,3,saved_H3_exact_target_token,,NO_REJECTION,True,4,2,1,VCP→EF
WIKIPEDIA,P3,848,36,105,ALL_MORPH_BOUNDARY_GUARD,2,saved_H3_exact_target_token,,NO_REJECTION,True,4,3,2,VCP→EF
WIKIPEDIA,P3,849,5,10,ALL_MORPH_BOUNDARY_GUARD,3,saved_H3_exact_target_token,,NO_REJECTION,True,4,2,1,VA→EF
WIKIPEDIA,P3,849,6,14,ALL_MORPH_BOUNDARY_GUARD,3,saved_H3_exact_target_token,,NO_REJECTION,True,4,2,1,VV→EC
WIKIPEDIA,P3,849,12,28,ALL_MORPH_BOUNDARY_GUARD,2,projected_saved_draft_candidate_at_or_after_rejection,1.0,BEFORE_GUARD,False,4,3,2,XSV→ETM
WIKIPEDIA,P3,849,39,107,ALL_MORPH_BOUNDARY_GUARD,1,projected_saved_draft_candidate_at_or_after_rejection,1.0,AT_GUARD,True,4,4,3,VA→ETM
WIKIPEDIA,P3,852,0,0,ALL_MORPH_BOUNDARY_GUARD,3,projected_saved_draft_candidate_at_or_after_rejection,1.0,BEFORE_GUARD,False,4,2,1,XSV→ETM
WIKIPEDIA,P3,852,3,3,ALL_MORPH_BOUNDARY_GUARD,3,saved_H3_exact_target_token,,NO_REJECTION,True,4,2,1,VA→EF
WIKIPEDIA,P3,852,11,27,ALL_MORPH_BOUNDARY_GUARD,2,projected_saved_draft_candidate_at_or_after_rejection,2.0,AT_GUARD,True,4,3,2,VCP→ETM
WIKIPEDIA,P3,852,27,59,ALL_MORPH_BOUNDARY_GUARD,3,projected_saved_draft_candidate_at_or_after_rejection,1.0,BEFORE_GUARD,False,4,2,1,VCP→EF
WIKIPEDIA,P3,853,1,2,ALL_MORPH_BOUNDARY_GUARD,3,saved_H3_exact_target_token,,NO_REJECTION,True,4,2,1,VA→EF
WIKIPEDIA,P3,853,6,16,ALL_MORPH_BOUNDARY_GUARD,1,saved_H3_exact_target_token,,NO_REJECTION,True,4,4,3,XSV→EC
WIKIPEDIA,P3,853,7,20,NP_BOUNDARY_GUARD,1,saved_H3_exact_target_token,,NO_REJECTION,True,4,4,3,NNG→JKO
WIKIPEDIA,P3,853,7,20,ALL_MORPH_BOUNDARY_GUARD,1,saved_H3_exact_target_token,,NO_REJECTION,True,4,4,3,NNG→JKO
WIKIPEDIA,P3,853,9,28,ALL_MORPH_BOUNDARY_GUARD,3,saved_H3_exact_target_token,,NO_REJECTION,True,4,2,1,XSV→ETM
WIKIPEDIA,P3,853,10,32,ALL_MORPH_BOUNDARY_GUARD,2,projected_saved_draft_candidate_at_or_after_rejection,2.0,AT_GUARD,True,4,3,2,VCP→ETM
WIKIPEDIA,P3,853,12,38,ALL_MORPH_BOUNDARY_GUARD,2,saved_H3_exact_target_token,,NO_REJECTION,True,4,3,2,VV→EC
WIKIPEDIA,P3,853,17,53,ALL_MORPH_BOUNDARY_GUARD,1,projected_saved_draft_candidate_at_or_after_rejection,2.0,AFTER_GUARD,True,4,4,3,XSV→EC
WIKIPEDIA,P3,853,19,56,ALL_MORPH_BOUNDARY_GUARD,3,projected_saved_draft_candidate_at_or_after_rejection,1.0,BEFORE_GUARD,False,4,2,1,VA→ETM
WIKIPEDIA,P3,853,20,57,ALL_MORPH_BOUNDARY_GUARD,2,projected_saved_draft_candidate_at_or_after_rejection,3.0,AFTER_GUARD,True,4,3,2,XSV→ETM
WIKIPEDIA,P3,853,25,69,NP_BOUNDARY_GUARD,3,projected_saved_draft_candidate_at_or_after_rejection,2.0,BEFORE_GUARD,False,4,2,1,NNG→JKO
WIKIPEDIA,P3,853,25,69,ALL_MORPH_BOUNDARY_GUARD,3,projected_saved_draft_candidate_at_or_after_rejection,2.0,BEFORE_GUARD,False,4,2,1,NNG→JKO
WIKIPEDIA,P3,853,26,71,NP_BOUNDARY_GUARD,2,saved_H3_exact_target_token,,NO_REJECTION,True,4,3,2,NNG→JKO
WIKIPEDIA,P3,853,26,71,ALL_MORPH_BOUNDARY_GUARD,2,saved_H3_exact_target_token,,NO_REJECTION,True,4,3,2,NNG→JKO
WIKIPEDIA,P3,853,37,105,ALL_MORPH_BOUNDARY_GUARD,2,saved_H3_exact_target_token,,NO_REJECTION,True,4,3,2,VV→EC
WIKIPEDIA,P3,853,39,113,NP_BOUNDARY_GUARD,3,projected_saved_draft_candidate_at_or_after_rejection,1.0,BEFORE_GUARD,False,4,2,1,NNG→JKS
WIKIPEDIA,P3,853,39,113,ALL_MORPH_BOUNDARY_GUARD,3,projected_saved_draft_candidate_at_or_after_rejection,1.0,BEFORE_GUARD,False,4,2,1,NNG→JKS
WIKIPEDIA,P3,853,41,115,ALL_MORPH_BOUNDARY_GUARD,3,saved_H3_exact_target_token,,NO_REJECTION,True,4,2,1,XSV→ETM
WIKIPEDIA,P3,854,3,10,ALL_MORPH_BOUNDARY_GUARD,2,projected_saved_draft_candidate_at_or_after_rejection,2.0,AT_GUARD,True,4,3,2,VCP→EF
WIKIPEDIA,P3,854,7,19,ALL_MORPH_BOUNDARY_GUARD,2,projected_saved_draft_candidate_at_or_after_rejection,1.0,BEFORE_GUARD,False,4,3,2,VV→ETM
WIKIPEDIA,P3,854,12,26,ALL_MORPH_BOUNDARY_GUARD,2,projected_saved_draft_candidate_at_or_after_rejection,4.0,AFTER_GUARD,True,4,3,2,VCP→EF
WIKIPEDIA,P3,854,18,42,ALL_MORPH_BOUNDARY_GUARD,2,projected_saved_draft_candidate_at_or_after_rejection,1.0,BEFORE_GUARD,False,4,3,2,XSV→EC
WIKIPEDIA,P3,854,19,43,ALL_MORPH_BOUNDARY_GUARD,3,projected_saved_draft_candidate_at_or_after_rejection,1.0,BEFORE_GUARD,False,4,2,1,VX→EF
WIKIPEDIA,P3,854,23,53,ALL_MORPH_BOUNDARY_GUARD,2,projected_saved_draft_candidate_at_or_after_rejection,1.0,BEFORE_GUARD,False,4,3,2,XSV→EC
WIKIPEDIA,P3,854,33,84,NP_BOUNDARY_GUARD,1,projected_saved_draft_candidate_at_or_after_rejection,1.0,AT_GUARD,True,4,4,3,NNB→JKB
WIKIPEDIA,P3,854,33,84,ALL_MORPH_BOUNDARY_GUARD,1,projected_saved_draft_candidate_at_or_after_rejection,1.0,AT_GUARD,True,4,4,3,NNB→JKB
WIKIPEDIA,P3,855,21,71,ALL_MORPH_BOUNDARY_GUARD,1,saved_H3_exact_target_token,,NO_REJECTION,True,4,4,3,XSV→ETN
WIKIPEDIA,P3,855,32,115,ALL_MORPH_BOUNDARY_GUARD,3,saved_H3_exact_target_token,,NO_REJECTION,True,4,2,1,XSV→ETN
WIKIPEDIA,P3,856,1,1,ALL_MORPH_BOUNDARY_GUARD,2,projected_saved_draft_candidate_at_or_after_rejection,2.0,AT_GUARD,True,4,3,2,XSV→EC
WIKIPEDIA,P3,856,7,12,ALL_MORPH_BOUNDARY_GUARD,3,projected_saved_draft_candidate_at_or_after_rejection,2.0,BEFORE_GUARD,False,4,2,1,VA→ETM
WIKIPEDIA,P3,857,0,0,ALL_MORPH_BOUNDARY_GUARD,2,projected_saved_draft_candidate_at_or_after_rejection,4.0,AFTER_GUARD,True,4,3,2,VV→EC
WIKIPEDIA,P3,857,12,37,ALL_MORPH_BOUNDARY_GUARD,2,saved_H3_exact_target_token,,NO_REJECTION,True,4,3,2,VCP→EF
WIKIPEDIA,P3,857,20,63,ALL_MORPH_BOUNDARY_GUARD,2,projected_saved_draft_candidate_at_or_after_rejection,2.0,AT_GUARD,True,4,3,2,VCP→EF
WIKIPEDIA,P3,857,26,77,ALL_MORPH_BOUNDARY_GUARD,1,projected_saved_draft_candidate_at_or_after_rejection,1.0,AT_GUARD,True,4,4,3,XSV→ETM
WIKIPEDIA,P3,857,32,95,ALL_MORPH_BOUNDARY_GUARD,1,projected_saved_draft_candidate_at_or_after_rejection,1.0,AT_GUARD,True,4,4,3,VV→ETM
WIKIPEDIA,P3,858,0,0,ALL_MORPH_BOUNDARY_GUARD,1,projected_saved_draft_candidate_at_or_after_rejection,1.0,AT_GUARD,True,4,4,3,VV→ETN
WIKIPEDIA,P3,858,11,26,ALL_MORPH_BOUNDARY_GUARD,1,projected_saved_draft_candidate_at_or_after_rejection,1.0,AT_GUARD,True,4,4,3,XSV→ETM
WIKIPEDIA,P3,858,13,29,ALL_MORPH_BOUNDARY_GUARD,2,projected_saved_draft_candidate_at_or_after_rejection,1.0,BEFORE_GUARD,False,4,3,2,XSV→ETM
WIKIPEDIA,P3,858,19,41,ALL_MORPH_BOUNDARY_GUARD,3,saved_H3_exact_target_token,,NO_REJECTION,True,4,2,1,XSV→ETM
WIKIPEDIA,P3,858,21,49,ALL_MORPH_BOUNDARY_GUARD,2,projected_saved_draft_candidate_at_or_after_rejection,3.0,AFTER_GUARD,True,4,3,2,XSV→ETM
WIKIPEDIA,P3,858,26,64,ALL_MORPH_BOUNDARY_GUARD,2,saved_H3_exact_target_token,,NO_REJECTION,True,4,3,2,XSV→ETM
WIKIPEDIA,P3,858,31,75,ALL_MORPH_BOUNDARY_GUARD,1,projected_saved_draft_candidate_at_or_after_rejection,1.0,AT_GUARD,True,4,4,3,VX→EF
WIKIPEDIA,P3,858,34,84,ALL_MORPH_BOUNDARY_GUARD,1,saved_H3_exact_target_token,,NO_REJECTION,True,4,4,3,XSV→ETM
WIKIPEDIA,P3,858,40,105,ALL_MORPH_BOUNDARY_GUARD,2,saved_H3_exact_target_token,,NO_REJECTION,True,4,3,2,XSV→ETM
WIKIPEDIA,P3,858,45,125,ALL_MORPH_BOUNDARY_GUARD,1,saved_H3_exact_target_token,,NO_REJECTION,True,3,3,2,XSV→ETM
WIKIPEDIA,P3,859,10,24,ALL_MORPH_BOUNDARY_GUARD,3,projected_saved_draft_candidate_at_or_after_rejection,1.0,BEFORE_GUARD,False,4,2,1,XSV→EP
WIKIPEDIA,P3,859,11,25,ALL_MORPH_BOUNDARY_GUARD,1,saved_H3_exact_target_token,,NO_REJECTION,True,4,4,3,XSV→EP
WIKIPEDIA,P3,859,19,46,ALL_MORPH_BOUNDARY_GUARD,2,projected_saved_draft_candidate_at_or_after_rejection,2.0,AT_GUARD,True,4,3,2,XSN→JKB
WIKIPEDIA,P3,859,39,100,ALL_MORPH_BOUNDARY_GUARD,3,projected_saved_draft_candidate_at_or_after_rejection,3.0,AT_GUARD,True,4,2,1,XSV→EP
WIKIPEDIA,P3,860,28,69,ALL_MORPH_BOUNDARY_GUARD,2,saved_H3_exact_target_token,,NO_REJECTION,True,4,3,2,SW→SP
WIKIPEDIA,P3,862,3,7,ALL_MORPH_BOUNDARY_GUARD,2,projected_saved_draft_candidate_at_or_after_rejection,3.0,AFTER_GUARD,True,4,3,2,XSV→ETM
WIKIPEDIA,P3,862,10,24,ALL_MORPH_BOUNDARY_GUARD,2,projected_saved_draft_candidate_at_or_after_rejection,2.0,AT_GUARD,True,4,3,2,XSV→ETM
WIKIPEDIA,P3,862,24,59,ALL_MORPH_BOUNDARY_GUARD,2,projected_saved_draft_candidate_at_or_after_rejection,2.0,AT_GUARD,True,4,3,2,XSN→JKB
WIKIPEDIA,P3,862,31,81,ALL_MORPH_BOUNDARY_GUARD,2,projected_saved_draft_candidate_at_or_after_rejection,3.0,AFTER_GUARD,True,4,3,2,SO→SL
WIKIPEDIA,P3,863,26,75,ALL_MORPH_BOUNDARY_GUARD,1,projected_saved_draft_candidate_at_or_after_rejection,1.0,AT_GUARD,True,4,4,3,XSV→ETN
WIKIPEDIA,P3,863,35,106,ALL_MORPH_BOUNDARY_GUARD,2,projected_saved_draft_candidate_at_or_after_rejection,1.0,BEFORE_GUARD,False,4,3,2,XSV→EC
WIKIPEDIA,P3,864,5,10,ALL_MORPH_BOUNDARY_GUARD,1,projected_saved_draft_candidate_at_or_after_rejection,1.0,AT_GUARD,True,4,4,3,XSN→JKB
WIKIPEDIA,P3,864,7,15,ALL_MORPH_BOUNDARY_GUARD,2,projected_saved_draft_candidate_at_or_after_rejection,4.0,AFTER_GUARD,True,4,3,2,EP→EF
WIKIPEDIA,P3,864,19,47,ALL_MORPH_BOUNDARY_GUARD,1,projected_saved_draft_candidate_at_or_after_rejection,2.0,AFTER_GUARD,True,4,4,3,XSV→EC
WIKIPEDIA,P3,864,31,79,ALL_MORPH_BOUNDARY_GUARD,1,projected_saved_draft_candidate_at_or_after_rejection,3.0,AFTER_GUARD,True,4,4,3,VX→EF
WIKIPEDIA,P3,864,40,110,ALL_MORPH_BOUNDARY_GUARD,1,saved_H3_exact_target_token,,NO_REJECTION,True,4,4,3,VX→EF
WIKIPEDIA,P3,866,5,9,ALL_MORPH_BOUNDARY_GUARD,3,projected_saved_draft_candidate_at_or_after_rejection,1.0,BEFORE_GUARD,False,4,2,1,XSN→JKS
WIKIPEDIA,P3,866,25,55,ALL_MORPH_BOUNDARY_GUARD,2,projected_saved_draft_candidate_at_or_after_rejection,2.0,AT_GUARD,True,4,3,2,XSV→EC
WIKIPEDIA,P3,866,28,63,ALL_MORPH_BOUNDARY_GUARD,2,projected_saved_draft_candidate_at_or_after_rejection,3.0,AFTER_GUARD,True,4,3,2,XSN→JKO
WIKIPEDIA,P3,866,30,67,ALL_MORPH_BOUNDARY_GUARD,3,projected_saved_draft_candidate_at_or_after_rejection,2.0,BEFORE_GUARD,False,4,2,1,EP→EF
WIKIPEDIA,P3,866,36,81,ALL_MORPH_BOUNDARY_GUARD,2,projected_saved_draft_candidate_at_or_after_rejection,1.0,BEFORE_GUARD,False,4,3,2,EP→EF
WIKIPEDIA,P3,866,42,95,ALL_MORPH_BOUNDARY_GUARD,1,saved_H3_exact_target_token,,NO_REJECTION,True,4,4,3,XSN→JKS
WIKIPEDIA,P3,866,47,115,ALL_MORPH_BOUNDARY_GUARD,2,saved_H3_exact_target_token,,NO_REJECTION,True,4,3,2,XSV→ETN
WIKIPEDIA,P3,866,49,123,ALL_MORPH_BOUNDARY_GUARD,2,saved_H3_exact_target_token,,NO_REJECTION,True,4,3,2,XSN→JKO
WIKIPEDIA,P3,867,13,34,ALL_MORPH_BOUNDARY_GUARD,2,projected_saved_draft_candidate_at_or_after_rejection,2.0,AT_GUARD,True,4,3,2,XSV→EC
WIKIPEDIA,P3,867,18,44,ALL_MORPH_BOUNDARY_GUARD,1,projected_saved_draft_candidate_at_or_after_rejection,1.0,AT_GUARD,True,4,4,3,EP→EF
WIKIPEDIA,P3,867,28,66,ALL_MORPH_BOUNDARY_GUARD,3,projected_saved_draft_candidate_at_or_after_rejection,2.0,BEFORE_GUARD,False,4,2,1,EP→EF
WIKIPEDIA,P3,868,7,20,ALL_MORPH_BOUNDARY_GUARD,3,projected_saved_draft_candidate_at_or_after_rejection,3.0,AT_GUARD,True,4,2,1,XSV→EC
WIKIPEDIA,P3,868,11,32,ALL_MORPH_BOUNDARY_GUARD,3,saved_H3_exact_target_token,,NO_REJECTION,True,4,2,1,EP→EF
WIKIPEDIA,P3,868,25,59,ALL_MORPH_BOUNDARY_GUARD,3,projected_saved_draft_candidate_at_or_after_rejection,3.0,AT_GUARD,True,4,2,1,XSV→EC
WIKIPEDIA,P3,868,30,78,ALL_MORPH_BOUNDARY_GUARD,3,saved_H3_exact_target_token,,NO_REJECTION,True,4,2,1,EP→EF
WIKIPEDIA,P3,868,37,99,ALL_MORPH_BOUNDARY_GUARD,1,projected_saved_draft_candidate_at_or_after_rejection,1.0,AT_GUARD,True,4,4,3,XSV→EC
WIKIPEDIA,P3,869,4,5,ALL_MORPH_BOUNDARY_GUARD,3,projected_saved_draft_candidate_at_or_after_rejection,2.0,BEFORE_GUARD,False,4,2,1,XSV→EC
WIKIPEDIA,P3,869,8,13,ALL_MORPH_BOUNDARY_GUARD,1,projected_saved_draft_candidate_at_or_after_rejection,1.0,AT_GUARD,True,4,4,3,XSV→EC
WIKIPEDIA,P3,869,11,16,ALL_MORPH_BOUNDARY_GUARD,3,saved_H3_exact_target_token,,NO_REJECTION,True,4,2,1,XSV→EF
WIKIPEDIA,P3,869,25,51,ALL_MORPH_BOUNDARY_GUARD,3,projected_saved_draft_candidate_at_or_after_rejection,2.0,BEFORE_GUARD,False,4,2,1,XSN→JKS
WIKIPEDIA,P3,869,27,57,NP_BOUNDARY_GUARD,1,projected_saved_draft_candidate_at_or_after_rejection,3.0,AFTER_GUARD,True,4,4,3,NNG→JKS
WIKIPEDIA,P3,869,27,57,ALL_MORPH_BOUNDARY_GUARD,1,projected_saved_draft_candidate_at_or_after_rejection,3.0,AFTER_GUARD,True,4,4,3,NNG→JKS
WIKIPEDIA,P3,869,38,97,NP_BOUNDARY_GUARD,2,saved_H3_exact_target_token,,NO_REJECTION,True,4,3,2,NNG→JKS
WIKIPEDIA,P3,869,38,97,ALL_MORPH_BOUNDARY_GUARD,2,saved_H3_exact_target_token,,NO_REJECTION,True,4,3,2,NNG→JKS
WIKIPEDIA,P3,870,3,5,NP_BOUNDARY_GUARD,3,projected_saved_draft_candidate_at_or_after_rejection,3.0,AT_GUARD,True,4,2,1,NNG→JX
WIKIPEDIA,P3,870,3,5,ALL_MORPH_BOUNDARY_GUARD,3,projected_saved_draft_candidate_at_or_after_rejection,3.0,AT_GUARD,True,4,2,1,NNG→JX
WIKIPEDIA,P3,870,18,42,ALL_MORPH_BOUNDARY_GUARD,1,saved_H3_exact_target_token,,NO_REJECTION,True,4,4,3,XSV→EC
WIKIPEDIA,P3,870,24,59,ALL_MORPH_BOUNDARY_GUARD,3,projected_saved_draft_candidate_at_or_after_rejection,3.0,AT_GUARD,True,4,2,1,XSV→EC
WIKIPEDIA,P3,870,29,76,ALL_MORPH_BOUNDARY_GUARD,1,saved_H3_exact_target_token,,NO_REJECTION,True,4,4,3,XSV→EC
WIKIPEDIA,P3,870,38,110,ALL_MORPH_BOUNDARY_GUARD,1,saved_H3_exact_target_token,,NO_REJECTION,True,4,4,3,XSV→EC
WIKIPEDIA,P3,871,10,22,ALL_MORPH_BOUNDARY_GUARD,1,saved_H3_exact_target_token,,NO_REJECTION,True,4,4,3,XSV→EC
WIKIPEDIA,P3,871,21,56,ALL_MORPH_BOUNDARY_GUARD,1,saved_H3_exact_target_token,,NO_REJECTION,True,4,4,3,XSV→EC
WIKIPEDIA,P3,871,23,64,ALL_MORPH_BOUNDARY_GUARD,2,projected_saved_draft_candidate_at_or_after_rejection,4.0,AFTER_GUARD,True,4,3,2,VX→EF
WIKIPEDIA,P3,872,7,14,ALL_MORPH_BOUNDARY_GUARD,2,projected_saved_draft_candidate_at_or_after_rejection,2.0,AT_GUARD,True,4,3,2,XSV→EC
WIKIPEDIA,P3,872,9,17,ALL_MORPH_BOUNDARY_GUARD,3,projected_saved_draft_candidate_at_or_after_rejection,3.0,AT_GUARD,True,4,2,1,ETN→JX
WIKIPEDIA,P3,872,17,37,ALL_MORPH_BOUNDARY_GUARD,3,saved_H3_exact_target_token,,NO_REJECTION,True,4,2,1,VA→EF
WIKIPEDIA,P3,872,26,65,ALL_MORPH_BOUNDARY_GUARD,1,projected_saved_draft_candidate_at_or_after_rejection,1.0,AT_GUARD,True,4,4,3,VV→ETM
WIKIPEDIA,P3,872,28,67,ALL_MORPH_BOUNDARY_GUARD,1,projected_saved_draft_candidate_at_or_after_rejection,1.0,AT_GUARD,True,4,4,3,VA→ETM
WIKIPEDIA,P3,872,35,92,ALL_MORPH_BOUNDARY_GUARD,1,saved_H3_exact_target_token,,NO_REJECTION,True,4,4,3,XSN→JX
WIKIPEDIA,P3,873,3,3,ALL_MORPH_BOUNDARY_GUARD,3,projected_saved_draft_candidate_at_or_after_rejection,3.0,AT_GUARD,True,4,2,1,XSV→EC
WIKIPEDIA,P3,873,29,81,ALL_MORPH_BOUNDARY_GUARD,2,projected_saved_draft_candidate_at_or_after_rejection,2.0,AT_GUARD,True,4,3,2,XSN→JX
WIKIPEDIA,P3,876,10,33,ALL_MORPH_BOUNDARY_GUARD,3,projected_saved_draft_candidate_at_or_after_rejection,1.0,BEFORE_GUARD,False,4,2,1,VCP→EF
WIKIPEDIA,P3,876,18,45,ALL_MORPH_BOUNDARY_GUARD,2,projected_saved_draft_candidate_at_or_after_rejection,1.0,BEFORE_GUARD,False,4,3,2,XSV→ETM
WIKIPEDIA,P3,876,22,55,ALL_MORPH_BOUNDARY_GUARD,1,projected_saved_draft_candidate_at_or_after_rejection,2.0,AFTER_GUARD,True,4,4,3,XSV→ETM
WIKIPEDIA,P3,876,33,81,ALL_MORPH_BOUNDARY_GUARD,3,saved_H3_exact_target_token,,NO_REJECTION,True,4,2,1,XSV→ETM
WIKIPEDIA,P3,876,40,109,ALL_MORPH_BOUNDARY_GUARD,3,saved_H3_exact_target_token,,NO_REJECTION,True,4,2,1,XSV→ETM
WIKIPEDIA,P3,877,7,15,ALL_MORPH_BOUNDARY_GUARD,3,projected_saved_draft_candidate_at_or_after_rejection,1.0,BEFORE_GUARD,False,4,2,1,XSV→EC
WIKIPEDIA,P3,877,8,16,ALL_MORPH_BOUNDARY_GUARD,2,projected_saved_draft_candidate_at_or_after_rejection,2.0,AT_GUARD,True,4,3,2,XSV→EC
WIKIPEDIA,P3,877,23,54,ALL_MORPH_BOUNDARY_GUARD,1,projected_saved_draft_candidate_at_or_after_rejection,1.0,AT_GUARD,True,4,4,3,XSN→JKG
WIKIPEDIA,P3,877,39,92,ALL_MORPH_BOUNDARY_GUARD,2,saved_H3_exact_target_token,,NO_REJECTION,True,4,3,2,XSV→EC
WIKIPEDIA,P3,877,52,126,ALL_MORPH_BOUNDARY_GUARD,1,saved_H3_exact_target_token,,NO_REJECTION,True,2,2,1,XSV→EC
WIKIPEDIA,P3,878,12,35,ALL_MORPH_BOUNDARY_GUARD,3,projected_saved_draft_candidate_at_or_after_rejection,1.0,BEFORE_GUARD,False,4,2,1,XSV→EC
WIKIPEDIA,P3,878,13,36,ALL_MORPH_BOUNDARY_GUARD,2,projected_saved_draft_candidate_at_or_after_rejection,1.0,BEFORE_GUARD,False,4,3,2,XSV→EC
WIKIPEDIA,P3,878,17,41,ALL_MORPH_BOUNDARY_GUARD,2,projected_saved_draft_candidate_at_or_after_rejection,1.0,BEFORE_GUARD,False,4,3,2,XSV→EC
WIKIPEDIA,P3,878,33,75,ALL_MORPH_BOUNDARY_GUARD,2,projected_saved_draft_candidate_at_or_after_rejection,2.0,AT_GUARD,True,4,3,2,XSV→EC
WIKIPEDIA,P3,878,43,98,ALL_MORPH_BOUNDARY_GUARD,3,projected_saved_draft_candidate_at_or_after_rejection,1.0,BEFORE_GUARD,False,4,2,1,XSV→EC
WIKIPEDIA,P3,878,47,106,ALL_MORPH_BOUNDARY_GUARD,2,projected_saved_draft_candidate_at_or_after_rejection,3.0,AFTER_GUARD,True,4,3,2,JKB→JX
WIKIPEDIA,P3,878,50,111,ALL_MORPH_BOUNDARY_GUARD,2,projected_saved_draft_candidate_at_or_after_rejection,2.0,AT_GUARD,True,4,3,2,XSN→JKB
WIKIPEDIA,P3,878,55,124,ALL_MORPH_BOUNDARY_GUARD,3,projected_saved_draft_candidate_at_or_after_rejection,1.0,BEFORE_GUARD,False,4,2,1,JKB→JX
WIKIPEDIA,P3,878,56,125,ALL_MORPH_BOUNDARY_GUARD,2,projected_saved_draft_candidate_at_or_after_rejection,2.0,AT_GUARD,True,3,2,1,JKB→JX
WIKIPEDIA,P3,879,3,8,ALL_MORPH_BOUNDARY_GUARD,3,saved_H3_exact_target_token,,NO_REJECTION,True,4,2,1,VV→EF
WIKIPEDIA,P3,879,6,18,ALL_MORPH_BOUNDARY_GUARD,2,projected_saved_draft_candidate_at_or_after_rejection,2.0,AT_GUARD,True,4,3,2,VA→ETM
WIKIPEDIA,P3,879,7,20,ALL_MORPH_BOUNDARY_GUARD,1,projected_saved_draft_candidate_at_or_after_rejection,3.0,AFTER_GUARD,True,4,4,3,VA→ETM
WIKIPEDIA,P3,879,10,26,ALL_MORPH_BOUNDARY_GUARD,2,projected_saved_draft_candidate_at_or_after_rejection,1.0,BEFORE_GUARD,False,4,3,2,VA→ETM
WIKIPEDIA,P3,879,13,32,ALL_MORPH_BOUNDARY_GUARD,3,projected_saved_draft_candidate_at_or_after_rejection,2.0,BEFORE_GUARD,False,4,2,1,VCP→EF
WIKIPEDIA,P3,879,20,48,ALL_MORPH_BOUNDARY_GUARD,2,saved_H3_exact_target_token,,NO_REJECTION,True,4,3,2,VCP→EF
WIKIPEDIA,P3,879,25,61,ALL_MORPH_BOUNDARY_GUARD,2,projected_saved_draft_candidate_at_or_after_rejection,3.0,AFTER_GUARD,True,4,3,2,XSV→EC
WIKIPEDIA,P3,879,28,72,NP_BOUNDARY_GUARD,3,projected_saved_draft_candidate_at_or_after_rejection,3.0,AT_GUARD,True,4,2,1,NNG→JKO
WIKIPEDIA,P3,879,28,72,ALL_MORPH_BOUNDARY_GUARD,3,projected_saved_draft_candidate_at_or_after_rejection,3.0,AT_GUARD,True,4,2,1,NNG→JKO
WIKIPEDIA,P3,879,32,87,ALL_MORPH_BOUNDARY_GUARD,2,projected_saved_draft_candidate_at_or_after_rejection,1.0,BEFORE_GUARD,False,4,3,2,VX→EF
WIKIPEDIA,P3,879,33,88,ALL_MORPH_BOUNDARY_GUARD,2,saved_H3_exact_target_token,,NO_REJECTION,True,4,3,2,XSV→EC
WIKIPEDIA,P3,879,37,104,ALL_MORPH_BOUNDARY_GUARD,1,saved_H3_exact_target_token,,NO_REJECTION,True,4,4,3,VX→EC
WIKIPEDIA,P3,880,8,21,ALL_MORPH_BOUNDARY_GUARD,1,projected_saved_draft_candidate_at_or_after_rejection,2.0,AFTER_GUARD,True,4,4,3,XSN→JKB
WIKIPEDIA,P3,880,12,30,ALL_MORPH_BOUNDARY_GUARD,3,projected_saved_draft_candidate_at_or_after_rejection,4.0,AFTER_GUARD,True,4,2,1,VA→ETM
WIKIPEDIA,P3,880,18,47,ALL_MORPH_BOUNDARY_GUARD,1,projected_saved_draft_candidate_at_or_after_rejection,2.0,AFTER_GUARD,True,4,4,3,XSN→JKB
WIKIPEDIA,P3,880,25,73,ALL_MORPH_BOUNDARY_GUARD,1,saved_H3_exact_target_token,,NO_REJECTION,True,4,4,3,XSN→JKB
WIKIPEDIA,P3,880,31,97,ALL_MORPH_BOUNDARY_GUARD,3,saved_H3_exact_target_token,,NO_REJECTION,True,4,2,1,XSN→JKB
WIKIPEDIA,P3,880,38,125,ALL_MORPH_BOUNDARY_GUARD,1,saved_H3_exact_target_token,,NO_REJECTION,True,3,3,2,XSN→JKB
WIKIPEDIA,P3,881,1,4,ALL_MORPH_BOUNDARY_GUARD,1,projected_saved_draft_candidate_at_or_after_rejection,1.0,AT_GUARD,True,4,4,3,VCP→EF
WIKIPEDIA,P3,881,3,6,ALL_MORPH_BOUNDARY_GUARD,2,saved_H3_exact_target_token,,NO_REJECTION,True,4,3,2,XSV→EC
WIKIPEDIA,P3,881,16,50,ALL_MORPH_BOUNDARY_GUARD,1,saved_H3_exact_target_token,,NO_REJECTION,True,4,4,3,VCP→EF
WIKIPEDIA,P3,881,21,70,ALL_MORPH_BOUNDARY_GUARD,2,saved_H3_exact_target_token,,NO_REJECTION,True,4,3,2,VCP→EF
WIKIPEDIA,P3,881,26,90,ALL_MORPH_BOUNDARY_GUARD,3,saved_H3_exact_target_token,,NO_REJECTION,True,4,2,1,VCP→EF
WIKIPEDIA,P3,882,18,41,ALL_MORPH_BOUNDARY_GUARD,3,projected_saved_draft_candidate_at_or_after_rejection,1.0,BEFORE_GUARD,False,4,2,1,XSV→ETM
WIKIPEDIA,P3,882,19,42,ALL_MORPH_BOUNDARY_GUARD,2,saved_H3_exact_target_token,,NO_REJECTION,True,4,3,2,XSV→ETM
WIKIPEDIA,P3,885,20,50,ALL_MORPH_BOUNDARY_GUARD,2,projected_saved_draft_candidate_at_or_after_rejection,4.0,AFTER_GUARD,True,4,3,2,EP→EF
WIKIPEDIA,P3,885,29,84,ALL_MORPH_BOUNDARY_GUARD,2,saved_H3_exact_target_token,,NO_REJECTION,True,4,3,2,EP→EF
WIKIPEDIA,P3,885,37,116,ALL_MORPH_BOUNDARY_GUARD,2,saved_H3_exact_target_token,,NO_REJECTION,True,4,3,2,XSV→EC
WIKIPEDIA,P3,886,1,1,NP_BOUNDARY_GUARD,3,projected_saved_draft_candidate_at_or_after_rejection,1.0,BEFORE_GUARD,False,4,2,1,NNB→JKS
WIKIPEDIA,P3,886,1,1,ALL_MORPH_BOUNDARY_GUARD,2,projected_saved_draft_candidate_at_or_after_rejection,1.0,BEFORE_GUARD,False,4,3,2,XSV→ETM
WIKIPEDIA,P3,886,2,2,ALL_MORPH_BOUNDARY_GUARD,2,projected_saved_draft_candidate_at_or_after_rejection,3.0,AFTER_GUARD,True,4,3,2,XSV→EC
WIKIPEDIA,P3,886,4,9,ALL_MORPH_BOUNDARY_GUARD,1,saved_H3_exact_target_token,,NO_REJECTION,True,4,4,3,XSV→EC
WIKIPEDIA,P3,886,12,36,ALL_MORPH_BOUNDARY_GUARD,1,projected_saved_draft_candidate_at_or_after_rejection,2.0,AFTER_GUARD,True,4,4,3,VA-I→EC
WIKIPEDIA,P3,886,13,38,ALL_MORPH_BOUNDARY_GUARD,2,projected_saved_draft_candidate_at_or_after_rejection,1.0,BEFORE_GUARD,False,4,3,2,VA→EC
WIKIPEDIA,P3,886,18,50,ALL_MORPH_BOUNDARY_GUARD,2,projected_saved_draft_candidate_at_or_after_rejection,2.0,AT_GUARD,True,4,3,2,VA-I→EC
WIKIPEDIA,P3,886,26,75,ALL_MORPH_BOUNDARY_GUARD,3,saved_H3_exact_target_token,,NO_REJECTION,True,4,2,1,XSV→ETM
WIKIPEDIA,P3,886,36,106,NP_BOUNDARY_GUARD,1,projected_saved_draft_candidate_at_or_after_rejection,1.0,AT_GUARD,True,4,4,3,NNG→JKS
WIKIPEDIA,P3,886,36,106,ALL_MORPH_BOUNDARY_GUARD,1,projected_saved_draft_candidate_at_or_after_rejection,1.0,AT_GUARD,True,4,4,3,NNG→JKS
WIKIPEDIA,P3,887,23,64,ALL_MORPH_BOUNDARY_GUARD,2,saved_H3_exact_target_token,,NO_REJECTION,True,4,3,2,VCP→ETM
WIKIPEDIA,P3,887,33,89,NP_BOUNDARY_GUARD,2,projected_saved_draft_candidate_at_or_after_rejection,2.0,AT_GUARD,True,4,3,2,NNG→JX
WIKIPEDIA,P3,887,33,89,ALL_MORPH_BOUNDARY_GUARD,2,projected_saved_draft_candidate_at_or_after_rejection,2.0,AT_GUARD,True,4,3,2,NNG→JX
WIKIPEDIA,P3,888,9,27,ALL_MORPH_BOUNDARY_GUARD,1,projected_saved_draft_candidate_at_or_after_rejection,2.0,AFTER_GUARD,True,4,4,3,XSN→JX
WIKIPEDIA,P3,888,17,47,ALL_MORPH_BOUNDARY_GUARD,2,projected_saved_draft_candidate_at_or_after_rejection,1.0,BEFORE_GUARD,False,4,3,2,XSN→JKB
WIKIPEDIA,P3,889,6,12,ALL_MORPH_BOUNDARY_GUARD,1,projected_saved_draft_candidate_at_or_after_rejection,2.0,AFTER_GUARD,True,4,4,3,XSV→ETM
WIKIPEDIA,P3,889,10,23,ALL_MORPH_BOUNDARY_GUARD,1,projected_saved_draft_candidate_at_or_after_rejection,2.0,AFTER_GUARD,True,4,4,3,SO→SL
WIKIPEDIA,P3,889,12,26,ALL_MORPH_BOUNDARY_GUARD,2,projected_saved_draft_candidate_at_or_after_rejection,1.0,BEFORE_GUARD,False,4,3,2,VCP→EF
WIKIPEDIA,P3,889,13,27,ALL_MORPH_BOUNDARY_GUARD,3,saved_H3_exact_target_token,,NO_REJECTION,True,4,2,1,VCP→EF
WIKIPEDIA,P3,889,19,47,ALL_MORPH_BOUNDARY_GUARD,2,saved_H3_exact_target_token,,NO_REJECTION,True,4,3,2,VCP→EF
WIKIPEDIA,P3,889,25,68,ALL_MORPH_BOUNDARY_GUARD,1,saved_H3_exact_target_token,,NO_REJECTION,True,4,4,3,VCP→EF
WIKIPEDIA,P3,889,30,86,ALL_MORPH_BOUNDARY_GUARD,3,saved_H3_exact_target_token,,NO_REJECTION,True,4,2,1,VCP→EF
WIKIPEDIA,P3,889,35,106,ALL_MORPH_BOUNDARY_GUARD,3,saved_H3_exact_target_token,,NO_REJECTION,True,4,2,1,VCP→EF
WIKIPEDIA,P3,890,10,31,ALL_MORPH_BOUNDARY_GUARD,3,projected_saved_draft_candidate_at_or_after_rejection,1.0,BEFORE_GUARD,False,4,2,1,XSV→ETM
WIKIPEDIA,P3,890,13,37,ALL_MORPH_BOUNDARY_GUARD,2,projected_saved_draft_candidate_at_or_after_rejection,2.0,AT_GUARD,True,4,3,2,XSV→ETM
WIKIPEDIA,P3,890,27,89,ALL_MORPH_BOUNDARY_GUARD,2,saved_H3_exact_target_token,,NO_REJECTION,True,4,3,2,XSV→ETM
WIKIPEDIA,P3,890,36,122,ALL_MORPH_BOUNDARY_GUARD,3,saved_H3_exact_target_token,,NO_REJECTION,True,4,2,1,XSV→ETM
WIKIPEDIA,P3,891,0,0,ALL_MORPH_BOUNDARY_GUARD,3,projected_saved_draft_candidate_at_or_after_rejection,1.0,BEFORE_GUARD,False,4,2,1,VV→ETM
WIKIPEDIA,P3,892,13,36,ALL_MORPH_BOUNDARY_GUARD,3,saved_H3_exact_target_token,,NO_REJECTION,True,4,2,1,VCP→EF
WIKIPEDIA,P3,892,21,65,ALL_MORPH_BOUNDARY_GUARD,1,projected_saved_draft_candidate_at_or_after_rejection,4.0,AFTER_GUARD,True,4,4,3,XSV→ETM
WIKIPEDIA,P3,892,23,73,NP_BOUNDARY_GUARD,2,saved_H3_exact_target_token,,NO_REJECTION,True,4,3,2,NNG→JKS
WIKIPEDIA,P3,892,23,73,ALL_MORPH_BOUNDARY_GUARD,2,saved_H3_exact_target_token,,NO_REJECTION,True,4,3,2,NNG→JKS
WIKIPEDIA,P3,892,28,93,ALL_MORPH_BOUNDARY_GUARD,3,saved_H3_exact_target_token,,NO_REJECTION,True,4,2,1,XSV→ETM
WIKIPEDIA,P3,892,29,97,ALL_MORPH_BOUNDARY_GUARD,2,saved_H3_exact_target_token,,NO_REJECTION,True,4,3,2,VCP→EF
WIKIPEDIA,P3,892,36,125,ALL_MORPH_BOUNDARY_GUARD,1,saved_H3_exact_target_token,,NO_REJECTION,True,3,3,2,XSV→ETM
WIKIPEDIA,P3,893,18,39,ALL_MORPH_BOUNDARY_GUARD,2,saved_H3_exact_target_token,,NO_REJECTION,True,4,3,2,VCP→EF
WIKIPEDIA,P3,893,26,53,ALL_MORPH_BOUNDARY_GUARD,3,projected_saved_draft_candidate_at_or_after_rejection,1.0,BEFORE_GUARD,False,4,2,1,XSN→JKB
WIKIPEDIA,P3,893,27,54,ALL_MORPH_BOUNDARY_GUARD,2,projected_saved_draft_candidate_at_or_after_rejection,2.0,AT_GUARD,True,4,3,2,XSN→JKB
WIKIPEDIA,P3,893,28,56,ALL_MORPH_BOUNDARY_GUARD,1,projected_saved_draft_candidate_at_or_after_rejection,1.0,AT_GUARD,True,4,4,3,XSV→EC
WIKIPEDIA,P3,893,51,119,ALL_MORPH_BOUNDARY_GUARD,2,projected_saved_draft_candidate_at_or_after_rejection,2.0,AT_GUARD,True,4,3,2,EP→EF
WIKIPEDIA,P3,895,3,11,NP_BOUNDARY_GUARD,3,saved_H3_exact_target_token,,NO_REJECTION,True,4,2,1,NNG→JKO
WIKIPEDIA,P3,895,3,11,ALL_MORPH_BOUNDARY_GUARD,3,saved_H3_exact_target_token,,NO_REJECTION,True,4,2,1,NNG→JKO
WIKIPEDIA,P3,896,2,5,ALL_MORPH_BOUNDARY_GUARD,1,projected_saved_draft_candidate_at_or_after_rejection,1.0,AT_GUARD,True,4,4,3,VA→ETM
WIKIPEDIA,P3,898,0,0,NP_BOUNDARY_GUARD,2,projected_saved_draft_candidate_at_or_after_rejection,2.0,AT_GUARD,True,4,3,2,NNG→JKG
WIKIPEDIA,P3,898,0,0,ALL_MORPH_BOUNDARY_GUARD,2,projected_saved_draft_candidate_at_or_after_rejection,2.0,AT_GUARD,True,4,3,2,NNG→JKG
WIKIPEDIA,P3,898,2,4,ALL_MORPH_BOUNDARY_GUARD,1,saved_H3_exact_target_token,,NO_REJECTION,True,4,4,3,VCP→EF
WIKIPEDIA,P3,898,4,12,NP_BOUNDARY_GUARD,1,projected_saved_draft_candidate_at_or_after_rejection,2.0,AFTER_GUARD,True,4,4,3,NNG→JKG
WIKIPEDIA,P3,898,4,12,ALL_MORPH_BOUNDARY_GUARD,1,projected_saved_draft_candidate_at_or_after_rejection,2.0,AFTER_GUARD,True,4,4,3,NNG→JKG
WIKIPEDIA,P3,898,6,18,ALL_MORPH_BOUNDARY_GUARD,1,projected_saved_draft_candidate_at_or_after_rejection,2.0,AFTER_GUARD,True,4,4,3,XSV→EC
WIKIPEDIA,P3,898,9,26,ALL_MORPH_BOUNDARY_GUARD,3,projected_saved_draft_candidate_at_or_after_rejection,1.0,BEFORE_GUARD,False,4,2,1,XSV→EC
WIKIPEDIA,P3,898,13,31,ALL_MORPH_BOUNDARY_GUARD,1,projected_saved_draft_candidate_at_or_after_rejection,4.0,AFTER_GUARD,True,4,4,3,VCN→EC
WIKIPEDIA,P3,898,17,43,NP_BOUNDARY_GUARD,2,projected_saved_draft_candidate_at_or_after_rejection,4.0,AFTER_GUARD,True,4,3,2,NNG→JKG
WIKIPEDIA,P3,898,17,43,ALL_MORPH_BOUNDARY_GUARD,2,projected_saved_draft_candidate_at_or_after_rejection,4.0,AFTER_GUARD,True,4,3,2,NNG→JKG
WIKIPEDIA,P3,898,19,50,ALL_MORPH_BOUNDARY_GUARD,1,saved_H3_exact_target_token,,NO_REJECTION,True,4,4,3,VCN→EC
WIKIPEDIA,P3,898,21,58,ALL_MORPH_BOUNDARY_GUARD,2,saved_H3_exact_target_token,,NO_REJECTION,True,4,3,2,VCN→EC
WIKIPEDIA,P3,898,23,66,ALL_MORPH_BOUNDARY_GUARD,3,saved_H3_exact_target_token,,NO_REJECTION,True,4,2,1,VCN→EC
WIKIPEDIA,P3,898,28,86,ALL_MORPH_BOUNDARY_GUARD,1,saved_H3_exact_target_token,,NO_REJECTION,True,4,4,3,VCN→EC
WIKIPEDIA,P3,898,30,94,ALL_MORPH_BOUNDARY_GUARD,2,saved_H3_exact_target_token,,NO_REJECTION,True,4,3,2,VCN→EC
WIKIPEDIA,P3,898,32,102,ALL_MORPH_BOUNDARY_GUARD,3,saved_H3_exact_target_token,,NO_REJECTION,True,4,2,1,VCN→EC
WIKIPEDIA,P3,898,37,122,ALL_MORPH_BOUNDARY_GUARD,1,saved_H3_exact_target_token,,NO_REJECTION,True,4,4,3,VCN→EC
WIKIPEDIA,P3,899,19,67,ALL_MORPH_BOUNDARY_GUARD,1,saved_H3_exact_target_token,,NO_REJECTION,True,4,4,3,XSV→EF
WIKIPEDIA,P3,899,28,103,ALL_MORPH_BOUNDARY_GUARD,1,saved_H3_exact_target_token,,NO_REJECTION,True,4,4,3,XSV→EF
WIKIPEDIA,P3,900,11,25,ALL_MORPH_BOUNDARY_GUARD,2,projected_saved_draft_candidate_at_or_after_rejection,2.0,AT_GUARD,True,4,3,2,XSV→ETM
WIKIPEDIA,P3,901,1,2,NP_BOUNDARY_GUARD,1,projected_saved_draft_candidate_at_or_after_rejection,1.0,AT_GUARD,True,4,4,3,NNB→JKB
WIKIPEDIA,P3,901,1,2,ALL_MORPH_BOUNDARY_GUARD,1,projected_saved_draft_candidate_at_or_after_rejection,1.0,AT_GUARD,True,4,4,3,NNB→JKB
WIKIPEDIA,P3,901,3,4,ALL_MORPH_BOUNDARY_GUARD,3,saved_H3_exact_target_token,,NO_REJECTION,True,4,2,1,VCP→EF
WIKIPEDIA,P3,901,15,41,ALL_MORPH_BOUNDARY_GUARD,1,saved_H3_exact_target_token,,NO_REJECTION,True,4,4,3,XSV→ETM
WIKIPEDIA,P3,901,16,45,ALL_MORPH_BOUNDARY_GUARD,1,saved_H3_exact_target_token,,NO_REJECTION,True,4,4,3,VCP→EF
WIKIPEDIA,P3,901,23,66,ALL_MORPH_BOUNDARY_GUARD,1,projected_saved_draft_candidate_at_or_after_rejection,1.0,AT_GUARD,True,4,4,3,XSV→EC
WIKIPEDIA,P3,901,28,78,ALL_MORPH_BOUNDARY_GUARD,1,saved_H3_exact_target_token,,NO_REJECTION,True,4,4,3,XSV→ETM
WIKIPEDIA,P3,901,34,93,ALL_MORPH_BOUNDARY_GUARD,1,projected_saved_draft_candidate_at_or_after_rejection,1.0,AT_GUARD,True,4,4,3,VCP→EF
WIKIPEDIA,P3,901,44,117,NP_BOUNDARY_GUARD,1,projected_saved_draft_candidate_at_or_after_rejection,1.0,AT_GUARD,True,4,4,3,NNG→JKO
WIKIPEDIA,P3,901,44,117,ALL_MORPH_BOUNDARY_GUARD,1,projected_saved_draft_candidate_at_or_after_rejection,1.0,AT_GUARD,True,4,4,3,NNG→JKO
WIKIPEDIA,P3,901,46,120,ALL_MORPH_BOUNDARY_GUARD,3,saved_H3_exact_target_token,,NO_REJECTION,True,4,2,1,XSA→EC
WIKIPEDIA,P3,902,5,14,ALL_MORPH_BOUNDARY_GUARD,2,projected_saved_draft_candidate_at_or_after_rejection,2.0,AT_GUARD,True,4,3,2,XSV→ETN
WIKIPEDIA,P3,902,6,16,ALL_MORPH_BOUNDARY_GUARD,3,projected_saved_draft_candidate_at_or_after_rejection,1.0,BEFORE_GUARD,False,4,2,1,VCP→EF
WIKIPEDIA,P3,902,7,17,ALL_MORPH_BOUNDARY_GUARD,3,projected_saved_draft_candidate_at_or_after_rejection,2.0,BEFORE_GUARD,False,4,2,1,XSV→ETM
WIKIPEDIA,P3,902,9,22,ALL_MORPH_BOUNDARY_GUARD,2,projected_saved_draft_candidate_at_or_after_rejection,1.0,BEFORE_GUARD,False,4,3,2,VCP→EF
WIKIPEDIA,P3,902,13,32,ALL_MORPH_BOUNDARY_GUARD,2,projected_saved_draft_candidate_at_or_after_rejection,1.0,BEFORE_GUARD,False,4,3,2,VA-I→EC
WIKIPEDIA,P3,902,14,33,ALL_MORPH_BOUNDARY_GUARD,2,saved_H3_exact_target_token,,NO_REJECTION,True,4,3,2,XSV→EC
WIKIPEDIA,P3,902,15,37,ALL_MORPH_BOUNDARY_GUARD,1,projected_saved_draft_candidate_at_or_after_rejection,2.0,AFTER_GUARD,True,4,4,3,XSV→ETM
WIKIPEDIA,P3,902,22,59,ALL_MORPH_BOUNDARY_GUARD,1,projected_saved_draft_candidate_at_or_after_rejection,1.0,AT_GUARD,True,4,4,3,XSN→JKO
WIKIPEDIA,P3,902,25,64,ALL_MORPH_BOUNDARY_GUARD,2,projected_saved_draft_candidate_at_or_after_rejection,2.0,AT_GUARD,True,4,3,2,SSO→SL
WIKIPEDIA,P3,902,34,87,ALL_MORPH_BOUNDARY_GUARD,2,projected_saved_draft_candidate_at_or_after_rejection,2.0,AT_GUARD,True,4,3,2,XSV→ETN
WIKIPEDIA,P3,902,37,97,ALL_MORPH_BOUNDARY_GUARD,1,projected_saved_draft_candidate_at_or_after_rejection,3.0,AFTER_GUARD,True,4,4,3,VCP→EF
WIKIPEDIA,P3,902,41,106,ALL_MORPH_BOUNDARY_GUARD,2,saved_H3_exact_target_token,,NO_REJECTION,True,4,3,2,XSV→EC
WIKIPEDIA,P3,902,45,117,ALL_MORPH_BOUNDARY_GUARD,3,projected_saved_draft_candidate_at_or_after_rejection,2.0,BEFORE_GUARD,False,4,2,1,XSV→ETN
WIKIPEDIA,P3,902,46,119,NP_BOUNDARY_GUARD,2,projected_saved_draft_candidate_at_or_after_rejection,3.0,AFTER_GUARD,True,4,3,2,NNB→JKS
WIKIPEDIA,P3,902,46,119,ALL_MORPH_BOUNDARY_GUARD,1,projected_saved_draft_candidate_at_or_after_rejection,3.0,AFTER_GUARD,True,4,4,3,XSV→ETM
WIKIPEDIA,P3,904,11,24,ALL_MORPH_BOUNDARY_GUARD,2,saved_H3_exact_target_token,,NO_REJECTION,True,4,3,2,XSV→ETM
WIKIPEDIA,P3,905,2,2,ALL_MORPH_BOUNDARY_GUARD,1,projected_saved_draft_candidate_at_or_after_rejection,1.0,AT_GUARD,True,4,4,3,XSN→JKB
WIKIPEDIA,P3,905,11,25,ALL_MORPH_BOUNDARY_GUARD,1,projected_saved_draft_candidate_at_or_after_rejection,4.0,AFTER_GUARD,True,4,4,3,XSV→EC
WIKIPEDIA,P3,905,14,37,ALL_MORPH_BOUNDARY_GUARD,3,saved_H3_exact_target_token,,NO_REJECTION,True,4,2,1,XSV→EC
WIKIPEDIA,P3,905,16,45,ALL_MORPH_BOUNDARY_GUARD,2,saved_H3_exact_target_token,,NO_REJECTION,True,4,3,2,XSV→EC
WIKIPEDIA,P3,905,18,53,ALL_MORPH_BOUNDARY_GUARD,1,saved_H3_exact_target_token,,NO_REJECTION,True,4,4,3,XSV→EC
WIKIPEDIA,P3,905,21,65,ALL_MORPH_BOUNDARY_GUARD,3,saved_H3_exact_target_token,,NO_REJECTION,True,4,2,1,XSV→EC
WIKIPEDIA,P3,905,23,73,ALL_MORPH_BOUNDARY_GUARD,2,saved_H3_exact_target_token,,NO_REJECTION,True,4,3,2,XSV→EC
WIKIPEDIA,P3,905,25,81,ALL_MORPH_BOUNDARY_GUARD,1,saved_H3_exact_target_token,,NO_REJECTION,True,4,4,3,XSV→EC
WIKIPEDIA,P3,905,28,93,ALL_MORPH_BOUNDARY_GUARD,3,saved_H3_exact_target_token,,NO_REJECTION,True,4,2,1,XSV→EC
WIKIPEDIA,P3,905,30,101,ALL_MORPH_BOUNDARY_GUARD,2,saved_H3_exact_target_token,,NO_REJECTION,True,4,3,2,XSV→EC
WIKIPEDIA,P3,905,32,109,ALL_MORPH_BOUNDARY_GUARD,1,saved_H3_exact_target_token,,NO_REJECTION,True,4,4,3,XSV→EC
WIKIPEDIA,P3,905,35,121,ALL_MORPH_BOUNDARY_GUARD,3,saved_H3_exact_target_token,,NO_REJECTION,True,4,2,1,XSV→EC
WIKIPEDIA,P3,906,15,43,ALL_MORPH_BOUNDARY_GUARD,2,projected_saved_draft_candidate_at_or_after_rejection,1.0,BEFORE_GUARD,False,4,3,2,XSV→EC
WIKIPEDIA,P3,907,2,2,ALL_MORPH_BOUNDARY_GUARD,2,saved_H3_exact_target_token,,NO_REJECTION,True,4,3,2,XSV→EC
WIKIPEDIA,P3,907,15,43,ALL_MORPH_BOUNDARY_GUARD,2,projected_saved_draft_candidate_at_or_after_rejection,2.0,AT_GUARD,True,4,3,2,XSV→EC
WIKIPEDIA,P3,909,4,14,ALL_MORPH_BOUNDARY_GUARD,1,saved_H3_exact_target_token,,NO_REJECTION,True,4,4,3,VCP→EF
WIKIPEDIA,P3,911,3,5,ALL_MORPH_BOUNDARY_GUARD,2,projected_saved_draft_candidate_at_or_after_rejection,3.0,AFTER_GUARD,True,4,3,2,JKB→JX
WIKIPEDIA,P3,911,8,21,ALL_MORPH_BOUNDARY_GUARD,2,projected_saved_draft_candidate_at_or_after_rejection,3.0,AFTER_GUARD,True,4,3,2,JKB→JX
WIKIPEDIA,P3,912,23,53,ALL_MORPH_BOUNDARY_GUARD,2,projected_saved_draft_candidate_at_or_after_rejection,1.0,BEFORE_GUARD,False,4,3,2,VX→EF
WIKIPEDIA,P3,912,24,54,ALL_MORPH_BOUNDARY_GUARD,1,projected_saved_draft_candidate_at_or_after_rejection,1.0,AT_GUARD,True,4,4,3,VX→EF
WIKIPEDIA,P3,912,30,67,ALL_MORPH_BOUNDARY_GUARD,1,projected_saved_draft_candidate_at_or_after_rejection,1.0,AT_GUARD,True,4,4,3,JKB→JX
WIKIPEDIA,P3,912,43,111,ALL_MORPH_BOUNDARY_GUARD,2,saved_H3_exact_target_token,,NO_REJECTION,True,4,3,2,XSV→EC
WIKIPEDIA,P3,912,44,115,ALL_MORPH_BOUNDARY_GUARD,2,saved_H3_exact_target_token,,NO_REJECTION,True,4,3,2,VV→EF
WIKIPEDIA,P3,914,37,104,ALL_MORPH_BOUNDARY_GUARD,2,saved_H3_exact_target_token,,NO_REJECTION,True,4,3,2,EP→EF
WIKIPEDIA,P3,914,42,124,ALL_MORPH_BOUNDARY_GUARD,3,saved_H3_exact_target_token,,NO_REJECTION,True,4,2,1,EP→EF
WIKIPEDIA,P3,915,6,10,ALL_MORPH_BOUNDARY_GUARD,3,projected_saved_draft_candidate_at_or_after_rejection,1.0,BEFORE_GUARD,False,4,2,1,XSV→ETM
WIKIPEDIA,P3,916,7,16,ALL_MORPH_BOUNDARY_GUARD,3,projected_saved_draft_candidate_at_or_after_rejection,2.0,BEFORE_GUARD,False,4,2,1,JKB→JX
WIKIPEDIA,P3,916,29,79,ALL_MORPH_BOUNDARY_GUARD,1,saved_H3_exact_target_token,,NO_REJECTION,True,4,4,3,VCP→EF
WIKIPEDIA,P3,918,19,52,ALL_MORPH_BOUNDARY_GUARD,3,saved_H3_exact_target_token,,NO_REJECTION,True,4,2,1,SSC→SP
WIKIPEDIA,P3,918,25,76,ALL_MORPH_BOUNDARY_GUARD,3,saved_H3_exact_target_token,,NO_REJECTION,True,4,2,1,SSC→SP
WIKIPEDIA,P3,918,31,100,ALL_MORPH_BOUNDARY_GUARD,3,saved_H3_exact_target_token,,NO_REJECTION,True,4,2,1,SSC→SP
WIKIPEDIA,P3,918,37,124,ALL_MORPH_BOUNDARY_GUARD,3,saved_H3_exact_target_token,,NO_REJECTION,True,4,2,1,SSC→SP
WIKIPEDIA,P3,920,16,49,NP_BOUNDARY_GUARD,1,saved_H3_exact_target_token,,NO_REJECTION,True,4,4,3,NNP→JX
WIKIPEDIA,P3,920,16,49,ALL_MORPH_BOUNDARY_GUARD,1,saved_H3_exact_target_token,,NO_REJECTION,True,4,4,3,NNP→JX
WIKIPEDIA,P3,920,45,126,ALL_MORPH_BOUNDARY_GUARD,1,saved_H3_exact_target_token,,NO_REJECTION,True,2,2,1,VCP→EF
WIKIPEDIA,P3,921,5,17,ALL_MORPH_BOUNDARY_GUARD,1,projected_saved_draft_candidate_at_or_after_rejection,4.0,AFTER_GUARD,True,4,4,3,XSV→EC
WIKIPEDIA,P3,921,6,21,ALL_MORPH_BOUNDARY_GUARD,3,saved_H3_exact_target_token,,NO_REJECTION,True,4,2,1,XSV→EC
WIKIPEDIA,P3,921,8,28,ALL_MORPH_BOUNDARY_GUARD,3,projected_saved_draft_candidate_at_or_after_rejection,1.0,BEFORE_GUARD,False,4,2,1,XSV→EC
WIKIPEDIA,P3,921,9,29,ALL_MORPH_BOUNDARY_GUARD,2,projected_saved_draft_candidate_at_or_after_rejection,2.0,AT_GUARD,True,4,3,2,XSV→ETM
WIKIPEDIA,P3,921,20,56,ALL_MORPH_BOUNDARY_GUARD,3,projected_saved_draft_candidate_at_or_after_rejection,1.0,BEFORE_GUARD,False,4,2,1,XSV→ETM
WIKIPEDIA,P3,921,24,64,ALL_MORPH_BOUNDARY_GUARD,2,saved_H3_exact_target_token,,NO_REJECTION,True,4,3,2,XSN→JKO
WIKIPEDIA,P3,921,25,68,ALL_MORPH_BOUNDARY_GUARD,1,projected_saved_draft_candidate_at_or_after_rejection,1.0,AT_GUARD,True,4,4,3,XSV→ETN
WIKIPEDIA,P3,921,31,86,ALL_MORPH_BOUNDARY_GUARD,2,saved_H3_exact_target_token,,NO_REJECTION,True,4,3,2,XSV→EC
WIKIPEDIA,P3,921,37,104,ALL_MORPH_BOUNDARY_GUARD,2,projected_saved_draft_candidate_at_or_after_rejection,2.0,AT_GUARD,True,4,3,2,XSV→ETM
WIKIPEDIA,P3,921,42,122,ALL_MORPH_BOUNDARY_GUARD,3,saved_H3_exact_target_token,,NO_REJECTION,True,4,2,1,XSV→EC
WIKIPEDIA,P3,922,1,3,NP_BOUNDARY_GUARD,3,projected_saved_draft_candidate_at_or_after_rejection,2.0,BEFORE_GUARD,False,4,2,1,NNG→JKO
WIKIPEDIA,P3,922,1,3,ALL_MORPH_BOUNDARY_GUARD,3,projected_saved_draft_candidate_at_or_after_rejection,2.0,BEFORE_GUARD,False,4,2,1,NNG→JKO
WIKIPEDIA,P3,922,5,9,ALL_MORPH_BOUNDARY_GUARD,2,saved_H3_exact_target_token,,NO_REJECTION,True,4,3,2,XSV→EC
WIKIPEDIA,P3,922,11,25,NP_BOUNDARY_GUARD,3,projected_saved_draft_candidate_at_or_after_rejection,3.0,AT_GUARD,True,4,2,1,NNG→JKO
WIKIPEDIA,P3,922,11,25,ALL_MORPH_BOUNDARY_GUARD,1,projected_saved_draft_candidate_at_or_after_rejection,3.0,AFTER_GUARD,True,4,4,3,VA→ETM
WIKIPEDIA,P3,923,2,5,ALL_MORPH_BOUNDARY_GUARD,2,saved_H3_exact_target_token,,NO_REJECTION,True,4,3,2,XSV→ETM
WIKIPEDIA,P3,923,4,13,ALL_MORPH_BOUNDARY_GUARD,3,projected_saved_draft_candidate_at_or_after_rejection,3.0,AT_GUARD,True,4,2,1,VCP→EF
WIKIPEDIA,P3,923,5,16,ALL_MORPH_BOUNDARY_GUARD,3,projected_saved_draft_candidate_at_or_after_rejection,1.0,BEFORE_GUARD,False,4,2,1,VX→EF
WIKIPEDIA,P3,923,17,61,ALL_MORPH_BOUNDARY_GUARD,1,saved_H3_exact_target_token,,NO_REJECTION,True,4,4,3,XSV→EC
WIKIPEDIA,P3,925,5,13,ALL_MORPH_BOUNDARY_GUARD,1,projected_saved_draft_candidate_at_or_after_rejection,2.0,AFTER_GUARD,True,4,4,3,XSN→JKB
WIKIPEDIA,P3,925,10,27,ALL_MORPH_BOUNDARY_GUARD,3,saved_H3_exact_target_token,,NO_REJECTION,True,4,2,1,VX→EF
WIKIPEDIA,P3,925,14,40,ALL_MORPH_BOUNDARY_GUARD,2,saved_H3_exact_target_token,,NO_REJECTION,True,4,3,2,XSN→JKB
WIKIPEDIA,P3,925,18,56,ALL_MORPH_BOUNDARY_GUARD,2,saved_H3_exact_target_token,,NO_REJECTION,True,4,3,2,VX→EF
WIKIPEDIA,P3,925,21,68,ALL_MORPH_BOUNDARY_GUARD,2,saved_H3_exact_target_token,,NO_REJECTION,True,4,3,2,XSN→JKB
WIKIPEDIA,P3,925,25,84,ALL_MORPH_BOUNDARY_GUARD,2,saved_H3_exact_target_token,,NO_REJECTION,True,4,3,2,VX→EF
WIKIPEDIA,P3,925,28,96,ALL_MORPH_BOUNDARY_GUARD,2,saved_H3_exact_target_token,,NO_REJECTION,True,4,3,2,XSN→JKB
WIKIPEDIA,P3,925,32,112,ALL_MORPH_BOUNDARY_GUARD,2,saved_H3_exact_target_token,,NO_REJECTION,True,4,3,2,VX→EF
WIKIPEDIA,P3,925,35,124,ALL_MORPH_BOUNDARY_GUARD,2,saved_H3_exact_target_token,,NO_REJECTION,True,4,3,2,XSN→JKB
WIKIPEDIA,P3,926,0,0,ALL_MORPH_BOUNDARY_GUARD,2,projected_saved_draft_candidate_at_or_after_rejection,2.0,AT_GUARD,True,4,3,2,VV→EC
WIKIPEDIA,P3,926,9,32,ALL_MORPH_BOUNDARY_GUARD,1,saved_H3_exact_target_token,,NO_REJECTION,True,4,4,3,VCP→EF
WIKIPEDIA,P3,926,10,36,ALL_MORPH_BOUNDARY_GUARD,3,saved_H3_exact_target_token,,NO_REJECTION,True,4,2,1,XSN→JKB
WIKIPEDIA,P3,926,20,76,ALL_MORPH_BOUNDARY_GUARD,3,saved_H3_exact_target_token,,NO_REJECTION,True,4,2,1,VCP→EF
WIKIPEDIA,P3,927,2,6,ALL_MORPH_BOUNDARY_GUARD,3,projected_saved_draft_candidate_at_or_after_rejection,1.0,BEFORE_GUARD,False,4,2,1,XSV→EC
WIKIPEDIA,P3,927,3,7,NP_BOUNDARY_GUARD,1,saved_H3_exact_target_token,,NO_REJECTION,True,4,4,3,NNG→JKO
WIKIPEDIA,P3,927,3,7,ALL_MORPH_BOUNDARY_GUARD,1,saved_H3_exact_target_token,,NO_REJECTION,True,4,4,3,NNG→JKO
WIKIPEDIA,P3,927,4,11,NP_BOUNDARY_GUARD,3,projected_saved_draft_candidate_at_or_after_rejection,1.0,BEFORE_GUARD,False,4,2,1,NNB→JKB
WIKIPEDIA,P3,927,4,11,ALL_MORPH_BOUNDARY_GUARD,3,projected_saved_draft_candidate_at_or_after_rejection,1.0,BEFORE_GUARD,False,4,2,1,NNB→JKB
WIKIPEDIA,P3,927,7,17,ALL_MORPH_BOUNDARY_GUARD,2,projected_saved_draft_candidate_at_or_after_rejection,1.0,BEFORE_GUARD,False,4,3,2,JKB→JX
WIKIPEDIA,P3,927,9,22,NP_BOUNDARY_GUARD,2,saved_H3_exact_target_token,,NO_REJECTION,True,4,3,2,NNG→JKO
WIKIPEDIA,P3,927,9,22,ALL_MORPH_BOUNDARY_GUARD,2,saved_H3_exact_target_token,,NO_REJECTION,True,4,3,2,NNG→JKO
WIKIPEDIA,P3,927,14,37,ALL_MORPH_BOUNDARY_GUARD,2,projected_saved_draft_candidate_at_or_after_rejection,2.0,AT_GUARD,True,4,3,2,JKB→JX
WIKIPEDIA,P3,927,18,46,NP_BOUNDARY_GUARD,3,saved_H3_exact_target_token,,NO_REJECTION,True,4,2,1,NNP→JKS
WIKIPEDIA,P3,927,18,46,ALL_MORPH_BOUNDARY_GUARD,3,saved_H3_exact_target_token,,NO_REJECTION,True,4,2,1,NNP→JKS
WIKIPEDIA,P3,927,23,58,ALL_MORPH_BOUNDARY_GUARD,2,saved_H3_exact_target_token,,NO_REJECTION,True,4,3,2,EP→EF
WIKIPEDIA,P3,927,31,87,ALL_MORPH_BOUNDARY_GUARD,1,saved_H3_exact_target_token,,NO_REJECTION,True,4,4,3,XSV→EC
WIKIPEDIA,P3,927,36,107,NP_BOUNDARY_GUARD,2,saved_H3_exact_target_token,,NO_REJECTION,True,4,3,2,NNP→JKS
WIKIPEDIA,P3,927,36,107,ALL_MORPH_BOUNDARY_GUARD,2,saved_H3_exact_target_token,,NO_REJECTION,True,4,3,2,NNP→JKS
WIKIPEDIA,P3,927,38,115,ALL_MORPH_BOUNDARY_GUARD,3,saved_H3_exact_target_token,,NO_REJECTION,True,4,2,1,XSV→EC
WIKIPEDIA,P3,927,39,119,ALL_MORPH_BOUNDARY_GUARD,1,saved_H3_exact_target_token,,NO_REJECTION,True,4,4,3,EP→EF
WIKIPEDIA,P3,929,3,7,ALL_MORPH_BOUNDARY_GUARD,2,projected_saved_draft_candidate_at_or_after_rejection,1.0,BEFORE_GUARD,False,4,3,2,XSV→ETM
WIKIPEDIA,P3,929,5,12,ALL_MORPH_BOUNDARY_GUARD,2,projected_saved_draft_candidate_at_or_after_rejection,1.0,BEFORE_GUARD,False,4,3,2,XSV→ETM
WIKIPEDIA,P3,929,6,13,ALL_MORPH_BOUNDARY_GUARD,2,saved_H3_exact_target_token,,NO_REJECTION,True,4,3,2,XSV→ETM
WIKIPEDIA,P3,929,20,52,ALL_MORPH_BOUNDARY_GUARD,1,saved_H3_exact_target_token,,NO_REJECTION,True,4,4,3,XSV→ETN
WIKIPEDIA,P3,929,27,77,ALL_MORPH_BOUNDARY_GUARD,3,saved_H3_exact_target_token,,NO_REJECTION,True,4,2,1,XSV→ETM
WIKIPEDIA,P3,929,29,85,ALL_MORPH_BOUNDARY_GUARD,1,saved_H3_exact_target_token,,NO_REJECTION,True,4,4,3,XSV→ETM
WIKIPEDIA,P3,929,40,120,ALL_MORPH_BOUNDARY_GUARD,2,saved_H3_exact_target_token,,NO_REJECTION,True,4,3,2,XSV→ETM
WIKIPEDIA,P3,930,1,2,NP_BOUNDARY_GUARD,3,saved_H3_exact_target_token,,NO_REJECTION,True,4,2,1,NNG→JX
WIKIPEDIA,P3,930,1,2,ALL_MORPH_BOUNDARY_GUARD,3,saved_H3_exact_target_token,,NO_REJECTION,True,4,2,1,NNG→JX
WIKIPEDIA,P3,930,32,78,NP_BOUNDARY_GUARD,1,projected_saved_draft_candidate_at_or_after_rejection,1.0,AT_GUARD,True,4,4,3,NNG→JKS
WIKIPEDIA,P3,930,32,78,ALL_MORPH_BOUNDARY_GUARD,1,projected_saved_draft_candidate_at_or_after_rejection,1.0,AT_GUARD,True,4,4,3,NNG→JKS
WIKIPEDIA,P3,930,39,92,ALL_MORPH_BOUNDARY_GUARD,3,projected_saved_draft_candidate_at_or_after_rejection,4.0,AFTER_GUARD,True,4,2,1,XSV→EC
WIKIPEDIA,P3,930,50,119,ALL_MORPH_BOUNDARY_GUARD,3,projected_saved_draft_candidate_at_or_after_rejection,3.0,AT_GUARD,True,4,2,1,VCP→EF
WIKIPEDIA,P3,931,6,17,ALL_MORPH_BOUNDARY_GUARD,1,saved_H3_exact_target_token,,NO_REJECTION,True,4,4,3,XSV→ETN
WIKIPEDIA,P3,931,16,48,ALL_MORPH_BOUNDARY_GUARD,1,projected_saved_draft_candidate_at_or_after_rejection,4.0,AFTER_GUARD,True,4,4,3,XSV→EP
WIKIPEDIA,P3,931,18,54,ALL_MORPH_BOUNDARY_GUARD,3,saved_H3_exact_target_token,,NO_REJECTION,True,4,2,1,VA→EF
WIKIPEDIA,P3,931,26,74,ALL_MORPH_BOUNDARY_GUARD,3,projected_saved_draft_candidate_at_or_after_rejection,4.0,AFTER_GUARD,True,4,2,1,XSV→ETN
WIKIPEDIA,P3,931,38,105,ALL_MORPH_BOUNDARY_GUARD,3,projected_saved_draft_candidate_at_or_after_rejection,2.0,BEFORE_GUARD,False,4,2,1,XSV→ETN
WIKIPEDIA,P3,932,12,31,ALL_MORPH_BOUNDARY_GUARD,2,saved_H3_exact_target_token,,NO_REJECTION,True,4,3,2,XSV→ETM
WIKIPEDIA,P3,932,18,48,ALL_MORPH_BOUNDARY_GUARD,1,saved_H3_exact_target_token,,NO_REJECTION,True,4,4,3,XSV→ETM
WIKIPEDIA,P3,932,38,109,ALL_MORPH_BOUNDARY_GUARD,2,saved_H3_exact_target_token,,NO_REJECTION,True,4,3,2,XSV→ETM
WIKIPEDIA,P3,932,41,121,ALL_MORPH_BOUNDARY_GUARD,2,saved_H3_exact_target_token,,NO_REJECTION,True,4,3,2,XSV→ETM
WIKIPEDIA,P3,933,1,1,ALL_MORPH_BOUNDARY_GUARD,3,projected_saved_draft_candidate_at_or_after_rejection,1.0,BEFORE_GUARD,False,4,2,1,XSA→EF
WIKIPEDIA,P3,933,2,2,ALL_MORPH_BOUNDARY_GUARD,3,projected_saved_draft_candidate_at_or_after_rejection,2.0,BEFORE_GUARD,False,4,2,1,XSA→EF
WIKIPEDIA,P3,933,10,24,ALL_MORPH_BOUNDARY_GUARD,3,projected_saved_draft_candidate_at_or_after_rejection,4.0,AFTER_GUARD,True,4,2,1,VV→ETM
WIKIPEDIA,P3,933,28,77,ALL_MORPH_BOUNDARY_GUARD,1,saved_H3_exact_target_token,,NO_REJECTION,True,4,4,3,VV→ETM
WIKIPEDIA,P3,933,32,90,ALL_MORPH_BOUNDARY_GUARD,2,saved_H3_exact_target_token,,NO_REJECTION,True,4,3,2,VV→ETM
WIKIPEDIA,P3,933,41,120,ALL_MORPH_BOUNDARY_GUARD,1,saved_H3_exact_target_token,,NO_REJECTION,True,4,4,3,VV→ETM
WIKIPEDIA,P3,934,1,4,ALL_MORPH_BOUNDARY_GUARD,1,saved_H3_exact_target_token,,NO_REJECTION,True,4,4,3,ETN→JX
WIKIPEDIA,P3,935,0,0,ALL_MORPH_BOUNDARY_GUARD,3,saved_H3_exact_target_token,,NO_REJECTION,True,4,2,1,XSV→ETM
WIKIPEDIA,P3,935,9,21,ALL_MORPH_BOUNDARY_GUARD,3,projected_saved_draft_candidate_at_or_after_rejection,1.0,BEFORE_GUARD,False,4,2,1,XSV→ETM
WIKIPEDIA,P3,936,1,1,ALL_MORPH_BOUNDARY_GUARD,3,projected_saved_draft_candidate_at_or_after_rejection,1.0,BEFORE_GUARD,False,4,2,1,EP→EF
WIKIPEDIA,P3,936,2,2,ALL_MORPH_BOUNDARY_GUARD,3,projected_saved_draft_candidate_at_or_after_rejection,1.0,BEFORE_GUARD,False,4,2,1,EP→EF
WIKIPEDIA,P3,937,14,33,ALL_MORPH_BOUNDARY_GUARD,2,projected_saved_draft_candidate_at_or_after_rejection,3.0,AFTER_GUARD,True,4,3,2,XSN→JKB
WIKIPEDIA,P3,937,41,120,ALL_MORPH_BOUNDARY_GUARD,1,projected_saved_draft_candidate_at_or_after_rejection,1.0,AT_GUARD,True,4,4,3,XSV→EC
WIKIPEDIA,P3,939,17,36,ALL_MORPH_BOUNDARY_GUARD,1,projected_saved_draft_candidate_at_or_after_rejection,1.0,AT_GUARD,True,4,4,3,EP→EF
WIKIPEDIA,P3,939,22,46,ALL_MORPH_BOUNDARY_GUARD,3,projected_saved_draft_candidate_at_or_after_rejection,3.0,AT_GUARD,True,4,2,1,EP→EF
WIKIPEDIA,P3,939,38,88,ALL_MORPH_BOUNDARY_GUARD,2,saved_H3_exact_target_token,,NO_REJECTION,True,4,3,2,XSV→EF
WIKIPEDIA,P3,940,9,25,ALL_MORPH_BOUNDARY_GUARD,1,saved_H3_exact_target_token,,NO_REJECTION,True,4,4,3,VCP→EC
WIKIPEDIA,P3,940,29,105,NP_BOUNDARY_GUARD,3,saved_H3_exact_target_token,,NO_REJECTION,True,4,2,1,NNG→JKG
WIKIPEDIA,P3,940,29,105,ALL_MORPH_BOUNDARY_GUARD,3,saved_H3_exact_target_token,,NO_REJECTION,True,4,2,1,NNG→JKG
WIKIPEDIA,P3,943,0,0,ALL_MORPH_BOUNDARY_GUARD,2,projected_saved_draft_candidate_at_or_after_rejection,1.0,BEFORE_GUARD,False,4,3,2,SO→SL
WIKIPEDIA,P3,943,15,41,ALL_MORPH_BOUNDARY_GUARD,2,projected_saved_draft_candidate_at_or_after_rejection,2.0,AT_GUARD,True,4,3,2,JKB→JX
WIKIPEDIA,P3,943,22,59,ALL_MORPH_BOUNDARY_GUARD,2,projected_saved_draft_candidate_at_or_after_rejection,2.0,AT_GUARD,True,4,3,2,XSV→EC
WIKIPEDIA,P3,944,0,0,ALL_MORPH_BOUNDARY_GUARD,3,projected_saved_draft_candidate_at_or_after_rejection,3.0,AT_GUARD,True,4,2,1,XSA→ETM
WIKIPEDIA,P3,944,15,40,ALL_MORPH_BOUNDARY_GUARD,2,projected_saved_draft_candidate_at_or_after_rejection,2.0,AT_GUARD,True,4,3,2,XSV→EP
WIKIPEDIA,P3,944,23,64,ALL_MORPH_BOUNDARY_GUARD,1,projected_saved_draft_candidate_at_or_after_rejection,2.0,AFTER_GUARD,True,4,4,3,VX→EF
WIKIPEDIA,P3,944,32,90,ALL_MORPH_BOUNDARY_GUARD,1,saved_H3_exact_target_token,,NO_REJECTION,True,4,4,3,VCP→EF
WIKIPEDIA,P3,944,34,98,ALL_MORPH_BOUNDARY_GUARD,3,saved_H3_exact_target_token,,NO_REJECTION,True,4,2,1,SW→SL
WIKIPEDIA,P3,945,1,1,ALL_MORPH_BOUNDARY_GUARD,3,saved_H3_exact_target_token,,NO_REJECTION,True,4,2,1,SSC→SP
WIKIPEDIA,P3,945,17,47,NP_BOUNDARY_GUARD,3,projected_saved_draft_candidate_at_or_after_rejection,1.0,BEFORE_GUARD,False,4,2,1,NNB→JX
WIKIPEDIA,P3,945,17,47,ALL_MORPH_BOUNDARY_GUARD,2,projected_saved_draft_candidate_at_or_after_rejection,1.0,BEFORE_GUARD,False,4,3,2,XSV→ETM
WIKIPEDIA,P3,945,18,48,ALL_MORPH_BOUNDARY_GUARD,1,projected_saved_draft_candidate_at_or_after_rejection,1.0,AT_GUARD,True,4,4,3,XSV→ETM
WIKIPEDIA,P3,946,4,5,ALL_MORPH_BOUNDARY_GUARD,2,projected_saved_draft_candidate_at_or_after_rejection,2.0,AT_GUARD,True,4,3,2,XSV→EC
WIKIPEDIA,P3,946,6,8,ALL_MORPH_BOUNDARY_GUARD,3,projected_saved_draft_candidate_at_or_after_rejection,2.0,BEFORE_GUARD,False,4,2,1,XSV→EC
WIKIPEDIA,P3,946,28,72,ALL_MORPH_BOUNDARY_GUARD,3,projected_saved_draft_candidate_at_or_after_rejection,1.0,BEFORE_GUARD,False,4,2,1,XSN→JKB
WIKIPEDIA,P3,946,45,114,ALL_MORPH_BOUNDARY_GUARD,1,saved_H3_exact_target_token,,NO_REJECTION,True,4,4,3,EP→EF
WIKIPEDIA,P3,947,3,6,ALL_MORPH_BOUNDARY_GUARD,2,projected_saved_draft_candidate_at_or_after_rejection,2.0,AT_GUARD,True,4,3,2,XSV→EC
WIKIPEDIA,P3,947,15,40,ALL_MORPH_BOUNDARY_GUARD,1,saved_H3_exact_target_token,,NO_REJECTION,True,4,4,3,JKB→JX
WIKIPEDIA,P3,947,23,68,ALL_MORPH_BOUNDARY_GUARD,3,projected_saved_draft_candidate_at_or_after_rejection,3.0,AT_GUARD,True,4,2,1,VA→ETM
WIKIPEDIA,P3,947,29,89,ALL_MORPH_BOUNDARY_GUARD,1,saved_H3_exact_target_token,,NO_REJECTION,True,4,4,3,JKB→JX
WIKIPEDIA,P3,947,36,115,ALL_MORPH_BOUNDARY_GUARD,1,saved_H3_exact_target_token,,NO_REJECTION,True,4,4,3,JKB→JX
WIKIPEDIA,P3,948,22,50,ALL_MORPH_BOUNDARY_GUARD,2,projected_saved_draft_candidate_at_or_after_rejection,2.0,AT_GUARD,True,4,3,2,XSA→EF
WIKIPEDIA,P3,948,32,77,ALL_MORPH_BOUNDARY_GUARD,2,projected_saved_draft_candidate_at_or_after_rejection,1.0,BEFORE_GUARD,False,4,3,2,XSV→ETM
WIKIPEDIA,P3,948,36,89,ALL_MORPH_BOUNDARY_GUARD,3,projected_saved_draft_candidate_at_or_after_rejection,2.0,BEFORE_GUARD,False,4,2,1,XSV→ETM
WIKIPEDIA,P3,948,40,98,NP_BOUNDARY_GUARD,3,saved_H3_exact_target_token,,NO_REJECTION,True,4,2,1,NNG→JX
WIKIPEDIA,P3,948,40,98,ALL_MORPH_BOUNDARY_GUARD,3,saved_H3_exact_target_token,,NO_REJECTION,True,4,2,1,NNG→JX
WIKIPEDIA,P3,949,1,2,ALL_MORPH_BOUNDARY_GUARD,3,projected_saved_draft_candidate_at_or_after_rejection,3.0,AT_GUARD,True,4,2,1,VX→EF
WIKIPEDIA,P3,949,10,36,ALL_MORPH_BOUNDARY_GUARD,2,saved_H3_exact_target_token,,NO_REJECTION,True,4,3,2,XSV→EC
WIKIPEDIA,P3,949,19,69,ALL_MORPH_BOUNDARY_GUARD,3,projected_saved_draft_candidate_at_or_after_rejection,1.0,BEFORE_GUARD,False,4,2,1,XSV→EC
WIKIPEDIA,P3,949,20,70,ALL_MORPH_BOUNDARY_GUARD,1,saved_H3_exact_target_token,,NO_REJECTION,True,4,4,3,XSV→EC
WIKIPEDIA,P3,949,29,102,ALL_MORPH_BOUNDARY_GUARD,2,saved_H3_exact_target_token,,NO_REJECTION,True,4,3,2,XSV→EC
WIKIPEDIA,P3,953,1,3,ALL_MORPH_BOUNDARY_GUARD,1,projected_saved_draft_candidate_at_or_after_rejection,2.0,AFTER_GUARD,True,4,4,3,EP→EF
WIKIPEDIA,P3,953,8,22,ALL_MORPH_BOUNDARY_GUARD,1,projected_saved_draft_candidate_at_or_after_rejection,2.0,AFTER_GUARD,True,4,4,3,EP→EF
WIKIPEDIA,P3,953,30,83,ALL_MORPH_BOUNDARY_GUARD,3,saved_H3_exact_target_token,,NO_REJECTION,True,4,2,1,VCP→EF
WIKIPEDIA,P3,955,27,99,ALL_MORPH_BOUNDARY_GUARD,2,saved_H3_exact_target_token,,NO_REJECTION,True,4,3,2,XSV→EP
WIKIPEDIA,P3,956,5,9,ALL_MORPH_BOUNDARY_GUARD,1,projected_saved_draft_candidate_at_or_after_rejection,1.0,AT_GUARD,True,4,4,3,VA→ETM
WIKIPEDIA,P3,956,12,25,ALL_MORPH_BOUNDARY_GUARD,2,saved_H3_exact_target_token,,NO_REJECTION,True,4,3,2,XSV→ETM
WIKIPEDIA,P3,956,25,59,ALL_MORPH_BOUNDARY_GUARD,2,projected_saved_draft_candidate_at_or_after_rejection,2.0,AT_GUARD,True,4,3,2,XSV→EC
WIKIPEDIA,P3,956,31,73,ALL_MORPH_BOUNDARY_GUARD,3,projected_saved_draft_candidate_at_or_after_rejection,1.0,BEFORE_GUARD,False,4,2,1,XSV→EC
WIKIPEDIA,P3,956,32,74,ALL_MORPH_BOUNDARY_GUARD,2,saved_H3_exact_target_token,,NO_REJECTION,True,4,3,2,XSV→EC
WIKIPEDIA,P3,956,42,106,ALL_MORPH_BOUNDARY_GUARD,3,projected_saved_draft_candidate_at_or_after_rejection,2.0,BEFORE_GUARD,False,4,2,1,VCP→EC
WIKIPEDIA,P3,957,3,6,ALL_MORPH_BOUNDARY_GUARD,1,projected_saved_draft_candidate_at_or_after_rejection,1.0,AT_GUARD,True,4,4,3,VA→ETM
WIKIPEDIA,P3,957,24,65,ALL_MORPH_BOUNDARY_GUARD,1,projected_saved_draft_candidate_at_or_after_rejection,3.0,AFTER_GUARD,True,4,4,3,VX→EF
WIKIPEDIA,P3,957,29,79,ALL_MORPH_BOUNDARY_GUARD,3,projected_saved_draft_candidate_at_or_after_rejection,1.0,BEFORE_GUARD,False,4,2,1,XSV→EC
WIKIPEDIA,P3,957,31,84,ALL_MORPH_BOUNDARY_GUARD,3,projected_saved_draft_candidate_at_or_after_rejection,2.0,BEFORE_GUARD,False,4,2,1,XSV→EC
WIKIPEDIA,P3,957,32,86,ALL_MORPH_BOUNDARY_GUARD,2,projected_saved_draft_candidate_at_or_after_rejection,2.0,AT_GUARD,True,4,3,2,XSV→EC
WIKIPEDIA,P3,957,33,88,ALL_MORPH_BOUNDARY_GUARD,1,saved_H3_exact_target_token,,NO_REJECTION,True,4,4,3,VX→EF
WIKIPEDIA,P3,957,36,100,ALL_MORPH_BOUNDARY_GUARD,2,saved_H3_exact_target_token,,NO_REJECTION,True,4,3,2,XSN→JKS
WIKIPEDIA,P3,957,38,108,ALL_MORPH_BOUNDARY_GUARD,3,saved_H3_exact_target_token,,NO_REJECTION,True,4,2,1,XSV→EC
WIKIPEDIA,P3,957,42,124,ALL_MORPH_BOUNDARY_GUARD,1,saved_H3_exact_target_token,,NO_REJECTION,True,4,4,3,XSN→JKS
WIKIPEDIA,P3,958,0,0,ALL_MORPH_BOUNDARY_GUARD,2,saved_H3_exact_target_token,,NO_REJECTION,True,4,3,2,VA→EF
WIKIPEDIA,P3,959,24,58,ALL_MORPH_BOUNDARY_GUARD,2,saved_H3_exact_target_token,,NO_REJECTION,True,4,3,2,EP→EF
WIKIPEDIA,P3,960,25,61,ALL_MORPH_BOUNDARY_GUARD,2,saved_H3_exact_target_token,,NO_REJECTION,True,4,3,2,XSV→EP
WIKIPEDIA,P3,960,34,86,ALL_MORPH_BOUNDARY_GUARD,2,projected_saved_draft_candidate_at_or_after_rejection,1.0,BEFORE_GUARD,False,4,3,2,XSN→JKB
WIKIPEDIA,P3,960,43,111,ALL_MORPH_BOUNDARY_GUARD,1,projected_saved_draft_candidate_at_or_after_rejection,2.0,AFTER_GUARD,True,4,4,3,XSN→JKB
WIKIPEDIA,P3,961,0,0,ALL_MORPH_BOUNDARY_GUARD,3,projected_saved_draft_candidate_at_or_after_rejection,3.0,AT_GUARD,True,4,2,1,XSV→EC
WIKIPEDIA,P3,961,20,51,ALL_MORPH_BOUNDARY_GUARD,2,projected_saved_draft_candidate_at_or_after_rejection,1.0,BEFORE_GUARD,False,4,3,2,XSV→EC
WIKIPEDIA,P3,962,11,32,ALL_MORPH_BOUNDARY_GUARD,3,projected_saved_draft_candidate_at_or_after_rejection,2.0,BEFORE_GUARD,False,4,2,1,XSV→EC
WIKIPEDIA,P3,962,12,34,ALL_MORPH_BOUNDARY_GUARD,1,projected_saved_draft_candidate_at_or_after_rejection,2.0,AFTER_GUARD,True,4,4,3,XSV→EC
WIKIPEDIA,P3,962,18,52,ALL_MORPH_BOUNDARY_GUARD,1,projected_saved_draft_candidate_at_or_after_rejection,2.0,AFTER_GUARD,True,4,4,3,VA→ETM
WIKIPEDIA,P3,962,22,61,ALL_MORPH_BOUNDARY_GUARD,2,saved_H3_exact_target_token,,NO_REJECTION,True,4,3,2,VV→EC
WIKIPEDIA,P3,962,29,83,ALL_MORPH_BOUNDARY_GUARD,3,projected_saved_draft_candidate_at_or_after_rejection,3.0,AT_GUARD,True,4,2,1,XSV→EC
WIKIPEDIA,P3,962,35,102,ALL_MORPH_BOUNDARY_GUARD,1,saved_H3_exact_target_token,,NO_REJECTION,True,4,4,3,XSV→EC
WIKIPEDIA,P3,962,39,118,ALL_MORPH_BOUNDARY_GUARD,3,projected_saved_draft_candidate_at_or_after_rejection,2.0,BEFORE_GUARD,False,4,2,1,VA→ETM
WIKIPEDIA,P3,963,1,4,ALL_MORPH_BOUNDARY_GUARD,1,saved_H3_exact_target_token,,NO_REJECTION,True,4,4,3,VCP→EF
WIKIPEDIA,P3,963,7,23,ALL_MORPH_BOUNDARY_GUARD,3,projected_saved_draft_candidate_at_or_after_rejection,1.0,BEFORE_GUARD,False,4,2,1,XSV→EP
WIKIPEDIA,P3,963,8,24,ALL_MORPH_BOUNDARY_GUARD,3,saved_H3_exact_target_token,,NO_REJECTION,True,4,2,1,XSV→EP
WIKIPEDIA,P3,967,11,33,ALL_MORPH_BOUNDARY_GUARD,3,projected_saved_draft_candidate_at_or_after_rejection,2.0,BEFORE_GUARD,False,4,2,1,VX→EF
WIKIPEDIA,P3,968,10,30,ALL_MORPH_BOUNDARY_GUARD,2,projected_saved_draft_candidate_at_or_after_rejection,1.0,BEFORE_GUARD,False,4,3,2,XSV→EP
WIKIPEDIA,P3,969,3,5,ALL_MORPH_BOUNDARY_GUARD,1,projected_saved_draft_candidate_at_or_after_rejection,1.0,AT_GUARD,True,4,4,3,VV→EC
WIKIPEDIA,P3,969,4,6,ALL_MORPH_BOUNDARY_GUARD,1,projected_saved_draft_candidate_at_or_after_rejection,2.0,AFTER_GUARD,True,4,4,3,XSV→EC
WIKIPEDIA,P3,970,9,22,ALL_MORPH_BOUNDARY_GUARD,1,projected_saved_draft_candidate_at_or_after_rejection,1.0,AT_GUARD,True,4,4,3,JKB→JX
WIKIPEDIA,P3,970,14,29,ALL_MORPH_BOUNDARY_GUARD,2,projected_saved_draft_candidate_at_or_after_rejection,3.0,AFTER_GUARD,True,4,3,2,SSO→SL
WIKIPEDIA,P3,970,42,109,ALL_MORPH_BOUNDARY_GUARD,2,saved_H3_exact_target_token,,NO_REJECTION,True,4,3,2,SSO→SL
WIKIPEDIA,P3,971,17,37,ALL_MORPH_BOUNDARY_GUARD,1,saved_H3_exact_target_token,,NO_REJECTION,True,4,4,3,VX→EF
WIKIPEDIA,P3,971,24,62,ALL_MORPH_BOUNDARY_GUARD,1,saved_H3_exact_target_token,,NO_REJECTION,True,4,4,3,VX→EF
WIKIPEDIA,P3,971,30,86,ALL_MORPH_BOUNDARY_GUARD,2,saved_H3_exact_target_token,,NO_REJECTION,True,4,3,2,VX→EF
WIKIPEDIA,P3,971,36,110,ALL_MORPH_BOUNDARY_GUARD,3,saved_H3_exact_target_token,,NO_REJECTION,True,4,2,1,VX→EF
WIKIPEDIA,P3,972,0,0,ALL_MORPH_BOUNDARY_GUARD,2,projected_saved_draft_candidate_at_or_after_rejection,1.0,BEFORE_GUARD,False,4,3,2,XSV→EC
WIKIPEDIA,P3,972,11,28,ALL_MORPH_BOUNDARY_GUARD,3,saved_H3_exact_target_token,,NO_REJECTION,True,4,2,1,SSO→SL
WIKIPEDIA,P3,972,13,36,ALL_MORPH_BOUNDARY_GUARD,2,projected_saved_draft_candidate_at_or_after_rejection,2.0,AT_GUARD,True,4,3,2,XSV→EP
WIKIPEDIA,P3,972,29,81,ALL_MORPH_BOUNDARY_GUARD,3,projected_saved_draft_candidate_at_or_after_rejection,4.0,AFTER_GUARD,True,4,2,1,SSO→SL
WIKIPEDIA,P3,973,11,27,ALL_MORPH_BOUNDARY_GUARD,1,projected_saved_draft_candidate_at_or_after_rejection,1.0,AT_GUARD,True,4,4,3,XSV→EC
WIKIPEDIA,P3,974,15,43,ALL_MORPH_BOUNDARY_GUARD,2,projected_saved_draft_candidate_at_or_after_rejection,3.0,AFTER_GUARD,True,4,3,2,VX→EC
WIKIPEDIA,P3,974,19,50,ALL_MORPH_BOUNDARY_GUARD,3,saved_H3_exact_target_token,,NO_REJECTION,True,4,2,1,VA→EF
WIKIPEDIA,P3,974,33,83,ALL_MORPH_BOUNDARY_GUARD,2,projected_saved_draft_candidate_at_or_after_rejection,1.0,BEFORE_GUARD,False,4,3,2,VA→ETM
WIKIPEDIA,P3,974,44,111,ALL_MORPH_BOUNDARY_GUARD,2,projected_saved_draft_candidate_at_or_after_rejection,1.0,BEFORE_GUARD,False,4,3,2,XSV→EC
WIKIPEDIA,P3,974,45,112,ALL_MORPH_BOUNDARY_GUARD,1,projected_saved_draft_candidate_at_or_after_rejection,2.0,AFTER_GUARD,True,4,4,3,XSV→EC
WIKIPEDIA,P3,974,46,114,ALL_MORPH_BOUNDARY_GUARD,3,saved_H3_exact_target_token,,NO_REJECTION,True,4,2,1,VA→EF
WIKIPEDIA,P3,975,1,1,ALL_MORPH_BOUNDARY_GUARD,1,projected_saved_draft_candidate_at_or_after_rejection,2.0,AFTER_GUARD,True,4,4,3,VV→ETM
WIKIPEDIA,P3,975,2,3,ALL_MORPH_BOUNDARY_GUARD,1,projected_saved_draft_candidate_at_or_after_rejection,1.0,AT_GUARD,True,4,4,3,VCN→EC
WIKIPEDIA,P3,975,8,21,ALL_MORPH_BOUNDARY_GUARD,1,projected_saved_draft_candidate_at_or_after_rejection,3.0,AFTER_GUARD,True,4,4,3,VV→ETM
WIKIPEDIA,P3,975,16,44,ALL_MORPH_BOUNDARY_GUARD,1,projected_saved_draft_candidate_at_or_after_rejection,3.0,AFTER_GUARD,True,4,4,3,VCP→EF
WIKIPEDIA,P3,975,27,71,ALL_MORPH_BOUNDARY_GUARD,1,projected_saved_draft_candidate_at_or_after_rejection,1.0,AT_GUARD,True,4,4,3,XSV→EC
WIKIPEDIA,P3,975,30,77,ALL_MORPH_BOUNDARY_GUARD,3,projected_saved_draft_candidate_at_or_after_rejection,1.0,BEFORE_GUARD,False,4,2,1,XSA→ETM
WIKIPEDIA,P3,975,37,88,ALL_MORPH_BOUNDARY_GUARD,2,projected_saved_draft_candidate_at_or_after_rejection,2.0,AT_GUARD,True,4,3,2,XSV→EC
WIKIPEDIA,P3,975,41,93,ALL_MORPH_BOUNDARY_GUARD,1,projected_saved_draft_candidate_at_or_after_rejection,1.0,AT_GUARD,True,4,4,3,EC→JKO
WIKIPEDIA,P3,975,45,105,ALL_MORPH_BOUNDARY_GUARD,1,projected_saved_draft_candidate_at_or_after_rejection,2.0,AFTER_GUARD,True,4,4,3,XSV→ETM
WIKIPEDIA,P3,975,46,107,ALL_MORPH_BOUNDARY_GUARD,2,saved_H3_exact_target_token,,NO_REJECTION,True,4,3,2,VV→EC
WIKIPEDIA,P3,975,50,121,ALL_MORPH_BOUNDARY_GUARD,1,saved_H3_exact_target_token,,NO_REJECTION,True,4,4,3,XSV→EC
WIKIPEDIA,P3,977,1,3,ALL_MORPH_BOUNDARY_GUARD,2,projected_saved_draft_candidate_at_or_after_rejection,1.0,BEFORE_GUARD,False,4,3,2,XSV→ETM
WIKIPEDIA,P3,977,2,4,ALL_MORPH_BOUNDARY_GUARD,1,projected_saved_draft_candidate_at_or_after_rejection,3.0,AFTER_GUARD,True,4,4,3,XSV→EC
WIKIPEDIA,P3,977,3,7,ALL_MORPH_BOUNDARY_GUARD,2,saved_H3_exact_target_token,,NO_REJECTION,True,4,3,2,VV→EF
WIKIPEDIA,P3,979,5,7,ALL_MORPH_BOUNDARY_GUARD,1,projected_saved_draft_candidate_at_or_after_rejection,2.0,AFTER_GUARD,True,4,4,3,VV→ETM
WIKIPEDIA,P3,979,13,31,ALL_MORPH_BOUNDARY_GUARD,1,projected_saved_draft_candidate_at_or_after_rejection,2.0,AFTER_GUARD,True,4,4,3,VV→ETM
WIKIPEDIA,P3,979,21,56,ALL_MORPH_BOUNDARY_GUARD,1,projected_saved_draft_candidate_at_or_after_rejection,2.0,AFTER_GUARD,True,4,4,3,VV→ETM
WIKIPEDIA,P3,979,24,63,ALL_MORPH_BOUNDARY_GUARD,1,saved_H3_exact_target_token,,NO_REJECTION,True,4,4,3,VV→EF
WIKIPEDIA,P3,979,28,76,ALL_MORPH_BOUNDARY_GUARD,2,saved_H3_exact_target_token,,NO_REJECTION,True,4,3,2,XSV→ETM
WIKIPEDIA,P3,979,31,88,ALL_MORPH_BOUNDARY_GUARD,2,projected_saved_draft_candidate_at_or_after_rejection,1.0,BEFORE_GUARD,False,4,3,2,XSV→ETM
WIKIPEDIA,P3,979,32,89,ALL_MORPH_BOUNDARY_GUARD,1,projected_saved_draft_candidate_at_or_after_rejection,1.0,AT_GUARD,True,4,4,3,XSV→ETM
WIKIPEDIA,P3,979,36,99,ALL_MORPH_BOUNDARY_GUARD,3,saved_H3_exact_target_token,,NO_REJECTION,True,4,2,1,XSV→ETM
WIKIPEDIA,P3,979,41,119,ALL_MORPH_BOUNDARY_GUARD,2,projected_saved_draft_candidate_at_or_after_rejection,1.0,BEFORE_GUARD,False,4,3,2,XSV→ETM
WIKIPEDIA,P3,979,42,120,ALL_MORPH_BOUNDARY_GUARD,1,saved_H3_exact_target_token,,NO_REJECTION,True,4,4,3,XSV→ETM
WIKIPEDIA,P3,980,11,27,ALL_MORPH_BOUNDARY_GUARD,1,projected_saved_draft_candidate_at_or_after_rejection,3.0,AFTER_GUARD,True,4,4,3,EP→EF
WIKIPEDIA,P3,980,23,62,ALL_MORPH_BOUNDARY_GUARD,1,saved_H3_exact_target_token,,NO_REJECTION,True,4,4,3,EP→EF
WIKIPEDIA,P3,980,33,96,ALL_MORPH_BOUNDARY_GUARD,2,saved_H3_exact_target_token,,NO_REJECTION,True,4,3,2,EP→EF
WIKIPEDIA,P3,981,22,57,ALL_MORPH_BOUNDARY_GUARD,1,projected_saved_draft_candidate_at_or_after_rejection,1.0,AT_GUARD,True,4,4,3,EP→ETM
WIKIPEDIA,P3,981,25,66,ALL_MORPH_BOUNDARY_GUARD,2,saved_H3_exact_target_token,,NO_REJECTION,True,4,3,2,JKB→JX
WIKIPEDIA,P3,982,0,0,ALL_MORPH_BOUNDARY_GUARD,1,projected_saved_draft_candidate_at_or_after_rejection,2.0,AFTER_GUARD,True,4,4,3,VV→EC
WIKIPEDIA,P3,983,10,30,ALL_MORPH_BOUNDARY_GUARD,1,saved_H3_exact_target_token,,NO_REJECTION,True,4,4,3,VX→EC
WIKIPEDIA,P3,983,17,58,ALL_MORPH_BOUNDARY_GUARD,3,saved_H3_exact_target_token,,NO_REJECTION,True,4,2,1,XSV→EC
WIKIPEDIA,P3,983,25,90,ALL_MORPH_BOUNDARY_GUARD,2,saved_H3_exact_target_token,,NO_REJECTION,True,4,3,2,XSV→EC
WIKIPEDIA,P3,983,33,122,ALL_MORPH_BOUNDARY_GUARD,1,saved_H3_exact_target_token,,NO_REJECTION,True,4,4,3,XSV→EC
WIKIPEDIA,P3,984,3,7,ALL_MORPH_BOUNDARY_GUARD,3,projected_saved_draft_candidate_at_or_after_rejection,1.0,BEFORE_GUARD,False,4,2,1,VX→EF
WIKIPEDIA,P3,984,4,8,ALL_MORPH_BOUNDARY_GUARD,3,projected_saved_draft_candidate_at_or_after_rejection,3.0,AT_GUARD,True,4,2,1,EP→EF
WIKIPEDIA,P3,984,5,11,ALL_MORPH_BOUNDARY_GUARD,2,projected_saved_draft_candidate_at_or_after_rejection,2.0,AT_GUARD,True,4,3,2,EP→EF
WIKIPEDIA,P3,984,7,16,ALL_MORPH_BOUNDARY_GUARD,1,projected_saved_draft_candidate_at_or_after_rejection,1.0,AT_GUARD,True,4,4,3,XSN→JX
WIKIPEDIA,P3,984,14,36,ALL_MORPH_BOUNDARY_GUARD,2,projected_saved_draft_candidate_at_or_after_rejection,1.0,BEFORE_GUARD,False,4,3,2,XSN→JX
WIKIPEDIA,P3,984,23,55,ALL_MORPH_BOUNDARY_GUARD,1,projected_saved_draft_candidate_at_or_after_rejection,2.0,AFTER_GUARD,True,4,4,3,EP→EF
WIKIPEDIA,P3,984,32,83,ALL_MORPH_BOUNDARY_GUARD,1,saved_H3_exact_target_token,,NO_REJECTION,True,4,4,3,XSN→VCP
WIKIPEDIA,P3,984,33,87,ALL_MORPH_BOUNDARY_GUARD,1,saved_H3_exact_target_token,,NO_REJECTION,True,4,4,3,XSN→JX
WIKIPEDIA,P3,984,37,103,ALL_MORPH_BOUNDARY_GUARD,3,saved_H3_exact_target_token,,NO_REJECTION,True,4,2,1,XSN→VCP
WIKIPEDIA,P3,984,38,107,ALL_MORPH_BOUNDARY_GUARD,3,saved_H3_exact_target_token,,NO_REJECTION,True,4,2,1,XSN→JX
WIKIPEDIA,P3,986,29,80,ALL_MORPH_BOUNDARY_GUARD,3,saved_H3_exact_target_token,,NO_REJECTION,True,4,2,1,VCP→EF
WIKIPEDIA,P3,986,34,100,ALL_MORPH_BOUNDARY_GUARD,3,saved_H3_exact_target_token,,NO_REJECTION,True,4,2,1,VCP→EF
WIKIPEDIA,P3,986,39,120,ALL_MORPH_BOUNDARY_GUARD,1,saved_H3_exact_target_token,,NO_REJECTION,True,4,4,3,VCP→EF
WIKIPEDIA,P3,988,1,1,ALL_MORPH_BOUNDARY_GUARD,1,projected_saved_draft_candidate_at_or_after_rejection,1.0,AT_GUARD,True,4,4,3,VCP→EF
WIKIPEDIA,P3,988,9,17,ALL_MORPH_BOUNDARY_GUARD,3,projected_saved_draft_candidate_at_or_after_rejection,2.0,BEFORE_GUARD,False,4,2,1,ETN→JX
WIKIPEDIA,P3,988,14,33,ALL_MORPH_BOUNDARY_GUARD,1,projected_saved_draft_candidate_at_or_after_rejection,1.0,AT_GUARD,True,4,4,3,VX→EF
WIKIPEDIA,P3,988,18,39,ALL_MORPH_BOUNDARY_GUARD,1,saved_H3_exact_target_token,,NO_REJECTION,True,4,4,3,VX→EF
WIKIPEDIA,P3,988,23,59,ALL_MORPH_BOUNDARY_GUARD,1,saved_H3_exact_target_token,,NO_REJECTION,True,4,4,3,VX→EF
WIKIPEDIA,P3,988,28,79,ALL_MORPH_BOUNDARY_GUARD,1,saved_H3_exact_target_token,,NO_REJECTION,True,4,4,3,VX→EF
WIKIPEDIA,P3,988,33,99,ALL_MORPH_BOUNDARY_GUARD,1,saved_H3_exact_target_token,,NO_REJECTION,True,4,4,3,VX→EF
WIKIPEDIA,P3,988,38,119,ALL_MORPH_BOUNDARY_GUARD,1,saved_H3_exact_target_token,,NO_REJECTION,True,4,4,3,VX→EF
WIKIPEDIA,P3,989,0,0,ALL_MORPH_BOUNDARY_GUARD,1,projected_saved_draft_candidate_at_or_after_rejection,2.0,AFTER_GUARD,True,4,4,3,VV→ETM
WIKIPEDIA,P3,989,1,2,ALL_MORPH_BOUNDARY_GUARD,2,projected_saved_draft_candidate_at_or_after_rejection,3.0,AFTER_GUARD,True,4,3,2,VA→ETM
WIKIPEDIA,P3,989,5,14,ALL_MORPH_BOUNDARY_GUARD,3,projected_saved_draft_candidate_at_or_after_rejection,2.0,BEFORE_GUARD,False,4,2,1,VA→ETM
WIKIPEDIA,P3,989,6,16,ALL_MORPH_BOUNDARY_GUARD,2,saved_H3_exact_target_token,,NO_REJECTION,True,4,3,2,JKB→JX
WIKIPEDIA,P3,989,10,27,ALL_MORPH_BOUNDARY_GUARD,1,projected_saved_draft_candidate_at_or_after_rejection,1.0,AT_GUARD,True,4,4,3,XSV→EC
WIKIPEDIA,P3,989,11,28,ALL_MORPH_BOUNDARY_GUARD,3,projected_saved_draft_candidate_at_or_after_rejection,1.0,BEFORE_GUARD,False,4,2,1,VA→ETM
WIKIPEDIA,P3,989,13,33,ALL_MORPH_BOUNDARY_GUARD,3,projected_saved_draft_candidate_at_or_after_rejection,4.0,AFTER_GUARD,True,4,2,1,VA→ETM
WIKIPEDIA,P3,989,21,60,ALL_MORPH_BOUNDARY_GUARD,1,projected_saved_draft_candidate_at_or_after_rejection,2.0,AFTER_GUARD,True,4,4,3,XSV→ETM
WIKIPEDIA,P3,989,23,66,ALL_MORPH_BOUNDARY_GUARD,3,projected_saved_draft_candidate_at_or_after_rejection,2.0,BEFORE_GUARD,False,4,2,1,VA→ETM
WIKIPEDIA,P3,989,24,68,ALL_MORPH_BOUNDARY_GUARD,2,saved_H3_exact_target_token,,NO_REJECTION,True,4,3,2,JKB→JX
WIKIPEDIA,P3,989,27,80,ALL_MORPH_BOUNDARY_GUARD,1,saved_H3_exact_target_token,,NO_REJECTION,True,4,4,3,XSV→ETM
WIKIPEDIA,P3,989,28,84,ALL_MORPH_BOUNDARY_GUARD,2,saved_H3_exact_target_token,,NO_REJECTION,True,4,3,2,XSV→ETM
WIKIPEDIA,P3,989,35,111,ALL_MORPH_BOUNDARY_GUARD,1,saved_H3_exact_target_token,,NO_REJECTION,True,4,4,3,XSV→ETM
WIKIPEDIA,P3,989,36,115,ALL_MORPH_BOUNDARY_GUARD,2,saved_H3_exact_target_token,,NO_REJECTION,True,4,3,2,XSV→ETM
WIKIPEDIA,P3,989,37,119,ALL_MORPH_BOUNDARY_GUARD,2,saved_H3_exact_target_token,,NO_REJECTION,True,4,3,2,JKB→JX
WIKIPEDIA,P3,990,4,10,ALL_MORPH_BOUNDARY_GUARD,1,saved_H3_exact_target_token,,NO_REJECTION,True,4,4,3,VV→ETM
WIKIPEDIA,P3,990,31,76,ALL_MORPH_BOUNDARY_GUARD,2,projected_saved_draft_candidate_at_or_after_rejection,1.0,BEFORE_GUARD,False,4,3,2,XSN→JKS
WIKIPEDIA,P3,990,35,82,ALL_MORPH_BOUNDARY_GUARD,2,projected_saved_draft_candidate_at_or_after_rejection,4.0,AFTER_GUARD,True,4,3,2,EP→EF
WIKIPEDIA,P3,990,44,103,NP_BOUNDARY_GUARD,2,saved_H3_exact_target_token,,NO_REJECTION,True,4,3,2,NNG→JX
WIKIPEDIA,P3,990,44,103,ALL_MORPH_BOUNDARY_GUARD,2,saved_H3_exact_target_token,,NO_REJECTION,True,4,3,2,NNG→JX
WIKIPEDIA,P3,990,47,111,ALL_MORPH_BOUNDARY_GUARD,2,projected_saved_draft_candidate_at_or_after_rejection,1.0,BEFORE_GUARD,False,4,3,2,VCP→EC
WIKIPEDIA,P3,993,5,6,ALL_MORPH_BOUNDARY_GUARD,3,saved_H3_exact_target_token,,NO_REJECTION,True,4,2,1,VX→EF
WIKIPEDIA,P3,994,8,24,ALL_MORPH_BOUNDARY_GUARD,1,saved_H3_exact_target_token,,NO_REJECTION,True,4,4,3,EP→EF
WIKIPEDIA,P3,994,14,48,ALL_MORPH_BOUNDARY_GUARD,1,saved_H3_exact_target_token,,NO_REJECTION,True,4,4,3,VX→EF
WIKIPEDIA,P3,994,28,98,ALL_MORPH_BOUNDARY_GUARD,1,saved_H3_exact_target_token,,NO_REJECTION,True,4,4,3,VCP→EF
WIKIPEDIA,P3,994,32,114,ALL_MORPH_BOUNDARY_GUARD,2,saved_H3_exact_target_token,,NO_REJECTION,True,4,3,2,EP→EF
WIKIPEDIA,P3,995,3,8,ALL_MORPH_BOUNDARY_GUARD,1,projected_saved_draft_candidate_at_or_after_rejection,2.0,AFTER_GUARD,True,4,4,3,XSV→ETM
WIKIPEDIA,P3,995,4,10,ALL_MORPH_BOUNDARY_GUARD,2,projected_saved_draft_candidate_at_or_after_rejection,1.0,BEFORE_GUARD,False,4,3,2,XSV→EC
WIKIPEDIA,P3,995,17,47,ALL_MORPH_BOUNDARY_GUARD,2,projected_saved_draft_candidate_at_or_after_rejection,2.0,AT_GUARD,True,4,3,2,XSV→ETM
WIKIPEDIA,P3,995,45,93,ALL_MORPH_BOUNDARY_GUARD,3,projected_saved_draft_candidate_at_or_after_rejection,1.0,BEFORE_GUARD,False,4,2,1,VA→EF
WIKIPEDIA,P3,995,54,115,ALL_MORPH_BOUNDARY_GUARD,3,saved_H3_exact_target_token,,NO_REJECTION,True,4,2,1,VCP→EF
WIKIPEDIA,P3,996,0,0,ALL_MORPH_BOUNDARY_GUARD,3,projected_saved_draft_candidate_at_or_after_rejection,1.0,BEFORE_GUARD,False,4,2,1,JKB→JX
WIKIPEDIA,P3,996,1,1,ALL_MORPH_BOUNDARY_GUARD,3,projected_saved_draft_candidate_at_or_after_rejection,2.0,BEFORE_GUARD,False,4,2,1,JKB→JX
WIKIPEDIA,P3,996,5,10,ALL_MORPH_BOUNDARY_GUARD,3,projected_saved_draft_candidate_at_or_after_rejection,1.0,BEFORE_GUARD,False,4,2,1,XSV→ETM
WIKIPEDIA,P3,996,7,12,ALL_MORPH_BOUNDARY_GUARD,1,projected_saved_draft_candidate_at_or_after_rejection,1.0,AT_GUARD,True,4,4,3,XSV→ETM
WIKIPEDIA,P3,996,9,14,ALL_MORPH_BOUNDARY_GUARD,1,projected_saved_draft_candidate_at_or_after_rejection,3.0,AFTER_GUARD,True,4,4,3,VX→EF
WIKIPEDIA,P3,996,17,37,ALL_MORPH_BOUNDARY_GUARD,1,projected_saved_draft_candidate_at_or_after_rejection,1.0,AT_GUARD,True,4,4,3,ETN→JX
WIKIPEDIA,P3,996,32,69,ALL_MORPH_BOUNDARY_GUARD,1,projected_saved_draft_candidate_at_or_after_rejection,1.0,AT_GUARD,True,4,4,3,JKB→JX
WIKIPEDIA,P3,996,33,70,ALL_MORPH_BOUNDARY_GUARD,1,saved_H3_exact_target_token,,NO_REJECTION,True,4,4,3,JKB→JX
WIKIPEDIA,P3,996,53,123,ALL_MORPH_BOUNDARY_GUARD,1,projected_saved_draft_candidate_at_or_after_rejection,1.0,AT_GUARD,True,4,4,3,XSV→ETM
