workload,pair,prompt_id,round_index,base_generation_position,policy,guard_slot,guard_source,baseline_reject_slot,baseline_rejection_relation,reachable_before_or_at_first_rejection,proposals_in_block,verifier_positions_from_cut_including_candidate,verifier_positions_after_candidate,crossed_fine_pos_sequence
FLORES,P1,1,10,21,ALL_MORPH_BOUNDARY_GUARD,3,projected_saved_draft_candidate_at_or_after_rejection,1.0,BEFORE_GUARD,False,4,2,1,SF→SSC
FLORES,P1,1,13,24,ALL_MORPH_BOUNDARY_GUARD,1,projected_saved_draft_candidate_at_or_after_rejection,2.0,AFTER_GUARD,True,2,2,1,SF→SSC
FLORES,P1,2,11,21,ALL_MORPH_BOUNDARY_GUARD,1,projected_saved_draft_candidate_at_or_after_rejection,2.0,AFTER_GUARD,True,4,4,3,VCP→EC
FLORES,P1,2,25,58,NP_BOUNDARY_GUARD,1,projected_saved_draft_candidate_at_or_after_rejection,1.0,AT_GUARD,True,4,4,3,NNB→JKO
FLORES,P1,2,25,58,ALL_MORPH_BOUNDARY_GUARD,1,projected_saved_draft_candidate_at_or_after_rejection,1.0,AT_GUARD,True,4,4,3,NNB→JKO
FLORES,P1,3,10,25,ALL_MORPH_BOUNDARY_GUARD,2,projected_saved_draft_candidate_at_or_after_rejection,2.0,AT_GUARD,True,4,3,2,XSV→EC
FLORES,P1,3,19,46,ALL_MORPH_BOUNDARY_GUARD,3,projected_saved_draft_candidate_at_or_after_rejection,2.0,BEFORE_GUARD,False,4,2,1,XSN→JKG
FLORES,P1,3,20,48,ALL_MORPH_BOUNDARY_GUARD,3,projected_saved_draft_candidate_at_or_after_rejection,2.0,BEFORE_GUARD,False,4,2,1,XSV→EC
FLORES,P1,3,21,50,ALL_MORPH_BOUNDARY_GUARD,2,saved_H3_exact_target_token,,NO_REJECTION,True,4,3,2,XSV→EC
FLORES,P1,4,33,65,NP_BOUNDARY_GUARD,2,projected_saved_draft_candidate_at_or_after_rejection,2.0,AT_GUARD,True,4,3,2,NNG→JKO
FLORES,P1,4,33,65,ALL_MORPH_BOUNDARY_GUARD,2,projected_saved_draft_candidate_at_or_after_rejection,2.0,AT_GUARD,True,4,3,2,NNG→JKO
FLORES,P1,4,37,73,NP_BOUNDARY_GUARD,1,saved_H3_exact_target_token,,NO_REJECTION,True,4,4,3,NNG→JKO
FLORES,P1,4,37,73,ALL_MORPH_BOUNDARY_GUARD,1,saved_H3_exact_target_token,,NO_REJECTION,True,4,4,3,NNG→JKO
FLORES,P1,4,43,85,ALL_MORPH_BOUNDARY_GUARD,2,projected_saved_draft_candidate_at_or_after_rejection,1.0,BEFORE_GUARD,False,4,3,2,XSN→JKB
FLORES,P1,5,8,16,NP_BOUNDARY_GUARD,3,projected_saved_draft_candidate_at_or_after_rejection,2.0,BEFORE_GUARD,False,4,2,1,NP→JX
FLORES,P1,5,8,16,ALL_MORPH_BOUNDARY_GUARD,3,projected_saved_draft_candidate_at_or_after_rejection,2.0,BEFORE_GUARD,False,4,2,1,NP→JX
FLORES,P1,5,9,18,NP_BOUNDARY_GUARD,2,projected_saved_draft_candidate_at_or_after_rejection,2.0,AT_GUARD,True,4,3,2,NP→JX
FLORES,P1,5,9,18,ALL_MORPH_BOUNDARY_GUARD,2,projected_saved_draft_candidate_at_or_after_rejection,2.0,AT_GUARD,True,4,3,2,NP→JX
FLORES,P1,6,22,39,NP_BOUNDARY_GUARD,2,projected_saved_draft_candidate_at_or_after_rejection,1.0,BEFORE_GUARD,False,4,3,2,NNB→JKO
FLORES,P1,6,22,39,ALL_MORPH_BOUNDARY_GUARD,2,projected_saved_draft_candidate_at_or_after_rejection,1.0,BEFORE_GUARD,False,4,3,2,NNB→JKO
FLORES,P1,6,24,44,ALL_MORPH_BOUNDARY_GUARD,2,projected_saved_draft_candidate_at_or_after_rejection,2.0,AT_GUARD,True,4,3,2,SO→SL
FLORES,P1,6,27,54,ALL_MORPH_BOUNDARY_GUARD,1,projected_saved_draft_candidate_at_or_after_rejection,4.0,AFTER_GUARD,True,4,4,3,SL→SL
FLORES,P1,6,28,58,ALL_MORPH_BOUNDARY_GUARD,3,saved_H3_exact_target_token,,NO_REJECTION,True,4,2,1,SSO→SL
FLORES,P1,6,36,89,ALL_MORPH_BOUNDARY_GUARD,1,saved_H3_exact_target_token,,NO_REJECTION,True,4,4,3,SSC→SL
FLORES,P1,6,40,105,ALL_MORPH_BOUNDARY_GUARD,2,saved_H3_exact_target_token,,NO_REJECTION,True,4,3,2,SL→SL
FLORES,P1,8,22,57,ALL_MORPH_BOUNDARY_GUARD,2,projected_saved_draft_candidate_at_or_after_rejection,2.0,AT_GUARD,True,4,3,2,SO→SL
FLORES,P1,8,39,118,ALL_MORPH_BOUNDARY_GUARD,1,saved_H3_exact_target_token,,NO_REJECTION,True,4,4,3,SL→SL
FLORES,P1,11,7,19,ALL_MORPH_BOUNDARY_GUARD,2,saved_H3_exact_target_token,,NO_REJECTION,True,4,3,2,VA→EC
FLORES,P1,11,14,40,ALL_MORPH_BOUNDARY_GUARD,2,projected_saved_draft_candidate_at_or_after_rejection,1.0,BEFORE_GUARD,False,4,3,2,EP→EF
FLORES,P1,11,15,41,ALL_MORPH_BOUNDARY_GUARD,1,saved_H3_exact_target_token,,NO_REJECTION,True,4,4,3,XSV→EC
FLORES,P1,12,6,19,NP_BOUNDARY_GUARD,2,projected_saved_draft_candidate_at_or_after_rejection,2.0,AT_GUARD,True,4,3,2,NNB→JKB
FLORES,P1,12,6,19,ALL_MORPH_BOUNDARY_GUARD,2,projected_saved_draft_candidate_at_or_after_rejection,2.0,AT_GUARD,True,4,3,2,NNB→JKB
FLORES,P1,13,4,11,ALL_MORPH_BOUNDARY_GUARD,3,projected_saved_draft_candidate_at_or_after_rejection,1.0,BEFORE_GUARD,False,4,2,1,XSV→EP
FLORES,P1,13,5,12,ALL_MORPH_BOUNDARY_GUARD,3,saved_H3_exact_target_token,,NO_REJECTION,True,4,2,1,XSV→EP
FLORES,P1,13,8,20,ALL_MORPH_BOUNDARY_GUARD,2,projected_saved_draft_candidate_at_or_after_rejection,3.0,AFTER_GUARD,True,4,3,2,XSN→JX
FLORES,P1,13,13,36,ALL_MORPH_BOUNDARY_GUARD,1,projected_saved_draft_candidate_at_or_after_rejection,1.0,AT_GUARD,True,4,4,3,XSV→EC
FLORES,P1,14,8,20,ALL_MORPH_BOUNDARY_GUARD,1,saved_H3_exact_target_token,,NO_REJECTION,True,4,4,3,XSV→EC
FLORES,P1,14,19,51,NP_BOUNDARY_GUARD,3,projected_saved_draft_candidate_at_or_after_rejection,4.0,AFTER_GUARD,True,4,2,1,NNB→JKO
FLORES,P1,14,19,51,ALL_MORPH_BOUNDARY_GUARD,2,projected_saved_draft_candidate_at_or_after_rejection,4.0,AFTER_GUARD,True,4,3,2,XSV→ETM
FLORES,P1,14,21,59,NP_BOUNDARY_GUARD,1,projected_saved_draft_candidate_at_or_after_rejection,2.0,AFTER_GUARD,True,4,4,3,NNB→JKO
FLORES,P1,14,21,59,ALL_MORPH_BOUNDARY_GUARD,1,projected_saved_draft_candidate_at_or_after_rejection,2.0,AFTER_GUARD,True,4,4,3,NNB→JKO
FLORES,P1,15,0,0,NP_BOUNDARY_GUARD,1,projected_saved_draft_candidate_at_or_after_rejection,2.0,AFTER_GUARD,True,4,4,3,NP→JX
FLORES,P1,15,0,0,ALL_MORPH_BOUNDARY_GUARD,1,projected_saved_draft_candidate_at_or_after_rejection,2.0,AFTER_GUARD,True,4,4,3,NP→JX
FLORES,P1,15,9,28,ALL_MORPH_BOUNDARY_GUARD,2,projected_saved_draft_candidate_at_or_after_rejection,1.0,BEFORE_GUARD,False,4,3,2,XSN→JKO
FLORES,P1,15,12,34,ALL_MORPH_BOUNDARY_GUARD,2,projected_saved_draft_candidate_at_or_after_rejection,1.0,BEFORE_GUARD,False,4,3,2,XSV→ETN
FLORES,P1,15,13,35,ALL_MORPH_BOUNDARY_GUARD,1,saved_H3_exact_target_token,,NO_REJECTION,True,4,4,3,XSV→ETN
FLORES,P1,15,15,43,ALL_MORPH_BOUNDARY_GUARD,3,projected_saved_draft_candidate_at_or_after_rejection,2.0,BEFORE_GUARD,False,4,2,1,XSV→ETM
FLORES,P1,15,16,45,ALL_MORPH_BOUNDARY_GUARD,1,projected_saved_draft_candidate_at_or_after_rejection,2.0,AFTER_GUARD,True,4,4,3,XSV→ETM
FLORES,P1,16,15,28,NP_BOUNDARY_GUARD,3,projected_saved_draft_candidate_at_or_after_rejection,1.0,BEFORE_GUARD,False,4,2,1,NNB→JKB
FLORES,P1,16,15,28,ALL_MORPH_BOUNDARY_GUARD,3,projected_saved_draft_candidate_at_or_after_rejection,1.0,BEFORE_GUARD,False,4,2,1,NNB→JKB
FLORES,P1,16,17,30,ALL_MORPH_BOUNDARY_GUARD,1,projected_saved_draft_candidate_at_or_after_rejection,1.0,AT_GUARD,True,4,4,3,XSN→JKB
FLORES,P1,16,23,43,ALL_MORPH_BOUNDARY_GUARD,2,projected_saved_draft_candidate_at_or_after_rejection,2.0,AT_GUARD,True,4,3,2,XSV→EC
FLORES,P1,16,28,53,ALL_MORPH_BOUNDARY_GUARD,3,projected_saved_draft_candidate_at_or_after_rejection,2.0,BEFORE_GUARD,False,4,2,1,XSV→EC
FLORES,P1,16,30,57,NP_BOUNDARY_GUARD,1,projected_saved_draft_candidate_at_or_after_rejection,2.0,AFTER_GUARD,True,4,4,3,NNB→JKO
FLORES,P1,16,30,57,ALL_MORPH_BOUNDARY_GUARD,1,projected_saved_draft_candidate_at_or_after_rejection,2.0,AFTER_GUARD,True,4,4,3,NNB→JKO
FLORES,P1,17,17,42,ALL_MORPH_BOUNDARY_GUARD,2,saved_H3_exact_target_token,,NO_REJECTION,True,4,3,2,XSN→JKS
FLORES,P1,17,20,52,ALL_MORPH_BOUNDARY_GUARD,3,saved_H3_exact_target_token,,NO_REJECTION,True,4,2,1,XSA→EC
FLORES,P1,17,25,67,ALL_MORPH_BOUNDARY_GUARD,3,projected_saved_draft_candidate_at_or_after_rejection,4.0,AFTER_GUARD,True,4,2,1,XSA→EC
FLORES,P1,17,26,71,ALL_MORPH_BOUNDARY_GUARD,3,projected_saved_draft_candidate_at_or_after_rejection,4.0,AFTER_GUARD,True,4,2,1,VA→EC
FLORES,P1,17,30,79,ALL_MORPH_BOUNDARY_GUARD,1,saved_H3_exact_target_token,,NO_REJECTION,True,3,3,2,VX→EF
FLORES,P1,18,12,30,ALL_MORPH_BOUNDARY_GUARD,1,projected_saved_draft_candidate_at_or_after_rejection,1.0,AT_GUARD,True,4,4,3,XSV→EC
FLORES,P1,18,19,45,ALL_MORPH_BOUNDARY_GUARD,2,projected_saved_draft_candidate_at_or_after_rejection,1.0,BEFORE_GUARD,False,4,3,2,XSV→EC
FLORES,P1,21,13,36,ALL_MORPH_BOUNDARY_GUARD,2,saved_H3_exact_target_token,,NO_REJECTION,True,3,2,1,SF→SSC
FLORES,P1,23,1,2,ALL_MORPH_BOUNDARY_GUARD,2,projected_saved_draft_candidate_at_or_after_rejection,2.0,AT_GUARD,True,4,3,2,XSN→JX
FLORES,P1,23,6,17,ALL_MORPH_BOUNDARY_GUARD,1,saved_H3_exact_target_token,,NO_REJECTION,True,4,4,3,SO→SL
FLORES,P1,24,23,68,ALL_MORPH_BOUNDARY_GUARD,1,saved_H3_exact_target_token,,NO_REJECTION,True,3,3,2,EP→EF
FLORES,P1,27,10,15,ALL_MORPH_BOUNDARY_GUARD,1,projected_saved_draft_candidate_at_or_after_rejection,1.0,AT_GUARD,True,4,4,3,XSN→JKO
FLORES,P1,27,11,16,ALL_MORPH_BOUNDARY_GUARD,3,saved_H3_exact_target_token,,NO_REJECTION,True,4,2,1,XSN→JKO
FLORES,P1,27,12,20,ALL_MORPH_BOUNDARY_GUARD,2,projected_saved_draft_candidate_at_or_after_rejection,2.0,AT_GUARD,True,4,3,2,XSV→ETN
FLORES,P1,27,14,23,ALL_MORPH_BOUNDARY_GUARD,1,projected_saved_draft_candidate_at_or_after_rejection,2.0,AFTER_GUARD,True,4,4,3,VCP→EC
FLORES,P1,27,17,31,ALL_MORPH_BOUNDARY_GUARD,2,projected_saved_draft_candidate_at_or_after_rejection,1.0,BEFORE_GUARD,False,4,3,2,XSN→JX
FLORES,P1,27,20,37,ALL_MORPH_BOUNDARY_GUARD,1,projected_saved_draft_candidate_at_or_after_rejection,1.0,AT_GUARD,True,4,4,3,XSN→JKO
FLORES,P1,27,23,40,ALL_MORPH_BOUNDARY_GUARD,1,projected_saved_draft_candidate_at_or_after_rejection,1.0,AT_GUARD,True,4,4,3,XSV→EC
FLORES,P1,27,26,43,NP_BOUNDARY_GUARD,1,projected_saved_draft_candidate_at_or_after_rejection,1.0,AT_GUARD,True,4,4,3,NNB→JKO
FLORES,P1,27,26,43,ALL_MORPH_BOUNDARY_GUARD,1,projected_saved_draft_candidate_at_or_after_rejection,1.0,AT_GUARD,True,4,4,3,NNB→JKO
FLORES,P1,27,27,44,ALL_MORPH_BOUNDARY_GUARD,3,projected_saved_draft_candidate_at_or_after_rejection,4.0,AFTER_GUARD,True,4,2,1,XSN→JKO
FLORES,P1,27,30,51,NP_BOUNDARY_GUARD,2,projected_saved_draft_candidate_at_or_after_rejection,1.0,BEFORE_GUARD,False,4,3,2,NNB→JKO
FLORES,P1,27,30,51,ALL_MORPH_BOUNDARY_GUARD,2,projected_saved_draft_candidate_at_or_after_rejection,1.0,BEFORE_GUARD,False,4,3,2,NNB→JKO
FLORES,P1,27,31,52,ALL_MORPH_BOUNDARY_GUARD,2,projected_saved_draft_candidate_at_or_after_rejection,2.0,AT_GUARD,True,4,3,2,EP→EC
FLORES,P1,28,2,4,ALL_MORPH_BOUNDARY_GUARD,3,projected_saved_draft_candidate_at_or_after_rejection,1.0,BEFORE_GUARD,False,4,2,1,XSN→JKB
FLORES,P1,28,8,17,ALL_MORPH_BOUNDARY_GUARD,3,projected_saved_draft_candidate_at_or_after_rejection,3.0,AT_GUARD,True,4,2,1,XSV→EC
FLORES,P1,28,10,21,ALL_MORPH_BOUNDARY_GUARD,1,projected_saved_draft_candidate_at_or_after_rejection,4.0,AFTER_GUARD,True,4,4,3,JX→JX
FLORES,P1,28,11,25,ALL_MORPH_BOUNDARY_GUARD,1,projected_saved_draft_candidate_at_or_after_rejection,2.0,AFTER_GUARD,True,4,4,3,XSN→JKB
FLORES,P1,28,15,33,ALL_MORPH_BOUNDARY_GUARD,1,projected_saved_draft_candidate_at_or_after_rejection,2.0,AFTER_GUARD,True,4,4,3,VA→ETM
FLORES,P1,28,19,42,NP_BOUNDARY_GUARD,1,projected_saved_draft_candidate_at_or_after_rejection,1.0,AT_GUARD,True,4,4,3,NNB→JKG
FLORES,P1,28,19,42,ALL_MORPH_BOUNDARY_GUARD,1,projected_saved_draft_candidate_at_or_after_rejection,1.0,AT_GUARD,True,4,4,3,NNB→JKG
FLORES,P1,29,15,39,NP_BOUNDARY_GUARD,3,projected_saved_draft_candidate_at_or_after_rejection,1.0,BEFORE_GUARD,False,4,2,1,NNB→JKB
FLORES,P1,29,15,39,ALL_MORPH_BOUNDARY_GUARD,2,projected_saved_draft_candidate_at_or_after_rejection,1.0,BEFORE_GUARD,False,4,3,2,VV→ETM
FLORES,P1,29,16,40,NP_BOUNDARY_GUARD,3,projected_saved_draft_candidate_at_or_after_rejection,2.0,BEFORE_GUARD,False,4,2,1,NNB→JKB
FLORES,P1,29,16,40,ALL_MORPH_BOUNDARY_GUARD,3,projected_saved_draft_candidate_at_or_after_rejection,2.0,BEFORE_GUARD,False,4,2,1,NNB→JKB
FLORES,P1,31,2,3,ALL_MORPH_BOUNDARY_GUARD,2,projected_saved_draft_candidate_at_or_after_rejection,3.0,AFTER_GUARD,True,4,3,2,XSN→JX
FLORES,P1,31,10,20,ALL_MORPH_BOUNDARY_GUARD,2,projected_saved_draft_candidate_at_or_after_rejection,3.0,AFTER_GUARD,True,4,3,2,VA→ETM
FLORES,P1,31,11,23,NP_BOUNDARY_GUARD,2,saved_H3_exact_target_token,,NO_REJECTION,True,4,3,2,NNG→JKO
FLORES,P1,31,11,23,ALL_MORPH_BOUNDARY_GUARD,2,saved_H3_exact_target_token,,NO_REJECTION,True,4,3,2,NNG→JKO
FLORES,P1,31,13,30,NP_BOUNDARY_GUARD,2,saved_H3_exact_target_token,,NO_REJECTION,True,4,3,2,NNB→JKB
FLORES,P1,31,13,30,ALL_MORPH_BOUNDARY_GUARD,2,saved_H3_exact_target_token,,NO_REJECTION,True,4,3,2,NNB→JKB
FLORES,P1,31,17,46,NP_BOUNDARY_GUARD,1,projected_saved_draft_candidate_at_or_after_rejection,4.0,AFTER_GUARD,True,4,4,3,NNG→JKO
FLORES,P1,31,17,46,ALL_MORPH_BOUNDARY_GUARD,1,projected_saved_draft_candidate_at_or_after_rejection,4.0,AFTER_GUARD,True,4,4,3,NNG→JKO
FLORES,P1,31,19,52,NP_BOUNDARY_GUARD,2,saved_H3_exact_target_token,,NO_REJECTION,True,4,3,2,NNB→JKB
FLORES,P1,31,19,52,ALL_MORPH_BOUNDARY_GUARD,2,saved_H3_exact_target_token,,NO_REJECTION,True,4,3,2,NNB→JKB
FLORES,P1,31,22,62,NP_BOUNDARY_GUARD,2,saved_H3_exact_target_token,,NO_REJECTION,True,4,3,2,NNG→JKO
FLORES,P1,31,22,62,ALL_MORPH_BOUNDARY_GUARD,2,saved_H3_exact_target_token,,NO_REJECTION,True,4,3,2,NNG→JKO
FLORES,P1,31,24,70,NP_BOUNDARY_GUARD,1,saved_H3_exact_target_token,,NO_REJECTION,True,4,4,3,NNB→JKB
FLORES,P1,31,24,70,ALL_MORPH_BOUNDARY_GUARD,1,saved_H3_exact_target_token,,NO_REJECTION,True,4,4,3,NNB→JKB
FLORES,P1,31,26,78,NP_BOUNDARY_GUARD,3,saved_H3_exact_target_token,,NO_REJECTION,True,4,2,1,NNG→JKO
FLORES,P1,31,26,78,ALL_MORPH_BOUNDARY_GUARD,3,saved_H3_exact_target_token,,NO_REJECTION,True,4,2,1,NNG→JKO
FLORES,P1,31,28,86,NP_BOUNDARY_GUARD,2,saved_H3_exact_target_token,,NO_REJECTION,True,4,3,2,NNB→JKB
FLORES,P1,31,28,86,ALL_MORPH_BOUNDARY_GUARD,2,saved_H3_exact_target_token,,NO_REJECTION,True,4,3,2,NNB→JKB
FLORES,P1,31,32,102,NP_BOUNDARY_GUARD,3,saved_H3_exact_target_token,,NO_REJECTION,True,4,2,1,NNB→JKB
FLORES,P1,31,32,102,ALL_MORPH_BOUNDARY_GUARD,3,saved_H3_exact_target_token,,NO_REJECTION,True,4,2,1,NNB→JKB
FLORES,P1,31,35,114,NP_BOUNDARY_GUARD,1,saved_H3_exact_target_token,,NO_REJECTION,True,4,4,3,NNG→JKO
FLORES,P1,31,35,114,ALL_MORPH_BOUNDARY_GUARD,1,saved_H3_exact_target_token,,NO_REJECTION,True,4,4,3,NNG→JKO
FLORES,P1,32,10,26,ALL_MORPH_BOUNDARY_GUARD,1,projected_saved_draft_candidate_at_or_after_rejection,2.0,AFTER_GUARD,True,4,4,3,ETN→JKO
FLORES,P1,32,11,28,NP_BOUNDARY_GUARD,3,projected_saved_draft_candidate_at_or_after_rejection,1.0,BEFORE_GUARD,False,4,2,1,NNB→JKB
FLORES,P1,32,11,28,ALL_MORPH_BOUNDARY_GUARD,3,projected_saved_draft_candidate_at_or_after_rejection,1.0,BEFORE_GUARD,False,4,2,1,NNB→JKB
FLORES,P1,32,13,33,ALL_MORPH_BOUNDARY_GUARD,1,saved_H3_exact_target_token,,NO_REJECTION,True,4,4,3,XSN→JX
FLORES,P1,32,26,63,NP_BOUNDARY_GUARD,1,projected_saved_draft_candidate_at_or_after_rejection,1.0,AT_GUARD,True,4,4,3,NNG→JKO
FLORES,P1,32,26,63,ALL_MORPH_BOUNDARY_GUARD,1,projected_saved_draft_candidate_at_or_after_rejection,1.0,AT_GUARD,True,4,4,3,NNG→JKO
FLORES,P1,32,28,65,NP_BOUNDARY_GUARD,3,projected_saved_draft_candidate_at_or_after_rejection,1.0,BEFORE_GUARD,False,4,2,1,NNB→JKO
FLORES,P1,32,28,65,ALL_MORPH_BOUNDARY_GUARD,3,projected_saved_draft_candidate_at_or_after_rejection,1.0,BEFORE_GUARD,False,4,2,1,NNB→JKO
FLORES,P1,32,31,74,ALL_MORPH_BOUNDARY_GUARD,1,projected_saved_draft_candidate_at_or_after_rejection,1.0,AT_GUARD,True,3,3,2,EP→EF
FLORES,P1,32,32,75,ALL_MORPH_BOUNDARY_GUARD,1,saved_H3_exact_target_token,,NO_REJECTION,True,3,3,2,VX→EF
FLORES,P1,33,0,0,ALL_MORPH_BOUNDARY_GUARD,3,projected_saved_draft_candidate_at_or_after_rejection,2.0,BEFORE_GUARD,False,4,2,1,XSN→JX
FLORES,P1,33,1,2,ALL_MORPH_BOUNDARY_GUARD,1,projected_saved_draft_candidate_at_or_after_rejection,2.0,AFTER_GUARD,True,4,4,3,XSN→JX
FLORES,P1,33,7,17,NP_BOUNDARY_GUARD,1,projected_saved_draft_candidate_at_or_after_rejection,2.0,AFTER_GUARD,True,4,4,3,NNB→JKO
FLORES,P1,33,7,17,ALL_MORPH_BOUNDARY_GUARD,1,projected_saved_draft_candidate_at_or_after_rejection,2.0,AFTER_GUARD,True,4,4,3,NNB→JKO
FLORES,P1,33,22,56,ALL_MORPH_BOUNDARY_GUARD,2,projected_saved_draft_candidate_at_or_after_rejection,2.0,AT_GUARD,True,4,3,2,SO→SL
FLORES,P1,33,25,66,ALL_MORPH_BOUNDARY_GUARD,1,saved_H3_exact_target_token,,NO_REJECTION,True,4,4,3,SL→SL
FLORES,P1,33,34,102,ALL_MORPH_BOUNDARY_GUARD,1,saved_H3_exact_target_token,,NO_REJECTION,True,4,4,3,SS→SL
FLORES,P1,34,14,25,ALL_MORPH_BOUNDARY_GUARD,3,saved_H3_exact_target_token,,NO_REJECTION,True,4,2,1,XSV→EC
FLORES,P1,34,19,38,ALL_MORPH_BOUNDARY_GUARD,2,projected_saved_draft_candidate_at_or_after_rejection,1.0,BEFORE_GUARD,False,4,3,2,EP→EF
FLORES,P1,35,4,11,NP_BOUNDARY_GUARD,2,projected_saved_draft_candidate_at_or_after_rejection,2.0,AT_GUARD,True,4,3,2,NNG→JKO
FLORES,P1,35,4,11,ALL_MORPH_BOUNDARY_GUARD,2,projected_saved_draft_candidate_at_or_after_rejection,2.0,AT_GUARD,True,4,3,2,NNG→JKO
FLORES,P1,36,4,9,ALL_MORPH_BOUNDARY_GUARD,1,projected_saved_draft_candidate_at_or_after_rejection,1.0,AT_GUARD,True,4,4,3,VA→ETM
FLORES,P1,36,11,23,ALL_MORPH_BOUNDARY_GUARD,3,projected_saved_draft_candidate_at_or_after_rejection,1.0,BEFORE_GUARD,False,4,2,1,XSV→EC
FLORES,P1,36,13,28,NP_BOUNDARY_GUARD,2,projected_saved_draft_candidate_at_or_after_rejection,1.0,BEFORE_GUARD,False,4,3,2,NNB→JKB
FLORES,P1,36,13,28,ALL_MORPH_BOUNDARY_GUARD,2,projected_saved_draft_candidate_at_or_after_rejection,1.0,BEFORE_GUARD,False,4,3,2,NNB→JKB
FLORES,P1,37,1,1,ALL_MORPH_BOUNDARY_GUARD,1,projected_saved_draft_candidate_at_or_after_rejection,2.0,AFTER_GUARD,True,4,4,3,XSN→JX
FLORES,P1,37,7,19,NP_BOUNDARY_GUARD,1,projected_saved_draft_candidate_at_or_after_rejection,3.0,AFTER_GUARD,True,4,4,3,NNB→JKO
FLORES,P1,37,7,19,ALL_MORPH_BOUNDARY_GUARD,1,projected_saved_draft_candidate_at_or_after_rejection,3.0,AFTER_GUARD,True,4,4,3,NNB→JKO
FLORES,P1,37,16,46,NP_BOUNDARY_GUARD,2,projected_saved_draft_candidate_at_or_after_rejection,1.0,BEFORE_GUARD,False,4,3,2,NNB→JKS
FLORES,P1,37,16,46,ALL_MORPH_BOUNDARY_GUARD,2,projected_saved_draft_candidate_at_or_after_rejection,1.0,BEFORE_GUARD,False,4,3,2,NNB→JKS
FLORES,P1,38,7,18,ALL_MORPH_BOUNDARY_GUARD,3,saved_H3_exact_target_token,,NO_REJECTION,True,4,2,1,XSV→ETM
FLORES,P1,38,14,41,ALL_MORPH_BOUNDARY_GUARD,1,saved_H3_exact_target_token,,NO_REJECTION,True,3,3,2,VV→EF
FLORES,P1,39,0,0,ALL_MORPH_BOUNDARY_GUARD,1,projected_saved_draft_candidate_at_or_after_rejection,1.0,AT_GUARD,True,4,4,3,VA→ETM
FLORES,P1,40,5,13,ALL_MORPH_BOUNDARY_GUARD,2,projected_saved_draft_candidate_at_or_after_rejection,2.0,AT_GUARD,True,4,3,2,EP→EF
FLORES,P1,43,7,28,ALL_MORPH_BOUNDARY_GUARD,2,projected_saved_draft_candidate_at_or_after_rejection,2.0,AT_GUARD,True,4,3,2,VA→ETM
FLORES,P1,43,8,30,ALL_MORPH_BOUNDARY_GUARD,2,projected_saved_draft_candidate_at_or_after_rejection,2.0,AT_GUARD,True,4,3,2,XSV→ETM
FLORES,P1,44,21,60,ALL_MORPH_BOUNDARY_GUARD,2,saved_H3_exact_target_token,,NO_REJECTION,True,4,3,2,SP→SL
FLORES,P1,45,3,5,ALL_MORPH_BOUNDARY_GUARD,3,projected_saved_draft_candidate_at_or_after_rejection,3.0,AT_GUARD,True,4,2,1,XSV→EC
FLORES,P1,45,16,32,NP_BOUNDARY_GUARD,1,projected_saved_draft_candidate_at_or_after_rejection,2.0,AFTER_GUARD,True,4,4,3,NNG→JKO
FLORES,P1,45,16,32,ALL_MORPH_BOUNDARY_GUARD,1,projected_saved_draft_candidate_at_or_after_rejection,2.0,AFTER_GUARD,True,4,4,3,NNG→JKO
FLORES,P1,46,8,20,ALL_MORPH_BOUNDARY_GUARD,3,projected_saved_draft_candidate_at_or_after_rejection,1.0,BEFORE_GUARD,False,4,2,1,XSV→EC
FLORES,P1,46,13,30,NP_BOUNDARY_GUARD,3,projected_saved_draft_candidate_at_or_after_rejection,1.0,BEFORE_GUARD,False,4,2,1,NNB→JKB
FLORES,P1,46,13,30,ALL_MORPH_BOUNDARY_GUARD,3,projected_saved_draft_candidate_at_or_after_rejection,1.0,BEFORE_GUARD,False,4,2,1,NNB→JKB
FLORES,P1,46,15,32,NP_BOUNDARY_GUARD,2,projected_saved_draft_candidate_at_or_after_rejection,3.0,AFTER_GUARD,True,4,3,2,NNB→JKB
FLORES,P1,46,15,32,ALL_MORPH_BOUNDARY_GUARD,2,projected_saved_draft_candidate_at_or_after_rejection,3.0,AFTER_GUARD,True,4,3,2,NNB→JKB
FLORES,P1,46,18,42,ALL_MORPH_BOUNDARY_GUARD,1,saved_H3_exact_target_token,,NO_REJECTION,True,4,4,3,SF→SSC
FLORES,P1,47,0,0,NP_BOUNDARY_GUARD,3,saved_H3_exact_target_token,,NO_REJECTION,True,4,2,1,NP→JX
FLORES,P1,47,0,0,ALL_MORPH_BOUNDARY_GUARD,3,saved_H3_exact_target_token,,NO_REJECTION,True,4,2,1,NP→JX
FLORES,P1,47,12,39,ALL_MORPH_BOUNDARY_GUARD,1,projected_saved_draft_candidate_at_or_after_rejection,1.0,AT_GUARD,True,2,2,1,SF→SSC
FLORES,P1,48,8,12,ALL_MORPH_BOUNDARY_GUARD,1,projected_saved_draft_candidate_at_or_after_rejection,2.0,AFTER_GUARD,True,4,4,3,VX→EP
FLORES,P1,49,4,6,ALL_MORPH_BOUNDARY_GUARD,2,projected_saved_draft_candidate_at_or_after_rejection,1.0,BEFORE_GUARD,False,4,3,2,XSN→JKS
FLORES,P1,49,5,7,ALL_MORPH_BOUNDARY_GUARD,1,saved_H3_exact_target_token,,NO_REJECTION,True,4,4,3,XSN→JKS
FLORES,P1,49,12,26,ALL_MORPH_BOUNDARY_GUARD,3,projected_saved_draft_candidate_at_or_after_rejection,3.0,AT_GUARD,True,4,2,1,VV→EC
FLORES,P1,50,4,8,ALL_MORPH_BOUNDARY_GUARD,1,projected_saved_draft_candidate_at_or_after_rejection,2.0,AFTER_GUARD,True,4,4,3,XSN→JKG
FLORES,P1,52,8,15,ALL_MORPH_BOUNDARY_GUARD,2,projected_saved_draft_candidate_at_or_after_rejection,1.0,BEFORE_GUARD,False,4,3,2,XSN→JKB
FLORES,P1,52,15,24,ALL_MORPH_BOUNDARY_GUARD,2,projected_saved_draft_candidate_at_or_after_rejection,2.0,AT_GUARD,True,4,3,2,XSV→EC
FLORES,P1,52,16,26,NP_BOUNDARY_GUARD,2,projected_saved_draft_candidate_at_or_after_rejection,1.0,BEFORE_GUARD,False,4,3,2,NNB→JX
FLORES,P1,52,16,26,ALL_MORPH_BOUNDARY_GUARD,2,projected_saved_draft_candidate_at_or_after_rejection,1.0,BEFORE_GUARD,False,4,3,2,NNB→JX
FLORES,P1,52,26,49,ALL_MORPH_BOUNDARY_GUARD,2,projected_saved_draft_candidate_at_or_after_rejection,2.0,AT_GUARD,True,4,3,2,XSV→ETN
FLORES,P1,52,27,51,ALL_MORPH_BOUNDARY_GUARD,2,projected_saved_draft_candidate_at_or_after_rejection,2.0,AT_GUARD,True,4,3,2,VA→ETM
FLORES,P1,52,32,59,ALL_MORPH_BOUNDARY_GUARD,2,projected_saved_draft_candidate_at_or_after_rejection,4.0,AFTER_GUARD,True,4,3,2,SO→SL
FLORES,P1,52,37,75,ALL_MORPH_BOUNDARY_GUARD,3,projected_saved_draft_candidate_at_or_after_rejection,1.0,BEFORE_GUARD,False,4,2,1,SSC→SP
FLORES,P1,52,39,80,ALL_MORPH_BOUNDARY_GUARD,3,saved_H3_exact_target_token,,NO_REJECTION,True,4,2,1,SL→SL
FLORES,P1,54,9,27,ALL_MORPH_BOUNDARY_GUARD,2,saved_H3_exact_target_token,,NO_REJECTION,True,4,3,2,VCP→EC
FLORES,P1,54,15,45,ALL_MORPH_BOUNDARY_GUARD,2,projected_saved_draft_candidate_at_or_after_rejection,2.0,AT_GUARD,True,4,3,2,SO→SL
FLORES,P1,54,18,55,ALL_MORPH_BOUNDARY_GUARD,1,saved_H3_exact_target_token,,NO_REJECTION,True,4,4,3,SL→SL
FLORES,P1,54,35,118,ALL_MORPH_BOUNDARY_GUARD,1,saved_H3_exact_target_token,,NO_REJECTION,True,4,4,3,VCP→EF
FLORES,P1,55,14,29,ALL_MORPH_BOUNDARY_GUARD,1,projected_saved_draft_candidate_at_or_after_rejection,2.0,AFTER_GUARD,True,4,4,3,XSV→EC
FLORES,P1,55,22,44,ALL_MORPH_BOUNDARY_GUARD,2,projected_saved_draft_candidate_at_or_after_rejection,3.0,AFTER_GUARD,True,4,3,2,XSV→EC
FLORES,P1,55,27,59,NP_BOUNDARY_GUARD,3,projected_saved_draft_candidate_at_or_after_rejection,4.0,AFTER_GUARD,True,4,2,1,NNB→JKO
FLORES,P1,55,27,59,ALL_MORPH_BOUNDARY_GUARD,2,projected_saved_draft_candidate_at_or_after_rejection,4.0,AFTER_GUARD,True,4,3,2,XSV→ETM
FLORES,P1,55,29,65,ALL_MORPH_BOUNDARY_GUARD,1,projected_saved_draft_candidate_at_or_after_rejection,1.0,AT_GUARD,True,4,4,3,NNB→VCP
FLORES,P1,56,44,93,ALL_MORPH_BOUNDARY_GUARD,3,projected_saved_draft_candidate_at_or_after_rejection,1.0,BEFORE_GUARD,False,4,2,1,VCP→EF
FLORES,P1,56,45,94,ALL_MORPH_BOUNDARY_GUARD,2,saved_H3_exact_target_token,,NO_REJECTION,True,4,3,2,VCP→EF
FLORES,P1,57,8,9,ALL_MORPH_BOUNDARY_GUARD,3,projected_saved_draft_candidate_at_or_after_rejection,3.0,AT_GUARD,True,4,2,1,XSV→ETM
FLORES,P1,57,10,13,NP_BOUNDARY_GUARD,2,projected_saved_draft_candidate_at_or_after_rejection,1.0,BEFORE_GUARD,False,4,3,2,NNB→JKO
FLORES,P1,57,10,13,ALL_MORPH_BOUNDARY_GUARD,2,projected_saved_draft_candidate_at_or_after_rejection,1.0,BEFORE_GUARD,False,4,3,2,NNB→JKO
FLORES,P1,58,19,42,ALL_MORPH_BOUNDARY_GUARD,3,projected_saved_draft_candidate_at_or_after_rejection,4.0,AFTER_GUARD,True,4,2,1,XSN→JX
FLORES,P1,58,25,65,ALL_MORPH_BOUNDARY_GUARD,3,projected_saved_draft_candidate_at_or_after_rejection,4.0,AFTER_GUARD,True,4,2,1,XSV→ETM
FLORES,P1,58,34,83,ALL_MORPH_BOUNDARY_GUARD,2,saved_H3_exact_target_token,,NO_REJECTION,True,4,3,2,XSN→JX
FLORES,P1,58,40,107,ALL_MORPH_BOUNDARY_GUARD,1,saved_H3_exact_target_token,,NO_REJECTION,True,4,4,3,XSV→ETM
FLORES,P1,58,44,123,ALL_MORPH_BOUNDARY_GUARD,2,saved_H3_exact_target_token,,NO_REJECTION,True,4,3,2,XSN→JX
FLORES,P1,59,6,10,NP_BOUNDARY_GUARD,1,projected_saved_draft_candidate_at_or_after_rejection,4.0,AFTER_GUARD,True,4,4,3,NNG→JKO
FLORES,P1,59,6,10,ALL_MORPH_BOUNDARY_GUARD,1,projected_saved_draft_candidate_at_or_after_rejection,4.0,AFTER_GUARD,True,4,4,3,NNG→JKO
FLORES,P1,59,17,32,ALL_MORPH_BOUNDARY_GUARD,3,projected_saved_draft_candidate_at_or_after_rejection,1.0,BEFORE_GUARD,False,4,2,1,XSN→JKB
FLORES,P1,59,18,33,ALL_MORPH_BOUNDARY_GUARD,1,projected_saved_draft_candidate_at_or_after_rejection,1.0,AT_GUARD,True,4,4,3,XSN→JKS
FLORES,P1,59,20,35,ALL_MORPH_BOUNDARY_GUARD,2,projected_saved_draft_candidate_at_or_after_rejection,1.0,BEFORE_GUARD,False,4,3,2,XSV→ETM
FLORES,P1,59,21,36,ALL_MORPH_BOUNDARY_GUARD,1,projected_saved_draft_candidate_at_or_after_rejection,1.0,AT_GUARD,True,4,4,3,XSV→ETM
FLORES,P1,61,4,10,NP_BOUNDARY_GUARD,3,projected_saved_draft_candidate_at_or_after_rejection,2.0,BEFORE_GUARD,False,4,2,1,NNG→JKS
FLORES,P1,61,4,10,ALL_MORPH_BOUNDARY_GUARD,3,projected_saved_draft_candidate_at_or_after_rejection,2.0,BEFORE_GUARD,False,4,2,1,NNG→JKS
FLORES,P1,61,13,29,ALL_MORPH_BOUNDARY_GUARD,1,saved_H3_exact_target_token,,NO_REJECTION,True,3,3,2,EP→EF
FLORES,P1,62,7,20,ALL_MORPH_BOUNDARY_GUARD,1,projected_saved_draft_candidate_at_or_after_rejection,2.0,AFTER_GUARD,True,4,4,3,XSN→JKO
FLORES,P1,63,0,0,ALL_MORPH_BOUNDARY_GUARD,1,projected_saved_draft_candidate_at_or_after_rejection,1.0,AT_GUARD,True,4,4,3,VA→ETM
FLORES,P1,63,7,19,ALL_MORPH_BOUNDARY_GUARD,2,projected_saved_draft_candidate_at_or_after_rejection,1.0,BEFORE_GUARD,False,4,3,2,VA→ETM
FLORES,P1,63,10,25,ALL_MORPH_BOUNDARY_GUARD,1,saved_H3_exact_target_token,,NO_REJECTION,True,4,4,3,VV→EC
FLORES,P1,64,0,0,ALL_MORPH_BOUNDARY_GUARD,3,projected_saved_draft_candidate_at_or_after_rejection,2.0,BEFORE_GUARD,False,4,2,1,XSN→JX
FLORES,P1,64,1,2,ALL_MORPH_BOUNDARY_GUARD,2,projected_saved_draft_candidate_at_or_after_rejection,3.0,AFTER_GUARD,True,4,3,2,XSN→JX
FLORES,P1,64,8,20,ALL_MORPH_BOUNDARY_GUARD,3,projected_saved_draft_candidate_at_or_after_rejection,1.0,BEFORE_GUARD,False,4,2,1,VA-I→EC
FLORES,P1,64,11,27,ALL_MORPH_BOUNDARY_GUARD,3,projected_saved_draft_candidate_at_or_after_rejection,3.0,AT_GUARD,True,4,2,1,XSV→EF
FLORES,P1,64,23,49,ALL_MORPH_BOUNDARY_GUARD,1,saved_H3_exact_target_token,,NO_REJECTION,True,4,4,3,XSV→ETM
FLORES,P1,64,24,53,ALL_MORPH_BOUNDARY_GUARD,3,saved_H3_exact_target_token,,NO_REJECTION,True,4,2,1,EP→EF
FLORES,P1,65,1,1,NP_BOUNDARY_GUARD,1,projected_saved_draft_candidate_at_or_after_rejection,2.0,AFTER_GUARD,True,4,4,3,NNG→JKG
FLORES,P1,65,1,1,ALL_MORPH_BOUNDARY_GUARD,1,projected_saved_draft_candidate_at_or_after_rejection,2.0,AFTER_GUARD,True,4,4,3,NNG→JKG
FLORES,P1,65,13,25,ALL_MORPH_BOUNDARY_GUARD,2,projected_saved_draft_candidate_at_or_after_rejection,4.0,AFTER_GUARD,True,4,3,2,XSV→ETN
FLORES,P1,66,13,23,ALL_MORPH_BOUNDARY_GUARD,2,saved_H3_exact_target_token,,NO_REJECTION,True,4,3,2,XSV→EC
FLORES,P1,67,20,50,ALL_MORPH_BOUNDARY_GUARD,1,projected_saved_draft_candidate_at_or_after_rejection,1.0,AT_GUARD,True,3,3,2,EP→EF
FLORES,P1,68,13,27,ALL_MORPH_BOUNDARY_GUARD,1,projected_saved_draft_candidate_at_or_after_rejection,1.0,AT_GUARD,True,4,4,3,ETM→NNB
FLORES,P1,72,31,62,ALL_MORPH_BOUNDARY_GUARD,1,projected_saved_draft_candidate_at_or_after_rejection,1.0,AT_GUARD,True,4,4,3,VCP→EC
FLORES,P1,72,34,65,NP_BOUNDARY_GUARD,1,projected_saved_draft_candidate_at_or_after_rejection,1.0,AT_GUARD,True,4,4,3,NNB→JKB
FLORES,P1,72,34,65,ALL_MORPH_BOUNDARY_GUARD,1,projected_saved_draft_candidate_at_or_after_rejection,1.0,AT_GUARD,True,4,4,3,NNB→JKB
FLORES,P1,73,15,40,ALL_MORPH_BOUNDARY_GUARD,2,projected_saved_draft_candidate_at_or_after_rejection,2.0,AT_GUARD,True,4,3,2,XSA→EC
FLORES,P1,74,19,34,ALL_MORPH_BOUNDARY_GUARD,2,projected_saved_draft_candidate_at_or_after_rejection,2.0,AT_GUARD,True,4,3,2,XSV→ETM
FLORES,P1,74,25,50,ALL_MORPH_BOUNDARY_GUARD,2,saved_H3_exact_target_token,,NO_REJECTION,True,4,3,2,XSV→ETN
FLORES,P1,74,29,66,ALL_MORPH_BOUNDARY_GUARD,2,saved_H3_exact_target_token,,NO_REJECTION,True,4,3,2,XSV→ETN
FLORES,P1,74,33,82,ALL_MORPH_BOUNDARY_GUARD,2,saved_H3_exact_target_token,,NO_REJECTION,True,4,3,2,XSV→ETN
FLORES,P1,74,37,98,ALL_MORPH_BOUNDARY_GUARD,2,saved_H3_exact_target_token,,NO_REJECTION,True,4,3,2,XSV→ETN
FLORES,P1,74,41,114,ALL_MORPH_BOUNDARY_GUARD,2,saved_H3_exact_target_token,,NO_REJECTION,True,4,3,2,XSV→ETN
FLORES,P1,75,12,29,ALL_MORPH_BOUNDARY_GUARD,3,projected_saved_draft_candidate_at_or_after_rejection,1.0,BEFORE_GUARD,False,4,2,1,XSA→EC
FLORES,P1,75,14,31,NP_BOUNDARY_GUARD,1,projected_saved_draft_candidate_at_or_after_rejection,2.0,AFTER_GUARD,True,4,4,3,NNB→JKO
FLORES,P1,75,14,31,ALL_MORPH_BOUNDARY_GUARD,1,projected_saved_draft_candidate_at_or_after_rejection,2.0,AFTER_GUARD,True,4,4,3,NNB→JKO
FLORES,P1,75,15,33,ALL_MORPH_BOUNDARY_GUARD,2,projected_saved_draft_candidate_at_or_after_rejection,1.0,BEFORE_GUARD,False,4,3,2,XSV→ETM
FLORES,P1,75,16,34,ALL_MORPH_BOUNDARY_GUARD,1,projected_saved_draft_candidate_at_or_after_rejection,3.0,AFTER_GUARD,True,4,4,3,XSV→ETN
FLORES,P1,75,27,57,ALL_MORPH_BOUNDARY_GUARD,2,projected_saved_draft_candidate_at_or_after_rejection,2.0,AT_GUARD,True,4,3,2,SO→SL
FLORES,P1,75,30,67,ALL_MORPH_BOUNDARY_GUARD,1,projected_saved_draft_candidate_at_or_after_rejection,2.0,AFTER_GUARD,True,4,4,3,SL→SL
FLORES,P1,75,31,69,ALL_MORPH_BOUNDARY_GUARD,1,saved_H3_exact_target_token,,NO_REJECTION,True,4,4,3,SL→SL
FLORES,P1,76,10,26,NP_BOUNDARY_GUARD,1,projected_saved_draft_candidate_at_or_after_rejection,1.0,AT_GUARD,True,4,4,3,NNB→JKO
FLORES,P1,76,10,26,ALL_MORPH_BOUNDARY_GUARD,1,projected_saved_draft_candidate_at_or_after_rejection,1.0,AT_GUARD,True,4,4,3,NNB→JKO
FLORES,P1,77,6,12,ALL_MORPH_BOUNDARY_GUARD,3,projected_saved_draft_candidate_at_or_after_rejection,2.0,BEFORE_GUARD,False,4,2,1,VX→EP
FLORES,P1,77,8,15,ALL_MORPH_BOUNDARY_GUARD,1,saved_H3_exact_target_token,,NO_REJECTION,True,4,4,3,VX→EP
FLORES,P1,77,11,25,ALL_MORPH_BOUNDARY_GUARD,2,projected_saved_draft_candidate_at_or_after_rejection,1.0,BEFORE_GUARD,False,4,3,2,XSV→EP
FLORES,P1,77,12,26,ALL_MORPH_BOUNDARY_GUARD,1,projected_saved_draft_candidate_at_or_after_rejection,1.0,AT_GUARD,True,4,4,3,XSV→EP
FLORES,P1,77,24,52,NP_BOUNDARY_GUARD,2,projected_saved_draft_candidate_at_or_after_rejection,1.0,BEFORE_GUARD,False,4,3,2,NNB→JKO
FLORES,P1,77,24,52,ALL_MORPH_BOUNDARY_GUARD,2,projected_saved_draft_candidate_at_or_after_rejection,1.0,BEFORE_GUARD,False,4,3,2,NNB→JKO
FLORES,P1,78,18,39,ALL_MORPH_BOUNDARY_GUARD,1,projected_saved_draft_candidate_at_or_after_rejection,1.0,AT_GUARD,True,4,4,3,JKB→JX
FLORES,P1,80,22,34,ALL_MORPH_BOUNDARY_GUARD,3,saved_H3_exact_target_token,,NO_REJECTION,True,4,2,1,XSV→ETM
FLORES,P1,81,11,14,ALL_MORPH_BOUNDARY_GUARD,2,projected_saved_draft_candidate_at_or_after_rejection,2.0,AT_GUARD,True,4,3,2,NNB→XSN
FLORES,P1,82,14,24,ALL_MORPH_BOUNDARY_GUARD,3,projected_saved_draft_candidate_at_or_after_rejection,1.0,BEFORE_GUARD,False,4,2,1,VA→EC
FLORES,P1,82,15,25,ALL_MORPH_BOUNDARY_GUARD,2,projected_saved_draft_candidate_at_or_after_rejection,1.0,BEFORE_GUARD,False,4,3,2,ETN→JKO
FLORES,P1,84,9,11,ALL_MORPH_BOUNDARY_GUARD,1,projected_saved_draft_candidate_at_or_after_rejection,1.0,AT_GUARD,True,4,4,3,SSO→SL
FLORES,P1,84,17,21,ALL_MORPH_BOUNDARY_GUARD,1,projected_saved_draft_candidate_at_or_after_rejection,1.0,AT_GUARD,True,4,4,3,VA→ETM
FLORES,P1,84,38,60,ALL_MORPH_BOUNDARY_GUARD,1,saved_H3_exact_target_token,,NO_REJECTION,True,3,3,2,VX→EF
FLORES,P1,85,7,18,ALL_MORPH_BOUNDARY_GUARD,3,saved_H3_exact_target_token,,NO_REJECTION,True,4,2,1,VX→EF
FLORES,P1,87,6,10,ALL_MORPH_BOUNDARY_GUARD,3,projected_saved_draft_candidate_at_or_after_rejection,1.0,BEFORE_GUARD,False,4,2,1,VX→EP
FLORES,P1,87,20,42,ALL_MORPH_BOUNDARY_GUARD,2,projected_saved_draft_candidate_at_or_after_rejection,1.0,BEFORE_GUARD,False,4,3,2,ETN→JKO
FLORES,P1,87,35,77,ALL_MORPH_BOUNDARY_GUARD,1,saved_H3_exact_target_token,,NO_REJECTION,True,4,4,3,SSC→SF
FLORES,P1,87,41,100,ALL_MORPH_BOUNDARY_GUARD,3,saved_H3_exact_target_token,,NO_REJECTION,True,4,2,1,SSC→SF
FLORES,P1,87,48,120,ALL_MORPH_BOUNDARY_GUARD,3,saved_H3_exact_target_token,,NO_REJECTION,True,4,2,1,SSC→SF
FLORES,P1,88,12,32,ALL_MORPH_BOUNDARY_GUARD,3,projected_saved_draft_candidate_at_or_after_rejection,4.0,AFTER_GUARD,True,4,2,1,XSV→ETM
FLORES,P1,88,16,47,ALL_MORPH_BOUNDARY_GUARD,1,projected_saved_draft_candidate_at_or_after_rejection,2.0,AFTER_GUARD,True,4,4,3,XSV→ETM
FLORES,P1,88,18,51,ALL_MORPH_BOUNDARY_GUARD,1,projected_saved_draft_candidate_at_or_after_rejection,1.0,AT_GUARD,True,4,4,3,XSV→EC
FLORES,P1,89,2,5,ALL_MORPH_BOUNDARY_GUARD,3,saved_H3_exact_target_token,,NO_REJECTION,True,4,2,1,VCP→EC
FLORES,P1,89,9,26,ALL_MORPH_BOUNDARY_GUARD,1,projected_saved_draft_candidate_at_or_after_rejection,1.0,AT_GUARD,True,4,4,3,XSV→ETN
FLORES,P1,89,10,27,NP_BOUNDARY_GUARD,1,projected_saved_draft_candidate_at_or_after_rejection,2.0,AFTER_GUARD,True,4,4,3,NNB→JKO
FLORES,P1,89,10,27,ALL_MORPH_BOUNDARY_GUARD,1,projected_saved_draft_candidate_at_or_after_rejection,2.0,AFTER_GUARD,True,4,4,3,NNB→JKO
FLORES,P1,91,4,11,ALL_MORPH_BOUNDARY_GUARD,1,projected_saved_draft_candidate_at_or_after_rejection,1.0,AT_GUARD,True,4,4,3,VV→ETM
FLORES,P1,91,8,20,ALL_MORPH_BOUNDARY_GUARD,1,projected_saved_draft_candidate_at_or_after_rejection,2.0,AFTER_GUARD,True,4,4,3,VA→ETM
FLORES,P1,93,13,28,ALL_MORPH_BOUNDARY_GUARD,1,projected_saved_draft_candidate_at_or_after_rejection,4.0,AFTER_GUARD,True,4,4,3,XSV→EC
FLORES,P1,93,15,36,ALL_MORPH_BOUNDARY_GUARD,2,saved_H3_exact_target_token,,NO_REJECTION,True,4,3,2,XSV→EC
FLORES,P1,94,6,12,NP_BOUNDARY_GUARD,1,saved_H3_exact_target_token,,NO_REJECTION,True,4,4,3,NNG→JKS
FLORES,P1,94,6,12,ALL_MORPH_BOUNDARY_GUARD,1,saved_H3_exact_target_token,,NO_REJECTION,True,4,4,3,NNG→JKS
FLORES,P1,95,5,12,ALL_MORPH_BOUNDARY_GUARD,2,saved_H3_exact_target_token,,NO_REJECTION,True,4,3,2,XSV→ETM
FLORES,P1,95,6,16,ALL_MORPH_BOUNDARY_GUARD,1,projected_saved_draft_candidate_at_or_after_rejection,1.0,AT_GUARD,True,4,4,3,XSN→JKB
FLORES,P1,95,7,17,ALL_MORPH_BOUNDARY_GUARD,3,projected_saved_draft_candidate_at_or_after_rejection,1.0,BEFORE_GUARD,False,4,2,1,XSV→EC
FLORES,P1,95,9,22,ALL_MORPH_BOUNDARY_GUARD,1,projected_saved_draft_candidate_at_or_after_rejection,1.0,AT_GUARD,True,4,4,3,XSV→EC
FLORES,P1,95,16,38,NP_BOUNDARY_GUARD,2,projected_saved_draft_candidate_at_or_after_rejection,1.0,BEFORE_GUARD,False,4,3,2,NNG→JKO
FLORES,P1,95,16,38,ALL_MORPH_BOUNDARY_GUARD,2,projected_saved_draft_candidate_at_or_after_rejection,1.0,BEFORE_GUARD,False,4,3,2,NNG→JKO
FLORES,P1,95,19,46,ALL_MORPH_BOUNDARY_GUARD,1,saved_H3_exact_target_token,,NO_REJECTION,True,3,3,2,VX→EF
FLORES,P1,97,11,19,ALL_MORPH_BOUNDARY_GUARD,2,projected_saved_draft_candidate_at_or_after_rejection,2.0,AT_GUARD,True,4,3,2,XSV→EP
FLORES,P1,97,15,25,ALL_MORPH_BOUNDARY_GUARD,3,projected_saved_draft_candidate_at_or_after_rejection,3.0,AT_GUARD,True,4,2,1,XSV→EC
FLORES,P1,97,18,30,ALL_MORPH_BOUNDARY_GUARD,1,saved_H3_exact_target_token,,NO_REJECTION,True,3,3,2,VX→EF
FLORES,P1,98,7,17,ALL_MORPH_BOUNDARY_GUARD,2,projected_saved_draft_candidate_at_or_after_rejection,1.0,BEFORE_GUARD,False,4,3,2,SSO→SL
FLORES,P1,98,10,24,ALL_MORPH_BOUNDARY_GUARD,1,projected_saved_draft_candidate_at_or_after_rejection,1.0,AT_GUARD,True,4,4,3,SSO→SL
FLORES,P1,98,19,36,ALL_MORPH_BOUNDARY_GUARD,2,saved_H3_exact_target_token,,NO_REJECTION,True,4,3,2,SSO→SL
FLORES,P1,99,8,23,ALL_MORPH_BOUNDARY_GUARD,2,projected_saved_draft_candidate_at_or_after_rejection,1.0,BEFORE_GUARD,False,4,3,2,NNB→VCP
FLORES,P1,99,10,26,ALL_MORPH_BOUNDARY_GUARD,2,saved_H3_exact_target_token,,NO_REJECTION,True,4,3,2,XSA→EF
FLORES,P1,100,8,21,ALL_MORPH_BOUNDARY_GUARD,3,projected_saved_draft_candidate_at_or_after_rejection,4.0,AFTER_GUARD,True,4,2,1,XSV→EP
FLORES,P1,100,9,25,ALL_MORPH_BOUNDARY_GUARD,2,projected_saved_draft_candidate_at_or_after_rejection,1.0,BEFORE_GUARD,False,4,3,2,XSN→JKS
FLORES,P1,100,10,26,ALL_MORPH_BOUNDARY_GUARD,1,projected_saved_draft_candidate_at_or_after_rejection,3.0,AFTER_GUARD,True,4,4,3,VA→EC
FLORES,P1,100,17,47,ALL_MORPH_BOUNDARY_GUARD,1,saved_H3_exact_target_token,,NO_REJECTION,True,3,3,2,EP→EF
FLORES,P1,101,4,8,ALL_MORPH_BOUNDARY_GUARD,1,projected_saved_draft_candidate_at_or_after_rejection,1.0,AT_GUARD,True,4,4,3,XSN→JX
FLORES,P1,101,12,30,ALL_MORPH_BOUNDARY_GUARD,1,saved_H3_exact_target_token,,NO_REJECTION,True,3,3,2,VA→EF
FLORES,P1,102,3,7,ALL_MORPH_BOUNDARY_GUARD,3,saved_H3_exact_target_token,,NO_REJECTION,True,4,2,1,SO→SL
FLORES,P1,102,12,39,ALL_MORPH_BOUNDARY_GUARD,3,projected_saved_draft_candidate_at_or_after_rejection,2.0,BEFORE_GUARD,False,4,2,1,XSV→ETM
FLORES,P1,102,21,63,ALL_MORPH_BOUNDARY_GUARD,3,saved_H3_exact_target_token,,NO_REJECTION,True,4,2,1,VV→EC
FLORES,P1,102,23,68,ALL_MORPH_BOUNDARY_GUARD,2,projected_saved_draft_candidate_at_or_after_rejection,2.0,AT_GUARD,True,4,3,2,SO→SL
FLORES,P1,102,26,78,ALL_MORPH_BOUNDARY_GUARD,1,projected_saved_draft_candidate_at_or_after_rejection,2.0,AFTER_GUARD,True,4,4,3,SL→SL
FLORES,P1,102,27,80,ALL_MORPH_BOUNDARY_GUARD,1,projected_saved_draft_candidate_at_or_after_rejection,4.0,AFTER_GUARD,True,4,4,3,SL→SL
FLORES,P1,102,31,90,ALL_MORPH_BOUNDARY_GUARD,1,saved_H3_exact_target_token,,NO_REJECTION,True,4,4,3,SO→SL
FLORES,P1,103,15,40,ALL_MORPH_BOUNDARY_GUARD,1,projected_saved_draft_candidate_at_or_after_rejection,2.0,AFTER_GUARD,True,4,4,3,XSV→EC
FLORES,P1,103,22,59,ALL_MORPH_BOUNDARY_GUARD,1,saved_H3_exact_target_token,,NO_REJECTION,True,3,3,2,EP→EF
FLORES,P1,104,1,4,ALL_MORPH_BOUNDARY_GUARD,1,saved_H3_exact_target_token,,NO_REJECTION,True,4,4,3,XSN→JX
FLORES,P1,105,1,1,ALL_MORPH_BOUNDARY_GUARD,1,projected_saved_draft_candidate_at_or_after_rejection,3.0,AFTER_GUARD,True,4,4,3,XSN→JX
FLORES,P1,105,5,11,ALL_MORPH_BOUNDARY_GUARD,2,projected_saved_draft_candidate_at_or_after_rejection,1.0,BEFORE_GUARD,False,4,3,2,XSV→EC
FLORES,P1,105,6,12,ALL_MORPH_BOUNDARY_GUARD,3,projected_saved_draft_candidate_at_or_after_rejection,4.0,AFTER_GUARD,True,4,2,1,XSV→EC
FLORES,P1,105,7,16,ALL_MORPH_BOUNDARY_GUARD,3,projected_saved_draft_candidate_at_or_after_rejection,2.0,BEFORE_GUARD,False,4,2,1,VA-I→EC
FLORES,P1,105,13,28,ALL_MORPH_BOUNDARY_GUARD,2,projected_saved_draft_candidate_at_or_after_rejection,2.0,AT_GUARD,True,4,3,2,VA-I→EC
FLORES,P1,106,8,16,ALL_MORPH_BOUNDARY_GUARD,2,projected_saved_draft_candidate_at_or_after_rejection,1.0,BEFORE_GUARD,False,4,3,2,VA→ETM
FLORES,P1,106,9,17,ALL_MORPH_BOUNDARY_GUARD,3,projected_saved_draft_candidate_at_or_after_rejection,1.0,BEFORE_GUARD,False,4,2,1,XSV→EC
FLORES,P1,106,12,24,ALL_MORPH_BOUNDARY_GUARD,1,saved_H3_exact_target_token,,NO_REJECTION,True,3,3,2,VX→EF
FLORES,P1,108,15,20,ALL_MORPH_BOUNDARY_GUARD,1,projected_saved_draft_candidate_at_or_after_rejection,2.0,AFTER_GUARD,True,4,4,3,XSN→JKS
FLORES,P1,108,46,71,NP_BOUNDARY_GUARD,1,projected_saved_draft_candidate_at_or_after_rejection,1.0,AT_GUARD,True,4,4,3,NNB→JKO
FLORES,P1,108,46,71,ALL_MORPH_BOUNDARY_GUARD,1,projected_saved_draft_candidate_at_or_after_rejection,1.0,AT_GUARD,True,4,4,3,NNB→JKO
FLORES,P1,108,47,72,ALL_MORPH_BOUNDARY_GUARD,1,projected_saved_draft_candidate_at_or_after_rejection,2.0,AFTER_GUARD,True,4,4,3,VCP→EC
FLORES,P1,109,47,104,ALL_MORPH_BOUNDARY_GUARD,3,projected_saved_draft_candidate_at_or_after_rejection,2.0,BEFORE_GUARD,False,4,2,1,SO→SL
FLORES,P1,109,50,109,ALL_MORPH_BOUNDARY_GUARD,3,projected_saved_draft_candidate_at_or_after_rejection,1.0,BEFORE_GUARD,False,4,2,1,SO→SL
FLORES,P1,109,51,110,ALL_MORPH_BOUNDARY_GUARD,3,projected_saved_draft_candidate_at_or_after_rejection,1.0,BEFORE_GUARD,False,4,2,1,SO→SL
FLORES,P1,109,52,111,ALL_MORPH_BOUNDARY_GUARD,1,projected_saved_draft_candidate_at_or_after_rejection,3.0,AFTER_GUARD,True,3,3,2,EP→EF
FLORES,P1,110,16,34,ALL_MORPH_BOUNDARY_GUARD,1,projected_saved_draft_candidate_at_or_after_rejection,3.0,AFTER_GUARD,True,4,4,3,XSN→JKO
FLORES,P1,112,6,10,ALL_MORPH_BOUNDARY_GUARD,3,projected_saved_draft_candidate_at_or_after_rejection,2.0,BEFORE_GUARD,False,4,2,1,VA→EP
FLORES,P1,112,8,14,NP_BOUNDARY_GUARD,2,projected_saved_draft_candidate_at_or_after_rejection,1.0,BEFORE_GUARD,False,4,3,2,NNB→JKB
FLORES,P1,112,8,14,ALL_MORPH_BOUNDARY_GUARD,2,projected_saved_draft_candidate_at_or_after_rejection,1.0,BEFORE_GUARD,False,4,3,2,NNB→JKB
FLORES,P1,112,10,16,ALL_MORPH_BOUNDARY_GUARD,3,projected_saved_draft_candidate_at_or_after_rejection,2.0,BEFORE_GUARD,False,4,2,1,EP→EF
FLORES,P1,112,11,18,NP_BOUNDARY_GUARD,1,projected_saved_draft_candidate_at_or_after_rejection,1.0,AT_GUARD,True,4,4,3,NNB→JKO
FLORES,P1,112,11,18,ALL_MORPH_BOUNDARY_GUARD,1,projected_saved_draft_candidate_at_or_after_rejection,1.0,AT_GUARD,True,4,4,3,NNB→JKO
FLORES,P1,112,13,20,ALL_MORPH_BOUNDARY_GUARD,2,projected_saved_draft_candidate_at_or_after_rejection,1.0,BEFORE_GUARD,False,4,3,2,VX→EF
FLORES,P1,114,3,8,ALL_MORPH_BOUNDARY_GUARD,2,projected_saved_draft_candidate_at_or_after_rejection,4.0,AFTER_GUARD,True,4,3,2,XSV→EC
FLORES,P1,114,9,21,ALL_MORPH_BOUNDARY_GUARD,2,projected_saved_draft_candidate_at_or_after_rejection,2.0,AT_GUARD,True,4,3,2,XSV→EC
FLORES,P1,115,15,28,ALL_MORPH_BOUNDARY_GUARD,1,projected_saved_draft_candidate_at_or_after_rejection,1.0,AT_GUARD,True,4,4,3,XSV→EC
FLORES,P1,115,16,29,NP_BOUNDARY_GUARD,1,projected_saved_draft_candidate_at_or_after_rejection,1.0,AT_GUARD,True,4,4,3,NNB→JKG
FLORES,P1,115,16,29,ALL_MORPH_BOUNDARY_GUARD,1,projected_saved_draft_candidate_at_or_after_rejection,1.0,AT_GUARD,True,4,4,3,NNB→JKG
FLORES,P1,116,4,8,ALL_MORPH_BOUNDARY_GUARD,1,projected_saved_draft_candidate_at_or_after_rejection,3.0,AFTER_GUARD,True,4,4,3,XSV→ETN
FLORES,P1,116,15,23,ALL_MORPH_BOUNDARY_GUARD,2,projected_saved_draft_candidate_at_or_after_rejection,2.0,AT_GUARD,True,4,3,2,XSV→EC
FLORES,P1,116,16,25,ALL_MORPH_BOUNDARY_GUARD,1,saved_H3_exact_target_token,,NO_REJECTION,True,3,3,2,VX→EF
FLORES,P1,117,7,17,ALL_MORPH_BOUNDARY_GUARD,1,saved_H3_exact_target_token,,NO_REJECTION,True,4,4,3,XSV→ETN
FLORES,P1,118,9,26,ALL_MORPH_BOUNDARY_GUARD,1,projected_saved_draft_candidate_at_or_after_rejection,1.0,AT_GUARD,True,4,4,3,JKB→JX
FLORES,P1,118,14,34,ALL_MORPH_BOUNDARY_GUARD,2,projected_saved_draft_candidate_at_or_after_rejection,4.0,AFTER_GUARD,True,4,3,2,XSV→EC
FLORES,P1,118,18,41,ALL_MORPH_BOUNDARY_GUARD,2,projected_saved_draft_candidate_at_or_after_rejection,1.0,BEFORE_GUARD,False,4,3,2,XSV→ETM
FLORES,P1,118,23,47,ALL_MORPH_BOUNDARY_GUARD,2,saved_H3_exact_target_token,,NO_REJECTION,True,4,3,2,EP→EF
FLORES,P1,119,5,17,NP_BOUNDARY_GUARD,3,projected_saved_draft_candidate_at_or_after_rejection,3.0,AT_GUARD,True,4,2,1,NNB→JKO
FLORES,P1,119,5,17,ALL_MORPH_BOUNDARY_GUARD,3,projected_saved_draft_candidate_at_or_after_rejection,3.0,AT_GUARD,True,4,2,1,NNB→JKO
FLORES,P1,119,7,23,NP_BOUNDARY_GUARD,1,projected_saved_draft_candidate_at_or_after_rejection,1.0,AT_GUARD,True,4,4,3,NNG→JKO
FLORES,P1,119,7,23,ALL_MORPH_BOUNDARY_GUARD,1,projected_saved_draft_candidate_at_or_after_rejection,1.0,AT_GUARD,True,4,4,3,NNG→JKO
FLORES,P1,119,9,26,ALL_MORPH_BOUNDARY_GUARD,1,projected_saved_draft_candidate_at_or_after_rejection,1.0,AT_GUARD,True,3,3,2,EP→EF
FLORES,P1,120,18,40,ALL_MORPH_BOUNDARY_GUARD,2,saved_H3_exact_target_token,,NO_REJECTION,True,4,3,2,VX→EF
FLORES,P1,120,21,50,ALL_MORPH_BOUNDARY_GUARD,2,projected_saved_draft_candidate_at_or_after_rejection,2.0,AT_GUARD,True,4,3,2,XSV→ETM
FLORES,P1,122,5,9,ALL_MORPH_BOUNDARY_GUARD,2,projected_saved_draft_candidate_at_or_after_rejection,1.0,BEFORE_GUARD,False,4,3,2,XSV→EC
FLORES,P1,122,6,10,ALL_MORPH_BOUNDARY_GUARD,1,projected_saved_draft_candidate_at_or_after_rejection,1.0,AT_GUARD,True,4,4,3,XSV→EC
FLORES,P1,122,26,55,ALL_MORPH_BOUNDARY_GUARD,1,projected_saved_draft_candidate_at_or_after_rejection,1.0,AT_GUARD,True,3,3,2,VX→EF
FLORES,P1,123,6,17,ALL_MORPH_BOUNDARY_GUARD,1,projected_saved_draft_candidate_at_or_after_rejection,3.0,AFTER_GUARD,True,4,4,3,XSV→EP
FLORES,P1,124,3,10,NP_BOUNDARY_GUARD,1,projected_saved_draft_candidate_at_or_after_rejection,1.0,AT_GUARD,True,4,4,3,NNG→JX
FLORES,P1,124,3,10,ALL_MORPH_BOUNDARY_GUARD,1,projected_saved_draft_candidate_at_or_after_rejection,1.0,AT_GUARD,True,4,4,3,NNG→JX
FLORES,P1,124,7,16,ALL_MORPH_BOUNDARY_GUARD,3,projected_saved_draft_candidate_at_or_after_rejection,3.0,AT_GUARD,True,4,2,1,XSV→EC
FLORES,P1,124,8,19,ALL_MORPH_BOUNDARY_GUARD,2,saved_H3_exact_target_token,,NO_REJECTION,True,4,3,2,VX→EP
FLORES,P1,126,6,14,ALL_MORPH_BOUNDARY_GUARD,2,projected_saved_draft_candidate_at_or_after_rejection,1.0,BEFORE_GUARD,False,4,3,2,XSV→ETM
FLORES,P1,126,7,15,ALL_MORPH_BOUNDARY_GUARD,1,projected_saved_draft_candidate_at_or_after_rejection,3.0,AFTER_GUARD,True,4,4,3,XSV→ETM
FLORES,P1,126,10,21,ALL_MORPH_BOUNDARY_GUARD,1,projected_saved_draft_candidate_at_or_after_rejection,2.0,AFTER_GUARD,True,4,4,3,XSN→JKS
FLORES,P1,126,12,27,NP_BOUNDARY_GUARD,2,projected_saved_draft_candidate_at_or_after_rejection,1.0,BEFORE_GUARD,False,4,3,2,NNB→JKO
FLORES,P1,126,12,27,ALL_MORPH_BOUNDARY_GUARD,2,projected_saved_draft_candidate_at_or_after_rejection,1.0,BEFORE_GUARD,False,4,3,2,NNB→JKO
FLORES,P1,126,17,38,ALL_MORPH_BOUNDARY_GUARD,3,saved_H3_exact_target_token,,NO_REJECTION,True,4,2,1,VX→EP
FLORES,P1,126,18,42,ALL_MORPH_BOUNDARY_GUARD,1,projected_saved_draft_candidate_at_or_after_rejection,1.0,AT_GUARD,True,2,2,1,SF→SSC
FLORES,P1,126,28,65,ALL_MORPH_BOUNDARY_GUARD,1,saved_H3_exact_target_token,,NO_REJECTION,True,4,4,3,XSV→ETM
FLORES,P1,126,36,97,ALL_MORPH_BOUNDARY_GUARD,2,projected_saved_draft_candidate_at_or_after_rejection,1.0,BEFORE_GUARD,False,4,3,2,SF→SSC
FLORES,P1,126,37,98,ALL_MORPH_BOUNDARY_GUARD,2,saved_H3_exact_target_token,,NO_REJECTION,True,4,3,2,SF→SSC
FLORES,P1,128,11,19,ALL_MORPH_BOUNDARY_GUARD,1,projected_saved_draft_candidate_at_or_after_rejection,1.0,AT_GUARD,True,4,4,3,XSV→EC
FLORES,P1,128,16,27,ALL_MORPH_BOUNDARY_GUARD,2,projected_saved_draft_candidate_at_or_after_rejection,4.0,AFTER_GUARD,True,4,3,2,XSN→JKS
FLORES,P1,128,17,31,ALL_MORPH_BOUNDARY_GUARD,2,projected_saved_draft_candidate_at_or_after_rejection,2.0,AT_GUARD,True,4,3,2,SO→SL
FLORES,P1,128,25,53,ALL_MORPH_BOUNDARY_GUARD,3,saved_H3_exact_target_token,,NO_REJECTION,True,4,2,1,XSV→ETM
FLORES,P1,129,13,26,ALL_MORPH_BOUNDARY_GUARD,3,projected_saved_draft_candidate_at_or_after_rejection,1.0,BEFORE_GUARD,False,4,2,1,VA→ETM
FLORES,P1,129,16,31,ALL_MORPH_BOUNDARY_GUARD,3,projected_saved_draft_candidate_at_or_after_rejection,1.0,BEFORE_GUARD,False,4,2,1,VA→EC
FLORES,P1,129,17,32,NP_BOUNDARY_GUARD,1,projected_saved_draft_candidate_at_or_after_rejection,2.0,AFTER_GUARD,True,4,4,3,NNB→JKO
FLORES,P1,129,17,32,ALL_MORPH_BOUNDARY_GUARD,1,projected_saved_draft_candidate_at_or_after_rejection,2.0,AFTER_GUARD,True,4,4,3,NNB→JKO
FLORES,P1,129,19,36,ALL_MORPH_BOUNDARY_GUARD,1,saved_H3_exact_target_token,,NO_REJECTION,True,3,3,2,VX→EF
FLORES,P1,130,10,25,ALL_MORPH_BOUNDARY_GUARD,3,saved_H3_exact_target_token,,NO_REJECTION,True,4,2,1,VA→EF
FLORES,P1,131,10,19,NP_BOUNDARY_GUARD,1,projected_saved_draft_candidate_at_or_after_rejection,1.0,AT_GUARD,True,4,4,3,NNB→JKO
FLORES,P1,131,10,19,ALL_MORPH_BOUNDARY_GUARD,1,projected_saved_draft_candidate_at_or_after_rejection,1.0,AT_GUARD,True,4,4,3,NNB→JKO
FLORES,P1,131,11,20,NP_BOUNDARY_GUARD,1,projected_saved_draft_candidate_at_or_after_rejection,2.0,AFTER_GUARD,True,4,4,3,NNG→JKO
FLORES,P1,131,11,20,ALL_MORPH_BOUNDARY_GUARD,1,projected_saved_draft_candidate_at_or_after_rejection,2.0,AFTER_GUARD,True,4,4,3,NNG→JKO
FLORES,P1,131,12,22,ALL_MORPH_BOUNDARY_GUARD,2,projected_saved_draft_candidate_at_or_after_rejection,1.0,BEFORE_GUARD,False,4,3,2,XSV→ETM
FLORES,P1,131,15,26,ALL_MORPH_BOUNDARY_GUARD,2,projected_saved_draft_candidate_at_or_after_rejection,1.0,BEFORE_GUARD,False,4,3,2,XSN→JKO
FLORES,P1,131,17,30,ALL_MORPH_BOUNDARY_GUARD,2,projected_saved_draft_candidate_at_or_after_rejection,2.0,AT_GUARD,True,4,3,2,XSN→VCP
FLORES,P1,132,15,36,ALL_MORPH_BOUNDARY_GUARD,2,projected_saved_draft_candidate_at_or_after_rejection,2.0,AT_GUARD,True,4,3,2,XSN→JKO
FLORES,P1,132,16,38,ALL_MORPH_BOUNDARY_GUARD,3,saved_H3_exact_target_token,,NO_REJECTION,True,4,2,1,XSV→ETM
FLORES,P1,132,21,46,ALL_MORPH_BOUNDARY_GUARD,3,projected_saved_draft_candidate_at_or_after_rejection,1.0,BEFORE_GUARD,False,4,2,1,XSV→EC
FLORES,P1,133,8,12,ALL_MORPH_BOUNDARY_GUARD,3,saved_H3_exact_target_token,,NO_REJECTION,True,4,2,1,XSN→JKO
FLORES,P1,133,22,48,ALL_MORPH_BOUNDARY_GUARD,3,projected_saved_draft_candidate_at_or_after_rejection,1.0,BEFORE_GUARD,False,4,2,1,XSV→EC
FLORES,P1,134,1,4,ALL_MORPH_BOUNDARY_GUARD,1,projected_saved_draft_candidate_at_or_after_rejection,2.0,AFTER_GUARD,True,4,4,3,XSN→JX
FLORES,P1,134,8,21,ALL_MORPH_BOUNDARY_GUARD,1,projected_saved_draft_candidate_at_or_after_rejection,3.0,AFTER_GUARD,True,4,4,3,XSN→JKG
FLORES,P1,136,3,6,ALL_MORPH_BOUNDARY_GUARD,1,projected_saved_draft_candidate_at_or_after_rejection,3.0,AFTER_GUARD,True,4,4,3,XSN→JKS
FLORES,P1,136,8,16,ALL_MORPH_BOUNDARY_GUARD,1,projected_saved_draft_candidate_at_or_after_rejection,1.0,AT_GUARD,True,4,4,3,XSV→EC
FLORES,P1,137,2,3,ALL_MORPH_BOUNDARY_GUARD,2,projected_saved_draft_candidate_at_or_after_rejection,2.0,AT_GUARD,True,4,3,2,XSN→JX
FLORES,P1,137,8,17,ALL_MORPH_BOUNDARY_GUARD,2,projected_saved_draft_candidate_at_or_after_rejection,1.0,BEFORE_GUARD,False,4,3,2,XSV→ETN
FLORES,P1,137,12,23,ALL_MORPH_BOUNDARY_GUARD,2,saved_H3_exact_target_token,,NO_REJECTION,True,4,3,2,XSV→EC
FLORES,P1,137,16,33,ALL_MORPH_BOUNDARY_GUARD,3,saved_H3_exact_target_token,,NO_REJECTION,True,4,2,1,XSV→EC
FLORES,P1,138,3,11,ALL_MORPH_BOUNDARY_GUARD,2,projected_saved_draft_candidate_at_or_after_rejection,2.0,AT_GUARD,True,4,3,2,XSV→EP
FLORES,P1,139,8,13,ALL_MORPH_BOUNDARY_GUARD,3,projected_saved_draft_candidate_at_or_after_rejection,3.0,AT_GUARD,True,4,2,1,XSV→ETN
FLORES,P1,139,10,20,ALL_MORPH_BOUNDARY_GUARD,1,saved_H3_exact_target_token,,NO_REJECTION,True,4,4,3,XSN→VCP
FLORES,P1,139,11,24,ALL_MORPH_BOUNDARY_GUARD,2,projected_saved_draft_candidate_at_or_after_rejection,2.0,AT_GUARD,True,4,3,2,XSN→JKS
FLORES,P1,140,4,9,ALL_MORPH_BOUNDARY_GUARD,3,projected_saved_draft_candidate_at_or_after_rejection,1.0,BEFORE_GUARD,False,4,2,1,VV→EC
FLORES,P1,140,5,10,ALL_MORPH_BOUNDARY_GUARD,3,projected_saved_draft_candidate_at_or_after_rejection,3.0,AT_GUARD,True,4,2,1,XSV→EC
FLORES,P1,140,13,31,ALL_MORPH_BOUNDARY_GUARD,2,projected_saved_draft_candidate_at_or_after_rejection,1.0,BEFORE_GUARD,False,4,3,2,EP→EF
FLORES,P1,140,15,34,ALL_MORPH_BOUNDARY_GUARD,2,saved_H3_exact_target_token,,NO_REJECTION,True,4,3,2,VV→EC
FLORES,P1,140,34,73,ALL_MORPH_BOUNDARY_GUARD,2,projected_saved_draft_candidate_at_or_after_rejection,2.0,AT_GUARD,True,4,3,2,SL→SL
FLORES,P1,140,35,75,ALL_MORPH_BOUNDARY_GUARD,1,saved_H3_exact_target_token,,NO_REJECTION,True,4,4,3,SL→SL
FLORES,P1,140,41,96,NP_BOUNDARY_GUARD,2,saved_H3_exact_target_token,,NO_REJECTION,True,4,3,2,NNG→JKS
FLORES,P1,140,41,96,ALL_MORPH_BOUNDARY_GUARD,2,saved_H3_exact_target_token,,NO_REJECTION,True,4,3,2,NNG→JKS
FLORES,P1,140,45,108,ALL_MORPH_BOUNDARY_GUARD,3,projected_saved_draft_candidate_at_or_after_rejection,3.0,AT_GUARD,True,4,2,1,SL→SL
FLORES,P1,140,46,111,ALL_MORPH_BOUNDARY_GUARD,1,saved_H3_exact_target_token,,NO_REJECTION,True,4,4,3,SL→SL
FLORES,P1,141,13,18,ALL_MORPH_BOUNDARY_GUARD,2,projected_saved_draft_candidate_at_or_after_rejection,1.0,BEFORE_GUARD,False,4,3,2,JKB→JX
FLORES,P1,141,20,36,ALL_MORPH_BOUNDARY_GUARD,2,projected_saved_draft_candidate_at_or_after_rejection,1.0,BEFORE_GUARD,False,4,3,2,XSN→JKS
FLORES,P1,141,22,38,ALL_MORPH_BOUNDARY_GUARD,3,projected_saved_draft_candidate_at_or_after_rejection,1.0,BEFORE_GUARD,False,4,2,1,XSN→JKO
FLORES,P1,141,26,47,ALL_MORPH_BOUNDARY_GUARD,3,saved_H3_exact_target_token,,NO_REJECTION,True,4,2,1,VCP→EC
FLORES,P1,141,27,51,ALL_MORPH_BOUNDARY_GUARD,2,projected_saved_draft_candidate_at_or_after_rejection,4.0,AFTER_GUARD,True,4,3,2,XSV→EC
FLORES,P1,141,28,55,ALL_MORPH_BOUNDARY_GUARD,2,projected_saved_draft_candidate_at_or_after_rejection,4.0,AFTER_GUARD,True,4,3,2,SO→SL
FLORES,P1,142,5,11,ALL_MORPH_BOUNDARY_GUARD,1,saved_H3_exact_target_token,,NO_REJECTION,True,4,4,3,XSV→EC
FLORES,P1,142,20,54,ALL_MORPH_BOUNDARY_GUARD,3,saved_H3_exact_target_token,,NO_REJECTION,True,4,2,1,XSV→EC
FLORES,P1,143,12,27,ALL_MORPH_BOUNDARY_GUARD,2,projected_saved_draft_candidate_at_or_after_rejection,3.0,AFTER_GUARD,True,4,3,2,XSN→JX
FLORES,P1,143,14,32,ALL_MORPH_BOUNDARY_GUARD,1,projected_saved_draft_candidate_at_or_after_rejection,1.0,AT_GUARD,True,4,4,3,VX→EC
FLORES,P1,144,9,17,ALL_MORPH_BOUNDARY_GUARD,2,projected_saved_draft_candidate_at_or_after_rejection,4.0,AFTER_GUARD,True,4,3,2,XSN→JKB
FLORES,P1,145,12,28,ALL_MORPH_BOUNDARY_GUARD,2,projected_saved_draft_candidate_at_or_after_rejection,2.0,AT_GUARD,True,4,3,2,VX→ETM
FLORES,P1,145,13,30,ALL_MORPH_BOUNDARY_GUARD,2,saved_H3_exact_target_token,,NO_REJECTION,True,3,2,1,SF→SSC
FLORES,P1,146,6,17,ALL_MORPH_BOUNDARY_GUARD,3,projected_saved_draft_candidate_at_or_after_rejection,1.0,BEFORE_GUARD,False,4,2,1,VV→ETM
FLORES,P1,146,7,18,ALL_MORPH_BOUNDARY_GUARD,3,projected_saved_draft_candidate_at_or_after_rejection,1.0,BEFORE_GUARD,False,4,2,1,VV→ETM
FLORES,P1,146,26,45,NP_BOUNDARY_GUARD,1,projected_saved_draft_candidate_at_or_after_rejection,1.0,AT_GUARD,True,4,4,3,NNB→JKO
FLORES,P1,146,26,45,ALL_MORPH_BOUNDARY_GUARD,1,projected_saved_draft_candidate_at_or_after_rejection,1.0,AT_GUARD,True,4,4,3,NNB→JKO
FLORES,P1,148,9,21,ALL_MORPH_BOUNDARY_GUARD,2,saved_H3_exact_target_token,,NO_REJECTION,True,4,3,2,XSV→ETN
FLORES,P1,148,11,27,ALL_MORPH_BOUNDARY_GUARD,3,projected_saved_draft_candidate_at_or_after_rejection,1.0,BEFORE_GUARD,False,4,2,1,XSV→EC
FLORES,P1,148,12,28,ALL_MORPH_BOUNDARY_GUARD,3,projected_saved_draft_candidate_at_or_after_rejection,2.0,BEFORE_GUARD,False,4,2,1,XSV→EC
FLORES,P1,148,16,41,ALL_MORPH_BOUNDARY_GUARD,3,projected_saved_draft_candidate_at_or_after_rejection,2.0,BEFORE_GUARD,False,4,2,1,XSN→JX
FLORES,P1,150,10,23,ALL_MORPH_BOUNDARY_GUARD,3,saved_H3_exact_target_token,,NO_REJECTION,True,4,2,1,VX→EF
FLORES,P1,152,27,55,ALL_MORPH_BOUNDARY_GUARD,3,projected_saved_draft_candidate_at_or_after_rejection,1.0,BEFORE_GUARD,False,4,2,1,SF→SSC
FLORES,P1,152,28,56,ALL_MORPH_BOUNDARY_GUARD,1,projected_saved_draft_candidate_at_or_after_rejection,1.0,AT_GUARD,True,2,2,1,SF→SSC
FLORES,P1,153,2,8,ALL_MORPH_BOUNDARY_GUARD,2,saved_H3_exact_target_token,,NO_REJECTION,True,4,3,2,XSV→EP
FLORES,P1,153,19,50,ALL_MORPH_BOUNDARY_GUARD,2,projected_saved_draft_candidate_at_or_after_rejection,1.0,BEFORE_GUARD,False,4,3,2,VA→ETM
FLORES,P1,153,23,57,ALL_MORPH_BOUNDARY_GUARD,1,saved_H3_exact_target_token,,NO_REJECTION,True,3,3,2,EP→EF
FLORES,P1,154,21,44,ALL_MORPH_BOUNDARY_GUARD,1,projected_saved_draft_candidate_at_or_after_rejection,4.0,AFTER_GUARD,True,4,4,3,VA→ETM
FLORES,P1,155,2,3,ALL_MORPH_BOUNDARY_GUARD,2,saved_H3_exact_target_token,,NO_REJECTION,True,4,3,2,XSN→JKB
FLORES,P1,155,4,10,ALL_MORPH_BOUNDARY_GUARD,1,projected_saved_draft_candidate_at_or_after_rejection,4.0,AFTER_GUARD,True,4,4,3,XSN→JKB
FLORES,P1,156,0,0,ALL_MORPH_BOUNDARY_GUARD,2,projected_saved_draft_candidate_at_or_after_rejection,1.0,BEFORE_GUARD,False,4,3,2,XSN→JKG
FLORES,P1,156,1,1,ALL_MORPH_BOUNDARY_GUARD,1,saved_H3_exact_target_token,,NO_REJECTION,True,4,4,3,XSN→JKG
FLORES,P1,156,5,11,ALL_MORPH_BOUNDARY_GUARD,1,projected_saved_draft_candidate_at_or_after_rejection,2.0,AFTER_GUARD,True,4,4,3,XSV→ETM
FLORES,P1,156,10,24,ALL_MORPH_BOUNDARY_GUARD,1,projected_saved_draft_candidate_at_or_after_rejection,2.0,AFTER_GUARD,True,4,4,3,XSN→JX
FLORES,P1,156,18,40,ALL_MORPH_BOUNDARY_GUARD,2,projected_saved_draft_candidate_at_or_after_rejection,1.0,BEFORE_GUARD,False,4,3,2,VA→ETM
FLORES,P1,156,20,44,NP_BOUNDARY_GUARD,2,projected_saved_draft_candidate_at_or_after_rejection,3.0,AFTER_GUARD,True,4,3,2,NNB→JKO
FLORES,P1,156,20,44,ALL_MORPH_BOUNDARY_GUARD,2,projected_saved_draft_candidate_at_or_after_rejection,3.0,AFTER_GUARD,True,4,3,2,NNB→JKO
FLORES,P1,157,11,22,NP_BOUNDARY_GUARD,3,projected_saved_draft_candidate_at_or_after_rejection,1.0,BEFORE_GUARD,False,4,2,1,NNG→JX
FLORES,P1,157,11,22,ALL_MORPH_BOUNDARY_GUARD,3,projected_saved_draft_candidate_at_or_after_rejection,1.0,BEFORE_GUARD,False,4,2,1,NNG→JX
FLORES,P1,157,12,23,ALL_MORPH_BOUNDARY_GUARD,3,projected_saved_draft_candidate_at_or_after_rejection,3.0,AT_GUARD,True,4,2,1,XSN→JX
FLORES,P1,157,16,36,ALL_MORPH_BOUNDARY_GUARD,2,projected_saved_draft_candidate_at_or_after_rejection,3.0,AFTER_GUARD,True,4,3,2,XSV→EC
FLORES,P1,157,21,46,ALL_MORPH_BOUNDARY_GUARD,2,projected_saved_draft_candidate_at_or_after_rejection,3.0,AFTER_GUARD,True,4,3,2,XSV→EC
FLORES,P1,157,22,49,ALL_MORPH_BOUNDARY_GUARD,2,projected_saved_draft_candidate_at_or_after_rejection,2.0,AT_GUARD,True,4,3,2,XSN→JX
FLORES,P1,157,26,57,NP_BOUNDARY_GUARD,3,projected_saved_draft_candidate_at_or_after_rejection,3.0,AT_GUARD,True,4,2,1,NNG→JKB
FLORES,P1,157,26,57,ALL_MORPH_BOUNDARY_GUARD,3,projected_saved_draft_candidate_at_or_after_rejection,3.0,AT_GUARD,True,4,2,1,NNG→JKB
FLORES,P1,158,7,12,ALL_MORPH_BOUNDARY_GUARD,2,projected_saved_draft_candidate_at_or_after_rejection,1.0,BEFORE_GUARD,False,4,3,2,VA→EP
FLORES,P1,159,19,52,ALL_MORPH_BOUNDARY_GUARD,3,projected_saved_draft_candidate_at_or_after_rejection,2.0,BEFORE_GUARD,False,4,2,1,VA→EF
FLORES,P1,159,21,55,ALL_MORPH_BOUNDARY_GUARD,1,saved_H3_exact_target_token,,NO_REJECTION,True,3,3,2,VX→EF
FLORES,P1,160,7,20,NP_BOUNDARY_GUARD,2,projected_saved_draft_candidate_at_or_after_rejection,1.0,BEFORE_GUARD,False,4,3,2,NNB→JKO
FLORES,P1,160,7,20,ALL_MORPH_BOUNDARY_GUARD,1,projected_saved_draft_candidate_at_or_after_rejection,1.0,AT_GUARD,True,4,4,3,VX→ETM
FLORES,P1,160,8,21,ALL_MORPH_BOUNDARY_GUARD,2,projected_saved_draft_candidate_at_or_after_rejection,1.0,BEFORE_GUARD,False,4,3,2,VX→EC
FLORES,P1,160,14,34,ALL_MORPH_BOUNDARY_GUARD,3,projected_saved_draft_candidate_at_or_after_rejection,1.0,BEFORE_GUARD,False,4,2,1,VV→ETM
FLORES,P1,160,15,35,NP_BOUNDARY_GUARD,1,projected_saved_draft_candidate_at_or_after_rejection,1.0,AT_GUARD,True,4,4,3,NNB→JKB
FLORES,P1,160,15,35,ALL_MORPH_BOUNDARY_GUARD,1,projected_saved_draft_candidate_at_or_after_rejection,1.0,AT_GUARD,True,4,4,3,NNB→JKB
FLORES,P1,161,1,2,ALL_MORPH_BOUNDARY_GUARD,1,projected_saved_draft_candidate_at_or_after_rejection,4.0,AFTER_GUARD,True,4,4,3,JKB→JX
FLORES,P1,161,4,12,ALL_MORPH_BOUNDARY_GUARD,2,projected_saved_draft_candidate_at_or_after_rejection,3.0,AFTER_GUARD,True,4,3,2,JKB→JX
FLORES,P1,161,5,15,ALL_MORPH_BOUNDARY_GUARD,3,projected_saved_draft_candidate_at_or_after_rejection,1.0,BEFORE_GUARD,False,4,2,1,SF→SSC
FLORES,P1,161,6,16,ALL_MORPH_BOUNDARY_GUARD,3,projected_saved_draft_candidate_at_or_after_rejection,2.0,BEFORE_GUARD,False,4,2,1,SF→SSC
FLORES,P1,161,7,18,ALL_MORPH_BOUNDARY_GUARD,1,saved_H3_exact_target_token,,NO_REJECTION,True,2,2,1,SF→SSC
FLORES,P1,162,0,0,ALL_MORPH_BOUNDARY_GUARD,3,projected_saved_draft_candidate_at_or_after_rejection,1.0,BEFORE_GUARD,False,4,2,1,XSN→JKG
FLORES,P1,162,1,1,ALL_MORPH_BOUNDARY_GUARD,1,saved_H3_exact_target_token,,NO_REJECTION,True,4,4,3,XSN→JKG
FLORES,P1,162,11,19,ALL_MORPH_BOUNDARY_GUARD,2,projected_saved_draft_candidate_at_or_after_rejection,1.0,BEFORE_GUARD,False,4,3,2,XSN→JKB
FLORES,P1,162,13,22,ALL_MORPH_BOUNDARY_GUARD,1,projected_saved_draft_candidate_at_or_after_rejection,2.0,AFTER_GUARD,True,4,4,3,XSV→ETM
FLORES,P1,162,19,38,ALL_MORPH_BOUNDARY_GUARD,2,projected_saved_draft_candidate_at_or_after_rejection,2.0,AT_GUARD,True,4,3,2,XSN→JX
FLORES,P1,162,25,52,NP_BOUNDARY_GUARD,1,projected_saved_draft_candidate_at_or_after_rejection,1.0,AT_GUARD,True,4,4,3,NNB→JX
FLORES,P1,162,25,52,ALL_MORPH_BOUNDARY_GUARD,1,projected_saved_draft_candidate_at_or_after_rejection,1.0,AT_GUARD,True,4,4,3,NNB→JX
FLORES,P1,162,55,106,NP_BOUNDARY_GUARD,3,projected_saved_draft_candidate_at_or_after_rejection,1.0,BEFORE_GUARD,False,4,2,1,NNB→JKB
FLORES,P1,162,55,106,ALL_MORPH_BOUNDARY_GUARD,3,projected_saved_draft_candidate_at_or_after_rejection,1.0,BEFORE_GUARD,False,4,2,1,NNB→JKB
FLORES,P1,163,1,1,ALL_MORPH_BOUNDARY_GUARD,3,saved_H3_exact_target_token,,NO_REJECTION,True,4,2,1,JKB→JX
FLORES,P1,163,8,23,ALL_MORPH_BOUNDARY_GUARD,2,projected_saved_draft_candidate_at_or_after_rejection,1.0,BEFORE_GUARD,False,4,3,2,XSN→JX
FLORES,P1,165,3,9,ALL_MORPH_BOUNDARY_GUARD,3,projected_saved_draft_candidate_at_or_after_rejection,2.0,BEFORE_GUARD,False,4,2,1,XSN→JKB
FLORES,P1,165,5,13,ALL_MORPH_BOUNDARY_GUARD,3,saved_H3_exact_target_token,,NO_REJECTION,True,4,2,1,XSA→EC
FLORES,P1,166,23,63,ALL_MORPH_BOUNDARY_GUARD,2,projected_saved_draft_candidate_at_or_after_rejection,3.0,AFTER_GUARD,True,4,3,2,VA→EC
FLORES,P1,167,2,3,ALL_MORPH_BOUNDARY_GUARD,1,saved_H3_exact_target_token,,NO_REJECTION,True,4,4,3,XSN→JX
FLORES,P1,167,6,14,ALL_MORPH_BOUNDARY_GUARD,1,projected_saved_draft_candidate_at_or_after_rejection,1.0,AT_GUARD,True,4,4,3,VA→EF
FLORES,P1,167,10,21,ALL_MORPH_BOUNDARY_GUARD,2,projected_saved_draft_candidate_at_or_after_rejection,3.0,AFTER_GUARD,True,4,3,2,JKB→JX
FLORES,P1,167,12,26,ALL_MORPH_BOUNDARY_GUARD,1,projected_saved_draft_candidate_at_or_after_rejection,2.0,AFTER_GUARD,True,4,4,3,XSN→JKS
FLORES,P1,167,19,39,NP_BOUNDARY_GUARD,2,projected_saved_draft_candidate_at_or_after_rejection,1.0,BEFORE_GUARD,False,4,3,2,NNB→JKO
FLORES,P1,167,19,39,ALL_MORPH_BOUNDARY_GUARD,1,projected_saved_draft_candidate_at_or_after_rejection,1.0,AT_GUARD,True,4,4,3,XSV→ETM
FLORES,P1,169,16,37,ALL_MORPH_BOUNDARY_GUARD,1,projected_saved_draft_candidate_at_or_after_rejection,1.0,AT_GUARD,True,4,4,3,VA→EC
FLORES,P1,169,18,40,ALL_MORPH_BOUNDARY_GUARD,3,projected_saved_draft_candidate_at_or_after_rejection,1.0,BEFORE_GUARD,False,4,2,1,XSV→EC
FLORES,P1,169,19,41,ALL_MORPH_BOUNDARY_GUARD,3,projected_saved_draft_candidate_at_or_after_rejection,1.0,BEFORE_GUARD,False,4,2,1,XSV→EC
FLORES,P1,169,20,42,ALL_MORPH_BOUNDARY_GUARD,2,projected_saved_draft_candidate_at_or_after_rejection,1.0,BEFORE_GUARD,False,4,3,2,VA→ETM
FLORES,P1,171,2,3,ALL_MORPH_BOUNDARY_GUARD,1,projected_saved_draft_candidate_at_or_after_rejection,1.0,AT_GUARD,True,4,4,3,JKB→JX
FLORES,P1,171,10,26,ALL_MORPH_BOUNDARY_GUARD,2,saved_H3_exact_target_token,,NO_REJECTION,True,4,3,2,XSV→EP
FLORES,P1,171,15,42,NP_BOUNDARY_GUARD,1,projected_saved_draft_candidate_at_or_after_rejection,4.0,AFTER_GUARD,True,4,4,3,NNG→JKO
FLORES,P1,171,15,42,ALL_MORPH_BOUNDARY_GUARD,1,projected_saved_draft_candidate_at_or_after_rejection,4.0,AFTER_GUARD,True,4,4,3,NNG→JKO
FLORES,P1,171,17,47,ALL_MORPH_BOUNDARY_GUARD,1,saved_H3_exact_target_token,,NO_REJECTION,True,3,3,2,EP→EF
FLORES,P1,172,12,29,ALL_MORPH_BOUNDARY_GUARD,2,projected_saved_draft_candidate_at_or_after_rejection,1.0,BEFORE_GUARD,False,4,3,2,SO→SL
FLORES,P1,172,24,65,ALL_MORPH_BOUNDARY_GUARD,3,saved_H3_exact_target_token,,NO_REJECTION,True,4,2,1,SSC→SF
FLORES,P1,172,34,104,ALL_MORPH_BOUNDARY_GUARD,1,saved_H3_exact_target_token,,NO_REJECTION,True,4,4,3,SSC→SF
FLORES,P1,174,9,22,NP_BOUNDARY_GUARD,1,projected_saved_draft_candidate_at_or_after_rejection,2.0,AFTER_GUARD,True,4,4,3,NNB→JKB
FLORES,P1,174,9,22,ALL_MORPH_BOUNDARY_GUARD,1,projected_saved_draft_candidate_at_or_after_rejection,2.0,AFTER_GUARD,True,4,4,3,NNB→JKB
FLORES,P1,175,15,27,ALL_MORPH_BOUNDARY_GUARD,1,projected_saved_draft_candidate_at_or_after_rejection,1.0,AT_GUARD,True,4,4,3,XSN→JX
FLORES,P1,176,4,7,ALL_MORPH_BOUNDARY_GUARD,3,saved_H3_exact_target_token,,NO_REJECTION,True,4,2,1,XSN→JX
FLORES,P1,179,3,9,ALL_MORPH_BOUNDARY_GUARD,2,saved_H3_exact_target_token,,NO_REJECTION,True,4,3,2,SO→SL
FLORES,P1,180,2,5,NP_BOUNDARY_GUARD,1,projected_saved_draft_candidate_at_or_after_rejection,2.0,AFTER_GUARD,True,4,4,3,NNG→JX
FLORES,P1,180,2,5,ALL_MORPH_BOUNDARY_GUARD,1,projected_saved_draft_candidate_at_or_after_rejection,2.0,AFTER_GUARD,True,4,4,3,NNG→JX
FLORES,P1,182,9,16,ALL_MORPH_BOUNDARY_GUARD,2,projected_saved_draft_candidate_at_or_after_rejection,1.0,BEFORE_GUARD,False,4,3,2,XSN→JKB
FLORES,P1,183,19,31,NP_BOUNDARY_GUARD,2,projected_saved_draft_candidate_at_or_after_rejection,1.0,BEFORE_GUARD,False,4,3,2,NNB→JKB
FLORES,P1,183,19,31,ALL_MORPH_BOUNDARY_GUARD,1,projected_saved_draft_candidate_at_or_after_rejection,1.0,AT_GUARD,True,4,4,3,VA→ETM
FLORES,P1,183,20,32,ALL_MORPH_BOUNDARY_GUARD,2,saved_H3_exact_target_token,,NO_REJECTION,True,4,3,2,XSV→EC
FLORES,P1,185,9,14,ALL_MORPH_BOUNDARY_GUARD,2,projected_saved_draft_candidate_at_or_after_rejection,2.0,AT_GUARD,True,4,3,2,XSV→ETM
FLORES,P1,186,7,14,ALL_MORPH_BOUNDARY_GUARD,2,projected_saved_draft_candidate_at_or_after_rejection,4.0,AFTER_GUARD,True,4,3,2,NNB→XSN
FLORES,P1,187,8,21,ALL_MORPH_BOUNDARY_GUARD,3,projected_saved_draft_candidate_at_or_after_rejection,1.0,BEFORE_GUARD,False,4,2,1,XSV→EC
FLORES,P1,187,9,22,ALL_MORPH_BOUNDARY_GUARD,1,saved_H3_exact_target_token,,NO_REJECTION,True,4,4,3,XSV→EC
FLORES,P1,188,15,32,ALL_MORPH_BOUNDARY_GUARD,1,projected_saved_draft_candidate_at_or_after_rejection,2.0,AFTER_GUARD,True,4,4,3,XSN→JKB
FLORES,P1,189,9,19,ALL_MORPH_BOUNDARY_GUARD,3,projected_saved_draft_candidate_at_or_after_rejection,2.0,BEFORE_GUARD,False,4,2,1,XSA→EC
FLORES,P1,189,10,21,ALL_MORPH_BOUNDARY_GUARD,2,projected_saved_draft_candidate_at_or_after_rejection,2.0,AT_GUARD,True,4,3,2,VCP→EC
FLORES,P1,189,14,33,ALL_MORPH_BOUNDARY_GUARD,1,saved_H3_exact_target_token,,NO_REJECTION,True,4,4,3,VA→EF
FLORES,P1,190,19,41,ALL_MORPH_BOUNDARY_GUARD,2,projected_saved_draft_candidate_at_or_after_rejection,2.0,AT_GUARD,True,4,3,2,XSV→ETM
FLORES,P1,191,1,1,ALL_MORPH_BOUNDARY_GUARD,1,projected_saved_draft_candidate_at_or_after_rejection,3.0,AFTER_GUARD,True,4,4,3,XSN→JKB
FLORES,P1,191,3,5,ALL_MORPH_BOUNDARY_GUARD,2,projected_saved_draft_candidate_at_or_after_rejection,3.0,AFTER_GUARD,True,4,3,2,XSN→JX
FLORES,P1,191,17,33,NP_BOUNDARY_GUARD,3,projected_saved_draft_candidate_at_or_after_rejection,1.0,BEFORE_GUARD,False,4,2,1,NNB→JKO
FLORES,P1,191,17,33,ALL_MORPH_BOUNDARY_GUARD,2,projected_saved_draft_candidate_at_or_after_rejection,1.0,BEFORE_GUARD,False,4,3,2,VV→ETM
FLORES,P1,191,18,34,ALL_MORPH_BOUNDARY_GUARD,1,projected_saved_draft_candidate_at_or_after_rejection,1.0,AT_GUARD,True,4,4,3,XSV→ETN
FLORES,P1,192,5,6,ALL_MORPH_BOUNDARY_GUARD,2,projected_saved_draft_candidate_at_or_after_rejection,2.0,AT_GUARD,True,4,3,2,XSN→JX
FLORES,P1,193,22,45,ALL_MORPH_BOUNDARY_GUARD,1,projected_saved_draft_candidate_at_or_after_rejection,1.0,AT_GUARD,True,4,4,3,XSV→ETM
FLORES,P1,193,31,60,ALL_MORPH_BOUNDARY_GUARD,2,projected_saved_draft_candidate_at_or_after_rejection,2.0,AT_GUARD,True,4,3,2,SO→SL
FLORES,P1,193,35,72,ALL_MORPH_BOUNDARY_GUARD,1,saved_H3_exact_target_token,,NO_REJECTION,True,4,4,3,SL→SL
FLORES,P1,193,47,118,ALL_MORPH_BOUNDARY_GUARD,1,projected_saved_draft_candidate_at_or_after_rejection,4.0,AFTER_GUARD,True,4,4,3,SL→SL
FLORES,P1,194,7,17,ALL_MORPH_BOUNDARY_GUARD,3,saved_H3_exact_target_token,,NO_REJECTION,True,4,2,1,XSV→EC
FLORES,P1,196,11,23,ALL_MORPH_BOUNDARY_GUARD,3,projected_saved_draft_candidate_at_or_after_rejection,2.0,BEFORE_GUARD,False,4,2,1,XSV→EC
FLORES,P1,196,12,25,ALL_MORPH_BOUNDARY_GUARD,1,projected_saved_draft_candidate_at_or_after_rejection,2.0,AFTER_GUARD,True,4,4,3,XSV→EP
FLORES,P1,197,12,25,ALL_MORPH_BOUNDARY_GUARD,1,projected_saved_draft_candidate_at_or_after_rejection,2.0,AFTER_GUARD,True,4,4,3,SSO→SSO
FLORES,P1,197,18,37,ALL_MORPH_BOUNDARY_GUARD,3,projected_saved_draft_candidate_at_or_after_rejection,1.0,BEFORE_GUARD,False,4,2,1,XSV→EC
FLORES,P1,197,19,38,ALL_MORPH_BOUNDARY_GUARD,3,saved_H3_exact_target_token,,NO_REJECTION,True,4,2,1,XSV→EC
FLORES,P1,197,27,53,ALL_MORPH_BOUNDARY_GUARD,3,projected_saved_draft_candidate_at_or_after_rejection,3.0,AT_GUARD,True,4,2,1,XSV→EC
FLORES,P1,197,29,57,ALL_MORPH_BOUNDARY_GUARD,1,projected_saved_draft_candidate_at_or_after_rejection,3.0,AFTER_GUARD,True,4,4,3,XSV→EC
FLORES,P1,197,31,64,ALL_MORPH_BOUNDARY_GUARD,2,projected_saved_draft_candidate_at_or_after_rejection,2.0,AT_GUARD,True,4,3,2,SO→SL
FLORES,P1,197,45,106,ALL_MORPH_BOUNDARY_GUARD,3,projected_saved_draft_candidate_at_or_after_rejection,3.0,AT_GUARD,True,4,2,1,SF→SSC
FLORES,P1,197,48,117,ALL_MORPH_BOUNDARY_GUARD,3,saved_H3_exact_target_token,,NO_REJECTION,True,4,2,1,SL→SL
FLORES,P1,198,15,34,ALL_MORPH_BOUNDARY_GUARD,2,projected_saved_draft_candidate_at_or_after_rejection,2.0,AT_GUARD,True,4,3,2,EP→EF
FLORES,P1,198,25,57,ALL_MORPH_BOUNDARY_GUARD,3,projected_saved_draft_candidate_at_or_after_rejection,3.0,AT_GUARD,True,4,2,1,XSV→ETM
FLORES,P1,199,12,28,NP_BOUNDARY_GUARD,2,projected_saved_draft_candidate_at_or_after_rejection,3.0,AFTER_GUARD,True,4,3,2,NNG→JX
FLORES,P1,199,12,28,ALL_MORPH_BOUNDARY_GUARD,2,projected_saved_draft_candidate_at_or_after_rejection,3.0,AFTER_GUARD,True,4,3,2,NNG→JX
FLORES,P1,200,5,14,ALL_MORPH_BOUNDARY_GUARD,3,projected_saved_draft_candidate_at_or_after_rejection,1.0,BEFORE_GUARD,False,4,2,1,VA→ETM
FLORES,P1,200,6,15,ALL_MORPH_BOUNDARY_GUARD,2,projected_saved_draft_candidate_at_or_after_rejection,3.0,AFTER_GUARD,True,4,3,2,VA→ETM
FLORES,P1,201,0,0,ALL_MORPH_BOUNDARY_GUARD,2,projected_saved_draft_candidate_at_or_after_rejection,1.0,BEFORE_GUARD,False,4,3,2,XSN→JX
FLORES,P1,201,29,53,ALL_MORPH_BOUNDARY_GUARD,2,projected_saved_draft_candidate_at_or_after_rejection,2.0,AT_GUARD,True,4,3,2,VA→ETM
FLORES,P1,204,18,38,ALL_MORPH_BOUNDARY_GUARD,1,saved_H3_exact_target_token,,NO_REJECTION,True,4,4,3,SO→SL
FLORES,P1,204,26,58,ALL_MORPH_BOUNDARY_GUARD,1,saved_H3_exact_target_token,,NO_REJECTION,True,4,4,3,SO→SL
FLORES,P1,204,36,78,ALL_MORPH_BOUNDARY_GUARD,1,saved_H3_exact_target_token,,NO_REJECTION,True,4,4,3,SO→SL
FLORES,P1,205,21,45,ALL_MORPH_BOUNDARY_GUARD,1,projected_saved_draft_candidate_at_or_after_rejection,1.0,AT_GUARD,True,4,4,3,ETN→JKO
FLORES,P1,206,4,13,ALL_MORPH_BOUNDARY_GUARD,3,projected_saved_draft_candidate_at_or_after_rejection,1.0,BEFORE_GUARD,False,4,2,1,XSN→JKB
FLORES,P1,206,5,14,ALL_MORPH_BOUNDARY_GUARD,2,projected_saved_draft_candidate_at_or_after_rejection,3.0,AFTER_GUARD,True,4,3,2,XSA→EC
FLORES,P1,206,6,17,ALL_MORPH_BOUNDARY_GUARD,2,saved_H3_exact_target_token,,NO_REJECTION,True,4,3,2,XSV→EC
FLORES,P1,207,13,30,ALL_MORPH_BOUNDARY_GUARD,2,saved_H3_exact_target_token,,NO_REJECTION,True,4,3,2,VX→EP
FLORES,P1,208,16,28,ALL_MORPH_BOUNDARY_GUARD,2,saved_H3_exact_target_token,,NO_REJECTION,True,4,3,2,XSV→EC
FLORES,P1,208,27,54,NP_BOUNDARY_GUARD,2,projected_saved_draft_candidate_at_or_after_rejection,1.0,BEFORE_GUARD,False,4,3,2,NNB→JKO
FLORES,P1,208,27,54,ALL_MORPH_BOUNDARY_GUARD,2,projected_saved_draft_candidate_at_or_after_rejection,1.0,BEFORE_GUARD,False,4,3,2,NNB→JKO
FLORES,P1,208,28,55,NP_BOUNDARY_GUARD,2,projected_saved_draft_candidate_at_or_after_rejection,1.0,BEFORE_GUARD,False,4,3,2,NNB→JKO
FLORES,P1,208,28,55,ALL_MORPH_BOUNDARY_GUARD,2,projected_saved_draft_candidate_at_or_after_rejection,1.0,BEFORE_GUARD,False,4,3,2,NNB→JKO
FLORES,P1,209,19,36,NP_BOUNDARY_GUARD,1,projected_saved_draft_candidate_at_or_after_rejection,3.0,AFTER_GUARD,True,4,4,3,NNB→JKB
FLORES,P1,209,19,36,ALL_MORPH_BOUNDARY_GUARD,1,projected_saved_draft_candidate_at_or_after_rejection,3.0,AFTER_GUARD,True,4,4,3,NNB→JKB
FLORES,P1,209,22,41,ALL_MORPH_BOUNDARY_GUARD,2,projected_saved_draft_candidate_at_or_after_rejection,1.0,BEFORE_GUARD,False,4,3,2,SO→SL
FLORES,P1,209,37,89,ALL_MORPH_BOUNDARY_GUARD,3,saved_H3_exact_target_token,,NO_REJECTION,True,4,2,1,SP→SSC
FLORES,P1,209,42,107,ALL_MORPH_BOUNDARY_GUARD,1,saved_H3_exact_target_token,,NO_REJECTION,True,4,4,3,SF→SSC
FLORES,P1,209,44,115,ALL_MORPH_BOUNDARY_GUARD,3,saved_H3_exact_target_token,,NO_REJECTION,True,4,2,1,XSN→JKS
FLORES,P1,210,17,33,ALL_MORPH_BOUNDARY_GUARD,1,projected_saved_draft_candidate_at_or_after_rejection,1.0,AT_GUARD,True,4,4,3,SO→SL
FLORES,P1,210,20,42,ALL_MORPH_BOUNDARY_GUARD,1,projected_saved_draft_candidate_at_or_after_rejection,4.0,AFTER_GUARD,True,4,4,3,SL→SL
FLORES,P1,210,32,86,ALL_MORPH_BOUNDARY_GUARD,2,saved_H3_exact_target_token,,NO_REJECTION,True,4,3,2,SL→SL
FLORES,P1,211,1,1,NP_BOUNDARY_GUARD,2,projected_saved_draft_candidate_at_or_after_rejection,3.0,AFTER_GUARD,True,4,3,2,NNG→JX
FLORES,P1,211,1,1,ALL_MORPH_BOUNDARY_GUARD,2,projected_saved_draft_candidate_at_or_after_rejection,3.0,AFTER_GUARD,True,4,3,2,NNG→JX
FLORES,P1,212,8,27,ALL_MORPH_BOUNDARY_GUARD,3,projected_saved_draft_candidate_at_or_after_rejection,4.0,AFTER_GUARD,True,4,2,1,XSV→EC
FLORES,P1,212,11,36,NP_BOUNDARY_GUARD,3,projected_saved_draft_candidate_at_or_after_rejection,3.0,AT_GUARD,True,4,2,1,NNB→JKO
FLORES,P1,212,11,36,ALL_MORPH_BOUNDARY_GUARD,2,projected_saved_draft_candidate_at_or_after_rejection,3.0,AFTER_GUARD,True,4,3,2,VA→ETM
FLORES,P1,212,13,42,ALL_MORPH_BOUNDARY_GUARD,2,projected_saved_draft_candidate_at_or_after_rejection,2.0,AT_GUARD,True,4,3,2,XSV→ETN
FLORES,P1,217,3,9,NP_BOUNDARY_GUARD,2,projected_saved_draft_candidate_at_or_after_rejection,2.0,AT_GUARD,True,4,3,2,NNG→JKO
FLORES,P1,217,3,9,ALL_MORPH_BOUNDARY_GUARD,2,projected_saved_draft_candidate_at_or_after_rejection,2.0,AT_GUARD,True,4,3,2,NNG→JKO
FLORES,P1,218,2,2,ALL_MORPH_BOUNDARY_GUARD,2,projected_saved_draft_candidate_at_or_after_rejection,1.0,BEFORE_GUARD,False,4,3,2,XSN→JX
FLORES,P1,218,3,3,ALL_MORPH_BOUNDARY_GUARD,2,projected_saved_draft_candidate_at_or_after_rejection,2.0,AT_GUARD,True,4,3,2,XSN→JX
FLORES,P1,218,5,6,NP_BOUNDARY_GUARD,2,saved_H3_exact_target_token,,NO_REJECTION,True,4,3,2,NNG→JKS
FLORES,P1,218,5,6,ALL_MORPH_BOUNDARY_GUARD,2,saved_H3_exact_target_token,,NO_REJECTION,True,4,3,2,NNG→JKS
FLORES,P1,218,14,23,NP_BOUNDARY_GUARD,3,projected_saved_draft_candidate_at_or_after_rejection,2.0,BEFORE_GUARD,False,4,2,1,NNG→JKB
FLORES,P1,218,14,23,ALL_MORPH_BOUNDARY_GUARD,3,projected_saved_draft_candidate_at_or_after_rejection,2.0,BEFORE_GUARD,False,4,2,1,NNG→JKB
FLORES,P1,219,4,10,NP_BOUNDARY_GUARD,2,projected_saved_draft_candidate_at_or_after_rejection,2.0,AT_GUARD,True,4,3,2,NNG→JKS
FLORES,P1,219,4,10,ALL_MORPH_BOUNDARY_GUARD,2,projected_saved_draft_candidate_at_or_after_rejection,2.0,AT_GUARD,True,4,3,2,NNG→JKS
FLORES,P1,219,17,31,ALL_MORPH_BOUNDARY_GUARD,1,projected_saved_draft_candidate_at_or_after_rejection,1.0,AT_GUARD,True,4,4,3,XSV→EC
FLORES,P1,220,5,9,ALL_MORPH_BOUNDARY_GUARD,1,projected_saved_draft_candidate_at_or_after_rejection,2.0,AFTER_GUARD,True,4,4,3,XSV→ETM
FLORES,P1,220,12,30,ALL_MORPH_BOUNDARY_GUARD,3,projected_saved_draft_candidate_at_or_after_rejection,1.0,BEFORE_GUARD,False,4,2,1,VA→ETM
FLORES,P1,220,15,34,ALL_MORPH_BOUNDARY_GUARD,3,saved_H3_exact_target_token,,NO_REJECTION,True,4,2,1,VX→EC
FLORES,P1,220,20,45,NP_BOUNDARY_GUARD,3,projected_saved_draft_candidate_at_or_after_rejection,2.0,BEFORE_GUARD,False,4,2,1,NNB→JKB
FLORES,P1,220,20,45,ALL_MORPH_BOUNDARY_GUARD,3,projected_saved_draft_candidate_at_or_after_rejection,2.0,BEFORE_GUARD,False,4,2,1,NNB→JKB
FLORES,P1,221,4,6,NP_BOUNDARY_GUARD,3,saved_H3_exact_target_token,,NO_REJECTION,True,4,2,1,NNG→JKS
FLORES,P1,221,4,6,ALL_MORPH_BOUNDARY_GUARD,3,saved_H3_exact_target_token,,NO_REJECTION,True,4,2,1,NNG→JKS
FLORES,P1,221,6,14,ALL_MORPH_BOUNDARY_GUARD,1,projected_saved_draft_candidate_at_or_after_rejection,1.0,AT_GUARD,True,3,3,2,EP→EF
FLORES,P1,221,7,15,ALL_MORPH_BOUNDARY_GUARD,2,saved_H3_exact_target_token,,NO_REJECTION,True,4,3,2,EP→EF
FLORES,P1,222,8,20,ALL_MORPH_BOUNDARY_GUARD,1,saved_H3_exact_target_token,,NO_REJECTION,True,4,4,3,XSV→EC
FLORES,P1,223,14,34,ALL_MORPH_BOUNDARY_GUARD,2,projected_saved_draft_candidate_at_or_after_rejection,1.0,BEFORE_GUARD,False,4,3,2,SO→SL
FLORES,P1,223,21,53,ALL_MORPH_BOUNDARY_GUARD,1,saved_H3_exact_target_token,,NO_REJECTION,True,4,4,3,SL→SL
FLORES,P1,223,24,64,ALL_MORPH_BOUNDARY_GUARD,3,projected_saved_draft_candidate_at_or_after_rejection,3.0,AT_GUARD,True,4,2,1,SSC→SF
FLORES,P1,223,25,67,ALL_MORPH_BOUNDARY_GUARD,2,saved_H3_exact_target_token,,NO_REJECTION,True,4,3,2,SL→SL
FLORES,P1,223,35,104,ALL_MORPH_BOUNDARY_GUARD,2,saved_H3_exact_target_token,,NO_REJECTION,True,4,3,2,SL→SL
FLORES,P1,224,0,0,ALL_MORPH_BOUNDARY_GUARD,1,projected_saved_draft_candidate_at_or_after_rejection,1.0,AT_GUARD,True,4,4,3,VA→ETM
FLORES,P1,224,12,23,ALL_MORPH_BOUNDARY_GUARD,3,projected_saved_draft_candidate_at_or_after_rejection,4.0,AFTER_GUARD,True,4,2,1,XSV→EC
FLORES,P1,224,15,30,ALL_MORPH_BOUNDARY_GUARD,2,saved_H3_exact_target_token,,NO_REJECTION,True,4,3,2,XSV→EC
FLORES,P1,225,2,2,ALL_MORPH_BOUNDARY_GUARD,3,projected_saved_draft_candidate_at_or_after_rejection,1.0,BEFORE_GUARD,False,4,2,1,NNG→VV
FLORES,P1,226,13,29,ALL_MORPH_BOUNDARY_GUARD,1,projected_saved_draft_candidate_at_or_after_rejection,1.0,AT_GUARD,True,3,3,2,EP→EF
FLORES,P1,227,0,0,ALL_MORPH_BOUNDARY_GUARD,2,projected_saved_draft_candidate_at_or_after_rejection,1.0,BEFORE_GUARD,False,4,3,2,XSN→JX
FLORES,P1,227,1,1,ALL_MORPH_BOUNDARY_GUARD,1,saved_H3_exact_target_token,,NO_REJECTION,True,4,4,3,XSN→JX
FLORES,P1,227,12,29,NP_BOUNDARY_GUARD,1,projected_saved_draft_candidate_at_or_after_rejection,2.0,AFTER_GUARD,True,4,4,3,NNG→JKO
FLORES,P1,227,12,29,ALL_MORPH_BOUNDARY_GUARD,1,projected_saved_draft_candidate_at_or_after_rejection,2.0,AFTER_GUARD,True,4,4,3,NNG→JKO
FLORES,P1,228,16,37,ALL_MORPH_BOUNDARY_GUARD,2,projected_saved_draft_candidate_at_or_after_rejection,1.0,BEFORE_GUARD,False,4,3,2,XSV→EC
FLORES,P1,228,19,42,ALL_MORPH_BOUNDARY_GUARD,2,projected_saved_draft_candidate_at_or_after_rejection,2.0,AT_GUARD,True,4,3,2,SO→SL
FLORES,P1,228,22,52,ALL_MORPH_BOUNDARY_GUARD,1,projected_saved_draft_candidate_at_or_after_rejection,4.0,AFTER_GUARD,True,4,4,3,SL→SL
FLORES,P1,229,19,42,ALL_MORPH_BOUNDARY_GUARD,2,saved_H3_exact_target_token,,NO_REJECTION,True,4,3,2,EP→EF
FLORES,P1,232,4,7,ALL_MORPH_BOUNDARY_GUARD,2,projected_saved_draft_candidate_at_or_after_rejection,3.0,AFTER_GUARD,True,4,3,2,XSN→JKS
FLORES,P1,235,11,25,ALL_MORPH_BOUNDARY_GUARD,3,projected_saved_draft_candidate_at_or_after_rejection,1.0,BEFORE_GUARD,False,4,2,1,VV→EC
FLORES,P1,235,20,47,ALL_MORPH_BOUNDARY_GUARD,1,projected_saved_draft_candidate_at_or_after_rejection,2.0,AFTER_GUARD,True,4,4,3,XSV→ETM
FLORES,P1,238,7,14,NP_BOUNDARY_GUARD,1,projected_saved_draft_candidate_at_or_after_rejection,1.0,AT_GUARD,True,4,4,3,NNG→JKS
FLORES,P1,238,7,14,ALL_MORPH_BOUNDARY_GUARD,1,projected_saved_draft_candidate_at_or_after_rejection,1.0,AT_GUARD,True,4,4,3,NNG→JKS
FLORES,P1,238,12,22,ALL_MORPH_BOUNDARY_GUARD,2,projected_saved_draft_candidate_at_or_after_rejection,1.0,BEFORE_GUARD,False,4,3,2,XSV→EC
FLORES,P1,238,17,33,ALL_MORPH_BOUNDARY_GUARD,2,projected_saved_draft_candidate_at_or_after_rejection,2.0,AT_GUARD,True,4,3,2,XSN→JKB
FLORES,P1,238,18,35,ALL_MORPH_BOUNDARY_GUARD,1,saved_H3_exact_target_token,,NO_REJECTION,True,4,4,3,XSV→ETM
FLORES,P1,241,14,24,ALL_MORPH_BOUNDARY_GUARD,3,projected_saved_draft_candidate_at_or_after_rejection,2.0,BEFORE_GUARD,False,4,2,1,VA→EP
FLORES,P1,242,25,43,NP_BOUNDARY_GUARD,2,projected_saved_draft_candidate_at_or_after_rejection,1.0,BEFORE_GUARD,False,4,3,2,NNG→JKO
FLORES,P1,242,25,43,ALL_MORPH_BOUNDARY_GUARD,2,projected_saved_draft_candidate_at_or_after_rejection,1.0,BEFORE_GUARD,False,4,3,2,NNG→JKO
FLORES,P1,242,26,44,NP_BOUNDARY_GUARD,2,projected_saved_draft_candidate_at_or_after_rejection,4.0,AFTER_GUARD,True,4,3,2,NNG→JKO
FLORES,P1,242,26,44,ALL_MORPH_BOUNDARY_GUARD,2,projected_saved_draft_candidate_at_or_after_rejection,4.0,AFTER_GUARD,True,4,3,2,NNG→JKO
FLORES,P1,243,5,13,ALL_MORPH_BOUNDARY_GUARD,3,projected_saved_draft_candidate_at_or_after_rejection,4.0,AFTER_GUARD,True,4,2,1,SP→SSC
FLORES,P1,244,12,24,NP_BOUNDARY_GUARD,3,projected_saved_draft_candidate_at_or_after_rejection,1.0,BEFORE_GUARD,False,4,2,1,NNB→JKO
FLORES,P1,244,12,24,ALL_MORPH_BOUNDARY_GUARD,3,projected_saved_draft_candidate_at_or_after_rejection,1.0,BEFORE_GUARD,False,4,2,1,NNB→JKO
FLORES,P1,244,13,25,ALL_MORPH_BOUNDARY_GUARD,2,saved_H3_exact_target_token,,NO_REJECTION,True,3,2,1,SF→SSC
FLORES,P1,245,16,26,ALL_MORPH_BOUNDARY_GUARD,2,projected_saved_draft_candidate_at_or_after_rejection,2.0,AT_GUARD,True,4,3,2,XSV→ETM
FLORES,P1,246,18,46,ALL_MORPH_BOUNDARY_GUARD,1,saved_H3_exact_target_token,,NO_REJECTION,True,4,4,3,XSN→JX
FLORES,P1,246,20,54,ALL_MORPH_BOUNDARY_GUARD,2,saved_H3_exact_target_token,,NO_REJECTION,True,4,3,2,XSN→JX
FLORES,P1,246,22,62,ALL_MORPH_BOUNDARY_GUARD,3,saved_H3_exact_target_token,,NO_REJECTION,True,4,2,1,XSN→JX
FLORES,P1,246,27,82,ALL_MORPH_BOUNDARY_GUARD,1,saved_H3_exact_target_token,,NO_REJECTION,True,4,4,3,XSN→JX
FLORES,P1,246,29,90,ALL_MORPH_BOUNDARY_GUARD,2,saved_H3_exact_target_token,,NO_REJECTION,True,4,3,2,XSN→JX
FLORES,P1,246,31,98,ALL_MORPH_BOUNDARY_GUARD,3,saved_H3_exact_target_token,,NO_REJECTION,True,4,2,1,XSN→JX
FLORES,P1,246,36,118,ALL_MORPH_BOUNDARY_GUARD,1,saved_H3_exact_target_token,,NO_REJECTION,True,4,4,3,XSN→JX
FLORES,P1,247,13,29,NP_BOUNDARY_GUARD,1,projected_saved_draft_candidate_at_or_after_rejection,1.0,AT_GUARD,True,4,4,3,NP→JKS
FLORES,P1,247,13,29,ALL_MORPH_BOUNDARY_GUARD,1,projected_saved_draft_candidate_at_or_after_rejection,1.0,AT_GUARD,True,4,4,3,NP→JKS
FLORES,P1,247,15,31,ALL_MORPH_BOUNDARY_GUARD,1,projected_saved_draft_candidate_at_or_after_rejection,3.0,AFTER_GUARD,True,4,4,3,XSV→ETM
FLORES,P1,247,25,51,ALL_MORPH_BOUNDARY_GUARD,3,projected_saved_draft_candidate_at_or_after_rejection,4.0,AFTER_GUARD,True,4,2,1,SF→SSC
FLORES,P1,248,1,4,ALL_MORPH_BOUNDARY_GUARD,1,projected_saved_draft_candidate_at_or_after_rejection,1.0,AT_GUARD,True,4,4,3,JKB→JX
FLORES,P1,248,10,30,ALL_MORPH_BOUNDARY_GUARD,1,projected_saved_draft_candidate_at_or_after_rejection,3.0,AFTER_GUARD,True,4,4,3,SP→SL
FLORES,P1,248,17,46,ALL_MORPH_BOUNDARY_GUARD,3,projected_saved_draft_candidate_at_or_after_rejection,1.0,BEFORE_GUARD,False,4,2,1,VA→EC
FLORES,P1,248,35,88,ALL_MORPH_BOUNDARY_GUARD,1,projected_saved_draft_candidate_at_or_after_rejection,2.0,AFTER_GUARD,True,4,4,3,XSN→JX
FLORES,P1,249,13,24,ALL_MORPH_BOUNDARY_GUARD,1,projected_saved_draft_candidate_at_or_after_rejection,1.0,AT_GUARD,True,4,4,3,XSN→JKS
FLORES,P1,249,28,57,ALL_MORPH_BOUNDARY_GUARD,2,projected_saved_draft_candidate_at_or_after_rejection,1.0,BEFORE_GUARD,False,4,3,2,EP→EF
FLORES,P1,250,6,8,ALL_MORPH_BOUNDARY_GUARD,3,projected_saved_draft_candidate_at_or_after_rejection,3.0,AT_GUARD,True,4,2,1,XSV→EC
FLORES,P1,250,8,12,ALL_MORPH_BOUNDARY_GUARD,1,projected_saved_draft_candidate_at_or_after_rejection,2.0,AFTER_GUARD,True,4,4,3,JKB→JX
FLORES,P1,250,13,29,ALL_MORPH_BOUNDARY_GUARD,2,projected_saved_draft_candidate_at_or_after_rejection,3.0,AFTER_GUARD,True,4,3,2,XSN→JKB
FLORES,P1,250,14,32,ALL_MORPH_BOUNDARY_GUARD,2,projected_saved_draft_candidate_at_or_after_rejection,4.0,AFTER_GUARD,True,4,3,2,VCP→EC
FLORES,P1,250,16,38,ALL_MORPH_BOUNDARY_GUARD,2,projected_saved_draft_candidate_at_or_after_rejection,2.0,AT_GUARD,True,4,3,2,SO→SL
FLORES,P1,250,41,117,ALL_MORPH_BOUNDARY_GUARD,2,saved_H3_exact_target_token,,NO_REJECTION,True,4,3,2,SL→SL
FLORES,P1,251,6,16,ALL_MORPH_BOUNDARY_GUARD,3,projected_saved_draft_candidate_at_or_after_rejection,1.0,BEFORE_GUARD,False,4,2,1,VX→EP
FLORES,P1,252,6,14,ALL_MORPH_BOUNDARY_GUARD,2,projected_saved_draft_candidate_at_or_after_rejection,2.0,AT_GUARD,True,4,3,2,VX→EC
FLORES,P1,252,10,26,NP_BOUNDARY_GUARD,3,saved_H3_exact_target_token,,NO_REJECTION,True,4,2,1,NNG→JKO
FLORES,P1,252,10,26,ALL_MORPH_BOUNDARY_GUARD,3,saved_H3_exact_target_token,,NO_REJECTION,True,4,2,1,NNG→JKO
FLORES,P1,252,13,35,ALL_MORPH_BOUNDARY_GUARD,2,projected_saved_draft_candidate_at_or_after_rejection,1.0,BEFORE_GUARD,False,4,3,2,VX→EF
FLORES,P1,253,2,5,ALL_MORPH_BOUNDARY_GUARD,2,projected_saved_draft_candidate_at_or_after_rejection,2.0,AT_GUARD,True,4,3,2,XSV→EP
FLORES,P1,253,15,38,ALL_MORPH_BOUNDARY_GUARD,3,saved_H3_exact_target_token,,NO_REJECTION,True,4,2,1,XSV→EC
FLORES,P1,256,7,18,ALL_MORPH_BOUNDARY_GUARD,1,projected_saved_draft_candidate_at_or_after_rejection,2.0,AFTER_GUARD,True,4,4,3,XSV→EC
FLORES,P1,256,14,35,ALL_MORPH_BOUNDARY_GUARD,3,projected_saved_draft_candidate_at_or_after_rejection,1.0,BEFORE_GUARD,False,4,2,1,ETN→JKO
FLORES,P1,256,15,36,NP_BOUNDARY_GUARD,3,projected_saved_draft_candidate_at_or_after_rejection,2.0,BEFORE_GUARD,False,4,2,1,NNB→JKB
FLORES,P1,256,15,36,ALL_MORPH_BOUNDARY_GUARD,3,projected_saved_draft_candidate_at_or_after_rejection,2.0,BEFORE_GUARD,False,4,2,1,NNB→JKB
FLORES,P1,256,21,50,ALL_MORPH_BOUNDARY_GUARD,3,projected_saved_draft_candidate_at_or_after_rejection,4.0,AFTER_GUARD,True,4,2,1,VX→EP
FLORES,P1,258,3,10,ALL_MORPH_BOUNDARY_GUARD,2,projected_saved_draft_candidate_at_or_after_rejection,3.0,AFTER_GUARD,True,4,3,2,XSV→EC
FLORES,P1,258,4,13,ALL_MORPH_BOUNDARY_GUARD,2,projected_saved_draft_candidate_at_or_after_rejection,2.0,AT_GUARD,True,4,3,2,XSV→ETM
FLORES,P1,258,8,19,ALL_MORPH_BOUNDARY_GUARD,1,projected_saved_draft_candidate_at_or_after_rejection,1.0,AT_GUARD,True,4,4,3,XSN→JX
FLORES,P1,259,0,0,ALL_MORPH_BOUNDARY_GUARD,3,projected_saved_draft_candidate_at_or_after_rejection,2.0,BEFORE_GUARD,False,4,2,1,XSN→JX
FLORES,P1,259,1,2,ALL_MORPH_BOUNDARY_GUARD,1,projected_saved_draft_candidate_at_or_after_rejection,3.0,AFTER_GUARD,True,4,4,3,XSN→JX
FLORES,P1,260,0,0,ALL_MORPH_BOUNDARY_GUARD,2,projected_saved_draft_candidate_at_or_after_rejection,2.0,AT_GUARD,True,4,3,2,XSN→JKG
FLORES,P1,261,0,0,NP_BOUNDARY_GUARD,1,projected_saved_draft_candidate_at_or_after_rejection,1.0,AT_GUARD,True,4,4,3,NP→JX
FLORES,P1,261,0,0,ALL_MORPH_BOUNDARY_GUARD,1,projected_saved_draft_candidate_at_or_after_rejection,1.0,AT_GUARD,True,4,4,3,NP→JX
FLORES,P1,261,2,2,ALL_MORPH_BOUNDARY_GUARD,2,projected_saved_draft_candidate_at_or_after_rejection,1.0,BEFORE_GUARD,False,4,3,2,VV→EC
FLORES,P1,261,3,3,ALL_MORPH_BOUNDARY_GUARD,1,projected_saved_draft_candidate_at_or_after_rejection,1.0,AT_GUARD,True,4,4,3,VV→EC
FLORES,P1,261,4,4,ALL_MORPH_BOUNDARY_GUARD,2,saved_H3_exact_target_token,,NO_REJECTION,True,4,3,2,XSV→EC
FLORES,P1,263,0,0,NP_BOUNDARY_GUARD,3,projected_saved_draft_candidate_at_or_after_rejection,1.0,BEFORE_GUARD,False,4,2,1,NP→JKS
FLORES,P1,263,0,0,ALL_MORPH_BOUNDARY_GUARD,3,projected_saved_draft_candidate_at_or_after_rejection,1.0,BEFORE_GUARD,False,4,2,1,NP→JKS
FLORES,P1,263,4,5,ALL_MORPH_BOUNDARY_GUARD,2,projected_saved_draft_candidate_at_or_after_rejection,1.0,BEFORE_GUARD,False,4,3,2,VX→EP
FLORES,P1,263,8,15,ALL_MORPH_BOUNDARY_GUARD,2,saved_H3_exact_target_token,,NO_REJECTION,True,4,3,2,XSA→EC
FLORES,P1,264,1,3,ALL_MORPH_BOUNDARY_GUARD,2,projected_saved_draft_candidate_at_or_after_rejection,2.0,AT_GUARD,True,4,3,2,XSN→JKO
FLORES,P1,264,2,5,NP_BOUNDARY_GUARD,2,projected_saved_draft_candidate_at_or_after_rejection,1.0,BEFORE_GUARD,False,4,3,2,NP→JKS
FLORES,P1,264,2,5,ALL_MORPH_BOUNDARY_GUARD,2,projected_saved_draft_candidate_at_or_after_rejection,1.0,BEFORE_GUARD,False,4,3,2,NP→JKS
FLORES,P1,264,6,11,ALL_MORPH_BOUNDARY_GUARD,2,projected_saved_draft_candidate_at_or_after_rejection,1.0,BEFORE_GUARD,False,4,3,2,VA-I→EC
FLORES,P1,266,15,46,ALL_MORPH_BOUNDARY_GUARD,2,projected_saved_draft_candidate_at_or_after_rejection,2.0,AT_GUARD,True,4,3,2,XSV→ETM
FLORES,P1,266,19,51,ALL_MORPH_BOUNDARY_GUARD,2,projected_saved_draft_candidate_at_or_after_rejection,1.0,BEFORE_GUARD,False,4,3,2,VV→ETM
FLORES,P1,267,17,35,NP_BOUNDARY_GUARD,3,projected_saved_draft_candidate_at_or_after_rejection,1.0,BEFORE_GUARD,False,4,2,1,NNG→JKB
FLORES,P1,267,17,35,ALL_MORPH_BOUNDARY_GUARD,3,projected_saved_draft_candidate_at_or_after_rejection,1.0,BEFORE_GUARD,False,4,2,1,NNG→JKB
FLORES,P1,268,3,5,ALL_MORPH_BOUNDARY_GUARD,3,projected_saved_draft_candidate_at_or_after_rejection,3.0,AT_GUARD,True,4,2,1,XSV→EC
FLORES,P1,268,20,41,ALL_MORPH_BOUNDARY_GUARD,1,saved_H3_exact_target_token,,NO_REJECTION,True,4,4,3,VCP→EF
FLORES,P1,268,30,70,ALL_MORPH_BOUNDARY_GUARD,3,projected_saved_draft_candidate_at_or_after_rejection,1.0,BEFORE_GUARD,False,4,2,1,VCP→EF
FLORES,P1,270,1,1,ALL_MORPH_BOUNDARY_GUARD,3,projected_saved_draft_candidate_at_or_after_rejection,3.0,AT_GUARD,True,4,2,1,XSN→JX
FLORES,P1,270,2,4,ALL_MORPH_BOUNDARY_GUARD,1,projected_saved_draft_candidate_at_or_after_rejection,2.0,AFTER_GUARD,True,4,4,3,JKB→JX
FLORES,P1,271,13,29,ALL_MORPH_BOUNDARY_GUARD,1,projected_saved_draft_candidate_at_or_after_rejection,1.0,AT_GUARD,True,4,4,3,XSV→ETM
FLORES,P1,271,18,39,ALL_MORPH_BOUNDARY_GUARD,3,projected_saved_draft_candidate_at_or_after_rejection,1.0,BEFORE_GUARD,False,4,2,1,EP→EF
FLORES,P1,271,23,52,ALL_MORPH_BOUNDARY_GUARD,1,projected_saved_draft_candidate_at_or_after_rejection,2.0,AFTER_GUARD,True,4,4,3,VCP→EC
FLORES,P1,272,24,48,ALL_MORPH_BOUNDARY_GUARD,3,projected_saved_draft_candidate_at_or_after_rejection,1.0,BEFORE_GUARD,False,4,2,1,VV→EC
FLORES,P1,272,32,64,ALL_MORPH_BOUNDARY_GUARD,2,saved_H3_exact_target_token,,NO_REJECTION,True,4,3,2,VX→EF
FLORES,P1,274,4,9,ALL_MORPH_BOUNDARY_GUARD,1,projected_saved_draft_candidate_at_or_after_rejection,2.0,AFTER_GUARD,True,4,4,3,VV→EC
FLORES,P1,275,21,54,ALL_MORPH_BOUNDARY_GUARD,1,saved_H3_exact_target_token,,NO_REJECTION,True,3,3,2,EP→EF
FLORES,P1,279,21,47,ALL_MORPH_BOUNDARY_GUARD,3,projected_saved_draft_candidate_at_or_after_rejection,2.0,BEFORE_GUARD,False,4,2,1,EP→EF
FLORES,P1,279,22,49,ALL_MORPH_BOUNDARY_GUARD,3,projected_saved_draft_candidate_at_or_after_rejection,1.0,BEFORE_GUARD,False,4,2,1,SF→SSC
FLORES,P1,279,23,50,ALL_MORPH_BOUNDARY_GUARD,2,saved_H3_exact_target_token,,NO_REJECTION,True,3,2,1,SF→SSC
FLORES,P1,281,15,21,NP_BOUNDARY_GUARD,1,projected_saved_draft_candidate_at_or_after_rejection,1.0,AT_GUARD,True,4,4,3,NNG→JKS
FLORES,P1,281,15,21,ALL_MORPH_BOUNDARY_GUARD,1,projected_saved_draft_candidate_at_or_after_rejection,1.0,AT_GUARD,True,4,4,3,NNG→JKS
FLORES,P1,282,5,11,NP_BOUNDARY_GUARD,1,projected_saved_draft_candidate_at_or_after_rejection,2.0,AFTER_GUARD,True,4,4,3,NNG→JKS
FLORES,P1,282,5,11,ALL_MORPH_BOUNDARY_GUARD,1,projected_saved_draft_candidate_at_or_after_rejection,2.0,AFTER_GUARD,True,4,4,3,NNG→JKS
FLORES,P1,282,9,20,ALL_MORPH_BOUNDARY_GUARD,1,projected_saved_draft_candidate_at_or_after_rejection,1.0,AT_GUARD,True,4,4,3,VX→EP
FLORES,P1,283,5,13,NP_BOUNDARY_GUARD,2,projected_saved_draft_candidate_at_or_after_rejection,4.0,AFTER_GUARD,True,4,3,2,NNG→JKO
FLORES,P1,283,5,13,ALL_MORPH_BOUNDARY_GUARD,2,projected_saved_draft_candidate_at_or_after_rejection,4.0,AFTER_GUARD,True,4,3,2,NNG→JKO
FLORES,P1,288,2,4,ALL_MORPH_BOUNDARY_GUARD,2,projected_saved_draft_candidate_at_or_after_rejection,1.0,BEFORE_GUARD,False,4,3,2,XSV→EC
FLORES,P1,288,5,7,ALL_MORPH_BOUNDARY_GUARD,3,projected_saved_draft_candidate_at_or_after_rejection,1.0,BEFORE_GUARD,False,4,2,1,VCP→EC
FLORES,P1,288,15,32,NP_BOUNDARY_GUARD,3,projected_saved_draft_candidate_at_or_after_rejection,1.0,BEFORE_GUARD,False,4,2,1,NNB→JKB
FLORES,P1,288,15,32,ALL_MORPH_BOUNDARY_GUARD,1,projected_saved_draft_candidate_at_or_after_rejection,1.0,AT_GUARD,True,4,4,3,VX→ETM
FLORES,P1,288,18,36,ALL_MORPH_BOUNDARY_GUARD,2,projected_saved_draft_candidate_at_or_after_rejection,1.0,BEFORE_GUARD,False,4,3,2,XSN→JKG
FLORES,P1,288,23,44,ALL_MORPH_BOUNDARY_GUARD,3,saved_H3_exact_target_token,,NO_REJECTION,True,4,2,1,VA→EF
FLORES,P1,289,9,24,ALL_MORPH_BOUNDARY_GUARD,2,projected_saved_draft_candidate_at_or_after_rejection,2.0,AT_GUARD,True,4,3,2,XSN→JX
FLORES,P1,289,12,32,NP_BOUNDARY_GUARD,2,projected_saved_draft_candidate_at_or_after_rejection,2.0,AT_GUARD,True,4,3,2,NNB→JKB
FLORES,P1,289,12,32,ALL_MORPH_BOUNDARY_GUARD,2,projected_saved_draft_candidate_at_or_after_rejection,2.0,AT_GUARD,True,4,3,2,NNB→JKB
FLORES,P1,289,14,38,ALL_MORPH_BOUNDARY_GUARD,2,projected_saved_draft_candidate_at_or_after_rejection,2.0,AT_GUARD,True,4,3,2,VA→EC
FLORES,P1,289,15,40,NP_BOUNDARY_GUARD,1,projected_saved_draft_candidate_at_or_after_rejection,1.0,AT_GUARD,True,4,4,3,NNB→JKO
FLORES,P1,289,15,40,ALL_MORPH_BOUNDARY_GUARD,1,projected_saved_draft_candidate_at_or_after_rejection,1.0,AT_GUARD,True,4,4,3,NNB→JKO
FLORES,P1,289,18,46,NP_BOUNDARY_GUARD,1,projected_saved_draft_candidate_at_or_after_rejection,1.0,AT_GUARD,True,4,4,3,NP→JKO
FLORES,P1,289,18,46,ALL_MORPH_BOUNDARY_GUARD,1,projected_saved_draft_candidate_at_or_after_rejection,1.0,AT_GUARD,True,4,4,3,NP→JKO
FLORES,P1,290,29,54,ALL_MORPH_BOUNDARY_GUARD,3,saved_H3_exact_target_token,,NO_REJECTION,True,4,2,1,SF→SSC
FLORES,P1,291,5,10,ALL_MORPH_BOUNDARY_GUARD,1,projected_saved_draft_candidate_at_or_after_rejection,1.0,AT_GUARD,True,4,4,3,EP→ETM
FLORES,P1,291,6,11,ALL_MORPH_BOUNDARY_GUARD,2,projected_saved_draft_candidate_at_or_after_rejection,1.0,BEFORE_GUARD,False,4,3,2,XSV→ETM
FLORES,P1,291,7,12,ALL_MORPH_BOUNDARY_GUARD,1,projected_saved_draft_candidate_at_or_after_rejection,2.0,AFTER_GUARD,True,4,4,3,XSV→ETM
FLORES,P1,291,16,33,ALL_MORPH_BOUNDARY_GUARD,3,projected_saved_draft_candidate_at_or_after_rejection,2.0,BEFORE_GUARD,False,4,2,1,XSN→JKB
FLORES,P1,292,20,54,ALL_MORPH_BOUNDARY_GUARD,1,saved_H3_exact_target_token,,NO_REJECTION,True,4,4,3,VCP→EC
FLORES,P1,293,2,5,ALL_MORPH_BOUNDARY_GUARD,2,projected_saved_draft_candidate_at_or_after_rejection,1.0,BEFORE_GUARD,False,4,3,2,XSV→ETM
FLORES,P1,293,21,41,NP_BOUNDARY_GUARD,3,projected_saved_draft_candidate_at_or_after_rejection,2.0,BEFORE_GUARD,False,4,2,1,NNB→JKB
FLORES,P1,293,21,41,ALL_MORPH_BOUNDARY_GUARD,3,projected_saved_draft_candidate_at_or_after_rejection,2.0,BEFORE_GUARD,False,4,2,1,NNB→JKB
FLORES,P1,294,2,4,NP_BOUNDARY_GUARD,1,projected_saved_draft_candidate_at_or_after_rejection,2.0,AFTER_GUARD,True,4,4,3,NNP→JKS
FLORES,P1,294,2,4,ALL_MORPH_BOUNDARY_GUARD,1,projected_saved_draft_candidate_at_or_after_rejection,2.0,AFTER_GUARD,True,4,4,3,NNP→JKS
FLORES,P1,294,4,10,ALL_MORPH_BOUNDARY_GUARD,3,projected_saved_draft_candidate_at_or_after_rejection,3.0,AT_GUARD,True,4,2,1,XSV→EC
FLORES,P1,294,15,38,ALL_MORPH_BOUNDARY_GUARD,1,projected_saved_draft_candidate_at_or_after_rejection,1.0,AT_GUARD,True,4,4,3,XSV→EC
FLORES,P1,294,28,66,NP_BOUNDARY_GUARD,1,projected_saved_draft_candidate_at_or_after_rejection,2.0,AFTER_GUARD,True,4,4,3,NNB→JKO
FLORES,P1,294,28,66,ALL_MORPH_BOUNDARY_GUARD,1,projected_saved_draft_candidate_at_or_after_rejection,2.0,AFTER_GUARD,True,4,4,3,NNB→JKO
FLORES,P1,295,8,9,ALL_MORPH_BOUNDARY_GUARD,2,projected_saved_draft_candidate_at_or_after_rejection,3.0,AFTER_GUARD,True,4,3,2,XSN→JX
FLORES,P1,295,13,18,ALL_MORPH_BOUNDARY_GUARD,2,projected_saved_draft_candidate_at_or_after_rejection,1.0,BEFORE_GUARD,False,4,3,2,XSV→EC
FLORES,P1,295,17,29,ALL_MORPH_BOUNDARY_GUARD,2,projected_saved_draft_candidate_at_or_after_rejection,2.0,AT_GUARD,True,4,3,2,XSV→ETN
FLORES,P1,295,21,37,ALL_MORPH_BOUNDARY_GUARD,3,projected_saved_draft_candidate_at_or_after_rejection,2.0,BEFORE_GUARD,False,4,2,1,XSV→EC
FLORES,P1,296,10,20,ALL_MORPH_BOUNDARY_GUARD,2,projected_saved_draft_candidate_at_or_after_rejection,2.0,AT_GUARD,True,4,3,2,SSC→SSC
FLORES,P1,296,25,61,ALL_MORPH_BOUNDARY_GUARD,3,projected_saved_draft_candidate_at_or_after_rejection,3.0,AT_GUARD,True,4,2,1,XSN→JKS
FLORES,P1,299,2,3,NP_BOUNDARY_GUARD,1,projected_saved_draft_candidate_at_or_after_rejection,1.0,AT_GUARD,True,4,4,3,NNG→JX
FLORES,P1,299,2,3,ALL_MORPH_BOUNDARY_GUARD,1,projected_saved_draft_candidate_at_or_after_rejection,1.0,AT_GUARD,True,4,4,3,NNG→JX
FLORES,P1,300,8,14,ALL_MORPH_BOUNDARY_GUARD,3,projected_saved_draft_candidate_at_or_after_rejection,1.0,BEFORE_GUARD,False,4,2,1,XSV→ETN
FLORES,P1,300,9,15,ALL_MORPH_BOUNDARY_GUARD,2,saved_H3_exact_target_token,,NO_REJECTION,True,4,3,2,XSV→ETN
FLORES,P1,301,10,24,ALL_MORPH_BOUNDARY_GUARD,1,projected_saved_draft_candidate_at_or_after_rejection,1.0,AT_GUARD,True,3,3,2,EP→EF
FLORES,P1,302,0,0,ALL_MORPH_BOUNDARY_GUARD,3,projected_saved_draft_candidate_at_or_after_rejection,1.0,BEFORE_GUARD,False,4,2,1,SO→SL
FLORES,P1,302,8,21,ALL_MORPH_BOUNDARY_GUARD,1,projected_saved_draft_candidate_at_or_after_rejection,4.0,AFTER_GUARD,True,4,4,3,XSV→EC
FLORES,P1,303,5,11,ALL_MORPH_BOUNDARY_GUARD,3,projected_saved_draft_candidate_at_or_after_rejection,3.0,AT_GUARD,True,4,2,1,XSV→EC
FLORES,P1,303,21,46,NP_BOUNDARY_GUARD,2,saved_H3_exact_target_token,,NO_REJECTION,True,4,3,2,NNG→JKO
FLORES,P1,303,21,46,ALL_MORPH_BOUNDARY_GUARD,2,saved_H3_exact_target_token,,NO_REJECTION,True,4,3,2,NNG→JKO
FLORES,P1,304,11,30,ALL_MORPH_BOUNDARY_GUARD,2,projected_saved_draft_candidate_at_or_after_rejection,2.0,AT_GUARD,True,4,3,2,VV→EC
FLORES,P1,305,11,29,NP_BOUNDARY_GUARD,1,projected_saved_draft_candidate_at_or_after_rejection,3.0,AFTER_GUARD,True,4,4,3,NNG→JX
FLORES,P1,305,11,29,ALL_MORPH_BOUNDARY_GUARD,1,projected_saved_draft_candidate_at_or_after_rejection,3.0,AFTER_GUARD,True,4,4,3,NNG→JX
FLORES,P1,305,12,32,ALL_MORPH_BOUNDARY_GUARD,3,projected_saved_draft_candidate_at_or_after_rejection,4.0,AFTER_GUARD,True,4,2,1,VX→ETM
FLORES,P1,306,10,26,ALL_MORPH_BOUNDARY_GUARD,2,projected_saved_draft_candidate_at_or_after_rejection,1.0,BEFORE_GUARD,False,4,3,2,XSA→EF
FLORES,P1,308,11,23,ALL_MORPH_BOUNDARY_GUARD,2,projected_saved_draft_candidate_at_or_after_rejection,1.0,BEFORE_GUARD,False,4,3,2,VX→EP
FLORES,P1,308,12,24,ALL_MORPH_BOUNDARY_GUARD,1,projected_saved_draft_candidate_at_or_after_rejection,1.0,AT_GUARD,True,4,4,3,XSV→EC
FLORES,P1,308,13,25,ALL_MORPH_BOUNDARY_GUARD,3,projected_saved_draft_candidate_at_or_after_rejection,1.0,BEFORE_GUARD,False,4,2,1,VA→EC
FLORES,P1,308,14,26,ALL_MORPH_BOUNDARY_GUARD,1,saved_H3_exact_target_token,,NO_REJECTION,True,4,4,3,VA→EC
FLORES,P1,311,6,9,ALL_MORPH_BOUNDARY_GUARD,3,projected_saved_draft_candidate_at_or_after_rejection,3.0,AT_GUARD,True,4,2,1,XSN→JKB
FLORES,P1,312,1,4,ALL_MORPH_BOUNDARY_GUARD,3,projected_saved_draft_candidate_at_or_after_rejection,1.0,BEFORE_GUARD,False,4,2,1,XSN→JKS
FLORES,P1,312,4,7,ALL_MORPH_BOUNDARY_GUARD,2,projected_saved_draft_candidate_at_or_after_rejection,1.0,BEFORE_GUARD,False,4,3,2,XSV→EP
FLORES,P1,312,5,8,ALL_MORPH_BOUNDARY_GUARD,1,projected_saved_draft_candidate_at_or_after_rejection,4.0,AFTER_GUARD,True,4,4,3,XSV→EP
FLORES,P1,313,7,10,ALL_MORPH_BOUNDARY_GUARD,2,projected_saved_draft_candidate_at_or_after_rejection,2.0,AT_GUARD,True,4,3,2,XSN→JKS
FLORES,P1,313,11,16,ALL_MORPH_BOUNDARY_GUARD,2,saved_H3_exact_target_token,,NO_REJECTION,True,4,3,2,XSV→EP
FLORES,P1,313,14,26,ALL_MORPH_BOUNDARY_GUARD,1,projected_saved_draft_candidate_at_or_after_rejection,2.0,AFTER_GUARD,True,4,4,3,XSN→JX
FLORES,P1,314,1,2,ALL_MORPH_BOUNDARY_GUARD,1,projected_saved_draft_candidate_at_or_after_rejection,1.0,AT_GUARD,True,4,4,3,XSN→JX
FLORES,P1,315,8,14,NP_BOUNDARY_GUARD,1,projected_saved_draft_candidate_at_or_after_rejection,1.0,AT_GUARD,True,4,4,3,NNG→JKO
FLORES,P1,315,8,14,ALL_MORPH_BOUNDARY_GUARD,1,projected_saved_draft_candidate_at_or_after_rejection,1.0,AT_GUARD,True,4,4,3,NNG→JKO
FLORES,P1,315,11,20,ALL_MORPH_BOUNDARY_GUARD,3,projected_saved_draft_candidate_at_or_after_rejection,1.0,BEFORE_GUARD,False,4,2,1,XSV→EC
FLORES,P1,316,6,11,ALL_MORPH_BOUNDARY_GUARD,3,projected_saved_draft_candidate_at_or_after_rejection,3.0,AT_GUARD,True,4,2,1,XSV→EP
FLORES,P1,316,13,35,ALL_MORPH_BOUNDARY_GUARD,3,projected_saved_draft_candidate_at_or_after_rejection,1.0,BEFORE_GUARD,False,4,2,1,EP→EF
FLORES,P1,317,8,18,ALL_MORPH_BOUNDARY_GUARD,3,projected_saved_draft_candidate_at_or_after_rejection,2.0,BEFORE_GUARD,False,4,2,1,XSV→ETN
FLORES,P1,317,9,20,ALL_MORPH_BOUNDARY_GUARD,2,saved_H3_exact_target_token,,NO_REJECTION,True,4,3,2,XSV→ETN
FLORES,P1,318,3,9,ALL_MORPH_BOUNDARY_GUARD,1,projected_saved_draft_candidate_at_or_after_rejection,2.0,AFTER_GUARD,True,4,4,3,XSV→EC
FLORES,P1,318,9,28,ALL_MORPH_BOUNDARY_GUARD,3,projected_saved_draft_candidate_at_or_after_rejection,3.0,AT_GUARD,True,4,2,1,EP→EF
FLORES,P1,319,4,4,ALL_MORPH_BOUNDARY_GUARD,3,projected_saved_draft_candidate_at_or_after_rejection,1.0,BEFORE_GUARD,False,4,2,1,XSN→JKS
FLORES,P1,319,16,28,ALL_MORPH_BOUNDARY_GUARD,2,projected_saved_draft_candidate_at_or_after_rejection,1.0,BEFORE_GUARD,False,4,3,2,XSN→JKO
FLORES,P1,319,20,37,ALL_MORPH_BOUNDARY_GUARD,2,projected_saved_draft_candidate_at_or_after_rejection,2.0,AT_GUARD,True,4,3,2,SO→SL
FLORES,P1,319,23,47,ALL_MORPH_BOUNDARY_GUARD,1,saved_H3_exact_target_token,,NO_REJECTION,True,4,4,3,SL→SL
FLORES,P1,321,24,60,ALL_MORPH_BOUNDARY_GUARD,3,saved_H3_exact_target_token,,NO_REJECTION,True,4,2,1,SF→SSC
FLORES,P1,322,4,12,NP_BOUNDARY_GUARD,1,projected_saved_draft_candidate_at_or_after_rejection,1.0,AT_GUARD,True,4,4,3,NP→JKS
FLORES,P1,322,4,12,ALL_MORPH_BOUNDARY_GUARD,1,projected_saved_draft_candidate_at_or_after_rejection,1.0,AT_GUARD,True,4,4,3,NP→JKS
FLORES,P1,322,20,42,ALL_MORPH_BOUNDARY_GUARD,2,projected_saved_draft_candidate_at_or_after_rejection,1.0,BEFORE_GUARD,False,4,3,2,VA→ETM
FLORES,P1,322,21,43,ALL_MORPH_BOUNDARY_GUARD,2,projected_saved_draft_candidate_at_or_after_rejection,1.0,BEFORE_GUARD,False,4,3,2,VA→ETM
FLORES,P1,322,25,56,ALL_MORPH_BOUNDARY_GUARD,1,projected_saved_draft_candidate_at_or_after_rejection,4.0,AFTER_GUARD,True,4,4,3,SF→SSC
FLORES,P1,323,11,30,ALL_MORPH_BOUNDARY_GUARD,2,projected_saved_draft_candidate_at_or_after_rejection,3.0,AFTER_GUARD,True,4,3,2,XSV→ETM
FLORES,P1,323,12,33,ALL_MORPH_BOUNDARY_GUARD,1,projected_saved_draft_candidate_at_or_after_rejection,1.0,AT_GUARD,True,4,4,3,XSN→JX
FLORES,P1,324,27,55,NP_BOUNDARY_GUARD,3,projected_saved_draft_candidate_at_or_after_rejection,1.0,BEFORE_GUARD,False,4,2,1,NNG→JKS
FLORES,P1,324,27,55,ALL_MORPH_BOUNDARY_GUARD,3,projected_saved_draft_candidate_at_or_after_rejection,1.0,BEFORE_GUARD,False,4,2,1,NNG→JKS
FLORES,P1,325,7,19,ALL_MORPH_BOUNDARY_GUARD,1,projected_saved_draft_candidate_at_or_after_rejection,1.0,AT_GUARD,True,4,4,3,VX→EC
FLORES,P1,325,19,40,ALL_MORPH_BOUNDARY_GUARD,3,projected_saved_draft_candidate_at_or_after_rejection,1.0,BEFORE_GUARD,False,4,2,1,VA→EC
FLORES,P1,325,20,41,ALL_MORPH_BOUNDARY_GUARD,1,projected_saved_draft_candidate_at_or_after_rejection,1.0,AT_GUARD,True,4,4,3,VX→EC
FLORES,P1,325,21,42,NP_BOUNDARY_GUARD,3,projected_saved_draft_candidate_at_or_after_rejection,3.0,AT_GUARD,True,4,2,1,NNB→JKO
FLORES,P1,325,21,42,ALL_MORPH_BOUNDARY_GUARD,3,projected_saved_draft_candidate_at_or_after_rejection,3.0,AT_GUARD,True,4,2,1,NNB→JKO
FLORES,P1,326,13,25,ALL_MORPH_BOUNDARY_GUARD,1,projected_saved_draft_candidate_at_or_after_rejection,2.0,AFTER_GUARD,True,4,4,3,VV→ETM
FLORES,P1,326,20,47,NP_BOUNDARY_GUARD,2,projected_saved_draft_candidate_at_or_after_rejection,1.0,BEFORE_GUARD,False,4,3,2,NNB→JX
FLORES,P1,326,20,47,ALL_MORPH_BOUNDARY_GUARD,1,projected_saved_draft_candidate_at_or_after_rejection,1.0,AT_GUARD,True,4,4,3,VV→ETM
FLORES,P1,326,21,48,ALL_MORPH_BOUNDARY_GUARD,2,projected_saved_draft_candidate_at_or_after_rejection,2.0,AT_GUARD,True,4,3,2,VX→EF
FLORES,P1,327,10,27,ALL_MORPH_BOUNDARY_GUARD,3,projected_saved_draft_candidate_at_or_after_rejection,1.0,BEFORE_GUARD,False,4,2,1,XSV→EC
FLORES,P1,327,15,34,NP_BOUNDARY_GUARD,3,saved_H3_exact_target_token,,NO_REJECTION,True,4,2,1,NNG→JKO
FLORES,P1,327,15,34,ALL_MORPH_BOUNDARY_GUARD,3,saved_H3_exact_target_token,,NO_REJECTION,True,4,2,1,NNG→JKO
FLORES,P1,327,24,55,NP_BOUNDARY_GUARD,2,projected_saved_draft_candidate_at_or_after_rejection,3.0,AFTER_GUARD,True,4,3,2,NNB→JKB
FLORES,P1,327,24,55,ALL_MORPH_BOUNDARY_GUARD,2,projected_saved_draft_candidate_at_or_after_rejection,3.0,AFTER_GUARD,True,4,3,2,NNB→JKB
FLORES,P1,328,0,0,NP_BOUNDARY_GUARD,3,projected_saved_draft_candidate_at_or_after_rejection,1.0,BEFORE_GUARD,False,4,2,1,NNG→JX
FLORES,P1,328,0,0,ALL_MORPH_BOUNDARY_GUARD,3,projected_saved_draft_candidate_at_or_after_rejection,1.0,BEFORE_GUARD,False,4,2,1,NNG→JX
FLORES,P1,328,11,28,ALL_MORPH_BOUNDARY_GUARD,2,projected_saved_draft_candidate_at_or_after_rejection,2.0,AT_GUARD,True,4,3,2,EP→EF
FLORES,P1,330,0,0,ALL_MORPH_BOUNDARY_GUARD,3,projected_saved_draft_candidate_at_or_after_rejection,2.0,BEFORE_GUARD,False,4,2,1,XSN→JX
FLORES,P1,330,8,21,NP_BOUNDARY_GUARD,3,projected_saved_draft_candidate_at_or_after_rejection,2.0,BEFORE_GUARD,False,4,2,1,NNB→JKO
FLORES,P1,330,8,21,ALL_MORPH_BOUNDARY_GUARD,3,projected_saved_draft_candidate_at_or_after_rejection,2.0,BEFORE_GUARD,False,4,2,1,NNB→JKO
FLORES,P1,330,15,35,ALL_MORPH_BOUNDARY_GUARD,3,projected_saved_draft_candidate_at_or_after_rejection,2.0,BEFORE_GUARD,False,4,2,1,XSN→JKB
FLORES,P1,331,7,13,ALL_MORPH_BOUNDARY_GUARD,2,projected_saved_draft_candidate_at_or_after_rejection,1.0,BEFORE_GUARD,False,4,3,2,XSV→EC
FLORES,P1,331,8,14,ALL_MORPH_BOUNDARY_GUARD,1,projected_saved_draft_candidate_at_or_after_rejection,1.0,AT_GUARD,True,4,4,3,XSV→EC
FLORES,P1,331,9,15,NP_BOUNDARY_GUARD,1,projected_saved_draft_candidate_at_or_after_rejection,1.0,AT_GUARD,True,4,4,3,NNB→JKB
FLORES,P1,331,9,15,ALL_MORPH_BOUNDARY_GUARD,1,projected_saved_draft_candidate_at_or_after_rejection,1.0,AT_GUARD,True,4,4,3,NNB→JKB
FLORES,P1,331,17,26,ALL_MORPH_BOUNDARY_GUARD,2,projected_saved_draft_candidate_at_or_after_rejection,1.0,BEFORE_GUARD,False,4,3,2,XSN→JKS
FLORES,P1,332,1,4,ALL_MORPH_BOUNDARY_GUARD,1,projected_saved_draft_candidate_at_or_after_rejection,2.0,AFTER_GUARD,True,4,4,3,XSN→JX
FLORES,P1,332,4,9,ALL_MORPH_BOUNDARY_GUARD,3,projected_saved_draft_candidate_at_or_after_rejection,4.0,AFTER_GUARD,True,4,2,1,XSV→EC
FLORES,P1,332,5,13,ALL_MORPH_BOUNDARY_GUARD,2,projected_saved_draft_candidate_at_or_after_rejection,2.0,AT_GUARD,True,4,3,2,XSV→ETN
FLORES,P1,332,7,16,ALL_MORPH_BOUNDARY_GUARD,3,projected_saved_draft_candidate_at_or_after_rejection,1.0,BEFORE_GUARD,False,4,2,1,XSV→EC
FLORES,P1,332,11,26,ALL_MORPH_BOUNDARY_GUARD,1,projected_saved_draft_candidate_at_or_after_rejection,4.0,AFTER_GUARD,True,4,4,3,XSV→EP
FLORES,P1,332,12,30,ALL_MORPH_BOUNDARY_GUARD,1,projected_saved_draft_candidate_at_or_after_rejection,1.0,AT_GUARD,True,4,4,3,XSV→ETN
FLORES,P1,333,13,26,ALL_MORPH_BOUNDARY_GUARD,3,projected_saved_draft_candidate_at_or_after_rejection,2.0,BEFORE_GUARD,False,4,2,1,VV→EC
FLORES,P1,334,13,21,ALL_MORPH_BOUNDARY_GUARD,2,projected_saved_draft_candidate_at_or_after_rejection,1.0,BEFORE_GUARD,False,4,3,2,XSN→JKO
FLORES,P1,336,2,5,ALL_MORPH_BOUNDARY_GUARD,2,saved_H3_exact_target_token,,NO_REJECTION,True,4,3,2,XSV→ETM
FLORES,P1,336,19,51,ALL_MORPH_BOUNDARY_GUARD,1,projected_saved_draft_candidate_at_or_after_rejection,1.0,AT_GUARD,True,4,4,3,VV→ETM
FLORES,P1,337,8,20,ALL_MORPH_BOUNDARY_GUARD,2,projected_saved_draft_candidate_at_or_after_rejection,3.0,AFTER_GUARD,True,4,3,2,XSV→EC
FLORES,P1,337,14,38,ALL_MORPH_BOUNDARY_GUARD,3,saved_H3_exact_target_token,,NO_REJECTION,True,4,2,1,XSA→EC
FLORES,P1,337,15,42,ALL_MORPH_BOUNDARY_GUARD,2,projected_saved_draft_candidate_at_or_after_rejection,3.0,AFTER_GUARD,True,4,3,2,XSV→EC
FLORES,P1,337,17,47,ALL_MORPH_BOUNDARY_GUARD,1,projected_saved_draft_candidate_at_or_after_rejection,1.0,AT_GUARD,True,4,4,3,XSN→JKS
FLORES,P1,338,8,17,ALL_MORPH_BOUNDARY_GUARD,3,projected_saved_draft_candidate_at_or_after_rejection,3.0,AT_GUARD,True,4,2,1,VX→EF
FLORES,P1,341,18,38,ALL_MORPH_BOUNDARY_GUARD,1,projected_saved_draft_candidate_at_or_after_rejection,1.0,AT_GUARD,True,4,4,3,ETN→JKO
FLORES,P1,341,21,45,ALL_MORPH_BOUNDARY_GUARD,3,projected_saved_draft_candidate_at_or_after_rejection,4.0,AFTER_GUARD,True,4,2,1,XSN→JKB
FLORES,P1,341,36,75,ALL_MORPH_BOUNDARY_GUARD,1,projected_saved_draft_candidate_at_or_after_rejection,3.0,AFTER_GUARD,True,4,4,3,XSV→ETM
FLORES,P1,342,1,4,ALL_MORPH_BOUNDARY_GUARD,3,projected_saved_draft_candidate_at_or_after_rejection,3.0,AT_GUARD,True,4,2,1,VV→EC
FLORES,P1,342,6,16,ALL_MORPH_BOUNDARY_GUARD,2,saved_H3_exact_target_token,,NO_REJECTION,True,4,3,2,VA→EF
FLORES,P1,343,3,10,ALL_MORPH_BOUNDARY_GUARD,2,projected_saved_draft_candidate_at_or_after_rejection,2.0,AT_GUARD,True,4,3,2,VX→EC
FLORES,P1,343,10,28,ALL_MORPH_BOUNDARY_GUARD,2,saved_H3_exact_target_token,,NO_REJECTION,True,4,3,2,VV→EC
FLORES,P1,343,13,40,ALL_MORPH_BOUNDARY_GUARD,2,saved_H3_exact_target_token,,NO_REJECTION,True,4,3,2,VV→EC
FLORES,P1,343,16,52,ALL_MORPH_BOUNDARY_GUARD,2,saved_H3_exact_target_token,,NO_REJECTION,True,4,3,2,VV→EC
FLORES,P1,343,19,64,ALL_MORPH_BOUNDARY_GUARD,2,saved_H3_exact_target_token,,NO_REJECTION,True,4,3,2,VV→EC
FLORES,P1,343,22,76,ALL_MORPH_BOUNDARY_GUARD,2,saved_H3_exact_target_token,,NO_REJECTION,True,4,3,2,VV→EC
FLORES,P1,343,25,88,ALL_MORPH_BOUNDARY_GUARD,2,saved_H3_exact_target_token,,NO_REJECTION,True,4,3,2,VV→EC
FLORES,P1,343,28,100,ALL_MORPH_BOUNDARY_GUARD,2,saved_H3_exact_target_token,,NO_REJECTION,True,4,3,2,VV→EC
FLORES,P1,343,31,112,ALL_MORPH_BOUNDARY_GUARD,2,saved_H3_exact_target_token,,NO_REJECTION,True,4,3,2,VV→EC
FLORES,P1,343,34,124,ALL_MORPH_BOUNDARY_GUARD,2,saved_H3_exact_target_token,,NO_REJECTION,True,4,3,2,VV→EC
FLORES,P1,344,7,16,ALL_MORPH_BOUNDARY_GUARD,2,saved_H3_exact_target_token,,NO_REJECTION,True,4,3,2,VA→EF
FLORES,P1,344,14,36,ALL_MORPH_BOUNDARY_GUARD,2,saved_H3_exact_target_token,,NO_REJECTION,True,4,3,2,VV→ETM
FLORES,P1,344,22,51,ALL_MORPH_BOUNDARY_GUARD,1,saved_H3_exact_target_token,,NO_REJECTION,True,3,3,2,EP→EF
FLORES,P1,345,9,23,ALL_MORPH_BOUNDARY_GUARD,3,projected_saved_draft_candidate_at_or_after_rejection,1.0,BEFORE_GUARD,False,4,2,1,XSV→EC
FLORES,P1,345,11,27,ALL_MORPH_BOUNDARY_GUARD,1,projected_saved_draft_candidate_at_or_after_rejection,1.0,AT_GUARD,True,4,4,3,XSV→EC
FLORES,P1,347,5,15,ALL_MORPH_BOUNDARY_GUARD,1,projected_saved_draft_candidate_at_or_after_rejection,2.0,AFTER_GUARD,True,4,4,3,XSV→ETM
FLORES,P1,348,20,40,NP_BOUNDARY_GUARD,3,projected_saved_draft_candidate_at_or_after_rejection,4.0,AFTER_GUARD,True,4,2,1,NNG→JKS
FLORES,P1,348,20,40,ALL_MORPH_BOUNDARY_GUARD,3,projected_saved_draft_candidate_at_or_after_rejection,4.0,AFTER_GUARD,True,4,2,1,NNG→JKS
FLORES,P1,348,21,44,ALL_MORPH_BOUNDARY_GUARD,1,projected_saved_draft_candidate_at_or_after_rejection,2.0,AFTER_GUARD,True,4,4,3,XSV→EC
FLORES,P1,348,22,46,ALL_MORPH_BOUNDARY_GUARD,1,projected_saved_draft_candidate_at_or_after_rejection,4.0,AFTER_GUARD,True,4,4,3,ETN→JKO
FLORES,P1,348,24,51,ALL_MORPH_BOUNDARY_GUARD,1,projected_saved_draft_candidate_at_or_after_rejection,1.0,AT_GUARD,True,4,4,3,SO→SL
FLORES,P1,348,27,60,ALL_MORPH_BOUNDARY_GUARD,1,saved_H3_exact_target_token,,NO_REJECTION,True,4,4,3,SL→SL
FLORES,P1,349,18,35,ALL_MORPH_BOUNDARY_GUARD,1,projected_saved_draft_candidate_at_or_after_rejection,2.0,AFTER_GUARD,True,4,4,3,XSN→JKO
FLORES,P1,350,5,12,ALL_MORPH_BOUNDARY_GUARD,3,projected_saved_draft_candidate_at_or_after_rejection,4.0,AFTER_GUARD,True,4,2,1,XSV→EF
FLORES,P1,351,5,10,ALL_MORPH_BOUNDARY_GUARD,3,saved_H3_exact_target_token,,NO_REJECTION,True,4,2,1,XSN→JX
FLORES,P1,351,10,22,ALL_MORPH_BOUNDARY_GUARD,1,projected_saved_draft_candidate_at_or_after_rejection,2.0,AFTER_GUARD,True,4,4,3,XSV→ETM
FLORES,P1,351,12,28,ALL_MORPH_BOUNDARY_GUARD,1,projected_saved_draft_candidate_at_or_after_rejection,2.0,AFTER_GUARD,True,4,4,3,VV→EP
FLORES,P1,351,17,42,ALL_MORPH_BOUNDARY_GUARD,2,saved_H3_exact_target_token,,NO_REJECTION,True,4,3,2,XSV→EC
FLORES,P1,352,10,17,ALL_MORPH_BOUNDARY_GUARD,3,projected_saved_draft_candidate_at_or_after_rejection,1.0,BEFORE_GUARD,False,4,2,1,VA→ETM
FLORES,P1,352,25,44,ALL_MORPH_BOUNDARY_GUARD,1,saved_H3_exact_target_token,,NO_REJECTION,True,3,3,2,VX→EF
FLORES,P1,353,4,6,ALL_MORPH_BOUNDARY_GUARD,1,projected_saved_draft_candidate_at_or_after_rejection,1.0,AT_GUARD,True,4,4,3,JKB→JX
FLORES,P1,353,8,14,ALL_MORPH_BOUNDARY_GUARD,2,projected_saved_draft_candidate_at_or_after_rejection,2.0,AT_GUARD,True,4,3,2,JKB→JX
FLORES,P1,353,11,18,ALL_MORPH_BOUNDARY_GUARD,3,projected_saved_draft_candidate_at_or_after_rejection,1.0,BEFORE_GUARD,False,4,2,1,VA→EP
FLORES,P1,353,13,20,ALL_MORPH_BOUNDARY_GUARD,1,projected_saved_draft_candidate_at_or_after_rejection,2.0,AFTER_GUARD,True,4,4,3,XSV→ETM
FLORES,P1,354,10,17,ALL_MORPH_BOUNDARY_GUARD,2,projected_saved_draft_candidate_at_or_after_rejection,2.0,AT_GUARD,True,4,3,2,XSV→ETM
FLORES,P1,354,14,26,ALL_MORPH_BOUNDARY_GUARD,1,saved_H3_exact_target_token,,NO_REJECTION,True,3,3,2,VX→EF
FLORES,P1,355,5,13,ALL_MORPH_BOUNDARY_GUARD,3,projected_saved_draft_candidate_at_or_after_rejection,1.0,BEFORE_GUARD,False,4,2,1,XSV→EF
FLORES,P1,356,12,23,ALL_MORPH_BOUNDARY_GUARD,3,projected_saved_draft_candidate_at_or_after_rejection,4.0,AFTER_GUARD,True,4,2,1,VA→EC
FLORES,P1,356,41,93,ALL_MORPH_BOUNDARY_GUARD,1,saved_H3_exact_target_token,,NO_REJECTION,True,4,4,3,XSV→EC
FLORES,P1,357,15,32,ALL_MORPH_BOUNDARY_GUARD,3,saved_H3_exact_target_token,,NO_REJECTION,True,4,2,1,XSV→ETM
FLORES,P1,357,17,37,NP_BOUNDARY_GUARD,2,projected_saved_draft_candidate_at_or_after_rejection,2.0,AT_GUARD,True,4,3,2,NNB→JX
FLORES,P1,357,17,37,ALL_MORPH_BOUNDARY_GUARD,2,projected_saved_draft_candidate_at_or_after_rejection,2.0,AT_GUARD,True,4,3,2,NNB→JX
FLORES,P1,357,21,45,ALL_MORPH_BOUNDARY_GUARD,1,projected_saved_draft_candidate_at_or_after_rejection,1.0,AT_GUARD,True,4,4,3,XSV→ETM
FLORES,P1,358,7,11,ALL_MORPH_BOUNDARY_GUARD,3,saved_H3_exact_target_token,,NO_REJECTION,True,4,2,1,XSA→EC
FLORES,P1,358,11,24,ALL_MORPH_BOUNDARY_GUARD,2,projected_saved_draft_candidate_at_or_after_rejection,2.0,AT_GUARD,True,4,3,2,EP→EF
FLORES,P1,358,16,35,ALL_MORPH_BOUNDARY_GUARD,2,projected_saved_draft_candidate_at_or_after_rejection,2.0,AT_GUARD,True,4,3,2,VA→ETM
FLORES,P1,360,1,2,ALL_MORPH_BOUNDARY_GUARD,1,projected_saved_draft_candidate_at_or_after_rejection,2.0,AFTER_GUARD,True,4,4,3,JKB→JX
FLORES,P1,360,4,9,ALL_MORPH_BOUNDARY_GUARD,3,projected_saved_draft_candidate_at_or_after_rejection,4.0,AFTER_GUARD,True,4,2,1,XSN→JKS
FLORES,P1,360,10,26,ALL_MORPH_BOUNDARY_GUARD,1,projected_saved_draft_candidate_at_or_after_rejection,1.0,AT_GUARD,True,4,4,3,XSN→JX
FLORES,P1,360,17,39,ALL_MORPH_BOUNDARY_GUARD,1,projected_saved_draft_candidate_at_or_after_rejection,1.0,AT_GUARD,True,4,4,3,XSA→EC
FLORES,P1,361,7,20,ALL_MORPH_BOUNDARY_GUARD,1,projected_saved_draft_candidate_at_or_after_rejection,2.0,AFTER_GUARD,True,4,4,3,VA→ETM
FLORES,P1,361,9,25,ALL_MORPH_BOUNDARY_GUARD,3,projected_saved_draft_candidate_at_or_after_rejection,2.0,BEFORE_GUARD,False,4,2,1,VV→EC
FLORES,P1,362,1,1,ALL_MORPH_BOUNDARY_GUARD,1,saved_H3_exact_target_token,,NO_REJECTION,True,4,4,3,XSN→JKG
FLORES,P1,362,2,5,NP_BOUNDARY_GUARD,2,projected_saved_draft_candidate_at_or_after_rejection,1.0,BEFORE_GUARD,False,4,3,2,NNG→JX
FLORES,P1,362,2,5,ALL_MORPH_BOUNDARY_GUARD,2,projected_saved_draft_candidate_at_or_after_rejection,1.0,BEFORE_GUARD,False,4,3,2,NNG→JX
FLORES,P1,362,16,36,ALL_MORPH_BOUNDARY_GUARD,2,saved_H3_exact_target_token,,NO_REJECTION,True,4,3,2,XSV→EC
FLORES,P1,363,14,29,ALL_MORPH_BOUNDARY_GUARD,1,saved_H3_exact_target_token,,NO_REJECTION,True,3,3,2,VA→EF
FLORES,P1,364,3,4,ALL_MORPH_BOUNDARY_GUARD,1,projected_saved_draft_candidate_at_or_after_rejection,1.0,AT_GUARD,True,4,4,3,VV→ETM
FLORES,P1,364,11,25,NP_BOUNDARY_GUARD,2,projected_saved_draft_candidate_at_or_after_rejection,3.0,AFTER_GUARD,True,4,3,2,NNG→JKS
FLORES,P1,364,11,25,ALL_MORPH_BOUNDARY_GUARD,2,projected_saved_draft_candidate_at_or_after_rejection,3.0,AFTER_GUARD,True,4,3,2,NNG→JKS
FLORES,P1,364,13,29,ALL_MORPH_BOUNDARY_GUARD,2,projected_saved_draft_candidate_at_or_after_rejection,2.0,AT_GUARD,True,4,3,2,XSN→JKS
FLORES,P1,365,0,0,NP_BOUNDARY_GUARD,2,projected_saved_draft_candidate_at_or_after_rejection,3.0,AFTER_GUARD,True,4,3,2,NNG→JKS
FLORES,P1,365,0,0,ALL_MORPH_BOUNDARY_GUARD,2,projected_saved_draft_candidate_at_or_after_rejection,3.0,AFTER_GUARD,True,4,3,2,NNG→JKS
FLORES,P1,365,1,3,ALL_MORPH_BOUNDARY_GUARD,1,projected_saved_draft_candidate_at_or_after_rejection,3.0,AFTER_GUARD,True,4,4,3,XSN→JKB
FLORES,P1,365,3,7,ALL_MORPH_BOUNDARY_GUARD,3,projected_saved_draft_candidate_at_or_after_rejection,2.0,BEFORE_GUARD,False,4,2,1,XSV→EC
FLORES,P1,365,5,11,ALL_MORPH_BOUNDARY_GUARD,1,saved_H3_exact_target_token,,NO_REJECTION,True,4,4,3,VX→EC
FLORES,P1,366,5,6,ALL_MORPH_BOUNDARY_GUARD,3,projected_saved_draft_candidate_at_or_after_rejection,3.0,AT_GUARD,True,4,2,1,XSV→EC
FLORES,P1,367,10,17,NP_BOUNDARY_GUARD,2,saved_H3_exact_target_token,,NO_REJECTION,True,4,3,2,NNG→JKO
FLORES,P1,367,10,17,ALL_MORPH_BOUNDARY_GUARD,2,saved_H3_exact_target_token,,NO_REJECTION,True,4,3,2,NNG→JKO
FLORES,P1,367,15,30,NP_BOUNDARY_GUARD,1,saved_H3_exact_target_token,,NO_REJECTION,True,4,4,3,NNG→JKO
FLORES,P1,367,15,30,ALL_MORPH_BOUNDARY_GUARD,1,saved_H3_exact_target_token,,NO_REJECTION,True,4,4,3,NNG→JKO
FLORES,P1,367,22,53,NP_BOUNDARY_GUARD,2,saved_H3_exact_target_token,,NO_REJECTION,True,4,3,2,NNG→JKO
FLORES,P1,367,22,53,ALL_MORPH_BOUNDARY_GUARD,2,saved_H3_exact_target_token,,NO_REJECTION,True,4,3,2,NNG→JKO
FLORES,P1,367,25,61,ALL_MORPH_BOUNDARY_GUARD,2,saved_H3_exact_target_token,,NO_REJECTION,True,4,3,2,XSV→EC
FLORES,P1,367,26,65,NP_BOUNDARY_GUARD,2,saved_H3_exact_target_token,,NO_REJECTION,True,4,3,2,NNG→JKO
FLORES,P1,367,26,65,ALL_MORPH_BOUNDARY_GUARD,2,saved_H3_exact_target_token,,NO_REJECTION,True,4,3,2,NNG→JKO
FLORES,P1,367,32,89,NP_BOUNDARY_GUARD,2,saved_H3_exact_target_token,,NO_REJECTION,True,4,3,2,NNG→JKO
FLORES,P1,367,32,89,ALL_MORPH_BOUNDARY_GUARD,2,saved_H3_exact_target_token,,NO_REJECTION,True,4,3,2,NNG→JKO
FLORES,P1,367,34,97,ALL_MORPH_BOUNDARY_GUARD,2,saved_H3_exact_target_token,,NO_REJECTION,True,4,3,2,XSV→EC
FLORES,P1,367,35,101,NP_BOUNDARY_GUARD,2,saved_H3_exact_target_token,,NO_REJECTION,True,4,3,2,NNG→JKO
FLORES,P1,367,35,101,ALL_MORPH_BOUNDARY_GUARD,2,saved_H3_exact_target_token,,NO_REJECTION,True,4,3,2,NNG→JKO
FLORES,P1,367,41,125,NP_BOUNDARY_GUARD,2,saved_H3_exact_target_token,,NO_REJECTION,True,3,2,1,NNG→JKO
FLORES,P1,367,41,125,ALL_MORPH_BOUNDARY_GUARD,2,saved_H3_exact_target_token,,NO_REJECTION,True,3,2,1,NNG→JKO
FLORES,P1,369,5,5,NP_BOUNDARY_GUARD,3,projected_saved_draft_candidate_at_or_after_rejection,1.0,BEFORE_GUARD,False,4,2,1,NNG→JKO
FLORES,P1,369,5,5,ALL_MORPH_BOUNDARY_GUARD,3,projected_saved_draft_candidate_at_or_after_rejection,1.0,BEFORE_GUARD,False,4,2,1,NNG→JKO
FLORES,P1,369,20,38,ALL_MORPH_BOUNDARY_GUARD,2,saved_H3_exact_target_token,,NO_REJECTION,True,4,3,2,XSA→EF
FLORES,P1,370,1,3,ALL_MORPH_BOUNDARY_GUARD,1,projected_saved_draft_candidate_at_or_after_rejection,1.0,AT_GUARD,True,4,4,3,VCP→ETM
FLORES,P1,370,2,4,ALL_MORPH_BOUNDARY_GUARD,1,projected_saved_draft_candidate_at_or_after_rejection,3.0,AFTER_GUARD,True,4,4,3,VA→ETM
FLORES,P1,370,4,11,ALL_MORPH_BOUNDARY_GUARD,3,projected_saved_draft_candidate_at_or_after_rejection,2.0,BEFORE_GUARD,False,4,2,1,XSN→JX
FLORES,P1,370,5,13,ALL_MORPH_BOUNDARY_GUARD,2,projected_saved_draft_candidate_at_or_after_rejection,1.0,BEFORE_GUARD,False,4,3,2,XSN→JKS
FLORES,P1,371,1,3,ALL_MORPH_BOUNDARY_GUARD,2,saved_H3_exact_target_token,,NO_REJECTION,True,4,3,2,XSN→JX
FLORES,P1,371,7,16,ALL_MORPH_BOUNDARY_GUARD,3,projected_saved_draft_candidate_at_or_after_rejection,1.0,BEFORE_GUARD,False,4,2,1,XSN→JKO
FLORES,P1,371,15,30,ALL_MORPH_BOUNDARY_GUARD,3,projected_saved_draft_candidate_at_or_after_rejection,1.0,BEFORE_GUARD,False,4,2,1,XSV→ETM
FLORES,P1,371,18,37,NP_BOUNDARY_GUARD,1,projected_saved_draft_candidate_at_or_after_rejection,1.0,AT_GUARD,True,4,4,3,NNB→JKO
FLORES,P1,371,18,37,ALL_MORPH_BOUNDARY_GUARD,1,projected_saved_draft_candidate_at_or_after_rejection,1.0,AT_GUARD,True,4,4,3,NNB→JKO
FLORES,P1,372,0,0,ALL_MORPH_BOUNDARY_GUARD,2,projected_saved_draft_candidate_at_or_after_rejection,1.0,BEFORE_GUARD,False,4,3,2,XSN→JX
FLORES,P1,372,9,24,ALL_MORPH_BOUNDARY_GUARD,1,saved_H3_exact_target_token,,NO_REJECTION,True,4,4,3,XSA→EC
FLORES,P1,373,0,0,ALL_MORPH_BOUNDARY_GUARD,1,projected_saved_draft_candidate_at_or_after_rejection,4.0,AFTER_GUARD,True,4,4,3,VA→ETM
FLORES,P1,373,1,4,ALL_MORPH_BOUNDARY_GUARD,3,saved_H3_exact_target_token,,NO_REJECTION,True,4,2,1,XSN→JKS
FLORES,P1,373,5,15,ALL_MORPH_BOUNDARY_GUARD,3,projected_saved_draft_candidate_at_or_after_rejection,1.0,BEFORE_GUARD,False,4,2,1,VA→ETM
FLORES,P1,373,16,34,ALL_MORPH_BOUNDARY_GUARD,2,projected_saved_draft_candidate_at_or_after_rejection,4.0,AFTER_GUARD,True,4,3,2,XSV→EC
FLORES,P1,373,18,40,ALL_MORPH_BOUNDARY_GUARD,3,projected_saved_draft_candidate_at_or_after_rejection,1.0,BEFORE_GUARD,False,4,2,1,XSV→EC
FLORES,P1,373,19,41,ALL_MORPH_BOUNDARY_GUARD,2,projected_saved_draft_candidate_at_or_after_rejection,3.0,AFTER_GUARD,True,4,3,2,XSV→EC
FLORES,P1,373,29,66,ALL_MORPH_BOUNDARY_GUARD,3,projected_saved_draft_candidate_at_or_after_rejection,2.0,BEFORE_GUARD,False,4,2,1,VA→ETM
FLORES,P1,374,3,12,NP_BOUNDARY_GUARD,2,projected_saved_draft_candidate_at_or_after_rejection,2.0,AT_GUARD,True,4,3,2,NNG→JKO
FLORES,P1,374,3,12,ALL_MORPH_BOUNDARY_GUARD,2,projected_saved_draft_candidate_at_or_after_rejection,2.0,AT_GUARD,True,4,3,2,NNG→JKO
FLORES,P1,374,4,14,ALL_MORPH_BOUNDARY_GUARD,1,projected_saved_draft_candidate_at_or_after_rejection,2.0,AFTER_GUARD,True,4,4,3,XSN→JKS
FLORES,P1,374,5,16,NP_BOUNDARY_GUARD,1,saved_H3_exact_target_token,,NO_REJECTION,True,4,4,3,NNB→JKB
FLORES,P1,374,5,16,ALL_MORPH_BOUNDARY_GUARD,1,saved_H3_exact_target_token,,NO_REJECTION,True,4,4,3,NNB→JKB
FLORES,P1,374,10,34,NP_BOUNDARY_GUARD,1,projected_saved_draft_candidate_at_or_after_rejection,1.0,AT_GUARD,True,4,4,3,NNG→JKO
FLORES,P1,374,10,34,ALL_MORPH_BOUNDARY_GUARD,1,projected_saved_draft_candidate_at_or_after_rejection,1.0,AT_GUARD,True,4,4,3,NNG→JKO
FLORES,P1,374,13,39,ALL_MORPH_BOUNDARY_GUARD,3,saved_H3_exact_target_token,,NO_REJECTION,True,4,2,1,VV→EF
FLORES,P1,375,2,7,ALL_MORPH_BOUNDARY_GUARD,2,projected_saved_draft_candidate_at_or_after_rejection,3.0,AFTER_GUARD,True,4,3,2,VX→EP
FLORES,P1,375,3,10,ALL_MORPH_BOUNDARY_GUARD,3,projected_saved_draft_candidate_at_or_after_rejection,4.0,AFTER_GUARD,True,4,2,1,XSN→JX
FLORES,P1,375,5,18,ALL_MORPH_BOUNDARY_GUARD,2,projected_saved_draft_candidate_at_or_after_rejection,1.0,BEFORE_GUARD,False,4,3,2,VA→ETM
FLORES,P1,375,6,19,ALL_MORPH_BOUNDARY_GUARD,2,projected_saved_draft_candidate_at_or_after_rejection,2.0,AT_GUARD,True,4,3,2,VA→ETM
FLORES,P1,375,7,21,ALL_MORPH_BOUNDARY_GUARD,2,projected_saved_draft_candidate_at_or_after_rejection,1.0,BEFORE_GUARD,False,4,3,2,VA→ETM
FLORES,P1,375,9,23,ALL_MORPH_BOUNDARY_GUARD,2,projected_saved_draft_candidate_at_or_after_rejection,3.0,AFTER_GUARD,True,4,3,2,XSA→EC
FLORES,P1,376,4,16,ALL_MORPH_BOUNDARY_GUARD,2,projected_saved_draft_candidate_at_or_after_rejection,2.0,AT_GUARD,True,4,3,2,XSV→ETN
FLORES,P1,376,5,18,ALL_MORPH_BOUNDARY_GUARD,3,projected_saved_draft_candidate_at_or_after_rejection,3.0,AT_GUARD,True,4,2,1,XSN→JKS
FLORES,P1,377,13,32,ALL_MORPH_BOUNDARY_GUARD,1,projected_saved_draft_candidate_at_or_after_rejection,1.0,AT_GUARD,True,4,4,3,XSN→JKG
FLORES,P1,378,5,9,ALL_MORPH_BOUNDARY_GUARD,1,saved_H3_exact_target_token,,NO_REJECTION,True,4,4,3,VCP→EC
FLORES,P1,378,9,19,ALL_MORPH_BOUNDARY_GUARD,3,saved_H3_exact_target_token,,NO_REJECTION,True,4,2,1,VCP→ETM
FLORES,P1,379,3,6,ALL_MORPH_BOUNDARY_GUARD,3,projected_saved_draft_candidate_at_or_after_rejection,1.0,BEFORE_GUARD,False,4,2,1,XSV→ETM
FLORES,P1,379,5,9,NP_BOUNDARY_GUARD,2,projected_saved_draft_candidate_at_or_after_rejection,1.0,BEFORE_GUARD,False,4,3,2,NNG→JKS
FLORES,P1,379,5,9,ALL_MORPH_BOUNDARY_GUARD,2,projected_saved_draft_candidate_at_or_after_rejection,1.0,BEFORE_GUARD,False,4,3,2,NNG→JKS
FLORES,P1,380,3,8,NP_BOUNDARY_GUARD,2,saved_H3_exact_target_token,,NO_REJECTION,True,4,3,2,NNG→JKO
FLORES,P1,380,3,8,ALL_MORPH_BOUNDARY_GUARD,2,saved_H3_exact_target_token,,NO_REJECTION,True,4,3,2,NNG→JKO
FLORES,P1,380,5,13,NP_BOUNDARY_GUARD,2,projected_saved_draft_candidate_at_or_after_rejection,2.0,AT_GUARD,True,4,3,2,NNG→JKO
FLORES,P1,380,5,13,ALL_MORPH_BOUNDARY_GUARD,2,projected_saved_draft_candidate_at_or_after_rejection,2.0,AT_GUARD,True,4,3,2,NNG→JKO
FLORES,P1,380,10,22,ALL_MORPH_BOUNDARY_GUARD,1,projected_saved_draft_candidate_at_or_after_rejection,1.0,AT_GUARD,True,4,4,3,XSN→JKG
FLORES,P1,380,13,27,ALL_MORPH_BOUNDARY_GUARD,1,projected_saved_draft_candidate_at_or_after_rejection,1.0,AT_GUARD,True,4,4,3,XSN→JX
FLORES,P1,381,0,0,NP_BOUNDARY_GUARD,1,projected_saved_draft_candidate_at_or_after_rejection,1.0,AT_GUARD,True,4,4,3,NP→JX
FLORES,P1,381,0,0,ALL_MORPH_BOUNDARY_GUARD,1,projected_saved_draft_candidate_at_or_after_rejection,1.0,AT_GUARD,True,4,4,3,NP→JX
FLORES,P1,381,3,6,ALL_MORPH_BOUNDARY_GUARD,1,projected_saved_draft_candidate_at_or_after_rejection,1.0,AT_GUARD,True,4,4,3,VV→EC
FLORES,P1,381,4,7,ALL_MORPH_BOUNDARY_GUARD,2,projected_saved_draft_candidate_at_or_after_rejection,1.0,BEFORE_GUARD,False,4,3,2,XSV→EC
FLORES,P1,382,7,10,NP_BOUNDARY_GUARD,1,projected_saved_draft_candidate_at_or_after_rejection,1.0,AT_GUARD,True,4,4,3,NNG→JKB
FLORES,P1,382,7,10,ALL_MORPH_BOUNDARY_GUARD,1,projected_saved_draft_candidate_at_or_after_rejection,1.0,AT_GUARD,True,4,4,3,NNG→JKB
FLORES,P1,382,11,20,NP_BOUNDARY_GUARD,1,projected_saved_draft_candidate_at_or_after_rejection,3.0,AFTER_GUARD,True,4,4,3,NNB→JKB
FLORES,P1,382,11,20,ALL_MORPH_BOUNDARY_GUARD,1,projected_saved_draft_candidate_at_or_after_rejection,3.0,AFTER_GUARD,True,4,4,3,NNB→JKB
FLORES,P1,382,17,37,ALL_MORPH_BOUNDARY_GUARD,3,projected_saved_draft_candidate_at_or_after_rejection,4.0,AFTER_GUARD,True,4,2,1,VX→EP
FLORES,P1,383,18,42,ALL_MORPH_BOUNDARY_GUARD,3,saved_H3_exact_target_token,,NO_REJECTION,True,4,2,1,VV→EP
FLORES,P1,383,19,46,NP_BOUNDARY_GUARD,1,projected_saved_draft_candidate_at_or_after_rejection,3.0,AFTER_GUARD,True,4,4,3,NNB→JKB
FLORES,P1,383,19,46,ALL_MORPH_BOUNDARY_GUARD,1,projected_saved_draft_candidate_at_or_after_rejection,3.0,AFTER_GUARD,True,4,4,3,NNB→JKB
FLORES,P1,383,20,49,NP_BOUNDARY_GUARD,1,projected_saved_draft_candidate_at_or_after_rejection,2.0,AFTER_GUARD,True,4,4,3,NNB→JKS
FLORES,P1,383,20,49,ALL_MORPH_BOUNDARY_GUARD,1,projected_saved_draft_candidate_at_or_after_rejection,2.0,AFTER_GUARD,True,4,4,3,NNB→JKS
FLORES,P1,384,0,0,NP_BOUNDARY_GUARD,1,projected_saved_draft_candidate_at_or_after_rejection,4.0,AFTER_GUARD,True,4,4,3,NP→JX
FLORES,P1,384,0,0,ALL_MORPH_BOUNDARY_GUARD,1,projected_saved_draft_candidate_at_or_after_rejection,4.0,AFTER_GUARD,True,4,4,3,NP→JX
FLORES,P1,384,8,18,ALL_MORPH_BOUNDARY_GUARD,3,projected_saved_draft_candidate_at_or_after_rejection,1.0,BEFORE_GUARD,False,4,2,1,EP→EF
FLORES,P1,384,9,19,ALL_MORPH_BOUNDARY_GUARD,1,saved_H3_exact_target_token,,NO_REJECTION,True,4,4,3,XSN→JKS
FLORES,P1,384,23,51,ALL_MORPH_BOUNDARY_GUARD,2,projected_saved_draft_candidate_at_or_after_rejection,1.0,BEFORE_GUARD,False,4,3,2,XSV→EC
FLORES,P1,384,24,52,ALL_MORPH_BOUNDARY_GUARD,2,projected_saved_draft_candidate_at_or_after_rejection,1.0,BEFORE_GUARD,False,4,3,2,VA→EF
FLORES,P1,384,25,53,ALL_MORPH_BOUNDARY_GUARD,1,saved_H3_exact_target_token,,NO_REJECTION,True,3,3,2,VA→EF
FLORES,P1,385,3,6,NP_BOUNDARY_GUARD,2,projected_saved_draft_candidate_at_or_after_rejection,2.0,AT_GUARD,True,4,3,2,NNB→JKS
FLORES,P1,385,3,6,ALL_MORPH_BOUNDARY_GUARD,2,projected_saved_draft_candidate_at_or_after_rejection,2.0,AT_GUARD,True,4,3,2,NNB→JKS
FLORES,P1,385,16,32,ALL_MORPH_BOUNDARY_GUARD,2,projected_saved_draft_candidate_at_or_after_rejection,2.0,AT_GUARD,True,4,3,2,VX→ETM
FLORES,P1,386,7,15,ALL_MORPH_BOUNDARY_GUARD,3,projected_saved_draft_candidate_at_or_after_rejection,4.0,AFTER_GUARD,True,4,2,1,XSN→JX
FLORES,P1,386,8,19,ALL_MORPH_BOUNDARY_GUARD,3,projected_saved_draft_candidate_at_or_after_rejection,4.0,AFTER_GUARD,True,4,2,1,XSA→EC
FLORES,P1,386,18,40,ALL_MORPH_BOUNDARY_GUARD,1,projected_saved_draft_candidate_at_or_after_rejection,3.0,AFTER_GUARD,True,4,4,3,VV→EC
FLORES,P1,386,30,67,ALL_MORPH_BOUNDARY_GUARD,1,saved_H3_exact_target_token,,NO_REJECTION,True,3,3,2,EP→EF
FLORES,P1,387,3,5,ALL_MORPH_BOUNDARY_GUARD,3,projected_saved_draft_candidate_at_or_after_rejection,1.0,BEFORE_GUARD,False,4,2,1,XSN→JKS
FLORES,P1,387,7,10,ALL_MORPH_BOUNDARY_GUARD,2,projected_saved_draft_candidate_at_or_after_rejection,1.0,BEFORE_GUARD,False,4,3,2,XSN→JX
FLORES,P1,387,8,11,ALL_MORPH_BOUNDARY_GUARD,2,projected_saved_draft_candidate_at_or_after_rejection,1.0,BEFORE_GUARD,False,4,3,2,XSN→JX
FLORES,P1,387,17,32,ALL_MORPH_BOUNDARY_GUARD,3,projected_saved_draft_candidate_at_or_after_rejection,1.0,BEFORE_GUARD,False,4,2,1,XSN→JKB
FLORES,P1,387,22,42,ALL_MORPH_BOUNDARY_GUARD,1,projected_saved_draft_candidate_at_or_after_rejection,2.0,AFTER_GUARD,True,4,4,3,XSN→JX
FLORES,P1,388,3,7,ALL_MORPH_BOUNDARY_GUARD,2,projected_saved_draft_candidate_at_or_after_rejection,1.0,BEFORE_GUARD,False,4,3,2,JKB→JX
FLORES,P1,388,11,23,ALL_MORPH_BOUNDARY_GUARD,3,projected_saved_draft_candidate_at_or_after_rejection,3.0,AT_GUARD,True,4,2,1,EP→EF
FLORES,P1,389,0,0,ALL_MORPH_BOUNDARY_GUARD,3,saved_H3_exact_target_token,,NO_REJECTION,True,4,2,1,VV→EC
FLORES,P1,389,17,32,ALL_MORPH_BOUNDARY_GUARD,3,projected_saved_draft_candidate_at_or_after_rejection,2.0,BEFORE_GUARD,False,4,2,1,EP→EF
FLORES,P1,389,19,36,ALL_MORPH_BOUNDARY_GUARD,2,projected_saved_draft_candidate_at_or_after_rejection,2.0,AT_GUARD,True,4,3,2,VX→EP
FLORES,P1,390,2,2,ALL_MORPH_BOUNDARY_GUARD,3,projected_saved_draft_candidate_at_or_after_rejection,1.0,BEFORE_GUARD,False,4,2,1,XSN→JX
FLORES,P1,391,0,0,ALL_MORPH_BOUNDARY_GUARD,2,projected_saved_draft_candidate_at_or_after_rejection,1.0,BEFORE_GUARD,False,4,3,2,XSN→JX
FLORES,P1,391,3,5,ALL_MORPH_BOUNDARY_GUARD,1,projected_saved_draft_candidate_at_or_after_rejection,1.0,AT_GUARD,True,4,4,3,XSN→JKB
FLORES,P1,391,5,7,NP_BOUNDARY_GUARD,1,projected_saved_draft_candidate_at_or_after_rejection,4.0,AFTER_GUARD,True,4,4,3,NNG→JKO
FLORES,P1,391,5,7,ALL_MORPH_BOUNDARY_GUARD,1,projected_saved_draft_candidate_at_or_after_rejection,4.0,AFTER_GUARD,True,4,4,3,NNG→JKO
FLORES,P1,391,7,12,ALL_MORPH_BOUNDARY_GUARD,2,projected_saved_draft_candidate_at_or_after_rejection,2.0,AT_GUARD,True,4,3,2,XSN→JKS
FLORES,P1,392,2,4,ALL_MORPH_BOUNDARY_GUARD,2,projected_saved_draft_candidate_at_or_after_rejection,2.0,AT_GUARD,True,4,3,2,JKB→JX
FLORES,P1,392,9,21,ALL_MORPH_BOUNDARY_GUARD,1,saved_H3_exact_target_token,,NO_REJECTION,True,4,4,3,XSV→EC
FLORES,P1,392,18,37,ALL_MORPH_BOUNDARY_GUARD,3,projected_saved_draft_candidate_at_or_after_rejection,4.0,AFTER_GUARD,True,4,2,1,VA→ETM
FLORES,P1,393,5,14,ALL_MORPH_BOUNDARY_GUARD,3,projected_saved_draft_candidate_at_or_after_rejection,1.0,BEFORE_GUARD,False,4,2,1,XSN→JKS
FLORES,P1,393,14,25,ALL_MORPH_BOUNDARY_GUARD,1,projected_saved_draft_candidate_at_or_after_rejection,2.0,AFTER_GUARD,True,4,4,3,XSV→EC
FLORES,P1,393,18,32,ALL_MORPH_BOUNDARY_GUARD,1,projected_saved_draft_candidate_at_or_after_rejection,1.0,AT_GUARD,True,3,3,2,EP→EF
FLORES,P1,394,8,13,ALL_MORPH_BOUNDARY_GUARD,1,projected_saved_draft_candidate_at_or_after_rejection,1.0,AT_GUARD,True,3,3,2,EP→EF
FLORES,P1,395,4,12,ALL_MORPH_BOUNDARY_GUARD,2,saved_H3_exact_target_token,,NO_REJECTION,True,4,3,2,XSA→EC
FLORES,P1,397,1,1,NP_BOUNDARY_GUARD,1,projected_saved_draft_candidate_at_or_after_rejection,3.0,AFTER_GUARD,True,4,4,3,NNG→JKS
FLORES,P1,397,1,1,ALL_MORPH_BOUNDARY_GUARD,1,projected_saved_draft_candidate_at_or_after_rejection,3.0,AFTER_GUARD,True,4,4,3,NNG→JKS
FLORES,P1,397,3,8,NP_BOUNDARY_GUARD,1,saved_H3_exact_target_token,,NO_REJECTION,True,4,4,3,NNG→JKO
FLORES,P1,397,3,8,ALL_MORPH_BOUNDARY_GUARD,1,saved_H3_exact_target_token,,NO_REJECTION,True,4,4,3,NNG→JKO
FLORES,P1,399,4,6,ALL_MORPH_BOUNDARY_GUARD,3,projected_saved_draft_candidate_at_or_after_rejection,3.0,AT_GUARD,True,4,2,1,XSV→EC
FLORES,P1,399,5,9,ALL_MORPH_BOUNDARY_GUARD,2,projected_saved_draft_candidate_at_or_after_rejection,3.0,AFTER_GUARD,True,4,3,2,VX→EP
FLORES,P1,399,20,38,ALL_MORPH_BOUNDARY_GUARD,3,projected_saved_draft_candidate_at_or_after_rejection,2.0,BEFORE_GUARD,False,4,2,1,XSV→EP
FLORES,P1,399,21,40,ALL_MORPH_BOUNDARY_GUARD,1,projected_saved_draft_candidate_at_or_after_rejection,2.0,AFTER_GUARD,True,4,4,3,XSV→EP
FLORES,P1,399,27,53,ALL_MORPH_BOUNDARY_GUARD,3,projected_saved_draft_candidate_at_or_after_rejection,4.0,AFTER_GUARD,True,4,2,1,XSV→EC
FLORES,P1,400,8,18,ALL_MORPH_BOUNDARY_GUARD,2,projected_saved_draft_candidate_at_or_after_rejection,2.0,AT_GUARD,True,4,3,2,XSN→JKG
FLORES,P1,400,11,25,ALL_MORPH_BOUNDARY_GUARD,2,projected_saved_draft_candidate_at_or_after_rejection,3.0,AFTER_GUARD,True,4,3,2,VX→EP
FLORES,P1,403,1,3,ALL_MORPH_BOUNDARY_GUARD,3,projected_saved_draft_candidate_at_or_after_rejection,3.0,AT_GUARD,True,4,2,1,VCN→EF
FLORES,P1,404,14,41,ALL_MORPH_BOUNDARY_GUARD,3,projected_saved_draft_candidate_at_or_after_rejection,2.0,BEFORE_GUARD,False,4,2,1,VX→EF
FLORES,P1,405,20,48,ALL_MORPH_BOUNDARY_GUARD,1,projected_saved_draft_candidate_at_or_after_rejection,2.0,AFTER_GUARD,True,3,3,2,EP→EF
FLORES,P1,405,21,50,ALL_MORPH_BOUNDARY_GUARD,3,saved_H3_exact_target_token,,NO_REJECTION,True,4,2,1,VX→EF
FLORES,P1,406,5,12,NP_BOUNDARY_GUARD,3,projected_saved_draft_candidate_at_or_after_rejection,4.0,AFTER_GUARD,True,4,2,1,NNB→JKB
FLORES,P1,406,5,12,ALL_MORPH_BOUNDARY_GUARD,3,projected_saved_draft_candidate_at_or_after_rejection,4.0,AFTER_GUARD,True,4,2,1,NNB→JKB
FLORES,P1,407,14,29,ALL_MORPH_BOUNDARY_GUARD,1,saved_H3_exact_target_token,,NO_REJECTION,True,4,4,3,XSV→EC
FLORES,P1,408,15,43,ALL_MORPH_BOUNDARY_GUARD,1,projected_saved_draft_candidate_at_or_after_rejection,2.0,AFTER_GUARD,True,4,4,3,XSN→JKB
FLORES,P1,408,16,45,NP_BOUNDARY_GUARD,3,projected_saved_draft_candidate_at_or_after_rejection,1.0,BEFORE_GUARD,False,4,2,1,NNB→JKO
FLORES,P1,408,16,45,ALL_MORPH_BOUNDARY_GUARD,3,projected_saved_draft_candidate_at_or_after_rejection,1.0,BEFORE_GUARD,False,4,2,1,NNB→JKO
FLORES,P1,408,17,46,NP_BOUNDARY_GUARD,2,projected_saved_draft_candidate_at_or_after_rejection,2.0,AT_GUARD,True,4,3,2,NNB→JKB
FLORES,P1,408,17,46,ALL_MORPH_BOUNDARY_GUARD,1,projected_saved_draft_candidate_at_or_after_rejection,2.0,AFTER_GUARD,True,4,4,3,XSV→ETM
FLORES,P1,408,22,56,ALL_MORPH_BOUNDARY_GUARD,3,projected_saved_draft_candidate_at_or_after_rejection,1.0,BEFORE_GUARD,False,4,2,1,EP→EF
FLORES,P1,408,23,57,ALL_MORPH_BOUNDARY_GUARD,1,projected_saved_draft_candidate_at_or_after_rejection,2.0,AFTER_GUARD,True,4,4,3,VX→EP
FLORES,P1,409,6,18,NP_BOUNDARY_GUARD,1,projected_saved_draft_candidate_at_or_after_rejection,1.0,AT_GUARD,True,4,4,3,NNG→JX
FLORES,P1,409,6,18,ALL_MORPH_BOUNDARY_GUARD,1,projected_saved_draft_candidate_at_or_after_rejection,1.0,AT_GUARD,True,4,4,3,NNG→JX
FLORES,P1,410,7,17,ALL_MORPH_BOUNDARY_GUARD,3,projected_saved_draft_candidate_at_or_after_rejection,1.0,BEFORE_GUARD,False,4,2,1,XSV→EC
FLORES,P1,411,5,12,ALL_MORPH_BOUNDARY_GUARD,2,projected_saved_draft_candidate_at_or_after_rejection,1.0,BEFORE_GUARD,False,4,3,2,VV→ETM
FLORES,P1,411,6,13,ALL_MORPH_BOUNDARY_GUARD,2,projected_saved_draft_candidate_at_or_after_rejection,3.0,AFTER_GUARD,True,4,3,2,XSV→EC
FLORES,P1,411,7,16,ALL_MORPH_BOUNDARY_GUARD,1,projected_saved_draft_candidate_at_or_after_rejection,2.0,AFTER_GUARD,True,4,4,3,XSV→ETM
FLORES,P1,412,17,36,ALL_MORPH_BOUNDARY_GUARD,3,saved_H3_exact_target_token,,NO_REJECTION,True,4,2,1,XSV→ETM
FLORES,P1,412,19,42,ALL_MORPH_BOUNDARY_GUARD,1,projected_saved_draft_candidate_at_or_after_rejection,1.0,AT_GUARD,True,4,4,3,VA→ETM
FLORES,P1,412,20,43,ALL_MORPH_BOUNDARY_GUARD,1,projected_saved_draft_candidate_at_or_after_rejection,1.0,AT_GUARD,True,4,4,3,XSV→EC
FLORES,P1,412,23,47,ALL_MORPH_BOUNDARY_GUARD,2,projected_saved_draft_candidate_at_or_after_rejection,1.0,BEFORE_GUARD,False,4,3,2,VV→ETM
FLORES,P1,412,26,55,ALL_MORPH_BOUNDARY_GUARD,1,projected_saved_draft_candidate_at_or_after_rejection,2.0,AFTER_GUARD,True,4,4,3,XSV→ETM
FLORES,P1,413,2,3,ALL_MORPH_BOUNDARY_GUARD,2,projected_saved_draft_candidate_at_or_after_rejection,1.0,BEFORE_GUARD,False,4,3,2,XSN→JX
FLORES,P1,413,10,25,ALL_MORPH_BOUNDARY_GUARD,2,projected_saved_draft_candidate_at_or_after_rejection,1.0,BEFORE_GUARD,False,4,3,2,XSV→EC
FLORES,P1,413,12,29,ALL_MORPH_BOUNDARY_GUARD,1,projected_saved_draft_candidate_at_or_after_rejection,1.0,AT_GUARD,True,4,4,3,XSV→EC
FLORES,P1,414,9,24,ALL_MORPH_BOUNDARY_GUARD,3,projected_saved_draft_candidate_at_or_after_rejection,3.0,AT_GUARD,True,4,2,1,XSN→JKO
FLORES,P1,414,10,27,ALL_MORPH_BOUNDARY_GUARD,2,projected_saved_draft_candidate_at_or_after_rejection,1.0,BEFORE_GUARD,False,4,3,2,XSV→EC
FLORES,P1,414,11,28,ALL_MORPH_BOUNDARY_GUARD,2,projected_saved_draft_candidate_at_or_after_rejection,3.0,AFTER_GUARD,True,4,3,2,XSV→EC
FLORES,P1,416,9,24,NP_BOUNDARY_GUARD,3,projected_saved_draft_candidate_at_or_after_rejection,1.0,BEFORE_GUARD,False,4,2,1,NNB→JKB
FLORES,P1,416,9,24,ALL_MORPH_BOUNDARY_GUARD,3,projected_saved_draft_candidate_at_or_after_rejection,1.0,BEFORE_GUARD,False,4,2,1,NNB→JKB
FLORES,P1,416,13,29,ALL_MORPH_BOUNDARY_GUARD,3,projected_saved_draft_candidate_at_or_after_rejection,1.0,BEFORE_GUARD,False,4,2,1,XSV→ETN
FLORES,P1,416,14,30,ALL_MORPH_BOUNDARY_GUARD,1,projected_saved_draft_candidate_at_or_after_rejection,1.0,AT_GUARD,True,4,4,3,XSV→ETM
FLORES,P1,416,21,39,ALL_MORPH_BOUNDARY_GUARD,2,projected_saved_draft_candidate_at_or_after_rejection,1.0,BEFORE_GUARD,False,4,3,2,XSV→EC
FLORES,P1,416,22,40,ALL_MORPH_BOUNDARY_GUARD,1,projected_saved_draft_candidate_at_or_after_rejection,1.0,AT_GUARD,True,4,4,3,XSV→EC
FLORES,P1,416,25,44,ALL_MORPH_BOUNDARY_GUARD,3,projected_saved_draft_candidate_at_or_after_rejection,1.0,BEFORE_GUARD,False,4,2,1,XSN→JX
FLORES,P1,416,26,45,ALL_MORPH_BOUNDARY_GUARD,2,projected_saved_draft_candidate_at_or_after_rejection,2.0,AT_GUARD,True,4,3,2,XSN→JX
FLORES,P1,416,27,47,ALL_MORPH_BOUNDARY_GUARD,2,projected_saved_draft_candidate_at_or_after_rejection,1.0,BEFORE_GUARD,False,4,3,2,XSN→JKB
FLORES,P1,416,30,51,ALL_MORPH_BOUNDARY_GUARD,2,saved_H3_exact_target_token,,NO_REJECTION,True,4,3,2,XSV→EC
FLORES,P1,417,11,20,ALL_MORPH_BOUNDARY_GUARD,2,projected_saved_draft_candidate_at_or_after_rejection,2.0,AT_GUARD,True,4,3,2,EP→EF
FLORES,P1,418,6,12,ALL_MORPH_BOUNDARY_GUARD,3,projected_saved_draft_candidate_at_or_after_rejection,3.0,AT_GUARD,True,4,2,1,VA→EC
FLORES,P1,418,15,32,ALL_MORPH_BOUNDARY_GUARD,3,projected_saved_draft_candidate_at_or_after_rejection,2.0,BEFORE_GUARD,False,4,2,1,XSN→JKS
FLORES,P1,418,17,37,ALL_MORPH_BOUNDARY_GUARD,3,projected_saved_draft_candidate_at_or_after_rejection,1.0,BEFORE_GUARD,False,4,2,1,EP→EF
FLORES,P1,419,9,32,ALL_MORPH_BOUNDARY_GUARD,2,projected_saved_draft_candidate_at_or_after_rejection,3.0,AFTER_GUARD,True,4,3,2,VCP→EC
FLORES,P1,420,3,7,ALL_MORPH_BOUNDARY_GUARD,1,projected_saved_draft_candidate_at_or_after_rejection,1.0,AT_GUARD,True,4,4,3,JKB→JX
FLORES,P1,421,8,27,ALL_MORPH_BOUNDARY_GUARD,3,saved_H3_exact_target_token,,NO_REJECTION,True,4,2,1,XSN→JX
FLORES,P1,421,14,40,ALL_MORPH_BOUNDARY_GUARD,2,projected_saved_draft_candidate_at_or_after_rejection,2.0,AT_GUARD,True,4,3,2,XSV→EC
FLORES,P1,422,8,24,ALL_MORPH_BOUNDARY_GUARD,1,projected_saved_draft_candidate_at_or_after_rejection,1.0,AT_GUARD,True,4,4,3,SSC→SP
FLORES,P1,422,11,30,ALL_MORPH_BOUNDARY_GUARD,3,projected_saved_draft_candidate_at_or_after_rejection,1.0,BEFORE_GUARD,False,4,2,1,NNB→XSN
FLORES,P1,423,10,21,ALL_MORPH_BOUNDARY_GUARD,2,saved_H3_exact_target_token,,NO_REJECTION,True,4,3,2,VCP→EC
FLORES,P1,424,6,15,ALL_MORPH_BOUNDARY_GUARD,2,saved_H3_exact_target_token,,NO_REJECTION,True,4,3,2,XSV→EP
FLORES,P1,424,10,22,ALL_MORPH_BOUNDARY_GUARD,3,projected_saved_draft_candidate_at_or_after_rejection,2.0,BEFORE_GUARD,False,4,2,1,XSN→JKS
FLORES,P1,424,11,24,ALL_MORPH_BOUNDARY_GUARD,2,projected_saved_draft_candidate_at_or_after_rejection,1.0,BEFORE_GUARD,False,4,3,2,XSN→JKS
FLORES,P1,424,12,25,ALL_MORPH_BOUNDARY_GUARD,2,projected_saved_draft_candidate_at_or_after_rejection,1.0,BEFORE_GUARD,False,4,3,2,XSN→JKS
FLORES,P1,425,9,28,NP_BOUNDARY_GUARD,1,projected_saved_draft_candidate_at_or_after_rejection,2.0,AFTER_GUARD,True,4,4,3,NNG→JKO
FLORES,P1,425,9,28,ALL_MORPH_BOUNDARY_GUARD,1,projected_saved_draft_candidate_at_or_after_rejection,2.0,AFTER_GUARD,True,4,4,3,NNG→JKO
FLORES,P1,425,15,44,ALL_MORPH_BOUNDARY_GUARD,2,saved_H3_exact_target_token,,NO_REJECTION,True,4,3,2,XSV→EC
FLORES,P1,425,17,49,ALL_MORPH_BOUNDARY_GUARD,3,projected_saved_draft_candidate_at_or_after_rejection,2.0,BEFORE_GUARD,False,4,2,1,XSN→JKS
FLORES,P1,425,26,70,ALL_MORPH_BOUNDARY_GUARD,2,projected_saved_draft_candidate_at_or_after_rejection,1.0,BEFORE_GUARD,False,4,3,2,XSV→EC
FLORES,P1,425,27,71,ALL_MORPH_BOUNDARY_GUARD,2,projected_saved_draft_candidate_at_or_after_rejection,3.0,AFTER_GUARD,True,4,3,2,XSV→EC
FLORES,P1,426,13,40,ALL_MORPH_BOUNDARY_GUARD,3,saved_H3_exact_target_token,,NO_REJECTION,True,4,2,1,XSV→EC
FLORES,P1,427,27,67,ALL_MORPH_BOUNDARY_GUARD,1,projected_saved_draft_candidate_at_or_after_rejection,4.0,AFTER_GUARD,True,4,4,3,XSV→EC
FLORES,P1,427,33,81,NP_BOUNDARY_GUARD,2,projected_saved_draft_candidate_at_or_after_rejection,1.0,BEFORE_GUARD,False,4,3,2,NNB→JKO
FLORES,P1,427,33,81,ALL_MORPH_BOUNDARY_GUARD,2,projected_saved_draft_candidate_at_or_after_rejection,1.0,BEFORE_GUARD,False,4,3,2,NNB→JKO
FLORES,P1,428,12,32,ALL_MORPH_BOUNDARY_GUARD,2,saved_H3_exact_target_token,,NO_REJECTION,True,4,3,2,VV→EF
FLORES,P1,429,7,18,ALL_MORPH_BOUNDARY_GUARD,1,saved_H3_exact_target_token,,NO_REJECTION,True,4,4,3,XSV→EC
FLORES,P1,429,12,35,ALL_MORPH_BOUNDARY_GUARD,3,projected_saved_draft_candidate_at_or_after_rejection,1.0,BEFORE_GUARD,False,4,2,1,EP→EF
FLORES,P1,429,15,40,ALL_MORPH_BOUNDARY_GUARD,1,saved_H3_exact_target_token,,NO_REJECTION,True,3,3,2,VX→EF
FLORES,P1,430,9,19,ALL_MORPH_BOUNDARY_GUARD,3,saved_H3_exact_target_token,,NO_REJECTION,True,4,2,1,XSV→EP
FLORES,P1,430,13,33,ALL_MORPH_BOUNDARY_GUARD,1,saved_H3_exact_target_token,,NO_REJECTION,True,3,3,2,VX→EF
FLORES,P1,431,0,0,ALL_MORPH_BOUNDARY_GUARD,3,saved_H3_exact_target_token,,NO_REJECTION,True,4,2,1,VV→EC
FLORES,P1,432,1,1,ALL_MORPH_BOUNDARY_GUARD,3,projected_saved_draft_candidate_at_or_after_rejection,1.0,BEFORE_GUARD,False,4,2,1,XSV→EC
FLORES,P1,432,2,2,ALL_MORPH_BOUNDARY_GUARD,1,saved_H3_exact_target_token,,NO_REJECTION,True,4,4,3,JKB→JX
FLORES,P1,433,8,28,ALL_MORPH_BOUNDARY_GUARD,1,projected_saved_draft_candidate_at_or_after_rejection,1.0,AT_GUARD,True,4,4,3,XSN→JKB
FLORES,P1,434,10,23,NP_BOUNDARY_GUARD,1,projected_saved_draft_candidate_at_or_after_rejection,1.0,AT_GUARD,True,4,4,3,NNB→JKB
FLORES,P1,434,10,23,ALL_MORPH_BOUNDARY_GUARD,1,projected_saved_draft_candidate_at_or_after_rejection,1.0,AT_GUARD,True,4,4,3,NNB→JKB
FLORES,P1,435,0,0,ALL_MORPH_BOUNDARY_GUARD,1,projected_saved_draft_candidate_at_or_after_rejection,3.0,AFTER_GUARD,True,4,4,3,VA→ETM
FLORES,P1,435,9,28,ALL_MORPH_BOUNDARY_GUARD,3,projected_saved_draft_candidate_at_or_after_rejection,2.0,BEFORE_GUARD,False,4,2,1,XSV→EC
FLORES,P1,435,10,30,ALL_MORPH_BOUNDARY_GUARD,1,projected_saved_draft_candidate_at_or_after_rejection,1.0,AT_GUARD,True,4,4,3,XSA→EC
FLORES,P1,436,10,23,ALL_MORPH_BOUNDARY_GUARD,1,projected_saved_draft_candidate_at_or_after_rejection,2.0,AFTER_GUARD,True,4,4,3,XSV→ETM
FLORES,P1,437,15,39,ALL_MORPH_BOUNDARY_GUARD,1,saved_H3_exact_target_token,,NO_REJECTION,True,4,4,3,SO→SL
FLORES,P1,437,22,58,ALL_MORPH_BOUNDARY_GUARD,1,saved_H3_exact_target_token,,NO_REJECTION,True,4,4,3,SL→SL
FLORES,P1,437,28,79,ALL_MORPH_BOUNDARY_GUARD,2,saved_H3_exact_target_token,,NO_REJECTION,True,4,3,2,XSN→JKB
FLORES,P1,437,32,95,ALL_MORPH_BOUNDARY_GUARD,2,saved_H3_exact_target_token,,NO_REJECTION,True,4,3,2,XSN→JKB
FLORES,P1,438,12,27,ALL_MORPH_BOUNDARY_GUARD,1,projected_saved_draft_candidate_at_or_after_rejection,1.0,AT_GUARD,True,4,4,3,XSN→JKG
FLORES,P1,438,16,34,ALL_MORPH_BOUNDARY_GUARD,1,projected_saved_draft_candidate_at_or_after_rejection,1.0,AT_GUARD,True,3,3,2,EP→EF
FLORES,P1,439,15,27,ALL_MORPH_BOUNDARY_GUARD,1,saved_H3_exact_target_token,,NO_REJECTION,True,4,4,3,XSV→EC
FLORES,P1,441,9,23,ALL_MORPH_BOUNDARY_GUARD,1,saved_H3_exact_target_token,,NO_REJECTION,True,4,4,3,XSV→EC
FLORES,P1,441,10,27,ALL_MORPH_BOUNDARY_GUARD,2,projected_saved_draft_candidate_at_or_after_rejection,3.0,AFTER_GUARD,True,4,3,2,XSN→JKO
FLORES,P1,441,11,30,ALL_MORPH_BOUNDARY_GUARD,2,projected_saved_draft_candidate_at_or_after_rejection,2.0,AT_GUARD,True,4,3,2,XSV→ETM
FLORES,P1,441,12,32,ALL_MORPH_BOUNDARY_GUARD,1,projected_saved_draft_candidate_at_or_after_rejection,1.0,AT_GUARD,True,4,4,3,VX→EC
FLORES,P1,441,15,40,ALL_MORPH_BOUNDARY_GUARD,3,projected_saved_draft_candidate_at_or_after_rejection,1.0,BEFORE_GUARD,False,4,2,1,XSV→ETM
FLORES,P1,441,18,45,NP_BOUNDARY_GUARD,3,projected_saved_draft_candidate_at_or_after_rejection,2.0,BEFORE_GUARD,False,4,2,1,NNB→JKO
FLORES,P1,441,18,45,ALL_MORPH_BOUNDARY_GUARD,2,projected_saved_draft_candidate_at_or_after_rejection,2.0,AT_GUARD,True,4,3,2,XSV→ETM
FLORES,P1,441,19,47,NP_BOUNDARY_GUARD,1,projected_saved_draft_candidate_at_or_after_rejection,1.0,AT_GUARD,True,4,4,3,NNB→JKO
FLORES,P1,441,19,47,ALL_MORPH_BOUNDARY_GUARD,1,projected_saved_draft_candidate_at_or_after_rejection,1.0,AT_GUARD,True,4,4,3,NNB→JKO
FLORES,P1,442,7,16,ALL_MORPH_BOUNDARY_GUARD,3,saved_H3_exact_target_token,,NO_REJECTION,True,4,2,1,VV→EP
FLORES,P1,442,11,30,ALL_MORPH_BOUNDARY_GUARD,2,projected_saved_draft_candidate_at_or_after_rejection,3.0,AFTER_GUARD,True,4,3,2,VA→ETM
FLORES,P1,442,12,33,ALL_MORPH_BOUNDARY_GUARD,1,projected_saved_draft_candidate_at_or_after_rejection,2.0,AFTER_GUARD,True,4,4,3,XSN→JKS
FLORES,P1,442,20,47,ALL_MORPH_BOUNDARY_GUARD,1,saved_H3_exact_target_token,,NO_REJECTION,True,4,4,3,VX→EC
FLORES,P1,442,21,51,ALL_MORPH_BOUNDARY_GUARD,3,projected_saved_draft_candidate_at_or_after_rejection,1.0,BEFORE_GUARD,False,4,2,1,EP→EF
FLORES,P1,442,22,52,ALL_MORPH_BOUNDARY_GUARD,2,projected_saved_draft_candidate_at_or_after_rejection,2.0,AT_GUARD,True,4,3,2,VA→ETM
FLORES,P1,443,2,4,ALL_MORPH_BOUNDARY_GUARD,2,projected_saved_draft_candidate_at_or_after_rejection,2.0,AT_GUARD,True,4,3,2,XSV→EC
FLORES,P1,444,1,3,ALL_MORPH_BOUNDARY_GUARD,2,projected_saved_draft_candidate_at_or_after_rejection,4.0,AFTER_GUARD,True,4,3,2,XSN→VCP
FLORES,P1,444,7,18,ALL_MORPH_BOUNDARY_GUARD,2,projected_saved_draft_candidate_at_or_after_rejection,2.0,AT_GUARD,True,4,3,2,XSV→ETM
FLORES,P1,444,8,20,ALL_MORPH_BOUNDARY_GUARD,3,projected_saved_draft_candidate_at_or_after_rejection,2.0,BEFORE_GUARD,False,4,2,1,XSN→JKB
FLORES,P1,444,10,23,ALL_MORPH_BOUNDARY_GUARD,2,projected_saved_draft_candidate_at_or_after_rejection,1.0,BEFORE_GUARD,False,4,3,2,XSN→JKB
FLORES,P1,445,3,6,NP_BOUNDARY_GUARD,2,projected_saved_draft_candidate_at_or_after_rejection,1.0,BEFORE_GUARD,False,4,3,2,NNG→JKO
FLORES,P1,445,3,6,ALL_MORPH_BOUNDARY_GUARD,2,projected_saved_draft_candidate_at_or_after_rejection,1.0,BEFORE_GUARD,False,4,3,2,NNG→JKO
FLORES,P1,445,5,9,ALL_MORPH_BOUNDARY_GUARD,2,saved_H3_exact_target_token,,NO_REJECTION,True,4,3,2,XSV→EC
FLORES,P1,446,7,15,ALL_MORPH_BOUNDARY_GUARD,2,projected_saved_draft_candidate_at_or_after_rejection,2.0,AT_GUARD,True,4,3,2,XSV→EP
FLORES,P1,446,8,17,NP_BOUNDARY_GUARD,3,saved_H3_exact_target_token,,NO_REJECTION,True,4,2,1,NNB→JKB
FLORES,P1,446,8,17,ALL_MORPH_BOUNDARY_GUARD,3,saved_H3_exact_target_token,,NO_REJECTION,True,4,2,1,NNB→JKB
FLORES,P1,446,33,77,ALL_MORPH_BOUNDARY_GUARD,1,saved_H3_exact_target_token,,NO_REJECTION,True,3,3,2,SL→SL
FLORES,P1,448,10,21,ALL_MORPH_BOUNDARY_GUARD,2,projected_saved_draft_candidate_at_or_after_rejection,1.0,BEFORE_GUARD,False,4,3,2,XSN→JX
FLORES,P1,448,11,22,ALL_MORPH_BOUNDARY_GUARD,3,projected_saved_draft_candidate_at_or_after_rejection,1.0,BEFORE_GUARD,False,4,2,1,VA→ETM
FLORES,P1,448,12,23,ALL_MORPH_BOUNDARY_GUARD,2,projected_saved_draft_candidate_at_or_after_rejection,2.0,AT_GUARD,True,4,3,2,VA→ETM
FLORES,P1,448,14,26,ALL_MORPH_BOUNDARY_GUARD,2,projected_saved_draft_candidate_at_or_after_rejection,1.0,BEFORE_GUARD,False,4,3,2,XSV→EC
FLORES,P1,449,17,33,NP_BOUNDARY_GUARD,2,projected_saved_draft_candidate_at_or_after_rejection,1.0,BEFORE_GUARD,False,4,3,2,NNB→JKO
FLORES,P1,449,17,33,ALL_MORPH_BOUNDARY_GUARD,2,projected_saved_draft_candidate_at_or_after_rejection,1.0,BEFORE_GUARD,False,4,3,2,NNB→JKO
FLORES,P1,451,4,10,ALL_MORPH_BOUNDARY_GUARD,3,saved_H3_exact_target_token,,NO_REJECTION,True,4,2,1,XSV→ETM
FLORES,P1,451,14,35,ALL_MORPH_BOUNDARY_GUARD,2,projected_saved_draft_candidate_at_or_after_rejection,3.0,AFTER_GUARD,True,4,3,2,XSV→ETM
FLORES,P1,451,17,44,ALL_MORPH_BOUNDARY_GUARD,2,projected_saved_draft_candidate_at_or_after_rejection,1.0,BEFORE_GUARD,False,4,3,2,VCP→EF
FLORES,P1,451,19,46,ALL_MORPH_BOUNDARY_GUARD,2,projected_saved_draft_candidate_at_or_after_rejection,2.0,AT_GUARD,True,4,3,2,EP→EF
FLORES,P1,452,9,15,ALL_MORPH_BOUNDARY_GUARD,1,projected_saved_draft_candidate_at_or_after_rejection,1.0,AT_GUARD,True,4,4,3,VV→EP
FLORES,P1,452,14,25,NP_BOUNDARY_GUARD,2,projected_saved_draft_candidate_at_or_after_rejection,3.0,AFTER_GUARD,True,4,3,2,NNG→JX
FLORES,P1,452,14,25,ALL_MORPH_BOUNDARY_GUARD,2,projected_saved_draft_candidate_at_or_after_rejection,3.0,AFTER_GUARD,True,4,3,2,NNG→JX
FLORES,P1,452,25,53,ALL_MORPH_BOUNDARY_GUARD,3,projected_saved_draft_candidate_at_or_after_rejection,2.0,BEFORE_GUARD,False,4,2,1,EP→EF
FLORES,P1,453,4,8,ALL_MORPH_BOUNDARY_GUARD,2,projected_saved_draft_candidate_at_or_after_rejection,1.0,BEFORE_GUARD,False,4,3,2,XSN→JKS
FLORES,P1,453,5,9,ALL_MORPH_BOUNDARY_GUARD,1,projected_saved_draft_candidate_at_or_after_rejection,2.0,AFTER_GUARD,True,4,4,3,XSN→JKS
FLORES,P1,455,17,40,ALL_MORPH_BOUNDARY_GUARD,3,projected_saved_draft_candidate_at_or_after_rejection,2.0,BEFORE_GUARD,False,4,2,1,VX→ETM
FLORES,P1,455,20,47,NP_BOUNDARY_GUARD,2,projected_saved_draft_candidate_at_or_after_rejection,1.0,BEFORE_GUARD,False,4,3,2,NNG→JX
FLORES,P1,455,20,47,ALL_MORPH_BOUNDARY_GUARD,2,projected_saved_draft_candidate_at_or_after_rejection,1.0,BEFORE_GUARD,False,4,3,2,NNG→JX
FLORES,P1,455,24,52,ALL_MORPH_BOUNDARY_GUARD,3,projected_saved_draft_candidate_at_or_after_rejection,3.0,AT_GUARD,True,4,2,1,VCN→EC
FLORES,P1,455,28,61,ALL_MORPH_BOUNDARY_GUARD,2,projected_saved_draft_candidate_at_or_after_rejection,1.0,BEFORE_GUARD,False,4,3,2,VCP→ETM
FLORES,P1,455,31,68,ALL_MORPH_BOUNDARY_GUARD,1,saved_H3_exact_target_token,,NO_REJECTION,True,3,3,2,VV→EF
FLORES,P1,458,7,18,NP_BOUNDARY_GUARD,2,projected_saved_draft_candidate_at_or_after_rejection,1.0,BEFORE_GUARD,False,4,3,2,NNG→JKG
FLORES,P1,458,7,18,ALL_MORPH_BOUNDARY_GUARD,1,projected_saved_draft_candidate_at_or_after_rejection,1.0,AT_GUARD,True,4,4,3,XSN→JKS
FLORES,P1,458,8,19,NP_BOUNDARY_GUARD,2,projected_saved_draft_candidate_at_or_after_rejection,2.0,AT_GUARD,True,4,3,2,NNG→JKG
FLORES,P1,458,8,19,ALL_MORPH_BOUNDARY_GUARD,2,projected_saved_draft_candidate_at_or_after_rejection,2.0,AT_GUARD,True,4,3,2,NNG→JKG
FLORES,P1,458,9,21,ALL_MORPH_BOUNDARY_GUARD,1,saved_H3_exact_target_token,,NO_REJECTION,True,4,4,3,XSN→JKG
FLORES,P1,458,10,25,ALL_MORPH_BOUNDARY_GUARD,3,projected_saved_draft_candidate_at_or_after_rejection,4.0,AFTER_GUARD,True,4,2,1,XSV→EC
FLORES,P1,459,20,31,ALL_MORPH_BOUNDARY_GUARD,2,projected_saved_draft_candidate_at_or_after_rejection,4.0,AFTER_GUARD,True,4,3,2,VV→ETM
FLORES,P1,460,10,15,NP_BOUNDARY_GUARD,3,projected_saved_draft_candidate_at_or_after_rejection,2.0,BEFORE_GUARD,False,4,2,1,NNG→JKO
FLORES,P1,460,10,15,ALL_MORPH_BOUNDARY_GUARD,3,projected_saved_draft_candidate_at_or_after_rejection,2.0,BEFORE_GUARD,False,4,2,1,NNG→JKO
FLORES,P1,460,13,19,NP_BOUNDARY_GUARD,2,projected_saved_draft_candidate_at_or_after_rejection,1.0,BEFORE_GUARD,False,4,3,2,NNG→JKO
FLORES,P1,460,13,19,ALL_MORPH_BOUNDARY_GUARD,2,projected_saved_draft_candidate_at_or_after_rejection,1.0,BEFORE_GUARD,False,4,3,2,NNG→JKO
FLORES,P1,460,16,23,ALL_MORPH_BOUNDARY_GUARD,3,projected_saved_draft_candidate_at_or_after_rejection,1.0,BEFORE_GUARD,False,4,2,1,XSA→EC
FLORES,P1,460,17,24,ALL_MORPH_BOUNDARY_GUARD,2,projected_saved_draft_candidate_at_or_after_rejection,3.0,AFTER_GUARD,True,4,3,2,XSA→EC
FLORES,P1,461,13,26,ALL_MORPH_BOUNDARY_GUARD,1,saved_H3_exact_target_token,,NO_REJECTION,True,3,3,2,VX→EF
FLORES,P1,462,1,3,ALL_MORPH_BOUNDARY_GUARD,3,projected_saved_draft_candidate_at_or_after_rejection,1.0,BEFORE_GUARD,False,4,2,1,VV→EC
FLORES,P1,462,3,5,NP_BOUNDARY_GUARD,1,projected_saved_draft_candidate_at_or_after_rejection,2.0,AFTER_GUARD,True,4,4,3,NNB→JKO
FLORES,P1,462,3,5,ALL_MORPH_BOUNDARY_GUARD,1,projected_saved_draft_candidate_at_or_after_rejection,2.0,AFTER_GUARD,True,4,4,3,NNB→JKO
FLORES,P1,462,6,10,NP_BOUNDARY_GUARD,2,projected_saved_draft_candidate_at_or_after_rejection,1.0,BEFORE_GUARD,False,4,3,2,NNB→JX
FLORES,P1,462,6,10,ALL_MORPH_BOUNDARY_GUARD,2,projected_saved_draft_candidate_at_or_after_rejection,1.0,BEFORE_GUARD,False,4,3,2,NNB→JX
FLORES,P1,462,9,14,NP_BOUNDARY_GUARD,1,projected_saved_draft_candidate_at_or_after_rejection,1.0,AT_GUARD,True,4,4,3,NNB→JX
FLORES,P1,462,9,14,ALL_MORPH_BOUNDARY_GUARD,1,projected_saved_draft_candidate_at_or_after_rejection,1.0,AT_GUARD,True,4,4,3,NNB→JX
FLORES,P1,462,10,15,ALL_MORPH_BOUNDARY_GUARD,1,projected_saved_draft_candidate_at_or_after_rejection,3.0,AFTER_GUARD,True,4,4,3,VA→EF
FLORES,P1,463,2,7,NP_BOUNDARY_GUARD,1,projected_saved_draft_candidate_at_or_after_rejection,2.0,AFTER_GUARD,True,4,4,3,NNB→JX
FLORES,P1,463,2,7,ALL_MORPH_BOUNDARY_GUARD,1,projected_saved_draft_candidate_at_or_after_rejection,2.0,AFTER_GUARD,True,4,4,3,NNB→JX
FLORES,P1,463,12,27,ALL_MORPH_BOUNDARY_GUARD,1,projected_saved_draft_candidate_at_or_after_rejection,1.0,AT_GUARD,True,4,4,3,VA→ETM
FLORES,P1,463,13,28,ALL_MORPH_BOUNDARY_GUARD,1,projected_saved_draft_candidate_at_or_after_rejection,4.0,AFTER_GUARD,True,4,4,3,VA→ETM
FLORES,P1,463,14,32,ALL_MORPH_BOUNDARY_GUARD,3,projected_saved_draft_candidate_at_or_after_rejection,1.0,BEFORE_GUARD,False,4,2,1,VX→EF
FLORES,P1,463,25,54,NP_BOUNDARY_GUARD,2,projected_saved_draft_candidate_at_or_after_rejection,2.0,AT_GUARD,True,4,3,2,NNB→JKO
FLORES,P1,463,25,54,ALL_MORPH_BOUNDARY_GUARD,2,projected_saved_draft_candidate_at_or_after_rejection,2.0,AT_GUARD,True,4,3,2,NNB→JKO
FLORES,P1,463,26,56,ALL_MORPH_BOUNDARY_GUARD,1,projected_saved_draft_candidate_at_or_after_rejection,1.0,AT_GUARD,True,4,4,3,XSN→JKO
FLORES,P1,463,30,65,ALL_MORPH_BOUNDARY_GUARD,3,projected_saved_draft_candidate_at_or_after_rejection,1.0,BEFORE_GUARD,False,4,2,1,VX→EC
FLORES,P1,464,3,3,ALL_MORPH_BOUNDARY_GUARD,1,projected_saved_draft_candidate_at_or_after_rejection,1.0,AT_GUARD,True,4,4,3,SSO→SL
FLORES,P1,464,15,24,ALL_MORPH_BOUNDARY_GUARD,3,projected_saved_draft_candidate_at_or_after_rejection,3.0,AT_GUARD,True,4,2,1,VCP→EF
FLORES,P1,465,6,9,ALL_MORPH_BOUNDARY_GUARD,3,projected_saved_draft_candidate_at_or_after_rejection,2.0,BEFORE_GUARD,False,4,2,1,XSN→JKS
FLORES,P1,465,17,34,ALL_MORPH_BOUNDARY_GUARD,3,projected_saved_draft_candidate_at_or_after_rejection,4.0,AFTER_GUARD,True,4,2,1,VV→ETM
FLORES,P1,466,8,13,ALL_MORPH_BOUNDARY_GUARD,3,projected_saved_draft_candidate_at_or_after_rejection,1.0,BEFORE_GUARD,False,4,2,1,VCP→ETM
FLORES,P1,467,13,26,ALL_MORPH_BOUNDARY_GUARD,1,saved_H3_exact_target_token,,NO_REJECTION,True,4,4,3,VV→EC
FLORES,P1,467,25,59,ALL_MORPH_BOUNDARY_GUARD,3,saved_H3_exact_target_token,,NO_REJECTION,True,4,2,1,VV→ETM
FLORES,P1,468,4,7,ALL_MORPH_BOUNDARY_GUARD,3,projected_saved_draft_candidate_at_or_after_rejection,3.0,AT_GUARD,True,4,2,1,VV→ETM
FLORES,P1,468,7,15,ALL_MORPH_BOUNDARY_GUARD,2,projected_saved_draft_candidate_at_or_after_rejection,4.0,AFTER_GUARD,True,4,3,2,VCP→EC
FLORES,P1,469,7,12,NP_BOUNDARY_GUARD,3,projected_saved_draft_candidate_at_or_after_rejection,1.0,BEFORE_GUARD,False,4,2,1,NNB→JKO
FLORES,P1,469,7,12,ALL_MORPH_BOUNDARY_GUARD,3,projected_saved_draft_candidate_at_or_after_rejection,1.0,BEFORE_GUARD,False,4,2,1,NNB→JKO
FLORES,P1,469,20,38,NP_BOUNDARY_GUARD,1,projected_saved_draft_candidate_at_or_after_rejection,1.0,AT_GUARD,True,4,4,3,NNB→JKS
FLORES,P1,469,20,38,ALL_MORPH_BOUNDARY_GUARD,1,projected_saved_draft_candidate_at_or_after_rejection,1.0,AT_GUARD,True,4,4,3,NNB→JKS
FLORES,P1,470,4,6,ALL_MORPH_BOUNDARY_GUARD,1,projected_saved_draft_candidate_at_or_after_rejection,3.0,AFTER_GUARD,True,4,4,3,XSN→JKB
FLORES,P1,470,7,14,ALL_MORPH_BOUNDARY_GUARD,2,projected_saved_draft_candidate_at_or_after_rejection,2.0,AT_GUARD,True,4,3,2,XSV→EC
FLORES,P1,470,11,25,ALL_MORPH_BOUNDARY_GUARD,1,projected_saved_draft_candidate_at_or_after_rejection,2.0,AFTER_GUARD,True,4,4,3,XSA→EC
FLORES,P1,470,13,28,NP_BOUNDARY_GUARD,3,saved_H3_exact_target_token,,NO_REJECTION,True,4,2,1,NNG→JKO
FLORES,P1,470,13,28,ALL_MORPH_BOUNDARY_GUARD,3,saved_H3_exact_target_token,,NO_REJECTION,True,4,2,1,NNG→JKO
FLORES,P1,471,13,35,ALL_MORPH_BOUNDARY_GUARD,1,projected_saved_draft_candidate_at_or_after_rejection,2.0,AFTER_GUARD,True,4,4,3,XSN→JKB
FLORES,P1,472,18,44,ALL_MORPH_BOUNDARY_GUARD,3,projected_saved_draft_candidate_at_or_after_rejection,2.0,BEFORE_GUARD,False,4,2,1,XSN→JKG
FLORES,P1,472,54,105,ALL_MORPH_BOUNDARY_GUARD,3,projected_saved_draft_candidate_at_or_after_rejection,1.0,BEFORE_GUARD,False,4,2,1,XSN→JKG
FLORES,P1,473,3,4,ALL_MORPH_BOUNDARY_GUARD,3,projected_saved_draft_candidate_at_or_after_rejection,1.0,BEFORE_GUARD,False,4,2,1,XSN→JX
FLORES,P1,473,4,5,ALL_MORPH_BOUNDARY_GUARD,3,projected_saved_draft_candidate_at_or_after_rejection,1.0,BEFORE_GUARD,False,4,2,1,XSN→JX
FLORES,P1,473,5,6,ALL_MORPH_BOUNDARY_GUARD,1,projected_saved_draft_candidate_at_or_after_rejection,2.0,AFTER_GUARD,True,4,4,3,XSN→JX
FLORES,P1,473,8,10,ALL_MORPH_BOUNDARY_GUARD,2,projected_saved_draft_candidate_at_or_after_rejection,1.0,BEFORE_GUARD,False,4,3,2,NNG→XSN
FLORES,P1,473,26,51,ALL_MORPH_BOUNDARY_GUARD,3,saved_H3_exact_target_token,,NO_REJECTION,True,4,2,1,EP→EF
FLORES,P1,474,1,1,ALL_MORPH_BOUNDARY_GUARD,1,projected_saved_draft_candidate_at_or_after_rejection,2.0,AFTER_GUARD,True,4,4,3,XSN→JKG
FLORES,P1,474,10,24,ALL_MORPH_BOUNDARY_GUARD,2,projected_saved_draft_candidate_at_or_after_rejection,1.0,BEFORE_GUARD,False,4,3,2,EP→EF
FLORES,P1,474,11,25,ALL_MORPH_BOUNDARY_GUARD,1,saved_H3_exact_target_token,,NO_REJECTION,True,3,3,2,EP→EF
FLORES,P1,475,8,14,ALL_MORPH_BOUNDARY_GUARD,3,projected_saved_draft_candidate_at_or_after_rejection,2.0,BEFORE_GUARD,False,4,2,1,VV→EC
FLORES,P1,476,8,20,NP_BOUNDARY_GUARD,3,projected_saved_draft_candidate_at_or_after_rejection,1.0,BEFORE_GUARD,False,4,2,1,NNB→JX
FLORES,P1,476,8,20,ALL_MORPH_BOUNDARY_GUARD,3,projected_saved_draft_candidate_at_or_after_rejection,1.0,BEFORE_GUARD,False,4,2,1,NNB→JX
FLORES,P1,476,11,26,NP_BOUNDARY_GUARD,3,projected_saved_draft_candidate_at_or_after_rejection,4.0,AFTER_GUARD,True,4,2,1,NNB→JX
FLORES,P1,476,11,26,ALL_MORPH_BOUNDARY_GUARD,3,projected_saved_draft_candidate_at_or_after_rejection,4.0,AFTER_GUARD,True,4,2,1,NNB→JX
FLORES,P1,477,0,0,ALL_MORPH_BOUNDARY_GUARD,2,projected_saved_draft_candidate_at_or_after_rejection,1.0,BEFORE_GUARD,False,4,3,2,XSN→JX
FLORES,P1,477,11,23,ALL_MORPH_BOUNDARY_GUARD,3,projected_saved_draft_candidate_at_or_after_rejection,1.0,BEFORE_GUARD,False,4,2,1,XSN→JKG
FLORES,P1,477,28,62,NP_BOUNDARY_GUARD,1,projected_saved_draft_candidate_at_or_after_rejection,2.0,AFTER_GUARD,True,4,4,3,NNG→JKO
FLORES,P1,477,28,62,ALL_MORPH_BOUNDARY_GUARD,1,projected_saved_draft_candidate_at_or_after_rejection,2.0,AFTER_GUARD,True,4,4,3,NNG→JKO
FLORES,P1,477,29,64,ALL_MORPH_BOUNDARY_GUARD,2,projected_saved_draft_candidate_at_or_after_rejection,1.0,BEFORE_GUARD,False,4,3,2,XSV→ETN
FLORES,P1,477,30,65,ALL_MORPH_BOUNDARY_GUARD,1,projected_saved_draft_candidate_at_or_after_rejection,1.0,AT_GUARD,True,4,4,3,XSV→ETM
FLORES,P1,478,21,38,ALL_MORPH_BOUNDARY_GUARD,2,projected_saved_draft_candidate_at_or_after_rejection,2.0,AT_GUARD,True,4,3,2,SO→SL
FLORES,P1,478,24,48,ALL_MORPH_BOUNDARY_GUARD,1,saved_H3_exact_target_token,,NO_REJECTION,True,4,4,3,SL→SL
FLORES,P1,479,6,12,ALL_MORPH_BOUNDARY_GUARD,1,projected_saved_draft_candidate_at_or_after_rejection,1.0,AT_GUARD,True,4,4,3,XSN→JKG
FLORES,P1,479,11,24,NP_BOUNDARY_GUARD,1,projected_saved_draft_candidate_at_or_after_rejection,2.0,AFTER_GUARD,True,4,4,3,NNB→JKS
FLORES,P1,479,11,24,ALL_MORPH_BOUNDARY_GUARD,1,projected_saved_draft_candidate_at_or_after_rejection,2.0,AFTER_GUARD,True,4,4,3,NNB→JKS
FLORES,P1,480,4,8,ALL_MORPH_BOUNDARY_GUARD,2,projected_saved_draft_candidate_at_or_after_rejection,3.0,AFTER_GUARD,True,4,3,2,XSN→JKB
FLORES,P1,482,2,7,ALL_MORPH_BOUNDARY_GUARD,2,projected_saved_draft_candidate_at_or_after_rejection,1.0,BEFORE_GUARD,False,4,3,2,XSN→JKB
FLORES,P1,482,6,16,ALL_MORPH_BOUNDARY_GUARD,2,projected_saved_draft_candidate_at_or_after_rejection,2.0,AT_GUARD,True,4,3,2,XSV→EC
FLORES,P1,482,21,54,ALL_MORPH_BOUNDARY_GUARD,3,projected_saved_draft_candidate_at_or_after_rejection,2.0,BEFORE_GUARD,False,4,2,1,XSV→ETM
FLORES,P1,482,22,56,ALL_MORPH_BOUNDARY_GUARD,2,projected_saved_draft_candidate_at_or_after_rejection,3.0,AFTER_GUARD,True,4,3,2,XSV→ETM
FLORES,P1,482,24,60,ALL_MORPH_BOUNDARY_GUARD,1,projected_saved_draft_candidate_at_or_after_rejection,1.0,AT_GUARD,True,4,4,3,VV→ETM
FLORES,P1,483,14,41,ALL_MORPH_BOUNDARY_GUARD,2,projected_saved_draft_candidate_at_or_after_rejection,1.0,BEFORE_GUARD,False,4,3,2,XSV→ETM
FLORES,P1,483,15,42,ALL_MORPH_BOUNDARY_GUARD,1,projected_saved_draft_candidate_at_or_after_rejection,3.0,AFTER_GUARD,True,4,4,3,XSV→ETM
FLORES,P1,483,19,56,ALL_MORPH_BOUNDARY_GUARD,3,projected_saved_draft_candidate_at_or_after_rejection,2.0,BEFORE_GUARD,False,4,2,1,VCP→EC
FLORES,P1,484,0,0,ALL_MORPH_BOUNDARY_GUARD,3,saved_H3_exact_target_token,,NO_REJECTION,True,4,2,1,VV→EC
FLORES,P1,484,6,15,ALL_MORPH_BOUNDARY_GUARD,1,projected_saved_draft_candidate_at_or_after_rejection,2.0,AFTER_GUARD,True,4,4,3,XSN→JKB
FLORES,P1,485,10,19,ALL_MORPH_BOUNDARY_GUARD,2,projected_saved_draft_candidate_at_or_after_rejection,3.0,AFTER_GUARD,True,4,3,2,XSN→JKB
FLORES,P1,485,12,23,ALL_MORPH_BOUNDARY_GUARD,1,projected_saved_draft_candidate_at_or_after_rejection,4.0,AFTER_GUARD,True,4,4,3,XSN→VCP
FLORES,P1,486,12,20,ALL_MORPH_BOUNDARY_GUARD,2,saved_H3_exact_target_token,,NO_REJECTION,True,4,3,2,XSV→ETM
FLORES,P1,486,20,46,ALL_MORPH_BOUNDARY_GUARD,2,projected_saved_draft_candidate_at_or_after_rejection,2.0,AT_GUARD,True,4,3,2,XSV→ETM
FLORES,P1,486,23,53,ALL_MORPH_BOUNDARY_GUARD,3,projected_saved_draft_candidate_at_or_after_rejection,1.0,BEFORE_GUARD,False,4,2,1,XSV→EC
FLORES,P1,487,7,15,ALL_MORPH_BOUNDARY_GUARD,1,projected_saved_draft_candidate_at_or_after_rejection,1.0,AT_GUARD,True,4,4,3,VX→EC
FLORES,P1,487,21,34,ALL_MORPH_BOUNDARY_GUARD,3,projected_saved_draft_candidate_at_or_after_rejection,3.0,AT_GUARD,True,4,2,1,XSN→JKS
FLORES,P1,488,7,16,ALL_MORPH_BOUNDARY_GUARD,3,projected_saved_draft_candidate_at_or_after_rejection,3.0,AT_GUARD,True,4,2,1,XSV→EC
FLORES,P1,488,15,43,ALL_MORPH_BOUNDARY_GUARD,3,projected_saved_draft_candidate_at_or_after_rejection,2.0,BEFORE_GUARD,False,4,2,1,XSN→JKS
FLORES,P1,488,23,64,ALL_MORPH_BOUNDARY_GUARD,2,projected_saved_draft_candidate_at_or_after_rejection,1.0,BEFORE_GUARD,False,4,3,2,XSN→JKS
FLORES,P1,488,24,65,ALL_MORPH_BOUNDARY_GUARD,3,projected_saved_draft_candidate_at_or_after_rejection,1.0,BEFORE_GUARD,False,4,2,1,XSN→JKB
FLORES,P1,488,30,77,ALL_MORPH_BOUNDARY_GUARD,1,saved_H3_exact_target_token,,NO_REJECTION,True,3,3,2,EP→EF
FLORES,P1,489,10,22,ALL_MORPH_BOUNDARY_GUARD,3,projected_saved_draft_candidate_at_or_after_rejection,1.0,BEFORE_GUARD,False,4,2,1,VCP→EF
FLORES,P1,489,14,29,ALL_MORPH_BOUNDARY_GUARD,3,projected_saved_draft_candidate_at_or_after_rejection,3.0,AT_GUARD,True,4,2,1,XSV→ETM
FLORES,P1,489,15,32,ALL_MORPH_BOUNDARY_GUARD,1,projected_saved_draft_candidate_at_or_after_rejection,1.0,AT_GUARD,True,3,3,2,VX→EF
FLORES,P1,490,6,14,ALL_MORPH_BOUNDARY_GUARD,3,saved_H3_exact_target_token,,NO_REJECTION,True,4,2,1,XSV→EP
FLORES,P1,491,7,14,ALL_MORPH_BOUNDARY_GUARD,2,projected_saved_draft_candidate_at_or_after_rejection,1.0,BEFORE_GUARD,False,4,3,2,XSN→JKS
FLORES,P1,491,8,15,ALL_MORPH_BOUNDARY_GUARD,1,projected_saved_draft_candidate_at_or_after_rejection,1.0,AT_GUARD,True,4,4,3,XSN→JKS
FLORES,P1,491,9,16,ALL_MORPH_BOUNDARY_GUARD,1,projected_saved_draft_candidate_at_or_after_rejection,2.0,AFTER_GUARD,True,4,4,3,XSN→JKS
FLORES,P1,491,15,29,ALL_MORPH_BOUNDARY_GUARD,3,projected_saved_draft_candidate_at_or_after_rejection,1.0,BEFORE_GUARD,False,4,2,1,VV→EC
FLORES,P1,491,16,30,ALL_MORPH_BOUNDARY_GUARD,1,projected_saved_draft_candidate_at_or_after_rejection,2.0,AFTER_GUARD,True,4,4,3,XSN→JX
FLORES,P1,491,23,44,NP_BOUNDARY_GUARD,1,projected_saved_draft_candidate_at_or_after_rejection,1.0,AT_GUARD,True,4,4,3,NNB→JKO
FLORES,P1,491,23,44,ALL_MORPH_BOUNDARY_GUARD,1,projected_saved_draft_candidate_at_or_after_rejection,1.0,AT_GUARD,True,4,4,3,NNB→JKO
FLORES,P1,491,30,59,ALL_MORPH_BOUNDARY_GUARD,3,projected_saved_draft_candidate_at_or_after_rejection,1.0,BEFORE_GUARD,False,4,2,1,EP→EF
FLORES,P1,491,31,60,ALL_MORPH_BOUNDARY_GUARD,1,saved_H3_exact_target_token,,NO_REJECTION,True,3,3,2,EP→EF
FLORES,P1,494,9,14,ALL_MORPH_BOUNDARY_GUARD,1,projected_saved_draft_candidate_at_or_after_rejection,2.0,AFTER_GUARD,True,4,4,3,VA→EC
FLORES,P1,496,19,41,ALL_MORPH_BOUNDARY_GUARD,1,projected_saved_draft_candidate_at_or_after_rejection,2.0,AFTER_GUARD,True,4,4,3,XSN→JX
FLORES,P1,496,22,45,ALL_MORPH_BOUNDARY_GUARD,2,saved_H3_exact_target_token,,NO_REJECTION,True,4,3,2,XSV→ETN
FLORES,P1,496,24,53,ALL_MORPH_BOUNDARY_GUARD,2,saved_H3_exact_target_token,,NO_REJECTION,True,4,3,2,EP→EF
FLORES,P1,497,5,9,NP_BOUNDARY_GUARD,2,projected_saved_draft_candidate_at_or_after_rejection,1.0,BEFORE_GUARD,False,4,3,2,NNG→JKG
FLORES,P1,497,5,9,ALL_MORPH_BOUNDARY_GUARD,2,projected_saved_draft_candidate_at_or_after_rejection,1.0,BEFORE_GUARD,False,4,3,2,NNG→JKG
FLORES,P1,497,13,26,ALL_MORPH_BOUNDARY_GUARD,1,saved_H3_exact_target_token,,NO_REJECTION,True,4,4,3,XSV→ETM
FLORES,P1,498,3,6,ALL_MORPH_BOUNDARY_GUARD,2,projected_saved_draft_candidate_at_or_after_rejection,4.0,AFTER_GUARD,True,4,3,2,XSA→EC
FLORES,P1,498,9,18,ALL_MORPH_BOUNDARY_GUARD,1,projected_saved_draft_candidate_at_or_after_rejection,2.0,AFTER_GUARD,True,4,4,3,VA→ETM
FLORES,P1,498,11,23,ALL_MORPH_BOUNDARY_GUARD,3,projected_saved_draft_candidate_at_or_after_rejection,2.0,BEFORE_GUARD,False,4,2,1,XSV→EC
FLORES,P1,499,0,0,ALL_MORPH_BOUNDARY_GUARD,2,saved_H3_exact_target_token,,NO_REJECTION,True,4,3,2,XSN→JKB
FLORES,P1,499,6,19,ALL_MORPH_BOUNDARY_GUARD,3,projected_saved_draft_candidate_at_or_after_rejection,4.0,AFTER_GUARD,True,4,2,1,VA→ETM
FLORES,P1,499,9,26,ALL_MORPH_BOUNDARY_GUARD,2,saved_H3_exact_target_token,,NO_REJECTION,True,4,3,2,JKB→JX
FLORES,P1,499,10,30,ALL_MORPH_BOUNDARY_GUARD,3,projected_saved_draft_candidate_at_or_after_rejection,2.0,BEFORE_GUARD,False,4,2,1,XSV→EC
FLORES,P1,499,12,34,ALL_MORPH_BOUNDARY_GUARD,1,saved_H3_exact_target_token,,NO_REJECTION,True,3,3,2,VX→EF
FLORES,P1,500,14,27,ALL_MORPH_BOUNDARY_GUARD,3,saved_H3_exact_target_token,,NO_REJECTION,True,4,2,1,XSN→JKO
FLORES,P1,500,15,31,ALL_MORPH_BOUNDARY_GUARD,2,projected_saved_draft_candidate_at_or_after_rejection,2.0,AT_GUARD,True,4,3,2,XSV→ETM
FLORES,P1,501,11,22,ALL_MORPH_BOUNDARY_GUARD,3,projected_saved_draft_candidate_at_or_after_rejection,3.0,AT_GUARD,True,4,2,1,XSA→EC
FLORES,P1,502,5,9,ALL_MORPH_BOUNDARY_GUARD,1,projected_saved_draft_candidate_at_or_after_rejection,2.0,AFTER_GUARD,True,4,4,3,XSA→EC
FLORES,P1,502,6,11,ALL_MORPH_BOUNDARY_GUARD,2,saved_H3_exact_target_token,,NO_REJECTION,True,4,3,2,XSV→ETM
FLORES,P1,502,17,43,ALL_MORPH_BOUNDARY_GUARD,2,saved_H3_exact_target_token,,NO_REJECTION,True,4,3,2,VA→EF
FLORES,P1,503,2,7,ALL_MORPH_BOUNDARY_GUARD,1,saved_H3_exact_target_token,,NO_REJECTION,True,4,4,3,XSN→JX
FLORES,P1,503,3,11,ALL_MORPH_BOUNDARY_GUARD,1,saved_H3_exact_target_token,,NO_REJECTION,True,4,4,3,XSA→EC
FLORES,P1,503,6,21,ALL_MORPH_BOUNDARY_GUARD,2,projected_saved_draft_candidate_at_or_after_rejection,1.0,BEFORE_GUARD,False,4,3,2,XSV→EC
FLORES,P1,504,0,0,ALL_MORPH_BOUNDARY_GUARD,3,projected_saved_draft_candidate_at_or_after_rejection,1.0,BEFORE_GUARD,False,4,2,1,NNG→XSN
FLORES,P1,504,2,2,ALL_MORPH_BOUNDARY_GUARD,3,projected_saved_draft_candidate_at_or_after_rejection,1.0,BEFORE_GUARD,False,4,2,1,XSA→EC
FLORES,P1,504,3,3,ALL_MORPH_BOUNDARY_GUARD,2,projected_saved_draft_candidate_at_or_after_rejection,3.0,AFTER_GUARD,True,4,3,2,XSN→JKO
FLORES,P1,504,4,6,ALL_MORPH_BOUNDARY_GUARD,2,saved_H3_exact_target_token,,NO_REJECTION,True,4,3,2,VX→ETM
FLORES,P1,504,7,17,ALL_MORPH_BOUNDARY_GUARD,3,saved_H3_exact_target_token,,NO_REJECTION,True,4,2,1,XSN→JKS
FLORES,P1,504,11,25,ALL_MORPH_BOUNDARY_GUARD,1,projected_saved_draft_candidate_at_or_after_rejection,1.0,AT_GUARD,True,4,4,3,XSN→JKS
FLORES,P1,504,19,40,ALL_MORPH_BOUNDARY_GUARD,2,projected_saved_draft_candidate_at_or_after_rejection,2.0,AT_GUARD,True,4,3,2,XSN→JKB
FLORES,P1,504,22,46,ALL_MORPH_BOUNDARY_GUARD,3,projected_saved_draft_candidate_at_or_after_rejection,1.0,BEFORE_GUARD,False,4,2,1,XSV→EC
FLORES,P1,504,23,47,ALL_MORPH_BOUNDARY_GUARD,3,projected_saved_draft_candidate_at_or_after_rejection,1.0,BEFORE_GUARD,False,4,2,1,XSV→EC
FLORES,P1,504,26,54,ALL_MORPH_BOUNDARY_GUARD,1,saved_H3_exact_target_token,,NO_REJECTION,True,4,4,3,VX→EP
FLORES,P1,504,29,64,ALL_MORPH_BOUNDARY_GUARD,3,projected_saved_draft_candidate_at_or_after_rejection,2.0,BEFORE_GUARD,False,4,2,1,XSV→ETM
FLORES,P1,504,30,66,ALL_MORPH_BOUNDARY_GUARD,2,saved_H3_exact_target_token,,NO_REJECTION,True,4,3,2,XSV→ETM
FLORES,P1,505,1,1,ALL_MORPH_BOUNDARY_GUARD,3,projected_saved_draft_candidate_at_or_after_rejection,1.0,BEFORE_GUARD,False,4,2,1,XSN→JX
FLORES,P1,505,2,2,ALL_MORPH_BOUNDARY_GUARD,1,projected_saved_draft_candidate_at_or_after_rejection,3.0,AFTER_GUARD,True,4,4,3,XSN→JX
FLORES,P1,505,8,18,ALL_MORPH_BOUNDARY_GUARD,3,projected_saved_draft_candidate_at_or_after_rejection,2.0,BEFORE_GUARD,False,4,2,1,XSN→JX
FLORES,P1,505,9,20,ALL_MORPH_BOUNDARY_GUARD,3,projected_saved_draft_candidate_at_or_after_rejection,2.0,BEFORE_GUARD,False,4,2,1,XSN→JKG
FLORES,P1,505,11,24,ALL_MORPH_BOUNDARY_GUARD,3,projected_saved_draft_candidate_at_or_after_rejection,2.0,BEFORE_GUARD,False,4,2,1,XSN→JKG
FLORES,P1,506,3,4,ALL_MORPH_BOUNDARY_GUARD,2,projected_saved_draft_candidate_at_or_after_rejection,1.0,BEFORE_GUARD,False,4,3,2,XSN→JX
FLORES,P1,506,4,5,ALL_MORPH_BOUNDARY_GUARD,2,projected_saved_draft_candidate_at_or_after_rejection,3.0,AFTER_GUARD,True,4,3,2,XSN→JX
FLORES,P1,506,14,32,ALL_MORPH_BOUNDARY_GUARD,1,saved_H3_exact_target_token,,NO_REJECTION,True,4,4,3,XSN→JKS
FLORES,P1,506,16,39,ALL_MORPH_BOUNDARY_GUARD,1,projected_saved_draft_candidate_at_or_after_rejection,1.0,AT_GUARD,True,4,4,3,XSN→JKS
FLORES,P1,506,24,51,ALL_MORPH_BOUNDARY_GUARD,2,projected_saved_draft_candidate_at_or_after_rejection,2.0,AT_GUARD,True,4,3,2,EP→EF
FLORES,P1,506,25,53,ALL_MORPH_BOUNDARY_GUARD,3,projected_saved_draft_candidate_at_or_after_rejection,2.0,BEFORE_GUARD,False,4,2,1,XSN→JKS
FLORES,P1,507,1,1,ALL_MORPH_BOUNDARY_GUARD,2,saved_H3_exact_target_token,,NO_REJECTION,True,4,3,2,XSN→JX
FLORES,P1,507,4,8,ALL_MORPH_BOUNDARY_GUARD,3,projected_saved_draft_candidate_at_or_after_rejection,4.0,AFTER_GUARD,True,4,2,1,XSV→EP
FLORES,P1,508,25,60,ALL_MORPH_BOUNDARY_GUARD,3,projected_saved_draft_candidate_at_or_after_rejection,3.0,AT_GUARD,True,4,2,1,VA→ETM
FLORES,P1,510,13,41,ALL_MORPH_BOUNDARY_GUARD,1,saved_H3_exact_target_token,,NO_REJECTION,True,4,4,3,XSV→EC
FLORES,P1,511,16,44,ALL_MORPH_BOUNDARY_GUARD,1,projected_saved_draft_candidate_at_or_after_rejection,4.0,AFTER_GUARD,True,4,4,3,VA→ETM
FLORES,P1,512,7,16,ALL_MORPH_BOUNDARY_GUARD,3,projected_saved_draft_candidate_at_or_after_rejection,1.0,BEFORE_GUARD,False,4,2,1,XSV→EC
FLORES,P1,512,13,28,ALL_MORPH_BOUNDARY_GUARD,3,projected_saved_draft_candidate_at_or_after_rejection,1.0,BEFORE_GUARD,False,4,2,1,VA→ETM
FLORES,P1,513,1,1,ALL_MORPH_BOUNDARY_GUARD,1,projected_saved_draft_candidate_at_or_after_rejection,2.0,AFTER_GUARD,True,4,4,3,XSN→JX
FLORES,P1,513,6,11,ALL_MORPH_BOUNDARY_GUARD,2,projected_saved_draft_candidate_at_or_after_rejection,2.0,AT_GUARD,True,4,3,2,XSV→EC
FLORES,P1,514,10,21,NP_BOUNDARY_GUARD,3,projected_saved_draft_candidate_at_or_after_rejection,1.0,BEFORE_GUARD,False,4,2,1,NNB→JKO
FLORES,P1,514,10,21,ALL_MORPH_BOUNDARY_GUARD,3,projected_saved_draft_candidate_at_or_after_rejection,1.0,BEFORE_GUARD,False,4,2,1,NNB→JKO
FLORES,P1,514,11,22,ALL_MORPH_BOUNDARY_GUARD,3,projected_saved_draft_candidate_at_or_after_rejection,1.0,BEFORE_GUARD,False,4,2,1,VA→EF
FLORES,P1,514,14,27,ALL_MORPH_BOUNDARY_GUARD,2,projected_saved_draft_candidate_at_or_after_rejection,1.0,BEFORE_GUARD,False,4,3,2,XSN→JKS
FLORES,P1,515,3,7,ALL_MORPH_BOUNDARY_GUARD,1,projected_saved_draft_candidate_at_or_after_rejection,1.0,AT_GUARD,True,4,4,3,XSN→JKG
FLORES,P1,516,0,0,NP_BOUNDARY_GUARD,1,projected_saved_draft_candidate_at_or_after_rejection,1.0,AT_GUARD,True,4,4,3,NP→JKG
FLORES,P1,516,0,0,ALL_MORPH_BOUNDARY_GUARD,1,projected_saved_draft_candidate_at_or_after_rejection,1.0,AT_GUARD,True,4,4,3,NP→JKG
FLORES,P1,516,15,39,ALL_MORPH_BOUNDARY_GUARD,3,projected_saved_draft_candidate_at_or_after_rejection,3.0,AT_GUARD,True,4,2,1,XSV→ETM
FLORES,P1,518,3,7,ALL_MORPH_BOUNDARY_GUARD,1,projected_saved_draft_candidate_at_or_after_rejection,1.0,AT_GUARD,True,4,4,3,VCP→EC
FLORES,P1,520,0,0,ALL_MORPH_BOUNDARY_GUARD,3,saved_H3_exact_target_token,,NO_REJECTION,True,4,2,1,VV→EC
FLORES,P1,520,10,26,ALL_MORPH_BOUNDARY_GUARD,3,projected_saved_draft_candidate_at_or_after_rejection,3.0,AT_GUARD,True,4,2,1,VX→EF
FLORES,P1,520,12,33,ALL_MORPH_BOUNDARY_GUARD,1,saved_H3_exact_target_token,,NO_REJECTION,True,4,4,3,SL→SP
FLORES,P1,520,13,37,ALL_MORPH_BOUNDARY_GUARD,3,saved_H3_exact_target_token,,NO_REJECTION,True,4,2,1,SSC→SF
FLORES,P1,523,7,14,ALL_MORPH_BOUNDARY_GUARD,2,projected_saved_draft_candidate_at_or_after_rejection,1.0,BEFORE_GUARD,False,4,3,2,XSV→ETN
FLORES,P1,523,8,15,ALL_MORPH_BOUNDARY_GUARD,2,projected_saved_draft_candidate_at_or_after_rejection,2.0,AT_GUARD,True,4,3,2,XSA→EC
FLORES,P1,523,9,17,ALL_MORPH_BOUNDARY_GUARD,2,projected_saved_draft_candidate_at_or_after_rejection,1.0,BEFORE_GUARD,False,4,3,2,XSV→ETM
FLORES,P1,524,20,42,ALL_MORPH_BOUNDARY_GUARD,2,saved_H3_exact_target_token,,NO_REJECTION,True,4,3,2,XSA→EC
FLORES,P1,525,3,6,ALL_MORPH_BOUNDARY_GUARD,2,saved_H3_exact_target_token,,NO_REJECTION,True,4,3,2,XSV→ETM
FLORES,P1,525,4,10,NP_BOUNDARY_GUARD,1,projected_saved_draft_candidate_at_or_after_rejection,1.0,AT_GUARD,True,4,4,3,NNG→JKO
FLORES,P1,525,4,10,ALL_MORPH_BOUNDARY_GUARD,1,projected_saved_draft_candidate_at_or_after_rejection,1.0,AT_GUARD,True,4,4,3,NNG→JKO
FLORES,P1,525,12,26,ALL_MORPH_BOUNDARY_GUARD,1,projected_saved_draft_candidate_at_or_after_rejection,2.0,AFTER_GUARD,True,4,4,3,VA→EC
FLORES,P1,527,2,7,ALL_MORPH_BOUNDARY_GUARD,2,saved_H3_exact_target_token,,NO_REJECTION,True,4,3,2,XSN→JKO
FLORES,P1,527,4,15,ALL_MORPH_BOUNDARY_GUARD,3,projected_saved_draft_candidate_at_or_after_rejection,3.0,AT_GUARD,True,4,2,1,XSN→JKO
FLORES,P1,529,5,9,ALL_MORPH_BOUNDARY_GUARD,1,projected_saved_draft_candidate_at_or_after_rejection,2.0,AFTER_GUARD,True,4,4,3,VA→ETM
FLORES,P1,529,11,21,ALL_MORPH_BOUNDARY_GUARD,1,saved_H3_exact_target_token,,NO_REJECTION,True,4,4,3,XSV→ETM
FLORES,P1,529,16,40,NP_BOUNDARY_GUARD,3,projected_saved_draft_candidate_at_or_after_rejection,1.0,BEFORE_GUARD,False,4,2,1,NNB→JX
FLORES,P1,529,16,40,ALL_MORPH_BOUNDARY_GUARD,3,projected_saved_draft_candidate_at_or_after_rejection,1.0,BEFORE_GUARD,False,4,2,1,NNB→JX
FLORES,P1,529,17,41,NP_BOUNDARY_GUARD,1,projected_saved_draft_candidate_at_or_after_rejection,2.0,AFTER_GUARD,True,4,4,3,NNB→JX
FLORES,P1,529,17,41,ALL_MORPH_BOUNDARY_GUARD,1,projected_saved_draft_candidate_at_or_after_rejection,2.0,AFTER_GUARD,True,4,4,3,NNB→JX
FLORES,P1,530,0,0,NP_BOUNDARY_GUARD,3,projected_saved_draft_candidate_at_or_after_rejection,4.0,AFTER_GUARD,True,4,2,1,NP→JKO
FLORES,P1,530,0,0,ALL_MORPH_BOUNDARY_GUARD,3,projected_saved_draft_candidate_at_or_after_rejection,4.0,AFTER_GUARD,True,4,2,1,NP→JKO
FLORES,P1,530,1,4,ALL_MORPH_BOUNDARY_GUARD,1,saved_H3_exact_target_token,,NO_REJECTION,True,4,4,3,XSV→EC
FLORES,P1,530,4,16,ALL_MORPH_BOUNDARY_GUARD,1,saved_H3_exact_target_token,,NO_REJECTION,True,4,4,3,VA→EC
FLORES,P1,531,11,31,NP_BOUNDARY_GUARD,1,projected_saved_draft_candidate_at_or_after_rejection,2.0,AFTER_GUARD,True,4,4,3,NP→JKS
FLORES,P1,531,11,31,ALL_MORPH_BOUNDARY_GUARD,1,projected_saved_draft_candidate_at_or_after_rejection,2.0,AFTER_GUARD,True,4,4,3,NP→JKS
FLORES,P1,531,12,33,ALL_MORPH_BOUNDARY_GUARD,3,projected_saved_draft_candidate_at_or_after_rejection,1.0,BEFORE_GUARD,False,4,2,1,VA-I→EC
FLORES,P1,531,13,34,ALL_MORPH_BOUNDARY_GUARD,1,projected_saved_draft_candidate_at_or_after_rejection,2.0,AFTER_GUARD,True,4,4,3,XSV→ETN
FLORES,P1,532,0,0,ALL_MORPH_BOUNDARY_GUARD,3,projected_saved_draft_candidate_at_or_after_rejection,1.0,BEFORE_GUARD,False,4,2,1,XSN→JKB
FLORES,P1,532,1,1,NP_BOUNDARY_GUARD,1,projected_saved_draft_candidate_at_or_after_rejection,1.0,AT_GUARD,True,4,4,3,NNG→JKB
FLORES,P1,532,1,1,ALL_MORPH_BOUNDARY_GUARD,1,projected_saved_draft_candidate_at_or_after_rejection,1.0,AT_GUARD,True,4,4,3,NNG→JKB
FLORES,P1,533,3,5,NP_BOUNDARY_GUARD,1,projected_saved_draft_candidate_at_or_after_rejection,1.0,AT_GUARD,True,4,4,3,NP→JX
FLORES,P1,533,3,5,ALL_MORPH_BOUNDARY_GUARD,1,projected_saved_draft_candidate_at_or_after_rejection,1.0,AT_GUARD,True,4,4,3,NP→JX
FLORES,P1,533,5,7,NP_BOUNDARY_GUARD,3,projected_saved_draft_candidate_at_or_after_rejection,2.0,BEFORE_GUARD,False,4,2,1,NP→JKS
FLORES,P1,533,5,7,ALL_MORPH_BOUNDARY_GUARD,2,projected_saved_draft_candidate_at_or_after_rejection,2.0,AT_GUARD,True,4,3,2,XSN→JX
FLORES,P1,533,16,28,ALL_MORPH_BOUNDARY_GUARD,1,projected_saved_draft_candidate_at_or_after_rejection,1.0,AT_GUARD,True,4,4,3,XSN→JKS
FLORES,P1,533,17,29,ALL_MORPH_BOUNDARY_GUARD,3,projected_saved_draft_candidate_at_or_after_rejection,1.0,BEFORE_GUARD,False,4,2,1,XSV→EC
FLORES,P1,533,18,30,ALL_MORPH_BOUNDARY_GUARD,2,projected_saved_draft_candidate_at_or_after_rejection,1.0,BEFORE_GUARD,False,4,3,2,VX→EF
FLORES,P1,533,19,31,ALL_MORPH_BOUNDARY_GUARD,2,projected_saved_draft_candidate_at_or_after_rejection,2.0,AT_GUARD,True,4,3,2,VA→ETM
FLORES,P1,534,11,19,ALL_MORPH_BOUNDARY_GUARD,1,projected_saved_draft_candidate_at_or_after_rejection,1.0,AT_GUARD,True,4,4,3,XSN→JKB
FLORES,P1,535,0,0,ALL_MORPH_BOUNDARY_GUARD,3,projected_saved_draft_candidate_at_or_after_rejection,3.0,AT_GUARD,True,4,2,1,VA-I→EC
FLORES,P1,535,6,17,ALL_MORPH_BOUNDARY_GUARD,3,projected_saved_draft_candidate_at_or_after_rejection,2.0,BEFORE_GUARD,False,4,2,1,VA-I→EC
FLORES,P1,535,7,19,NP_BOUNDARY_GUARD,1,projected_saved_draft_candidate_at_or_after_rejection,2.0,AFTER_GUARD,True,4,4,3,NNB→JKO
FLORES,P1,535,7,19,ALL_MORPH_BOUNDARY_GUARD,1,projected_saved_draft_candidate_at_or_after_rejection,2.0,AFTER_GUARD,True,4,4,3,NNB→JKO
FLORES,P1,535,9,22,ALL_MORPH_BOUNDARY_GUARD,1,projected_saved_draft_candidate_at_or_after_rejection,1.0,AT_GUARD,True,4,4,3,XSN→JKB
FLORES,P1,535,12,26,ALL_MORPH_BOUNDARY_GUARD,3,projected_saved_draft_candidate_at_or_after_rejection,4.0,AFTER_GUARD,True,4,2,1,VX→EC
FLORES,P1,535,14,34,ALL_MORPH_BOUNDARY_GUARD,3,saved_H3_exact_target_token,,NO_REJECTION,True,4,2,1,VA→EF
FLORES,P1,537,13,36,ALL_MORPH_BOUNDARY_GUARD,2,projected_saved_draft_candidate_at_or_after_rejection,1.0,BEFORE_GUARD,False,4,3,2,XSV→ETM
FLORES,P1,537,14,37,ALL_MORPH_BOUNDARY_GUARD,1,projected_saved_draft_candidate_at_or_after_rejection,2.0,AFTER_GUARD,True,4,4,3,XSV→ETM
FLORES,P1,538,10,26,ALL_MORPH_BOUNDARY_GUARD,2,projected_saved_draft_candidate_at_or_after_rejection,3.0,AFTER_GUARD,True,4,3,2,XSV→ETM
FLORES,P1,539,8,20,ALL_MORPH_BOUNDARY_GUARD,2,projected_saved_draft_candidate_at_or_after_rejection,1.0,BEFORE_GUARD,False,4,3,2,XSN→JX
FLORES,P1,539,14,34,NP_BOUNDARY_GUARD,3,saved_H3_exact_target_token,,NO_REJECTION,True,4,2,1,NNG→JKO
FLORES,P1,539,14,34,ALL_MORPH_BOUNDARY_GUARD,3,saved_H3_exact_target_token,,NO_REJECTION,True,4,2,1,NNG→JKO
FLORES,P1,539,15,38,ALL_MORPH_BOUNDARY_GUARD,1,saved_H3_exact_target_token,,NO_REJECTION,True,3,3,2,VX→EF
FLORES,P1,540,1,1,NP_BOUNDARY_GUARD,1,projected_saved_draft_candidate_at_or_after_rejection,2.0,AFTER_GUARD,True,4,4,3,NNG→JKS
FLORES,P1,540,1,1,ALL_MORPH_BOUNDARY_GUARD,1,projected_saved_draft_candidate_at_or_after_rejection,2.0,AFTER_GUARD,True,4,4,3,NNG→JKS
FLORES,P1,540,2,3,NP_BOUNDARY_GUARD,3,projected_saved_draft_candidate_at_or_after_rejection,4.0,AFTER_GUARD,True,4,2,1,NNG→JKO
FLORES,P1,540,2,3,ALL_MORPH_BOUNDARY_GUARD,3,projected_saved_draft_candidate_at_or_after_rejection,4.0,AFTER_GUARD,True,4,2,1,NNG→JKO
FLORES,P1,540,6,19,NP_BOUNDARY_GUARD,2,projected_saved_draft_candidate_at_or_after_rejection,1.0,BEFORE_GUARD,False,4,3,2,NNB→JX
FLORES,P1,540,6,19,ALL_MORPH_BOUNDARY_GUARD,2,projected_saved_draft_candidate_at_or_after_rejection,1.0,BEFORE_GUARD,False,4,3,2,NNB→JX
FLORES,P1,541,21,37,ALL_MORPH_BOUNDARY_GUARD,2,projected_saved_draft_candidate_at_or_after_rejection,2.0,AT_GUARD,True,4,3,2,XSV→EC
FLORES,P1,542,1,1,ALL_MORPH_BOUNDARY_GUARD,1,projected_saved_draft_candidate_at_or_after_rejection,2.0,AFTER_GUARD,True,4,4,3,XSN→JKB
FLORES,P1,542,5,10,ALL_MORPH_BOUNDARY_GUARD,2,projected_saved_draft_candidate_at_or_after_rejection,2.0,AT_GUARD,True,4,3,2,XSA→EF
FLORES,P1,542,6,12,NP_BOUNDARY_GUARD,2,projected_saved_draft_candidate_at_or_after_rejection,3.0,AFTER_GUARD,True,4,3,2,NP→JX
FLORES,P1,542,6,12,ALL_MORPH_BOUNDARY_GUARD,2,projected_saved_draft_candidate_at_or_after_rejection,3.0,AFTER_GUARD,True,4,3,2,NP→JX
FLORES,P1,543,24,46,ALL_MORPH_BOUNDARY_GUARD,1,projected_saved_draft_candidate_at_or_after_rejection,1.0,AT_GUARD,True,3,3,2,SL→SL
FLORES,P1,544,7,13,ALL_MORPH_BOUNDARY_GUARD,3,projected_saved_draft_candidate_at_or_after_rejection,2.0,BEFORE_GUARD,False,4,2,1,VCP→EF
FLORES,P1,544,8,15,ALL_MORPH_BOUNDARY_GUARD,2,projected_saved_draft_candidate_at_or_after_rejection,2.0,AT_GUARD,True,4,3,2,VCP→EF
FLORES,P1,544,10,21,NP_BOUNDARY_GUARD,3,projected_saved_draft_candidate_at_or_after_rejection,1.0,BEFORE_GUARD,False,4,2,1,NNG→JKO
FLORES,P1,544,10,21,ALL_MORPH_BOUNDARY_GUARD,3,projected_saved_draft_candidate_at_or_after_rejection,1.0,BEFORE_GUARD,False,4,2,1,NNG→JKO
FLORES,P1,544,12,23,ALL_MORPH_BOUNDARY_GUARD,3,projected_saved_draft_candidate_at_or_after_rejection,3.0,AT_GUARD,True,4,2,1,XSV→EC
FLORES,P1,544,17,37,ALL_MORPH_BOUNDARY_GUARD,1,saved_H3_exact_target_token,,NO_REJECTION,True,4,4,3,XSV→EC
FLORES,P1,544,23,53,NP_BOUNDARY_GUARD,2,projected_saved_draft_candidate_at_or_after_rejection,2.0,AT_GUARD,True,4,3,2,NNG→JKO
FLORES,P1,544,23,53,ALL_MORPH_BOUNDARY_GUARD,2,projected_saved_draft_candidate_at_or_after_rejection,2.0,AT_GUARD,True,4,3,2,NNG→JKO
FLORES,P1,545,6,12,ALL_MORPH_BOUNDARY_GUARD,3,projected_saved_draft_candidate_at_or_after_rejection,3.0,AT_GUARD,True,4,2,1,VA→ETM
FLORES,P1,545,8,16,ALL_MORPH_BOUNDARY_GUARD,1,projected_saved_draft_candidate_at_or_after_rejection,3.0,AFTER_GUARD,True,4,4,3,VA→ETM
FLORES,P1,545,17,40,ALL_MORPH_BOUNDARY_GUARD,3,projected_saved_draft_candidate_at_or_after_rejection,1.0,BEFORE_GUARD,False,4,2,1,EP→EF
FLORES,P1,546,6,11,ALL_MORPH_BOUNDARY_GUARD,2,projected_saved_draft_candidate_at_or_after_rejection,1.0,BEFORE_GUARD,False,4,3,2,XSN→JX
FLORES,P1,546,10,19,ALL_MORPH_BOUNDARY_GUARD,3,saved_H3_exact_target_token,,NO_REJECTION,True,4,2,1,XSN→JX
FLORES,P1,547,4,10,ALL_MORPH_BOUNDARY_GUARD,2,projected_saved_draft_candidate_at_or_after_rejection,3.0,AFTER_GUARD,True,4,3,2,NNB→VCP
FLORES,P1,547,12,29,ALL_MORPH_BOUNDARY_GUARD,1,projected_saved_draft_candidate_at_or_after_rejection,1.0,AT_GUARD,True,4,4,3,XSN→JKS
FLORES,P1,548,10,24,ALL_MORPH_BOUNDARY_GUARD,3,projected_saved_draft_candidate_at_or_after_rejection,4.0,AFTER_GUARD,True,4,2,1,XSV→EP
FLORES,P1,548,21,54,ALL_MORPH_BOUNDARY_GUARD,2,projected_saved_draft_candidate_at_or_after_rejection,1.0,BEFORE_GUARD,False,4,3,2,XSV→ETM
FLORES,P1,548,22,55,ALL_MORPH_BOUNDARY_GUARD,1,projected_saved_draft_candidate_at_or_after_rejection,2.0,AFTER_GUARD,True,4,4,3,XSV→ETM
FLORES,P1,548,24,58,ALL_MORPH_BOUNDARY_GUARD,2,saved_H3_exact_target_token,,NO_REJECTION,True,4,3,2,EP→EF
FLORES,P1,549,17,36,ALL_MORPH_BOUNDARY_GUARD,2,projected_saved_draft_candidate_at_or_after_rejection,1.0,BEFORE_GUARD,False,4,3,2,XSV→EC
FLORES,P1,549,18,37,ALL_MORPH_BOUNDARY_GUARD,2,projected_saved_draft_candidate_at_or_after_rejection,1.0,BEFORE_GUARD,False,4,3,2,XSV→EC
FLORES,P1,549,23,46,ALL_MORPH_BOUNDARY_GUARD,3,projected_saved_draft_candidate_at_or_after_rejection,2.0,BEFORE_GUARD,False,4,2,1,XSV→EC
FLORES,P1,549,24,48,ALL_MORPH_BOUNDARY_GUARD,1,projected_saved_draft_candidate_at_or_after_rejection,2.0,AFTER_GUARD,True,4,4,3,XSV→EC
FLORES,P1,549,39,87,ALL_MORPH_BOUNDARY_GUARD,2,projected_saved_draft_candidate_at_or_after_rejection,1.0,BEFORE_GUARD,False,4,3,2,XSV→ETM
FLORES,P1,549,41,92,ALL_MORPH_BOUNDARY_GUARD,3,projected_saved_draft_candidate_at_or_after_rejection,4.0,AFTER_GUARD,True,4,2,1,XSV→EC
FLORES,P1,549,47,110,ALL_MORPH_BOUNDARY_GUARD,1,projected_saved_draft_candidate_at_or_after_rejection,1.0,AT_GUARD,True,4,4,3,VV→EC
FLORES,P1,550,4,8,NP_BOUNDARY_GUARD,2,projected_saved_draft_candidate_at_or_after_rejection,2.0,AT_GUARD,True,4,3,2,NNB→JX
FLORES,P1,550,4,8,ALL_MORPH_BOUNDARY_GUARD,1,projected_saved_draft_candidate_at_or_after_rejection,2.0,AFTER_GUARD,True,4,4,3,XSV→ETM
FLORES,P1,550,12,27,ALL_MORPH_BOUNDARY_GUARD,3,projected_saved_draft_candidate_at_or_after_rejection,3.0,AT_GUARD,True,4,2,1,XSV→ETM
FLORES,P1,551,3,6,ALL_MORPH_BOUNDARY_GUARD,3,projected_saved_draft_candidate_at_or_after_rejection,4.0,AFTER_GUARD,True,4,2,1,XSN→JKB
FLORES,P1,551,11,27,ALL_MORPH_BOUNDARY_GUARD,2,projected_saved_draft_candidate_at_or_after_rejection,3.0,AFTER_GUARD,True,4,3,2,VA→EC
FLORES,P1,551,12,30,ALL_MORPH_BOUNDARY_GUARD,2,saved_H3_exact_target_token,,NO_REJECTION,True,4,3,2,XSV→ETM
FLORES,P1,551,16,41,NP_BOUNDARY_GUARD,2,saved_H3_exact_target_token,,NO_REJECTION,True,4,3,2,NNG→JKO
FLORES,P1,551,16,41,ALL_MORPH_BOUNDARY_GUARD,2,saved_H3_exact_target_token,,NO_REJECTION,True,4,3,2,NNG→JKO
FLORES,P1,551,18,49,NP_BOUNDARY_GUARD,2,projected_saved_draft_candidate_at_or_after_rejection,3.0,AFTER_GUARD,True,4,3,2,NNG→JKO
FLORES,P1,551,18,49,ALL_MORPH_BOUNDARY_GUARD,2,projected_saved_draft_candidate_at_or_after_rejection,3.0,AFTER_GUARD,True,4,3,2,NNG→JKO
FLORES,P1,551,19,52,ALL_MORPH_BOUNDARY_GUARD,2,projected_saved_draft_candidate_at_or_after_rejection,3.0,AFTER_GUARD,True,4,3,2,XSV→ETM
FLORES,P1,552,17,30,ALL_MORPH_BOUNDARY_GUARD,3,projected_saved_draft_candidate_at_or_after_rejection,3.0,AT_GUARD,True,4,2,1,XSN→JX
FLORES,P1,553,0,0,NP_BOUNDARY_GUARD,1,saved_H3_exact_target_token,,NO_REJECTION,True,4,4,3,NNG→JKB
FLORES,P1,553,0,0,ALL_MORPH_BOUNDARY_GUARD,1,saved_H3_exact_target_token,,NO_REJECTION,True,4,4,3,NNG→JKB
FLORES,P1,553,5,13,ALL_MORPH_BOUNDARY_GUARD,3,projected_saved_draft_candidate_at_or_after_rejection,1.0,BEFORE_GUARD,False,4,2,1,XSV→EC
FLORES,P1,553,6,14,ALL_MORPH_BOUNDARY_GUARD,2,projected_saved_draft_candidate_at_or_after_rejection,4.0,AFTER_GUARD,True,4,3,2,XSV→EC
FLORES,P1,554,5,13,ALL_MORPH_BOUNDARY_GUARD,3,projected_saved_draft_candidate_at_or_after_rejection,2.0,BEFORE_GUARD,False,4,2,1,VA→ETM
FLORES,P1,554,12,25,ALL_MORPH_BOUNDARY_GUARD,3,projected_saved_draft_candidate_at_or_after_rejection,2.0,BEFORE_GUARD,False,4,2,1,VA→EP
FLORES,P1,554,13,27,ALL_MORPH_BOUNDARY_GUARD,1,projected_saved_draft_candidate_at_or_after_rejection,2.0,AFTER_GUARD,True,4,4,3,XSN→JKS
FLORES,P1,555,16,30,NP_BOUNDARY_GUARD,2,projected_saved_draft_candidate_at_or_after_rejection,1.0,BEFORE_GUARD,False,4,3,2,NNB→JKB
FLORES,P1,555,16,30,ALL_MORPH_BOUNDARY_GUARD,2,projected_saved_draft_candidate_at_or_after_rejection,1.0,BEFORE_GUARD,False,4,3,2,NNB→JKB
FLORES,P1,556,3,6,ALL_MORPH_BOUNDARY_GUARD,3,projected_saved_draft_candidate_at_or_after_rejection,3.0,AT_GUARD,True,4,2,1,XSN→JKS
FLORES,P1,556,7,14,ALL_MORPH_BOUNDARY_GUARD,2,projected_saved_draft_candidate_at_or_after_rejection,1.0,BEFORE_GUARD,False,4,3,2,XSN→JKO
FLORES,P1,557,18,28,ALL_MORPH_BOUNDARY_GUARD,1,projected_saved_draft_candidate_at_or_after_rejection,1.0,AT_GUARD,True,4,4,3,XSV→EP
FLORES,P1,557,28,46,ALL_MORPH_BOUNDARY_GUARD,2,projected_saved_draft_candidate_at_or_after_rejection,1.0,BEFORE_GUARD,False,4,3,2,XSN→JKS
FLORES,P1,557,30,48,ALL_MORPH_BOUNDARY_GUARD,3,projected_saved_draft_candidate_at_or_after_rejection,1.0,BEFORE_GUARD,False,4,2,1,XSN→JKS
FLORES,P1,557,33,52,ALL_MORPH_BOUNDARY_GUARD,1,projected_saved_draft_candidate_at_or_after_rejection,1.0,AT_GUARD,True,4,4,3,XSN→JKG
FLORES,P1,557,34,53,ALL_MORPH_BOUNDARY_GUARD,3,projected_saved_draft_candidate_at_or_after_rejection,3.0,AT_GUARD,True,4,2,1,XSV→EC
FLORES,P1,557,37,61,ALL_MORPH_BOUNDARY_GUARD,3,saved_H3_exact_target_token,,NO_REJECTION,True,4,2,1,XSV→EC
FLORES,P1,559,10,15,ALL_MORPH_BOUNDARY_GUARD,1,projected_saved_draft_candidate_at_or_after_rejection,1.0,AT_GUARD,True,4,4,3,VV→EC
FLORES,P1,559,16,27,ALL_MORPH_BOUNDARY_GUARD,3,projected_saved_draft_candidate_at_or_after_rejection,2.0,BEFORE_GUARD,False,4,2,1,NNB→VCP
FLORES,P1,559,31,58,ALL_MORPH_BOUNDARY_GUARD,2,projected_saved_draft_candidate_at_or_after_rejection,2.0,AT_GUARD,True,4,3,2,VA→ETM
FLORES,P1,561,1,3,ALL_MORPH_BOUNDARY_GUARD,1,projected_saved_draft_candidate_at_or_after_rejection,2.0,AFTER_GUARD,True,4,4,3,XSN→JKB
FLORES,P1,561,12,25,ALL_MORPH_BOUNDARY_GUARD,2,projected_saved_draft_candidate_at_or_after_rejection,1.0,BEFORE_GUARD,False,4,3,2,SO→SL
FLORES,P1,561,18,40,ALL_MORPH_BOUNDARY_GUARD,3,saved_H3_exact_target_token,,NO_REJECTION,True,4,2,1,XSN→JKB
FLORES,P1,561,19,44,ALL_MORPH_BOUNDARY_GUARD,3,saved_H3_exact_target_token,,NO_REJECTION,True,4,2,1,SF→SSO
FLORES,P1,561,23,57,ALL_MORPH_BOUNDARY_GUARD,2,saved_H3_exact_target_token,,NO_REJECTION,True,4,3,2,SF→SSO
FLORES,P1,561,26,69,ALL_MORPH_BOUNDARY_GUARD,2,saved_H3_exact_target_token,,NO_REJECTION,True,4,3,2,SF→SSO
FLORES,P1,563,25,56,ALL_MORPH_BOUNDARY_GUARD,3,saved_H3_exact_target_token,,NO_REJECTION,True,4,2,1,XSV→EP
FLORES,P1,563,32,84,ALL_MORPH_BOUNDARY_GUARD,2,saved_H3_exact_target_token,,NO_REJECTION,True,3,2,1,SF→SSC
FLORES,P1,564,0,0,ALL_MORPH_BOUNDARY_GUARD,2,projected_saved_draft_candidate_at_or_after_rejection,1.0,BEFORE_GUARD,False,4,3,2,XSN→JKG
FLORES,P1,564,1,1,ALL_MORPH_BOUNDARY_GUARD,1,projected_saved_draft_candidate_at_or_after_rejection,3.0,AFTER_GUARD,True,4,4,3,XSN→JKG
FLORES,P1,564,10,16,ALL_MORPH_BOUNDARY_GUARD,1,projected_saved_draft_candidate_at_or_after_rejection,2.0,AFTER_GUARD,True,4,4,3,XSN→JKB
FLORES,P1,564,12,19,ALL_MORPH_BOUNDARY_GUARD,1,projected_saved_draft_candidate_at_or_after_rejection,2.0,AFTER_GUARD,True,4,4,3,XSN→JKB
FLORES,P1,564,18,33,ALL_MORPH_BOUNDARY_GUARD,3,projected_saved_draft_candidate_at_or_after_rejection,1.0,BEFORE_GUARD,False,4,2,1,XSN→JKB
FLORES,P1,566,4,13,ALL_MORPH_BOUNDARY_GUARD,2,projected_saved_draft_candidate_at_or_after_rejection,3.0,AFTER_GUARD,True,4,3,2,VA→EF
FLORES,P1,566,5,16,NP_BOUNDARY_GUARD,1,projected_saved_draft_candidate_at_or_after_rejection,1.0,AT_GUARD,True,4,4,3,NP→JX
FLORES,P1,566,5,16,ALL_MORPH_BOUNDARY_GUARD,1,projected_saved_draft_candidate_at_or_after_rejection,1.0,AT_GUARD,True,4,4,3,NP→JX
FLORES,P1,566,7,21,ALL_MORPH_BOUNDARY_GUARD,3,projected_saved_draft_candidate_at_or_after_rejection,1.0,BEFORE_GUARD,False,4,2,1,XSV→EC
FLORES,P1,567,14,36,ALL_MORPH_BOUNDARY_GUARD,1,projected_saved_draft_candidate_at_or_after_rejection,2.0,AFTER_GUARD,True,4,4,3,XSN→JKO
FLORES,P1,568,5,17,ALL_MORPH_BOUNDARY_GUARD,1,projected_saved_draft_candidate_at_or_after_rejection,1.0,AT_GUARD,True,4,4,3,VA→EC
FLORES,P1,568,7,19,ALL_MORPH_BOUNDARY_GUARD,3,projected_saved_draft_candidate_at_or_after_rejection,3.0,AT_GUARD,True,4,2,1,ETN→JKO
FLORES,P1,569,4,8,ALL_MORPH_BOUNDARY_GUARD,1,projected_saved_draft_candidate_at_or_after_rejection,3.0,AFTER_GUARD,True,4,4,3,NNG→NNG
FLORES,P1,569,17,33,ALL_MORPH_BOUNDARY_GUARD,1,projected_saved_draft_candidate_at_or_after_rejection,4.0,AFTER_GUARD,True,4,4,3,NNG→NNG
FLORES,P1,570,6,16,ALL_MORPH_BOUNDARY_GUARD,3,projected_saved_draft_candidate_at_or_after_rejection,1.0,BEFORE_GUARD,False,4,2,1,VV→EC
FLORES,P1,570,8,18,ALL_MORPH_BOUNDARY_GUARD,2,saved_H3_exact_target_token,,NO_REJECTION,True,4,3,2,VV→EC
FLORES,P1,570,13,36,ALL_MORPH_BOUNDARY_GUARD,1,projected_saved_draft_candidate_at_or_after_rejection,1.0,AT_GUARD,True,3,3,2,VX→EF
FLORES,P1,573,12,25,ALL_MORPH_BOUNDARY_GUARD,2,projected_saved_draft_candidate_at_or_after_rejection,2.0,AT_GUARD,True,4,3,2,VX→EC
FLORES,P1,573,19,41,ALL_MORPH_BOUNDARY_GUARD,1,saved_H3_exact_target_token,,NO_REJECTION,True,4,4,3,XSV→EC
FLORES,P1,574,0,0,ALL_MORPH_BOUNDARY_GUARD,1,projected_saved_draft_candidate_at_or_after_rejection,1.0,AT_GUARD,True,4,4,3,VA→ETM
FLORES,P1,574,1,1,ALL_MORPH_BOUNDARY_GUARD,2,projected_saved_draft_candidate_at_or_after_rejection,4.0,AFTER_GUARD,True,4,3,2,VA→ETM
FLORES,P1,574,4,8,ALL_MORPH_BOUNDARY_GUARD,2,projected_saved_draft_candidate_at_or_after_rejection,2.0,AT_GUARD,True,4,3,2,XSN→JX
FLORES,P1,574,10,21,ALL_MORPH_BOUNDARY_GUARD,3,projected_saved_draft_candidate_at_or_after_rejection,1.0,BEFORE_GUARD,False,4,2,1,XSN→JKS
FLORES,P1,574,13,25,ALL_MORPH_BOUNDARY_GUARD,3,saved_H3_exact_target_token,,NO_REJECTION,True,4,2,1,VX→EF
FLORES,P1,574,14,29,NP_BOUNDARY_GUARD,1,projected_saved_draft_candidate_at_or_after_rejection,4.0,AFTER_GUARD,True,4,4,3,NP→JX
FLORES,P1,574,14,29,ALL_MORPH_BOUNDARY_GUARD,1,projected_saved_draft_candidate_at_or_after_rejection,4.0,AFTER_GUARD,True,4,4,3,NP→JX
FLORES,P1,575,0,0,ALL_MORPH_BOUNDARY_GUARD,1,projected_saved_draft_candidate_at_or_after_rejection,3.0,AFTER_GUARD,True,4,4,3,VA→ETM
FLORES,P1,575,1,3,ALL_MORPH_BOUNDARY_GUARD,1,projected_saved_draft_candidate_at_or_after_rejection,2.0,AFTER_GUARD,True,4,4,3,XSN→JKO
FLORES,P1,575,2,5,ALL_MORPH_BOUNDARY_GUARD,3,projected_saved_draft_candidate_at_or_after_rejection,2.0,BEFORE_GUARD,False,4,2,1,VCP→EC
FLORES,P1,575,6,12,NP_BOUNDARY_GUARD,1,projected_saved_draft_candidate_at_or_after_rejection,1.0,AT_GUARD,True,4,4,3,NNB→JKO
FLORES,P1,575,6,12,ALL_MORPH_BOUNDARY_GUARD,1,projected_saved_draft_candidate_at_or_after_rejection,1.0,AT_GUARD,True,4,4,3,NNB→JKO
FLORES,P1,575,11,23,NP_BOUNDARY_GUARD,1,projected_saved_draft_candidate_at_or_after_rejection,1.0,AT_GUARD,True,4,4,3,NNB→JKO
FLORES,P1,575,11,23,ALL_MORPH_BOUNDARY_GUARD,1,projected_saved_draft_candidate_at_or_after_rejection,1.0,AT_GUARD,True,4,4,3,NNB→JKO
FLORES,P1,576,3,7,ALL_MORPH_BOUNDARY_GUARD,2,projected_saved_draft_candidate_at_or_after_rejection,1.0,BEFORE_GUARD,False,4,3,2,XSN→JKS
FLORES,P1,576,8,18,ALL_MORPH_BOUNDARY_GUARD,1,projected_saved_draft_candidate_at_or_after_rejection,2.0,AFTER_GUARD,True,3,3,2,VX→EF
FLORES,P1,576,9,20,ALL_MORPH_BOUNDARY_GUARD,2,projected_saved_draft_candidate_at_or_after_rejection,1.0,BEFORE_GUARD,False,4,3,2,SO→SL
FLORES,P1,576,15,35,ALL_MORPH_BOUNDARY_GUARD,2,saved_H3_exact_target_token,,NO_REJECTION,True,4,3,2,SL→SL
FLORES,P1,576,20,54,NP_BOUNDARY_GUARD,1,projected_saved_draft_candidate_at_or_after_rejection,2.0,AFTER_GUARD,True,4,4,3,NNB→JKS
FLORES,P1,576,20,54,ALL_MORPH_BOUNDARY_GUARD,1,projected_saved_draft_candidate_at_or_after_rejection,2.0,AFTER_GUARD,True,4,4,3,NNB→JKS
FLORES,P1,576,22,58,ALL_MORPH_BOUNDARY_GUARD,1,saved_H3_exact_target_token,,NO_REJECTION,True,4,4,3,SL→SL
FLORES,P1,576,26,74,ALL_MORPH_BOUNDARY_GUARD,3,saved_H3_exact_target_token,,NO_REJECTION,True,4,2,1,SL→SL
FLORES,P1,576,34,102,ALL_MORPH_BOUNDARY_GUARD,2,saved_H3_exact_target_token,,NO_REJECTION,True,4,3,2,VX→EF
FLORES,P1,576,35,106,ALL_MORPH_BOUNDARY_GUARD,1,saved_H3_exact_target_token,,NO_REJECTION,True,3,3,2,SL→SL
FLORES,P1,577,1,1,ALL_MORPH_BOUNDARY_GUARD,1,projected_saved_draft_candidate_at_or_after_rejection,2.0,AFTER_GUARD,True,4,4,3,XSN→JX
FLORES,P1,577,17,30,ALL_MORPH_BOUNDARY_GUARD,1,saved_H3_exact_target_token,,NO_REJECTION,True,4,4,3,SO→SL
FLORES,P1,578,1,1,ALL_MORPH_BOUNDARY_GUARD,3,projected_saved_draft_candidate_at_or_after_rejection,4.0,AFTER_GUARD,True,4,2,1,XSV→ETM
FLORES,P1,578,2,5,ALL_MORPH_BOUNDARY_GUARD,3,projected_saved_draft_candidate_at_or_after_rejection,3.0,AT_GUARD,True,4,2,1,XSN→JX
FLORES,P1,578,4,11,ALL_MORPH_BOUNDARY_GUARD,2,projected_saved_draft_candidate_at_or_after_rejection,1.0,BEFORE_GUARD,False,4,3,2,XSN→JKB
FLORES,P1,578,5,12,ALL_MORPH_BOUNDARY_GUARD,1,saved_H3_exact_target_token,,NO_REJECTION,True,4,4,3,XSN→JKB
FLORES,P1,578,6,16,ALL_MORPH_BOUNDARY_GUARD,3,projected_saved_draft_candidate_at_or_after_rejection,4.0,AFTER_GUARD,True,4,2,1,XSV→ETM
FLORES,P1,578,9,26,ALL_MORPH_BOUNDARY_GUARD,3,projected_saved_draft_candidate_at_or_after_rejection,3.0,AT_GUARD,True,4,2,1,XSV→EC
FLORES,P1,579,9,26,ALL_MORPH_BOUNDARY_GUARD,2,projected_saved_draft_candidate_at_or_after_rejection,2.0,AT_GUARD,True,4,3,2,XSN→JX
FLORES,P1,580,6,20,ALL_MORPH_BOUNDARY_GUARD,2,projected_saved_draft_candidate_at_or_after_rejection,3.0,AFTER_GUARD,True,4,3,2,VV→EC
FLORES,P1,580,12,35,NP_BOUNDARY_GUARD,2,projected_saved_draft_candidate_at_or_after_rejection,1.0,BEFORE_GUARD,False,4,3,2,NNB→JKB
FLORES,P1,580,12,35,ALL_MORPH_BOUNDARY_GUARD,2,projected_saved_draft_candidate_at_or_after_rejection,1.0,BEFORE_GUARD,False,4,3,2,NNB→JKB
FLORES,P1,580,14,40,ALL_MORPH_BOUNDARY_GUARD,3,saved_H3_exact_target_token,,NO_REJECTION,True,4,2,1,VA→EF
FLORES,P1,581,2,5,ALL_MORPH_BOUNDARY_GUARD,3,projected_saved_draft_candidate_at_or_after_rejection,1.0,BEFORE_GUARD,False,4,2,1,VA→ETM
FLORES,P1,583,5,9,ALL_MORPH_BOUNDARY_GUARD,2,projected_saved_draft_candidate_at_or_after_rejection,1.0,BEFORE_GUARD,False,4,3,2,XSV→ETM
FLORES,P1,583,6,10,ALL_MORPH_BOUNDARY_GUARD,1,projected_saved_draft_candidate_at_or_after_rejection,2.0,AFTER_GUARD,True,4,4,3,XSV→ETM
FLORES,P1,583,12,21,ALL_MORPH_BOUNDARY_GUARD,1,projected_saved_draft_candidate_at_or_after_rejection,1.0,AT_GUARD,True,3,3,2,VCN→EF
FLORES,P1,583,14,26,ALL_MORPH_BOUNDARY_GUARD,3,projected_saved_draft_candidate_at_or_after_rejection,2.0,BEFORE_GUARD,False,4,2,1,VCN→EF
FLORES,P1,583,15,28,ALL_MORPH_BOUNDARY_GUARD,1,projected_saved_draft_candidate_at_or_after_rejection,1.0,AT_GUARD,True,3,3,2,VCN→EF
FLORES,P1,584,7,14,NP_BOUNDARY_GUARD,1,projected_saved_draft_candidate_at_or_after_rejection,1.0,AT_GUARD,True,4,4,3,NNG→JKO
FLORES,P1,584,7,14,ALL_MORPH_BOUNDARY_GUARD,1,projected_saved_draft_candidate_at_or_after_rejection,1.0,AT_GUARD,True,4,4,3,NNG→JKO
FLORES,P1,584,8,15,ALL_MORPH_BOUNDARY_GUARD,3,projected_saved_draft_candidate_at_or_after_rejection,2.0,BEFORE_GUARD,False,4,2,1,VX→EC
FLORES,P1,584,9,17,ALL_MORPH_BOUNDARY_GUARD,2,projected_saved_draft_candidate_at_or_after_rejection,2.0,AT_GUARD,True,4,3,2,XSV→EC
FLORES,P1,584,10,19,NP_BOUNDARY_GUARD,1,projected_saved_draft_candidate_at_or_after_rejection,3.0,AFTER_GUARD,True,4,4,3,NNB→JKB
FLORES,P1,584,10,19,ALL_MORPH_BOUNDARY_GUARD,1,projected_saved_draft_candidate_at_or_after_rejection,3.0,AFTER_GUARD,True,4,4,3,NNB→JKB
FLORES,P1,584,16,34,ALL_MORPH_BOUNDARY_GUARD,1,projected_saved_draft_candidate_at_or_after_rejection,2.0,AFTER_GUARD,True,4,4,3,XSA→EC
FLORES,P1,584,17,36,NP_BOUNDARY_GUARD,3,projected_saved_draft_candidate_at_or_after_rejection,3.0,AT_GUARD,True,4,2,1,NNB→JKO
FLORES,P1,584,17,36,ALL_MORPH_BOUNDARY_GUARD,3,projected_saved_draft_candidate_at_or_after_rejection,3.0,AT_GUARD,True,4,2,1,NNB→JKO
FLORES,P1,585,0,0,ALL_MORPH_BOUNDARY_GUARD,2,projected_saved_draft_candidate_at_or_after_rejection,1.0,BEFORE_GUARD,False,4,3,2,SO→SL
FLORES,P1,585,1,1,ALL_MORPH_BOUNDARY_GUARD,2,saved_H3_exact_target_token,,NO_REJECTION,True,4,3,2,SO→SL
FLORES,P1,585,2,5,ALL_MORPH_BOUNDARY_GUARD,2,saved_H3_exact_target_token,,NO_REJECTION,True,4,3,2,SO→SL
FLORES,P1,586,7,19,NP_BOUNDARY_GUARD,2,projected_saved_draft_candidate_at_or_after_rejection,3.0,AFTER_GUARD,True,4,3,2,NNG→JKS
FLORES,P1,586,7,19,ALL_MORPH_BOUNDARY_GUARD,2,projected_saved_draft_candidate_at_or_after_rejection,3.0,AFTER_GUARD,True,4,3,2,NNG→JKS
FLORES,P1,586,8,22,ALL_MORPH_BOUNDARY_GUARD,2,saved_H3_exact_target_token,,NO_REJECTION,True,4,3,2,VX→EC
FLORES,P1,586,20,50,ALL_MORPH_BOUNDARY_GUARD,2,saved_H3_exact_target_token,,NO_REJECTION,True,4,3,2,VX→EF
FLORES,P1,588,1,3,NP_BOUNDARY_GUARD,2,projected_saved_draft_candidate_at_or_after_rejection,1.0,BEFORE_GUARD,False,4,3,2,NNG→JKS
FLORES,P1,588,1,3,ALL_MORPH_BOUNDARY_GUARD,2,projected_saved_draft_candidate_at_or_after_rejection,1.0,BEFORE_GUARD,False,4,3,2,NNG→JKS
FLORES,P1,588,7,15,NP_BOUNDARY_GUARD,1,projected_saved_draft_candidate_at_or_after_rejection,2.0,AFTER_GUARD,True,4,4,3,NNG→JKS
FLORES,P1,588,7,15,ALL_MORPH_BOUNDARY_GUARD,1,projected_saved_draft_candidate_at_or_after_rejection,2.0,AFTER_GUARD,True,4,4,3,NNG→JKS
FLORES,P1,589,7,11,ALL_MORPH_BOUNDARY_GUARD,3,projected_saved_draft_candidate_at_or_after_rejection,1.0,BEFORE_GUARD,False,4,2,1,VA→ETM
FLORES,P1,589,13,26,NP_BOUNDARY_GUARD,3,projected_saved_draft_candidate_at_or_after_rejection,2.0,BEFORE_GUARD,False,4,2,1,NNG→JKS
FLORES,P1,589,13,26,ALL_MORPH_BOUNDARY_GUARD,2,projected_saved_draft_candidate_at_or_after_rejection,2.0,AT_GUARD,True,4,3,2,VA→ETM
FLORES,P1,589,15,30,ALL_MORPH_BOUNDARY_GUARD,2,projected_saved_draft_candidate_at_or_after_rejection,1.0,BEFORE_GUARD,False,4,3,2,XSV→ETM
FLORES,P1,590,0,0,ALL_MORPH_BOUNDARY_GUARD,3,projected_saved_draft_candidate_at_or_after_rejection,2.0,BEFORE_GUARD,False,4,2,1,XSN→JX
FLORES,P1,590,1,2,ALL_MORPH_BOUNDARY_GUARD,3,projected_saved_draft_candidate_at_or_after_rejection,1.0,BEFORE_GUARD,False,4,2,1,XSN→JX
FLORES,P1,590,9,15,ALL_MORPH_BOUNDARY_GUARD,3,saved_H3_exact_target_token,,NO_REJECTION,True,4,2,1,VA→EF
FLORES,P1,591,3,7,ALL_MORPH_BOUNDARY_GUARD,2,projected_saved_draft_candidate_at_or_after_rejection,2.0,AT_GUARD,True,4,3,2,XSN→JX
FLORES,P1,591,4,9,ALL_MORPH_BOUNDARY_GUARD,2,projected_saved_draft_candidate_at_or_after_rejection,1.0,BEFORE_GUARD,False,4,3,2,XSN→JKG
FLORES,P1,592,6,15,ALL_MORPH_BOUNDARY_GUARD,1,projected_saved_draft_candidate_at_or_after_rejection,2.0,AFTER_GUARD,True,4,4,3,EC→JKO
FLORES,P1,593,12,28,ALL_MORPH_BOUNDARY_GUARD,1,projected_saved_draft_candidate_at_or_after_rejection,2.0,AFTER_GUARD,True,4,4,3,XSV→ETM
FLORES,P1,593,19,41,ALL_MORPH_BOUNDARY_GUARD,3,projected_saved_draft_candidate_at_or_after_rejection,2.0,BEFORE_GUARD,False,4,2,1,VX→EC
FLORES,P1,594,6,14,ALL_MORPH_BOUNDARY_GUARD,2,projected_saved_draft_candidate_at_or_after_rejection,2.0,AT_GUARD,True,4,3,2,XSV→EC
FLORES,P1,596,4,7,ALL_MORPH_BOUNDARY_GUARD,1,projected_saved_draft_candidate_at_or_after_rejection,3.0,AFTER_GUARD,True,4,4,3,XSV→EC
FLORES,P1,597,4,9,ALL_MORPH_BOUNDARY_GUARD,2,projected_saved_draft_candidate_at_or_after_rejection,3.0,AFTER_GUARD,True,4,3,2,XSV→ETM
FLORES,P1,597,12,21,ALL_MORPH_BOUNDARY_GUARD,2,projected_saved_draft_candidate_at_or_after_rejection,1.0,BEFORE_GUARD,False,4,3,2,XSV→EC
FLORES,P1,597,16,27,ALL_MORPH_BOUNDARY_GUARD,3,projected_saved_draft_candidate_at_or_after_rejection,1.0,BEFORE_GUARD,False,4,2,1,XSV→EC
FLORES,P1,597,17,28,ALL_MORPH_BOUNDARY_GUARD,2,projected_saved_draft_candidate_at_or_after_rejection,2.0,AT_GUARD,True,4,3,2,XSV→EC
FLORES,P1,597,21,35,ALL_MORPH_BOUNDARY_GUARD,1,projected_saved_draft_candidate_at_or_after_rejection,1.0,AT_GUARD,True,3,3,2,XSA→EF
FLORES,P1,598,7,18,ALL_MORPH_BOUNDARY_GUARD,3,projected_saved_draft_candidate_at_or_after_rejection,3.0,AT_GUARD,True,4,2,1,XSV→EC
FLORES,P1,598,9,22,ALL_MORPH_BOUNDARY_GUARD,1,projected_saved_draft_candidate_at_or_after_rejection,3.0,AFTER_GUARD,True,4,4,3,VCN→EC
FLORES,P1,598,10,25,ALL_MORPH_BOUNDARY_GUARD,2,projected_saved_draft_candidate_at_or_after_rejection,2.0,AT_GUARD,True,4,3,2,VV→EC
FLORES,P1,598,15,36,NP_BOUNDARY_GUARD,2,projected_saved_draft_candidate_at_or_after_rejection,2.0,AT_GUARD,True,4,3,2,NNB→JX
FLORES,P1,598,15,36,ALL_MORPH_BOUNDARY_GUARD,2,projected_saved_draft_candidate_at_or_after_rejection,2.0,AT_GUARD,True,4,3,2,NNB→JX
FLORES,P1,600,9,16,ALL_MORPH_BOUNDARY_GUARD,2,projected_saved_draft_candidate_at_or_after_rejection,2.0,AT_GUARD,True,4,3,2,VCP→ETM
FLORES,P1,601,5,8,NP_BOUNDARY_GUARD,1,projected_saved_draft_candidate_at_or_after_rejection,1.0,AT_GUARD,True,4,4,3,NNG→JKG
FLORES,P1,601,5,8,ALL_MORPH_BOUNDARY_GUARD,1,projected_saved_draft_candidate_at_or_after_rejection,1.0,AT_GUARD,True,4,4,3,NNG→JKG
FLORES,P1,601,7,13,NP_BOUNDARY_GUARD,3,projected_saved_draft_candidate_at_or_after_rejection,1.0,BEFORE_GUARD,False,4,2,1,NNG→JKG
FLORES,P1,601,7,13,ALL_MORPH_BOUNDARY_GUARD,2,projected_saved_draft_candidate_at_or_after_rejection,1.0,BEFORE_GUARD,False,4,3,2,XSV→EC
FLORES,P1,601,8,14,NP_BOUNDARY_GUARD,2,projected_saved_draft_candidate_at_or_after_rejection,2.0,AT_GUARD,True,4,3,2,NNG→JKG
FLORES,P1,601,8,14,ALL_MORPH_BOUNDARY_GUARD,1,projected_saved_draft_candidate_at_or_after_rejection,2.0,AFTER_GUARD,True,4,4,3,XSV→EC
FLORES,P1,601,10,18,NP_BOUNDARY_GUARD,1,projected_saved_draft_candidate_at_or_after_rejection,4.0,AFTER_GUARD,True,4,4,3,NNG→JKG
FLORES,P1,601,10,18,ALL_MORPH_BOUNDARY_GUARD,1,projected_saved_draft_candidate_at_or_after_rejection,4.0,AFTER_GUARD,True,4,4,3,NNG→JKG
FLORES,P1,602,8,18,ALL_MORPH_BOUNDARY_GUARD,2,saved_H3_exact_target_token,,NO_REJECTION,True,4,3,2,XSV→EC
FLORES,P1,603,5,13,NP_BOUNDARY_GUARD,2,projected_saved_draft_candidate_at_or_after_rejection,1.0,BEFORE_GUARD,False,4,3,2,NNG→JKG
FLORES,P1,603,5,13,ALL_MORPH_BOUNDARY_GUARD,2,projected_saved_draft_candidate_at_or_after_rejection,1.0,BEFORE_GUARD,False,4,3,2,NNG→JKG
FLORES,P1,604,5,7,NP_BOUNDARY_GUARD,2,projected_saved_draft_candidate_at_or_after_rejection,2.0,AT_GUARD,True,4,3,2,NNG→JKS
FLORES,P1,604,5,7,ALL_MORPH_BOUNDARY_GUARD,2,projected_saved_draft_candidate_at_or_after_rejection,2.0,AT_GUARD,True,4,3,2,NNG→JKS
FLORES,P1,604,9,18,ALL_MORPH_BOUNDARY_GUARD,3,saved_H3_exact_target_token,,NO_REJECTION,True,4,2,1,VA→EC
FLORES,P1,605,14,31,ALL_MORPH_BOUNDARY_GUARD,1,projected_saved_draft_candidate_at_or_after_rejection,4.0,AFTER_GUARD,True,4,4,3,XSN→JKO
FLORES,P1,605,15,35,ALL_MORPH_BOUNDARY_GUARD,1,projected_saved_draft_candidate_at_or_after_rejection,1.0,AT_GUARD,True,4,4,3,XSN→JKG
FLORES,P1,607,6,9,ALL_MORPH_BOUNDARY_GUARD,1,projected_saved_draft_candidate_at_or_after_rejection,2.0,AFTER_GUARD,True,4,4,3,XSV→EC
FLORES,P1,607,14,21,ALL_MORPH_BOUNDARY_GUARD,1,projected_saved_draft_candidate_at_or_after_rejection,2.0,AFTER_GUARD,True,4,4,3,XSN→JKG
FLORES,P1,608,2,5,ALL_MORPH_BOUNDARY_GUARD,2,projected_saved_draft_candidate_at_or_after_rejection,1.0,BEFORE_GUARD,False,4,3,2,XSN→JX
FLORES,P1,608,8,20,ALL_MORPH_BOUNDARY_GUARD,3,projected_saved_draft_candidate_at_or_after_rejection,2.0,BEFORE_GUARD,False,4,2,1,NNG→XSN
FLORES,P1,608,9,22,ALL_MORPH_BOUNDARY_GUARD,1,projected_saved_draft_candidate_at_or_after_rejection,1.0,AT_GUARD,True,4,4,3,XSN→JKS
FLORES,P1,608,11,25,ALL_MORPH_BOUNDARY_GUARD,3,projected_saved_draft_candidate_at_or_after_rejection,2.0,BEFORE_GUARD,False,4,2,1,NNG→XSN
FLORES,P1,608,13,29,ALL_MORPH_BOUNDARY_GUARD,1,projected_saved_draft_candidate_at_or_after_rejection,1.0,AT_GUARD,True,4,4,3,XSN→JKS
FLORES,P1,608,15,34,ALL_MORPH_BOUNDARY_GUARD,3,projected_saved_draft_candidate_at_or_after_rejection,3.0,AT_GUARD,True,4,2,1,NNG→XSN
FLORES,P1,608,16,37,ALL_MORPH_BOUNDARY_GUARD,1,projected_saved_draft_candidate_at_or_after_rejection,1.0,AT_GUARD,True,4,4,3,XSN→JKG
FLORES,P1,608,21,43,ALL_MORPH_BOUNDARY_GUARD,2,projected_saved_draft_candidate_at_or_after_rejection,1.0,BEFORE_GUARD,False,4,3,2,VX→EF
FLORES,P1,609,7,10,NP_BOUNDARY_GUARD,1,projected_saved_draft_candidate_at_or_after_rejection,3.0,AFTER_GUARD,True,4,4,3,NNG→JKS
FLORES,P1,609,7,10,ALL_MORPH_BOUNDARY_GUARD,1,projected_saved_draft_candidate_at_or_after_rejection,3.0,AFTER_GUARD,True,4,4,3,NNG→JKS
FLORES,P1,609,13,24,ALL_MORPH_BOUNDARY_GUARD,2,projected_saved_draft_candidate_at_or_after_rejection,2.0,AT_GUARD,True,4,3,2,XSV→ETM
FLORES,P1,609,17,32,ALL_MORPH_BOUNDARY_GUARD,2,saved_H3_exact_target_token,,NO_REJECTION,True,4,3,2,XSV→EC
FLORES,P1,610,19,46,NP_BOUNDARY_GUARD,1,projected_saved_draft_candidate_at_or_after_rejection,2.0,AFTER_GUARD,True,4,4,3,NNB→JKO
FLORES,P1,610,19,46,ALL_MORPH_BOUNDARY_GUARD,1,projected_saved_draft_candidate_at_or_after_rejection,2.0,AFTER_GUARD,True,4,4,3,NNB→JKO
FLORES,P1,610,20,48,ALL_MORPH_BOUNDARY_GUARD,3,projected_saved_draft_candidate_at_or_after_rejection,1.0,BEFORE_GUARD,False,4,2,1,VX→EF
FLORES,P1,612,2,3,ALL_MORPH_BOUNDARY_GUARD,2,projected_saved_draft_candidate_at_or_after_rejection,4.0,AFTER_GUARD,True,4,3,2,JKB→JX
FLORES,P1,612,8,17,ALL_MORPH_BOUNDARY_GUARD,3,projected_saved_draft_candidate_at_or_after_rejection,3.0,AT_GUARD,True,4,2,1,XSV→ETM
FLORES,P1,612,9,20,ALL_MORPH_BOUNDARY_GUARD,2,projected_saved_draft_candidate_at_or_after_rejection,1.0,BEFORE_GUARD,False,4,3,2,VA→ETM
FLORES,P1,613,3,7,ALL_MORPH_BOUNDARY_GUARD,2,projected_saved_draft_candidate_at_or_after_rejection,3.0,AFTER_GUARD,True,4,3,2,XSN→JKB
FLORES,P1,613,4,10,ALL_MORPH_BOUNDARY_GUARD,2,projected_saved_draft_candidate_at_or_after_rejection,3.0,AFTER_GUARD,True,4,3,2,XSV→EC
FLORES,P1,613,11,29,ALL_MORPH_BOUNDARY_GUARD,2,projected_saved_draft_candidate_at_or_after_rejection,3.0,AFTER_GUARD,True,4,3,2,XSN→JX
FLORES,P1,614,7,20,ALL_MORPH_BOUNDARY_GUARD,1,projected_saved_draft_candidate_at_or_after_rejection,1.0,AT_GUARD,True,4,4,3,XSN→JKS
FLORES,P1,614,10,29,NP_BOUNDARY_GUARD,3,projected_saved_draft_candidate_at_or_after_rejection,3.0,AT_GUARD,True,4,2,1,NNB→JKO
FLORES,P1,614,10,29,ALL_MORPH_BOUNDARY_GUARD,2,projected_saved_draft_candidate_at_or_after_rejection,3.0,AFTER_GUARD,True,4,3,2,XSV→ETM
FLORES,P1,615,4,12,NP_BOUNDARY_GUARD,3,projected_saved_draft_candidate_at_or_after_rejection,4.0,AFTER_GUARD,True,4,2,1,NNB→JX
FLORES,P1,615,4,12,ALL_MORPH_BOUNDARY_GUARD,2,projected_saved_draft_candidate_at_or_after_rejection,4.0,AFTER_GUARD,True,4,3,2,XSV→ETM
FLORES,P1,615,8,22,NP_BOUNDARY_GUARD,2,projected_saved_draft_candidate_at_or_after_rejection,1.0,BEFORE_GUARD,False,4,3,2,NNG→JKG
FLORES,P1,615,8,22,ALL_MORPH_BOUNDARY_GUARD,2,projected_saved_draft_candidate_at_or_after_rejection,1.0,BEFORE_GUARD,False,4,3,2,NNG→JKG
FLORES,P1,615,13,35,ALL_MORPH_BOUNDARY_GUARD,1,projected_saved_draft_candidate_at_or_after_rejection,2.0,AFTER_GUARD,True,3,3,2,VA→EF
FLORES,P1,615,14,37,ALL_MORPH_BOUNDARY_GUARD,3,projected_saved_draft_candidate_at_or_after_rejection,1.0,BEFORE_GUARD,False,4,2,1,VV→EC
FLORES,P1,615,17,42,ALL_MORPH_BOUNDARY_GUARD,2,saved_H3_exact_target_token,,NO_REJECTION,True,4,3,2,VCP→EF
FLORES,P1,616,1,1,NP_BOUNDARY_GUARD,2,projected_saved_draft_candidate_at_or_after_rejection,2.0,AT_GUARD,True,4,3,2,NNG→JX
FLORES,P1,616,1,1,ALL_MORPH_BOUNDARY_GUARD,2,projected_saved_draft_candidate_at_or_after_rejection,2.0,AT_GUARD,True,4,3,2,NNG→JX
FLORES,P1,616,2,3,ALL_MORPH_BOUNDARY_GUARD,2,projected_saved_draft_candidate_at_or_after_rejection,3.0,AFTER_GUARD,True,4,3,2,XSN→JKB
FLORES,P1,616,5,14,ALL_MORPH_BOUNDARY_GUARD,1,projected_saved_draft_candidate_at_or_after_rejection,1.0,AT_GUARD,True,4,4,3,XSV→EC
FLORES,P1,616,6,15,NP_BOUNDARY_GUARD,1,projected_saved_draft_candidate_at_or_after_rejection,3.0,AFTER_GUARD,True,4,4,3,NNB→JKB
FLORES,P1,616,6,15,ALL_MORPH_BOUNDARY_GUARD,1,projected_saved_draft_candidate_at_or_after_rejection,3.0,AFTER_GUARD,True,4,4,3,NNB→JKB
FLORES,P1,616,11,28,NP_BOUNDARY_GUARD,1,projected_saved_draft_candidate_at_or_after_rejection,2.0,AFTER_GUARD,True,4,4,3,NNG→JKO
FLORES,P1,616,11,28,ALL_MORPH_BOUNDARY_GUARD,1,projected_saved_draft_candidate_at_or_after_rejection,2.0,AFTER_GUARD,True,4,4,3,NNG→JKO
FLORES,P1,616,12,30,ALL_MORPH_BOUNDARY_GUARD,1,saved_H3_exact_target_token,,NO_REJECTION,True,4,4,3,VX→EC
FLORES,P1,616,13,34,ALL_MORPH_BOUNDARY_GUARD,1,projected_saved_draft_candidate_at_or_after_rejection,2.0,AFTER_GUARD,True,4,4,3,XSN→JKB
FLORES,P1,616,14,36,ALL_MORPH_BOUNDARY_GUARD,2,saved_H3_exact_target_token,,NO_REJECTION,True,4,3,2,XSN→JKB
FLORES,P1,616,15,40,ALL_MORPH_BOUNDARY_GUARD,2,saved_H3_exact_target_token,,NO_REJECTION,True,4,3,2,VA→EF
FLORES,P1,618,1,1,ALL_MORPH_BOUNDARY_GUARD,3,projected_saved_draft_candidate_at_or_after_rejection,3.0,AT_GUARD,True,4,2,1,XSN→JX
FLORES,P1,619,13,34,ALL_MORPH_BOUNDARY_GUARD,3,projected_saved_draft_candidate_at_or_after_rejection,1.0,BEFORE_GUARD,False,4,2,1,VA-I→EC
FLORES,P1,619,14,35,ALL_MORPH_BOUNDARY_GUARD,1,projected_saved_draft_candidate_at_or_after_rejection,1.0,AT_GUARD,True,4,4,3,VA-I→EC
FLORES,P1,619,15,36,ALL_MORPH_BOUNDARY_GUARD,1,projected_saved_draft_candidate_at_or_after_rejection,2.0,AFTER_GUARD,True,4,4,3,VA-I→EC
FLORES,P1,619,16,38,ALL_MORPH_BOUNDARY_GUARD,1,saved_H3_exact_target_token,,NO_REJECTION,True,4,4,3,VV→EC
FLORES,P1,619,19,46,NP_BOUNDARY_GUARD,1,projected_saved_draft_candidate_at_or_after_rejection,2.0,AFTER_GUARD,True,4,4,3,NNG→JKO
FLORES,P1,619,19,46,ALL_MORPH_BOUNDARY_GUARD,1,projected_saved_draft_candidate_at_or_after_rejection,2.0,AFTER_GUARD,True,4,4,3,NNG→JKO
FLORES,P1,619,20,48,ALL_MORPH_BOUNDARY_GUARD,3,saved_H3_exact_target_token,,NO_REJECTION,True,4,2,1,XSN→JKB
FLORES,P1,620,7,21,ALL_MORPH_BOUNDARY_GUARD,2,saved_H3_exact_target_token,,NO_REJECTION,True,4,3,2,VX→EF
FLORES,P1,621,3,10,ALL_MORPH_BOUNDARY_GUARD,1,projected_saved_draft_candidate_at_or_after_rejection,2.0,AFTER_GUARD,True,4,4,3,VA→ETM
FLORES,P1,622,9,22,NP_BOUNDARY_GUARD,3,projected_saved_draft_candidate_at_or_after_rejection,3.0,AT_GUARD,True,4,2,1,NNB→JX
FLORES,P1,622,9,22,ALL_MORPH_BOUNDARY_GUARD,2,projected_saved_draft_candidate_at_or_after_rejection,3.0,AFTER_GUARD,True,4,3,2,VA→ETM
FLORES,P1,623,6,16,NP_BOUNDARY_GUARD,1,projected_saved_draft_candidate_at_or_after_rejection,2.0,AFTER_GUARD,True,4,4,3,NNG→JKS
FLORES,P1,623,6,16,ALL_MORPH_BOUNDARY_GUARD,1,projected_saved_draft_candidate_at_or_after_rejection,2.0,AFTER_GUARD,True,4,4,3,NNG→JKS
FLORES,P1,624,0,0,ALL_MORPH_BOUNDARY_GUARD,3,projected_saved_draft_candidate_at_or_after_rejection,1.0,BEFORE_GUARD,False,4,2,1,XSN→JX
FLORES,P1,624,5,16,ALL_MORPH_BOUNDARY_GUARD,2,projected_saved_draft_candidate_at_or_after_rejection,1.0,BEFORE_GUARD,False,4,3,2,XSN→JX
FLORES,P1,624,18,46,ALL_MORPH_BOUNDARY_GUARD,1,projected_saved_draft_candidate_at_or_after_rejection,3.0,AFTER_GUARD,True,4,4,3,VCN→EC
FLORES,P1,624,19,49,ALL_MORPH_BOUNDARY_GUARD,2,projected_saved_draft_candidate_at_or_after_rejection,2.0,AT_GUARD,True,4,3,2,XSN→JX
FLORES,P1,624,21,52,ALL_MORPH_BOUNDARY_GUARD,1,projected_saved_draft_candidate_at_or_after_rejection,1.0,AT_GUARD,True,4,4,3,XSV→EC
FLORES,P1,625,3,4,ALL_MORPH_BOUNDARY_GUARD,3,projected_saved_draft_candidate_at_or_after_rejection,2.0,BEFORE_GUARD,False,4,2,1,XSA→EF
FLORES,P1,625,8,16,NP_BOUNDARY_GUARD,2,projected_saved_draft_candidate_at_or_after_rejection,1.0,BEFORE_GUARD,False,4,3,2,NNB→JKO
FLORES,P1,625,8,16,ALL_MORPH_BOUNDARY_GUARD,2,projected_saved_draft_candidate_at_or_after_rejection,1.0,BEFORE_GUARD,False,4,3,2,NNB→JKO
FLORES,P1,627,12,28,ALL_MORPH_BOUNDARY_GUARD,1,projected_saved_draft_candidate_at_or_after_rejection,1.0,AT_GUARD,True,4,4,3,VA→ETM
FLORES,P1,628,5,8,ALL_MORPH_BOUNDARY_GUARD,3,projected_saved_draft_candidate_at_or_after_rejection,2.0,BEFORE_GUARD,False,4,2,1,VV→ETM
FLORES,P1,629,9,31,ALL_MORPH_BOUNDARY_GUARD,1,projected_saved_draft_candidate_at_or_after_rejection,3.0,AFTER_GUARD,True,4,4,3,VA→ETM
FLORES,P1,630,0,0,ALL_MORPH_BOUNDARY_GUARD,3,projected_saved_draft_candidate_at_or_after_rejection,1.0,BEFORE_GUARD,False,4,2,1,SO→SL
FLORES,P1,630,21,33,ALL_MORPH_BOUNDARY_GUARD,1,projected_saved_draft_candidate_at_or_after_rejection,4.0,AFTER_GUARD,True,4,4,3,XSV→EP
FLORES,P1,630,38,69,ALL_MORPH_BOUNDARY_GUARD,1,saved_H3_exact_target_token,,NO_REJECTION,True,4,4,3,XSN→JKG
FLORES,P1,630,40,77,ALL_MORPH_BOUNDARY_GUARD,2,saved_H3_exact_target_token,,NO_REJECTION,True,4,3,2,XSN→JKG
FLORES,P1,630,42,85,ALL_MORPH_BOUNDARY_GUARD,3,saved_H3_exact_target_token,,NO_REJECTION,True,4,2,1,XSN→JKG
FLORES,P1,630,47,105,ALL_MORPH_BOUNDARY_GUARD,1,saved_H3_exact_target_token,,NO_REJECTION,True,4,4,3,XSN→JKG
FLORES,P1,630,49,113,ALL_MORPH_BOUNDARY_GUARD,2,saved_H3_exact_target_token,,NO_REJECTION,True,4,3,2,XSN→JKG
FLORES,P1,630,51,121,ALL_MORPH_BOUNDARY_GUARD,3,saved_H3_exact_target_token,,NO_REJECTION,True,4,2,1,XSN→JKG
FLORES,P1,631,6,10,ALL_MORPH_BOUNDARY_GUARD,1,projected_saved_draft_candidate_at_or_after_rejection,2.0,AFTER_GUARD,True,4,4,3,XSN→JX
FLORES,P1,631,17,31,ALL_MORPH_BOUNDARY_GUARD,1,projected_saved_draft_candidate_at_or_after_rejection,1.0,AT_GUARD,True,4,4,3,XSN→JX
FLORES,P1,631,24,45,ALL_MORPH_BOUNDARY_GUARD,2,projected_saved_draft_candidate_at_or_after_rejection,1.0,BEFORE_GUARD,False,4,3,2,EP→EF
FLORES,P1,631,25,46,ALL_MORPH_BOUNDARY_GUARD,2,projected_saved_draft_candidate_at_or_after_rejection,2.0,AT_GUARD,True,4,3,2,VA→EF
FLORES,P1,631,26,48,ALL_MORPH_BOUNDARY_GUARD,1,saved_H3_exact_target_token,,NO_REJECTION,True,3,3,2,EP→EF
FLORES,P1,634,3,9,ALL_MORPH_BOUNDARY_GUARD,3,projected_saved_draft_candidate_at_or_after_rejection,4.0,AFTER_GUARD,True,4,2,1,XSN→JKS
FLORES,P1,634,4,13,ALL_MORPH_BOUNDARY_GUARD,2,saved_H3_exact_target_token,,NO_REJECTION,True,4,3,2,XSN→JKB
FLORES,P1,634,10,29,ALL_MORPH_BOUNDARY_GUARD,3,projected_saved_draft_candidate_at_or_after_rejection,3.0,AT_GUARD,True,4,2,1,XSV→ETM
FLORES,P1,635,5,14,ALL_MORPH_BOUNDARY_GUARD,3,projected_saved_draft_candidate_at_or_after_rejection,2.0,BEFORE_GUARD,False,4,2,1,VCP→EF
FLORES,P1,636,0,0,ALL_MORPH_BOUNDARY_GUARD,2,projected_saved_draft_candidate_at_or_after_rejection,1.0,BEFORE_GUARD,False,4,3,2,XSN→JX
FLORES,P1,637,5,17,NP_BOUNDARY_GUARD,1,projected_saved_draft_candidate_at_or_after_rejection,2.0,AFTER_GUARD,True,4,4,3,NNB→JKS
FLORES,P1,637,5,17,ALL_MORPH_BOUNDARY_GUARD,1,projected_saved_draft_candidate_at_or_after_rejection,2.0,AFTER_GUARD,True,4,4,3,NNB→JKS
FLORES,P1,638,15,41,ALL_MORPH_BOUNDARY_GUARD,3,projected_saved_draft_candidate_at_or_after_rejection,2.0,BEFORE_GUARD,False,4,2,1,XSV→EC
FLORES,P1,638,16,43,NP_BOUNDARY_GUARD,1,projected_saved_draft_candidate_at_or_after_rejection,2.0,AFTER_GUARD,True,4,4,3,NNB→JKO
FLORES,P1,638,16,43,ALL_MORPH_BOUNDARY_GUARD,1,projected_saved_draft_candidate_at_or_after_rejection,2.0,AFTER_GUARD,True,4,4,3,NNB→JKO
FLORES,P1,638,17,45,NP_BOUNDARY_GUARD,1,projected_saved_draft_candidate_at_or_after_rejection,4.0,AFTER_GUARD,True,4,4,3,NP→JKS
FLORES,P1,638,17,45,ALL_MORPH_BOUNDARY_GUARD,1,projected_saved_draft_candidate_at_or_after_rejection,4.0,AFTER_GUARD,True,4,4,3,NP→JKS
FLORES,P1,639,2,5,ALL_MORPH_BOUNDARY_GUARD,1,projected_saved_draft_candidate_at_or_after_rejection,3.0,AFTER_GUARD,True,4,4,3,XSN→JKB
FLORES,P1,639,8,22,NP_BOUNDARY_GUARD,3,projected_saved_draft_candidate_at_or_after_rejection,1.0,BEFORE_GUARD,False,4,2,1,NNB→JX
FLORES,P1,639,8,22,ALL_MORPH_BOUNDARY_GUARD,3,projected_saved_draft_candidate_at_or_after_rejection,1.0,BEFORE_GUARD,False,4,2,1,NNB→JX
FLORES,P1,641,12,20,ALL_MORPH_BOUNDARY_GUARD,3,projected_saved_draft_candidate_at_or_after_rejection,2.0,BEFORE_GUARD,False,4,2,1,VA→ETM
FLORES,P1,641,17,31,ALL_MORPH_BOUNDARY_GUARD,2,saved_H3_exact_target_token,,NO_REJECTION,True,4,3,2,VA→EF
FLORES,P1,642,3,7,ALL_MORPH_BOUNDARY_GUARD,2,projected_saved_draft_candidate_at_or_after_rejection,2.0,AT_GUARD,True,4,3,2,VCP→EF
FLORES,P1,642,4,9,ALL_MORPH_BOUNDARY_GUARD,2,projected_saved_draft_candidate_at_or_after_rejection,1.0,BEFORE_GUARD,False,4,3,2,XSV→EC
FLORES,P1,642,6,11,ALL_MORPH_BOUNDARY_GUARD,1,projected_saved_draft_candidate_at_or_after_rejection,1.0,AT_GUARD,True,4,4,3,VX→EC
FLORES,P1,642,11,25,ALL_MORPH_BOUNDARY_GUARD,2,saved_H3_exact_target_token,,NO_REJECTION,True,4,3,2,VX→EF
FLORES,P1,643,1,1,ALL_MORPH_BOUNDARY_GUARD,2,projected_saved_draft_candidate_at_or_after_rejection,1.0,BEFORE_GUARD,False,4,3,2,XSN→JX
FLORES,P1,643,2,2,ALL_MORPH_BOUNDARY_GUARD,2,projected_saved_draft_candidate_at_or_after_rejection,1.0,BEFORE_GUARD,False,4,3,2,VA→ETM
FLORES,P1,643,4,4,ALL_MORPH_BOUNDARY_GUARD,1,projected_saved_draft_candidate_at_or_after_rejection,1.0,AT_GUARD,True,4,4,3,VA→ETM
FLORES,P1,643,5,5,ALL_MORPH_BOUNDARY_GUARD,1,projected_saved_draft_candidate_at_or_after_rejection,1.0,AT_GUARD,True,4,4,3,VA→ETM
FLORES,P1,643,6,6,ALL_MORPH_BOUNDARY_GUARD,2,projected_saved_draft_candidate_at_or_after_rejection,2.0,AT_GUARD,True,4,3,2,XSA→ETM
FLORES,P1,643,18,31,ALL_MORPH_BOUNDARY_GUARD,3,projected_saved_draft_candidate_at_or_after_rejection,1.0,BEFORE_GUARD,False,4,2,1,VA→EF
FLORES,P1,643,19,32,ALL_MORPH_BOUNDARY_GUARD,3,saved_H3_exact_target_token,,NO_REJECTION,True,4,2,1,XSN→JKS
FLORES,P1,643,20,36,ALL_MORPH_BOUNDARY_GUARD,2,saved_H3_exact_target_token,,NO_REJECTION,True,4,3,2,VA→EF
FLORES,P1,644,4,7,ALL_MORPH_BOUNDARY_GUARD,3,projected_saved_draft_candidate_at_or_after_rejection,1.0,BEFORE_GUARD,False,4,2,1,VA→ETM
FLORES,P1,644,5,8,ALL_MORPH_BOUNDARY_GUARD,2,projected_saved_draft_candidate_at_or_after_rejection,2.0,AT_GUARD,True,4,3,2,VA→ETM
FLORES,P1,644,6,10,ALL_MORPH_BOUNDARY_GUARD,2,projected_saved_draft_candidate_at_or_after_rejection,1.0,BEFORE_GUARD,False,4,3,2,VA→ETM
FLORES,P1,644,7,11,ALL_MORPH_BOUNDARY_GUARD,3,projected_saved_draft_candidate_at_or_after_rejection,4.0,AFTER_GUARD,True,4,2,1,VA→ETM
FLORES,P1,644,9,16,ALL_MORPH_BOUNDARY_GUARD,1,projected_saved_draft_candidate_at_or_after_rejection,2.0,AFTER_GUARD,True,4,4,3,VA→ETM
FLORES,P1,645,9,27,ALL_MORPH_BOUNDARY_GUARD,2,projected_saved_draft_candidate_at_or_after_rejection,2.0,AT_GUARD,True,4,3,2,XSV→EC
FLORES,P1,646,5,14,ALL_MORPH_BOUNDARY_GUARD,1,projected_saved_draft_candidate_at_or_after_rejection,1.0,AT_GUARD,True,4,4,3,VCN→EC
FLORES,P1,646,13,26,ALL_MORPH_BOUNDARY_GUARD,2,projected_saved_draft_candidate_at_or_after_rejection,1.0,BEFORE_GUARD,False,4,3,2,XSN→JKB
FLORES,P1,646,16,31,ALL_MORPH_BOUNDARY_GUARD,3,projected_saved_draft_candidate_at_or_after_rejection,1.0,BEFORE_GUARD,False,4,2,1,VX→EC
FLORES,P1,646,22,41,NP_BOUNDARY_GUARD,2,projected_saved_draft_candidate_at_or_after_rejection,3.0,AFTER_GUARD,True,4,3,2,NNB→JKO
FLORES,P1,646,22,41,ALL_MORPH_BOUNDARY_GUARD,2,projected_saved_draft_candidate_at_or_after_rejection,3.0,AFTER_GUARD,True,4,3,2,NNB→JKO
FLORES,P1,647,9,18,ALL_MORPH_BOUNDARY_GUARD,1,projected_saved_draft_candidate_at_or_after_rejection,2.0,AFTER_GUARD,True,4,4,3,VA-I→EC
FLORES,P1,648,6,12,ALL_MORPH_BOUNDARY_GUARD,2,projected_saved_draft_candidate_at_or_after_rejection,1.0,BEFORE_GUARD,False,4,3,2,XSV→EC
FLORES,P1,648,7,13,ALL_MORPH_BOUNDARY_GUARD,2,projected_saved_draft_candidate_at_or_after_rejection,1.0,BEFORE_GUARD,False,4,3,2,XSV→ETM
FLORES,P1,648,8,14,ALL_MORPH_BOUNDARY_GUARD,1,projected_saved_draft_candidate_at_or_after_rejection,1.0,AT_GUARD,True,4,4,3,XSV→ETM
FLORES,P1,648,10,19,ALL_MORPH_BOUNDARY_GUARD,2,projected_saved_draft_candidate_at_or_after_rejection,1.0,BEFORE_GUARD,False,4,3,2,XSV→ETM
FLORES,P1,648,14,29,ALL_MORPH_BOUNDARY_GUARD,3,projected_saved_draft_candidate_at_or_after_rejection,1.0,BEFORE_GUARD,False,4,2,1,XSN→JKS
FLORES,P1,649,12,22,ALL_MORPH_BOUNDARY_GUARD,1,projected_saved_draft_candidate_at_or_after_rejection,3.0,AFTER_GUARD,True,4,4,3,XSA→EF
FLORES,P1,649,14,28,ALL_MORPH_BOUNDARY_GUARD,2,projected_saved_draft_candidate_at_or_after_rejection,1.0,BEFORE_GUARD,False,4,3,2,XSV→EC
FLORES,P1,649,15,29,ALL_MORPH_BOUNDARY_GUARD,1,projected_saved_draft_candidate_at_or_after_rejection,2.0,AFTER_GUARD,True,4,4,3,XSV→EC
FLORES,P1,649,18,33,NP_BOUNDARY_GUARD,2,saved_H3_exact_target_token,,NO_REJECTION,True,4,3,2,NNG→JKO
FLORES,P1,649,18,33,ALL_MORPH_BOUNDARY_GUARD,2,saved_H3_exact_target_token,,NO_REJECTION,True,4,3,2,NNG→JKO
FLORES,P1,650,2,5,ALL_MORPH_BOUNDARY_GUARD,1,saved_H3_exact_target_token,,NO_REJECTION,True,4,4,3,XSN→JX
FLORES,P1,650,6,19,ALL_MORPH_BOUNDARY_GUARD,2,projected_saved_draft_candidate_at_or_after_rejection,1.0,BEFORE_GUARD,False,4,3,2,XSN→JX
FLORES,P1,650,9,25,NP_BOUNDARY_GUARD,2,projected_saved_draft_candidate_at_or_after_rejection,2.0,AT_GUARD,True,4,3,2,NNG→JKO
FLORES,P1,650,9,25,ALL_MORPH_BOUNDARY_GUARD,2,projected_saved_draft_candidate_at_or_after_rejection,2.0,AT_GUARD,True,4,3,2,NNG→JKO
FLORES,P1,650,12,32,NP_BOUNDARY_GUARD,1,projected_saved_draft_candidate_at_or_after_rejection,1.0,AT_GUARD,True,4,4,3,NNB→JKO
FLORES,P1,650,12,32,ALL_MORPH_BOUNDARY_GUARD,1,projected_saved_draft_candidate_at_or_after_rejection,1.0,AT_GUARD,True,4,4,3,NNB→JKO
FLORES,P1,651,3,11,ALL_MORPH_BOUNDARY_GUARD,3,projected_saved_draft_candidate_at_or_after_rejection,3.0,AT_GUARD,True,4,2,1,VX→EC
FLORES,P1,651,14,44,ALL_MORPH_BOUNDARY_GUARD,3,saved_H3_exact_target_token,,NO_REJECTION,True,4,2,1,VX→EF
FLORES,P1,652,8,17,ALL_MORPH_BOUNDARY_GUARD,2,projected_saved_draft_candidate_at_or_after_rejection,4.0,AFTER_GUARD,True,4,3,2,VCP→EC
FLORES,P1,653,3,6,ALL_MORPH_BOUNDARY_GUARD,3,projected_saved_draft_candidate_at_or_after_rejection,2.0,BEFORE_GUARD,False,4,2,1,VX→EC
FLORES,P1,654,2,4,ALL_MORPH_BOUNDARY_GUARD,3,projected_saved_draft_candidate_at_or_after_rejection,3.0,AT_GUARD,True,4,2,1,JKB→JX
FLORES,P1,654,8,23,NP_BOUNDARY_GUARD,1,projected_saved_draft_candidate_at_or_after_rejection,3.0,AFTER_GUARD,True,4,4,3,NNG→JKS
FLORES,P1,654,8,23,ALL_MORPH_BOUNDARY_GUARD,1,projected_saved_draft_candidate_at_or_after_rejection,3.0,AFTER_GUARD,True,4,4,3,NNG→JKS
FLORES,P1,654,16,42,NP_BOUNDARY_GUARD,2,projected_saved_draft_candidate_at_or_after_rejection,2.0,AT_GUARD,True,4,3,2,NNG→JKO
FLORES,P1,654,16,42,ALL_MORPH_BOUNDARY_GUARD,2,projected_saved_draft_candidate_at_or_after_rejection,2.0,AT_GUARD,True,4,3,2,NNG→JKO
FLORES,P1,655,8,13,NP_BOUNDARY_GUARD,1,projected_saved_draft_candidate_at_or_after_rejection,1.0,AT_GUARD,True,4,4,3,NNG→JKO
FLORES,P1,655,8,13,ALL_MORPH_BOUNDARY_GUARD,1,projected_saved_draft_candidate_at_or_after_rejection,1.0,AT_GUARD,True,4,4,3,NNG→JKO
FLORES,P1,655,9,14,NP_BOUNDARY_GUARD,2,saved_H3_exact_target_token,,NO_REJECTION,True,4,3,2,NNB→JKO
FLORES,P1,655,9,14,ALL_MORPH_BOUNDARY_GUARD,1,saved_H3_exact_target_token,,NO_REJECTION,True,4,4,3,XSV→ETM
FLORES,P1,655,10,18,NP_BOUNDARY_GUARD,1,projected_saved_draft_candidate_at_or_after_rejection,2.0,AFTER_GUARD,True,4,4,3,NNB→JKO
FLORES,P1,655,10,18,ALL_MORPH_BOUNDARY_GUARD,1,projected_saved_draft_candidate_at_or_after_rejection,2.0,AFTER_GUARD,True,4,4,3,NNB→JKO
FLORES,P1,655,11,20,ALL_MORPH_BOUNDARY_GUARD,2,projected_saved_draft_candidate_at_or_after_rejection,2.0,AT_GUARD,True,4,3,2,XSN→JKB
FLORES,P1,656,0,0,ALL_MORPH_BOUNDARY_GUARD,3,projected_saved_draft_candidate_at_or_after_rejection,4.0,AFTER_GUARD,True,4,2,1,XSN→JX
FLORES,P1,656,5,9,ALL_MORPH_BOUNDARY_GUARD,3,projected_saved_draft_candidate_at_or_after_rejection,2.0,BEFORE_GUARD,False,4,2,1,XSN→JKB
FLORES,P1,656,6,11,ALL_MORPH_BOUNDARY_GUARD,1,projected_saved_draft_candidate_at_or_after_rejection,1.0,AT_GUARD,True,4,4,3,XSN→JKB
FLORES,P1,656,12,24,ALL_MORPH_BOUNDARY_GUARD,2,saved_H3_exact_target_token,,NO_REJECTION,True,4,3,2,XSN→JKG
FLORES,P1,657,0,0,ALL_MORPH_BOUNDARY_GUARD,3,projected_saved_draft_candidate_at_or_after_rejection,4.0,AFTER_GUARD,True,4,2,1,XSN→JX
FLORES,P1,657,1,4,ALL_MORPH_BOUNDARY_GUARD,2,saved_H3_exact_target_token,,NO_REJECTION,True,4,3,2,XSN→JKG
FLORES,P1,657,2,8,NP_BOUNDARY_GUARD,1,projected_saved_draft_candidate_at_or_after_rejection,1.0,AT_GUARD,True,4,4,3,NNB→JKB
FLORES,P1,657,2,8,ALL_MORPH_BOUNDARY_GUARD,1,projected_saved_draft_candidate_at_or_after_rejection,1.0,AT_GUARD,True,4,4,3,NNB→JKB
FLORES,P1,657,6,15,ALL_MORPH_BOUNDARY_GUARD,3,projected_saved_draft_candidate_at_or_after_rejection,4.0,AFTER_GUARD,True,4,2,1,XSN→JKO
FLORES,P1,657,7,19,ALL_MORPH_BOUNDARY_GUARD,1,saved_H3_exact_target_token,,NO_REJECTION,True,4,4,3,VV→EC
FLORES,P1,657,8,23,ALL_MORPH_BOUNDARY_GUARD,2,saved_H3_exact_target_token,,NO_REJECTION,True,4,3,2,XSN→JKG
FLORES,P1,657,10,31,ALL_MORPH_BOUNDARY_GUARD,1,projected_saved_draft_candidate_at_or_after_rejection,4.0,AFTER_GUARD,True,4,4,3,XSN→JKS
FLORES,P1,657,13,42,ALL_MORPH_BOUNDARY_GUARD,3,projected_saved_draft_candidate_at_or_after_rejection,2.0,BEFORE_GUARD,False,4,2,1,EC→JKO
FLORES,P1,659,0,0,ALL_MORPH_BOUNDARY_GUARD,2,projected_saved_draft_candidate_at_or_after_rejection,3.0,AFTER_GUARD,True,4,3,2,XSN→JKB
FLORES,P1,659,3,8,ALL_MORPH_BOUNDARY_GUARD,2,projected_saved_draft_candidate_at_or_after_rejection,1.0,BEFORE_GUARD,False,4,3,2,XSN→JKS
FLORES,P1,659,4,9,ALL_MORPH_BOUNDARY_GUARD,2,projected_saved_draft_candidate_at_or_after_rejection,3.0,AFTER_GUARD,True,4,3,2,XSN→JKG
FLORES,P1,659,6,14,ALL_MORPH_BOUNDARY_GUARD,2,projected_saved_draft_candidate_at_or_after_rejection,3.0,AFTER_GUARD,True,4,3,2,XSN→JKO
FLORES,P1,659,8,19,ALL_MORPH_BOUNDARY_GUARD,1,projected_saved_draft_candidate_at_or_after_rejection,1.0,AT_GUARD,True,4,4,3,VX→ETM
FLORES,P1,659,21,48,ALL_MORPH_BOUNDARY_GUARD,3,projected_saved_draft_candidate_at_or_after_rejection,1.0,BEFORE_GUARD,False,4,2,1,XSV→ETM
FLORES,P1,659,23,50,NP_BOUNDARY_GUARD,1,projected_saved_draft_candidate_at_or_after_rejection,1.0,AT_GUARD,True,4,4,3,NNB→JKO
FLORES,P1,659,23,50,ALL_MORPH_BOUNDARY_GUARD,1,projected_saved_draft_candidate_at_or_after_rejection,1.0,AT_GUARD,True,4,4,3,NNB→JKO
FLORES,P1,660,2,6,NP_BOUNDARY_GUARD,1,projected_saved_draft_candidate_at_or_after_rejection,2.0,AFTER_GUARD,True,4,4,3,NNG→JX
FLORES,P1,660,2,6,ALL_MORPH_BOUNDARY_GUARD,1,projected_saved_draft_candidate_at_or_after_rejection,2.0,AFTER_GUARD,True,4,4,3,NNG→JX
FLORES,P1,660,11,27,ALL_MORPH_BOUNDARY_GUARD,1,saved_H3_exact_target_token,,NO_REJECTION,True,4,4,3,XSV→ETN
FLORES,P1,660,16,47,ALL_MORPH_BOUNDARY_GUARD,2,saved_H3_exact_target_token,,NO_REJECTION,True,4,3,2,XSV→ETN
FLORES,P1,660,18,55,ALL_MORPH_BOUNDARY_GUARD,1,projected_saved_draft_candidate_at_or_after_rejection,2.0,AFTER_GUARD,True,4,4,3,XSN→JKO
FLORES,P1,660,20,59,ALL_MORPH_BOUNDARY_GUARD,2,projected_saved_draft_candidate_at_or_after_rejection,1.0,BEFORE_GUARD,False,4,3,2,XSV→ETN
FLORES,P1,660,21,60,ALL_MORPH_BOUNDARY_GUARD,1,projected_saved_draft_candidate_at_or_after_rejection,1.0,AT_GUARD,True,4,4,3,XSV→ETN
FLORES,P1,661,9,16,ALL_MORPH_BOUNDARY_GUARD,1,projected_saved_draft_candidate_at_or_after_rejection,1.0,AT_GUARD,True,4,4,3,VV→ETM
FLORES,P1,661,12,19,NP_BOUNDARY_GUARD,2,projected_saved_draft_candidate_at_or_after_rejection,1.0,BEFORE_GUARD,False,4,3,2,NNG→JKO
FLORES,P1,661,12,19,ALL_MORPH_BOUNDARY_GUARD,2,projected_saved_draft_candidate_at_or_after_rejection,1.0,BEFORE_GUARD,False,4,3,2,NNG→JKO
FLORES,P1,661,14,21,ALL_MORPH_BOUNDARY_GUARD,3,projected_saved_draft_candidate_at_or_after_rejection,2.0,BEFORE_GUARD,False,4,2,1,XSN→JKO
FLORES,P1,661,18,28,ALL_MORPH_BOUNDARY_GUARD,1,projected_saved_draft_candidate_at_or_after_rejection,2.0,AFTER_GUARD,True,4,4,3,XSN→JKG
FLORES,P1,663,5,11,ALL_MORPH_BOUNDARY_GUARD,2,projected_saved_draft_candidate_at_or_after_rejection,1.0,BEFORE_GUARD,False,4,3,2,NNG→XSN
FLORES,P1,664,3,10,ALL_MORPH_BOUNDARY_GUARD,3,projected_saved_draft_candidate_at_or_after_rejection,4.0,AFTER_GUARD,True,4,2,1,VA→ETM
FLORES,P1,664,10,31,ALL_MORPH_BOUNDARY_GUARD,2,saved_H3_exact_target_token,,NO_REJECTION,True,4,3,2,VV→EF
FLORES,P1,665,2,5,ALL_MORPH_BOUNDARY_GUARD,3,projected_saved_draft_candidate_at_or_after_rejection,1.0,BEFORE_GUARD,False,4,2,1,XSN→JKG
FLORES,P1,665,3,6,ALL_MORPH_BOUNDARY_GUARD,2,saved_H3_exact_target_token,,NO_REJECTION,True,4,3,2,XSN→JKG
FLORES,P1,666,0,0,ALL_MORPH_BOUNDARY_GUARD,2,projected_saved_draft_candidate_at_or_after_rejection,1.0,BEFORE_GUARD,False,4,3,2,XSN→JX
FLORES,P1,666,1,1,ALL_MORPH_BOUNDARY_GUARD,1,saved_H3_exact_target_token,,NO_REJECTION,True,4,4,3,XSN→JX
FLORES,P1,666,4,11,ALL_MORPH_BOUNDARY_GUARD,3,projected_saved_draft_candidate_at_or_after_rejection,1.0,BEFORE_GUARD,False,4,2,1,XSN→JKO
FLORES,P1,666,5,12,ALL_MORPH_BOUNDARY_GUARD,3,projected_saved_draft_candidate_at_or_after_rejection,4.0,AFTER_GUARD,True,4,2,1,XSN→JKO
FLORES,P1,666,7,20,ALL_MORPH_BOUNDARY_GUARD,1,saved_H3_exact_target_token,,NO_REJECTION,True,4,4,3,XSN→JKG
FLORES,P1,666,12,32,NP_BOUNDARY_GUARD,1,saved_H3_exact_target_token,,NO_REJECTION,True,4,4,3,NNB→JKB
FLORES,P1,666,12,32,ALL_MORPH_BOUNDARY_GUARD,1,saved_H3_exact_target_token,,NO_REJECTION,True,4,4,3,NNB→JKB
FLORES,P1,666,14,40,ALL_MORPH_BOUNDARY_GUARD,1,projected_saved_draft_candidate_at_or_after_rejection,3.0,AFTER_GUARD,True,4,4,3,XSN→JKS
FLORES,P1,668,6,15,ALL_MORPH_BOUNDARY_GUARD,2,projected_saved_draft_candidate_at_or_after_rejection,2.0,AT_GUARD,True,4,3,2,XSV→ETM
FLORES,P1,669,3,9,ALL_MORPH_BOUNDARY_GUARD,1,projected_saved_draft_candidate_at_or_after_rejection,2.0,AFTER_GUARD,True,4,4,3,XSV→ETM
FLORES,P1,669,11,33,ALL_MORPH_BOUNDARY_GUARD,3,saved_H3_exact_target_token,,NO_REJECTION,True,4,2,1,XSV→ETN
FLORES,P1,670,5,12,ALL_MORPH_BOUNDARY_GUARD,2,saved_H3_exact_target_token,,NO_REJECTION,True,4,3,2,XSN→JKB
FLORES,P1,670,10,27,ALL_MORPH_BOUNDARY_GUARD,3,saved_H3_exact_target_token,,NO_REJECTION,True,4,2,1,VA→EF
FLORES,P1,671,4,8,ALL_MORPH_BOUNDARY_GUARD,3,saved_H3_exact_target_token,,NO_REJECTION,True,4,2,1,XSV→ETN
FLORES,P1,671,13,37,ALL_MORPH_BOUNDARY_GUARD,2,projected_saved_draft_candidate_at_or_after_rejection,2.0,AT_GUARD,True,4,3,2,VV→EC
FLORES,P1,671,15,40,ALL_MORPH_BOUNDARY_GUARD,3,saved_H3_exact_target_token,,NO_REJECTION,True,4,2,1,VA→EF
FLORES,P1,672,2,7,ALL_MORPH_BOUNDARY_GUARD,2,projected_saved_draft_candidate_at_or_after_rejection,1.0,BEFORE_GUARD,False,4,3,2,XSA→EC
FLORES,P1,672,4,10,ALL_MORPH_BOUNDARY_GUARD,1,projected_saved_draft_candidate_at_or_after_rejection,1.0,AT_GUARD,True,4,4,3,JKB→JX
FLORES,P1,673,11,31,ALL_MORPH_BOUNDARY_GUARD,3,saved_H3_exact_target_token,,NO_REJECTION,True,4,2,1,XSV→ETN
FLORES,P1,673,12,35,ALL_MORPH_BOUNDARY_GUARD,2,projected_saved_draft_candidate_at_or_after_rejection,4.0,AFTER_GUARD,True,4,3,2,XSV→ETM
FLORES,P1,676,1,1,ALL_MORPH_BOUNDARY_GUARD,2,projected_saved_draft_candidate_at_or_after_rejection,1.0,BEFORE_GUARD,False,4,3,2,XSN→JKB
FLORES,P1,677,2,5,NP_BOUNDARY_GUARD,3,projected_saved_draft_candidate_at_or_after_rejection,2.0,BEFORE_GUARD,False,4,2,1,NP→JX
FLORES,P1,677,2,5,ALL_MORPH_BOUNDARY_GUARD,3,projected_saved_draft_candidate_at_or_after_rejection,2.0,BEFORE_GUARD,False,4,2,1,NP→JX
FLORES,P1,677,3,7,NP_BOUNDARY_GUARD,1,projected_saved_draft_candidate_at_or_after_rejection,1.0,AT_GUARD,True,4,4,3,NP→JX
FLORES,P1,677,3,7,ALL_MORPH_BOUNDARY_GUARD,1,projected_saved_draft_candidate_at_or_after_rejection,1.0,AT_GUARD,True,4,4,3,NP→JX
FLORES,P1,677,9,26,NP_BOUNDARY_GUARD,1,projected_saved_draft_candidate_at_or_after_rejection,1.0,AT_GUARD,True,4,4,3,NNB→JKO
FLORES,P1,677,9,26,ALL_MORPH_BOUNDARY_GUARD,1,projected_saved_draft_candidate_at_or_after_rejection,1.0,AT_GUARD,True,4,4,3,NNB→JKO
FLORES,P1,678,0,0,NP_BOUNDARY_GUARD,3,projected_saved_draft_candidate_at_or_after_rejection,3.0,AT_GUARD,True,4,2,1,NP→JKS
FLORES,P1,678,0,0,ALL_MORPH_BOUNDARY_GUARD,3,projected_saved_draft_candidate_at_or_after_rejection,3.0,AT_GUARD,True,4,2,1,NP→JKS
FLORES,P1,678,6,17,ALL_MORPH_BOUNDARY_GUARD,1,projected_saved_draft_candidate_at_or_after_rejection,1.0,AT_GUARD,True,4,4,3,XSV→ETN
FLORES,P1,678,10,27,ALL_MORPH_BOUNDARY_GUARD,1,projected_saved_draft_candidate_at_or_after_rejection,1.0,AT_GUARD,True,4,4,3,VA→ETM
FLORES,P1,679,6,14,ALL_MORPH_BOUNDARY_GUARD,3,saved_H3_exact_target_token,,NO_REJECTION,True,4,2,1,VX→EC
FLORES,P1,679,17,49,NP_BOUNDARY_GUARD,3,projected_saved_draft_candidate_at_or_after_rejection,3.0,AT_GUARD,True,4,2,1,NNB→JKO
FLORES,P1,679,17,49,ALL_MORPH_BOUNDARY_GUARD,3,projected_saved_draft_candidate_at_or_after_rejection,3.0,AT_GUARD,True,4,2,1,NNB→JKO
FLORES,P1,680,4,14,ALL_MORPH_BOUNDARY_GUARD,3,projected_saved_draft_candidate_at_or_after_rejection,4.0,AFTER_GUARD,True,4,2,1,XSV→ETM
FLORES,P1,680,6,19,ALL_MORPH_BOUNDARY_GUARD,3,projected_saved_draft_candidate_at_or_after_rejection,1.0,BEFORE_GUARD,False,4,2,1,XSV→ETM
FLORES,P1,680,11,25,ALL_MORPH_BOUNDARY_GUARD,2,projected_saved_draft_candidate_at_or_after_rejection,1.0,BEFORE_GUARD,False,4,3,2,VA→ETM
FLORES,P1,682,1,1,NP_BOUNDARY_GUARD,1,projected_saved_draft_candidate_at_or_after_rejection,1.0,AT_GUARD,True,4,4,3,NNB→JKS
FLORES,P1,682,1,1,ALL_MORPH_BOUNDARY_GUARD,1,projected_saved_draft_candidate_at_or_after_rejection,1.0,AT_GUARD,True,4,4,3,NNB→JKS
FLORES,P1,682,2,2,ALL_MORPH_BOUNDARY_GUARD,1,projected_saved_draft_candidate_at_or_after_rejection,2.0,AFTER_GUARD,True,4,4,3,XSN→JX
FLORES,P1,682,9,13,ALL_MORPH_BOUNDARY_GUARD,1,projected_saved_draft_candidate_at_or_after_rejection,1.0,AT_GUARD,True,4,4,3,XSV→ETM
FLORES,P1,682,12,19,ALL_MORPH_BOUNDARY_GUARD,2,saved_H3_exact_target_token,,NO_REJECTION,True,4,3,2,XSV→EC
FLORES,P1,683,6,21,ALL_MORPH_BOUNDARY_GUARD,3,projected_saved_draft_candidate_at_or_after_rejection,4.0,AFTER_GUARD,True,4,2,1,XSV→EC
FLORES,P1,684,8,19,ALL_MORPH_BOUNDARY_GUARD,3,saved_H3_exact_target_token,,NO_REJECTION,True,4,2,1,XSN→JKB
FLORES,P1,684,10,24,ALL_MORPH_BOUNDARY_GUARD,2,projected_saved_draft_candidate_at_or_after_rejection,1.0,BEFORE_GUARD,False,4,3,2,VA→EF
FLORES,P1,684,12,29,ALL_MORPH_BOUNDARY_GUARD,2,projected_saved_draft_candidate_at_or_after_rejection,1.0,BEFORE_GUARD,False,4,3,2,XSN→JKB
FLORES,P1,684,13,30,ALL_MORPH_BOUNDARY_GUARD,2,projected_saved_draft_candidate_at_or_after_rejection,3.0,AFTER_GUARD,True,4,3,2,XSN→JX
FLORES,P1,685,9,23,ALL_MORPH_BOUNDARY_GUARD,3,projected_saved_draft_candidate_at_or_after_rejection,4.0,AFTER_GUARD,True,4,2,1,XSN→JX
FLORES,P1,686,11,28,ALL_MORPH_BOUNDARY_GUARD,3,projected_saved_draft_candidate_at_or_after_rejection,3.0,AT_GUARD,True,4,2,1,XSN→JKB
FLORES,P1,687,0,0,ALL_MORPH_BOUNDARY_GUARD,3,saved_H3_exact_target_token,,NO_REJECTION,True,4,2,1,VV→EC
FLORES,P1,687,8,22,ALL_MORPH_BOUNDARY_GUARD,1,projected_saved_draft_candidate_at_or_after_rejection,1.0,AT_GUARD,True,4,4,3,XSN→JKS
FLORES,P1,687,26,64,ALL_MORPH_BOUNDARY_GUARD,3,projected_saved_draft_candidate_at_or_after_rejection,2.0,BEFORE_GUARD,False,4,2,1,XSV→EC
FLORES,P1,688,4,13,NP_BOUNDARY_GUARD,2,saved_H3_exact_target_token,,NO_REJECTION,True,4,3,2,NNG→JKO
FLORES,P1,688,4,13,ALL_MORPH_BOUNDARY_GUARD,2,saved_H3_exact_target_token,,NO_REJECTION,True,4,3,2,NNG→JKO
FLORES,P1,688,8,26,ALL_MORPH_BOUNDARY_GUARD,1,saved_H3_exact_target_token,,NO_REJECTION,True,4,4,3,XSN→JX
FLORES,P1,688,30,76,NP_BOUNDARY_GUARD,1,projected_saved_draft_candidate_at_or_after_rejection,2.0,AFTER_GUARD,True,4,4,3,NNG→JKO
FLORES,P1,688,30,76,ALL_MORPH_BOUNDARY_GUARD,1,projected_saved_draft_candidate_at_or_after_rejection,2.0,AFTER_GUARD,True,4,4,3,NNG→JKO
FLORES,P1,689,0,0,ALL_MORPH_BOUNDARY_GUARD,3,projected_saved_draft_candidate_at_or_after_rejection,1.0,BEFORE_GUARD,False,4,2,1,XSN→JX
FLORES,P1,689,1,1,ALL_MORPH_BOUNDARY_GUARD,3,projected_saved_draft_candidate_at_or_after_rejection,3.0,AT_GUARD,True,4,2,1,XSN→JX
FLORES,P1,689,6,9,NP_BOUNDARY_GUARD,2,projected_saved_draft_candidate_at_or_after_rejection,1.0,BEFORE_GUARD,False,4,3,2,NNB→JKB
FLORES,P1,689,6,9,ALL_MORPH_BOUNDARY_GUARD,2,projected_saved_draft_candidate_at_or_after_rejection,1.0,BEFORE_GUARD,False,4,3,2,NNB→JKB
FLORES,P1,689,10,19,NP_BOUNDARY_GUARD,2,projected_saved_draft_candidate_at_or_after_rejection,1.0,BEFORE_GUARD,False,4,3,2,NP→JKO
FLORES,P1,689,10,19,ALL_MORPH_BOUNDARY_GUARD,1,projected_saved_draft_candidate_at_or_after_rejection,1.0,AT_GUARD,True,4,4,3,XSN→JX
FLORES,P1,689,16,34,NP_BOUNDARY_GUARD,1,projected_saved_draft_candidate_at_or_after_rejection,2.0,AFTER_GUARD,True,4,4,3,NNB→JKO
FLORES,P1,689,16,34,ALL_MORPH_BOUNDARY_GUARD,1,projected_saved_draft_candidate_at_or_after_rejection,2.0,AFTER_GUARD,True,4,4,3,NNB→JKO
FLORES,P1,690,1,1,ALL_MORPH_BOUNDARY_GUARD,3,projected_saved_draft_candidate_at_or_after_rejection,4.0,AFTER_GUARD,True,4,2,1,XSN→JKS
FLORES,P1,690,10,22,ALL_MORPH_BOUNDARY_GUARD,1,projected_saved_draft_candidate_at_or_after_rejection,1.0,AT_GUARD,True,4,4,3,SF→SSC
FLORES,P1,690,15,35,ALL_MORPH_BOUNDARY_GUARD,2,projected_saved_draft_candidate_at_or_after_rejection,3.0,AFTER_GUARD,True,4,3,2,XSV→ETM
FLORES,P1,690,18,44,ALL_MORPH_BOUNDARY_GUARD,3,projected_saved_draft_candidate_at_or_after_rejection,4.0,AFTER_GUARD,True,4,2,1,XSN→JKS
FLORES,P1,690,19,48,ALL_MORPH_BOUNDARY_GUARD,3,saved_H3_exact_target_token,,NO_REJECTION,True,4,2,1,XSA→EC
FLORES,P1,690,31,82,ALL_MORPH_BOUNDARY_GUARD,1,saved_H3_exact_target_token,,NO_REJECTION,True,4,4,3,SL→SL
FLORES,P1,691,7,16,ALL_MORPH_BOUNDARY_GUARD,1,projected_saved_draft_candidate_at_or_after_rejection,1.0,AT_GUARD,True,4,4,3,XSN→JKB
FLORES,P1,692,4,13,ALL_MORPH_BOUNDARY_GUARD,1,projected_saved_draft_candidate_at_or_after_rejection,1.0,AT_GUARD,True,4,4,3,XSN→JKB
FLORES,P1,692,6,18,ALL_MORPH_BOUNDARY_GUARD,1,saved_H3_exact_target_token,,NO_REJECTION,True,4,4,3,VCP→EC
FLORES,P1,692,7,22,ALL_MORPH_BOUNDARY_GUARD,1,projected_saved_draft_candidate_at_or_after_rejection,3.0,AFTER_GUARD,True,4,4,3,VCP→EC
FLORES,P1,692,11,31,ALL_MORPH_BOUNDARY_GUARD,3,projected_saved_draft_candidate_at_or_after_rejection,1.0,BEFORE_GUARD,False,4,2,1,XSN→JKB
FLORES,P1,692,12,32,ALL_MORPH_BOUNDARY_GUARD,2,saved_H3_exact_target_token,,NO_REJECTION,True,4,3,2,XSN→JKB
FLORES,P1,692,15,41,ALL_MORPH_BOUNDARY_GUARD,2,projected_saved_draft_candidate_at_or_after_rejection,2.0,AT_GUARD,True,4,3,2,XSN→JKS
FLORES,P1,692,16,43,ALL_MORPH_BOUNDARY_GUARD,3,saved_H3_exact_target_token,,NO_REJECTION,True,4,2,1,XSN→JKG
FLORES,P1,692,18,49,NP_BOUNDARY_GUARD,3,projected_saved_draft_candidate_at_or_after_rejection,1.0,BEFORE_GUARD,False,4,2,1,NNG→JKG
FLORES,P1,692,18,49,ALL_MORPH_BOUNDARY_GUARD,3,projected_saved_draft_candidate_at_or_after_rejection,1.0,BEFORE_GUARD,False,4,2,1,NNG→JKG
FLORES,P1,692,19,50,NP_BOUNDARY_GUARD,2,projected_saved_draft_candidate_at_or_after_rejection,3.0,AFTER_GUARD,True,4,3,2,NNG→JKG
FLORES,P1,692,19,50,ALL_MORPH_BOUNDARY_GUARD,2,projected_saved_draft_candidate_at_or_after_rejection,3.0,AFTER_GUARD,True,4,3,2,NNG→JKG
FLORES,P1,692,21,57,ALL_MORPH_BOUNDARY_GUARD,1,saved_H3_exact_target_token,,NO_REJECTION,True,4,4,3,XSV→EC
FLORES,P1,692,23,64,NP_BOUNDARY_GUARD,2,projected_saved_draft_candidate_at_or_after_rejection,1.0,BEFORE_GUARD,False,4,3,2,NNG→JKO
FLORES,P1,692,23,64,ALL_MORPH_BOUNDARY_GUARD,2,projected_saved_draft_candidate_at_or_after_rejection,1.0,BEFORE_GUARD,False,4,3,2,NNG→JKO
FLORES,P1,693,10,21,ALL_MORPH_BOUNDARY_GUARD,3,projected_saved_draft_candidate_at_or_after_rejection,1.0,BEFORE_GUARD,False,4,2,1,VCP→EC
FLORES,P1,693,14,32,ALL_MORPH_BOUNDARY_GUARD,2,projected_saved_draft_candidate_at_or_after_rejection,3.0,AFTER_GUARD,True,4,3,2,VX→ETM
FLORES,P1,693,17,43,ALL_MORPH_BOUNDARY_GUARD,2,projected_saved_draft_candidate_at_or_after_rejection,1.0,BEFORE_GUARD,False,4,3,2,XSV→EC
FLORES,P1,693,18,44,ALL_MORPH_BOUNDARY_GUARD,1,projected_saved_draft_candidate_at_or_after_rejection,2.0,AFTER_GUARD,True,4,4,3,XSA→EC
FLORES,P1,695,0,0,NP_BOUNDARY_GUARD,3,projected_saved_draft_candidate_at_or_after_rejection,1.0,BEFORE_GUARD,False,4,2,1,NNB→JKS
FLORES,P1,695,0,0,ALL_MORPH_BOUNDARY_GUARD,3,projected_saved_draft_candidate_at_or_after_rejection,1.0,BEFORE_GUARD,False,4,2,1,NNB→JKS
FLORES,P1,695,4,4,ALL_MORPH_BOUNDARY_GUARD,2,projected_saved_draft_candidate_at_or_after_rejection,3.0,AFTER_GUARD,True,4,3,2,VA→ETM
FLORES,P1,695,5,7,ALL_MORPH_BOUNDARY_GUARD,1,projected_saved_draft_candidate_at_or_after_rejection,2.0,AFTER_GUARD,True,4,4,3,XSN→JKS
FLORES,P1,695,7,11,ALL_MORPH_BOUNDARY_GUARD,2,projected_saved_draft_candidate_at_or_after_rejection,1.0,BEFORE_GUARD,False,4,3,2,XSN→JKB
FLORES,P1,695,12,23,ALL_MORPH_BOUNDARY_GUARD,2,projected_saved_draft_candidate_at_or_after_rejection,4.0,AFTER_GUARD,True,4,3,2,XSV→ETM
FLORES,P1,696,0,0,ALL_MORPH_BOUNDARY_GUARD,3,projected_saved_draft_candidate_at_or_after_rejection,1.0,BEFORE_GUARD,False,4,2,1,XSN→JX
FLORES,P1,696,4,5,ALL_MORPH_BOUNDARY_GUARD,2,projected_saved_draft_candidate_at_or_after_rejection,1.0,BEFORE_GUARD,False,4,3,2,XSN→JX
FLORES,P1,696,7,11,ALL_MORPH_BOUNDARY_GUARD,3,projected_saved_draft_candidate_at_or_after_rejection,3.0,AT_GUARD,True,4,2,1,XSV→EC
FLORES,P1,696,8,14,ALL_MORPH_BOUNDARY_GUARD,1,saved_H3_exact_target_token,,NO_REJECTION,True,4,4,3,VX→EC
FLORES,P1,697,4,9,ALL_MORPH_BOUNDARY_GUARD,2,saved_H3_exact_target_token,,NO_REJECTION,True,4,3,2,XSN→JKS
FLORES,P1,697,6,15,ALL_MORPH_BOUNDARY_GUARD,3,projected_saved_draft_candidate_at_or_after_rejection,1.0,BEFORE_GUARD,False,4,2,1,VV→ETM
FLORES,P1,697,7,16,ALL_MORPH_BOUNDARY_GUARD,2,projected_saved_draft_candidate_at_or_after_rejection,1.0,BEFORE_GUARD,False,4,3,2,VA→ETM
FLORES,P1,697,14,36,ALL_MORPH_BOUNDARY_GUARD,1,saved_H3_exact_target_token,,NO_REJECTION,True,4,4,3,XSN→JKS
FLORES,P1,697,20,60,ALL_MORPH_BOUNDARY_GUARD,3,saved_H3_exact_target_token,,NO_REJECTION,True,4,2,1,XSN→JKS
FLORES,P1,697,27,88,ALL_MORPH_BOUNDARY_GUARD,1,saved_H3_exact_target_token,,NO_REJECTION,True,4,4,3,XSN→JKS
FLORES,P1,697,33,112,ALL_MORPH_BOUNDARY_GUARD,3,saved_H3_exact_target_token,,NO_REJECTION,True,4,2,1,XSN→JKS
FLORES,P1,698,3,7,ALL_MORPH_BOUNDARY_GUARD,3,projected_saved_draft_candidate_at_or_after_rejection,4.0,AFTER_GUARD,True,4,2,1,VA→ETM
FLORES,P1,698,10,23,ALL_MORPH_BOUNDARY_GUARD,2,projected_saved_draft_candidate_at_or_after_rejection,3.0,AFTER_GUARD,True,4,3,2,XSN→JX
FLORES,P1,698,16,43,ALL_MORPH_BOUNDARY_GUARD,1,projected_saved_draft_candidate_at_or_after_rejection,2.0,AFTER_GUARD,True,4,4,3,SL→SL
FLORES,P1,700,0,0,ALL_MORPH_BOUNDARY_GUARD,3,projected_saved_draft_candidate_at_or_after_rejection,4.0,AFTER_GUARD,True,4,2,1,VA→ETM
FLORES,P1,700,7,17,ALL_MORPH_BOUNDARY_GUARD,2,projected_saved_draft_candidate_at_or_after_rejection,3.0,AFTER_GUARD,True,4,3,2,XSV→EC
FLORES,P1,701,1,3,ALL_MORPH_BOUNDARY_GUARD,1,projected_saved_draft_candidate_at_or_after_rejection,1.0,AT_GUARD,True,4,4,3,XSN→JX
FLORES,P1,702,27,59,ALL_MORPH_BOUNDARY_GUARD,3,projected_saved_draft_candidate_at_or_after_rejection,1.0,BEFORE_GUARD,False,4,2,1,VCP→EF
FLORES,P1,702,29,61,ALL_MORPH_BOUNDARY_GUARD,2,saved_H3_exact_target_token,,NO_REJECTION,True,4,3,2,EP→EF
FLORES,P1,703,0,0,ALL_MORPH_BOUNDARY_GUARD,3,projected_saved_draft_candidate_at_or_after_rejection,1.0,BEFORE_GUARD,False,4,2,1,JKB→JX
FLORES,P1,703,1,1,ALL_MORPH_BOUNDARY_GUARD,2,projected_saved_draft_candidate_at_or_after_rejection,2.0,AT_GUARD,True,4,3,2,JKB→JX
FLORES,P1,703,3,7,ALL_MORPH_BOUNDARY_GUARD,2,projected_saved_draft_candidate_at_or_after_rejection,1.0,BEFORE_GUARD,False,4,3,2,XSV→EC
FLORES,P1,703,9,17,ALL_MORPH_BOUNDARY_GUARD,2,projected_saved_draft_candidate_at_or_after_rejection,1.0,BEFORE_GUARD,False,4,3,2,VX→EC
FLORES,P1,703,10,18,ALL_MORPH_BOUNDARY_GUARD,1,projected_saved_draft_candidate_at_or_after_rejection,1.0,AT_GUARD,True,4,4,3,VX→EC
FLORES,P1,703,20,37,ALL_MORPH_BOUNDARY_GUARD,3,saved_H3_exact_target_token,,NO_REJECTION,True,4,2,1,VX→EF
FLORES,P1,704,2,4,ALL_MORPH_BOUNDARY_GUARD,2,projected_saved_draft_candidate_at_or_after_rejection,1.0,BEFORE_GUARD,False,4,3,2,XSN→JKB
FLORES,P1,704,3,5,ALL_MORPH_BOUNDARY_GUARD,2,saved_H3_exact_target_token,,NO_REJECTION,True,4,3,2,XSN→JX
FLORES,P1,705,13,18,ALL_MORPH_BOUNDARY_GUARD,3,projected_saved_draft_candidate_at_or_after_rejection,4.0,AFTER_GUARD,True,4,2,1,XSV→ETM
FLORES,P1,705,15,26,ALL_MORPH_BOUNDARY_GUARD,2,saved_H3_exact_target_token,,NO_REJECTION,True,4,3,2,VA→EF
FLORES,P1,706,1,1,NP_BOUNDARY_GUARD,1,saved_H3_exact_target_token,,NO_REJECTION,True,4,4,3,NNG→JKS
FLORES,P1,706,1,1,ALL_MORPH_BOUNDARY_GUARD,1,saved_H3_exact_target_token,,NO_REJECTION,True,4,4,3,NNG→JKS
FLORES,P1,706,3,8,ALL_MORPH_BOUNDARY_GUARD,1,projected_saved_draft_candidate_at_or_after_rejection,1.0,AT_GUARD,True,4,4,3,VA→ETM
FLORES,P1,706,5,12,ALL_MORPH_BOUNDARY_GUARD,1,projected_saved_draft_candidate_at_or_after_rejection,4.0,AFTER_GUARD,True,4,4,3,XSN→JKS
FLORES,P1,706,7,20,ALL_MORPH_BOUNDARY_GUARD,3,projected_saved_draft_candidate_at_or_after_rejection,2.0,BEFORE_GUARD,False,4,2,1,XSV→EC
FLORES,P1,706,8,22,ALL_MORPH_BOUNDARY_GUARD,3,saved_H3_exact_target_token,,NO_REJECTION,True,4,2,1,VA→EC
FLORES,P1,706,11,31,ALL_MORPH_BOUNDARY_GUARD,3,saved_H3_exact_target_token,,NO_REJECTION,True,4,2,1,VA→EF
FLORES,P1,707,1,1,ALL_MORPH_BOUNDARY_GUARD,2,projected_saved_draft_candidate_at_or_after_rejection,1.0,BEFORE_GUARD,False,4,3,2,XSN→JKO
FLORES,P1,707,2,2,ALL_MORPH_BOUNDARY_GUARD,1,projected_saved_draft_candidate_at_or_after_rejection,1.0,AT_GUARD,True,4,4,3,XSN→JKB
FLORES,P1,707,7,8,ALL_MORPH_BOUNDARY_GUARD,2,projected_saved_draft_candidate_at_or_after_rejection,3.0,AFTER_GUARD,True,4,3,2,VV→EC
FLORES,P1,707,19,39,NP_BOUNDARY_GUARD,1,projected_saved_draft_candidate_at_or_after_rejection,1.0,AT_GUARD,True,4,4,3,NNB→JX
FLORES,P1,707,19,39,ALL_MORPH_BOUNDARY_GUARD,1,projected_saved_draft_candidate_at_or_after_rejection,1.0,AT_GUARD,True,4,4,3,NNB→JX
FLORES,P1,707,21,41,ALL_MORPH_BOUNDARY_GUARD,1,saved_H3_exact_target_token,,NO_REJECTION,True,4,4,3,XSV→EC
FLORES,P1,708,11,26,ALL_MORPH_BOUNDARY_GUARD,2,projected_saved_draft_candidate_at_or_after_rejection,1.0,BEFORE_GUARD,False,4,3,2,XSN→JKS
FLORES,P1,708,12,27,ALL_MORPH_BOUNDARY_GUARD,1,projected_saved_draft_candidate_at_or_after_rejection,2.0,AFTER_GUARD,True,4,4,3,XSN→JKS
FLORES,P1,709,3,6,ALL_MORPH_BOUNDARY_GUARD,3,projected_saved_draft_candidate_at_or_after_rejection,4.0,AFTER_GUARD,True,4,2,1,XSV→EC
FLORES,P1,710,29,49,ALL_MORPH_BOUNDARY_GUARD,3,saved_H3_exact_target_token,,NO_REJECTION,True,4,2,1,XSN→JKS
FLORES,P1,711,7,13,ALL_MORPH_BOUNDARY_GUARD,2,projected_saved_draft_candidate_at_or_after_rejection,1.0,BEFORE_GUARD,False,4,3,2,VA→ETM
FLORES,P1,711,11,17,ALL_MORPH_BOUNDARY_GUARD,1,projected_saved_draft_candidate_at_or_after_rejection,2.0,AFTER_GUARD,True,4,4,3,VX→ETM
FLORES,P1,712,4,7,ALL_MORPH_BOUNDARY_GUARD,2,saved_H3_exact_target_token,,NO_REJECTION,True,4,3,2,JKB→JX
FLORES,P1,712,11,24,ALL_MORPH_BOUNDARY_GUARD,3,projected_saved_draft_candidate_at_or_after_rejection,1.0,BEFORE_GUARD,False,4,2,1,VA→EF
FLORES,P1,712,12,25,ALL_MORPH_BOUNDARY_GUARD,2,saved_H3_exact_target_token,,NO_REJECTION,True,4,3,2,VA→EF
FLORES,P1,713,15,30,ALL_MORPH_BOUNDARY_GUARD,3,projected_saved_draft_candidate_at_or_after_rejection,2.0,BEFORE_GUARD,False,4,2,1,VCP→EF
FLORES,P1,714,11,21,ALL_MORPH_BOUNDARY_GUARD,3,saved_H3_exact_target_token,,NO_REJECTION,True,4,2,1,XSV→EC
FLORES,P1,715,19,31,ALL_MORPH_BOUNDARY_GUARD,3,projected_saved_draft_candidate_at_or_after_rejection,1.0,BEFORE_GUARD,False,4,2,1,XSV→ETM
FLORES,P1,715,21,35,NP_BOUNDARY_GUARD,1,projected_saved_draft_candidate_at_or_after_rejection,2.0,AFTER_GUARD,True,4,4,3,NNB→JKS
FLORES,P1,715,21,35,ALL_MORPH_BOUNDARY_GUARD,1,projected_saved_draft_candidate_at_or_after_rejection,2.0,AFTER_GUARD,True,4,4,3,NNB→JKS
FLORES,P1,716,8,15,ALL_MORPH_BOUNDARY_GUARD,3,projected_saved_draft_candidate_at_or_after_rejection,1.0,BEFORE_GUARD,False,4,2,1,XSV→ETN
FLORES,P1,716,17,35,ALL_MORPH_BOUNDARY_GUARD,2,projected_saved_draft_candidate_at_or_after_rejection,2.0,AT_GUARD,True,4,3,2,VV→ETM
FLORES,P1,716,18,37,ALL_MORPH_BOUNDARY_GUARD,2,projected_saved_draft_candidate_at_or_after_rejection,3.0,AFTER_GUARD,True,4,3,2,VA→ETM
FLORES,P1,716,21,42,ALL_MORPH_BOUNDARY_GUARD,2,projected_saved_draft_candidate_at_or_after_rejection,1.0,BEFORE_GUARD,False,4,3,2,VCP→EF
FLORES,P1,716,22,43,ALL_MORPH_BOUNDARY_GUARD,1,projected_saved_draft_candidate_at_or_after_rejection,1.0,AT_GUARD,True,3,3,2,VCP→EF
FLORES,P1,717,12,26,ALL_MORPH_BOUNDARY_GUARD,2,saved_H3_exact_target_token,,NO_REJECTION,True,4,3,2,VA→EF
FLORES,P1,718,4,6,ALL_MORPH_BOUNDARY_GUARD,1,projected_saved_draft_candidate_at_or_after_rejection,1.0,AT_GUARD,True,4,4,3,XSN→JKS
FLORES,P1,718,9,23,ALL_MORPH_BOUNDARY_GUARD,1,projected_saved_draft_candidate_at_or_after_rejection,2.0,AFTER_GUARD,True,4,4,3,XSV→ETM
FLORES,P1,719,12,20,ALL_MORPH_BOUNDARY_GUARD,3,projected_saved_draft_candidate_at_or_after_rejection,1.0,BEFORE_GUARD,False,4,2,1,XSN→JKB
FLORES,P1,719,17,32,ALL_MORPH_BOUNDARY_GUARD,3,saved_H3_exact_target_token,,NO_REJECTION,True,4,2,1,VA→EF
FLORES,P1,720,3,9,ALL_MORPH_BOUNDARY_GUARD,1,projected_saved_draft_candidate_at_or_after_rejection,1.0,AT_GUARD,True,4,4,3,XSN→JKS
FLORES,P1,720,9,20,ALL_MORPH_BOUNDARY_GUARD,3,projected_saved_draft_candidate_at_or_after_rejection,1.0,BEFORE_GUARD,False,4,2,1,XSV→ETN
FLORES,P1,722,4,10,ALL_MORPH_BOUNDARY_GUARD,2,projected_saved_draft_candidate_at_or_after_rejection,2.0,AT_GUARD,True,4,3,2,XSN→JKB
FLORES,P1,722,5,12,ALL_MORPH_BOUNDARY_GUARD,2,projected_saved_draft_candidate_at_or_after_rejection,1.0,BEFORE_GUARD,False,4,3,2,VCN→EC
FLORES,P1,722,7,17,NP_BOUNDARY_GUARD,2,projected_saved_draft_candidate_at_or_after_rejection,2.0,AT_GUARD,True,4,3,2,NP→JX
FLORES,P1,722,7,17,ALL_MORPH_BOUNDARY_GUARD,2,projected_saved_draft_candidate_at_or_after_rejection,2.0,AT_GUARD,True,4,3,2,NP→JX
FLORES,P1,723,9,25,ALL_MORPH_BOUNDARY_GUARD,1,saved_H3_exact_target_token,,NO_REJECTION,True,4,4,3,XSV→EC
FLORES,P1,723,22,64,ALL_MORPH_BOUNDARY_GUARD,2,saved_H3_exact_target_token,,NO_REJECTION,True,4,3,2,VX→EF
FLORES,P1,724,5,14,ALL_MORPH_BOUNDARY_GUARD,2,saved_H3_exact_target_token,,NO_REJECTION,True,4,3,2,VX→EC
FLORES,P1,724,8,26,ALL_MORPH_BOUNDARY_GUARD,3,projected_saved_draft_candidate_at_or_after_rejection,1.0,BEFORE_GUARD,False,4,2,1,XSV→EC
FLORES,P1,724,13,39,ALL_MORPH_BOUNDARY_GUARD,2,projected_saved_draft_candidate_at_or_after_rejection,3.0,AFTER_GUARD,True,4,3,2,XSV→ETM
FLORES,P1,725,6,17,ALL_MORPH_BOUNDARY_GUARD,2,projected_saved_draft_candidate_at_or_after_rejection,2.0,AT_GUARD,True,4,3,2,VCP→EC
FLORES,P1,725,7,19,ALL_MORPH_BOUNDARY_GUARD,2,saved_H3_exact_target_token,,NO_REJECTION,True,4,3,2,VCP→EC
FLORES,P1,726,6,14,ALL_MORPH_BOUNDARY_GUARD,3,projected_saved_draft_candidate_at_or_after_rejection,1.0,BEFORE_GUARD,False,4,2,1,XSA→EC
FLORES,P1,727,10,21,ALL_MORPH_BOUNDARY_GUARD,3,projected_saved_draft_candidate_at_or_after_rejection,4.0,AFTER_GUARD,True,4,2,1,VA→ETM
FLORES,P1,727,12,29,ALL_MORPH_BOUNDARY_GUARD,2,saved_H3_exact_target_token,,NO_REJECTION,True,4,3,2,VA→EF
FLORES,P1,728,8,22,ALL_MORPH_BOUNDARY_GUARD,3,projected_saved_draft_candidate_at_or_after_rejection,2.0,BEFORE_GUARD,False,4,2,1,XSV→ETM
FLORES,P1,728,13,32,ALL_MORPH_BOUNDARY_GUARD,2,projected_saved_draft_candidate_at_or_after_rejection,2.0,AT_GUARD,True,4,3,2,VCP→EF
FLORES,P1,729,12,22,ALL_MORPH_BOUNDARY_GUARD,2,projected_saved_draft_candidate_at_or_after_rejection,1.0,BEFORE_GUARD,False,4,3,2,VV→ETM
FLORES,P1,729,33,62,ALL_MORPH_BOUNDARY_GUARD,1,projected_saved_draft_candidate_at_or_after_rejection,2.0,AFTER_GUARD,True,4,4,3,VA→ETM
FLORES,P1,731,11,27,ALL_MORPH_BOUNDARY_GUARD,1,projected_saved_draft_candidate_at_or_after_rejection,1.0,AT_GUARD,True,3,3,2,VX→EF
FLORES,P1,732,16,48,ALL_MORPH_BOUNDARY_GUARD,3,projected_saved_draft_candidate_at_or_after_rejection,2.0,BEFORE_GUARD,False,4,2,1,VA→ETM
FLORES,P1,732,19,53,ALL_MORPH_BOUNDARY_GUARD,2,projected_saved_draft_candidate_at_or_after_rejection,1.0,BEFORE_GUARD,False,4,3,2,VA→ETM
FLORES,P1,732,20,54,ALL_MORPH_BOUNDARY_GUARD,2,projected_saved_draft_candidate_at_or_after_rejection,2.0,AT_GUARD,True,4,3,2,VA→ETM
FLORES,P1,732,22,58,ALL_MORPH_BOUNDARY_GUARD,2,saved_H3_exact_target_token,,NO_REJECTION,True,4,3,2,VA→EF
FLORES,P1,733,25,50,ALL_MORPH_BOUNDARY_GUARD,2,projected_saved_draft_candidate_at_or_after_rejection,1.0,BEFORE_GUARD,False,4,3,2,VX→EF
FLORES,P1,734,15,37,ALL_MORPH_BOUNDARY_GUARD,3,saved_H3_exact_target_token,,NO_REJECTION,True,4,2,1,VX→EF
FLORES,P1,735,7,12,ALL_MORPH_BOUNDARY_GUARD,1,projected_saved_draft_candidate_at_or_after_rejection,1.0,AT_GUARD,True,4,4,3,VCN→EC
FLORES,P1,735,9,16,ALL_MORPH_BOUNDARY_GUARD,2,projected_saved_draft_candidate_at_or_after_rejection,3.0,AFTER_GUARD,True,4,3,2,XSN→JX
FLORES,P1,736,17,40,ALL_MORPH_BOUNDARY_GUARD,2,saved_H3_exact_target_token,,NO_REJECTION,True,4,3,2,VX→EF
FLORES,P1,737,31,60,NP_BOUNDARY_GUARD,3,projected_saved_draft_candidate_at_or_after_rejection,2.0,BEFORE_GUARD,False,4,2,1,NNB→JKB
FLORES,P1,737,31,60,ALL_MORPH_BOUNDARY_GUARD,2,projected_saved_draft_candidate_at_or_after_rejection,2.0,AT_GUARD,True,4,3,2,VA→ETM
FLORES,P1,737,32,62,NP_BOUNDARY_GUARD,2,projected_saved_draft_candidate_at_or_after_rejection,1.0,BEFORE_GUARD,False,4,3,2,NNB→JKB
FLORES,P1,737,32,62,ALL_MORPH_BOUNDARY_GUARD,1,projected_saved_draft_candidate_at_or_after_rejection,1.0,AT_GUARD,True,4,4,3,XSV→ETM
FLORES,P1,738,11,26,ALL_MORPH_BOUNDARY_GUARD,3,saved_H3_exact_target_token,,NO_REJECTION,True,4,2,1,XSV→EC
FLORES,P1,739,6,8,ALL_MORPH_BOUNDARY_GUARD,3,projected_saved_draft_candidate_at_or_after_rejection,3.0,AT_GUARD,True,4,2,1,VX→EC
FLORES,P1,739,13,24,ALL_MORPH_BOUNDARY_GUARD,3,saved_H3_exact_target_token,,NO_REJECTION,True,4,2,1,XSV→ETM
FLORES,P1,740,4,13,ALL_MORPH_BOUNDARY_GUARD,2,projected_saved_draft_candidate_at_or_after_rejection,2.0,AT_GUARD,True,4,3,2,XSV→EC
FLORES,P1,740,7,18,ALL_MORPH_BOUNDARY_GUARD,1,projected_saved_draft_candidate_at_or_after_rejection,2.0,AFTER_GUARD,True,4,4,3,XSN→JX
FLORES,P1,741,21,59,ALL_MORPH_BOUNDARY_GUARD,3,saved_H3_exact_target_token,,NO_REJECTION,True,4,2,1,VA→EF
FLORES,P1,743,6,18,NP_BOUNDARY_GUARD,3,projected_saved_draft_candidate_at_or_after_rejection,1.0,BEFORE_GUARD,False,4,2,1,NNG→JX
FLORES,P1,743,6,18,ALL_MORPH_BOUNDARY_GUARD,3,projected_saved_draft_candidate_at_or_after_rejection,1.0,BEFORE_GUARD,False,4,2,1,NNG→JX
FLORES,P1,743,17,44,ALL_MORPH_BOUNDARY_GUARD,3,saved_H3_exact_target_token,,NO_REJECTION,True,4,2,1,VV→EF
FLORES,P1,744,16,47,ALL_MORPH_BOUNDARY_GUARD,3,projected_saved_draft_candidate_at_or_after_rejection,1.0,BEFORE_GUARD,False,4,2,1,XSV→EC
FLORES,P1,744,17,48,ALL_MORPH_BOUNDARY_GUARD,2,projected_saved_draft_candidate_at_or_after_rejection,1.0,BEFORE_GUARD,False,4,3,2,XSV→EC
FLORES,P1,744,18,49,ALL_MORPH_BOUNDARY_GUARD,1,projected_saved_draft_candidate_at_or_after_rejection,1.0,AT_GUARD,True,4,4,3,XSV→EC
FLORES,P1,745,6,21,ALL_MORPH_BOUNDARY_GUARD,1,projected_saved_draft_candidate_at_or_after_rejection,3.0,AFTER_GUARD,True,4,4,3,VCP→EC
FLORES,P1,746,14,22,ALL_MORPH_BOUNDARY_GUARD,3,projected_saved_draft_candidate_at_or_after_rejection,2.0,BEFORE_GUARD,False,4,2,1,XSN→JX
FLORES,P1,746,15,24,ALL_MORPH_BOUNDARY_GUARD,1,projected_saved_draft_candidate_at_or_after_rejection,2.0,AFTER_GUARD,True,4,4,3,XSN→JX
FLORES,P1,746,28,45,ALL_MORPH_BOUNDARY_GUARD,2,projected_saved_draft_candidate_at_or_after_rejection,1.0,BEFORE_GUARD,False,4,3,2,XSV→ETM
FLORES,P1,747,17,29,ALL_MORPH_BOUNDARY_GUARD,2,projected_saved_draft_candidate_at_or_after_rejection,1.0,BEFORE_GUARD,False,4,3,2,XSN→JKS
FLORES,P1,747,22,38,ALL_MORPH_BOUNDARY_GUARD,3,projected_saved_draft_candidate_at_or_after_rejection,4.0,AFTER_GUARD,True,4,2,1,VV→ETM
FLORES,P1,747,24,45,ALL_MORPH_BOUNDARY_GUARD,1,projected_saved_draft_candidate_at_or_after_rejection,1.0,AT_GUARD,True,4,4,3,XSV→ETM
FLORES,P1,748,21,41,ALL_MORPH_BOUNDARY_GUARD,3,projected_saved_draft_candidate_at_or_after_rejection,2.0,BEFORE_GUARD,False,4,2,1,XSN→JKS
FLORES,P1,748,22,43,ALL_MORPH_BOUNDARY_GUARD,1,projected_saved_draft_candidate_at_or_after_rejection,3.0,AFTER_GUARD,True,4,4,3,XSN→JKS
FLORES,P1,749,2,6,ALL_MORPH_BOUNDARY_GUARD,1,projected_saved_draft_candidate_at_or_after_rejection,3.0,AFTER_GUARD,True,4,4,3,XSN→JX
FLORES,P1,750,17,30,ALL_MORPH_BOUNDARY_GUARD,2,projected_saved_draft_candidate_at_or_after_rejection,4.0,AFTER_GUARD,True,4,3,2,XSN→JKO
FLORES,P1,751,4,12,ALL_MORPH_BOUNDARY_GUARD,2,projected_saved_draft_candidate_at_or_after_rejection,1.0,BEFORE_GUARD,False,4,3,2,VA→ETM
FLORES,P1,751,7,16,ALL_MORPH_BOUNDARY_GUARD,2,projected_saved_draft_candidate_at_or_after_rejection,2.0,AT_GUARD,True,4,3,2,XSN→JKS
FLORES,P1,752,5,5,ALL_MORPH_BOUNDARY_GUARD,2,projected_saved_draft_candidate_at_or_after_rejection,1.0,BEFORE_GUARD,False,4,3,2,VV→ETM
FLORES,P1,753,5,8,ALL_MORPH_BOUNDARY_GUARD,3,projected_saved_draft_candidate_at_or_after_rejection,2.0,BEFORE_GUARD,False,4,2,1,JKB→JX
FLORES,P1,753,9,14,ALL_MORPH_BOUNDARY_GUARD,3,saved_H3_exact_target_token,,NO_REJECTION,True,4,2,1,VA→EF
FLORES,P1,754,20,45,ALL_MORPH_BOUNDARY_GUARD,2,projected_saved_draft_candidate_at_or_after_rejection,2.0,AT_GUARD,True,4,3,2,XSV→EF
FLORES,P1,754,21,47,ALL_MORPH_BOUNDARY_GUARD,2,saved_H3_exact_target_token,,NO_REJECTION,True,4,3,2,VA→EF
FLORES,P1,756,4,5,ALL_MORPH_BOUNDARY_GUARD,1,projected_saved_draft_candidate_at_or_after_rejection,2.0,AFTER_GUARD,True,4,4,3,XSV→ETM
FLORES,P1,756,13,25,ALL_MORPH_BOUNDARY_GUARD,1,projected_saved_draft_candidate_at_or_after_rejection,1.0,AT_GUARD,True,3,3,2,VX→EF
FLORES,P1,757,14,34,ALL_MORPH_BOUNDARY_GUARD,2,projected_saved_draft_candidate_at_or_after_rejection,1.0,BEFORE_GUARD,False,4,3,2,XSN→JKB
FLORES,P1,758,8,15,ALL_MORPH_BOUNDARY_GUARD,1,projected_saved_draft_candidate_at_or_after_rejection,2.0,AFTER_GUARD,True,4,4,3,VX→ETM
FLORES,P1,758,13,28,ALL_MORPH_BOUNDARY_GUARD,3,projected_saved_draft_candidate_at_or_after_rejection,3.0,AT_GUARD,True,4,2,1,VA→EF
FLORES,P1,758,15,33,ALL_MORPH_BOUNDARY_GUARD,1,projected_saved_draft_candidate_at_or_after_rejection,1.0,AT_GUARD,True,4,4,3,NNG→XSN
FLORES,P1,759,6,8,ALL_MORPH_BOUNDARY_GUARD,1,projected_saved_draft_candidate_at_or_after_rejection,2.0,AFTER_GUARD,True,4,4,3,XSV→EC
FLORES,P1,760,10,13,NP_BOUNDARY_GUARD,1,projected_saved_draft_candidate_at_or_after_rejection,3.0,AFTER_GUARD,True,4,4,3,NNB→JKB
FLORES,P1,760,10,13,ALL_MORPH_BOUNDARY_GUARD,1,projected_saved_draft_candidate_at_or_after_rejection,3.0,AFTER_GUARD,True,4,4,3,NNB→JKB
FLORES,P1,763,4,7,ALL_MORPH_BOUNDARY_GUARD,2,projected_saved_draft_candidate_at_or_after_rejection,1.0,BEFORE_GUARD,False,4,3,2,VA→EF
FLORES,P1,763,9,18,ALL_MORPH_BOUNDARY_GUARD,2,projected_saved_draft_candidate_at_or_after_rejection,3.0,AFTER_GUARD,True,4,3,2,VX→EF
FLORES,P1,763,13,31,ALL_MORPH_BOUNDARY_GUARD,3,projected_saved_draft_candidate_at_or_after_rejection,1.0,BEFORE_GUARD,False,4,2,1,XSA→EF
FLORES,P1,763,14,32,ALL_MORPH_BOUNDARY_GUARD,2,saved_H3_exact_target_token,,NO_REJECTION,True,4,3,2,XSA→EF
FLORES,P1,764,3,6,ALL_MORPH_BOUNDARY_GUARD,3,saved_H3_exact_target_token,,NO_REJECTION,True,4,2,1,XSN→JX
FLORES,P1,764,8,20,ALL_MORPH_BOUNDARY_GUARD,1,saved_H3_exact_target_token,,NO_REJECTION,True,4,4,3,VX→EC
FLORES,P1,764,12,31,ALL_MORPH_BOUNDARY_GUARD,3,projected_saved_draft_candidate_at_or_after_rejection,2.0,BEFORE_GUARD,False,4,2,1,VCP→EC
FLORES,P1,764,13,33,ALL_MORPH_BOUNDARY_GUARD,3,projected_saved_draft_candidate_at_or_after_rejection,1.0,BEFORE_GUARD,False,4,2,1,VV→EC
FLORES,P1,764,19,44,ALL_MORPH_BOUNDARY_GUARD,3,projected_saved_draft_candidate_at_or_after_rejection,1.0,BEFORE_GUARD,False,4,2,1,XSA→EC
FLORES,P1,764,20,45,NP_BOUNDARY_GUARD,1,projected_saved_draft_candidate_at_or_after_rejection,1.0,AT_GUARD,True,4,4,3,NNB→JX
FLORES,P1,764,20,45,ALL_MORPH_BOUNDARY_GUARD,1,projected_saved_draft_candidate_at_or_after_rejection,1.0,AT_GUARD,True,4,4,3,NNB→JX
FLORES,P1,765,2,5,ALL_MORPH_BOUNDARY_GUARD,1,projected_saved_draft_candidate_at_or_after_rejection,1.0,AT_GUARD,True,4,4,3,XSN→JX
FLORES,P1,765,10,25,ALL_MORPH_BOUNDARY_GUARD,1,projected_saved_draft_candidate_at_or_after_rejection,3.0,AFTER_GUARD,True,4,4,3,SP→SL
FLORES,P1,765,18,45,ALL_MORPH_BOUNDARY_GUARD,2,saved_H3_exact_target_token,,NO_REJECTION,True,4,3,2,SP→SL
FLORES,P1,766,14,35,ALL_MORPH_BOUNDARY_GUARD,1,saved_H3_exact_target_token,,NO_REJECTION,True,3,3,2,VA→EF
FLORES,P1,767,4,9,ALL_MORPH_BOUNDARY_GUARD,3,projected_saved_draft_candidate_at_or_after_rejection,1.0,BEFORE_GUARD,False,4,2,1,XSA→EC
FLORES,P1,767,8,17,NP_BOUNDARY_GUARD,1,projected_saved_draft_candidate_at_or_after_rejection,2.0,AFTER_GUARD,True,4,4,3,NNG→JKO
FLORES,P1,767,8,17,ALL_MORPH_BOUNDARY_GUARD,1,projected_saved_draft_candidate_at_or_after_rejection,2.0,AFTER_GUARD,True,4,4,3,NNG→JKO
FLORES,P1,767,17,39,ALL_MORPH_BOUNDARY_GUARD,3,projected_saved_draft_candidate_at_or_after_rejection,1.0,BEFORE_GUARD,False,4,2,1,XSN→JKG
FLORES,P1,767,18,40,ALL_MORPH_BOUNDARY_GUARD,1,saved_H3_exact_target_token,,NO_REJECTION,True,4,4,3,XSN→JKG
FLORES,P1,768,7,16,NP_BOUNDARY_GUARD,3,projected_saved_draft_candidate_at_or_after_rejection,1.0,BEFORE_GUARD,False,4,2,1,NNB→JKB
FLORES,P1,768,7,16,ALL_MORPH_BOUNDARY_GUARD,2,projected_saved_draft_candidate_at_or_after_rejection,1.0,BEFORE_GUARD,False,4,3,2,XSV→ETN
FLORES,P1,768,9,18,NP_BOUNDARY_GUARD,1,projected_saved_draft_candidate_at_or_after_rejection,2.0,AFTER_GUARD,True,4,4,3,NNB→JKO
FLORES,P1,768,9,18,ALL_MORPH_BOUNDARY_GUARD,1,projected_saved_draft_candidate_at_or_after_rejection,2.0,AFTER_GUARD,True,4,4,3,NNB→JKO
FLORES,P1,768,20,50,ALL_MORPH_BOUNDARY_GUARD,2,projected_saved_draft_candidate_at_or_after_rejection,1.0,BEFORE_GUARD,False,4,3,2,XSV→ETM
FLORES,P1,769,15,34,ALL_MORPH_BOUNDARY_GUARD,2,saved_H3_exact_target_token,,NO_REJECTION,True,4,3,2,VX→EF
FLORES,P1,770,5,14,ALL_MORPH_BOUNDARY_GUARD,1,projected_saved_draft_candidate_at_or_after_rejection,2.0,AFTER_GUARD,True,4,4,3,XSV→EP
FLORES,P1,771,22,47,ALL_MORPH_BOUNDARY_GUARD,1,saved_H3_exact_target_token,,NO_REJECTION,True,3,3,2,EP→EF
FLORES,P1,772,9,19,ALL_MORPH_BOUNDARY_GUARD,3,projected_saved_draft_candidate_at_or_after_rejection,3.0,AT_GUARD,True,4,2,1,EP→EF
FLORES,P1,772,10,22,ALL_MORPH_BOUNDARY_GUARD,2,saved_H3_exact_target_token,,NO_REJECTION,True,4,3,2,EP→EF
FLORES,P1,772,16,42,ALL_MORPH_BOUNDARY_GUARD,2,projected_saved_draft_candidate_at_or_after_rejection,2.0,AT_GUARD,True,4,3,2,EP→EF
FLORES,P1,774,0,0,ALL_MORPH_BOUNDARY_GUARD,1,projected_saved_draft_candidate_at_or_after_rejection,1.0,AT_GUARD,True,4,4,3,VA→ETM
FLORES,P1,774,10,22,ALL_MORPH_BOUNDARY_GUARD,3,saved_H3_exact_target_token,,NO_REJECTION,True,4,2,1,VV→EF
FLORES,P1,774,15,38,ALL_MORPH_BOUNDARY_GUARD,1,saved_H3_exact_target_token,,NO_REJECTION,True,3,3,2,VA→EF
FLORES,P1,775,8,18,ALL_MORPH_BOUNDARY_GUARD,3,projected_saved_draft_candidate_at_or_after_rejection,2.0,BEFORE_GUARD,False,4,2,1,XSV→EC
FLORES,P1,775,15,30,ALL_MORPH_BOUNDARY_GUARD,2,projected_saved_draft_candidate_at_or_after_rejection,1.0,BEFORE_GUARD,False,4,3,2,XSV→EC
FLORES,P1,776,23,36,ALL_MORPH_BOUNDARY_GUARD,2,projected_saved_draft_candidate_at_or_after_rejection,2.0,AT_GUARD,True,4,3,2,XSV→EC
FLORES,P1,777,7,18,ALL_MORPH_BOUNDARY_GUARD,3,projected_saved_draft_candidate_at_or_after_rejection,1.0,BEFORE_GUARD,False,4,2,1,XSV→EC
FLORES,P1,777,28,53,ALL_MORPH_BOUNDARY_GUARD,3,projected_saved_draft_candidate_at_or_after_rejection,1.0,BEFORE_GUARD,False,4,2,1,VA→EF
FLORES,P1,778,0,0,ALL_MORPH_BOUNDARY_GUARD,2,projected_saved_draft_candidate_at_or_after_rejection,3.0,AFTER_GUARD,True,4,3,2,XSN→JX
FLORES,P1,778,12,27,ALL_MORPH_BOUNDARY_GUARD,1,projected_saved_draft_candidate_at_or_after_rejection,2.0,AFTER_GUARD,True,4,4,3,XSA→EC
FLORES,P1,779,9,26,ALL_MORPH_BOUNDARY_GUARD,3,projected_saved_draft_candidate_at_or_after_rejection,4.0,AFTER_GUARD,True,4,2,1,XSA→EC
FLORES,P1,780,5,8,ALL_MORPH_BOUNDARY_GUARD,3,projected_saved_draft_candidate_at_or_after_rejection,1.0,BEFORE_GUARD,False,4,2,1,XSV→EC
FLORES,P1,780,6,9,ALL_MORPH_BOUNDARY_GUARD,3,projected_saved_draft_candidate_at_or_after_rejection,3.0,AT_GUARD,True,4,2,1,VA→EF
FLORES,P1,780,12,26,ALL_MORPH_BOUNDARY_GUARD,3,projected_saved_draft_candidate_at_or_after_rejection,3.0,AT_GUARD,True,4,2,1,VA→ETM
FLORES,P1,781,9,11,ALL_MORPH_BOUNDARY_GUARD,3,projected_saved_draft_candidate_at_or_after_rejection,1.0,BEFORE_GUARD,False,4,2,1,XSA→EC
FLORES,P1,781,10,12,ALL_MORPH_BOUNDARY_GUARD,3,projected_saved_draft_candidate_at_or_after_rejection,1.0,BEFORE_GUARD,False,4,2,1,XSV→EC
FLORES,P1,781,23,38,ALL_MORPH_BOUNDARY_GUARD,2,saved_H3_exact_target_token,,NO_REJECTION,True,4,3,2,VA→EF
FLORES,P1,782,1,1,ALL_MORPH_BOUNDARY_GUARD,3,saved_H3_exact_target_token,,NO_REJECTION,True,4,2,1,XSN→JX
FLORES,P1,782,8,20,ALL_MORPH_BOUNDARY_GUARD,3,projected_saved_draft_candidate_at_or_after_rejection,3.0,AT_GUARD,True,4,2,1,XSV→ETM
FLORES,P1,782,9,23,ALL_MORPH_BOUNDARY_GUARD,1,projected_saved_draft_candidate_at_or_after_rejection,1.0,AT_GUARD,True,4,4,3,VX→EF
FLORES,P1,782,16,39,ALL_MORPH_BOUNDARY_GUARD,1,projected_saved_draft_candidate_at_or_after_rejection,3.0,AFTER_GUARD,True,4,4,3,SSC→SP
FLORES,P1,782,34,72,ALL_MORPH_BOUNDARY_GUARD,3,projected_saved_draft_candidate_at_or_after_rejection,4.0,AFTER_GUARD,True,4,2,1,VX→EF
FLORES,P1,782,38,84,ALL_MORPH_BOUNDARY_GUARD,2,saved_H3_exact_target_token,,NO_REJECTION,True,4,3,2,VX→EF
FLORES,P1,783,6,15,ALL_MORPH_BOUNDARY_GUARD,1,saved_H3_exact_target_token,,NO_REJECTION,True,4,4,3,VX→EF
FLORES,P1,784,0,0,ALL_MORPH_BOUNDARY_GUARD,1,projected_saved_draft_candidate_at_or_after_rejection,1.0,AT_GUARD,True,4,4,3,VA→ETM
FLORES,P1,784,3,4,ALL_MORPH_BOUNDARY_GUARD,2,projected_saved_draft_candidate_at_or_after_rejection,2.0,AT_GUARD,True,4,3,2,VV→ETM
FLORES,P1,784,4,6,ALL_MORPH_BOUNDARY_GUARD,1,projected_saved_draft_candidate_at_or_after_rejection,2.0,AFTER_GUARD,True,4,4,3,VA→ETM
FLORES,P1,784,9,18,ALL_MORPH_BOUNDARY_GUARD,2,projected_saved_draft_candidate_at_or_after_rejection,3.0,AFTER_GUARD,True,4,3,2,XSV→ETM
FLORES,P1,786,14,29,ALL_MORPH_BOUNDARY_GUARD,1,projected_saved_draft_candidate_at_or_after_rejection,2.0,AFTER_GUARD,True,4,4,3,XSV→ETM
FLORES,P1,787,5,11,ALL_MORPH_BOUNDARY_GUARD,3,projected_saved_draft_candidate_at_or_after_rejection,4.0,AFTER_GUARD,True,4,2,1,XSV→ETM
FLORES,P1,787,7,16,ALL_MORPH_BOUNDARY_GUARD,2,projected_saved_draft_candidate_at_or_after_rejection,1.0,BEFORE_GUARD,False,4,3,2,VA→EF
FLORES,P1,788,7,11,ALL_MORPH_BOUNDARY_GUARD,2,saved_H3_exact_target_token,,NO_REJECTION,True,4,3,2,XSV→ETM
FLORES,P1,788,11,24,ALL_MORPH_BOUNDARY_GUARD,2,saved_H3_exact_target_token,,NO_REJECTION,True,4,3,2,XSV→ETM
FLORES,P1,788,14,36,ALL_MORPH_BOUNDARY_GUARD,3,saved_H3_exact_target_token,,NO_REJECTION,True,4,2,1,XSV→ETM
FLORES,P1,788,21,64,ALL_MORPH_BOUNDARY_GUARD,1,saved_H3_exact_target_token,,NO_REJECTION,True,4,4,3,XSV→ETM
FLORES,P1,788,24,76,ALL_MORPH_BOUNDARY_GUARD,2,saved_H3_exact_target_token,,NO_REJECTION,True,4,3,2,XSV→ETM
FLORES,P1,788,27,88,ALL_MORPH_BOUNDARY_GUARD,3,saved_H3_exact_target_token,,NO_REJECTION,True,4,2,1,XSV→ETM
FLORES,P1,788,34,116,ALL_MORPH_BOUNDARY_GUARD,1,saved_H3_exact_target_token,,NO_REJECTION,True,4,4,3,XSV→ETM
FLORES,P1,789,9,22,ALL_MORPH_BOUNDARY_GUARD,2,projected_saved_draft_candidate_at_or_after_rejection,3.0,AFTER_GUARD,True,4,3,2,VA→ETM
FLORES,P1,789,14,33,ALL_MORPH_BOUNDARY_GUARD,2,saved_H3_exact_target_token,,NO_REJECTION,True,4,3,2,VA→EF
FLORES,P1,790,5,9,ALL_MORPH_BOUNDARY_GUARD,1,projected_saved_draft_candidate_at_or_after_rejection,1.0,AT_GUARD,True,4,4,3,XSV→EC
FLORES,P1,790,11,26,ALL_MORPH_BOUNDARY_GUARD,2,projected_saved_draft_candidate_at_or_after_rejection,2.0,AT_GUARD,True,4,3,2,XSV→ETM
FLORES,P1,790,12,28,ALL_MORPH_BOUNDARY_GUARD,2,projected_saved_draft_candidate_at_or_after_rejection,1.0,BEFORE_GUARD,False,4,3,2,VA→ETM
FLORES,P1,790,13,29,ALL_MORPH_BOUNDARY_GUARD,1,saved_H3_exact_target_token,,NO_REJECTION,True,4,4,3,VA→EF
FLORES,P1,790,14,33,ALL_MORPH_BOUNDARY_GUARD,1,saved_H3_exact_target_token,,NO_REJECTION,True,4,4,3,VV→EC
FLORES,P1,790,20,52,ALL_MORPH_BOUNDARY_GUARD,2,saved_H3_exact_target_token,,NO_REJECTION,True,4,3,2,VA→EF
FLORES,P1,791,1,2,ALL_MORPH_BOUNDARY_GUARD,2,projected_saved_draft_candidate_at_or_after_rejection,1.0,BEFORE_GUARD,False,4,3,2,XSN→JKB
FLORES,P1,791,6,8,NP_BOUNDARY_GUARD,2,projected_saved_draft_candidate_at_or_after_rejection,2.0,AT_GUARD,True,4,3,2,NNG→JKO
FLORES,P1,791,6,8,ALL_MORPH_BOUNDARY_GUARD,2,projected_saved_draft_candidate_at_or_after_rejection,2.0,AT_GUARD,True,4,3,2,NNG→JKO
FLORES,P1,791,19,39,NP_BOUNDARY_GUARD,2,projected_saved_draft_candidate_at_or_after_rejection,1.0,BEFORE_GUARD,False,4,3,2,NNB→JKO
FLORES,P1,791,19,39,ALL_MORPH_BOUNDARY_GUARD,2,projected_saved_draft_candidate_at_or_after_rejection,1.0,BEFORE_GUARD,False,4,3,2,NNB→JKO
FLORES,P1,792,0,0,ALL_MORPH_BOUNDARY_GUARD,2,projected_saved_draft_candidate_at_or_after_rejection,1.0,BEFORE_GUARD,False,4,3,2,XSN→JX
FLORES,P1,792,1,1,ALL_MORPH_BOUNDARY_GUARD,1,saved_H3_exact_target_token,,NO_REJECTION,True,4,4,3,XSN→JX
FLORES,P1,792,4,9,ALL_MORPH_BOUNDARY_GUARD,2,projected_saved_draft_candidate_at_or_after_rejection,1.0,BEFORE_GUARD,False,4,3,2,XSV→EC
FLORES,P1,792,5,10,ALL_MORPH_BOUNDARY_GUARD,1,saved_H3_exact_target_token,,NO_REJECTION,True,4,4,3,XSV→EC
FLORES,P1,792,13,32,ALL_MORPH_BOUNDARY_GUARD,1,projected_saved_draft_candidate_at_or_after_rejection,3.0,AFTER_GUARD,True,4,4,3,VA→EF
FLORES,P1,793,3,4,ALL_MORPH_BOUNDARY_GUARD,3,projected_saved_draft_candidate_at_or_after_rejection,1.0,BEFORE_GUARD,False,4,2,1,XSV→EC
FLORES,P1,794,2,4,ALL_MORPH_BOUNDARY_GUARD,3,projected_saved_draft_candidate_at_or_after_rejection,4.0,AFTER_GUARD,True,4,2,1,JKB→JX
FLORES,P1,794,6,15,ALL_MORPH_BOUNDARY_GUARD,2,projected_saved_draft_candidate_at_or_after_rejection,3.0,AFTER_GUARD,True,4,3,2,XSN→JKS
FLORES,P1,794,12,30,ALL_MORPH_BOUNDARY_GUARD,3,saved_H3_exact_target_token,,NO_REJECTION,True,4,2,1,XSN→JX
FLORES,P1,794,17,44,ALL_MORPH_BOUNDARY_GUARD,1,projected_saved_draft_candidate_at_or_after_rejection,3.0,AFTER_GUARD,True,4,4,3,VCP→EC
FLORES,P1,795,14,28,ALL_MORPH_BOUNDARY_GUARD,1,projected_saved_draft_candidate_at_or_after_rejection,1.0,AT_GUARD,True,4,4,3,VV→EC
FLORES,P1,795,15,29,NP_BOUNDARY_GUARD,2,projected_saved_draft_candidate_at_or_after_rejection,3.0,AFTER_GUARD,True,4,3,2,NNB→JKO
FLORES,P1,795,15,29,ALL_MORPH_BOUNDARY_GUARD,2,projected_saved_draft_candidate_at_or_after_rejection,3.0,AFTER_GUARD,True,4,3,2,NNB→JKO
FLORES,P1,796,0,0,ALL_MORPH_BOUNDARY_GUARD,2,projected_saved_draft_candidate_at_or_after_rejection,2.0,AT_GUARD,True,4,3,2,XSV→EF
FLORES,P1,796,16,40,ALL_MORPH_BOUNDARY_GUARD,1,saved_H3_exact_target_token,,NO_REJECTION,True,3,3,2,VA→EF
FLORES,P1,797,10,24,ALL_MORPH_BOUNDARY_GUARD,1,saved_H3_exact_target_token,,NO_REJECTION,True,3,3,2,VV→EF
FLORES,P1,798,12,29,ALL_MORPH_BOUNDARY_GUARD,1,projected_saved_draft_candidate_at_or_after_rejection,1.0,AT_GUARD,True,4,4,3,XSV→ETM
FLORES,P1,798,14,34,ALL_MORPH_BOUNDARY_GUARD,3,saved_H3_exact_target_token,,NO_REJECTION,True,4,2,1,NNG→XSN
FLORES,P1,798,19,48,ALL_MORPH_BOUNDARY_GUARD,2,saved_H3_exact_target_token,,NO_REJECTION,True,4,3,2,VA→EF
FLORES,P1,799,6,12,ALL_MORPH_BOUNDARY_GUARD,3,projected_saved_draft_candidate_at_or_after_rejection,3.0,AT_GUARD,True,4,2,1,JKB→JX
FLORES,P1,799,9,21,ALL_MORPH_BOUNDARY_GUARD,3,projected_saved_draft_candidate_at_or_after_rejection,3.0,AT_GUARD,True,4,2,1,VA→EF
FLORES,P1,799,22,51,ALL_MORPH_BOUNDARY_GUARD,1,saved_H3_exact_target_token,,NO_REJECTION,True,2,2,1,SSC→SF
FLORES,P1,800,7,18,NP_BOUNDARY_GUARD,3,projected_saved_draft_candidate_at_or_after_rejection,1.0,BEFORE_GUARD,False,4,2,1,NNG→JKO
FLORES,P1,800,7,18,ALL_MORPH_BOUNDARY_GUARD,1,projected_saved_draft_candidate_at_or_after_rejection,1.0,AT_GUARD,True,4,4,3,VA→ETM
FLORES,P1,800,9,22,NP_BOUNDARY_GUARD,2,projected_saved_draft_candidate_at_or_after_rejection,1.0,BEFORE_GUARD,False,4,3,2,NNB→JKO
FLORES,P1,800,9,22,ALL_MORPH_BOUNDARY_GUARD,1,projected_saved_draft_candidate_at_or_after_rejection,1.0,AT_GUARD,True,4,4,3,XSV→ETM
FLORES,P1,800,13,33,ALL_MORPH_BOUNDARY_GUARD,3,projected_saved_draft_candidate_at_or_after_rejection,2.0,BEFORE_GUARD,False,4,2,1,VX→EC
FLORES,P1,800,19,50,ALL_MORPH_BOUNDARY_GUARD,1,saved_H3_exact_target_token,,NO_REJECTION,True,3,3,2,VV→EF
FLORES,P1,801,1,1,ALL_MORPH_BOUNDARY_GUARD,1,saved_H3_exact_target_token,,NO_REJECTION,True,4,4,3,XSN→JX
FLORES,P1,802,5,9,ALL_MORPH_BOUNDARY_GUARD,3,saved_H3_exact_target_token,,NO_REJECTION,True,4,2,1,VA→EF
FLORES,P1,802,10,23,ALL_MORPH_BOUNDARY_GUARD,2,saved_H3_exact_target_token,,NO_REJECTION,True,4,3,2,XSV→EC
FLORES,P1,802,11,27,ALL_MORPH_BOUNDARY_GUARD,1,projected_saved_draft_candidate_at_or_after_rejection,2.0,AFTER_GUARD,True,4,4,3,VA→ETM
FLORES,P1,802,14,36,ALL_MORPH_BOUNDARY_GUARD,2,projected_saved_draft_candidate_at_or_after_rejection,3.0,AFTER_GUARD,True,4,3,2,VV→EC
FLORES,P1,802,15,39,NP_BOUNDARY_GUARD,1,projected_saved_draft_candidate_at_or_after_rejection,1.0,AT_GUARD,True,4,4,3,NNB→JKO
FLORES,P1,802,15,39,ALL_MORPH_BOUNDARY_GUARD,1,projected_saved_draft_candidate_at_or_after_rejection,1.0,AT_GUARD,True,4,4,3,NNB→JKO
FLORES,P1,802,17,42,ALL_MORPH_BOUNDARY_GUARD,2,projected_saved_draft_candidate_at_or_after_rejection,1.0,BEFORE_GUARD,False,4,3,2,VV→EC
FLORES,P1,802,18,43,ALL_MORPH_BOUNDARY_GUARD,3,saved_H3_exact_target_token,,NO_REJECTION,True,4,2,1,VX→EF
FLORES,P1,803,3,6,ALL_MORPH_BOUNDARY_GUARD,2,saved_H3_exact_target_token,,NO_REJECTION,True,4,3,2,XSV→EC
FLORES,P1,803,5,13,ALL_MORPH_BOUNDARY_GUARD,2,saved_H3_exact_target_token,,NO_REJECTION,True,4,3,2,VV→ETM
FLORES,P1,805,3,4,ALL_MORPH_BOUNDARY_GUARD,3,projected_saved_draft_candidate_at_or_after_rejection,1.0,BEFORE_GUARD,False,4,2,1,JKB→JX
FLORES,P1,805,5,8,ALL_MORPH_BOUNDARY_GUARD,3,projected_saved_draft_candidate_at_or_after_rejection,1.0,BEFORE_GUARD,False,4,2,1,VA→ETM
FLORES,P1,805,7,10,ALL_MORPH_BOUNDARY_GUARD,1,projected_saved_draft_candidate_at_or_after_rejection,3.0,AFTER_GUARD,True,4,4,3,VV→ETM
FLORES,P1,805,17,32,ALL_MORPH_BOUNDARY_GUARD,2,saved_H3_exact_target_token,,NO_REJECTION,True,4,3,2,VA→EF
FLORES,P1,806,18,36,ALL_MORPH_BOUNDARY_GUARD,1,projected_saved_draft_candidate_at_or_after_rejection,1.0,AT_GUARD,True,4,4,3,XSV→EC
FLORES,P1,806,24,47,ALL_MORPH_BOUNDARY_GUARD,1,projected_saved_draft_candidate_at_or_after_rejection,1.0,AT_GUARD,True,4,4,3,XSV→ETM
FLORES,P1,807,1,1,ALL_MORPH_BOUNDARY_GUARD,3,projected_saved_draft_candidate_at_or_after_rejection,2.0,BEFORE_GUARD,False,4,2,1,VA→ETM
FLORES,P1,807,5,14,ALL_MORPH_BOUNDARY_GUARD,3,projected_saved_draft_candidate_at_or_after_rejection,3.0,AT_GUARD,True,4,2,1,XSV→EC
FLORES,P1,807,13,29,ALL_MORPH_BOUNDARY_GUARD,2,projected_saved_draft_candidate_at_or_after_rejection,2.0,AT_GUARD,True,4,3,2,XSN→JKB
FLORES,P1,808,5,17,ALL_MORPH_BOUNDARY_GUARD,2,projected_saved_draft_candidate_at_or_after_rejection,2.0,AT_GUARD,True,4,3,2,VCP→EC
FLORES,P1,808,6,19,ALL_MORPH_BOUNDARY_GUARD,2,saved_H3_exact_target_token,,NO_REJECTION,True,4,3,2,VCP→EC
FLORES,P1,808,7,23,ALL_MORPH_BOUNDARY_GUARD,3,projected_saved_draft_candidate_at_or_after_rejection,4.0,AFTER_GUARD,True,4,2,1,XSN→JKB
FLORES,P1,809,12,25,ALL_MORPH_BOUNDARY_GUARD,1,projected_saved_draft_candidate_at_or_after_rejection,2.0,AFTER_GUARD,True,4,4,3,XSV→ETM
FLORES,P1,809,13,27,ALL_MORPH_BOUNDARY_GUARD,3,projected_saved_draft_candidate_at_or_after_rejection,1.0,BEFORE_GUARD,False,4,2,1,XSN→JKB
FLORES,P1,809,15,32,ALL_MORPH_BOUNDARY_GUARD,2,projected_saved_draft_candidate_at_or_after_rejection,4.0,AFTER_GUARD,True,4,3,2,XSN→JKB
FLORES,P1,810,9,22,ALL_MORPH_BOUNDARY_GUARD,2,projected_saved_draft_candidate_at_or_after_rejection,4.0,AFTER_GUARD,True,4,3,2,VA→ETM
FLORES,P1,811,19,34,ALL_MORPH_BOUNDARY_GUARD,3,saved_H3_exact_target_token,,NO_REJECTION,True,4,2,1,VA→EF
FLORES,P1,812,6,13,ALL_MORPH_BOUNDARY_GUARD,3,projected_saved_draft_candidate_at_or_after_rejection,1.0,BEFORE_GUARD,False,4,2,1,SSC→SP
FLORES,P1,812,7,14,ALL_MORPH_BOUNDARY_GUARD,2,projected_saved_draft_candidate_at_or_after_rejection,1.0,BEFORE_GUARD,False,4,3,2,SSC→SP
FLORES,P1,812,8,15,ALL_MORPH_BOUNDARY_GUARD,2,projected_saved_draft_candidate_at_or_after_rejection,4.0,AFTER_GUARD,True,4,3,2,SSC→SP
FLORES,P1,812,10,23,ALL_MORPH_BOUNDARY_GUARD,1,projected_saved_draft_candidate_at_or_after_rejection,1.0,AT_GUARD,True,4,4,3,SSC→SP
FLORES,P1,812,17,40,NP_BOUNDARY_GUARD,2,projected_saved_draft_candidate_at_or_after_rejection,2.0,AT_GUARD,True,4,3,2,NNB→JKO
FLORES,P1,812,17,40,ALL_MORPH_BOUNDARY_GUARD,1,projected_saved_draft_candidate_at_or_after_rejection,2.0,AFTER_GUARD,True,4,4,3,VV→ETM
FLORES,P1,815,10,26,ALL_MORPH_BOUNDARY_GUARD,3,saved_H3_exact_target_token,,NO_REJECTION,True,4,2,1,VA→EF
FLORES,P1,816,16,52,ALL_MORPH_BOUNDARY_GUARD,3,projected_saved_draft_candidate_at_or_after_rejection,1.0,BEFORE_GUARD,False,4,2,1,VX→EP
FLORES,P1,816,17,53,ALL_MORPH_BOUNDARY_GUARD,1,saved_H3_exact_target_token,,NO_REJECTION,True,4,4,3,XSV→EC
FLORES,P1,817,0,0,ALL_MORPH_BOUNDARY_GUARD,3,projected_saved_draft_candidate_at_or_after_rejection,3.0,AT_GUARD,True,4,2,1,XSV→ETM
FLORES,P1,818,4,8,ALL_MORPH_BOUNDARY_GUARD,2,projected_saved_draft_candidate_at_or_after_rejection,3.0,AFTER_GUARD,True,4,3,2,XSV→EC
FLORES,P1,818,10,17,ALL_MORPH_BOUNDARY_GUARD,2,projected_saved_draft_candidate_at_or_after_rejection,1.0,BEFORE_GUARD,False,4,3,2,VA→ETM
FLORES,P1,818,14,28,ALL_MORPH_BOUNDARY_GUARD,2,projected_saved_draft_candidate_at_or_after_rejection,3.0,AFTER_GUARD,True,4,3,2,JKB→JX
FLORES,P1,819,12,36,NP_BOUNDARY_GUARD,2,saved_H3_exact_target_token,,NO_REJECTION,True,4,3,2,NNG→JKO
FLORES,P1,819,12,36,ALL_MORPH_BOUNDARY_GUARD,2,saved_H3_exact_target_token,,NO_REJECTION,True,4,3,2,NNG→JKO
FLORES,P1,819,15,48,NP_BOUNDARY_GUARD,2,saved_H3_exact_target_token,,NO_REJECTION,True,4,3,2,NNG→JKO
FLORES,P1,819,15,48,ALL_MORPH_BOUNDARY_GUARD,2,saved_H3_exact_target_token,,NO_REJECTION,True,4,3,2,NNG→JKO
FLORES,P1,819,18,60,NP_BOUNDARY_GUARD,2,saved_H3_exact_target_token,,NO_REJECTION,True,4,3,2,NNG→JKO
FLORES,P1,819,18,60,ALL_MORPH_BOUNDARY_GUARD,2,saved_H3_exact_target_token,,NO_REJECTION,True,4,3,2,NNG→JKO
FLORES,P1,819,21,72,NP_BOUNDARY_GUARD,2,saved_H3_exact_target_token,,NO_REJECTION,True,4,3,2,NNG→JKO
FLORES,P1,819,21,72,ALL_MORPH_BOUNDARY_GUARD,2,saved_H3_exact_target_token,,NO_REJECTION,True,4,3,2,NNG→JKO
FLORES,P1,819,24,84,NP_BOUNDARY_GUARD,2,saved_H3_exact_target_token,,NO_REJECTION,True,4,3,2,NNG→JKO
FLORES,P1,819,24,84,ALL_MORPH_BOUNDARY_GUARD,2,saved_H3_exact_target_token,,NO_REJECTION,True,4,3,2,NNG→JKO
FLORES,P1,819,27,96,NP_BOUNDARY_GUARD,2,saved_H3_exact_target_token,,NO_REJECTION,True,4,3,2,NNG→JKO
FLORES,P1,819,27,96,ALL_MORPH_BOUNDARY_GUARD,2,saved_H3_exact_target_token,,NO_REJECTION,True,4,3,2,NNG→JKO
FLORES,P1,819,30,108,NP_BOUNDARY_GUARD,2,saved_H3_exact_target_token,,NO_REJECTION,True,4,3,2,NNG→JKO
FLORES,P1,819,30,108,ALL_MORPH_BOUNDARY_GUARD,2,saved_H3_exact_target_token,,NO_REJECTION,True,4,3,2,NNG→JKO
FLORES,P1,819,33,120,NP_BOUNDARY_GUARD,2,saved_H3_exact_target_token,,NO_REJECTION,True,4,3,2,NNG→JKO
FLORES,P1,819,33,120,ALL_MORPH_BOUNDARY_GUARD,2,saved_H3_exact_target_token,,NO_REJECTION,True,4,3,2,NNG→JKO
FLORES,P1,820,4,10,NP_BOUNDARY_GUARD,3,projected_saved_draft_candidate_at_or_after_rejection,4.0,AFTER_GUARD,True,4,2,1,NNB→JKO
FLORES,P1,820,4,10,ALL_MORPH_BOUNDARY_GUARD,3,projected_saved_draft_candidate_at_or_after_rejection,4.0,AFTER_GUARD,True,4,2,1,NNB→JKO
FLORES,P1,820,17,37,ALL_MORPH_BOUNDARY_GUARD,2,projected_saved_draft_candidate_at_or_after_rejection,2.0,AT_GUARD,True,4,3,2,VA→EF
FLORES,P1,820,18,39,ALL_MORPH_BOUNDARY_GUARD,3,projected_saved_draft_candidate_at_or_after_rejection,3.0,AT_GUARD,True,4,2,1,VA→EF
FLORES,P1,820,19,42,ALL_MORPH_BOUNDARY_GUARD,2,saved_H3_exact_target_token,,NO_REJECTION,True,4,3,2,VA→EF
FLORES,P1,821,3,9,ALL_MORPH_BOUNDARY_GUARD,2,saved_H3_exact_target_token,,NO_REJECTION,True,4,3,2,VV→EC
FLORES,P1,821,6,19,ALL_MORPH_BOUNDARY_GUARD,1,projected_saved_draft_candidate_at_or_after_rejection,1.0,AT_GUARD,True,4,4,3,VA→ETM
FLORES,P1,821,9,26,ALL_MORPH_BOUNDARY_GUARD,1,saved_H3_exact_target_token,,NO_REJECTION,True,3,3,2,VV→EF
FLORES,P1,822,9,24,ALL_MORPH_BOUNDARY_GUARD,2,projected_saved_draft_candidate_at_or_after_rejection,3.0,AFTER_GUARD,True,4,3,2,JKB→JX
FLORES,P1,823,2,8,ALL_MORPH_BOUNDARY_GUARD,3,saved_H3_exact_target_token,,NO_REJECTION,True,4,2,1,VA→EC
FLORES,P1,823,4,13,ALL_MORPH_BOUNDARY_GUARD,3,projected_saved_draft_candidate_at_or_after_rejection,3.0,AT_GUARD,True,4,2,1,VA→ETM
FLORES,P1,823,12,37,NP_BOUNDARY_GUARD,3,projected_saved_draft_candidate_at_or_after_rejection,1.0,BEFORE_GUARD,False,4,2,1,NNB→JKS
FLORES,P1,823,12,37,ALL_MORPH_BOUNDARY_GUARD,2,projected_saved_draft_candidate_at_or_after_rejection,1.0,BEFORE_GUARD,False,4,3,2,XSV→ETM
FLORES,P1,823,13,38,ALL_MORPH_BOUNDARY_GUARD,1,saved_H3_exact_target_token,,NO_REJECTION,True,4,4,3,XSV→ETM
FLORES,P1,824,0,0,ALL_MORPH_BOUNDARY_GUARD,3,projected_saved_draft_candidate_at_or_after_rejection,4.0,AFTER_GUARD,True,4,2,1,XSN→JX
FLORES,P1,825,5,9,ALL_MORPH_BOUNDARY_GUARD,2,projected_saved_draft_candidate_at_or_after_rejection,2.0,AT_GUARD,True,4,3,2,XSV→EC
FLORES,P1,825,14,36,ALL_MORPH_BOUNDARY_GUARD,3,saved_H3_exact_target_token,,NO_REJECTION,True,4,2,1,VA→EC
FLORES,P1,825,17,43,ALL_MORPH_BOUNDARY_GUARD,3,projected_saved_draft_candidate_at_or_after_rejection,3.0,AT_GUARD,True,4,2,1,XSV→EC
FLORES,P1,826,4,8,ALL_MORPH_BOUNDARY_GUARD,2,projected_saved_draft_candidate_at_or_after_rejection,1.0,BEFORE_GUARD,False,4,3,2,XSV→EC
FLORES,P1,826,7,12,ALL_MORPH_BOUNDARY_GUARD,1,projected_saved_draft_candidate_at_or_after_rejection,2.0,AFTER_GUARD,True,4,4,3,XSV→ETM
FLORES,P1,826,10,19,ALL_MORPH_BOUNDARY_GUARD,2,projected_saved_draft_candidate_at_or_after_rejection,3.0,AFTER_GUARD,True,4,3,2,XSN→JKB
FLORES,P1,826,15,27,ALL_MORPH_BOUNDARY_GUARD,3,projected_saved_draft_candidate_at_or_after_rejection,4.0,AFTER_GUARD,True,4,2,1,XSV→EC
FLORES,P1,827,8,12,ALL_MORPH_BOUNDARY_GUARD,2,projected_saved_draft_candidate_at_or_after_rejection,3.0,AFTER_GUARD,True,4,3,2,VA→ETM
FLORES,P1,827,16,30,ALL_MORPH_BOUNDARY_GUARD,1,projected_saved_draft_candidate_at_or_after_rejection,1.0,AT_GUARD,True,4,4,3,XSN→JKB
FLORES,P1,827,20,35,ALL_MORPH_BOUNDARY_GUARD,3,projected_saved_draft_candidate_at_or_after_rejection,2.0,BEFORE_GUARD,False,4,2,1,VA→ETM
FLORES,P1,827,22,40,ALL_MORPH_BOUNDARY_GUARD,1,projected_saved_draft_candidate_at_or_after_rejection,1.0,AT_GUARD,True,4,4,3,VA→ETM
FLORES,P1,828,2,3,ALL_MORPH_BOUNDARY_GUARD,3,projected_saved_draft_candidate_at_or_after_rejection,3.0,AT_GUARD,True,4,2,1,VA→ETM
FLORES,P1,828,16,35,ALL_MORPH_BOUNDARY_GUARD,3,saved_H3_exact_target_token,,NO_REJECTION,True,4,2,1,VA→EF
FLORES,P1,831,19,50,ALL_MORPH_BOUNDARY_GUARD,1,projected_saved_draft_candidate_at_or_after_rejection,1.0,AT_GUARD,True,4,4,3,XSN→JKG
FLORES,P1,831,23,56,ALL_MORPH_BOUNDARY_GUARD,3,projected_saved_draft_candidate_at_or_after_rejection,1.0,BEFORE_GUARD,False,4,2,1,XSV→ETM
FLORES,P1,831,26,60,ALL_MORPH_BOUNDARY_GUARD,3,projected_saved_draft_candidate_at_or_after_rejection,3.0,AT_GUARD,True,4,2,1,XSA→EF
FLORES,P1,832,23,41,ALL_MORPH_BOUNDARY_GUARD,2,projected_saved_draft_candidate_at_or_after_rejection,3.0,AFTER_GUARD,True,4,3,2,VA→ETM
FLORES,P1,833,8,17,ALL_MORPH_BOUNDARY_GUARD,2,projected_saved_draft_candidate_at_or_after_rejection,1.0,BEFORE_GUARD,False,4,3,2,JKB→JX
FLORES,P1,833,9,18,ALL_MORPH_BOUNDARY_GUARD,2,projected_saved_draft_candidate_at_or_after_rejection,1.0,BEFORE_GUARD,False,4,3,2,JKB→JX
FLORES,P1,833,10,19,ALL_MORPH_BOUNDARY_GUARD,2,projected_saved_draft_candidate_at_or_after_rejection,3.0,AFTER_GUARD,True,4,3,2,JKB→JX
FLORES,P1,834,3,7,ALL_MORPH_BOUNDARY_GUARD,2,projected_saved_draft_candidate_at_or_after_rejection,1.0,BEFORE_GUARD,False,4,3,2,XSN→JKB
FLORES,P1,834,5,9,NP_BOUNDARY_GUARD,2,projected_saved_draft_candidate_at_or_after_rejection,1.0,BEFORE_GUARD,False,4,3,2,NNG→JKB
FLORES,P1,834,5,9,ALL_MORPH_BOUNDARY_GUARD,2,projected_saved_draft_candidate_at_or_after_rejection,1.0,BEFORE_GUARD,False,4,3,2,NNG→JKB
FLORES,P1,834,7,13,ALL_MORPH_BOUNDARY_GUARD,2,projected_saved_draft_candidate_at_or_after_rejection,1.0,BEFORE_GUARD,False,4,3,2,XSV→EC
FLORES,P1,834,8,14,ALL_MORPH_BOUNDARY_GUARD,1,projected_saved_draft_candidate_at_or_after_rejection,1.0,AT_GUARD,True,4,4,3,XSV→EC
FLORES,P1,834,9,15,ALL_MORPH_BOUNDARY_GUARD,1,projected_saved_draft_candidate_at_or_after_rejection,2.0,AFTER_GUARD,True,4,4,3,VV→EC
FLORES,P1,834,10,17,NP_BOUNDARY_GUARD,1,projected_saved_draft_candidate_at_or_after_rejection,1.0,AT_GUARD,True,4,4,3,NNB→JKS
FLORES,P1,834,10,17,ALL_MORPH_BOUNDARY_GUARD,1,projected_saved_draft_candidate_at_or_after_rejection,1.0,AT_GUARD,True,4,4,3,NNB→JKS
FLORES,P1,834,14,27,ALL_MORPH_BOUNDARY_GUARD,2,projected_saved_draft_candidate_at_or_after_rejection,1.0,BEFORE_GUARD,False,4,3,2,VV→EC
FLORES,P1,834,16,32,ALL_MORPH_BOUNDARY_GUARD,3,saved_H3_exact_target_token,,NO_REJECTION,True,4,2,1,VV→EC
FLORES,P1,835,12,24,ALL_MORPH_BOUNDARY_GUARD,2,projected_saved_draft_candidate_at_or_after_rejection,1.0,BEFORE_GUARD,False,4,3,2,XSV→EC
FLORES,P1,839,12,26,ALL_MORPH_BOUNDARY_GUARD,1,projected_saved_draft_candidate_at_or_after_rejection,4.0,AFTER_GUARD,True,4,4,3,XSN→JKB
FLORES,P1,840,5,16,NP_BOUNDARY_GUARD,2,projected_saved_draft_candidate_at_or_after_rejection,1.0,BEFORE_GUARD,False,4,3,2,NNB→JX
FLORES,P1,840,5,16,ALL_MORPH_BOUNDARY_GUARD,1,projected_saved_draft_candidate_at_or_after_rejection,1.0,AT_GUARD,True,4,4,3,VA→ETM
FLORES,P1,841,8,14,ALL_MORPH_BOUNDARY_GUARD,1,projected_saved_draft_candidate_at_or_after_rejection,2.0,AFTER_GUARD,True,4,4,3,XSN→JKB
FLORES,P1,841,16,27,ALL_MORPH_BOUNDARY_GUARD,1,projected_saved_draft_candidate_at_or_after_rejection,1.0,AT_GUARD,True,4,4,3,VV→ETM
FLORES,P1,842,2,3,ALL_MORPH_BOUNDARY_GUARD,1,projected_saved_draft_candidate_at_or_after_rejection,4.0,AFTER_GUARD,True,4,4,3,NNP→NNG
FLORES,P1,842,8,14,ALL_MORPH_BOUNDARY_GUARD,3,projected_saved_draft_candidate_at_or_after_rejection,1.0,BEFORE_GUARD,False,4,2,1,XSV→EC
FLORES,P1,842,9,15,ALL_MORPH_BOUNDARY_GUARD,2,projected_saved_draft_candidate_at_or_after_rejection,2.0,AT_GUARD,True,4,3,2,XSV→EC
FLORES,P1,842,15,26,ALL_MORPH_BOUNDARY_GUARD,2,projected_saved_draft_candidate_at_or_after_rejection,2.0,AT_GUARD,True,4,3,2,XSA→EC
FLORES,P1,842,18,33,ALL_MORPH_BOUNDARY_GUARD,1,projected_saved_draft_candidate_at_or_after_rejection,1.0,AT_GUARD,True,4,4,3,XSV→EC
FLORES,P1,842,21,37,ALL_MORPH_BOUNDARY_GUARD,2,projected_saved_draft_candidate_at_or_after_rejection,1.0,BEFORE_GUARD,False,4,3,2,XSV→EC
FLORES,P1,843,13,23,ALL_MORPH_BOUNDARY_GUARD,2,projected_saved_draft_candidate_at_or_after_rejection,1.0,BEFORE_GUARD,False,4,3,2,XSV→ETM
FLORES,P1,843,14,24,ALL_MORPH_BOUNDARY_GUARD,2,projected_saved_draft_candidate_at_or_after_rejection,1.0,BEFORE_GUARD,False,4,3,2,XSV→ETM
FLORES,P1,843,15,25,ALL_MORPH_BOUNDARY_GUARD,1,saved_H3_exact_target_token,,NO_REJECTION,True,4,4,3,XSV→ETM
FLORES,P1,843,16,29,ALL_MORPH_BOUNDARY_GUARD,1,projected_saved_draft_candidate_at_or_after_rejection,2.0,AFTER_GUARD,True,4,4,3,XSV→ETM
FLORES,P1,844,5,17,ALL_MORPH_BOUNDARY_GUARD,3,saved_H3_exact_target_token,,NO_REJECTION,True,4,2,1,SS→SL
FLORES,P1,845,19,33,ALL_MORPH_BOUNDARY_GUARD,3,projected_saved_draft_candidate_at_or_after_rejection,1.0,BEFORE_GUARD,False,4,2,1,VV→ETM
FLORES,P1,845,20,34,NP_BOUNDARY_GUARD,1,projected_saved_draft_candidate_at_or_after_rejection,1.0,AT_GUARD,True,4,4,3,NNG→JKS
FLORES,P1,845,20,34,ALL_MORPH_BOUNDARY_GUARD,1,projected_saved_draft_candidate_at_or_after_rejection,1.0,AT_GUARD,True,4,4,3,NNG→JKS
FLORES,P1,845,24,38,ALL_MORPH_BOUNDARY_GUARD,2,saved_H3_exact_target_token,,NO_REJECTION,True,4,3,2,VA→EF
FLORES,P1,845,31,61,ALL_MORPH_BOUNDARY_GUARD,2,projected_saved_draft_candidate_at_or_after_rejection,1.0,BEFORE_GUARD,False,4,3,2,SO→SL
FLORES,P1,845,40,92,NP_BOUNDARY_GUARD,1,projected_saved_draft_candidate_at_or_after_rejection,2.0,AFTER_GUARD,True,4,4,3,NNG→JKS
FLORES,P1,845,40,92,ALL_MORPH_BOUNDARY_GUARD,1,projected_saved_draft_candidate_at_or_after_rejection,2.0,AFTER_GUARD,True,4,4,3,NNG→JKS
FLORES,P1,845,41,94,ALL_MORPH_BOUNDARY_GUARD,2,projected_saved_draft_candidate_at_or_after_rejection,1.0,BEFORE_GUARD,False,4,3,2,SSC→SF
FLORES,P1,845,49,122,ALL_MORPH_BOUNDARY_GUARD,3,saved_H3_exact_target_token,,NO_REJECTION,True,4,2,1,VX→EF
FLORES,P1,846,14,36,NP_BOUNDARY_GUARD,3,projected_saved_draft_candidate_at_or_after_rejection,2.0,BEFORE_GUARD,False,4,2,1,NNG→JKO
FLORES,P1,846,14,36,ALL_MORPH_BOUNDARY_GUARD,1,projected_saved_draft_candidate_at_or_after_rejection,2.0,AFTER_GUARD,True,4,4,3,VX→ETM
FLORES,P1,847,4,14,ALL_MORPH_BOUNDARY_GUARD,3,saved_H3_exact_target_token,,NO_REJECTION,True,4,2,1,VV→EC
FLORES,P1,849,2,2,ALL_MORPH_BOUNDARY_GUARD,1,projected_saved_draft_candidate_at_or_after_rejection,1.0,AT_GUARD,True,4,4,3,XSN→JX
FLORES,P1,849,11,18,ALL_MORPH_BOUNDARY_GUARD,2,projected_saved_draft_candidate_at_or_after_rejection,1.0,BEFORE_GUARD,False,4,3,2,VA→EF
FLORES,P1,849,15,23,ALL_MORPH_BOUNDARY_GUARD,1,projected_saved_draft_candidate_at_or_after_rejection,1.0,AT_GUARD,True,4,4,3,NNG→XSN
FLORES,P1,849,26,45,ALL_MORPH_BOUNDARY_GUARD,1,projected_saved_draft_candidate_at_or_after_rejection,2.0,AFTER_GUARD,True,4,4,3,XSV→ETM
FLORES,P1,849,30,51,ALL_MORPH_BOUNDARY_GUARD,1,saved_H3_exact_target_token,,NO_REJECTION,True,3,3,2,VX→EF
FLORES,P1,850,27,50,ALL_MORPH_BOUNDARY_GUARD,3,projected_saved_draft_candidate_at_or_after_rejection,2.0,BEFORE_GUARD,False,4,2,1,VX→ETM
FLORES,P1,850,34,61,NP_BOUNDARY_GUARD,1,projected_saved_draft_candidate_at_or_after_rejection,1.0,AT_GUARD,True,4,4,3,NNB→JKO
FLORES,P1,850,34,61,ALL_MORPH_BOUNDARY_GUARD,1,projected_saved_draft_candidate_at_or_after_rejection,1.0,AT_GUARD,True,4,4,3,NNB→JKO
FLORES,P1,851,4,7,ALL_MORPH_BOUNDARY_GUARD,1,projected_saved_draft_candidate_at_or_after_rejection,1.0,AT_GUARD,True,4,4,3,XSN→JKS
FLORES,P1,851,22,45,ALL_MORPH_BOUNDARY_GUARD,3,projected_saved_draft_candidate_at_or_after_rejection,1.0,BEFORE_GUARD,False,4,2,1,XSV→EC
FLORES,P1,851,23,46,ALL_MORPH_BOUNDARY_GUARD,2,projected_saved_draft_candidate_at_or_after_rejection,2.0,AT_GUARD,True,4,3,2,XSV→EC
FLORES,P1,851,25,49,ALL_MORPH_BOUNDARY_GUARD,2,projected_saved_draft_candidate_at_or_after_rejection,1.0,BEFORE_GUARD,False,4,3,2,XSV→EC
FLORES,P1,852,6,14,ALL_MORPH_BOUNDARY_GUARD,1,saved_H3_exact_target_token,,NO_REJECTION,True,4,4,3,VA→EF
FLORES,P1,852,15,33,ALL_MORPH_BOUNDARY_GUARD,1,projected_saved_draft_candidate_at_or_after_rejection,1.0,AT_GUARD,True,4,4,3,XSN→JKS
FLORES,P1,852,18,37,NP_BOUNDARY_GUARD,2,projected_saved_draft_candidate_at_or_after_rejection,1.0,BEFORE_GUARD,False,4,3,2,NNB→JKO
FLORES,P1,852,18,37,ALL_MORPH_BOUNDARY_GUARD,2,projected_saved_draft_candidate_at_or_after_rejection,1.0,BEFORE_GUARD,False,4,3,2,NNB→JKO
FLORES,P1,852,19,38,ALL_MORPH_BOUNDARY_GUARD,1,projected_saved_draft_candidate_at_or_after_rejection,2.0,AFTER_GUARD,True,3,3,2,EP→EF
FLORES,P1,853,16,47,ALL_MORPH_BOUNDARY_GUARD,1,saved_H3_exact_target_token,,NO_REJECTION,True,4,4,3,VA→ETM
FLORES,P1,853,18,55,ALL_MORPH_BOUNDARY_GUARD,1,projected_saved_draft_candidate_at_or_after_rejection,2.0,AFTER_GUARD,True,3,3,2,EP→EF
FLORES,P1,853,19,57,ALL_MORPH_BOUNDARY_GUARD,2,projected_saved_draft_candidate_at_or_after_rejection,2.0,AT_GUARD,True,4,3,2,SO→SL
FLORES,P1,854,8,14,ALL_MORPH_BOUNDARY_GUARD,3,projected_saved_draft_candidate_at_or_after_rejection,4.0,AFTER_GUARD,True,4,2,1,XSV→ETM
FLORES,P1,855,8,22,ALL_MORPH_BOUNDARY_GUARD,2,projected_saved_draft_candidate_at_or_after_rejection,1.0,BEFORE_GUARD,False,4,3,2,VA→EF
FLORES,P1,855,16,47,ALL_MORPH_BOUNDARY_GUARD,1,saved_H3_exact_target_token,,NO_REJECTION,True,4,4,3,XSV→EC
FLORES,P1,855,22,71,ALL_MORPH_BOUNDARY_GUARD,3,saved_H3_exact_target_token,,NO_REJECTION,True,4,2,1,XSV→EC
FLORES,P1,855,29,99,ALL_MORPH_BOUNDARY_GUARD,1,saved_H3_exact_target_token,,NO_REJECTION,True,4,4,3,XSV→EC
FLORES,P1,855,35,123,ALL_MORPH_BOUNDARY_GUARD,3,saved_H3_exact_target_token,,NO_REJECTION,True,4,2,1,XSV→EC
FLORES,P1,857,5,7,ALL_MORPH_BOUNDARY_GUARD,1,projected_saved_draft_candidate_at_or_after_rejection,4.0,AFTER_GUARD,True,4,4,3,VA→ETM
FLORES,P1,857,8,13,NP_BOUNDARY_GUARD,2,projected_saved_draft_candidate_at_or_after_rejection,3.0,AFTER_GUARD,True,4,3,2,NNG→JKO
FLORES,P1,857,8,13,ALL_MORPH_BOUNDARY_GUARD,2,projected_saved_draft_candidate_at_or_after_rejection,3.0,AFTER_GUARD,True,4,3,2,NNG→JKO
FLORES,P1,857,25,53,ALL_MORPH_BOUNDARY_GUARD,2,projected_saved_draft_candidate_at_or_after_rejection,2.0,AT_GUARD,True,4,3,2,VA→EF
FLORES,P1,857,28,63,ALL_MORPH_BOUNDARY_GUARD,1,projected_saved_draft_candidate_at_or_after_rejection,1.0,AT_GUARD,True,3,3,2,VA→EF
FLORES,P1,858,2,4,ALL_MORPH_BOUNDARY_GUARD,2,projected_saved_draft_candidate_at_or_after_rejection,2.0,AT_GUARD,True,4,3,2,VA→ETM
FLORES,P1,858,5,11,ALL_MORPH_BOUNDARY_GUARD,3,projected_saved_draft_candidate_at_or_after_rejection,4.0,AFTER_GUARD,True,4,2,1,VA→ETM
FLORES,P1,858,7,16,ALL_MORPH_BOUNDARY_GUARD,2,projected_saved_draft_candidate_at_or_after_rejection,1.0,BEFORE_GUARD,False,4,3,2,VCP→EF
FLORES,P1,858,9,18,ALL_MORPH_BOUNDARY_GUARD,1,projected_saved_draft_candidate_at_or_after_rejection,1.0,AT_GUARD,True,4,4,3,VCP→EF
FLORES,P1,858,10,19,ALL_MORPH_BOUNDARY_GUARD,3,saved_H3_exact_target_token,,NO_REJECTION,True,4,2,1,XSN→JKB
FLORES,P1,859,9,16,ALL_MORPH_BOUNDARY_GUARD,2,saved_H3_exact_target_token,,NO_REJECTION,True,4,3,2,XSA→EC
FLORES,P1,860,2,2,ALL_MORPH_BOUNDARY_GUARD,1,projected_saved_draft_candidate_at_or_after_rejection,3.0,AFTER_GUARD,True,4,4,3,XSN→JKB
FLORES,P1,860,3,5,ALL_MORPH_BOUNDARY_GUARD,3,projected_saved_draft_candidate_at_or_after_rejection,3.0,AT_GUARD,True,4,2,1,VA→ETM
FLORES,P1,860,5,12,ALL_MORPH_BOUNDARY_GUARD,2,projected_saved_draft_candidate_at_or_after_rejection,1.0,BEFORE_GUARD,False,4,3,2,XSN→JKB
FLORES,P1,860,13,23,ALL_MORPH_BOUNDARY_GUARD,2,projected_saved_draft_candidate_at_or_after_rejection,1.0,BEFORE_GUARD,False,4,3,2,XSV→EC
FLORES,P1,860,14,24,ALL_MORPH_BOUNDARY_GUARD,1,projected_saved_draft_candidate_at_or_after_rejection,2.0,AFTER_GUARD,True,4,4,3,XSV→EC
FLORES,P1,860,17,30,NP_BOUNDARY_GUARD,3,projected_saved_draft_candidate_at_or_after_rejection,2.0,BEFORE_GUARD,False,4,2,1,NNB→JX
FLORES,P1,860,17,30,ALL_MORPH_BOUNDARY_GUARD,3,projected_saved_draft_candidate_at_or_after_rejection,2.0,BEFORE_GUARD,False,4,2,1,NNB→JX
FLORES,P1,860,18,32,ALL_MORPH_BOUNDARY_GUARD,2,saved_H3_exact_target_token,,NO_REJECTION,True,4,3,2,VA→EF
FLORES,P1,861,0,0,ALL_MORPH_BOUNDARY_GUARD,3,projected_saved_draft_candidate_at_or_after_rejection,1.0,BEFORE_GUARD,False,4,2,1,XSA→EC
FLORES,P1,861,25,57,ALL_MORPH_BOUNDARY_GUARD,3,saved_H3_exact_target_token,,NO_REJECTION,True,4,2,1,VA→EF
FLORES,P1,862,10,21,ALL_MORPH_BOUNDARY_GUARD,2,projected_saved_draft_candidate_at_or_after_rejection,3.0,AFTER_GUARD,True,4,3,2,VA→EF
FLORES,P1,862,12,27,ALL_MORPH_BOUNDARY_GUARD,3,projected_saved_draft_candidate_at_or_after_rejection,2.0,BEFORE_GUARD,False,4,2,1,JKB→JX
FLORES,P1,864,3,5,ALL_MORPH_BOUNDARY_GUARD,1,projected_saved_draft_candidate_at_or_after_rejection,2.0,AFTER_GUARD,True,4,4,3,XSN→JKB
FLORES,P1,864,14,29,NP_BOUNDARY_GUARD,2,projected_saved_draft_candidate_at_or_after_rejection,2.0,AT_GUARD,True,4,3,2,NNB→JKB
FLORES,P1,864,14,29,ALL_MORPH_BOUNDARY_GUARD,2,projected_saved_draft_candidate_at_or_after_rejection,2.0,AT_GUARD,True,4,3,2,NNB→JKB
FLORES,P1,864,15,31,ALL_MORPH_BOUNDARY_GUARD,1,projected_saved_draft_candidate_at_or_after_rejection,1.0,AT_GUARD,True,3,3,2,VCP→EF
FLORES,P1,865,10,20,ALL_MORPH_BOUNDARY_GUARD,2,projected_saved_draft_candidate_at_or_after_rejection,2.0,AT_GUARD,True,4,3,2,NNG→XSN
FLORES,P1,865,11,22,ALL_MORPH_BOUNDARY_GUARD,2,projected_saved_draft_candidate_at_or_after_rejection,1.0,BEFORE_GUARD,False,4,3,2,XSN→JKG
FLORES,P1,866,1,1,ALL_MORPH_BOUNDARY_GUARD,2,saved_H3_exact_target_token,,NO_REJECTION,True,4,3,2,XSN→JKB
FLORES,P1,866,13,22,ALL_MORPH_BOUNDARY_GUARD,2,saved_H3_exact_target_token,,NO_REJECTION,True,4,3,2,XSV→EC
FLORES,P1,866,17,33,ALL_MORPH_BOUNDARY_GUARD,1,projected_saved_draft_candidate_at_or_after_rejection,4.0,AFTER_GUARD,True,4,4,3,VA→ETM
FLORES,P1,867,0,0,ALL_MORPH_BOUNDARY_GUARD,2,projected_saved_draft_candidate_at_or_after_rejection,3.0,AFTER_GUARD,True,4,3,2,VA→ETM
FLORES,P1,867,6,14,ALL_MORPH_BOUNDARY_GUARD,2,projected_saved_draft_candidate_at_or_after_rejection,3.0,AFTER_GUARD,True,4,3,2,XSV→EC
FLORES,P1,868,1,1,ALL_MORPH_BOUNDARY_GUARD,3,projected_saved_draft_candidate_at_or_after_rejection,2.0,BEFORE_GUARD,False,4,2,1,XSN→JKB
FLORES,P1,868,7,15,ALL_MORPH_BOUNDARY_GUARD,3,projected_saved_draft_candidate_at_or_after_rejection,1.0,BEFORE_GUARD,False,4,2,1,VA→ETM
FLORES,P1,868,20,43,ALL_MORPH_BOUNDARY_GUARD,1,projected_saved_draft_candidate_at_or_after_rejection,2.0,AFTER_GUARD,True,4,4,3,XSN→JKB
FLORES,P1,869,9,29,ALL_MORPH_BOUNDARY_GUARD,3,saved_H3_exact_target_token,,NO_REJECTION,True,4,2,1,VA→EF
FLORES,P1,870,4,6,ALL_MORPH_BOUNDARY_GUARD,2,saved_H3_exact_target_token,,NO_REJECTION,True,4,3,2,JKB→JX
FLORES,P1,870,7,17,ALL_MORPH_BOUNDARY_GUARD,2,projected_saved_draft_candidate_at_or_after_rejection,1.0,BEFORE_GUARD,False,4,3,2,VA→EF
FLORES,P1,870,8,18,ALL_MORPH_BOUNDARY_GUARD,1,saved_H3_exact_target_token,,NO_REJECTION,True,4,4,3,VA→EF
FLORES,P1,870,9,22,ALL_MORPH_BOUNDARY_GUARD,1,saved_H3_exact_target_token,,NO_REJECTION,True,4,4,3,XSN→JKG
FLORES,P1,870,10,26,ALL_MORPH_BOUNDARY_GUARD,2,projected_saved_draft_candidate_at_or_after_rejection,3.0,AFTER_GUARD,True,4,3,2,XSN→JKG
FLORES,P1,871,1,1,ALL_MORPH_BOUNDARY_GUARD,2,projected_saved_draft_candidate_at_or_after_rejection,4.0,AFTER_GUARD,True,4,3,2,VV→EC
FLORES,P1,872,5,11,ALL_MORPH_BOUNDARY_GUARD,2,projected_saved_draft_candidate_at_or_after_rejection,2.0,AT_GUARD,True,4,3,2,XSV→ETM
FLORES,P1,873,6,20,NP_BOUNDARY_GUARD,3,projected_saved_draft_candidate_at_or_after_rejection,3.0,AT_GUARD,True,4,2,1,NNB→JKO
FLORES,P1,873,6,20,ALL_MORPH_BOUNDARY_GUARD,2,projected_saved_draft_candidate_at_or_after_rejection,3.0,AFTER_GUARD,True,4,3,2,XSV→ETM
FLORES,P1,873,8,24,ALL_MORPH_BOUNDARY_GUARD,2,projected_saved_draft_candidate_at_or_after_rejection,2.0,AT_GUARD,True,4,3,2,XSV→EC
FLORES,P1,873,10,29,ALL_MORPH_BOUNDARY_GUARD,2,projected_saved_draft_candidate_at_or_after_rejection,3.0,AFTER_GUARD,True,4,3,2,XSN→JKB
FLORES,P1,873,12,34,ALL_MORPH_BOUNDARY_GUARD,1,saved_H3_exact_target_token,,NO_REJECTION,True,4,4,3,XSA→EC
FLORES,P1,873,13,38,ALL_MORPH_BOUNDARY_GUARD,2,projected_saved_draft_candidate_at_or_after_rejection,2.0,AT_GUARD,True,4,3,2,VA→EF
FLORES,P1,873,14,40,ALL_MORPH_BOUNDARY_GUARD,1,projected_saved_draft_candidate_at_or_after_rejection,1.0,AT_GUARD,True,3,3,2,VA→EF
FLORES,P1,873,15,41,ALL_MORPH_BOUNDARY_GUARD,3,projected_saved_draft_candidate_at_or_after_rejection,1.0,BEFORE_GUARD,False,4,2,1,VA→EF
FLORES,P1,875,4,6,ALL_MORPH_BOUNDARY_GUARD,2,projected_saved_draft_candidate_at_or_after_rejection,1.0,BEFORE_GUARD,False,4,3,2,JKB→JX
FLORES,P1,875,5,7,ALL_MORPH_BOUNDARY_GUARD,2,projected_saved_draft_candidate_at_or_after_rejection,2.0,AT_GUARD,True,4,3,2,JKB→JX
FLORES,P1,876,10,28,ALL_MORPH_BOUNDARY_GUARD,3,projected_saved_draft_candidate_at_or_after_rejection,1.0,BEFORE_GUARD,False,4,2,1,XSV→EC
FLORES,P1,876,19,49,ALL_MORPH_BOUNDARY_GUARD,3,projected_saved_draft_candidate_at_or_after_rejection,1.0,BEFORE_GUARD,False,4,2,1,VA→ETM
FLORES,P1,876,21,51,ALL_MORPH_BOUNDARY_GUARD,2,projected_saved_draft_candidate_at_or_after_rejection,2.0,AT_GUARD,True,4,3,2,VA→ETM
FLORES,P1,877,4,9,ALL_MORPH_BOUNDARY_GUARD,1,projected_saved_draft_candidate_at_or_after_rejection,1.0,AT_GUARD,True,4,4,3,VA→ETM
FLORES,P1,878,0,0,ALL_MORPH_BOUNDARY_GUARD,3,projected_saved_draft_candidate_at_or_after_rejection,4.0,AFTER_GUARD,True,4,2,1,XSN→JX
FLORES,P1,878,9,17,ALL_MORPH_BOUNDARY_GUARD,2,projected_saved_draft_candidate_at_or_after_rejection,2.0,AT_GUARD,True,4,3,2,VA→ETM
FLORES,P1,879,6,8,ALL_MORPH_BOUNDARY_GUARD,2,projected_saved_draft_candidate_at_or_after_rejection,2.0,AT_GUARD,True,4,3,2,VX→ETM
FLORES,P1,879,8,11,ALL_MORPH_BOUNDARY_GUARD,1,projected_saved_draft_candidate_at_or_after_rejection,2.0,AFTER_GUARD,True,4,4,3,VA→ETM
FLORES,P1,880,4,13,ALL_MORPH_BOUNDARY_GUARD,1,saved_H3_exact_target_token,,NO_REJECTION,True,4,4,3,XSV→EC
FLORES,P1,880,7,25,ALL_MORPH_BOUNDARY_GUARD,3,saved_H3_exact_target_token,,NO_REJECTION,True,4,2,1,XSN→JKS
FLORES,P1,881,2,3,ALL_MORPH_BOUNDARY_GUARD,3,projected_saved_draft_candidate_at_or_after_rejection,2.0,BEFORE_GUARD,False,4,2,1,XSN→JKB
FLORES,P1,881,7,15,ALL_MORPH_BOUNDARY_GUARD,2,saved_H3_exact_target_token,,NO_REJECTION,True,4,3,2,XSA→EC
FLORES,P1,881,11,27,ALL_MORPH_BOUNDARY_GUARD,2,saved_H3_exact_target_token,,NO_REJECTION,True,4,3,2,XSN→JKB
FLORES,P1,882,2,5,ALL_MORPH_BOUNDARY_GUARD,1,saved_H3_exact_target_token,,NO_REJECTION,True,4,4,3,XSN→JKB
FLORES,P1,883,7,10,ALL_MORPH_BOUNDARY_GUARD,2,projected_saved_draft_candidate_at_or_after_rejection,1.0,BEFORE_GUARD,False,4,3,2,XSN→VCP
FLORES,P1,883,14,23,NP_BOUNDARY_GUARD,2,saved_H3_exact_target_token,,NO_REJECTION,True,4,3,2,NNG→JX
FLORES,P1,883,14,23,ALL_MORPH_BOUNDARY_GUARD,2,saved_H3_exact_target_token,,NO_REJECTION,True,4,3,2,NNG→JX
FLORES,P1,884,0,0,ALL_MORPH_BOUNDARY_GUARD,3,projected_saved_draft_candidate_at_or_after_rejection,1.0,BEFORE_GUARD,False,4,2,1,XSN→JKS
FLORES,P1,884,7,13,ALL_MORPH_BOUNDARY_GUARD,2,projected_saved_draft_candidate_at_or_after_rejection,2.0,AT_GUARD,True,4,3,2,XSV→EC
FLORES,P1,884,8,15,ALL_MORPH_BOUNDARY_GUARD,3,projected_saved_draft_candidate_at_or_after_rejection,1.0,BEFORE_GUARD,False,4,2,1,XSN→JX
FLORES,P1,884,9,16,ALL_MORPH_BOUNDARY_GUARD,1,projected_saved_draft_candidate_at_or_after_rejection,2.0,AFTER_GUARD,True,4,4,3,XSN→JX
FLORES,P1,884,10,18,ALL_MORPH_BOUNDARY_GUARD,1,projected_saved_draft_candidate_at_or_after_rejection,2.0,AFTER_GUARD,True,4,4,3,VV→ETM
FLORES,P1,885,0,0,ALL_MORPH_BOUNDARY_GUARD,3,projected_saved_draft_candidate_at_or_after_rejection,3.0,AT_GUARD,True,4,2,1,XSN→JKS
FLORES,P1,885,3,7,ALL_MORPH_BOUNDARY_GUARD,2,projected_saved_draft_candidate_at_or_after_rejection,4.0,AFTER_GUARD,True,4,3,2,XSV→EC
FLORES,P1,885,5,15,ALL_MORPH_BOUNDARY_GUARD,1,projected_saved_draft_candidate_at_or_after_rejection,1.0,AT_GUARD,True,4,4,3,XSV→ETM
FLORES,P1,885,9,23,ALL_MORPH_BOUNDARY_GUARD,2,projected_saved_draft_candidate_at_or_after_rejection,2.0,AT_GUARD,True,4,3,2,XSV→ETM
FLORES,P1,885,13,34,ALL_MORPH_BOUNDARY_GUARD,1,projected_saved_draft_candidate_at_or_after_rejection,3.0,AFTER_GUARD,True,4,4,3,XSV→ETM
FLORES,P1,886,1,4,ALL_MORPH_BOUNDARY_GUARD,2,projected_saved_draft_candidate_at_or_after_rejection,3.0,AFTER_GUARD,True,4,3,2,XSN→JKS
FLORES,P1,886,2,7,ALL_MORPH_BOUNDARY_GUARD,2,projected_saved_draft_candidate_at_or_after_rejection,2.0,AT_GUARD,True,4,3,2,XSN→JKO
FLORES,P1,886,4,10,ALL_MORPH_BOUNDARY_GUARD,2,projected_saved_draft_candidate_at_or_after_rejection,3.0,AFTER_GUARD,True,4,3,2,XSV→ETM
FLORES,P1,887,9,29,ALL_MORPH_BOUNDARY_GUARD,3,projected_saved_draft_candidate_at_or_after_rejection,1.0,BEFORE_GUARD,False,4,2,1,XSV→EC
FLORES,P1,888,3,4,ALL_MORPH_BOUNDARY_GUARD,3,projected_saved_draft_candidate_at_or_after_rejection,1.0,BEFORE_GUARD,False,4,2,1,XSN→JX
FLORES,P1,888,4,5,ALL_MORPH_BOUNDARY_GUARD,2,projected_saved_draft_candidate_at_or_after_rejection,2.0,AT_GUARD,True,4,3,2,XSN→JX
FLORES,P1,888,6,8,ALL_MORPH_BOUNDARY_GUARD,1,projected_saved_draft_candidate_at_or_after_rejection,1.0,AT_GUARD,True,4,4,3,XSN→JKG
FLORES,P1,888,7,9,ALL_MORPH_BOUNDARY_GUARD,3,projected_saved_draft_candidate_at_or_after_rejection,1.0,BEFORE_GUARD,False,4,2,1,XSN→JKB
FLORES,P1,888,10,17,ALL_MORPH_BOUNDARY_GUARD,1,projected_saved_draft_candidate_at_or_after_rejection,1.0,AT_GUARD,True,4,4,3,NNG→NNG
FLORES,P1,888,14,24,ALL_MORPH_BOUNDARY_GUARD,1,projected_saved_draft_candidate_at_or_after_rejection,4.0,AFTER_GUARD,True,4,4,3,XSN→JKO
FLORES,P1,888,15,28,ALL_MORPH_BOUNDARY_GUARD,3,projected_saved_draft_candidate_at_or_after_rejection,3.0,AT_GUARD,True,4,2,1,VA→EF
FLORES,P1,888,17,32,ALL_MORPH_BOUNDARY_GUARD,3,projected_saved_draft_candidate_at_or_after_rejection,1.0,BEFORE_GUARD,False,4,2,1,VA→EF
FLORES,P1,888,18,33,ALL_MORPH_BOUNDARY_GUARD,2,projected_saved_draft_candidate_at_or_after_rejection,1.0,BEFORE_GUARD,False,4,3,2,VA→EF
FLORES,P1,888,21,36,NP_BOUNDARY_GUARD,1,projected_saved_draft_candidate_at_or_after_rejection,1.0,AT_GUARD,True,4,4,3,NNB→JX
FLORES,P1,888,21,36,ALL_MORPH_BOUNDARY_GUARD,1,projected_saved_draft_candidate_at_or_after_rejection,1.0,AT_GUARD,True,4,4,3,NNB→JX
FLORES,P1,888,23,38,ALL_MORPH_BOUNDARY_GUARD,3,saved_H3_exact_target_token,,NO_REJECTION,True,4,2,1,XSA→EC
FLORES,P1,889,10,17,ALL_MORPH_BOUNDARY_GUARD,1,saved_H3_exact_target_token,,NO_REJECTION,True,4,4,3,VV→ETM
FLORES,P1,889,13,27,ALL_MORPH_BOUNDARY_GUARD,3,projected_saved_draft_candidate_at_or_after_rejection,4.0,AFTER_GUARD,True,4,2,1,VA→ETM
FLORES,P1,890,12,24,ALL_MORPH_BOUNDARY_GUARD,3,saved_H3_exact_target_token,,NO_REJECTION,True,4,2,1,XSV→EC
FLORES,P1,890,20,49,ALL_MORPH_BOUNDARY_GUARD,2,saved_H3_exact_target_token,,NO_REJECTION,True,4,3,2,VA→EF
FLORES,P1,891,11,17,ALL_MORPH_BOUNDARY_GUARD,1,projected_saved_draft_candidate_at_or_after_rejection,1.0,AT_GUARD,True,4,4,3,XSV→ETM
FLORES,P1,891,14,23,ALL_MORPH_BOUNDARY_GUARD,3,projected_saved_draft_candidate_at_or_after_rejection,3.0,AT_GUARD,True,4,2,1,VV→ETM
FLORES,P1,891,15,26,ALL_MORPH_BOUNDARY_GUARD,3,projected_saved_draft_candidate_at_or_after_rejection,2.0,BEFORE_GUARD,False,4,2,1,XSV→ETM
FLORES,P1,892,3,7,ALL_MORPH_BOUNDARY_GUARD,2,projected_saved_draft_candidate_at_or_after_rejection,2.0,AT_GUARD,True,4,3,2,XSV→ETN
FLORES,P1,892,4,9,NP_BOUNDARY_GUARD,1,projected_saved_draft_candidate_at_or_after_rejection,2.0,AFTER_GUARD,True,4,4,3,NNB→JX
FLORES,P1,892,4,9,ALL_MORPH_BOUNDARY_GUARD,1,projected_saved_draft_candidate_at_or_after_rejection,2.0,AFTER_GUARD,True,4,4,3,NNB→JX
FLORES,P1,892,5,11,ALL_MORPH_BOUNDARY_GUARD,1,projected_saved_draft_candidate_at_or_after_rejection,2.0,AFTER_GUARD,True,4,4,3,XSN→JKB
FLORES,P1,893,8,29,ALL_MORPH_BOUNDARY_GUARD,1,saved_H3_exact_target_token,,NO_REJECTION,True,3,3,2,SL→SL
FLORES,P1,894,8,17,ALL_MORPH_BOUNDARY_GUARD,3,projected_saved_draft_candidate_at_or_after_rejection,3.0,AT_GUARD,True,4,2,1,XSV→EC
FLORES,P1,895,0,0,ALL_MORPH_BOUNDARY_GUARD,3,projected_saved_draft_candidate_at_or_after_rejection,3.0,AT_GUARD,True,4,2,1,XSN→JKS
FLORES,P1,895,3,8,ALL_MORPH_BOUNDARY_GUARD,3,saved_H3_exact_target_token,,NO_REJECTION,True,4,2,1,XSV→ETN
FLORES,P1,895,4,12,ALL_MORPH_BOUNDARY_GUARD,3,projected_saved_draft_candidate_at_or_after_rejection,3.0,AT_GUARD,True,4,2,1,NNG→XSN
FLORES,P1,895,5,15,ALL_MORPH_BOUNDARY_GUARD,1,projected_saved_draft_candidate_at_or_after_rejection,2.0,AFTER_GUARD,True,4,4,3,XSN→JX
FLORES,P1,896,15,33,ALL_MORPH_BOUNDARY_GUARD,2,saved_H3_exact_target_token,,NO_REJECTION,True,4,3,2,EP→EF
FLORES,P1,897,8,18,ALL_MORPH_BOUNDARY_GUARD,3,projected_saved_draft_candidate_at_or_after_rejection,3.0,AT_GUARD,True,4,2,1,XSV→EC
FLORES,P1,897,9,21,ALL_MORPH_BOUNDARY_GUARD,3,saved_H3_exact_target_token,,NO_REJECTION,True,4,2,1,VX→EP
FLORES,P1,897,12,28,ALL_MORPH_BOUNDARY_GUARD,2,projected_saved_draft_candidate_at_or_after_rejection,1.0,BEFORE_GUARD,False,4,3,2,XSN→JKS
FLORES,P1,897,14,33,ALL_MORPH_BOUNDARY_GUARD,2,saved_H3_exact_target_token,,NO_REJECTION,True,4,3,2,XSV→ETN
FLORES,P1,897,15,37,NP_BOUNDARY_GUARD,1,projected_saved_draft_candidate_at_or_after_rejection,1.0,AT_GUARD,True,4,4,3,NNB→JX
FLORES,P1,897,15,37,ALL_MORPH_BOUNDARY_GUARD,1,projected_saved_draft_candidate_at_or_after_rejection,1.0,AT_GUARD,True,4,4,3,NNB→JX
FLORES,P1,897,18,40,ALL_MORPH_BOUNDARY_GUARD,1,projected_saved_draft_candidate_at_or_after_rejection,2.0,AFTER_GUARD,True,4,4,3,XSV→EC
FLORES,P1,897,19,42,ALL_MORPH_BOUNDARY_GUARD,1,saved_H3_exact_target_token,,NO_REJECTION,True,3,3,2,EP→EF
FLORES,P1,898,0,0,ALL_MORPH_BOUNDARY_GUARD,2,saved_H3_exact_target_token,,NO_REJECTION,True,4,3,2,XSN→JX
FLORES,P1,898,3,9,ALL_MORPH_BOUNDARY_GUARD,2,projected_saved_draft_candidate_at_or_after_rejection,3.0,AFTER_GUARD,True,4,3,2,VV→ETM
FLORES,P1,898,13,28,ALL_MORPH_BOUNDARY_GUARD,1,projected_saved_draft_candidate_at_or_after_rejection,4.0,AFTER_GUARD,True,4,4,3,XSV→EC
FLORES,P1,899,6,14,ALL_MORPH_BOUNDARY_GUARD,1,projected_saved_draft_candidate_at_or_after_rejection,3.0,AFTER_GUARD,True,4,4,3,XSN→JKB
FLORES,P1,900,12,15,ALL_MORPH_BOUNDARY_GUARD,2,saved_H3_exact_target_token,,NO_REJECTION,True,4,3,2,XSV→ETN
FLORES,P1,901,2,7,ALL_MORPH_BOUNDARY_GUARD,3,projected_saved_draft_candidate_at_or_after_rejection,3.0,AT_GUARD,True,4,2,1,XSN→JKS
FLORES,P1,901,10,32,ALL_MORPH_BOUNDARY_GUARD,3,projected_saved_draft_candidate_at_or_after_rejection,2.0,BEFORE_GUARD,False,4,2,1,VV→ETM
FLORES,P1,902,6,13,ALL_MORPH_BOUNDARY_GUARD,1,projected_saved_draft_candidate_at_or_after_rejection,4.0,AFTER_GUARD,True,4,4,3,XSV→EC
FLORES,P1,903,2,2,ALL_MORPH_BOUNDARY_GUARD,3,saved_H3_exact_target_token,,NO_REJECTION,True,4,2,1,XSN→JX
FLORES,P1,903,3,6,ALL_MORPH_BOUNDARY_GUARD,3,projected_saved_draft_candidate_at_or_after_rejection,1.0,BEFORE_GUARD,False,4,2,1,VA→ETM
FLORES,P1,903,4,7,ALL_MORPH_BOUNDARY_GUARD,2,projected_saved_draft_candidate_at_or_after_rejection,1.0,BEFORE_GUARD,False,4,3,2,VA→ETM
FLORES,P1,903,15,29,ALL_MORPH_BOUNDARY_GUARD,3,projected_saved_draft_candidate_at_or_after_rejection,1.0,BEFORE_GUARD,False,4,2,1,XSV→EC
FLORES,P1,904,8,16,ALL_MORPH_BOUNDARY_GUARD,1,projected_saved_draft_candidate_at_or_after_rejection,3.0,AFTER_GUARD,True,4,4,3,XSV→EP
FLORES,P1,904,10,21,ALL_MORPH_BOUNDARY_GUARD,3,projected_saved_draft_candidate_at_or_after_rejection,1.0,BEFORE_GUARD,False,4,2,1,XSV→EC
FLORES,P1,904,11,22,ALL_MORPH_BOUNDARY_GUARD,3,saved_H3_exact_target_token,,NO_REJECTION,True,4,2,1,XSV→EC
FLORES,P1,904,18,44,ALL_MORPH_BOUNDARY_GUARD,1,saved_H3_exact_target_token,,NO_REJECTION,True,3,3,2,VV→EF
FLORES,P1,905,9,16,ALL_MORPH_BOUNDARY_GUARD,1,projected_saved_draft_candidate_at_or_after_rejection,2.0,AFTER_GUARD,True,4,4,3,XSV→EC
FLORES,P1,905,24,48,ALL_MORPH_BOUNDARY_GUARD,1,saved_H3_exact_target_token,,NO_REJECTION,True,3,3,2,VV→EF
FLORES,P1,906,0,0,ALL_MORPH_BOUNDARY_GUARD,3,projected_saved_draft_candidate_at_or_after_rejection,1.0,BEFORE_GUARD,False,4,2,1,JKB→JX
FLORES,P1,906,1,1,ALL_MORPH_BOUNDARY_GUARD,1,projected_saved_draft_candidate_at_or_after_rejection,1.0,AT_GUARD,True,4,4,3,XSN→JX
FLORES,P1,907,25,54,ALL_MORPH_BOUNDARY_GUARD,3,projected_saved_draft_candidate_at_or_after_rejection,3.0,AT_GUARD,True,4,2,1,XSV→EC
FLORES,P1,908,1,1,ALL_MORPH_BOUNDARY_GUARD,2,projected_saved_draft_candidate_at_or_after_rejection,1.0,BEFORE_GUARD,False,4,3,2,VA→ETM
FLORES,P1,908,12,27,ALL_MORPH_BOUNDARY_GUARD,3,projected_saved_draft_candidate_at_or_after_rejection,3.0,AT_GUARD,True,4,2,1,JKB→JX
FLORES,P1,908,17,42,ALL_MORPH_BOUNDARY_GUARD,3,projected_saved_draft_candidate_at_or_after_rejection,2.0,BEFORE_GUARD,False,4,2,1,VV→EC
FLORES,P1,909,9,23,ALL_MORPH_BOUNDARY_GUARD,2,projected_saved_draft_candidate_at_or_after_rejection,2.0,AT_GUARD,True,4,3,2,NNP→NNG
FLORES,P1,909,19,41,ALL_MORPH_BOUNDARY_GUARD,1,saved_H3_exact_target_token,,NO_REJECTION,True,3,3,2,VX→EF
FLORES,P1,910,12,31,ALL_MORPH_BOUNDARY_GUARD,2,saved_H3_exact_target_token,,NO_REJECTION,True,4,3,2,VA→EF
FLORES,P1,911,8,14,ALL_MORPH_BOUNDARY_GUARD,2,projected_saved_draft_candidate_at_or_after_rejection,3.0,AFTER_GUARD,True,4,3,2,XSN→JKB
FLORES,P1,911,11,23,ALL_MORPH_BOUNDARY_GUARD,1,projected_saved_draft_candidate_at_or_after_rejection,2.0,AFTER_GUARD,True,4,4,3,XSV→EC
FLORES,P1,911,26,57,ALL_MORPH_BOUNDARY_GUARD,1,projected_saved_draft_candidate_at_or_after_rejection,1.0,AT_GUARD,True,3,3,2,VA→EF
FLORES,P1,913,2,5,NP_BOUNDARY_GUARD,3,projected_saved_draft_candidate_at_or_after_rejection,3.0,AT_GUARD,True,4,2,1,NNG→JX
FLORES,P1,913,2,5,ALL_MORPH_BOUNDARY_GUARD,3,projected_saved_draft_candidate_at_or_after_rejection,3.0,AT_GUARD,True,4,2,1,NNG→JX
FLORES,P1,913,6,14,ALL_MORPH_BOUNDARY_GUARD,3,projected_saved_draft_candidate_at_or_after_rejection,1.0,BEFORE_GUARD,False,4,2,1,VA→ETM
FLORES,P1,913,7,15,ALL_MORPH_BOUNDARY_GUARD,3,projected_saved_draft_candidate_at_or_after_rejection,1.0,BEFORE_GUARD,False,4,2,1,VA→ETM
FLORES,P1,914,2,5,NP_BOUNDARY_GUARD,2,projected_saved_draft_candidate_at_or_after_rejection,2.0,AT_GUARD,True,4,3,2,NNG→JKB
FLORES,P1,914,2,5,ALL_MORPH_BOUNDARY_GUARD,2,projected_saved_draft_candidate_at_or_after_rejection,2.0,AT_GUARD,True,4,3,2,NNG→JKB
FLORES,P1,914,3,7,ALL_MORPH_BOUNDARY_GUARD,2,projected_saved_draft_candidate_at_or_after_rejection,3.0,AFTER_GUARD,True,4,3,2,SO→SL
FLORES,P1,914,4,10,ALL_MORPH_BOUNDARY_GUARD,3,saved_H3_exact_target_token,,NO_REJECTION,True,4,2,1,XSV→ETM
FLORES,P1,914,5,14,ALL_MORPH_BOUNDARY_GUARD,3,projected_saved_draft_candidate_at_or_after_rejection,2.0,BEFORE_GUARD,False,4,2,1,VA→ETM
FLORES,P1,914,7,18,ALL_MORPH_BOUNDARY_GUARD,2,projected_saved_draft_candidate_at_or_after_rejection,2.0,AT_GUARD,True,4,3,2,VA→ETM
FLORES,P1,915,6,14,NP_BOUNDARY_GUARD,1,saved_H3_exact_target_token,,NO_REJECTION,True,4,4,3,NNG→JKS
FLORES,P1,915,6,14,ALL_MORPH_BOUNDARY_GUARD,1,saved_H3_exact_target_token,,NO_REJECTION,True,4,4,3,NNG→JKS
FLORES,P1,915,10,22,ALL_MORPH_BOUNDARY_GUARD,2,saved_H3_exact_target_token,,NO_REJECTION,True,4,3,2,XSV→ETN
FLORES,P1,916,2,7,ALL_MORPH_BOUNDARY_GUARD,1,projected_saved_draft_candidate_at_or_after_rejection,2.0,AFTER_GUARD,True,4,4,3,SO→SL
FLORES,P1,916,4,12,ALL_MORPH_BOUNDARY_GUARD,2,projected_saved_draft_candidate_at_or_after_rejection,1.0,BEFORE_GUARD,False,4,3,2,XSV→EC
FLORES,P1,916,17,38,ALL_MORPH_BOUNDARY_GUARD,1,saved_H3_exact_target_token,,NO_REJECTION,True,3,3,2,VA→EF
FLORES,P1,917,0,0,ALL_MORPH_BOUNDARY_GUARD,2,projected_saved_draft_candidate_at_or_after_rejection,3.0,AFTER_GUARD,True,4,3,2,XSN→JKB
FLORES,P1,918,8,11,ALL_MORPH_BOUNDARY_GUARD,3,projected_saved_draft_candidate_at_or_after_rejection,1.0,BEFORE_GUARD,False,4,2,1,VCP→EF
FLORES,P1,918,16,26,ALL_MORPH_BOUNDARY_GUARD,3,projected_saved_draft_candidate_at_or_after_rejection,1.0,BEFORE_GUARD,False,4,2,1,VA→ETM
FLORES,P1,918,22,38,ALL_MORPH_BOUNDARY_GUARD,3,projected_saved_draft_candidate_at_or_after_rejection,1.0,BEFORE_GUARD,False,4,2,1,VA→ETM
FLORES,P1,918,25,41,ALL_MORPH_BOUNDARY_GUARD,2,projected_saved_draft_candidate_at_or_after_rejection,2.0,AT_GUARD,True,4,3,2,VA→ETM
FLORES,P1,918,28,47,ALL_MORPH_BOUNDARY_GUARD,3,saved_H3_exact_target_token,,NO_REJECTION,True,4,2,1,VA→EF
FLORES,P1,920,3,7,ALL_MORPH_BOUNDARY_GUARD,1,saved_H3_exact_target_token,,NO_REJECTION,True,4,4,3,NNP→NNG
FLORES,P1,920,11,25,ALL_MORPH_BOUNDARY_GUARD,3,projected_saved_draft_candidate_at_or_after_rejection,1.0,BEFORE_GUARD,False,4,2,1,VA→ETM
FLORES,P1,920,13,27,ALL_MORPH_BOUNDARY_GUARD,2,projected_saved_draft_candidate_at_or_after_rejection,3.0,AFTER_GUARD,True,4,3,2,VA→ETM
FLORES,P1,920,15,32,ALL_MORPH_BOUNDARY_GUARD,2,projected_saved_draft_candidate_at_or_after_rejection,4.0,AFTER_GUARD,True,4,3,2,VA→ETM
FLORES,P1,921,12,28,ALL_MORPH_BOUNDARY_GUARD,1,saved_H3_exact_target_token,,NO_REJECTION,True,3,3,2,VV→EF
FLORES,P1,922,10,27,ALL_MORPH_BOUNDARY_GUARD,3,projected_saved_draft_candidate_at_or_after_rejection,4.0,AFTER_GUARD,True,4,2,1,JKB→JX
FLORES,P1,922,15,44,ALL_MORPH_BOUNDARY_GUARD,1,projected_saved_draft_candidate_at_or_after_rejection,2.0,AFTER_GUARD,True,4,4,3,JKB→JX
FLORES,P1,922,20,52,ALL_MORPH_BOUNDARY_GUARD,3,projected_saved_draft_candidate_at_or_after_rejection,2.0,BEFORE_GUARD,False,4,2,1,SSC→SF
FLORES,P1,922,21,54,ALL_MORPH_BOUNDARY_GUARD,2,saved_H3_exact_target_token,,NO_REJECTION,True,3,2,1,SSC→SF
FLORES,P1,924,5,12,ALL_MORPH_BOUNDARY_GUARD,1,projected_saved_draft_candidate_at_or_after_rejection,1.0,AT_GUARD,True,4,4,3,XSV→EC
FLORES,P1,924,12,24,ALL_MORPH_BOUNDARY_GUARD,2,projected_saved_draft_candidate_at_or_after_rejection,3.0,AFTER_GUARD,True,4,3,2,XSA→EC
FLORES,P1,924,13,27,ALL_MORPH_BOUNDARY_GUARD,1,projected_saved_draft_candidate_at_or_after_rejection,1.0,AT_GUARD,True,4,4,3,VX→ETM
FLORES,P1,925,15,26,ALL_MORPH_BOUNDARY_GUARD,3,projected_saved_draft_candidate_at_or_after_rejection,3.0,AT_GUARD,True,4,2,1,VX→ETM
FLORES,P1,925,20,44,ALL_MORPH_BOUNDARY_GUARD,2,saved_H3_exact_target_token,,NO_REJECTION,True,3,2,1,SSC→SF
FLORES,P1,926,24,61,ALL_MORPH_BOUNDARY_GUARD,2,projected_saved_draft_candidate_at_or_after_rejection,1.0,BEFORE_GUARD,False,4,3,2,VX→EF
FLORES,P1,926,25,62,ALL_MORPH_BOUNDARY_GUARD,2,saved_H3_exact_target_token,,NO_REJECTION,True,4,3,2,VX→EF
FLORES,P1,927,7,16,ALL_MORPH_BOUNDARY_GUARD,2,projected_saved_draft_candidate_at_or_after_rejection,1.0,BEFORE_GUARD,False,4,3,2,XSN→JX
FLORES,P1,927,13,24,ALL_MORPH_BOUNDARY_GUARD,2,saved_H3_exact_target_token,,NO_REJECTION,True,4,3,2,VA→EF
FLORES,P1,927,16,32,ALL_MORPH_BOUNDARY_GUARD,3,projected_saved_draft_candidate_at_or_after_rejection,2.0,BEFORE_GUARD,False,4,2,1,VV→ETM
FLORES,P1,928,6,8,ALL_MORPH_BOUNDARY_GUARD,3,projected_saved_draft_candidate_at_or_after_rejection,1.0,BEFORE_GUARD,False,4,2,1,VA→ETM
FLORES,P1,928,9,17,ALL_MORPH_BOUNDARY_GUARD,2,projected_saved_draft_candidate_at_or_after_rejection,1.0,BEFORE_GUARD,False,4,3,2,XSN→JKG
FLORES,P1,928,17,36,ALL_MORPH_BOUNDARY_GUARD,2,projected_saved_draft_candidate_at_or_after_rejection,1.0,BEFORE_GUARD,False,4,3,2,VA→EF
FLORES,P1,928,18,37,ALL_MORPH_BOUNDARY_GUARD,1,saved_H3_exact_target_token,,NO_REJECTION,True,3,3,2,VX→EF
FLORES,P1,929,9,23,ALL_MORPH_BOUNDARY_GUARD,3,projected_saved_draft_candidate_at_or_after_rejection,1.0,BEFORE_GUARD,False,4,2,1,XSV→ETM
FLORES,P1,929,17,38,ALL_MORPH_BOUNDARY_GUARD,2,projected_saved_draft_candidate_at_or_after_rejection,3.0,AFTER_GUARD,True,4,3,2,XSV→ETM
FLORES,P1,929,19,45,ALL_MORPH_BOUNDARY_GUARD,3,projected_saved_draft_candidate_at_or_after_rejection,4.0,AFTER_GUARD,True,4,2,1,XSV→ETM
FLORES,P1,929,21,53,ALL_MORPH_BOUNDARY_GUARD,3,projected_saved_draft_candidate_at_or_after_rejection,3.0,AT_GUARD,True,4,2,1,VA→EC
FLORES,P1,930,3,3,ALL_MORPH_BOUNDARY_GUARD,1,projected_saved_draft_candidate_at_or_after_rejection,1.0,AT_GUARD,True,4,4,3,XSN→JX
FLORES,P1,930,8,12,NP_BOUNDARY_GUARD,1,projected_saved_draft_candidate_at_or_after_rejection,3.0,AFTER_GUARD,True,4,4,3,NNB→JKO
FLORES,P1,930,8,12,ALL_MORPH_BOUNDARY_GUARD,1,projected_saved_draft_candidate_at_or_after_rejection,3.0,AFTER_GUARD,True,4,4,3,NNB→JKO
FLORES,P1,930,12,19,NP_BOUNDARY_GUARD,2,projected_saved_draft_candidate_at_or_after_rejection,2.0,AT_GUARD,True,4,3,2,NNB→JKO
FLORES,P1,930,12,19,ALL_MORPH_BOUNDARY_GUARD,1,projected_saved_draft_candidate_at_or_after_rejection,2.0,AFTER_GUARD,True,4,4,3,XSV→ETM
FLORES,P1,930,24,51,ALL_MORPH_BOUNDARY_GUARD,3,saved_H3_exact_target_token,,NO_REJECTION,True,4,2,1,XSV→ETM
FLORES,P1,930,26,59,ALL_MORPH_BOUNDARY_GUARD,2,saved_H3_exact_target_token,,NO_REJECTION,True,4,3,2,XSA→EF
FLORES,P1,931,3,10,NP_BOUNDARY_GUARD,2,projected_saved_draft_candidate_at_or_after_rejection,3.0,AFTER_GUARD,True,4,3,2,NNG→JKO
FLORES,P1,931,3,10,ALL_MORPH_BOUNDARY_GUARD,2,projected_saved_draft_candidate_at_or_after_rejection,3.0,AFTER_GUARD,True,4,3,2,NNG→JKO
FLORES,P1,931,4,13,ALL_MORPH_BOUNDARY_GUARD,1,saved_H3_exact_target_token,,NO_REJECTION,True,4,4,3,VX→EC
FLORES,P1,931,6,21,ALL_MORPH_BOUNDARY_GUARD,2,projected_saved_draft_candidate_at_or_after_rejection,2.0,AT_GUARD,True,4,3,2,XSN→JX
FLORES,P1,932,0,0,ALL_MORPH_BOUNDARY_GUARD,3,projected_saved_draft_candidate_at_or_after_rejection,2.0,BEFORE_GUARD,False,4,2,1,XSN→JKS
FLORES,P1,932,3,7,ALL_MORPH_BOUNDARY_GUARD,2,projected_saved_draft_candidate_at_or_after_rejection,1.0,BEFORE_GUARD,False,4,3,2,XSN→JKS
FLORES,P1,932,6,14,ALL_MORPH_BOUNDARY_GUARD,2,projected_saved_draft_candidate_at_or_after_rejection,4.0,AFTER_GUARD,True,4,3,2,JKB→JX
FLORES,P1,932,14,32,ALL_MORPH_BOUNDARY_GUARD,3,saved_H3_exact_target_token,,NO_REJECTION,True,4,2,1,VA→EF
FLORES,P1,933,9,18,ALL_MORPH_BOUNDARY_GUARD,2,projected_saved_draft_candidate_at_or_after_rejection,1.0,BEFORE_GUARD,False,4,3,2,EP→EF
FLORES,P1,933,10,19,ALL_MORPH_BOUNDARY_GUARD,2,projected_saved_draft_candidate_at_or_after_rejection,1.0,BEFORE_GUARD,False,4,3,2,EP→EF
FLORES,P1,934,24,56,ALL_MORPH_BOUNDARY_GUARD,2,projected_saved_draft_candidate_at_or_after_rejection,2.0,AT_GUARD,True,4,3,2,EP→EC
FLORES,P1,934,25,58,ALL_MORPH_BOUNDARY_GUARD,3,projected_saved_draft_candidate_at_or_after_rejection,1.0,BEFORE_GUARD,False,4,2,1,SF→SSC
FLORES,P1,934,26,59,ALL_MORPH_BOUNDARY_GUARD,1,saved_H3_exact_target_token,,NO_REJECTION,True,2,2,1,SF→SSC
FLORES,P1,935,10,16,ALL_MORPH_BOUNDARY_GUARD,2,projected_saved_draft_candidate_at_or_after_rejection,4.0,AFTER_GUARD,True,4,3,2,XSV→EC
FLORES,P1,935,21,42,ALL_MORPH_BOUNDARY_GUARD,2,projected_saved_draft_candidate_at_or_after_rejection,1.0,BEFORE_GUARD,False,4,3,2,JKB→JX
FLORES,P1,935,22,43,ALL_MORPH_BOUNDARY_GUARD,2,projected_saved_draft_candidate_at_or_after_rejection,3.0,AFTER_GUARD,True,4,3,2,JKB→JX
FLORES,P1,936,0,0,ALL_MORPH_BOUNDARY_GUARD,2,projected_saved_draft_candidate_at_or_after_rejection,3.0,AFTER_GUARD,True,4,3,2,XSN→JKB
FLORES,P1,936,9,23,NP_BOUNDARY_GUARD,3,projected_saved_draft_candidate_at_or_after_rejection,1.0,BEFORE_GUARD,False,4,2,1,NNB→JKS
FLORES,P1,936,9,23,ALL_MORPH_BOUNDARY_GUARD,2,projected_saved_draft_candidate_at_or_after_rejection,1.0,BEFORE_GUARD,False,4,3,2,XSV→ETM
FLORES,P1,936,13,29,ALL_MORPH_BOUNDARY_GUARD,2,saved_H3_exact_target_token,,NO_REJECTION,True,4,3,2,XSA→EC
FLORES,P1,937,1,3,ALL_MORPH_BOUNDARY_GUARD,2,projected_saved_draft_candidate_at_or_after_rejection,1.0,BEFORE_GUARD,False,4,3,2,VV→EC
FLORES,P1,937,2,4,ALL_MORPH_BOUNDARY_GUARD,2,projected_saved_draft_candidate_at_or_after_rejection,1.0,BEFORE_GUARD,False,4,3,2,XSN→JKG
FLORES,P1,937,5,7,ALL_MORPH_BOUNDARY_GUARD,3,projected_saved_draft_candidate_at_or_after_rejection,1.0,BEFORE_GUARD,False,4,2,1,XSN→JKS
FLORES,P1,937,6,8,ALL_MORPH_BOUNDARY_GUARD,3,projected_saved_draft_candidate_at_or_after_rejection,1.0,BEFORE_GUARD,False,4,2,1,VV→EC
FLORES,P1,937,8,11,ALL_MORPH_BOUNDARY_GUARD,2,saved_H3_exact_target_token,,NO_REJECTION,True,4,3,2,VX→EC
FLORES,P1,937,13,24,ALL_MORPH_BOUNDARY_GUARD,2,projected_saved_draft_candidate_at_or_after_rejection,2.0,AT_GUARD,True,4,3,2,XSA→EC
FLORES,P1,937,17,38,ALL_MORPH_BOUNDARY_GUARD,2,projected_saved_draft_candidate_at_or_after_rejection,1.0,BEFORE_GUARD,False,4,3,2,VA→ETM
FLORES,P1,937,20,44,ALL_MORPH_BOUNDARY_GUARD,3,projected_saved_draft_candidate_at_or_after_rejection,1.0,BEFORE_GUARD,False,4,2,1,VA→EF
FLORES,P1,937,22,46,NP_BOUNDARY_GUARD,2,projected_saved_draft_candidate_at_or_after_rejection,3.0,AFTER_GUARD,True,4,3,2,NP→JKO
FLORES,P1,937,22,46,ALL_MORPH_BOUNDARY_GUARD,2,projected_saved_draft_candidate_at_or_after_rejection,3.0,AFTER_GUARD,True,4,3,2,NP→JKO
FLORES,P1,937,23,49,ALL_MORPH_BOUNDARY_GUARD,2,projected_saved_draft_candidate_at_or_after_rejection,4.0,AFTER_GUARD,True,4,3,2,XSV→EC
FLORES,P1,937,27,60,ALL_MORPH_BOUNDARY_GUARD,1,saved_H3_exact_target_token,,NO_REJECTION,True,3,3,2,VX→EF
FLORES,P1,938,5,9,ALL_MORPH_BOUNDARY_GUARD,3,projected_saved_draft_candidate_at_or_after_rejection,1.0,BEFORE_GUARD,False,4,2,1,VCP→EC
FLORES,P1,938,6,10,ALL_MORPH_BOUNDARY_GUARD,2,projected_saved_draft_candidate_at_or_after_rejection,2.0,AT_GUARD,True,4,3,2,VCP→EF
FLORES,P1,939,11,24,ALL_MORPH_BOUNDARY_GUARD,1,projected_saved_draft_candidate_at_or_after_rejection,1.0,AT_GUARD,True,3,3,2,VX→EF
FLORES,P1,940,10,18,ALL_MORPH_BOUNDARY_GUARD,2,projected_saved_draft_candidate_at_or_after_rejection,1.0,BEFORE_GUARD,False,4,3,2,VV→ETM
FLORES,P1,940,13,21,ALL_MORPH_BOUNDARY_GUARD,2,projected_saved_draft_candidate_at_or_after_rejection,1.0,BEFORE_GUARD,False,4,3,2,VV→EC
FLORES,P1,940,30,62,ALL_MORPH_BOUNDARY_GUARD,2,projected_saved_draft_candidate_at_or_after_rejection,3.0,AFTER_GUARD,True,4,3,2,XSV→EC
FLORES,P1,941,7,17,ALL_MORPH_BOUNDARY_GUARD,2,saved_H3_exact_target_token,,NO_REJECTION,True,4,3,2,XSV→EP
FLORES,P1,943,14,28,ALL_MORPH_BOUNDARY_GUARD,3,projected_saved_draft_candidate_at_or_after_rejection,2.0,BEFORE_GUARD,False,4,2,1,VCP→EC
FLORES,P1,943,21,41,NP_BOUNDARY_GUARD,3,projected_saved_draft_candidate_at_or_after_rejection,2.0,BEFORE_GUARD,False,4,2,1,NNG→JKB
FLORES,P1,943,21,41,ALL_MORPH_BOUNDARY_GUARD,3,projected_saved_draft_candidate_at_or_after_rejection,2.0,BEFORE_GUARD,False,4,2,1,NNG→JKB
FLORES,P1,943,24,49,ALL_MORPH_BOUNDARY_GUARD,2,projected_saved_draft_candidate_at_or_after_rejection,2.0,AT_GUARD,True,4,3,2,VCP→EF
FLORES,P1,944,23,48,ALL_MORPH_BOUNDARY_GUARD,1,projected_saved_draft_candidate_at_or_after_rejection,1.0,AT_GUARD,True,4,4,3,XSV→EC
FLORES,P1,944,24,49,ALL_MORPH_BOUNDARY_GUARD,1,projected_saved_draft_candidate_at_or_after_rejection,1.0,AT_GUARD,True,3,3,2,VX→EF
FLORES,P1,945,24,66,ALL_MORPH_BOUNDARY_GUARD,2,projected_saved_draft_candidate_at_or_after_rejection,2.0,AT_GUARD,True,4,3,2,XSV→EC
FLORES,P1,945,37,93,NP_BOUNDARY_GUARD,2,projected_saved_draft_candidate_at_or_after_rejection,3.0,AFTER_GUARD,True,4,3,2,NNG→JKO
FLORES,P1,945,37,93,ALL_MORPH_BOUNDARY_GUARD,2,projected_saved_draft_candidate_at_or_after_rejection,3.0,AFTER_GUARD,True,4,3,2,NNG→JKO
FLORES,P1,946,9,14,ALL_MORPH_BOUNDARY_GUARD,3,projected_saved_draft_candidate_at_or_after_rejection,1.0,BEFORE_GUARD,False,4,2,1,VA→ETM
FLORES,P1,946,20,40,ALL_MORPH_BOUNDARY_GUARD,1,saved_H3_exact_target_token,,NO_REJECTION,True,3,3,2,VX→EF
FLORES,P1,947,2,3,ALL_MORPH_BOUNDARY_GUARD,2,projected_saved_draft_candidate_at_or_after_rejection,3.0,AFTER_GUARD,True,4,3,2,JKB→JX
FLORES,P1,947,8,16,ALL_MORPH_BOUNDARY_GUARD,1,projected_saved_draft_candidate_at_or_after_rejection,1.0,AT_GUARD,True,4,4,3,XSN→JKS
FLORES,P1,947,13,22,ALL_MORPH_BOUNDARY_GUARD,1,saved_H3_exact_target_token,,NO_REJECTION,True,3,3,2,VV→EF
FLORES,P1,948,13,21,ALL_MORPH_BOUNDARY_GUARD,3,projected_saved_draft_candidate_at_or_after_rejection,1.0,BEFORE_GUARD,False,4,2,1,VV→ETM
FLORES,P1,948,16,26,ALL_MORPH_BOUNDARY_GUARD,2,projected_saved_draft_candidate_at_or_after_rejection,4.0,AFTER_GUARD,True,4,3,2,VV→ETM
FLORES,P1,948,18,31,ALL_MORPH_BOUNDARY_GUARD,2,saved_H3_exact_target_token,,NO_REJECTION,True,4,3,2,VA→EF
FLORES,P1,949,1,3,ALL_MORPH_BOUNDARY_GUARD,1,projected_saved_draft_candidate_at_or_after_rejection,1.0,AT_GUARD,True,4,4,3,VA-I→EC
FLORES,P1,949,2,4,NP_BOUNDARY_GUARD,3,projected_saved_draft_candidate_at_or_after_rejection,3.0,AT_GUARD,True,4,2,1,NNB→JX
FLORES,P1,949,2,4,ALL_MORPH_BOUNDARY_GUARD,3,projected_saved_draft_candidate_at_or_after_rejection,3.0,AT_GUARD,True,4,2,1,NNB→JX
FLORES,P1,949,3,7,ALL_MORPH_BOUNDARY_GUARD,2,projected_saved_draft_candidate_at_or_after_rejection,2.0,AT_GUARD,True,4,3,2,JKB→JX
FLORES,P1,949,6,14,ALL_MORPH_BOUNDARY_GUARD,1,projected_saved_draft_candidate_at_or_after_rejection,2.0,AFTER_GUARD,True,4,4,3,XSA→EC
FLORES,P1,950,9,16,ALL_MORPH_BOUNDARY_GUARD,3,saved_H3_exact_target_token,,NO_REJECTION,True,4,2,1,XSN→JKB
FLORES,P1,950,10,20,ALL_MORPH_BOUNDARY_GUARD,2,saved_H3_exact_target_token,,NO_REJECTION,True,4,3,2,XSV→EC
FLORES,P1,951,13,22,ALL_MORPH_BOUNDARY_GUARD,3,saved_H3_exact_target_token,,NO_REJECTION,True,4,2,1,VA→EF
FLORES,P1,951,14,26,ALL_MORPH_BOUNDARY_GUARD,2,projected_saved_draft_candidate_at_or_after_rejection,1.0,BEFORE_GUARD,False,4,3,2,XSN→JKB
FLORES,P1,952,10,17,ALL_MORPH_BOUNDARY_GUARD,2,projected_saved_draft_candidate_at_or_after_rejection,1.0,BEFORE_GUARD,False,4,3,2,XSV→EC
FLORES,P1,952,11,18,ALL_MORPH_BOUNDARY_GUARD,1,saved_H3_exact_target_token,,NO_REJECTION,True,4,4,3,XSV→EC
FLORES,P1,952,12,22,ALL_MORPH_BOUNDARY_GUARD,1,projected_saved_draft_candidate_at_or_after_rejection,2.0,AFTER_GUARD,True,4,4,3,VA→ETM
FLORES,P1,952,21,45,ALL_MORPH_BOUNDARY_GUARD,1,saved_H3_exact_target_token,,NO_REJECTION,True,3,3,2,VX→EF
FLORES,P1,953,3,4,ALL_MORPH_BOUNDARY_GUARD,1,projected_saved_draft_candidate_at_or_after_rejection,2.0,AFTER_GUARD,True,4,4,3,VV→EC
FLORES,P1,953,7,14,ALL_MORPH_BOUNDARY_GUARD,2,projected_saved_draft_candidate_at_or_after_rejection,3.0,AFTER_GUARD,True,4,3,2,VA→ETM
FLORES,P1,953,8,17,ALL_MORPH_BOUNDARY_GUARD,2,projected_saved_draft_candidate_at_or_after_rejection,1.0,BEFORE_GUARD,False,4,3,2,XSN→JKG
FLORES,P1,953,10,19,ALL_MORPH_BOUNDARY_GUARD,3,projected_saved_draft_candidate_at_or_after_rejection,1.0,BEFORE_GUARD,False,4,2,1,XSV→EC
FLORES,P1,953,12,21,ALL_MORPH_BOUNDARY_GUARD,2,saved_H3_exact_target_token,,NO_REJECTION,True,4,3,2,XSN→JKO
FLORES,P1,953,13,25,ALL_MORPH_BOUNDARY_GUARD,1,projected_saved_draft_candidate_at_or_after_rejection,2.0,AFTER_GUARD,True,4,4,3,XSV→EC
FLORES,P1,953,14,27,ALL_MORPH_BOUNDARY_GUARD,1,projected_saved_draft_candidate_at_or_after_rejection,1.0,AT_GUARD,True,4,4,3,XSV→EC
FLORES,P1,954,19,25,ALL_MORPH_BOUNDARY_GUARD,3,projected_saved_draft_candidate_at_or_after_rejection,3.0,AT_GUARD,True,4,2,1,XSV→EC
FLORES,P1,954,21,29,ALL_MORPH_BOUNDARY_GUARD,2,projected_saved_draft_candidate_at_or_after_rejection,1.0,BEFORE_GUARD,False,4,3,2,XSV→EC
FLORES,P1,954,22,30,NP_BOUNDARY_GUARD,2,projected_saved_draft_candidate_at_or_after_rejection,1.0,BEFORE_GUARD,False,4,3,2,NNB→JX
FLORES,P1,954,22,30,ALL_MORPH_BOUNDARY_GUARD,1,projected_saved_draft_candidate_at_or_after_rejection,1.0,AT_GUARD,True,4,4,3,XSV→ETM
FLORES,P1,955,6,10,NP_BOUNDARY_GUARD,2,projected_saved_draft_candidate_at_or_after_rejection,1.0,BEFORE_GUARD,False,4,3,2,NNG→JKO
FLORES,P1,955,6,10,ALL_MORPH_BOUNDARY_GUARD,2,projected_saved_draft_candidate_at_or_after_rejection,1.0,BEFORE_GUARD,False,4,3,2,NNG→JKO
FLORES,P1,956,13,39,ALL_MORPH_BOUNDARY_GUARD,1,projected_saved_draft_candidate_at_or_after_rejection,1.0,AT_GUARD,True,4,4,3,XSV→EC
FLORES,P1,956,15,44,ALL_MORPH_BOUNDARY_GUARD,1,projected_saved_draft_candidate_at_or_after_rejection,1.0,AT_GUARD,True,4,4,3,XSV→EC
FLORES,P1,956,19,57,ALL_MORPH_BOUNDARY_GUARD,1,saved_H3_exact_target_token,,NO_REJECTION,True,3,3,2,VX→EF
FLORES,P1,959,11,26,ALL_MORPH_BOUNDARY_GUARD,2,projected_saved_draft_candidate_at_or_after_rejection,3.0,AFTER_GUARD,True,4,3,2,XSV→ETM
FLORES,P1,960,1,3,ALL_MORPH_BOUNDARY_GUARD,1,projected_saved_draft_candidate_at_or_after_rejection,2.0,AFTER_GUARD,True,4,4,3,XSN→JX
FLORES,P1,960,3,6,ALL_MORPH_BOUNDARY_GUARD,1,projected_saved_draft_candidate_at_or_after_rejection,4.0,AFTER_GUARD,True,4,4,3,XSN→VCP
FLORES,P1,960,4,10,ALL_MORPH_BOUNDARY_GUARD,3,projected_saved_draft_candidate_at_or_after_rejection,1.0,BEFORE_GUARD,False,4,2,1,VX→EC
FLORES,P1,960,5,11,ALL_MORPH_BOUNDARY_GUARD,1,projected_saved_draft_candidate_at_or_after_rejection,2.0,AFTER_GUARD,True,4,4,3,XSA→EC
FLORES,P1,960,7,17,ALL_MORPH_BOUNDARY_GUARD,3,projected_saved_draft_candidate_at_or_after_rejection,1.0,BEFORE_GUARD,False,4,2,1,XSN→JKO
FLORES,P1,961,13,29,ALL_MORPH_BOUNDARY_GUARD,2,projected_saved_draft_candidate_at_or_after_rejection,1.0,BEFORE_GUARD,False,4,3,2,VV→EC
FLORES,P1,961,23,53,ALL_MORPH_BOUNDARY_GUARD,1,projected_saved_draft_candidate_at_or_after_rejection,1.0,AT_GUARD,True,4,4,3,VA→EC
FLORES,P1,962,1,3,ALL_MORPH_BOUNDARY_GUARD,1,projected_saved_draft_candidate_at_or_after_rejection,2.0,AFTER_GUARD,True,4,4,3,XSN→JKG
FLORES,P1,963,16,33,ALL_MORPH_BOUNDARY_GUARD,1,projected_saved_draft_candidate_at_or_after_rejection,1.0,AT_GUARD,True,4,4,3,VA→ETM
FLORES,P1,963,18,35,ALL_MORPH_BOUNDARY_GUARD,3,projected_saved_draft_candidate_at_or_after_rejection,2.0,BEFORE_GUARD,False,4,2,1,VA→ETM
FLORES,P1,963,21,43,ALL_MORPH_BOUNDARY_GUARD,3,saved_H3_exact_target_token,,NO_REJECTION,True,4,2,1,VX→EC
FLORES,P1,964,4,12,ALL_MORPH_BOUNDARY_GUARD,1,projected_saved_draft_candidate_at_or_after_rejection,4.0,AFTER_GUARD,True,4,4,3,VX→EC
FLORES,P1,964,15,36,ALL_MORPH_BOUNDARY_GUARD,3,projected_saved_draft_candidate_at_or_after_rejection,4.0,AFTER_GUARD,True,4,2,1,VV-R→EC
FLORES,P1,965,4,14,ALL_MORPH_BOUNDARY_GUARD,2,saved_H3_exact_target_token,,NO_REJECTION,True,4,3,2,XSV→ETM
FLORES,P1,966,27,54,ALL_MORPH_BOUNDARY_GUARD,2,projected_saved_draft_candidate_at_or_after_rejection,3.0,AFTER_GUARD,True,4,3,2,VA→ETM
FLORES,P1,968,2,4,ALL_MORPH_BOUNDARY_GUARD,3,projected_saved_draft_candidate_at_or_after_rejection,1.0,BEFORE_GUARD,False,4,2,1,XSN→JKS
FLORES,P1,968,3,5,ALL_MORPH_BOUNDARY_GUARD,2,projected_saved_draft_candidate_at_or_after_rejection,3.0,AFTER_GUARD,True,4,3,2,XSN→JKS
FLORES,P1,968,5,11,ALL_MORPH_BOUNDARY_GUARD,1,projected_saved_draft_candidate_at_or_after_rejection,3.0,AFTER_GUARD,True,4,4,3,VX→ETM
FLORES,P1,968,15,38,ALL_MORPH_BOUNDARY_GUARD,1,projected_saved_draft_candidate_at_or_after_rejection,4.0,AFTER_GUARD,True,4,4,3,VCP→EC
FLORES,P1,968,16,42,ALL_MORPH_BOUNDARY_GUARD,3,projected_saved_draft_candidate_at_or_after_rejection,1.0,BEFORE_GUARD,False,4,2,1,JKB→JX
FLORES,P1,968,18,45,ALL_MORPH_BOUNDARY_GUARD,1,projected_saved_draft_candidate_at_or_after_rejection,2.0,AFTER_GUARD,True,4,4,3,VV→ETM
FLORES,P1,969,10,24,NP_BOUNDARY_GUARD,1,projected_saved_draft_candidate_at_or_after_rejection,1.0,AT_GUARD,True,4,4,3,NNB→JKO
FLORES,P1,969,10,24,ALL_MORPH_BOUNDARY_GUARD,1,projected_saved_draft_candidate_at_or_after_rejection,1.0,AT_GUARD,True,4,4,3,NNB→JKO
FLORES,P1,969,11,25,NP_BOUNDARY_GUARD,1,projected_saved_draft_candidate_at_or_after_rejection,2.0,AFTER_GUARD,True,4,4,3,NNG→JKO
FLORES,P1,969,11,25,ALL_MORPH_BOUNDARY_GUARD,1,projected_saved_draft_candidate_at_or_after_rejection,2.0,AFTER_GUARD,True,4,4,3,NNG→JKO
FLORES,P1,970,13,21,ALL_MORPH_BOUNDARY_GUARD,3,projected_saved_draft_candidate_at_or_after_rejection,3.0,AT_GUARD,True,4,2,1,XSV→EC
FLORES,P1,970,14,24,NP_BOUNDARY_GUARD,3,projected_saved_draft_candidate_at_or_after_rejection,2.0,BEFORE_GUARD,False,4,2,1,NNB→JKB
FLORES,P1,970,14,24,ALL_MORPH_BOUNDARY_GUARD,3,projected_saved_draft_candidate_at_or_after_rejection,2.0,BEFORE_GUARD,False,4,2,1,NNB→JKB
FLORES,P1,970,18,36,ALL_MORPH_BOUNDARY_GUARD,1,saved_H3_exact_target_token,,NO_REJECTION,True,4,4,3,VA→EF
FLORES,P1,971,10,13,ALL_MORPH_BOUNDARY_GUARD,3,projected_saved_draft_candidate_at_or_after_rejection,3.0,AT_GUARD,True,4,2,1,VA→ETM
FLORES,P1,971,20,38,ALL_MORPH_BOUNDARY_GUARD,1,saved_H3_exact_target_token,,NO_REJECTION,True,4,4,3,XSV→EC
FLORES,P1,971,22,43,ALL_MORPH_BOUNDARY_GUARD,3,projected_saved_draft_candidate_at_or_after_rejection,1.0,BEFORE_GUARD,False,4,2,1,XSV→EC
FLORES,P1,972,0,0,ALL_MORPH_BOUNDARY_GUARD,3,projected_saved_draft_candidate_at_or_after_rejection,1.0,BEFORE_GUARD,False,4,2,1,XSA→EC
FLORES,P1,972,1,1,ALL_MORPH_BOUNDARY_GUARD,3,projected_saved_draft_candidate_at_or_after_rejection,2.0,BEFORE_GUARD,False,4,2,1,VA→EC
FLORES,P1,972,22,44,ALL_MORPH_BOUNDARY_GUARD,1,projected_saved_draft_candidate_at_or_after_rejection,1.0,AT_GUARD,True,4,4,3,XSV→ETM
FLORES,P1,972,23,45,ALL_MORPH_BOUNDARY_GUARD,2,projected_saved_draft_candidate_at_or_after_rejection,3.0,AFTER_GUARD,True,4,3,2,VA→ETM
FLORES,P1,973,10,21,ALL_MORPH_BOUNDARY_GUARD,1,projected_saved_draft_candidate_at_or_after_rejection,1.0,AT_GUARD,True,4,4,3,XSV→EC
FLORES,P1,974,4,13,ALL_MORPH_BOUNDARY_GUARD,1,saved_H3_exact_target_token,,NO_REJECTION,True,4,4,3,XSV→ETM
FLORES,P1,975,5,13,ALL_MORPH_BOUNDARY_GUARD,3,saved_H3_exact_target_token,,NO_REJECTION,True,4,2,1,VA→EC
FLORES,P1,975,11,25,ALL_MORPH_BOUNDARY_GUARD,1,projected_saved_draft_candidate_at_or_after_rejection,2.0,AFTER_GUARD,True,4,4,3,XSV→ETM
FLORES,P1,975,14,35,NP_BOUNDARY_GUARD,1,projected_saved_draft_candidate_at_or_after_rejection,1.0,AT_GUARD,True,4,4,3,NNB→JX
FLORES,P1,975,14,35,ALL_MORPH_BOUNDARY_GUARD,1,projected_saved_draft_candidate_at_or_after_rejection,1.0,AT_GUARD,True,4,4,3,NNB→JX
FLORES,P1,978,8,19,ALL_MORPH_BOUNDARY_GUARD,3,saved_H3_exact_target_token,,NO_REJECTION,True,4,2,1,XSV→EC
FLORES,P1,979,2,2,NP_BOUNDARY_GUARD,3,projected_saved_draft_candidate_at_or_after_rejection,1.0,BEFORE_GUARD,False,4,2,1,NNP→JX
FLORES,P1,979,2,2,ALL_MORPH_BOUNDARY_GUARD,3,projected_saved_draft_candidate_at_or_after_rejection,1.0,BEFORE_GUARD,False,4,2,1,NNP→JX
FLORES,P1,979,7,17,ALL_MORPH_BOUNDARY_GUARD,3,projected_saved_draft_candidate_at_or_after_rejection,3.0,AT_GUARD,True,4,2,1,VX→EF
FLORES,P1,980,10,23,ALL_MORPH_BOUNDARY_GUARD,3,projected_saved_draft_candidate_at_or_after_rejection,1.0,BEFORE_GUARD,False,4,2,1,VA→EC
FLORES,P1,980,12,26,ALL_MORPH_BOUNDARY_GUARD,2,projected_saved_draft_candidate_at_or_after_rejection,2.0,AT_GUARD,True,4,3,2,XSN→JKO
FLORES,P1,981,4,9,NP_BOUNDARY_GUARD,2,projected_saved_draft_candidate_at_or_after_rejection,1.0,BEFORE_GUARD,False,4,3,2,NNG→JX
FLORES,P1,981,4,9,ALL_MORPH_BOUNDARY_GUARD,2,projected_saved_draft_candidate_at_or_after_rejection,1.0,BEFORE_GUARD,False,4,3,2,NNG→JX
FLORES,P1,982,4,9,ALL_MORPH_BOUNDARY_GUARD,3,projected_saved_draft_candidate_at_or_after_rejection,3.0,AT_GUARD,True,4,2,1,VV→EC
FLORES,P1,982,5,12,ALL_MORPH_BOUNDARY_GUARD,3,projected_saved_draft_candidate_at_or_after_rejection,4.0,AFTER_GUARD,True,4,2,1,XSN→JX
FLORES,P1,982,13,39,ALL_MORPH_BOUNDARY_GUARD,3,saved_H3_exact_target_token,,NO_REJECTION,True,4,2,1,XSN→JKB
FLORES,P1,982,14,43,ALL_MORPH_BOUNDARY_GUARD,3,projected_saved_draft_candidate_at_or_after_rejection,3.0,AT_GUARD,True,4,2,1,XSV→EC
FLORES,P1,982,15,46,ALL_MORPH_BOUNDARY_GUARD,3,saved_H3_exact_target_token,,NO_REJECTION,True,4,2,1,VA→EC
FLORES,P1,982,20,58,ALL_MORPH_BOUNDARY_GUARD,2,saved_H3_exact_target_token,,NO_REJECTION,True,4,3,2,VA→EF
FLORES,P1,983,3,10,ALL_MORPH_BOUNDARY_GUARD,3,projected_saved_draft_candidate_at_or_after_rejection,1.0,BEFORE_GUARD,False,4,2,1,VV→EC
FLORES,P1,983,4,11,ALL_MORPH_BOUNDARY_GUARD,2,projected_saved_draft_candidate_at_or_after_rejection,1.0,BEFORE_GUARD,False,4,3,2,XSV→EC
FLORES,P1,983,5,12,ALL_MORPH_BOUNDARY_GUARD,1,projected_saved_draft_candidate_at_or_after_rejection,2.0,AFTER_GUARD,True,4,4,3,XSV→EC
FLORES,P1,983,6,14,ALL_MORPH_BOUNDARY_GUARD,3,projected_saved_draft_candidate_at_or_after_rejection,2.0,BEFORE_GUARD,False,4,2,1,XSN→JX
FLORES,P1,984,0,0,ALL_MORPH_BOUNDARY_GUARD,2,projected_saved_draft_candidate_at_or_after_rejection,3.0,AFTER_GUARD,True,4,3,2,XSN→JKG
FLORES,P1,984,8,24,ALL_MORPH_BOUNDARY_GUARD,1,saved_H3_exact_target_token,,NO_REJECTION,True,4,4,3,XSN→JKB
FLORES,P1,986,5,5,ALL_MORPH_BOUNDARY_GUARD,3,projected_saved_draft_candidate_at_or_after_rejection,1.0,BEFORE_GUARD,False,4,2,1,XSV→ETM
FLORES,P1,986,11,11,ALL_MORPH_BOUNDARY_GUARD,2,projected_saved_draft_candidate_at_or_after_rejection,3.0,AFTER_GUARD,True,4,3,2,VV→ETM
FLORES,P1,988,0,0,ALL_MORPH_BOUNDARY_GUARD,2,projected_saved_draft_candidate_at_or_after_rejection,3.0,AFTER_GUARD,True,4,3,2,JKB→JX
FLORES,P1,988,5,9,ALL_MORPH_BOUNDARY_GUARD,3,projected_saved_draft_candidate_at_or_after_rejection,1.0,BEFORE_GUARD,False,4,2,1,VA→ETM
FLORES,P1,988,10,16,ALL_MORPH_BOUNDARY_GUARD,1,projected_saved_draft_candidate_at_or_after_rejection,1.0,AT_GUARD,True,4,4,3,VA→ETM
FLORES,P1,989,3,12,ALL_MORPH_BOUNDARY_GUARD,1,projected_saved_draft_candidate_at_or_after_rejection,2.0,AFTER_GUARD,True,4,4,3,VV→ETM
FLORES,P1,989,7,20,NP_BOUNDARY_GUARD,2,saved_H3_exact_target_token,,NO_REJECTION,True,4,3,2,NNG→JKO
FLORES,P1,989,7,20,ALL_MORPH_BOUNDARY_GUARD,2,saved_H3_exact_target_token,,NO_REJECTION,True,4,3,2,NNG→JKO
FLORES,P1,989,8,24,NP_BOUNDARY_GUARD,2,projected_saved_draft_candidate_at_or_after_rejection,1.0,BEFORE_GUARD,False,4,3,2,NNB→JKO
FLORES,P1,989,8,24,ALL_MORPH_BOUNDARY_GUARD,1,projected_saved_draft_candidate_at_or_after_rejection,1.0,AT_GUARD,True,4,4,3,XSV→ETM
FLORES,P1,989,12,30,NP_BOUNDARY_GUARD,3,projected_saved_draft_candidate_at_or_after_rejection,2.0,BEFORE_GUARD,False,4,2,1,NNB→JKO
FLORES,P1,989,12,30,ALL_MORPH_BOUNDARY_GUARD,3,projected_saved_draft_candidate_at_or_after_rejection,2.0,BEFORE_GUARD,False,4,2,1,NNB→JKO
FLORES,P1,990,7,17,ALL_MORPH_BOUNDARY_GUARD,3,projected_saved_draft_candidate_at_or_after_rejection,3.0,AT_GUARD,True,4,2,1,XSV→ETM
FLORES,P1,990,12,29,ALL_MORPH_BOUNDARY_GUARD,2,projected_saved_draft_candidate_at_or_after_rejection,1.0,BEFORE_GUARD,False,4,3,2,VA→EF
FLORES,P1,991,2,5,ALL_MORPH_BOUNDARY_GUARD,3,saved_H3_exact_target_token,,NO_REJECTION,True,4,2,1,XSN→JKB
FLORES,P1,991,6,17,ALL_MORPH_BOUNDARY_GUARD,3,projected_saved_draft_candidate_at_or_after_rejection,1.0,BEFORE_GUARD,False,4,2,1,VA-I→EC
FLORES,P1,991,9,21,NP_BOUNDARY_GUARD,2,projected_saved_draft_candidate_at_or_after_rejection,4.0,AFTER_GUARD,True,4,3,2,NNB→JKO
FLORES,P1,991,9,21,ALL_MORPH_BOUNDARY_GUARD,2,projected_saved_draft_candidate_at_or_after_rejection,4.0,AFTER_GUARD,True,4,3,2,NNB→JKO
FLORES,P1,991,10,25,ALL_MORPH_BOUNDARY_GUARD,3,saved_H3_exact_target_token,,NO_REJECTION,True,4,2,1,VA→EF
FLORES,P1,991,16,40,ALL_MORPH_BOUNDARY_GUARD,1,saved_H3_exact_target_token,,NO_REJECTION,True,3,3,2,VA→EF
FLORES,P1,992,3,6,NP_BOUNDARY_GUARD,3,projected_saved_draft_candidate_at_or_after_rejection,3.0,AT_GUARD,True,4,2,1,NNB→JX
FLORES,P1,992,3,6,ALL_MORPH_BOUNDARY_GUARD,3,projected_saved_draft_candidate_at_or_after_rejection,3.0,AT_GUARD,True,4,2,1,NNB→JX
FLORES,P1,992,10,17,ALL_MORPH_BOUNDARY_GUARD,1,projected_saved_draft_candidate_at_or_after_rejection,1.0,AT_GUARD,True,4,4,3,XSV→EC
FLORES,P1,992,13,20,NP_BOUNDARY_GUARD,3,projected_saved_draft_candidate_at_or_after_rejection,2.0,BEFORE_GUARD,False,4,2,1,NNB→JX
FLORES,P1,992,13,20,ALL_MORPH_BOUNDARY_GUARD,3,projected_saved_draft_candidate_at_or_after_rejection,2.0,BEFORE_GUARD,False,4,2,1,NNB→JX
FLORES,P1,992,21,39,ALL_MORPH_BOUNDARY_GUARD,2,saved_H3_exact_target_token,,NO_REJECTION,True,4,3,2,JKB→JX
FLORES,P1,993,8,15,ALL_MORPH_BOUNDARY_GUARD,2,saved_H3_exact_target_token,,NO_REJECTION,True,4,3,2,VA→EF
FLORES,P1,993,9,19,ALL_MORPH_BOUNDARY_GUARD,1,projected_saved_draft_candidate_at_or_after_rejection,1.0,AT_GUARD,True,4,4,3,XSN→JX
FLORES,P1,993,16,30,ALL_MORPH_BOUNDARY_GUARD,2,projected_saved_draft_candidate_at_or_after_rejection,1.0,BEFORE_GUARD,False,4,3,2,XSN→JKB
FLORES,P1,993,17,31,ALL_MORPH_BOUNDARY_GUARD,2,projected_saved_draft_candidate_at_or_after_rejection,4.0,AFTER_GUARD,True,4,3,2,VA→EF
FLORES,P1,993,21,47,ALL_MORPH_BOUNDARY_GUARD,2,projected_saved_draft_candidate_at_or_after_rejection,4.0,AFTER_GUARD,True,4,3,2,VA→EF
FLORES,P1,993,25,63,ALL_MORPH_BOUNDARY_GUARD,2,saved_H3_exact_target_token,,NO_REJECTION,True,4,3,2,VA→EF
FLORES,P1,993,29,79,ALL_MORPH_BOUNDARY_GUARD,2,saved_H3_exact_target_token,,NO_REJECTION,True,4,3,2,VA→EF
FLORES,P1,993,33,95,ALL_MORPH_BOUNDARY_GUARD,2,saved_H3_exact_target_token,,NO_REJECTION,True,4,3,2,VA→EF
FLORES,P1,993,37,111,ALL_MORPH_BOUNDARY_GUARD,2,saved_H3_exact_target_token,,NO_REJECTION,True,4,3,2,VA→EF
FLORES,P1,995,9,18,NP_BOUNDARY_GUARD,1,projected_saved_draft_candidate_at_or_after_rejection,3.0,AFTER_GUARD,True,4,4,3,NNB→JX
FLORES,P1,995,9,18,ALL_MORPH_BOUNDARY_GUARD,1,projected_saved_draft_candidate_at_or_after_rejection,3.0,AFTER_GUARD,True,4,4,3,NNB→JX
FLORES,P1,996,16,33,ALL_MORPH_BOUNDARY_GUARD,1,projected_saved_draft_candidate_at_or_after_rejection,3.0,AFTER_GUARD,True,4,4,3,XSV→EC
FLORES,P1,996,23,49,ALL_MORPH_BOUNDARY_GUARD,1,saved_H3_exact_target_token,,NO_REJECTION,True,4,4,3,XSV→EC
FLORES,P1,996,33,66,NP_BOUNDARY_GUARD,3,projected_saved_draft_candidate_at_or_after_rejection,2.0,BEFORE_GUARD,False,4,2,1,NNB→JKG
FLORES,P1,996,33,66,ALL_MORPH_BOUNDARY_GUARD,2,projected_saved_draft_candidate_at_or_after_rejection,2.0,AT_GUARD,True,4,3,2,XSV→ETM
FLORES,P1,996,34,68,ALL_MORPH_BOUNDARY_GUARD,2,saved_H3_exact_target_token,,NO_REJECTION,True,4,3,2,VA→EF
FLORES,P1,998,7,13,ALL_MORPH_BOUNDARY_GUARD,2,saved_H3_exact_target_token,,NO_REJECTION,True,4,3,2,VCP→EC
FLORES,P1,998,8,17,ALL_MORPH_BOUNDARY_GUARD,2,projected_saved_draft_candidate_at_or_after_rejection,1.0,BEFORE_GUARD,False,4,3,2,XSN→JKS
FLORES,P1,999,0,0,ALL_MORPH_BOUNDARY_GUARD,1,projected_saved_draft_candidate_at_or_after_rejection,2.0,AFTER_GUARD,True,4,4,3,VA→ETM
FLORES,P1,1000,0,0,ALL_MORPH_BOUNDARY_GUARD,3,projected_saved_draft_candidate_at_or_after_rejection,1.0,BEFORE_GUARD,False,4,2,1,XSN→JKB
FLORES,P1,1000,10,18,ALL_MORPH_BOUNDARY_GUARD,3,saved_H3_exact_target_token,,NO_REJECTION,True,4,2,1,VV→EF
FLORES,P1,1001,12,31,ALL_MORPH_BOUNDARY_GUARD,2,projected_saved_draft_candidate_at_or_after_rejection,2.0,AT_GUARD,True,4,3,2,VCN→EC
FLORES,P1,1001,20,48,ALL_MORPH_BOUNDARY_GUARD,2,projected_saved_draft_candidate_at_or_after_rejection,1.0,BEFORE_GUARD,False,4,3,2,VA→EF
FLORES,P1,1001,21,49,ALL_MORPH_BOUNDARY_GUARD,1,projected_saved_draft_candidate_at_or_after_rejection,2.0,AFTER_GUARD,True,4,4,3,XSN→JKS
FLORES,P1,1002,7,18,ALL_MORPH_BOUNDARY_GUARD,3,projected_saved_draft_candidate_at_or_after_rejection,3.0,AT_GUARD,True,4,2,1,XSV→ETN
FLORES,P1,1002,22,63,ALL_MORPH_BOUNDARY_GUARD,2,saved_H3_exact_target_token,,NO_REJECTION,True,4,3,2,XSV→ETM
FLORES,P1,1002,29,91,ALL_MORPH_BOUNDARY_GUARD,2,saved_H3_exact_target_token,,NO_REJECTION,True,4,3,2,XSV→ETM
FLORES,P1,1002,36,119,ALL_MORPH_BOUNDARY_GUARD,2,saved_H3_exact_target_token,,NO_REJECTION,True,4,3,2,XSV→ETM
FLORES,P1,1003,5,10,ALL_MORPH_BOUNDARY_GUARD,3,projected_saved_draft_candidate_at_or_after_rejection,1.0,BEFORE_GUARD,False,4,2,1,VV→ETM
FLORES,P1,1004,5,9,ALL_MORPH_BOUNDARY_GUARD,3,projected_saved_draft_candidate_at_or_after_rejection,3.0,AT_GUARD,True,4,2,1,XSN→JKS
FLORES,P1,1004,8,19,NP_BOUNDARY_GUARD,1,projected_saved_draft_candidate_at_or_after_rejection,3.0,AFTER_GUARD,True,4,4,3,NNB→JKB
FLORES,P1,1004,8,19,ALL_MORPH_BOUNDARY_GUARD,1,projected_saved_draft_candidate_at_or_after_rejection,3.0,AFTER_GUARD,True,4,4,3,NNB→JKB
FLORES,P1,1004,21,43,ALL_MORPH_BOUNDARY_GUARD,2,projected_saved_draft_candidate_at_or_after_rejection,2.0,AT_GUARD,True,4,3,2,EP→EF
FLORES,P1,1005,6,12,ALL_MORPH_BOUNDARY_GUARD,1,projected_saved_draft_candidate_at_or_after_rejection,1.0,AT_GUARD,True,4,4,3,VA→ETM
FLORES,P1,1005,12,24,ALL_MORPH_BOUNDARY_GUARD,3,projected_saved_draft_candidate_at_or_after_rejection,1.0,BEFORE_GUARD,False,4,2,1,JKB→JX
FLORES,P1,1005,13,25,ALL_MORPH_BOUNDARY_GUARD,1,projected_saved_draft_candidate_at_or_after_rejection,2.0,AFTER_GUARD,True,4,4,3,JKB→JX
FLORES,P1,1005,22,44,ALL_MORPH_BOUNDARY_GUARD,2,saved_H3_exact_target_token,,NO_REJECTION,True,4,3,2,XSV→EC
FLORES,P1,1006,20,41,NP_BOUNDARY_GUARD,3,projected_saved_draft_candidate_at_or_after_rejection,1.0,BEFORE_GUARD,False,4,2,1,NNB→JKO
FLORES,P1,1006,20,41,ALL_MORPH_BOUNDARY_GUARD,3,projected_saved_draft_candidate_at_or_after_rejection,1.0,BEFORE_GUARD,False,4,2,1,NNB→JKO
FLORES,P1,1007,4,10,ALL_MORPH_BOUNDARY_GUARD,1,projected_saved_draft_candidate_at_or_after_rejection,4.0,AFTER_GUARD,True,4,4,3,VA→ETM
FLORES,P1,1008,1,1,ALL_MORPH_BOUNDARY_GUARD,1,projected_saved_draft_candidate_at_or_after_rejection,1.0,AT_GUARD,True,4,4,3,XSN→JX
FLORES,P1,1009,9,17,ALL_MORPH_BOUNDARY_GUARD,3,projected_saved_draft_candidate_at_or_after_rejection,4.0,AFTER_GUARD,True,4,2,1,VCP→EC
FLORES,P1,1009,12,25,ALL_MORPH_BOUNDARY_GUARD,3,projected_saved_draft_candidate_at_or_after_rejection,1.0,BEFORE_GUARD,False,4,2,1,XSN→JX
FLORES,P1,1009,15,29,ALL_MORPH_BOUNDARY_GUARD,1,projected_saved_draft_candidate_at_or_after_rejection,1.0,AT_GUARD,True,4,4,3,XSN→JKG
FLORES,P1,1009,17,31,ALL_MORPH_BOUNDARY_GUARD,3,projected_saved_draft_candidate_at_or_after_rejection,2.0,BEFORE_GUARD,False,4,2,1,XSV→ETM
FLORES,P1,1009,19,34,ALL_MORPH_BOUNDARY_GUARD,2,projected_saved_draft_candidate_at_or_after_rejection,3.0,AFTER_GUARD,True,4,3,2,VA→ETM
FLORES,P1,1010,7,21,ALL_MORPH_BOUNDARY_GUARD,2,projected_saved_draft_candidate_at_or_after_rejection,3.0,AFTER_GUARD,True,4,3,2,XSN→JX
FLORES,P1,1011,7,11,ALL_MORPH_BOUNDARY_GUARD,2,saved_H3_exact_target_token,,NO_REJECTION,True,4,3,2,XSA→EC
FLORES,P1,1011,12,21,NP_BOUNDARY_GUARD,3,projected_saved_draft_candidate_at_or_after_rejection,3.0,AT_GUARD,True,4,2,1,NNB→JKS
FLORES,P1,1011,12,21,ALL_MORPH_BOUNDARY_GUARD,2,projected_saved_draft_candidate_at_or_after_rejection,3.0,AFTER_GUARD,True,4,3,2,XSV→ETM
FLORES,P1,1011,16,31,ALL_MORPH_BOUNDARY_GUARD,3,projected_saved_draft_candidate_at_or_after_rejection,4.0,AFTER_GUARD,True,4,2,1,XSV→ETM
FLORES,P1,1011,18,37,ALL_MORPH_BOUNDARY_GUARD,3,saved_H3_exact_target_token,,NO_REJECTION,True,4,2,1,XSA→EF
FLORES,P1,1012,3,7,ALL_MORPH_BOUNDARY_GUARD,3,projected_saved_draft_candidate_at_or_after_rejection,3.0,AT_GUARD,True,4,2,1,VV→ETM
FLORES,P1,1012,6,18,ALL_MORPH_BOUNDARY_GUARD,2,saved_H3_exact_target_token,,NO_REJECTION,True,4,3,2,VV-R→EC
FLORES,P1,1012,9,30,ALL_MORPH_BOUNDARY_GUARD,3,projected_saved_draft_candidate_at_or_after_rejection,1.0,BEFORE_GUARD,False,4,2,1,VX→EC
