workload,pair,prompt_id,round_index,base_generation_position,policy,guard_slot,guard_source,baseline_reject_slot,baseline_rejection_relation,reachable_before_or_at_first_rejection,proposals_in_block,verifier_positions_from_cut_including_candidate,verifier_positions_after_candidate,crossed_fine_pos_sequence
FLORES,P3,1,1,2,NP_BOUNDARY_GUARD,2,projected_saved_draft_candidate_at_or_after_rejection,2.0,AT_GUARD,True,4,3,2,NP→JX
FLORES,P3,1,1,2,ALL_MORPH_BOUNDARY_GUARD,2,projected_saved_draft_candidate_at_or_after_rejection,2.0,AT_GUARD,True,4,3,2,NP→JX
FLORES,P3,1,9,23,ALL_MORPH_BOUNDARY_GUARD,3,projected_saved_draft_candidate_at_or_after_rejection,1.0,BEFORE_GUARD,False,4,2,1,VV→EF
FLORES,P3,1,10,24,ALL_MORPH_BOUNDARY_GUARD,3,saved_H3_exact_target_token,,NO_REJECTION,True,4,2,1,XSN→JKS
FLORES,P3,3,11,26,ALL_MORPH_BOUNDARY_GUARD,2,projected_saved_draft_candidate_at_or_after_rejection,2.0,AT_GUARD,True,4,3,2,XSV→EC
FLORES,P3,3,13,30,ALL_MORPH_BOUNDARY_GUARD,1,saved_H3_exact_target_token,,NO_REJECTION,True,4,4,3,VX→EC
FLORES,P3,3,21,49,ALL_MORPH_BOUNDARY_GUARD,3,projected_saved_draft_candidate_at_or_after_rejection,2.0,BEFORE_GUARD,False,4,2,1,XSN→JKG
FLORES,P3,3,22,51,ALL_MORPH_BOUNDARY_GUARD,3,projected_saved_draft_candidate_at_or_after_rejection,2.0,BEFORE_GUARD,False,4,2,1,XSV→EC
FLORES,P3,3,23,53,ALL_MORPH_BOUNDARY_GUARD,2,projected_saved_draft_candidate_at_or_after_rejection,1.0,BEFORE_GUARD,False,4,3,2,XSV→EC
FLORES,P3,4,16,36,ALL_MORPH_BOUNDARY_GUARD,2,projected_saved_draft_candidate_at_or_after_rejection,2.0,AT_GUARD,True,4,3,2,SSO→SL
FLORES,P3,4,19,45,ALL_MORPH_BOUNDARY_GUARD,3,projected_saved_draft_candidate_at_or_after_rejection,4.0,AFTER_GUARD,True,4,2,1,SSO→SL
FLORES,P3,4,21,53,ALL_MORPH_BOUNDARY_GUARD,3,projected_saved_draft_candidate_at_or_after_rejection,1.0,BEFORE_GUARD,False,4,2,1,XSN→JKB
FLORES,P3,4,24,62,ALL_MORPH_BOUNDARY_GUARD,2,saved_H3_exact_target_token,,NO_REJECTION,True,4,3,2,XSN→JKB
FLORES,P3,4,32,88,NP_BOUNDARY_GUARD,1,projected_saved_draft_candidate_at_or_after_rejection,1.0,AT_GUARD,True,4,4,3,NNG→JKO
FLORES,P3,4,32,88,ALL_MORPH_BOUNDARY_GUARD,1,projected_saved_draft_candidate_at_or_after_rejection,1.0,AT_GUARD,True,4,4,3,NNG→JKO
FLORES,P3,4,36,97,ALL_MORPH_BOUNDARY_GUARD,3,projected_saved_draft_candidate_at_or_after_rejection,3.0,AT_GUARD,True,4,2,1,ETN→JKO
FLORES,P3,5,7,18,ALL_MORPH_BOUNDARY_GUARD,1,projected_saved_draft_candidate_at_or_after_rejection,1.0,AT_GUARD,True,4,4,3,VX→EF
FLORES,P3,5,12,31,ALL_MORPH_BOUNDARY_GUARD,2,projected_saved_draft_candidate_at_or_after_rejection,2.0,AT_GUARD,True,4,3,2,XSV→EC
FLORES,P3,5,27,65,ALL_MORPH_BOUNDARY_GUARD,1,saved_H3_exact_target_token,,NO_REJECTION,True,2,2,1,SF→SSC
FLORES,P3,8,16,39,ALL_MORPH_BOUNDARY_GUARD,1,projected_saved_draft_candidate_at_or_after_rejection,1.0,AT_GUARD,True,4,4,3,XSN→JKG
FLORES,P3,11,10,24,ALL_MORPH_BOUNDARY_GUARD,2,projected_saved_draft_candidate_at_or_after_rejection,2.0,AT_GUARD,True,4,3,2,VA→EC
FLORES,P3,11,11,26,NP_BOUNDARY_GUARD,3,projected_saved_draft_candidate_at_or_after_rejection,1.0,BEFORE_GUARD,False,4,2,1,NNG→JKO
FLORES,P3,11,11,26,ALL_MORPH_BOUNDARY_GUARD,3,projected_saved_draft_candidate_at_or_after_rejection,1.0,BEFORE_GUARD,False,4,2,1,NNG→JKO
FLORES,P3,11,21,49,ALL_MORPH_BOUNDARY_GUARD,2,saved_H3_exact_target_token,,NO_REJECTION,True,4,3,2,XSV→EC
FLORES,P3,12,16,38,ALL_MORPH_BOUNDARY_GUARD,2,projected_saved_draft_candidate_at_or_after_rejection,3.0,AFTER_GUARD,True,4,3,2,XSV→ETM
FLORES,P3,12,25,52,ALL_MORPH_BOUNDARY_GUARD,1,projected_saved_draft_candidate_at_or_after_rejection,1.0,AT_GUARD,True,3,3,2,EP→EF
FLORES,P3,13,4,12,ALL_MORPH_BOUNDARY_GUARD,3,projected_saved_draft_candidate_at_or_after_rejection,1.0,BEFORE_GUARD,False,4,2,1,XSV→EP
FLORES,P3,13,15,39,ALL_MORPH_BOUNDARY_GUARD,2,saved_H3_exact_target_token,,NO_REJECTION,True,4,3,2,XSV→ETN
FLORES,P3,14,20,48,ALL_MORPH_BOUNDARY_GUARD,2,saved_H3_exact_target_token,,NO_REJECTION,True,4,3,2,XSN→JKO
FLORES,P3,15,0,0,NP_BOUNDARY_GUARD,1,projected_saved_draft_candidate_at_or_after_rejection,2.0,AFTER_GUARD,True,4,4,3,NP→JX
FLORES,P3,15,0,0,ALL_MORPH_BOUNDARY_GUARD,1,projected_saved_draft_candidate_at_or_after_rejection,2.0,AFTER_GUARD,True,4,4,3,NP→JX
FLORES,P3,15,5,15,ALL_MORPH_BOUNDARY_GUARD,3,projected_saved_draft_candidate_at_or_after_rejection,3.0,AT_GUARD,True,4,2,1,XSV→EC
FLORES,P3,15,6,18,NP_BOUNDARY_GUARD,2,projected_saved_draft_candidate_at_or_after_rejection,2.0,AT_GUARD,True,4,3,2,NP→JKG
FLORES,P3,15,6,18,ALL_MORPH_BOUNDARY_GUARD,2,projected_saved_draft_candidate_at_or_after_rejection,2.0,AT_GUARD,True,4,3,2,NP→JKG
FLORES,P3,15,10,26,ALL_MORPH_BOUNDARY_GUARD,3,saved_H3_exact_target_token,,NO_REJECTION,True,4,2,1,XSN→JKG
FLORES,P3,15,16,47,ALL_MORPH_BOUNDARY_GUARD,1,projected_saved_draft_candidate_at_or_after_rejection,2.0,AFTER_GUARD,True,4,4,3,XSV→ETM
FLORES,P3,15,19,52,ALL_MORPH_BOUNDARY_GUARD,3,projected_saved_draft_candidate_at_or_after_rejection,3.0,AT_GUARD,True,4,2,1,VA→EC
FLORES,P3,15,24,60,ALL_MORPH_BOUNDARY_GUARD,3,projected_saved_draft_candidate_at_or_after_rejection,1.0,BEFORE_GUARD,False,4,2,1,XSV→ETM
FLORES,P3,15,25,61,ALL_MORPH_BOUNDARY_GUARD,2,projected_saved_draft_candidate_at_or_after_rejection,1.0,BEFORE_GUARD,False,4,3,2,VX→ETM
FLORES,P3,15,26,62,ALL_MORPH_BOUNDARY_GUARD,2,projected_saved_draft_candidate_at_or_after_rejection,2.0,AT_GUARD,True,4,3,2,VCN→EC
FLORES,P3,15,31,71,ALL_MORPH_BOUNDARY_GUARD,1,projected_saved_draft_candidate_at_or_after_rejection,1.0,AT_GUARD,True,3,3,2,VA→EF
FLORES,P3,16,16,24,ALL_MORPH_BOUNDARY_GUARD,1,saved_H3_exact_target_token,,NO_REJECTION,True,4,4,3,XSV→EC
FLORES,P3,16,21,40,ALL_MORPH_BOUNDARY_GUARD,3,projected_saved_draft_candidate_at_or_after_rejection,1.0,BEFORE_GUARD,False,4,2,1,XSV→EC
FLORES,P3,17,15,42,ALL_MORPH_BOUNDARY_GUARD,3,projected_saved_draft_candidate_at_or_after_rejection,1.0,BEFORE_GUARD,False,4,2,1,XSA→EC
FLORES,P3,17,16,43,ALL_MORPH_BOUNDARY_GUARD,3,projected_saved_draft_candidate_at_or_after_rejection,1.0,BEFORE_GUARD,False,4,2,1,XSA→EC
FLORES,P3,17,20,52,ALL_MORPH_BOUNDARY_GUARD,1,projected_saved_draft_candidate_at_or_after_rejection,1.0,AT_GUARD,True,4,4,3,XSA→EC
FLORES,P3,17,27,70,ALL_MORPH_BOUNDARY_GUARD,2,projected_saved_draft_candidate_at_or_after_rejection,1.0,BEFORE_GUARD,False,4,3,2,EP→EF
FLORES,P3,20,8,16,ALL_MORPH_BOUNDARY_GUARD,3,projected_saved_draft_candidate_at_or_after_rejection,4.0,AFTER_GUARD,True,4,2,1,XSN→JKB
FLORES,P3,20,46,115,ALL_MORPH_BOUNDARY_GUARD,3,projected_saved_draft_candidate_at_or_after_rejection,1.0,BEFORE_GUARD,False,4,2,1,XSV→EC
FLORES,P3,20,47,116,ALL_MORPH_BOUNDARY_GUARD,2,projected_saved_draft_candidate_at_or_after_rejection,2.0,AT_GUARD,True,4,3,2,EP→EF
FLORES,P3,23,1,2,ALL_MORPH_BOUNDARY_GUARD,2,projected_saved_draft_candidate_at_or_after_rejection,2.0,AT_GUARD,True,4,3,2,XSN→JX
FLORES,P3,24,4,10,ALL_MORPH_BOUNDARY_GUARD,1,projected_saved_draft_candidate_at_or_after_rejection,2.0,AFTER_GUARD,True,4,4,3,SSC→SSC
FLORES,P3,24,23,61,ALL_MORPH_BOUNDARY_GUARD,2,projected_saved_draft_candidate_at_or_after_rejection,1.0,BEFORE_GUARD,False,4,3,2,VA→ETM
FLORES,P3,24,24,62,ALL_MORPH_BOUNDARY_GUARD,1,projected_saved_draft_candidate_at_or_after_rejection,1.0,AT_GUARD,True,4,4,3,VA→ETM
FLORES,P3,25,21,48,ALL_MORPH_BOUNDARY_GUARD,1,projected_saved_draft_candidate_at_or_after_rejection,2.0,AFTER_GUARD,True,4,4,3,VCP→EC
FLORES,P3,27,11,23,ALL_MORPH_BOUNDARY_GUARD,1,projected_saved_draft_candidate_at_or_after_rejection,2.0,AFTER_GUARD,True,4,4,3,XSV→ETM
FLORES,P3,27,13,29,ALL_MORPH_BOUNDARY_GUARD,1,projected_saved_draft_candidate_at_or_after_rejection,2.0,AFTER_GUARD,True,4,4,3,VCP→EC
FLORES,P3,27,21,48,ALL_MORPH_BOUNDARY_GUARD,2,projected_saved_draft_candidate_at_or_after_rejection,2.0,AT_GUARD,True,4,3,2,XSN→JX
FLORES,P3,27,23,52,ALL_MORPH_BOUNDARY_GUARD,2,projected_saved_draft_candidate_at_or_after_rejection,1.0,BEFORE_GUARD,False,4,3,2,XSV→EC
FLORES,P3,27,24,53,ALL_MORPH_BOUNDARY_GUARD,2,projected_saved_draft_candidate_at_or_after_rejection,1.0,BEFORE_GUARD,False,4,3,2,XSV→EC
FLORES,P3,27,25,54,ALL_MORPH_BOUNDARY_GUARD,1,saved_H3_exact_target_token,,NO_REJECTION,True,4,4,3,XSV→EC
FLORES,P3,28,2,4,ALL_MORPH_BOUNDARY_GUARD,3,projected_saved_draft_candidate_at_or_after_rejection,1.0,BEFORE_GUARD,False,4,2,1,XSN→JKB
FLORES,P3,28,14,29,ALL_MORPH_BOUNDARY_GUARD,3,projected_saved_draft_candidate_at_or_after_rejection,1.0,BEFORE_GUARD,False,4,2,1,VX→ETM
FLORES,P3,28,15,30,ALL_MORPH_BOUNDARY_GUARD,1,projected_saved_draft_candidate_at_or_after_rejection,1.0,AT_GUARD,True,4,4,3,XSV→EC
FLORES,P3,28,16,31,NP_BOUNDARY_GUARD,1,projected_saved_draft_candidate_at_or_after_rejection,1.0,AT_GUARD,True,4,4,3,NNG→JKB
FLORES,P3,28,16,31,ALL_MORPH_BOUNDARY_GUARD,1,projected_saved_draft_candidate_at_or_after_rejection,1.0,AT_GUARD,True,4,4,3,NNG→JKB
FLORES,P3,28,17,32,ALL_MORPH_BOUNDARY_GUARD,1,saved_H3_exact_target_token,,NO_REJECTION,True,4,4,3,JX→JX
FLORES,P3,28,18,36,ALL_MORPH_BOUNDARY_GUARD,1,projected_saved_draft_candidate_at_or_after_rejection,2.0,AFTER_GUARD,True,4,4,3,XSN→JKB
FLORES,P3,28,29,59,ALL_MORPH_BOUNDARY_GUARD,2,saved_H3_exact_target_token,,NO_REJECTION,True,4,3,2,VV→EC
FLORES,P3,31,3,9,ALL_MORPH_BOUNDARY_GUARD,1,saved_H3_exact_target_token,,NO_REJECTION,True,4,4,3,SO→SL
FLORES,P3,31,13,49,ALL_MORPH_BOUNDARY_GUARD,2,projected_saved_draft_candidate_at_or_after_rejection,3.0,AFTER_GUARD,True,4,3,2,SL→SL
FLORES,P3,31,19,64,ALL_MORPH_BOUNDARY_GUARD,3,projected_saved_draft_candidate_at_or_after_rejection,3.0,AT_GUARD,True,4,2,1,XSV→EC
FLORES,P3,32,10,25,ALL_MORPH_BOUNDARY_GUARD,1,projected_saved_draft_candidate_at_or_after_rejection,2.0,AFTER_GUARD,True,4,4,3,VCN→EC
FLORES,P3,32,13,35,ALL_MORPH_BOUNDARY_GUARD,3,projected_saved_draft_candidate_at_or_after_rejection,4.0,AFTER_GUARD,True,4,2,1,XSV→EP
FLORES,P3,32,14,39,NP_BOUNDARY_GUARD,1,projected_saved_draft_candidate_at_or_after_rejection,4.0,AFTER_GUARD,True,4,4,3,NNB→JKB
FLORES,P3,32,14,39,ALL_MORPH_BOUNDARY_GUARD,1,projected_saved_draft_candidate_at_or_after_rejection,4.0,AFTER_GUARD,True,4,4,3,NNB→JKB
FLORES,P3,32,20,55,NP_BOUNDARY_GUARD,2,projected_saved_draft_candidate_at_or_after_rejection,1.0,BEFORE_GUARD,False,4,3,2,NNG→JKG
FLORES,P3,32,20,55,ALL_MORPH_BOUNDARY_GUARD,2,projected_saved_draft_candidate_at_or_after_rejection,1.0,BEFORE_GUARD,False,4,3,2,NNG→JKG
FLORES,P3,32,27,72,ALL_MORPH_BOUNDARY_GUARD,3,projected_saved_draft_candidate_at_or_after_rejection,3.0,AT_GUARD,True,4,2,1,VX→ETM
FLORES,P3,32,35,86,NP_BOUNDARY_GUARD,1,projected_saved_draft_candidate_at_or_after_rejection,1.0,AT_GUARD,True,4,4,3,NNB→JKB
FLORES,P3,32,35,86,ALL_MORPH_BOUNDARY_GUARD,1,projected_saved_draft_candidate_at_or_after_rejection,1.0,AT_GUARD,True,4,4,3,NNB→JKB
FLORES,P3,32,40,92,ALL_MORPH_BOUNDARY_GUARD,1,saved_H3_exact_target_token,,NO_REJECTION,True,4,4,3,SS→SL
FLORES,P3,33,0,0,ALL_MORPH_BOUNDARY_GUARD,3,projected_saved_draft_candidate_at_or_after_rejection,2.0,BEFORE_GUARD,False,4,2,1,XSN→JX
FLORES,P3,33,1,2,ALL_MORPH_BOUNDARY_GUARD,1,projected_saved_draft_candidate_at_or_after_rejection,1.0,AT_GUARD,True,4,4,3,XSN→JX
FLORES,P3,33,25,46,ALL_MORPH_BOUNDARY_GUARD,3,projected_saved_draft_candidate_at_or_after_rejection,1.0,BEFORE_GUARD,False,4,2,1,VX→ETM
FLORES,P3,34,33,63,ALL_MORPH_BOUNDARY_GUARD,2,saved_H3_exact_target_token,,NO_REJECTION,True,4,3,2,EP→EF
FLORES,P3,35,1,1,ALL_MORPH_BOUNDARY_GUARD,2,saved_H3_exact_target_token,,NO_REJECTION,True,4,3,2,SS→SL
FLORES,P3,35,4,10,ALL_MORPH_BOUNDARY_GUARD,2,saved_H3_exact_target_token,,NO_REJECTION,True,4,3,2,SL→SL
FLORES,P3,36,5,9,ALL_MORPH_BOUNDARY_GUARD,3,projected_saved_draft_candidate_at_or_after_rejection,1.0,BEFORE_GUARD,False,4,2,1,VA→ETM
FLORES,P3,38,11,24,ALL_MORPH_BOUNDARY_GUARD,2,projected_saved_draft_candidate_at_or_after_rejection,2.0,AT_GUARD,True,4,3,2,VA→EF
FLORES,P3,38,17,41,ALL_MORPH_BOUNDARY_GUARD,1,saved_H3_exact_target_token,,NO_REJECTION,True,3,3,2,VV→EF
FLORES,P3,39,0,0,ALL_MORPH_BOUNDARY_GUARD,1,projected_saved_draft_candidate_at_or_after_rejection,1.0,AT_GUARD,True,4,4,3,VA→ETM
FLORES,P3,39,11,22,ALL_MORPH_BOUNDARY_GUARD,1,projected_saved_draft_candidate_at_or_after_rejection,2.0,AFTER_GUARD,True,4,4,3,XSN→JKS
FLORES,P3,40,7,14,ALL_MORPH_BOUNDARY_GUARD,2,saved_H3_exact_target_token,,NO_REJECTION,True,4,3,2,EP→EF
FLORES,P3,43,12,33,ALL_MORPH_BOUNDARY_GUARD,2,projected_saved_draft_candidate_at_or_after_rejection,3.0,AFTER_GUARD,True,4,3,2,XSN→JKO
FLORES,P3,43,13,36,ALL_MORPH_BOUNDARY_GUARD,1,saved_H3_exact_target_token,,NO_REJECTION,True,4,4,3,XSA→EC
FLORES,P3,44,17,43,ALL_MORPH_BOUNDARY_GUARD,2,projected_saved_draft_candidate_at_or_after_rejection,3.0,AFTER_GUARD,True,4,3,2,SP→SL
FLORES,P3,44,18,46,ALL_MORPH_BOUNDARY_GUARD,3,projected_saved_draft_candidate_at_or_after_rejection,3.0,AT_GUARD,True,4,2,1,VV→ETM
FLORES,P3,45,2,5,ALL_MORPH_BOUNDARY_GUARD,2,projected_saved_draft_candidate_at_or_after_rejection,2.0,AT_GUARD,True,4,3,2,XSV→EC
FLORES,P3,45,15,33,NP_BOUNDARY_GUARD,1,projected_saved_draft_candidate_at_or_after_rejection,3.0,AFTER_GUARD,True,4,4,3,NNG→JKO
FLORES,P3,45,15,33,ALL_MORPH_BOUNDARY_GUARD,1,projected_saved_draft_candidate_at_or_after_rejection,3.0,AFTER_GUARD,True,4,4,3,NNG→JKO
FLORES,P3,45,16,36,ALL_MORPH_BOUNDARY_GUARD,2,projected_saved_draft_candidate_at_or_after_rejection,3.0,AFTER_GUARD,True,4,3,2,VX→EP
FLORES,P3,46,4,13,ALL_MORPH_BOUNDARY_GUARD,3,saved_H3_exact_target_token,,NO_REJECTION,True,4,2,1,SL→SL
FLORES,P3,46,8,29,ALL_MORPH_BOUNDARY_GUARD,2,projected_saved_draft_candidate_at_or_after_rejection,3.0,AFTER_GUARD,True,4,3,2,SL→SL
FLORES,P3,46,28,65,NP_BOUNDARY_GUARD,2,projected_saved_draft_candidate_at_or_after_rejection,3.0,AFTER_GUARD,True,4,3,2,NNB→JKB
FLORES,P3,46,28,65,ALL_MORPH_BOUNDARY_GUARD,2,projected_saved_draft_candidate_at_or_after_rejection,3.0,AFTER_GUARD,True,4,3,2,NNB→JKB
FLORES,P3,46,30,69,ALL_MORPH_BOUNDARY_GUARD,2,projected_saved_draft_candidate_at_or_after_rejection,3.0,AFTER_GUARD,True,4,3,2,XSV→ETM
FLORES,P3,46,31,72,ALL_MORPH_BOUNDARY_GUARD,2,projected_saved_draft_candidate_at_or_after_rejection,2.0,AT_GUARD,True,4,3,2,VV-I→EC
FLORES,P3,46,33,78,ALL_MORPH_BOUNDARY_GUARD,1,saved_H3_exact_target_token,,NO_REJECTION,True,4,4,3,SF→SSC
FLORES,P3,47,0,0,NP_BOUNDARY_GUARD,3,saved_H3_exact_target_token,,NO_REJECTION,True,4,2,1,NP→JX
FLORES,P3,47,0,0,ALL_MORPH_BOUNDARY_GUARD,3,saved_H3_exact_target_token,,NO_REJECTION,True,4,2,1,NP→JX
FLORES,P3,47,17,46,ALL_MORPH_BOUNDARY_GUARD,1,projected_saved_draft_candidate_at_or_after_rejection,1.0,AT_GUARD,True,2,2,1,SF→SSC
FLORES,P3,48,6,10,ALL_MORPH_BOUNDARY_GUARD,1,projected_saved_draft_candidate_at_or_after_rejection,2.0,AFTER_GUARD,True,4,4,3,VX→EP
FLORES,P3,48,11,24,ALL_MORPH_BOUNDARY_GUARD,1,projected_saved_draft_candidate_at_or_after_rejection,3.0,AFTER_GUARD,True,4,4,3,VCP→EC
FLORES,P3,49,6,14,ALL_MORPH_BOUNDARY_GUARD,3,projected_saved_draft_candidate_at_or_after_rejection,1.0,BEFORE_GUARD,False,4,2,1,XSN→JKS
FLORES,P3,49,8,16,ALL_MORPH_BOUNDARY_GUARD,3,projected_saved_draft_candidate_at_or_after_rejection,2.0,BEFORE_GUARD,False,4,2,1,XSN→JKS
FLORES,P3,49,9,18,ALL_MORPH_BOUNDARY_GUARD,2,projected_saved_draft_candidate_at_or_after_rejection,1.0,BEFORE_GUARD,False,4,3,2,XSN→JKS
FLORES,P3,49,10,19,ALL_MORPH_BOUNDARY_GUARD,2,projected_saved_draft_candidate_at_or_after_rejection,2.0,AT_GUARD,True,4,3,2,XSN→JKS
FLORES,P3,49,12,25,ALL_MORPH_BOUNDARY_GUARD,2,projected_saved_draft_candidate_at_or_after_rejection,2.0,AT_GUARD,True,4,3,2,XSV→EC
FLORES,P3,52,4,10,ALL_MORPH_BOUNDARY_GUARD,1,projected_saved_draft_candidate_at_or_after_rejection,3.0,AFTER_GUARD,True,4,4,3,EP→EF
FLORES,P3,52,15,49,NP_BOUNDARY_GUARD,3,projected_saved_draft_candidate_at_or_after_rejection,2.0,BEFORE_GUARD,False,4,2,1,NNG→JKO
FLORES,P3,52,15,49,ALL_MORPH_BOUNDARY_GUARD,3,projected_saved_draft_candidate_at_or_after_rejection,2.0,BEFORE_GUARD,False,4,2,1,NNG→JKO
FLORES,P3,52,24,66,ALL_MORPH_BOUNDARY_GUARD,1,projected_saved_draft_candidate_at_or_after_rejection,1.0,AT_GUARD,True,4,4,3,VV→ETM
FLORES,P3,52,25,67,ALL_MORPH_BOUNDARY_GUARD,2,projected_saved_draft_candidate_at_or_after_rejection,3.0,AFTER_GUARD,True,4,3,2,VA→ETM
FLORES,P3,52,30,81,ALL_MORPH_BOUNDARY_GUARD,2,projected_saved_draft_candidate_at_or_after_rejection,3.0,AFTER_GUARD,True,4,3,2,XSV→ETM
FLORES,P3,52,39,99,ALL_MORPH_BOUNDARY_GUARD,2,projected_saved_draft_candidate_at_or_after_rejection,3.0,AFTER_GUARD,True,4,3,2,VA→EC
FLORES,P3,52,40,102,NP_BOUNDARY_GUARD,1,projected_saved_draft_candidate_at_or_after_rejection,2.0,AFTER_GUARD,True,4,4,3,NNB→JKO
FLORES,P3,52,40,102,ALL_MORPH_BOUNDARY_GUARD,1,projected_saved_draft_candidate_at_or_after_rejection,2.0,AFTER_GUARD,True,4,4,3,NNB→JKO
FLORES,P3,53,10,27,ALL_MORPH_BOUNDARY_GUARD,2,projected_saved_draft_candidate_at_or_after_rejection,3.0,AFTER_GUARD,True,4,3,2,XSV→ETM
FLORES,P3,54,14,37,NP_BOUNDARY_GUARD,3,projected_saved_draft_candidate_at_or_after_rejection,2.0,BEFORE_GUARD,False,4,2,1,NNB→JKO
FLORES,P3,54,14,37,ALL_MORPH_BOUNDARY_GUARD,3,projected_saved_draft_candidate_at_or_after_rejection,2.0,BEFORE_GUARD,False,4,2,1,NNB→JKO
FLORES,P3,54,19,49,ALL_MORPH_BOUNDARY_GUARD,1,saved_H3_exact_target_token,,NO_REJECTION,True,3,3,2,VX→EF
FLORES,P3,55,18,38,ALL_MORPH_BOUNDARY_GUARD,2,saved_H3_exact_target_token,,NO_REJECTION,True,4,3,2,XSN→JKB
FLORES,P3,55,21,49,ALL_MORPH_BOUNDARY_GUARD,2,saved_H3_exact_target_token,,NO_REJECTION,True,4,3,2,XSV→ETN
FLORES,P3,55,24,58,ALL_MORPH_BOUNDARY_GUARD,3,projected_saved_draft_candidate_at_or_after_rejection,2.0,BEFORE_GUARD,False,4,2,1,XSA→ETM
FLORES,P3,57,4,9,ALL_MORPH_BOUNDARY_GUARD,3,projected_saved_draft_candidate_at_or_after_rejection,1.0,BEFORE_GUARD,False,4,2,1,XSV→EC
FLORES,P3,57,6,14,NP_BOUNDARY_GUARD,1,projected_saved_draft_candidate_at_or_after_rejection,2.0,AFTER_GUARD,True,4,4,3,NNG→JKO
FLORES,P3,57,6,14,ALL_MORPH_BOUNDARY_GUARD,1,projected_saved_draft_candidate_at_or_after_rejection,2.0,AFTER_GUARD,True,4,4,3,NNG→JKO
FLORES,P3,57,24,52,ALL_MORPH_BOUNDARY_GUARD,1,projected_saved_draft_candidate_at_or_after_rejection,1.0,AT_GUARD,True,4,4,3,VA→ETM
FLORES,P3,57,29,62,NP_BOUNDARY_GUARD,2,projected_saved_draft_candidate_at_or_after_rejection,1.0,BEFORE_GUARD,False,4,3,2,NNG→JKO
FLORES,P3,57,29,62,ALL_MORPH_BOUNDARY_GUARD,2,projected_saved_draft_candidate_at_or_after_rejection,1.0,BEFORE_GUARD,False,4,3,2,NNG→JKO
FLORES,P3,58,8,28,ALL_MORPH_BOUNDARY_GUARD,1,saved_H3_exact_target_token,,NO_REJECTION,True,4,4,3,SS→SL
FLORES,P3,58,9,32,ALL_MORPH_BOUNDARY_GUARD,1,projected_saved_draft_candidate_at_or_after_rejection,1.0,AT_GUARD,True,2,2,1,SL→SSC
FLORES,P3,58,18,64,ALL_MORPH_BOUNDARY_GUARD,1,saved_H3_exact_target_token,,NO_REJECTION,True,4,4,3,SS→SL
FLORES,P3,58,19,68,ALL_MORPH_BOUNDARY_GUARD,1,saved_H3_exact_target_token,,NO_REJECTION,True,2,2,1,SL→SSC
FLORES,P3,59,10,18,ALL_MORPH_BOUNDARY_GUARD,3,projected_saved_draft_candidate_at_or_after_rejection,3.0,AT_GUARD,True,4,2,1,XSN→JKG
FLORES,P3,59,15,32,NP_BOUNDARY_GUARD,1,saved_H3_exact_target_token,,NO_REJECTION,True,4,4,3,NNG→JKO
FLORES,P3,59,15,32,ALL_MORPH_BOUNDARY_GUARD,1,saved_H3_exact_target_token,,NO_REJECTION,True,4,4,3,NNG→JKO
FLORES,P3,61,4,10,NP_BOUNDARY_GUARD,3,projected_saved_draft_candidate_at_or_after_rejection,4.0,AFTER_GUARD,True,4,2,1,NNG→JKS
FLORES,P3,61,4,10,ALL_MORPH_BOUNDARY_GUARD,3,projected_saved_draft_candidate_at_or_after_rejection,4.0,AFTER_GUARD,True,4,2,1,NNG→JKS
FLORES,P3,63,0,0,ALL_MORPH_BOUNDARY_GUARD,1,projected_saved_draft_candidate_at_or_after_rejection,1.0,AT_GUARD,True,4,4,3,VA→ETM
FLORES,P3,63,1,1,ALL_MORPH_BOUNDARY_GUARD,3,projected_saved_draft_candidate_at_or_after_rejection,1.0,BEFORE_GUARD,False,4,2,1,VA→ETM
FLORES,P3,63,5,10,ALL_MORPH_BOUNDARY_GUARD,1,projected_saved_draft_candidate_at_or_after_rejection,2.0,AFTER_GUARD,True,4,4,3,VCN→EC
FLORES,P3,63,6,12,ALL_MORPH_BOUNDARY_GUARD,2,projected_saved_draft_candidate_at_or_after_rejection,2.0,AT_GUARD,True,4,3,2,VA→ETM
FLORES,P3,63,8,15,ALL_MORPH_BOUNDARY_GUARD,2,saved_H3_exact_target_token,,NO_REJECTION,True,4,3,2,JKB→JX
FLORES,P3,63,11,24,ALL_MORPH_BOUNDARY_GUARD,2,projected_saved_draft_candidate_at_or_after_rejection,1.0,BEFORE_GUARD,False,4,3,2,VA→ETM
FLORES,P3,63,12,25,ALL_MORPH_BOUNDARY_GUARD,3,projected_saved_draft_candidate_at_or_after_rejection,2.0,BEFORE_GUARD,False,4,2,1,VA→ETM
FLORES,P3,63,13,27,ALL_MORPH_BOUNDARY_GUARD,3,projected_saved_draft_candidate_at_or_after_rejection,1.0,BEFORE_GUARD,False,4,2,1,VA→ETM
FLORES,P3,63,15,29,ALL_MORPH_BOUNDARY_GUARD,2,projected_saved_draft_candidate_at_or_after_rejection,2.0,AT_GUARD,True,4,3,2,VA→ETM
FLORES,P3,63,17,35,ALL_MORPH_BOUNDARY_GUARD,2,projected_saved_draft_candidate_at_or_after_rejection,1.0,BEFORE_GUARD,False,4,3,2,VV→EC
FLORES,P3,63,18,36,ALL_MORPH_BOUNDARY_GUARD,1,saved_H3_exact_target_token,,NO_REJECTION,True,4,4,3,VV→EC
FLORES,P3,64,0,0,ALL_MORPH_BOUNDARY_GUARD,3,projected_saved_draft_candidate_at_or_after_rejection,2.0,BEFORE_GUARD,False,4,2,1,XSN→JX
FLORES,P3,64,5,10,ALL_MORPH_BOUNDARY_GUARD,3,projected_saved_draft_candidate_at_or_after_rejection,1.0,BEFORE_GUARD,False,4,2,1,VA-I→EC
FLORES,P3,64,6,11,ALL_MORPH_BOUNDARY_GUARD,1,saved_H3_exact_target_token,,NO_REJECTION,True,4,4,3,XSV→ETN
FLORES,P3,64,11,23,ALL_MORPH_BOUNDARY_GUARD,3,projected_saved_draft_candidate_at_or_after_rejection,1.0,BEFORE_GUARD,False,4,2,1,XSV→EC
FLORES,P3,64,20,45,ALL_MORPH_BOUNDARY_GUARD,2,projected_saved_draft_candidate_at_or_after_rejection,2.0,AT_GUARD,True,4,3,2,XSN→JKB
FLORES,P3,65,1,1,NP_BOUNDARY_GUARD,1,projected_saved_draft_candidate_at_or_after_rejection,2.0,AFTER_GUARD,True,4,4,3,NNG→JKG
FLORES,P3,65,1,1,ALL_MORPH_BOUNDARY_GUARD,1,projected_saved_draft_candidate_at_or_after_rejection,2.0,AFTER_GUARD,True,4,4,3,NNG→JKG
FLORES,P3,65,14,26,ALL_MORPH_BOUNDARY_GUARD,1,projected_saved_draft_candidate_at_or_after_rejection,1.0,AT_GUARD,True,4,4,3,XSV→EC
FLORES,P3,66,6,16,ALL_MORPH_BOUNDARY_GUARD,1,projected_saved_draft_candidate_at_or_after_rejection,3.0,AFTER_GUARD,True,4,4,3,XSV→EC
FLORES,P3,66,13,39,ALL_MORPH_BOUNDARY_GUARD,1,projected_saved_draft_candidate_at_or_after_rejection,1.0,AT_GUARD,True,4,4,3,XSV→EC
FLORES,P3,67,16,35,ALL_MORPH_BOUNDARY_GUARD,1,projected_saved_draft_candidate_at_or_after_rejection,1.0,AT_GUARD,True,3,3,2,EP→EF
FLORES,P3,68,11,21,NP_BOUNDARY_GUARD,2,projected_saved_draft_candidate_at_or_after_rejection,3.0,AFTER_GUARD,True,4,3,2,NNB→JKO
FLORES,P3,68,11,21,ALL_MORPH_BOUNDARY_GUARD,2,projected_saved_draft_candidate_at_or_after_rejection,3.0,AFTER_GUARD,True,4,3,2,NNB→JKO
FLORES,P3,69,10,26,ALL_MORPH_BOUNDARY_GUARD,2,projected_saved_draft_candidate_at_or_after_rejection,2.0,AT_GUARD,True,4,3,2,XSV→EC
FLORES,P3,69,12,32,ALL_MORPH_BOUNDARY_GUARD,2,projected_saved_draft_candidate_at_or_after_rejection,1.0,BEFORE_GUARD,False,4,3,2,XSV→ETM
FLORES,P3,69,14,34,ALL_MORPH_BOUNDARY_GUARD,1,projected_saved_draft_candidate_at_or_after_rejection,3.0,AFTER_GUARD,True,4,4,3,XSV→ETM
FLORES,P3,70,21,46,ALL_MORPH_BOUNDARY_GUARD,1,saved_H3_exact_target_token,,NO_REJECTION,True,3,3,2,EP→EF
FLORES,P3,72,31,65,ALL_MORPH_BOUNDARY_GUARD,3,projected_saved_draft_candidate_at_or_after_rejection,1.0,BEFORE_GUARD,False,4,2,1,XSV→EC
FLORES,P3,73,14,45,NP_BOUNDARY_GUARD,2,projected_saved_draft_candidate_at_or_after_rejection,1.0,BEFORE_GUARD,False,4,3,2,NNB→JKO
FLORES,P3,73,14,45,ALL_MORPH_BOUNDARY_GUARD,2,projected_saved_draft_candidate_at_or_after_rejection,1.0,BEFORE_GUARD,False,4,3,2,NNB→JKO
FLORES,P3,74,20,29,ALL_MORPH_BOUNDARY_GUARD,2,projected_saved_draft_candidate_at_or_after_rejection,1.0,BEFORE_GUARD,False,4,3,2,XSV→ETM
FLORES,P3,74,21,30,ALL_MORPH_BOUNDARY_GUARD,1,projected_saved_draft_candidate_at_or_after_rejection,2.0,AFTER_GUARD,True,4,4,3,XSV→ETM
FLORES,P3,74,29,46,ALL_MORPH_BOUNDARY_GUARD,2,projected_saved_draft_candidate_at_or_after_rejection,1.0,BEFORE_GUARD,False,4,3,2,XSV→ETM
FLORES,P3,74,32,52,ALL_MORPH_BOUNDARY_GUARD,3,projected_saved_draft_candidate_at_or_after_rejection,1.0,BEFORE_GUARD,False,4,2,1,XSN→JKS
FLORES,P3,74,33,53,ALL_MORPH_BOUNDARY_GUARD,3,projected_saved_draft_candidate_at_or_after_rejection,2.0,BEFORE_GUARD,False,4,2,1,EP→ETM
FLORES,P3,74,39,70,ALL_MORPH_BOUNDARY_GUARD,3,projected_saved_draft_candidate_at_or_after_rejection,2.0,BEFORE_GUARD,False,4,2,1,XSN→JKS
FLORES,P3,74,40,72,ALL_MORPH_BOUNDARY_GUARD,1,saved_H3_exact_target_token,,NO_REJECTION,True,4,4,3,NNG→NNG
FLORES,P3,74,46,89,ALL_MORPH_BOUNDARY_GUARD,3,projected_saved_draft_candidate_at_or_after_rejection,1.0,BEFORE_GUARD,False,4,2,1,XSV→ETM
FLORES,P3,74,52,104,ALL_MORPH_BOUNDARY_GUARD,1,projected_saved_draft_candidate_at_or_after_rejection,1.0,AT_GUARD,True,3,3,2,VX→EF
FLORES,P3,74,54,107,ALL_MORPH_BOUNDARY_GUARD,1,saved_H3_exact_target_token,,NO_REJECTION,True,3,3,2,VX→EF
FLORES,P3,75,7,15,ALL_MORPH_BOUNDARY_GUARD,3,saved_H3_exact_target_token,,NO_REJECTION,True,4,2,1,SS→SL
FLORES,P3,75,13,39,ALL_MORPH_BOUNDARY_GUARD,1,saved_H3_exact_target_token,,NO_REJECTION,True,3,3,2,SL→SL
FLORES,P3,76,4,13,ALL_MORPH_BOUNDARY_GUARD,1,saved_H3_exact_target_token,,NO_REJECTION,True,4,4,3,SL→SL
FLORES,P3,77,4,10,ALL_MORPH_BOUNDARY_GUARD,2,saved_H3_exact_target_token,,NO_REJECTION,True,4,3,2,XSV→EC
FLORES,P3,77,7,22,ALL_MORPH_BOUNDARY_GUARD,2,projected_saved_draft_candidate_at_or_after_rejection,3.0,AFTER_GUARD,True,4,3,2,XSV→EC
FLORES,P3,77,14,40,NP_BOUNDARY_GUARD,1,projected_saved_draft_candidate_at_or_after_rejection,1.0,AT_GUARD,True,4,4,3,NNB→JKB
FLORES,P3,77,14,40,ALL_MORPH_BOUNDARY_GUARD,1,projected_saved_draft_candidate_at_or_after_rejection,1.0,AT_GUARD,True,4,4,3,NNB→JKB
FLORES,P3,80,20,32,ALL_MORPH_BOUNDARY_GUARD,3,saved_H3_exact_target_token,,NO_REJECTION,True,4,2,1,XSV→ETM
FLORES,P3,82,11,28,ALL_MORPH_BOUNDARY_GUARD,3,projected_saved_draft_candidate_at_or_after_rejection,1.0,BEFORE_GUARD,False,4,2,1,SSO→SL
FLORES,P3,82,15,34,ALL_MORPH_BOUNDARY_GUARD,1,projected_saved_draft_candidate_at_or_after_rejection,1.0,AT_GUARD,True,4,4,3,VV→EC
FLORES,P3,84,34,64,ALL_MORPH_BOUNDARY_GUARD,1,projected_saved_draft_candidate_at_or_after_rejection,1.0,AT_GUARD,True,3,3,2,VX→EF
FLORES,P3,85,15,31,ALL_MORPH_BOUNDARY_GUARD,3,saved_H3_exact_target_token,,NO_REJECTION,True,4,2,1,VX→EF
FLORES,P3,87,8,18,ALL_MORPH_BOUNDARY_GUARD,2,saved_H3_exact_target_token,,NO_REJECTION,True,4,3,2,XSV→EC
FLORES,P3,87,12,31,ALL_MORPH_BOUNDARY_GUARD,2,projected_saved_draft_candidate_at_or_after_rejection,1.0,BEFORE_GUARD,False,4,3,2,XSV→ETM
FLORES,P3,87,25,59,ALL_MORPH_BOUNDARY_GUARD,1,saved_H3_exact_target_token,,NO_REJECTION,True,2,2,1,SF→SSC
FLORES,P3,88,25,67,ALL_MORPH_BOUNDARY_GUARD,3,projected_saved_draft_candidate_at_or_after_rejection,1.0,BEFORE_GUARD,False,4,2,1,XSV→ETN
FLORES,P3,88,28,73,ALL_MORPH_BOUNDARY_GUARD,1,projected_saved_draft_candidate_at_or_after_rejection,2.0,AFTER_GUARD,True,4,4,3,XSV→ETN
FLORES,P3,89,4,6,ALL_MORPH_BOUNDARY_GUARD,3,projected_saved_draft_candidate_at_or_after_rejection,2.0,BEFORE_GUARD,False,4,2,1,VCP→EC
FLORES,P3,89,14,31,ALL_MORPH_BOUNDARY_GUARD,2,saved_H3_exact_target_token,,NO_REJECTION,True,4,3,2,XSV→ETN
FLORES,P3,90,8,17,ALL_MORPH_BOUNDARY_GUARD,1,saved_H3_exact_target_token,,NO_REJECTION,True,4,4,3,SS→SL
FLORES,P3,90,10,25,ALL_MORPH_BOUNDARY_GUARD,2,saved_H3_exact_target_token,,NO_REJECTION,True,4,3,2,SL→SL
FLORES,P3,91,4,11,ALL_MORPH_BOUNDARY_GUARD,1,projected_saved_draft_candidate_at_or_after_rejection,1.0,AT_GUARD,True,4,4,3,VV→ETM
FLORES,P3,93,13,29,ALL_MORPH_BOUNDARY_GUARD,3,projected_saved_draft_candidate_at_or_after_rejection,1.0,BEFORE_GUARD,False,4,2,1,XSV→EC
FLORES,P3,93,14,30,ALL_MORPH_BOUNDARY_GUARD,3,projected_saved_draft_candidate_at_or_after_rejection,1.0,BEFORE_GUARD,False,4,2,1,XSV→EC
FLORES,P3,93,15,31,ALL_MORPH_BOUNDARY_GUARD,2,projected_saved_draft_candidate_at_or_after_rejection,1.0,BEFORE_GUARD,False,4,3,2,XSV→EC
FLORES,P3,93,16,32,ALL_MORPH_BOUNDARY_GUARD,2,projected_saved_draft_candidate_at_or_after_rejection,4.0,AFTER_GUARD,True,4,3,2,XSV→EC
FLORES,P3,93,18,40,ALL_MORPH_BOUNDARY_GUARD,2,projected_saved_draft_candidate_at_or_after_rejection,1.0,BEFORE_GUARD,False,4,3,2,XSV→EC
FLORES,P3,94,6,15,NP_BOUNDARY_GUARD,1,saved_H3_exact_target_token,,NO_REJECTION,True,4,4,3,NNG→JKS
FLORES,P3,94,6,15,ALL_MORPH_BOUNDARY_GUARD,1,saved_H3_exact_target_token,,NO_REJECTION,True,4,4,3,NNG→JKS
FLORES,P3,95,5,10,ALL_MORPH_BOUNDARY_GUARD,2,projected_saved_draft_candidate_at_or_after_rejection,2.0,AT_GUARD,True,4,3,2,XSV→EC
FLORES,P3,95,7,13,ALL_MORPH_BOUNDARY_GUARD,3,projected_saved_draft_candidate_at_or_after_rejection,4.0,AFTER_GUARD,True,4,2,1,XSV→EC
FLORES,P3,97,7,14,ALL_MORPH_BOUNDARY_GUARD,3,projected_saved_draft_candidate_at_or_after_rejection,1.0,BEFORE_GUARD,False,4,2,1,XSN→JX
FLORES,P3,97,8,15,ALL_MORPH_BOUNDARY_GUARD,2,projected_saved_draft_candidate_at_or_after_rejection,1.0,BEFORE_GUARD,False,4,3,2,XSN→JX
FLORES,P3,97,9,16,ALL_MORPH_BOUNDARY_GUARD,3,projected_saved_draft_candidate_at_or_after_rejection,2.0,BEFORE_GUARD,False,4,2,1,XSN→JKS
FLORES,P3,97,14,25,ALL_MORPH_BOUNDARY_GUARD,3,projected_saved_draft_candidate_at_or_after_rejection,1.0,BEFORE_GUARD,False,4,2,1,XSV→ETM
FLORES,P3,97,20,39,ALL_MORPH_BOUNDARY_GUARD,2,projected_saved_draft_candidate_at_or_after_rejection,2.0,AT_GUARD,True,4,3,2,XSV→EP
FLORES,P3,97,24,44,ALL_MORPH_BOUNDARY_GUARD,1,projected_saved_draft_candidate_at_or_after_rejection,2.0,AFTER_GUARD,True,4,4,3,VX→ETM
FLORES,P3,97,25,46,ALL_MORPH_BOUNDARY_GUARD,3,projected_saved_draft_candidate_at_or_after_rejection,1.0,BEFORE_GUARD,False,4,2,1,XSV→EC
FLORES,P3,97,27,49,ALL_MORPH_BOUNDARY_GUARD,3,projected_saved_draft_candidate_at_or_after_rejection,1.0,BEFORE_GUARD,False,4,2,1,XSV→EC
FLORES,P3,97,29,51,ALL_MORPH_BOUNDARY_GUARD,1,saved_H3_exact_target_token,,NO_REJECTION,True,4,4,3,XSV→EC
FLORES,P3,98,5,12,ALL_MORPH_BOUNDARY_GUARD,3,projected_saved_draft_candidate_at_or_after_rejection,1.0,BEFORE_GUARD,False,4,2,1,SSO→SL
FLORES,P3,98,6,13,ALL_MORPH_BOUNDARY_GUARD,2,projected_saved_draft_candidate_at_or_after_rejection,1.0,BEFORE_GUARD,False,4,3,2,SSO→SL
FLORES,P3,98,14,32,ALL_MORPH_BOUNDARY_GUARD,2,saved_H3_exact_target_token,,NO_REJECTION,True,4,3,2,SSO→SL
FLORES,P3,99,16,38,ALL_MORPH_BOUNDARY_GUARD,2,projected_saved_draft_candidate_at_or_after_rejection,2.0,AT_GUARD,True,4,3,2,XSN→JKO
FLORES,P3,100,6,16,ALL_MORPH_BOUNDARY_GUARD,1,projected_saved_draft_candidate_at_or_after_rejection,1.0,AT_GUARD,True,4,4,3,ETN→JKO
FLORES,P3,100,7,17,ALL_MORPH_BOUNDARY_GUARD,2,projected_saved_draft_candidate_at_or_after_rejection,1.0,BEFORE_GUARD,False,4,3,2,XSN→JKO
FLORES,P3,100,8,18,ALL_MORPH_BOUNDARY_GUARD,1,projected_saved_draft_candidate_at_or_after_rejection,3.0,AFTER_GUARD,True,4,4,3,VA→EC
FLORES,P3,100,14,37,ALL_MORPH_BOUNDARY_GUARD,1,saved_H3_exact_target_token,,NO_REJECTION,True,3,3,2,EP→EF
FLORES,P3,101,9,27,ALL_MORPH_BOUNDARY_GUARD,3,saved_H3_exact_target_token,,NO_REJECTION,True,4,2,1,VA→EF
FLORES,P3,102,12,18,ALL_MORPH_BOUNDARY_GUARD,2,projected_saved_draft_candidate_at_or_after_rejection,2.0,AT_GUARD,True,4,3,2,SO→SL
FLORES,P3,103,9,22,ALL_MORPH_BOUNDARY_GUARD,1,projected_saved_draft_candidate_at_or_after_rejection,3.0,AFTER_GUARD,True,4,4,3,VX→EC
FLORES,P3,104,1,4,ALL_MORPH_BOUNDARY_GUARD,1,saved_H3_exact_target_token,,NO_REJECTION,True,4,4,3,XSN→JX
FLORES,P3,105,1,1,ALL_MORPH_BOUNDARY_GUARD,1,projected_saved_draft_candidate_at_or_after_rejection,2.0,AFTER_GUARD,True,4,4,3,XSN→JX
FLORES,P3,105,7,10,NP_BOUNDARY_GUARD,1,projected_saved_draft_candidate_at_or_after_rejection,1.0,AT_GUARD,True,4,4,3,NNG→JKO
FLORES,P3,105,7,10,ALL_MORPH_BOUNDARY_GUARD,1,projected_saved_draft_candidate_at_or_after_rejection,1.0,AT_GUARD,True,4,4,3,NNG→JKO
FLORES,P3,105,14,30,ALL_MORPH_BOUNDARY_GUARD,2,saved_H3_exact_target_token,,NO_REJECTION,True,4,3,2,XSV→EC
FLORES,P3,106,8,19,ALL_MORPH_BOUNDARY_GUARD,1,saved_H3_exact_target_token,,NO_REJECTION,True,3,3,2,VX→EF
FLORES,P3,108,8,12,ALL_MORPH_BOUNDARY_GUARD,1,projected_saved_draft_candidate_at_or_after_rejection,1.0,AT_GUARD,True,4,4,3,XSV→ETM
FLORES,P3,108,24,47,ALL_MORPH_BOUNDARY_GUARD,3,projected_saved_draft_candidate_at_or_after_rejection,1.0,BEFORE_GUARD,False,4,2,1,VA→EC
FLORES,P3,109,6,12,ALL_MORPH_BOUNDARY_GUARD,1,projected_saved_draft_candidate_at_or_after_rejection,1.0,AT_GUARD,True,4,4,3,VA→ETM
FLORES,P3,109,32,78,NP_BOUNDARY_GUARD,2,saved_H3_exact_target_token,,NO_REJECTION,True,4,3,2,NNG→JX
FLORES,P3,109,32,78,ALL_MORPH_BOUNDARY_GUARD,2,saved_H3_exact_target_token,,NO_REJECTION,True,4,3,2,NNG→JX
FLORES,P3,109,43,122,NP_BOUNDARY_GUARD,1,saved_H3_exact_target_token,,NO_REJECTION,True,4,4,3,NNG→JX
FLORES,P3,109,43,122,ALL_MORPH_BOUNDARY_GUARD,1,saved_H3_exact_target_token,,NO_REJECTION,True,4,4,3,NNG→JX
FLORES,P3,110,16,34,ALL_MORPH_BOUNDARY_GUARD,1,projected_saved_draft_candidate_at_or_after_rejection,2.0,AFTER_GUARD,True,4,4,3,XSN→JKB
FLORES,P3,112,6,12,ALL_MORPH_BOUNDARY_GUARD,3,projected_saved_draft_candidate_at_or_after_rejection,3.0,AT_GUARD,True,4,2,1,ETN→JKO
FLORES,P3,112,7,15,NP_BOUNDARY_GUARD,1,projected_saved_draft_candidate_at_or_after_rejection,1.0,AT_GUARD,True,4,4,3,NNB→JKB
FLORES,P3,112,7,15,ALL_MORPH_BOUNDARY_GUARD,1,projected_saved_draft_candidate_at_or_after_rejection,1.0,AT_GUARD,True,4,4,3,NNB→JKB
FLORES,P3,114,4,13,ALL_MORPH_BOUNDARY_GUARD,3,saved_H3_exact_target_token,,NO_REJECTION,True,4,2,1,SL→SL
FLORES,P3,114,10,34,ALL_MORPH_BOUNDARY_GUARD,3,saved_H3_exact_target_token,,NO_REJECTION,True,4,2,1,SL→SL
FLORES,P3,116,12,23,ALL_MORPH_BOUNDARY_GUARD,1,projected_saved_draft_candidate_at_or_after_rejection,2.0,AFTER_GUARD,True,4,4,3,VCP→EC
FLORES,P3,117,2,4,ALL_MORPH_BOUNDARY_GUARD,1,projected_saved_draft_candidate_at_or_after_rejection,3.0,AFTER_GUARD,True,4,4,3,XSN→JKB
FLORES,P3,117,8,19,ALL_MORPH_BOUNDARY_GUARD,2,saved_H3_exact_target_token,,NO_REJECTION,True,4,3,2,XSV→ETN
FLORES,P3,118,10,25,ALL_MORPH_BOUNDARY_GUARD,3,projected_saved_draft_candidate_at_or_after_rejection,3.0,AT_GUARD,True,4,2,1,JKB→JX
FLORES,P3,118,24,50,ALL_MORPH_BOUNDARY_GUARD,2,saved_H3_exact_target_token,,NO_REJECTION,True,4,3,2,EP→EF
FLORES,P3,119,6,17,NP_BOUNDARY_GUARD,3,projected_saved_draft_candidate_at_or_after_rejection,3.0,AT_GUARD,True,4,2,1,NNB→JKO
FLORES,P3,119,6,17,ALL_MORPH_BOUNDARY_GUARD,3,projected_saved_draft_candidate_at_or_after_rejection,3.0,AT_GUARD,True,4,2,1,NNB→JKO
FLORES,P3,120,13,21,ALL_MORPH_BOUNDARY_GUARD,1,projected_saved_draft_candidate_at_or_after_rejection,2.0,AFTER_GUARD,True,4,4,3,VV→NNG
FLORES,P3,120,28,49,ALL_MORPH_BOUNDARY_GUARD,3,projected_saved_draft_candidate_at_or_after_rejection,1.0,BEFORE_GUARD,False,4,2,1,XSN→JKB
FLORES,P3,120,29,50,ALL_MORPH_BOUNDARY_GUARD,2,projected_saved_draft_candidate_at_or_after_rejection,3.0,AFTER_GUARD,True,4,3,2,XSV→ETM
FLORES,P3,122,13,15,ALL_MORPH_BOUNDARY_GUARD,1,projected_saved_draft_candidate_at_or_after_rejection,1.0,AT_GUARD,True,4,4,3,VV→EC
FLORES,P3,122,30,53,ALL_MORPH_BOUNDARY_GUARD,1,saved_H3_exact_target_token,,NO_REJECTION,True,3,3,2,VA→EF
FLORES,P3,123,6,18,ALL_MORPH_BOUNDARY_GUARD,1,saved_H3_exact_target_token,,NO_REJECTION,True,4,4,3,SL→SSC
FLORES,P3,123,12,42,ALL_MORPH_BOUNDARY_GUARD,1,projected_saved_draft_candidate_at_or_after_rejection,3.0,AFTER_GUARD,True,4,4,3,XSV→EP
FLORES,P3,123,15,51,ALL_MORPH_BOUNDARY_GUARD,1,projected_saved_draft_candidate_at_or_after_rejection,1.0,AT_GUARD,True,4,4,3,SF→SSC
FLORES,P3,124,3,10,NP_BOUNDARY_GUARD,1,projected_saved_draft_candidate_at_or_after_rejection,1.0,AT_GUARD,True,4,4,3,NNG→JX
FLORES,P3,124,3,10,ALL_MORPH_BOUNDARY_GUARD,1,projected_saved_draft_candidate_at_or_after_rejection,1.0,AT_GUARD,True,4,4,3,NNG→JX
FLORES,P3,124,7,16,ALL_MORPH_BOUNDARY_GUARD,2,projected_saved_draft_candidate_at_or_after_rejection,2.0,AT_GUARD,True,4,3,2,XSV→EC
FLORES,P3,124,8,18,NP_BOUNDARY_GUARD,2,projected_saved_draft_candidate_at_or_after_rejection,1.0,BEFORE_GUARD,False,4,3,2,NNB→JX
FLORES,P3,124,8,18,ALL_MORPH_BOUNDARY_GUARD,2,projected_saved_draft_candidate_at_or_after_rejection,1.0,BEFORE_GUARD,False,4,3,2,NNB→JX
FLORES,P3,124,9,19,ALL_MORPH_BOUNDARY_GUARD,1,projected_saved_draft_candidate_at_or_after_rejection,2.0,AFTER_GUARD,True,4,4,3,VX→EP
FLORES,P3,126,8,17,ALL_MORPH_BOUNDARY_GUARD,3,projected_saved_draft_candidate_at_or_after_rejection,2.0,BEFORE_GUARD,False,4,2,1,XSV→ETM
FLORES,P3,126,9,19,ALL_MORPH_BOUNDARY_GUARD,1,projected_saved_draft_candidate_at_or_after_rejection,2.0,AFTER_GUARD,True,4,4,3,XSV→ETM
FLORES,P3,126,14,28,ALL_MORPH_BOUNDARY_GUARD,1,saved_H3_exact_target_token,,NO_REJECTION,True,4,4,3,XSN→JKS
FLORES,P3,126,17,40,ALL_MORPH_BOUNDARY_GUARD,1,saved_H3_exact_target_token,,NO_REJECTION,True,4,4,3,VX→EP
FLORES,P3,126,21,51,ALL_MORPH_BOUNDARY_GUARD,2,saved_H3_exact_target_token,,NO_REJECTION,True,3,2,1,SF→SSC
FLORES,P3,128,6,17,ALL_MORPH_BOUNDARY_GUARD,1,projected_saved_draft_candidate_at_or_after_rejection,3.0,AFTER_GUARD,True,4,4,3,XSV→EC
FLORES,P3,128,8,22,ALL_MORPH_BOUNDARY_GUARD,3,projected_saved_draft_candidate_at_or_after_rejection,4.0,AFTER_GUARD,True,4,2,1,XSN→JKS
FLORES,P3,128,12,36,ALL_MORPH_BOUNDARY_GUARD,2,projected_saved_draft_candidate_at_or_after_rejection,3.0,AFTER_GUARD,True,4,3,2,VA→EC
FLORES,P3,128,14,40,ALL_MORPH_BOUNDARY_GUARD,1,saved_H3_exact_target_token,,NO_REJECTION,True,4,4,3,VV→ETM
FLORES,P3,128,15,44,ALL_MORPH_BOUNDARY_GUARD,3,projected_saved_draft_candidate_at_or_after_rejection,4.0,AFTER_GUARD,True,4,2,1,XSV→ETM
FLORES,P3,129,6,14,ALL_MORPH_BOUNDARY_GUARD,3,projected_saved_draft_candidate_at_or_after_rejection,1.0,BEFORE_GUARD,False,4,2,1,XSN→JKO
FLORES,P3,129,7,15,ALL_MORPH_BOUNDARY_GUARD,2,projected_saved_draft_candidate_at_or_after_rejection,2.0,AT_GUARD,True,4,3,2,XSN→JKO
FLORES,P3,129,8,17,ALL_MORPH_BOUNDARY_GUARD,3,projected_saved_draft_candidate_at_or_after_rejection,1.0,BEFORE_GUARD,False,4,2,1,XSV→ETN
FLORES,P3,129,9,18,ALL_MORPH_BOUNDARY_GUARD,1,projected_saved_draft_candidate_at_or_after_rejection,1.0,AT_GUARD,True,4,4,3,XSN→JKG
FLORES,P3,129,11,23,ALL_MORPH_BOUNDARY_GUARD,2,projected_saved_draft_candidate_at_or_after_rejection,2.0,AT_GUARD,True,4,3,2,XSV→ETN
FLORES,P3,129,12,25,ALL_MORPH_BOUNDARY_GUARD,2,projected_saved_draft_candidate_at_or_after_rejection,3.0,AFTER_GUARD,True,4,3,2,VA→EC
FLORES,P3,131,7,14,NP_BOUNDARY_GUARD,1,projected_saved_draft_candidate_at_or_after_rejection,1.0,AT_GUARD,True,4,4,3,NNB→JKO
FLORES,P3,131,7,14,ALL_MORPH_BOUNDARY_GUARD,1,projected_saved_draft_candidate_at_or_after_rejection,1.0,AT_GUARD,True,4,4,3,NNB→JKO
FLORES,P3,131,8,15,ALL_MORPH_BOUNDARY_GUARD,1,projected_saved_draft_candidate_at_or_after_rejection,2.0,AFTER_GUARD,True,4,4,3,XSN→JKO
FLORES,P3,131,14,23,NP_BOUNDARY_GUARD,1,projected_saved_draft_candidate_at_or_after_rejection,2.0,AFTER_GUARD,True,4,4,3,NNG→JKO
FLORES,P3,131,14,23,ALL_MORPH_BOUNDARY_GUARD,1,projected_saved_draft_candidate_at_or_after_rejection,2.0,AFTER_GUARD,True,4,4,3,NNG→JKO
FLORES,P3,132,8,13,NP_BOUNDARY_GUARD,1,projected_saved_draft_candidate_at_or_after_rejection,1.0,AT_GUARD,True,4,4,3,NNG→JKO
FLORES,P3,132,8,13,ALL_MORPH_BOUNDARY_GUARD,1,projected_saved_draft_candidate_at_or_after_rejection,1.0,AT_GUARD,True,4,4,3,NNG→JKO
FLORES,P3,132,12,20,ALL_MORPH_BOUNDARY_GUARD,1,projected_saved_draft_candidate_at_or_after_rejection,1.0,AT_GUARD,True,4,4,3,XSN→JKO
FLORES,P3,133,5,8,ALL_MORPH_BOUNDARY_GUARD,3,saved_H3_exact_target_token,,NO_REJECTION,True,4,2,1,XSN→JKS
FLORES,P3,133,7,16,ALL_MORPH_BOUNDARY_GUARD,2,projected_saved_draft_candidate_at_or_after_rejection,2.0,AT_GUARD,True,4,3,2,XSV→EP
FLORES,P3,134,1,4,ALL_MORPH_BOUNDARY_GUARD,1,projected_saved_draft_candidate_at_or_after_rejection,2.0,AFTER_GUARD,True,4,4,3,XSN→JX
FLORES,P3,134,7,19,ALL_MORPH_BOUNDARY_GUARD,2,projected_saved_draft_candidate_at_or_after_rejection,1.0,BEFORE_GUARD,False,4,3,2,XSN→JKG
FLORES,P3,134,9,24,ALL_MORPH_BOUNDARY_GUARD,1,saved_H3_exact_target_token,,NO_REJECTION,True,4,4,3,XSA→EC
FLORES,P3,136,18,29,ALL_MORPH_BOUNDARY_GUARD,1,projected_saved_draft_candidate_at_or_after_rejection,1.0,AT_GUARD,True,4,4,3,XSN→JKO
FLORES,P3,137,2,3,ALL_MORPH_BOUNDARY_GUARD,2,projected_saved_draft_candidate_at_or_after_rejection,3.0,AFTER_GUARD,True,4,3,2,XSN→JX
FLORES,P3,137,9,20,ALL_MORPH_BOUNDARY_GUARD,3,projected_saved_draft_candidate_at_or_after_rejection,2.0,BEFORE_GUARD,False,4,2,1,EP→EF
FLORES,P3,138,16,33,NP_BOUNDARY_GUARD,1,projected_saved_draft_candidate_at_or_after_rejection,4.0,AFTER_GUARD,True,4,4,3,NNB→JKO
FLORES,P3,138,16,33,ALL_MORPH_BOUNDARY_GUARD,1,projected_saved_draft_candidate_at_or_after_rejection,4.0,AFTER_GUARD,True,4,4,3,NNB→JKO
FLORES,P3,139,10,22,ALL_MORPH_BOUNDARY_GUARD,1,projected_saved_draft_candidate_at_or_after_rejection,1.0,AT_GUARD,True,4,4,3,XSN→JKS
FLORES,P3,140,1,1,ALL_MORPH_BOUNDARY_GUARD,1,projected_saved_draft_candidate_at_or_after_rejection,2.0,AFTER_GUARD,True,4,4,3,XSN→JKB
FLORES,P3,140,6,8,ALL_MORPH_BOUNDARY_GUARD,3,projected_saved_draft_candidate_at_or_after_rejection,1.0,BEFORE_GUARD,False,4,2,1,VV→EC
FLORES,P3,140,7,9,ALL_MORPH_BOUNDARY_GUARD,3,projected_saved_draft_candidate_at_or_after_rejection,3.0,AT_GUARD,True,4,2,1,XSV→EC
FLORES,P3,140,10,18,NP_BOUNDARY_GUARD,2,saved_H3_exact_target_token,,NO_REJECTION,True,4,3,2,NNG→JKS
FLORES,P3,140,10,18,ALL_MORPH_BOUNDARY_GUARD,2,saved_H3_exact_target_token,,NO_REJECTION,True,4,3,2,NNG→JKS
FLORES,P3,140,14,28,ALL_MORPH_BOUNDARY_GUARD,2,saved_H3_exact_target_token,,NO_REJECTION,True,4,3,2,XSV→EP
FLORES,P3,142,3,8,ALL_MORPH_BOUNDARY_GUARD,1,saved_H3_exact_target_token,,NO_REJECTION,True,4,4,3,XSV→EC
FLORES,P3,142,14,36,ALL_MORPH_BOUNDARY_GUARD,3,projected_saved_draft_candidate_at_or_after_rejection,1.0,BEFORE_GUARD,False,4,2,1,XSV→EC
FLORES,P3,142,15,37,ALL_MORPH_BOUNDARY_GUARD,3,saved_H3_exact_target_token,,NO_REJECTION,True,4,2,1,XSV→EC
FLORES,P3,142,18,49,ALL_MORPH_BOUNDARY_GUARD,3,saved_H3_exact_target_token,,NO_REJECTION,True,4,2,1,XSV→EC
FLORES,P3,143,3,5,ALL_MORPH_BOUNDARY_GUARD,3,projected_saved_draft_candidate_at_or_after_rejection,1.0,BEFORE_GUARD,False,4,2,1,JKB→JX
FLORES,P3,145,2,4,ALL_MORPH_BOUNDARY_GUARD,3,projected_saved_draft_candidate_at_or_after_rejection,3.0,AT_GUARD,True,4,2,1,VCN→EF
FLORES,P3,145,11,25,ALL_MORPH_BOUNDARY_GUARD,3,saved_H3_exact_target_token,,NO_REJECTION,True,4,2,1,SF→SSC
FLORES,P3,146,22,40,NP_BOUNDARY_GUARD,1,projected_saved_draft_candidate_at_or_after_rejection,3.0,AFTER_GUARD,True,4,4,3,NNB→JKO
FLORES,P3,146,22,40,ALL_MORPH_BOUNDARY_GUARD,1,projected_saved_draft_candidate_at_or_after_rejection,3.0,AFTER_GUARD,True,4,4,3,NNB→JKO
FLORES,P3,146,23,43,ALL_MORPH_BOUNDARY_GUARD,1,projected_saved_draft_candidate_at_or_after_rejection,1.0,AT_GUARD,True,3,3,2,EP→EF
FLORES,P3,146,24,44,ALL_MORPH_BOUNDARY_GUARD,1,projected_saved_draft_candidate_at_or_after_rejection,1.0,AT_GUARD,True,3,3,2,VX→EF
FLORES,P3,147,4,13,ALL_MORPH_BOUNDARY_GUARD,1,saved_H3_exact_target_token,,NO_REJECTION,True,4,4,3,SSC→SP
FLORES,P3,147,6,21,ALL_MORPH_BOUNDARY_GUARD,1,saved_H3_exact_target_token,,NO_REJECTION,True,3,3,2,SL→SL
FLORES,P3,148,9,18,ALL_MORPH_BOUNDARY_GUARD,2,projected_saved_draft_candidate_at_or_after_rejection,3.0,AFTER_GUARD,True,4,3,2,XSV→EC
FLORES,P3,148,14,28,ALL_MORPH_BOUNDARY_GUARD,3,projected_saved_draft_candidate_at_or_after_rejection,2.0,BEFORE_GUARD,False,4,2,1,XSN→JKS
FLORES,P3,148,15,30,ALL_MORPH_BOUNDARY_GUARD,2,projected_saved_draft_candidate_at_or_after_rejection,4.0,AFTER_GUARD,True,4,3,2,XSV→ETN
FLORES,P3,149,6,10,NP_BOUNDARY_GUARD,3,projected_saved_draft_candidate_at_or_after_rejection,2.0,BEFORE_GUARD,False,4,2,1,NNB→JKB
FLORES,P3,149,6,10,ALL_MORPH_BOUNDARY_GUARD,2,projected_saved_draft_candidate_at_or_after_rejection,2.0,AT_GUARD,True,4,3,2,XSV→ETM
FLORES,P3,149,10,21,NP_BOUNDARY_GUARD,1,projected_saved_draft_candidate_at_or_after_rejection,3.0,AFTER_GUARD,True,4,4,3,NNB→JKB
FLORES,P3,149,10,21,ALL_MORPH_BOUNDARY_GUARD,1,projected_saved_draft_candidate_at_or_after_rejection,3.0,AFTER_GUARD,True,4,4,3,NNB→JKB
FLORES,P3,151,14,28,ALL_MORPH_BOUNDARY_GUARD,2,projected_saved_draft_candidate_at_or_after_rejection,2.0,AT_GUARD,True,4,3,2,VA→ETM
FLORES,P3,152,14,34,ALL_MORPH_BOUNDARY_GUARD,2,saved_H3_exact_target_token,,NO_REJECTION,True,4,3,2,XSV→EC
FLORES,P3,153,10,35,ALL_MORPH_BOUNDARY_GUARD,1,projected_saved_draft_candidate_at_or_after_rejection,3.0,AFTER_GUARD,True,4,4,3,SSO→SL
FLORES,P3,153,11,38,ALL_MORPH_BOUNDARY_GUARD,2,projected_saved_draft_candidate_at_or_after_rejection,1.0,BEFORE_GUARD,False,4,3,2,SO→SL
FLORES,P3,153,16,49,ALL_MORPH_BOUNDARY_GUARD,2,projected_saved_draft_candidate_at_or_after_rejection,3.0,AFTER_GUARD,True,4,3,2,XSV→EP
FLORES,P3,153,43,103,ALL_MORPH_BOUNDARY_GUARD,1,saved_H3_exact_target_token,,NO_REJECTION,True,3,3,2,EP→EF
FLORES,P3,155,9,20,ALL_MORPH_BOUNDARY_GUARD,1,projected_saved_draft_candidate_at_or_after_rejection,1.0,AT_GUARD,True,4,4,3,XSN→JKB
FLORES,P3,156,0,0,ALL_MORPH_BOUNDARY_GUARD,2,projected_saved_draft_candidate_at_or_after_rejection,1.0,BEFORE_GUARD,False,4,3,2,XSN→JKG
FLORES,P3,157,13,23,ALL_MORPH_BOUNDARY_GUARD,1,projected_saved_draft_candidate_at_or_after_rejection,3.0,AFTER_GUARD,True,4,4,3,XSN→JX
FLORES,P3,157,16,34,ALL_MORPH_BOUNDARY_GUARD,2,projected_saved_draft_candidate_at_or_after_rejection,3.0,AFTER_GUARD,True,4,3,2,XSV→EC
FLORES,P3,157,20,43,ALL_MORPH_BOUNDARY_GUARD,3,projected_saved_draft_candidate_at_or_after_rejection,1.0,BEFORE_GUARD,False,4,2,1,VA→EC
FLORES,P3,157,22,46,ALL_MORPH_BOUNDARY_GUARD,3,projected_saved_draft_candidate_at_or_after_rejection,2.0,BEFORE_GUARD,False,4,2,1,XSN→JX
FLORES,P3,157,27,55,NP_BOUNDARY_GUARD,1,projected_saved_draft_candidate_at_or_after_rejection,4.0,AFTER_GUARD,True,4,4,3,NNG→JKS
FLORES,P3,157,27,55,ALL_MORPH_BOUNDARY_GUARD,1,projected_saved_draft_candidate_at_or_after_rejection,4.0,AFTER_GUARD,True,4,4,3,NNG→JKS
FLORES,P3,158,7,11,NP_BOUNDARY_GUARD,1,projected_saved_draft_candidate_at_or_after_rejection,1.0,AT_GUARD,True,4,4,3,NNB→JKO
FLORES,P3,158,7,11,ALL_MORPH_BOUNDARY_GUARD,1,projected_saved_draft_candidate_at_or_after_rejection,1.0,AT_GUARD,True,4,4,3,NNB→JKO
FLORES,P3,158,8,12,NP_BOUNDARY_GUARD,2,projected_saved_draft_candidate_at_or_after_rejection,1.0,BEFORE_GUARD,False,4,3,2,NNG→JKS
FLORES,P3,158,8,12,ALL_MORPH_BOUNDARY_GUARD,2,projected_saved_draft_candidate_at_or_after_rejection,1.0,BEFORE_GUARD,False,4,3,2,NNG→JKS
FLORES,P3,159,20,52,ALL_MORPH_BOUNDARY_GUARD,1,saved_H3_exact_target_token,,NO_REJECTION,True,3,3,2,VX→EF
FLORES,P3,161,4,14,ALL_MORPH_BOUNDARY_GUARD,2,saved_H3_exact_target_token,,NO_REJECTION,True,3,2,1,SL→SSC
FLORES,P3,162,0,0,ALL_MORPH_BOUNDARY_GUARD,3,projected_saved_draft_candidate_at_or_after_rejection,1.0,BEFORE_GUARD,False,4,2,1,XSN→JKG
FLORES,P3,162,1,1,ALL_MORPH_BOUNDARY_GUARD,1,saved_H3_exact_target_token,,NO_REJECTION,True,4,4,3,XSN→JKG
FLORES,P3,162,11,20,ALL_MORPH_BOUNDARY_GUARD,1,saved_H3_exact_target_token,,NO_REJECTION,True,4,4,3,XSN→JKB
FLORES,P3,162,13,28,ALL_MORPH_BOUNDARY_GUARD,2,projected_saved_draft_candidate_at_or_after_rejection,3.0,AFTER_GUARD,True,4,3,2,XSV→ETM
FLORES,P3,162,17,36,ALL_MORPH_BOUNDARY_GUARD,2,saved_H3_exact_target_token,,NO_REJECTION,True,4,3,2,XSN→VCP
FLORES,P3,162,25,53,ALL_MORPH_BOUNDARY_GUARD,1,projected_saved_draft_candidate_at_or_after_rejection,2.0,AFTER_GUARD,True,4,4,3,XSN→JKS
FLORES,P3,162,30,59,ALL_MORPH_BOUNDARY_GUARD,1,projected_saved_draft_candidate_at_or_after_rejection,1.0,AT_GUARD,True,4,4,3,SP→SSC
FLORES,P3,163,1,1,ALL_MORPH_BOUNDARY_GUARD,3,saved_H3_exact_target_token,,NO_REJECTION,True,4,2,1,JKB→JX
FLORES,P3,163,10,25,NP_BOUNDARY_GUARD,2,projected_saved_draft_candidate_at_or_after_rejection,3.0,AFTER_GUARD,True,4,3,2,NNG→JX
FLORES,P3,163,10,25,ALL_MORPH_BOUNDARY_GUARD,2,projected_saved_draft_candidate_at_or_after_rejection,3.0,AFTER_GUARD,True,4,3,2,NNG→JX
FLORES,P3,164,2,5,ALL_MORPH_BOUNDARY_GUARD,1,saved_H3_exact_target_token,,NO_REJECTION,True,4,4,3,SS→SL
FLORES,P3,165,3,9,ALL_MORPH_BOUNDARY_GUARD,3,projected_saved_draft_candidate_at_or_after_rejection,4.0,AFTER_GUARD,True,4,2,1,XSN→JKB
FLORES,P3,166,4,13,ALL_MORPH_BOUNDARY_GUARD,3,projected_saved_draft_candidate_at_or_after_rejection,1.0,BEFORE_GUARD,False,4,2,1,XSN→JKB
FLORES,P3,166,8,24,ALL_MORPH_BOUNDARY_GUARD,3,projected_saved_draft_candidate_at_or_after_rejection,3.0,AT_GUARD,True,4,2,1,VV→EC
FLORES,P3,166,14,37,ALL_MORPH_BOUNDARY_GUARD,1,projected_saved_draft_candidate_at_or_after_rejection,1.0,AT_GUARD,True,4,4,3,XSA→EC
FLORES,P3,166,18,47,ALL_MORPH_BOUNDARY_GUARD,3,projected_saved_draft_candidate_at_or_after_rejection,3.0,AT_GUARD,True,4,2,1,XSV→EC
FLORES,P3,166,31,76,NP_BOUNDARY_GUARD,2,projected_saved_draft_candidate_at_or_after_rejection,1.0,BEFORE_GUARD,False,4,3,2,NNB→JKB
FLORES,P3,166,31,76,ALL_MORPH_BOUNDARY_GUARD,2,projected_saved_draft_candidate_at_or_after_rejection,1.0,BEFORE_GUARD,False,4,3,2,NNB→JKB
FLORES,P3,167,1,1,NP_BOUNDARY_GUARD,1,projected_saved_draft_candidate_at_or_after_rejection,2.0,AFTER_GUARD,True,4,4,3,NNG→JX
FLORES,P3,167,1,1,ALL_MORPH_BOUNDARY_GUARD,1,projected_saved_draft_candidate_at_or_after_rejection,2.0,AFTER_GUARD,True,4,4,3,NNG→JX
FLORES,P3,167,7,18,ALL_MORPH_BOUNDARY_GUARD,3,saved_H3_exact_target_token,,NO_REJECTION,True,4,2,1,VA→EF
FLORES,P3,167,8,22,ALL_MORPH_BOUNDARY_GUARD,3,projected_saved_draft_candidate_at_or_after_rejection,1.0,BEFORE_GUARD,False,4,2,1,JKB→JX
FLORES,P3,167,9,23,ALL_MORPH_BOUNDARY_GUARD,2,projected_saved_draft_candidate_at_or_after_rejection,3.0,AFTER_GUARD,True,4,3,2,JKB→JX
FLORES,P3,167,14,36,ALL_MORPH_BOUNDARY_GUARD,1,projected_saved_draft_candidate_at_or_after_rejection,2.0,AFTER_GUARD,True,4,4,3,XSN→JKS
FLORES,P3,168,6,21,ALL_MORPH_BOUNDARY_GUARD,2,projected_saved_draft_candidate_at_or_after_rejection,3.0,AFTER_GUARD,True,4,3,2,XSV→EC
FLORES,P3,168,7,24,ALL_MORPH_BOUNDARY_GUARD,1,saved_H3_exact_target_token,,NO_REJECTION,True,4,4,3,XSN→JKB
FLORES,P3,168,21,48,ALL_MORPH_BOUNDARY_GUARD,3,projected_saved_draft_candidate_at_or_after_rejection,3.0,AT_GUARD,True,4,2,1,EP→EF
FLORES,P3,169,20,35,ALL_MORPH_BOUNDARY_GUARD,3,projected_saved_draft_candidate_at_or_after_rejection,1.0,BEFORE_GUARD,False,4,2,1,XSV→EC
FLORES,P3,169,21,36,ALL_MORPH_BOUNDARY_GUARD,1,projected_saved_draft_candidate_at_or_after_rejection,2.0,AFTER_GUARD,True,4,4,3,XSN→JKB
FLORES,P3,169,22,38,ALL_MORPH_BOUNDARY_GUARD,1,projected_saved_draft_candidate_at_or_after_rejection,2.0,AFTER_GUARD,True,4,4,3,XSV→EC
FLORES,P3,169,23,40,ALL_MORPH_BOUNDARY_GUARD,1,projected_saved_draft_candidate_at_or_after_rejection,1.0,AT_GUARD,True,4,4,3,XSA→EC
FLORES,P3,170,1,1,ALL_MORPH_BOUNDARY_GUARD,2,saved_H3_exact_target_token,,NO_REJECTION,True,4,3,2,SS→SL
FLORES,P3,170,6,21,ALL_MORPH_BOUNDARY_GUARD,2,saved_H3_exact_target_token,,NO_REJECTION,True,3,2,1,SF→SSC
FLORES,P3,174,6,13,NP_BOUNDARY_GUARD,1,projected_saved_draft_candidate_at_or_after_rejection,2.0,AFTER_GUARD,True,4,4,3,NNB→JKB
FLORES,P3,174,6,13,ALL_MORPH_BOUNDARY_GUARD,1,projected_saved_draft_candidate_at_or_after_rejection,2.0,AFTER_GUARD,True,4,4,3,NNB→JKB
FLORES,P3,175,13,26,ALL_MORPH_BOUNDARY_GUARD,2,projected_saved_draft_candidate_at_or_after_rejection,1.0,BEFORE_GUARD,False,4,3,2,EP→EF
FLORES,P3,175,14,27,ALL_MORPH_BOUNDARY_GUARD,2,projected_saved_draft_candidate_at_or_after_rejection,2.0,AT_GUARD,True,4,3,2,XSV→EP
FLORES,P3,175,33,58,ALL_MORPH_BOUNDARY_GUARD,1,saved_H3_exact_target_token,,NO_REJECTION,True,3,3,2,EP→EF
FLORES,P3,176,4,13,ALL_MORPH_BOUNDARY_GUARD,1,saved_H3_exact_target_token,,NO_REJECTION,True,3,3,2,SL→SL
FLORES,P3,178,8,23,ALL_MORPH_BOUNDARY_GUARD,3,projected_saved_draft_candidate_at_or_after_rejection,3.0,AT_GUARD,True,4,2,1,XSV→EC
FLORES,P3,179,10,22,ALL_MORPH_BOUNDARY_GUARD,3,projected_saved_draft_candidate_at_or_after_rejection,1.0,BEFORE_GUARD,False,4,2,1,VX→EF
FLORES,P3,181,3,6,ALL_MORPH_BOUNDARY_GUARD,2,projected_saved_draft_candidate_at_or_after_rejection,1.0,BEFORE_GUARD,False,4,3,2,JKB→JX
FLORES,P3,183,8,13,ALL_MORPH_BOUNDARY_GUARD,3,projected_saved_draft_candidate_at_or_after_rejection,1.0,BEFORE_GUARD,False,4,2,1,SSO→SL
FLORES,P3,183,9,14,ALL_MORPH_BOUNDARY_GUARD,2,projected_saved_draft_candidate_at_or_after_rejection,2.0,AT_GUARD,True,4,3,2,SSO→SL
FLORES,P3,183,12,18,NP_BOUNDARY_GUARD,3,projected_saved_draft_candidate_at_or_after_rejection,1.0,BEFORE_GUARD,False,4,2,1,NNB→JKB
FLORES,P3,183,12,18,ALL_MORPH_BOUNDARY_GUARD,2,projected_saved_draft_candidate_at_or_after_rejection,1.0,BEFORE_GUARD,False,4,3,2,VA→ETM
FLORES,P3,183,14,21,ALL_MORPH_BOUNDARY_GUARD,3,projected_saved_draft_candidate_at_or_after_rejection,1.0,BEFORE_GUARD,False,4,2,1,ETN→JKO
FLORES,P3,183,15,22,ALL_MORPH_BOUNDARY_GUARD,3,projected_saved_draft_candidate_at_or_after_rejection,3.0,AT_GUARD,True,4,2,1,VX→EP
FLORES,P3,184,11,25,ALL_MORPH_BOUNDARY_GUARD,3,saved_H3_exact_target_token,,NO_REJECTION,True,4,2,1,VV→EC
FLORES,P3,184,21,50,ALL_MORPH_BOUNDARY_GUARD,1,saved_H3_exact_target_token,,NO_REJECTION,True,3,3,2,VX→EF
FLORES,P3,185,9,15,ALL_MORPH_BOUNDARY_GUARD,1,projected_saved_draft_candidate_at_or_after_rejection,1.0,AT_GUARD,True,4,4,3,SSO→SL
FLORES,P3,186,20,53,ALL_MORPH_BOUNDARY_GUARD,2,saved_H3_exact_target_token,,NO_REJECTION,True,4,3,2,VX→EF
FLORES,P3,187,5,12,ALL_MORPH_BOUNDARY_GUARD,2,saved_H3_exact_target_token,,NO_REJECTION,True,4,3,2,XSV→ETM
FLORES,P3,187,8,23,ALL_MORPH_BOUNDARY_GUARD,3,saved_H3_exact_target_token,,NO_REJECTION,True,4,2,1,XSV→EC
FLORES,P3,188,4,7,ALL_MORPH_BOUNDARY_GUARD,2,projected_saved_draft_candidate_at_or_after_rejection,2.0,AT_GUARD,True,4,3,2,XSN→JKB
FLORES,P3,188,19,38,NP_BOUNDARY_GUARD,1,projected_saved_draft_candidate_at_or_after_rejection,1.0,AT_GUARD,True,4,4,3,NNG→JKB
FLORES,P3,188,19,38,ALL_MORPH_BOUNDARY_GUARD,1,projected_saved_draft_candidate_at_or_after_rejection,1.0,AT_GUARD,True,4,4,3,NNG→JKB
FLORES,P3,189,9,16,ALL_MORPH_BOUNDARY_GUARD,3,projected_saved_draft_candidate_at_or_after_rejection,2.0,BEFORE_GUARD,False,4,2,1,XSA→EC
FLORES,P3,189,13,27,ALL_MORPH_BOUNDARY_GUARD,3,saved_H3_exact_target_token,,NO_REJECTION,True,4,2,1,VA→EF
FLORES,P3,190,14,27,ALL_MORPH_BOUNDARY_GUARD,3,projected_saved_draft_candidate_at_or_after_rejection,1.0,BEFORE_GUARD,False,4,2,1,XSV→ETM
FLORES,P3,190,25,48,ALL_MORPH_BOUNDARY_GUARD,1,projected_saved_draft_candidate_at_or_after_rejection,2.0,AFTER_GUARD,True,4,4,3,XSV→ETM
FLORES,P3,191,1,1,ALL_MORPH_BOUNDARY_GUARD,1,projected_saved_draft_candidate_at_or_after_rejection,3.0,AFTER_GUARD,True,4,4,3,XSN→JKB
FLORES,P3,191,2,4,ALL_MORPH_BOUNDARY_GUARD,2,projected_saved_draft_candidate_at_or_after_rejection,3.0,AFTER_GUARD,True,4,3,2,XSN→JX
FLORES,P3,191,16,32,ALL_MORPH_BOUNDARY_GUARD,2,projected_saved_draft_candidate_at_or_after_rejection,2.0,AT_GUARD,True,4,3,2,XSV→ETN
FLORES,P3,191,18,35,ALL_MORPH_BOUNDARY_GUARD,2,projected_saved_draft_candidate_at_or_after_rejection,3.0,AFTER_GUARD,True,4,3,2,XSV→EC
FLORES,P3,194,11,19,ALL_MORPH_BOUNDARY_GUARD,3,saved_H3_exact_target_token,,NO_REJECTION,True,4,2,1,XSV→EC
FLORES,P3,194,16,32,ALL_MORPH_BOUNDARY_GUARD,1,projected_saved_draft_candidate_at_or_after_rejection,4.0,AFTER_GUARD,True,4,4,3,VV→EC
FLORES,P3,194,23,50,ALL_MORPH_BOUNDARY_GUARD,1,projected_saved_draft_candidate_at_or_after_rejection,1.0,AT_GUARD,True,4,4,3,XSV→EC
FLORES,P3,194,24,51,ALL_MORPH_BOUNDARY_GUARD,2,saved_H3_exact_target_token,,NO_REJECTION,True,4,3,2,VCP→EC
FLORES,P3,196,7,15,ALL_MORPH_BOUNDARY_GUARD,3,projected_saved_draft_candidate_at_or_after_rejection,2.0,BEFORE_GUARD,False,4,2,1,XSV→EC
FLORES,P3,196,8,17,ALL_MORPH_BOUNDARY_GUARD,1,projected_saved_draft_candidate_at_or_after_rejection,2.0,AFTER_GUARD,True,4,4,3,XSV→EP
FLORES,P3,197,6,12,NP_BOUNDARY_GUARD,1,projected_saved_draft_candidate_at_or_after_rejection,1.0,AT_GUARD,True,4,4,3,NNB→JKB
FLORES,P3,197,6,12,ALL_MORPH_BOUNDARY_GUARD,1,projected_saved_draft_candidate_at_or_after_rejection,1.0,AT_GUARD,True,4,4,3,NNB→JKB
FLORES,P3,197,8,14,ALL_MORPH_BOUNDARY_GUARD,2,projected_saved_draft_candidate_at_or_after_rejection,1.0,BEFORE_GUARD,False,4,3,2,VX→EF
FLORES,P3,197,14,23,ALL_MORPH_BOUNDARY_GUARD,2,projected_saved_draft_candidate_at_or_after_rejection,2.0,AT_GUARD,True,4,3,2,SSO→SSO
FLORES,P3,197,19,33,ALL_MORPH_BOUNDARY_GUARD,3,projected_saved_draft_candidate_at_or_after_rejection,1.0,BEFORE_GUARD,False,4,2,1,XSV→EC
FLORES,P3,197,20,34,ALL_MORPH_BOUNDARY_GUARD,3,saved_H3_exact_target_token,,NO_REJECTION,True,4,2,1,XSV→EC
FLORES,P3,197,26,46,ALL_MORPH_BOUNDARY_GUARD,2,projected_saved_draft_candidate_at_or_after_rejection,1.0,BEFORE_GUARD,False,4,3,2,XSV→EC
FLORES,P3,197,27,47,ALL_MORPH_BOUNDARY_GUARD,3,projected_saved_draft_candidate_at_or_after_rejection,1.0,BEFORE_GUARD,False,4,2,1,VX→EP
FLORES,P3,197,28,48,ALL_MORPH_BOUNDARY_GUARD,1,saved_H3_exact_target_token,,NO_REJECTION,True,4,4,3,XSV→EC
FLORES,P3,197,30,53,ALL_MORPH_BOUNDARY_GUARD,2,projected_saved_draft_candidate_at_or_after_rejection,1.0,BEFORE_GUARD,False,4,3,2,XSN→JKG
FLORES,P3,197,33,61,ALL_MORPH_BOUNDARY_GUARD,2,projected_saved_draft_candidate_at_or_after_rejection,2.0,AT_GUARD,True,4,3,2,XSV→EC
FLORES,P3,197,36,67,ALL_MORPH_BOUNDARY_GUARD,1,projected_saved_draft_candidate_at_or_after_rejection,1.0,AT_GUARD,True,4,4,3,SF→SSC
FLORES,P3,198,33,62,NP_BOUNDARY_GUARD,3,projected_saved_draft_candidate_at_or_after_rejection,2.0,BEFORE_GUARD,False,4,2,1,NNB→JKO
FLORES,P3,198,33,62,ALL_MORPH_BOUNDARY_GUARD,3,projected_saved_draft_candidate_at_or_after_rejection,2.0,BEFORE_GUARD,False,4,2,1,NNB→JKO
FLORES,P3,198,57,107,ALL_MORPH_BOUNDARY_GUARD,2,projected_saved_draft_candidate_at_or_after_rejection,1.0,BEFORE_GUARD,False,4,3,2,EP→EF
FLORES,P3,199,5,17,ALL_MORPH_BOUNDARY_GUARD,2,projected_saved_draft_candidate_at_or_after_rejection,4.0,AFTER_GUARD,True,4,3,2,SL→SL
FLORES,P3,199,16,41,NP_BOUNDARY_GUARD,2,projected_saved_draft_candidate_at_or_after_rejection,2.0,AT_GUARD,True,4,3,2,NNG→JKS
FLORES,P3,199,16,41,ALL_MORPH_BOUNDARY_GUARD,2,projected_saved_draft_candidate_at_or_after_rejection,2.0,AT_GUARD,True,4,3,2,NNG→JKS
FLORES,P3,200,4,12,ALL_MORPH_BOUNDARY_GUARD,1,projected_saved_draft_candidate_at_or_after_rejection,1.0,AT_GUARD,True,4,4,3,XSV→EC
FLORES,P3,200,5,13,ALL_MORPH_BOUNDARY_GUARD,3,projected_saved_draft_candidate_at_or_after_rejection,1.0,BEFORE_GUARD,False,4,2,1,VA→ETM
FLORES,P3,201,0,0,ALL_MORPH_BOUNDARY_GUARD,2,projected_saved_draft_candidate_at_or_after_rejection,1.0,BEFORE_GUARD,False,4,3,2,XSN→JX
FLORES,P3,201,1,1,ALL_MORPH_BOUNDARY_GUARD,1,projected_saved_draft_candidate_at_or_after_rejection,2.0,AFTER_GUARD,True,4,4,3,XSN→JX
FLORES,P3,201,4,9,ALL_MORPH_BOUNDARY_GUARD,3,projected_saved_draft_candidate_at_or_after_rejection,1.0,BEFORE_GUARD,False,4,2,1,XSV→EF
FLORES,P3,201,8,19,ALL_MORPH_BOUNDARY_GUARD,3,saved_H3_exact_target_token,,NO_REJECTION,True,4,2,1,JKB→JX
FLORES,P3,201,26,55,ALL_MORPH_BOUNDARY_GUARD,3,saved_H3_exact_target_token,,NO_REJECTION,True,4,2,1,JKB→JX
FLORES,P3,201,31,65,ALL_MORPH_BOUNDARY_GUARD,3,projected_saved_draft_candidate_at_or_after_rejection,1.0,BEFORE_GUARD,False,4,2,1,VA→ETM
FLORES,P3,201,32,66,ALL_MORPH_BOUNDARY_GUARD,2,projected_saved_draft_candidate_at_or_after_rejection,2.0,AT_GUARD,True,4,3,2,VA→ETM
FLORES,P3,202,4,11,ALL_MORPH_BOUNDARY_GUARD,2,projected_saved_draft_candidate_at_or_after_rejection,1.0,BEFORE_GUARD,False,4,3,2,SSO→SL
FLORES,P3,205,28,57,ALL_MORPH_BOUNDARY_GUARD,2,projected_saved_draft_candidate_at_or_after_rejection,2.0,AT_GUARD,True,4,3,2,VX→EF
FLORES,P3,206,10,34,ALL_MORPH_BOUNDARY_GUARD,2,saved_H3_exact_target_token,,NO_REJECTION,True,4,3,2,SS→SL
FLORES,P3,207,13,23,ALL_MORPH_BOUNDARY_GUARD,1,saved_H3_exact_target_token,,NO_REJECTION,True,4,4,3,XSV→EC
FLORES,P3,208,24,43,ALL_MORPH_BOUNDARY_GUARD,1,projected_saved_draft_candidate_at_or_after_rejection,2.0,AFTER_GUARD,True,4,4,3,XSN→JKB
FLORES,P3,208,32,60,NP_BOUNDARY_GUARD,1,projected_saved_draft_candidate_at_or_after_rejection,1.0,AT_GUARD,True,4,4,3,NNB→JKO
FLORES,P3,208,32,60,ALL_MORPH_BOUNDARY_GUARD,1,projected_saved_draft_candidate_at_or_after_rejection,1.0,AT_GUARD,True,4,4,3,NNB→JKO
FLORES,P3,209,24,35,ALL_MORPH_BOUNDARY_GUARD,1,projected_saved_draft_candidate_at_or_after_rejection,1.0,AT_GUARD,True,4,4,3,ETN→JKO
FLORES,P3,209,25,36,ALL_MORPH_BOUNDARY_GUARD,2,saved_H3_exact_target_token,,NO_REJECTION,True,4,3,2,XSN→JKS
FLORES,P3,211,1,1,NP_BOUNDARY_GUARD,2,projected_saved_draft_candidate_at_or_after_rejection,4.0,AFTER_GUARD,True,4,3,2,NNG→JX
FLORES,P3,211,1,1,ALL_MORPH_BOUNDARY_GUARD,2,projected_saved_draft_candidate_at_or_after_rejection,4.0,AFTER_GUARD,True,4,3,2,NNG→JX
FLORES,P3,216,9,25,ALL_MORPH_BOUNDARY_GUARD,1,projected_saved_draft_candidate_at_or_after_rejection,1.0,AT_GUARD,True,4,4,3,XSV→EC
FLORES,P3,217,9,19,ALL_MORPH_BOUNDARY_GUARD,1,projected_saved_draft_candidate_at_or_after_rejection,1.0,AT_GUARD,True,4,4,3,XSN→JKS
FLORES,P3,217,11,22,NP_BOUNDARY_GUARD,2,saved_H3_exact_target_token,,NO_REJECTION,True,4,3,2,NNG→JKO
FLORES,P3,217,11,22,ALL_MORPH_BOUNDARY_GUARD,2,saved_H3_exact_target_token,,NO_REJECTION,True,4,3,2,NNG→JKO
FLORES,P3,218,2,2,ALL_MORPH_BOUNDARY_GUARD,2,projected_saved_draft_candidate_at_or_after_rejection,1.0,BEFORE_GUARD,False,4,3,2,XSN→JX
FLORES,P3,218,3,3,ALL_MORPH_BOUNDARY_GUARD,2,projected_saved_draft_candidate_at_or_after_rejection,3.0,AFTER_GUARD,True,4,3,2,XSN→JX
FLORES,P3,218,4,6,NP_BOUNDARY_GUARD,2,saved_H3_exact_target_token,,NO_REJECTION,True,4,3,2,NNG→JKS
FLORES,P3,218,4,6,ALL_MORPH_BOUNDARY_GUARD,2,saved_H3_exact_target_token,,NO_REJECTION,True,4,3,2,NNG→JKS
FLORES,P3,218,10,26,ALL_MORPH_BOUNDARY_GUARD,1,projected_saved_draft_candidate_at_or_after_rejection,1.0,AT_GUARD,True,4,4,3,XSV→EP
FLORES,P3,220,4,10,ALL_MORPH_BOUNDARY_GUARD,3,projected_saved_draft_candidate_at_or_after_rejection,3.0,AT_GUARD,True,4,2,1,VA→EC
FLORES,P3,220,16,40,ALL_MORPH_BOUNDARY_GUARD,2,projected_saved_draft_candidate_at_or_after_rejection,1.0,BEFORE_GUARD,False,4,3,2,VX→EF
FLORES,P3,220,17,41,ALL_MORPH_BOUNDARY_GUARD,2,saved_H3_exact_target_token,,NO_REJECTION,True,4,3,2,XSV→EC
FLORES,P3,220,18,45,ALL_MORPH_BOUNDARY_GUARD,1,projected_saved_draft_candidate_at_or_after_rejection,1.0,AT_GUARD,True,3,3,2,VX→EF
FLORES,P3,221,4,14,ALL_MORPH_BOUNDARY_GUARD,2,projected_saved_draft_candidate_at_or_after_rejection,1.0,BEFORE_GUARD,False,4,3,2,EP→EF
FLORES,P3,221,5,15,ALL_MORPH_BOUNDARY_GUARD,1,saved_H3_exact_target_token,,NO_REJECTION,True,3,3,2,EP→EF
FLORES,P3,222,10,20,ALL_MORPH_BOUNDARY_GUARD,1,saved_H3_exact_target_token,,NO_REJECTION,True,4,4,3,XSV→EC
FLORES,P3,223,16,29,ALL_MORPH_BOUNDARY_GUARD,3,projected_saved_draft_candidate_at_or_after_rejection,3.0,AT_GUARD,True,4,2,1,VV→ETM
FLORES,P3,224,0,0,ALL_MORPH_BOUNDARY_GUARD,1,projected_saved_draft_candidate_at_or_after_rejection,4.0,AFTER_GUARD,True,4,4,3,VA→ETM
FLORES,P3,227,0,0,ALL_MORPH_BOUNDARY_GUARD,2,projected_saved_draft_candidate_at_or_after_rejection,1.0,BEFORE_GUARD,False,4,3,2,XSN→JX
FLORES,P3,228,15,32,ALL_MORPH_BOUNDARY_GUARD,2,projected_saved_draft_candidate_at_or_after_rejection,1.0,BEFORE_GUARD,False,4,3,2,XSV→EC
FLORES,P3,232,3,5,ALL_MORPH_BOUNDARY_GUARD,2,projected_saved_draft_candidate_at_or_after_rejection,3.0,AFTER_GUARD,True,4,3,2,XSN→JKS
FLORES,P3,235,16,28,ALL_MORPH_BOUNDARY_GUARD,1,projected_saved_draft_candidate_at_or_after_rejection,2.0,AFTER_GUARD,True,4,4,3,VA→ETM
FLORES,P3,235,18,34,ALL_MORPH_BOUNDARY_GUARD,1,projected_saved_draft_candidate_at_or_after_rejection,3.0,AFTER_GUARD,True,4,4,3,VV→EC
FLORES,P3,235,26,55,ALL_MORPH_BOUNDARY_GUARD,2,projected_saved_draft_candidate_at_or_after_rejection,1.0,BEFORE_GUARD,False,4,3,2,XSV→ETM
FLORES,P3,235,27,56,ALL_MORPH_BOUNDARY_GUARD,2,projected_saved_draft_candidate_at_or_after_rejection,1.0,BEFORE_GUARD,False,4,3,2,XSV→ETM
FLORES,P3,235,29,58,NP_BOUNDARY_GUARD,3,projected_saved_draft_candidate_at_or_after_rejection,3.0,AT_GUARD,True,4,2,1,NNB→JKO
FLORES,P3,235,29,58,ALL_MORPH_BOUNDARY_GUARD,3,projected_saved_draft_candidate_at_or_after_rejection,3.0,AT_GUARD,True,4,2,1,NNB→JKO
FLORES,P3,238,12,20,ALL_MORPH_BOUNDARY_GUARD,1,projected_saved_draft_candidate_at_or_after_rejection,4.0,AFTER_GUARD,True,4,4,3,XSV→EC
FLORES,P3,238,19,37,ALL_MORPH_BOUNDARY_GUARD,1,projected_saved_draft_candidate_at_or_after_rejection,1.0,AT_GUARD,True,3,3,2,VA→EF
FLORES,P3,238,20,38,ALL_MORPH_BOUNDARY_GUARD,2,projected_saved_draft_candidate_at_or_after_rejection,2.0,AT_GUARD,True,4,3,2,XSA→EF
FLORES,P3,240,5,13,ALL_MORPH_BOUNDARY_GUARD,3,projected_saved_draft_candidate_at_or_after_rejection,4.0,AFTER_GUARD,True,4,2,1,VX→EC
FLORES,P3,242,16,31,ALL_MORPH_BOUNDARY_GUARD,2,projected_saved_draft_candidate_at_or_after_rejection,1.0,BEFORE_GUARD,False,4,3,2,VA→ETM
FLORES,P3,243,7,16,ALL_MORPH_BOUNDARY_GUARD,2,projected_saved_draft_candidate_at_or_after_rejection,3.0,AFTER_GUARD,True,4,3,2,SP→SSC
FLORES,P3,244,1,2,NP_BOUNDARY_GUARD,1,projected_saved_draft_candidate_at_or_after_rejection,1.0,AT_GUARD,True,4,4,3,NP→JX
FLORES,P3,244,1,2,ALL_MORPH_BOUNDARY_GUARD,1,projected_saved_draft_candidate_at_or_after_rejection,1.0,AT_GUARD,True,4,4,3,NP→JX
FLORES,P3,244,14,29,ALL_MORPH_BOUNDARY_GUARD,2,projected_saved_draft_candidate_at_or_after_rejection,1.0,BEFORE_GUARD,False,3,2,1,SF→SSC
FLORES,P3,244,15,30,ALL_MORPH_BOUNDARY_GUARD,1,saved_H3_exact_target_token,,NO_REJECTION,True,2,2,1,SF→SSC
FLORES,P3,245,19,34,NP_BOUNDARY_GUARD,1,projected_saved_draft_candidate_at_or_after_rejection,1.0,AT_GUARD,True,4,4,3,NNG→JKO
FLORES,P3,245,19,34,ALL_MORPH_BOUNDARY_GUARD,1,projected_saved_draft_candidate_at_or_after_rejection,1.0,AT_GUARD,True,4,4,3,NNG→JKO
FLORES,P3,246,4,13,ALL_MORPH_BOUNDARY_GUARD,1,saved_H3_exact_target_token,,NO_REJECTION,True,3,3,2,SL→SL
FLORES,P3,247,24,45,ALL_MORPH_BOUNDARY_GUARD,2,projected_saved_draft_candidate_at_or_after_rejection,4.0,AFTER_GUARD,True,4,3,2,XSV→ETM
FLORES,P3,247,29,58,ALL_MORPH_BOUNDARY_GUARD,2,projected_saved_draft_candidate_at_or_after_rejection,2.0,AT_GUARD,True,4,3,2,SF→SSC
FLORES,P3,248,4,12,ALL_MORPH_BOUNDARY_GUARD,2,saved_H3_exact_target_token,,NO_REJECTION,True,4,3,2,XSV→EC
FLORES,P3,248,10,29,ALL_MORPH_BOUNDARY_GUARD,1,projected_saved_draft_candidate_at_or_after_rejection,2.0,AFTER_GUARD,True,4,4,3,SP→SL
FLORES,P3,248,22,53,ALL_MORPH_BOUNDARY_GUARD,3,saved_H3_exact_target_token,,NO_REJECTION,True,4,2,1,VA→EC
FLORES,P3,248,23,57,NP_BOUNDARY_GUARD,3,projected_saved_draft_candidate_at_or_after_rejection,1.0,BEFORE_GUARD,False,4,2,1,NNB→JKB
FLORES,P3,248,23,57,ALL_MORPH_BOUNDARY_GUARD,3,projected_saved_draft_candidate_at_or_after_rejection,1.0,BEFORE_GUARD,False,4,2,1,NNB→JKB
FLORES,P3,249,16,28,ALL_MORPH_BOUNDARY_GUARD,1,projected_saved_draft_candidate_at_or_after_rejection,1.0,AT_GUARD,True,4,4,3,XSN→JKS
FLORES,P3,250,18,31,ALL_MORPH_BOUNDARY_GUARD,1,projected_saved_draft_candidate_at_or_after_rejection,2.0,AFTER_GUARD,True,4,4,3,XSN→JKB
FLORES,P3,250,19,33,ALL_MORPH_BOUNDARY_GUARD,1,projected_saved_draft_candidate_at_or_after_rejection,2.0,AFTER_GUARD,True,4,4,3,XSV→EC
FLORES,P3,252,13,27,NP_BOUNDARY_GUARD,2,projected_saved_draft_candidate_at_or_after_rejection,2.0,AT_GUARD,True,4,3,2,NNG→JKO
FLORES,P3,252,13,27,ALL_MORPH_BOUNDARY_GUARD,2,projected_saved_draft_candidate_at_or_after_rejection,2.0,AT_GUARD,True,4,3,2,NNG→JKO
FLORES,P3,252,14,29,ALL_MORPH_BOUNDARY_GUARD,3,projected_saved_draft_candidate_at_or_after_rejection,1.0,BEFORE_GUARD,False,4,2,1,XSA→ETM
FLORES,P3,252,16,34,NP_BOUNDARY_GUARD,1,projected_saved_draft_candidate_at_or_after_rejection,2.0,AFTER_GUARD,True,4,4,3,NNB→JKB
FLORES,P3,252,16,34,ALL_MORPH_BOUNDARY_GUARD,1,projected_saved_draft_candidate_at_or_after_rejection,2.0,AFTER_GUARD,True,4,4,3,NNB→JKB
FLORES,P3,252,17,36,ALL_MORPH_BOUNDARY_GUARD,2,projected_saved_draft_candidate_at_or_after_rejection,2.0,AT_GUARD,True,4,3,2,VX→EF
FLORES,P3,253,7,25,ALL_MORPH_BOUNDARY_GUARD,2,saved_H3_exact_target_token,,NO_REJECTION,True,4,3,2,SL→SL
FLORES,P3,256,7,21,ALL_MORPH_BOUNDARY_GUARD,2,projected_saved_draft_candidate_at_or_after_rejection,2.0,AT_GUARD,True,4,3,2,XSV→EC
FLORES,P3,256,17,44,ALL_MORPH_BOUNDARY_GUARD,1,projected_saved_draft_candidate_at_or_after_rejection,1.0,AT_GUARD,True,4,4,3,VX→EF
FLORES,P3,256,21,53,ALL_MORPH_BOUNDARY_GUARD,3,projected_saved_draft_candidate_at_or_after_rejection,4.0,AFTER_GUARD,True,4,2,1,VX→EP
FLORES,P3,258,8,22,ALL_MORPH_BOUNDARY_GUARD,3,projected_saved_draft_candidate_at_or_after_rejection,3.0,AT_GUARD,True,4,2,1,VA→EF
FLORES,P3,258,9,25,ALL_MORPH_BOUNDARY_GUARD,3,projected_saved_draft_candidate_at_or_after_rejection,2.0,BEFORE_GUARD,False,4,2,1,XSN→JX
FLORES,P3,259,0,0,ALL_MORPH_BOUNDARY_GUARD,3,projected_saved_draft_candidate_at_or_after_rejection,2.0,BEFORE_GUARD,False,4,2,1,XSN→JX
FLORES,P3,259,9,14,ALL_MORPH_BOUNDARY_GUARD,1,projected_saved_draft_candidate_at_or_after_rejection,2.0,AFTER_GUARD,True,4,4,3,XSV→EC
FLORES,P3,259,13,23,ALL_MORPH_BOUNDARY_GUARD,3,saved_H3_exact_target_token,,NO_REJECTION,True,4,2,1,XSV→ETM
FLORES,P3,260,0,0,ALL_MORPH_BOUNDARY_GUARD,2,projected_saved_draft_candidate_at_or_after_rejection,1.0,BEFORE_GUARD,False,4,3,2,XSN→JKG
FLORES,P3,260,13,26,ALL_MORPH_BOUNDARY_GUARD,3,projected_saved_draft_candidate_at_or_after_rejection,1.0,BEFORE_GUARD,False,4,2,1,XSA→EF
FLORES,P3,261,0,0,NP_BOUNDARY_GUARD,1,projected_saved_draft_candidate_at_or_after_rejection,1.0,AT_GUARD,True,4,4,3,NP→JX
FLORES,P3,261,0,0,ALL_MORPH_BOUNDARY_GUARD,1,projected_saved_draft_candidate_at_or_after_rejection,1.0,AT_GUARD,True,4,4,3,NP→JX
FLORES,P3,261,10,19,ALL_MORPH_BOUNDARY_GUARD,2,saved_H3_exact_target_token,,NO_REJECTION,True,4,3,2,XPN→NNG
FLORES,P3,261,14,29,ALL_MORPH_BOUNDARY_GUARD,3,projected_saved_draft_candidate_at_or_after_rejection,3.0,AT_GUARD,True,4,2,1,XSV→EC
FLORES,P3,262,4,13,ALL_MORPH_BOUNDARY_GUARD,1,saved_H3_exact_target_token,,NO_REJECTION,True,4,4,3,SL→SL
FLORES,P3,263,0,0,NP_BOUNDARY_GUARD,3,projected_saved_draft_candidate_at_or_after_rejection,1.0,BEFORE_GUARD,False,4,2,1,NP→JKS
FLORES,P3,263,0,0,ALL_MORPH_BOUNDARY_GUARD,3,projected_saved_draft_candidate_at_or_after_rejection,1.0,BEFORE_GUARD,False,4,2,1,NP→JKS
FLORES,P3,263,3,5,ALL_MORPH_BOUNDARY_GUARD,3,projected_saved_draft_candidate_at_or_after_rejection,1.0,BEFORE_GUARD,False,4,2,1,VX→EP
FLORES,P3,263,4,6,ALL_MORPH_BOUNDARY_GUARD,2,projected_saved_draft_candidate_at_or_after_rejection,2.0,AT_GUARD,True,4,3,2,VX→EP
FLORES,P3,263,6,10,ALL_MORPH_BOUNDARY_GUARD,3,projected_saved_draft_candidate_at_or_after_rejection,1.0,BEFORE_GUARD,False,4,2,1,VX→EP
FLORES,P3,263,10,17,ALL_MORPH_BOUNDARY_GUARD,3,projected_saved_draft_candidate_at_or_after_rejection,1.0,BEFORE_GUARD,False,4,2,1,VX→EP
FLORES,P3,263,11,18,ALL_MORPH_BOUNDARY_GUARD,1,projected_saved_draft_candidate_at_or_after_rejection,3.0,AFTER_GUARD,True,4,4,3,XSA→EC
FLORES,P3,264,2,5,NP_BOUNDARY_GUARD,1,projected_saved_draft_candidate_at_or_after_rejection,2.0,AFTER_GUARD,True,4,4,3,NNB→JX
FLORES,P3,264,2,5,ALL_MORPH_BOUNDARY_GUARD,1,projected_saved_draft_candidate_at_or_after_rejection,2.0,AFTER_GUARD,True,4,4,3,NNB→JX
FLORES,P3,264,3,7,ALL_MORPH_BOUNDARY_GUARD,1,projected_saved_draft_candidate_at_or_after_rejection,1.0,AT_GUARD,True,4,4,3,VA-I→EC
FLORES,P3,264,4,8,ALL_MORPH_BOUNDARY_GUARD,2,projected_saved_draft_candidate_at_or_after_rejection,1.0,BEFORE_GUARD,False,4,3,2,VA-I→EC
FLORES,P3,264,5,9,ALL_MORPH_BOUNDARY_GUARD,1,projected_saved_draft_candidate_at_or_after_rejection,1.0,AT_GUARD,True,4,4,3,VA-I→EC
FLORES,P3,264,6,10,ALL_MORPH_BOUNDARY_GUARD,2,projected_saved_draft_candidate_at_or_after_rejection,1.0,BEFORE_GUARD,False,4,3,2,XSV→ETM
FLORES,P3,265,19,46,ALL_MORPH_BOUNDARY_GUARD,1,projected_saved_draft_candidate_at_or_after_rejection,2.0,AFTER_GUARD,True,4,4,3,XSV→ETM
FLORES,P3,266,11,41,ALL_MORPH_BOUNDARY_GUARD,2,projected_saved_draft_candidate_at_or_after_rejection,3.0,AFTER_GUARD,True,4,3,2,SL→SL
FLORES,P3,266,29,83,ALL_MORPH_BOUNDARY_GUARD,3,projected_saved_draft_candidate_at_or_after_rejection,1.0,BEFORE_GUARD,False,4,2,1,XSV→EC
FLORES,P3,266,30,84,ALL_MORPH_BOUNDARY_GUARD,2,projected_saved_draft_candidate_at_or_after_rejection,4.0,AFTER_GUARD,True,4,3,2,XSV→EC
FLORES,P3,266,33,95,ALL_MORPH_BOUNDARY_GUARD,3,projected_saved_draft_candidate_at_or_after_rejection,3.0,AT_GUARD,True,4,2,1,XSV→ETM
FLORES,P3,268,4,6,ALL_MORPH_BOUNDARY_GUARD,3,projected_saved_draft_candidate_at_or_after_rejection,1.0,BEFORE_GUARD,False,4,2,1,XSV→EC
FLORES,P3,268,5,7,ALL_MORPH_BOUNDARY_GUARD,2,projected_saved_draft_candidate_at_or_after_rejection,1.0,BEFORE_GUARD,False,4,3,2,XSV→EC
FLORES,P3,270,7,22,NP_BOUNDARY_GUARD,3,saved_H3_exact_target_token,,NO_REJECTION,True,4,2,1,NNG→JKS
FLORES,P3,270,7,22,ALL_MORPH_BOUNDARY_GUARD,3,saved_H3_exact_target_token,,NO_REJECTION,True,4,2,1,NNG→JKS
FLORES,P3,271,17,32,NP_BOUNDARY_GUARD,2,projected_saved_draft_candidate_at_or_after_rejection,2.0,AT_GUARD,True,4,3,2,NNG→JKG
FLORES,P3,271,17,32,ALL_MORPH_BOUNDARY_GUARD,2,projected_saved_draft_candidate_at_or_after_rejection,2.0,AT_GUARD,True,4,3,2,NNG→JKG
FLORES,P3,272,1,4,NP_BOUNDARY_GUARD,1,projected_saved_draft_candidate_at_or_after_rejection,1.0,AT_GUARD,True,4,4,3,NNG→JX
FLORES,P3,272,1,4,ALL_MORPH_BOUNDARY_GUARD,1,projected_saved_draft_candidate_at_or_after_rejection,1.0,AT_GUARD,True,4,4,3,NNG→JX
FLORES,P3,272,9,19,ALL_MORPH_BOUNDARY_GUARD,1,projected_saved_draft_candidate_at_or_after_rejection,1.0,AT_GUARD,True,4,4,3,XSV→EP
FLORES,P3,272,30,65,ALL_MORPH_BOUNDARY_GUARD,2,saved_H3_exact_target_token,,NO_REJECTION,True,4,3,2,VX→EF
FLORES,P3,274,1,1,ALL_MORPH_BOUNDARY_GUARD,2,saved_H3_exact_target_token,,NO_REJECTION,True,4,3,2,SS→SL
FLORES,P3,274,4,13,ALL_MORPH_BOUNDARY_GUARD,3,saved_H3_exact_target_token,,NO_REJECTION,True,4,2,1,SL→SL
FLORES,P3,275,3,6,NP_BOUNDARY_GUARD,1,saved_H3_exact_target_token,,NO_REJECTION,True,4,4,3,NNG→JX
FLORES,P3,275,3,6,ALL_MORPH_BOUNDARY_GUARD,1,saved_H3_exact_target_token,,NO_REJECTION,True,4,4,3,NNG→JX
FLORES,P3,275,13,27,ALL_MORPH_BOUNDARY_GUARD,3,projected_saved_draft_candidate_at_or_after_rejection,1.0,BEFORE_GUARD,False,4,2,1,EP→EF
FLORES,P3,275,20,47,NP_BOUNDARY_GUARD,3,projected_saved_draft_candidate_at_or_after_rejection,1.0,BEFORE_GUARD,False,4,2,1,NNG→JKB
FLORES,P3,275,20,47,ALL_MORPH_BOUNDARY_GUARD,3,projected_saved_draft_candidate_at_or_after_rejection,1.0,BEFORE_GUARD,False,4,2,1,NNG→JKB
FLORES,P3,275,22,52,ALL_MORPH_BOUNDARY_GUARD,3,saved_H3_exact_target_token,,NO_REJECTION,True,4,2,1,EP→EF
FLORES,P3,276,17,27,NP_BOUNDARY_GUARD,2,projected_saved_draft_candidate_at_or_after_rejection,1.0,BEFORE_GUARD,False,4,3,2,NNB→JKO
FLORES,P3,276,17,27,ALL_MORPH_BOUNDARY_GUARD,2,projected_saved_draft_candidate_at_or_after_rejection,1.0,BEFORE_GUARD,False,4,3,2,NNB→JKO
FLORES,P3,277,20,55,ALL_MORPH_BOUNDARY_GUARD,3,saved_H3_exact_target_token,,NO_REJECTION,True,4,2,1,XSV→EC
FLORES,P3,279,8,18,NP_BOUNDARY_GUARD,1,projected_saved_draft_candidate_at_or_after_rejection,1.0,AT_GUARD,True,4,4,3,NNG→JKS
FLORES,P3,279,8,18,ALL_MORPH_BOUNDARY_GUARD,1,projected_saved_draft_candidate_at_or_after_rejection,1.0,AT_GUARD,True,4,4,3,NNG→JKS
FLORES,P3,279,15,30,NP_BOUNDARY_GUARD,3,projected_saved_draft_candidate_at_or_after_rejection,1.0,BEFORE_GUARD,False,4,2,1,NNG→JKO
FLORES,P3,279,15,30,ALL_MORPH_BOUNDARY_GUARD,3,projected_saved_draft_candidate_at_or_after_rejection,1.0,BEFORE_GUARD,False,4,2,1,NNG→JKO
FLORES,P3,280,6,24,ALL_MORPH_BOUNDARY_GUARD,3,saved_H3_exact_target_token,,NO_REJECTION,True,4,2,1,SL→SL
FLORES,P3,285,2,3,ALL_MORPH_BOUNDARY_GUARD,1,projected_saved_draft_candidate_at_or_after_rejection,2.0,AFTER_GUARD,True,4,4,3,JKB→JX
FLORES,P3,288,2,4,ALL_MORPH_BOUNDARY_GUARD,2,projected_saved_draft_candidate_at_or_after_rejection,2.0,AT_GUARD,True,4,3,2,XSV→EC
FLORES,P3,288,13,32,NP_BOUNDARY_GUARD,2,projected_saved_draft_candidate_at_or_after_rejection,3.0,AFTER_GUARD,True,4,3,2,NNB→JKB
FLORES,P3,288,13,32,ALL_MORPH_BOUNDARY_GUARD,2,projected_saved_draft_candidate_at_or_after_rejection,3.0,AFTER_GUARD,True,4,3,2,NNB→JKB
FLORES,P3,289,16,27,ALL_MORPH_BOUNDARY_GUARD,3,projected_saved_draft_candidate_at_or_after_rejection,3.0,AT_GUARD,True,4,2,1,XSV→EC
FLORES,P3,289,18,31,ALL_MORPH_BOUNDARY_GUARD,2,projected_saved_draft_candidate_at_or_after_rejection,2.0,AT_GUARD,True,4,3,2,XSN→JX
FLORES,P3,289,27,50,ALL_MORPH_BOUNDARY_GUARD,1,saved_H3_exact_target_token,,NO_REJECTION,True,3,3,2,VX→EF
FLORES,P3,290,17,25,ALL_MORPH_BOUNDARY_GUARD,2,projected_saved_draft_candidate_at_or_after_rejection,2.0,AT_GUARD,True,4,3,2,XSN→JKG
FLORES,P3,290,21,30,ALL_MORPH_BOUNDARY_GUARD,2,projected_saved_draft_candidate_at_or_after_rejection,3.0,AFTER_GUARD,True,4,3,2,XSV→ETM
FLORES,P3,290,23,34,ALL_MORPH_BOUNDARY_GUARD,2,projected_saved_draft_candidate_at_or_after_rejection,3.0,AFTER_GUARD,True,4,3,2,VV→ETM
FLORES,P3,290,24,37,ALL_MORPH_BOUNDARY_GUARD,3,projected_saved_draft_candidate_at_or_after_rejection,2.0,BEFORE_GUARD,False,4,2,1,XSN→JKS
FLORES,P3,290,25,39,ALL_MORPH_BOUNDARY_GUARD,1,projected_saved_draft_candidate_at_or_after_rejection,1.0,AT_GUARD,True,4,4,3,XSN→JKS
FLORES,P3,290,30,51,ALL_MORPH_BOUNDARY_GUARD,1,projected_saved_draft_candidate_at_or_after_rejection,1.0,AT_GUARD,True,4,4,3,VA→EF
FLORES,P3,290,31,52,ALL_MORPH_BOUNDARY_GUARD,3,projected_saved_draft_candidate_at_or_after_rejection,4.0,AFTER_GUARD,True,4,2,1,SF→SSC
FLORES,P3,291,8,9,ALL_MORPH_BOUNDARY_GUARD,3,projected_saved_draft_candidate_at_or_after_rejection,4.0,AFTER_GUARD,True,4,2,1,XSV→ETM
FLORES,P3,291,12,17,ALL_MORPH_BOUNDARY_GUARD,3,projected_saved_draft_candidate_at_or_after_rejection,2.0,BEFORE_GUARD,False,4,2,1,XSN→JKB
FLORES,P3,291,28,43,ALL_MORPH_BOUNDARY_GUARD,2,projected_saved_draft_candidate_at_or_after_rejection,2.0,AT_GUARD,True,4,3,2,VX→ETM
FLORES,P3,291,29,45,ALL_MORPH_BOUNDARY_GUARD,1,saved_H3_exact_target_token,,NO_REJECTION,True,4,4,3,EP→EF
FLORES,P3,293,2,5,ALL_MORPH_BOUNDARY_GUARD,3,projected_saved_draft_candidate_at_or_after_rejection,3.0,AT_GUARD,True,4,2,1,VX→ETM
FLORES,P3,293,17,33,ALL_MORPH_BOUNDARY_GUARD,2,projected_saved_draft_candidate_at_or_after_rejection,3.0,AFTER_GUARD,True,4,3,2,VX→ETM
FLORES,P3,294,14,33,NP_BOUNDARY_GUARD,1,projected_saved_draft_candidate_at_or_after_rejection,3.0,AFTER_GUARD,True,4,4,3,NNB→JKO
FLORES,P3,294,14,33,ALL_MORPH_BOUNDARY_GUARD,1,projected_saved_draft_candidate_at_or_after_rejection,3.0,AFTER_GUARD,True,4,4,3,NNB→JKO
FLORES,P3,294,25,59,NP_BOUNDARY_GUARD,3,projected_saved_draft_candidate_at_or_after_rejection,1.0,BEFORE_GUARD,False,4,2,1,NNB→JKO
FLORES,P3,294,25,59,ALL_MORPH_BOUNDARY_GUARD,3,projected_saved_draft_candidate_at_or_after_rejection,1.0,BEFORE_GUARD,False,4,2,1,NNB→JKO
FLORES,P3,294,26,60,NP_BOUNDARY_GUARD,3,projected_saved_draft_candidate_at_or_after_rejection,1.0,BEFORE_GUARD,False,4,2,1,NNB→JKO
FLORES,P3,294,26,60,ALL_MORPH_BOUNDARY_GUARD,3,projected_saved_draft_candidate_at_or_after_rejection,1.0,BEFORE_GUARD,False,4,2,1,NNB→JKO
FLORES,P3,295,10,14,ALL_MORPH_BOUNDARY_GUARD,3,projected_saved_draft_candidate_at_or_after_rejection,1.0,BEFORE_GUARD,False,4,2,1,XSN→JX
FLORES,P3,295,17,27,ALL_MORPH_BOUNDARY_GUARD,3,projected_saved_draft_candidate_at_or_after_rejection,2.0,BEFORE_GUARD,False,4,2,1,NNB→VCP
FLORES,P3,299,2,3,NP_BOUNDARY_GUARD,1,projected_saved_draft_candidate_at_or_after_rejection,2.0,AFTER_GUARD,True,4,4,3,NNG→JX
FLORES,P3,299,2,3,ALL_MORPH_BOUNDARY_GUARD,1,projected_saved_draft_candidate_at_or_after_rejection,2.0,AFTER_GUARD,True,4,4,3,NNG→JX
FLORES,P3,299,9,20,ALL_MORPH_BOUNDARY_GUARD,1,projected_saved_draft_candidate_at_or_after_rejection,1.0,AT_GUARD,True,3,3,2,EP→EF
FLORES,P3,300,11,21,ALL_MORPH_BOUNDARY_GUARD,3,projected_saved_draft_candidate_at_or_after_rejection,1.0,BEFORE_GUARD,False,4,2,1,XSV→ETN
FLORES,P3,301,10,31,ALL_MORPH_BOUNDARY_GUARD,1,saved_H3_exact_target_token,,NO_REJECTION,True,3,3,2,EP→EF
FLORES,P3,302,0,0,ALL_MORPH_BOUNDARY_GUARD,3,projected_saved_draft_candidate_at_or_after_rejection,1.0,BEFORE_GUARD,False,4,2,1,SO→SL
FLORES,P3,303,5,11,ALL_MORPH_BOUNDARY_GUARD,3,projected_saved_draft_candidate_at_or_after_rejection,3.0,AT_GUARD,True,4,2,1,XSV→EC
FLORES,P3,303,9,20,ALL_MORPH_BOUNDARY_GUARD,2,saved_H3_exact_target_token,,NO_REJECTION,True,4,3,2,XSV→EP
FLORES,P3,303,15,40,ALL_MORPH_BOUNDARY_GUARD,1,projected_saved_draft_candidate_at_or_after_rejection,2.0,AFTER_GUARD,True,4,4,3,XSV→EC
FLORES,P3,303,20,50,NP_BOUNDARY_GUARD,2,projected_saved_draft_candidate_at_or_after_rejection,4.0,AFTER_GUARD,True,4,3,2,NNG→JKO
FLORES,P3,303,20,50,ALL_MORPH_BOUNDARY_GUARD,2,projected_saved_draft_candidate_at_or_after_rejection,4.0,AFTER_GUARD,True,4,3,2,NNG→JKO
FLORES,P3,305,9,25,NP_BOUNDARY_GUARD,1,projected_saved_draft_candidate_at_or_after_rejection,2.0,AFTER_GUARD,True,4,4,3,NNB→JKO
FLORES,P3,305,9,25,ALL_MORPH_BOUNDARY_GUARD,1,projected_saved_draft_candidate_at_or_after_rejection,2.0,AFTER_GUARD,True,4,4,3,NNB→JKO
FLORES,P3,305,15,39,ALL_MORPH_BOUNDARY_GUARD,3,projected_saved_draft_candidate_at_or_after_rejection,1.0,BEFORE_GUARD,False,4,2,1,SO→SL
FLORES,P3,305,20,45,NP_BOUNDARY_GUARD,1,projected_saved_draft_candidate_at_or_after_rejection,2.0,AFTER_GUARD,True,4,4,3,NNB→JKB
FLORES,P3,305,20,45,ALL_MORPH_BOUNDARY_GUARD,1,projected_saved_draft_candidate_at_or_after_rejection,2.0,AFTER_GUARD,True,4,4,3,NNB→JKB
FLORES,P3,306,16,34,ALL_MORPH_BOUNDARY_GUARD,2,projected_saved_draft_candidate_at_or_after_rejection,1.0,BEFORE_GUARD,False,4,3,2,XSA→EC
FLORES,P3,306,20,44,ALL_MORPH_BOUNDARY_GUARD,1,projected_saved_draft_candidate_at_or_after_rejection,2.0,AFTER_GUARD,True,4,4,3,SF→SSC
FLORES,P3,306,22,50,ALL_MORPH_BOUNDARY_GUARD,1,saved_H3_exact_target_token,,NO_REJECTION,True,3,3,2,VA→EF
FLORES,P3,308,9,20,ALL_MORPH_BOUNDARY_GUARD,1,projected_saved_draft_candidate_at_or_after_rejection,1.0,AT_GUARD,True,4,4,3,VA→EC
FLORES,P3,308,10,21,ALL_MORPH_BOUNDARY_GUARD,2,projected_saved_draft_candidate_at_or_after_rejection,1.0,BEFORE_GUARD,False,4,3,2,VX→EP
FLORES,P3,308,11,22,ALL_MORPH_BOUNDARY_GUARD,1,saved_H3_exact_target_token,,NO_REJECTION,True,4,4,3,XSV→EC
FLORES,P3,309,4,13,ALL_MORPH_BOUNDARY_GUARD,2,projected_saved_draft_candidate_at_or_after_rejection,1.0,BEFORE_GUARD,False,4,3,2,SL→SL
FLORES,P3,309,5,14,ALL_MORPH_BOUNDARY_GUARD,2,saved_H3_exact_target_token,,NO_REJECTION,True,4,3,2,SL→SL
FLORES,P3,310,12,21,ALL_MORPH_BOUNDARY_GUARD,2,projected_saved_draft_candidate_at_or_after_rejection,2.0,AT_GUARD,True,4,3,2,VV→EC
FLORES,P3,311,8,11,ALL_MORPH_BOUNDARY_GUARD,3,saved_H3_exact_target_token,,NO_REJECTION,True,4,2,1,XSN→JKB
FLORES,P3,312,4,5,ALL_MORPH_BOUNDARY_GUARD,1,projected_saved_draft_candidate_at_or_after_rejection,1.0,AT_GUARD,True,4,4,3,XSN→JKS
FLORES,P3,312,5,6,ALL_MORPH_BOUNDARY_GUARD,1,projected_saved_draft_candidate_at_or_after_rejection,2.0,AFTER_GUARD,True,4,4,3,XSN→JKS
FLORES,P3,312,6,8,ALL_MORPH_BOUNDARY_GUARD,2,projected_saved_draft_candidate_at_or_after_rejection,1.0,BEFORE_GUARD,False,4,3,2,XSV→EP
FLORES,P3,312,7,9,ALL_MORPH_BOUNDARY_GUARD,1,projected_saved_draft_candidate_at_or_after_rejection,1.0,AT_GUARD,True,4,4,3,XSV→EC
FLORES,P3,313,18,37,ALL_MORPH_BOUNDARY_GUARD,3,projected_saved_draft_candidate_at_or_after_rejection,3.0,AT_GUARD,True,4,2,1,XSV→EP
FLORES,P3,313,24,47,ALL_MORPH_BOUNDARY_GUARD,2,projected_saved_draft_candidate_at_or_after_rejection,2.0,AT_GUARD,True,4,3,2,XSN→JKS
FLORES,P3,317,3,5,ALL_MORPH_BOUNDARY_GUARD,1,projected_saved_draft_candidate_at_or_after_rejection,1.0,AT_GUARD,True,4,4,3,XSV→EC
FLORES,P3,317,18,28,ALL_MORPH_BOUNDARY_GUARD,2,saved_H3_exact_target_token,,NO_REJECTION,True,4,3,2,XSV→ETN
FLORES,P3,318,5,10,ALL_MORPH_BOUNDARY_GUARD,1,projected_saved_draft_candidate_at_or_after_rejection,2.0,AFTER_GUARD,True,4,4,3,XSV→EC
FLORES,P3,318,13,28,ALL_MORPH_BOUNDARY_GUARD,1,projected_saved_draft_candidate_at_or_after_rejection,1.0,AT_GUARD,True,3,3,2,EP→EF
FLORES,P3,320,10,17,ALL_MORPH_BOUNDARY_GUARD,1,saved_H3_exact_target_token,,NO_REJECTION,True,3,3,2,VX→EF
FLORES,P3,321,9,24,ALL_MORPH_BOUNDARY_GUARD,1,projected_saved_draft_candidate_at_or_after_rejection,3.0,AFTER_GUARD,True,4,4,3,EP→EF
FLORES,P3,321,25,63,ALL_MORPH_BOUNDARY_GUARD,3,projected_saved_draft_candidate_at_or_after_rejection,1.0,BEFORE_GUARD,False,4,2,1,XSA→EF
FLORES,P3,321,29,72,ALL_MORPH_BOUNDARY_GUARD,1,saved_H3_exact_target_token,,NO_REJECTION,True,4,4,3,EP→EF
FLORES,P3,322,4,12,NP_BOUNDARY_GUARD,1,projected_saved_draft_candidate_at_or_after_rejection,2.0,AFTER_GUARD,True,4,4,3,NP→JKS
FLORES,P3,322,4,12,ALL_MORPH_BOUNDARY_GUARD,1,projected_saved_draft_candidate_at_or_after_rejection,2.0,AFTER_GUARD,True,4,4,3,NP→JKS
FLORES,P3,322,24,48,ALL_MORPH_BOUNDARY_GUARD,3,projected_saved_draft_candidate_at_or_after_rejection,1.0,BEFORE_GUARD,False,4,2,1,EC→JX
FLORES,P3,322,26,50,ALL_MORPH_BOUNDARY_GUARD,2,projected_saved_draft_candidate_at_or_after_rejection,4.0,AFTER_GUARD,True,4,3,2,XSA→EF
FLORES,P3,322,32,67,ALL_MORPH_BOUNDARY_GUARD,1,saved_H3_exact_target_token,,NO_REJECTION,True,4,4,3,SF→SSC
FLORES,P3,323,16,35,ALL_MORPH_BOUNDARY_GUARD,2,saved_H3_exact_target_token,,NO_REJECTION,True,4,3,2,XSV→ETM
FLORES,P3,323,22,52,ALL_MORPH_BOUNDARY_GUARD,2,projected_saved_draft_candidate_at_or_after_rejection,2.0,AT_GUARD,True,4,3,2,EP→EF
FLORES,P3,324,32,67,NP_BOUNDARY_GUARD,2,projected_saved_draft_candidate_at_or_after_rejection,1.0,BEFORE_GUARD,False,4,3,2,NNB→JKO
FLORES,P3,324,32,67,ALL_MORPH_BOUNDARY_GUARD,2,projected_saved_draft_candidate_at_or_after_rejection,1.0,BEFORE_GUARD,False,4,3,2,NNB→JKO
FLORES,P3,324,34,72,ALL_MORPH_BOUNDARY_GUARD,1,projected_saved_draft_candidate_at_or_after_rejection,1.0,AT_GUARD,True,4,4,3,EP→EC
FLORES,P3,327,26,65,ALL_MORPH_BOUNDARY_GUARD,2,projected_saved_draft_candidate_at_or_after_rejection,2.0,AT_GUARD,True,4,3,2,XSV→EC
FLORES,P3,328,0,0,NP_BOUNDARY_GUARD,3,projected_saved_draft_candidate_at_or_after_rejection,1.0,BEFORE_GUARD,False,4,2,1,NNG→JX
FLORES,P3,328,0,0,ALL_MORPH_BOUNDARY_GUARD,3,projected_saved_draft_candidate_at_or_after_rejection,1.0,BEFORE_GUARD,False,4,2,1,NNG→JX
FLORES,P3,328,8,18,ALL_MORPH_BOUNDARY_GUARD,3,saved_H3_exact_target_token,,NO_REJECTION,True,4,2,1,XSV→ETN
FLORES,P3,328,12,31,ALL_MORPH_BOUNDARY_GUARD,2,saved_H3_exact_target_token,,NO_REJECTION,True,4,3,2,EP→EF
FLORES,P3,329,24,50,ALL_MORPH_BOUNDARY_GUARD,3,saved_H3_exact_target_token,,NO_REJECTION,True,4,2,1,VCP→EF
FLORES,P3,330,0,0,ALL_MORPH_BOUNDARY_GUARD,3,projected_saved_draft_candidate_at_or_after_rejection,1.0,BEFORE_GUARD,False,4,2,1,XSN→JX
FLORES,P3,330,5,6,NP_BOUNDARY_GUARD,1,projected_saved_draft_candidate_at_or_after_rejection,2.0,AFTER_GUARD,True,4,4,3,NNG→JKS
FLORES,P3,330,5,6,ALL_MORPH_BOUNDARY_GUARD,1,projected_saved_draft_candidate_at_or_after_rejection,2.0,AFTER_GUARD,True,4,4,3,NNG→JKS
FLORES,P3,330,10,21,NP_BOUNDARY_GUARD,3,projected_saved_draft_candidate_at_or_after_rejection,2.0,BEFORE_GUARD,False,4,2,1,NNB→JKO
FLORES,P3,330,10,21,ALL_MORPH_BOUNDARY_GUARD,3,projected_saved_draft_candidate_at_or_after_rejection,2.0,BEFORE_GUARD,False,4,2,1,NNB→JKO
FLORES,P3,330,16,32,ALL_MORPH_BOUNDARY_GUARD,3,projected_saved_draft_candidate_at_or_after_rejection,2.0,BEFORE_GUARD,False,4,2,1,XSN→JKB
FLORES,P3,332,1,4,ALL_MORPH_BOUNDARY_GUARD,1,projected_saved_draft_candidate_at_or_after_rejection,2.0,AFTER_GUARD,True,4,4,3,XSN→JX
FLORES,P3,332,5,15,ALL_MORPH_BOUNDARY_GUARD,1,projected_saved_draft_candidate_at_or_after_rejection,1.0,AT_GUARD,True,4,4,3,XSV→ETM
FLORES,P3,332,10,26,ALL_MORPH_BOUNDARY_GUARD,3,saved_H3_exact_target_token,,NO_REJECTION,True,4,2,1,XSV→EP
FLORES,P3,332,12,32,ALL_MORPH_BOUNDARY_GUARD,1,projected_saved_draft_candidate_at_or_after_rejection,1.0,AT_GUARD,True,4,4,3,XSV→ETN
FLORES,P3,332,15,39,ALL_MORPH_BOUNDARY_GUARD,1,projected_saved_draft_candidate_at_or_after_rejection,1.0,AT_GUARD,True,4,4,3,XSN→JKS
FLORES,P3,333,7,14,ALL_MORPH_BOUNDARY_GUARD,2,projected_saved_draft_candidate_at_or_after_rejection,1.0,BEFORE_GUARD,False,4,3,2,XSN→JKB
FLORES,P3,333,12,26,ALL_MORPH_BOUNDARY_GUARD,3,projected_saved_draft_candidate_at_or_after_rejection,1.0,BEFORE_GUARD,False,4,2,1,XSN→JKB
FLORES,P3,333,15,32,ALL_MORPH_BOUNDARY_GUARD,1,saved_H3_exact_target_token,,NO_REJECTION,True,4,4,3,XSN→JKB
FLORES,P3,334,2,3,ALL_MORPH_BOUNDARY_GUARD,1,projected_saved_draft_candidate_at_or_after_rejection,1.0,AT_GUARD,True,4,4,3,XSN→JKG
FLORES,P3,335,6,12,ALL_MORPH_BOUNDARY_GUARD,1,projected_saved_draft_candidate_at_or_after_rejection,1.0,AT_GUARD,True,4,4,3,VCP→EC
FLORES,P3,335,9,15,ALL_MORPH_BOUNDARY_GUARD,2,saved_H3_exact_target_token,,NO_REJECTION,True,4,3,2,VV→EF
FLORES,P3,336,2,5,ALL_MORPH_BOUNDARY_GUARD,2,saved_H3_exact_target_token,,NO_REJECTION,True,4,3,2,XSV→ETM
FLORES,P3,336,4,13,NP_BOUNDARY_GUARD,2,saved_H3_exact_target_token,,NO_REJECTION,True,4,3,2,NNG→JKS
FLORES,P3,336,4,13,ALL_MORPH_BOUNDARY_GUARD,2,saved_H3_exact_target_token,,NO_REJECTION,True,4,3,2,NNG→JKS
FLORES,P3,336,19,49,ALL_MORPH_BOUNDARY_GUARD,2,projected_saved_draft_candidate_at_or_after_rejection,2.0,AT_GUARD,True,4,3,2,VA→EC
FLORES,P3,337,1,1,ALL_MORPH_BOUNDARY_GUARD,3,projected_saved_draft_candidate_at_or_after_rejection,1.0,BEFORE_GUARD,False,4,2,1,SO→SL
FLORES,P3,337,2,2,ALL_MORPH_BOUNDARY_GUARD,2,saved_H3_exact_target_token,,NO_REJECTION,True,4,3,2,SO→SL
FLORES,P3,337,4,10,ALL_MORPH_BOUNDARY_GUARD,1,saved_H3_exact_target_token,,NO_REJECTION,True,4,4,3,SO→SL
FLORES,P3,337,9,30,ALL_MORPH_BOUNDARY_GUARD,1,saved_H3_exact_target_token,,NO_REJECTION,True,3,3,2,SL→SL
FLORES,P3,338,12,27,ALL_MORPH_BOUNDARY_GUARD,1,projected_saved_draft_candidate_at_or_after_rejection,1.0,AT_GUARD,True,4,4,3,NNB→VCP
FLORES,P3,338,18,34,ALL_MORPH_BOUNDARY_GUARD,2,projected_saved_draft_candidate_at_or_after_rejection,1.0,BEFORE_GUARD,False,4,3,2,VA→ETM
FLORES,P3,338,27,54,ALL_MORPH_BOUNDARY_GUARD,2,saved_H3_exact_target_token,,NO_REJECTION,True,4,3,2,VA→EF
FLORES,P3,339,13,31,ALL_MORPH_BOUNDARY_GUARD,2,projected_saved_draft_candidate_at_or_after_rejection,2.0,AT_GUARD,True,4,3,2,XSN→JKO
FLORES,P3,339,19,43,ALL_MORPH_BOUNDARY_GUARD,1,projected_saved_draft_candidate_at_or_after_rejection,2.0,AFTER_GUARD,True,4,4,3,XSN→JKS
FLORES,P3,340,16,40,ALL_MORPH_BOUNDARY_GUARD,3,projected_saved_draft_candidate_at_or_after_rejection,1.0,BEFORE_GUARD,False,4,2,1,SO→SL
FLORES,P3,341,9,20,ALL_MORPH_BOUNDARY_GUARD,3,projected_saved_draft_candidate_at_or_after_rejection,2.0,BEFORE_GUARD,False,4,2,1,XSN→JX
FLORES,P3,341,10,22,ALL_MORPH_BOUNDARY_GUARD,1,projected_saved_draft_candidate_at_or_after_rejection,2.0,AFTER_GUARD,True,4,4,3,XSN→JX
FLORES,P3,341,15,32,ALL_MORPH_BOUNDARY_GUARD,3,projected_saved_draft_candidate_at_or_after_rejection,1.0,BEFORE_GUARD,False,4,2,1,XSV→EP
FLORES,P3,341,19,45,ALL_MORPH_BOUNDARY_GUARD,3,projected_saved_draft_candidate_at_or_after_rejection,1.0,BEFORE_GUARD,False,4,2,1,XSN→JKB
FLORES,P3,341,20,46,ALL_MORPH_BOUNDARY_GUARD,1,projected_saved_draft_candidate_at_or_after_rejection,2.0,AFTER_GUARD,True,4,4,3,XSN→JKB
FLORES,P3,341,21,48,ALL_MORPH_BOUNDARY_GUARD,3,projected_saved_draft_candidate_at_or_after_rejection,1.0,BEFORE_GUARD,False,4,2,1,VV→ETM
FLORES,P3,341,41,86,ALL_MORPH_BOUNDARY_GUARD,3,projected_saved_draft_candidate_at_or_after_rejection,1.0,BEFORE_GUARD,False,4,2,1,SSO→SL
FLORES,P3,341,43,91,ALL_MORPH_BOUNDARY_GUARD,1,saved_H3_exact_target_token,,NO_REJECTION,True,4,4,3,SSO→SL
FLORES,P3,342,13,27,ALL_MORPH_BOUNDARY_GUARD,2,saved_H3_exact_target_token,,NO_REJECTION,True,4,3,2,VA→EF
FLORES,P3,343,4,13,ALL_MORPH_BOUNDARY_GUARD,2,saved_H3_exact_target_token,,NO_REJECTION,True,4,3,2,SL→SL
FLORES,P3,343,16,41,ALL_MORPH_BOUNDARY_GUARD,2,saved_H3_exact_target_token,,NO_REJECTION,True,4,3,2,VA→EC
FLORES,P3,343,26,59,ALL_MORPH_BOUNDARY_GUARD,2,projected_saved_draft_candidate_at_or_after_rejection,4.0,AFTER_GUARD,True,4,3,2,VA→EF
FLORES,P3,343,34,79,ALL_MORPH_BOUNDARY_GUARD,2,projected_saved_draft_candidate_at_or_after_rejection,1.0,BEFORE_GUARD,False,4,3,2,VV→EC
FLORES,P3,343,35,80,ALL_MORPH_BOUNDARY_GUARD,1,projected_saved_draft_candidate_at_or_after_rejection,1.0,AT_GUARD,True,4,4,3,VV→EC
FLORES,P3,343,36,81,ALL_MORPH_BOUNDARY_GUARD,2,saved_H3_exact_target_token,,NO_REJECTION,True,4,3,2,VA→EF
FLORES,P3,344,3,9,ALL_MORPH_BOUNDARY_GUARD,3,saved_H3_exact_target_token,,NO_REJECTION,True,4,2,1,SL→SL
FLORES,P3,344,14,45,ALL_MORPH_BOUNDARY_GUARD,3,projected_saved_draft_candidate_at_or_after_rejection,3.0,AT_GUARD,True,4,2,1,VV→EC
FLORES,P3,344,18,58,ALL_MORPH_BOUNDARY_GUARD,2,projected_saved_draft_candidate_at_or_after_rejection,4.0,AFTER_GUARD,True,4,3,2,VA→EF
FLORES,P3,344,26,78,ALL_MORPH_BOUNDARY_GUARD,2,projected_saved_draft_candidate_at_or_after_rejection,4.0,AFTER_GUARD,True,4,3,2,VV→ETM
FLORES,P3,345,10,21,ALL_MORPH_BOUNDARY_GUARD,3,projected_saved_draft_candidate_at_or_after_rejection,2.0,BEFORE_GUARD,False,4,2,1,XSV→EC
FLORES,P3,347,6,21,ALL_MORPH_BOUNDARY_GUARD,1,saved_H3_exact_target_token,,NO_REJECTION,True,3,3,2,SL→SL
FLORES,P3,348,11,20,ALL_MORPH_BOUNDARY_GUARD,2,projected_saved_draft_candidate_at_or_after_rejection,1.0,BEFORE_GUARD,False,4,3,2,JKB→JX
FLORES,P3,348,14,29,NP_BOUNDARY_GUARD,2,projected_saved_draft_candidate_at_or_after_rejection,2.0,AT_GUARD,True,4,3,2,NNG→JKS
FLORES,P3,348,14,29,ALL_MORPH_BOUNDARY_GUARD,2,projected_saved_draft_candidate_at_or_after_rejection,2.0,AT_GUARD,True,4,3,2,NNG→JKS
FLORES,P3,348,15,31,ALL_MORPH_BOUNDARY_GUARD,3,projected_saved_draft_candidate_at_or_after_rejection,1.0,BEFORE_GUARD,False,4,2,1,SSC→SF
FLORES,P3,348,16,32,ALL_MORPH_BOUNDARY_GUARD,2,saved_H3_exact_target_token,,NO_REJECTION,True,3,2,1,SSC→SF
FLORES,P3,349,10,24,ALL_MORPH_BOUNDARY_GUARD,1,projected_saved_draft_candidate_at_or_after_rejection,2.0,AFTER_GUARD,True,4,4,3,XSN→JKO
FLORES,P3,349,14,31,ALL_MORPH_BOUNDARY_GUARD,3,projected_saved_draft_candidate_at_or_after_rejection,1.0,BEFORE_GUARD,False,4,2,1,VX→EF
FLORES,P3,349,16,33,ALL_MORPH_BOUNDARY_GUARD,1,saved_H3_exact_target_token,,NO_REJECTION,True,3,3,2,VX→EF
FLORES,P3,350,5,12,ALL_MORPH_BOUNDARY_GUARD,3,projected_saved_draft_candidate_at_or_after_rejection,4.0,AFTER_GUARD,True,4,2,1,XSV→EF
FLORES,P3,350,7,20,ALL_MORPH_BOUNDARY_GUARD,2,projected_saved_draft_candidate_at_or_after_rejection,4.0,AFTER_GUARD,True,4,3,2,VX→EC
FLORES,P3,350,11,28,ALL_MORPH_BOUNDARY_GUARD,3,projected_saved_draft_candidate_at_or_after_rejection,3.0,AT_GUARD,True,4,2,1,XSV→ETM
FLORES,P3,351,8,10,ALL_MORPH_BOUNDARY_GUARD,3,saved_H3_exact_target_token,,NO_REJECTION,True,4,2,1,XSN→JX
FLORES,P3,351,19,35,ALL_MORPH_BOUNDARY_GUARD,1,saved_H3_exact_target_token,,NO_REJECTION,True,3,3,2,EP→EF
FLORES,P3,353,11,25,NP_BOUNDARY_GUARD,2,projected_saved_draft_candidate_at_or_after_rejection,1.0,BEFORE_GUARD,False,4,3,2,NNG→JKS
FLORES,P3,353,11,25,ALL_MORPH_BOUNDARY_GUARD,2,projected_saved_draft_candidate_at_or_after_rejection,1.0,BEFORE_GUARD,False,4,3,2,NNG→JKS
FLORES,P3,353,15,35,ALL_MORPH_BOUNDARY_GUARD,2,projected_saved_draft_candidate_at_or_after_rejection,3.0,AFTER_GUARD,True,4,3,2,JKB→JX
FLORES,P3,353,22,54,ALL_MORPH_BOUNDARY_GUARD,3,projected_saved_draft_candidate_at_or_after_rejection,3.0,AT_GUARD,True,4,2,1,XSV→EC
FLORES,P3,354,4,14,ALL_MORPH_BOUNDARY_GUARD,2,projected_saved_draft_candidate_at_or_after_rejection,4.0,AFTER_GUARD,True,4,3,2,SL→SL
FLORES,P3,354,12,32,ALL_MORPH_BOUNDARY_GUARD,3,projected_saved_draft_candidate_at_or_after_rejection,1.0,BEFORE_GUARD,False,4,2,1,XSV→ETM
FLORES,P3,354,19,43,ALL_MORPH_BOUNDARY_GUARD,2,projected_saved_draft_candidate_at_or_after_rejection,2.0,AT_GUARD,True,4,3,2,XSV→ETM
FLORES,P3,354,20,45,ALL_MORPH_BOUNDARY_GUARD,1,saved_H3_exact_target_token,,NO_REJECTION,True,3,3,2,VX→EF
FLORES,P3,355,2,3,ALL_MORPH_BOUNDARY_GUARD,1,projected_saved_draft_candidate_at_or_after_rejection,2.0,AFTER_GUARD,True,4,4,3,VA→ETM
FLORES,P3,355,5,7,ALL_MORPH_BOUNDARY_GUARD,2,projected_saved_draft_candidate_at_or_after_rejection,1.0,BEFORE_GUARD,False,4,3,2,XSV→EC
FLORES,P3,355,9,16,ALL_MORPH_BOUNDARY_GUARD,2,projected_saved_draft_candidate_at_or_after_rejection,3.0,AFTER_GUARD,True,4,3,2,XSV→EC
FLORES,P3,355,12,22,ALL_MORPH_BOUNDARY_GUARD,1,projected_saved_draft_candidate_at_or_after_rejection,1.0,AT_GUARD,True,4,4,3,VV→ETM
FLORES,P3,356,10,28,ALL_MORPH_BOUNDARY_GUARD,2,projected_saved_draft_candidate_at_or_after_rejection,2.0,AT_GUARD,True,4,3,2,XSV→EC
FLORES,P3,357,6,12,NP_BOUNDARY_GUARD,2,projected_saved_draft_candidate_at_or_after_rejection,1.0,BEFORE_GUARD,False,4,3,2,NNB→JX
FLORES,P3,357,6,12,ALL_MORPH_BOUNDARY_GUARD,2,projected_saved_draft_candidate_at_or_after_rejection,1.0,BEFORE_GUARD,False,4,3,2,NNB→JX
FLORES,P3,358,4,10,ALL_MORPH_BOUNDARY_GUARD,1,saved_H3_exact_target_token,,NO_REJECTION,True,4,4,3,VA-I→EC
FLORES,P3,358,9,26,ALL_MORPH_BOUNDARY_GUARD,2,projected_saved_draft_candidate_at_or_after_rejection,3.0,AFTER_GUARD,True,4,3,2,EP→EF
FLORES,P3,359,4,13,ALL_MORPH_BOUNDARY_GUARD,2,saved_H3_exact_target_token,,NO_REJECTION,True,4,3,2,SL→SL
FLORES,P3,360,1,2,ALL_MORPH_BOUNDARY_GUARD,1,projected_saved_draft_candidate_at_or_after_rejection,4.0,AFTER_GUARD,True,4,4,3,JKB→JX
FLORES,P3,360,2,6,ALL_MORPH_BOUNDARY_GUARD,3,projected_saved_draft_candidate_at_or_after_rejection,4.0,AFTER_GUARD,True,4,2,1,XSN→JKS
FLORES,P3,360,3,10,ALL_MORPH_BOUNDARY_GUARD,3,projected_saved_draft_candidate_at_or_after_rejection,4.0,AFTER_GUARD,True,4,2,1,XSN→JX
FLORES,P3,360,15,41,ALL_MORPH_BOUNDARY_GUARD,1,projected_saved_draft_candidate_at_or_after_rejection,1.0,AT_GUARD,True,4,4,3,XSA→EC
FLORES,P3,361,1,4,ALL_MORPH_BOUNDARY_GUARD,1,projected_saved_draft_candidate_at_or_after_rejection,2.0,AFTER_GUARD,True,4,4,3,VA→ETM
FLORES,P3,361,22,46,ALL_MORPH_BOUNDARY_GUARD,1,saved_H3_exact_target_token,,NO_REJECTION,True,4,4,3,XSN→JKO
FLORES,P3,362,1,1,ALL_MORPH_BOUNDARY_GUARD,1,saved_H3_exact_target_token,,NO_REJECTION,True,4,4,3,XSN→JKG
FLORES,P3,362,2,5,NP_BOUNDARY_GUARD,2,projected_saved_draft_candidate_at_or_after_rejection,1.0,BEFORE_GUARD,False,4,3,2,NNG→JX
FLORES,P3,362,2,5,ALL_MORPH_BOUNDARY_GUARD,2,projected_saved_draft_candidate_at_or_after_rejection,1.0,BEFORE_GUARD,False,4,3,2,NNG→JX
FLORES,P3,362,13,27,ALL_MORPH_BOUNDARY_GUARD,2,saved_H3_exact_target_token,,NO_REJECTION,True,4,3,2,XSV→EC
FLORES,P3,362,16,35,ALL_MORPH_BOUNDARY_GUARD,3,projected_saved_draft_candidate_at_or_after_rejection,3.0,AT_GUARD,True,4,2,1,VV→ETM
FLORES,P3,362,18,41,ALL_MORPH_BOUNDARY_GUARD,1,saved_H3_exact_target_token,,NO_REJECTION,True,4,4,3,XSV→ETM
FLORES,P3,363,12,28,ALL_MORPH_BOUNDARY_GUARD,3,saved_H3_exact_target_token,,NO_REJECTION,True,4,2,1,VX→EF
FLORES,P3,365,0,0,NP_BOUNDARY_GUARD,2,projected_saved_draft_candidate_at_or_after_rejection,2.0,AT_GUARD,True,4,3,2,NNG→JKS
FLORES,P3,365,0,0,ALL_MORPH_BOUNDARY_GUARD,2,projected_saved_draft_candidate_at_or_after_rejection,2.0,AT_GUARD,True,4,3,2,NNG→JKS
FLORES,P3,365,1,2,ALL_MORPH_BOUNDARY_GUARD,1,projected_saved_draft_candidate_at_or_after_rejection,2.0,AFTER_GUARD,True,4,4,3,XSN→JX
FLORES,P3,365,5,12,ALL_MORPH_BOUNDARY_GUARD,1,saved_H3_exact_target_token,,NO_REJECTION,True,4,4,3,VV→EC
FLORES,P3,366,12,26,ALL_MORPH_BOUNDARY_GUARD,3,projected_saved_draft_candidate_at_or_after_rejection,1.0,BEFORE_GUARD,False,4,2,1,VA→ETM
FLORES,P3,366,17,35,ALL_MORPH_BOUNDARY_GUARD,2,projected_saved_draft_candidate_at_or_after_rejection,4.0,AFTER_GUARD,True,4,3,2,XSV→EC
FLORES,P3,366,18,39,ALL_MORPH_BOUNDARY_GUARD,3,projected_saved_draft_candidate_at_or_after_rejection,1.0,BEFORE_GUARD,False,4,2,1,XSN→JKB
FLORES,P3,366,20,41,NP_BOUNDARY_GUARD,2,projected_saved_draft_candidate_at_or_after_rejection,2.0,AT_GUARD,True,4,3,2,NNB→JX
FLORES,P3,366,20,41,ALL_MORPH_BOUNDARY_GUARD,2,projected_saved_draft_candidate_at_or_after_rejection,2.0,AT_GUARD,True,4,3,2,NNB→JX
FLORES,P3,368,6,21,ALL_MORPH_BOUNDARY_GUARD,2,saved_H3_exact_target_token,,NO_REJECTION,True,4,3,2,SL→SL
FLORES,P3,368,14,43,ALL_MORPH_BOUNDARY_GUARD,2,projected_saved_draft_candidate_at_or_after_rejection,1.0,BEFORE_GUARD,False,4,3,2,VA→ETM
FLORES,P3,368,22,56,ALL_MORPH_BOUNDARY_GUARD,1,projected_saved_draft_candidate_at_or_after_rejection,2.0,AFTER_GUARD,True,4,4,3,VA→ETM
FLORES,P3,368,33,79,ALL_MORPH_BOUNDARY_GUARD,2,projected_saved_draft_candidate_at_or_after_rejection,2.0,AT_GUARD,True,4,3,2,VV→ETM
FLORES,P3,368,35,83,ALL_MORPH_BOUNDARY_GUARD,3,projected_saved_draft_candidate_at_or_after_rejection,1.0,BEFORE_GUARD,False,4,2,1,VA→ETM
FLORES,P3,369,6,9,ALL_MORPH_BOUNDARY_GUARD,1,projected_saved_draft_candidate_at_or_after_rejection,2.0,AFTER_GUARD,True,4,4,3,VA→ETM
FLORES,P3,369,11,21,ALL_MORPH_BOUNDARY_GUARD,1,projected_saved_draft_candidate_at_or_after_rejection,3.0,AFTER_GUARD,True,4,4,3,VCN→EC
FLORES,P3,370,1,3,ALL_MORPH_BOUNDARY_GUARD,1,projected_saved_draft_candidate_at_or_after_rejection,1.0,AT_GUARD,True,4,4,3,VCP→ETM
FLORES,P3,370,2,4,ALL_MORPH_BOUNDARY_GUARD,2,projected_saved_draft_candidate_at_or_after_rejection,4.0,AFTER_GUARD,True,4,3,2,VA→ETM
FLORES,P3,370,7,15,ALL_MORPH_BOUNDARY_GUARD,1,projected_saved_draft_candidate_at_or_after_rejection,2.0,AFTER_GUARD,True,4,4,3,XSN→JX
FLORES,P3,370,13,30,ALL_MORPH_BOUNDARY_GUARD,1,projected_saved_draft_candidate_at_or_after_rejection,1.0,AT_GUARD,True,4,4,3,XSN→JKO
FLORES,P3,370,18,41,ALL_MORPH_BOUNDARY_GUARD,2,saved_H3_exact_target_token,,NO_REJECTION,True,4,3,2,XSV→ETM
FLORES,P3,370,21,48,ALL_MORPH_BOUNDARY_GUARD,2,projected_saved_draft_candidate_at_or_after_rejection,2.0,AT_GUARD,True,4,3,2,VA→ETM
FLORES,P3,371,1,3,ALL_MORPH_BOUNDARY_GUARD,2,saved_H3_exact_target_token,,NO_REJECTION,True,4,3,2,XSN→JX
FLORES,P3,371,9,18,ALL_MORPH_BOUNDARY_GUARD,2,projected_saved_draft_candidate_at_or_after_rejection,1.0,BEFORE_GUARD,False,4,3,2,XSN→JKB
FLORES,P3,372,0,0,ALL_MORPH_BOUNDARY_GUARD,2,projected_saved_draft_candidate_at_or_after_rejection,1.0,BEFORE_GUARD,False,4,3,2,XSN→JX
FLORES,P3,373,0,0,ALL_MORPH_BOUNDARY_GUARD,1,projected_saved_draft_candidate_at_or_after_rejection,2.0,AFTER_GUARD,True,4,4,3,VA→ETM
FLORES,P3,373,13,30,ALL_MORPH_BOUNDARY_GUARD,1,projected_saved_draft_candidate_at_or_after_rejection,2.0,AFTER_GUARD,True,4,4,3,VV→EC
FLORES,P3,373,23,56,ALL_MORPH_BOUNDARY_GUARD,3,projected_saved_draft_candidate_at_or_after_rejection,1.0,BEFORE_GUARD,False,4,2,1,VA→EP
FLORES,P3,374,3,12,NP_BOUNDARY_GUARD,2,projected_saved_draft_candidate_at_or_after_rejection,4.0,AFTER_GUARD,True,4,3,2,NNG→JKO
FLORES,P3,374,3,12,ALL_MORPH_BOUNDARY_GUARD,2,projected_saved_draft_candidate_at_or_after_rejection,4.0,AFTER_GUARD,True,4,3,2,NNG→JKO
FLORES,P3,374,11,38,ALL_MORPH_BOUNDARY_GUARD,3,projected_saved_draft_candidate_at_or_after_rejection,1.0,BEFORE_GUARD,False,4,2,1,VA→EF
FLORES,P3,374,15,46,ALL_MORPH_BOUNDARY_GUARD,3,projected_saved_draft_candidate_at_or_after_rejection,1.0,BEFORE_GUARD,False,4,2,1,VA→EF
FLORES,P3,375,2,7,ALL_MORPH_BOUNDARY_GUARD,2,projected_saved_draft_candidate_at_or_after_rejection,3.0,AFTER_GUARD,True,4,3,2,VX→EP
FLORES,P3,375,3,10,ALL_MORPH_BOUNDARY_GUARD,3,projected_saved_draft_candidate_at_or_after_rejection,4.0,AFTER_GUARD,True,4,2,1,XSN→JX
FLORES,P3,375,5,17,ALL_MORPH_BOUNDARY_GUARD,3,projected_saved_draft_candidate_at_or_after_rejection,4.0,AFTER_GUARD,True,4,2,1,VA→ETM
FLORES,P3,376,4,15,ALL_MORPH_BOUNDARY_GUARD,3,saved_H3_exact_target_token,,NO_REJECTION,True,4,2,1,XSV→EC
FLORES,P3,376,5,19,ALL_MORPH_BOUNDARY_GUARD,2,projected_saved_draft_candidate_at_or_after_rejection,2.0,AT_GUARD,True,4,3,2,XSN→JKS
FLORES,P3,376,6,21,ALL_MORPH_BOUNDARY_GUARD,2,projected_saved_draft_candidate_at_or_after_rejection,1.0,BEFORE_GUARD,False,4,3,2,XSN→JKG
FLORES,P3,377,12,31,NP_BOUNDARY_GUARD,2,projected_saved_draft_candidate_at_or_after_rejection,1.0,BEFORE_GUARD,False,4,3,2,NNB→JKS
FLORES,P3,377,12,31,ALL_MORPH_BOUNDARY_GUARD,1,projected_saved_draft_candidate_at_or_after_rejection,1.0,AT_GUARD,True,4,4,3,VV→ETM
FLORES,P3,378,3,8,ALL_MORPH_BOUNDARY_GUARD,2,projected_saved_draft_candidate_at_or_after_rejection,1.0,BEFORE_GUARD,False,4,3,2,VCP→EC
FLORES,P3,378,8,20,ALL_MORPH_BOUNDARY_GUARD,3,projected_saved_draft_candidate_at_or_after_rejection,4.0,AFTER_GUARD,True,4,2,1,XSV→ETM
FLORES,P3,378,12,36,ALL_MORPH_BOUNDARY_GUARD,1,projected_saved_draft_candidate_at_or_after_rejection,2.0,AFTER_GUARD,True,4,4,3,VCP→EC
FLORES,P3,379,3,6,ALL_MORPH_BOUNDARY_GUARD,3,projected_saved_draft_candidate_at_or_after_rejection,1.0,BEFORE_GUARD,False,4,2,1,XSV→ETM
FLORES,P3,379,12,29,ALL_MORPH_BOUNDARY_GUARD,1,projected_saved_draft_candidate_at_or_after_rejection,1.0,AT_GUARD,True,4,4,3,VX→ETM
FLORES,P3,380,4,9,NP_BOUNDARY_GUARD,2,projected_saved_draft_candidate_at_or_after_rejection,2.0,AT_GUARD,True,4,3,2,NNG→JKO
FLORES,P3,380,4,9,ALL_MORPH_BOUNDARY_GUARD,2,projected_saved_draft_candidate_at_or_after_rejection,2.0,AT_GUARD,True,4,3,2,NNG→JKO
FLORES,P3,380,8,20,NP_BOUNDARY_GUARD,3,projected_saved_draft_candidate_at_or_after_rejection,1.0,BEFORE_GUARD,False,4,2,1,NNB→JKO
FLORES,P3,380,8,20,ALL_MORPH_BOUNDARY_GUARD,3,projected_saved_draft_candidate_at_or_after_rejection,1.0,BEFORE_GUARD,False,4,2,1,NNB→JKO
FLORES,P3,380,10,25,ALL_MORPH_BOUNDARY_GUARD,1,projected_saved_draft_candidate_at_or_after_rejection,2.0,AFTER_GUARD,True,4,4,3,XSN→JX
FLORES,P3,381,0,0,NP_BOUNDARY_GUARD,1,projected_saved_draft_candidate_at_or_after_rejection,1.0,AT_GUARD,True,4,4,3,NP→JX
FLORES,P3,381,0,0,ALL_MORPH_BOUNDARY_GUARD,1,projected_saved_draft_candidate_at_or_after_rejection,1.0,AT_GUARD,True,4,4,3,NP→JX
FLORES,P3,381,3,7,ALL_MORPH_BOUNDARY_GUARD,1,projected_saved_draft_candidate_at_or_after_rejection,1.0,AT_GUARD,True,4,4,3,VV→EC
FLORES,P3,381,8,18,ALL_MORPH_BOUNDARY_GUARD,1,projected_saved_draft_candidate_at_or_after_rejection,1.0,AT_GUARD,True,4,4,3,VV→EC
FLORES,P3,381,15,43,ALL_MORPH_BOUNDARY_GUARD,3,projected_saved_draft_candidate_at_or_after_rejection,3.0,AT_GUARD,True,4,2,1,XSN→JKS
FLORES,P3,381,16,46,ALL_MORPH_BOUNDARY_GUARD,3,projected_saved_draft_candidate_at_or_after_rejection,1.0,BEFORE_GUARD,False,4,2,1,VA→EF
FLORES,P3,382,2,4,NP_BOUNDARY_GUARD,3,projected_saved_draft_candidate_at_or_after_rejection,3.0,AT_GUARD,True,4,2,1,NNG→JKB
FLORES,P3,382,2,4,ALL_MORPH_BOUNDARY_GUARD,3,projected_saved_draft_candidate_at_or_after_rejection,3.0,AT_GUARD,True,4,2,1,NNG→JKB
FLORES,P3,382,6,14,NP_BOUNDARY_GUARD,3,saved_H3_exact_target_token,,NO_REJECTION,True,4,2,1,NNB→JKB
FLORES,P3,382,6,14,ALL_MORPH_BOUNDARY_GUARD,3,saved_H3_exact_target_token,,NO_REJECTION,True,4,2,1,NNB→JKB
FLORES,P3,382,11,24,ALL_MORPH_BOUNDARY_GUARD,2,saved_H3_exact_target_token,,NO_REJECTION,True,4,3,2,XSV→EC
FLORES,P3,382,13,31,ALL_MORPH_BOUNDARY_GUARD,3,saved_H3_exact_target_token,,NO_REJECTION,True,4,2,1,VV→EC
FLORES,P3,383,20,36,ALL_MORPH_BOUNDARY_GUARD,2,projected_saved_draft_candidate_at_or_after_rejection,1.0,BEFORE_GUARD,False,4,3,2,VA→ETM
FLORES,P3,383,24,43,NP_BOUNDARY_GUARD,2,saved_H3_exact_target_token,,NO_REJECTION,True,4,3,2,NNB→JKB
FLORES,P3,383,24,43,ALL_MORPH_BOUNDARY_GUARD,2,saved_H3_exact_target_token,,NO_REJECTION,True,4,3,2,NNB→JKB
FLORES,P3,383,29,56,NP_BOUNDARY_GUARD,1,projected_saved_draft_candidate_at_or_after_rejection,1.0,AT_GUARD,True,4,4,3,NNB→JKS
FLORES,P3,383,29,56,ALL_MORPH_BOUNDARY_GUARD,1,projected_saved_draft_candidate_at_or_after_rejection,1.0,AT_GUARD,True,4,4,3,NNB→JKS
FLORES,P3,383,32,60,ALL_MORPH_BOUNDARY_GUARD,3,saved_H3_exact_target_token,,NO_REJECTION,True,4,2,1,EP→EF
FLORES,P3,384,0,0,NP_BOUNDARY_GUARD,1,projected_saved_draft_candidate_at_or_after_rejection,4.0,AFTER_GUARD,True,4,4,3,NP→JX
FLORES,P3,384,0,0,ALL_MORPH_BOUNDARY_GUARD,1,projected_saved_draft_candidate_at_or_after_rejection,4.0,AFTER_GUARD,True,4,4,3,NP→JX
FLORES,P3,386,6,17,ALL_MORPH_BOUNDARY_GUARD,3,projected_saved_draft_candidate_at_or_after_rejection,3.0,AT_GUARD,True,4,2,1,XSN→JX
FLORES,P3,386,7,20,ALL_MORPH_BOUNDARY_GUARD,3,projected_saved_draft_candidate_at_or_after_rejection,1.0,BEFORE_GUARD,False,4,2,1,XSA→EC
FLORES,P3,386,31,62,ALL_MORPH_BOUNDARY_GUARD,1,projected_saved_draft_candidate_at_or_after_rejection,1.0,AT_GUARD,True,4,4,3,VV→ETM
FLORES,P3,387,2,6,ALL_MORPH_BOUNDARY_GUARD,3,projected_saved_draft_candidate_at_or_after_rejection,3.0,AT_GUARD,True,4,2,1,NNG→XSN
FLORES,P3,387,4,11,ALL_MORPH_BOUNDARY_GUARD,2,projected_saved_draft_candidate_at_or_after_rejection,1.0,BEFORE_GUARD,False,4,3,2,XSN→JX
FLORES,P3,387,16,41,ALL_MORPH_BOUNDARY_GUARD,2,projected_saved_draft_candidate_at_or_after_rejection,2.0,AT_GUARD,True,4,3,2,VV→ETM
FLORES,P3,388,3,7,ALL_MORPH_BOUNDARY_GUARD,2,saved_H3_exact_target_token,,NO_REJECTION,True,4,3,2,JKB→JX
FLORES,P3,388,15,28,ALL_MORPH_BOUNDARY_GUARD,3,projected_saved_draft_candidate_at_or_after_rejection,4.0,AFTER_GUARD,True,4,2,1,VX→EP
FLORES,P3,388,16,32,ALL_MORPH_BOUNDARY_GUARD,2,projected_saved_draft_candidate_at_or_after_rejection,1.0,BEFORE_GUARD,False,4,3,2,VA→EF
FLORES,P3,389,0,0,ALL_MORPH_BOUNDARY_GUARD,3,saved_H3_exact_target_token,,NO_REJECTION,True,4,2,1,VV→EC
FLORES,P3,389,10,30,ALL_MORPH_BOUNDARY_GUARD,1,projected_saved_draft_candidate_at_or_after_rejection,1.0,AT_GUARD,True,4,4,3,JKB→JX
FLORES,P3,390,2,2,ALL_MORPH_BOUNDARY_GUARD,3,projected_saved_draft_candidate_at_or_after_rejection,1.0,BEFORE_GUARD,False,4,2,1,XSN→JX
FLORES,P3,390,3,3,ALL_MORPH_BOUNDARY_GUARD,2,projected_saved_draft_candidate_at_or_after_rejection,1.0,BEFORE_GUARD,False,4,3,2,XSN→JX
FLORES,P3,390,4,4,ALL_MORPH_BOUNDARY_GUARD,1,saved_H3_exact_target_token,,NO_REJECTION,True,4,4,3,XSN→JX
FLORES,P3,391,0,0,ALL_MORPH_BOUNDARY_GUARD,2,projected_saved_draft_candidate_at_or_after_rejection,4.0,AFTER_GUARD,True,4,3,2,XSN→JX
FLORES,P3,391,2,5,NP_BOUNDARY_GUARD,1,projected_saved_draft_candidate_at_or_after_rejection,1.0,AT_GUARD,True,4,4,3,NNG→JKO
FLORES,P3,391,2,5,ALL_MORPH_BOUNDARY_GUARD,1,projected_saved_draft_candidate_at_or_after_rejection,1.0,AT_GUARD,True,4,4,3,NNG→JKO
FLORES,P3,391,6,12,ALL_MORPH_BOUNDARY_GUARD,1,projected_saved_draft_candidate_at_or_after_rejection,3.0,AFTER_GUARD,True,4,4,3,XSN→JX
FLORES,P3,391,12,23,ALL_MORPH_BOUNDARY_GUARD,3,projected_saved_draft_candidate_at_or_after_rejection,1.0,BEFORE_GUARD,False,4,2,1,XSV→ETN
FLORES,P3,393,1,2,ALL_MORPH_BOUNDARY_GUARD,2,saved_H3_exact_target_token,,NO_REJECTION,True,4,3,2,SO→SL
FLORES,P3,393,5,18,ALL_MORPH_BOUNDARY_GUARD,3,saved_H3_exact_target_token,,NO_REJECTION,True,4,2,1,SL→SL
FLORES,P3,395,4,12,ALL_MORPH_BOUNDARY_GUARD,3,projected_saved_draft_candidate_at_or_after_rejection,4.0,AFTER_GUARD,True,4,2,1,VX→EP
FLORES,P3,397,1,1,NP_BOUNDARY_GUARD,1,projected_saved_draft_candidate_at_or_after_rejection,1.0,AT_GUARD,True,4,4,3,NNG→JKS
FLORES,P3,397,1,1,ALL_MORPH_BOUNDARY_GUARD,1,projected_saved_draft_candidate_at_or_after_rejection,1.0,AT_GUARD,True,4,4,3,NNG→JKS
FLORES,P3,397,2,2,ALL_MORPH_BOUNDARY_GUARD,1,projected_saved_draft_candidate_at_or_after_rejection,1.0,AT_GUARD,True,4,4,3,XSN→JX
FLORES,P3,397,7,7,NP_BOUNDARY_GUARD,1,saved_H3_exact_target_token,,NO_REJECTION,True,4,4,3,NNG→JKO
FLORES,P3,397,7,7,ALL_MORPH_BOUNDARY_GUARD,1,saved_H3_exact_target_token,,NO_REJECTION,True,4,4,3,NNG→JKO
FLORES,P3,397,11,19,ALL_MORPH_BOUNDARY_GUARD,2,projected_saved_draft_candidate_at_or_after_rejection,1.0,BEFORE_GUARD,False,4,3,2,VV→ETM
FLORES,P3,397,12,20,ALL_MORPH_BOUNDARY_GUARD,1,projected_saved_draft_candidate_at_or_after_rejection,2.0,AFTER_GUARD,True,4,4,3,VV→ETM
FLORES,P3,398,3,8,ALL_MORPH_BOUNDARY_GUARD,1,projected_saved_draft_candidate_at_or_after_rejection,3.0,AFTER_GUARD,True,4,4,3,JKB→JX
FLORES,P3,399,7,15,ALL_MORPH_BOUNDARY_GUARD,1,projected_saved_draft_candidate_at_or_after_rejection,2.0,AFTER_GUARD,True,4,4,3,XSV→EC
FLORES,P3,399,20,42,ALL_MORPH_BOUNDARY_GUARD,3,projected_saved_draft_candidate_at_or_after_rejection,1.0,BEFORE_GUARD,False,4,2,1,XSV→EP
FLORES,P3,399,21,43,ALL_MORPH_BOUNDARY_GUARD,2,projected_saved_draft_candidate_at_or_after_rejection,2.0,AT_GUARD,True,4,3,2,XSV→EP
FLORES,P3,401,2,8,ALL_MORPH_BOUNDARY_GUARD,1,saved_H3_exact_target_token,,NO_REJECTION,True,4,4,3,SSC→SP
FLORES,P3,401,7,28,ALL_MORPH_BOUNDARY_GUARD,2,saved_H3_exact_target_token,,NO_REJECTION,True,4,3,2,SL→SL
FLORES,P3,403,2,5,ALL_MORPH_BOUNDARY_GUARD,1,saved_H3_exact_target_token,,NO_REJECTION,True,4,4,3,SL→SL
FLORES,P3,404,20,57,ALL_MORPH_BOUNDARY_GUARD,3,saved_H3_exact_target_token,,NO_REJECTION,True,4,2,1,VX→EF
FLORES,P3,405,11,41,ALL_MORPH_BOUNDARY_GUARD,2,saved_H3_exact_target_token,,NO_REJECTION,True,4,3,2,SL→SL
FLORES,P3,407,1,1,ALL_MORPH_BOUNDARY_GUARD,1,projected_saved_draft_candidate_at_or_after_rejection,2.0,AFTER_GUARD,True,4,4,3,SO→SL
FLORES,P3,407,15,37,ALL_MORPH_BOUNDARY_GUARD,2,projected_saved_draft_candidate_at_or_after_rejection,3.0,AFTER_GUARD,True,4,3,2,VX→EP
FLORES,P3,408,7,11,ALL_MORPH_BOUNDARY_GUARD,3,projected_saved_draft_candidate_at_or_after_rejection,2.0,BEFORE_GUARD,False,4,2,1,XSN→JX
FLORES,P3,408,24,48,ALL_MORPH_BOUNDARY_GUARD,2,saved_H3_exact_target_token,,NO_REJECTION,True,4,3,2,VX→EP
FLORES,P3,410,11,23,ALL_MORPH_BOUNDARY_GUARD,3,projected_saved_draft_candidate_at_or_after_rejection,1.0,BEFORE_GUARD,False,4,2,1,XSV→EC
FLORES,P3,410,12,24,ALL_MORPH_BOUNDARY_GUARD,2,projected_saved_draft_candidate_at_or_after_rejection,3.0,AFTER_GUARD,True,4,3,2,XSV→EC
FLORES,P3,411,3,5,ALL_MORPH_BOUNDARY_GUARD,2,projected_saved_draft_candidate_at_or_after_rejection,1.0,BEFORE_GUARD,False,4,3,2,VV→ETM
FLORES,P3,411,5,8,ALL_MORPH_BOUNDARY_GUARD,1,projected_saved_draft_candidate_at_or_after_rejection,1.0,AT_GUARD,True,4,4,3,XSV→ETM
FLORES,P3,411,7,10,ALL_MORPH_BOUNDARY_GUARD,3,projected_saved_draft_candidate_at_or_after_rejection,3.0,AT_GUARD,True,4,2,1,XSV→ETM
FLORES,P3,411,8,13,ALL_MORPH_BOUNDARY_GUARD,2,projected_saved_draft_candidate_at_or_after_rejection,1.0,BEFORE_GUARD,False,4,3,2,XSV→ETM
FLORES,P3,411,9,14,ALL_MORPH_BOUNDARY_GUARD,2,projected_saved_draft_candidate_at_or_after_rejection,4.0,AFTER_GUARD,True,4,3,2,XSV→ETM
FLORES,P3,411,11,21,NP_BOUNDARY_GUARD,1,projected_saved_draft_candidate_at_or_after_rejection,1.0,AT_GUARD,True,4,4,3,NNG→JKO
FLORES,P3,411,11,21,ALL_MORPH_BOUNDARY_GUARD,1,projected_saved_draft_candidate_at_or_after_rejection,1.0,AT_GUARD,True,4,4,3,NNG→JKO
FLORES,P3,411,14,27,ALL_MORPH_BOUNDARY_GUARD,2,projected_saved_draft_candidate_at_or_after_rejection,3.0,AFTER_GUARD,True,4,3,2,XSV→ETM
FLORES,P3,412,8,29,ALL_MORPH_BOUNDARY_GUARD,3,saved_H3_exact_target_token,,NO_REJECTION,True,4,2,1,SO→SL
FLORES,P3,412,11,41,ALL_MORPH_BOUNDARY_GUARD,2,saved_H3_exact_target_token,,NO_REJECTION,True,4,3,2,SL→SL
FLORES,P3,413,2,3,ALL_MORPH_BOUNDARY_GUARD,2,projected_saved_draft_candidate_at_or_after_rejection,1.0,BEFORE_GUARD,False,4,3,2,XSN→JX
FLORES,P3,413,5,8,ALL_MORPH_BOUNDARY_GUARD,1,projected_saved_draft_candidate_at_or_after_rejection,4.0,AFTER_GUARD,True,4,4,3,VCP→EF
FLORES,P3,413,12,24,ALL_MORPH_BOUNDARY_GUARD,1,projected_saved_draft_candidate_at_or_after_rejection,1.0,AT_GUARD,True,4,4,3,XSV→EC
FLORES,P3,413,13,25,NP_BOUNDARY_GUARD,1,projected_saved_draft_candidate_at_or_after_rejection,1.0,AT_GUARD,True,4,4,3,NNB→JKO
FLORES,P3,413,13,25,ALL_MORPH_BOUNDARY_GUARD,1,projected_saved_draft_candidate_at_or_after_rejection,1.0,AT_GUARD,True,4,4,3,NNB→JKO
FLORES,P3,413,20,36,ALL_MORPH_BOUNDARY_GUARD,2,projected_saved_draft_candidate_at_or_after_rejection,2.0,AT_GUARD,True,4,3,2,VX→ETM
FLORES,P3,416,1,1,ALL_MORPH_BOUNDARY_GUARD,3,projected_saved_draft_candidate_at_or_after_rejection,1.0,BEFORE_GUARD,False,4,2,1,NNG→NNG
FLORES,P3,416,2,2,NP_BOUNDARY_GUARD,2,projected_saved_draft_candidate_at_or_after_rejection,1.0,BEFORE_GUARD,False,4,3,2,NNG→JKG
FLORES,P3,416,2,2,ALL_MORPH_BOUNDARY_GUARD,2,projected_saved_draft_candidate_at_or_after_rejection,1.0,BEFORE_GUARD,False,4,3,2,NNG→JKG
FLORES,P3,416,11,26,NP_BOUNDARY_GUARD,2,projected_saved_draft_candidate_at_or_after_rejection,1.0,BEFORE_GUARD,False,4,3,2,NNB→JKB
FLORES,P3,416,11,26,ALL_MORPH_BOUNDARY_GUARD,2,projected_saved_draft_candidate_at_or_after_rejection,1.0,BEFORE_GUARD,False,4,3,2,NNB→JKB
FLORES,P3,416,15,32,ALL_MORPH_BOUNDARY_GUARD,2,projected_saved_draft_candidate_at_or_after_rejection,2.0,AT_GUARD,True,4,3,2,XSV→ETN
FLORES,P3,416,22,44,ALL_MORPH_BOUNDARY_GUARD,3,projected_saved_draft_candidate_at_or_after_rejection,1.0,BEFORE_GUARD,False,4,2,1,VX→EP
FLORES,P3,416,23,45,ALL_MORPH_BOUNDARY_GUARD,2,projected_saved_draft_candidate_at_or_after_rejection,2.0,AT_GUARD,True,4,3,2,XSV→EC
FLORES,P3,416,28,55,ALL_MORPH_BOUNDARY_GUARD,2,projected_saved_draft_candidate_at_or_after_rejection,1.0,BEFORE_GUARD,False,4,3,2,XSN→JKB
FLORES,P3,416,31,61,ALL_MORPH_BOUNDARY_GUARD,2,saved_H3_exact_target_token,,NO_REJECTION,True,4,3,2,VX→EP
FLORES,P3,418,7,25,ALL_MORPH_BOUNDARY_GUARD,3,saved_H3_exact_target_token,,NO_REJECTION,True,4,2,1,SL→SL
FLORES,P3,421,6,21,ALL_MORPH_BOUNDARY_GUARD,3,saved_H3_exact_target_token,,NO_REJECTION,True,4,2,1,XSN→JX
FLORES,P3,422,10,26,ALL_MORPH_BOUNDARY_GUARD,2,projected_saved_draft_candidate_at_or_after_rejection,3.0,AFTER_GUARD,True,4,3,2,XSV→EC
FLORES,P3,422,12,30,ALL_MORPH_BOUNDARY_GUARD,3,saved_H3_exact_target_token,,NO_REJECTION,True,4,2,1,NNB→XSN
FLORES,P3,422,14,38,ALL_MORPH_BOUNDARY_GUARD,1,projected_saved_draft_candidate_at_or_after_rejection,1.0,AT_GUARD,True,3,3,2,VCP→EF
FLORES,P3,423,2,3,ALL_MORPH_BOUNDARY_GUARD,2,projected_saved_draft_candidate_at_or_after_rejection,3.0,AFTER_GUARD,True,4,3,2,XSN→JKB
FLORES,P3,424,7,17,ALL_MORPH_BOUNDARY_GUARD,1,projected_saved_draft_candidate_at_or_after_rejection,2.0,AFTER_GUARD,True,4,4,3,XSN→JKS
FLORES,P3,424,17,39,ALL_MORPH_BOUNDARY_GUARD,2,projected_saved_draft_candidate_at_or_after_rejection,2.0,AT_GUARD,True,4,3,2,VCP→EC
FLORES,P3,426,6,24,NP_BOUNDARY_GUARD,3,projected_saved_draft_candidate_at_or_after_rejection,2.0,BEFORE_GUARD,False,4,2,1,NNG→JKO
FLORES,P3,426,6,24,ALL_MORPH_BOUNDARY_GUARD,3,projected_saved_draft_candidate_at_or_after_rejection,2.0,BEFORE_GUARD,False,4,2,1,NNG→JKO
FLORES,P3,426,13,42,ALL_MORPH_BOUNDARY_GUARD,3,projected_saved_draft_candidate_at_or_after_rejection,4.0,AFTER_GUARD,True,4,2,1,XSV→EC
FLORES,P3,427,18,47,ALL_MORPH_BOUNDARY_GUARD,2,projected_saved_draft_candidate_at_or_after_rejection,4.0,AFTER_GUARD,True,4,3,2,XSV→EC
FLORES,P3,427,24,62,ALL_MORPH_BOUNDARY_GUARD,1,projected_saved_draft_candidate_at_or_after_rejection,3.0,AFTER_GUARD,True,4,4,3,XSV→EC
FLORES,P3,427,32,79,NP_BOUNDARY_GUARD,2,projected_saved_draft_candidate_at_or_after_rejection,1.0,BEFORE_GUARD,False,4,3,2,NNB→JKO
FLORES,P3,427,32,79,ALL_MORPH_BOUNDARY_GUARD,1,projected_saved_draft_candidate_at_or_after_rejection,1.0,AT_GUARD,True,4,4,3,XSV→ETM
FLORES,P3,428,5,12,ALL_MORPH_BOUNDARY_GUARD,3,saved_H3_exact_target_token,,NO_REJECTION,True,4,2,1,XSV→EC
FLORES,P3,429,6,15,NP_BOUNDARY_GUARD,3,projected_saved_draft_candidate_at_or_after_rejection,1.0,BEFORE_GUARD,False,4,2,1,NNG→JKO
FLORES,P3,429,6,15,ALL_MORPH_BOUNDARY_GUARD,3,projected_saved_draft_candidate_at_or_after_rejection,1.0,BEFORE_GUARD,False,4,2,1,NNG→JKO
FLORES,P3,429,10,26,ALL_MORPH_BOUNDARY_GUARD,2,projected_saved_draft_candidate_at_or_after_rejection,1.0,BEFORE_GUARD,False,4,3,2,XSV→ETN
FLORES,P3,429,11,27,ALL_MORPH_BOUNDARY_GUARD,3,projected_saved_draft_candidate_at_or_after_rejection,3.0,AT_GUARD,True,4,2,1,XSV→ETN
FLORES,P3,430,9,18,ALL_MORPH_BOUNDARY_GUARD,3,projected_saved_draft_candidate_at_or_after_rejection,4.0,AFTER_GUARD,True,4,2,1,XSV→EP
FLORES,P3,430,15,34,ALL_MORPH_BOUNDARY_GUARD,1,saved_H3_exact_target_token,,NO_REJECTION,True,3,3,2,VX→EF
FLORES,P3,431,0,0,ALL_MORPH_BOUNDARY_GUARD,3,saved_H3_exact_target_token,,NO_REJECTION,True,4,2,1,VV→EC
FLORES,P3,432,1,1,ALL_MORPH_BOUNDARY_GUARD,3,projected_saved_draft_candidate_at_or_after_rejection,1.0,BEFORE_GUARD,False,4,2,1,XSV→EC
FLORES,P3,432,2,2,ALL_MORPH_BOUNDARY_GUARD,1,projected_saved_draft_candidate_at_or_after_rejection,1.0,AT_GUARD,True,4,4,3,JKB→JX
FLORES,P3,432,3,3,ALL_MORPH_BOUNDARY_GUARD,3,saved_H3_exact_target_token,,NO_REJECTION,True,4,2,1,XSV→EC
FLORES,P3,434,6,17,ALL_MORPH_BOUNDARY_GUARD,1,projected_saved_draft_candidate_at_or_after_rejection,1.0,AT_GUARD,True,4,4,3,VA→ETM
FLORES,P3,435,0,0,ALL_MORPH_BOUNDARY_GUARD,1,projected_saved_draft_candidate_at_or_after_rejection,1.0,AT_GUARD,True,4,4,3,VA→ETM
FLORES,P3,435,14,27,ALL_MORPH_BOUNDARY_GUARD,2,projected_saved_draft_candidate_at_or_after_rejection,2.0,AT_GUARD,True,4,3,2,XSA→EF
FLORES,P3,436,1,1,ALL_MORPH_BOUNDARY_GUARD,2,saved_H3_exact_target_token,,NO_REJECTION,True,4,3,2,SO→SL
FLORES,P3,437,6,12,ALL_MORPH_BOUNDARY_GUARD,1,saved_H3_exact_target_token,,NO_REJECTION,True,4,4,3,XSV→ETM
FLORES,P3,437,12,33,ALL_MORPH_BOUNDARY_GUARD,3,projected_saved_draft_candidate_at_or_after_rejection,2.0,BEFORE_GUARD,False,4,2,1,VA→EF
FLORES,P3,437,14,39,ALL_MORPH_BOUNDARY_GUARD,3,projected_saved_draft_candidate_at_or_after_rejection,1.0,BEFORE_GUARD,False,4,2,1,SSC→SF
FLORES,P3,437,15,40,ALL_MORPH_BOUNDARY_GUARD,3,projected_saved_draft_candidate_at_or_after_rejection,3.0,AT_GUARD,True,4,2,1,SSC→SF
FLORES,P3,437,16,43,ALL_MORPH_BOUNDARY_GUARD,1,saved_H3_exact_target_token,,NO_REJECTION,True,2,2,1,SSC→SF
FLORES,P3,438,7,13,ALL_MORPH_BOUNDARY_GUARD,1,projected_saved_draft_candidate_at_or_after_rejection,2.0,AFTER_GUARD,True,4,4,3,XSA→EC
FLORES,P3,439,11,27,ALL_MORPH_BOUNDARY_GUARD,1,projected_saved_draft_candidate_at_or_after_rejection,1.0,AT_GUARD,True,4,4,3,XSN→JKS
FLORES,P3,441,9,17,ALL_MORPH_BOUNDARY_GUARD,1,projected_saved_draft_candidate_at_or_after_rejection,2.0,AFTER_GUARD,True,4,4,3,XSV→EC
FLORES,P3,441,13,28,ALL_MORPH_BOUNDARY_GUARD,1,projected_saved_draft_candidate_at_or_after_rejection,2.0,AFTER_GUARD,True,4,4,3,XSV→EC
FLORES,P3,444,2,4,ALL_MORPH_BOUNDARY_GUARD,2,projected_saved_draft_candidate_at_or_after_rejection,4.0,AFTER_GUARD,True,4,3,2,XSN→VCP
FLORES,P3,444,8,19,ALL_MORPH_BOUNDARY_GUARD,2,projected_saved_draft_candidate_at_or_after_rejection,2.0,AT_GUARD,True,4,3,2,XSV→ETM
FLORES,P3,444,9,21,ALL_MORPH_BOUNDARY_GUARD,3,projected_saved_draft_candidate_at_or_after_rejection,1.0,BEFORE_GUARD,False,4,2,1,XSN→JKB
FLORES,P3,444,12,26,ALL_MORPH_BOUNDARY_GUARD,1,projected_saved_draft_candidate_at_or_after_rejection,2.0,AFTER_GUARD,True,4,4,3,XSV→ETM
FLORES,P3,444,24,54,ALL_MORPH_BOUNDARY_GUARD,1,projected_saved_draft_candidate_at_or_after_rejection,1.0,AT_GUARD,True,3,3,2,VX→EF
FLORES,P3,445,4,8,ALL_MORPH_BOUNDARY_GUARD,3,projected_saved_draft_candidate_at_or_after_rejection,1.0,BEFORE_GUARD,False,4,2,1,XSN→JKB
FLORES,P3,445,13,24,NP_BOUNDARY_GUARD,1,projected_saved_draft_candidate_at_or_after_rejection,4.0,AFTER_GUARD,True,4,4,3,NNB→JKO
FLORES,P3,445,13,24,ALL_MORPH_BOUNDARY_GUARD,1,projected_saved_draft_candidate_at_or_after_rejection,4.0,AFTER_GUARD,True,4,4,3,NNB→JKO
FLORES,P3,446,5,9,ALL_MORPH_BOUNDARY_GUARD,2,saved_H3_exact_target_token,,NO_REJECTION,True,4,3,2,XSN→VCP
FLORES,P3,446,6,13,NP_BOUNDARY_GUARD,1,projected_saved_draft_candidate_at_or_after_rejection,2.0,AFTER_GUARD,True,4,4,3,NNB→JKB
FLORES,P3,446,6,13,ALL_MORPH_BOUNDARY_GUARD,1,projected_saved_draft_candidate_at_or_after_rejection,2.0,AFTER_GUARD,True,4,4,3,NNB→JKB
FLORES,P3,448,8,19,ALL_MORPH_BOUNDARY_GUARD,1,projected_saved_draft_candidate_at_or_after_rejection,2.0,AFTER_GUARD,True,4,4,3,XSN→JX
FLORES,P3,448,9,21,ALL_MORPH_BOUNDARY_GUARD,1,projected_saved_draft_candidate_at_or_after_rejection,1.0,AT_GUARD,True,4,4,3,VA→ETM
FLORES,P3,448,10,22,ALL_MORPH_BOUNDARY_GUARD,2,projected_saved_draft_candidate_at_or_after_rejection,1.0,BEFORE_GUARD,False,4,3,2,VA→ETM
FLORES,P3,448,12,27,ALL_MORPH_BOUNDARY_GUARD,1,projected_saved_draft_candidate_at_or_after_rejection,1.0,AT_GUARD,True,4,4,3,VV→ETN
FLORES,P3,448,13,28,ALL_MORPH_BOUNDARY_GUARD,3,projected_saved_draft_candidate_at_or_after_rejection,1.0,BEFORE_GUARD,False,4,2,1,EP→EF
FLORES,P3,451,15,33,ALL_MORPH_BOUNDARY_GUARD,1,projected_saved_draft_candidate_at_or_after_rejection,2.0,AFTER_GUARD,True,4,4,3,EP→EF
FLORES,P3,451,26,57,ALL_MORPH_BOUNDARY_GUARD,2,saved_H3_exact_target_token,,NO_REJECTION,True,4,3,2,EP→EF
FLORES,P3,452,3,9,ALL_MORPH_BOUNDARY_GUARD,2,saved_H3_exact_target_token,,NO_REJECTION,True,4,3,2,SL→SL
FLORES,P3,452,4,13,ALL_MORPH_BOUNDARY_GUARD,2,saved_H3_exact_target_token,,NO_REJECTION,True,4,3,2,SO→SL
FLORES,P3,452,10,37,ALL_MORPH_BOUNDARY_GUARD,1,saved_H3_exact_target_token,,NO_REJECTION,True,3,3,2,SL→SL
FLORES,P3,453,2,6,ALL_MORPH_BOUNDARY_GUARD,3,projected_saved_draft_candidate_at_or_after_rejection,1.0,BEFORE_GUARD,False,4,2,1,XSN→JKS
FLORES,P3,453,4,8,ALL_MORPH_BOUNDARY_GUARD,1,projected_saved_draft_candidate_at_or_after_rejection,1.0,AT_GUARD,True,4,4,3,XSN→JKS
FLORES,P3,453,5,9,ALL_MORPH_BOUNDARY_GUARD,1,projected_saved_draft_candidate_at_or_after_rejection,2.0,AFTER_GUARD,True,4,4,3,XSN→JKS
FLORES,P3,454,25,49,ALL_MORPH_BOUNDARY_GUARD,3,saved_H3_exact_target_token,,NO_REJECTION,True,4,2,1,EP→EF
FLORES,P3,455,5,12,ALL_MORPH_BOUNDARY_GUARD,2,projected_saved_draft_candidate_at_or_after_rejection,4.0,AFTER_GUARD,True,4,3,2,VV→EC
FLORES,P3,455,20,52,ALL_MORPH_BOUNDARY_GUARD,3,projected_saved_draft_candidate_at_or_after_rejection,3.0,AT_GUARD,True,4,2,1,VX→ETM
FLORES,P3,455,21,55,ALL_MORPH_BOUNDARY_GUARD,2,projected_saved_draft_candidate_at_or_after_rejection,1.0,BEFORE_GUARD,False,4,3,2,XSN→JKG
FLORES,P3,455,24,64,ALL_MORPH_BOUNDARY_GUARD,2,saved_H3_exact_target_token,,NO_REJECTION,True,4,3,2,VV→EF
FLORES,P3,458,7,18,ALL_MORPH_BOUNDARY_GUARD,3,projected_saved_draft_candidate_at_or_after_rejection,1.0,BEFORE_GUARD,False,4,2,1,VA→ETM
FLORES,P3,458,9,20,NP_BOUNDARY_GUARD,2,projected_saved_draft_candidate_at_or_after_rejection,2.0,AT_GUARD,True,4,3,2,NNG→JKG
FLORES,P3,458,9,20,ALL_MORPH_BOUNDARY_GUARD,2,projected_saved_draft_candidate_at_or_after_rejection,2.0,AT_GUARD,True,4,3,2,NNG→JKG
FLORES,P3,458,10,22,ALL_MORPH_BOUNDARY_GUARD,1,saved_H3_exact_target_token,,NO_REJECTION,True,4,4,3,XSN→JKG
FLORES,P3,458,11,26,ALL_MORPH_BOUNDARY_GUARD,3,projected_saved_draft_candidate_at_or_after_rejection,3.0,AT_GUARD,True,4,2,1,XSV→EC
FLORES,P3,458,14,31,ALL_MORPH_BOUNDARY_GUARD,3,saved_H3_exact_target_token,,NO_REJECTION,True,4,2,1,EP→EF
FLORES,P3,459,8,15,ALL_MORPH_BOUNDARY_GUARD,1,projected_saved_draft_candidate_at_or_after_rejection,1.0,AT_GUARD,True,4,4,3,VA→ETM
FLORES,P3,459,25,52,ALL_MORPH_BOUNDARY_GUARD,3,projected_saved_draft_candidate_at_or_after_rejection,1.0,BEFORE_GUARD,False,4,2,1,XSV→EC
FLORES,P3,460,9,18,ALL_MORPH_BOUNDARY_GUARD,3,projected_saved_draft_candidate_at_or_after_rejection,1.0,BEFORE_GUARD,False,4,2,1,VA→ETM
FLORES,P3,460,16,29,ALL_MORPH_BOUNDARY_GUARD,2,projected_saved_draft_candidate_at_or_after_rejection,3.0,AFTER_GUARD,True,4,3,2,XSA→EC
FLORES,P3,461,4,9,NP_BOUNDARY_GUARD,3,projected_saved_draft_candidate_at_or_after_rejection,2.0,BEFORE_GUARD,False,4,2,1,NNG→JKO
FLORES,P3,461,4,9,ALL_MORPH_BOUNDARY_GUARD,3,projected_saved_draft_candidate_at_or_after_rejection,2.0,BEFORE_GUARD,False,4,2,1,NNG→JKO
FLORES,P3,461,7,16,ALL_MORPH_BOUNDARY_GUARD,1,projected_saved_draft_candidate_at_or_after_rejection,1.0,AT_GUARD,True,4,4,3,XSV→EC
FLORES,P3,461,14,27,ALL_MORPH_BOUNDARY_GUARD,2,saved_H3_exact_target_token,,NO_REJECTION,True,4,3,2,XSV→EC
FLORES,P3,462,1,3,ALL_MORPH_BOUNDARY_GUARD,1,projected_saved_draft_candidate_at_or_after_rejection,1.0,AT_GUARD,True,4,4,3,XSV→EC
FLORES,P3,462,2,4,ALL_MORPH_BOUNDARY_GUARD,1,projected_saved_draft_candidate_at_or_after_rejection,1.0,AT_GUARD,True,4,4,3,VV→EC
FLORES,P3,463,13,23,ALL_MORPH_BOUNDARY_GUARD,2,projected_saved_draft_candidate_at_or_after_rejection,1.0,BEFORE_GUARD,False,4,3,2,VA→ETM
FLORES,P3,463,14,24,ALL_MORPH_BOUNDARY_GUARD,3,projected_saved_draft_candidate_at_or_after_rejection,4.0,AFTER_GUARD,True,4,2,1,XSN→JKS
FLORES,P3,463,28,52,ALL_MORPH_BOUNDARY_GUARD,3,saved_H3_exact_target_token,,NO_REJECTION,True,4,2,1,VA→EF
FLORES,P3,465,26,47,ALL_MORPH_BOUNDARY_GUARD,3,projected_saved_draft_candidate_at_or_after_rejection,1.0,BEFORE_GUARD,False,4,2,1,VCP→EF
FLORES,P3,466,16,35,ALL_MORPH_BOUNDARY_GUARD,1,projected_saved_draft_candidate_at_or_after_rejection,2.0,AFTER_GUARD,True,4,4,3,VV→ETM
FLORES,P3,466,17,37,ALL_MORPH_BOUNDARY_GUARD,2,saved_H3_exact_target_token,,NO_REJECTION,True,4,3,2,JKB→JX
FLORES,P3,466,25,58,ALL_MORPH_BOUNDARY_GUARD,2,saved_H3_exact_target_token,,NO_REJECTION,True,4,3,2,VV→EC
FLORES,P3,466,33,79,ALL_MORPH_BOUNDARY_GUARD,2,saved_H3_exact_target_token,,NO_REJECTION,True,4,3,2,VV→EF
FLORES,P3,468,4,9,ALL_MORPH_BOUNDARY_GUARD,2,saved_H3_exact_target_token,,NO_REJECTION,True,4,3,2,VCP→EC
FLORES,P3,469,8,14,ALL_MORPH_BOUNDARY_GUARD,1,saved_H3_exact_target_token,,NO_REJECTION,True,4,4,3,VX→EC
FLORES,P3,470,8,11,ALL_MORPH_BOUNDARY_GUARD,3,projected_saved_draft_candidate_at_or_after_rejection,1.0,BEFORE_GUARD,False,4,2,1,XSN→JKB
FLORES,P3,470,20,41,NP_BOUNDARY_GUARD,3,saved_H3_exact_target_token,,NO_REJECTION,True,4,2,1,NNG→JKO
FLORES,P3,470,20,41,ALL_MORPH_BOUNDARY_GUARD,3,saved_H3_exact_target_token,,NO_REJECTION,True,4,2,1,NNG→JKO
FLORES,P3,470,22,46,ALL_MORPH_BOUNDARY_GUARD,2,projected_saved_draft_candidate_at_or_after_rejection,1.0,BEFORE_GUARD,False,4,3,2,VA→EF
FLORES,P3,471,5,10,ALL_MORPH_BOUNDARY_GUARD,1,projected_saved_draft_candidate_at_or_after_rejection,1.0,AT_GUARD,True,4,4,3,NNB→VCP
FLORES,P3,471,18,39,ALL_MORPH_BOUNDARY_GUARD,1,saved_H3_exact_target_token,,NO_REJECTION,True,4,4,3,XSN→JKB
FLORES,P3,472,8,25,ALL_MORPH_BOUNDARY_GUARD,3,projected_saved_draft_candidate_at_or_after_rejection,3.0,AT_GUARD,True,4,2,1,SO→SL
FLORES,P3,472,30,100,ALL_MORPH_BOUNDARY_GUARD,1,saved_H3_exact_target_token,,NO_REJECTION,True,4,4,3,SO→SL
FLORES,P3,472,31,104,ALL_MORPH_BOUNDARY_GUARD,3,saved_H3_exact_target_token,,NO_REJECTION,True,4,2,1,SO→SL
FLORES,P3,473,3,5,ALL_MORPH_BOUNDARY_GUARD,3,projected_saved_draft_candidate_at_or_after_rejection,1.0,BEFORE_GUARD,False,4,2,1,XSN→JX
FLORES,P3,473,7,10,ALL_MORPH_BOUNDARY_GUARD,2,projected_saved_draft_candidate_at_or_after_rejection,1.0,BEFORE_GUARD,False,4,3,2,XSN→JKS
FLORES,P3,473,18,27,ALL_MORPH_BOUNDARY_GUARD,1,projected_saved_draft_candidate_at_or_after_rejection,1.0,AT_GUARD,True,4,4,3,VV→EC
FLORES,P3,473,20,32,ALL_MORPH_BOUNDARY_GUARD,1,projected_saved_draft_candidate_at_or_after_rejection,2.0,AFTER_GUARD,True,4,4,3,XSN→JKG
FLORES,P3,474,1,1,ALL_MORPH_BOUNDARY_GUARD,1,projected_saved_draft_candidate_at_or_after_rejection,2.0,AFTER_GUARD,True,4,4,3,XSN→JKG
FLORES,P3,476,9,22,ALL_MORPH_BOUNDARY_GUARD,3,projected_saved_draft_candidate_at_or_after_rejection,2.0,BEFORE_GUARD,False,4,2,1,XSN→JKG
FLORES,P3,477,0,0,ALL_MORPH_BOUNDARY_GUARD,2,projected_saved_draft_candidate_at_or_after_rejection,1.0,BEFORE_GUARD,False,4,3,2,XSN→JX
FLORES,P3,477,10,21,ALL_MORPH_BOUNDARY_GUARD,3,projected_saved_draft_candidate_at_or_after_rejection,2.0,BEFORE_GUARD,False,4,2,1,XSN→JKG
FLORES,P3,477,31,67,ALL_MORPH_BOUNDARY_GUARD,1,projected_saved_draft_candidate_at_or_after_rejection,2.0,AFTER_GUARD,True,4,4,3,XSV→ETN
FLORES,P3,477,33,71,ALL_MORPH_BOUNDARY_GUARD,1,projected_saved_draft_candidate_at_or_after_rejection,1.0,AT_GUARD,True,3,3,2,EP→EF
FLORES,P3,480,3,5,NP_BOUNDARY_GUARD,1,projected_saved_draft_candidate_at_or_after_rejection,4.0,AFTER_GUARD,True,4,4,3,NNG→JX
FLORES,P3,480,3,5,ALL_MORPH_BOUNDARY_GUARD,1,projected_saved_draft_candidate_at_or_after_rejection,4.0,AFTER_GUARD,True,4,4,3,NNG→JX
FLORES,P3,480,7,13,ALL_MORPH_BOUNDARY_GUARD,3,saved_H3_exact_target_token,,NO_REJECTION,True,4,2,1,VX→EC
FLORES,P3,480,11,22,NP_BOUNDARY_GUARD,1,projected_saved_draft_candidate_at_or_after_rejection,1.0,AT_GUARD,True,4,4,3,NNG→JKG
FLORES,P3,480,11,22,ALL_MORPH_BOUNDARY_GUARD,1,projected_saved_draft_candidate_at_or_after_rejection,1.0,AT_GUARD,True,4,4,3,NNG→JKG
FLORES,P3,481,10,28,NP_BOUNDARY_GUARD,3,projected_saved_draft_candidate_at_or_after_rejection,2.0,BEFORE_GUARD,False,4,2,1,NNG→JX
FLORES,P3,481,10,28,ALL_MORPH_BOUNDARY_GUARD,3,projected_saved_draft_candidate_at_or_after_rejection,2.0,BEFORE_GUARD,False,4,2,1,NNG→JX
FLORES,P3,482,4,10,ALL_MORPH_BOUNDARY_GUARD,3,projected_saved_draft_candidate_at_or_after_rejection,2.0,BEFORE_GUARD,False,4,2,1,XSV→EC
FLORES,P3,482,5,12,ALL_MORPH_BOUNDARY_GUARD,2,projected_saved_draft_candidate_at_or_after_rejection,2.0,AT_GUARD,True,4,3,2,XSV→EC
FLORES,P3,482,20,49,ALL_MORPH_BOUNDARY_GUARD,1,projected_saved_draft_candidate_at_or_after_rejection,2.0,AFTER_GUARD,True,4,4,3,XSV→ETM
FLORES,P3,483,21,65,NP_BOUNDARY_GUARD,3,projected_saved_draft_candidate_at_or_after_rejection,4.0,AFTER_GUARD,True,4,2,1,NNB→JKS
FLORES,P3,483,21,65,ALL_MORPH_BOUNDARY_GUARD,3,projected_saved_draft_candidate_at_or_after_rejection,4.0,AFTER_GUARD,True,4,2,1,NNB→JKS
FLORES,P3,483,22,69,ALL_MORPH_BOUNDARY_GUARD,3,projected_saved_draft_candidate_at_or_after_rejection,2.0,BEFORE_GUARD,False,4,2,1,VCP→EC
FLORES,P3,483,27,77,ALL_MORPH_BOUNDARY_GUARD,2,projected_saved_draft_candidate_at_or_after_rejection,2.0,AT_GUARD,True,4,3,2,VX→ETM
FLORES,P3,484,0,0,ALL_MORPH_BOUNDARY_GUARD,3,saved_H3_exact_target_token,,NO_REJECTION,True,4,2,1,VV→EC
FLORES,P3,485,12,28,NP_BOUNDARY_GUARD,1,projected_saved_draft_candidate_at_or_after_rejection,2.0,AFTER_GUARD,True,4,4,3,NNB→JKB
FLORES,P3,485,12,28,ALL_MORPH_BOUNDARY_GUARD,1,projected_saved_draft_candidate_at_or_after_rejection,2.0,AFTER_GUARD,True,4,4,3,NNB→JKB
FLORES,P3,487,6,15,ALL_MORPH_BOUNDARY_GUARD,2,projected_saved_draft_candidate_at_or_after_rejection,3.0,AFTER_GUARD,True,4,3,2,XSV→EC
FLORES,P3,487,20,36,ALL_MORPH_BOUNDARY_GUARD,1,projected_saved_draft_candidate_at_or_after_rejection,4.0,AFTER_GUARD,True,4,4,3,VA→ETM
FLORES,P3,488,6,12,ALL_MORPH_BOUNDARY_GUARD,3,projected_saved_draft_candidate_at_or_after_rejection,1.0,BEFORE_GUARD,False,4,2,1,XSN→JKO
FLORES,P3,488,15,38,ALL_MORPH_BOUNDARY_GUARD,2,projected_saved_draft_candidate_at_or_after_rejection,1.0,BEFORE_GUARD,False,4,3,2,XSV→EP
FLORES,P3,488,16,39,ALL_MORPH_BOUNDARY_GUARD,1,projected_saved_draft_candidate_at_or_after_rejection,4.0,AFTER_GUARD,True,4,4,3,XSV→EP
FLORES,P3,488,21,51,ALL_MORPH_BOUNDARY_GUARD,3,projected_saved_draft_candidate_at_or_after_rejection,2.0,BEFORE_GUARD,False,4,2,1,NNB→VCP
FLORES,P3,488,23,54,NP_BOUNDARY_GUARD,1,projected_saved_draft_candidate_at_or_after_rejection,2.0,AFTER_GUARD,True,4,4,3,NNB→JKB
FLORES,P3,488,23,54,ALL_MORPH_BOUNDARY_GUARD,1,projected_saved_draft_candidate_at_or_after_rejection,2.0,AFTER_GUARD,True,4,4,3,NNB→JKB
FLORES,P3,488,24,56,ALL_MORPH_BOUNDARY_GUARD,2,projected_saved_draft_candidate_at_or_after_rejection,1.0,BEFORE_GUARD,False,4,3,2,XSN→JKS
FLORES,P3,488,25,57,ALL_MORPH_BOUNDARY_GUARD,3,projected_saved_draft_candidate_at_or_after_rejection,1.0,BEFORE_GUARD,False,4,2,1,XSN→JKB
FLORES,P3,490,2,5,NP_BOUNDARY_GUARD,1,projected_saved_draft_candidate_at_or_after_rejection,1.0,AT_GUARD,True,4,4,3,NNB→JX
FLORES,P3,490,2,5,ALL_MORPH_BOUNDARY_GUARD,1,projected_saved_draft_candidate_at_or_after_rejection,1.0,AT_GUARD,True,4,4,3,NNB→JX
FLORES,P3,490,9,20,ALL_MORPH_BOUNDARY_GUARD,3,projected_saved_draft_candidate_at_or_after_rejection,3.0,AT_GUARD,True,4,2,1,XSV→EP
FLORES,P3,491,5,8,ALL_MORPH_BOUNDARY_GUARD,3,projected_saved_draft_candidate_at_or_after_rejection,1.0,BEFORE_GUARD,False,4,2,1,XSN→JKS
FLORES,P3,491,23,33,ALL_MORPH_BOUNDARY_GUARD,3,projected_saved_draft_candidate_at_or_after_rejection,4.0,AFTER_GUARD,True,4,2,1,XSV→ETM
FLORES,P3,491,26,45,NP_BOUNDARY_GUARD,3,projected_saved_draft_candidate_at_or_after_rejection,4.0,AFTER_GUARD,True,4,2,1,NNB→JKB
FLORES,P3,491,26,45,ALL_MORPH_BOUNDARY_GUARD,3,projected_saved_draft_candidate_at_or_after_rejection,4.0,AFTER_GUARD,True,4,2,1,NNB→JKB
FLORES,P3,491,28,53,ALL_MORPH_BOUNDARY_GUARD,3,projected_saved_draft_candidate_at_or_after_rejection,3.0,AT_GUARD,True,4,2,1,VA→EC
FLORES,P3,492,12,19,ALL_MORPH_BOUNDARY_GUARD,3,projected_saved_draft_candidate_at_or_after_rejection,1.0,BEFORE_GUARD,False,4,2,1,EP→EF
FLORES,P3,493,9,28,ALL_MORPH_BOUNDARY_GUARD,2,projected_saved_draft_candidate_at_or_after_rejection,1.0,BEFORE_GUARD,False,4,3,2,XSN→JKB
FLORES,P3,493,10,29,NP_BOUNDARY_GUARD,3,projected_saved_draft_candidate_at_or_after_rejection,1.0,BEFORE_GUARD,False,4,2,1,NNG→JKO
FLORES,P3,493,10,29,ALL_MORPH_BOUNDARY_GUARD,3,projected_saved_draft_candidate_at_or_after_rejection,1.0,BEFORE_GUARD,False,4,2,1,NNG→JKO
FLORES,P3,494,11,29,ALL_MORPH_BOUNDARY_GUARD,2,projected_saved_draft_candidate_at_or_after_rejection,1.0,BEFORE_GUARD,False,4,3,2,VA→ETM
FLORES,P3,496,23,51,ALL_MORPH_BOUNDARY_GUARD,3,projected_saved_draft_candidate_at_or_after_rejection,3.0,AT_GUARD,True,4,2,1,XSV→ETM
FLORES,P3,497,3,9,ALL_MORPH_BOUNDARY_GUARD,1,projected_saved_draft_candidate_at_or_after_rejection,2.0,AFTER_GUARD,True,4,4,3,XSN→JKS
FLORES,P3,497,8,24,ALL_MORPH_BOUNDARY_GUARD,1,saved_H3_exact_target_token,,NO_REJECTION,True,4,4,3,XSV→ETN
FLORES,P3,498,13,27,ALL_MORPH_BOUNDARY_GUARD,3,projected_saved_draft_candidate_at_or_after_rejection,2.0,BEFORE_GUARD,False,4,2,1,VA→ETM
FLORES,P3,498,16,36,ALL_MORPH_BOUNDARY_GUARD,3,projected_saved_draft_candidate_at_or_after_rejection,1.0,BEFORE_GUARD,False,4,2,1,XSV→EC
FLORES,P3,498,23,46,ALL_MORPH_BOUNDARY_GUARD,2,projected_saved_draft_candidate_at_or_after_rejection,3.0,AFTER_GUARD,True,4,3,2,XSN→JKB
FLORES,P3,499,0,0,ALL_MORPH_BOUNDARY_GUARD,2,saved_H3_exact_target_token,,NO_REJECTION,True,4,3,2,XSN→JKB
FLORES,P3,499,2,8,ALL_MORPH_BOUNDARY_GUARD,1,projected_saved_draft_candidate_at_or_after_rejection,4.0,AFTER_GUARD,True,4,4,3,XSN→JX
FLORES,P3,499,6,21,ALL_MORPH_BOUNDARY_GUARD,3,projected_saved_draft_candidate_at_or_after_rejection,3.0,AT_GUARD,True,4,2,1,VA→ETM
FLORES,P3,500,10,21,ALL_MORPH_BOUNDARY_GUARD,1,projected_saved_draft_candidate_at_or_after_rejection,1.0,AT_GUARD,True,4,4,3,XSN→JKS
FLORES,P3,500,13,24,ALL_MORPH_BOUNDARY_GUARD,3,projected_saved_draft_candidate_at_or_after_rejection,1.0,BEFORE_GUARD,False,4,2,1,XSN→JKG
FLORES,P3,500,14,25,ALL_MORPH_BOUNDARY_GUARD,1,projected_saved_draft_candidate_at_or_after_rejection,1.0,AT_GUARD,True,4,4,3,XSN→JKG
FLORES,P3,500,15,26,ALL_MORPH_BOUNDARY_GUARD,3,projected_saved_draft_candidate_at_or_after_rejection,1.0,BEFORE_GUARD,False,4,2,1,XSV→ETM
FLORES,P3,500,16,27,ALL_MORPH_BOUNDARY_GUARD,2,saved_H3_exact_target_token,,NO_REJECTION,True,4,3,2,XSN→JKO
FLORES,P3,500,17,31,ALL_MORPH_BOUNDARY_GUARD,1,projected_saved_draft_candidate_at_or_after_rejection,1.0,AT_GUARD,True,4,4,3,XSV→ETM
FLORES,P3,500,18,32,ALL_MORPH_BOUNDARY_GUARD,2,projected_saved_draft_candidate_at_or_after_rejection,2.0,AT_GUARD,True,4,3,2,VA→ETM
FLORES,P3,501,3,3,ALL_MORPH_BOUNDARY_GUARD,2,projected_saved_draft_candidate_at_or_after_rejection,2.0,AT_GUARD,True,4,3,2,XSN→JX
FLORES,P3,501,12,28,ALL_MORPH_BOUNDARY_GUARD,2,projected_saved_draft_candidate_at_or_after_rejection,2.0,AT_GUARD,True,4,3,2,XSA→EC
FLORES,P3,501,13,30,ALL_MORPH_BOUNDARY_GUARD,2,saved_H3_exact_target_token,,NO_REJECTION,True,4,3,2,VA→EF
FLORES,P3,502,7,25,ALL_MORPH_BOUNDARY_GUARD,3,saved_H3_exact_target_token,,NO_REJECTION,True,4,2,1,SL→SL
FLORES,P3,503,7,10,ALL_MORPH_BOUNDARY_GUARD,3,projected_saved_draft_candidate_at_or_after_rejection,1.0,BEFORE_GUARD,False,4,2,1,XSV→ETM
FLORES,P3,503,15,31,ALL_MORPH_BOUNDARY_GUARD,3,projected_saved_draft_candidate_at_or_after_rejection,1.0,BEFORE_GUARD,False,4,2,1,XSV→EC
FLORES,P3,503,26,56,ALL_MORPH_BOUNDARY_GUARD,2,projected_saved_draft_candidate_at_or_after_rejection,2.0,AT_GUARD,True,4,3,2,XSV→EC
FLORES,P3,504,0,0,ALL_MORPH_BOUNDARY_GUARD,3,projected_saved_draft_candidate_at_or_after_rejection,1.0,BEFORE_GUARD,False,4,2,1,NNG→XSN
FLORES,P3,504,2,2,ALL_MORPH_BOUNDARY_GUARD,3,projected_saved_draft_candidate_at_or_after_rejection,1.0,BEFORE_GUARD,False,4,2,1,XSA→EC
FLORES,P3,504,3,3,ALL_MORPH_BOUNDARY_GUARD,2,projected_saved_draft_candidate_at_or_after_rejection,3.0,AFTER_GUARD,True,4,3,2,XSN→JKO
FLORES,P3,504,4,6,ALL_MORPH_BOUNDARY_GUARD,1,projected_saved_draft_candidate_at_or_after_rejection,1.0,AT_GUARD,True,4,4,3,XSV→ETN
FLORES,P3,504,17,27,ALL_MORPH_BOUNDARY_GUARD,2,projected_saved_draft_candidate_at_or_after_rejection,2.0,AT_GUARD,True,4,3,2,XSN→JKB
FLORES,P3,504,23,42,ALL_MORPH_BOUNDARY_GUARD,1,projected_saved_draft_candidate_at_or_after_rejection,1.0,AT_GUARD,True,4,4,3,XSV→EC
FLORES,P3,504,29,56,ALL_MORPH_BOUNDARY_GUARD,2,projected_saved_draft_candidate_at_or_after_rejection,1.0,BEFORE_GUARD,False,4,3,2,XSV→ETM
FLORES,P3,504,30,57,ALL_MORPH_BOUNDARY_GUARD,2,saved_H3_exact_target_token,,NO_REJECTION,True,4,3,2,XSV→ETM
FLORES,P3,505,1,1,ALL_MORPH_BOUNDARY_GUARD,3,projected_saved_draft_candidate_at_or_after_rejection,1.0,BEFORE_GUARD,False,4,2,1,XSN→JX
FLORES,P3,505,2,2,ALL_MORPH_BOUNDARY_GUARD,1,projected_saved_draft_candidate_at_or_after_rejection,3.0,AFTER_GUARD,True,4,4,3,XSN→JX
FLORES,P3,505,10,19,ALL_MORPH_BOUNDARY_GUARD,3,projected_saved_draft_candidate_at_or_after_rejection,2.0,BEFORE_GUARD,False,4,2,1,XSN→JX
FLORES,P3,505,11,21,ALL_MORPH_BOUNDARY_GUARD,2,projected_saved_draft_candidate_at_or_after_rejection,1.0,BEFORE_GUARD,False,4,3,2,XSN→JKG
FLORES,P3,505,15,25,ALL_MORPH_BOUNDARY_GUARD,1,saved_H3_exact_target_token,,NO_REJECTION,True,4,4,3,XSN→JKB
FLORES,P3,506,15,39,ALL_MORPH_BOUNDARY_GUARD,2,projected_saved_draft_candidate_at_or_after_rejection,1.0,BEFORE_GUARD,False,4,3,2,XSN→JX
FLORES,P3,506,30,74,ALL_MORPH_BOUNDARY_GUARD,1,saved_H3_exact_target_token,,NO_REJECTION,True,3,3,2,VA→EF
FLORES,P3,507,1,1,ALL_MORPH_BOUNDARY_GUARD,2,saved_H3_exact_target_token,,NO_REJECTION,True,4,3,2,XSN→JX
FLORES,P3,507,4,7,ALL_MORPH_BOUNDARY_GUARD,3,projected_saved_draft_candidate_at_or_after_rejection,3.0,AT_GUARD,True,4,2,1,XSV→EP
FLORES,P3,507,5,10,ALL_MORPH_BOUNDARY_GUARD,3,projected_saved_draft_candidate_at_or_after_rejection,3.0,AT_GUARD,True,4,2,1,XSV→EC
FLORES,P3,508,3,6,ALL_MORPH_BOUNDARY_GUARD,2,projected_saved_draft_candidate_at_or_after_rejection,1.0,BEFORE_GUARD,False,4,3,2,VV→EC
FLORES,P3,508,20,46,ALL_MORPH_BOUNDARY_GUARD,3,saved_H3_exact_target_token,,NO_REJECTION,True,4,2,1,VV→EC
FLORES,P3,508,26,61,ALL_MORPH_BOUNDARY_GUARD,1,projected_saved_draft_candidate_at_or_after_rejection,2.0,AFTER_GUARD,True,4,4,3,VA→ETM
FLORES,P3,508,30,67,ALL_MORPH_BOUNDARY_GUARD,2,saved_H3_exact_target_token,,NO_REJECTION,True,4,3,2,VA→EF
FLORES,P3,510,7,20,ALL_MORPH_BOUNDARY_GUARD,1,projected_saved_draft_candidate_at_or_after_rejection,2.0,AFTER_GUARD,True,4,4,3,XSN→JKB
FLORES,P3,510,8,22,ALL_MORPH_BOUNDARY_GUARD,3,saved_H3_exact_target_token,,NO_REJECTION,True,4,2,1,XSV→ETM
FLORES,P3,510,13,40,ALL_MORPH_BOUNDARY_GUARD,1,saved_H3_exact_target_token,,NO_REJECTION,True,4,4,3,XSV→EC
FLORES,P3,510,15,48,ALL_MORPH_BOUNDARY_GUARD,1,projected_saved_draft_candidate_at_or_after_rejection,2.0,AFTER_GUARD,True,4,4,3,XSV→ETM
FLORES,P3,511,23,57,ALL_MORPH_BOUNDARY_GUARD,2,projected_saved_draft_candidate_at_or_after_rejection,2.0,AT_GUARD,True,4,3,2,VA→ETM
FLORES,P3,512,7,15,ALL_MORPH_BOUNDARY_GUARD,1,saved_H3_exact_target_token,,NO_REJECTION,True,4,4,3,XSV→EC
FLORES,P3,512,10,26,ALL_MORPH_BOUNDARY_GUARD,3,projected_saved_draft_candidate_at_or_after_rejection,1.0,BEFORE_GUARD,False,4,2,1,VA→ETM
FLORES,P3,512,16,39,ALL_MORPH_BOUNDARY_GUARD,2,projected_saved_draft_candidate_at_or_after_rejection,2.0,AT_GUARD,True,4,3,2,XSV→EC
FLORES,P3,512,17,41,ALL_MORPH_BOUNDARY_GUARD,3,projected_saved_draft_candidate_at_or_after_rejection,1.0,BEFORE_GUARD,False,4,2,1,XSV→ETM
FLORES,P3,512,18,42,ALL_MORPH_BOUNDARY_GUARD,1,projected_saved_draft_candidate_at_or_after_rejection,2.0,AFTER_GUARD,True,4,4,3,XSV→ETM
FLORES,P3,513,1,1,ALL_MORPH_BOUNDARY_GUARD,1,projected_saved_draft_candidate_at_or_after_rejection,2.0,AFTER_GUARD,True,4,4,3,XSN→JX
FLORES,P3,514,15,31,ALL_MORPH_BOUNDARY_GUARD,3,projected_saved_draft_candidate_at_or_after_rejection,2.0,BEFORE_GUARD,False,4,2,1,XSN→JKS
FLORES,P3,515,1,2,ALL_MORPH_BOUNDARY_GUARD,2,projected_saved_draft_candidate_at_or_after_rejection,2.0,AT_GUARD,True,4,3,2,XSN→JKG
FLORES,P3,516,0,0,NP_BOUNDARY_GUARD,1,projected_saved_draft_candidate_at_or_after_rejection,1.0,AT_GUARD,True,4,4,3,NP→JKG
FLORES,P3,516,0,0,ALL_MORPH_BOUNDARY_GUARD,1,projected_saved_draft_candidate_at_or_after_rejection,1.0,AT_GUARD,True,4,4,3,NP→JKG
FLORES,P3,516,13,35,ALL_MORPH_BOUNDARY_GUARD,3,projected_saved_draft_candidate_at_or_after_rejection,3.0,AT_GUARD,True,4,2,1,XSV→ETM
FLORES,P3,517,3,5,ALL_MORPH_BOUNDARY_GUARD,1,projected_saved_draft_candidate_at_or_after_rejection,2.0,AFTER_GUARD,True,4,4,3,XSN→JKS
FLORES,P3,518,3,7,ALL_MORPH_BOUNDARY_GUARD,1,projected_saved_draft_candidate_at_or_after_rejection,2.0,AFTER_GUARD,True,4,4,3,VCP→EC
FLORES,P3,520,0,0,ALL_MORPH_BOUNDARY_GUARD,3,saved_H3_exact_target_token,,NO_REJECTION,True,4,2,1,VV→EC
FLORES,P3,520,8,24,ALL_MORPH_BOUNDARY_GUARD,2,projected_saved_draft_candidate_at_or_after_rejection,2.0,AT_GUARD,True,4,3,2,XSV→EP
FLORES,P3,520,12,36,ALL_MORPH_BOUNDARY_GUARD,2,saved_H3_exact_target_token,,NO_REJECTION,True,3,2,1,SSC→SF
FLORES,P3,522,18,40,ALL_MORPH_BOUNDARY_GUARD,1,saved_H3_exact_target_token,,NO_REJECTION,True,4,4,3,XSV→ETM
FLORES,P3,523,1,3,ALL_MORPH_BOUNDARY_GUARD,2,projected_saved_draft_candidate_at_or_after_rejection,3.0,AFTER_GUARD,True,4,3,2,XSA→EC
FLORES,P3,523,7,17,ALL_MORPH_BOUNDARY_GUARD,3,projected_saved_draft_candidate_at_or_after_rejection,1.0,BEFORE_GUARD,False,4,2,1,XSN→JKO
FLORES,P3,524,2,4,NP_BOUNDARY_GUARD,1,projected_saved_draft_candidate_at_or_after_rejection,1.0,AT_GUARD,True,4,4,3,NNG→JKG
FLORES,P3,524,2,4,ALL_MORPH_BOUNDARY_GUARD,1,projected_saved_draft_candidate_at_or_after_rejection,1.0,AT_GUARD,True,4,4,3,NNG→JKG
FLORES,P3,524,15,40,ALL_MORPH_BOUNDARY_GUARD,2,saved_H3_exact_target_token,,NO_REJECTION,True,4,3,2,XSA→EC
FLORES,P3,524,17,48,ALL_MORPH_BOUNDARY_GUARD,1,projected_saved_draft_candidate_at_or_after_rejection,2.0,AFTER_GUARD,True,4,4,3,ETN→JKO
FLORES,P3,525,2,3,ALL_MORPH_BOUNDARY_GUARD,1,projected_saved_draft_candidate_at_or_after_rejection,1.0,AT_GUARD,True,4,4,3,XSN→JKS
FLORES,P3,525,4,8,ALL_MORPH_BOUNDARY_GUARD,2,saved_H3_exact_target_token,,NO_REJECTION,True,4,3,2,XSV→ETM
FLORES,P3,525,5,12,NP_BOUNDARY_GUARD,1,projected_saved_draft_candidate_at_or_after_rejection,1.0,AT_GUARD,True,4,4,3,NNG→JKO
FLORES,P3,525,5,12,ALL_MORPH_BOUNDARY_GUARD,1,projected_saved_draft_candidate_at_or_after_rejection,1.0,AT_GUARD,True,4,4,3,NNG→JKO
FLORES,P3,525,7,15,ALL_MORPH_BOUNDARY_GUARD,3,projected_saved_draft_candidate_at_or_after_rejection,3.0,AT_GUARD,True,4,2,1,XSN→JX
FLORES,P3,525,11,28,ALL_MORPH_BOUNDARY_GUARD,1,projected_saved_draft_candidate_at_or_after_rejection,2.0,AFTER_GUARD,True,4,4,3,VA→EC
FLORES,P3,527,2,7,ALL_MORPH_BOUNDARY_GUARD,2,projected_saved_draft_candidate_at_or_after_rejection,1.0,BEFORE_GUARD,False,4,3,2,XSN→JKO
FLORES,P3,528,7,21,ALL_MORPH_BOUNDARY_GUARD,2,projected_saved_draft_candidate_at_or_after_rejection,3.0,AFTER_GUARD,True,4,3,2,XSV→EC
FLORES,P3,529,3,6,ALL_MORPH_BOUNDARY_GUARD,1,projected_saved_draft_candidate_at_or_after_rejection,1.0,AT_GUARD,True,4,4,3,VA→ETM
FLORES,P3,530,0,0,NP_BOUNDARY_GUARD,3,projected_saved_draft_candidate_at_or_after_rejection,1.0,BEFORE_GUARD,False,4,2,1,NP→JKO
FLORES,P3,530,0,0,ALL_MORPH_BOUNDARY_GUARD,3,projected_saved_draft_candidate_at_or_after_rejection,1.0,BEFORE_GUARD,False,4,2,1,NP→JKO
FLORES,P3,531,8,19,ALL_MORPH_BOUNDARY_GUARD,1,projected_saved_draft_candidate_at_or_after_rejection,1.0,AT_GUARD,True,4,4,3,VA→ETM
FLORES,P3,531,14,33,NP_BOUNDARY_GUARD,3,projected_saved_draft_candidate_at_or_after_rejection,3.0,AT_GUARD,True,4,2,1,NP→JX
FLORES,P3,531,14,33,ALL_MORPH_BOUNDARY_GUARD,3,projected_saved_draft_candidate_at_or_after_rejection,3.0,AT_GUARD,True,4,2,1,NP→JX
FLORES,P3,531,16,37,NP_BOUNDARY_GUARD,1,projected_saved_draft_candidate_at_or_after_rejection,2.0,AFTER_GUARD,True,4,4,3,NP→JKS
FLORES,P3,531,16,37,ALL_MORPH_BOUNDARY_GUARD,1,projected_saved_draft_candidate_at_or_after_rejection,2.0,AFTER_GUARD,True,4,4,3,NP→JKS
FLORES,P3,531,20,43,ALL_MORPH_BOUNDARY_GUARD,1,projected_saved_draft_candidate_at_or_after_rejection,2.0,AFTER_GUARD,True,4,4,3,VA→ETM
FLORES,P3,531,22,47,ALL_MORPH_BOUNDARY_GUARD,1,projected_saved_draft_candidate_at_or_after_rejection,1.0,AT_GUARD,True,4,4,3,VA-I→EC
FLORES,P3,531,23,48,ALL_MORPH_BOUNDARY_GUARD,1,projected_saved_draft_candidate_at_or_after_rejection,1.0,AT_GUARD,True,4,4,3,VA-I→EC
FLORES,P3,531,26,53,ALL_MORPH_BOUNDARY_GUARD,1,projected_saved_draft_candidate_at_or_after_rejection,1.0,AT_GUARD,True,4,4,3,VA-I→EC
FLORES,P3,531,27,54,ALL_MORPH_BOUNDARY_GUARD,2,projected_saved_draft_candidate_at_or_after_rejection,3.0,AFTER_GUARD,True,4,3,2,XSV→ETN
FLORES,P3,532,0,0,ALL_MORPH_BOUNDARY_GUARD,3,projected_saved_draft_candidate_at_or_after_rejection,1.0,BEFORE_GUARD,False,4,2,1,XSN→JKB
FLORES,P3,532,1,1,NP_BOUNDARY_GUARD,1,projected_saved_draft_candidate_at_or_after_rejection,1.0,AT_GUARD,True,4,4,3,NNG→JKB
FLORES,P3,532,1,1,ALL_MORPH_BOUNDARY_GUARD,1,projected_saved_draft_candidate_at_or_after_rejection,1.0,AT_GUARD,True,4,4,3,NNG→JKB
FLORES,P3,532,13,24,ALL_MORPH_BOUNDARY_GUARD,2,projected_saved_draft_candidate_at_or_after_rejection,2.0,AT_GUARD,True,4,3,2,XSV→ETN
FLORES,P3,532,16,32,ALL_MORPH_BOUNDARY_GUARD,1,saved_H3_exact_target_token,,NO_REJECTION,True,4,4,3,JX→JX
FLORES,P3,533,3,10,NP_BOUNDARY_GUARD,3,projected_saved_draft_candidate_at_or_after_rejection,2.0,BEFORE_GUARD,False,4,2,1,NP→JKS
FLORES,P3,533,3,10,ALL_MORPH_BOUNDARY_GUARD,2,projected_saved_draft_candidate_at_or_after_rejection,2.0,AT_GUARD,True,4,3,2,XSN→JX
FLORES,P3,533,11,24,ALL_MORPH_BOUNDARY_GUARD,2,projected_saved_draft_candidate_at_or_after_rejection,1.0,BEFORE_GUARD,False,4,3,2,XSN→JKS
FLORES,P3,533,12,25,ALL_MORPH_BOUNDARY_GUARD,2,projected_saved_draft_candidate_at_or_after_rejection,1.0,BEFORE_GUARD,False,4,3,2,VA→ETM
FLORES,P3,533,13,26,ALL_MORPH_BOUNDARY_GUARD,1,projected_saved_draft_candidate_at_or_after_rejection,3.0,AFTER_GUARD,True,4,4,3,XSN→JKG
FLORES,P3,533,15,33,ALL_MORPH_BOUNDARY_GUARD,3,saved_H3_exact_target_token,,NO_REJECTION,True,4,2,1,XSV→ETM
FLORES,P3,533,16,37,NP_BOUNDARY_GUARD,3,projected_saved_draft_candidate_at_or_after_rejection,2.0,BEFORE_GUARD,False,4,2,1,NP→JKS
FLORES,P3,533,16,37,ALL_MORPH_BOUNDARY_GUARD,3,projected_saved_draft_candidate_at_or_after_rejection,2.0,BEFORE_GUARD,False,4,2,1,NP→JKS
FLORES,P3,533,20,46,ALL_MORPH_BOUNDARY_GUARD,1,projected_saved_draft_candidate_at_or_after_rejection,1.0,AT_GUARD,True,4,4,3,VCP→EC
FLORES,P3,533,21,47,NP_BOUNDARY_GUARD,1,projected_saved_draft_candidate_at_or_after_rejection,1.0,AT_GUARD,True,4,4,3,NNB→JKO
FLORES,P3,533,21,47,ALL_MORPH_BOUNDARY_GUARD,1,projected_saved_draft_candidate_at_or_after_rejection,1.0,AT_GUARD,True,4,4,3,NNB→JKO
FLORES,P3,533,22,48,NP_BOUNDARY_GUARD,1,projected_saved_draft_candidate_at_or_after_rejection,1.0,AT_GUARD,True,4,4,3,NP→JKS
FLORES,P3,533,22,48,ALL_MORPH_BOUNDARY_GUARD,1,projected_saved_draft_candidate_at_or_after_rejection,1.0,AT_GUARD,True,4,4,3,NP→JKS
FLORES,P3,533,27,55,ALL_MORPH_BOUNDARY_GUARD,2,projected_saved_draft_candidate_at_or_after_rejection,3.0,AFTER_GUARD,True,4,3,2,VX→ETM
FLORES,P3,534,6,15,ALL_MORPH_BOUNDARY_GUARD,2,projected_saved_draft_candidate_at_or_after_rejection,1.0,BEFORE_GUARD,False,4,3,2,XSN→JKB
FLORES,P3,534,7,16,ALL_MORPH_BOUNDARY_GUARD,1,projected_saved_draft_candidate_at_or_after_rejection,4.0,AFTER_GUARD,True,4,4,3,XSN→JKB
FLORES,P3,534,17,40,ALL_MORPH_BOUNDARY_GUARD,1,saved_H3_exact_target_token,,NO_REJECTION,True,4,4,3,VX→ETM
FLORES,P3,535,0,0,ALL_MORPH_BOUNDARY_GUARD,3,projected_saved_draft_candidate_at_or_after_rejection,3.0,AT_GUARD,True,4,2,1,VA-I→EC
FLORES,P3,535,2,4,ALL_MORPH_BOUNDARY_GUARD,1,projected_saved_draft_candidate_at_or_after_rejection,2.0,AFTER_GUARD,True,4,4,3,XSN→JKB
FLORES,P3,535,5,14,ALL_MORPH_BOUNDARY_GUARD,1,projected_saved_draft_candidate_at_or_after_rejection,2.0,AFTER_GUARD,True,4,4,3,XSV→EC
FLORES,P3,535,9,25,ALL_MORPH_BOUNDARY_GUARD,2,projected_saved_draft_candidate_at_or_after_rejection,1.0,BEFORE_GUARD,False,4,3,2,VA-I→EC
FLORES,P3,535,12,34,ALL_MORPH_BOUNDARY_GUARD,1,saved_H3_exact_target_token,,NO_REJECTION,True,3,3,2,VA→EF
FLORES,P3,537,6,14,ALL_MORPH_BOUNDARY_GUARD,3,projected_saved_draft_candidate_at_or_after_rejection,4.0,AFTER_GUARD,True,4,2,1,VA→ETM
FLORES,P3,537,25,55,ALL_MORPH_BOUNDARY_GUARD,2,projected_saved_draft_candidate_at_or_after_rejection,1.0,BEFORE_GUARD,False,4,3,2,XSV→ETM
FLORES,P3,537,28,58,ALL_MORPH_BOUNDARY_GUARD,1,projected_saved_draft_candidate_at_or_after_rejection,1.0,AT_GUARD,True,3,3,2,VA→EF
FLORES,P3,539,9,22,ALL_MORPH_BOUNDARY_GUARD,2,projected_saved_draft_candidate_at_or_after_rejection,1.0,BEFORE_GUARD,False,4,3,2,XSN→JX
FLORES,P3,539,15,36,ALL_MORPH_BOUNDARY_GUARD,2,projected_saved_draft_candidate_at_or_after_rejection,3.0,AFTER_GUARD,True,4,3,2,VA→ETM
FLORES,P3,539,16,39,NP_BOUNDARY_GUARD,3,projected_saved_draft_candidate_at_or_after_rejection,4.0,AFTER_GUARD,True,4,2,1,NNG→JKO
FLORES,P3,539,16,39,ALL_MORPH_BOUNDARY_GUARD,3,projected_saved_draft_candidate_at_or_after_rejection,4.0,AFTER_GUARD,True,4,2,1,NNG→JKO
FLORES,P3,539,17,43,ALL_MORPH_BOUNDARY_GUARD,1,saved_H3_exact_target_token,,NO_REJECTION,True,3,3,2,VX→EF
FLORES,P3,540,1,1,NP_BOUNDARY_GUARD,1,projected_saved_draft_candidate_at_or_after_rejection,1.0,AT_GUARD,True,4,4,3,NNG→JKS
FLORES,P3,540,1,1,ALL_MORPH_BOUNDARY_GUARD,1,projected_saved_draft_candidate_at_or_after_rejection,1.0,AT_GUARD,True,4,4,3,NNG→JKS
FLORES,P3,540,2,2,NP_BOUNDARY_GUARD,2,projected_saved_draft_candidate_at_or_after_rejection,1.0,BEFORE_GUARD,False,4,3,2,NNG→JKO
FLORES,P3,540,2,2,ALL_MORPH_BOUNDARY_GUARD,2,projected_saved_draft_candidate_at_or_after_rejection,1.0,BEFORE_GUARD,False,4,3,2,NNG→JKO
FLORES,P3,540,10,20,ALL_MORPH_BOUNDARY_GUARD,2,projected_saved_draft_candidate_at_or_after_rejection,1.0,BEFORE_GUARD,False,4,3,2,XSN→JKG
FLORES,P3,541,14,32,ALL_MORPH_BOUNDARY_GUARD,3,projected_saved_draft_candidate_at_or_after_rejection,1.0,BEFORE_GUARD,False,4,2,1,VA→ETM
FLORES,P3,541,15,33,ALL_MORPH_BOUNDARY_GUARD,2,projected_saved_draft_candidate_at_or_after_rejection,4.0,AFTER_GUARD,True,4,3,2,VA→ETM
FLORES,P3,542,15,31,ALL_MORPH_BOUNDARY_GUARD,3,projected_saved_draft_candidate_at_or_after_rejection,1.0,BEFORE_GUARD,False,4,2,1,XSV→ETM
FLORES,P3,542,16,32,ALL_MORPH_BOUNDARY_GUARD,2,projected_saved_draft_candidate_at_or_after_rejection,1.0,BEFORE_GUARD,False,4,3,2,XSV→ETM
FLORES,P3,542,17,33,ALL_MORPH_BOUNDARY_GUARD,1,saved_H3_exact_target_token,,NO_REJECTION,True,4,4,3,XSV→ETM
FLORES,P3,543,16,37,NP_BOUNDARY_GUARD,3,projected_saved_draft_candidate_at_or_after_rejection,3.0,AT_GUARD,True,4,2,1,NNB→JKO
FLORES,P3,543,16,37,ALL_MORPH_BOUNDARY_GUARD,3,projected_saved_draft_candidate_at_or_after_rejection,3.0,AT_GUARD,True,4,2,1,NNB→JKO
FLORES,P3,543,19,44,NP_BOUNDARY_GUARD,3,projected_saved_draft_candidate_at_or_after_rejection,1.0,BEFORE_GUARD,False,4,2,1,NNB→JKO
FLORES,P3,543,19,44,ALL_MORPH_BOUNDARY_GUARD,3,projected_saved_draft_candidate_at_or_after_rejection,1.0,BEFORE_GUARD,False,4,2,1,NNB→JKO
FLORES,P3,544,8,16,ALL_MORPH_BOUNDARY_GUARD,3,projected_saved_draft_candidate_at_or_after_rejection,2.0,BEFORE_GUARD,False,4,2,1,VCP→EF
FLORES,P3,545,3,9,NP_BOUNDARY_GUARD,1,projected_saved_draft_candidate_at_or_after_rejection,1.0,AT_GUARD,True,4,4,3,NNG→JKB
FLORES,P3,545,3,9,ALL_MORPH_BOUNDARY_GUARD,1,projected_saved_draft_candidate_at_or_after_rejection,1.0,AT_GUARD,True,4,4,3,NNG→JKB
FLORES,P3,545,21,57,ALL_MORPH_BOUNDARY_GUARD,2,projected_saved_draft_candidate_at_or_after_rejection,1.0,BEFORE_GUARD,False,4,3,2,XSN→JKS
FLORES,P3,545,22,58,ALL_MORPH_BOUNDARY_GUARD,3,projected_saved_draft_candidate_at_or_after_rejection,4.0,AFTER_GUARD,True,4,2,1,XSN→JKS
FLORES,P3,545,24,65,ALL_MORPH_BOUNDARY_GUARD,2,saved_H3_exact_target_token,,NO_REJECTION,True,4,3,2,EP→EF
FLORES,P3,546,14,23,ALL_MORPH_BOUNDARY_GUARD,1,projected_saved_draft_candidate_at_or_after_rejection,3.0,AFTER_GUARD,True,4,4,3,XSN→JX
FLORES,P3,547,3,8,ALL_MORPH_BOUNDARY_GUARD,3,saved_H3_exact_target_token,,NO_REJECTION,True,4,2,1,NNB→VCP
FLORES,P3,547,5,14,ALL_MORPH_BOUNDARY_GUARD,3,projected_saved_draft_candidate_at_or_after_rejection,1.0,BEFORE_GUARD,False,4,2,1,XSN→JKB
FLORES,P3,547,8,18,NP_BOUNDARY_GUARD,3,projected_saved_draft_candidate_at_or_after_rejection,1.0,BEFORE_GUARD,False,4,2,1,NNB→JKO
FLORES,P3,547,8,18,ALL_MORPH_BOUNDARY_GUARD,2,projected_saved_draft_candidate_at_or_after_rejection,1.0,BEFORE_GUARD,False,4,3,2,VCP→ETM
FLORES,P3,547,24,52,ALL_MORPH_BOUNDARY_GUARD,1,saved_H3_exact_target_token,,NO_REJECTION,True,4,4,3,NNB→VCP
FLORES,P3,548,19,50,ALL_MORPH_BOUNDARY_GUARD,3,projected_saved_draft_candidate_at_or_after_rejection,1.0,BEFORE_GUARD,False,4,2,1,XSV→ETN
FLORES,P3,548,21,55,ALL_MORPH_BOUNDARY_GUARD,2,projected_saved_draft_candidate_at_or_after_rejection,1.0,BEFORE_GUARD,False,4,3,2,XSV→EC
FLORES,P3,548,22,56,ALL_MORPH_BOUNDARY_GUARD,2,projected_saved_draft_candidate_at_or_after_rejection,1.0,BEFORE_GUARD,False,4,3,2,XSV→ETM
FLORES,P3,548,24,58,ALL_MORPH_BOUNDARY_GUARD,1,saved_H3_exact_target_token,,NO_REJECTION,True,3,3,2,EP→EF
FLORES,P3,549,7,23,ALL_MORPH_BOUNDARY_GUARD,2,saved_H3_exact_target_token,,NO_REJECTION,True,4,3,2,SS→SL
FLORES,P3,549,15,55,ALL_MORPH_BOUNDARY_GUARD,2,saved_H3_exact_target_token,,NO_REJECTION,True,4,3,2,SO→SL
FLORES,P3,549,16,59,ALL_MORPH_BOUNDARY_GUARD,2,saved_H3_exact_target_token,,NO_REJECTION,True,4,3,2,SO→SL
FLORES,P3,549,28,89,ALL_MORPH_BOUNDARY_GUARD,2,saved_H3_exact_target_token,,NO_REJECTION,True,4,3,2,XSV→EP
FLORES,P3,549,40,115,ALL_MORPH_BOUNDARY_GUARD,1,projected_saved_draft_candidate_at_or_after_rejection,2.0,AFTER_GUARD,True,4,4,3,XSN→JKS
FLORES,P3,550,2,4,ALL_MORPH_BOUNDARY_GUARD,1,projected_saved_draft_candidate_at_or_after_rejection,2.0,AFTER_GUARD,True,4,4,3,XSV→EC
FLORES,P3,550,5,13,ALL_MORPH_BOUNDARY_GUARD,3,projected_saved_draft_candidate_at_or_after_rejection,1.0,BEFORE_GUARD,False,4,2,1,XSV→ETM
FLORES,P3,550,8,17,NP_BOUNDARY_GUARD,3,projected_saved_draft_candidate_at_or_after_rejection,3.0,AT_GUARD,True,4,2,1,NNB→JX
FLORES,P3,550,8,17,ALL_MORPH_BOUNDARY_GUARD,3,projected_saved_draft_candidate_at_or_after_rejection,3.0,AT_GUARD,True,4,2,1,NNB→JX
FLORES,P3,551,4,8,ALL_MORPH_BOUNDARY_GUARD,2,saved_H3_exact_target_token,,NO_REJECTION,True,4,3,2,XSN→JKB
FLORES,P3,551,14,32,NP_BOUNDARY_GUARD,2,saved_H3_exact_target_token,,NO_REJECTION,True,4,3,2,NNG→JKO
FLORES,P3,551,14,32,ALL_MORPH_BOUNDARY_GUARD,2,saved_H3_exact_target_token,,NO_REJECTION,True,4,3,2,NNG→JKO
FLORES,P3,551,16,37,NP_BOUNDARY_GUARD,3,projected_saved_draft_candidate_at_or_after_rejection,4.0,AFTER_GUARD,True,4,2,1,NNG→JKO
FLORES,P3,551,16,37,ALL_MORPH_BOUNDARY_GUARD,3,projected_saved_draft_candidate_at_or_after_rejection,4.0,AFTER_GUARD,True,4,2,1,NNG→JKO
FLORES,P3,551,17,41,ALL_MORPH_BOUNDARY_GUARD,2,projected_saved_draft_candidate_at_or_after_rejection,3.0,AFTER_GUARD,True,4,3,2,XSV→ETM
FLORES,P3,552,23,40,ALL_MORPH_BOUNDARY_GUARD,2,projected_saved_draft_candidate_at_or_after_rejection,1.0,BEFORE_GUARD,False,4,3,2,XSV→ETN
FLORES,P3,553,0,0,NP_BOUNDARY_GUARD,1,projected_saved_draft_candidate_at_or_after_rejection,2.0,AFTER_GUARD,True,4,4,3,NNG→JKB
FLORES,P3,553,0,0,ALL_MORPH_BOUNDARY_GUARD,1,projected_saved_draft_candidate_at_or_after_rejection,2.0,AFTER_GUARD,True,4,4,3,NNG→JKB
FLORES,P3,554,3,4,ALL_MORPH_BOUNDARY_GUARD,3,projected_saved_draft_candidate_at_or_after_rejection,1.0,BEFORE_GUARD,False,4,2,1,XSN→JKB
FLORES,P3,554,5,9,NP_BOUNDARY_GUARD,2,projected_saved_draft_candidate_at_or_after_rejection,1.0,BEFORE_GUARD,False,4,3,2,NNB→JX
FLORES,P3,554,5,9,ALL_MORPH_BOUNDARY_GUARD,2,projected_saved_draft_candidate_at_or_after_rejection,1.0,BEFORE_GUARD,False,4,3,2,NNB→JX
FLORES,P3,556,3,8,ALL_MORPH_BOUNDARY_GUARD,1,projected_saved_draft_candidate_at_or_after_rejection,1.0,AT_GUARD,True,4,4,3,XSN→JKS
FLORES,P3,556,9,20,ALL_MORPH_BOUNDARY_GUARD,2,projected_saved_draft_candidate_at_or_after_rejection,1.0,BEFORE_GUARD,False,4,3,2,VA-I→EC
FLORES,P3,556,10,21,ALL_MORPH_BOUNDARY_GUARD,2,projected_saved_draft_candidate_at_or_after_rejection,1.0,BEFORE_GUARD,False,4,3,2,VA-I→EC
FLORES,P3,556,12,26,ALL_MORPH_BOUNDARY_GUARD,1,projected_saved_draft_candidate_at_or_after_rejection,2.0,AFTER_GUARD,True,4,4,3,VA→EC
FLORES,P3,556,13,28,ALL_MORPH_BOUNDARY_GUARD,1,projected_saved_draft_candidate_at_or_after_rejection,4.0,AFTER_GUARD,True,4,4,3,XSN→JKO
FLORES,P3,557,21,46,ALL_MORPH_BOUNDARY_GUARD,1,projected_saved_draft_candidate_at_or_after_rejection,1.0,AT_GUARD,True,4,4,3,XSN→VCP
FLORES,P3,557,48,111,ALL_MORPH_BOUNDARY_GUARD,1,saved_H3_exact_target_token,,NO_REJECTION,True,4,4,3,XSV→EC
FLORES,P3,560,14,31,ALL_MORPH_BOUNDARY_GUARD,3,projected_saved_draft_candidate_at_or_after_rejection,4.0,AFTER_GUARD,True,4,2,1,XSN→JKB
FLORES,P3,560,21,46,ALL_MORPH_BOUNDARY_GUARD,1,saved_H3_exact_target_token,,NO_REJECTION,True,4,4,3,XSV→EC
FLORES,P3,560,25,56,NP_BOUNDARY_GUARD,1,projected_saved_draft_candidate_at_or_after_rejection,2.0,AFTER_GUARD,True,4,4,3,NNB→JKO
FLORES,P3,560,25,56,ALL_MORPH_BOUNDARY_GUARD,1,projected_saved_draft_candidate_at_or_after_rejection,2.0,AFTER_GUARD,True,4,4,3,NNB→JKO
FLORES,P3,561,1,3,ALL_MORPH_BOUNDARY_GUARD,1,projected_saved_draft_candidate_at_or_after_rejection,1.0,AT_GUARD,True,4,4,3,XSN→JKB
FLORES,P3,563,12,31,ALL_MORPH_BOUNDARY_GUARD,2,projected_saved_draft_candidate_at_or_after_rejection,1.0,BEFORE_GUARD,False,4,3,2,XSN→JX
FLORES,P3,563,22,54,NP_BOUNDARY_GUARD,1,projected_saved_draft_candidate_at_or_after_rejection,1.0,AT_GUARD,True,4,4,3,NNG→JKB
FLORES,P3,563,22,54,ALL_MORPH_BOUNDARY_GUARD,1,projected_saved_draft_candidate_at_or_after_rejection,1.0,AT_GUARD,True,4,4,3,NNG→JKB
FLORES,P3,564,0,0,ALL_MORPH_BOUNDARY_GUARD,2,projected_saved_draft_candidate_at_or_after_rejection,1.0,BEFORE_GUARD,False,4,3,2,XSN→JKG
FLORES,P3,564,1,1,ALL_MORPH_BOUNDARY_GUARD,1,projected_saved_draft_candidate_at_or_after_rejection,3.0,AFTER_GUARD,True,4,4,3,XSN→JKG
FLORES,P3,564,9,17,ALL_MORPH_BOUNDARY_GUARD,1,projected_saved_draft_candidate_at_or_after_rejection,2.0,AFTER_GUARD,True,4,4,3,XSN→JKB
FLORES,P3,564,13,25,ALL_MORPH_BOUNDARY_GUARD,1,projected_saved_draft_candidate_at_or_after_rejection,2.0,AFTER_GUARD,True,4,4,3,VX→EP
FLORES,P3,565,30,62,ALL_MORPH_BOUNDARY_GUARD,3,projected_saved_draft_candidate_at_or_after_rejection,4.0,AFTER_GUARD,True,4,2,1,XSV→EP
FLORES,P3,565,39,89,ALL_MORPH_BOUNDARY_GUARD,2,projected_saved_draft_candidate_at_or_after_rejection,4.0,AFTER_GUARD,True,4,3,2,VA→EP
FLORES,P3,565,40,93,ALL_MORPH_BOUNDARY_GUARD,1,saved_H3_exact_target_token,,NO_REJECTION,True,3,3,2,VA→EF
FLORES,P3,566,3,9,ALL_MORPH_BOUNDARY_GUARD,1,saved_H3_exact_target_token,,NO_REJECTION,True,4,4,3,XSA→EC
FLORES,P3,566,4,13,NP_BOUNDARY_GUARD,2,projected_saved_draft_candidate_at_or_after_rejection,2.0,AT_GUARD,True,4,3,2,NP→JX
FLORES,P3,566,4,13,ALL_MORPH_BOUNDARY_GUARD,2,projected_saved_draft_candidate_at_or_after_rejection,2.0,AT_GUARD,True,4,3,2,NP→JX
FLORES,P3,566,6,19,ALL_MORPH_BOUNDARY_GUARD,3,projected_saved_draft_candidate_at_or_after_rejection,1.0,BEFORE_GUARD,False,4,2,1,VV→EC
FLORES,P3,566,15,43,ALL_MORPH_BOUNDARY_GUARD,3,projected_saved_draft_candidate_at_or_after_rejection,2.0,BEFORE_GUARD,False,4,2,1,VA→EF
FLORES,P3,566,16,45,ALL_MORPH_BOUNDARY_GUARD,1,saved_H3_exact_target_token,,NO_REJECTION,True,3,3,2,VA→EF
FLORES,P3,567,6,12,ALL_MORPH_BOUNDARY_GUARD,2,projected_saved_draft_candidate_at_or_after_rejection,2.0,AT_GUARD,True,4,3,2,XSA→EF
FLORES,P3,567,13,26,ALL_MORPH_BOUNDARY_GUARD,1,projected_saved_draft_candidate_at_or_after_rejection,4.0,AFTER_GUARD,True,4,4,3,VX→EC
FLORES,P3,567,16,35,ALL_MORPH_BOUNDARY_GUARD,2,projected_saved_draft_candidate_at_or_after_rejection,1.0,BEFORE_GUARD,False,4,3,2,VV→EC
FLORES,P3,567,17,36,ALL_MORPH_BOUNDARY_GUARD,3,saved_H3_exact_target_token,,NO_REJECTION,True,4,2,1,VV→EC
FLORES,P3,567,19,41,NP_BOUNDARY_GUARD,3,projected_saved_draft_candidate_at_or_after_rejection,3.0,AT_GUARD,True,4,2,1,NP→JKO
FLORES,P3,567,19,41,ALL_MORPH_BOUNDARY_GUARD,3,projected_saved_draft_candidate_at_or_after_rejection,3.0,AT_GUARD,True,4,2,1,NP→JKO
FLORES,P3,567,20,44,NP_BOUNDARY_GUARD,1,projected_saved_draft_candidate_at_or_after_rejection,1.0,AT_GUARD,True,4,4,3,NP→JKO
FLORES,P3,567,20,44,ALL_MORPH_BOUNDARY_GUARD,1,projected_saved_draft_candidate_at_or_after_rejection,1.0,AT_GUARD,True,4,4,3,NP→JKO
FLORES,P3,567,21,45,ALL_MORPH_BOUNDARY_GUARD,1,projected_saved_draft_candidate_at_or_after_rejection,2.0,AFTER_GUARD,True,4,4,3,XSN→JKO
FLORES,P3,568,6,17,ALL_MORPH_BOUNDARY_GUARD,1,projected_saved_draft_candidate_at_or_after_rejection,1.0,AT_GUARD,True,4,4,3,VA→EC
FLORES,P3,568,15,41,ALL_MORPH_BOUNDARY_GUARD,3,saved_H3_exact_target_token,,NO_REJECTION,True,4,2,1,XSN→JKS
FLORES,P3,568,18,49,NP_BOUNDARY_GUARD,1,projected_saved_draft_candidate_at_or_after_rejection,1.0,AT_GUARD,True,4,4,3,NNB→JKO
FLORES,P3,568,18,49,ALL_MORPH_BOUNDARY_GUARD,1,projected_saved_draft_candidate_at_or_after_rejection,1.0,AT_GUARD,True,4,4,3,NNB→JKO
FLORES,P3,568,19,50,ALL_MORPH_BOUNDARY_GUARD,3,projected_saved_draft_candidate_at_or_after_rejection,1.0,BEFORE_GUARD,False,4,2,1,XSA→EF
FLORES,P3,568,20,51,ALL_MORPH_BOUNDARY_GUARD,2,saved_H3_exact_target_token,,NO_REJECTION,True,4,3,2,XSA→EF
FLORES,P3,569,8,22,ALL_MORPH_BOUNDARY_GUARD,1,projected_saved_draft_candidate_at_or_after_rejection,2.0,AFTER_GUARD,True,4,4,3,XSV→EP
FLORES,P3,569,20,52,ALL_MORPH_BOUNDARY_GUARD,2,projected_saved_draft_candidate_at_or_after_rejection,3.0,AFTER_GUARD,True,4,3,2,XSN→JKB
FLORES,P3,569,28,77,ALL_MORPH_BOUNDARY_GUARD,2,projected_saved_draft_candidate_at_or_after_rejection,2.0,AT_GUARD,True,4,3,2,XSV→EP
FLORES,P3,569,45,116,ALL_MORPH_BOUNDARY_GUARD,3,projected_saved_draft_candidate_at_or_after_rejection,1.0,BEFORE_GUARD,False,4,2,1,XSN→JX
FLORES,P3,570,6,15,ALL_MORPH_BOUNDARY_GUARD,3,saved_H3_exact_target_token,,NO_REJECTION,True,4,2,1,VV→EC
FLORES,P3,570,16,35,ALL_MORPH_BOUNDARY_GUARD,3,projected_saved_draft_candidate_at_or_after_rejection,3.0,AT_GUARD,True,4,2,1,VX→EF
FLORES,P3,572,13,36,ALL_MORPH_BOUNDARY_GUARD,3,saved_H3_exact_target_token,,NO_REJECTION,True,4,2,1,XSN→JKB
FLORES,P3,573,6,14,NP_BOUNDARY_GUARD,3,projected_saved_draft_candidate_at_or_after_rejection,1.0,BEFORE_GUARD,False,4,2,1,NNB→JX
FLORES,P3,573,6,14,ALL_MORPH_BOUNDARY_GUARD,3,projected_saved_draft_candidate_at_or_after_rejection,1.0,BEFORE_GUARD,False,4,2,1,NNB→JX
FLORES,P3,573,7,15,NP_BOUNDARY_GUARD,1,projected_saved_draft_candidate_at_or_after_rejection,1.0,AT_GUARD,True,4,4,3,NNB→JX
FLORES,P3,573,7,15,ALL_MORPH_BOUNDARY_GUARD,1,projected_saved_draft_candidate_at_or_after_rejection,1.0,AT_GUARD,True,4,4,3,NNB→JX
FLORES,P3,573,21,40,ALL_MORPH_BOUNDARY_GUARD,3,projected_saved_draft_candidate_at_or_after_rejection,3.0,AT_GUARD,True,4,2,1,VX→EP
FLORES,P3,574,0,0,ALL_MORPH_BOUNDARY_GUARD,1,projected_saved_draft_candidate_at_or_after_rejection,1.0,AT_GUARD,True,4,4,3,VA→ETM
FLORES,P3,574,1,1,ALL_MORPH_BOUNDARY_GUARD,2,projected_saved_draft_candidate_at_or_after_rejection,3.0,AFTER_GUARD,True,4,3,2,VA→ETM
FLORES,P3,574,3,8,ALL_MORPH_BOUNDARY_GUARD,1,projected_saved_draft_candidate_at_or_after_rejection,2.0,AFTER_GUARD,True,4,4,3,XSN→JX
FLORES,P3,574,9,25,NP_BOUNDARY_GUARD,2,projected_saved_draft_candidate_at_or_after_rejection,1.0,BEFORE_GUARD,False,4,3,2,NP→JX
FLORES,P3,574,9,25,ALL_MORPH_BOUNDARY_GUARD,2,projected_saved_draft_candidate_at_or_after_rejection,1.0,BEFORE_GUARD,False,4,3,2,NP→JX
FLORES,P3,575,0,0,ALL_MORPH_BOUNDARY_GUARD,1,projected_saved_draft_candidate_at_or_after_rejection,3.0,AFTER_GUARD,True,4,4,3,VA→ETM
FLORES,P3,575,1,3,ALL_MORPH_BOUNDARY_GUARD,1,projected_saved_draft_candidate_at_or_after_rejection,2.0,AFTER_GUARD,True,4,4,3,XSN→JKO
FLORES,P3,575,3,8,ALL_MORPH_BOUNDARY_GUARD,2,saved_H3_exact_target_token,,NO_REJECTION,True,4,3,2,XSV→EC
FLORES,P3,575,9,24,ALL_MORPH_BOUNDARY_GUARD,1,saved_H3_exact_target_token,,NO_REJECTION,True,4,4,3,VA→EF
FLORES,P3,576,4,5,ALL_MORPH_BOUNDARY_GUARD,1,projected_saved_draft_candidate_at_or_after_rejection,1.0,AT_GUARD,True,4,4,3,VA→ETM
FLORES,P3,576,6,9,ALL_MORPH_BOUNDARY_GUARD,1,projected_saved_draft_candidate_at_or_after_rejection,3.0,AFTER_GUARD,True,4,4,3,XSN→JKS
FLORES,P3,577,6,21,ALL_MORPH_BOUNDARY_GUARD,3,saved_H3_exact_target_token,,NO_REJECTION,True,4,2,1,SO→SL
FLORES,P3,577,9,30,ALL_MORPH_BOUNDARY_GUARD,1,projected_saved_draft_candidate_at_or_after_rejection,2.0,AFTER_GUARD,True,4,4,3,XSN→JX
FLORES,P3,577,19,53,ALL_MORPH_BOUNDARY_GUARD,1,projected_saved_draft_candidate_at_or_after_rejection,3.0,AFTER_GUARD,True,4,4,3,SO→SL
FLORES,P3,577,20,56,ALL_MORPH_BOUNDARY_GUARD,1,projected_saved_draft_candidate_at_or_after_rejection,3.0,AFTER_GUARD,True,4,4,3,VA→ETM
FLORES,P3,578,1,1,ALL_MORPH_BOUNDARY_GUARD,3,projected_saved_draft_candidate_at_or_after_rejection,3.0,AT_GUARD,True,4,2,1,XSV→ETM
FLORES,P3,578,10,20,ALL_MORPH_BOUNDARY_GUARD,2,projected_saved_draft_candidate_at_or_after_rejection,1.0,BEFORE_GUARD,False,4,3,2,XSV→EC
FLORES,P3,578,11,21,ALL_MORPH_BOUNDARY_GUARD,2,projected_saved_draft_candidate_at_or_after_rejection,3.0,AFTER_GUARD,True,4,3,2,XSV→ETM
FLORES,P3,578,13,28,ALL_MORPH_BOUNDARY_GUARD,3,saved_H3_exact_target_token,,NO_REJECTION,True,4,2,1,VX→EF
FLORES,P3,580,4,13,ALL_MORPH_BOUNDARY_GUARD,1,projected_saved_draft_candidate_at_or_after_rejection,3.0,AFTER_GUARD,True,4,4,3,VA→EF
FLORES,P3,580,10,28,NP_BOUNDARY_GUARD,3,projected_saved_draft_candidate_at_or_after_rejection,2.0,BEFORE_GUARD,False,4,2,1,NNB→JKB
FLORES,P3,580,10,28,ALL_MORPH_BOUNDARY_GUARD,1,projected_saved_draft_candidate_at_or_after_rejection,2.0,AFTER_GUARD,True,4,4,3,XSN→VCP
FLORES,P3,580,12,34,ALL_MORPH_BOUNDARY_GUARD,3,projected_saved_draft_candidate_at_or_after_rejection,1.0,BEFORE_GUARD,False,4,2,1,VA→EF
FLORES,P3,580,13,35,ALL_MORPH_BOUNDARY_GUARD,3,projected_saved_draft_candidate_at_or_after_rejection,1.0,BEFORE_GUARD,False,4,2,1,VA→EF
FLORES,P3,580,14,36,ALL_MORPH_BOUNDARY_GUARD,3,saved_H3_exact_target_token,,NO_REJECTION,True,4,2,1,VA→EF
FLORES,P3,581,2,5,ALL_MORPH_BOUNDARY_GUARD,3,projected_saved_draft_candidate_at_or_after_rejection,4.0,AFTER_GUARD,True,4,2,1,VA→ETM
FLORES,P3,581,15,35,ALL_MORPH_BOUNDARY_GUARD,1,saved_H3_exact_target_token,,NO_REJECTION,True,3,3,2,VA→EF
FLORES,P3,582,2,4,ALL_MORPH_BOUNDARY_GUARD,2,projected_saved_draft_candidate_at_or_after_rejection,4.0,AFTER_GUARD,True,4,3,2,XSV→EC
FLORES,P3,582,9,23,ALL_MORPH_BOUNDARY_GUARD,3,projected_saved_draft_candidate_at_or_after_rejection,1.0,BEFORE_GUARD,False,4,2,1,XSV→EF
FLORES,P3,583,9,20,ALL_MORPH_BOUNDARY_GUARD,2,projected_saved_draft_candidate_at_or_after_rejection,2.0,AT_GUARD,True,4,3,2,XSN→JKB
FLORES,P3,584,12,18,NP_BOUNDARY_GUARD,3,projected_saved_draft_candidate_at_or_after_rejection,1.0,BEFORE_GUARD,False,4,2,1,NNG→JKO
FLORES,P3,584,12,18,ALL_MORPH_BOUNDARY_GUARD,3,projected_saved_draft_candidate_at_or_after_rejection,1.0,BEFORE_GUARD,False,4,2,1,NNG→JKO
FLORES,P3,585,0,0,ALL_MORPH_BOUNDARY_GUARD,2,projected_saved_draft_candidate_at_or_after_rejection,1.0,BEFORE_GUARD,False,4,3,2,SO→SL
FLORES,P3,585,1,1,ALL_MORPH_BOUNDARY_GUARD,2,saved_H3_exact_target_token,,NO_REJECTION,True,4,3,2,SO→SL
FLORES,P3,585,2,5,ALL_MORPH_BOUNDARY_GUARD,2,saved_H3_exact_target_token,,NO_REJECTION,True,4,3,2,SO→SL
FLORES,P3,586,15,24,NP_BOUNDARY_GUARD,2,projected_saved_draft_candidate_at_or_after_rejection,2.0,AT_GUARD,True,4,3,2,NNG→JKS
FLORES,P3,586,15,24,ALL_MORPH_BOUNDARY_GUARD,2,projected_saved_draft_candidate_at_or_after_rejection,2.0,AT_GUARD,True,4,3,2,NNG→JKS
FLORES,P3,586,17,27,ALL_MORPH_BOUNDARY_GUARD,1,saved_H3_exact_target_token,,NO_REJECTION,True,4,4,3,VV→EC
FLORES,P3,588,2,6,NP_BOUNDARY_GUARD,2,projected_saved_draft_candidate_at_or_after_rejection,1.0,BEFORE_GUARD,False,4,3,2,NNG→JKS
FLORES,P3,588,2,6,ALL_MORPH_BOUNDARY_GUARD,2,projected_saved_draft_candidate_at_or_after_rejection,1.0,BEFORE_GUARD,False,4,3,2,NNG→JKS
FLORES,P3,589,9,16,NP_BOUNDARY_GUARD,1,projected_saved_draft_candidate_at_or_after_rejection,2.0,AFTER_GUARD,True,4,4,3,NNB→JKS
FLORES,P3,589,9,16,ALL_MORPH_BOUNDARY_GUARD,1,projected_saved_draft_candidate_at_or_after_rejection,2.0,AFTER_GUARD,True,4,4,3,NNB→JKS
FLORES,P3,589,12,23,ALL_MORPH_BOUNDARY_GUARD,3,projected_saved_draft_candidate_at_or_after_rejection,2.0,BEFORE_GUARD,False,4,2,1,VA→EF
FLORES,P3,589,13,25,ALL_MORPH_BOUNDARY_GUARD,1,saved_H3_exact_target_token,,NO_REJECTION,True,3,3,2,VA→EF
FLORES,P3,590,0,0,ALL_MORPH_BOUNDARY_GUARD,3,projected_saved_draft_candidate_at_or_after_rejection,2.0,BEFORE_GUARD,False,4,2,1,XSN→JX
FLORES,P3,590,1,2,ALL_MORPH_BOUNDARY_GUARD,2,projected_saved_draft_candidate_at_or_after_rejection,2.0,AT_GUARD,True,4,3,2,XSN→JX
FLORES,P3,590,8,13,ALL_MORPH_BOUNDARY_GUARD,3,saved_H3_exact_target_token,,NO_REJECTION,True,4,2,1,VA→EF
FLORES,P3,591,15,33,ALL_MORPH_BOUNDARY_GUARD,1,projected_saved_draft_candidate_at_or_after_rejection,2.0,AFTER_GUARD,True,4,4,3,VA→EC
FLORES,P3,591,17,38,NP_BOUNDARY_GUARD,1,projected_saved_draft_candidate_at_or_after_rejection,3.0,AFTER_GUARD,True,4,4,3,NNG→JKO
FLORES,P3,591,17,38,ALL_MORPH_BOUNDARY_GUARD,1,projected_saved_draft_candidate_at_or_after_rejection,3.0,AFTER_GUARD,True,4,4,3,NNG→JKO
FLORES,P3,592,7,22,ALL_MORPH_BOUNDARY_GUARD,1,saved_H3_exact_target_token,,NO_REJECTION,True,4,4,3,EC→JKO
FLORES,P3,592,13,39,ALL_MORPH_BOUNDARY_GUARD,2,projected_saved_draft_candidate_at_or_after_rejection,2.0,AT_GUARD,True,4,3,2,XSV→ETM
FLORES,P3,593,19,41,ALL_MORPH_BOUNDARY_GUARD,2,projected_saved_draft_candidate_at_or_after_rejection,2.0,AT_GUARD,True,4,3,2,XSV→EC
FLORES,P3,593,31,70,ALL_MORPH_BOUNDARY_GUARD,2,projected_saved_draft_candidate_at_or_after_rejection,1.0,BEFORE_GUARD,False,4,3,2,XSV→ETM
FLORES,P3,593,33,74,ALL_MORPH_BOUNDARY_GUARD,2,projected_saved_draft_candidate_at_or_after_rejection,2.0,AT_GUARD,True,3,2,1,SF→SSC
FLORES,P3,593,45,116,ALL_MORPH_BOUNDARY_GUARD,2,saved_H3_exact_target_token,,NO_REJECTION,True,4,3,2,SL→SL
FLORES,P3,593,47,124,ALL_MORPH_BOUNDARY_GUARD,2,projected_saved_draft_candidate_at_or_after_rejection,2.0,AT_GUARD,True,4,3,2,XSA→EC
FLORES,P3,594,4,15,ALL_MORPH_BOUNDARY_GUARD,3,projected_saved_draft_candidate_at_or_after_rejection,1.0,BEFORE_GUARD,False,4,2,1,XSV→EC
FLORES,P3,594,5,16,ALL_MORPH_BOUNDARY_GUARD,2,projected_saved_draft_candidate_at_or_after_rejection,2.0,AT_GUARD,True,4,3,2,XSV→EC
FLORES,P3,595,7,23,NP_BOUNDARY_GUARD,2,projected_saved_draft_candidate_at_or_after_rejection,1.0,BEFORE_GUARD,False,4,3,2,NNG→JKO
FLORES,P3,595,7,23,ALL_MORPH_BOUNDARY_GUARD,2,projected_saved_draft_candidate_at_or_after_rejection,1.0,BEFORE_GUARD,False,4,3,2,NNG→JKO
FLORES,P3,597,0,0,ALL_MORPH_BOUNDARY_GUARD,1,projected_saved_draft_candidate_at_or_after_rejection,1.0,AT_GUARD,True,4,4,3,VA→ETM
FLORES,P3,597,6,21,ALL_MORPH_BOUNDARY_GUARD,3,saved_H3_exact_target_token,,NO_REJECTION,True,4,2,1,SL→SL
FLORES,P3,599,6,17,ALL_MORPH_BOUNDARY_GUARD,2,projected_saved_draft_candidate_at_or_after_rejection,3.0,AFTER_GUARD,True,4,3,2,XSN→JKB
FLORES,P3,599,7,20,ALL_MORPH_BOUNDARY_GUARD,2,projected_saved_draft_candidate_at_or_after_rejection,3.0,AFTER_GUARD,True,4,3,2,XSV→ETM
FLORES,P3,600,6,14,ALL_MORPH_BOUNDARY_GUARD,2,projected_saved_draft_candidate_at_or_after_rejection,2.0,AT_GUARD,True,4,3,2,VCP→ETM
FLORES,P3,601,4,10,NP_BOUNDARY_GUARD,3,projected_saved_draft_candidate_at_or_after_rejection,1.0,BEFORE_GUARD,False,4,2,1,NNG→JKG
FLORES,P3,601,4,10,ALL_MORPH_BOUNDARY_GUARD,2,projected_saved_draft_candidate_at_or_after_rejection,1.0,BEFORE_GUARD,False,4,3,2,XSV→EC
FLORES,P3,601,5,11,ALL_MORPH_BOUNDARY_GUARD,1,saved_H3_exact_target_token,,NO_REJECTION,True,4,4,3,XSV→EC
FLORES,P3,601,10,22,ALL_MORPH_BOUNDARY_GUARD,1,saved_H3_exact_target_token,,NO_REJECTION,True,3,3,2,EP→EF
FLORES,P3,602,8,26,ALL_MORPH_BOUNDARY_GUARD,1,saved_H3_exact_target_token,,NO_REJECTION,True,3,3,2,SL→SL
FLORES,P3,603,12,29,ALL_MORPH_BOUNDARY_GUARD,3,projected_saved_draft_candidate_at_or_after_rejection,4.0,AFTER_GUARD,True,4,2,1,EC→JKO
FLORES,P3,603,13,33,ALL_MORPH_BOUNDARY_GUARD,2,projected_saved_draft_candidate_at_or_after_rejection,2.0,AT_GUARD,True,4,3,2,XSV→EC
FLORES,P3,603,16,41,ALL_MORPH_BOUNDARY_GUARD,3,saved_H3_exact_target_token,,NO_REJECTION,True,4,2,1,VA→EF
FLORES,P3,604,2,2,ALL_MORPH_BOUNDARY_GUARD,1,projected_saved_draft_candidate_at_or_after_rejection,2.0,AFTER_GUARD,True,4,4,3,SO→SL
FLORES,P3,604,7,19,ALL_MORPH_BOUNDARY_GUARD,2,saved_H3_exact_target_token,,NO_REJECTION,True,4,3,2,SL→SL
FLORES,P3,605,3,4,ALL_MORPH_BOUNDARY_GUARD,2,projected_saved_draft_candidate_at_or_after_rejection,2.0,AT_GUARD,True,4,3,2,VV→ETM
FLORES,P3,605,7,13,ALL_MORPH_BOUNDARY_GUARD,1,projected_saved_draft_candidate_at_or_after_rejection,2.0,AFTER_GUARD,True,4,4,3,XSV→EC
FLORES,P3,605,12,25,ALL_MORPH_BOUNDARY_GUARD,1,projected_saved_draft_candidate_at_or_after_rejection,1.0,AT_GUARD,True,4,4,3,XSN→JKG
FLORES,P3,606,1,1,ALL_MORPH_BOUNDARY_GUARD,1,projected_saved_draft_candidate_at_or_after_rejection,2.0,AFTER_GUARD,True,4,4,3,SO→SL
FLORES,P3,607,4,8,ALL_MORPH_BOUNDARY_GUARD,2,projected_saved_draft_candidate_at_or_after_rejection,1.0,BEFORE_GUARD,False,4,3,2,VA→ETM
FLORES,P3,607,7,15,ALL_MORPH_BOUNDARY_GUARD,1,saved_H3_exact_target_token,,NO_REJECTION,True,4,4,3,XSV→EC
FLORES,P3,608,2,5,ALL_MORPH_BOUNDARY_GUARD,2,projected_saved_draft_candidate_at_or_after_rejection,1.0,BEFORE_GUARD,False,4,3,2,XSN→JX
FLORES,P3,608,3,6,ALL_MORPH_BOUNDARY_GUARD,1,projected_saved_draft_candidate_at_or_after_rejection,2.0,AFTER_GUARD,True,4,4,3,VA→ETM
FLORES,P3,608,9,23,ALL_MORPH_BOUNDARY_GUARD,2,projected_saved_draft_candidate_at_or_after_rejection,1.0,BEFORE_GUARD,False,4,3,2,NNG→XSN
FLORES,P3,608,10,24,ALL_MORPH_BOUNDARY_GUARD,1,projected_saved_draft_candidate_at_or_after_rejection,2.0,AFTER_GUARD,True,4,4,3,XSN→JKS
FLORES,P3,608,14,33,ALL_MORPH_BOUNDARY_GUARD,2,projected_saved_draft_candidate_at_or_after_rejection,2.0,AT_GUARD,True,4,3,2,NNG→XSN
FLORES,P3,608,15,35,ALL_MORPH_BOUNDARY_GUARD,2,projected_saved_draft_candidate_at_or_after_rejection,3.0,AFTER_GUARD,True,4,3,2,XSN→JKG
FLORES,P3,609,5,11,NP_BOUNDARY_GUARD,1,projected_saved_draft_candidate_at_or_after_rejection,1.0,AT_GUARD,True,4,4,3,NNG→JKS
FLORES,P3,609,5,11,ALL_MORPH_BOUNDARY_GUARD,1,projected_saved_draft_candidate_at_or_after_rejection,1.0,AT_GUARD,True,4,4,3,NNG→JKS
FLORES,P3,609,7,13,ALL_MORPH_BOUNDARY_GUARD,3,projected_saved_draft_candidate_at_or_after_rejection,2.0,BEFORE_GUARD,False,4,2,1,XSV→EC
FLORES,P3,609,8,15,ALL_MORPH_BOUNDARY_GUARD,2,projected_saved_draft_candidate_at_or_after_rejection,1.0,BEFORE_GUARD,False,4,3,2,XSV→EC
FLORES,P3,609,9,16,ALL_MORPH_BOUNDARY_GUARD,3,saved_H3_exact_target_token,,NO_REJECTION,True,4,2,1,XSV→ETM
FLORES,P3,609,13,32,ALL_MORPH_BOUNDARY_GUARD,2,saved_H3_exact_target_token,,NO_REJECTION,True,4,3,2,XSV→EC
FLORES,P3,610,19,43,ALL_MORPH_BOUNDARY_GUARD,3,projected_saved_draft_candidate_at_or_after_rejection,1.0,BEFORE_GUARD,False,4,2,1,EP→ETM
FLORES,P3,610,20,44,NP_BOUNDARY_GUARD,2,projected_saved_draft_candidate_at_or_after_rejection,1.0,BEFORE_GUARD,False,4,3,2,NNB→JKO
FLORES,P3,610,20,44,ALL_MORPH_BOUNDARY_GUARD,2,projected_saved_draft_candidate_at_or_after_rejection,1.0,BEFORE_GUARD,False,4,3,2,NNB→JKO
FLORES,P3,610,21,45,NP_BOUNDARY_GUARD,1,projected_saved_draft_candidate_at_or_after_rejection,3.0,AFTER_GUARD,True,4,4,3,NNB→JKO
FLORES,P3,610,21,45,ALL_MORPH_BOUNDARY_GUARD,1,projected_saved_draft_candidate_at_or_after_rejection,3.0,AFTER_GUARD,True,4,4,3,NNB→JKO
FLORES,P3,612,5,12,ALL_MORPH_BOUNDARY_GUARD,2,projected_saved_draft_candidate_at_or_after_rejection,3.0,AFTER_GUARD,True,4,3,2,VV→ETM
FLORES,P3,612,6,15,ALL_MORPH_BOUNDARY_GUARD,1,projected_saved_draft_candidate_at_or_after_rejection,1.0,AT_GUARD,True,4,4,3,VA→ETM
FLORES,P3,613,3,7,ALL_MORPH_BOUNDARY_GUARD,2,projected_saved_draft_candidate_at_or_after_rejection,2.0,AT_GUARD,True,4,3,2,VA-I→EC
FLORES,P3,613,10,23,ALL_MORPH_BOUNDARY_GUARD,2,saved_H3_exact_target_token,,NO_REJECTION,True,4,3,2,XSV→EC
FLORES,P3,613,13,33,ALL_MORPH_BOUNDARY_GUARD,3,projected_saved_draft_candidate_at_or_after_rejection,1.0,BEFORE_GUARD,False,4,2,1,VA-I→EC
FLORES,P3,613,20,55,ALL_MORPH_BOUNDARY_GUARD,1,projected_saved_draft_candidate_at_or_after_rejection,2.0,AFTER_GUARD,True,4,4,3,VV→EF
FLORES,P3,614,10,21,ALL_MORPH_BOUNDARY_GUARD,3,projected_saved_draft_candidate_at_or_after_rejection,1.0,BEFORE_GUARD,False,4,2,1,XSN→JKS
FLORES,P3,614,11,22,ALL_MORPH_BOUNDARY_GUARD,2,projected_saved_draft_candidate_at_or_after_rejection,4.0,AFTER_GUARD,True,4,3,2,XSV→EC
FLORES,P3,614,12,26,ALL_MORPH_BOUNDARY_GUARD,1,projected_saved_draft_candidate_at_or_after_rejection,3.0,AFTER_GUARD,True,4,4,3,XSN→JKS
FLORES,P3,615,2,2,ALL_MORPH_BOUNDARY_GUARD,1,projected_saved_draft_candidate_at_or_after_rejection,1.0,AT_GUARD,True,4,4,3,XSA→EC
FLORES,P3,615,6,12,NP_BOUNDARY_GUARD,3,projected_saved_draft_candidate_at_or_after_rejection,4.0,AFTER_GUARD,True,4,2,1,NNB→JX
FLORES,P3,615,6,12,ALL_MORPH_BOUNDARY_GUARD,2,projected_saved_draft_candidate_at_or_after_rejection,4.0,AFTER_GUARD,True,4,3,2,XSV→ETM
FLORES,P3,615,7,16,NP_BOUNDARY_GUARD,2,saved_H3_exact_target_token,,NO_REJECTION,True,4,3,2,NNG→JKG
FLORES,P3,615,7,16,ALL_MORPH_BOUNDARY_GUARD,2,saved_H3_exact_target_token,,NO_REJECTION,True,4,3,2,NNG→JKG
FLORES,P3,615,11,27,ALL_MORPH_BOUNDARY_GUARD,1,saved_H3_exact_target_token,,NO_REJECTION,True,4,4,3,XSA→EC
FLORES,P3,616,3,6,NP_BOUNDARY_GUARD,2,projected_saved_draft_candidate_at_or_after_rejection,3.0,AFTER_GUARD,True,4,3,2,NNG→JX
FLORES,P3,616,3,6,ALL_MORPH_BOUNDARY_GUARD,2,projected_saved_draft_candidate_at_or_after_rejection,3.0,AFTER_GUARD,True,4,3,2,NNG→JX
FLORES,P3,616,9,18,ALL_MORPH_BOUNDARY_GUARD,3,projected_saved_draft_candidate_at_or_after_rejection,3.0,AT_GUARD,True,4,2,1,XSV→EC
FLORES,P3,616,17,38,ALL_MORPH_BOUNDARY_GUARD,2,saved_H3_exact_target_token,,NO_REJECTION,True,4,3,2,XSN→JKB
FLORES,P3,616,18,42,ALL_MORPH_BOUNDARY_GUARD,1,saved_H3_exact_target_token,,NO_REJECTION,True,4,4,3,XSN→JKB
FLORES,P3,616,19,46,ALL_MORPH_BOUNDARY_GUARD,1,saved_H3_exact_target_token,,NO_REJECTION,True,3,3,2,VA→EF
FLORES,P3,617,2,5,ALL_MORPH_BOUNDARY_GUARD,3,projected_saved_draft_candidate_at_or_after_rejection,2.0,BEFORE_GUARD,False,4,2,1,EP→EF
FLORES,P3,618,1,1,ALL_MORPH_BOUNDARY_GUARD,3,projected_saved_draft_candidate_at_or_after_rejection,3.0,AT_GUARD,True,4,2,1,XSN→JX
FLORES,P3,619,7,20,ALL_MORPH_BOUNDARY_GUARD,2,projected_saved_draft_candidate_at_or_after_rejection,1.0,BEFORE_GUARD,False,4,3,2,EP→EF
FLORES,P3,619,8,21,ALL_MORPH_BOUNDARY_GUARD,3,projected_saved_draft_candidate_at_or_after_rejection,2.0,BEFORE_GUARD,False,4,2,1,XSN→JKG
FLORES,P3,619,14,34,ALL_MORPH_BOUNDARY_GUARD,3,projected_saved_draft_candidate_at_or_after_rejection,1.0,BEFORE_GUARD,False,4,2,1,VA-I→EC
FLORES,P3,619,16,36,ALL_MORPH_BOUNDARY_GUARD,1,projected_saved_draft_candidate_at_or_after_rejection,1.0,AT_GUARD,True,4,4,3,VV→EC
FLORES,P3,619,17,37,ALL_MORPH_BOUNDARY_GUARD,3,projected_saved_draft_candidate_at_or_after_rejection,1.0,BEFORE_GUARD,False,4,2,1,VA-I→EC
FLORES,P3,619,24,57,ALL_MORPH_BOUNDARY_GUARD,2,projected_saved_draft_candidate_at_or_after_rejection,4.0,AFTER_GUARD,True,4,3,2,XSN→JKB
FLORES,P3,619,26,62,ALL_MORPH_BOUNDARY_GUARD,2,saved_H3_exact_target_token,,NO_REJECTION,True,4,3,2,EP→EF
FLORES,P3,620,5,16,ALL_MORPH_BOUNDARY_GUARD,2,projected_saved_draft_candidate_at_or_after_rejection,4.0,AFTER_GUARD,True,4,3,2,VA→ETM
FLORES,P3,620,6,20,ALL_MORPH_BOUNDARY_GUARD,2,saved_H3_exact_target_token,,NO_REJECTION,True,4,3,2,VV→EF
FLORES,P3,621,1,3,ALL_MORPH_BOUNDARY_GUARD,1,projected_saved_draft_candidate_at_or_after_rejection,1.0,AT_GUARD,True,4,4,3,XSN→JKS
FLORES,P3,621,6,12,ALL_MORPH_BOUNDARY_GUARD,1,projected_saved_draft_candidate_at_or_after_rejection,2.0,AFTER_GUARD,True,4,4,3,VA→ETM
FLORES,P3,621,10,20,NP_BOUNDARY_GUARD,2,projected_saved_draft_candidate_at_or_after_rejection,2.0,AT_GUARD,True,4,3,2,NNG→JKO
FLORES,P3,621,10,20,ALL_MORPH_BOUNDARY_GUARD,2,projected_saved_draft_candidate_at_or_after_rejection,2.0,AT_GUARD,True,4,3,2,NNG→JKO
FLORES,P3,621,12,24,ALL_MORPH_BOUNDARY_GUARD,1,projected_saved_draft_candidate_at_or_after_rejection,1.0,AT_GUARD,True,4,4,3,VV→ETN
FLORES,P3,621,13,25,ALL_MORPH_BOUNDARY_GUARD,2,projected_saved_draft_candidate_at_or_after_rejection,2.0,AT_GUARD,True,4,3,2,VA→EC
FLORES,P3,623,11,27,ALL_MORPH_BOUNDARY_GUARD,1,projected_saved_draft_candidate_at_or_after_rejection,1.0,AT_GUARD,True,4,4,3,VV→ETM
FLORES,P3,624,0,0,ALL_MORPH_BOUNDARY_GUARD,3,projected_saved_draft_candidate_at_or_after_rejection,1.0,BEFORE_GUARD,False,4,2,1,XSN→JX
FLORES,P3,624,8,29,ALL_MORPH_BOUNDARY_GUARD,3,projected_saved_draft_candidate_at_or_after_rejection,3.0,AT_GUARD,True,4,2,1,SSC→SF
FLORES,P3,624,11,36,ALL_MORPH_BOUNDARY_GUARD,2,saved_H3_exact_target_token,,NO_REJECTION,True,4,3,2,XSN→JX
FLORES,P3,624,14,47,ALL_MORPH_BOUNDARY_GUARD,2,projected_saved_draft_candidate_at_or_after_rejection,1.0,BEFORE_GUARD,False,4,3,2,XSN→JX
FLORES,P3,624,23,70,ALL_MORPH_BOUNDARY_GUARD,1,projected_saved_draft_candidate_at_or_after_rejection,1.0,AT_GUARD,True,4,4,3,VV→ETM
FLORES,P3,624,24,71,NP_BOUNDARY_GUARD,2,projected_saved_draft_candidate_at_or_after_rejection,2.0,AT_GUARD,True,4,3,2,NNB→JKO
FLORES,P3,624,24,71,ALL_MORPH_BOUNDARY_GUARD,2,projected_saved_draft_candidate_at_or_after_rejection,2.0,AT_GUARD,True,4,3,2,NNB→JKO
FLORES,P3,624,29,80,ALL_MORPH_BOUNDARY_GUARD,2,saved_H3_exact_target_token,,NO_REJECTION,True,4,3,2,XSN→JX
FLORES,P3,624,30,84,ALL_MORPH_BOUNDARY_GUARD,2,saved_H3_exact_target_token,,NO_REJECTION,True,3,2,1,SF→SSC
FLORES,P3,629,8,27,ALL_MORPH_BOUNDARY_GUARD,2,projected_saved_draft_candidate_at_or_after_rejection,4.0,AFTER_GUARD,True,4,3,2,VA→ETM
FLORES,P3,629,11,36,ALL_MORPH_BOUNDARY_GUARD,1,saved_H3_exact_target_token,,NO_REJECTION,True,3,3,2,VX→EF
FLORES,P3,630,0,0,ALL_MORPH_BOUNDARY_GUARD,3,projected_saved_draft_candidate_at_or_after_rejection,2.0,BEFORE_GUARD,False,4,2,1,SO→SL
FLORES,P3,630,1,2,ALL_MORPH_BOUNDARY_GUARD,2,saved_H3_exact_target_token,,NO_REJECTION,True,4,3,2,SO→SL
FLORES,P3,630,8,30,ALL_MORPH_BOUNDARY_GUARD,2,saved_H3_exact_target_token,,NO_REJECTION,True,4,3,2,SL→SL
FLORES,P3,631,6,10,ALL_MORPH_BOUNDARY_GUARD,1,projected_saved_draft_candidate_at_or_after_rejection,2.0,AFTER_GUARD,True,4,4,3,XSN→JX
FLORES,P3,631,10,16,ALL_MORPH_BOUNDARY_GUARD,3,projected_saved_draft_candidate_at_or_after_rejection,1.0,BEFORE_GUARD,False,4,2,1,XSV→ETM
FLORES,P3,631,13,22,ALL_MORPH_BOUNDARY_GUARD,3,projected_saved_draft_candidate_at_or_after_rejection,1.0,BEFORE_GUARD,False,4,2,1,XSN→JKO
FLORES,P3,631,17,28,ALL_MORPH_BOUNDARY_GUARD,3,projected_saved_draft_candidate_at_or_after_rejection,2.0,BEFORE_GUARD,False,4,2,1,XSN→JX
FLORES,P3,631,18,30,ALL_MORPH_BOUNDARY_GUARD,1,projected_saved_draft_candidate_at_or_after_rejection,2.0,AFTER_GUARD,True,4,4,3,XSN→JX
FLORES,P3,631,24,42,ALL_MORPH_BOUNDARY_GUARD,1,saved_H3_exact_target_token,,NO_REJECTION,True,3,3,2,EP→EF
FLORES,P3,634,5,14,ALL_MORPH_BOUNDARY_GUARD,2,saved_H3_exact_target_token,,NO_REJECTION,True,4,3,2,XSN→JKB
FLORES,P3,636,0,0,ALL_MORPH_BOUNDARY_GUARD,2,projected_saved_draft_candidate_at_or_after_rejection,1.0,BEFORE_GUARD,False,4,3,2,XSN→JX
FLORES,P3,636,9,22,ALL_MORPH_BOUNDARY_GUARD,2,saved_H3_exact_target_token,,NO_REJECTION,True,4,3,2,VX→EP
FLORES,P3,636,10,26,ALL_MORPH_BOUNDARY_GUARD,2,projected_saved_draft_candidate_at_or_after_rejection,3.0,AFTER_GUARD,True,4,3,2,XSN→JX
FLORES,P3,636,19,47,ALL_MORPH_BOUNDARY_GUARD,1,projected_saved_draft_candidate_at_or_after_rejection,1.0,AT_GUARD,True,4,4,3,VA-I→EC
FLORES,P3,636,21,49,ALL_MORPH_BOUNDARY_GUARD,1,projected_saved_draft_candidate_at_or_after_rejection,2.0,AFTER_GUARD,True,4,4,3,XSN→JKB
FLORES,P3,637,18,41,ALL_MORPH_BOUNDARY_GUARD,3,projected_saved_draft_candidate_at_or_after_rejection,2.0,BEFORE_GUARD,False,4,2,1,XSV→EC
FLORES,P3,638,5,14,ALL_MORPH_BOUNDARY_GUARD,2,projected_saved_draft_candidate_at_or_after_rejection,1.0,BEFORE_GUARD,False,4,3,2,XSV→ETM
FLORES,P3,638,16,39,ALL_MORPH_BOUNDARY_GUARD,3,projected_saved_draft_candidate_at_or_after_rejection,2.0,BEFORE_GUARD,False,4,2,1,XSN→JKS
FLORES,P3,638,18,44,ALL_MORPH_BOUNDARY_GUARD,3,projected_saved_draft_candidate_at_or_after_rejection,2.0,BEFORE_GUARD,False,4,2,1,XSV→EC
FLORES,P3,638,19,46,NP_BOUNDARY_GUARD,1,projected_saved_draft_candidate_at_or_after_rejection,4.0,AFTER_GUARD,True,4,4,3,NP→JKS
FLORES,P3,638,19,46,ALL_MORPH_BOUNDARY_GUARD,1,projected_saved_draft_candidate_at_or_after_rejection,4.0,AFTER_GUARD,True,4,4,3,NP→JKS
FLORES,P3,638,20,50,ALL_MORPH_BOUNDARY_GUARD,3,projected_saved_draft_candidate_at_or_after_rejection,4.0,AFTER_GUARD,True,4,2,1,XSV→ETM
FLORES,P3,638,22,56,ALL_MORPH_BOUNDARY_GUARD,3,projected_saved_draft_candidate_at_or_after_rejection,1.0,BEFORE_GUARD,False,4,2,1,VV→ETM
FLORES,P3,639,2,5,ALL_MORPH_BOUNDARY_GUARD,1,projected_saved_draft_candidate_at_or_after_rejection,3.0,AFTER_GUARD,True,4,4,3,XSN→JKB
FLORES,P3,639,11,30,NP_BOUNDARY_GUARD,1,projected_saved_draft_candidate_at_or_after_rejection,2.0,AFTER_GUARD,True,4,4,3,NNB→JKB
FLORES,P3,639,11,30,ALL_MORPH_BOUNDARY_GUARD,1,projected_saved_draft_candidate_at_or_after_rejection,2.0,AFTER_GUARD,True,4,4,3,NNB→JKB
FLORES,P3,640,11,31,ALL_MORPH_BOUNDARY_GUARD,2,saved_H3_exact_target_token,,NO_REJECTION,True,4,3,2,VV→EF
FLORES,P3,641,3,9,ALL_MORPH_BOUNDARY_GUARD,3,saved_H3_exact_target_token,,NO_REJECTION,True,4,2,1,SO→SL
FLORES,P3,641,4,13,ALL_MORPH_BOUNDARY_GUARD,3,saved_H3_exact_target_token,,NO_REJECTION,True,4,2,1,SL→SL
FLORES,P3,641,15,40,ALL_MORPH_BOUNDARY_GUARD,2,projected_saved_draft_candidate_at_or_after_rejection,3.0,AFTER_GUARD,True,4,3,2,XSV→ETM
FLORES,P3,642,2,3,NP_BOUNDARY_GUARD,3,projected_saved_draft_candidate_at_or_after_rejection,3.0,AT_GUARD,True,4,2,1,NNB→JKS
FLORES,P3,642,2,3,ALL_MORPH_BOUNDARY_GUARD,3,projected_saved_draft_candidate_at_or_after_rejection,3.0,AT_GUARD,True,4,2,1,NNB→JKS
FLORES,P3,642,4,10,ALL_MORPH_BOUNDARY_GUARD,2,projected_saved_draft_candidate_at_or_after_rejection,2.0,AT_GUARD,True,4,3,2,VX→EC
FLORES,P3,642,6,16,ALL_MORPH_BOUNDARY_GUARD,2,projected_saved_draft_candidate_at_or_after_rejection,2.0,AT_GUARD,True,4,3,2,VA→ETM
FLORES,P3,642,9,26,ALL_MORPH_BOUNDARY_GUARD,3,saved_H3_exact_target_token,,NO_REJECTION,True,4,2,1,VX→EF
FLORES,P3,643,1,1,ALL_MORPH_BOUNDARY_GUARD,2,projected_saved_draft_candidate_at_or_after_rejection,3.0,AFTER_GUARD,True,4,3,2,XSN→JX
FLORES,P3,643,5,12,ALL_MORPH_BOUNDARY_GUARD,3,projected_saved_draft_candidate_at_or_after_rejection,4.0,AFTER_GUARD,True,4,2,1,VA→ETM
FLORES,P3,643,8,18,ALL_MORPH_BOUNDARY_GUARD,1,projected_saved_draft_candidate_at_or_after_rejection,1.0,AT_GUARD,True,4,4,3,VA→ETM
FLORES,P3,643,10,20,ALL_MORPH_BOUNDARY_GUARD,3,projected_saved_draft_candidate_at_or_after_rejection,3.0,AT_GUARD,True,4,2,1,VA→ETM
FLORES,P3,643,17,43,ALL_MORPH_BOUNDARY_GUARD,1,projected_saved_draft_candidate_at_or_after_rejection,1.0,AT_GUARD,True,4,4,3,VA→ETM
FLORES,P3,645,6,18,ALL_MORPH_BOUNDARY_GUARD,3,projected_saved_draft_candidate_at_or_after_rejection,1.0,BEFORE_GUARD,False,4,2,1,VA→ETM
FLORES,P3,645,7,19,ALL_MORPH_BOUNDARY_GUARD,2,projected_saved_draft_candidate_at_or_after_rejection,1.0,BEFORE_GUARD,False,4,3,2,VA→ETM
FLORES,P3,645,12,28,ALL_MORPH_BOUNDARY_GUARD,2,projected_saved_draft_candidate_at_or_after_rejection,2.0,AT_GUARD,True,4,3,2,VX→EF
FLORES,P3,647,6,13,ALL_MORPH_BOUNDARY_GUARD,2,projected_saved_draft_candidate_at_or_after_rejection,2.0,AT_GUARD,True,4,3,2,XSV→EC
FLORES,P3,647,10,25,ALL_MORPH_BOUNDARY_GUARD,2,projected_saved_draft_candidate_at_or_after_rejection,1.0,BEFORE_GUARD,False,4,3,2,VA→EF
FLORES,P3,647,14,32,ALL_MORPH_BOUNDARY_GUARD,1,saved_H3_exact_target_token,,NO_REJECTION,True,4,4,3,VX→EF
FLORES,P3,648,8,17,ALL_MORPH_BOUNDARY_GUARD,3,projected_saved_draft_candidate_at_or_after_rejection,1.0,BEFORE_GUARD,False,4,2,1,XSV→ETM
FLORES,P3,648,11,23,ALL_MORPH_BOUNDARY_GUARD,2,projected_saved_draft_candidate_at_or_after_rejection,1.0,BEFORE_GUARD,False,4,3,2,XSV→ETM
FLORES,P3,648,12,24,ALL_MORPH_BOUNDARY_GUARD,1,projected_saved_draft_candidate_at_or_after_rejection,2.0,AFTER_GUARD,True,4,4,3,XSV→ETM
FLORES,P3,648,14,28,NP_BOUNDARY_GUARD,2,projected_saved_draft_candidate_at_or_after_rejection,3.0,AFTER_GUARD,True,4,3,2,NNG→JKO
FLORES,P3,648,14,28,ALL_MORPH_BOUNDARY_GUARD,2,projected_saved_draft_candidate_at_or_after_rejection,3.0,AFTER_GUARD,True,4,3,2,NNG→JKO
FLORES,P3,648,15,31,ALL_MORPH_BOUNDARY_GUARD,2,projected_saved_draft_candidate_at_or_after_rejection,1.0,BEFORE_GUARD,False,4,3,2,XSV→ETM
FLORES,P3,648,16,32,NP_BOUNDARY_GUARD,3,projected_saved_draft_candidate_at_or_after_rejection,4.0,AFTER_GUARD,True,4,2,1,NNG→JKO
FLORES,P3,648,16,32,ALL_MORPH_BOUNDARY_GUARD,1,projected_saved_draft_candidate_at_or_after_rejection,4.0,AFTER_GUARD,True,4,4,3,XSV→ETM
FLORES,P3,649,10,19,ALL_MORPH_BOUNDARY_GUARD,1,projected_saved_draft_candidate_at_or_after_rejection,3.0,AFTER_GUARD,True,4,4,3,XSA→EF
FLORES,P3,649,12,26,ALL_MORPH_BOUNDARY_GUARD,2,projected_saved_draft_candidate_at_or_after_rejection,1.0,BEFORE_GUARD,False,4,3,2,XSV→EC
FLORES,P3,649,13,27,ALL_MORPH_BOUNDARY_GUARD,1,projected_saved_draft_candidate_at_or_after_rejection,1.0,AT_GUARD,True,4,4,3,XSV→EC
FLORES,P3,650,5,17,ALL_MORPH_BOUNDARY_GUARD,1,saved_H3_exact_target_token,,NO_REJECTION,True,4,4,3,SL→SL
FLORES,P3,654,13,31,ALL_MORPH_BOUNDARY_GUARD,3,projected_saved_draft_candidate_at_or_after_rejection,2.0,BEFORE_GUARD,False,4,2,1,VA-I→EC
FLORES,P3,654,16,36,ALL_MORPH_BOUNDARY_GUARD,2,projected_saved_draft_candidate_at_or_after_rejection,1.0,BEFORE_GUARD,False,4,3,2,VA-I→EC
FLORES,P3,655,4,7,NP_BOUNDARY_GUARD,1,projected_saved_draft_candidate_at_or_after_rejection,1.0,AT_GUARD,True,4,4,3,NNG→JKO
FLORES,P3,655,4,7,ALL_MORPH_BOUNDARY_GUARD,1,projected_saved_draft_candidate_at_or_after_rejection,1.0,AT_GUARD,True,4,4,3,NNG→JKO
FLORES,P3,655,7,10,ALL_MORPH_BOUNDARY_GUARD,1,projected_saved_draft_candidate_at_or_after_rejection,1.0,AT_GUARD,True,4,4,3,XSN→JKG
FLORES,P3,655,8,11,ALL_MORPH_BOUNDARY_GUARD,3,projected_saved_draft_candidate_at_or_after_rejection,1.0,BEFORE_GUARD,False,4,2,1,XSV→ETM
FLORES,P3,655,9,12,ALL_MORPH_BOUNDARY_GUARD,2,projected_saved_draft_candidate_at_or_after_rejection,2.0,AT_GUARD,True,4,3,2,XSN→JKB
FLORES,P3,655,11,15,NP_BOUNDARY_GUARD,3,projected_saved_draft_candidate_at_or_after_rejection,3.0,AT_GUARD,True,4,2,1,NNB→JKO
FLORES,P3,655,11,15,ALL_MORPH_BOUNDARY_GUARD,3,projected_saved_draft_candidate_at_or_after_rejection,3.0,AT_GUARD,True,4,2,1,NNB→JKO
FLORES,P3,655,12,18,NP_BOUNDARY_GUARD,3,projected_saved_draft_candidate_at_or_after_rejection,2.0,BEFORE_GUARD,False,4,2,1,NNG→JKO
FLORES,P3,655,12,18,ALL_MORPH_BOUNDARY_GUARD,3,projected_saved_draft_candidate_at_or_after_rejection,2.0,BEFORE_GUARD,False,4,2,1,NNG→JKO
FLORES,P3,655,13,20,NP_BOUNDARY_GUARD,1,projected_saved_draft_candidate_at_or_after_rejection,2.0,AFTER_GUARD,True,4,4,3,NNG→JKO
FLORES,P3,655,13,20,ALL_MORPH_BOUNDARY_GUARD,1,projected_saved_draft_candidate_at_or_after_rejection,2.0,AFTER_GUARD,True,4,4,3,NNG→JKO
FLORES,P3,656,0,0,ALL_MORPH_BOUNDARY_GUARD,3,projected_saved_draft_candidate_at_or_after_rejection,1.0,BEFORE_GUARD,False,4,2,1,XSN→JX
FLORES,P3,656,3,9,ALL_MORPH_BOUNDARY_GUARD,1,saved_H3_exact_target_token,,NO_REJECTION,True,4,4,3,SP→SL
FLORES,P3,657,0,0,ALL_MORPH_BOUNDARY_GUARD,3,projected_saved_draft_candidate_at_or_after_rejection,1.0,BEFORE_GUARD,False,4,2,1,XSN→JX
FLORES,P3,657,1,1,ALL_MORPH_BOUNDARY_GUARD,3,saved_H3_exact_target_token,,NO_REJECTION,True,4,2,1,XSN→JX
FLORES,P3,657,3,6,ALL_MORPH_BOUNDARY_GUARD,2,projected_saved_draft_candidate_at_or_after_rejection,1.0,BEFORE_GUARD,False,4,3,2,XSN→JKG
FLORES,P3,657,9,20,ALL_MORPH_BOUNDARY_GUARD,1,projected_saved_draft_candidate_at_or_after_rejection,1.0,AT_GUARD,True,4,4,3,XSN→JKG
FLORES,P3,657,18,39,ALL_MORPH_BOUNDARY_GUARD,1,saved_H3_exact_target_token,,NO_REJECTION,True,4,4,3,XSN→JKG
FLORES,P3,657,19,43,NP_BOUNDARY_GUARD,3,projected_saved_draft_candidate_at_or_after_rejection,1.0,BEFORE_GUARD,False,4,2,1,NNB→JKS
FLORES,P3,657,19,43,ALL_MORPH_BOUNDARY_GUARD,3,projected_saved_draft_candidate_at_or_after_rejection,1.0,BEFORE_GUARD,False,4,2,1,NNB→JKS
FLORES,P3,657,22,46,ALL_MORPH_BOUNDARY_GUARD,1,projected_saved_draft_candidate_at_or_after_rejection,1.0,AT_GUARD,True,4,4,3,XSN→JKO
FLORES,P3,659,0,0,ALL_MORPH_BOUNDARY_GUARD,2,projected_saved_draft_candidate_at_or_after_rejection,1.0,BEFORE_GUARD,False,4,3,2,XSN→JKB
FLORES,P3,659,4,12,ALL_MORPH_BOUNDARY_GUARD,3,saved_H3_exact_target_token,,NO_REJECTION,True,4,2,1,SL→SL
FLORES,P3,659,14,46,ALL_MORPH_BOUNDARY_GUARD,3,saved_H3_exact_target_token,,NO_REJECTION,True,4,2,1,VA→EF
FLORES,P3,659,16,51,ALL_MORPH_BOUNDARY_GUARD,3,projected_saved_draft_candidate_at_or_after_rejection,1.0,BEFORE_GUARD,False,4,2,1,XSN→JKS
FLORES,P3,659,18,55,ALL_MORPH_BOUNDARY_GUARD,2,projected_saved_draft_candidate_at_or_after_rejection,4.0,AFTER_GUARD,True,4,3,2,XSN→JKG
FLORES,P3,659,19,59,ALL_MORPH_BOUNDARY_GUARD,2,saved_H3_exact_target_token,,NO_REJECTION,True,4,3,2,XSN→JKO
FLORES,P3,660,1,4,NP_BOUNDARY_GUARD,3,saved_H3_exact_target_token,,NO_REJECTION,True,4,2,1,NNG→JX
FLORES,P3,660,1,4,ALL_MORPH_BOUNDARY_GUARD,3,saved_H3_exact_target_token,,NO_REJECTION,True,4,2,1,NNG→JX
FLORES,P3,660,6,21,ALL_MORPH_BOUNDARY_GUARD,1,projected_saved_draft_candidate_at_or_after_rejection,1.0,AT_GUARD,True,4,4,3,VV→ETM
FLORES,P3,660,10,30,ALL_MORPH_BOUNDARY_GUARD,1,saved_H3_exact_target_token,,NO_REJECTION,True,4,4,3,XSV→EC
FLORES,P3,660,11,34,ALL_MORPH_BOUNDARY_GUARD,3,projected_saved_draft_candidate_at_or_after_rejection,1.0,BEFORE_GUARD,False,4,2,1,XSV→EC
FLORES,P3,660,13,36,ALL_MORPH_BOUNDARY_GUARD,1,saved_H3_exact_target_token,,NO_REJECTION,True,4,4,3,XSV→EC
FLORES,P3,660,17,44,NP_BOUNDARY_GUARD,3,projected_saved_draft_candidate_at_or_after_rejection,3.0,AT_GUARD,True,4,2,1,NNB→JKG
FLORES,P3,660,17,44,ALL_MORPH_BOUNDARY_GUARD,3,projected_saved_draft_candidate_at_or_after_rejection,3.0,AT_GUARD,True,4,2,1,NNB→JKG
FLORES,P3,661,4,10,ALL_MORPH_BOUNDARY_GUARD,2,projected_saved_draft_candidate_at_or_after_rejection,2.0,AT_GUARD,True,4,3,2,XSV→EC
FLORES,P3,661,5,12,ALL_MORPH_BOUNDARY_GUARD,2,projected_saved_draft_candidate_at_or_after_rejection,4.0,AFTER_GUARD,True,4,3,2,VA→ETM
FLORES,P3,661,7,18,ALL_MORPH_BOUNDARY_GUARD,1,projected_saved_draft_candidate_at_or_after_rejection,1.0,AT_GUARD,True,4,4,3,XSV→EC
FLORES,P3,661,15,30,ALL_MORPH_BOUNDARY_GUARD,3,projected_saved_draft_candidate_at_or_after_rejection,2.0,BEFORE_GUARD,False,4,2,1,XSN→JKO
FLORES,P3,661,21,40,NP_BOUNDARY_GUARD,3,projected_saved_draft_candidate_at_or_after_rejection,4.0,AFTER_GUARD,True,4,2,1,NNB→JKO
FLORES,P3,661,21,40,ALL_MORPH_BOUNDARY_GUARD,3,projected_saved_draft_candidate_at_or_after_rejection,4.0,AFTER_GUARD,True,4,2,1,NNB→JKO
FLORES,P3,664,3,9,ALL_MORPH_BOUNDARY_GUARD,3,projected_saved_draft_candidate_at_or_after_rejection,3.0,AT_GUARD,True,4,2,1,VA→ETM
FLORES,P3,664,10,30,ALL_MORPH_BOUNDARY_GUARD,3,saved_H3_exact_target_token,,NO_REJECTION,True,4,2,1,VV→EF
FLORES,P3,665,2,5,ALL_MORPH_BOUNDARY_GUARD,3,projected_saved_draft_candidate_at_or_after_rejection,1.0,BEFORE_GUARD,False,4,2,1,XSN→JKG
FLORES,P3,665,3,6,ALL_MORPH_BOUNDARY_GUARD,2,projected_saved_draft_candidate_at_or_after_rejection,1.0,BEFORE_GUARD,False,4,3,2,XSN→JKG
FLORES,P3,665,5,8,ALL_MORPH_BOUNDARY_GUARD,2,projected_saved_draft_candidate_at_or_after_rejection,4.0,AFTER_GUARD,True,4,3,2,XSN→JKG
FLORES,P3,666,0,0,ALL_MORPH_BOUNDARY_GUARD,2,projected_saved_draft_candidate_at_or_after_rejection,1.0,BEFORE_GUARD,False,4,3,2,XSN→JX
FLORES,P3,666,1,1,ALL_MORPH_BOUNDARY_GUARD,1,saved_H3_exact_target_token,,NO_REJECTION,True,4,4,3,XSN→JX
FLORES,P3,666,3,9,ALL_MORPH_BOUNDARY_GUARD,3,projected_saved_draft_candidate_at_or_after_rejection,2.0,BEFORE_GUARD,False,4,2,1,VA→ETM
FLORES,P3,666,6,15,ALL_MORPH_BOUNDARY_GUARD,1,saved_H3_exact_target_token,,NO_REJECTION,True,4,4,3,VX→EF
FLORES,P3,666,13,36,NP_BOUNDARY_GUARD,3,projected_saved_draft_candidate_at_or_after_rejection,3.0,AT_GUARD,True,4,2,1,NNG→JKG
FLORES,P3,666,13,36,ALL_MORPH_BOUNDARY_GUARD,3,projected_saved_draft_candidate_at_or_after_rejection,3.0,AT_GUARD,True,4,2,1,NNG→JKG
FLORES,P3,668,5,14,ALL_MORPH_BOUNDARY_GUARD,2,projected_saved_draft_candidate_at_or_after_rejection,2.0,AT_GUARD,True,4,3,2,XSV→ETM
FLORES,P3,668,11,33,ALL_MORPH_BOUNDARY_GUARD,1,projected_saved_draft_candidate_at_or_after_rejection,1.0,AT_GUARD,True,4,4,3,XSV→ETM
FLORES,P3,669,3,9,ALL_MORPH_BOUNDARY_GUARD,2,projected_saved_draft_candidate_at_or_after_rejection,2.0,AT_GUARD,True,4,3,2,SO→SL
FLORES,P3,669,8,27,ALL_MORPH_BOUNDARY_GUARD,2,saved_H3_exact_target_token,,NO_REJECTION,True,4,3,2,SL→SL
FLORES,P3,671,1,1,ALL_MORPH_BOUNDARY_GUARD,1,saved_H3_exact_target_token,,NO_REJECTION,True,4,4,3,XSN→JKB
FLORES,P3,671,5,9,ALL_MORPH_BOUNDARY_GUARD,3,saved_H3_exact_target_token,,NO_REJECTION,True,4,2,1,XSV→ETN
FLORES,P3,671,7,14,ALL_MORPH_BOUNDARY_GUARD,2,projected_saved_draft_candidate_at_or_after_rejection,1.0,BEFORE_GUARD,False,4,3,2,XSV→ETM
FLORES,P3,671,8,15,ALL_MORPH_BOUNDARY_GUARD,1,saved_H3_exact_target_token,,NO_REJECTION,True,4,4,3,XSV→ETM
FLORES,P3,671,14,38,ALL_MORPH_BOUNDARY_GUARD,2,projected_saved_draft_candidate_at_or_after_rejection,1.0,BEFORE_GUARD,False,4,3,2,VV→EC
FLORES,P3,672,6,21,ALL_MORPH_BOUNDARY_GUARD,1,saved_H3_exact_target_token,,NO_REJECTION,True,3,3,2,SL→SL
FLORES,P3,673,11,26,ALL_MORPH_BOUNDARY_GUARD,3,projected_saved_draft_candidate_at_or_after_rejection,3.0,AT_GUARD,True,4,2,1,XSV→ETN
FLORES,P3,673,13,30,ALL_MORPH_BOUNDARY_GUARD,3,projected_saved_draft_candidate_at_or_after_rejection,3.0,AT_GUARD,True,4,2,1,XSV→ETM
FLORES,P3,674,14,41,ALL_MORPH_BOUNDARY_GUARD,3,projected_saved_draft_candidate_at_or_after_rejection,4.0,AFTER_GUARD,True,4,2,1,XSA→EC
FLORES,P3,676,19,48,NP_BOUNDARY_GUARD,2,projected_saved_draft_candidate_at_or_after_rejection,2.0,AT_GUARD,True,4,3,2,NNB→JKO
FLORES,P3,676,19,48,ALL_MORPH_BOUNDARY_GUARD,2,projected_saved_draft_candidate_at_or_after_rejection,2.0,AT_GUARD,True,4,3,2,NNB→JKO
FLORES,P3,677,2,5,NP_BOUNDARY_GUARD,3,projected_saved_draft_candidate_at_or_after_rejection,2.0,BEFORE_GUARD,False,4,2,1,NP→JX
FLORES,P3,677,2,5,ALL_MORPH_BOUNDARY_GUARD,3,projected_saved_draft_candidate_at_or_after_rejection,2.0,BEFORE_GUARD,False,4,2,1,NP→JX
FLORES,P3,677,3,7,NP_BOUNDARY_GUARD,1,projected_saved_draft_candidate_at_or_after_rejection,1.0,AT_GUARD,True,4,4,3,NP→JX
FLORES,P3,677,3,7,ALL_MORPH_BOUNDARY_GUARD,1,projected_saved_draft_candidate_at_or_after_rejection,1.0,AT_GUARD,True,4,4,3,NP→JX
FLORES,P3,677,7,20,ALL_MORPH_BOUNDARY_GUARD,2,projected_saved_draft_candidate_at_or_after_rejection,1.0,BEFORE_GUARD,False,4,3,2,XSN→JKB
FLORES,P3,677,8,21,ALL_MORPH_BOUNDARY_GUARD,3,projected_saved_draft_candidate_at_or_after_rejection,1.0,BEFORE_GUARD,False,4,2,1,XSV→EC
FLORES,P3,678,0,0,NP_BOUNDARY_GUARD,3,projected_saved_draft_candidate_at_or_after_rejection,3.0,AT_GUARD,True,4,2,1,NP→JKS
FLORES,P3,678,0,0,ALL_MORPH_BOUNDARY_GUARD,3,projected_saved_draft_candidate_at_or_after_rejection,3.0,AT_GUARD,True,4,2,1,NP→JKS
FLORES,P3,678,3,11,ALL_MORPH_BOUNDARY_GUARD,1,projected_saved_draft_candidate_at_or_after_rejection,1.0,AT_GUARD,True,4,4,3,XSV→EC
FLORES,P3,678,6,14,NP_BOUNDARY_GUARD,2,projected_saved_draft_candidate_at_or_after_rejection,2.0,AT_GUARD,True,4,3,2,NP→JKG
FLORES,P3,678,6,14,ALL_MORPH_BOUNDARY_GUARD,2,projected_saved_draft_candidate_at_or_after_rejection,2.0,AT_GUARD,True,4,3,2,NP→JKG
FLORES,P3,678,9,24,ALL_MORPH_BOUNDARY_GUARD,2,projected_saved_draft_candidate_at_or_after_rejection,3.0,AFTER_GUARD,True,4,3,2,XSV→ETM
FLORES,P3,678,14,42,ALL_MORPH_BOUNDARY_GUARD,3,projected_saved_draft_candidate_at_or_after_rejection,1.0,BEFORE_GUARD,False,4,2,1,VA→EC
FLORES,P3,678,16,46,ALL_MORPH_BOUNDARY_GUARD,3,projected_saved_draft_candidate_at_or_after_rejection,3.0,AT_GUARD,True,4,2,1,VA→ETM
FLORES,P3,679,8,29,ALL_MORPH_BOUNDARY_GUARD,3,saved_H3_exact_target_token,,NO_REJECTION,True,4,2,1,SL→SL
FLORES,P3,680,7,18,ALL_MORPH_BOUNDARY_GUARD,2,saved_H3_exact_target_token,,NO_REJECTION,True,4,3,2,XSV→ETM
FLORES,P3,681,1,2,ALL_MORPH_BOUNDARY_GUARD,1,projected_saved_draft_candidate_at_or_after_rejection,3.0,AFTER_GUARD,True,4,4,3,VV→EC
FLORES,P3,682,1,1,NP_BOUNDARY_GUARD,1,projected_saved_draft_candidate_at_or_after_rejection,1.0,AT_GUARD,True,4,4,3,NNB→JKS
FLORES,P3,682,1,1,ALL_MORPH_BOUNDARY_GUARD,1,projected_saved_draft_candidate_at_or_after_rejection,1.0,AT_GUARD,True,4,4,3,NNB→JKS
FLORES,P3,682,2,2,ALL_MORPH_BOUNDARY_GUARD,1,projected_saved_draft_candidate_at_or_after_rejection,2.0,AFTER_GUARD,True,4,4,3,XSN→JX
FLORES,P3,682,7,13,ALL_MORPH_BOUNDARY_GUARD,1,projected_saved_draft_candidate_at_or_after_rejection,4.0,AFTER_GUARD,True,4,4,3,XSV→ETM
FLORES,P3,682,10,21,ALL_MORPH_BOUNDARY_GUARD,2,projected_saved_draft_candidate_at_or_after_rejection,1.0,BEFORE_GUARD,False,4,3,2,XSA→EC
FLORES,P3,682,12,24,ALL_MORPH_BOUNDARY_GUARD,2,projected_saved_draft_candidate_at_or_after_rejection,2.0,AT_GUARD,True,4,3,2,XSN→JKO
FLORES,P3,683,7,23,ALL_MORPH_BOUNDARY_GUARD,3,saved_H3_exact_target_token,,NO_REJECTION,True,4,2,1,XSV→EC
FLORES,P3,684,8,20,ALL_MORPH_BOUNDARY_GUARD,2,projected_saved_draft_candidate_at_or_after_rejection,2.0,AT_GUARD,True,4,3,2,JKB→JX
FLORES,P3,684,14,33,NP_BOUNDARY_GUARD,3,projected_saved_draft_candidate_at_or_after_rejection,4.0,AFTER_GUARD,True,4,2,1,NNB→JKS
FLORES,P3,684,14,33,ALL_MORPH_BOUNDARY_GUARD,3,projected_saved_draft_candidate_at_or_after_rejection,4.0,AFTER_GUARD,True,4,2,1,NNB→JKS
FLORES,P3,684,17,43,NP_BOUNDARY_GUARD,3,projected_saved_draft_candidate_at_or_after_rejection,1.0,BEFORE_GUARD,False,4,2,1,NNB→JKO
FLORES,P3,684,17,43,ALL_MORPH_BOUNDARY_GUARD,3,projected_saved_draft_candidate_at_or_after_rejection,1.0,BEFORE_GUARD,False,4,2,1,NNB→JKO
FLORES,P3,684,18,44,ALL_MORPH_BOUNDARY_GUARD,3,saved_H3_exact_target_token,,NO_REJECTION,True,4,2,1,XSN→JKO
FLORES,P3,684,22,52,NP_BOUNDARY_GUARD,2,projected_saved_draft_candidate_at_or_after_rejection,1.0,BEFORE_GUARD,False,4,3,2,NNB→JKO
FLORES,P3,684,22,52,ALL_MORPH_BOUNDARY_GUARD,2,projected_saved_draft_candidate_at_or_after_rejection,1.0,BEFORE_GUARD,False,4,3,2,NNB→JKO
FLORES,P3,685,3,9,ALL_MORPH_BOUNDARY_GUARD,3,projected_saved_draft_candidate_at_or_after_rejection,2.0,BEFORE_GUARD,False,4,2,1,XSV→EC
FLORES,P3,685,6,19,ALL_MORPH_BOUNDARY_GUARD,2,projected_saved_draft_candidate_at_or_after_rejection,3.0,AFTER_GUARD,True,4,3,2,XSN→JX
FLORES,P3,686,6,10,ALL_MORPH_BOUNDARY_GUARD,2,saved_H3_exact_target_token,,NO_REJECTION,True,4,3,2,XSV→ETM
FLORES,P3,686,8,17,ALL_MORPH_BOUNDARY_GUARD,3,saved_H3_exact_target_token,,NO_REJECTION,True,4,2,1,VV→EC
FLORES,P3,686,12,28,ALL_MORPH_BOUNDARY_GUARD,1,projected_saved_draft_candidate_at_or_after_rejection,2.0,AFTER_GUARD,True,4,4,3,XSV→ETM
FLORES,P3,686,13,30,ALL_MORPH_BOUNDARY_GUARD,3,projected_saved_draft_candidate_at_or_after_rejection,1.0,BEFORE_GUARD,False,4,2,1,VA→ETM
FLORES,P3,687,0,0,ALL_MORPH_BOUNDARY_GUARD,3,saved_H3_exact_target_token,,NO_REJECTION,True,4,2,1,VV→EC
FLORES,P3,687,3,6,ALL_MORPH_BOUNDARY_GUARD,1,projected_saved_draft_candidate_at_or_after_rejection,3.0,AFTER_GUARD,True,4,4,3,JKB→JX
FLORES,P3,687,25,63,ALL_MORPH_BOUNDARY_GUARD,3,projected_saved_draft_candidate_at_or_after_rejection,2.0,BEFORE_GUARD,False,4,2,1,XSV→EC
FLORES,P3,688,4,13,NP_BOUNDARY_GUARD,2,saved_H3_exact_target_token,,NO_REJECTION,True,4,3,2,NNG→JKO
FLORES,P3,688,4,13,ALL_MORPH_BOUNDARY_GUARD,2,saved_H3_exact_target_token,,NO_REJECTION,True,4,3,2,NNG→JKO
FLORES,P3,688,9,28,ALL_MORPH_BOUNDARY_GUARD,2,saved_H3_exact_target_token,,NO_REJECTION,True,4,3,2,VA→EF
FLORES,P3,688,21,58,ALL_MORPH_BOUNDARY_GUARD,3,projected_saved_draft_candidate_at_or_after_rejection,2.0,BEFORE_GUARD,False,4,2,1,VX→EC
FLORES,P3,688,23,63,ALL_MORPH_BOUNDARY_GUARD,3,projected_saved_draft_candidate_at_or_after_rejection,4.0,AFTER_GUARD,True,4,2,1,XSN→JKS
FLORES,P3,688,25,68,ALL_MORPH_BOUNDARY_GUARD,3,projected_saved_draft_candidate_at_or_after_rejection,2.0,BEFORE_GUARD,False,4,2,1,XSN→JKS
FLORES,P3,688,26,70,ALL_MORPH_BOUNDARY_GUARD,1,projected_saved_draft_candidate_at_or_after_rejection,3.0,AFTER_GUARD,True,4,4,3,XSN→JKB
FLORES,P3,689,0,0,ALL_MORPH_BOUNDARY_GUARD,3,projected_saved_draft_candidate_at_or_after_rejection,1.0,BEFORE_GUARD,False,4,2,1,XSN→JX
FLORES,P3,690,1,1,ALL_MORPH_BOUNDARY_GUARD,3,projected_saved_draft_candidate_at_or_after_rejection,1.0,BEFORE_GUARD,False,4,2,1,XSN→JKS
FLORES,P3,690,4,7,ALL_MORPH_BOUNDARY_GUARD,1,projected_saved_draft_candidate_at_or_after_rejection,1.0,AT_GUARD,True,4,4,3,XSV→EC
FLORES,P3,690,5,8,NP_BOUNDARY_GUARD,1,projected_saved_draft_candidate_at_or_after_rejection,2.0,AFTER_GUARD,True,4,4,3,NNB→JX
FLORES,P3,690,5,8,ALL_MORPH_BOUNDARY_GUARD,1,projected_saved_draft_candidate_at_or_after_rejection,2.0,AFTER_GUARD,True,4,4,3,NNB→JX
FLORES,P3,690,6,10,ALL_MORPH_BOUNDARY_GUARD,2,projected_saved_draft_candidate_at_or_after_rejection,3.0,AFTER_GUARD,True,4,3,2,XSN→JKS
FLORES,P3,690,9,21,ALL_MORPH_BOUNDARY_GUARD,2,projected_saved_draft_candidate_at_or_after_rejection,2.0,AT_GUARD,True,4,3,2,XSV→EC
FLORES,P3,690,11,27,ALL_MORPH_BOUNDARY_GUARD,1,projected_saved_draft_candidate_at_or_after_rejection,1.0,AT_GUARD,True,4,4,3,SF→SSC
FLORES,P3,690,18,38,ALL_MORPH_BOUNDARY_GUARD,1,projected_saved_draft_candidate_at_or_after_rejection,3.0,AFTER_GUARD,True,4,4,3,XSV→ETN
FLORES,P3,690,19,41,NP_BOUNDARY_GUARD,2,projected_saved_draft_candidate_at_or_after_rejection,2.0,AT_GUARD,True,4,3,2,NNB→JKS
FLORES,P3,690,19,41,ALL_MORPH_BOUNDARY_GUARD,1,projected_saved_draft_candidate_at_or_after_rejection,2.0,AFTER_GUARD,True,4,4,3,XSV→ETM
FLORES,P3,690,20,43,ALL_MORPH_BOUNDARY_GUARD,3,projected_saved_draft_candidate_at_or_after_rejection,1.0,BEFORE_GUARD,False,4,2,1,XSN→JKS
FLORES,P3,690,21,44,ALL_MORPH_BOUNDARY_GUARD,3,projected_saved_draft_candidate_at_or_after_rejection,3.0,AT_GUARD,True,4,2,1,XSN→JKS
FLORES,P3,690,24,51,ALL_MORPH_BOUNDARY_GUARD,1,projected_saved_draft_candidate_at_or_after_rejection,2.0,AFTER_GUARD,True,4,4,3,VCP→EC
FLORES,P3,690,33,77,ALL_MORPH_BOUNDARY_GUARD,1,saved_H3_exact_target_token,,NO_REJECTION,True,2,2,1,SSC→SF
FLORES,P3,691,4,13,ALL_MORPH_BOUNDARY_GUARD,1,saved_H3_exact_target_token,,NO_REJECTION,True,4,4,3,XSV→EC
FLORES,P3,691,5,17,ALL_MORPH_BOUNDARY_GUARD,1,projected_saved_draft_candidate_at_or_after_rejection,1.0,AT_GUARD,True,4,4,3,XSN→JKB
FLORES,P3,691,11,34,ALL_MORPH_BOUNDARY_GUARD,2,projected_saved_draft_candidate_at_or_after_rejection,2.0,AT_GUARD,True,4,3,2,XSV→ETM
FLORES,P3,691,13,37,ALL_MORPH_BOUNDARY_GUARD,2,saved_H3_exact_target_token,,NO_REJECTION,True,4,3,2,XSV→ETM
FLORES,P3,692,5,17,ALL_MORPH_BOUNDARY_GUARD,1,projected_saved_draft_candidate_at_or_after_rejection,1.0,AT_GUARD,True,4,4,3,XSN→JKB
FLORES,P3,692,7,22,ALL_MORPH_BOUNDARY_GUARD,1,saved_H3_exact_target_token,,NO_REJECTION,True,4,4,3,VCP→EC
FLORES,P3,692,8,26,ALL_MORPH_BOUNDARY_GUARD,1,projected_saved_draft_candidate_at_or_after_rejection,1.0,AT_GUARD,True,4,4,3,VCP→EC
FLORES,P3,692,15,40,ALL_MORPH_BOUNDARY_GUARD,2,saved_H3_exact_target_token,,NO_REJECTION,True,4,3,2,XSN→JKB
FLORES,P3,692,18,49,ALL_MORPH_BOUNDARY_GUARD,2,saved_H3_exact_target_token,,NO_REJECTION,True,4,3,2,XSN→JX
FLORES,P3,692,27,83,ALL_MORPH_BOUNDARY_GUARD,2,saved_H3_exact_target_token,,NO_REJECTION,True,3,2,1,SSC→SF
FLORES,P3,693,1,2,ALL_MORPH_BOUNDARY_GUARD,2,projected_saved_draft_candidate_at_or_after_rejection,2.0,AT_GUARD,True,4,3,2,VCP→ETM
FLORES,P3,693,8,19,ALL_MORPH_BOUNDARY_GUARD,1,projected_saved_draft_candidate_at_or_after_rejection,1.0,AT_GUARD,True,4,4,3,VCP→EC
FLORES,P3,693,18,47,ALL_MORPH_BOUNDARY_GUARD,2,projected_saved_draft_candidate_at_or_after_rejection,3.0,AFTER_GUARD,True,4,3,2,VV→ETM
FLORES,P3,694,9,15,ALL_MORPH_BOUNDARY_GUARD,2,projected_saved_draft_candidate_at_or_after_rejection,2.0,AT_GUARD,True,4,3,2,JKB→JX
FLORES,P3,694,19,30,ALL_MORPH_BOUNDARY_GUARD,3,projected_saved_draft_candidate_at_or_after_rejection,1.0,BEFORE_GUARD,False,4,2,1,VA→ETM
FLORES,P3,695,0,0,NP_BOUNDARY_GUARD,3,projected_saved_draft_candidate_at_or_after_rejection,1.0,BEFORE_GUARD,False,4,2,1,NNB→JKS
FLORES,P3,695,0,0,ALL_MORPH_BOUNDARY_GUARD,3,projected_saved_draft_candidate_at_or_after_rejection,1.0,BEFORE_GUARD,False,4,2,1,NNB→JKS
FLORES,P3,695,7,15,ALL_MORPH_BOUNDARY_GUARD,1,projected_saved_draft_candidate_at_or_after_rejection,2.0,AFTER_GUARD,True,4,4,3,XSN→JKB
FLORES,P3,695,13,27,ALL_MORPH_BOUNDARY_GUARD,3,projected_saved_draft_candidate_at_or_after_rejection,1.0,BEFORE_GUARD,False,4,2,1,XSV→ETM
FLORES,P3,695,14,28,NP_BOUNDARY_GUARD,3,projected_saved_draft_candidate_at_or_after_rejection,3.0,AT_GUARD,True,4,2,1,NNB→JKO
FLORES,P3,695,14,28,ALL_MORPH_BOUNDARY_GUARD,2,projected_saved_draft_candidate_at_or_after_rejection,3.0,AFTER_GUARD,True,4,3,2,VX→ETM
FLORES,P3,695,18,38,ALL_MORPH_BOUNDARY_GUARD,1,saved_H3_exact_target_token,,NO_REJECTION,True,3,3,2,VX→EF
FLORES,P3,696,0,0,ALL_MORPH_BOUNDARY_GUARD,3,projected_saved_draft_candidate_at_or_after_rejection,1.0,BEFORE_GUARD,False,4,2,1,XSN→JX
FLORES,P3,696,7,15,ALL_MORPH_BOUNDARY_GUARD,3,projected_saved_draft_candidate_at_or_after_rejection,1.0,BEFORE_GUARD,False,4,2,1,VA→EC
FLORES,P3,696,8,16,ALL_MORPH_BOUNDARY_GUARD,3,projected_saved_draft_candidate_at_or_after_rejection,3.0,AT_GUARD,True,4,2,1,VA→EC
FLORES,P3,696,10,21,ALL_MORPH_BOUNDARY_GUARD,1,saved_H3_exact_target_token,,NO_REJECTION,True,4,4,3,XSV→EC
FLORES,P3,696,12,28,ALL_MORPH_BOUNDARY_GUARD,2,projected_saved_draft_candidate_at_or_after_rejection,2.0,AT_GUARD,True,4,3,2,XSV→EC
FLORES,P3,696,13,30,ALL_MORPH_BOUNDARY_GUARD,2,projected_saved_draft_candidate_at_or_after_rejection,3.0,AFTER_GUARD,True,4,3,2,VA→ETM
FLORES,P3,697,7,15,ALL_MORPH_BOUNDARY_GUARD,1,projected_saved_draft_candidate_at_or_after_rejection,1.0,AT_GUARD,True,4,4,3,VA→ETM
FLORES,P3,697,11,24,ALL_MORPH_BOUNDARY_GUARD,3,projected_saved_draft_candidate_at_or_after_rejection,4.0,AFTER_GUARD,True,4,2,1,VA→ETM
FLORES,P3,698,4,13,ALL_MORPH_BOUNDARY_GUARD,2,saved_H3_exact_target_token,,NO_REJECTION,True,4,3,2,SL→SL
FLORES,P3,699,6,10,ALL_MORPH_BOUNDARY_GUARD,2,saved_H3_exact_target_token,,NO_REJECTION,True,4,3,2,VCP→EC
FLORES,P3,699,8,17,ALL_MORPH_BOUNDARY_GUARD,3,projected_saved_draft_candidate_at_or_after_rejection,1.0,BEFORE_GUARD,False,4,2,1,XSV→ETM
FLORES,P3,699,9,18,ALL_MORPH_BOUNDARY_GUARD,3,projected_saved_draft_candidate_at_or_after_rejection,3.0,AT_GUARD,True,4,2,1,XSN→JKB
FLORES,P3,700,0,0,ALL_MORPH_BOUNDARY_GUARD,3,projected_saved_draft_candidate_at_or_after_rejection,4.0,AFTER_GUARD,True,4,2,1,VA→ETM
FLORES,P3,700,5,15,ALL_MORPH_BOUNDARY_GUARD,3,projected_saved_draft_candidate_at_or_after_rejection,2.0,BEFORE_GUARD,False,4,2,1,XSV→EC
FLORES,P3,700,6,17,ALL_MORPH_BOUNDARY_GUARD,2,projected_saved_draft_candidate_at_or_after_rejection,1.0,BEFORE_GUARD,False,4,3,2,XSV→EC
FLORES,P3,700,13,33,ALL_MORPH_BOUNDARY_GUARD,3,saved_H3_exact_target_token,,NO_REJECTION,True,4,2,1,VX→EF
FLORES,P3,701,1,3,ALL_MORPH_BOUNDARY_GUARD,1,projected_saved_draft_candidate_at_or_after_rejection,1.0,AT_GUARD,True,4,4,3,XSN→JX
FLORES,P3,703,0,0,ALL_MORPH_BOUNDARY_GUARD,3,projected_saved_draft_candidate_at_or_after_rejection,3.0,AT_GUARD,True,4,2,1,JKB→JX
FLORES,P3,703,13,27,ALL_MORPH_BOUNDARY_GUARD,1,saved_H3_exact_target_token,,NO_REJECTION,True,3,3,2,VX→EF
FLORES,P3,704,2,5,ALL_MORPH_BOUNDARY_GUARD,3,projected_saved_draft_candidate_at_or_after_rejection,4.0,AFTER_GUARD,True,4,2,1,XSN→JX
FLORES,P3,704,10,23,NP_BOUNDARY_GUARD,1,projected_saved_draft_candidate_at_or_after_rejection,1.0,AT_GUARD,True,4,4,3,NNB→JKO
FLORES,P3,704,10,23,ALL_MORPH_BOUNDARY_GUARD,1,projected_saved_draft_candidate_at_or_after_rejection,1.0,AT_GUARD,True,4,4,3,NNB→JKO
FLORES,P3,705,8,15,NP_BOUNDARY_GUARD,2,projected_saved_draft_candidate_at_or_after_rejection,1.0,BEFORE_GUARD,False,4,3,2,NNB→JKS
FLORES,P3,705,8,15,ALL_MORPH_BOUNDARY_GUARD,1,projected_saved_draft_candidate_at_or_after_rejection,1.0,AT_GUARD,True,4,4,3,VV→ETM
FLORES,P3,705,13,20,ALL_MORPH_BOUNDARY_GUARD,3,saved_H3_exact_target_token,,NO_REJECTION,True,4,2,1,XSV→ETM
FLORES,P3,706,1,1,NP_BOUNDARY_GUARD,1,saved_H3_exact_target_token,,NO_REJECTION,True,4,4,3,NNG→JKS
FLORES,P3,706,1,1,ALL_MORPH_BOUNDARY_GUARD,1,saved_H3_exact_target_token,,NO_REJECTION,True,4,4,3,NNG→JKS
FLORES,P3,706,3,8,ALL_MORPH_BOUNDARY_GUARD,1,projected_saved_draft_candidate_at_or_after_rejection,1.0,AT_GUARD,True,4,4,3,VA→ETM
FLORES,P3,706,5,10,ALL_MORPH_BOUNDARY_GUARD,2,projected_saved_draft_candidate_at_or_after_rejection,1.0,BEFORE_GUARD,False,4,3,2,XSV→ETM
FLORES,P3,706,6,11,ALL_MORPH_BOUNDARY_GUARD,2,projected_saved_draft_candidate_at_or_after_rejection,3.0,AFTER_GUARD,True,4,3,2,XSV→ETM
FLORES,P3,706,11,24,ALL_MORPH_BOUNDARY_GUARD,1,saved_H3_exact_target_token,,NO_REJECTION,True,4,4,3,ETN→JKO
FLORES,P3,706,14,33,ALL_MORPH_BOUNDARY_GUARD,1,projected_saved_draft_candidate_at_or_after_rejection,1.0,AT_GUARD,True,4,4,3,XSN→JKS
FLORES,P3,706,15,34,ALL_MORPH_BOUNDARY_GUARD,1,projected_saved_draft_candidate_at_or_after_rejection,3.0,AFTER_GUARD,True,4,4,3,VA→ETM
FLORES,P3,707,1,1,ALL_MORPH_BOUNDARY_GUARD,2,projected_saved_draft_candidate_at_or_after_rejection,1.0,BEFORE_GUARD,False,4,3,2,XSN→JKO
FLORES,P3,707,2,2,ALL_MORPH_BOUNDARY_GUARD,1,projected_saved_draft_candidate_at_or_after_rejection,2.0,AFTER_GUARD,True,4,4,3,XSN→JKB
FLORES,P3,707,8,12,ALL_MORPH_BOUNDARY_GUARD,3,projected_saved_draft_candidate_at_or_after_rejection,1.0,BEFORE_GUARD,False,4,2,1,XSV→ETM
FLORES,P3,707,11,18,ALL_MORPH_BOUNDARY_GUARD,3,saved_H3_exact_target_token,,NO_REJECTION,True,4,2,1,VV→EC
FLORES,P3,707,19,38,NP_BOUNDARY_GUARD,1,projected_saved_draft_candidate_at_or_after_rejection,1.0,AT_GUARD,True,4,4,3,NNB→JX
FLORES,P3,707,19,38,ALL_MORPH_BOUNDARY_GUARD,1,projected_saved_draft_candidate_at_or_after_rejection,1.0,AT_GUARD,True,4,4,3,NNB→JX
FLORES,P3,707,21,40,ALL_MORPH_BOUNDARY_GUARD,3,projected_saved_draft_candidate_at_or_after_rejection,1.0,BEFORE_GUARD,False,4,2,1,SF→SSC
FLORES,P3,707,22,41,ALL_MORPH_BOUNDARY_GUARD,1,projected_saved_draft_candidate_at_or_after_rejection,1.0,AT_GUARD,True,2,2,1,SF→SSC
FLORES,P3,708,13,27,ALL_MORPH_BOUNDARY_GUARD,2,projected_saved_draft_candidate_at_or_after_rejection,1.0,BEFORE_GUARD,False,4,3,2,XSN→JKS
FLORES,P3,708,14,28,ALL_MORPH_BOUNDARY_GUARD,1,projected_saved_draft_candidate_at_or_after_rejection,2.0,AFTER_GUARD,True,4,4,3,XSN→JKS
FLORES,P3,708,25,52,ALL_MORPH_BOUNDARY_GUARD,3,projected_saved_draft_candidate_at_or_after_rejection,3.0,AT_GUARD,True,4,2,1,XSN→JKS
FLORES,P3,708,27,58,ALL_MORPH_BOUNDARY_GUARD,3,projected_saved_draft_candidate_at_or_after_rejection,2.0,BEFORE_GUARD,False,4,2,1,XSV→EP
FLORES,P3,708,34,71,ALL_MORPH_BOUNDARY_GUARD,2,projected_saved_draft_candidate_at_or_after_rejection,1.0,BEFORE_GUARD,False,4,3,2,VCP→EF
FLORES,P3,709,2,5,ALL_MORPH_BOUNDARY_GUARD,1,projected_saved_draft_candidate_at_or_after_rejection,2.0,AFTER_GUARD,True,4,4,3,XSN→JX
FLORES,P3,709,3,7,ALL_MORPH_BOUNDARY_GUARD,3,projected_saved_draft_candidate_at_or_after_rejection,4.0,AFTER_GUARD,True,4,2,1,XSV→EC
FLORES,P3,710,9,15,ALL_MORPH_BOUNDARY_GUARD,3,projected_saved_draft_candidate_at_or_after_rejection,2.0,BEFORE_GUARD,False,4,2,1,XSV→EP
FLORES,P3,710,10,17,ALL_MORPH_BOUNDARY_GUARD,1,saved_H3_exact_target_token,,NO_REJECTION,True,4,4,3,XSV→EP
FLORES,P3,710,21,40,NP_BOUNDARY_GUARD,3,projected_saved_draft_candidate_at_or_after_rejection,1.0,BEFORE_GUARD,False,4,2,1,NNB→JKB
FLORES,P3,710,21,40,ALL_MORPH_BOUNDARY_GUARD,3,projected_saved_draft_candidate_at_or_after_rejection,1.0,BEFORE_GUARD,False,4,2,1,NNB→JKB
FLORES,P3,710,27,56,ALL_MORPH_BOUNDARY_GUARD,2,saved_H3_exact_target_token,,NO_REJECTION,True,4,3,2,VX→EC
FLORES,P3,710,39,93,ALL_MORPH_BOUNDARY_GUARD,2,saved_H3_exact_target_token,,NO_REJECTION,True,4,3,2,VX→EC
FLORES,P3,711,12,25,ALL_MORPH_BOUNDARY_GUARD,2,projected_saved_draft_candidate_at_or_after_rejection,2.0,AT_GUARD,True,4,3,2,VCP→EF
FLORES,P3,712,4,7,ALL_MORPH_BOUNDARY_GUARD,2,saved_H3_exact_target_token,,NO_REJECTION,True,4,3,2,JKB→JX
FLORES,P3,712,9,20,ALL_MORPH_BOUNDARY_GUARD,1,projected_saved_draft_candidate_at_or_after_rejection,4.0,AFTER_GUARD,True,4,4,3,XSV→ETM
FLORES,P3,712,11,28,ALL_MORPH_BOUNDARY_GUARD,1,saved_H3_exact_target_token,,NO_REJECTION,True,4,4,3,VA→EF
FLORES,P3,712,12,32,ALL_MORPH_BOUNDARY_GUARD,1,projected_saved_draft_candidate_at_or_after_rejection,2.0,AFTER_GUARD,True,4,4,3,VV→EC
FLORES,P3,712,25,59,ALL_MORPH_BOUNDARY_GUARD,1,projected_saved_draft_candidate_at_or_after_rejection,3.0,AFTER_GUARD,True,4,4,3,VA→EF
FLORES,P3,714,11,26,ALL_MORPH_BOUNDARY_GUARD,2,projected_saved_draft_candidate_at_or_after_rejection,2.0,AT_GUARD,True,4,3,2,XSV→EC
FLORES,P3,715,2,4,ALL_MORPH_BOUNDARY_GUARD,2,saved_H3_exact_target_token,,NO_REJECTION,True,4,3,2,XSN→JKB
FLORES,P3,715,14,30,ALL_MORPH_BOUNDARY_GUARD,1,projected_saved_draft_candidate_at_or_after_rejection,3.0,AFTER_GUARD,True,4,4,3,XSV→ETM
FLORES,P3,715,16,37,ALL_MORPH_BOUNDARY_GUARD,1,projected_saved_draft_candidate_at_or_after_rejection,3.0,AFTER_GUARD,True,4,4,3,XSV→ETN
FLORES,P3,716,13,40,ALL_MORPH_BOUNDARY_GUARD,3,projected_saved_draft_candidate_at_or_after_rejection,1.0,BEFORE_GUARD,False,4,2,1,VA→ETM
FLORES,P3,717,2,5,ALL_MORPH_BOUNDARY_GUARD,1,saved_H3_exact_target_token,,NO_REJECTION,True,4,4,3,SO→SL
FLORES,P3,717,13,46,ALL_MORPH_BOUNDARY_GUARD,1,projected_saved_draft_candidate_at_or_after_rejection,1.0,AT_GUARD,True,4,4,3,VV→ETM
FLORES,P3,717,21,66,ALL_MORPH_BOUNDARY_GUARD,3,saved_H3_exact_target_token,,NO_REJECTION,True,4,2,1,VA→EF
FLORES,P3,718,11,29,ALL_MORPH_BOUNDARY_GUARD,1,projected_saved_draft_candidate_at_or_after_rejection,2.0,AFTER_GUARD,True,4,4,3,VCP→EC
FLORES,P3,718,16,41,ALL_MORPH_BOUNDARY_GUARD,2,projected_saved_draft_candidate_at_or_after_rejection,3.0,AFTER_GUARD,True,4,3,2,XSV→ETM
FLORES,P3,718,19,49,ALL_MORPH_BOUNDARY_GUARD,1,saved_H3_exact_target_token,,NO_REJECTION,True,3,3,2,VX→EF
FLORES,P3,719,14,31,ALL_MORPH_BOUNDARY_GUARD,1,saved_H3_exact_target_token,,NO_REJECTION,True,3,3,2,VV→EF
FLORES,P3,720,5,15,ALL_MORPH_BOUNDARY_GUARD,2,projected_saved_draft_candidate_at_or_after_rejection,3.0,AFTER_GUARD,True,4,3,2,XSV→EP
FLORES,P3,721,19,39,NP_BOUNDARY_GUARD,3,projected_saved_draft_candidate_at_or_after_rejection,1.0,BEFORE_GUARD,False,4,2,1,NNG→JKO
FLORES,P3,721,19,39,ALL_MORPH_BOUNDARY_GUARD,3,projected_saved_draft_candidate_at_or_after_rejection,1.0,BEFORE_GUARD,False,4,2,1,NNG→JKO
FLORES,P3,722,1,4,NP_BOUNDARY_GUARD,1,projected_saved_draft_candidate_at_or_after_rejection,1.0,AT_GUARD,True,4,4,3,NNG→JX
FLORES,P3,722,1,4,ALL_MORPH_BOUNDARY_GUARD,1,projected_saved_draft_candidate_at_or_after_rejection,1.0,AT_GUARD,True,4,4,3,NNG→JX
FLORES,P3,722,3,9,ALL_MORPH_BOUNDARY_GUARD,2,projected_saved_draft_candidate_at_or_after_rejection,3.0,AFTER_GUARD,True,4,3,2,XSN→JKB
FLORES,P3,722,5,13,ALL_MORPH_BOUNDARY_GUARD,2,saved_H3_exact_target_token,,NO_REJECTION,True,4,3,2,XSN→JKB
FLORES,P3,722,12,25,ALL_MORPH_BOUNDARY_GUARD,1,projected_saved_draft_candidate_at_or_after_rejection,1.0,AT_GUARD,True,4,4,3,XSV→EC
FLORES,P3,722,18,40,ALL_MORPH_BOUNDARY_GUARD,1,saved_H3_exact_target_token,,NO_REJECTION,True,3,3,2,VX→EF
FLORES,P3,723,4,13,ALL_MORPH_BOUNDARY_GUARD,2,saved_H3_exact_target_token,,NO_REJECTION,True,4,3,2,SO→SL
FLORES,P3,724,7,25,ALL_MORPH_BOUNDARY_GUARD,2,saved_H3_exact_target_token,,NO_REJECTION,True,4,3,2,SL→SL
FLORES,P3,726,7,15,ALL_MORPH_BOUNDARY_GUARD,3,projected_saved_draft_candidate_at_or_after_rejection,4.0,AFTER_GUARD,True,4,2,1,JKB→JX
FLORES,P3,727,2,4,ALL_MORPH_BOUNDARY_GUARD,3,projected_saved_draft_candidate_at_or_after_rejection,3.0,AT_GUARD,True,4,2,1,XSV→EC
FLORES,P3,727,3,7,NP_BOUNDARY_GUARD,1,projected_saved_draft_candidate_at_or_after_rejection,1.0,AT_GUARD,True,4,4,3,NNB→JX
FLORES,P3,727,3,7,ALL_MORPH_BOUNDARY_GUARD,1,projected_saved_draft_candidate_at_or_after_rejection,1.0,AT_GUARD,True,4,4,3,NNB→JX
FLORES,P3,727,16,38,ALL_MORPH_BOUNDARY_GUARD,1,projected_saved_draft_candidate_at_or_after_rejection,2.0,AFTER_GUARD,True,4,4,3,XSV→EC
FLORES,P3,728,5,15,ALL_MORPH_BOUNDARY_GUARD,3,projected_saved_draft_candidate_at_or_after_rejection,1.0,BEFORE_GUARD,False,4,2,1,VA→ETM
FLORES,P3,728,8,24,ALL_MORPH_BOUNDARY_GUARD,3,projected_saved_draft_candidate_at_or_after_rejection,2.0,BEFORE_GUARD,False,4,2,1,XSV→ETM
FLORES,P3,729,3,6,ALL_MORPH_BOUNDARY_GUARD,1,projected_saved_draft_candidate_at_or_after_rejection,1.0,AT_GUARD,True,4,4,3,XSN→JKS
FLORES,P3,730,2,4,ALL_MORPH_BOUNDARY_GUARD,2,projected_saved_draft_candidate_at_or_after_rejection,1.0,BEFORE_GUARD,False,4,3,2,VA→ETM
FLORES,P3,731,11,30,ALL_MORPH_BOUNDARY_GUARD,1,projected_saved_draft_candidate_at_or_after_rejection,2.0,AFTER_GUARD,True,4,4,3,XSV→EC
FLORES,P3,732,7,13,ALL_MORPH_BOUNDARY_GUARD,1,projected_saved_draft_candidate_at_or_after_rejection,1.0,AT_GUARD,True,4,4,3,VV→EC
FLORES,P3,732,20,42,ALL_MORPH_BOUNDARY_GUARD,1,projected_saved_draft_candidate_at_or_after_rejection,1.0,AT_GUARD,True,4,4,3,VA→ETM
FLORES,P3,733,35,94,ALL_MORPH_BOUNDARY_GUARD,3,projected_saved_draft_candidate_at_or_after_rejection,3.0,AT_GUARD,True,4,2,1,VX→EF
FLORES,P3,735,1,1,ALL_MORPH_BOUNDARY_GUARD,3,saved_H3_exact_target_token,,NO_REJECTION,True,4,2,1,SS→SL
FLORES,P3,736,6,21,ALL_MORPH_BOUNDARY_GUARD,1,saved_H3_exact_target_token,,NO_REJECTION,True,4,4,3,SO→SL
FLORES,P3,736,7,25,ALL_MORPH_BOUNDARY_GUARD,2,saved_H3_exact_target_token,,NO_REJECTION,True,4,3,2,SP→SL
FLORES,P3,737,11,26,ALL_MORPH_BOUNDARY_GUARD,2,projected_saved_draft_candidate_at_or_after_rejection,3.0,AFTER_GUARD,True,4,3,2,JKB→JX
FLORES,P3,738,15,28,ALL_MORPH_BOUNDARY_GUARD,3,projected_saved_draft_candidate_at_or_after_rejection,3.0,AT_GUARD,True,4,2,1,XSV→EC
FLORES,P3,738,20,43,ALL_MORPH_BOUNDARY_GUARD,2,saved_H3_exact_target_token,,NO_REJECTION,True,4,3,2,SP→SL
FLORES,P3,739,6,8,ALL_MORPH_BOUNDARY_GUARD,3,projected_saved_draft_candidate_at_or_after_rejection,3.0,AT_GUARD,True,4,2,1,VX→EC
FLORES,P3,739,11,22,ALL_MORPH_BOUNDARY_GUARD,3,projected_saved_draft_candidate_at_or_after_rejection,1.0,BEFORE_GUARD,False,4,2,1,XSV→ETM
FLORES,P3,739,13,24,NP_BOUNDARY_GUARD,1,projected_saved_draft_candidate_at_or_after_rejection,3.0,AFTER_GUARD,True,4,4,3,NNB→JKS
FLORES,P3,739,13,24,ALL_MORPH_BOUNDARY_GUARD,1,projected_saved_draft_candidate_at_or_after_rejection,3.0,AFTER_GUARD,True,4,4,3,NNB→JKS
FLORES,P3,740,1,3,ALL_MORPH_BOUNDARY_GUARD,3,projected_saved_draft_candidate_at_or_after_rejection,3.0,AT_GUARD,True,4,2,1,VA→ETM
FLORES,P3,740,5,17,ALL_MORPH_BOUNDARY_GUARD,3,projected_saved_draft_candidate_at_or_after_rejection,3.0,AT_GUARD,True,4,2,1,XSN→JX
FLORES,P3,740,7,22,ALL_MORPH_BOUNDARY_GUARD,3,projected_saved_draft_candidate_at_or_after_rejection,1.0,BEFORE_GUARD,False,4,2,1,XSA→EC
FLORES,P3,742,24,54,NP_BOUNDARY_GUARD,1,projected_saved_draft_candidate_at_or_after_rejection,1.0,AT_GUARD,True,4,4,3,NNG→JKO
FLORES,P3,742,24,54,ALL_MORPH_BOUNDARY_GUARD,1,projected_saved_draft_candidate_at_or_after_rejection,1.0,AT_GUARD,True,4,4,3,NNG→JKO
FLORES,P3,743,7,24,NP_BOUNDARY_GUARD,1,saved_H3_exact_target_token,,NO_REJECTION,True,4,4,3,NNG→JX
FLORES,P3,743,7,24,ALL_MORPH_BOUNDARY_GUARD,1,saved_H3_exact_target_token,,NO_REJECTION,True,4,4,3,NNG→JX
FLORES,P3,745,7,25,ALL_MORPH_BOUNDARY_GUARD,1,projected_saved_draft_candidate_at_or_after_rejection,2.0,AFTER_GUARD,True,3,3,2,SL→SL
FLORES,P3,745,8,27,ALL_MORPH_BOUNDARY_GUARD,2,projected_saved_draft_candidate_at_or_after_rejection,1.0,BEFORE_GUARD,False,4,3,2,SO→SL
FLORES,P3,746,6,21,ALL_MORPH_BOUNDARY_GUARD,2,saved_H3_exact_target_token,,NO_REJECTION,True,4,3,2,SO→SL
FLORES,P3,747,8,29,ALL_MORPH_BOUNDARY_GUARD,3,saved_H3_exact_target_token,,NO_REJECTION,True,4,2,1,SL→SL
FLORES,P3,748,12,21,ALL_MORPH_BOUNDARY_GUARD,2,projected_saved_draft_candidate_at_or_after_rejection,2.0,AT_GUARD,True,4,3,2,VV→ETM
FLORES,P3,749,2,6,ALL_MORPH_BOUNDARY_GUARD,1,projected_saved_draft_candidate_at_or_after_rejection,4.0,AFTER_GUARD,True,4,4,3,XSN→JX
FLORES,P3,750,8,23,ALL_MORPH_BOUNDARY_GUARD,1,projected_saved_draft_candidate_at_or_after_rejection,2.0,AFTER_GUARD,True,4,4,3,XSN→JKG
FLORES,P3,750,13,30,ALL_MORPH_BOUNDARY_GUARD,2,projected_saved_draft_candidate_at_or_after_rejection,3.0,AFTER_GUARD,True,4,3,2,XSN→JKO
FLORES,P3,750,14,33,ALL_MORPH_BOUNDARY_GUARD,1,projected_saved_draft_candidate_at_or_after_rejection,1.0,AT_GUARD,True,4,4,3,XSV→EC
FLORES,P3,751,6,18,ALL_MORPH_BOUNDARY_GUARD,2,projected_saved_draft_candidate_at_or_after_rejection,2.0,AT_GUARD,True,4,3,2,XSN→JKS
FLORES,P3,753,7,14,ALL_MORPH_BOUNDARY_GUARD,3,projected_saved_draft_candidate_at_or_after_rejection,1.0,BEFORE_GUARD,False,4,2,1,XSN→JKS
FLORES,P3,753,8,15,ALL_MORPH_BOUNDARY_GUARD,2,projected_saved_draft_candidate_at_or_after_rejection,1.0,BEFORE_GUARD,False,4,3,2,XSN→JKS
FLORES,P3,754,24,49,ALL_MORPH_BOUNDARY_GUARD,1,saved_H3_exact_target_token,,NO_REJECTION,True,3,3,2,XSV→EF
FLORES,P3,755,21,48,ALL_MORPH_BOUNDARY_GUARD,1,projected_saved_draft_candidate_at_or_after_rejection,1.0,AT_GUARD,True,3,3,2,XSA→EF
FLORES,P3,755,23,51,ALL_MORPH_BOUNDARY_GUARD,1,saved_H3_exact_target_token,,NO_REJECTION,True,3,3,2,VX→EF
FLORES,P3,756,16,34,ALL_MORPH_BOUNDARY_GUARD,1,saved_H3_exact_target_token,,NO_REJECTION,True,3,3,2,VA→EF
FLORES,P3,757,5,10,ALL_MORPH_BOUNDARY_GUARD,2,projected_saved_draft_candidate_at_or_after_rejection,1.0,BEFORE_GUARD,False,4,3,2,XSN→JKB
FLORES,P3,757,9,18,ALL_MORPH_BOUNDARY_GUARD,2,projected_saved_draft_candidate_at_or_after_rejection,3.0,AFTER_GUARD,True,4,3,2,XSN→JKB
FLORES,P3,758,12,27,ALL_MORPH_BOUNDARY_GUARD,2,saved_H3_exact_target_token,,NO_REJECTION,True,4,3,2,XSV→EC
FLORES,P3,758,18,41,ALL_MORPH_BOUNDARY_GUARD,3,projected_saved_draft_candidate_at_or_after_rejection,4.0,AFTER_GUARD,True,4,2,1,VA→EC
FLORES,P3,758,24,52,ALL_MORPH_BOUNDARY_GUARD,3,projected_saved_draft_candidate_at_or_after_rejection,2.0,BEFORE_GUARD,False,4,2,1,XSV→EC
FLORES,P3,759,13,23,ALL_MORPH_BOUNDARY_GUARD,3,projected_saved_draft_candidate_at_or_after_rejection,1.0,BEFORE_GUARD,False,4,2,1,XSV→ETN
FLORES,P3,759,14,24,ALL_MORPH_BOUNDARY_GUARD,2,projected_saved_draft_candidate_at_or_after_rejection,2.0,AT_GUARD,True,4,3,2,XSV→ETN
FLORES,P3,759,15,26,NP_BOUNDARY_GUARD,1,projected_saved_draft_candidate_at_or_after_rejection,1.0,AT_GUARD,True,4,4,3,NNB→JX
FLORES,P3,759,15,26,ALL_MORPH_BOUNDARY_GUARD,1,projected_saved_draft_candidate_at_or_after_rejection,1.0,AT_GUARD,True,4,4,3,NNB→JX
FLORES,P3,759,18,32,NP_BOUNDARY_GUARD,1,projected_saved_draft_candidate_at_or_after_rejection,2.0,AFTER_GUARD,True,4,4,3,NNB→JKB
FLORES,P3,759,18,32,ALL_MORPH_BOUNDARY_GUARD,1,projected_saved_draft_candidate_at_or_after_rejection,2.0,AFTER_GUARD,True,4,4,3,NNB→JKB
FLORES,P3,760,5,17,ALL_MORPH_BOUNDARY_GUARD,1,saved_H3_exact_target_token,,NO_REJECTION,True,4,4,3,SS→SL
FLORES,P3,761,7,11,ALL_MORPH_BOUNDARY_GUARD,3,projected_saved_draft_candidate_at_or_after_rejection,3.0,AT_GUARD,True,4,2,1,XSV→EC
FLORES,P3,761,10,19,ALL_MORPH_BOUNDARY_GUARD,1,saved_H3_exact_target_token,,NO_REJECTION,True,4,4,3,JKB→JX
FLORES,P3,762,2,5,ALL_MORPH_BOUNDARY_GUARD,2,projected_saved_draft_candidate_at_or_after_rejection,1.0,BEFORE_GUARD,False,4,3,2,XSA→EC
FLORES,P3,762,7,12,ALL_MORPH_BOUNDARY_GUARD,2,saved_H3_exact_target_token,,NO_REJECTION,True,4,3,2,VA→EC
FLORES,P3,762,18,38,ALL_MORPH_BOUNDARY_GUARD,2,saved_H3_exact_target_token,,NO_REJECTION,True,4,3,2,XSV→EC
FLORES,P3,763,10,17,ALL_MORPH_BOUNDARY_GUARD,2,projected_saved_draft_candidate_at_or_after_rejection,1.0,BEFORE_GUARD,False,4,3,2,VV→ETM
FLORES,P3,763,22,49,ALL_MORPH_BOUNDARY_GUARD,1,saved_H3_exact_target_token,,NO_REJECTION,True,4,4,3,VV→EC
FLORES,P3,764,6,24,ALL_MORPH_BOUNDARY_GUARD,2,saved_H3_exact_target_token,,NO_REJECTION,True,4,3,2,SL→SL
FLORES,P3,765,4,13,ALL_MORPH_BOUNDARY_GUARD,1,saved_H3_exact_target_token,,NO_REJECTION,True,4,4,3,SP→SL
FLORES,P3,765,7,25,ALL_MORPH_BOUNDARY_GUARD,1,saved_H3_exact_target_token,,NO_REJECTION,True,4,4,3,SP→SL
FLORES,P3,766,16,34,ALL_MORPH_BOUNDARY_GUARD,2,saved_H3_exact_target_token,,NO_REJECTION,True,4,3,2,VA→EF
FLORES,P3,767,15,32,ALL_MORPH_BOUNDARY_GUARD,2,projected_saved_draft_candidate_at_or_after_rejection,2.0,AT_GUARD,True,4,3,2,XSN→VCP
FLORES,P3,767,19,42,ALL_MORPH_BOUNDARY_GUARD,1,saved_H3_exact_target_token,,NO_REJECTION,True,4,4,3,XSN→JKG
FLORES,P3,768,5,12,ALL_MORPH_BOUNDARY_GUARD,2,projected_saved_draft_candidate_at_or_after_rejection,2.0,AT_GUARD,True,4,3,2,XSN→JKB
FLORES,P3,768,6,14,ALL_MORPH_BOUNDARY_GUARD,3,projected_saved_draft_candidate_at_or_after_rejection,2.0,BEFORE_GUARD,False,4,2,1,XSV→ETN
FLORES,P3,769,8,21,ALL_MORPH_BOUNDARY_GUARD,1,projected_saved_draft_candidate_at_or_after_rejection,2.0,AFTER_GUARD,True,4,4,3,VX→EC
FLORES,P3,770,4,13,ALL_MORPH_BOUNDARY_GUARD,1,saved_H3_exact_target_token,,NO_REJECTION,True,4,4,3,XSV→EP
FLORES,P3,771,1,1,NP_BOUNDARY_GUARD,2,projected_saved_draft_candidate_at_or_after_rejection,1.0,BEFORE_GUARD,False,4,3,2,NNG→JX
FLORES,P3,771,1,1,ALL_MORPH_BOUNDARY_GUARD,2,projected_saved_draft_candidate_at_or_after_rejection,1.0,BEFORE_GUARD,False,4,3,2,NNG→JX
FLORES,P3,774,0,0,ALL_MORPH_BOUNDARY_GUARD,1,projected_saved_draft_candidate_at_or_after_rejection,1.0,AT_GUARD,True,4,4,3,VA→ETM
FLORES,P3,774,6,10,ALL_MORPH_BOUNDARY_GUARD,1,projected_saved_draft_candidate_at_or_after_rejection,2.0,AFTER_GUARD,True,4,4,3,VA→ETM
FLORES,P3,774,7,12,ALL_MORPH_BOUNDARY_GUARD,3,saved_H3_exact_target_token,,NO_REJECTION,True,4,2,1,VV→EF
FLORES,P3,774,11,26,ALL_MORPH_BOUNDARY_GUARD,1,saved_H3_exact_target_token,,NO_REJECTION,True,3,3,2,VA→EF
FLORES,P3,775,9,17,ALL_MORPH_BOUNDARY_GUARD,2,projected_saved_draft_candidate_at_or_after_rejection,2.0,AT_GUARD,True,4,3,2,XSV→EC
FLORES,P3,775,10,19,ALL_MORPH_BOUNDARY_GUARD,1,projected_saved_draft_candidate_at_or_after_rejection,3.0,AFTER_GUARD,True,4,4,3,VX→EC
FLORES,P3,777,9,19,ALL_MORPH_BOUNDARY_GUARD,3,projected_saved_draft_candidate_at_or_after_rejection,2.0,BEFORE_GUARD,False,4,2,1,XSV→EC
FLORES,P3,777,25,47,ALL_MORPH_BOUNDARY_GUARD,3,saved_H3_exact_target_token,,NO_REJECTION,True,4,2,1,VX→EF
FLORES,P3,778,0,0,ALL_MORPH_BOUNDARY_GUARD,2,projected_saved_draft_candidate_at_or_after_rejection,3.0,AFTER_GUARD,True,4,3,2,XSN→JX
FLORES,P3,778,5,13,ALL_MORPH_BOUNDARY_GUARD,3,projected_saved_draft_candidate_at_or_after_rejection,1.0,BEFORE_GUARD,False,4,2,1,VA→ETM
FLORES,P3,778,10,20,ALL_MORPH_BOUNDARY_GUARD,1,projected_saved_draft_candidate_at_or_after_rejection,1.0,AT_GUARD,True,4,4,3,VA→ETM
FLORES,P3,778,15,27,ALL_MORPH_BOUNDARY_GUARD,2,saved_H3_exact_target_token,,NO_REJECTION,True,4,3,2,VX→EF
FLORES,P3,779,6,14,ALL_MORPH_BOUNDARY_GUARD,3,saved_H3_exact_target_token,,NO_REJECTION,True,4,2,1,XSA→EC
FLORES,P3,780,3,8,ALL_MORPH_BOUNDARY_GUARD,3,projected_saved_draft_candidate_at_or_after_rejection,1.0,BEFORE_GUARD,False,4,2,1,XSV→EC
FLORES,P3,780,13,34,ALL_MORPH_BOUNDARY_GUARD,3,projected_saved_draft_candidate_at_or_after_rejection,4.0,AFTER_GUARD,True,4,2,1,VA→ETM
FLORES,P3,781,6,9,ALL_MORPH_BOUNDARY_GUARD,3,projected_saved_draft_candidate_at_or_after_rejection,1.0,BEFORE_GUARD,False,4,2,1,XSA→EC
FLORES,P3,781,8,13,ALL_MORPH_BOUNDARY_GUARD,3,projected_saved_draft_candidate_at_or_after_rejection,3.0,AT_GUARD,True,4,2,1,XSA→EC
FLORES,P3,781,19,32,ALL_MORPH_BOUNDARY_GUARD,2,projected_saved_draft_candidate_at_or_after_rejection,2.0,AT_GUARD,True,4,3,2,VA→EF
FLORES,P3,781,22,39,ALL_MORPH_BOUNDARY_GUARD,1,saved_H3_exact_target_token,,NO_REJECTION,True,3,3,2,VV→EF
FLORES,P3,782,1,1,ALL_MORPH_BOUNDARY_GUARD,2,projected_saved_draft_candidate_at_or_after_rejection,1.0,BEFORE_GUARD,False,4,3,2,XSN→JX
FLORES,P3,782,9,19,ALL_MORPH_BOUNDARY_GUARD,2,projected_saved_draft_candidate_at_or_after_rejection,2.0,AT_GUARD,True,4,3,2,XSN→JX
FLORES,P3,782,29,70,ALL_MORPH_BOUNDARY_GUARD,1,projected_saved_draft_candidate_at_or_after_rejection,2.0,AFTER_GUARD,True,4,4,3,XSA→EC
FLORES,P3,782,37,84,ALL_MORPH_BOUNDARY_GUARD,3,saved_H3_exact_target_token,,NO_REJECTION,True,4,2,1,SSC→SP
FLORES,P3,783,2,5,ALL_MORPH_BOUNDARY_GUARD,3,saved_H3_exact_target_token,,NO_REJECTION,True,4,2,1,SL→SL
FLORES,P3,783,4,13,ALL_MORPH_BOUNDARY_GUARD,2,saved_H3_exact_target_token,,NO_REJECTION,True,4,3,2,SL→SL
FLORES,P3,784,0,0,ALL_MORPH_BOUNDARY_GUARD,1,projected_saved_draft_candidate_at_or_after_rejection,1.0,AT_GUARD,True,4,4,3,VA→ETM
FLORES,P3,785,8,16,NP_BOUNDARY_GUARD,1,projected_saved_draft_candidate_at_or_after_rejection,1.0,AT_GUARD,True,4,4,3,NNG→JKO
FLORES,P3,785,8,16,ALL_MORPH_BOUNDARY_GUARD,1,projected_saved_draft_candidate_at_or_after_rejection,1.0,AT_GUARD,True,4,4,3,NNG→JKO
FLORES,P3,785,10,19,ALL_MORPH_BOUNDARY_GUARD,2,projected_saved_draft_candidate_at_or_after_rejection,2.0,AT_GUARD,True,4,3,2,XSV→EC
FLORES,P3,786,17,44,ALL_MORPH_BOUNDARY_GUARD,3,projected_saved_draft_candidate_at_or_after_rejection,1.0,BEFORE_GUARD,False,4,2,1,VA→EF
FLORES,P3,786,19,49,ALL_MORPH_BOUNDARY_GUARD,2,projected_saved_draft_candidate_at_or_after_rejection,2.0,AT_GUARD,True,4,3,2,JKB→JX
FLORES,P3,786,22,54,ALL_MORPH_BOUNDARY_GUARD,3,saved_H3_exact_target_token,,NO_REJECTION,True,4,2,1,VA→EF
FLORES,P3,788,2,2,ALL_MORPH_BOUNDARY_GUARD,3,projected_saved_draft_candidate_at_or_after_rejection,1.0,BEFORE_GUARD,False,4,2,1,XSN→JKS
FLORES,P3,788,5,6,ALL_MORPH_BOUNDARY_GUARD,3,projected_saved_draft_candidate_at_or_after_rejection,4.0,AFTER_GUARD,True,4,2,1,XSN→JX
FLORES,P3,788,6,10,ALL_MORPH_BOUNDARY_GUARD,2,projected_saved_draft_candidate_at_or_after_rejection,1.0,BEFORE_GUARD,False,4,3,2,XSN→JKB
FLORES,P3,788,7,11,ALL_MORPH_BOUNDARY_GUARD,1,projected_saved_draft_candidate_at_or_after_rejection,2.0,AFTER_GUARD,True,4,4,3,XSA→EC
FLORES,P3,788,9,17,ALL_MORPH_BOUNDARY_GUARD,1,projected_saved_draft_candidate_at_or_after_rejection,1.0,AT_GUARD,True,4,4,3,VX→EF
FLORES,P3,789,7,19,NP_BOUNDARY_GUARD,1,projected_saved_draft_candidate_at_or_after_rejection,1.0,AT_GUARD,True,4,4,3,NNB→JKO
FLORES,P3,789,7,19,ALL_MORPH_BOUNDARY_GUARD,1,projected_saved_draft_candidate_at_or_after_rejection,1.0,AT_GUARD,True,4,4,3,NNB→JKO
FLORES,P3,789,9,22,ALL_MORPH_BOUNDARY_GUARD,3,projected_saved_draft_candidate_at_or_after_rejection,1.0,BEFORE_GUARD,False,4,2,1,XSA→EC
FLORES,P3,790,7,15,ALL_MORPH_BOUNDARY_GUARD,1,saved_H3_exact_target_token,,NO_REJECTION,True,4,4,3,VV→EC
FLORES,P3,790,16,39,ALL_MORPH_BOUNDARY_GUARD,3,saved_H3_exact_target_token,,NO_REJECTION,True,4,2,1,VA→EF
FLORES,P3,791,1,2,ALL_MORPH_BOUNDARY_GUARD,2,projected_saved_draft_candidate_at_or_after_rejection,1.0,BEFORE_GUARD,False,4,3,2,XSN→JKB
FLORES,P3,791,6,8,NP_BOUNDARY_GUARD,2,projected_saved_draft_candidate_at_or_after_rejection,2.0,AT_GUARD,True,4,3,2,NNG→JKO
FLORES,P3,791,6,8,ALL_MORPH_BOUNDARY_GUARD,2,projected_saved_draft_candidate_at_or_after_rejection,2.0,AT_GUARD,True,4,3,2,NNG→JKO
FLORES,P3,791,10,16,ALL_MORPH_BOUNDARY_GUARD,3,projected_saved_draft_candidate_at_or_after_rejection,2.0,BEFORE_GUARD,False,4,2,1,VV→ETM
FLORES,P3,791,14,22,ALL_MORPH_BOUNDARY_GUARD,2,projected_saved_draft_candidate_at_or_after_rejection,1.0,BEFORE_GUARD,False,4,3,2,XSV→ETM
FLORES,P3,791,17,28,ALL_MORPH_BOUNDARY_GUARD,2,projected_saved_draft_candidate_at_or_after_rejection,2.0,AT_GUARD,True,4,3,2,XSV→EC
FLORES,P3,792,0,0,ALL_MORPH_BOUNDARY_GUARD,2,projected_saved_draft_candidate_at_or_after_rejection,1.0,BEFORE_GUARD,False,4,3,2,XSN→JX
FLORES,P3,792,8,29,ALL_MORPH_BOUNDARY_GUARD,1,saved_H3_exact_target_token,,NO_REJECTION,True,2,2,1,SSC→SF
FLORES,P3,793,3,4,ALL_MORPH_BOUNDARY_GUARD,3,projected_saved_draft_candidate_at_or_after_rejection,1.0,BEFORE_GUARD,False,4,2,1,XSV→EC
FLORES,P3,793,4,5,ALL_MORPH_BOUNDARY_GUARD,2,projected_saved_draft_candidate_at_or_after_rejection,1.0,BEFORE_GUARD,False,4,3,2,XSV→EC
FLORES,P3,793,5,6,ALL_MORPH_BOUNDARY_GUARD,1,projected_saved_draft_candidate_at_or_after_rejection,2.0,AFTER_GUARD,True,4,4,3,XSV→EC
FLORES,P3,793,7,12,NP_BOUNDARY_GUARD,1,projected_saved_draft_candidate_at_or_after_rejection,2.0,AFTER_GUARD,True,4,4,3,NNB→JX
FLORES,P3,793,7,12,ALL_MORPH_BOUNDARY_GUARD,1,projected_saved_draft_candidate_at_or_after_rejection,2.0,AFTER_GUARD,True,4,4,3,NNB→JX
FLORES,P3,794,1,4,ALL_MORPH_BOUNDARY_GUARD,1,projected_saved_draft_candidate_at_or_after_rejection,2.0,AFTER_GUARD,True,4,4,3,JKB→JX
FLORES,P3,794,5,15,ALL_MORPH_BOUNDARY_GUARD,2,projected_saved_draft_candidate_at_or_after_rejection,3.0,AFTER_GUARD,True,4,3,2,XSN→JKS
FLORES,P3,794,10,25,ALL_MORPH_BOUNDARY_GUARD,2,saved_H3_exact_target_token,,NO_REJECTION,True,4,3,2,XSV→EC
FLORES,P3,794,12,33,ALL_MORPH_BOUNDARY_GUARD,1,projected_saved_draft_candidate_at_or_after_rejection,4.0,AFTER_GUARD,True,4,4,3,XSN→JX
FLORES,P3,794,13,37,ALL_MORPH_BOUNDARY_GUARD,3,projected_saved_draft_candidate_at_or_after_rejection,1.0,BEFORE_GUARD,False,4,2,1,VCP→EC
FLORES,P3,794,15,40,ALL_MORPH_BOUNDARY_GUARD,2,projected_saved_draft_candidate_at_or_after_rejection,2.0,AT_GUARD,True,4,3,2,VCP→EC
FLORES,P3,795,3,9,ALL_MORPH_BOUNDARY_GUARD,3,saved_H3_exact_target_token,,NO_REJECTION,True,4,2,1,SS→SL
FLORES,P3,796,0,0,ALL_MORPH_BOUNDARY_GUARD,2,projected_saved_draft_candidate_at_or_after_rejection,1.0,BEFORE_GUARD,False,4,3,2,XSV→EF
FLORES,P3,796,15,40,ALL_MORPH_BOUNDARY_GUARD,2,projected_saved_draft_candidate_at_or_after_rejection,3.0,AFTER_GUARD,True,4,3,2,XSV→ETM
FLORES,P3,796,16,43,NP_BOUNDARY_GUARD,2,projected_saved_draft_candidate_at_or_after_rejection,2.0,AT_GUARD,True,4,3,2,NNG→JKO
FLORES,P3,796,16,43,ALL_MORPH_BOUNDARY_GUARD,2,projected_saved_draft_candidate_at_or_after_rejection,2.0,AT_GUARD,True,4,3,2,NNG→JKO
FLORES,P3,797,3,9,ALL_MORPH_BOUNDARY_GUARD,2,projected_saved_draft_candidate_at_or_after_rejection,4.0,AFTER_GUARD,True,4,3,2,SL→SL
FLORES,P3,797,9,26,ALL_MORPH_BOUNDARY_GUARD,1,projected_saved_draft_candidate_at_or_after_rejection,1.0,AT_GUARD,True,4,4,3,XSN→JKS
FLORES,P3,797,12,30,ALL_MORPH_BOUNDARY_GUARD,3,projected_saved_draft_candidate_at_or_after_rejection,3.0,AT_GUARD,True,4,2,1,XSN→JKS
FLORES,P3,797,16,42,ALL_MORPH_BOUNDARY_GUARD,2,saved_H3_exact_target_token,,NO_REJECTION,True,4,3,2,VV→EF
FLORES,P3,798,13,27,ALL_MORPH_BOUNDARY_GUARD,2,saved_H3_exact_target_token,,NO_REJECTION,True,4,3,2,XSV→ETM
FLORES,P3,799,7,9,ALL_MORPH_BOUNDARY_GUARD,3,saved_H3_exact_target_token,,NO_REJECTION,True,4,2,1,JKB→JX
FLORES,P3,799,19,42,ALL_MORPH_BOUNDARY_GUARD,1,saved_H3_exact_target_token,,NO_REJECTION,True,2,2,1,SSC→SF
FLORES,P3,800,2,6,ALL_MORPH_BOUNDARY_GUARD,3,projected_saved_draft_candidate_at_or_after_rejection,3.0,AT_GUARD,True,4,2,1,XSN→JKG
FLORES,P3,800,6,18,ALL_MORPH_BOUNDARY_GUARD,2,projected_saved_draft_candidate_at_or_after_rejection,1.0,BEFORE_GUARD,False,4,3,2,XSV→ETM
FLORES,P3,800,7,19,ALL_MORPH_BOUNDARY_GUARD,1,saved_H3_exact_target_token,,NO_REJECTION,True,4,4,3,XSV→EC
FLORES,P3,800,14,43,NP_BOUNDARY_GUARD,3,projected_saved_draft_candidate_at_or_after_rejection,3.0,AT_GUARD,True,4,2,1,NNB→JX
FLORES,P3,800,14,43,ALL_MORPH_BOUNDARY_GUARD,3,projected_saved_draft_candidate_at_or_after_rejection,3.0,AT_GUARD,True,4,2,1,NNB→JX
FLORES,P3,801,6,24,ALL_MORPH_BOUNDARY_GUARD,1,saved_H3_exact_target_token,,NO_REJECTION,True,3,3,2,SL→SL
FLORES,P3,802,9,22,ALL_MORPH_BOUNDARY_GUARD,2,projected_saved_draft_candidate_at_or_after_rejection,2.0,AT_GUARD,True,4,3,2,XSV→EC
FLORES,P3,802,11,25,ALL_MORPH_BOUNDARY_GUARD,3,projected_saved_draft_candidate_at_or_after_rejection,4.0,AFTER_GUARD,True,4,2,1,VA→ETM
FLORES,P3,802,15,39,NP_BOUNDARY_GUARD,1,projected_saved_draft_candidate_at_or_after_rejection,1.0,AT_GUARD,True,4,4,3,NNB→JKO
FLORES,P3,802,15,39,ALL_MORPH_BOUNDARY_GUARD,1,projected_saved_draft_candidate_at_or_after_rejection,1.0,AT_GUARD,True,4,4,3,NNB→JKO
FLORES,P3,802,17,42,ALL_MORPH_BOUNDARY_GUARD,3,saved_H3_exact_target_token,,NO_REJECTION,True,4,2,1,VX→EF
FLORES,P3,803,6,7,ALL_MORPH_BOUNDARY_GUARD,1,projected_saved_draft_candidate_at_or_after_rejection,4.0,AFTER_GUARD,True,4,4,3,XSV→EC
FLORES,P3,803,9,15,ALL_MORPH_BOUNDARY_GUARD,2,projected_saved_draft_candidate_at_or_after_rejection,2.0,AT_GUARD,True,4,3,2,XSV→ETM
FLORES,P3,803,11,18,ALL_MORPH_BOUNDARY_GUARD,3,projected_saved_draft_candidate_at_or_after_rejection,4.0,AFTER_GUARD,True,4,2,1,VA→ETM
FLORES,P3,803,17,33,ALL_MORPH_BOUNDARY_GUARD,1,saved_H3_exact_target_token,,NO_REJECTION,True,4,4,3,XSN→JKO
FLORES,P3,804,6,17,ALL_MORPH_BOUNDARY_GUARD,1,projected_saved_draft_candidate_at_or_after_rejection,1.0,AT_GUARD,True,4,4,3,VX→EC
FLORES,P3,805,16,30,ALL_MORPH_BOUNDARY_GUARD,2,projected_saved_draft_candidate_at_or_after_rejection,2.0,AT_GUARD,True,4,3,2,VA→ETM
FLORES,P3,806,15,27,ALL_MORPH_BOUNDARY_GUARD,2,projected_saved_draft_candidate_at_or_after_rejection,2.0,AT_GUARD,True,4,3,2,XSV→EC
FLORES,P3,806,20,39,ALL_MORPH_BOUNDARY_GUARD,1,saved_H3_exact_target_token,,NO_REJECTION,True,3,3,2,VA→EF
FLORES,P3,807,7,15,ALL_MORPH_BOUNDARY_GUARD,1,projected_saved_draft_candidate_at_or_after_rejection,2.0,AFTER_GUARD,True,4,4,3,VV→ETM
FLORES,P3,808,8,19,ALL_MORPH_BOUNDARY_GUARD,2,projected_saved_draft_candidate_at_or_after_rejection,1.0,BEFORE_GUARD,False,4,3,2,VCP→EC
FLORES,P3,808,10,21,ALL_MORPH_BOUNDARY_GUARD,1,projected_saved_draft_candidate_at_or_after_rejection,1.0,AT_GUARD,True,4,4,3,VA→ETM
FLORES,P3,809,1,1,ALL_MORPH_BOUNDARY_GUARD,2,saved_H3_exact_target_token,,NO_REJECTION,True,4,3,2,XSN→JKB
FLORES,P3,809,11,25,ALL_MORPH_BOUNDARY_GUARD,2,projected_saved_draft_candidate_at_or_after_rejection,3.0,AFTER_GUARD,True,4,3,2,XSN→JKO
FLORES,P3,809,13,29,ALL_MORPH_BOUNDARY_GUARD,1,projected_saved_draft_candidate_at_or_after_rejection,3.0,AFTER_GUARD,True,4,4,3,XSV→ETN
FLORES,P3,809,17,36,ALL_MORPH_BOUNDARY_GUARD,1,saved_H3_exact_target_token,,NO_REJECTION,True,4,4,3,XSV→ETM
FLORES,P3,810,6,21,ALL_MORPH_BOUNDARY_GUARD,3,saved_H3_exact_target_token,,NO_REJECTION,True,4,2,1,SL→SL
FLORES,P3,810,10,30,ALL_MORPH_BOUNDARY_GUARD,2,projected_saved_draft_candidate_at_or_after_rejection,4.0,AFTER_GUARD,True,4,3,2,VV→EC
FLORES,P3,810,13,37,ALL_MORPH_BOUNDARY_GUARD,2,projected_saved_draft_candidate_at_or_after_rejection,2.0,AT_GUARD,True,4,3,2,VA→ETM
FLORES,P3,810,18,52,NP_BOUNDARY_GUARD,1,projected_saved_draft_candidate_at_or_after_rejection,1.0,AT_GUARD,True,4,4,3,NNB→JKB
FLORES,P3,810,18,52,ALL_MORPH_BOUNDARY_GUARD,1,projected_saved_draft_candidate_at_or_after_rejection,1.0,AT_GUARD,True,4,4,3,NNB→JKB
FLORES,P3,810,19,53,ALL_MORPH_BOUNDARY_GUARD,3,saved_H3_exact_target_token,,NO_REJECTION,True,4,2,1,VV→EC
FLORES,P3,810,23,65,ALL_MORPH_BOUNDARY_GUARD,3,saved_H3_exact_target_token,,NO_REJECTION,True,4,2,1,XSA→EC
FLORES,P3,811,7,10,ALL_MORPH_BOUNDARY_GUARD,2,projected_saved_draft_candidate_at_or_after_rejection,1.0,BEFORE_GUARD,False,4,3,2,XSN→JKS
FLORES,P3,812,7,21,ALL_MORPH_BOUNDARY_GUARD,3,saved_H3_exact_target_token,,NO_REJECTION,True,4,2,1,SSC→SP
FLORES,P3,812,10,33,ALL_MORPH_BOUNDARY_GUARD,2,saved_H3_exact_target_token,,NO_REJECTION,True,4,3,2,SSC→SSC
FLORES,P3,812,22,64,ALL_MORPH_BOUNDARY_GUARD,3,saved_H3_exact_target_token,,NO_REJECTION,True,4,2,1,SSC→SP
FLORES,P3,812,26,71,ALL_MORPH_BOUNDARY_GUARD,2,saved_H3_exact_target_token,,NO_REJECTION,True,4,3,2,SSC→SP
FLORES,P3,812,36,99,NP_BOUNDARY_GUARD,1,projected_saved_draft_candidate_at_or_after_rejection,2.0,AFTER_GUARD,True,4,4,3,NNB→JKO
FLORES,P3,812,36,99,ALL_MORPH_BOUNDARY_GUARD,1,projected_saved_draft_candidate_at_or_after_rejection,2.0,AFTER_GUARD,True,4,4,3,NNB→JKO
FLORES,P3,815,17,37,ALL_MORPH_BOUNDARY_GUARD,2,saved_H3_exact_target_token,,NO_REJECTION,True,4,3,2,VA→EF
FLORES,P3,816,14,42,ALL_MORPH_BOUNDARY_GUARD,1,projected_saved_draft_candidate_at_or_after_rejection,2.0,AFTER_GUARD,True,4,4,3,XSV→EC
FLORES,P3,816,15,44,ALL_MORPH_BOUNDARY_GUARD,2,projected_saved_draft_candidate_at_or_after_rejection,1.0,BEFORE_GUARD,False,4,3,2,VCP→EC
FLORES,P3,816,29,91,ALL_MORPH_BOUNDARY_GUARD,2,saved_H3_exact_target_token,,NO_REJECTION,True,4,3,2,XSV→EC
FLORES,P3,817,0,0,ALL_MORPH_BOUNDARY_GUARD,3,projected_saved_draft_candidate_at_or_after_rejection,1.0,BEFORE_GUARD,False,4,2,1,XSV→ETM
FLORES,P3,818,4,8,NP_BOUNDARY_GUARD,3,projected_saved_draft_candidate_at_or_after_rejection,1.0,BEFORE_GUARD,False,4,2,1,NNB→JX
FLORES,P3,818,4,8,ALL_MORPH_BOUNDARY_GUARD,3,projected_saved_draft_candidate_at_or_after_rejection,1.0,BEFORE_GUARD,False,4,2,1,NNB→JX
FLORES,P3,818,9,16,ALL_MORPH_BOUNDARY_GUARD,2,saved_H3_exact_target_token,,NO_REJECTION,True,4,3,2,VA→EF
FLORES,P3,818,20,42,NP_BOUNDARY_GUARD,1,projected_saved_draft_candidate_at_or_after_rejection,1.0,AT_GUARD,True,4,4,3,NNG→JKO
FLORES,P3,818,20,42,ALL_MORPH_BOUNDARY_GUARD,1,projected_saved_draft_candidate_at_or_after_rejection,1.0,AT_GUARD,True,4,4,3,NNG→JKO
FLORES,P3,818,21,43,ALL_MORPH_BOUNDARY_GUARD,1,saved_H3_exact_target_token,,NO_REJECTION,True,3,3,2,VV→EF
FLORES,P3,819,3,9,ALL_MORPH_BOUNDARY_GUARD,3,saved_H3_exact_target_token,,NO_REJECTION,True,4,2,1,SS→SL
FLORES,P3,819,8,29,ALL_MORPH_BOUNDARY_GUARD,1,saved_H3_exact_target_token,,NO_REJECTION,True,3,3,2,SL→SL
FLORES,P3,820,11,25,ALL_MORPH_BOUNDARY_GUARD,1,projected_saved_draft_candidate_at_or_after_rejection,1.0,AT_GUARD,True,4,4,3,XSN→JKB
FLORES,P3,820,17,35,ALL_MORPH_BOUNDARY_GUARD,2,saved_H3_exact_target_token,,NO_REJECTION,True,3,2,1,SSC→SF
FLORES,P3,821,3,9,ALL_MORPH_BOUNDARY_GUARD,2,saved_H3_exact_target_token,,NO_REJECTION,True,4,3,2,VV→EC
FLORES,P3,821,7,22,ALL_MORPH_BOUNDARY_GUARD,1,saved_H3_exact_target_token,,NO_REJECTION,True,3,3,2,VV→EF
FLORES,P3,822,7,23,ALL_MORPH_BOUNDARY_GUARD,1,projected_saved_draft_candidate_at_or_after_rejection,2.0,AFTER_GUARD,True,4,4,3,JKB→JX
FLORES,P3,822,10,29,ALL_MORPH_BOUNDARY_GUARD,3,projected_saved_draft_candidate_at_or_after_rejection,1.0,BEFORE_GUARD,False,4,2,1,VA→EF
FLORES,P3,823,2,6,ALL_MORPH_BOUNDARY_GUARD,1,projected_saved_draft_candidate_at_or_after_rejection,4.0,AFTER_GUARD,True,4,4,3,XSA→EC
FLORES,P3,823,4,12,ALL_MORPH_BOUNDARY_GUARD,3,saved_H3_exact_target_token,,NO_REJECTION,True,4,2,1,VV→EC
FLORES,P3,824,0,0,ALL_MORPH_BOUNDARY_GUARD,3,projected_saved_draft_candidate_at_or_after_rejection,4.0,AFTER_GUARD,True,4,2,1,XSN→JX
FLORES,P3,824,1,4,ALL_MORPH_BOUNDARY_GUARD,1,projected_saved_draft_candidate_at_or_after_rejection,1.0,AT_GUARD,True,4,4,3,XSN→JKG
FLORES,P3,824,6,12,ALL_MORPH_BOUNDARY_GUARD,3,saved_H3_exact_target_token,,NO_REJECTION,True,4,2,1,XSA→EC
FLORES,P3,824,8,19,ALL_MORPH_BOUNDARY_GUARD,3,projected_saved_draft_candidate_at_or_after_rejection,1.0,BEFORE_GUARD,False,4,2,1,XSN→JKO
FLORES,P3,825,17,44,ALL_MORPH_BOUNDARY_GUARD,3,projected_saved_draft_candidate_at_or_after_rejection,1.0,BEFORE_GUARD,False,4,2,1,XSV→EC
FLORES,P3,825,22,57,ALL_MORPH_BOUNDARY_GUARD,1,saved_H3_exact_target_token,,NO_REJECTION,True,3,3,2,VA→EF
FLORES,P3,826,4,8,ALL_MORPH_BOUNDARY_GUARD,2,projected_saved_draft_candidate_at_or_after_rejection,1.0,BEFORE_GUARD,False,4,3,2,XSV→EC
FLORES,P3,826,6,11,ALL_MORPH_BOUNDARY_GUARD,2,projected_saved_draft_candidate_at_or_after_rejection,1.0,BEFORE_GUARD,False,4,3,2,XSV→EC
FLORES,P3,826,7,12,ALL_MORPH_BOUNDARY_GUARD,1,projected_saved_draft_candidate_at_or_after_rejection,2.0,AFTER_GUARD,True,4,4,3,XSV→EC
FLORES,P3,826,8,14,ALL_MORPH_BOUNDARY_GUARD,3,projected_saved_draft_candidate_at_or_after_rejection,3.0,AT_GUARD,True,4,2,1,VV→ETM
FLORES,P3,826,11,25,ALL_MORPH_BOUNDARY_GUARD,2,projected_saved_draft_candidate_at_or_after_rejection,1.0,BEFORE_GUARD,False,4,3,2,XSN→JKB
FLORES,P3,826,15,31,ALL_MORPH_BOUNDARY_GUARD,2,saved_H3_exact_target_token,,NO_REJECTION,True,4,3,2,XSV→EC
FLORES,P3,827,1,1,ALL_MORPH_BOUNDARY_GUARD,1,projected_saved_draft_candidate_at_or_after_rejection,1.0,AT_GUARD,True,4,4,3,SO→SL
FLORES,P3,828,2,3,ALL_MORPH_BOUNDARY_GUARD,3,projected_saved_draft_candidate_at_or_after_rejection,3.0,AT_GUARD,True,4,2,1,VA→ETM
FLORES,P3,828,10,25,ALL_MORPH_BOUNDARY_GUARD,1,projected_saved_draft_candidate_at_or_after_rejection,2.0,AFTER_GUARD,True,4,4,3,VA→ETM
FLORES,P3,828,15,41,ALL_MORPH_BOUNDARY_GUARD,1,saved_H3_exact_target_token,,NO_REJECTION,True,3,3,2,VA→EF
FLORES,P3,829,3,7,NP_BOUNDARY_GUARD,2,projected_saved_draft_candidate_at_or_after_rejection,1.0,BEFORE_GUARD,False,4,3,2,NNG→JX
FLORES,P3,829,3,7,ALL_MORPH_BOUNDARY_GUARD,2,projected_saved_draft_candidate_at_or_after_rejection,1.0,BEFORE_GUARD,False,4,3,2,NNG→JX
FLORES,P3,830,15,30,ALL_MORPH_BOUNDARY_GUARD,3,saved_H3_exact_target_token,,NO_REJECTION,True,4,2,1,XSA→EC
FLORES,P3,831,17,41,ALL_MORPH_BOUNDARY_GUARD,2,saved_H3_exact_target_token,,NO_REJECTION,True,4,3,2,XSN→JKB
FLORES,P3,831,23,60,ALL_MORPH_BOUNDARY_GUARD,1,projected_saved_draft_candidate_at_or_after_rejection,3.0,AFTER_GUARD,True,4,4,3,SP→SL
FLORES,P3,831,24,63,ALL_MORPH_BOUNDARY_GUARD,3,projected_saved_draft_candidate_at_or_after_rejection,3.0,AT_GUARD,True,4,2,1,XSN→JKG
FLORES,P3,831,25,66,ALL_MORPH_BOUNDARY_GUARD,3,projected_saved_draft_candidate_at_or_after_rejection,1.0,BEFORE_GUARD,False,4,2,1,XSV→ETM
FLORES,P3,831,27,71,NP_BOUNDARY_GUARD,3,projected_saved_draft_candidate_at_or_after_rejection,4.0,AFTER_GUARD,True,4,2,1,NNB→JKS
FLORES,P3,831,27,71,ALL_MORPH_BOUNDARY_GUARD,2,projected_saved_draft_candidate_at_or_after_rejection,4.0,AFTER_GUARD,True,4,3,2,XSV→ETM
FLORES,P3,832,17,32,ALL_MORPH_BOUNDARY_GUARD,3,saved_H3_exact_target_token,,NO_REJECTION,True,4,2,1,VA→EF
FLORES,P3,832,18,36,ALL_MORPH_BOUNDARY_GUARD,3,saved_H3_exact_target_token,,NO_REJECTION,True,4,2,1,VV→EC
FLORES,P3,832,26,54,ALL_MORPH_BOUNDARY_GUARD,2,projected_saved_draft_candidate_at_or_after_rejection,1.0,BEFORE_GUARD,False,4,3,2,VX→EF
FLORES,P3,833,3,7,ALL_MORPH_BOUNDARY_GUARD,1,projected_saved_draft_candidate_at_or_after_rejection,2.0,AFTER_GUARD,True,4,4,3,XSN→JX
FLORES,P3,833,6,15,ALL_MORPH_BOUNDARY_GUARD,2,projected_saved_draft_candidate_at_or_after_rejection,1.0,BEFORE_GUARD,False,4,3,2,JKB→JX
FLORES,P3,833,8,17,ALL_MORPH_BOUNDARY_GUARD,2,projected_saved_draft_candidate_at_or_after_rejection,3.0,AFTER_GUARD,True,4,3,2,JKB→JX
FLORES,P3,833,12,28,ALL_MORPH_BOUNDARY_GUARD,1,projected_saved_draft_candidate_at_or_after_rejection,1.0,AT_GUARD,True,4,4,3,XSA→EC
FLORES,P3,833,19,39,ALL_MORPH_BOUNDARY_GUARD,2,projected_saved_draft_candidate_at_or_after_rejection,1.0,BEFORE_GUARD,False,4,3,2,VA→ETM
FLORES,P3,834,4,10,ALL_MORPH_BOUNDARY_GUARD,1,projected_saved_draft_candidate_at_or_after_rejection,1.0,AT_GUARD,True,4,4,3,XSN→JKB
FLORES,P3,835,12,25,ALL_MORPH_BOUNDARY_GUARD,2,projected_saved_draft_candidate_at_or_after_rejection,1.0,BEFORE_GUARD,False,4,3,2,XSV→EC
FLORES,P3,835,13,26,ALL_MORPH_BOUNDARY_GUARD,3,projected_saved_draft_candidate_at_or_after_rejection,2.0,BEFORE_GUARD,False,4,2,1,XSV→EC
FLORES,P3,835,21,47,ALL_MORPH_BOUNDARY_GUARD,2,projected_saved_draft_candidate_at_or_after_rejection,2.0,AT_GUARD,True,4,3,2,VA→EF
FLORES,P3,835,22,49,NP_BOUNDARY_GUARD,3,projected_saved_draft_candidate_at_or_after_rejection,3.0,AT_GUARD,True,4,2,1,NNB→JKO
FLORES,P3,835,22,49,ALL_MORPH_BOUNDARY_GUARD,3,projected_saved_draft_candidate_at_or_after_rejection,3.0,AT_GUARD,True,4,2,1,NNB→JKO
FLORES,P3,836,18,39,ALL_MORPH_BOUNDARY_GUARD,1,projected_saved_draft_candidate_at_or_after_rejection,2.0,AFTER_GUARD,True,4,4,3,VV→ETM
FLORES,P3,840,5,16,NP_BOUNDARY_GUARD,2,projected_saved_draft_candidate_at_or_after_rejection,2.0,AT_GUARD,True,4,3,2,NNB→JX
FLORES,P3,840,5,16,ALL_MORPH_BOUNDARY_GUARD,1,projected_saved_draft_candidate_at_or_after_rejection,2.0,AFTER_GUARD,True,4,4,3,VA→ETM
FLORES,P3,840,14,36,ALL_MORPH_BOUNDARY_GUARD,2,projected_saved_draft_candidate_at_or_after_rejection,1.0,BEFORE_GUARD,False,4,3,2,XSV→ETM
FLORES,P3,840,15,37,ALL_MORPH_BOUNDARY_GUARD,2,projected_saved_draft_candidate_at_or_after_rejection,3.0,AFTER_GUARD,True,4,3,2,XSV→ETM
FLORES,P3,841,18,40,NP_BOUNDARY_GUARD,1,projected_saved_draft_candidate_at_or_after_rejection,1.0,AT_GUARD,True,4,4,3,NNB→JKB
FLORES,P3,841,18,40,ALL_MORPH_BOUNDARY_GUARD,1,projected_saved_draft_candidate_at_or_after_rejection,1.0,AT_GUARD,True,4,4,3,NNB→JKB
FLORES,P3,842,20,32,ALL_MORPH_BOUNDARY_GUARD,2,saved_H3_exact_target_token,,NO_REJECTION,True,4,3,2,XSN→JKS
FLORES,P3,842,24,41,ALL_MORPH_BOUNDARY_GUARD,2,saved_H3_exact_target_token,,NO_REJECTION,True,4,3,2,XSV→ETM
FLORES,P3,843,11,15,ALL_MORPH_BOUNDARY_GUARD,3,projected_saved_draft_candidate_at_or_after_rejection,2.0,BEFORE_GUARD,False,4,2,1,XSV→ETM
FLORES,P3,843,12,17,ALL_MORPH_BOUNDARY_GUARD,2,projected_saved_draft_candidate_at_or_after_rejection,3.0,AFTER_GUARD,True,4,3,2,XSV→ETM
FLORES,P3,843,19,38,ALL_MORPH_BOUNDARY_GUARD,1,saved_H3_exact_target_token,,NO_REJECTION,True,3,3,2,VX→EF
FLORES,P3,844,5,17,ALL_MORPH_BOUNDARY_GUARD,3,saved_H3_exact_target_token,,NO_REJECTION,True,4,2,1,SS→SL
FLORES,P3,847,11,27,ALL_MORPH_BOUNDARY_GUARD,1,projected_saved_draft_candidate_at_or_after_rejection,1.0,AT_GUARD,True,4,4,3,VV→ETM
FLORES,P3,847,25,55,ALL_MORPH_BOUNDARY_GUARD,3,projected_saved_draft_candidate_at_or_after_rejection,1.0,BEFORE_GUARD,False,4,2,1,XSA→EC
FLORES,P3,848,15,28,ALL_MORPH_BOUNDARY_GUARD,2,projected_saved_draft_candidate_at_or_after_rejection,3.0,AFTER_GUARD,True,4,3,2,VV→ETM
FLORES,P3,848,26,44,ALL_MORPH_BOUNDARY_GUARD,2,projected_saved_draft_candidate_at_or_after_rejection,2.0,AT_GUARD,True,4,3,2,VCP→EF
FLORES,P3,849,2,2,ALL_MORPH_BOUNDARY_GUARD,1,projected_saved_draft_candidate_at_or_after_rejection,1.0,AT_GUARD,True,4,4,3,XSN→JX
FLORES,P3,849,11,23,ALL_MORPH_BOUNDARY_GUARD,2,projected_saved_draft_candidate_at_or_after_rejection,2.0,AT_GUARD,True,4,3,2,NNG→XSN
FLORES,P3,849,12,25,ALL_MORPH_BOUNDARY_GUARD,3,projected_saved_draft_candidate_at_or_after_rejection,2.0,BEFORE_GUARD,False,4,2,1,XSN→JX
FLORES,P3,849,13,27,ALL_MORPH_BOUNDARY_GUARD,1,projected_saved_draft_candidate_at_or_after_rejection,1.0,AT_GUARD,True,4,4,3,XSN→JKS
FLORES,P3,849,14,28,ALL_MORPH_BOUNDARY_GUARD,2,projected_saved_draft_candidate_at_or_after_rejection,2.0,AT_GUARD,True,4,3,2,XSN→JKG
FLORES,P3,849,18,36,NP_BOUNDARY_GUARD,3,projected_saved_draft_candidate_at_or_after_rejection,4.0,AFTER_GUARD,True,4,2,1,NNG→JKO
FLORES,P3,849,18,36,ALL_MORPH_BOUNDARY_GUARD,3,projected_saved_draft_candidate_at_or_after_rejection,4.0,AFTER_GUARD,True,4,2,1,NNG→JKO
FLORES,P3,849,19,40,ALL_MORPH_BOUNDARY_GUARD,3,projected_saved_draft_candidate_at_or_after_rejection,3.0,AT_GUARD,True,4,2,1,XSV→ETM
FLORES,P3,849,23,52,ALL_MORPH_BOUNDARY_GUARD,1,saved_H3_exact_target_token,,NO_REJECTION,True,3,3,2,VX→EF
FLORES,P3,850,5,17,ALL_MORPH_BOUNDARY_GUARD,3,saved_H3_exact_target_token,,NO_REJECTION,True,4,2,1,SO→SL
FLORES,P3,851,3,6,ALL_MORPH_BOUNDARY_GUARD,2,projected_saved_draft_candidate_at_or_after_rejection,3.0,AFTER_GUARD,True,4,3,2,XSN→JKS
FLORES,P3,851,10,21,ALL_MORPH_BOUNDARY_GUARD,2,projected_saved_draft_candidate_at_or_after_rejection,1.0,BEFORE_GUARD,False,4,3,2,XSN→JKB
FLORES,P3,851,33,74,NP_BOUNDARY_GUARD,2,projected_saved_draft_candidate_at_or_after_rejection,3.0,AFTER_GUARD,True,4,3,2,NNB→JKO
FLORES,P3,851,33,74,ALL_MORPH_BOUNDARY_GUARD,2,projected_saved_draft_candidate_at_or_after_rejection,3.0,AFTER_GUARD,True,4,3,2,NNB→JKO
FLORES,P3,852,3,4,ALL_MORPH_BOUNDARY_GUARD,3,projected_saved_draft_candidate_at_or_after_rejection,1.0,BEFORE_GUARD,False,4,2,1,XSV→ETM
FLORES,P3,852,4,5,ALL_MORPH_BOUNDARY_GUARD,3,projected_saved_draft_candidate_at_or_after_rejection,1.0,BEFORE_GUARD,False,4,2,1,XSV→ETM
FLORES,P3,852,7,14,ALL_MORPH_BOUNDARY_GUARD,3,projected_saved_draft_candidate_at_or_after_rejection,4.0,AFTER_GUARD,True,4,2,1,VA→EF
FLORES,P3,852,19,42,ALL_MORPH_BOUNDARY_GUARD,2,projected_saved_draft_candidate_at_or_after_rejection,1.0,BEFORE_GUARD,False,4,3,2,VV→EC
FLORES,P3,853,15,36,ALL_MORPH_BOUNDARY_GUARD,1,projected_saved_draft_candidate_at_or_after_rejection,2.0,AFTER_GUARD,True,4,4,3,XSN→JKS
FLORES,P3,855,5,12,ALL_MORPH_BOUNDARY_GUARD,2,projected_saved_draft_candidate_at_or_after_rejection,3.0,AFTER_GUARD,True,4,3,2,VA→EF
FLORES,P3,855,16,38,ALL_MORPH_BOUNDARY_GUARD,3,projected_saved_draft_candidate_at_or_after_rejection,1.0,BEFORE_GUARD,False,4,2,1,XSV→EC
FLORES,P3,855,19,43,ALL_MORPH_BOUNDARY_GUARD,1,projected_saved_draft_candidate_at_or_after_rejection,2.0,AFTER_GUARD,True,4,4,3,XSN→JKB
FLORES,P3,855,38,73,ALL_MORPH_BOUNDARY_GUARD,3,projected_saved_draft_candidate_at_or_after_rejection,3.0,AT_GUARD,True,4,2,1,SF→SSC
FLORES,P3,855,44,88,ALL_MORPH_BOUNDARY_GUARD,1,saved_H3_exact_target_token,,NO_REJECTION,True,4,4,3,XSV→EC
FLORES,P3,857,23,50,ALL_MORPH_BOUNDARY_GUARD,2,projected_saved_draft_candidate_at_or_after_rejection,1.0,BEFORE_GUARD,False,4,3,2,VV→EC
FLORES,P3,857,25,54,ALL_MORPH_BOUNDARY_GUARD,2,saved_H3_exact_target_token,,NO_REJECTION,True,4,3,2,VA→EF
FLORES,P3,858,2,4,ALL_MORPH_BOUNDARY_GUARD,2,projected_saved_draft_candidate_at_or_after_rejection,4.0,AFTER_GUARD,True,4,3,2,XSN→JKB
FLORES,P3,858,6,18,ALL_MORPH_BOUNDARY_GUARD,3,projected_saved_draft_candidate_at_or_after_rejection,3.0,AT_GUARD,True,4,2,1,VCP→EF
FLORES,P3,858,7,21,ALL_MORPH_BOUNDARY_GUARD,3,saved_H3_exact_target_token,,NO_REJECTION,True,4,2,1,XSN→JKB
FLORES,P3,858,10,30,NP_BOUNDARY_GUARD,1,projected_saved_draft_candidate_at_or_after_rejection,4.0,AFTER_GUARD,True,4,4,3,NNB→JX
FLORES,P3,858,10,30,ALL_MORPH_BOUNDARY_GUARD,1,projected_saved_draft_candidate_at_or_after_rejection,4.0,AFTER_GUARD,True,4,4,3,NNB→JX
FLORES,P3,859,4,13,ALL_MORPH_BOUNDARY_GUARD,2,saved_H3_exact_target_token,,NO_REJECTION,True,4,3,2,SL→SL
FLORES,P3,860,2,3,ALL_MORPH_BOUNDARY_GUARD,3,projected_saved_draft_candidate_at_or_after_rejection,1.0,BEFORE_GUARD,False,4,2,1,XSV→ETM
FLORES,P3,860,6,11,ALL_MORPH_BOUNDARY_GUARD,2,projected_saved_draft_candidate_at_or_after_rejection,1.0,BEFORE_GUARD,False,4,3,2,XSN→JKB
FLORES,P3,860,14,22,ALL_MORPH_BOUNDARY_GUARD,1,projected_saved_draft_candidate_at_or_after_rejection,2.0,AFTER_GUARD,True,4,4,3,XSV→EC
FLORES,P3,860,16,28,ALL_MORPH_BOUNDARY_GUARD,3,projected_saved_draft_candidate_at_or_after_rejection,1.0,BEFORE_GUARD,False,4,2,1,VA→EF
FLORES,P3,860,17,29,ALL_MORPH_BOUNDARY_GUARD,2,saved_H3_exact_target_token,,NO_REJECTION,True,4,3,2,VA→EF
FLORES,P3,861,0,0,ALL_MORPH_BOUNDARY_GUARD,3,projected_saved_draft_candidate_at_or_after_rejection,1.0,BEFORE_GUARD,False,4,2,1,XSA→EC
FLORES,P3,861,21,50,ALL_MORPH_BOUNDARY_GUARD,3,saved_H3_exact_target_token,,NO_REJECTION,True,4,2,1,VA→EF
FLORES,P3,862,11,21,NP_BOUNDARY_GUARD,3,projected_saved_draft_candidate_at_or_after_rejection,1.0,BEFORE_GUARD,False,4,2,1,NNB→JX
FLORES,P3,862,11,21,ALL_MORPH_BOUNDARY_GUARD,2,projected_saved_draft_candidate_at_or_after_rejection,1.0,BEFORE_GUARD,False,4,3,2,VCP→ETM
FLORES,P3,862,13,23,NP_BOUNDARY_GUARD,1,projected_saved_draft_candidate_at_or_after_rejection,1.0,AT_GUARD,True,4,4,3,NNB→JX
FLORES,P3,862,13,23,ALL_MORPH_BOUNDARY_GUARD,1,projected_saved_draft_candidate_at_or_after_rejection,1.0,AT_GUARD,True,4,4,3,NNB→JX
FLORES,P3,862,17,28,ALL_MORPH_BOUNDARY_GUARD,1,projected_saved_draft_candidate_at_or_after_rejection,4.0,AFTER_GUARD,True,4,4,3,XSN→JKB
FLORES,P3,862,19,33,ALL_MORPH_BOUNDARY_GUARD,3,projected_saved_draft_candidate_at_or_after_rejection,1.0,BEFORE_GUARD,False,4,2,1,VX→EF
FLORES,P3,862,20,34,ALL_MORPH_BOUNDARY_GUARD,2,saved_H3_exact_target_token,,NO_REJECTION,True,4,3,2,XSV→EC
FLORES,P3,862,22,40,ALL_MORPH_BOUNDARY_GUARD,3,projected_saved_draft_candidate_at_or_after_rejection,2.0,BEFORE_GUARD,False,4,2,1,JKB→JX
FLORES,P3,863,4,9,ALL_MORPH_BOUNDARY_GUARD,2,projected_saved_draft_candidate_at_or_after_rejection,1.0,BEFORE_GUARD,False,4,3,2,VX→EC
FLORES,P3,863,6,14,ALL_MORPH_BOUNDARY_GUARD,1,projected_saved_draft_candidate_at_or_after_rejection,1.0,AT_GUARD,True,4,4,3,JKB→JX
FLORES,P3,863,11,29,ALL_MORPH_BOUNDARY_GUARD,2,saved_H3_exact_target_token,,NO_REJECTION,True,4,3,2,VA→EF
FLORES,P3,864,10,23,ALL_MORPH_BOUNDARY_GUARD,3,saved_H3_exact_target_token,,NO_REJECTION,True,4,2,1,VA→EC
FLORES,P3,864,11,27,ALL_MORPH_BOUNDARY_GUARD,2,projected_saved_draft_candidate_at_or_after_rejection,1.0,BEFORE_GUARD,False,4,3,2,XSN→JX
FLORES,P3,865,10,15,ALL_MORPH_BOUNDARY_GUARD,2,saved_H3_exact_target_token,,NO_REJECTION,True,4,3,2,NNG→XSN
FLORES,P3,867,0,0,ALL_MORPH_BOUNDARY_GUARD,2,projected_saved_draft_candidate_at_or_after_rejection,2.0,AT_GUARD,True,4,3,2,VA→ETM
FLORES,P3,867,1,2,ALL_MORPH_BOUNDARY_GUARD,1,projected_saved_draft_candidate_at_or_after_rejection,2.0,AFTER_GUARD,True,4,4,3,VA→ETM
FLORES,P3,867,8,23,ALL_MORPH_BOUNDARY_GUARD,2,saved_H3_exact_target_token,,NO_REJECTION,True,4,3,2,SSO→SL
FLORES,P3,868,3,9,ALL_MORPH_BOUNDARY_GUARD,1,saved_H3_exact_target_token,,NO_REJECTION,True,4,4,3,SO→SL
FLORES,P3,869,10,23,ALL_MORPH_BOUNDARY_GUARD,1,projected_saved_draft_candidate_at_or_after_rejection,1.0,AT_GUARD,True,4,4,3,XSV→EC
FLORES,P3,869,16,42,ALL_MORPH_BOUNDARY_GUARD,3,saved_H3_exact_target_token,,NO_REJECTION,True,4,2,1,VA→EF
FLORES,P3,870,2,5,ALL_MORPH_BOUNDARY_GUARD,1,projected_saved_draft_candidate_at_or_after_rejection,1.0,AT_GUARD,True,4,4,3,XSN→JX
FLORES,P3,870,7,16,ALL_MORPH_BOUNDARY_GUARD,3,saved_H3_exact_target_token,,NO_REJECTION,True,4,2,1,XSN→JKG
FLORES,P3,871,1,1,ALL_MORPH_BOUNDARY_GUARD,2,projected_saved_draft_candidate_at_or_after_rejection,4.0,AFTER_GUARD,True,4,3,2,VV→EC
FLORES,P3,871,3,9,ALL_MORPH_BOUNDARY_GUARD,2,projected_saved_draft_candidate_at_or_after_rejection,1.0,BEFORE_GUARD,False,4,3,2,XSN→JX
FLORES,P3,871,4,10,ALL_MORPH_BOUNDARY_GUARD,2,saved_H3_exact_target_token,,NO_REJECTION,True,4,3,2,XSN→JX
FLORES,P3,871,10,26,ALL_MORPH_BOUNDARY_GUARD,3,saved_H3_exact_target_token,,NO_REJECTION,True,4,2,1,VA→EF
FLORES,P3,873,4,9,ALL_MORPH_BOUNDARY_GUARD,2,projected_saved_draft_candidate_at_or_after_rejection,1.0,BEFORE_GUARD,False,4,3,2,XSN→JKB
FLORES,P3,873,8,13,ALL_MORPH_BOUNDARY_GUARD,1,projected_saved_draft_candidate_at_or_after_rejection,4.0,AFTER_GUARD,True,4,4,3,XSV→ETM
FLORES,P3,873,9,17,ALL_MORPH_BOUNDARY_GUARD,2,projected_saved_draft_candidate_at_or_after_rejection,3.0,AFTER_GUARD,True,4,3,2,XSV→EC
FLORES,P3,874,6,12,ALL_MORPH_BOUNDARY_GUARD,2,projected_saved_draft_candidate_at_or_after_rejection,3.0,AFTER_GUARD,True,4,3,2,VA→ETM
FLORES,P3,874,16,40,ALL_MORPH_BOUNDARY_GUARD,2,projected_saved_draft_candidate_at_or_after_rejection,3.0,AFTER_GUARD,True,4,3,2,VA→ETM
FLORES,P3,875,1,1,ALL_MORPH_BOUNDARY_GUARD,1,projected_saved_draft_candidate_at_or_after_rejection,1.0,AT_GUARD,True,4,4,3,JKB→JX
FLORES,P3,875,6,13,ALL_MORPH_BOUNDARY_GUARD,3,saved_H3_exact_target_token,,NO_REJECTION,True,4,2,1,VA→EC
FLORES,P3,875,17,38,ALL_MORPH_BOUNDARY_GUARD,2,saved_H3_exact_target_token,,NO_REJECTION,True,4,3,2,VA→EF
FLORES,P3,876,19,47,ALL_MORPH_BOUNDARY_GUARD,3,projected_saved_draft_candidate_at_or_after_rejection,1.0,BEFORE_GUARD,False,4,2,1,VA→ETM
FLORES,P3,876,21,49,ALL_MORPH_BOUNDARY_GUARD,2,projected_saved_draft_candidate_at_or_after_rejection,2.0,AT_GUARD,True,4,3,2,VA→ETM
FLORES,P3,876,25,59,ALL_MORPH_BOUNDARY_GUARD,3,projected_saved_draft_candidate_at_or_after_rejection,1.0,BEFORE_GUARD,False,4,2,1,VA→ETM
FLORES,P3,876,26,60,ALL_MORPH_BOUNDARY_GUARD,2,projected_saved_draft_candidate_at_or_after_rejection,1.0,BEFORE_GUARD,False,4,3,2,VA→ETM
FLORES,P3,878,0,0,ALL_MORPH_BOUNDARY_GUARD,3,projected_saved_draft_candidate_at_or_after_rejection,2.0,BEFORE_GUARD,False,4,2,1,XSN→JX
FLORES,P3,878,5,14,NP_BOUNDARY_GUARD,1,projected_saved_draft_candidate_at_or_after_rejection,4.0,AFTER_GUARD,True,4,4,3,NNG→JKS
FLORES,P3,878,5,14,ALL_MORPH_BOUNDARY_GUARD,1,projected_saved_draft_candidate_at_or_after_rejection,4.0,AFTER_GUARD,True,4,4,3,NNG→JKS
FLORES,P3,878,6,18,NP_BOUNDARY_GUARD,1,projected_saved_draft_candidate_at_or_after_rejection,2.0,AFTER_GUARD,True,4,4,3,NNB→JKO
FLORES,P3,878,6,18,ALL_MORPH_BOUNDARY_GUARD,1,projected_saved_draft_candidate_at_or_after_rejection,2.0,AFTER_GUARD,True,4,4,3,NNB→JKO
FLORES,P3,878,13,38,ALL_MORPH_BOUNDARY_GUARD,2,saved_H3_exact_target_token,,NO_REJECTION,True,4,3,2,VA→EF
FLORES,P3,880,4,13,ALL_MORPH_BOUNDARY_GUARD,1,projected_saved_draft_candidate_at_or_after_rejection,2.0,AFTER_GUARD,True,4,4,3,XSV→EC
FLORES,P3,880,8,24,ALL_MORPH_BOUNDARY_GUARD,3,projected_saved_draft_candidate_at_or_after_rejection,2.0,BEFORE_GUARD,False,4,2,1,VA→ETM
FLORES,P3,881,1,1,ALL_MORPH_BOUNDARY_GUARD,1,projected_saved_draft_candidate_at_or_after_rejection,2.0,AFTER_GUARD,True,4,4,3,XSN→JKB
FLORES,P3,881,2,3,ALL_MORPH_BOUNDARY_GUARD,2,projected_saved_draft_candidate_at_or_after_rejection,1.0,BEFORE_GUARD,False,4,3,2,XSN→JKO
FLORES,P3,881,15,34,ALL_MORPH_BOUNDARY_GUARD,3,projected_saved_draft_candidate_at_or_after_rejection,3.0,AT_GUARD,True,4,2,1,XSV→EC
FLORES,P3,882,1,1,ALL_MORPH_BOUNDARY_GUARD,1,projected_saved_draft_candidate_at_or_after_rejection,2.0,AFTER_GUARD,True,4,4,3,XSN→JKB
FLORES,P3,883,6,12,ALL_MORPH_BOUNDARY_GUARD,1,projected_saved_draft_candidate_at_or_after_rejection,1.0,AT_GUARD,True,4,4,3,XSN→VCP
FLORES,P3,883,7,13,ALL_MORPH_BOUNDARY_GUARD,1,projected_saved_draft_candidate_at_or_after_rejection,1.0,AT_GUARD,True,4,4,3,VCP→EC
FLORES,P3,884,0,0,ALL_MORPH_BOUNDARY_GUARD,3,projected_saved_draft_candidate_at_or_after_rejection,1.0,BEFORE_GUARD,False,4,2,1,XSN→JKS
FLORES,P3,884,4,10,ALL_MORPH_BOUNDARY_GUARD,2,projected_saved_draft_candidate_at_or_after_rejection,2.0,AT_GUARD,True,4,3,2,XSV→EC
FLORES,P3,884,5,12,ALL_MORPH_BOUNDARY_GUARD,3,projected_saved_draft_candidate_at_or_after_rejection,4.0,AFTER_GUARD,True,4,2,1,XSN→JX
FLORES,P3,884,13,30,ALL_MORPH_BOUNDARY_GUARD,2,saved_H3_exact_target_token,,NO_REJECTION,True,4,3,2,VX→EC
FLORES,P3,885,0,0,ALL_MORPH_BOUNDARY_GUARD,3,saved_H3_exact_target_token,,NO_REJECTION,True,4,2,1,XSN→JKS
FLORES,P3,885,2,6,ALL_MORPH_BOUNDARY_GUARD,3,projected_saved_draft_candidate_at_or_after_rejection,1.0,BEFORE_GUARD,False,4,2,1,XSV→EC
FLORES,P3,885,3,7,ALL_MORPH_BOUNDARY_GUARD,3,projected_saved_draft_candidate_at_or_after_rejection,4.0,AFTER_GUARD,True,4,2,1,VX→ETM
FLORES,P3,885,6,15,ALL_MORPH_BOUNDARY_GUARD,3,projected_saved_draft_candidate_at_or_after_rejection,4.0,AFTER_GUARD,True,4,2,1,XSV→EC
FLORES,P3,885,7,19,ALL_MORPH_BOUNDARY_GUARD,1,saved_H3_exact_target_token,,NO_REJECTION,True,4,4,3,VV→ETM
FLORES,P3,886,1,4,ALL_MORPH_BOUNDARY_GUARD,2,projected_saved_draft_candidate_at_or_after_rejection,3.0,AFTER_GUARD,True,4,3,2,XSN→JKS
FLORES,P3,886,2,7,ALL_MORPH_BOUNDARY_GUARD,2,projected_saved_draft_candidate_at_or_after_rejection,2.0,AT_GUARD,True,4,3,2,XSN→JKO
FLORES,P3,886,4,10,ALL_MORPH_BOUNDARY_GUARD,2,projected_saved_draft_candidate_at_or_after_rejection,3.0,AFTER_GUARD,True,4,3,2,XSV→ETM
FLORES,P3,887,10,21,ALL_MORPH_BOUNDARY_GUARD,2,projected_saved_draft_candidate_at_or_after_rejection,1.0,BEFORE_GUARD,False,4,3,2,VCP→EF
FLORES,P3,887,11,22,ALL_MORPH_BOUNDARY_GUARD,1,projected_saved_draft_candidate_at_or_after_rejection,1.0,AT_GUARD,True,3,3,2,EP→EF
FLORES,P3,887,12,23,ALL_MORPH_BOUNDARY_GUARD,1,saved_H3_exact_target_token,,NO_REJECTION,True,3,3,2,EP→EF
FLORES,P3,888,3,5,ALL_MORPH_BOUNDARY_GUARD,3,projected_saved_draft_candidate_at_or_after_rejection,2.0,BEFORE_GUARD,False,4,2,1,XSN→JX
FLORES,P3,888,5,8,ALL_MORPH_BOUNDARY_GUARD,2,projected_saved_draft_candidate_at_or_after_rejection,2.0,AT_GUARD,True,4,3,2,SO→SL
FLORES,P3,888,6,10,ALL_MORPH_BOUNDARY_GUARD,3,projected_saved_draft_candidate_at_or_after_rejection,1.0,BEFORE_GUARD,False,4,2,1,XSN→JX
FLORES,P3,888,7,11,ALL_MORPH_BOUNDARY_GUARD,3,projected_saved_draft_candidate_at_or_after_rejection,1.0,BEFORE_GUARD,False,4,2,1,XSN→JX
FLORES,P3,888,11,21,ALL_MORPH_BOUNDARY_GUARD,1,projected_saved_draft_candidate_at_or_after_rejection,1.0,AT_GUARD,True,4,4,3,NNG→NNG
FLORES,P3,888,15,29,ALL_MORPH_BOUNDARY_GUARD,3,projected_saved_draft_candidate_at_or_after_rejection,2.0,BEFORE_GUARD,False,4,2,1,XSV→EC
FLORES,P3,888,18,36,ALL_MORPH_BOUNDARY_GUARD,3,projected_saved_draft_candidate_at_or_after_rejection,1.0,BEFORE_GUARD,False,4,2,1,XSV→EC
FLORES,P3,888,19,37,ALL_MORPH_BOUNDARY_GUARD,2,projected_saved_draft_candidate_at_or_after_rejection,3.0,AFTER_GUARD,True,4,3,2,XSV→EC
FLORES,P3,889,8,15,ALL_MORPH_BOUNDARY_GUARD,1,saved_H3_exact_target_token,,NO_REJECTION,True,4,4,3,VV→ETM
FLORES,P3,889,11,23,NP_BOUNDARY_GUARD,1,projected_saved_draft_candidate_at_or_after_rejection,1.0,AT_GUARD,True,4,4,3,NNB→JKS
FLORES,P3,889,11,23,ALL_MORPH_BOUNDARY_GUARD,1,projected_saved_draft_candidate_at_or_after_rejection,1.0,AT_GUARD,True,4,4,3,NNB→JKS
FLORES,P3,889,17,33,ALL_MORPH_BOUNDARY_GUARD,2,projected_saved_draft_candidate_at_or_after_rejection,1.0,BEFORE_GUARD,False,4,3,2,XSN→JKB
FLORES,P3,889,19,36,ALL_MORPH_BOUNDARY_GUARD,3,projected_saved_draft_candidate_at_or_after_rejection,4.0,AFTER_GUARD,True,4,2,1,VA→ETM
FLORES,P3,889,21,43,ALL_MORPH_BOUNDARY_GUARD,1,projected_saved_draft_candidate_at_or_after_rejection,1.0,AT_GUARD,True,4,4,3,XSV→ETM
FLORES,P3,890,1,3,NP_BOUNDARY_GUARD,2,projected_saved_draft_candidate_at_or_after_rejection,2.0,AT_GUARD,True,4,3,2,NNB→JKB
FLORES,P3,890,1,3,ALL_MORPH_BOUNDARY_GUARD,2,projected_saved_draft_candidate_at_or_after_rejection,2.0,AT_GUARD,True,4,3,2,NNB→JKB
FLORES,P3,890,2,5,NP_BOUNDARY_GUARD,3,projected_saved_draft_candidate_at_or_after_rejection,3.0,AT_GUARD,True,4,2,1,NNB→JKB
FLORES,P3,890,2,5,ALL_MORPH_BOUNDARY_GUARD,3,projected_saved_draft_candidate_at_or_after_rejection,3.0,AT_GUARD,True,4,2,1,NNB→JKB
FLORES,P3,890,10,27,ALL_MORPH_BOUNDARY_GUARD,2,projected_saved_draft_candidate_at_or_after_rejection,2.0,AT_GUARD,True,4,3,2,XSV→EC
FLORES,P3,890,22,54,ALL_MORPH_BOUNDARY_GUARD,3,saved_H3_exact_target_token,,NO_REJECTION,True,4,2,1,VA→EF
FLORES,P3,891,13,22,ALL_MORPH_BOUNDARY_GUARD,2,projected_saved_draft_candidate_at_or_after_rejection,3.0,AFTER_GUARD,True,4,3,2,VX→ETM
FLORES,P3,892,7,15,ALL_MORPH_BOUNDARY_GUARD,3,projected_saved_draft_candidate_at_or_after_rejection,1.0,BEFORE_GUARD,False,4,2,1,XSN→JKB
FLORES,P3,892,8,16,ALL_MORPH_BOUNDARY_GUARD,1,projected_saved_draft_candidate_at_or_after_rejection,3.0,AFTER_GUARD,True,4,4,3,XSN→JKB
FLORES,P3,893,10,27,ALL_MORPH_BOUNDARY_GUARD,3,projected_saved_draft_candidate_at_or_after_rejection,2.0,BEFORE_GUARD,False,4,2,1,XSV→EP
FLORES,P3,893,17,44,ALL_MORPH_BOUNDARY_GUARD,2,projected_saved_draft_candidate_at_or_after_rejection,1.0,BEFORE_GUARD,False,4,3,2,VA→EF
FLORES,P3,893,18,45,ALL_MORPH_BOUNDARY_GUARD,1,saved_H3_exact_target_token,,NO_REJECTION,True,3,3,2,VA→EF
FLORES,P3,894,10,30,ALL_MORPH_BOUNDARY_GUARD,3,projected_saved_draft_candidate_at_or_after_rejection,2.0,BEFORE_GUARD,False,4,2,1,XSV→EC
FLORES,P3,894,14,38,ALL_MORPH_BOUNDARY_GUARD,2,projected_saved_draft_candidate_at_or_after_rejection,1.0,BEFORE_GUARD,False,4,3,2,XSV→EC
FLORES,P3,894,18,48,ALL_MORPH_BOUNDARY_GUARD,2,saved_H3_exact_target_token,,NO_REJECTION,True,4,3,2,VA→EF
FLORES,P3,895,0,0,ALL_MORPH_BOUNDARY_GUARD,3,projected_saved_draft_candidate_at_or_after_rejection,1.0,BEFORE_GUARD,False,4,2,1,XSN→JKS
FLORES,P3,895,4,10,ALL_MORPH_BOUNDARY_GUARD,3,saved_H3_exact_target_token,,NO_REJECTION,True,4,2,1,XSN→JKS
FLORES,P3,895,6,18,ALL_MORPH_BOUNDARY_GUARD,2,projected_saved_draft_candidate_at_or_after_rejection,3.0,AFTER_GUARD,True,4,3,2,XSV→ETN
FLORES,P3,895,12,33,ALL_MORPH_BOUNDARY_GUARD,3,projected_saved_draft_candidate_at_or_after_rejection,1.0,BEFORE_GUARD,False,4,2,1,XSV→ETN
FLORES,P3,895,13,34,ALL_MORPH_BOUNDARY_GUARD,3,projected_saved_draft_candidate_at_or_after_rejection,3.0,AT_GUARD,True,4,2,1,XSV→ETN
FLORES,P3,895,18,48,ALL_MORPH_BOUNDARY_GUARD,2,saved_H3_exact_target_token,,NO_REJECTION,True,4,3,2,VA→EF
FLORES,P3,896,2,5,NP_BOUNDARY_GUARD,3,projected_saved_draft_candidate_at_or_after_rejection,1.0,BEFORE_GUARD,False,4,2,1,NNB→JKB
FLORES,P3,896,2,5,ALL_MORPH_BOUNDARY_GUARD,3,projected_saved_draft_candidate_at_or_after_rejection,1.0,BEFORE_GUARD,False,4,2,1,NNB→JKB
FLORES,P3,897,6,13,ALL_MORPH_BOUNDARY_GUARD,3,projected_saved_draft_candidate_at_or_after_rejection,1.0,BEFORE_GUARD,False,4,2,1,XSV→EC
FLORES,P3,897,7,14,ALL_MORPH_BOUNDARY_GUARD,2,projected_saved_draft_candidate_at_or_after_rejection,1.0,BEFORE_GUARD,False,4,3,2,XSV→EC
FLORES,P3,897,10,17,ALL_MORPH_BOUNDARY_GUARD,1,projected_saved_draft_candidate_at_or_after_rejection,1.0,AT_GUARD,True,4,4,3,VX→EP
FLORES,P3,897,13,21,ALL_MORPH_BOUNDARY_GUARD,3,projected_saved_draft_candidate_at_or_after_rejection,1.0,BEFORE_GUARD,False,4,2,1,EC→JX
FLORES,P3,897,14,22,ALL_MORPH_BOUNDARY_GUARD,2,projected_saved_draft_candidate_at_or_after_rejection,2.0,AT_GUARD,True,4,3,2,EC→JX
FLORES,P3,897,18,30,ALL_MORPH_BOUNDARY_GUARD,3,projected_saved_draft_candidate_at_or_after_rejection,3.0,AT_GUARD,True,4,2,1,XSN→JX
FLORES,P3,897,20,34,ALL_MORPH_BOUNDARY_GUARD,2,projected_saved_draft_candidate_at_or_after_rejection,2.0,AT_GUARD,True,4,3,2,XSV→ETN
FLORES,P3,898,0,0,ALL_MORPH_BOUNDARY_GUARD,2,saved_H3_exact_target_token,,NO_REJECTION,True,4,3,2,XSN→JX
FLORES,P3,898,11,21,ALL_MORPH_BOUNDARY_GUARD,1,projected_saved_draft_candidate_at_or_after_rejection,2.0,AFTER_GUARD,True,4,4,3,VX→ETM
FLORES,P3,899,14,38,ALL_MORPH_BOUNDARY_GUARD,1,projected_saved_draft_candidate_at_or_after_rejection,3.0,AFTER_GUARD,True,4,4,3,XSN→JKB
FLORES,P3,899,16,45,ALL_MORPH_BOUNDARY_GUARD,3,projected_saved_draft_candidate_at_or_after_rejection,2.0,BEFORE_GUARD,False,4,2,1,VCP→EF
FLORES,P3,900,5,9,ALL_MORPH_BOUNDARY_GUARD,3,saved_H3_exact_target_token,,NO_REJECTION,True,4,2,1,VA→EC
FLORES,P3,900,8,16,ALL_MORPH_BOUNDARY_GUARD,2,saved_H3_exact_target_token,,NO_REJECTION,True,4,3,2,XSV→ETN
FLORES,P3,901,3,9,ALL_MORPH_BOUNDARY_GUARD,1,saved_H3_exact_target_token,,NO_REJECTION,True,4,4,3,SL→SL
FLORES,P3,904,9,16,ALL_MORPH_BOUNDARY_GUARD,1,saved_H3_exact_target_token,,NO_REJECTION,True,4,4,3,XSV→EP
FLORES,P3,904,11,21,ALL_MORPH_BOUNDARY_GUARD,3,projected_saved_draft_candidate_at_or_after_rejection,1.0,BEFORE_GUARD,False,4,2,1,XSV→EC
FLORES,P3,904,12,22,ALL_MORPH_BOUNDARY_GUARD,3,saved_H3_exact_target_token,,NO_REJECTION,True,4,2,1,XSV→EC
FLORES,P3,904,18,44,ALL_MORPH_BOUNDARY_GUARD,2,saved_H3_exact_target_token,,NO_REJECTION,True,4,3,2,XSV→EC
FLORES,P3,905,7,22,ALL_MORPH_BOUNDARY_GUARD,1,saved_H3_exact_target_token,,NO_REJECTION,True,4,4,3,SL→SL
FLORES,P3,905,19,61,ALL_MORPH_BOUNDARY_GUARD,3,saved_H3_exact_target_token,,NO_REJECTION,True,4,2,1,SL→SL
FLORES,P3,905,23,77,ALL_MORPH_BOUNDARY_GUARD,2,projected_saved_draft_candidate_at_or_after_rejection,3.0,AFTER_GUARD,True,4,3,2,SL→SL
FLORES,P3,905,34,117,ALL_MORPH_BOUNDARY_GUARD,3,projected_saved_draft_candidate_at_or_after_rejection,4.0,AFTER_GUARD,True,4,2,1,SL→SL
FLORES,P3,906,0,0,ALL_MORPH_BOUNDARY_GUARD,3,projected_saved_draft_candidate_at_or_after_rejection,2.0,BEFORE_GUARD,False,4,2,1,JKB→JX
FLORES,P3,906,1,2,ALL_MORPH_BOUNDARY_GUARD,2,projected_saved_draft_candidate_at_or_after_rejection,3.0,AFTER_GUARD,True,4,3,2,JKB→JX
FLORES,P3,906,9,16,ALL_MORPH_BOUNDARY_GUARD,3,saved_H3_exact_target_token,,NO_REJECTION,True,4,2,1,VV→EF
FLORES,P3,907,18,33,ALL_MORPH_BOUNDARY_GUARD,2,saved_H3_exact_target_token,,NO_REJECTION,True,4,3,2,VX→EF
FLORES,P3,908,6,14,ALL_MORPH_BOUNDARY_GUARD,2,projected_saved_draft_candidate_at_or_after_rejection,1.0,BEFORE_GUARD,False,4,3,2,XSV→EC
FLORES,P3,908,8,16,ALL_MORPH_BOUNDARY_GUARD,3,projected_saved_draft_candidate_at_or_after_rejection,1.0,BEFORE_GUARD,False,4,2,1,JKB→JX
FLORES,P3,908,20,39,ALL_MORPH_BOUNDARY_GUARD,2,projected_saved_draft_candidate_at_or_after_rejection,2.0,AT_GUARD,True,4,3,2,XSV→EC
FLORES,P3,908,25,49,ALL_MORPH_BOUNDARY_GUARD,3,projected_saved_draft_candidate_at_or_after_rejection,1.0,BEFORE_GUARD,False,4,2,1,XSV→ETM
FLORES,P3,909,26,46,ALL_MORPH_BOUNDARY_GUARD,3,saved_H3_exact_target_token,,NO_REJECTION,True,4,2,1,VV→EF
FLORES,P3,910,13,26,ALL_MORPH_BOUNDARY_GUARD,3,saved_H3_exact_target_token,,NO_REJECTION,True,4,2,1,VA→EF
FLORES,P3,911,2,5,ALL_MORPH_BOUNDARY_GUARD,2,saved_H3_exact_target_token,,NO_REJECTION,True,4,3,2,XSN→JKB
FLORES,P3,911,13,42,ALL_MORPH_BOUNDARY_GUARD,3,projected_saved_draft_candidate_at_or_after_rejection,1.0,BEFORE_GUARD,False,4,2,1,VA→EC
FLORES,P3,911,14,43,ALL_MORPH_BOUNDARY_GUARD,3,projected_saved_draft_candidate_at_or_after_rejection,1.0,BEFORE_GUARD,False,4,2,1,VA→EC
FLORES,P3,911,18,52,ALL_MORPH_BOUNDARY_GUARD,1,saved_H3_exact_target_token,,NO_REJECTION,True,3,3,2,VA→EF
FLORES,P3,912,12,26,ALL_MORPH_BOUNDARY_GUARD,2,projected_saved_draft_candidate_at_or_after_rejection,3.0,AFTER_GUARD,True,4,3,2,XSN→JKB
FLORES,P3,913,8,16,NP_BOUNDARY_GUARD,2,saved_H3_exact_target_token,,NO_REJECTION,True,4,3,2,NNG→JX
FLORES,P3,913,8,16,ALL_MORPH_BOUNDARY_GUARD,2,saved_H3_exact_target_token,,NO_REJECTION,True,4,3,2,NNG→JX
FLORES,P3,913,12,24,ALL_MORPH_BOUNDARY_GUARD,3,projected_saved_draft_candidate_at_or_after_rejection,1.0,BEFORE_GUARD,False,4,2,1,VA→ETM
FLORES,P3,913,15,31,ALL_MORPH_BOUNDARY_GUARD,3,saved_H3_exact_target_token,,NO_REJECTION,True,4,2,1,VA→EF
FLORES,P3,914,5,10,ALL_MORPH_BOUNDARY_GUARD,1,projected_saved_draft_candidate_at_or_after_rejection,2.0,AFTER_GUARD,True,4,4,3,VX→ETM
FLORES,P3,914,11,24,ALL_MORPH_BOUNDARY_GUARD,1,projected_saved_draft_candidate_at_or_after_rejection,4.0,AFTER_GUARD,True,4,4,3,NNG→XSN
FLORES,P3,915,4,10,NP_BOUNDARY_GUARD,1,projected_saved_draft_candidate_at_or_after_rejection,2.0,AFTER_GUARD,True,4,4,3,NNG→JKS
FLORES,P3,915,4,10,ALL_MORPH_BOUNDARY_GUARD,1,projected_saved_draft_candidate_at_or_after_rejection,2.0,AFTER_GUARD,True,4,4,3,NNG→JKS
FLORES,P3,915,8,17,ALL_MORPH_BOUNDARY_GUARD,2,saved_H3_exact_target_token,,NO_REJECTION,True,4,3,2,XSV→ETN
FLORES,P3,915,13,29,ALL_MORPH_BOUNDARY_GUARD,3,projected_saved_draft_candidate_at_or_after_rejection,1.0,BEFORE_GUARD,False,4,2,1,VA→ETM
FLORES,P3,915,16,34,ALL_MORPH_BOUNDARY_GUARD,2,projected_saved_draft_candidate_at_or_after_rejection,2.0,AT_GUARD,True,4,3,2,VA→ETM
FLORES,P3,915,17,36,ALL_MORPH_BOUNDARY_GUARD,2,projected_saved_draft_candidate_at_or_after_rejection,2.0,AT_GUARD,True,4,3,2,VX→ETM
FLORES,P3,915,21,44,ALL_MORPH_BOUNDARY_GUARD,2,saved_H3_exact_target_token,,NO_REJECTION,True,4,3,2,XSV→EC
FLORES,P3,916,17,29,ALL_MORPH_BOUNDARY_GUARD,1,projected_saved_draft_candidate_at_or_after_rejection,4.0,AFTER_GUARD,True,4,4,3,VCN→EC
FLORES,P3,917,0,0,ALL_MORPH_BOUNDARY_GUARD,2,projected_saved_draft_candidate_at_or_after_rejection,3.0,AFTER_GUARD,True,4,3,2,XSN→JKB
FLORES,P3,918,20,39,ALL_MORPH_BOUNDARY_GUARD,1,saved_H3_exact_target_token,,NO_REJECTION,True,3,3,2,VX→EF
FLORES,P3,919,22,41,ALL_MORPH_BOUNDARY_GUARD,3,saved_H3_exact_target_token,,NO_REJECTION,True,4,2,1,VX→EF
FLORES,P3,919,30,62,ALL_MORPH_BOUNDARY_GUARD,2,projected_saved_draft_candidate_at_or_after_rejection,1.0,BEFORE_GUARD,False,4,3,2,XSV→EC
FLORES,P3,919,31,63,ALL_MORPH_BOUNDARY_GUARD,2,projected_saved_draft_candidate_at_or_after_rejection,1.0,BEFORE_GUARD,False,4,3,2,XSV→EP
FLORES,P3,919,33,65,ALL_MORPH_BOUNDARY_GUARD,1,projected_saved_draft_candidate_at_or_after_rejection,3.0,AFTER_GUARD,True,4,4,3,VA→EF
FLORES,P3,919,49,107,ALL_MORPH_BOUNDARY_GUARD,3,projected_saved_draft_candidate_at_or_after_rejection,1.0,BEFORE_GUARD,False,4,2,1,XSV→ETM
FLORES,P3,919,51,109,ALL_MORPH_BOUNDARY_GUARD,3,projected_saved_draft_candidate_at_or_after_rejection,1.0,BEFORE_GUARD,False,4,2,1,XSV→ETM
FLORES,P3,919,52,110,ALL_MORPH_BOUNDARY_GUARD,3,projected_saved_draft_candidate_at_or_after_rejection,4.0,AFTER_GUARD,True,4,2,1,XSV→ETM
FLORES,P3,921,7,13,ALL_MORPH_BOUNDARY_GUARD,1,projected_saved_draft_candidate_at_or_after_rejection,1.0,AT_GUARD,True,4,4,3,VCP→EC
FLORES,P3,921,15,29,ALL_MORPH_BOUNDARY_GUARD,3,projected_saved_draft_candidate_at_or_after_rejection,1.0,BEFORE_GUARD,False,4,2,1,VA→EF
FLORES,P3,921,17,31,ALL_MORPH_BOUNDARY_GUARD,1,saved_H3_exact_target_token,,NO_REJECTION,True,3,3,2,VA→EF
FLORES,P3,922,7,19,ALL_MORPH_BOUNDARY_GUARD,3,projected_saved_draft_candidate_at_or_after_rejection,1.0,BEFORE_GUARD,False,4,2,1,VX→EF
FLORES,P3,922,10,23,ALL_MORPH_BOUNDARY_GUARD,3,projected_saved_draft_candidate_at_or_after_rejection,3.0,AT_GUARD,True,4,2,1,JKB→JX
FLORES,P3,922,17,43,ALL_MORPH_BOUNDARY_GUARD,1,projected_saved_draft_candidate_at_or_after_rejection,4.0,AFTER_GUARD,True,4,4,3,JKB→JX
FLORES,P3,922,20,54,ALL_MORPH_BOUNDARY_GUARD,1,saved_H3_exact_target_token,,NO_REJECTION,True,2,2,1,SSC→SF
FLORES,P3,925,7,25,ALL_MORPH_BOUNDARY_GUARD,2,projected_saved_draft_candidate_at_or_after_rejection,2.0,AT_GUARD,True,3,2,1,SSC→SF
FLORES,P3,925,17,40,NP_BOUNDARY_GUARD,1,projected_saved_draft_candidate_at_or_after_rejection,1.0,AT_GUARD,True,4,4,3,NNB→JKB
FLORES,P3,925,17,40,ALL_MORPH_BOUNDARY_GUARD,1,projected_saved_draft_candidate_at_or_after_rejection,1.0,AT_GUARD,True,4,4,3,NNB→JKB
FLORES,P3,925,26,59,ALL_MORPH_BOUNDARY_GUARD,2,saved_H3_exact_target_token,,NO_REJECTION,True,3,2,1,SSC→SF
FLORES,P3,926,3,9,ALL_MORPH_BOUNDARY_GUARD,3,saved_H3_exact_target_token,,NO_REJECTION,True,4,2,1,SL→SL
FLORES,P3,926,11,41,ALL_MORPH_BOUNDARY_GUARD,2,saved_H3_exact_target_token,,NO_REJECTION,True,4,3,2,SL→SL
FLORES,P3,927,10,18,ALL_MORPH_BOUNDARY_GUARD,3,projected_saved_draft_candidate_at_or_after_rejection,3.0,AT_GUARD,True,4,2,1,VV→ETM
FLORES,P3,929,10,31,ALL_MORPH_BOUNDARY_GUARD,3,saved_H3_exact_target_token,,NO_REJECTION,True,4,2,1,SL→SL
FLORES,P3,930,3,4,ALL_MORPH_BOUNDARY_GUARD,1,projected_saved_draft_candidate_at_or_after_rejection,1.0,AT_GUARD,True,4,4,3,XSN→JX
FLORES,P3,930,13,23,ALL_MORPH_BOUNDARY_GUARD,3,projected_saved_draft_candidate_at_or_after_rejection,2.0,BEFORE_GUARD,False,4,2,1,XSN→JKB
FLORES,P3,931,1,2,ALL_MORPH_BOUNDARY_GUARD,2,projected_saved_draft_candidate_at_or_after_rejection,3.0,AFTER_GUARD,True,4,3,2,JKB→JX
FLORES,P3,931,4,10,NP_BOUNDARY_GUARD,2,projected_saved_draft_candidate_at_or_after_rejection,3.0,AFTER_GUARD,True,4,3,2,NNG→JKO
FLORES,P3,931,4,10,ALL_MORPH_BOUNDARY_GUARD,2,projected_saved_draft_candidate_at_or_after_rejection,3.0,AFTER_GUARD,True,4,3,2,NNG→JKO
FLORES,P3,931,5,13,ALL_MORPH_BOUNDARY_GUARD,1,projected_saved_draft_candidate_at_or_after_rejection,1.0,AT_GUARD,True,4,4,3,XSV→EC
FLORES,P3,931,7,18,ALL_MORPH_BOUNDARY_GUARD,3,projected_saved_draft_candidate_at_or_after_rejection,3.0,AT_GUARD,True,4,2,1,VA→ETM
FLORES,P3,931,8,21,ALL_MORPH_BOUNDARY_GUARD,1,projected_saved_draft_candidate_at_or_after_rejection,2.0,AFTER_GUARD,True,4,4,3,VA→ETM
FLORES,P3,931,9,23,ALL_MORPH_BOUNDARY_GUARD,2,projected_saved_draft_candidate_at_or_after_rejection,2.0,AT_GUARD,True,4,3,2,XSN→JX
FLORES,P3,932,0,0,ALL_MORPH_BOUNDARY_GUARD,3,projected_saved_draft_candidate_at_or_after_rejection,2.0,BEFORE_GUARD,False,4,2,1,XSN→JKS
FLORES,P3,933,2,5,ALL_MORPH_BOUNDARY_GUARD,3,projected_saved_draft_candidate_at_or_after_rejection,1.0,BEFORE_GUARD,False,4,2,1,XSV→ETN
FLORES,P3,933,12,23,ALL_MORPH_BOUNDARY_GUARD,1,projected_saved_draft_candidate_at_or_after_rejection,2.0,AFTER_GUARD,True,4,4,3,VV→EC
FLORES,P3,934,3,11,ALL_MORPH_BOUNDARY_GUARD,3,saved_H3_exact_target_token,,NO_REJECTION,True,4,2,1,XSV→ETM
FLORES,P3,934,22,51,ALL_MORPH_BOUNDARY_GUARD,1,saved_H3_exact_target_token,,NO_REJECTION,True,2,2,1,SSC→SF
FLORES,P3,935,13,24,ALL_MORPH_BOUNDARY_GUARD,3,saved_H3_exact_target_token,,NO_REJECTION,True,4,2,1,VA→EC
FLORES,P3,935,21,42,ALL_MORPH_BOUNDARY_GUARD,1,saved_H3_exact_target_token,,NO_REJECTION,True,3,3,2,VA→EF
FLORES,P3,936,0,0,ALL_MORPH_BOUNDARY_GUARD,2,projected_saved_draft_candidate_at_or_after_rejection,3.0,AFTER_GUARD,True,4,3,2,XSN→JKB
FLORES,P3,936,9,23,NP_BOUNDARY_GUARD,1,projected_saved_draft_candidate_at_or_after_rejection,2.0,AFTER_GUARD,True,4,4,3,NNB→JX
FLORES,P3,936,9,23,ALL_MORPH_BOUNDARY_GUARD,1,projected_saved_draft_candidate_at_or_after_rejection,2.0,AFTER_GUARD,True,4,4,3,NNB→JX
FLORES,P3,936,10,25,ALL_MORPH_BOUNDARY_GUARD,2,saved_H3_exact_target_token,,NO_REJECTION,True,4,3,2,VA→EF
FLORES,P3,937,1,3,ALL_MORPH_BOUNDARY_GUARD,2,projected_saved_draft_candidate_at_or_after_rejection,1.0,BEFORE_GUARD,False,4,3,2,VV→EC
FLORES,P3,937,4,9,ALL_MORPH_BOUNDARY_GUARD,2,projected_saved_draft_candidate_at_or_after_rejection,1.0,BEFORE_GUARD,False,4,3,2,XSN→JKB
FLORES,P3,937,9,19,ALL_MORPH_BOUNDARY_GUARD,2,projected_saved_draft_candidate_at_or_after_rejection,3.0,AFTER_GUARD,True,4,3,2,XSA→EC
FLORES,P3,937,10,22,NP_BOUNDARY_GUARD,1,projected_saved_draft_candidate_at_or_after_rejection,1.0,AT_GUARD,True,4,4,3,NNG→JKO
FLORES,P3,937,10,22,ALL_MORPH_BOUNDARY_GUARD,1,projected_saved_draft_candidate_at_or_after_rejection,1.0,AT_GUARD,True,4,4,3,NNG→JKO
FLORES,P3,937,19,49,ALL_MORPH_BOUNDARY_GUARD,1,projected_saved_draft_candidate_at_or_after_rejection,1.0,AT_GUARD,True,4,4,3,XSN→JKG
FLORES,P3,939,13,27,ALL_MORPH_BOUNDARY_GUARD,3,projected_saved_draft_candidate_at_or_after_rejection,3.0,AT_GUARD,True,4,2,1,VCP→EF
FLORES,P3,940,29,63,ALL_MORPH_BOUNDARY_GUARD,3,projected_saved_draft_candidate_at_or_after_rejection,1.0,BEFORE_GUARD,False,4,2,1,XSV→EC
FLORES,P3,940,30,64,ALL_MORPH_BOUNDARY_GUARD,3,projected_saved_draft_candidate_at_or_after_rejection,1.0,BEFORE_GUARD,False,4,2,1,XSV→EC
FLORES,P3,940,31,65,ALL_MORPH_BOUNDARY_GUARD,2,projected_saved_draft_candidate_at_or_after_rejection,1.0,BEFORE_GUARD,False,4,3,2,XSV→EC
FLORES,P3,940,32,66,ALL_MORPH_BOUNDARY_GUARD,2,projected_saved_draft_candidate_at_or_after_rejection,3.0,AFTER_GUARD,True,4,3,2,XSV→EC
FLORES,P3,941,12,23,ALL_MORPH_BOUNDARY_GUARD,1,projected_saved_draft_candidate_at_or_after_rejection,3.0,AFTER_GUARD,True,4,4,3,VV→EC
FLORES,P3,943,11,22,ALL_MORPH_BOUNDARY_GUARD,3,projected_saved_draft_candidate_at_or_after_rejection,1.0,BEFORE_GUARD,False,4,2,1,NNB→XSN
FLORES,P3,943,19,47,ALL_MORPH_BOUNDARY_GUARD,2,projected_saved_draft_candidate_at_or_after_rejection,2.0,AT_GUARD,True,4,3,2,VCP→EF
FLORES,P3,944,28,58,ALL_MORPH_BOUNDARY_GUARD,2,projected_saved_draft_candidate_at_or_after_rejection,2.0,AT_GUARD,True,4,3,2,VCP→EF
FLORES,P3,945,27,61,ALL_MORPH_BOUNDARY_GUARD,2,projected_saved_draft_candidate_at_or_after_rejection,2.0,AT_GUARD,True,4,3,2,VX→EF
FLORES,P3,945,36,82,NP_BOUNDARY_GUARD,2,projected_saved_draft_candidate_at_or_after_rejection,2.0,AT_GUARD,True,4,3,2,NNG→JKO
FLORES,P3,945,36,82,ALL_MORPH_BOUNDARY_GUARD,2,projected_saved_draft_candidate_at_or_after_rejection,2.0,AT_GUARD,True,4,3,2,NNG→JKO
FLORES,P3,946,11,23,ALL_MORPH_BOUNDARY_GUARD,2,projected_saved_draft_candidate_at_or_after_rejection,3.0,AFTER_GUARD,True,4,3,2,VA→ETM
FLORES,P3,946,17,43,ALL_MORPH_BOUNDARY_GUARD,1,saved_H3_exact_target_token,,NO_REJECTION,True,3,3,2,VX→EF
FLORES,P3,947,2,3,ALL_MORPH_BOUNDARY_GUARD,2,projected_saved_draft_candidate_at_or_after_rejection,3.0,AFTER_GUARD,True,4,3,2,JKB→JX
FLORES,P3,947,6,13,ALL_MORPH_BOUNDARY_GUARD,2,projected_saved_draft_candidate_at_or_after_rejection,2.0,AT_GUARD,True,4,3,2,XSN→JKS
FLORES,P3,948,1,1,ALL_MORPH_BOUNDARY_GUARD,1,saved_H3_exact_target_token,,NO_REJECTION,True,4,4,3,SS→SL
FLORES,P3,948,3,9,ALL_MORPH_BOUNDARY_GUARD,3,saved_H3_exact_target_token,,NO_REJECTION,True,4,2,1,SL→SL
FLORES,P3,949,16,43,ALL_MORPH_BOUNDARY_GUARD,1,projected_saved_draft_candidate_at_or_after_rejection,2.0,AFTER_GUARD,True,4,4,3,XSN→JKB
FLORES,P3,950,6,15,ALL_MORPH_BOUNDARY_GUARD,2,projected_saved_draft_candidate_at_or_after_rejection,3.0,AFTER_GUARD,True,4,3,2,XSN→JKB
FLORES,P3,951,2,5,ALL_MORPH_BOUNDARY_GUARD,1,projected_saved_draft_candidate_at_or_after_rejection,1.0,AT_GUARD,True,4,4,3,XSV→EP
FLORES,P3,951,3,6,NP_BOUNDARY_GUARD,2,projected_saved_draft_candidate_at_or_after_rejection,2.0,AT_GUARD,True,4,3,2,NP→JKG
FLORES,P3,951,3,6,ALL_MORPH_BOUNDARY_GUARD,2,projected_saved_draft_candidate_at_or_after_rejection,2.0,AT_GUARD,True,4,3,2,NP→JKG
FLORES,P3,952,9,33,ALL_MORPH_BOUNDARY_GUARD,1,saved_H3_exact_target_token,,NO_REJECTION,True,4,4,3,SS→SL
FLORES,P3,953,6,10,ALL_MORPH_BOUNDARY_GUARD,3,saved_H3_exact_target_token,,NO_REJECTION,True,4,2,1,XSN→JKS
FLORES,P3,953,8,16,ALL_MORPH_BOUNDARY_GUARD,2,projected_saved_draft_candidate_at_or_after_rejection,2.0,AT_GUARD,True,4,3,2,VA→ETM
FLORES,P3,953,14,27,ALL_MORPH_BOUNDARY_GUARD,3,projected_saved_draft_candidate_at_or_after_rejection,3.0,AT_GUARD,True,4,2,1,XSN→JKS
FLORES,P3,953,17,34,ALL_MORPH_BOUNDARY_GUARD,1,projected_saved_draft_candidate_at_or_after_rejection,1.0,AT_GUARD,True,4,4,3,NNG→XSN
FLORES,P3,953,18,35,ALL_MORPH_BOUNDARY_GUARD,1,projected_saved_draft_candidate_at_or_after_rejection,2.0,AFTER_GUARD,True,4,4,3,XSN→JKO
FLORES,P3,953,19,37,ALL_MORPH_BOUNDARY_GUARD,3,projected_saved_draft_candidate_at_or_after_rejection,3.0,AT_GUARD,True,4,2,1,NNG→XSN
FLORES,P3,954,4,13,ALL_MORPH_BOUNDARY_GUARD,3,saved_H3_exact_target_token,,NO_REJECTION,True,4,2,1,SL→SL
FLORES,P3,955,3,6,ALL_MORPH_BOUNDARY_GUARD,1,projected_saved_draft_candidate_at_or_after_rejection,1.0,AT_GUARD,True,4,4,3,XSV→EC
FLORES,P3,956,15,44,ALL_MORPH_BOUNDARY_GUARD,1,projected_saved_draft_candidate_at_or_after_rejection,1.0,AT_GUARD,True,4,4,3,XSV→EC
FLORES,P3,956,19,57,ALL_MORPH_BOUNDARY_GUARD,1,saved_H3_exact_target_token,,NO_REJECTION,True,3,3,2,VX→EF
FLORES,P3,957,5,17,ALL_MORPH_BOUNDARY_GUARD,3,saved_H3_exact_target_token,,NO_REJECTION,True,4,2,1,SL→SL
FLORES,P3,958,4,10,ALL_MORPH_BOUNDARY_GUARD,3,saved_H3_exact_target_token,,NO_REJECTION,True,4,2,1,SL→SL
FLORES,P3,960,1,3,ALL_MORPH_BOUNDARY_GUARD,1,projected_saved_draft_candidate_at_or_after_rejection,2.0,AFTER_GUARD,True,4,4,3,XSN→JX
FLORES,P3,960,8,12,ALL_MORPH_BOUNDARY_GUARD,1,projected_saved_draft_candidate_at_or_after_rejection,2.0,AFTER_GUARD,True,4,4,3,XSA→EC
FLORES,P3,961,4,12,ALL_MORPH_BOUNDARY_GUARD,2,projected_saved_draft_candidate_at_or_after_rejection,3.0,AFTER_GUARD,True,4,3,2,VA→EF
FLORES,P3,961,6,18,ALL_MORPH_BOUNDARY_GUARD,3,projected_saved_draft_candidate_at_or_after_rejection,2.0,BEFORE_GUARD,False,4,2,1,XSN→JKB
FLORES,P3,961,13,30,ALL_MORPH_BOUNDARY_GUARD,2,saved_H3_exact_target_token,,NO_REJECTION,True,4,3,2,VA→EC
FLORES,P3,961,21,49,ALL_MORPH_BOUNDARY_GUARD,3,projected_saved_draft_candidate_at_or_after_rejection,3.0,AT_GUARD,True,4,2,1,VV→EC
FLORES,P3,961,30,70,NP_BOUNDARY_GUARD,3,projected_saved_draft_candidate_at_or_after_rejection,2.0,BEFORE_GUARD,False,4,2,1,NNB→JKS
FLORES,P3,961,30,70,ALL_MORPH_BOUNDARY_GUARD,2,projected_saved_draft_candidate_at_or_after_rejection,2.0,AT_GUARD,True,4,3,2,XSV→ETM
FLORES,P3,961,35,84,ALL_MORPH_BOUNDARY_GUARD,1,projected_saved_draft_candidate_at_or_after_rejection,1.0,AT_GUARD,True,4,4,3,SF→SSC
FLORES,P3,962,7,16,ALL_MORPH_BOUNDARY_GUARD,1,projected_saved_draft_candidate_at_or_after_rejection,2.0,AFTER_GUARD,True,4,4,3,XSN→JKG
FLORES,P3,963,18,46,ALL_MORPH_BOUNDARY_GUARD,1,projected_saved_draft_candidate_at_or_after_rejection,3.0,AFTER_GUARD,True,4,4,3,VX→EC
FLORES,P3,964,29,69,ALL_MORPH_BOUNDARY_GUARD,3,projected_saved_draft_candidate_at_or_after_rejection,4.0,AFTER_GUARD,True,4,2,1,XSN→JKO
FLORES,P3,964,30,73,ALL_MORPH_BOUNDARY_GUARD,1,saved_H3_exact_target_token,,NO_REJECTION,True,3,3,2,VX→EF
FLORES,P3,966,7,9,ALL_MORPH_BOUNDARY_GUARD,3,projected_saved_draft_candidate_at_or_after_rejection,4.0,AFTER_GUARD,True,4,2,1,VV→EC
FLORES,P3,966,27,55,ALL_MORPH_BOUNDARY_GUARD,3,projected_saved_draft_candidate_at_or_after_rejection,1.0,BEFORE_GUARD,False,4,2,1,XSN→JX
FLORES,P3,966,28,56,ALL_MORPH_BOUNDARY_GUARD,1,projected_saved_draft_candidate_at_or_after_rejection,1.0,AT_GUARD,True,4,4,3,XSN→JX
FLORES,P3,968,3,7,ALL_MORPH_BOUNDARY_GUARD,1,projected_saved_draft_candidate_at_or_after_rejection,3.0,AFTER_GUARD,True,4,4,3,VX→ETM
FLORES,P3,968,6,15,ALL_MORPH_BOUNDARY_GUARD,1,projected_saved_draft_candidate_at_or_after_rejection,4.0,AFTER_GUARD,True,4,4,3,XSV→EC
FLORES,P3,968,21,46,ALL_MORPH_BOUNDARY_GUARD,3,saved_H3_exact_target_token,,NO_REJECTION,True,4,2,1,VA→EF
FLORES,P3,970,7,13,ALL_MORPH_BOUNDARY_GUARD,3,saved_H3_exact_target_token,,NO_REJECTION,True,4,2,1,VA→EC
FLORES,P3,970,11,25,ALL_MORPH_BOUNDARY_GUARD,2,projected_saved_draft_candidate_at_or_after_rejection,1.0,BEFORE_GUARD,False,4,3,2,XSV→EC
FLORES,P3,970,17,36,ALL_MORPH_BOUNDARY_GUARD,2,projected_saved_draft_candidate_at_or_after_rejection,1.0,BEFORE_GUARD,False,4,3,2,XSN→JX
FLORES,P3,970,20,44,ALL_MORPH_BOUNDARY_GUARD,2,saved_H3_exact_target_token,,NO_REJECTION,True,4,3,2,VA→EF
FLORES,P3,971,6,7,ALL_MORPH_BOUNDARY_GUARD,1,projected_saved_draft_candidate_at_or_after_rejection,1.0,AT_GUARD,True,4,4,3,VA→ETM
FLORES,P3,972,0,0,ALL_MORPH_BOUNDARY_GUARD,3,projected_saved_draft_candidate_at_or_after_rejection,1.0,BEFORE_GUARD,False,4,2,1,XSA→EC
FLORES,P3,973,5,16,ALL_MORPH_BOUNDARY_GUARD,3,saved_H3_exact_target_token,,NO_REJECTION,True,4,2,1,XSV→EC
FLORES,P3,973,7,23,ALL_MORPH_BOUNDARY_GUARD,3,projected_saved_draft_candidate_at_or_after_rejection,2.0,BEFORE_GUARD,False,4,2,1,VA→EC
FLORES,P3,974,4,6,NP_BOUNDARY_GUARD,1,projected_saved_draft_candidate_at_or_after_rejection,1.0,AT_GUARD,True,4,4,3,NNG→JKO
FLORES,P3,974,4,6,ALL_MORPH_BOUNDARY_GUARD,1,projected_saved_draft_candidate_at_or_after_rejection,1.0,AT_GUARD,True,4,4,3,NNG→JKO
FLORES,P3,974,6,10,ALL_MORPH_BOUNDARY_GUARD,1,saved_H3_exact_target_token,,NO_REJECTION,True,4,4,3,XSV→ETM
FLORES,P3,975,3,6,ALL_MORPH_BOUNDARY_GUARD,2,projected_saved_draft_candidate_at_or_after_rejection,3.0,AFTER_GUARD,True,4,3,2,VA-I→EC
FLORES,P3,975,4,9,ALL_MORPH_BOUNDARY_GUARD,2,projected_saved_draft_candidate_at_or_after_rejection,2.0,AT_GUARD,True,4,3,2,VA→ETM
FLORES,P3,975,7,15,ALL_MORPH_BOUNDARY_GUARD,3,projected_saved_draft_candidate_at_or_after_rejection,2.0,BEFORE_GUARD,False,4,2,1,XSV→EC
FLORES,P3,975,17,37,ALL_MORPH_BOUNDARY_GUARD,1,projected_saved_draft_candidate_at_or_after_rejection,2.0,AFTER_GUARD,True,4,4,3,XSV→ETM
FLORES,P3,975,30,61,ALL_MORPH_BOUNDARY_GUARD,3,projected_saved_draft_candidate_at_or_after_rejection,3.0,AT_GUARD,True,4,2,1,XSA→EF
FLORES,P3,976,6,11,ALL_MORPH_BOUNDARY_GUARD,1,projected_saved_draft_candidate_at_or_after_rejection,2.0,AFTER_GUARD,True,4,4,3,XSN→JKB
FLORES,P3,976,11,25,ALL_MORPH_BOUNDARY_GUARD,2,projected_saved_draft_candidate_at_or_after_rejection,1.0,BEFORE_GUARD,False,4,3,2,VA-I→EC
FLORES,P3,978,4,11,NP_BOUNDARY_GUARD,1,projected_saved_draft_candidate_at_or_after_rejection,1.0,AT_GUARD,True,4,4,3,NNB→JKS
FLORES,P3,978,4,11,ALL_MORPH_BOUNDARY_GUARD,1,projected_saved_draft_candidate_at_or_after_rejection,1.0,AT_GUARD,True,4,4,3,NNB→JKS
FLORES,P3,978,11,24,ALL_MORPH_BOUNDARY_GUARD,1,saved_H3_exact_target_token,,NO_REJECTION,True,4,4,3,XSV→EC
FLORES,P3,979,2,2,NP_BOUNDARY_GUARD,3,projected_saved_draft_candidate_at_or_after_rejection,1.0,BEFORE_GUARD,False,4,2,1,NNP→JX
FLORES,P3,979,2,2,ALL_MORPH_BOUNDARY_GUARD,3,projected_saved_draft_candidate_at_or_after_rejection,1.0,BEFORE_GUARD,False,4,2,1,NNP→JX
FLORES,P3,979,6,7,ALL_MORPH_BOUNDARY_GUARD,2,projected_saved_draft_candidate_at_or_after_rejection,3.0,AFTER_GUARD,True,4,3,2,XSN→JKB
FLORES,P3,979,11,24,ALL_MORPH_BOUNDARY_GUARD,1,projected_saved_draft_candidate_at_or_after_rejection,1.0,AT_GUARD,True,3,3,2,VCP→EF
FLORES,P3,979,13,26,ALL_MORPH_BOUNDARY_GUARD,1,projected_saved_draft_candidate_at_or_after_rejection,1.0,AT_GUARD,True,3,3,2,VX→EF
FLORES,P3,980,3,5,ALL_MORPH_BOUNDARY_GUARD,3,projected_saved_draft_candidate_at_or_after_rejection,1.0,BEFORE_GUARD,False,4,2,1,XSN→JKO
FLORES,P3,980,4,6,ALL_MORPH_BOUNDARY_GUARD,2,projected_saved_draft_candidate_at_or_after_rejection,1.0,BEFORE_GUARD,False,4,3,2,XSN→JKO
FLORES,P3,980,6,8,NP_BOUNDARY_GUARD,3,projected_saved_draft_candidate_at_or_after_rejection,2.0,BEFORE_GUARD,False,4,2,1,NNB→JX
FLORES,P3,980,6,8,ALL_MORPH_BOUNDARY_GUARD,3,projected_saved_draft_candidate_at_or_after_rejection,2.0,BEFORE_GUARD,False,4,2,1,NNB→JX
FLORES,P3,980,12,17,NP_BOUNDARY_GUARD,3,projected_saved_draft_candidate_at_or_after_rejection,2.0,BEFORE_GUARD,False,4,2,1,NNB→JKO
FLORES,P3,980,12,17,ALL_MORPH_BOUNDARY_GUARD,2,projected_saved_draft_candidate_at_or_after_rejection,2.0,AT_GUARD,True,4,3,2,VA→ETM
FLORES,P3,980,17,28,ALL_MORPH_BOUNDARY_GUARD,2,projected_saved_draft_candidate_at_or_after_rejection,2.0,AT_GUARD,True,4,3,2,VA→ETM
FLORES,P3,981,4,6,ALL_MORPH_BOUNDARY_GUARD,3,projected_saved_draft_candidate_at_or_after_rejection,4.0,AFTER_GUARD,True,4,2,1,VV→EC
FLORES,P3,981,8,20,NP_BOUNDARY_GUARD,1,projected_saved_draft_candidate_at_or_after_rejection,1.0,AT_GUARD,True,4,4,3,NNB→JX
FLORES,P3,981,8,20,ALL_MORPH_BOUNDARY_GUARD,1,projected_saved_draft_candidate_at_or_after_rejection,1.0,AT_GUARD,True,4,4,3,NNB→JX
FLORES,P3,982,1,1,ALL_MORPH_BOUNDARY_GUARD,3,projected_saved_draft_candidate_at_or_after_rejection,2.0,BEFORE_GUARD,False,4,2,1,XSN→JX
FLORES,P3,982,4,9,ALL_MORPH_BOUNDARY_GUARD,3,projected_saved_draft_candidate_at_or_after_rejection,4.0,AFTER_GUARD,True,4,2,1,XSN→JX
FLORES,P3,982,8,23,NP_BOUNDARY_GUARD,3,projected_saved_draft_candidate_at_or_after_rejection,2.0,BEFORE_GUARD,False,4,2,1,NNB→JKB
FLORES,P3,982,8,23,ALL_MORPH_BOUNDARY_GUARD,3,projected_saved_draft_candidate_at_or_after_rejection,2.0,BEFORE_GUARD,False,4,2,1,NNB→JKB
FLORES,P3,982,10,26,ALL_MORPH_BOUNDARY_GUARD,1,projected_saved_draft_candidate_at_or_after_rejection,1.0,AT_GUARD,True,4,4,3,XSV→EC
FLORES,P3,982,14,34,ALL_MORPH_BOUNDARY_GUARD,3,saved_H3_exact_target_token,,NO_REJECTION,True,4,2,1,VA→EC
FLORES,P3,982,16,42,ALL_MORPH_BOUNDARY_GUARD,3,saved_H3_exact_target_token,,NO_REJECTION,True,4,2,1,VA→EF
FLORES,P3,983,1,1,ALL_MORPH_BOUNDARY_GUARD,1,saved_H3_exact_target_token,,NO_REJECTION,True,4,4,3,SO→SL
FLORES,P3,983,5,17,ALL_MORPH_BOUNDARY_GUARD,2,saved_H3_exact_target_token,,NO_REJECTION,True,4,3,2,SL→SL
FLORES,P3,984,0,0,ALL_MORPH_BOUNDARY_GUARD,2,projected_saved_draft_candidate_at_or_after_rejection,2.0,AT_GUARD,True,4,3,2,XSN→JKG
FLORES,P3,984,1,2,ALL_MORPH_BOUNDARY_GUARD,2,projected_saved_draft_candidate_at_or_after_rejection,1.0,BEFORE_GUARD,False,4,3,2,XSN→JKG
FLORES,P3,984,10,20,NP_BOUNDARY_GUARD,3,saved_H3_exact_target_token,,NO_REJECTION,True,4,2,1,NNB→JKB
FLORES,P3,984,10,20,ALL_MORPH_BOUNDARY_GUARD,3,saved_H3_exact_target_token,,NO_REJECTION,True,4,2,1,NNB→JKB
FLORES,P3,984,12,25,ALL_MORPH_BOUNDARY_GUARD,1,projected_saved_draft_candidate_at_or_after_rejection,2.0,AFTER_GUARD,True,4,4,3,XSN→JX
FLORES,P3,984,17,37,ALL_MORPH_BOUNDARY_GUARD,3,projected_saved_draft_candidate_at_or_after_rejection,3.0,AT_GUARD,True,4,2,1,XSV→EC
FLORES,P3,985,3,9,ALL_MORPH_BOUNDARY_GUARD,2,projected_saved_draft_candidate_at_or_after_rejection,1.0,BEFORE_GUARD,False,4,3,2,JKB→JX
FLORES,P3,985,11,29,ALL_MORPH_BOUNDARY_GUARD,1,projected_saved_draft_candidate_at_or_after_rejection,1.0,AT_GUARD,True,4,4,3,XSV→EC
FLORES,P3,987,5,10,ALL_MORPH_BOUNDARY_GUARD,3,projected_saved_draft_candidate_at_or_after_rejection,3.0,AT_GUARD,True,4,2,1,VCP→EC
FLORES,P3,988,0,0,ALL_MORPH_BOUNDARY_GUARD,2,projected_saved_draft_candidate_at_or_after_rejection,3.0,AFTER_GUARD,True,4,3,2,JKB→JX
FLORES,P3,988,1,3,ALL_MORPH_BOUNDARY_GUARD,1,projected_saved_draft_candidate_at_or_after_rejection,1.0,AT_GUARD,True,4,4,3,JKB→JX
FLORES,P3,988,5,11,NP_BOUNDARY_GUARD,3,projected_saved_draft_candidate_at_or_after_rejection,1.0,BEFORE_GUARD,False,4,2,1,NNB→JX
FLORES,P3,988,5,11,ALL_MORPH_BOUNDARY_GUARD,3,projected_saved_draft_candidate_at_or_after_rejection,1.0,BEFORE_GUARD,False,4,2,1,NNB→JX
FLORES,P3,989,9,22,NP_BOUNDARY_GUARD,2,saved_H3_exact_target_token,,NO_REJECTION,True,4,3,2,NNG→JKO
FLORES,P3,989,9,22,ALL_MORPH_BOUNDARY_GUARD,2,saved_H3_exact_target_token,,NO_REJECTION,True,4,3,2,NNG→JKO
FLORES,P3,989,10,26,NP_BOUNDARY_GUARD,2,projected_saved_draft_candidate_at_or_after_rejection,2.0,AT_GUARD,True,4,3,2,NNB→JKO
FLORES,P3,989,10,26,ALL_MORPH_BOUNDARY_GUARD,1,projected_saved_draft_candidate_at_or_after_rejection,2.0,AFTER_GUARD,True,4,4,3,XSV→ETM
FLORES,P3,990,1,1,ALL_MORPH_BOUNDARY_GUARD,2,projected_saved_draft_candidate_at_or_after_rejection,1.0,BEFORE_GUARD,False,4,3,2,XSA→EC
FLORES,P3,990,2,2,ALL_MORPH_BOUNDARY_GUARD,1,projected_saved_draft_candidate_at_or_after_rejection,2.0,AFTER_GUARD,True,4,4,3,XSN→JKB
FLORES,P3,990,10,19,NP_BOUNDARY_GUARD,2,projected_saved_draft_candidate_at_or_after_rejection,3.0,AFTER_GUARD,True,4,3,2,NNB→JX
FLORES,P3,990,10,19,ALL_MORPH_BOUNDARY_GUARD,1,projected_saved_draft_candidate_at_or_after_rejection,3.0,AFTER_GUARD,True,4,4,3,XSV→ETM
FLORES,P3,990,15,29,ALL_MORPH_BOUNDARY_GUARD,3,projected_saved_draft_candidate_at_or_after_rejection,1.0,BEFORE_GUARD,False,4,2,1,VA→EF
FLORES,P3,990,16,30,ALL_MORPH_BOUNDARY_GUARD,3,projected_saved_draft_candidate_at_or_after_rejection,2.0,BEFORE_GUARD,False,4,2,1,VA→EF
FLORES,P3,991,2,5,ALL_MORPH_BOUNDARY_GUARD,3,projected_saved_draft_candidate_at_or_after_rejection,2.0,BEFORE_GUARD,False,4,2,1,XSN→JKB
FLORES,P3,991,4,9,ALL_MORPH_BOUNDARY_GUARD,3,projected_saved_draft_candidate_at_or_after_rejection,3.0,AT_GUARD,True,4,2,1,XSA→EC
FLORES,P3,991,6,15,ALL_MORPH_BOUNDARY_GUARD,2,projected_saved_draft_candidate_at_or_after_rejection,1.0,BEFORE_GUARD,False,4,3,2,VA-I→EC
FLORES,P3,991,13,29,NP_BOUNDARY_GUARD,1,projected_saved_draft_candidate_at_or_after_rejection,3.0,AFTER_GUARD,True,4,4,3,NNB→JKO
FLORES,P3,991,13,29,ALL_MORPH_BOUNDARY_GUARD,1,projected_saved_draft_candidate_at_or_after_rejection,3.0,AFTER_GUARD,True,4,4,3,NNB→JKO
FLORES,P3,991,14,32,ALL_MORPH_BOUNDARY_GUARD,3,saved_H3_exact_target_token,,NO_REJECTION,True,4,2,1,VA→EF
FLORES,P3,992,17,27,ALL_MORPH_BOUNDARY_GUARD,2,projected_saved_draft_candidate_at_or_after_rejection,1.0,BEFORE_GUARD,False,4,3,2,VV→ETM
FLORES,P3,993,8,16,ALL_MORPH_BOUNDARY_GUARD,2,projected_saved_draft_candidate_at_or_after_rejection,3.0,AFTER_GUARD,True,4,3,2,XSN→JX
FLORES,P3,993,18,37,ALL_MORPH_BOUNDARY_GUARD,1,projected_saved_draft_candidate_at_or_after_rejection,2.0,AFTER_GUARD,True,4,4,3,XSN→JKS
FLORES,P3,994,23,44,ALL_MORPH_BOUNDARY_GUARD,3,projected_saved_draft_candidate_at_or_after_rejection,2.0,BEFORE_GUARD,False,4,2,1,VCN→EC
FLORES,P3,995,6,14,ALL_MORPH_BOUNDARY_GUARD,1,projected_saved_draft_candidate_at_or_after_rejection,4.0,AFTER_GUARD,True,4,4,3,VA→ETM
FLORES,P3,995,7,18,ALL_MORPH_BOUNDARY_GUARD,2,saved_H3_exact_target_token,,NO_REJECTION,True,4,3,2,VA→EF
FLORES,P3,996,25,50,NP_BOUNDARY_GUARD,3,projected_saved_draft_candidate_at_or_after_rejection,1.0,BEFORE_GUARD,False,4,2,1,NNB→JKG
FLORES,P3,996,25,50,ALL_MORPH_BOUNDARY_GUARD,2,projected_saved_draft_candidate_at_or_after_rejection,1.0,BEFORE_GUARD,False,4,3,2,XSV→ETM
FLORES,P3,996,27,55,NP_BOUNDARY_GUARD,1,projected_saved_draft_candidate_at_or_after_rejection,1.0,AT_GUARD,True,4,4,3,NNB→JKG
FLORES,P3,996,27,55,ALL_MORPH_BOUNDARY_GUARD,1,projected_saved_draft_candidate_at_or_after_rejection,1.0,AT_GUARD,True,4,4,3,NNB→JKG
FLORES,P3,996,28,56,ALL_MORPH_BOUNDARY_GUARD,1,projected_saved_draft_candidate_at_or_after_rejection,1.0,AT_GUARD,True,4,4,3,VA→EF
FLORES,P3,997,3,9,ALL_MORPH_BOUNDARY_GUARD,1,saved_H3_exact_target_token,,NO_REJECTION,True,3,3,2,SL→SL
FLORES,P3,998,7,15,ALL_MORPH_BOUNDARY_GUARD,2,saved_H3_exact_target_token,,NO_REJECTION,True,4,3,2,VCP→EC
FLORES,P3,998,8,19,ALL_MORPH_BOUNDARY_GUARD,2,projected_saved_draft_candidate_at_or_after_rejection,1.0,BEFORE_GUARD,False,4,3,2,XSN→JKS
FLORES,P3,998,12,25,ALL_MORPH_BOUNDARY_GUARD,2,projected_saved_draft_candidate_at_or_after_rejection,3.0,AFTER_GUARD,True,4,3,2,XSV→ETM
FLORES,P3,999,0,0,ALL_MORPH_BOUNDARY_GUARD,1,projected_saved_draft_candidate_at_or_after_rejection,1.0,AT_GUARD,True,4,4,3,VA→ETM
FLORES,P3,999,4,13,ALL_MORPH_BOUNDARY_GUARD,1,saved_H3_exact_target_token,,NO_REJECTION,True,4,4,3,SO→SL
FLORES,P3,1000,0,0,ALL_MORPH_BOUNDARY_GUARD,3,projected_saved_draft_candidate_at_or_after_rejection,1.0,BEFORE_GUARD,False,4,2,1,XSN→JKB
FLORES,P3,1000,23,52,ALL_MORPH_BOUNDARY_GUARD,1,saved_H3_exact_target_token,,NO_REJECTION,True,3,3,2,VV→EF
FLORES,P3,1001,22,43,ALL_MORPH_BOUNDARY_GUARD,2,projected_saved_draft_candidate_at_or_after_rejection,1.0,BEFORE_GUARD,False,4,3,2,EP→EC
FLORES,P3,1001,23,44,ALL_MORPH_BOUNDARY_GUARD,2,saved_H3_exact_target_token,,NO_REJECTION,True,4,3,2,VA→EF
FLORES,P3,1002,2,5,ALL_MORPH_BOUNDARY_GUARD,2,projected_saved_draft_candidate_at_or_after_rejection,3.0,AFTER_GUARD,True,4,3,2,XSN→JX
FLORES,P3,1002,16,31,ALL_MORPH_BOUNDARY_GUARD,1,projected_saved_draft_candidate_at_or_after_rejection,3.0,AFTER_GUARD,True,4,4,3,XSV→EC
FLORES,P3,1002,17,34,ALL_MORPH_BOUNDARY_GUARD,2,projected_saved_draft_candidate_at_or_after_rejection,1.0,BEFORE_GUARD,False,4,3,2,XSN→JX
FLORES,P3,1002,20,37,ALL_MORPH_BOUNDARY_GUARD,3,projected_saved_draft_candidate_at_or_after_rejection,1.0,BEFORE_GUARD,False,4,2,1,JKB→JX
FLORES,P3,1004,6,13,ALL_MORPH_BOUNDARY_GUARD,1,projected_saved_draft_candidate_at_or_after_rejection,1.0,AT_GUARD,True,4,4,3,XSN→JKS
FLORES,P3,1004,27,48,ALL_MORPH_BOUNDARY_GUARD,1,projected_saved_draft_candidate_at_or_after_rejection,1.0,AT_GUARD,True,3,3,2,EP→EF
FLORES,P3,1005,6,14,ALL_MORPH_BOUNDARY_GUARD,1,projected_saved_draft_candidate_at_or_after_rejection,4.0,AFTER_GUARD,True,4,4,3,VA→ETM
FLORES,P3,1005,8,22,ALL_MORPH_BOUNDARY_GUARD,3,projected_saved_draft_candidate_at_or_after_rejection,1.0,BEFORE_GUARD,False,4,2,1,VV→EC
FLORES,P3,1005,9,23,ALL_MORPH_BOUNDARY_GUARD,3,projected_saved_draft_candidate_at_or_after_rejection,1.0,BEFORE_GUARD,False,4,2,1,JKB→JX
FLORES,P3,1005,10,24,ALL_MORPH_BOUNDARY_GUARD,2,projected_saved_draft_candidate_at_or_after_rejection,3.0,AFTER_GUARD,True,4,3,2,XSN→JX
FLORES,P3,1006,4,12,ALL_MORPH_BOUNDARY_GUARD,1,projected_saved_draft_candidate_at_or_after_rejection,2.0,AFTER_GUARD,True,4,4,3,XSV→EC
FLORES,P3,1006,15,39,NP_BOUNDARY_GUARD,2,projected_saved_draft_candidate_at_or_after_rejection,2.0,AT_GUARD,True,4,3,2,NNB→JKO
FLORES,P3,1006,15,39,ALL_MORPH_BOUNDARY_GUARD,2,projected_saved_draft_candidate_at_or_after_rejection,2.0,AT_GUARD,True,4,3,2,NNB→JKO
FLORES,P3,1007,4,7,ALL_MORPH_BOUNDARY_GUARD,1,projected_saved_draft_candidate_at_or_after_rejection,4.0,AFTER_GUARD,True,4,4,3,VA→ETM
FLORES,P3,1008,6,15,ALL_MORPH_BOUNDARY_GUARD,1,saved_H3_exact_target_token,,NO_REJECTION,True,4,4,3,XSN→JKB
FLORES,P3,1008,11,32,ALL_MORPH_BOUNDARY_GUARD,2,saved_H3_exact_target_token,,NO_REJECTION,True,4,3,2,VA→EF
FLORES,P3,1009,4,9,ALL_MORPH_BOUNDARY_GUARD,3,projected_saved_draft_candidate_at_or_after_rejection,1.0,BEFORE_GUARD,False,4,2,1,XSN→JKS
FLORES,P3,1009,5,10,ALL_MORPH_BOUNDARY_GUARD,2,projected_saved_draft_candidate_at_or_after_rejection,3.0,AFTER_GUARD,True,4,3,2,XSN→JKS
FLORES,P3,1009,7,16,ALL_MORPH_BOUNDARY_GUARD,1,projected_saved_draft_candidate_at_or_after_rejection,2.0,AFTER_GUARD,True,4,4,3,VX→ETM
FLORES,P3,1009,9,19,ALL_MORPH_BOUNDARY_GUARD,3,projected_saved_draft_candidate_at_or_after_rejection,4.0,AFTER_GUARD,True,4,2,1,VCP→EC
FLORES,P3,1010,5,17,ALL_MORPH_BOUNDARY_GUARD,2,projected_saved_draft_candidate_at_or_after_rejection,3.0,AFTER_GUARD,True,4,3,2,XSN→JX
FLORES,P3,1011,2,7,ALL_MORPH_BOUNDARY_GUARD,2,saved_H3_exact_target_token,,NO_REJECTION,True,4,3,2,XSA→EC
FLORES,P3,1011,4,14,NP_BOUNDARY_GUARD,1,saved_H3_exact_target_token,,NO_REJECTION,True,4,4,3,NNG→JKO
FLORES,P3,1011,4,14,ALL_MORPH_BOUNDARY_GUARD,1,saved_H3_exact_target_token,,NO_REJECTION,True,4,4,3,NNG→JKO
FLORES,P3,1011,8,25,ALL_MORPH_BOUNDARY_GUARD,3,saved_H3_exact_target_token,,NO_REJECTION,True,4,2,1,XSV→ETM
FLORES,P3,1012,1,4,ALL_MORPH_BOUNDARY_GUARD,1,projected_saved_draft_candidate_at_or_after_rejection,2.0,AFTER_GUARD,True,4,4,3,XSN→JX
