workload,pair,prompt_id,round_index,base_generation_position,policy,guard_slot,guard_source,baseline_reject_slot,baseline_rejection_relation,reachable_before_or_at_first_rejection,proposals_in_block,verifier_positions_from_cut_including_candidate,verifier_positions_after_candidate,crossed_fine_pos_sequence
FLORES,P2,1,1,2,NP_BOUNDARY_GUARD,2,projected_saved_rejected_draft_candidate,2.0,AT_GUARD,True,4,3,2,NP→JX
FLORES,P2,1,1,2,ALL_MORPH_BOUNDARY_GUARD,2,projected_saved_rejected_draft_candidate,2.0,AT_GUARD,True,4,3,2,NP→JX
FLORES,P2,1,3,8,ALL_MORPH_BOUNDARY_GUARD,1,projected_saved_rejected_draft_candidate,1.0,AT_GUARD,True,4,4,3,VA→ETM
FLORES,P2,1,11,28,ALL_MORPH_BOUNDARY_GUARD,1,saved_H3_exact_target_token,2.0,AFTER_GUARD,True,4,4,3,SP→SSC
FLORES,P2,2,24,58,ALL_MORPH_BOUNDARY_GUARD,3,projected_saved_rejected_draft_candidate,3.0,AT_GUARD,True,4,2,1,VA→EC
FLORES,P2,3,1,4,ALL_MORPH_BOUNDARY_GUARD,1,saved_H3_exact_target_token,,NO_REJECTION,True,4,4,3,XSN→JKB
FLORES,P2,3,6,21,ALL_MORPH_BOUNDARY_GUARD,1,saved_H3_exact_target_token,,NO_REJECTION,True,4,4,3,VX→EC
FLORES,P2,3,7,25,ALL_MORPH_BOUNDARY_GUARD,3,projected_saved_rejected_draft_candidate,3.0,AT_GUARD,True,4,2,1,XSV→ETM
FLORES,P2,3,10,30,ALL_MORPH_BOUNDARY_GUARD,1,saved_H3_exact_target_token,,NO_REJECTION,True,4,4,3,VX→EC
FLORES,P2,3,19,55,ALL_MORPH_BOUNDARY_GUARD,2,projected_saved_rejected_draft_candidate,2.0,AT_GUARD,True,4,3,2,XSN→JKS
FLORES,P2,3,20,57,ALL_MORPH_BOUNDARY_GUARD,1,saved_H3_exact_target_token,,NO_REJECTION,True,4,4,3,VA→EC
FLORES,P2,4,26,63,ALL_MORPH_BOUNDARY_GUARD,1,saved_H3_exact_target_token,2.0,AFTER_GUARD,True,4,4,3,XSN→JKB
FLORES,P2,4,33,75,ALL_MORPH_BOUNDARY_GUARD,1,saved_H3_exact_target_token,,NO_REJECTION,True,4,4,3,SSO→SL
FLORES,P2,4,36,87,NP_BOUNDARY_GUARD,2,projected_saved_rejected_draft_candidate,2.0,AT_GUARD,True,4,3,2,NNG→JKO
FLORES,P2,4,36,87,ALL_MORPH_BOUNDARY_GUARD,2,projected_saved_rejected_draft_candidate,2.0,AT_GUARD,True,4,3,2,NNG→JKO
FLORES,P2,5,5,11,NP_BOUNDARY_GUARD,1,projected_saved_rejected_draft_candidate,1.0,AT_GUARD,True,4,4,3,NP→JX
FLORES,P2,5,5,11,ALL_MORPH_BOUNDARY_GUARD,1,projected_saved_rejected_draft_candidate,1.0,AT_GUARD,True,4,4,3,NP→JX
FLORES,P2,5,7,16,ALL_MORPH_BOUNDARY_GUARD,3,projected_saved_rejected_draft_candidate,3.0,AT_GUARD,True,4,2,1,VX→EF
FLORES,P2,5,12,31,ALL_MORPH_BOUNDARY_GUARD,2,projected_saved_rejected_draft_candidate,2.0,AT_GUARD,True,4,3,2,XSV→EC
FLORES,P2,5,24,65,ALL_MORPH_BOUNDARY_GUARD,1,saved_H3_exact_target_token,,NO_REJECTION,True,2,2,1,SF→SSC
FLORES,P2,7,2,8,ALL_MORPH_BOUNDARY_GUARD,1,saved_H3_exact_target_token,,NO_REJECTION,True,4,4,3,EP→EC
FLORES,P2,11,8,23,ALL_MORPH_BOUNDARY_GUARD,3,projected_saved_rejected_draft_candidate,3.0,AT_GUARD,True,4,2,1,VA→EC
FLORES,P2,11,18,51,ALL_MORPH_BOUNDARY_GUARD,1,saved_H3_exact_target_token,,NO_REJECTION,True,4,4,3,VX→EP
FLORES,P2,12,4,14,ALL_MORPH_BOUNDARY_GUARD,1,saved_H3_exact_target_token,2.0,AFTER_GUARD,True,4,4,3,JKB→JX
FLORES,P2,12,11,37,ALL_MORPH_BOUNDARY_GUARD,3,saved_H3_exact_target_token,,NO_REJECTION,True,4,2,1,XSV→ETM
FLORES,P2,12,13,43,ALL_MORPH_BOUNDARY_GUARD,2,projected_saved_rejected_draft_candidate,2.0,AT_GUARD,True,4,3,2,XSV→ETM
FLORES,P2,13,15,39,ALL_MORPH_BOUNDARY_GUARD,2,saved_H3_exact_target_token,,NO_REJECTION,True,4,3,2,XSV→ETN
FLORES,P2,14,9,19,ALL_MORPH_BOUNDARY_GUARD,2,saved_H3_exact_target_token,,NO_REJECTION,True,4,3,2,XSV→EC
FLORES,P2,14,13,30,ALL_MORPH_BOUNDARY_GUARD,3,saved_H3_exact_target_token,,NO_REJECTION,True,4,2,1,XSN→JKB
FLORES,P2,14,18,47,ALL_MORPH_BOUNDARY_GUARD,3,saved_H3_exact_target_token,,NO_REJECTION,True,4,2,1,XSN→JKO
FLORES,P2,15,5,15,ALL_MORPH_BOUNDARY_GUARD,3,projected_saved_rejected_draft_candidate,3.0,AT_GUARD,True,4,2,1,XSV→EC
FLORES,P2,15,7,22,ALL_MORPH_BOUNDARY_GUARD,1,projected_saved_rejected_draft_candidate,1.0,AT_GUARD,True,4,4,3,XSN→JKB
FLORES,P2,15,16,47,ALL_MORPH_BOUNDARY_GUARD,1,saved_H3_exact_target_token,2.0,AFTER_GUARD,True,4,4,3,XSV→ETM
FLORES,P2,15,19,52,ALL_MORPH_BOUNDARY_GUARD,3,projected_saved_rejected_draft_candidate,3.0,AT_GUARD,True,4,2,1,VA→EF
FLORES,P2,15,24,61,ALL_MORPH_BOUNDARY_GUARD,1,saved_H3_exact_target_token,2.0,AFTER_GUARD,True,4,4,3,XSV→ETM
FLORES,P2,15,25,63,ALL_MORPH_BOUNDARY_GUARD,1,projected_saved_rejected_draft_candidate,1.0,AT_GUARD,True,4,4,3,VCN→EC
FLORES,P2,16,14,24,ALL_MORPH_BOUNDARY_GUARD,1,saved_H3_exact_target_token,,NO_REJECTION,True,4,4,3,XSV→EC
FLORES,P2,16,19,41,NP_BOUNDARY_GUARD,1,projected_saved_rejected_draft_candidate,1.0,AT_GUARD,True,4,4,3,NNG→JKO
FLORES,P2,16,19,41,ALL_MORPH_BOUNDARY_GUARD,1,projected_saved_rejected_draft_candidate,1.0,AT_GUARD,True,4,4,3,NNG→JKO
FLORES,P2,16,20,42,ALL_MORPH_BOUNDARY_GUARD,1,saved_H3_exact_target_token,4.0,AFTER_GUARD,True,4,4,3,XSV→EC
FLORES,P2,17,14,43,ALL_MORPH_BOUNDARY_GUARD,3,saved_H3_exact_target_token,,NO_REJECTION,True,4,2,1,XSN→JKS
FLORES,P2,17,17,52,ALL_MORPH_BOUNDARY_GUARD,1,projected_saved_rejected_draft_candidate,1.0,AT_GUARD,True,4,4,3,XSA→EC
FLORES,P2,20,7,16,ALL_MORPH_BOUNDARY_GUARD,3,saved_H3_exact_target_token,,NO_REJECTION,True,4,2,1,XSN→JKB
FLORES,P2,20,8,20,ALL_MORPH_BOUNDARY_GUARD,1,saved_H3_exact_target_token,,NO_REJECTION,True,4,4,3,XSV→ETM
FLORES,P2,20,40,116,ALL_MORPH_BOUNDARY_GUARD,2,saved_H3_exact_target_token,,NO_REJECTION,True,4,3,2,VV→EF
FLORES,P2,24,14,40,NP_BOUNDARY_GUARD,3,saved_H3_exact_target_token,,NO_REJECTION,True,4,2,1,NNG→JX
FLORES,P2,24,14,40,ALL_MORPH_BOUNDARY_GUARD,3,saved_H3_exact_target_token,,NO_REJECTION,True,4,2,1,NNG→JX
FLORES,P2,24,19,59,ALL_MORPH_BOUNDARY_GUARD,3,projected_saved_rejected_draft_candidate,3.0,AT_GUARD,True,4,2,1,VA→ETM
FLORES,P2,24,20,62,ALL_MORPH_BOUNDARY_GUARD,1,projected_saved_rejected_draft_candidate,1.0,AT_GUARD,True,4,4,3,VA→ETM
FLORES,P2,25,21,46,ALL_MORPH_BOUNDARY_GUARD,3,saved_H3_exact_target_token,,NO_REJECTION,True,4,2,1,VCP→EC
FLORES,P2,26,13,34,ALL_MORPH_BOUNDARY_GUARD,1,projected_saved_rejected_draft_candidate,1.0,AT_GUARD,True,3,3,2,VCP→EF
FLORES,P2,27,11,22,ALL_MORPH_BOUNDARY_GUARD,2,saved_H3_exact_target_token,,NO_REJECTION,True,4,3,2,XSV→ETM
FLORES,P2,27,13,28,ALL_MORPH_BOUNDARY_GUARD,2,saved_H3_exact_target_token,3.0,AFTER_GUARD,True,4,3,2,VCP→EC
FLORES,P2,27,22,49,ALL_MORPH_BOUNDARY_GUARD,1,saved_H3_exact_target_token,4.0,AFTER_GUARD,True,4,4,3,XSN→JKS
FLORES,P2,27,24,54,ALL_MORPH_BOUNDARY_GUARD,1,saved_H3_exact_target_token,,NO_REJECTION,True,4,4,3,XSV→EC
FLORES,P2,28,11,30,ALL_MORPH_BOUNDARY_GUARD,1,saved_H3_exact_target_token,2.0,AFTER_GUARD,True,4,4,3,XSV→ETM
FLORES,P2,28,12,32,ALL_MORPH_BOUNDARY_GUARD,1,saved_H3_exact_target_token,,NO_REJECTION,True,4,4,3,JX→JX
FLORES,P2,28,13,36,ALL_MORPH_BOUNDARY_GUARD,1,saved_H3_exact_target_token,2.0,AFTER_GUARD,True,4,4,3,XSN→JKB
FLORES,P2,28,19,47,ALL_MORPH_BOUNDARY_GUARD,1,projected_saved_rejected_draft_candidate,1.0,AT_GUARD,True,4,4,3,XSV→EC
FLORES,P2,28,22,55,ALL_MORPH_BOUNDARY_GUARD,2,projected_saved_rejected_draft_candidate,2.0,AT_GUARD,True,4,3,2,XSV→ETM
FLORES,P2,28,24,58,ALL_MORPH_BOUNDARY_GUARD,3,saved_H3_exact_target_token,4.0,AFTER_GUARD,True,4,2,1,VV→EC
FLORES,P2,28,30,74,ALL_MORPH_BOUNDARY_GUARD,1,projected_saved_rejected_draft_candidate,1.0,AT_GUARD,True,3,3,2,VA→EF
FLORES,P2,29,1,4,ALL_MORPH_BOUNDARY_GUARD,1,saved_H3_exact_target_token,,NO_REJECTION,True,4,4,3,XSN→JX
FLORES,P2,31,3,9,ALL_MORPH_BOUNDARY_GUARD,1,saved_H3_exact_target_token,,NO_REJECTION,True,4,4,3,SO→SL
FLORES,P2,31,13,49,ALL_MORPH_BOUNDARY_GUARD,2,saved_H3_exact_target_token,,NO_REJECTION,True,4,3,2,SL→SL
FLORES,P2,31,33,97,ALL_MORPH_BOUNDARY_GUARD,1,saved_H3_exact_target_token,3.0,AFTER_GUARD,True,4,4,3,XSN→JX
FLORES,P2,32,11,35,ALL_MORPH_BOUNDARY_GUARD,3,saved_H3_exact_target_token,4.0,AFTER_GUARD,True,4,2,1,XSV→EP
FLORES,P2,32,23,63,ALL_MORPH_BOUNDARY_GUARD,1,saved_H3_exact_target_token,,NO_REJECTION,True,4,4,3,JKB→JX
FLORES,P2,32,27,76,ALL_MORPH_BOUNDARY_GUARD,1,projected_saved_rejected_draft_candidate,1.0,AT_GUARD,True,4,4,3,VX→ETM
FLORES,P2,32,34,89,ALL_MORPH_BOUNDARY_GUARD,2,saved_H3_exact_target_token,,NO_REJECTION,True,4,3,2,SF→SSO
FLORES,P2,32,41,117,ALL_MORPH_BOUNDARY_GUARD,3,saved_H3_exact_target_token,,NO_REJECTION,True,4,2,1,SL→SL
FLORES,P2,33,21,43,NP_BOUNDARY_GUARD,3,projected_saved_rejected_draft_candidate,3.0,AT_GUARD,True,4,2,1,NNB→JKB
FLORES,P2,33,21,43,ALL_MORPH_BOUNDARY_GUARD,3,projected_saved_rejected_draft_candidate,3.0,AT_GUARD,True,4,2,1,NNB→JKB
FLORES,P2,34,30,62,NP_BOUNDARY_GUARD,1,saved_H3_exact_target_token,2.0,AFTER_GUARD,True,4,4,3,NNG→JKO
FLORES,P2,34,30,62,ALL_MORPH_BOUNDARY_GUARD,1,saved_H3_exact_target_token,2.0,AFTER_GUARD,True,4,4,3,NNG→JKO
FLORES,P2,34,31,64,ALL_MORPH_BOUNDARY_GUARD,1,saved_H3_exact_target_token,,NO_REJECTION,True,3,3,2,EP→EF
FLORES,P2,35,1,1,ALL_MORPH_BOUNDARY_GUARD,2,saved_H3_exact_target_token,,NO_REJECTION,True,4,3,2,SS→SL
FLORES,P2,35,3,9,ALL_MORPH_BOUNDARY_GUARD,3,saved_H3_exact_target_token,,NO_REJECTION,True,4,2,1,SL→SL
FLORES,P2,36,5,13,ALL_MORPH_BOUNDARY_GUARD,2,projected_saved_rejected_draft_candidate,2.0,AT_GUARD,True,4,3,2,XSV→ETM
FLORES,P2,38,4,10,ALL_MORPH_BOUNDARY_GUARD,3,saved_H3_exact_target_token,,NO_REJECTION,True,4,2,1,XSV→EC
FLORES,P2,38,9,24,ALL_MORPH_BOUNDARY_GUARD,2,projected_saved_rejected_draft_candidate,2.0,AT_GUARD,True,4,3,2,VA→EF
FLORES,P2,39,8,21,ALL_MORPH_BOUNDARY_GUARD,2,saved_H3_exact_target_token,3.0,AFTER_GUARD,True,4,3,2,XSN→JKS
FLORES,P2,41,16,39,ALL_MORPH_BOUNDARY_GUARD,3,projected_saved_rejected_draft_candidate,3.0,AT_GUARD,True,4,2,1,VV→EC
FLORES,P2,43,11,36,ALL_MORPH_BOUNDARY_GUARD,1,saved_H3_exact_target_token,3.0,AFTER_GUARD,True,4,4,3,XSA→EC
FLORES,P2,44,4,15,NP_BOUNDARY_GUARD,1,projected_saved_rejected_draft_candidate,1.0,AT_GUARD,True,4,4,3,NNG→JKG
FLORES,P2,44,4,15,ALL_MORPH_BOUNDARY_GUARD,1,projected_saved_rejected_draft_candidate,1.0,AT_GUARD,True,4,4,3,NNG→JKG
FLORES,P2,45,2,5,NP_BOUNDARY_GUARD,1,projected_saved_rejected_draft_candidate,1.0,AT_GUARD,True,4,4,3,NNG→JKS
FLORES,P2,45,2,5,ALL_MORPH_BOUNDARY_GUARD,1,projected_saved_rejected_draft_candidate,1.0,AT_GUARD,True,4,4,3,NNG→JKS
FLORES,P2,45,7,20,NP_BOUNDARY_GUARD,1,projected_saved_rejected_draft_candidate,1.0,AT_GUARD,True,4,4,3,NNG→JKS
FLORES,P2,45,7,20,ALL_MORPH_BOUNDARY_GUARD,1,projected_saved_rejected_draft_candidate,1.0,AT_GUARD,True,4,4,3,NNG→JKS
FLORES,P2,45,10,26,ALL_MORPH_BOUNDARY_GUARD,2,projected_saved_rejected_draft_candidate,2.0,AT_GUARD,True,4,3,2,VV→ETN
FLORES,P2,45,14,31,NP_BOUNDARY_GUARD,3,saved_H3_exact_target_token,4.0,AFTER_GUARD,True,4,2,1,NNG→JKO
FLORES,P2,45,14,31,ALL_MORPH_BOUNDARY_GUARD,3,saved_H3_exact_target_token,4.0,AFTER_GUARD,True,4,2,1,NNG→JKO
FLORES,P2,45,15,35,ALL_MORPH_BOUNDARY_GUARD,3,saved_H3_exact_target_token,4.0,AFTER_GUARD,True,4,2,1,VX→EP
FLORES,P2,46,4,13,ALL_MORPH_BOUNDARY_GUARD,3,saved_H3_exact_target_token,,NO_REJECTION,True,4,2,1,SL→SL
FLORES,P2,46,8,29,ALL_MORPH_BOUNDARY_GUARD,2,saved_H3_exact_target_token,,NO_REJECTION,True,4,3,2,SL→SL
FLORES,P2,46,23,64,ALL_MORPH_BOUNDARY_GUARD,1,saved_H3_exact_target_token,,NO_REJECTION,True,4,4,3,VX→EP
FLORES,P2,46,24,68,ALL_MORPH_BOUNDARY_GUARD,3,saved_H3_exact_target_token,,NO_REJECTION,True,4,2,1,XSV→ETM
FLORES,P2,46,27,77,ALL_MORPH_BOUNDARY_GUARD,2,saved_H3_exact_target_token,,NO_REJECTION,True,4,3,2,SF→SSC
FLORES,P2,47,0,0,NP_BOUNDARY_GUARD,3,saved_H3_exact_target_token,,NO_REJECTION,True,4,2,1,NP→JX
FLORES,P2,47,0,0,ALL_MORPH_BOUNDARY_GUARD,3,saved_H3_exact_target_token,,NO_REJECTION,True,4,2,1,NP→JX
FLORES,P2,47,16,46,ALL_MORPH_BOUNDARY_GUARD,1,saved_H3_exact_target_token,4.0,AFTER_GUARD,True,4,4,3,SP→SSC
FLORES,P2,48,2,8,ALL_MORPH_BOUNDARY_GUARD,2,saved_H3_exact_target_token,4.0,AFTER_GUARD,True,4,3,2,VV→EC
FLORES,P2,48,7,24,ALL_MORPH_BOUNDARY_GUARD,1,saved_H3_exact_target_token,3.0,AFTER_GUARD,True,4,4,3,VCP→EC
FLORES,P2,49,3,6,ALL_MORPH_BOUNDARY_GUARD,1,projected_saved_rejected_draft_candidate,1.0,AT_GUARD,True,4,4,3,VX→EF
FLORES,P2,49,9,18,ALL_MORPH_BOUNDARY_GUARD,3,projected_saved_rejected_draft_candidate,3.0,AT_GUARD,True,4,2,1,XSN→JKS
FLORES,P2,49,14,32,ALL_MORPH_BOUNDARY_GUARD,3,saved_H3_exact_target_token,4.0,AFTER_GUARD,True,4,2,1,XSV→ETM
FLORES,P2,50,1,4,ALL_MORPH_BOUNDARY_GUARD,1,saved_H3_exact_target_token,2.0,AFTER_GUARD,True,4,4,3,XSN→JX
FLORES,P2,50,2,6,ALL_MORPH_BOUNDARY_GUARD,1,saved_H3_exact_target_token,2.0,AFTER_GUARD,True,4,4,3,XSN→JKG
FLORES,P2,50,8,21,ALL_MORPH_BOUNDARY_GUARD,1,projected_saved_rejected_draft_candidate,1.0,AT_GUARD,True,4,4,3,VA→ETM
FLORES,P2,52,3,7,ALL_MORPH_BOUNDARY_GUARD,2,projected_saved_rejected_draft_candidate,2.0,AT_GUARD,True,4,3,2,XSV→EC
FLORES,P2,52,4,9,ALL_MORPH_BOUNDARY_GUARD,2,saved_H3_exact_target_token,4.0,AFTER_GUARD,True,4,3,2,EP→EF
FLORES,P2,52,29,80,ALL_MORPH_BOUNDARY_GUARD,3,saved_H3_exact_target_token,4.0,AFTER_GUARD,True,4,2,1,XSV→ETM
FLORES,P2,52,38,106,ALL_MORPH_BOUNDARY_GUARD,2,saved_H3_exact_target_token,,NO_REJECTION,True,4,3,2,VA→EF
FLORES,P2,53,10,28,ALL_MORPH_BOUNDARY_GUARD,1,saved_H3_exact_target_token,2.0,AFTER_GUARD,True,4,4,3,XSV→ETM
FLORES,P2,54,18,49,ALL_MORPH_BOUNDARY_GUARD,1,saved_H3_exact_target_token,,NO_REJECTION,True,3,3,2,VX→EF
FLORES,P2,55,1,1,ALL_MORPH_BOUNDARY_GUARD,3,projected_saved_rejected_draft_candidate,3.0,AT_GUARD,True,4,2,1,NNB→XSN
FLORES,P2,55,19,49,ALL_MORPH_BOUNDARY_GUARD,2,saved_H3_exact_target_token,,NO_REJECTION,True,4,3,2,XSV→ETN
FLORES,P2,56,21,66,ALL_MORPH_BOUNDARY_GUARD,1,saved_H3_exact_target_token,,NO_REJECTION,True,4,4,3,NNG→VV
FLORES,P2,57,6,14,NP_BOUNDARY_GUARD,1,saved_H3_exact_target_token,2.0,AFTER_GUARD,True,4,4,3,NNG→JKO
FLORES,P2,57,6,14,ALL_MORPH_BOUNDARY_GUARD,1,saved_H3_exact_target_token,2.0,AFTER_GUARD,True,4,4,3,NNG→JKO
FLORES,P2,57,23,52,ALL_MORPH_BOUNDARY_GUARD,1,projected_saved_rejected_draft_candidate,1.0,AT_GUARD,True,4,4,3,VA→ETM
FLORES,P2,58,9,28,ALL_MORPH_BOUNDARY_GUARD,1,saved_H3_exact_target_token,,NO_REJECTION,True,4,4,3,SS→SL
FLORES,P2,58,10,32,ALL_MORPH_BOUNDARY_GUARD,1,projected_saved_rejected_draft_candidate,1.0,AT_GUARD,True,2,2,1,SL→SSC
FLORES,P2,58,19,64,ALL_MORPH_BOUNDARY_GUARD,1,saved_H3_exact_target_token,,NO_REJECTION,True,4,4,3,SS→SL
FLORES,P2,58,20,68,ALL_MORPH_BOUNDARY_GUARD,1,saved_H3_exact_target_token,,NO_REJECTION,True,2,2,1,SL→SSC
FLORES,P2,59,1,3,ALL_MORPH_BOUNDARY_GUARD,1,saved_H3_exact_target_token,4.0,AFTER_GUARD,True,4,4,3,XSN→JX
FLORES,P2,59,11,27,NP_BOUNDARY_GUARD,3,projected_saved_rejected_draft_candidate,3.0,AT_GUARD,True,4,2,1,NNB→JKO
FLORES,P2,59,11,27,ALL_MORPH_BOUNDARY_GUARD,2,saved_H3_exact_target_token,3.0,AFTER_GUARD,True,4,3,2,XSV→ETM
FLORES,P2,59,13,32,NP_BOUNDARY_GUARD,1,saved_H3_exact_target_token,,NO_REJECTION,True,4,4,3,NNG→JKO
FLORES,P2,59,13,32,ALL_MORPH_BOUNDARY_GUARD,1,saved_H3_exact_target_token,,NO_REJECTION,True,4,4,3,NNG→JKO
FLORES,P2,63,2,5,ALL_MORPH_BOUNDARY_GUARD,1,projected_saved_rejected_draft_candidate,1.0,AT_GUARD,True,4,4,3,VA→ETM
FLORES,P2,63,5,14,ALL_MORPH_BOUNDARY_GUARD,3,saved_H3_exact_target_token,,NO_REJECTION,True,4,2,1,JKB→JX
FLORES,P2,63,14,35,ALL_MORPH_BOUNDARY_GUARD,1,saved_H3_exact_target_token,,NO_REJECTION,True,4,4,3,XSN→JKS
FLORES,P2,64,1,2,ALL_MORPH_BOUNDARY_GUARD,1,saved_H3_exact_target_token,,NO_REJECTION,True,4,4,3,XSN→JX
FLORES,P2,64,4,11,ALL_MORPH_BOUNDARY_GUARD,1,saved_H3_exact_target_token,,NO_REJECTION,True,4,4,3,XSV→ETN
FLORES,P2,64,10,28,ALL_MORPH_BOUNDARY_GUARD,1,projected_saved_rejected_draft_candidate,1.0,AT_GUARD,True,4,4,3,XSV→ETM
FLORES,P2,65,0,0,ALL_MORPH_BOUNDARY_GUARD,2,saved_H3_exact_target_token,3.0,AFTER_GUARD,True,4,3,2,NNG→NNG
FLORES,P2,65,16,46,ALL_MORPH_BOUNDARY_GUARD,2,projected_saved_rejected_draft_candidate,2.0,AT_GUARD,True,4,3,2,XSV→EC
FLORES,P2,66,14,39,ALL_MORPH_BOUNDARY_GUARD,1,projected_saved_rejected_draft_candidate,1.0,AT_GUARD,True,4,4,3,XSV→EC
FLORES,P2,67,14,35,ALL_MORPH_BOUNDARY_GUARD,1,saved_H3_exact_target_token,,NO_REJECTION,True,3,3,2,EP→EF
FLORES,P2,69,11,34,ALL_MORPH_BOUNDARY_GUARD,1,saved_H3_exact_target_token,2.0,AFTER_GUARD,True,4,4,3,XSV→ETM
FLORES,P2,70,20,46,ALL_MORPH_BOUNDARY_GUARD,1,saved_H3_exact_target_token,,NO_REJECTION,True,3,3,2,EP→EF
FLORES,P2,72,28,67,ALL_MORPH_BOUNDARY_GUARD,1,projected_saved_rejected_draft_candidate,1.0,AT_GUARD,True,4,4,3,XSV→EC
FLORES,P2,72,31,74,ALL_MORPH_BOUNDARY_GUARD,1,projected_saved_rejected_draft_candidate,1.0,AT_GUARD,True,4,4,3,ETN→JKB
FLORES,P2,72,33,79,ALL_MORPH_BOUNDARY_GUARD,1,projected_saved_rejected_draft_candidate,1.0,AT_GUARD,True,4,4,3,XSV→ETN
FLORES,P2,73,12,39,ALL_MORPH_BOUNDARY_GUARD,2,projected_saved_rejected_draft_candidate,2.0,AT_GUARD,True,4,3,2,XSA→EC
FLORES,P2,74,13,30,ALL_MORPH_BOUNDARY_GUARD,1,projected_saved_rejected_draft_candidate,1.0,AT_GUARD,True,4,4,3,XSV→ETN
FLORES,P2,74,17,35,ALL_MORPH_BOUNDARY_GUARD,1,projected_saved_rejected_draft_candidate,1.0,AT_GUARD,True,4,4,3,VX→ETM
FLORES,P2,74,34,72,ALL_MORPH_BOUNDARY_GUARD,1,saved_H3_exact_target_token,3.0,AFTER_GUARD,True,4,4,3,NNG→NNG
FLORES,P2,74,45,103,ALL_MORPH_BOUNDARY_GUARD,2,projected_saved_rejected_draft_candidate,2.0,AT_GUARD,True,4,3,2,VX→EF
FLORES,P2,74,46,105,ALL_MORPH_BOUNDARY_GUARD,2,saved_H3_exact_target_token,3.0,AFTER_GUARD,True,4,3,2,XSV→EC
FLORES,P2,75,5,16,ALL_MORPH_BOUNDARY_GUARD,2,saved_H3_exact_target_token,,NO_REJECTION,True,4,3,2,SS→SL
FLORES,P2,75,12,39,ALL_MORPH_BOUNDARY_GUARD,1,saved_H3_exact_target_token,,NO_REJECTION,True,3,3,2,SL→SL
FLORES,P2,76,4,13,ALL_MORPH_BOUNDARY_GUARD,1,saved_H3_exact_target_token,,NO_REJECTION,True,4,4,3,SL→SL
FLORES,P2,77,3,9,ALL_MORPH_BOUNDARY_GUARD,3,saved_H3_exact_target_token,,NO_REJECTION,True,4,2,1,XSV→EC
FLORES,P2,77,7,22,ALL_MORPH_BOUNDARY_GUARD,2,projected_saved_rejected_draft_candidate,2.0,AT_GUARD,True,4,3,2,XSV→EP
FLORES,P2,77,13,40,NP_BOUNDARY_GUARD,1,projected_saved_rejected_draft_candidate,1.0,AT_GUARD,True,4,4,3,NNB→JKB
FLORES,P2,77,13,40,ALL_MORPH_BOUNDARY_GUARD,1,projected_saved_rejected_draft_candidate,1.0,AT_GUARD,True,4,4,3,NNB→JKB
FLORES,P2,78,13,31,ALL_MORPH_BOUNDARY_GUARD,2,saved_H3_exact_target_token,3.0,AFTER_GUARD,True,4,3,2,JKB→JX
FLORES,P2,80,13,33,ALL_MORPH_BOUNDARY_GUARD,2,saved_H3_exact_target_token,3.0,AFTER_GUARD,True,4,3,2,XSV→ETM
FLORES,P2,82,3,6,ALL_MORPH_BOUNDARY_GUARD,1,projected_saved_rejected_draft_candidate,1.0,AT_GUARD,True,4,4,3,VX→EF
FLORES,P2,82,8,19,ALL_MORPH_BOUNDARY_GUARD,2,saved_H3_exact_target_token,,NO_REJECTION,True,4,3,2,SSO→SL
FLORES,P2,82,14,38,ALL_MORPH_BOUNDARY_GUARD,2,saved_H3_exact_target_token,,NO_REJECTION,True,4,3,2,VX→EF
FLORES,P2,85,3,6,ALL_MORPH_BOUNDARY_GUARD,1,projected_saved_rejected_draft_candidate,1.0,AT_GUARD,True,4,4,3,VX→EF
FLORES,P2,85,13,32,ALL_MORPH_BOUNDARY_GUARD,2,saved_H3_exact_target_token,,NO_REJECTION,True,4,3,2,VX→EF
FLORES,P2,87,2,3,NP_BOUNDARY_GUARD,1,projected_saved_rejected_draft_candidate,1.0,AT_GUARD,True,4,4,3,NP→JKS
FLORES,P2,87,2,3,ALL_MORPH_BOUNDARY_GUARD,1,projected_saved_rejected_draft_candidate,1.0,AT_GUARD,True,4,4,3,NP→JKS
FLORES,P2,87,8,16,ALL_MORPH_BOUNDARY_GUARD,2,saved_H3_exact_target_token,,NO_REJECTION,True,4,3,2,XSA→EC
FLORES,P2,87,9,20,ALL_MORPH_BOUNDARY_GUARD,1,saved_H3_exact_target_token,,NO_REJECTION,True,4,4,3,VX→EP
FLORES,P2,87,13,32,ALL_MORPH_BOUNDARY_GUARD,1,saved_H3_exact_target_token,,NO_REJECTION,True,4,4,3,XSV→EC
FLORES,P2,87,18,47,ALL_MORPH_BOUNDARY_GUARD,2,projected_saved_rejected_draft_candidate,2.0,AT_GUARD,True,4,3,2,XSV→EC
FLORES,P2,87,24,57,ALL_MORPH_BOUNDARY_GUARD,3,saved_H3_exact_target_token,,NO_REJECTION,True,4,2,1,SF→SSC
FLORES,P2,88,24,73,ALL_MORPH_BOUNDARY_GUARD,1,projected_saved_rejected_draft_candidate,1.0,AT_GUARD,True,4,4,3,XSV→ETM
FLORES,P2,89,2,5,ALL_MORPH_BOUNDARY_GUARD,3,saved_H3_exact_target_token,,NO_REJECTION,True,4,2,1,XSN→VCP
FLORES,P2,89,9,30,ALL_MORPH_BOUNDARY_GUARD,3,saved_H3_exact_target_token,,NO_REJECTION,True,4,2,1,XSV→ETN
FLORES,P2,90,5,16,ALL_MORPH_BOUNDARY_GUARD,2,saved_H3_exact_target_token,,NO_REJECTION,True,4,3,2,SS→SL
FLORES,P2,90,7,24,ALL_MORPH_BOUNDARY_GUARD,1,saved_H3_exact_target_token,,NO_REJECTION,True,4,4,3,SS→SL
FLORES,P2,91,18,34,ALL_MORPH_BOUNDARY_GUARD,2,saved_H3_exact_target_token,3.0,AFTER_GUARD,True,4,3,2,VV→EC
FLORES,P2,92,1,4,ALL_MORPH_BOUNDARY_GUARD,1,saved_H3_exact_target_token,2.0,AFTER_GUARD,True,4,4,3,XSN→JX
FLORES,P2,92,3,10,ALL_MORPH_BOUNDARY_GUARD,2,projected_saved_rejected_draft_candidate,2.0,AT_GUARD,True,4,3,2,VA→ETM
FLORES,P2,92,6,18,ALL_MORPH_BOUNDARY_GUARD,2,projected_saved_rejected_draft_candidate,2.0,AT_GUARD,True,4,3,2,VA→ETM
FLORES,P2,92,11,33,NP_BOUNDARY_GUARD,2,projected_saved_rejected_draft_candidate,2.0,AT_GUARD,True,4,3,2,NNB→JKO
FLORES,P2,92,11,33,ALL_MORPH_BOUNDARY_GUARD,2,projected_saved_rejected_draft_candidate,2.0,AT_GUARD,True,4,3,2,NNB→JKO
FLORES,P2,93,8,23,ALL_MORPH_BOUNDARY_GUARD,2,projected_saved_rejected_draft_candidate,2.0,AT_GUARD,True,4,3,2,VA→ETM
FLORES,P2,93,13,31,ALL_MORPH_BOUNDARY_GUARD,3,saved_H3_exact_target_token,,NO_REJECTION,True,4,2,1,XSV→EC
FLORES,P2,94,5,17,ALL_MORPH_BOUNDARY_GUARD,2,projected_saved_rejected_draft_candidate,2.0,AT_GUARD,True,4,3,2,VX→EF
FLORES,P2,95,5,10,ALL_MORPH_BOUNDARY_GUARD,2,projected_saved_rejected_draft_candidate,2.0,AT_GUARD,True,4,3,2,XSV→EC
FLORES,P2,97,17,40,ALL_MORPH_BOUNDARY_GUARD,1,saved_H3_exact_target_token,2.0,AFTER_GUARD,True,4,4,3,XSV→EC
FLORES,P2,97,18,42,ALL_MORPH_BOUNDARY_GUARD,2,projected_saved_rejected_draft_candidate,2.0,AT_GUARD,True,4,3,2,XSV→EP
FLORES,P2,97,21,51,ALL_MORPH_BOUNDARY_GUARD,1,saved_H3_exact_target_token,,NO_REJECTION,True,4,4,3,XSV→EC
FLORES,P2,98,7,15,ALL_MORPH_BOUNDARY_GUARD,3,saved_H3_exact_target_token,,NO_REJECTION,True,4,2,1,SO→SL
FLORES,P2,98,14,34,ALL_MORPH_BOUNDARY_GUARD,2,saved_H3_exact_target_token,,NO_REJECTION,True,4,3,2,SO→SL
FLORES,P2,100,2,6,NP_BOUNDARY_GUARD,3,saved_H3_exact_target_token,,NO_REJECTION,True,4,2,1,NNG→JKS
FLORES,P2,100,2,6,ALL_MORPH_BOUNDARY_GUARD,3,saved_H3_exact_target_token,,NO_REJECTION,True,4,2,1,NNG→JKS
FLORES,P2,100,11,35,ALL_MORPH_BOUNDARY_GUARD,3,saved_H3_exact_target_token,,NO_REJECTION,True,4,2,1,EP→EF
FLORES,P2,101,7,28,ALL_MORPH_BOUNDARY_GUARD,2,saved_H3_exact_target_token,,NO_REJECTION,True,4,3,2,VA→EF
FLORES,P2,103,8,22,ALL_MORPH_BOUNDARY_GUARD,1,saved_H3_exact_target_token,3.0,AFTER_GUARD,True,4,4,3,VX→EC
FLORES,P2,104,1,4,ALL_MORPH_BOUNDARY_GUARD,1,saved_H3_exact_target_token,,NO_REJECTION,True,4,4,3,XSN→JX
FLORES,P2,105,0,0,ALL_MORPH_BOUNDARY_GUARD,2,saved_H3_exact_target_token,3.0,AFTER_GUARD,True,4,3,2,XSN→JX
FLORES,P2,105,4,10,NP_BOUNDARY_GUARD,1,projected_saved_rejected_draft_candidate,1.0,AT_GUARD,True,4,4,3,NNG→JKO
FLORES,P2,105,4,10,ALL_MORPH_BOUNDARY_GUARD,1,projected_saved_rejected_draft_candidate,1.0,AT_GUARD,True,4,4,3,NNG→JKO
FLORES,P2,105,8,23,ALL_MORPH_BOUNDARY_GUARD,3,projected_saved_rejected_draft_candidate,3.0,AT_GUARD,True,4,2,1,VV→EF
FLORES,P2,105,9,26,ALL_MORPH_BOUNDARY_GUARD,2,projected_saved_rejected_draft_candidate,2.0,AT_GUARD,True,4,3,2,XSV→EC
FLORES,P2,105,11,31,ALL_MORPH_BOUNDARY_GUARD,1,saved_H3_exact_target_token,,NO_REJECTION,True,4,4,3,XSV→EC
FLORES,P2,106,6,19,ALL_MORPH_BOUNDARY_GUARD,1,saved_H3_exact_target_token,,NO_REJECTION,True,3,3,2,VX→EF
FLORES,P2,109,6,11,ALL_MORPH_BOUNDARY_GUARD,2,projected_saved_rejected_draft_candidate,2.0,AT_GUARD,True,4,3,2,VA→ETM
FLORES,P2,109,14,25,NP_BOUNDARY_GUARD,2,projected_saved_rejected_draft_candidate,2.0,AT_GUARD,True,4,3,2,NNG→JX
FLORES,P2,109,14,25,ALL_MORPH_BOUNDARY_GUARD,2,projected_saved_rejected_draft_candidate,2.0,AT_GUARD,True,4,3,2,NNG→JX
FLORES,P2,109,21,35,NP_BOUNDARY_GUARD,2,saved_H3_exact_target_token,,NO_REJECTION,True,4,3,2,NNG→JX
FLORES,P2,109,21,35,ALL_MORPH_BOUNDARY_GUARD,2,saved_H3_exact_target_token,,NO_REJECTION,True,4,3,2,NNG→JX
FLORES,P2,112,4,12,ALL_MORPH_BOUNDARY_GUARD,2,saved_H3_exact_target_token,3.0,AFTER_GUARD,True,4,3,2,VV→EP
FLORES,P2,114,4,13,ALL_MORPH_BOUNDARY_GUARD,3,saved_H3_exact_target_token,,NO_REJECTION,True,4,2,1,SL→SL
FLORES,P2,114,10,34,ALL_MORPH_BOUNDARY_GUARD,3,saved_H3_exact_target_token,,NO_REJECTION,True,4,2,1,SL→SL
FLORES,P2,115,8,28,ALL_MORPH_BOUNDARY_GUARD,2,saved_H3_exact_target_token,,NO_REJECTION,True,4,3,2,SL→SL
FLORES,P2,116,8,23,ALL_MORPH_BOUNDARY_GUARD,1,saved_H3_exact_target_token,2.0,AFTER_GUARD,True,4,4,3,VCP→EC
FLORES,P2,117,1,4,ALL_MORPH_BOUNDARY_GUARD,1,saved_H3_exact_target_token,,NO_REJECTION,True,4,4,3,XSN→JKB
FLORES,P2,117,6,19,ALL_MORPH_BOUNDARY_GUARD,2,saved_H3_exact_target_token,,NO_REJECTION,True,4,3,2,XSV→ETN
FLORES,P2,118,21,49,ALL_MORPH_BOUNDARY_GUARD,3,projected_saved_rejected_draft_candidate,3.0,AT_GUARD,True,4,2,1,EP→EC
FLORES,P2,121,2,8,ALL_MORPH_BOUNDARY_GUARD,1,saved_H3_exact_target_token,,NO_REJECTION,True,4,4,3,NNB→XSN
FLORES,P2,121,9,30,ALL_MORPH_BOUNDARY_GUARD,2,projected_saved_rejected_draft_candidate,2.0,AT_GUARD,True,4,3,2,XSN→JKG
FLORES,P2,121,19,47,ALL_MORPH_BOUNDARY_GUARD,2,projected_saved_rejected_draft_candidate,2.0,AT_GUARD,True,4,3,2,XSV→EF
FLORES,P2,122,8,16,ALL_MORPH_BOUNDARY_GUARD,1,projected_saved_rejected_draft_candidate,1.0,AT_GUARD,True,4,4,3,ETN→JX
FLORES,P2,123,6,15,ALL_MORPH_BOUNDARY_GUARD,3,saved_H3_exact_target_token,4.0,AFTER_GUARD,True,4,2,1,SL→SL
FLORES,P2,123,16,51,ALL_MORPH_BOUNDARY_GUARD,1,projected_saved_rejected_draft_candidate,1.0,AT_GUARD,True,4,4,3,SF→SSC
FLORES,P2,124,2,8,NP_BOUNDARY_GUARD,3,projected_saved_rejected_draft_candidate,3.0,AT_GUARD,True,4,2,1,NNG→JKS
FLORES,P2,124,2,8,ALL_MORPH_BOUNDARY_GUARD,3,projected_saved_rejected_draft_candidate,3.0,AT_GUARD,True,4,2,1,NNG→JKS
FLORES,P2,124,5,16,ALL_MORPH_BOUNDARY_GUARD,2,projected_saved_rejected_draft_candidate,2.0,AT_GUARD,True,4,3,2,XSV→EC
FLORES,P2,124,6,18,ALL_MORPH_BOUNDARY_GUARD,1,saved_H3_exact_target_token,3.0,AFTER_GUARD,True,4,4,3,XSV→EC
FLORES,P2,126,8,19,ALL_MORPH_BOUNDARY_GUARD,1,saved_H3_exact_target_token,,NO_REJECTION,True,4,4,3,XSV→ETM
FLORES,P2,126,10,26,ALL_MORPH_BOUNDARY_GUARD,3,saved_H3_exact_target_token,,NO_REJECTION,True,4,2,1,XSN→JKS
FLORES,P2,126,14,39,ALL_MORPH_BOUNDARY_GUARD,2,saved_H3_exact_target_token,,NO_REJECTION,True,4,3,2,VX→EP
FLORES,P2,126,18,51,ALL_MORPH_BOUNDARY_GUARD,2,saved_H3_exact_target_token,,NO_REJECTION,True,3,2,1,SF→SSC
FLORES,P2,127,3,10,ALL_MORPH_BOUNDARY_GUARD,2,projected_saved_rejected_draft_candidate,2.0,AT_GUARD,True,4,3,2,VV→EC
FLORES,P2,128,6,17,ALL_MORPH_BOUNDARY_GUARD,1,saved_H3_exact_target_token,3.0,AFTER_GUARD,True,4,4,3,XSV→EC
FLORES,P2,128,8,24,ALL_MORPH_BOUNDARY_GUARD,1,saved_H3_exact_target_token,2.0,AFTER_GUARD,True,4,4,3,XSN→JKS
FLORES,P2,128,12,33,ALL_MORPH_BOUNDARY_GUARD,3,projected_saved_rejected_draft_candidate,3.0,AT_GUARD,True,4,2,1,XSV→ETM
FLORES,P2,128,14,39,ALL_MORPH_BOUNDARY_GUARD,2,saved_H3_exact_target_token,,NO_REJECTION,True,4,3,2,VV→ETM
FLORES,P2,129,7,15,ALL_MORPH_BOUNDARY_GUARD,2,saved_H3_exact_target_token,3.0,AFTER_GUARD,True,4,3,2,XSN→JKS
FLORES,P2,129,9,22,ALL_MORPH_BOUNDARY_GUARD,3,projected_saved_rejected_draft_candidate,3.0,AT_GUARD,True,4,2,1,XSV→ETN
FLORES,P2,130,7,26,ALL_MORPH_BOUNDARY_GUARD,2,saved_H3_exact_target_token,,NO_REJECTION,True,4,3,2,VA→EF
FLORES,P2,131,4,14,NP_BOUNDARY_GUARD,1,projected_saved_rejected_draft_candidate,1.0,AT_GUARD,True,4,4,3,NNB→JKO
FLORES,P2,131,4,14,ALL_MORPH_BOUNDARY_GUARD,1,projected_saved_rejected_draft_candidate,1.0,AT_GUARD,True,4,4,3,NNB→JKO
FLORES,P2,131,5,15,ALL_MORPH_BOUNDARY_GUARD,1,saved_H3_exact_target_token,2.0,AFTER_GUARD,True,4,4,3,XSN→JKO
FLORES,P2,132,9,20,ALL_MORPH_BOUNDARY_GUARD,1,projected_saved_rejected_draft_candidate,1.0,AT_GUARD,True,4,4,3,XSN→JKO
FLORES,P2,132,10,21,ALL_MORPH_BOUNDARY_GUARD,2,projected_saved_rejected_draft_candidate,2.0,AT_GUARD,True,4,3,2,XSV→ETM
FLORES,P2,133,3,7,NP_BOUNDARY_GUARD,3,projected_saved_rejected_draft_candidate,3.0,AT_GUARD,True,4,2,1,NNG→JKO
FLORES,P2,133,3,7,ALL_MORPH_BOUNDARY_GUARD,3,projected_saved_rejected_draft_candidate,3.0,AT_GUARD,True,4,2,1,NNG→JKO
FLORES,P2,133,4,10,ALL_MORPH_BOUNDARY_GUARD,1,saved_H3_exact_target_token,,NO_REJECTION,True,4,4,3,XSN→JKS
FLORES,P2,133,10,31,ALL_MORPH_BOUNDARY_GUARD,3,saved_H3_exact_target_token,4.0,AFTER_GUARD,True,4,2,1,XSN→JX
FLORES,P2,134,1,4,ALL_MORPH_BOUNDARY_GUARD,1,saved_H3_exact_target_token,,NO_REJECTION,True,4,4,3,XSN→JX
FLORES,P2,134,9,24,ALL_MORPH_BOUNDARY_GUARD,1,saved_H3_exact_target_token,2.0,AFTER_GUARD,True,4,4,3,XSA→EC
FLORES,P2,136,14,27,ALL_MORPH_BOUNDARY_GUARD,3,projected_saved_rejected_draft_candidate,3.0,AT_GUARD,True,4,2,1,XSN→JKO
FLORES,P2,137,1,4,ALL_MORPH_BOUNDARY_GUARD,1,projected_saved_rejected_draft_candidate,1.0,AT_GUARD,True,4,4,3,XSN→JKS
FLORES,P2,138,10,25,NP_BOUNDARY_GUARD,3,saved_H3_exact_target_token,4.0,AFTER_GUARD,True,4,2,1,NNG→JKO
FLORES,P2,138,10,25,ALL_MORPH_BOUNDARY_GUARD,3,saved_H3_exact_target_token,4.0,AFTER_GUARD,True,4,2,1,NNG→JKO
FLORES,P2,139,7,14,ALL_MORPH_BOUNDARY_GUARD,1,saved_H3_exact_target_token,4.0,AFTER_GUARD,True,4,4,3,XSV→ETM
FLORES,P2,140,1,1,ALL_MORPH_BOUNDARY_GUARD,1,saved_H3_exact_target_token,4.0,AFTER_GUARD,True,4,4,3,XSN→JKB
FLORES,P2,140,2,5,NP_BOUNDARY_GUARD,3,saved_H3_exact_target_token,,NO_REJECTION,True,4,2,1,NNG→JKS
FLORES,P2,140,2,5,ALL_MORPH_BOUNDARY_GUARD,3,saved_H3_exact_target_token,,NO_REJECTION,True,4,2,1,NNG→JKS
FLORES,P2,140,6,17,NP_BOUNDARY_GUARD,3,saved_H3_exact_target_token,4.0,AFTER_GUARD,True,4,2,1,NNG→JKS
FLORES,P2,140,6,17,ALL_MORPH_BOUNDARY_GUARD,3,saved_H3_exact_target_token,4.0,AFTER_GUARD,True,4,2,1,NNG→JKS
FLORES,P2,141,7,25,ALL_MORPH_BOUNDARY_GUARD,3,saved_H3_exact_target_token,4.0,AFTER_GUARD,True,4,2,1,SL→SL
FLORES,P2,142,3,9,ALL_MORPH_BOUNDARY_GUARD,1,saved_H3_exact_target_token,4.0,AFTER_GUARD,True,4,4,3,VX→EP
FLORES,P2,142,16,49,ALL_MORPH_BOUNDARY_GUARD,3,saved_H3_exact_target_token,,NO_REJECTION,True,4,2,1,XSV→EC
FLORES,P2,142,18,54,ALL_MORPH_BOUNDARY_GUARD,1,saved_H3_exact_target_token,,NO_REJECTION,True,4,4,3,VCP→EC
FLORES,P2,143,3,6,ALL_MORPH_BOUNDARY_GUARD,1,projected_saved_rejected_draft_candidate,1.0,AT_GUARD,True,4,4,3,JKB→JX
FLORES,P2,143,6,12,ALL_MORPH_BOUNDARY_GUARD,2,saved_H3_exact_target_token,3.0,AFTER_GUARD,True,4,3,2,XSN→JX
FLORES,P2,145,2,7,NP_BOUNDARY_GUARD,1,projected_saved_rejected_draft_candidate,1.0,AT_GUARD,True,4,4,3,NNB→JKS
FLORES,P2,145,2,7,ALL_MORPH_BOUNDARY_GUARD,1,projected_saved_rejected_draft_candidate,1.0,AT_GUARD,True,4,4,3,NNB→JKS
FLORES,P2,145,7,24,ALL_MORPH_BOUNDARY_GUARD,1,saved_H3_exact_target_token,2.0,AFTER_GUARD,True,4,4,3,VX→ETM
FLORES,P2,145,8,26,ALL_MORPH_BOUNDARY_GUARD,2,saved_H3_exact_target_token,,NO_REJECTION,True,3,2,1,SF→SSC
FLORES,P2,146,15,43,ALL_MORPH_BOUNDARY_GUARD,2,projected_saved_rejected_draft_candidate,2.0,AT_GUARD,True,4,3,2,VX→EF
FLORES,P2,147,4,13,ALL_MORPH_BOUNDARY_GUARD,1,saved_H3_exact_target_token,,NO_REJECTION,True,4,4,3,SSC→SP
FLORES,P2,147,6,21,ALL_MORPH_BOUNDARY_GUARD,1,saved_H3_exact_target_token,,NO_REJECTION,True,3,3,2,SL→SL
FLORES,P2,148,7,17,ALL_MORPH_BOUNDARY_GUARD,3,saved_H3_exact_target_token,4.0,AFTER_GUARD,True,4,2,1,XSV→EC
FLORES,P2,148,8,21,NP_BOUNDARY_GUARD,1,projected_saved_rejected_draft_candidate,1.0,AT_GUARD,True,4,4,3,NNG→JKO
FLORES,P2,148,8,21,ALL_MORPH_BOUNDARY_GUARD,1,projected_saved_rejected_draft_candidate,1.0,AT_GUARD,True,4,4,3,NNG→JKO
FLORES,P2,148,12,28,NP_BOUNDARY_GUARD,2,projected_saved_rejected_draft_candidate,2.0,AT_GUARD,True,4,3,2,NNG→JKS
FLORES,P2,148,12,28,ALL_MORPH_BOUNDARY_GUARD,2,projected_saved_rejected_draft_candidate,2.0,AT_GUARD,True,4,3,2,NNG→JKS
FLORES,P2,148,13,30,ALL_MORPH_BOUNDARY_GUARD,2,saved_H3_exact_target_token,4.0,AFTER_GUARD,True,4,3,2,XSV→ETN
FLORES,P2,149,4,9,ALL_MORPH_BOUNDARY_GUARD,3,projected_saved_rejected_draft_candidate,3.0,AT_GUARD,True,4,2,1,XSV→ETM
FLORES,P2,150,9,20,ALL_MORPH_BOUNDARY_GUARD,2,projected_saved_rejected_draft_candidate,2.0,AT_GUARD,True,4,3,2,XSV→EC
FLORES,P2,150,11,23,ALL_MORPH_BOUNDARY_GUARD,3,projected_saved_rejected_draft_candidate,3.0,AT_GUARD,True,4,2,1,VX→EC
FLORES,P2,151,3,6,ALL_MORPH_BOUNDARY_GUARD,1,projected_saved_rejected_draft_candidate,1.0,AT_GUARD,True,4,4,3,VX→EF
FLORES,P2,151,22,58,ALL_MORPH_BOUNDARY_GUARD,2,saved_H3_exact_target_token,,NO_REJECTION,True,4,3,2,VCP→EC
FLORES,P2,152,14,33,ALL_MORPH_BOUNDARY_GUARD,3,saved_H3_exact_target_token,,NO_REJECTION,True,4,2,1,XSV→EC
FLORES,P2,153,10,35,ALL_MORPH_BOUNDARY_GUARD,1,saved_H3_exact_target_token,3.0,AFTER_GUARD,True,4,4,3,SSC→SL
FLORES,P2,153,14,48,ALL_MORPH_BOUNDARY_GUARD,3,saved_H3_exact_target_token,4.0,AFTER_GUARD,True,4,2,1,XSV→EP
FLORES,P2,153,15,52,ALL_MORPH_BOUNDARY_GUARD,2,projected_saved_rejected_draft_candidate,2.0,AT_GUARD,True,4,3,2,VA→ETM
FLORES,P2,153,22,70,ALL_MORPH_BOUNDARY_GUARD,1,projected_saved_rejected_draft_candidate,1.0,AT_GUARD,True,4,4,3,ETN→JX
FLORES,P2,153,39,103,ALL_MORPH_BOUNDARY_GUARD,1,saved_H3_exact_target_token,,NO_REJECTION,True,3,3,2,EP→EF
FLORES,P2,155,3,6,ALL_MORPH_BOUNDARY_GUARD,1,projected_saved_rejected_draft_candidate,1.0,AT_GUARD,True,4,4,3,VX→EF
FLORES,P2,155,9,19,ALL_MORPH_BOUNDARY_GUARD,2,projected_saved_rejected_draft_candidate,2.0,AT_GUARD,True,4,3,2,XSN→JKB
FLORES,P2,157,9,21,NP_BOUNDARY_GUARD,2,projected_saved_rejected_draft_candidate,2.0,AT_GUARD,True,4,3,2,NNG→JX
FLORES,P2,157,9,21,ALL_MORPH_BOUNDARY_GUARD,2,projected_saved_rejected_draft_candidate,2.0,AT_GUARD,True,4,3,2,NNG→JX
FLORES,P2,157,10,23,ALL_MORPH_BOUNDARY_GUARD,1,saved_H3_exact_target_token,,NO_REJECTION,True,4,4,3,XSN→JX
FLORES,P2,157,13,35,ALL_MORPH_BOUNDARY_GUARD,1,saved_H3_exact_target_token,3.0,AFTER_GUARD,True,4,4,3,XSV→EC
FLORES,P2,157,20,50,ALL_MORPH_BOUNDARY_GUARD,1,projected_saved_rejected_draft_candidate,1.0,AT_GUARD,True,4,4,3,VV→EF
FLORES,P2,157,22,55,NP_BOUNDARY_GUARD,1,saved_H3_exact_target_token,2.0,AFTER_GUARD,True,4,4,3,NNG→JKS
FLORES,P2,157,22,55,ALL_MORPH_BOUNDARY_GUARD,1,saved_H3_exact_target_token,2.0,AFTER_GUARD,True,4,4,3,NNG→JKS
FLORES,P2,161,4,14,ALL_MORPH_BOUNDARY_GUARD,2,saved_H3_exact_target_token,,NO_REJECTION,True,3,2,1,SL→SSC
FLORES,P2,162,0,0,ALL_MORPH_BOUNDARY_GUARD,2,saved_H3_exact_target_token,,NO_REJECTION,True,4,3,2,XSN→JKG
FLORES,P2,162,8,20,ALL_MORPH_BOUNDARY_GUARD,1,saved_H3_exact_target_token,,NO_REJECTION,True,4,4,3,XSN→JKB
FLORES,P2,162,10,28,ALL_MORPH_BOUNDARY_GUARD,2,saved_H3_exact_target_token,,NO_REJECTION,True,4,3,2,XSV→ETM
FLORES,P2,162,12,33,ALL_MORPH_BOUNDARY_GUARD,1,projected_saved_rejected_draft_candidate,1.0,AT_GUARD,True,4,4,3,XSV→EC
FLORES,P2,162,14,35,ALL_MORPH_BOUNDARY_GUARD,3,saved_H3_exact_target_token,,NO_REJECTION,True,4,2,1,XSN→VCP
FLORES,P2,162,20,51,ALL_MORPH_BOUNDARY_GUARD,1,projected_saved_rejected_draft_candidate,1.0,AT_GUARD,True,4,4,3,VCP→ETM
FLORES,P2,162,21,52,ALL_MORPH_BOUNDARY_GUARD,2,saved_H3_exact_target_token,3.0,AFTER_GUARD,True,4,3,2,XSN→JKS
FLORES,P2,163,9,25,NP_BOUNDARY_GUARD,2,saved_H3_exact_target_token,3.0,AFTER_GUARD,True,4,3,2,NNG→JX
FLORES,P2,163,9,25,ALL_MORPH_BOUNDARY_GUARD,2,saved_H3_exact_target_token,3.0,AFTER_GUARD,True,4,3,2,NNG→JX
FLORES,P2,164,2,5,ALL_MORPH_BOUNDARY_GUARD,1,saved_H3_exact_target_token,,NO_REJECTION,True,4,4,3,SS→SL
FLORES,P2,165,3,11,ALL_MORPH_BOUNDARY_GUARD,1,saved_H3_exact_target_token,,NO_REJECTION,True,4,4,3,XSN→JKB
FLORES,P2,165,5,17,ALL_MORPH_BOUNDARY_GUARD,2,projected_saved_rejected_draft_candidate,2.0,AT_GUARD,True,4,3,2,XSA→EC
FLORES,P2,165,7,21,ALL_MORPH_BOUNDARY_GUARD,1,saved_H3_exact_target_token,,NO_REJECTION,True,3,3,2,VX→EF
FLORES,P2,166,6,19,ALL_MORPH_BOUNDARY_GUARD,1,projected_saved_rejected_draft_candidate,1.0,AT_GUARD,True,4,4,3,JKB→JX
FLORES,P2,166,15,49,ALL_MORPH_BOUNDARY_GUARD,1,saved_H3_exact_target_token,2.0,AFTER_GUARD,True,4,4,3,XSV→ETM
FLORES,P2,166,23,66,ALL_MORPH_BOUNDARY_GUARD,1,projected_saved_rejected_draft_candidate,1.0,AT_GUARD,True,4,4,3,XSN→JKG
FLORES,P2,166,25,69,NP_BOUNDARY_GUARD,1,projected_saved_rejected_draft_candidate,1.0,AT_GUARD,True,4,4,3,NNB→JKB
FLORES,P2,166,25,69,ALL_MORPH_BOUNDARY_GUARD,1,projected_saved_rejected_draft_candidate,1.0,AT_GUARD,True,4,4,3,NNB→JKB
FLORES,P2,167,1,1,NP_BOUNDARY_GUARD,1,saved_H3_exact_target_token,2.0,AFTER_GUARD,True,4,4,3,NNG→JX
FLORES,P2,167,1,1,ALL_MORPH_BOUNDARY_GUARD,1,saved_H3_exact_target_token,2.0,AFTER_GUARD,True,4,4,3,NNG→JX
FLORES,P2,167,7,18,ALL_MORPH_BOUNDARY_GUARD,3,saved_H3_exact_target_token,,NO_REJECTION,True,4,2,1,VA→EF
FLORES,P2,167,8,22,ALL_MORPH_BOUNDARY_GUARD,3,saved_H3_exact_target_token,4.0,AFTER_GUARD,True,4,2,1,JKB→JX
FLORES,P2,168,6,20,ALL_MORPH_BOUNDARY_GUARD,3,saved_H3_exact_target_token,,NO_REJECTION,True,4,2,1,XSV→EC
FLORES,P2,168,7,24,ALL_MORPH_BOUNDARY_GUARD,1,saved_H3_exact_target_token,,NO_REJECTION,True,4,4,3,XSN→JKB
FLORES,P2,168,8,28,ALL_MORPH_BOUNDARY_GUARD,1,saved_H3_exact_target_token,2.0,AFTER_GUARD,True,4,4,3,XSV→EP
FLORES,P2,168,18,48,ALL_MORPH_BOUNDARY_GUARD,3,saved_H3_exact_target_token,,NO_REJECTION,True,4,2,1,EP→EF
FLORES,P2,169,16,35,ALL_MORPH_BOUNDARY_GUARD,2,saved_H3_exact_target_token,3.0,AFTER_GUARD,True,4,3,2,XSN→JKB
FLORES,P2,169,17,38,ALL_MORPH_BOUNDARY_GUARD,1,saved_H3_exact_target_token,,NO_REJECTION,True,4,4,3,XSV→EC
FLORES,P2,170,1,1,ALL_MORPH_BOUNDARY_GUARD,2,saved_H3_exact_target_token,3.0,AFTER_GUARD,True,4,3,2,SS→SL
FLORES,P2,170,6,20,ALL_MORPH_BOUNDARY_GUARD,3,saved_H3_exact_target_token,,NO_REJECTION,True,4,2,1,SF→SSC
FLORES,P2,171,5,13,ALL_MORPH_BOUNDARY_GUARD,1,saved_H3_exact_target_token,,NO_REJECTION,True,4,4,3,SO→SL
FLORES,P2,174,2,5,ALL_MORPH_BOUNDARY_GUARD,2,projected_saved_rejected_draft_candidate,2.0,AT_GUARD,True,4,3,2,JKB→JX
FLORES,P2,174,10,21,ALL_MORPH_BOUNDARY_GUARD,3,projected_saved_rejected_draft_candidate,3.0,AT_GUARD,True,4,2,1,JKB→JX
FLORES,P2,175,5,7,NP_BOUNDARY_GUARD,3,projected_saved_rejected_draft_candidate,3.0,AT_GUARD,True,4,2,1,NNG→JKS
FLORES,P2,175,5,7,ALL_MORPH_BOUNDARY_GUARD,3,projected_saved_rejected_draft_candidate,3.0,AT_GUARD,True,4,2,1,NNG→JKS
FLORES,P2,175,13,28,ALL_MORPH_BOUNDARY_GUARD,1,projected_saved_rejected_draft_candidate,1.0,AT_GUARD,True,4,4,3,XSV→EP
FLORES,P2,175,29,58,ALL_MORPH_BOUNDARY_GUARD,1,saved_H3_exact_target_token,,NO_REJECTION,True,3,3,2,EP→EF
FLORES,P2,176,4,11,ALL_MORPH_BOUNDARY_GUARD,3,saved_H3_exact_target_token,,NO_REJECTION,True,4,2,1,SL→SL
FLORES,P2,178,8,23,ALL_MORPH_BOUNDARY_GUARD,3,saved_H3_exact_target_token,,NO_REJECTION,True,4,2,1,XSV→EP
FLORES,P2,178,14,43,NP_BOUNDARY_GUARD,2,saved_H3_exact_target_token,,NO_REJECTION,True,4,3,2,NNG→JKO
FLORES,P2,178,14,43,ALL_MORPH_BOUNDARY_GUARD,2,saved_H3_exact_target_token,,NO_REJECTION,True,4,3,2,NNG→JKO
FLORES,P2,180,9,20,NP_BOUNDARY_GUARD,2,projected_saved_rejected_draft_candidate,2.0,AT_GUARD,True,4,3,2,NNG→JX
FLORES,P2,180,9,20,ALL_MORPH_BOUNDARY_GUARD,2,projected_saved_rejected_draft_candidate,2.0,AT_GUARD,True,4,3,2,NNG→JX
FLORES,P2,181,2,5,NP_BOUNDARY_GUARD,2,saved_H3_exact_target_token,,NO_REJECTION,True,4,3,2,NNG→JX
FLORES,P2,181,2,5,ALL_MORPH_BOUNDARY_GUARD,2,saved_H3_exact_target_token,,NO_REJECTION,True,4,3,2,NNG→JX
FLORES,P2,181,18,36,NP_BOUNDARY_GUARD,1,saved_H3_exact_target_token,,NO_REJECTION,True,4,4,3,NNG→JKO
FLORES,P2,181,18,36,ALL_MORPH_BOUNDARY_GUARD,1,saved_H3_exact_target_token,,NO_REJECTION,True,4,4,3,NNG→JKO
FLORES,P2,183,4,14,ALL_MORPH_BOUNDARY_GUARD,2,projected_saved_rejected_draft_candidate,2.0,AT_GUARD,True,4,3,2,SSO→SL
FLORES,P2,184,12,27,ALL_MORPH_BOUNDARY_GUARD,1,saved_H3_exact_target_token,,NO_REJECTION,True,4,4,3,VV→EC
FLORES,P2,184,19,49,ALL_MORPH_BOUNDARY_GUARD,2,saved_H3_exact_target_token,,NO_REJECTION,True,4,3,2,VX→EF
FLORES,P2,186,18,53,ALL_MORPH_BOUNDARY_GUARD,2,saved_H3_exact_target_token,,NO_REJECTION,True,4,3,2,VX→EF
FLORES,P2,187,3,12,ALL_MORPH_BOUNDARY_GUARD,2,saved_H3_exact_target_token,,NO_REJECTION,True,4,3,2,XSV→ETM
FLORES,P2,187,7,24,ALL_MORPH_BOUNDARY_GUARD,2,saved_H3_exact_target_token,,NO_REJECTION,True,4,3,2,XSV→EC
FLORES,P2,188,4,7,ALL_MORPH_BOUNDARY_GUARD,2,projected_saved_rejected_draft_candidate,2.0,AT_GUARD,True,4,3,2,XSN→JKB
FLORES,P2,188,16,38,NP_BOUNDARY_GUARD,1,projected_saved_rejected_draft_candidate,1.0,AT_GUARD,True,4,4,3,NNG→JKB
FLORES,P2,188,16,38,ALL_MORPH_BOUNDARY_GUARD,1,projected_saved_rejected_draft_candidate,1.0,AT_GUARD,True,4,4,3,NNG→JKB
FLORES,P2,189,10,27,ALL_MORPH_BOUNDARY_GUARD,3,saved_H3_exact_target_token,,NO_REJECTION,True,4,2,1,VA→EF
FLORES,P2,190,15,46,ALL_MORPH_BOUNDARY_GUARD,3,saved_H3_exact_target_token,,NO_REJECTION,True,4,2,1,XSV→ETM
FLORES,P2,191,0,0,ALL_MORPH_BOUNDARY_GUARD,2,saved_H3_exact_target_token,4.0,AFTER_GUARD,True,4,3,2,XSN→JKB
FLORES,P2,191,1,4,ALL_MORPH_BOUNDARY_GUARD,2,saved_H3_exact_target_token,,NO_REJECTION,True,4,3,2,XSN→JX
FLORES,P2,191,10,29,ALL_MORPH_BOUNDARY_GUARD,3,projected_saved_rejected_draft_candidate,3.0,AT_GUARD,True,4,2,1,XSN→JKO
FLORES,P2,191,12,33,ALL_MORPH_BOUNDARY_GUARD,1,saved_H3_exact_target_token,4.0,AFTER_GUARD,True,4,4,3,XSV→EC
FLORES,P2,191,13,37,ALL_MORPH_BOUNDARY_GUARD,1,saved_H3_exact_target_token,,NO_REJECTION,True,3,3,2,VX→EF
FLORES,P2,194,8,19,ALL_MORPH_BOUNDARY_GUARD,3,saved_H3_exact_target_token,,NO_REJECTION,True,4,2,1,XSV→EC
FLORES,P2,194,13,32,ALL_MORPH_BOUNDARY_GUARD,1,saved_H3_exact_target_token,4.0,AFTER_GUARD,True,4,4,3,VV→EC
FLORES,P2,194,19,50,ALL_MORPH_BOUNDARY_GUARD,3,saved_H3_exact_target_token,,NO_REJECTION,True,4,2,1,VCP→EC
FLORES,P2,195,9,28,ALL_MORPH_BOUNDARY_GUARD,2,saved_H3_exact_target_token,,NO_REJECTION,True,4,3,2,XSV→ETN
FLORES,P2,196,6,17,ALL_MORPH_BOUNDARY_GUARD,1,saved_H3_exact_target_token,,NO_REJECTION,True,4,4,3,XSV→EP
FLORES,P2,197,12,23,ALL_MORPH_BOUNDARY_GUARD,2,projected_saved_rejected_draft_candidate,2.0,AT_GUARD,True,4,3,2,SSO→SSO
FLORES,P2,197,16,33,ALL_MORPH_BOUNDARY_GUARD,1,saved_H3_exact_target_token,,NO_REJECTION,True,4,4,3,XSN→JKB
FLORES,P2,197,17,37,ALL_MORPH_BOUNDARY_GUARD,1,saved_H3_exact_target_token,4.0,AFTER_GUARD,True,4,4,3,VX→EP
FLORES,P2,197,20,45,ALL_MORPH_BOUNDARY_GUARD,1,saved_H3_exact_target_token,2.0,AFTER_GUARD,True,4,4,3,XSN→JKB
FLORES,P2,197,21,47,ALL_MORPH_BOUNDARY_GUARD,2,saved_H3_exact_target_token,4.0,AFTER_GUARD,True,4,3,2,XSV→EC
FLORES,P2,197,23,53,NP_BOUNDARY_GUARD,1,saved_H3_exact_target_token,4.0,AFTER_GUARD,True,4,4,3,NNG→JKG
FLORES,P2,197,23,53,ALL_MORPH_BOUNDARY_GUARD,1,saved_H3_exact_target_token,4.0,AFTER_GUARD,True,4,4,3,NNG→JKG
FLORES,P2,199,15,41,NP_BOUNDARY_GUARD,2,saved_H3_exact_target_token,,NO_REJECTION,True,4,3,2,NNG→JX
FLORES,P2,199,15,41,ALL_MORPH_BOUNDARY_GUARD,2,saved_H3_exact_target_token,,NO_REJECTION,True,4,3,2,NNG→JX
FLORES,P2,199,19,54,ALL_MORPH_BOUNDARY_GUARD,1,saved_H3_exact_target_token,,NO_REJECTION,True,4,4,3,XSN→JKS
FLORES,P2,201,1,1,ALL_MORPH_BOUNDARY_GUARD,1,saved_H3_exact_target_token,,NO_REJECTION,True,4,4,3,XSN→JX
FLORES,P2,201,7,21,ALL_MORPH_BOUNDARY_GUARD,1,saved_H3_exact_target_token,2.0,AFTER_GUARD,True,4,4,3,JKB→JX
FLORES,P2,201,21,57,ALL_MORPH_BOUNDARY_GUARD,1,saved_H3_exact_target_token,4.0,AFTER_GUARD,True,4,4,3,JKB→JX
FLORES,P2,204,21,55,NP_BOUNDARY_GUARD,1,saved_H3_exact_target_token,3.0,AFTER_GUARD,True,4,4,3,NNG→JKS
FLORES,P2,204,21,55,ALL_MORPH_BOUNDARY_GUARD,1,saved_H3_exact_target_token,3.0,AFTER_GUARD,True,4,4,3,NNG→JKS
FLORES,P2,206,10,34,ALL_MORPH_BOUNDARY_GUARD,2,saved_H3_exact_target_token,4.0,AFTER_GUARD,True,4,3,2,SS→SL
FLORES,P2,207,7,22,ALL_MORPH_BOUNDARY_GUARD,2,saved_H3_exact_target_token,,NO_REJECTION,True,4,3,2,XSV→EC
FLORES,P2,208,7,21,ALL_MORPH_BOUNDARY_GUARD,3,saved_H3_exact_target_token,4.0,AFTER_GUARD,True,4,2,1,XSV→EC
FLORES,P2,208,14,42,ALL_MORPH_BOUNDARY_GUARD,2,saved_H3_exact_target_token,3.0,AFTER_GUARD,True,4,3,2,XSN→JKB
FLORES,P2,209,17,35,ALL_MORPH_BOUNDARY_GUARD,3,saved_H3_exact_target_token,,NO_REJECTION,True,4,2,1,XSN→JKS
FLORES,P2,210,8,17,NP_BOUNDARY_GUARD,3,saved_H3_exact_target_token,,NO_REJECTION,True,4,2,1,NNG→JKO
FLORES,P2,210,8,17,ALL_MORPH_BOUNDARY_GUARD,3,saved_H3_exact_target_token,,NO_REJECTION,True,4,2,1,NNG→JKO
FLORES,P2,211,0,0,NP_BOUNDARY_GUARD,3,saved_H3_exact_target_token,4.0,AFTER_GUARD,True,4,2,1,NNG→JX
FLORES,P2,211,0,0,ALL_MORPH_BOUNDARY_GUARD,3,saved_H3_exact_target_token,4.0,AFTER_GUARD,True,4,2,1,NNG→JX
FLORES,P2,212,4,16,ALL_MORPH_BOUNDARY_GUARD,2,projected_saved_rejected_draft_candidate,2.0,AT_GUARD,True,4,3,2,XSV→EC
FLORES,P2,212,7,23,ALL_MORPH_BOUNDARY_GUARD,2,saved_H3_exact_target_token,,NO_REJECTION,True,4,3,2,NNG→XSN
FLORES,P2,212,8,27,ALL_MORPH_BOUNDARY_GUARD,2,saved_H3_exact_target_token,,NO_REJECTION,True,4,3,2,XSV→EC
FLORES,P2,212,9,31,ALL_MORPH_BOUNDARY_GUARD,1,projected_saved_rejected_draft_candidate,1.0,AT_GUARD,True,4,4,3,XSN→JKG
FLORES,P2,213,4,12,ALL_MORPH_BOUNDARY_GUARD,1,saved_H3_exact_target_token,,NO_REJECTION,True,3,3,2,SL→SL
FLORES,P2,216,8,23,ALL_MORPH_BOUNDARY_GUARD,3,saved_H3_exact_target_token,,NO_REJECTION,True,4,2,1,XSV→EC
FLORES,P2,216,14,41,ALL_MORPH_BOUNDARY_GUARD,3,saved_H3_exact_target_token,,NO_REJECTION,True,4,2,1,EP→EF
FLORES,P2,217,10,23,NP_BOUNDARY_GUARD,1,saved_H3_exact_target_token,,NO_REJECTION,True,4,4,3,NNG→JKO
FLORES,P2,217,10,23,ALL_MORPH_BOUNDARY_GUARD,1,saved_H3_exact_target_token,,NO_REJECTION,True,4,4,3,NNG→JKO
FLORES,P2,218,2,5,NP_BOUNDARY_GUARD,3,saved_H3_exact_target_token,,NO_REJECTION,True,4,2,1,NNG→JKS
FLORES,P2,218,2,5,ALL_MORPH_BOUNDARY_GUARD,3,saved_H3_exact_target_token,,NO_REJECTION,True,4,2,1,NNG→JKS
FLORES,P2,218,10,26,ALL_MORPH_BOUNDARY_GUARD,1,saved_H3_exact_target_token,,NO_REJECTION,True,4,4,3,XSV→EC
FLORES,P2,220,12,33,ALL_MORPH_BOUNDARY_GUARD,3,projected_saved_rejected_draft_candidate,3.0,AT_GUARD,True,4,2,1,XSN→JKS
FLORES,P2,220,17,42,ALL_MORPH_BOUNDARY_GUARD,1,saved_H3_exact_target_token,,NO_REJECTION,True,4,4,3,XSV→EC
FLORES,P2,221,6,15,ALL_MORPH_BOUNDARY_GUARD,1,saved_H3_exact_target_token,,NO_REJECTION,True,3,3,2,EP→EF
FLORES,P2,222,8,20,ALL_MORPH_BOUNDARY_GUARD,1,saved_H3_exact_target_token,,NO_REJECTION,True,4,4,3,XSV→EC
FLORES,P2,223,13,35,NP_BOUNDARY_GUARD,1,saved_H3_exact_target_token,2.0,AFTER_GUARD,True,4,4,3,NNG→JKS
FLORES,P2,223,13,35,ALL_MORPH_BOUNDARY_GUARD,1,saved_H3_exact_target_token,2.0,AFTER_GUARD,True,4,4,3,NNG→JKS
FLORES,P2,224,1,1,ALL_MORPH_BOUNDARY_GUARD,3,saved_H3_exact_target_token,,NO_REJECTION,True,4,2,1,JKB→JX
FLORES,P2,224,5,11,NP_BOUNDARY_GUARD,2,saved_H3_exact_target_token,,NO_REJECTION,True,4,3,2,NNG→JKS
FLORES,P2,224,5,11,ALL_MORPH_BOUNDARY_GUARD,2,saved_H3_exact_target_token,,NO_REJECTION,True,4,3,2,NNG→JKS
FLORES,P2,225,2,3,ALL_MORPH_BOUNDARY_GUARD,2,saved_H3_exact_target_token,,NO_REJECTION,True,4,3,2,XSN→JKG
FLORES,P2,232,2,5,ALL_MORPH_BOUNDARY_GUARD,2,saved_H3_exact_target_token,3.0,AFTER_GUARD,True,4,3,2,XSN→JKS
FLORES,P2,235,12,33,ALL_MORPH_BOUNDARY_GUARD,2,saved_H3_exact_target_token,4.0,AFTER_GUARD,True,4,3,2,VV→EC
FLORES,P2,238,3,4,NP_BOUNDARY_GUARD,2,saved_H3_exact_target_token,4.0,AFTER_GUARD,True,4,3,2,NNG→JKG
FLORES,P2,238,3,4,ALL_MORPH_BOUNDARY_GUARD,2,saved_H3_exact_target_token,4.0,AFTER_GUARD,True,4,3,2,NNG→JKG
FLORES,P2,238,9,19,ALL_MORPH_BOUNDARY_GUARD,2,saved_H3_exact_target_token,,NO_REJECTION,True,4,3,2,XSV→EC
FLORES,P2,238,19,47,ALL_MORPH_BOUNDARY_GUARD,1,projected_saved_rejected_draft_candidate,1.0,AT_GUARD,True,3,3,2,VA→EF
FLORES,P2,240,5,12,ALL_MORPH_BOUNDARY_GUARD,2,saved_H3_exact_target_token,,NO_REJECTION,True,4,3,2,XSV→EC
FLORES,P2,241,7,13,ALL_MORPH_BOUNDARY_GUARD,1,projected_saved_rejected_draft_candidate,1.0,AT_GUARD,True,4,4,3,XPN→NNG
FLORES,P2,241,9,15,ALL_MORPH_BOUNDARY_GUARD,1,saved_H3_exact_target_token,,NO_REJECTION,True,4,4,3,XSV→ETM
FLORES,P2,241,29,62,ALL_MORPH_BOUNDARY_GUARD,1,saved_H3_exact_target_token,,NO_REJECTION,True,3,3,2,VA→EF
FLORES,P2,243,6,16,ALL_MORPH_BOUNDARY_GUARD,2,saved_H3_exact_target_token,3.0,AFTER_GUARD,True,4,3,2,SP→SSC
FLORES,P2,244,5,15,NP_BOUNDARY_GUARD,2,projected_saved_rejected_draft_candidate,2.0,AT_GUARD,True,4,3,2,NNG→JKO
FLORES,P2,244,5,15,ALL_MORPH_BOUNDARY_GUARD,2,projected_saved_rejected_draft_candidate,2.0,AT_GUARD,True,4,3,2,NNG→JKO
FLORES,P2,244,12,30,ALL_MORPH_BOUNDARY_GUARD,1,projected_saved_rejected_draft_candidate,1.0,AT_GUARD,True,4,4,3,SF→SSC
FLORES,P2,245,15,34,NP_BOUNDARY_GUARD,1,projected_saved_rejected_draft_candidate,1.0,AT_GUARD,True,4,4,3,NNG→JKO
FLORES,P2,245,15,34,ALL_MORPH_BOUNDARY_GUARD,1,projected_saved_rejected_draft_candidate,1.0,AT_GUARD,True,4,4,3,NNG→JKO
FLORES,P2,245,16,35,ALL_MORPH_BOUNDARY_GUARD,1,saved_H3_exact_target_token,,NO_REJECTION,True,4,4,3,XSN→JKS
FLORES,P2,245,19,45,ALL_MORPH_BOUNDARY_GUARD,1,saved_H3_exact_target_token,,NO_REJECTION,True,3,3,2,EP→EF
FLORES,P2,246,4,13,ALL_MORPH_BOUNDARY_GUARD,1,saved_H3_exact_target_token,,NO_REJECTION,True,3,3,2,SL→SL
FLORES,P2,248,3,11,ALL_MORPH_BOUNDARY_GUARD,3,saved_H3_exact_target_token,,NO_REJECTION,True,4,2,1,XSV→EC
FLORES,P2,248,8,28,ALL_MORPH_BOUNDARY_GUARD,2,saved_H3_exact_target_token,3.0,AFTER_GUARD,True,4,3,2,SP→SL
FLORES,P2,248,9,31,ALL_MORPH_BOUNDARY_GUARD,3,projected_saved_rejected_draft_candidate,3.0,AT_GUARD,True,4,2,1,VV→ETM
FLORES,P2,248,15,48,ALL_MORPH_BOUNDARY_GUARD,2,saved_H3_exact_target_token,,NO_REJECTION,True,4,3,2,XSV→EC
FLORES,P2,248,17,53,ALL_MORPH_BOUNDARY_GUARD,3,saved_H3_exact_target_token,,NO_REJECTION,True,4,2,1,VA→EC
FLORES,P2,249,16,40,ALL_MORPH_BOUNDARY_GUARD,3,projected_saved_rejected_draft_candidate,3.0,AT_GUARD,True,4,2,1,XSN→JKS
FLORES,P2,249,23,54,ALL_MORPH_BOUNDARY_GUARD,1,saved_H3_exact_target_token,2.0,AFTER_GUARD,True,4,4,3,VV→EP
FLORES,P2,249,25,58,ALL_MORPH_BOUNDARY_GUARD,2,saved_H3_exact_target_token,4.0,AFTER_GUARD,True,4,3,2,XSN→JKO
FLORES,P2,250,15,31,ALL_MORPH_BOUNDARY_GUARD,1,saved_H3_exact_target_token,3.0,AFTER_GUARD,True,4,4,3,XSN→JKB
FLORES,P2,251,3,6,ALL_MORPH_BOUNDARY_GUARD,1,projected_saved_rejected_draft_candidate,1.0,AT_GUARD,True,4,4,3,VX→EF
FLORES,P2,251,12,34,ALL_MORPH_BOUNDARY_GUARD,1,saved_H3_exact_target_token,,NO_REJECTION,True,4,4,3,XSN→JKG
FLORES,P2,252,7,26,NP_BOUNDARY_GUARD,3,saved_H3_exact_target_token,,NO_REJECTION,True,4,2,1,NNG→JKS
FLORES,P2,252,7,26,ALL_MORPH_BOUNDARY_GUARD,3,saved_H3_exact_target_token,,NO_REJECTION,True,4,2,1,NNG→JKS
FLORES,P2,253,7,25,ALL_MORPH_BOUNDARY_GUARD,2,saved_H3_exact_target_token,,NO_REJECTION,True,4,3,2,SL→SL
FLORES,P2,255,3,6,ALL_MORPH_BOUNDARY_GUARD,1,projected_saved_rejected_draft_candidate,1.0,AT_GUARD,True,4,4,3,VX→EF
FLORES,P2,256,4,11,NP_BOUNDARY_GUARD,3,projected_saved_rejected_draft_candidate,3.0,AT_GUARD,True,4,2,1,NNG→JX
FLORES,P2,256,4,11,ALL_MORPH_BOUNDARY_GUARD,3,projected_saved_rejected_draft_candidate,3.0,AT_GUARD,True,4,2,1,NNG→JX
FLORES,P2,256,6,17,ALL_MORPH_BOUNDARY_GUARD,3,projected_saved_rejected_draft_candidate,3.0,AT_GUARD,True,4,2,1,VCP→EC
FLORES,P2,256,7,20,ALL_MORPH_BOUNDARY_GUARD,3,projected_saved_rejected_draft_candidate,3.0,AT_GUARD,True,4,2,1,XSV→EC
FLORES,P2,256,12,39,NP_BOUNDARY_GUARD,1,projected_saved_rejected_draft_candidate,1.0,AT_GUARD,True,4,4,3,NNG→JKO
FLORES,P2,256,12,39,ALL_MORPH_BOUNDARY_GUARD,1,projected_saved_rejected_draft_candidate,1.0,AT_GUARD,True,4,4,3,NNG→JKO
FLORES,P2,256,15,44,ALL_MORPH_BOUNDARY_GUARD,1,saved_H3_exact_target_token,,NO_REJECTION,True,4,4,3,VX→EC
FLORES,P2,259,5,12,ALL_MORPH_BOUNDARY_GUARD,3,saved_H3_exact_target_token,4.0,AFTER_GUARD,True,4,2,1,XSV→EC
FLORES,P2,260,5,13,ALL_MORPH_BOUNDARY_GUARD,2,saved_H3_exact_target_token,,NO_REJECTION,True,4,3,2,XSV→EC
FLORES,P2,261,3,7,NP_BOUNDARY_GUARD,1,projected_saved_rejected_draft_candidate,1.0,AT_GUARD,True,4,4,3,NNB→JKO
FLORES,P2,261,3,7,ALL_MORPH_BOUNDARY_GUARD,1,projected_saved_rejected_draft_candidate,1.0,AT_GUARD,True,4,4,3,NNB→JKO
FLORES,P2,261,9,19,ALL_MORPH_BOUNDARY_GUARD,1,projected_saved_rejected_draft_candidate,1.0,AT_GUARD,True,4,4,3,VV→ETM
FLORES,P2,261,10,20,ALL_MORPH_BOUNDARY_GUARD,1,saved_H3_exact_target_token,,NO_REJECTION,True,4,4,3,XPN→NNG
FLORES,P2,263,2,2,ALL_MORPH_BOUNDARY_GUARD,1,projected_saved_rejected_draft_candidate,1.0,AT_GUARD,True,4,4,3,VA-I→EC
FLORES,P2,263,8,18,ALL_MORPH_BOUNDARY_GUARD,1,saved_H3_exact_target_token,3.0,AFTER_GUARD,True,4,4,3,XSA→EC
FLORES,P2,264,1,2,ALL_MORPH_BOUNDARY_GUARD,3,saved_H3_exact_target_token,,NO_REJECTION,True,4,2,1,XSV→ETM
FLORES,P2,264,4,9,ALL_MORPH_BOUNDARY_GUARD,1,projected_saved_rejected_draft_candidate,1.0,AT_GUARD,True,4,4,3,VA-I→EC
FLORES,P2,264,5,10,ALL_MORPH_BOUNDARY_GUARD,1,projected_saved_rejected_draft_candidate,1.0,AT_GUARD,True,4,4,3,VV→ETM
FLORES,P2,264,6,11,ALL_MORPH_BOUNDARY_GUARD,1,saved_H3_exact_target_token,4.0,AFTER_GUARD,True,4,4,3,XSV→ETM
FLORES,P2,265,9,22,ALL_MORPH_BOUNDARY_GUARD,2,projected_saved_rejected_draft_candidate,2.0,AT_GUARD,True,4,3,2,XSN→JKO
FLORES,P2,265,14,38,ALL_MORPH_BOUNDARY_GUARD,1,saved_H3_exact_target_token,,NO_REJECTION,True,4,4,3,XSV→EC
FLORES,P2,265,16,46,ALL_MORPH_BOUNDARY_GUARD,1,saved_H3_exact_target_token,,NO_REJECTION,True,4,4,3,XSV→ETM
FLORES,P2,266,11,41,ALL_MORPH_BOUNDARY_GUARD,2,saved_H3_exact_target_token,3.0,AFTER_GUARD,True,4,3,2,SL→SL
FLORES,P2,266,28,84,ALL_MORPH_BOUNDARY_GUARD,2,saved_H3_exact_target_token,,NO_REJECTION,True,4,3,2,XSV→EC
FLORES,P2,266,30,92,NP_BOUNDARY_GUARD,2,projected_saved_rejected_draft_candidate,2.0,AT_GUARD,True,4,3,2,NNG→JKG
FLORES,P2,266,30,92,ALL_MORPH_BOUNDARY_GUARD,2,projected_saved_rejected_draft_candidate,2.0,AT_GUARD,True,4,3,2,NNG→JKG
FLORES,P2,266,32,98,NP_BOUNDARY_GUARD,1,projected_saved_rejected_draft_candidate,1.0,AT_GUARD,True,4,4,3,NNB→JX
FLORES,P2,266,32,98,ALL_MORPH_BOUNDARY_GUARD,1,projected_saved_rejected_draft_candidate,1.0,AT_GUARD,True,4,4,3,NNB→JX
FLORES,P2,272,3,9,NP_BOUNDARY_GUARD,2,saved_H3_exact_target_token,,NO_REJECTION,True,4,3,2,NNG→JKG
FLORES,P2,272,3,9,ALL_MORPH_BOUNDARY_GUARD,2,saved_H3_exact_target_token,,NO_REJECTION,True,4,3,2,NNG→JKG
FLORES,P2,272,4,13,NP_BOUNDARY_GUARD,1,projected_saved_rejected_draft_candidate,1.0,AT_GUARD,True,4,4,3,NNG→JKO
FLORES,P2,272,4,13,ALL_MORPH_BOUNDARY_GUARD,1,projected_saved_rejected_draft_candidate,1.0,AT_GUARD,True,4,4,3,NNG→JKO
FLORES,P2,272,25,65,ALL_MORPH_BOUNDARY_GUARD,2,saved_H3_exact_target_token,,NO_REJECTION,True,4,3,2,VX→EF
FLORES,P2,273,11,27,ALL_MORPH_BOUNDARY_GUARD,3,saved_H3_exact_target_token,,NO_REJECTION,True,4,2,1,SF→SSC
FLORES,P2,274,1,1,ALL_MORPH_BOUNDARY_GUARD,2,saved_H3_exact_target_token,,NO_REJECTION,True,4,3,2,SS→SL
FLORES,P2,274,4,13,ALL_MORPH_BOUNDARY_GUARD,3,saved_H3_exact_target_token,,NO_REJECTION,True,4,2,1,SL→SL
FLORES,P2,275,2,6,NP_BOUNDARY_GUARD,1,saved_H3_exact_target_token,4.0,AFTER_GUARD,True,4,4,3,NNG→JX
FLORES,P2,275,2,6,ALL_MORPH_BOUNDARY_GUARD,1,saved_H3_exact_target_token,4.0,AFTER_GUARD,True,4,4,3,NNG→JX
FLORES,P2,275,16,47,ALL_MORPH_BOUNDARY_GUARD,1,projected_saved_rejected_draft_candidate,1.0,AT_GUARD,True,4,4,3,VA→ETM
FLORES,P2,275,18,52,ALL_MORPH_BOUNDARY_GUARD,3,saved_H3_exact_target_token,,NO_REJECTION,True,4,2,1,EP→EF
FLORES,P2,277,6,17,NP_BOUNDARY_GUARD,2,projected_saved_rejected_draft_candidate,2.0,AT_GUARD,True,4,3,2,NNG→JKO
FLORES,P2,277,6,17,ALL_MORPH_BOUNDARY_GUARD,2,projected_saved_rejected_draft_candidate,2.0,AT_GUARD,True,4,3,2,NNG→JKO
FLORES,P2,277,19,55,ALL_MORPH_BOUNDARY_GUARD,3,saved_H3_exact_target_token,,NO_REJECTION,True,4,2,1,XSV→EC
FLORES,P2,279,5,18,NP_BOUNDARY_GUARD,1,projected_saved_rejected_draft_candidate,1.0,AT_GUARD,True,4,4,3,NNG→JKS
FLORES,P2,279,5,18,ALL_MORPH_BOUNDARY_GUARD,1,projected_saved_rejected_draft_candidate,1.0,AT_GUARD,True,4,4,3,NNG→JKS
FLORES,P2,279,9,27,ALL_MORPH_BOUNDARY_GUARD,3,saved_H3_exact_target_token,,NO_REJECTION,True,4,2,1,XSV→EC
FLORES,P2,280,7,25,ALL_MORPH_BOUNDARY_GUARD,2,saved_H3_exact_target_token,,NO_REJECTION,True,4,3,2,SL→SL
FLORES,P2,285,1,3,ALL_MORPH_BOUNDARY_GUARD,1,saved_H3_exact_target_token,2.0,AFTER_GUARD,True,4,4,3,JKB→JX
FLORES,P2,288,5,15,ALL_MORPH_BOUNDARY_GUARD,3,projected_saved_rejected_draft_candidate,3.0,AT_GUARD,True,4,2,1,VCP→EC
FLORES,P2,288,6,18,ALL_MORPH_BOUNDARY_GUARD,1,projected_saved_rejected_draft_candidate,1.0,AT_GUARD,True,4,4,3,VA→EF
FLORES,P2,288,8,23,NP_BOUNDARY_GUARD,2,projected_saved_rejected_draft_candidate,2.0,AT_GUARD,True,4,3,2,NNG→JX
FLORES,P2,288,8,23,ALL_MORPH_BOUNDARY_GUARD,2,projected_saved_rejected_draft_candidate,2.0,AT_GUARD,True,4,3,2,NNG→JX
FLORES,P2,289,3,6,ALL_MORPH_BOUNDARY_GUARD,2,saved_H3_exact_target_token,3.0,AFTER_GUARD,True,4,3,2,XSN→JKB
FLORES,P2,289,11,27,ALL_MORPH_BOUNDARY_GUARD,3,projected_saved_rejected_draft_candidate,3.0,AT_GUARD,True,4,2,1,XSV→EC
FLORES,P2,289,20,50,ALL_MORPH_BOUNDARY_GUARD,1,saved_H3_exact_target_token,,NO_REJECTION,True,3,3,2,VX→EF
FLORES,P2,290,20,30,ALL_MORPH_BOUNDARY_GUARD,2,saved_H3_exact_target_token,,NO_REJECTION,True,4,3,2,XSV→ETM
FLORES,P2,290,21,34,ALL_MORPH_BOUNDARY_GUARD,2,saved_H3_exact_target_token,3.0,AFTER_GUARD,True,4,3,2,VV→ETM
FLORES,P2,290,22,37,ALL_MORPH_BOUNDARY_GUARD,2,projected_saved_rejected_draft_candidate,2.0,AT_GUARD,True,4,3,2,XSN→JKS
FLORES,P2,290,23,39,ALL_MORPH_BOUNDARY_GUARD,1,projected_saved_rejected_draft_candidate,1.0,AT_GUARD,True,4,4,3,XSN→JKS
FLORES,P2,291,8,12,NP_BOUNDARY_GUARD,1,projected_saved_rejected_draft_candidate,1.0,AT_GUARD,True,4,4,3,NNB→JKB
FLORES,P2,291,8,12,ALL_MORPH_BOUNDARY_GUARD,1,projected_saved_rejected_draft_candidate,1.0,AT_GUARD,True,4,4,3,NNB→JKB
FLORES,P2,293,13,29,NP_BOUNDARY_GUARD,1,projected_saved_rejected_draft_candidate,1.0,AT_GUARD,True,4,4,3,NNG→JKO
FLORES,P2,293,13,29,ALL_MORPH_BOUNDARY_GUARD,1,projected_saved_rejected_draft_candidate,1.0,AT_GUARD,True,4,4,3,NNG→JKO
FLORES,P2,293,16,32,ALL_MORPH_BOUNDARY_GUARD,3,saved_H3_exact_target_token,,NO_REJECTION,True,4,2,1,VX→ETM
FLORES,P2,295,7,14,NP_BOUNDARY_GUARD,2,saved_H3_exact_target_token,3.0,AFTER_GUARD,True,4,3,2,NNG→JX
FLORES,P2,295,7,14,ALL_MORPH_BOUNDARY_GUARD,2,saved_H3_exact_target_token,3.0,AFTER_GUARD,True,4,3,2,NNG→JX
FLORES,P2,295,15,39,ALL_MORPH_BOUNDARY_GUARD,2,saved_H3_exact_target_token,3.0,AFTER_GUARD,True,4,3,2,XSV→EC
FLORES,P2,296,20,50,ALL_MORPH_BOUNDARY_GUARD,1,saved_H3_exact_target_token,,NO_REJECTION,True,4,4,3,XSN→JKS
FLORES,P2,297,10,33,ALL_MORPH_BOUNDARY_GUARD,3,saved_H3_exact_target_token,,NO_REJECTION,True,4,2,1,SL→SL
FLORES,P2,299,7,20,ALL_MORPH_BOUNDARY_GUARD,1,saved_H3_exact_target_token,,NO_REJECTION,True,3,3,2,EP→EF
FLORES,P2,301,8,31,ALL_MORPH_BOUNDARY_GUARD,1,projected_saved_rejected_draft_candidate,1.0,AT_GUARD,True,3,3,2,EP→EF
FLORES,P2,303,7,21,ALL_MORPH_BOUNDARY_GUARD,1,saved_H3_exact_target_token,4.0,AFTER_GUARD,True,4,4,3,XSV→EP
FLORES,P2,303,12,38,ALL_MORPH_BOUNDARY_GUARD,3,saved_H3_exact_target_token,4.0,AFTER_GUARD,True,4,2,1,XSV→EC
FLORES,P2,303,16,51,NP_BOUNDARY_GUARD,1,saved_H3_exact_target_token,3.0,AFTER_GUARD,True,4,4,3,NNG→JKO
FLORES,P2,303,16,51,ALL_MORPH_BOUNDARY_GUARD,1,saved_H3_exact_target_token,3.0,AFTER_GUARD,True,4,4,3,NNG→JKO
FLORES,P2,305,13,41,ALL_MORPH_BOUNDARY_GUARD,2,saved_H3_exact_target_token,,NO_REJECTION,True,4,3,2,XSA→EC
FLORES,P2,306,3,6,ALL_MORPH_BOUNDARY_GUARD,1,projected_saved_rejected_draft_candidate,1.0,AT_GUARD,True,4,4,3,VX→EF
FLORES,P2,306,17,44,ALL_MORPH_BOUNDARY_GUARD,1,saved_H3_exact_target_token,2.0,AFTER_GUARD,True,4,4,3,SF→SSC
FLORES,P2,306,19,49,ALL_MORPH_BOUNDARY_GUARD,2,saved_H3_exact_target_token,,NO_REJECTION,True,4,3,2,VA→EF
FLORES,P2,307,3,6,ALL_MORPH_BOUNDARY_GUARD,1,projected_saved_rejected_draft_candidate,1.0,AT_GUARD,True,4,4,3,VX→EF
FLORES,P2,308,8,23,ALL_MORPH_BOUNDARY_GUARD,1,saved_H3_exact_target_token,,NO_REJECTION,True,4,4,3,VX→EP
FLORES,P2,309,6,14,ALL_MORPH_BOUNDARY_GUARD,2,saved_H3_exact_target_token,,NO_REJECTION,True,4,3,2,SL→SL
FLORES,P2,312,3,5,ALL_MORPH_BOUNDARY_GUARD,2,saved_H3_exact_target_token,4.0,AFTER_GUARD,True,4,3,2,XSN→JKS
FLORES,P2,312,4,9,ALL_MORPH_BOUNDARY_GUARD,1,saved_H3_exact_target_token,2.0,AFTER_GUARD,True,4,4,3,XSV→EP
FLORES,P2,313,3,6,ALL_MORPH_BOUNDARY_GUARD,1,projected_saved_rejected_draft_candidate,1.0,AT_GUARD,True,4,4,3,VX→EF
FLORES,P2,313,11,23,ALL_MORPH_BOUNDARY_GUARD,1,saved_H3_exact_target_token,2.0,AFTER_GUARD,True,4,4,3,JKB→JX
FLORES,P2,313,15,34,NP_BOUNDARY_GUARD,2,projected_saved_rejected_draft_candidate,2.0,AT_GUARD,True,4,3,2,NNG→JKB
FLORES,P2,313,15,34,ALL_MORPH_BOUNDARY_GUARD,2,projected_saved_rejected_draft_candidate,2.0,AT_GUARD,True,4,3,2,NNG→JKB
FLORES,P2,313,21,47,ALL_MORPH_BOUNDARY_GUARD,2,saved_H3_exact_target_token,,NO_REJECTION,True,4,3,2,XSN→JX
FLORES,P2,314,4,8,NP_BOUNDARY_GUARD,1,saved_H3_exact_target_token,2.0,AFTER_GUARD,True,4,4,3,NNG→JKS
FLORES,P2,314,4,8,ALL_MORPH_BOUNDARY_GUARD,1,saved_H3_exact_target_token,2.0,AFTER_GUARD,True,4,4,3,NNG→JKS
FLORES,P2,316,13,31,ALL_MORPH_BOUNDARY_GUARD,1,saved_H3_exact_target_token,,NO_REJECTION,True,4,4,3,XSV→ETN
FLORES,P2,318,3,10,ALL_MORPH_BOUNDARY_GUARD,1,saved_H3_exact_target_token,,NO_REJECTION,True,4,4,3,XSV→EC
FLORES,P2,318,10,28,ALL_MORPH_BOUNDARY_GUARD,1,saved_H3_exact_target_token,,NO_REJECTION,True,3,3,2,EP→EF
FLORES,P2,320,2,6,ALL_MORPH_BOUNDARY_GUARD,3,saved_H3_exact_target_token,,NO_REJECTION,True,4,2,1,XSN→JX
FLORES,P2,320,6,15,ALL_MORPH_BOUNDARY_GUARD,1,projected_saved_rejected_draft_candidate,1.0,AT_GUARD,True,4,4,3,VV→ETM
FLORES,P2,320,7,16,ALL_MORPH_BOUNDARY_GUARD,2,saved_H3_exact_target_token,,NO_REJECTION,True,4,3,2,VX→EF
FLORES,P2,321,26,72,ALL_MORPH_BOUNDARY_GUARD,1,saved_H3_exact_target_token,,NO_REJECTION,True,4,4,3,EP→EF
FLORES,P2,322,10,30,ALL_MORPH_BOUNDARY_GUARD,1,saved_H3_exact_target_token,3.0,AFTER_GUARD,True,4,4,3,EC→JX
FLORES,P2,322,19,50,ALL_MORPH_BOUNDARY_GUARD,2,saved_H3_exact_target_token,4.0,AFTER_GUARD,True,4,3,2,XSA→EF
FLORES,P2,322,25,66,ALL_MORPH_BOUNDARY_GUARD,2,saved_H3_exact_target_token,,NO_REJECTION,True,4,3,2,SF→SSC
FLORES,P2,323,13,34,ALL_MORPH_BOUNDARY_GUARD,3,saved_H3_exact_target_token,,NO_REJECTION,True,4,2,1,XSV→ETM
FLORES,P2,323,14,38,ALL_MORPH_BOUNDARY_GUARD,1,saved_H3_exact_target_token,,NO_REJECTION,True,4,4,3,XSN→JX
FLORES,P2,323,18,52,ALL_MORPH_BOUNDARY_GUARD,2,projected_saved_rejected_draft_candidate,2.0,AT_GUARD,True,4,3,2,EP→EF
FLORES,P2,324,26,66,ALL_MORPH_BOUNDARY_GUARD,2,projected_saved_rejected_draft_candidate,2.0,AT_GUARD,True,4,3,2,ETN→JKO
FLORES,P2,324,28,71,ALL_MORPH_BOUNDARY_GUARD,2,projected_saved_rejected_draft_candidate,2.0,AT_GUARD,True,4,3,2,EP→EF
FLORES,P2,325,3,9,NP_BOUNDARY_GUARD,1,projected_saved_rejected_draft_candidate,1.0,AT_GUARD,True,4,4,3,NNG→JKS
FLORES,P2,325,3,9,ALL_MORPH_BOUNDARY_GUARD,1,projected_saved_rejected_draft_candidate,1.0,AT_GUARD,True,4,4,3,NNG→JKS
FLORES,P2,325,8,16,ALL_MORPH_BOUNDARY_GUARD,2,projected_saved_rejected_draft_candidate,2.0,AT_GUARD,True,4,3,2,XSV→EC
FLORES,P2,325,20,45,ALL_MORPH_BOUNDARY_GUARD,1,projected_saved_rejected_draft_candidate,1.0,AT_GUARD,True,4,4,3,XSV→ETM
FLORES,P2,325,21,46,ALL_MORPH_BOUNDARY_GUARD,1,projected_saved_rejected_draft_candidate,1.0,AT_GUARD,True,4,4,3,VX→EF
FLORES,P2,326,3,6,ALL_MORPH_BOUNDARY_GUARD,1,projected_saved_rejected_draft_candidate,1.0,AT_GUARD,True,4,4,3,VX→EF
FLORES,P2,326,17,47,ALL_MORPH_BOUNDARY_GUARD,2,projected_saved_rejected_draft_candidate,2.0,AT_GUARD,True,4,3,2,ETN→JKO
FLORES,P2,328,1,3,NP_BOUNDARY_GUARD,1,projected_saved_rejected_draft_candidate,1.0,AT_GUARD,True,4,4,3,NNG→JKB
FLORES,P2,328,1,3,ALL_MORPH_BOUNDARY_GUARD,1,projected_saved_rejected_draft_candidate,1.0,AT_GUARD,True,4,4,3,NNG→JKB
FLORES,P2,328,4,10,NP_BOUNDARY_GUARD,2,projected_saved_rejected_draft_candidate,2.0,AT_GUARD,True,4,3,2,NNG→JKO
FLORES,P2,328,4,10,ALL_MORPH_BOUNDARY_GUARD,2,projected_saved_rejected_draft_candidate,2.0,AT_GUARD,True,4,3,2,NNG→JKO
FLORES,P2,328,12,31,ALL_MORPH_BOUNDARY_GUARD,2,saved_H3_exact_target_token,,NO_REJECTION,True,4,3,2,EP→EF
FLORES,P2,329,21,50,ALL_MORPH_BOUNDARY_GUARD,3,saved_H3_exact_target_token,,NO_REJECTION,True,4,2,1,VCP→EF
FLORES,P2,330,6,20,ALL_MORPH_BOUNDARY_GUARD,1,saved_H3_exact_target_token,,NO_REJECTION,True,4,4,3,XSV→EC
FLORES,P2,332,1,4,ALL_MORPH_BOUNDARY_GUARD,1,saved_H3_exact_target_token,4.0,AFTER_GUARD,True,4,4,3,XSN→JX
FLORES,P2,333,15,37,ALL_MORPH_BOUNDARY_GUARD,1,saved_H3_exact_target_token,,NO_REJECTION,True,4,4,3,XSV→ETM
FLORES,P2,335,5,12,ALL_MORPH_BOUNDARY_GUARD,1,saved_H3_exact_target_token,2.0,AFTER_GUARD,True,4,4,3,VCP→ETM
FLORES,P2,335,7,15,ALL_MORPH_BOUNDARY_GUARD,2,projected_saved_rejected_draft_candidate,2.0,AT_GUARD,True,4,3,2,VA→EF
FLORES,P2,336,1,4,ALL_MORPH_BOUNDARY_GUARD,3,saved_H3_exact_target_token,,NO_REJECTION,True,4,2,1,XSV→ETM
FLORES,P2,336,4,13,NP_BOUNDARY_GUARD,2,saved_H3_exact_target_token,,NO_REJECTION,True,4,3,2,NNG→JKS
FLORES,P2,336,4,13,ALL_MORPH_BOUNDARY_GUARD,2,saved_H3_exact_target_token,,NO_REJECTION,True,4,3,2,NNG→JKS
FLORES,P2,336,7,22,ALL_MORPH_BOUNDARY_GUARD,2,saved_H3_exact_target_token,3.0,AFTER_GUARD,True,4,3,2,XSV→EC
FLORES,P2,336,12,38,ALL_MORPH_BOUNDARY_GUARD,2,saved_H3_exact_target_token,,NO_REJECTION,True,4,3,2,XSV→EC
FLORES,P2,337,2,2,ALL_MORPH_BOUNDARY_GUARD,2,saved_H3_exact_target_token,,NO_REJECTION,True,4,3,2,SO→SL
FLORES,P2,337,4,10,ALL_MORPH_BOUNDARY_GUARD,1,saved_H3_exact_target_token,,NO_REJECTION,True,4,4,3,SO→SL
FLORES,P2,337,9,30,ALL_MORPH_BOUNDARY_GUARD,1,saved_H3_exact_target_token,,NO_REJECTION,True,3,3,2,SL→SL
FLORES,P2,338,3,7,ALL_MORPH_BOUNDARY_GUARD,1,saved_H3_exact_target_token,2.0,AFTER_GUARD,True,4,4,3,XSV→EC
FLORES,P2,338,12,27,NP_BOUNDARY_GUARD,1,projected_saved_rejected_draft_candidate,1.0,AT_GUARD,True,4,4,3,NNB→JKS
FLORES,P2,338,12,27,ALL_MORPH_BOUNDARY_GUARD,1,projected_saved_rejected_draft_candidate,1.0,AT_GUARD,True,4,4,3,NNB→JKS
FLORES,P2,338,17,35,ALL_MORPH_BOUNDARY_GUARD,1,projected_saved_rejected_draft_candidate,1.0,AT_GUARD,True,4,4,3,JKB→JX
FLORES,P2,338,24,52,ALL_MORPH_BOUNDARY_GUARD,1,projected_saved_rejected_draft_candidate,1.0,AT_GUARD,True,3,3,2,VA→EF
FLORES,P2,338,25,53,ALL_MORPH_BOUNDARY_GUARD,3,saved_H3_exact_target_token,,NO_REJECTION,True,4,2,1,VA→EF
FLORES,P2,339,3,6,ALL_MORPH_BOUNDARY_GUARD,1,projected_saved_rejected_draft_candidate,1.0,AT_GUARD,True,4,4,3,VX→EF
FLORES,P2,339,12,32,ALL_MORPH_BOUNDARY_GUARD,1,projected_saved_rejected_draft_candidate,1.0,AT_GUARD,True,4,4,3,XSN→JKO
FLORES,P2,339,16,41,ALL_MORPH_BOUNDARY_GUARD,3,saved_H3_exact_target_token,4.0,AFTER_GUARD,True,4,2,1,XSN→JKS
FLORES,P2,341,8,22,ALL_MORPH_BOUNDARY_GUARD,1,saved_H3_exact_target_token,,NO_REJECTION,True,4,4,3,XSN→JX
FLORES,P2,341,16,46,ALL_MORPH_BOUNDARY_GUARD,1,saved_H3_exact_target_token,2.0,AFTER_GUARD,True,4,4,3,XSN→JKB
FLORES,P2,341,20,55,ALL_MORPH_BOUNDARY_GUARD,2,saved_H3_exact_target_token,,NO_REJECTION,True,4,3,2,VX→EP
FLORES,P2,341,36,91,ALL_MORPH_BOUNDARY_GUARD,1,saved_H3_exact_target_token,,NO_REJECTION,True,4,4,3,SSO→SL
FLORES,P2,342,3,12,ALL_MORPH_BOUNDARY_GUARD,3,saved_H3_exact_target_token,,NO_REJECTION,True,4,2,1,VA→EF
FLORES,P2,342,4,16,ALL_MORPH_BOUNDARY_GUARD,1,projected_saved_rejected_draft_candidate,1.0,AT_GUARD,True,4,4,3,VA→ETM
FLORES,P2,342,9,27,ALL_MORPH_BOUNDARY_GUARD,2,saved_H3_exact_target_token,,NO_REJECTION,True,4,3,2,VA→EF
FLORES,P2,343,4,13,ALL_MORPH_BOUNDARY_GUARD,2,saved_H3_exact_target_token,,NO_REJECTION,True,4,3,2,SL→SL
FLORES,P2,343,20,58,ALL_MORPH_BOUNDARY_GUARD,3,saved_H3_exact_target_token,,NO_REJECTION,True,4,2,1,VA→EF
FLORES,P2,343,26,74,ALL_MORPH_BOUNDARY_GUARD,1,saved_H3_exact_target_token,2.0,AFTER_GUARD,True,4,4,3,XSV→EC
FLORES,P2,343,28,80,ALL_MORPH_BOUNDARY_GUARD,3,saved_H3_exact_target_token,,NO_REJECTION,True,4,2,1,VA→EF
FLORES,P2,344,0,0,NP_BOUNDARY_GUARD,1,projected_saved_rejected_draft_candidate,1.0,AT_GUARD,True,4,4,3,NP→JX
FLORES,P2,344,0,0,ALL_MORPH_BOUNDARY_GUARD,1,projected_saved_rejected_draft_candidate,1.0,AT_GUARD,True,4,4,3,NP→JX
FLORES,P2,344,3,9,ALL_MORPH_BOUNDARY_GUARD,3,saved_H3_exact_target_token,,NO_REJECTION,True,4,2,1,SL→SL
FLORES,P2,344,17,59,ALL_MORPH_BOUNDARY_GUARD,1,saved_H3_exact_target_token,,NO_REJECTION,True,4,4,3,VA→EF
FLORES,P2,344,23,78,ALL_MORPH_BOUNDARY_GUARD,2,saved_H3_exact_target_token,4.0,AFTER_GUARD,True,4,3,2,VV→ETM
FLORES,P2,344,28,92,ALL_MORPH_BOUNDARY_GUARD,2,saved_H3_exact_target_token,,NO_REJECTION,True,4,3,2,XSV→ETN
FLORES,P2,345,12,29,ALL_MORPH_BOUNDARY_GUARD,2,saved_H3_exact_target_token,,NO_REJECTION,True,4,3,2,VA→EF
FLORES,P2,347,6,21,ALL_MORPH_BOUNDARY_GUARD,1,saved_H3_exact_target_token,,NO_REJECTION,True,3,3,2,SL→SL
FLORES,P2,348,1,4,NP_BOUNDARY_GUARD,3,saved_H3_exact_target_token,,NO_REJECTION,True,4,2,1,NNG→JKO
FLORES,P2,348,1,4,ALL_MORPH_BOUNDARY_GUARD,3,saved_H3_exact_target_token,,NO_REJECTION,True,4,2,1,NNG→JKO
FLORES,P2,348,5,18,NP_BOUNDARY_GUARD,3,saved_H3_exact_target_token,,NO_REJECTION,True,4,2,1,NNG→JX
FLORES,P2,348,5,18,ALL_MORPH_BOUNDARY_GUARD,3,saved_H3_exact_target_token,,NO_REJECTION,True,4,2,1,NNG→JX
FLORES,P2,348,9,31,ALL_MORPH_BOUNDARY_GUARD,3,saved_H3_exact_target_token,,NO_REJECTION,True,4,2,1,SSC→SF
FLORES,P2,349,7,22,ALL_MORPH_BOUNDARY_GUARD,3,saved_H3_exact_target_token,,NO_REJECTION,True,4,2,1,XSN→JKO
FLORES,P2,349,12,33,ALL_MORPH_BOUNDARY_GUARD,1,saved_H3_exact_target_token,,NO_REJECTION,True,3,3,2,VX→EF
FLORES,P2,350,3,12,ALL_MORPH_BOUNDARY_GUARD,3,saved_H3_exact_target_token,4.0,AFTER_GUARD,True,4,2,1,XSV→EC
FLORES,P2,350,10,28,ALL_MORPH_BOUNDARY_GUARD,3,projected_saved_rejected_draft_candidate,3.0,AT_GUARD,True,4,2,1,XSV→ETM
FLORES,P2,351,17,35,ALL_MORPH_BOUNDARY_GUARD,1,saved_H3_exact_target_token,,NO_REJECTION,True,3,3,2,EP→EF
FLORES,P2,353,12,29,ALL_MORPH_BOUNDARY_GUARD,1,saved_H3_exact_target_token,,NO_REJECTION,True,4,4,3,VV→EP
FLORES,P2,353,14,35,ALL_MORPH_BOUNDARY_GUARD,2,projected_saved_rejected_draft_candidate,2.0,AT_GUARD,True,4,3,2,JKB→JX
FLORES,P2,353,22,53,ALL_MORPH_BOUNDARY_GUARD,1,projected_saved_rejected_draft_candidate,1.0,AT_GUARD,True,4,4,3,VA→ETM
FLORES,P2,354,4,13,ALL_MORPH_BOUNDARY_GUARD,3,saved_H3_exact_target_token,,NO_REJECTION,True,4,2,1,SL→SL
FLORES,P2,354,15,43,ALL_MORPH_BOUNDARY_GUARD,2,saved_H3_exact_target_token,,NO_REJECTION,True,4,3,2,XSV→EC
FLORES,P2,356,9,30,NP_BOUNDARY_GUARD,1,projected_saved_rejected_draft_candidate,1.0,AT_GUARD,True,4,4,3,NNB→JX
FLORES,P2,356,9,30,ALL_MORPH_BOUNDARY_GUARD,1,projected_saved_rejected_draft_candidate,1.0,AT_GUARD,True,4,4,3,NNB→JX
FLORES,P2,356,16,47,ALL_MORPH_BOUNDARY_GUARD,3,saved_H3_exact_target_token,,NO_REJECTION,True,4,2,1,XSV→ETN
FLORES,P2,357,11,27,NP_BOUNDARY_GUARD,2,projected_saved_rejected_draft_candidate,2.0,AT_GUARD,True,4,3,2,NNG→JKO
FLORES,P2,357,11,27,ALL_MORPH_BOUNDARY_GUARD,2,projected_saved_rejected_draft_candidate,2.0,AT_GUARD,True,4,3,2,NNG→JKO
FLORES,P2,358,9,26,ALL_MORPH_BOUNDARY_GUARD,2,projected_saved_rejected_draft_candidate,2.0,AT_GUARD,True,4,3,2,EP→EF
FLORES,P2,359,0,0,NP_BOUNDARY_GUARD,1,projected_saved_rejected_draft_candidate,1.0,AT_GUARD,True,4,4,3,NP→JX
FLORES,P2,359,0,0,ALL_MORPH_BOUNDARY_GUARD,1,projected_saved_rejected_draft_candidate,1.0,AT_GUARD,True,4,4,3,NP→JX
FLORES,P2,359,4,13,ALL_MORPH_BOUNDARY_GUARD,2,saved_H3_exact_target_token,,NO_REJECTION,True,4,3,2,SL→SL
FLORES,P2,360,0,0,ALL_MORPH_BOUNDARY_GUARD,3,saved_H3_exact_target_token,4.0,AFTER_GUARD,True,4,2,1,JKB→JX
FLORES,P2,360,2,6,ALL_MORPH_BOUNDARY_GUARD,3,saved_H3_exact_target_token,4.0,AFTER_GUARD,True,4,2,1,XSN→JKS
FLORES,P2,360,3,10,ALL_MORPH_BOUNDARY_GUARD,3,projected_saved_rejected_draft_candidate,3.0,AT_GUARD,True,4,2,1,XSN→JKS
FLORES,P2,360,14,40,ALL_MORPH_BOUNDARY_GUARD,2,saved_H3_exact_target_token,,NO_REJECTION,True,4,3,2,XSA→EF
FLORES,P2,361,2,8,ALL_MORPH_BOUNDARY_GUARD,1,projected_saved_rejected_draft_candidate,1.0,AT_GUARD,True,4,4,3,XSN→JKS
FLORES,P2,361,12,20,ALL_MORPH_BOUNDARY_GUARD,1,projected_saved_rejected_draft_candidate,1.0,AT_GUARD,True,4,4,3,VA→ETM
FLORES,P2,361,22,45,ALL_MORPH_BOUNDARY_GUARD,2,saved_H3_exact_target_token,,NO_REJECTION,True,4,3,2,XSN→JKO
FLORES,P2,362,0,0,ALL_MORPH_BOUNDARY_GUARD,2,saved_H3_exact_target_token,,NO_REJECTION,True,4,3,2,XSN→JKG
FLORES,P2,362,7,21,ALL_MORPH_BOUNDARY_GUARD,1,projected_saved_rejected_draft_candidate,1.0,AT_GUARD,True,4,4,3,VV→EF
FLORES,P2,362,9,26,ALL_MORPH_BOUNDARY_GUARD,3,saved_H3_exact_target_token,,NO_REJECTION,True,4,2,1,XSV→EC
FLORES,P2,362,14,41,ALL_MORPH_BOUNDARY_GUARD,1,saved_H3_exact_target_token,,NO_REJECTION,True,4,4,3,XSV→ETM
FLORES,P2,363,15,28,ALL_MORPH_BOUNDARY_GUARD,1,projected_saved_rejected_draft_candidate,1.0,AT_GUARD,True,4,4,3,VV→EF
FLORES,P2,363,16,29,ALL_MORPH_BOUNDARY_GUARD,2,saved_H3_exact_target_token,,NO_REJECTION,True,4,3,2,VX→EF
FLORES,P2,365,0,0,NP_BOUNDARY_GUARD,2,projected_saved_rejected_draft_candidate,2.0,AT_GUARD,True,4,3,2,NNG→JKS
FLORES,P2,365,0,0,ALL_MORPH_BOUNDARY_GUARD,2,projected_saved_rejected_draft_candidate,2.0,AT_GUARD,True,4,3,2,NNG→JKS
FLORES,P2,365,1,2,ALL_MORPH_BOUNDARY_GUARD,1,saved_H3_exact_target_token,2.0,AFTER_GUARD,True,4,4,3,XSN→JX
FLORES,P2,365,4,12,ALL_MORPH_BOUNDARY_GUARD,1,projected_saved_rejected_draft_candidate,1.0,AT_GUARD,True,4,4,3,VA→EF
FLORES,P2,365,10,25,ALL_MORPH_BOUNDARY_GUARD,1,saved_H3_exact_target_token,2.0,AFTER_GUARD,True,4,4,3,XSN→JKC
FLORES,P2,366,1,1,ALL_MORPH_BOUNDARY_GUARD,2,projected_saved_rejected_draft_candidate,2.0,AT_GUARD,True,4,3,2,XSN→JX
FLORES,P2,366,8,16,ALL_MORPH_BOUNDARY_GUARD,1,projected_saved_rejected_draft_candidate,1.0,AT_GUARD,True,4,4,3,VA→ETM
FLORES,P2,366,10,20,ALL_MORPH_BOUNDARY_GUARD,2,saved_H3_exact_target_token,,NO_REJECTION,True,4,3,2,XSV→EC
FLORES,P2,366,13,29,ALL_MORPH_BOUNDARY_GUARD,3,saved_H3_exact_target_token,4.0,AFTER_GUARD,True,4,2,1,XSN→JKB
FLORES,P2,366,14,33,ALL_MORPH_BOUNDARY_GUARD,2,projected_saved_rejected_draft_candidate,2.0,AT_GUARD,True,4,3,2,XSA→EF
FLORES,P2,366,15,35,ALL_MORPH_BOUNDARY_GUARD,2,saved_H3_exact_target_token,4.0,AFTER_GUARD,True,4,3,2,XSV→EC
FLORES,P2,367,3,6,ALL_MORPH_BOUNDARY_GUARD,1,projected_saved_rejected_draft_candidate,1.0,AT_GUARD,True,4,4,3,VX→EF
FLORES,P2,368,6,21,ALL_MORPH_BOUNDARY_GUARD,2,saved_H3_exact_target_token,,NO_REJECTION,True,4,3,2,SL→SL
FLORES,P2,368,11,39,NP_BOUNDARY_GUARD,2,saved_H3_exact_target_token,3.0,AFTER_GUARD,True,4,3,2,NNG→JX
FLORES,P2,368,11,39,ALL_MORPH_BOUNDARY_GUARD,2,saved_H3_exact_target_token,3.0,AFTER_GUARD,True,4,3,2,NNG→JX
FLORES,P2,368,26,77,NP_BOUNDARY_GUARD,1,saved_H3_exact_target_token,2.0,AFTER_GUARD,True,4,4,3,NNG→JX
FLORES,P2,368,26,77,ALL_MORPH_BOUNDARY_GUARD,1,saved_H3_exact_target_token,2.0,AFTER_GUARD,True,4,4,3,NNG→JX
FLORES,P2,369,2,5,NP_BOUNDARY_GUARD,1,saved_H3_exact_target_token,2.0,AFTER_GUARD,True,4,4,3,NNG→JX
FLORES,P2,369,2,5,ALL_MORPH_BOUNDARY_GUARD,1,saved_H3_exact_target_token,2.0,AFTER_GUARD,True,4,4,3,NNG→JX
FLORES,P2,369,15,40,ALL_MORPH_BOUNDARY_GUARD,1,projected_saved_rejected_draft_candidate,1.0,AT_GUARD,True,4,4,3,VA→ETM
FLORES,P2,370,6,15,ALL_MORPH_BOUNDARY_GUARD,1,saved_H3_exact_target_token,2.0,AFTER_GUARD,True,4,4,3,XSN→JX
FLORES,P2,370,17,41,ALL_MORPH_BOUNDARY_GUARD,2,saved_H3_exact_target_token,,NO_REJECTION,True,4,3,2,XSV→ETM
FLORES,P2,371,1,4,ALL_MORPH_BOUNDARY_GUARD,1,saved_H3_exact_target_token,4.0,AFTER_GUARD,True,4,4,3,XSN→JX
FLORES,P2,373,11,23,ALL_MORPH_BOUNDARY_GUARD,3,projected_saved_rejected_draft_candidate,3.0,AT_GUARD,True,4,2,1,XSV→ETM
FLORES,P2,373,17,44,ALL_MORPH_BOUNDARY_GUARD,3,saved_H3_exact_target_token,4.0,AFTER_GUARD,True,4,2,1,XSV→EC
FLORES,P2,373,19,52,ALL_MORPH_BOUNDARY_GUARD,2,projected_saved_rejected_draft_candidate,2.0,AT_GUARD,True,4,3,2,SSC→SP
FLORES,P2,373,20,54,ALL_MORPH_BOUNDARY_GUARD,2,saved_H3_exact_target_token,3.0,AFTER_GUARD,True,4,3,2,XSN→JX
FLORES,P2,373,24,65,ALL_MORPH_BOUNDARY_GUARD,3,saved_H3_exact_target_token,4.0,AFTER_GUARD,True,4,2,1,VV→EC
FLORES,P2,374,4,14,ALL_MORPH_BOUNDARY_GUARD,2,saved_H3_exact_target_token,,NO_REJECTION,True,4,3,2,VX→EC
FLORES,P2,375,2,8,ALL_MORPH_BOUNDARY_GUARD,1,saved_H3_exact_target_token,2.0,AFTER_GUARD,True,4,4,3,VX→EP
FLORES,P2,375,3,10,ALL_MORPH_BOUNDARY_GUARD,3,saved_H3_exact_target_token,,NO_REJECTION,True,4,2,1,XSN→JX
FLORES,P2,376,4,15,ALL_MORPH_BOUNDARY_GUARD,3,saved_H3_exact_target_token,,NO_REJECTION,True,4,2,1,XSV→EC
FLORES,P2,376,5,19,ALL_MORPH_BOUNDARY_GUARD,2,saved_H3_exact_target_token,,NO_REJECTION,True,4,3,2,XSN→JX
FLORES,P2,376,10,33,NP_BOUNDARY_GUARD,1,projected_saved_rejected_draft_candidate,1.0,AT_GUARD,True,4,4,3,NNB→JKO
FLORES,P2,376,10,33,ALL_MORPH_BOUNDARY_GUARD,1,projected_saved_rejected_draft_candidate,1.0,AT_GUARD,True,4,4,3,NNB→JKO
FLORES,P2,377,10,32,ALL_MORPH_BOUNDARY_GUARD,2,projected_saved_rejected_draft_candidate,2.0,AT_GUARD,True,4,3,2,VX→ETM
FLORES,P2,377,11,34,ALL_MORPH_BOUNDARY_GUARD,1,saved_H3_exact_target_token,3.0,AFTER_GUARD,True,4,4,3,VX→EC
FLORES,P2,378,6,20,ALL_MORPH_BOUNDARY_GUARD,3,saved_H3_exact_target_token,,NO_REJECTION,True,4,2,1,XSV→ETM
FLORES,P2,380,2,8,NP_BOUNDARY_GUARD,3,projected_saved_rejected_draft_candidate,3.0,AT_GUARD,True,4,2,1,NNG→JKO
FLORES,P2,380,2,8,ALL_MORPH_BOUNDARY_GUARD,3,projected_saved_rejected_draft_candidate,3.0,AT_GUARD,True,4,2,1,NNG→JKO
FLORES,P2,380,7,24,ALL_MORPH_BOUNDARY_GUARD,2,saved_H3_exact_target_token,,NO_REJECTION,True,4,3,2,XSN→JX
FLORES,P2,381,11,43,ALL_MORPH_BOUNDARY_GUARD,3,projected_saved_rejected_draft_candidate,3.0,AT_GUARD,True,4,2,1,XSN→JKS
FLORES,P2,381,13,50,ALL_MORPH_BOUNDARY_GUARD,1,saved_H3_exact_target_token,,NO_REJECTION,True,3,3,2,VA→EF
FLORES,P2,382,5,14,NP_BOUNDARY_GUARD,3,saved_H3_exact_target_token,,NO_REJECTION,True,4,2,1,NNB→JKB
FLORES,P2,382,5,14,ALL_MORPH_BOUNDARY_GUARD,3,saved_H3_exact_target_token,,NO_REJECTION,True,4,2,1,NNB→JKB
FLORES,P2,382,8,23,ALL_MORPH_BOUNDARY_GUARD,3,saved_H3_exact_target_token,,NO_REJECTION,True,4,2,1,XSV→EC
FLORES,P2,382,10,31,ALL_MORPH_BOUNDARY_GUARD,3,saved_H3_exact_target_token,,NO_REJECTION,True,4,2,1,VV→EC
FLORES,P2,383,15,42,NP_BOUNDARY_GUARD,3,saved_H3_exact_target_token,,NO_REJECTION,True,4,2,1,NNB→JKB
FLORES,P2,383,15,42,ALL_MORPH_BOUNDARY_GUARD,1,saved_H3_exact_target_token,,NO_REJECTION,True,4,4,3,VV→EP
FLORES,P2,383,22,54,NP_BOUNDARY_GUARD,3,projected_saved_rejected_draft_candidate,3.0,AT_GUARD,True,4,2,1,NNB→JKS
FLORES,P2,383,22,54,ALL_MORPH_BOUNDARY_GUARD,3,projected_saved_rejected_draft_candidate,3.0,AT_GUARD,True,4,2,1,NNB→JKS
FLORES,P2,383,25,60,ALL_MORPH_BOUNDARY_GUARD,3,saved_H3_exact_target_token,,NO_REJECTION,True,4,2,1,EP→EF
FLORES,P2,384,2,8,NP_BOUNDARY_GUARD,2,projected_saved_rejected_draft_candidate,2.0,AT_GUARD,True,4,3,2,NP→JX
FLORES,P2,384,2,8,ALL_MORPH_BOUNDARY_GUARD,2,projected_saved_rejected_draft_candidate,2.0,AT_GUARD,True,4,3,2,NP→JX
FLORES,P2,384,11,30,NP_BOUNDARY_GUARD,1,projected_saved_rejected_draft_candidate,1.0,AT_GUARD,True,4,4,3,NNG→JX
FLORES,P2,384,11,30,ALL_MORPH_BOUNDARY_GUARD,1,projected_saved_rejected_draft_candidate,1.0,AT_GUARD,True,4,4,3,NNG→JX
FLORES,P2,384,12,31,ALL_MORPH_BOUNDARY_GUARD,1,saved_H3_exact_target_token,3.0,AFTER_GUARD,True,4,4,3,JKB→JX
FLORES,P2,386,6,17,ALL_MORPH_BOUNDARY_GUARD,3,projected_saved_rejected_draft_candidate,3.0,AT_GUARD,True,4,2,1,XSN→JX
FLORES,P2,387,4,10,NP_BOUNDARY_GUARD,2,saved_H3_exact_target_token,,NO_REJECTION,True,4,3,2,NNG→JKS
FLORES,P2,387,4,10,ALL_MORPH_BOUNDARY_GUARD,2,saved_H3_exact_target_token,,NO_REJECTION,True,4,3,2,NNG→JKS
FLORES,P2,388,2,8,ALL_MORPH_BOUNDARY_GUARD,1,saved_H3_exact_target_token,,NO_REJECTION,True,4,4,3,JKB→JX
FLORES,P2,388,5,17,NP_BOUNDARY_GUARD,2,saved_H3_exact_target_token,3.0,AFTER_GUARD,True,4,3,2,NNG→JKB
FLORES,P2,388,5,17,ALL_MORPH_BOUNDARY_GUARD,2,saved_H3_exact_target_token,3.0,AFTER_GUARD,True,4,3,2,NNG→JKB
FLORES,P2,388,9,27,ALL_MORPH_BOUNDARY_GUARD,1,saved_H3_exact_target_token,3.0,AFTER_GUARD,True,4,4,3,XSN→JKS
FLORES,P2,388,10,30,ALL_MORPH_BOUNDARY_GUARD,1,saved_H3_exact_target_token,2.0,AFTER_GUARD,True,4,4,3,VX→EP
FLORES,P2,389,0,0,ALL_MORPH_BOUNDARY_GUARD,3,saved_H3_exact_target_token,,NO_REJECTION,True,4,2,1,VV→EC
FLORES,P2,389,2,5,ALL_MORPH_BOUNDARY_GUARD,1,saved_H3_exact_target_token,,NO_REJECTION,True,4,4,3,XSN→JX
FLORES,P2,390,2,4,ALL_MORPH_BOUNDARY_GUARD,1,saved_H3_exact_target_token,,NO_REJECTION,True,4,4,3,XSN→JX
FLORES,P2,390,5,14,NP_BOUNDARY_GUARD,1,projected_saved_rejected_draft_candidate,1.0,AT_GUARD,True,4,4,3,NNG→JKO
FLORES,P2,390,5,14,ALL_MORPH_BOUNDARY_GUARD,1,projected_saved_rejected_draft_candidate,1.0,AT_GUARD,True,4,4,3,NNG→JKO
FLORES,P2,390,8,19,ALL_MORPH_BOUNDARY_GUARD,1,saved_H3_exact_target_token,2.0,AFTER_GUARD,True,4,4,3,XSV→EC
FLORES,P2,391,1,1,ALL_MORPH_BOUNDARY_GUARD,1,saved_H3_exact_target_token,3.0,AFTER_GUARD,True,4,4,3,XSN→JX
FLORES,P2,391,3,5,NP_BOUNDARY_GUARD,1,saved_H3_exact_target_token,2.0,AFTER_GUARD,True,4,4,3,NNG→JKO
FLORES,P2,391,3,5,ALL_MORPH_BOUNDARY_GUARD,1,saved_H3_exact_target_token,2.0,AFTER_GUARD,True,4,4,3,NNG→JKO
FLORES,P2,391,5,11,ALL_MORPH_BOUNDARY_GUARD,2,saved_H3_exact_target_token,4.0,AFTER_GUARD,True,4,3,2,XSN→JX
FLORES,P2,393,7,20,ALL_MORPH_BOUNDARY_GUARD,1,saved_H3_exact_target_token,,NO_REJECTION,True,3,3,2,SL→SL
FLORES,P2,395,3,12,ALL_MORPH_BOUNDARY_GUARD,2,saved_H3_exact_target_token,4.0,AFTER_GUARD,True,4,3,2,XSA→EC
FLORES,P2,397,0,0,NP_BOUNDARY_GUARD,2,projected_saved_rejected_draft_candidate,2.0,AT_GUARD,True,4,3,2,NNG→JKS
FLORES,P2,397,0,0,ALL_MORPH_BOUNDARY_GUARD,2,projected_saved_rejected_draft_candidate,2.0,AT_GUARD,True,4,3,2,NNG→JKS
FLORES,P2,397,1,2,ALL_MORPH_BOUNDARY_GUARD,1,saved_H3_exact_target_token,2.0,AFTER_GUARD,True,4,4,3,XSN→JKS
FLORES,P2,397,7,20,ALL_MORPH_BOUNDARY_GUARD,1,saved_H3_exact_target_token,2.0,AFTER_GUARD,True,4,4,3,VV→ETM
FLORES,P2,398,2,7,ALL_MORPH_BOUNDARY_GUARD,2,saved_H3_exact_target_token,,NO_REJECTION,True,4,3,2,JKB→JX
FLORES,P2,399,4,14,ALL_MORPH_BOUNDARY_GUARD,2,saved_H3_exact_target_token,3.0,AFTER_GUARD,True,4,3,2,XSV→EC
FLORES,P2,399,7,23,ALL_MORPH_BOUNDARY_GUARD,1,projected_saved_rejected_draft_candidate,1.0,AT_GUARD,True,4,4,3,JKB→JX
FLORES,P2,401,8,29,ALL_MORPH_BOUNDARY_GUARD,1,saved_H3_exact_target_token,,NO_REJECTION,True,3,3,2,SL→SL
FLORES,P2,403,2,5,ALL_MORPH_BOUNDARY_GUARD,1,saved_H3_exact_target_token,,NO_REJECTION,True,4,4,3,SL→SL
FLORES,P2,405,11,41,ALL_MORPH_BOUNDARY_GUARD,2,saved_H3_exact_target_token,,NO_REJECTION,True,4,3,2,SL→SL
FLORES,P2,407,1,1,ALL_MORPH_BOUNDARY_GUARD,1,saved_H3_exact_target_token,3.0,AFTER_GUARD,True,4,4,3,SO→SL
FLORES,P2,407,6,14,ALL_MORPH_BOUNDARY_GUARD,2,saved_H3_exact_target_token,3.0,AFTER_GUARD,True,4,3,2,XSN→JX
FLORES,P2,407,13,37,ALL_MORPH_BOUNDARY_GUARD,1,saved_H3_exact_target_token,3.0,AFTER_GUARD,True,4,4,3,XSV→EC
FLORES,P2,408,4,8,ALL_MORPH_BOUNDARY_GUARD,3,projected_saved_rejected_draft_candidate,3.0,AT_GUARD,True,4,2,1,XSV→EP
FLORES,P2,408,12,34,ALL_MORPH_BOUNDARY_GUARD,1,saved_H3_exact_target_token,2.0,AFTER_GUARD,True,4,4,3,XSN→JKS
FLORES,P2,408,14,40,ALL_MORPH_BOUNDARY_GUARD,3,projected_saved_rejected_draft_candidate,3.0,AT_GUARD,True,4,2,1,XSV→ETM
FLORES,P2,409,7,27,ALL_MORPH_BOUNDARY_GUARD,1,projected_saved_rejected_draft_candidate,1.0,AT_GUARD,True,4,4,3,XSV→EC
FLORES,P2,410,8,24,ALL_MORPH_BOUNDARY_GUARD,2,saved_H3_exact_target_token,3.0,AFTER_GUARD,True,4,3,2,XSV→EC
FLORES,P2,411,3,6,ALL_MORPH_BOUNDARY_GUARD,3,saved_H3_exact_target_token,,NO_REJECTION,True,4,2,1,XSV→EC
FLORES,P2,411,4,10,ALL_MORPH_BOUNDARY_GUARD,3,projected_saved_rejected_draft_candidate,3.0,AT_GUARD,True,4,2,1,XSV→ETM
FLORES,P2,411,5,13,ALL_MORPH_BOUNDARY_GUARD,1,projected_saved_rejected_draft_candidate,1.0,AT_GUARD,True,4,4,3,VV→EF
FLORES,P2,411,6,14,ALL_MORPH_BOUNDARY_GUARD,2,saved_H3_exact_target_token,4.0,AFTER_GUARD,True,4,3,2,XSV→ETM
FLORES,P2,411,12,27,NP_BOUNDARY_GUARD,3,projected_saved_rejected_draft_candidate,3.0,AT_GUARD,True,4,2,1,NNB→JKO
FLORES,P2,411,12,27,ALL_MORPH_BOUNDARY_GUARD,2,saved_H3_exact_target_token,3.0,AFTER_GUARD,True,4,3,2,XSV→ETM
FLORES,P2,412,9,31,ALL_MORPH_BOUNDARY_GUARD,1,saved_H3_exact_target_token,,NO_REJECTION,True,4,4,3,SO→SL
FLORES,P2,413,4,8,ALL_MORPH_BOUNDARY_GUARD,1,projected_saved_rejected_draft_candidate,1.0,AT_GUARD,True,4,4,3,VCP→EC
FLORES,P2,413,11,24,ALL_MORPH_BOUNDARY_GUARD,1,projected_saved_rejected_draft_candidate,1.0,AT_GUARD,True,4,4,3,XSV→EC
FLORES,P2,413,12,25,NP_BOUNDARY_GUARD,1,projected_saved_rejected_draft_candidate,1.0,AT_GUARD,True,4,4,3,NNB→JKO
FLORES,P2,413,12,25,ALL_MORPH_BOUNDARY_GUARD,1,projected_saved_rejected_draft_candidate,1.0,AT_GUARD,True,4,4,3,NNB→JKO
FLORES,P2,414,5,14,ALL_MORPH_BOUNDARY_GUARD,3,saved_H3_exact_target_token,,NO_REJECTION,True,4,2,1,SL→SL
FLORES,P2,416,23,60,ALL_MORPH_BOUNDARY_GUARD,1,projected_saved_rejected_draft_candidate,1.0,AT_GUARD,True,4,4,3,XSV→EF
FLORES,P2,416,24,61,ALL_MORPH_BOUNDARY_GUARD,2,saved_H3_exact_target_token,3.0,AFTER_GUARD,True,4,3,2,VX→EP
FLORES,P2,418,7,25,ALL_MORPH_BOUNDARY_GUARD,3,saved_H3_exact_target_token,,NO_REJECTION,True,4,2,1,SL→SL
FLORES,P2,419,10,32,ALL_MORPH_BOUNDARY_GUARD,1,saved_H3_exact_target_token,,NO_REJECTION,True,4,4,3,VCP→EC
FLORES,P2,420,23,59,ALL_MORPH_BOUNDARY_GUARD,1,projected_saved_rejected_draft_candidate,1.0,AT_GUARD,True,3,3,2,VA→EF
FLORES,P2,422,9,26,ALL_MORPH_BOUNDARY_GUARD,2,saved_H3_exact_target_token,3.0,AFTER_GUARD,True,4,3,2,XSV→EC
FLORES,P2,422,11,31,ALL_MORPH_BOUNDARY_GUARD,2,saved_H3_exact_target_token,,NO_REJECTION,True,4,3,2,NNB→XSN
FLORES,P2,422,13,38,ALL_MORPH_BOUNDARY_GUARD,1,projected_saved_rejected_draft_candidate,1.0,AT_GUARD,True,3,3,2,JKS→MAG
FLORES,P2,423,1,3,ALL_MORPH_BOUNDARY_GUARD,2,saved_H3_exact_target_token,,NO_REJECTION,True,4,3,2,XSN→JKB
FLORES,P2,424,3,10,ALL_MORPH_BOUNDARY_GUARD,3,projected_saved_rejected_draft_candidate,3.0,AT_GUARD,True,4,2,1,XSV→EP
FLORES,P2,424,6,17,ALL_MORPH_BOUNDARY_GUARD,1,saved_H3_exact_target_token,2.0,AFTER_GUARD,True,4,4,3,XSN→JKS
FLORES,P2,425,11,23,NP_BOUNDARY_GUARD,1,saved_H3_exact_target_token,2.0,AFTER_GUARD,True,4,4,3,NNG→JKO
FLORES,P2,425,11,23,ALL_MORPH_BOUNDARY_GUARD,1,saved_H3_exact_target_token,2.0,AFTER_GUARD,True,4,4,3,NNG→JKO
FLORES,P2,425,12,25,ALL_MORPH_BOUNDARY_GUARD,1,saved_H3_exact_target_token,,NO_REJECTION,True,4,4,3,XSV→EC
FLORES,P2,425,17,39,NP_BOUNDARY_GUARD,3,saved_H3_exact_target_token,4.0,AFTER_GUARD,True,4,2,1,NNG→JKO
FLORES,P2,425,17,39,ALL_MORPH_BOUNDARY_GUARD,3,saved_H3_exact_target_token,4.0,AFTER_GUARD,True,4,2,1,NNG→JKO
FLORES,P2,425,23,53,ALL_MORPH_BOUNDARY_GUARD,2,projected_saved_rejected_draft_candidate,2.0,AT_GUARD,True,4,3,2,XSV→EC
FLORES,P2,426,13,42,ALL_MORPH_BOUNDARY_GUARD,3,saved_H3_exact_target_token,4.0,AFTER_GUARD,True,4,2,1,XSV→EC
FLORES,P2,427,15,48,ALL_MORPH_BOUNDARY_GUARD,1,saved_H3_exact_target_token,2.0,AFTER_GUARD,True,4,4,3,XSV→EC
FLORES,P2,427,19,60,ALL_MORPH_BOUNDARY_GUARD,3,saved_H3_exact_target_token,,NO_REJECTION,True,4,2,1,XSV→EC
FLORES,P2,428,5,14,ALL_MORPH_BOUNDARY_GUARD,1,saved_H3_exact_target_token,4.0,AFTER_GUARD,True,4,4,3,XSV→EC
FLORES,P2,430,1,4,ALL_MORPH_BOUNDARY_GUARD,3,projected_saved_rejected_draft_candidate,3.0,AT_GUARD,True,4,2,1,JKB→JX
FLORES,P2,430,6,19,ALL_MORPH_BOUNDARY_GUARD,2,saved_H3_exact_target_token,,NO_REJECTION,True,4,3,2,XSV→EP
FLORES,P2,430,11,34,ALL_MORPH_BOUNDARY_GUARD,1,saved_H3_exact_target_token,,NO_REJECTION,True,3,3,2,VX→EF
FLORES,P2,431,0,0,ALL_MORPH_BOUNDARY_GUARD,3,saved_H3_exact_target_token,,NO_REJECTION,True,4,2,1,VV→EC
FLORES,P2,432,0,0,ALL_MORPH_BOUNDARY_GUARD,3,projected_saved_rejected_draft_candidate,3.0,AT_GUARD,True,4,2,1,JKB→JX
FLORES,P2,432,2,4,ALL_MORPH_BOUNDARY_GUARD,2,saved_H3_exact_target_token,,NO_REJECTION,True,4,3,2,XSV→EC
FLORES,P2,435,0,0,ALL_MORPH_BOUNDARY_GUARD,1,projected_saved_rejected_draft_candidate,1.0,AT_GUARD,True,4,4,3,VA→ETM
FLORES,P2,436,1,1,ALL_MORPH_BOUNDARY_GUARD,2,saved_H3_exact_target_token,,NO_REJECTION,True,4,3,2,SO→SL
FLORES,P2,437,4,8,ALL_MORPH_BOUNDARY_GUARD,3,saved_H3_exact_target_token,4.0,AFTER_GUARD,True,4,2,1,XSN→JKB
FLORES,P2,437,16,43,ALL_MORPH_BOUNDARY_GUARD,1,projected_saved_rejected_draft_candidate,1.0,AT_GUARD,True,4,4,3,SSC→SF
FLORES,P2,438,5,12,ALL_MORPH_BOUNDARY_GUARD,2,saved_H3_exact_target_token,3.0,AFTER_GUARD,True,4,3,2,XSA→EC
FLORES,P2,439,8,27,ALL_MORPH_BOUNDARY_GUARD,1,saved_H3_exact_target_token,2.0,AFTER_GUARD,True,4,4,3,XSN→JKO
FLORES,P2,440,0,0,ALL_MORPH_BOUNDARY_GUARD,2,projected_saved_rejected_draft_candidate,2.0,AT_GUARD,True,4,3,2,XSN→JKG
FLORES,P2,441,9,17,ALL_MORPH_BOUNDARY_GUARD,1,saved_H3_exact_target_token,,NO_REJECTION,True,4,4,3,XSV→EC
FLORES,P2,441,12,26,ALL_MORPH_BOUNDARY_GUARD,3,saved_H3_exact_target_token,,NO_REJECTION,True,4,2,1,XSV→EC
FLORES,P2,442,16,40,ALL_MORPH_BOUNDARY_GUARD,2,saved_H3_exact_target_token,,NO_REJECTION,True,4,3,2,XSV→EC
FLORES,P2,442,18,48,ALL_MORPH_BOUNDARY_GUARD,1,saved_H3_exact_target_token,,NO_REJECTION,True,4,4,3,XSN→JKG
FLORES,P2,444,2,5,ALL_MORPH_BOUNDARY_GUARD,1,saved_H3_exact_target_token,3.0,AFTER_GUARD,True,4,4,3,XSN→VCP
FLORES,P2,444,6,18,ALL_MORPH_BOUNDARY_GUARD,3,projected_saved_rejected_draft_candidate,3.0,AT_GUARD,True,4,2,1,XSV→ETM
FLORES,P2,444,11,26,ALL_MORPH_BOUNDARY_GUARD,1,saved_H3_exact_target_token,2.0,AFTER_GUARD,True,4,4,3,XSV→ETM
FLORES,P2,444,22,53,ALL_MORPH_BOUNDARY_GUARD,1,saved_H3_exact_target_token,,NO_REJECTION,True,4,4,3,XSV→EC
FLORES,P2,445,4,8,ALL_MORPH_BOUNDARY_GUARD,3,saved_H3_exact_target_token,,NO_REJECTION,True,4,2,1,XSV→EC
FLORES,P2,446,3,9,ALL_MORPH_BOUNDARY_GUARD,2,saved_H3_exact_target_token,,NO_REJECTION,True,4,3,2,XSN→VCP
FLORES,P2,448,6,19,ALL_MORPH_BOUNDARY_GUARD,1,saved_H3_exact_target_token,2.0,AFTER_GUARD,True,4,4,3,XSN→JX
FLORES,P2,448,8,22,ALL_MORPH_BOUNDARY_GUARD,1,projected_saved_rejected_draft_candidate,1.0,AT_GUARD,True,4,4,3,VA→ETM
FLORES,P2,448,9,23,NP_BOUNDARY_GUARD,1,projected_saved_rejected_draft_candidate,1.0,AT_GUARD,True,4,4,3,NNG→JKS
FLORES,P2,448,9,23,ALL_MORPH_BOUNDARY_GUARD,1,projected_saved_rejected_draft_candidate,1.0,AT_GUARD,True,4,4,3,NNG→JKS
FLORES,P2,449,7,15,ALL_MORPH_BOUNDARY_GUARD,1,saved_H3_exact_target_token,2.0,AFTER_GUARD,True,4,4,3,XSV→EC
FLORES,P2,450,13,34,NP_BOUNDARY_GUARD,2,projected_saved_rejected_draft_candidate,2.0,AT_GUARD,True,4,3,2,NNB→JKB
FLORES,P2,450,13,34,ALL_MORPH_BOUNDARY_GUARD,2,projected_saved_rejected_draft_candidate,2.0,AT_GUARD,True,4,3,2,NNB→JKB
FLORES,P2,451,1,1,ALL_MORPH_BOUNDARY_GUARD,1,projected_saved_rejected_draft_candidate,1.0,AT_GUARD,True,4,4,3,JKB→JX
FLORES,P2,451,3,6,ALL_MORPH_BOUNDARY_GUARD,1,projected_saved_rejected_draft_candidate,1.0,AT_GUARD,True,4,4,3,VX→EF
FLORES,P2,451,13,33,ALL_MORPH_BOUNDARY_GUARD,1,saved_H3_exact_target_token,,NO_REJECTION,True,4,4,3,EP→EC
FLORES,P2,451,25,56,ALL_MORPH_BOUNDARY_GUARD,3,saved_H3_exact_target_token,,NO_REJECTION,True,4,2,1,EP→EF
FLORES,P2,452,3,9,ALL_MORPH_BOUNDARY_GUARD,2,saved_H3_exact_target_token,,NO_REJECTION,True,4,3,2,SL→SL
FLORES,P2,452,4,13,ALL_MORPH_BOUNDARY_GUARD,2,saved_H3_exact_target_token,,NO_REJECTION,True,4,3,2,SO→SL
FLORES,P2,452,10,37,ALL_MORPH_BOUNDARY_GUARD,1,saved_H3_exact_target_token,,NO_REJECTION,True,3,3,2,SL→SL
FLORES,P2,453,4,9,ALL_MORPH_BOUNDARY_GUARD,1,saved_H3_exact_target_token,2.0,AFTER_GUARD,True,4,4,3,XSN→JKS
FLORES,P2,454,19,49,ALL_MORPH_BOUNDARY_GUARD,3,saved_H3_exact_target_token,,NO_REJECTION,True,4,2,1,EP→EF
FLORES,P2,455,18,52,ALL_MORPH_BOUNDARY_GUARD,2,saved_H3_exact_target_token,,NO_REJECTION,True,4,3,2,VV→EC
FLORES,P2,455,21,64,ALL_MORPH_BOUNDARY_GUARD,2,saved_H3_exact_target_token,,NO_REJECTION,True,4,3,2,VV→EF
FLORES,P2,457,8,23,ALL_MORPH_BOUNDARY_GUARD,1,projected_saved_rejected_draft_candidate,1.0,AT_GUARD,True,4,4,3,XSV→EC
FLORES,P2,458,5,18,ALL_MORPH_BOUNDARY_GUARD,2,projected_saved_rejected_draft_candidate,2.0,AT_GUARD,True,4,3,2,NNG→XSN
FLORES,P2,458,6,20,ALL_MORPH_BOUNDARY_GUARD,3,saved_H3_exact_target_token,,NO_REJECTION,True,4,2,1,XSN→JKG
FLORES,P2,458,8,28,ALL_MORPH_BOUNDARY_GUARD,1,projected_saved_rejected_draft_candidate,1.0,AT_GUARD,True,4,4,3,XSV→EC
FLORES,P2,458,10,33,ALL_MORPH_BOUNDARY_GUARD,1,saved_H3_exact_target_token,,NO_REJECTION,True,3,3,2,EP→EF
FLORES,P2,459,30,70,ALL_MORPH_BOUNDARY_GUARD,1,projected_saved_rejected_draft_candidate,1.0,AT_GUARD,True,4,4,3,XSV→EC
FLORES,P2,460,10,29,ALL_MORPH_BOUNDARY_GUARD,2,saved_H3_exact_target_token,3.0,AFTER_GUARD,True,4,3,2,XSA→EC
FLORES,P2,461,12,27,ALL_MORPH_BOUNDARY_GUARD,2,saved_H3_exact_target_token,,NO_REJECTION,True,4,3,2,XSV→EC
FLORES,P2,462,1,3,ALL_MORPH_BOUNDARY_GUARD,1,projected_saved_rejected_draft_candidate,1.0,AT_GUARD,True,4,4,3,XSV→ETM
FLORES,P2,463,9,17,ALL_MORPH_BOUNDARY_GUARD,2,saved_H3_exact_target_token,,NO_REJECTION,True,4,3,2,VV→EC
FLORES,P2,463,10,21,ALL_MORPH_BOUNDARY_GUARD,2,projected_saved_rejected_draft_candidate,2.0,AT_GUARD,True,4,3,2,JKB→JX
FLORES,P2,463,12,27,ALL_MORPH_BOUNDARY_GUARD,1,projected_saved_rejected_draft_candidate,1.0,AT_GUARD,True,4,4,3,VA→EF
FLORES,P2,463,15,33,ALL_MORPH_BOUNDARY_GUARD,1,saved_H3_exact_target_token,3.0,AFTER_GUARD,True,4,4,3,VX→EF
FLORES,P2,463,22,52,ALL_MORPH_BOUNDARY_GUARD,3,saved_H3_exact_target_token,,NO_REJECTION,True,4,2,1,VA→EF
FLORES,P2,464,12,24,NP_BOUNDARY_GUARD,1,projected_saved_rejected_draft_candidate,1.0,AT_GUARD,True,4,4,3,NNB→JX
FLORES,P2,464,12,24,ALL_MORPH_BOUNDARY_GUARD,1,projected_saved_rejected_draft_candidate,1.0,AT_GUARD,True,4,4,3,NNB→JX
FLORES,P2,465,2,4,ALL_MORPH_BOUNDARY_GUARD,1,saved_H3_exact_target_token,2.0,AFTER_GUARD,True,4,4,3,XSN→JKS
FLORES,P2,465,14,35,ALL_MORPH_BOUNDARY_GUARD,1,projected_saved_rejected_draft_candidate,1.0,AT_GUARD,True,4,4,3,VV→ETM
FLORES,P2,466,7,15,ALL_MORPH_BOUNDARY_GUARD,2,projected_saved_rejected_draft_candidate,2.0,AT_GUARD,True,4,3,2,XSN→JKG
FLORES,P2,466,13,33,ALL_MORPH_BOUNDARY_GUARD,3,saved_H3_exact_target_token,4.0,AFTER_GUARD,True,4,2,1,VV→ETM
FLORES,P2,466,14,37,ALL_MORPH_BOUNDARY_GUARD,2,saved_H3_exact_target_token,,NO_REJECTION,True,4,3,2,JKB→JX
FLORES,P2,466,22,58,ALL_MORPH_BOUNDARY_GUARD,2,saved_H3_exact_target_token,,NO_REJECTION,True,4,3,2,VV→EC
FLORES,P2,466,30,80,ALL_MORPH_BOUNDARY_GUARD,1,saved_H3_exact_target_token,,NO_REJECTION,True,3,3,2,VV→EF
FLORES,P2,467,20,52,ALL_MORPH_BOUNDARY_GUARD,1,saved_H3_exact_target_token,,NO_REJECTION,True,3,3,2,VA→EF
FLORES,P2,468,4,8,ALL_MORPH_BOUNDARY_GUARD,3,saved_H3_exact_target_token,,NO_REJECTION,True,4,2,1,VCP→EC
FLORES,P2,470,13,18,NP_BOUNDARY_GUARD,3,saved_H3_exact_target_token,4.0,AFTER_GUARD,True,4,2,1,NNG→JKO
FLORES,P2,470,13,18,ALL_MORPH_BOUNDARY_GUARD,3,saved_H3_exact_target_token,4.0,AFTER_GUARD,True,4,2,1,NNG→JKO
FLORES,P2,470,20,41,NP_BOUNDARY_GUARD,3,saved_H3_exact_target_token,,NO_REJECTION,True,4,2,1,NNG→JKO
FLORES,P2,470,20,41,ALL_MORPH_BOUNDARY_GUARD,3,saved_H3_exact_target_token,,NO_REJECTION,True,4,2,1,NNG→JKO
FLORES,P2,470,21,45,NP_BOUNDARY_GUARD,2,projected_saved_rejected_draft_candidate,2.0,AT_GUARD,True,4,3,2,NNB→JKO
FLORES,P2,470,21,45,ALL_MORPH_BOUNDARY_GUARD,2,projected_saved_rejected_draft_candidate,2.0,AT_GUARD,True,4,3,2,NNB→JKO
FLORES,P2,470,22,47,ALL_MORPH_BOUNDARY_GUARD,3,saved_H3_exact_target_token,,NO_REJECTION,True,4,2,1,VV→EF
FLORES,P2,471,15,39,NP_BOUNDARY_GUARD,2,projected_saved_rejected_draft_candidate,2.0,AT_GUARD,True,4,3,2,NP→JKO
FLORES,P2,471,15,39,ALL_MORPH_BOUNDARY_GUARD,1,saved_H3_exact_target_token,2.0,AFTER_GUARD,True,4,4,3,XSN→JKB
FLORES,P2,472,3,6,ALL_MORPH_BOUNDARY_GUARD,1,projected_saved_rejected_draft_candidate,1.0,AT_GUARD,True,4,4,3,VX→EF
FLORES,P2,472,13,41,ALL_MORPH_BOUNDARY_GUARD,3,saved_H3_exact_target_token,,NO_REJECTION,True,4,2,1,SS→SL
FLORES,P2,472,30,100,ALL_MORPH_BOUNDARY_GUARD,1,saved_H3_exact_target_token,,NO_REJECTION,True,4,4,3,SO→SL
FLORES,P2,472,31,104,ALL_MORPH_BOUNDARY_GUARD,3,saved_H3_exact_target_token,,NO_REJECTION,True,4,2,1,SO→SL
FLORES,P2,473,4,9,ALL_MORPH_BOUNDARY_GUARD,1,projected_saved_rejected_draft_candidate,1.0,AT_GUARD,True,4,4,3,VV→ETM
FLORES,P2,473,14,27,ALL_MORPH_BOUNDARY_GUARD,1,projected_saved_rejected_draft_candidate,1.0,AT_GUARD,True,4,4,3,VV→EC
FLORES,P2,473,17,32,ALL_MORPH_BOUNDARY_GUARD,1,saved_H3_exact_target_token,4.0,AFTER_GUARD,True,4,4,3,XSN→JKG
FLORES,P2,473,19,39,ALL_MORPH_BOUNDARY_GUARD,3,projected_saved_rejected_draft_candidate,3.0,AT_GUARD,True,4,2,1,VV→EC
FLORES,P2,474,0,0,ALL_MORPH_BOUNDARY_GUARD,2,saved_H3_exact_target_token,,NO_REJECTION,True,4,3,2,XSN→JKG
FLORES,P2,477,1,1,ALL_MORPH_BOUNDARY_GUARD,1,saved_H3_exact_target_token,3.0,AFTER_GUARD,True,4,4,3,XSN→JX
FLORES,P2,477,20,58,NP_BOUNDARY_GUARD,2,projected_saved_rejected_draft_candidate,2.0,AT_GUARD,True,4,3,2,NNG→JKO
FLORES,P2,477,20,58,ALL_MORPH_BOUNDARY_GUARD,2,projected_saved_rejected_draft_candidate,2.0,AT_GUARD,True,4,3,2,NNG→JKO
FLORES,P2,477,26,69,ALL_MORPH_BOUNDARY_GUARD,3,projected_saved_rejected_draft_candidate,3.0,AT_GUARD,True,4,2,1,EP→EF
FLORES,P2,480,2,3,NP_BOUNDARY_GUARD,3,saved_H3_exact_target_token,,NO_REJECTION,True,4,2,1,NNG→JX
FLORES,P2,480,2,3,ALL_MORPH_BOUNDARY_GUARD,3,saved_H3_exact_target_token,,NO_REJECTION,True,4,2,1,NNG→JX
FLORES,P2,480,3,7,ALL_MORPH_BOUNDARY_GUARD,1,saved_H3_exact_target_token,3.0,AFTER_GUARD,True,4,4,3,XSN→JKB
FLORES,P2,480,5,13,ALL_MORPH_BOUNDARY_GUARD,3,saved_H3_exact_target_token,,NO_REJECTION,True,4,2,1,VX→EC
FLORES,P2,483,17,56,ALL_MORPH_BOUNDARY_GUARD,3,projected_saved_rejected_draft_candidate,3.0,AT_GUARD,True,4,2,1,XSN→JKB
FLORES,P2,483,23,73,ALL_MORPH_BOUNDARY_GUARD,1,saved_H3_exact_target_token,4.0,AFTER_GUARD,True,4,4,3,XSN→JKB
FLORES,P2,483,24,77,ALL_MORPH_BOUNDARY_GUARD,1,saved_H3_exact_target_token,2.0,AFTER_GUARD,True,4,4,3,XSV→EC
FLORES,P2,484,0,0,ALL_MORPH_BOUNDARY_GUARD,3,saved_H3_exact_target_token,,NO_REJECTION,True,4,2,1,VV→EC
FLORES,P2,484,5,14,ALL_MORPH_BOUNDARY_GUARD,3,projected_saved_rejected_draft_candidate,3.0,AT_GUARD,True,4,2,1,VV→ETM
FLORES,P2,484,7,19,ALL_MORPH_BOUNDARY_GUARD,2,saved_H3_exact_target_token,,NO_REJECTION,True,4,3,2,VA→EF
FLORES,P2,485,9,19,ALL_MORPH_BOUNDARY_GUARD,3,saved_H3_exact_target_token,4.0,AFTER_GUARD,True,4,2,1,XSN→JKB
FLORES,P2,485,10,23,ALL_MORPH_BOUNDARY_GUARD,3,saved_H3_exact_target_token,,NO_REJECTION,True,4,2,1,XSA→EC
FLORES,P2,485,12,28,NP_BOUNDARY_GUARD,1,saved_H3_exact_target_token,4.0,AFTER_GUARD,True,4,4,3,NNB→JKB
FLORES,P2,485,12,28,ALL_MORPH_BOUNDARY_GUARD,1,saved_H3_exact_target_token,4.0,AFTER_GUARD,True,4,4,3,NNB→JKB
FLORES,P2,486,12,36,ALL_MORPH_BOUNDARY_GUARD,2,saved_H3_exact_target_token,4.0,AFTER_GUARD,True,4,3,2,XSV→ETN
FLORES,P2,486,17,51,ALL_MORPH_BOUNDARY_GUARD,1,saved_H3_exact_target_token,2.0,AFTER_GUARD,True,4,4,3,XSV→EC
FLORES,P2,487,4,16,ALL_MORPH_BOUNDARY_GUARD,1,saved_H3_exact_target_token,2.0,AFTER_GUARD,True,4,4,3,XSV→EC
FLORES,P2,487,13,33,NP_BOUNDARY_GUARD,3,projected_saved_rejected_draft_candidate,3.0,AT_GUARD,True,4,2,1,NNB→JKG
FLORES,P2,487,13,33,ALL_MORPH_BOUNDARY_GUARD,3,projected_saved_rejected_draft_candidate,3.0,AT_GUARD,True,4,2,1,NNB→JKG
FLORES,P2,488,12,38,ALL_MORPH_BOUNDARY_GUARD,2,saved_H3_exact_target_token,,NO_REJECTION,True,4,3,2,XSV→EP
FLORES,P2,488,21,66,ALL_MORPH_BOUNDARY_GUARD,2,projected_saved_rejected_draft_candidate,2.0,AT_GUARD,True,4,3,2,XSA→EF
FLORES,P2,490,7,22,ALL_MORPH_BOUNDARY_GUARD,1,projected_saved_rejected_draft_candidate,1.0,AT_GUARD,True,4,4,3,XSV→EP
FLORES,P2,491,2,5,ALL_MORPH_BOUNDARY_GUARD,1,saved_H3_exact_target_token,4.0,AFTER_GUARD,True,4,4,3,JKB→JX
FLORES,P2,491,3,9,ALL_MORPH_BOUNDARY_GUARD,1,projected_saved_rejected_draft_candidate,1.0,AT_GUARD,True,4,4,3,XSN→JKS
FLORES,P2,491,7,15,ALL_MORPH_BOUNDARY_GUARD,3,saved_H3_exact_target_token,,NO_REJECTION,True,4,2,1,XSN→JKS
FLORES,P2,491,17,35,ALL_MORPH_BOUNDARY_GUARD,1,saved_H3_exact_target_token,,NO_REJECTION,True,4,4,3,XSV→ETM
FLORES,P2,494,3,6,ALL_MORPH_BOUNDARY_GUARD,1,projected_saved_rejected_draft_candidate,1.0,AT_GUARD,True,4,4,3,VX→EF
FLORES,P2,496,20,51,ALL_MORPH_BOUNDARY_GUARD,3,projected_saved_rejected_draft_candidate,3.0,AT_GUARD,True,4,2,1,XSV→EC
FLORES,P2,497,3,9,NP_BOUNDARY_GUARD,1,projected_saved_rejected_draft_candidate,1.0,AT_GUARD,True,4,4,3,NNG→JKS
FLORES,P2,497,3,9,ALL_MORPH_BOUNDARY_GUARD,1,projected_saved_rejected_draft_candidate,1.0,AT_GUARD,True,4,4,3,NNG→JKS
FLORES,P2,497,9,24,ALL_MORPH_BOUNDARY_GUARD,1,saved_H3_exact_target_token,,NO_REJECTION,True,4,4,3,XSV→ETN
FLORES,P2,498,19,46,ALL_MORPH_BOUNDARY_GUARD,2,saved_H3_exact_target_token,3.0,AFTER_GUARD,True,4,3,2,XSN→JKB
FLORES,P2,499,0,0,ALL_MORPH_BOUNDARY_GUARD,2,saved_H3_exact_target_token,,NO_REJECTION,True,4,3,2,XSN→JKB
FLORES,P2,499,10,33,ALL_MORPH_BOUNDARY_GUARD,1,projected_saved_rejected_draft_candidate,1.0,AT_GUARD,True,4,4,3,JKB→JX
FLORES,P2,499,13,38,ALL_MORPH_BOUNDARY_GUARD,1,projected_saved_rejected_draft_candidate,1.0,AT_GUARD,True,4,4,3,XSV→ETM
FLORES,P2,500,6,17,NP_BOUNDARY_GUARD,1,projected_saved_rejected_draft_candidate,1.0,AT_GUARD,True,4,4,3,NNG→JKO
FLORES,P2,500,6,17,ALL_MORPH_BOUNDARY_GUARD,1,projected_saved_rejected_draft_candidate,1.0,AT_GUARD,True,4,4,3,NNG→JKO
FLORES,P2,500,8,21,ALL_MORPH_BOUNDARY_GUARD,1,saved_H3_exact_target_token,4.0,AFTER_GUARD,True,4,4,3,XSN→JKO
FLORES,P2,500,9,25,ALL_MORPH_BOUNDARY_GUARD,1,saved_H3_exact_target_token,2.0,AFTER_GUARD,True,4,4,3,XSN→JKS
FLORES,P2,500,10,27,ALL_MORPH_BOUNDARY_GUARD,2,saved_H3_exact_target_token,,NO_REJECTION,True,4,3,2,XSN→JKO
FLORES,P2,501,9,28,ALL_MORPH_BOUNDARY_GUARD,2,projected_saved_rejected_draft_candidate,2.0,AT_GUARD,True,4,3,2,XSA→EF
FLORES,P2,501,10,30,ALL_MORPH_BOUNDARY_GUARD,2,saved_H3_exact_target_token,,NO_REJECTION,True,4,3,2,VA→EF
FLORES,P2,502,7,25,ALL_MORPH_BOUNDARY_GUARD,3,saved_H3_exact_target_token,,NO_REJECTION,True,4,2,1,SL→SL
FLORES,P2,503,2,5,ALL_MORPH_BOUNDARY_GUARD,3,saved_H3_exact_target_token,4.0,AFTER_GUARD,True,4,2,1,XSN→JX
FLORES,P2,504,1,4,ALL_MORPH_BOUNDARY_GUARD,1,saved_H3_exact_target_token,2.0,AFTER_GUARD,True,4,4,3,XSN→JKO
FLORES,P2,504,2,6,ALL_MORPH_BOUNDARY_GUARD,1,projected_saved_rejected_draft_candidate,1.0,AT_GUARD,True,4,4,3,XSV→ETN
FLORES,P2,504,13,27,ALL_MORPH_BOUNDARY_GUARD,2,projected_saved_rejected_draft_candidate,2.0,AT_GUARD,True,4,3,2,XSN→JKB
FLORES,P2,504,18,41,ALL_MORPH_BOUNDARY_GUARD,2,projected_saved_rejected_draft_candidate,2.0,AT_GUARD,True,4,3,2,XSV→EC
FLORES,P2,505,0,0,ALL_MORPH_BOUNDARY_GUARD,3,saved_H3_exact_target_token,,NO_REJECTION,True,4,2,1,XSN→JX
FLORES,P2,505,10,24,ALL_MORPH_BOUNDARY_GUARD,2,saved_H3_exact_target_token,3.0,AFTER_GUARD,True,4,3,2,XSN→JKB
FLORES,P2,505,11,27,ALL_MORPH_BOUNDARY_GUARD,1,saved_H3_exact_target_token,,NO_REJECTION,True,4,4,3,XSN→JKG
FLORES,P2,506,3,6,ALL_MORPH_BOUNDARY_GUARD,1,projected_saved_rejected_draft_candidate,1.0,AT_GUARD,True,4,4,3,VX→EF
FLORES,P2,506,16,40,ALL_MORPH_BOUNDARY_GUARD,3,saved_H3_exact_target_token,4.0,AFTER_GUARD,True,4,2,1,XSN→JX
FLORES,P2,506,29,72,ALL_MORPH_BOUNDARY_GUARD,3,saved_H3_exact_target_token,,NO_REJECTION,True,4,2,1,VA→EF
FLORES,P2,507,0,0,ALL_MORPH_BOUNDARY_GUARD,3,saved_H3_exact_target_token,,NO_REJECTION,True,4,2,1,XSN→JX
FLORES,P2,508,15,48,ALL_MORPH_BOUNDARY_GUARD,1,saved_H3_exact_target_token,,NO_REJECTION,True,4,4,3,VV→EC
FLORES,P2,508,22,67,ALL_MORPH_BOUNDARY_GUARD,2,saved_H3_exact_target_token,,NO_REJECTION,True,4,3,2,VA→EF
FLORES,P2,509,7,23,ALL_MORPH_BOUNDARY_GUARD,1,saved_H3_exact_target_token,3.0,AFTER_GUARD,True,4,4,3,VX→EC
FLORES,P2,510,10,29,ALL_MORPH_BOUNDARY_GUARD,3,saved_H3_exact_target_token,,NO_REJECTION,True,4,2,1,VV→EC
FLORES,P2,511,7,17,ALL_MORPH_BOUNDARY_GUARD,2,projected_saved_rejected_draft_candidate,2.0,AT_GUARD,True,4,3,2,VA→EF
FLORES,P2,511,23,65,ALL_MORPH_BOUNDARY_GUARD,2,saved_H3_exact_target_token,,NO_REJECTION,True,4,3,2,VCP→EF
FLORES,P2,512,5,13,ALL_MORPH_BOUNDARY_GUARD,3,saved_H3_exact_target_token,,NO_REJECTION,True,4,2,1,XSV→EC
FLORES,P2,512,8,25,ALL_MORPH_BOUNDARY_GUARD,2,saved_H3_exact_target_token,,NO_REJECTION,True,4,3,2,XSV→ETN
FLORES,P2,512,13,36,ALL_MORPH_BOUNDARY_GUARD,1,saved_H3_exact_target_token,3.0,AFTER_GUARD,True,4,4,3,XSV→EC
FLORES,P2,512,14,39,ALL_MORPH_BOUNDARY_GUARD,2,projected_saved_rejected_draft_candidate,2.0,AT_GUARD,True,4,3,2,XSV→EC
FLORES,P2,512,16,42,ALL_MORPH_BOUNDARY_GUARD,1,saved_H3_exact_target_token,2.0,AFTER_GUARD,True,4,4,3,XSV→ETM
FLORES,P2,513,0,0,ALL_MORPH_BOUNDARY_GUARD,2,saved_H3_exact_target_token,,NO_REJECTION,True,4,3,2,XSN→JX
FLORES,P2,514,7,13,ALL_MORPH_BOUNDARY_GUARD,1,saved_H3_exact_target_token,2.0,AFTER_GUARD,True,4,4,3,XSA→EC
FLORES,P2,515,1,2,ALL_MORPH_BOUNDARY_GUARD,2,saved_H3_exact_target_token,3.0,AFTER_GUARD,True,4,3,2,XSN→JKO
FLORES,P2,517,0,0,NP_BOUNDARY_GUARD,3,projected_saved_rejected_draft_candidate,3.0,AT_GUARD,True,4,2,1,NNG→JX
FLORES,P2,517,0,0,ALL_MORPH_BOUNDARY_GUARD,3,projected_saved_rejected_draft_candidate,3.0,AT_GUARD,True,4,2,1,NNG→JX
FLORES,P2,517,1,3,ALL_MORPH_BOUNDARY_GUARD,3,saved_H3_exact_target_token,,NO_REJECTION,True,4,2,1,XSN→JKS
FLORES,P2,520,0,0,ALL_MORPH_BOUNDARY_GUARD,3,saved_H3_exact_target_token,,NO_REJECTION,True,4,2,1,VV→EC
FLORES,P2,520,7,19,NP_BOUNDARY_GUARD,3,projected_saved_rejected_draft_candidate,3.0,AT_GUARD,True,4,2,1,NNG→JKO
FLORES,P2,520,7,19,ALL_MORPH_BOUNDARY_GUARD,3,projected_saved_rejected_draft_candidate,3.0,AT_GUARD,True,4,2,1,NNG→JKO
FLORES,P2,520,13,36,ALL_MORPH_BOUNDARY_GUARD,2,saved_H3_exact_target_token,,NO_REJECTION,True,3,2,1,SSC→SF
FLORES,P2,522,14,40,ALL_MORPH_BOUNDARY_GUARD,1,saved_H3_exact_target_token,,NO_REJECTION,True,4,4,3,XSV→ETM
FLORES,P2,523,8,26,ALL_MORPH_BOUNDARY_GUARD,3,projected_saved_rejected_draft_candidate,3.0,AT_GUARD,True,4,2,1,VA→EF
FLORES,P2,524,2,4,NP_BOUNDARY_GUARD,1,projected_saved_rejected_draft_candidate,1.0,AT_GUARD,True,4,4,3,NNG→JKG
FLORES,P2,524,2,4,ALL_MORPH_BOUNDARY_GUARD,1,projected_saved_rejected_draft_candidate,1.0,AT_GUARD,True,4,4,3,NNG→JKG
FLORES,P2,524,10,30,ALL_MORPH_BOUNDARY_GUARD,3,saved_H3_exact_target_token,4.0,AFTER_GUARD,True,4,2,1,XSN→JX
FLORES,P2,524,14,46,ALL_MORPH_BOUNDARY_GUARD,2,projected_saved_rejected_draft_candidate,2.0,AT_GUARD,True,4,3,2,VA→EC
FLORES,P2,524,15,48,ALL_MORPH_BOUNDARY_GUARD,1,saved_H3_exact_target_token,,NO_REJECTION,True,4,4,3,ETN→JKO
FLORES,P2,525,2,7,ALL_MORPH_BOUNDARY_GUARD,3,saved_H3_exact_target_token,,NO_REJECTION,True,4,2,1,XSV→ETM
FLORES,P2,525,4,15,ALL_MORPH_BOUNDARY_GUARD,3,projected_saved_rejected_draft_candidate,3.0,AT_GUARD,True,4,2,1,VA→ETM
FLORES,P2,525,6,22,ALL_MORPH_BOUNDARY_GUARD,1,projected_saved_rejected_draft_candidate,1.0,AT_GUARD,True,4,4,3,JKB→JX
FLORES,P2,525,9,28,ALL_MORPH_BOUNDARY_GUARD,1,saved_H3_exact_target_token,2.0,AFTER_GUARD,True,4,4,3,VA→EC
FLORES,P2,526,8,25,ALL_MORPH_BOUNDARY_GUARD,1,saved_H3_exact_target_token,,NO_REJECTION,True,4,4,3,EP→EC
FLORES,P2,529,13,33,ALL_MORPH_BOUNDARY_GUARD,2,projected_saved_rejected_draft_candidate,2.0,AT_GUARD,True,4,3,2,XSV→ETN
FLORES,P2,530,1,1,NP_BOUNDARY_GUARD,2,projected_saved_rejected_draft_candidate,2.0,AT_GUARD,True,4,3,2,NP→JKO
FLORES,P2,530,1,1,ALL_MORPH_BOUNDARY_GUARD,2,projected_saved_rejected_draft_candidate,2.0,AT_GUARD,True,4,3,2,NP→JKO
FLORES,P2,531,7,19,ALL_MORPH_BOUNDARY_GUARD,1,projected_saved_rejected_draft_candidate,1.0,AT_GUARD,True,4,4,3,VA→ETM
FLORES,P2,531,19,49,ALL_MORPH_BOUNDARY_GUARD,2,projected_saved_rejected_draft_candidate,2.0,AT_GUARD,True,4,3,2,XSV→EC
FLORES,P2,531,20,51,ALL_MORPH_BOUNDARY_GUARD,3,projected_saved_rejected_draft_candidate,3.0,AT_GUARD,True,4,2,1,VA-I→EC
FLORES,P2,531,21,54,ALL_MORPH_BOUNDARY_GUARD,2,saved_H3_exact_target_token,,NO_REJECTION,True,4,3,2,XSV→ETN
FLORES,P2,532,8,18,ALL_MORPH_BOUNDARY_GUARD,3,projected_saved_rejected_draft_candidate,3.0,AT_GUARD,True,4,2,1,VA-I→EC
FLORES,P2,532,10,22,ALL_MORPH_BOUNDARY_GUARD,2,projected_saved_rejected_draft_candidate,2.0,AT_GUARD,True,4,3,2,VA-I→EC
FLORES,P2,532,14,32,ALL_MORPH_BOUNDARY_GUARD,1,saved_H3_exact_target_token,3.0,AFTER_GUARD,True,4,4,3,JX→JX
FLORES,P2,532,17,43,ALL_MORPH_BOUNDARY_GUARD,2,projected_saved_rejected_draft_candidate,2.0,AT_GUARD,True,4,3,2,XSV→ETM
FLORES,P2,533,1,2,ALL_MORPH_BOUNDARY_GUARD,3,projected_saved_rejected_draft_candidate,3.0,AT_GUARD,True,4,2,1,XSV→EC
FLORES,P2,533,5,12,NP_BOUNDARY_GUARD,1,projected_saved_rejected_draft_candidate,1.0,AT_GUARD,True,4,4,3,NNG→JKG
FLORES,P2,533,5,12,ALL_MORPH_BOUNDARY_GUARD,1,projected_saved_rejected_draft_candidate,1.0,AT_GUARD,True,4,4,3,NNG→JKG
FLORES,P2,533,13,26,ALL_MORPH_BOUNDARY_GUARD,1,saved_H3_exact_target_token,,NO_REJECTION,True,4,4,3,XSN→JKG
FLORES,P2,533,15,34,ALL_MORPH_BOUNDARY_GUARD,2,saved_H3_exact_target_token,3.0,AFTER_GUARD,True,4,3,2,XSV→ETM
FLORES,P2,533,17,41,ALL_MORPH_BOUNDARY_GUARD,1,saved_H3_exact_target_token,,NO_REJECTION,True,4,4,3,VA→EC
FLORES,P2,533,19,46,ALL_MORPH_BOUNDARY_GUARD,1,projected_saved_rejected_draft_candidate,1.0,AT_GUARD,True,4,4,3,VCP→EC
FLORES,P2,533,20,47,NP_BOUNDARY_GUARD,1,projected_saved_rejected_draft_candidate,1.0,AT_GUARD,True,4,4,3,NNB→JKO
FLORES,P2,533,20,47,ALL_MORPH_BOUNDARY_GUARD,1,projected_saved_rejected_draft_candidate,1.0,AT_GUARD,True,4,4,3,NNB→JKO
FLORES,P2,534,5,15,ALL_MORPH_BOUNDARY_GUARD,2,saved_H3_exact_target_token,,NO_REJECTION,True,4,3,2,XSN→JKB
FLORES,P2,534,14,40,ALL_MORPH_BOUNDARY_GUARD,1,saved_H3_exact_target_token,,NO_REJECTION,True,4,4,3,VX→ETM
FLORES,P2,535,2,4,ALL_MORPH_BOUNDARY_GUARD,1,saved_H3_exact_target_token,,NO_REJECTION,True,4,4,3,XSN→JKB
FLORES,P2,535,4,12,ALL_MORPH_BOUNDARY_GUARD,3,saved_H3_exact_target_token,4.0,AFTER_GUARD,True,4,2,1,XSV→EC
FLORES,P2,535,10,34,ALL_MORPH_BOUNDARY_GUARD,1,saved_H3_exact_target_token,,NO_REJECTION,True,3,3,2,VA→EF
FLORES,P2,537,14,39,ALL_MORPH_BOUNDARY_GUARD,3,projected_saved_rejected_draft_candidate,3.0,AT_GUARD,True,4,2,1,XSV→ETM
FLORES,P2,537,17,45,NP_BOUNDARY_GUARD,1,projected_saved_rejected_draft_candidate,1.0,AT_GUARD,True,4,4,3,NNG→JKO
FLORES,P2,537,17,45,ALL_MORPH_BOUNDARY_GUARD,1,projected_saved_rejected_draft_candidate,1.0,AT_GUARD,True,4,4,3,NNG→JKO
FLORES,P2,537,24,55,ALL_MORPH_BOUNDARY_GUARD,2,saved_H3_exact_target_token,3.0,AFTER_GUARD,True,4,3,2,XSV→ETM
FLORES,P2,539,6,21,NP_BOUNDARY_GUARD,2,projected_saved_rejected_draft_candidate,2.0,AT_GUARD,True,4,3,2,NNG→JKS
FLORES,P2,539,6,21,ALL_MORPH_BOUNDARY_GUARD,2,projected_saved_rejected_draft_candidate,2.0,AT_GUARD,True,4,3,2,NNG→JKS
FLORES,P2,539,12,39,NP_BOUNDARY_GUARD,3,saved_H3_exact_target_token,,NO_REJECTION,True,4,2,1,NNG→JKO
FLORES,P2,539,12,39,ALL_MORPH_BOUNDARY_GUARD,3,saved_H3_exact_target_token,,NO_REJECTION,True,4,2,1,NNG→JKO
FLORES,P2,539,13,43,ALL_MORPH_BOUNDARY_GUARD,1,saved_H3_exact_target_token,,NO_REJECTION,True,3,3,2,VX→EF
FLORES,P2,540,0,0,NP_BOUNDARY_GUARD,2,projected_saved_rejected_draft_candidate,2.0,AT_GUARD,True,4,3,2,NNG→JKS
FLORES,P2,540,0,0,ALL_MORPH_BOUNDARY_GUARD,2,projected_saved_rejected_draft_candidate,2.0,AT_GUARD,True,4,3,2,NNG→JKS
FLORES,P2,540,3,7,ALL_MORPH_BOUNDARY_GUARD,3,saved_H3_exact_target_token,,NO_REJECTION,True,4,2,1,VA→EF
FLORES,P2,540,5,15,ALL_MORPH_BOUNDARY_GUARD,2,projected_saved_rejected_draft_candidate,2.0,AT_GUARD,True,4,3,2,VV→ETM
FLORES,P2,541,12,27,ALL_MORPH_BOUNDARY_GUARD,3,projected_saved_rejected_draft_candidate,3.0,AT_GUARD,True,4,2,1,VA→ETM
FLORES,P2,542,1,1,ALL_MORPH_BOUNDARY_GUARD,2,saved_H3_exact_target_token,4.0,AFTER_GUARD,True,4,3,2,XSN→JKB
FLORES,P2,542,15,33,ALL_MORPH_BOUNDARY_GUARD,1,saved_H3_exact_target_token,,NO_REJECTION,True,4,4,3,XSV→ETM
FLORES,P2,545,21,65,ALL_MORPH_BOUNDARY_GUARD,2,saved_H3_exact_target_token,,NO_REJECTION,True,4,3,2,EP→EF
FLORES,P2,546,11,21,ALL_MORPH_BOUNDARY_GUARD,3,saved_H3_exact_target_token,,NO_REJECTION,True,4,2,1,XSN→JX
FLORES,P2,547,0,0,NP_BOUNDARY_GUARD,1,projected_saved_rejected_draft_candidate,1.0,AT_GUARD,True,4,4,3,NP→JX
FLORES,P2,547,0,0,ALL_MORPH_BOUNDARY_GUARD,1,projected_saved_rejected_draft_candidate,1.0,AT_GUARD,True,4,4,3,NP→JX
FLORES,P2,547,3,9,ALL_MORPH_BOUNDARY_GUARD,2,saved_H3_exact_target_token,3.0,AFTER_GUARD,True,4,3,2,NNB→VCP
FLORES,P2,547,14,33,ALL_MORPH_BOUNDARY_GUARD,1,saved_H3_exact_target_token,,NO_REJECTION,True,4,4,3,NNB→VCP
FLORES,P2,547,20,51,ALL_MORPH_BOUNDARY_GUARD,2,saved_H3_exact_target_token,,NO_REJECTION,True,4,3,2,NNB→VCP
FLORES,P2,548,15,50,ALL_MORPH_BOUNDARY_GUARD,3,saved_H3_exact_target_token,,NO_REJECTION,True,4,2,1,XSV→EC
FLORES,P2,548,16,54,ALL_MORPH_BOUNDARY_GUARD,3,saved_H3_exact_target_token,4.0,AFTER_GUARD,True,4,2,1,XSV→ETM
FLORES,P2,548,17,58,ALL_MORPH_BOUNDARY_GUARD,1,saved_H3_exact_target_token,,NO_REJECTION,True,3,3,2,EP→EF
FLORES,P2,549,19,73,ALL_MORPH_BOUNDARY_GUARD,2,saved_H3_exact_target_token,,NO_REJECTION,True,4,3,2,SL→SL
FLORES,P2,549,34,113,ALL_MORPH_BOUNDARY_GUARD,3,saved_H3_exact_target_token,4.0,AFTER_GUARD,True,4,2,1,XSN→JKS
FLORES,P2,550,2,4,ALL_MORPH_BOUNDARY_GUARD,1,saved_H3_exact_target_token,2.0,AFTER_GUARD,True,4,4,3,XSV→EC
FLORES,P2,551,2,8,ALL_MORPH_BOUNDARY_GUARD,2,saved_H3_exact_target_token,3.0,AFTER_GUARD,True,4,3,2,XSN→JKB
FLORES,P2,551,8,27,NP_BOUNDARY_GUARD,1,projected_saved_rejected_draft_candidate,1.0,AT_GUARD,True,4,4,3,NNG→JKB
FLORES,P2,551,8,27,ALL_MORPH_BOUNDARY_GUARD,1,projected_saved_rejected_draft_candidate,1.0,AT_GUARD,True,4,4,3,NNG→JKB
FLORES,P2,551,10,32,NP_BOUNDARY_GUARD,2,saved_H3_exact_target_token,,NO_REJECTION,True,4,3,2,NNG→JKO
FLORES,P2,551,10,32,ALL_MORPH_BOUNDARY_GUARD,2,saved_H3_exact_target_token,,NO_REJECTION,True,4,3,2,NNG→JKO
FLORES,P2,551,12,37,NP_BOUNDARY_GUARD,3,saved_H3_exact_target_token,,NO_REJECTION,True,4,2,1,NNG→JKO
FLORES,P2,551,12,37,ALL_MORPH_BOUNDARY_GUARD,3,saved_H3_exact_target_token,,NO_REJECTION,True,4,2,1,NNG→JKO
FLORES,P2,551,13,41,ALL_MORPH_BOUNDARY_GUARD,2,saved_H3_exact_target_token,,NO_REJECTION,True,4,3,2,XSV→ETM
FLORES,P2,553,5,14,ALL_MORPH_BOUNDARY_GUARD,2,saved_H3_exact_target_token,,NO_REJECTION,True,4,3,2,XSV→EC
FLORES,P2,554,3,8,ALL_MORPH_BOUNDARY_GUARD,1,saved_H3_exact_target_token,,NO_REJECTION,True,4,4,3,VA→EP
FLORES,P2,555,3,6,ALL_MORPH_BOUNDARY_GUARD,1,projected_saved_rejected_draft_candidate,1.0,AT_GUARD,True,4,4,3,VX→EF
FLORES,P2,556,2,8,ALL_MORPH_BOUNDARY_GUARD,1,saved_H3_exact_target_token,2.0,AFTER_GUARD,True,4,4,3,XSN→JX
FLORES,P2,556,9,26,ALL_MORPH_BOUNDARY_GUARD,2,projected_saved_rejected_draft_candidate,2.0,AT_GUARD,True,4,3,2,VA-I→EC
FLORES,P2,556,10,28,ALL_MORPH_BOUNDARY_GUARD,1,saved_H3_exact_target_token,,NO_REJECTION,True,4,4,3,XSN→JKO
FLORES,P2,557,3,6,ALL_MORPH_BOUNDARY_GUARD,1,projected_saved_rejected_draft_candidate,1.0,AT_GUARD,True,4,4,3,VX→EF
FLORES,P2,557,20,44,ALL_MORPH_BOUNDARY_GUARD,2,projected_saved_rejected_draft_candidate,2.0,AT_GUARD,True,4,3,2,XSN→JKO
FLORES,P2,557,46,109,ALL_MORPH_BOUNDARY_GUARD,3,saved_H3_exact_target_token,,NO_REJECTION,True,4,2,1,XSV→EC
FLORES,P2,560,7,16,ALL_MORPH_BOUNDARY_GUARD,1,saved_H3_exact_target_token,2.0,AFTER_GUARD,True,4,4,3,XSV→EC
FLORES,P2,560,9,22,ALL_MORPH_BOUNDARY_GUARD,2,projected_saved_rejected_draft_candidate,2.0,AT_GUARD,True,4,3,2,XSV→ETM
FLORES,P2,560,13,31,ALL_MORPH_BOUNDARY_GUARD,3,saved_H3_exact_target_token,4.0,AFTER_GUARD,True,4,2,1,XSN→JKB
FLORES,P2,560,18,46,ALL_MORPH_BOUNDARY_GUARD,1,projected_saved_rejected_draft_candidate,1.0,AT_GUARD,True,4,4,3,XSV→EC
FLORES,P2,560,20,48,ALL_MORPH_BOUNDARY_GUARD,3,saved_H3_exact_target_token,,NO_REJECTION,True,4,2,1,XSN→JKB
FLORES,P2,563,16,50,ALL_MORPH_BOUNDARY_GUARD,1,projected_saved_rejected_draft_candidate,1.0,AT_GUARD,True,4,4,3,VCP→ETM
FLORES,P2,564,0,0,ALL_MORPH_BOUNDARY_GUARD,2,saved_H3_exact_target_token,4.0,AFTER_GUARD,True,4,3,2,XSN→JKG
FLORES,P2,564,5,16,ALL_MORPH_BOUNDARY_GUARD,2,saved_H3_exact_target_token,3.0,AFTER_GUARD,True,4,3,2,XSN→JKB
FLORES,P2,564,8,25,ALL_MORPH_BOUNDARY_GUARD,1,saved_H3_exact_target_token,,NO_REJECTION,True,4,4,3,VX→EP
FLORES,P2,565,3,6,ALL_MORPH_BOUNDARY_GUARD,1,projected_saved_rejected_draft_candidate,1.0,AT_GUARD,True,4,4,3,VX→EF
FLORES,P2,565,27,62,ALL_MORPH_BOUNDARY_GUARD,3,saved_H3_exact_target_token,4.0,AFTER_GUARD,True,4,2,1,XSV→EP
FLORES,P2,565,37,90,ALL_MORPH_BOUNDARY_GUARD,1,projected_saved_rejected_draft_candidate,1.0,AT_GUARD,True,4,4,3,VA→EC
FLORES,P2,565,39,92,NP_BOUNDARY_GUARD,1,projected_saved_rejected_draft_candidate,1.0,AT_GUARD,True,4,4,3,NNB→JKB
FLORES,P2,565,39,92,ALL_MORPH_BOUNDARY_GUARD,1,projected_saved_rejected_draft_candidate,1.0,AT_GUARD,True,4,4,3,NNB→JKB
FLORES,P2,565,40,93,ALL_MORPH_BOUNDARY_GUARD,1,saved_H3_exact_target_token,,NO_REJECTION,True,3,3,2,VA→EF
FLORES,P2,566,3,9,ALL_MORPH_BOUNDARY_GUARD,1,saved_H3_exact_target_token,,NO_REJECTION,True,4,4,3,XSA→EC
FLORES,P2,566,5,14,NP_BOUNDARY_GUARD,1,projected_saved_rejected_draft_candidate,1.0,AT_GUARD,True,4,4,3,NP→JX
FLORES,P2,566,5,14,ALL_MORPH_BOUNDARY_GUARD,1,projected_saved_rejected_draft_candidate,1.0,AT_GUARD,True,4,4,3,NP→JX
FLORES,P2,566,8,23,ALL_MORPH_BOUNDARY_GUARD,1,projected_saved_rejected_draft_candidate,1.0,AT_GUARD,True,4,4,3,VA→EF
FLORES,P2,566,16,45,ALL_MORPH_BOUNDARY_GUARD,1,saved_H3_exact_target_token,,NO_REJECTION,True,3,3,2,VA→EF
FLORES,P2,567,1,1,ALL_MORPH_BOUNDARY_GUARD,1,projected_saved_rejected_draft_candidate,1.0,AT_GUARD,True,4,4,3,XPN→NNG
FLORES,P2,567,10,26,ALL_MORPH_BOUNDARY_GUARD,1,saved_H3_exact_target_token,4.0,AFTER_GUARD,True,4,4,3,VX→EC
FLORES,P2,567,13,36,ALL_MORPH_BOUNDARY_GUARD,3,saved_H3_exact_target_token,,NO_REJECTION,True,4,2,1,VV→EC
FLORES,P2,567,15,44,ALL_MORPH_BOUNDARY_GUARD,2,saved_H3_exact_target_token,,NO_REJECTION,True,4,3,2,XSN→JKO
FLORES,P2,568,13,42,ALL_MORPH_BOUNDARY_GUARD,2,saved_H3_exact_target_token,,NO_REJECTION,True,4,3,2,XSN→JKS
FLORES,P2,568,15,49,NP_BOUNDARY_GUARD,1,projected_saved_rejected_draft_candidate,1.0,AT_GUARD,True,4,4,3,NNB→JKO
FLORES,P2,568,15,49,ALL_MORPH_BOUNDARY_GUARD,1,projected_saved_rejected_draft_candidate,1.0,AT_GUARD,True,4,4,3,NNB→JKO
FLORES,P2,569,7,21,ALL_MORPH_BOUNDARY_GUARD,2,saved_H3_exact_target_token,3.0,AFTER_GUARD,True,4,3,2,XSV→EP
FLORES,P2,569,16,43,ALL_MORPH_BOUNDARY_GUARD,3,projected_saved_rejected_draft_candidate,3.0,AT_GUARD,True,4,2,1,XSN→JKS
FLORES,P2,569,19,53,ALL_MORPH_BOUNDARY_GUARD,1,saved_H3_exact_target_token,,NO_REJECTION,True,4,4,3,XSN→JKB
FLORES,P2,570,11,35,ALL_MORPH_BOUNDARY_GUARD,3,saved_H3_exact_target_token,,NO_REJECTION,True,4,2,1,VX→EF
FLORES,P2,572,11,38,ALL_MORPH_BOUNDARY_GUARD,1,saved_H3_exact_target_token,4.0,AFTER_GUARD,True,4,4,3,XSN→JKB
FLORES,P2,572,12,42,ALL_MORPH_BOUNDARY_GUARD,2,saved_H3_exact_target_token,4.0,AFTER_GUARD,True,4,3,2,EP→EF
FLORES,P2,573,6,14,NP_BOUNDARY_GUARD,2,projected_saved_rejected_draft_candidate,2.0,AT_GUARD,True,4,3,2,NNB→JX
FLORES,P2,573,6,14,ALL_MORPH_BOUNDARY_GUARD,2,projected_saved_rejected_draft_candidate,2.0,AT_GUARD,True,4,3,2,NNB→JX
FLORES,P2,574,2,8,ALL_MORPH_BOUNDARY_GUARD,1,projected_saved_rejected_draft_candidate,1.0,AT_GUARD,True,4,4,3,XSN→JKS
FLORES,P2,574,8,15,ALL_MORPH_BOUNDARY_GUARD,3,projected_saved_rejected_draft_candidate,3.0,AT_GUARD,True,4,2,1,VV→EF
FLORES,P2,574,9,18,ALL_MORPH_BOUNDARY_GUARD,2,saved_H3_exact_target_token,,NO_REJECTION,True,4,3,2,VV→EC
FLORES,P2,575,3,8,ALL_MORPH_BOUNDARY_GUARD,2,saved_H3_exact_target_token,3.0,AFTER_GUARD,True,4,3,2,XSV→EC
FLORES,P2,575,6,15,ALL_MORPH_BOUNDARY_GUARD,1,saved_H3_exact_target_token,2.0,AFTER_GUARD,True,4,4,3,XSN→JX
FLORES,P2,577,6,21,ALL_MORPH_BOUNDARY_GUARD,3,saved_H3_exact_target_token,,NO_REJECTION,True,4,2,1,SO→SL
FLORES,P2,577,10,30,ALL_MORPH_BOUNDARY_GUARD,1,saved_H3_exact_target_token,2.0,AFTER_GUARD,True,4,4,3,XSN→JX
FLORES,P2,577,18,53,ALL_MORPH_BOUNDARY_GUARD,1,saved_H3_exact_target_token,3.0,AFTER_GUARD,True,4,4,3,SO→SL
FLORES,P2,578,8,21,ALL_MORPH_BOUNDARY_GUARD,2,saved_H3_exact_target_token,3.0,AFTER_GUARD,True,4,3,2,XSV→ETM
FLORES,P2,578,10,28,ALL_MORPH_BOUNDARY_GUARD,3,saved_H3_exact_target_token,,NO_REJECTION,True,4,2,1,VX→EF
FLORES,P2,580,4,13,ALL_MORPH_BOUNDARY_GUARD,1,saved_H3_exact_target_token,3.0,AFTER_GUARD,True,4,4,3,VA→EF
FLORES,P2,580,6,17,ALL_MORPH_BOUNDARY_GUARD,1,projected_saved_rejected_draft_candidate,1.0,AT_GUARD,True,4,4,3,VA→ETM
FLORES,P2,580,10,28,ALL_MORPH_BOUNDARY_GUARD,1,saved_H3_exact_target_token,,NO_REJECTION,True,4,4,3,XSN→VCP
FLORES,P2,580,13,36,ALL_MORPH_BOUNDARY_GUARD,3,saved_H3_exact_target_token,,NO_REJECTION,True,4,2,1,VA→EF
FLORES,P2,581,12,31,NP_BOUNDARY_GUARD,2,saved_H3_exact_target_token,3.0,AFTER_GUARD,True,4,3,2,NNG→JKB
FLORES,P2,581,12,31,ALL_MORPH_BOUNDARY_GUARD,2,saved_H3_exact_target_token,3.0,AFTER_GUARD,True,4,3,2,NNG→JKB
FLORES,P2,582,2,5,ALL_MORPH_BOUNDARY_GUARD,1,saved_H3_exact_target_token,,NO_REJECTION,True,4,4,3,XSV→EC
FLORES,P2,583,8,20,ALL_MORPH_BOUNDARY_GUARD,2,projected_saved_rejected_draft_candidate,2.0,AT_GUARD,True,4,3,2,XSN→JKB
FLORES,P2,584,10,17,ALL_MORPH_BOUNDARY_GUARD,1,saved_H3_exact_target_token,2.0,AFTER_GUARD,True,4,4,3,XSV→ETM
FLORES,P2,585,0,0,ALL_MORPH_BOUNDARY_GUARD,3,saved_H3_exact_target_token,,NO_REJECTION,True,4,2,1,SO→SL
FLORES,P2,585,1,4,ALL_MORPH_BOUNDARY_GUARD,3,saved_H3_exact_target_token,,NO_REJECTION,True,4,2,1,SO→SL
FLORES,P2,586,13,24,ALL_MORPH_BOUNDARY_GUARD,3,saved_H3_exact_target_token,,NO_REJECTION,True,4,2,1,XSN→JKS
FLORES,P2,587,10,19,ALL_MORPH_BOUNDARY_GUARD,1,projected_saved_rejected_draft_candidate,1.0,AT_GUARD,True,4,4,3,XSV→ETM
FLORES,P2,589,8,25,ALL_MORPH_BOUNDARY_GUARD,1,saved_H3_exact_target_token,,NO_REJECTION,True,3,3,2,VA→EF
FLORES,P2,590,1,2,ALL_MORPH_BOUNDARY_GUARD,2,projected_saved_rejected_draft_candidate,2.0,AT_GUARD,True,4,3,2,XSN→JX
FLORES,P2,590,7,13,ALL_MORPH_BOUNDARY_GUARD,3,saved_H3_exact_target_token,,NO_REJECTION,True,4,2,1,VA→EF
FLORES,P2,591,3,6,ALL_MORPH_BOUNDARY_GUARD,1,projected_saved_rejected_draft_candidate,1.0,AT_GUARD,True,4,4,3,VX→EF
FLORES,P2,591,17,37,NP_BOUNDARY_GUARD,2,saved_H3_exact_target_token,4.0,AFTER_GUARD,True,4,3,2,NNG→JKO
FLORES,P2,591,17,37,ALL_MORPH_BOUNDARY_GUARD,2,saved_H3_exact_target_token,4.0,AFTER_GUARD,True,4,3,2,NNG→JKO
FLORES,P2,592,6,22,ALL_MORPH_BOUNDARY_GUARD,1,saved_H3_exact_target_token,2.0,AFTER_GUARD,True,4,4,3,EC→JKO
FLORES,P2,592,7,24,ALL_MORPH_BOUNDARY_GUARD,1,saved_H3_exact_target_token,,NO_REJECTION,True,4,4,3,XSV→ETM
FLORES,P2,593,6,9,NP_BOUNDARY_GUARD,1,saved_H3_exact_target_token,,NO_REJECTION,True,4,4,3,NNG→JKO
FLORES,P2,593,6,9,ALL_MORPH_BOUNDARY_GUARD,1,saved_H3_exact_target_token,,NO_REJECTION,True,4,4,3,NNG→JKO
FLORES,P2,593,17,43,ALL_MORPH_BOUNDARY_GUARD,3,saved_H3_exact_target_token,,NO_REJECTION,True,4,2,1,XSV→ETM
FLORES,P2,593,18,47,ALL_MORPH_BOUNDARY_GUARD,3,saved_H3_exact_target_token,,NO_REJECTION,True,4,2,1,VCP→EC
FLORES,P2,593,22,59,ALL_MORPH_BOUNDARY_GUARD,3,projected_saved_rejected_draft_candidate,3.0,AT_GUARD,True,4,2,1,ETN→JX
FLORES,P2,593,26,69,ALL_MORPH_BOUNDARY_GUARD,1,projected_saved_rejected_draft_candidate,1.0,AT_GUARD,True,4,4,3,JKB→JX
FLORES,P2,593,28,74,ALL_MORPH_BOUNDARY_GUARD,2,saved_H3_exact_target_token,,NO_REJECTION,True,4,3,2,SF→SSC
FLORES,P2,593,30,81,ALL_MORPH_BOUNDARY_GUARD,3,saved_H3_exact_target_token,,NO_REJECTION,True,4,2,1,SSC→SL
FLORES,P2,593,39,117,ALL_MORPH_BOUNDARY_GUARD,1,saved_H3_exact_target_token,2.0,AFTER_GUARD,True,4,4,3,SL→SL
FLORES,P2,593,42,124,ALL_MORPH_BOUNDARY_GUARD,2,projected_saved_rejected_draft_candidate,2.0,AT_GUARD,True,4,3,2,XSA→EC
FLORES,P2,594,3,7,NP_BOUNDARY_GUARD,2,projected_saved_rejected_draft_candidate,2.0,AT_GUARD,True,4,3,2,NNG→JX
FLORES,P2,594,3,7,ALL_MORPH_BOUNDARY_GUARD,2,projected_saved_rejected_draft_candidate,2.0,AT_GUARD,True,4,3,2,NNG→JX
FLORES,P2,594,4,9,ALL_MORPH_BOUNDARY_GUARD,1,saved_H3_exact_target_token,,NO_REJECTION,True,4,4,3,XSN→JX
FLORES,P2,596,12,28,ALL_MORPH_BOUNDARY_GUARD,2,projected_saved_rejected_draft_candidate,2.0,AT_GUARD,True,4,3,2,XSV→EC
FLORES,P2,597,0,0,ALL_MORPH_BOUNDARY_GUARD,1,projected_saved_rejected_draft_candidate,1.0,AT_GUARD,True,4,4,3,VA→ETM
FLORES,P2,597,6,21,ALL_MORPH_BOUNDARY_GUARD,3,saved_H3_exact_target_token,,NO_REJECTION,True,4,2,1,SL→SL
FLORES,P2,598,7,23,NP_BOUNDARY_GUARD,1,projected_saved_rejected_draft_candidate,1.0,AT_GUARD,True,4,4,3,NNB→JKB
FLORES,P2,598,7,23,ALL_MORPH_BOUNDARY_GUARD,1,projected_saved_rejected_draft_candidate,1.0,AT_GUARD,True,4,4,3,NNB→JKB
FLORES,P2,598,16,47,ALL_MORPH_BOUNDARY_GUARD,3,projected_saved_rejected_draft_candidate,3.0,AT_GUARD,True,4,2,1,XSV→EF
FLORES,P2,599,6,17,ALL_MORPH_BOUNDARY_GUARD,2,saved_H3_exact_target_token,,NO_REJECTION,True,4,3,2,XSN→JKB
FLORES,P2,601,3,9,ALL_MORPH_BOUNDARY_GUARD,3,saved_H3_exact_target_token,4.0,AFTER_GUARD,True,4,2,1,XSV→EC
FLORES,P2,602,7,25,ALL_MORPH_BOUNDARY_GUARD,2,saved_H3_exact_target_token,,NO_REJECTION,True,4,3,2,SL→SL
FLORES,P2,603,11,31,ALL_MORPH_BOUNDARY_GUARD,1,saved_H3_exact_target_token,2.0,AFTER_GUARD,True,4,4,3,EC→JKO
FLORES,P2,603,15,42,ALL_MORPH_BOUNDARY_GUARD,2,saved_H3_exact_target_token,,NO_REJECTION,True,4,3,2,VA→EF
FLORES,P2,604,2,2,ALL_MORPH_BOUNDARY_GUARD,1,saved_H3_exact_target_token,2.0,AFTER_GUARD,True,4,4,3,SO→SL
FLORES,P2,604,7,19,ALL_MORPH_BOUNDARY_GUARD,2,saved_H3_exact_target_token,,NO_REJECTION,True,4,3,2,SL→SL
FLORES,P2,605,2,3,ALL_MORPH_BOUNDARY_GUARD,3,projected_saved_rejected_draft_candidate,3.0,AT_GUARD,True,4,2,1,VV→ETM
FLORES,P2,605,10,31,ALL_MORPH_BOUNDARY_GUARD,1,projected_saved_rejected_draft_candidate,1.0,AT_GUARD,True,4,4,3,JKB→JX
FLORES,P2,605,11,32,ALL_MORPH_BOUNDARY_GUARD,2,projected_saved_rejected_draft_candidate,2.0,AT_GUARD,True,4,3,2,JKB→JX
FLORES,P2,605,15,45,ALL_MORPH_BOUNDARY_GUARD,1,projected_saved_rejected_draft_candidate,1.0,AT_GUARD,True,4,4,3,XSV→EC
FLORES,P2,605,20,53,NP_BOUNDARY_GUARD,2,saved_H3_exact_target_token,,NO_REJECTION,True,4,3,2,NNG→JKB
FLORES,P2,605,20,53,ALL_MORPH_BOUNDARY_GUARD,2,saved_H3_exact_target_token,,NO_REJECTION,True,4,3,2,NNG→JKB
FLORES,P2,606,1,1,ALL_MORPH_BOUNDARY_GUARD,1,saved_H3_exact_target_token,4.0,AFTER_GUARD,True,4,4,3,SO→SL
FLORES,P2,606,10,32,ALL_MORPH_BOUNDARY_GUARD,2,saved_H3_exact_target_token,,NO_REJECTION,True,4,3,2,VV→EF
FLORES,P2,608,11,35,ALL_MORPH_BOUNDARY_GUARD,2,projected_saved_rejected_draft_candidate,2.0,AT_GUARD,True,4,3,2,XSN→JKO
FLORES,P2,608,14,42,ALL_MORPH_BOUNDARY_GUARD,1,projected_saved_rejected_draft_candidate,1.0,AT_GUARD,True,4,4,3,VV→ETM
FLORES,P2,609,5,11,NP_BOUNDARY_GUARD,1,projected_saved_rejected_draft_candidate,1.0,AT_GUARD,True,4,4,3,NNG→JKS
FLORES,P2,609,5,11,ALL_MORPH_BOUNDARY_GUARD,1,projected_saved_rejected_draft_candidate,1.0,AT_GUARD,True,4,4,3,NNG→JKS
FLORES,P2,609,10,18,ALL_MORPH_BOUNDARY_GUARD,1,saved_H3_exact_target_token,,NO_REJECTION,True,4,4,3,XSV→ETM
FLORES,P2,609,14,31,ALL_MORPH_BOUNDARY_GUARD,3,saved_H3_exact_target_token,4.0,AFTER_GUARD,True,4,2,1,XSV→EC
FLORES,P2,611,1,4,ALL_MORPH_BOUNDARY_GUARD,2,saved_H3_exact_target_token,,NO_REJECTION,True,4,3,2,XSV→EC
FLORES,P2,612,6,12,ALL_MORPH_BOUNDARY_GUARD,2,saved_H3_exact_target_token,4.0,AFTER_GUARD,True,4,3,2,VV→ETM
FLORES,P2,612,12,29,ALL_MORPH_BOUNDARY_GUARD,2,saved_H3_exact_target_token,,NO_REJECTION,True,4,3,2,VA→EF
FLORES,P2,613,10,31,ALL_MORPH_BOUNDARY_GUARD,2,projected_saved_rejected_draft_candidate,2.0,AT_GUARD,True,4,3,2,XSN→JX
FLORES,P2,614,7,22,ALL_MORPH_BOUNDARY_GUARD,2,projected_saved_rejected_draft_candidate,2.0,AT_GUARD,True,4,3,2,XSV→EC
FLORES,P2,614,11,29,ALL_MORPH_BOUNDARY_GUARD,1,projected_saved_rejected_draft_candidate,1.0,AT_GUARD,True,4,4,3,VV→ETM
FLORES,P2,614,14,37,NP_BOUNDARY_GUARD,2,projected_saved_rejected_draft_candidate,2.0,AT_GUARD,True,4,3,2,NNB→JKO
FLORES,P2,614,14,37,ALL_MORPH_BOUNDARY_GUARD,1,saved_H3_exact_target_token,2.0,AFTER_GUARD,True,4,4,3,XSV→ETM
FLORES,P2,615,1,1,ALL_MORPH_BOUNDARY_GUARD,2,saved_H3_exact_target_token,,NO_REJECTION,True,4,3,2,XSA→EC
FLORES,P2,615,4,13,ALL_MORPH_BOUNDARY_GUARD,1,saved_H3_exact_target_token,3.0,AFTER_GUARD,True,4,4,3,XSV→ETM
FLORES,P2,615,6,17,NP_BOUNDARY_GUARD,1,saved_H3_exact_target_token,,NO_REJECTION,True,4,4,3,NNG→JKG
FLORES,P2,615,6,17,ALL_MORPH_BOUNDARY_GUARD,1,saved_H3_exact_target_token,,NO_REJECTION,True,4,4,3,NNG→JKG
FLORES,P2,615,9,26,ALL_MORPH_BOUNDARY_GUARD,2,saved_H3_exact_target_token,,NO_REJECTION,True,4,3,2,XSA→EC
FLORES,P2,616,3,6,NP_BOUNDARY_GUARD,2,saved_H3_exact_target_token,3.0,AFTER_GUARD,True,4,3,2,NNG→JX
FLORES,P2,616,3,6,ALL_MORPH_BOUNDARY_GUARD,2,saved_H3_exact_target_token,3.0,AFTER_GUARD,True,4,3,2,NNG→JX
FLORES,P2,616,13,40,ALL_MORPH_BOUNDARY_GUARD,3,saved_H3_exact_target_token,,NO_REJECTION,True,4,2,1,XSN→JKB
FLORES,P2,616,14,44,ALL_MORPH_BOUNDARY_GUARD,3,saved_H3_exact_target_token,,NO_REJECTION,True,4,2,1,VA→EF
FLORES,P2,617,13,41,NP_BOUNDARY_GUARD,1,projected_saved_rejected_draft_candidate,1.0,AT_GUARD,True,4,4,3,NNG→JKO
FLORES,P2,617,13,41,ALL_MORPH_BOUNDARY_GUARD,1,projected_saved_rejected_draft_candidate,1.0,AT_GUARD,True,4,4,3,NNG→JKO
FLORES,P2,619,9,23,ALL_MORPH_BOUNDARY_GUARD,1,projected_saved_rejected_draft_candidate,1.0,AT_GUARD,True,4,4,3,XSN→JKG
FLORES,P2,619,15,36,ALL_MORPH_BOUNDARY_GUARD,1,projected_saved_rejected_draft_candidate,1.0,AT_GUARD,True,4,4,3,VV→EC
FLORES,P2,619,23,57,ALL_MORPH_BOUNDARY_GUARD,2,saved_H3_exact_target_token,,NO_REJECTION,True,4,3,2,XSN→JKB
FLORES,P2,619,25,62,ALL_MORPH_BOUNDARY_GUARD,2,saved_H3_exact_target_token,,NO_REJECTION,True,4,3,2,EP→EF
FLORES,P2,620,6,18,NP_BOUNDARY_GUARD,2,projected_saved_rejected_draft_candidate,2.0,AT_GUARD,True,4,3,2,NNG→JKO
FLORES,P2,620,6,18,ALL_MORPH_BOUNDARY_GUARD,2,projected_saved_rejected_draft_candidate,2.0,AT_GUARD,True,4,3,2,NNG→JKO
FLORES,P2,620,7,20,ALL_MORPH_BOUNDARY_GUARD,2,saved_H3_exact_target_token,,NO_REJECTION,True,4,3,2,VV→EF
FLORES,P2,621,1,3,ALL_MORPH_BOUNDARY_GUARD,1,projected_saved_rejected_draft_candidate,1.0,AT_GUARD,True,4,4,3,XSN→JKS
FLORES,P2,624,8,29,ALL_MORPH_BOUNDARY_GUARD,3,projected_saved_rejected_draft_candidate,3.0,AT_GUARD,True,4,2,1,SSC→SF
FLORES,P2,624,10,36,ALL_MORPH_BOUNDARY_GUARD,2,saved_H3_exact_target_token,,NO_REJECTION,True,4,3,2,XSN→JX
FLORES,P2,624,18,56,NP_BOUNDARY_GUARD,2,projected_saved_rejected_draft_candidate,2.0,AT_GUARD,True,4,3,2,NP→JX
FLORES,P2,624,18,56,ALL_MORPH_BOUNDARY_GUARD,2,projected_saved_rejected_draft_candidate,2.0,AT_GUARD,True,4,3,2,NP→JX
FLORES,P2,624,22,70,ALL_MORPH_BOUNDARY_GUARD,1,projected_saved_rejected_draft_candidate,1.0,AT_GUARD,True,4,4,3,VV→ETM
FLORES,P2,624,23,71,NP_BOUNDARY_GUARD,2,projected_saved_rejected_draft_candidate,2.0,AT_GUARD,True,4,3,2,NNB→JKO
FLORES,P2,624,23,71,ALL_MORPH_BOUNDARY_GUARD,2,projected_saved_rejected_draft_candidate,2.0,AT_GUARD,True,4,3,2,NNB→JKO
FLORES,P2,624,28,84,ALL_MORPH_BOUNDARY_GUARD,2,saved_H3_exact_target_token,,NO_REJECTION,True,3,2,1,SF→SSC
FLORES,P2,626,8,27,ALL_MORPH_BOUNDARY_GUARD,3,projected_saved_rejected_draft_candidate,3.0,AT_GUARD,True,4,2,1,VA→ETM
FLORES,P2,629,12,36,ALL_MORPH_BOUNDARY_GUARD,1,saved_H3_exact_target_token,,NO_REJECTION,True,3,3,2,VX→EF
FLORES,P2,630,1,1,ALL_MORPH_BOUNDARY_GUARD,3,saved_H3_exact_target_token,,NO_REJECTION,True,4,2,1,SO→SL
FLORES,P2,630,8,29,ALL_MORPH_BOUNDARY_GUARD,3,saved_H3_exact_target_token,,NO_REJECTION,True,4,2,1,SL→SL
FLORES,P2,631,2,8,ALL_MORPH_BOUNDARY_GUARD,3,saved_H3_exact_target_token,,NO_REJECTION,True,4,2,1,XSN→JX
FLORES,P2,631,3,12,ALL_MORPH_BOUNDARY_GUARD,1,saved_H3_exact_target_token,3.0,AFTER_GUARD,True,4,4,3,XSN→JKG
FLORES,P2,631,9,23,NP_BOUNDARY_GUARD,2,projected_saved_rejected_draft_candidate,2.0,AT_GUARD,True,4,3,2,NNG→JKO
FLORES,P2,631,9,23,ALL_MORPH_BOUNDARY_GUARD,2,projected_saved_rejected_draft_candidate,2.0,AT_GUARD,True,4,3,2,NNG→JKO
FLORES,P2,631,11,28,ALL_MORPH_BOUNDARY_GUARD,3,saved_H3_exact_target_token,4.0,AFTER_GUARD,True,4,2,1,XSN→JX
FLORES,P2,631,17,42,ALL_MORPH_BOUNDARY_GUARD,1,saved_H3_exact_target_token,,NO_REJECTION,True,3,3,2,EP→EF
FLORES,P2,632,5,18,NP_BOUNDARY_GUARD,1,projected_saved_rejected_draft_candidate,1.0,AT_GUARD,True,4,4,3,NP→JX
FLORES,P2,632,5,18,ALL_MORPH_BOUNDARY_GUARD,1,projected_saved_rejected_draft_candidate,1.0,AT_GUARD,True,4,4,3,NP→JX
FLORES,P2,634,4,13,ALL_MORPH_BOUNDARY_GUARD,3,saved_H3_exact_target_token,,NO_REJECTION,True,4,2,1,XSN→JKB
FLORES,P2,634,5,17,ALL_MORPH_BOUNDARY_GUARD,1,saved_H3_exact_target_token,,NO_REJECTION,True,4,4,3,XSV→ETM
FLORES,P2,636,11,22,ALL_MORPH_BOUNDARY_GUARD,2,saved_H3_exact_target_token,,NO_REJECTION,True,4,3,2,VX→EP
FLORES,P2,636,12,26,ALL_MORPH_BOUNDARY_GUARD,2,saved_H3_exact_target_token,,NO_REJECTION,True,4,3,2,XSN→JX
FLORES,P2,636,15,37,ALL_MORPH_BOUNDARY_GUARD,2,projected_saved_rejected_draft_candidate,2.0,AT_GUARD,True,4,3,2,VA→EC
FLORES,P2,636,18,47,ALL_MORPH_BOUNDARY_GUARD,1,projected_saved_rejected_draft_candidate,1.0,AT_GUARD,True,4,4,3,VA-I→EC
FLORES,P2,636,19,48,ALL_MORPH_BOUNDARY_GUARD,2,saved_H3_exact_target_token,,NO_REJECTION,True,4,3,2,XSN→JKB
FLORES,P2,636,21,56,ALL_MORPH_BOUNDARY_GUARD,2,saved_H3_exact_target_token,,NO_REJECTION,True,4,3,2,VA→EF
FLORES,P2,637,6,21,NP_BOUNDARY_GUARD,2,projected_saved_rejected_draft_candidate,2.0,AT_GUARD,True,4,3,2,NNB→JKS
FLORES,P2,637,6,21,ALL_MORPH_BOUNDARY_GUARD,2,projected_saved_rejected_draft_candidate,2.0,AT_GUARD,True,4,3,2,NNB→JKS
FLORES,P2,638,14,45,ALL_MORPH_BOUNDARY_GUARD,1,projected_saved_rejected_draft_candidate,1.0,AT_GUARD,True,4,4,3,VV→ETM
FLORES,P2,638,17,53,NP_BOUNDARY_GUARD,1,projected_saved_rejected_draft_candidate,1.0,AT_GUARD,True,4,4,3,NNB→JKO
FLORES,P2,638,17,53,ALL_MORPH_BOUNDARY_GUARD,1,projected_saved_rejected_draft_candidate,1.0,AT_GUARD,True,4,4,3,NNB→JKO
FLORES,P2,638,19,56,ALL_MORPH_BOUNDARY_GUARD,1,projected_saved_rejected_draft_candidate,1.0,AT_GUARD,True,4,4,3,XSV→ETM
FLORES,P2,639,1,4,ALL_MORPH_BOUNDARY_GUARD,2,saved_H3_exact_target_token,,NO_REJECTION,True,4,3,2,XSN→JKB
FLORES,P2,639,8,27,ALL_MORPH_BOUNDARY_GUARD,3,projected_saved_rejected_draft_candidate,3.0,AT_GUARD,True,4,2,1,VA→EF
FLORES,P2,640,2,5,ALL_MORPH_BOUNDARY_GUARD,3,projected_saved_rejected_draft_candidate,3.0,AT_GUARD,True,4,2,1,VA→ETM
FLORES,P2,640,9,26,ALL_MORPH_BOUNDARY_GUARD,1,projected_saved_rejected_draft_candidate,1.0,AT_GUARD,True,4,4,3,VA→ETM
FLORES,P2,640,11,31,ALL_MORPH_BOUNDARY_GUARD,2,saved_H3_exact_target_token,,NO_REJECTION,True,4,3,2,VV→EF
FLORES,P2,641,3,9,ALL_MORPH_BOUNDARY_GUARD,3,saved_H3_exact_target_token,,NO_REJECTION,True,4,2,1,SO→SL
FLORES,P2,641,4,13,ALL_MORPH_BOUNDARY_GUARD,3,saved_H3_exact_target_token,,NO_REJECTION,True,4,2,1,SL→SL
FLORES,P2,641,14,40,ALL_MORPH_BOUNDARY_GUARD,2,saved_H3_exact_target_token,3.0,AFTER_GUARD,True,4,3,2,XSV→ETM
FLORES,P2,642,1,4,NP_BOUNDARY_GUARD,2,projected_saved_rejected_draft_candidate,2.0,AT_GUARD,True,4,3,2,NNB→JKS
FLORES,P2,642,1,4,ALL_MORPH_BOUNDARY_GUARD,2,projected_saved_rejected_draft_candidate,2.0,AT_GUARD,True,4,3,2,NNB→JKS
FLORES,P2,642,3,10,ALL_MORPH_BOUNDARY_GUARD,2,saved_H3_exact_target_token,,NO_REJECTION,True,4,3,2,VX→EF
FLORES,P2,642,7,26,ALL_MORPH_BOUNDARY_GUARD,3,saved_H3_exact_target_token,,NO_REJECTION,True,4,2,1,VX→EF
FLORES,P2,643,0,0,NP_BOUNDARY_GUARD,2,projected_saved_rejected_draft_candidate,2.0,AT_GUARD,True,4,3,2,NNG→JX
FLORES,P2,643,0,0,ALL_MORPH_BOUNDARY_GUARD,2,projected_saved_rejected_draft_candidate,2.0,AT_GUARD,True,4,3,2,NNG→JX
FLORES,P2,643,1,2,ALL_MORPH_BOUNDARY_GUARD,1,saved_H3_exact_target_token,2.0,AFTER_GUARD,True,4,4,3,XSN→JX
FLORES,P2,645,3,11,ALL_MORPH_BOUNDARY_GUARD,3,saved_H3_exact_target_token,,NO_REJECTION,True,4,2,1,XSV→EC
FLORES,P2,645,9,28,ALL_MORPH_BOUNDARY_GUARD,2,projected_saved_rejected_draft_candidate,2.0,AT_GUARD,True,4,3,2,VX→EC
FLORES,P2,647,12,32,ALL_MORPH_BOUNDARY_GUARD,1,saved_H3_exact_target_token,2.0,AFTER_GUARD,True,4,4,3,VX→EF
FLORES,P2,648,5,14,NP_BOUNDARY_GUARD,3,saved_H3_exact_target_token,4.0,AFTER_GUARD,True,4,2,1,NNG→JKO
FLORES,P2,648,5,14,ALL_MORPH_BOUNDARY_GUARD,3,saved_H3_exact_target_token,4.0,AFTER_GUARD,True,4,2,1,NNG→JKO
FLORES,P2,648,8,24,ALL_MORPH_BOUNDARY_GUARD,1,saved_H3_exact_target_token,,NO_REJECTION,True,4,4,3,XSV→ETM
FLORES,P2,648,9,28,NP_BOUNDARY_GUARD,2,saved_H3_exact_target_token,3.0,AFTER_GUARD,True,4,3,2,NNG→JKO
FLORES,P2,648,9,28,ALL_MORPH_BOUNDARY_GUARD,2,saved_H3_exact_target_token,3.0,AFTER_GUARD,True,4,3,2,NNG→JKO
FLORES,P2,648,11,32,ALL_MORPH_BOUNDARY_GUARD,1,projected_saved_rejected_draft_candidate,1.0,AT_GUARD,True,4,4,3,XSV→ETN
FLORES,P2,649,7,19,ALL_MORPH_BOUNDARY_GUARD,1,saved_H3_exact_target_token,,NO_REJECTION,True,4,4,3,XSA→EF
FLORES,P2,649,9,25,ALL_MORPH_BOUNDARY_GUARD,3,projected_saved_rejected_draft_candidate,3.0,AT_GUARD,True,4,2,1,XSV→EC
FLORES,P2,649,11,30,NP_BOUNDARY_GUARD,2,projected_saved_rejected_draft_candidate,2.0,AT_GUARD,True,4,3,2,NNG→JKO
FLORES,P2,649,11,30,ALL_MORPH_BOUNDARY_GUARD,2,projected_saved_rejected_draft_candidate,2.0,AT_GUARD,True,4,3,2,NNG→JKO
FLORES,P2,650,5,17,ALL_MORPH_BOUNDARY_GUARD,1,saved_H3_exact_target_token,,NO_REJECTION,True,4,4,3,SL→SL
FLORES,P2,654,5,12,ALL_MORPH_BOUNDARY_GUARD,1,saved_H3_exact_target_token,,NO_REJECTION,True,4,4,3,VA→EF
FLORES,P2,654,16,35,ALL_MORPH_BOUNDARY_GUARD,2,projected_saved_rejected_draft_candidate,2.0,AT_GUARD,True,4,3,2,VA-I→EC
FLORES,P2,655,2,5,ALL_MORPH_BOUNDARY_GUARD,1,saved_H3_exact_target_token,2.0,AFTER_GUARD,True,4,4,3,XSN→JKG
FLORES,P2,655,3,7,NP_BOUNDARY_GUARD,1,projected_saved_rejected_draft_candidate,1.0,AT_GUARD,True,4,4,3,NNG→JKO
FLORES,P2,655,3,7,ALL_MORPH_BOUNDARY_GUARD,1,projected_saved_rejected_draft_candidate,1.0,AT_GUARD,True,4,4,3,NNG→JKO
FLORES,P2,655,4,8,ALL_MORPH_BOUNDARY_GUARD,3,saved_H3_exact_target_token,4.0,AFTER_GUARD,True,4,2,1,XSN→JKS
FLORES,P2,655,7,18,NP_BOUNDARY_GUARD,3,saved_H3_exact_target_token,,NO_REJECTION,True,4,2,1,NNG→JKO
FLORES,P2,655,7,18,ALL_MORPH_BOUNDARY_GUARD,3,saved_H3_exact_target_token,,NO_REJECTION,True,4,2,1,NNG→JKO
FLORES,P2,656,3,9,ALL_MORPH_BOUNDARY_GUARD,1,saved_H3_exact_target_token,,NO_REJECTION,True,4,4,3,SP→SL
FLORES,P2,657,6,9,ALL_MORPH_BOUNDARY_GUARD,2,saved_H3_exact_target_token,3.0,AFTER_GUARD,True,4,3,2,XSN→JKS
FLORES,P2,657,7,12,ALL_MORPH_BOUNDARY_GUARD,2,saved_H3_exact_target_token,4.0,AFTER_GUARD,True,4,3,2,XSN→JKO
FLORES,P2,657,9,20,ALL_MORPH_BOUNDARY_GUARD,1,projected_saved_rejected_draft_candidate,1.0,AT_GUARD,True,4,4,3,XSN→JKG
FLORES,P2,657,10,21,ALL_MORPH_BOUNDARY_GUARD,1,projected_saved_rejected_draft_candidate,1.0,AT_GUARD,True,4,4,3,VV→ETM
FLORES,P2,657,13,30,NP_BOUNDARY_GUARD,1,projected_saved_rejected_draft_candidate,1.0,AT_GUARD,True,4,4,3,NNB→JKO
FLORES,P2,657,13,30,ALL_MORPH_BOUNDARY_GUARD,1,projected_saved_rejected_draft_candidate,1.0,AT_GUARD,True,4,4,3,NNB→JKO
FLORES,P2,657,17,39,ALL_MORPH_BOUNDARY_GUARD,1,saved_H3_exact_target_token,,NO_REJECTION,True,4,4,3,XSN→JKG
FLORES,P2,658,3,6,ALL_MORPH_BOUNDARY_GUARD,1,projected_saved_rejected_draft_candidate,1.0,AT_GUARD,True,4,4,3,VX→EF
FLORES,P2,659,4,12,ALL_MORPH_BOUNDARY_GUARD,3,saved_H3_exact_target_token,,NO_REJECTION,True,4,2,1,SL→SL
FLORES,P2,659,13,46,ALL_MORPH_BOUNDARY_GUARD,3,saved_H3_exact_target_token,,NO_REJECTION,True,4,2,1,VA→EF
FLORES,P2,659,15,51,ALL_MORPH_BOUNDARY_GUARD,1,projected_saved_rejected_draft_candidate,1.0,AT_GUARD,True,4,4,3,XSN→JX
FLORES,P2,659,16,52,NP_BOUNDARY_GUARD,3,saved_H3_exact_target_token,4.0,AFTER_GUARD,True,4,2,1,NNG→JKS
FLORES,P2,659,16,52,ALL_MORPH_BOUNDARY_GUARD,3,saved_H3_exact_target_token,4.0,AFTER_GUARD,True,4,2,1,NNG→JKS
FLORES,P2,659,17,56,ALL_MORPH_BOUNDARY_GUARD,1,saved_H3_exact_target_token,2.0,AFTER_GUARD,True,4,4,3,XSN→JKG
FLORES,P2,659,18,58,ALL_MORPH_BOUNDARY_GUARD,3,saved_H3_exact_target_token,,NO_REJECTION,True,4,2,1,XSN→JKO
FLORES,P2,660,2,6,NP_BOUNDARY_GUARD,1,saved_H3_exact_target_token,2.0,AFTER_GUARD,True,4,4,3,NNG→JX
FLORES,P2,660,2,6,ALL_MORPH_BOUNDARY_GUARD,1,saved_H3_exact_target_token,2.0,AFTER_GUARD,True,4,4,3,NNG→JX
FLORES,P2,660,7,21,ALL_MORPH_BOUNDARY_GUARD,1,saved_H3_exact_target_token,,NO_REJECTION,True,4,4,3,VV→EC
FLORES,P2,660,10,30,ALL_MORPH_BOUNDARY_GUARD,1,saved_H3_exact_target_token,,NO_REJECTION,True,4,4,3,XSV→EC
FLORES,P2,660,11,34,ALL_MORPH_BOUNDARY_GUARD,3,saved_H3_exact_target_token,,NO_REJECTION,True,4,2,1,XSV→EC
FLORES,P2,660,12,38,ALL_MORPH_BOUNDARY_GUARD,2,saved_H3_exact_target_token,4.0,AFTER_GUARD,True,4,3,2,XSN→JKO
FLORES,P2,661,2,5,NP_BOUNDARY_GUARD,3,projected_saved_rejected_draft_candidate,3.0,AT_GUARD,True,4,2,1,NNG→JX
FLORES,P2,661,2,5,ALL_MORPH_BOUNDARY_GUARD,3,projected_saved_rejected_draft_candidate,3.0,AT_GUARD,True,4,2,1,NNG→JX
FLORES,P2,661,6,15,ALL_MORPH_BOUNDARY_GUARD,3,projected_saved_rejected_draft_candidate,3.0,AT_GUARD,True,4,2,1,VV→EC
FLORES,P2,661,7,18,ALL_MORPH_BOUNDARY_GUARD,1,saved_H3_exact_target_token,3.0,AFTER_GUARD,True,4,4,3,XSV→EC
FLORES,P2,661,12,34,NP_BOUNDARY_GUARD,3,projected_saved_rejected_draft_candidate,3.0,AT_GUARD,True,4,2,1,NP→JKO
FLORES,P2,661,12,34,ALL_MORPH_BOUNDARY_GUARD,3,projected_saved_rejected_draft_candidate,3.0,AT_GUARD,True,4,2,1,NP→JKO
FLORES,P2,661,13,37,ALL_MORPH_BOUNDARY_GUARD,1,saved_H3_exact_target_token,,NO_REJECTION,True,4,4,3,XSN→JKG
FLORES,P2,662,6,16,ALL_MORPH_BOUNDARY_GUARD,2,saved_H3_exact_target_token,,NO_REJECTION,True,4,3,2,XSN→JKB
FLORES,P2,664,10,31,ALL_MORPH_BOUNDARY_GUARD,2,saved_H3_exact_target_token,,NO_REJECTION,True,4,3,2,VV→EF
FLORES,P2,665,1,4,ALL_MORPH_BOUNDARY_GUARD,2,saved_H3_exact_target_token,3.0,AFTER_GUARD,True,4,3,2,XSN→JX
FLORES,P2,665,2,7,ALL_MORPH_BOUNDARY_GUARD,3,saved_H3_exact_target_token,,NO_REJECTION,True,4,2,1,XSN→JKG
FLORES,P2,666,0,0,ALL_MORPH_BOUNDARY_GUARD,2,saved_H3_exact_target_token,,NO_REJECTION,True,4,3,2,XSN→JX
FLORES,P2,666,5,11,ALL_MORPH_BOUNDARY_GUARD,3,projected_saved_rejected_draft_candidate,3.0,AT_GUARD,True,4,2,1,XSN→JKS
FLORES,P2,666,7,15,ALL_MORPH_BOUNDARY_GUARD,1,projected_saved_rejected_draft_candidate,1.0,AT_GUARD,True,4,4,3,VX→EF
FLORES,P2,666,8,16,ALL_MORPH_BOUNDARY_GUARD,3,saved_H3_exact_target_token,,NO_REJECTION,True,4,2,1,XSN→JKG
FLORES,P2,666,16,39,ALL_MORPH_BOUNDARY_GUARD,2,saved_H3_exact_target_token,,NO_REJECTION,True,4,3,2,XSV→EC
FLORES,P2,668,5,15,ALL_MORPH_BOUNDARY_GUARD,1,saved_H3_exact_target_token,,NO_REJECTION,True,4,4,3,XSV→ETM
FLORES,P2,669,3,9,ALL_MORPH_BOUNDARY_GUARD,2,projected_saved_rejected_draft_candidate,2.0,AT_GUARD,True,4,3,2,SO→SL
FLORES,P2,669,8,27,ALL_MORPH_BOUNDARY_GUARD,2,saved_H3_exact_target_token,,NO_REJECTION,True,4,3,2,SL→SL
FLORES,P2,671,1,1,ALL_MORPH_BOUNDARY_GUARD,1,saved_H3_exact_target_token,,NO_REJECTION,True,4,4,3,XSN→JKB
FLORES,P2,671,2,5,NP_BOUNDARY_GUARD,3,saved_H3_exact_target_token,,NO_REJECTION,True,4,2,1,NNG→JKO
FLORES,P2,671,2,5,ALL_MORPH_BOUNDARY_GUARD,3,saved_H3_exact_target_token,,NO_REJECTION,True,4,2,1,NNG→JKO
FLORES,P2,671,3,9,ALL_MORPH_BOUNDARY_GUARD,3,saved_H3_exact_target_token,,NO_REJECTION,True,4,2,1,XSV→ETN
FLORES,P2,671,5,14,ALL_MORPH_BOUNDARY_GUARD,1,projected_saved_rejected_draft_candidate,1.0,AT_GUARD,True,4,4,3,VV→ETM
FLORES,P2,671,6,15,ALL_MORPH_BOUNDARY_GUARD,1,saved_H3_exact_target_token,,NO_REJECTION,True,4,4,3,XSV→ETM
FLORES,P2,671,9,27,ALL_MORPH_BOUNDARY_GUARD,1,projected_saved_rejected_draft_candidate,1.0,AT_GUARD,True,4,4,3,XSV→ETN
FLORES,P2,671,15,43,ALL_MORPH_BOUNDARY_GUARD,1,saved_H3_exact_target_token,,NO_REJECTION,True,3,3,2,VA→EF
FLORES,P2,672,6,21,ALL_MORPH_BOUNDARY_GUARD,1,saved_H3_exact_target_token,,NO_REJECTION,True,3,3,2,SL→SL
FLORES,P2,673,8,27,ALL_MORPH_BOUNDARY_GUARD,2,projected_saved_rejected_draft_candidate,2.0,AT_GUARD,True,4,3,2,XSV→ETN
FLORES,P2,673,10,32,ALL_MORPH_BOUNDARY_GUARD,1,saved_H3_exact_target_token,3.0,AFTER_GUARD,True,4,4,3,XSV→ETM
FLORES,P2,675,5,17,ALL_MORPH_BOUNDARY_GUARD,2,saved_H3_exact_target_token,4.0,AFTER_GUARD,True,4,3,2,XSN→JKS
FLORES,P2,675,6,21,ALL_MORPH_BOUNDARY_GUARD,2,saved_H3_exact_target_token,,NO_REJECTION,True,4,3,2,XSV→ETM
FLORES,P2,678,0,0,NP_BOUNDARY_GUARD,3,projected_saved_rejected_draft_candidate,3.0,AT_GUARD,True,4,2,1,NP→JKG
FLORES,P2,678,0,0,ALL_MORPH_BOUNDARY_GUARD,3,projected_saved_rejected_draft_candidate,3.0,AT_GUARD,True,4,2,1,NP→JKG
FLORES,P2,678,3,11,NP_BOUNDARY_GUARD,2,projected_saved_rejected_draft_candidate,2.0,AT_GUARD,True,4,3,2,NP→JKG
FLORES,P2,678,3,11,ALL_MORPH_BOUNDARY_GUARD,1,saved_H3_exact_target_token,2.0,AFTER_GUARD,True,4,4,3,XSV→EC
FLORES,P2,678,4,13,NP_BOUNDARY_GUARD,1,projected_saved_rejected_draft_candidate,1.0,AT_GUARD,True,4,4,3,NP→JKG
FLORES,P2,678,4,13,ALL_MORPH_BOUNDARY_GUARD,1,projected_saved_rejected_draft_candidate,1.0,AT_GUARD,True,4,4,3,NP→JKG
FLORES,P2,678,5,14,NP_BOUNDARY_GUARD,2,projected_saved_rejected_draft_candidate,2.0,AT_GUARD,True,4,3,2,NP→JKG
FLORES,P2,678,5,14,ALL_MORPH_BOUNDARY_GUARD,2,projected_saved_rejected_draft_candidate,2.0,AT_GUARD,True,4,3,2,NP→JKG
FLORES,P2,678,9,25,ALL_MORPH_BOUNDARY_GUARD,1,saved_H3_exact_target_token,,NO_REJECTION,True,4,4,3,XSV→ETM
FLORES,P2,679,8,29,ALL_MORPH_BOUNDARY_GUARD,3,saved_H3_exact_target_token,,NO_REJECTION,True,4,2,1,SL→SL
FLORES,P2,680,6,19,ALL_MORPH_BOUNDARY_GUARD,1,saved_H3_exact_target_token,,NO_REJECTION,True,4,4,3,XSV→ETM
FLORES,P2,680,7,23,ALL_MORPH_BOUNDARY_GUARD,3,saved_H3_exact_target_token,,NO_REJECTION,True,4,2,1,XSV→ETM
FLORES,P2,681,1,2,ALL_MORPH_BOUNDARY_GUARD,1,saved_H3_exact_target_token,,NO_REJECTION,True,4,4,3,VV→EC
FLORES,P2,682,1,2,ALL_MORPH_BOUNDARY_GUARD,1,saved_H3_exact_target_token,3.0,AFTER_GUARD,True,4,4,3,XSN→JX
FLORES,P2,682,3,6,ALL_MORPH_BOUNDARY_GUARD,2,projected_saved_rejected_draft_candidate,2.0,AT_GUARD,True,4,3,2,XSV→ETM
FLORES,P2,682,7,18,ALL_MORPH_BOUNDARY_GUARD,2,saved_H3_exact_target_token,3.0,AFTER_GUARD,True,4,3,2,XSV→EC
FLORES,P2,683,7,25,ALL_MORPH_BOUNDARY_GUARD,1,saved_H3_exact_target_token,2.0,AFTER_GUARD,True,4,4,3,XSV→EC
FLORES,P2,684,3,6,ALL_MORPH_BOUNDARY_GUARD,1,projected_saved_rejected_draft_candidate,1.0,AT_GUARD,True,4,4,3,VX→EF
FLORES,P2,684,19,44,ALL_MORPH_BOUNDARY_GUARD,3,saved_H3_exact_target_token,,NO_REJECTION,True,4,2,1,XSN→JKO
FLORES,P2,685,10,36,ALL_MORPH_BOUNDARY_GUARD,1,saved_H3_exact_target_token,,NO_REJECTION,True,4,4,3,XSV→EC
FLORES,P2,685,13,46,ALL_MORPH_BOUNDARY_GUARD,1,saved_H3_exact_target_token,2.0,AFTER_GUARD,True,4,4,3,XSV→EC
FLORES,P2,685,17,54,ALL_MORPH_BOUNDARY_GUARD,3,saved_H3_exact_target_token,,NO_REJECTION,True,4,2,1,VX→EF
FLORES,P2,686,4,10,ALL_MORPH_BOUNDARY_GUARD,2,saved_H3_exact_target_token,3.0,AFTER_GUARD,True,4,3,2,XSV→ETM
FLORES,P2,686,6,14,ALL_MORPH_BOUNDARY_GUARD,3,projected_saved_rejected_draft_candidate,3.0,AT_GUARD,True,4,2,1,VV→EC
FLORES,P2,686,7,17,ALL_MORPH_BOUNDARY_GUARD,3,saved_H3_exact_target_token,,NO_REJECTION,True,4,2,1,VV→EC
FLORES,P2,686,10,29,ALL_MORPH_BOUNDARY_GUARD,1,projected_saved_rejected_draft_candidate,1.0,AT_GUARD,True,4,4,3,VA→ETM
FLORES,P2,687,0,0,ALL_MORPH_BOUNDARY_GUARD,3,saved_H3_exact_target_token,,NO_REJECTION,True,4,2,1,VV→EC
FLORES,P2,687,3,6,ALL_MORPH_BOUNDARY_GUARD,1,saved_H3_exact_target_token,2.0,AFTER_GUARD,True,4,4,3,JKB→JX
FLORES,P2,687,17,38,ALL_MORPH_BOUNDARY_GUARD,2,projected_saved_rejected_draft_candidate,2.0,AT_GUARD,True,4,3,2,VCP→EC
FLORES,P2,687,25,66,ALL_MORPH_BOUNDARY_GUARD,1,saved_H3_exact_target_token,2.0,AFTER_GUARD,True,4,4,3,XSV→EC
FLORES,P2,688,2,8,ALL_MORPH_BOUNDARY_GUARD,1,saved_H3_exact_target_token,,NO_REJECTION,True,4,4,3,XSN→JKG
FLORES,P2,688,3,12,NP_BOUNDARY_GUARD,3,saved_H3_exact_target_token,,NO_REJECTION,True,4,2,1,NNG→JKO
FLORES,P2,688,3,12,ALL_MORPH_BOUNDARY_GUARD,3,saved_H3_exact_target_token,,NO_REJECTION,True,4,2,1,NNG→JKO
FLORES,P2,688,5,20,ALL_MORPH_BOUNDARY_GUARD,1,projected_saved_rejected_draft_candidate,1.0,AT_GUARD,True,4,4,3,ETN→JX
FLORES,P2,688,8,28,ALL_MORPH_BOUNDARY_GUARD,2,saved_H3_exact_target_token,,NO_REJECTION,True,4,3,2,VA→EF
FLORES,P2,688,9,32,ALL_MORPH_BOUNDARY_GUARD,3,saved_H3_exact_target_token,4.0,AFTER_GUARD,True,4,2,1,XSN→JX
FLORES,P2,688,19,63,ALL_MORPH_BOUNDARY_GUARD,3,saved_H3_exact_target_token,4.0,AFTER_GUARD,True,4,2,1,XSN→JKS
FLORES,P2,688,22,70,ALL_MORPH_BOUNDARY_GUARD,1,saved_H3_exact_target_token,2.0,AFTER_GUARD,True,4,4,3,XSN→JKB
FLORES,P2,690,3,7,ALL_MORPH_BOUNDARY_GUARD,1,saved_H3_exact_target_token,3.0,AFTER_GUARD,True,4,4,3,XSV→ETM
FLORES,P2,690,4,10,ALL_MORPH_BOUNDARY_GUARD,2,saved_H3_exact_target_token,,NO_REJECTION,True,4,3,2,XSN→JKS
FLORES,P2,690,12,32,ALL_MORPH_BOUNDARY_GUARD,3,saved_H3_exact_target_token,,NO_REJECTION,True,4,2,1,XSN→JKG
FLORES,P2,690,14,38,ALL_MORPH_BOUNDARY_GUARD,1,saved_H3_exact_target_token,3.0,AFTER_GUARD,True,4,4,3,XSV→ETN
FLORES,P2,690,15,41,NP_BOUNDARY_GUARD,2,projected_saved_rejected_draft_candidate,2.0,AT_GUARD,True,4,3,2,NNB→JKS
FLORES,P2,690,15,41,ALL_MORPH_BOUNDARY_GUARD,1,saved_H3_exact_target_token,2.0,AFTER_GUARD,True,4,4,3,XSV→ETM
FLORES,P2,690,18,51,ALL_MORPH_BOUNDARY_GUARD,1,saved_H3_exact_target_token,2.0,AFTER_GUARD,True,4,4,3,VCP→EC
FLORES,P2,690,24,65,ALL_MORPH_BOUNDARY_GUARD,3,projected_saved_rejected_draft_candidate,3.0,AT_GUARD,True,4,2,1,XSV→ETM
FLORES,P2,691,10,36,ALL_MORPH_BOUNDARY_GUARD,3,saved_H3_exact_target_token,,NO_REJECTION,True,4,2,1,XSV→ETM
FLORES,P2,692,7,22,ALL_MORPH_BOUNDARY_GUARD,1,saved_H3_exact_target_token,,NO_REJECTION,True,4,4,3,VCP→EC
FLORES,P2,692,8,26,ALL_MORPH_BOUNDARY_GUARD,1,projected_saved_rejected_draft_candidate,1.0,AT_GUARD,True,4,4,3,VCP→EC
FLORES,P2,692,13,40,ALL_MORPH_BOUNDARY_GUARD,2,saved_H3_exact_target_token,,NO_REJECTION,True,4,3,2,XSN→JKB
FLORES,P2,692,16,49,ALL_MORPH_BOUNDARY_GUARD,2,saved_H3_exact_target_token,,NO_REJECTION,True,4,3,2,XSN→JX
FLORES,P2,692,17,53,ALL_MORPH_BOUNDARY_GUARD,1,saved_H3_exact_target_token,3.0,AFTER_GUARD,True,4,4,3,XSN→JKG
FLORES,P2,692,20,61,ALL_MORPH_BOUNDARY_GUARD,2,saved_H3_exact_target_token,3.0,AFTER_GUARD,True,4,3,2,XSV→EC
FLORES,P2,692,23,69,NP_BOUNDARY_GUARD,1,saved_H3_exact_target_token,2.0,AFTER_GUARD,True,4,4,3,NNG→JKO
FLORES,P2,692,23,69,ALL_MORPH_BOUNDARY_GUARD,1,saved_H3_exact_target_token,2.0,AFTER_GUARD,True,4,4,3,NNG→JKO
FLORES,P2,692,27,83,ALL_MORPH_BOUNDARY_GUARD,2,saved_H3_exact_target_token,,NO_REJECTION,True,3,2,1,SSC→SF
FLORES,P2,693,17,49,NP_BOUNDARY_GUARD,1,projected_saved_rejected_draft_candidate,1.0,AT_GUARD,True,4,4,3,NNB→JKO
FLORES,P2,693,17,49,ALL_MORPH_BOUNDARY_GUARD,1,projected_saved_rejected_draft_candidate,1.0,AT_GUARD,True,4,4,3,NNB→JKO
FLORES,P2,694,7,14,ALL_MORPH_BOUNDARY_GUARD,3,projected_saved_rejected_draft_candidate,3.0,AT_GUARD,True,4,2,1,JKB→JX
FLORES,P2,694,16,30,ALL_MORPH_BOUNDARY_GUARD,1,saved_H3_exact_target_token,,NO_REJECTION,True,4,4,3,XSV→EC
FLORES,P2,694,18,38,ALL_MORPH_BOUNDARY_GUARD,2,projected_saved_rejected_draft_candidate,2.0,AT_GUARD,True,4,3,2,VA→EF
FLORES,P2,695,4,14,ALL_MORPH_BOUNDARY_GUARD,2,saved_H3_exact_target_token,3.0,AFTER_GUARD,True,4,3,2,XSN→JKB
FLORES,P2,695,10,27,ALL_MORPH_BOUNDARY_GUARD,3,saved_H3_exact_target_token,,NO_REJECTION,True,4,2,1,VX→ETM
FLORES,P2,695,15,38,ALL_MORPH_BOUNDARY_GUARD,1,saved_H3_exact_target_token,,NO_REJECTION,True,3,3,2,VX→EF
FLORES,P2,696,7,20,ALL_MORPH_BOUNDARY_GUARD,2,projected_saved_rejected_draft_candidate,2.0,AT_GUARD,True,4,3,2,XSV→EC
FLORES,P2,696,11,28,ALL_MORPH_BOUNDARY_GUARD,2,projected_saved_rejected_draft_candidate,2.0,AT_GUARD,True,4,3,2,XSV→EC
FLORES,P2,697,7,24,NP_BOUNDARY_GUARD,1,projected_saved_rejected_draft_candidate,1.0,AT_GUARD,True,4,4,3,NNB→JKO
FLORES,P2,697,7,24,ALL_MORPH_BOUNDARY_GUARD,1,projected_saved_rejected_draft_candidate,1.0,AT_GUARD,True,4,4,3,NNB→JKO
FLORES,P2,697,10,28,ALL_MORPH_BOUNDARY_GUARD,1,saved_H3_exact_target_token,,NO_REJECTION,True,4,4,3,XSN→JKO
FLORES,P2,698,4,13,ALL_MORPH_BOUNDARY_GUARD,2,saved_H3_exact_target_token,,NO_REJECTION,True,4,3,2,SL→SL
FLORES,P2,699,3,9,ALL_MORPH_BOUNDARY_GUARD,3,saved_H3_exact_target_token,,NO_REJECTION,True,4,2,1,VCP→EC
FLORES,P2,700,6,18,ALL_MORPH_BOUNDARY_GUARD,1,projected_saved_rejected_draft_candidate,1.0,AT_GUARD,True,4,4,3,XSV→EC
FLORES,P2,700,7,19,NP_BOUNDARY_GUARD,1,projected_saved_rejected_draft_candidate,1.0,AT_GUARD,True,4,4,3,NNB→JKB
FLORES,P2,700,7,19,ALL_MORPH_BOUNDARY_GUARD,1,projected_saved_rejected_draft_candidate,1.0,AT_GUARD,True,4,4,3,NNB→JKB
FLORES,P2,702,5,18,ALL_MORPH_BOUNDARY_GUARD,2,saved_H3_exact_target_token,,NO_REJECTION,True,4,3,2,XSV→EP
FLORES,P2,703,1,1,ALL_MORPH_BOUNDARY_GUARD,2,projected_saved_rejected_draft_candidate,2.0,AT_GUARD,True,4,3,2,JKB→JX
FLORES,P2,703,10,25,ALL_MORPH_BOUNDARY_GUARD,3,saved_H3_exact_target_token,,NO_REJECTION,True,4,2,1,VX→EF
FLORES,P2,705,9,15,ALL_MORPH_BOUNDARY_GUARD,1,projected_saved_rejected_draft_candidate,1.0,AT_GUARD,True,4,4,3,VV→ETM
FLORES,P2,705,14,20,ALL_MORPH_BOUNDARY_GUARD,3,saved_H3_exact_target_token,4.0,AFTER_GUARD,True,4,2,1,XSV→ETM
FLORES,P2,706,0,0,NP_BOUNDARY_GUARD,2,saved_H3_exact_target_token,,NO_REJECTION,True,4,3,2,NNG→JKS
FLORES,P2,706,0,0,ALL_MORPH_BOUNDARY_GUARD,2,saved_H3_exact_target_token,,NO_REJECTION,True,4,3,2,NNG→JKS
FLORES,P2,706,3,9,ALL_MORPH_BOUNDARY_GUARD,1,saved_H3_exact_target_token,2.0,AFTER_GUARD,True,4,4,3,XSN→JKS
FLORES,P2,706,4,11,ALL_MORPH_BOUNDARY_GUARD,2,saved_H3_exact_target_token,3.0,AFTER_GUARD,True,4,3,2,XSV→ETM
FLORES,P2,706,9,24,ALL_MORPH_BOUNDARY_GUARD,1,saved_H3_exact_target_token,,NO_REJECTION,True,4,4,3,ETN→JKO
FLORES,P2,706,16,41,ALL_MORPH_BOUNDARY_GUARD,3,projected_saved_rejected_draft_candidate,3.0,AT_GUARD,True,4,2,1,VA→EF
FLORES,P2,707,4,8,ALL_MORPH_BOUNDARY_GUARD,1,saved_H3_exact_target_token,2.0,AFTER_GUARD,True,4,4,3,XSA→EC
FLORES,P2,707,8,20,ALL_MORPH_BOUNDARY_GUARD,1,saved_H3_exact_target_token,,NO_REJECTION,True,4,4,3,VV→EC
FLORES,P2,707,14,40,ALL_MORPH_BOUNDARY_GUARD,1,saved_H3_exact_target_token,2.0,AFTER_GUARD,True,3,3,2,XSV→EF
FLORES,P2,708,7,27,ALL_MORPH_BOUNDARY_GUARD,2,saved_H3_exact_target_token,,NO_REJECTION,True,4,3,2,XSN→JKS
FLORES,P2,708,16,52,ALL_MORPH_BOUNDARY_GUARD,3,projected_saved_rejected_draft_candidate,3.0,AT_GUARD,True,4,2,1,XSN→JKS
FLORES,P2,708,21,67,ALL_MORPH_BOUNDARY_GUARD,1,projected_saved_rejected_draft_candidate,1.0,AT_GUARD,True,4,4,3,ETN→JX
FLORES,P2,709,1,4,NP_BOUNDARY_GUARD,1,projected_saved_rejected_draft_candidate,1.0,AT_GUARD,True,4,4,3,NNG→JKS
FLORES,P2,709,1,4,ALL_MORPH_BOUNDARY_GUARD,1,projected_saved_rejected_draft_candidate,1.0,AT_GUARD,True,4,4,3,NNG→JKS
FLORES,P2,709,2,5,ALL_MORPH_BOUNDARY_GUARD,1,saved_H3_exact_target_token,,NO_REJECTION,True,4,4,3,XSN→JX
FLORES,P2,709,3,9,ALL_MORPH_BOUNDARY_GUARD,1,saved_H3_exact_target_token,2.0,AFTER_GUARD,True,4,4,3,XSV→EC
FLORES,P2,710,10,16,ALL_MORPH_BOUNDARY_GUARD,2,saved_H3_exact_target_token,,NO_REJECTION,True,4,3,2,XSV→EP
FLORES,P2,710,27,56,ALL_MORPH_BOUNDARY_GUARD,2,saved_H3_exact_target_token,,NO_REJECTION,True,4,3,2,VX→EC
FLORES,P2,710,39,93,ALL_MORPH_BOUNDARY_GUARD,2,saved_H3_exact_target_token,,NO_REJECTION,True,4,3,2,VX→EC
FLORES,P2,712,2,8,ALL_MORPH_BOUNDARY_GUARD,1,saved_H3_exact_target_token,4.0,AFTER_GUARD,True,4,4,3,JKB→JX
FLORES,P2,712,5,20,ALL_MORPH_BOUNDARY_GUARD,1,saved_H3_exact_target_token,4.0,AFTER_GUARD,True,4,4,3,XSV→ETM
FLORES,P2,712,7,28,ALL_MORPH_BOUNDARY_GUARD,1,saved_H3_exact_target_token,,NO_REJECTION,True,4,4,3,VA→EF
FLORES,P2,712,20,59,ALL_MORPH_BOUNDARY_GUARD,1,saved_H3_exact_target_token,,NO_REJECTION,True,4,4,3,VA→EF
FLORES,P2,712,24,68,ALL_MORPH_BOUNDARY_GUARD,1,saved_H3_exact_target_token,,NO_REJECTION,True,4,4,3,VV→EC
FLORES,P2,714,8,24,ALL_MORPH_BOUNDARY_GUARD,2,projected_saved_rejected_draft_candidate,2.0,AT_GUARD,True,4,3,2,XPN→NNG
FLORES,P2,714,9,26,ALL_MORPH_BOUNDARY_GUARD,2,saved_H3_exact_target_token,,NO_REJECTION,True,4,3,2,XSV→EP
FLORES,P2,714,14,36,ALL_MORPH_BOUNDARY_GUARD,1,projected_saved_rejected_draft_candidate,1.0,AT_GUARD,True,4,4,3,XSV→EC
FLORES,P2,714,16,40,NP_BOUNDARY_GUARD,1,projected_saved_rejected_draft_candidate,1.0,AT_GUARD,True,4,4,3,NNG→JKO
FLORES,P2,714,16,40,ALL_MORPH_BOUNDARY_GUARD,1,projected_saved_rejected_draft_candidate,1.0,AT_GUARD,True,4,4,3,NNG→JKO
FLORES,P2,715,3,5,ALL_MORPH_BOUNDARY_GUARD,1,saved_H3_exact_target_token,,NO_REJECTION,True,4,4,3,XSN→JKB
FLORES,P2,715,14,30,ALL_MORPH_BOUNDARY_GUARD,1,saved_H3_exact_target_token,,NO_REJECTION,True,4,4,3,XSV→ETM
FLORES,P2,716,17,40,ALL_MORPH_BOUNDARY_GUARD,2,projected_saved_rejected_draft_candidate,2.0,AT_GUARD,True,4,3,2,XSV→ETM
FLORES,P2,717,2,5,ALL_MORPH_BOUNDARY_GUARD,1,saved_H3_exact_target_token,,NO_REJECTION,True,4,4,3,SO→SL
FLORES,P2,717,20,66,ALL_MORPH_BOUNDARY_GUARD,3,saved_H3_exact_target_token,,NO_REJECTION,True,4,2,1,VA→EF
FLORES,P2,718,2,5,ALL_MORPH_BOUNDARY_GUARD,1,projected_saved_rejected_draft_candidate,1.0,AT_GUARD,True,4,4,3,VA→ETM
FLORES,P2,718,11,29,ALL_MORPH_BOUNDARY_GUARD,1,saved_H3_exact_target_token,,NO_REJECTION,True,4,4,3,VCP→EC
FLORES,P2,718,14,41,ALL_MORPH_BOUNDARY_GUARD,2,saved_H3_exact_target_token,3.0,AFTER_GUARD,True,4,3,2,XSV→ETM
FLORES,P2,718,17,49,ALL_MORPH_BOUNDARY_GUARD,1,saved_H3_exact_target_token,,NO_REJECTION,True,3,3,2,VX→EF
FLORES,P2,719,7,19,NP_BOUNDARY_GUARD,1,saved_H3_exact_target_token,2.0,AFTER_GUARD,True,4,4,3,NNG→JKS
FLORES,P2,719,7,19,ALL_MORPH_BOUNDARY_GUARD,1,saved_H3_exact_target_token,2.0,AFTER_GUARD,True,4,4,3,NNG→JKS
FLORES,P2,719,9,25,ALL_MORPH_BOUNDARY_GUARD,2,saved_H3_exact_target_token,,NO_REJECTION,True,4,3,2,VX→EC
FLORES,P2,720,5,15,ALL_MORPH_BOUNDARY_GUARD,2,saved_H3_exact_target_token,3.0,AFTER_GUARD,True,4,3,2,XSV→EP
FLORES,P2,722,2,8,ALL_MORPH_BOUNDARY_GUARD,3,saved_H3_exact_target_token,4.0,AFTER_GUARD,True,4,2,1,XSN→JKB
FLORES,P2,722,3,12,ALL_MORPH_BOUNDARY_GUARD,3,projected_saved_rejected_draft_candidate,3.0,AT_GUARD,True,4,2,1,XSN→JKS
FLORES,P2,722,7,22,ALL_MORPH_BOUNDARY_GUARD,2,projected_saved_rejected_draft_candidate,2.0,AT_GUARD,True,4,3,2,VA→ETM
FLORES,P2,722,9,25,ALL_MORPH_BOUNDARY_GUARD,1,saved_H3_exact_target_token,2.0,AFTER_GUARD,True,4,4,3,XSV→EC
FLORES,P2,723,5,14,ALL_MORPH_BOUNDARY_GUARD,1,saved_H3_exact_target_token,,NO_REJECTION,True,4,4,3,SO→SL
FLORES,P2,724,8,26,ALL_MORPH_BOUNDARY_GUARD,1,saved_H3_exact_target_token,,NO_REJECTION,True,3,3,2,SL→SL
FLORES,P2,725,8,28,ALL_MORPH_BOUNDARY_GUARD,2,saved_H3_exact_target_token,,NO_REJECTION,True,4,3,2,SSO→SL
FLORES,P2,726,3,7,ALL_MORPH_BOUNDARY_GUARD,2,projected_saved_rejected_draft_candidate,2.0,AT_GUARD,True,4,3,2,VA→ETM
FLORES,P2,726,10,26,ALL_MORPH_BOUNDARY_GUARD,1,saved_H3_exact_target_token,,NO_REJECTION,True,3,3,2,VV→EF
FLORES,P2,727,3,6,NP_BOUNDARY_GUARD,2,projected_saved_rejected_draft_candidate,2.0,AT_GUARD,True,4,3,2,NNB→JX
FLORES,P2,727,3,6,ALL_MORPH_BOUNDARY_GUARD,1,saved_H3_exact_target_token,2.0,AFTER_GUARD,True,4,4,3,XSV→ETM
FLORES,P2,728,6,23,ALL_MORPH_BOUNDARY_GUARD,1,saved_H3_exact_target_token,4.0,AFTER_GUARD,True,4,4,3,XSN→JKS
FLORES,P2,729,8,16,ALL_MORPH_BOUNDARY_GUARD,2,projected_saved_rejected_draft_candidate,2.0,AT_GUARD,True,4,3,2,MAG→MM
FLORES,P2,729,15,34,ALL_MORPH_BOUNDARY_GUARD,1,saved_H3_exact_target_token,3.0,AFTER_GUARD,True,4,4,3,XSA→EC
FLORES,P2,731,0,0,ALL_MORPH_BOUNDARY_GUARD,1,projected_saved_rejected_draft_candidate,1.0,AT_GUARD,True,4,4,3,XPN→NNG
FLORES,P2,731,10,31,ALL_MORPH_BOUNDARY_GUARD,1,saved_H3_exact_target_token,,NO_REJECTION,True,3,3,2,VX→EF
FLORES,P2,732,3,10,NP_BOUNDARY_GUARD,1,projected_saved_rejected_draft_candidate,1.0,AT_GUARD,True,4,4,3,NNG→JKG
FLORES,P2,732,3,10,ALL_MORPH_BOUNDARY_GUARD,1,projected_saved_rejected_draft_candidate,1.0,AT_GUARD,True,4,4,3,NNG→JKG
FLORES,P2,732,4,11,NP_BOUNDARY_GUARD,1,projected_saved_rejected_draft_candidate,1.0,AT_GUARD,True,4,4,3,NNB→JKB
FLORES,P2,732,4,11,ALL_MORPH_BOUNDARY_GUARD,1,projected_saved_rejected_draft_candidate,1.0,AT_GUARD,True,4,4,3,NNB→JKB
FLORES,P2,732,16,40,ALL_MORPH_BOUNDARY_GUARD,2,saved_H3_exact_target_token,,NO_REJECTION,True,4,3,2,XSV→ETM
FLORES,P2,733,10,37,ALL_MORPH_BOUNDARY_GUARD,2,saved_H3_exact_target_token,4.0,AFTER_GUARD,True,4,3,2,SL→SL
FLORES,P2,733,32,94,ALL_MORPH_BOUNDARY_GUARD,3,saved_H3_exact_target_token,,NO_REJECTION,True,4,2,1,VX→EF
FLORES,P2,735,1,1,ALL_MORPH_BOUNDARY_GUARD,3,saved_H3_exact_target_token,,NO_REJECTION,True,4,2,1,SS→SL
FLORES,P2,736,6,21,ALL_MORPH_BOUNDARY_GUARD,1,saved_H3_exact_target_token,,NO_REJECTION,True,4,4,3,SO→SL
FLORES,P2,736,7,25,ALL_MORPH_BOUNDARY_GUARD,2,saved_H3_exact_target_token,,NO_REJECTION,True,4,3,2,SP→SL
FLORES,P2,737,8,26,ALL_MORPH_BOUNDARY_GUARD,2,saved_H3_exact_target_token,,NO_REJECTION,True,4,3,2,JKB→JX
FLORES,P2,737,21,61,ALL_MORPH_BOUNDARY_GUARD,2,projected_saved_rejected_draft_candidate,2.0,AT_GUARD,True,4,3,2,VA→EF
FLORES,P2,738,16,43,ALL_MORPH_BOUNDARY_GUARD,2,saved_H3_exact_target_token,,NO_REJECTION,True,4,3,2,SP→SL
FLORES,P2,740,1,3,ALL_MORPH_BOUNDARY_GUARD,3,projected_saved_rejected_draft_candidate,3.0,AT_GUARD,True,4,2,1,VA→ETM
FLORES,P2,740,9,26,ALL_MORPH_BOUNDARY_GUARD,1,saved_H3_exact_target_token,,NO_REJECTION,True,4,4,3,XSA→EC
FLORES,P2,742,21,50,ALL_MORPH_BOUNDARY_GUARD,3,saved_H3_exact_target_token,,NO_REJECTION,True,4,2,1,XSV→ETM
FLORES,P2,743,6,16,ALL_MORPH_BOUNDARY_GUARD,2,saved_H3_exact_target_token,4.0,AFTER_GUARD,True,4,3,2,VV→EC
FLORES,P2,743,8,24,NP_BOUNDARY_GUARD,1,saved_H3_exact_target_token,,NO_REJECTION,True,4,4,3,NNG→JX
FLORES,P2,743,8,24,ALL_MORPH_BOUNDARY_GUARD,1,saved_H3_exact_target_token,,NO_REJECTION,True,4,4,3,NNG→JX
FLORES,P2,744,8,31,ALL_MORPH_BOUNDARY_GUARD,3,saved_H3_exact_target_token,4.0,AFTER_GUARD,True,4,2,1,XSV→EP
FLORES,P2,745,7,25,ALL_MORPH_BOUNDARY_GUARD,1,saved_H3_exact_target_token,,NO_REJECTION,True,4,4,3,SL→SL
FLORES,P2,746,6,21,ALL_MORPH_BOUNDARY_GUARD,2,saved_H3_exact_target_token,,NO_REJECTION,True,4,3,2,SO→SL
FLORES,P2,747,8,29,ALL_MORPH_BOUNDARY_GUARD,3,saved_H3_exact_target_token,,NO_REJECTION,True,4,2,1,SL→SL
FLORES,P2,749,1,4,ALL_MORPH_BOUNDARY_GUARD,3,saved_H3_exact_target_token,,NO_REJECTION,True,4,2,1,XSN→JX
FLORES,P2,750,8,23,ALL_MORPH_BOUNDARY_GUARD,1,saved_H3_exact_target_token,,NO_REJECTION,True,4,4,3,XSN→JKG
FLORES,P2,750,10,31,ALL_MORPH_BOUNDARY_GUARD,1,saved_H3_exact_target_token,2.0,AFTER_GUARD,True,4,4,3,XSN→JKO
FLORES,P2,751,2,8,ALL_MORPH_BOUNDARY_GUARD,2,projected_saved_rejected_draft_candidate,2.0,AT_GUARD,True,4,3,2,VA→ETM
FLORES,P2,753,1,1,ALL_MORPH_BOUNDARY_GUARD,3,saved_H3_exact_target_token,4.0,AFTER_GUARD,True,4,2,1,JKB→JX
FLORES,P2,754,4,6,ALL_MORPH_BOUNDARY_GUARD,1,projected_saved_rejected_draft_candidate,1.0,AT_GUARD,True,4,4,3,VA→ETM
FLORES,P2,754,18,48,ALL_MORPH_BOUNDARY_GUARD,2,saved_H3_exact_target_token,,NO_REJECTION,True,4,3,2,XSV→EF
FLORES,P2,755,20,48,ALL_MORPH_BOUNDARY_GUARD,1,projected_saved_rejected_draft_candidate,1.0,AT_GUARD,True,3,3,2,XSA→EF
FLORES,P2,755,22,51,ALL_MORPH_BOUNDARY_GUARD,1,saved_H3_exact_target_token,,NO_REJECTION,True,3,3,2,VX→EF
FLORES,P2,756,8,21,ALL_MORPH_BOUNDARY_GUARD,1,projected_saved_rejected_draft_candidate,1.0,AT_GUARD,True,4,4,3,VA→ETM
FLORES,P2,756,10,24,NP_BOUNDARY_GUARD,1,projected_saved_rejected_draft_candidate,1.0,AT_GUARD,True,4,4,3,NP→JKB
FLORES,P2,756,10,24,ALL_MORPH_BOUNDARY_GUARD,1,projected_saved_rejected_draft_candidate,1.0,AT_GUARD,True,4,4,3,NP→JKB
FLORES,P2,757,7,18,ALL_MORPH_BOUNDARY_GUARD,2,saved_H3_exact_target_token,3.0,AFTER_GUARD,True,4,3,2,XSN→JKB
FLORES,P2,758,3,6,ALL_MORPH_BOUNDARY_GUARD,1,projected_saved_rejected_draft_candidate,1.0,AT_GUARD,True,4,4,3,VX→EF
FLORES,P2,758,7,17,ALL_MORPH_BOUNDARY_GUARD,2,saved_H3_exact_target_token,,NO_REJECTION,True,4,3,2,JKB→JX
FLORES,P2,758,11,27,ALL_MORPH_BOUNDARY_GUARD,2,saved_H3_exact_target_token,4.0,AFTER_GUARD,True,4,3,2,XSV→EC
FLORES,P2,758,16,41,ALL_MORPH_BOUNDARY_GUARD,3,projected_saved_rejected_draft_candidate,3.0,AT_GUARD,True,4,2,1,VA→EF
FLORES,P2,758,21,54,ALL_MORPH_BOUNDARY_GUARD,1,saved_H3_exact_target_token,,NO_REJECTION,True,4,4,3,XSV→EC
FLORES,P2,758,23,62,ALL_MORPH_BOUNDARY_GUARD,2,projected_saved_rejected_draft_candidate,2.0,AT_GUARD,True,4,3,2,XSV→EF
FLORES,P2,759,13,31,ALL_MORPH_BOUNDARY_GUARD,1,saved_H3_exact_target_token,,NO_REJECTION,True,4,4,3,XSA→ETN
FLORES,P2,760,5,17,ALL_MORPH_BOUNDARY_GUARD,1,saved_H3_exact_target_token,,NO_REJECTION,True,4,4,3,SS→SL
FLORES,P2,761,6,14,ALL_MORPH_BOUNDARY_GUARD,1,saved_H3_exact_target_token,,NO_REJECTION,True,4,4,3,VX→EC
FLORES,P2,761,7,18,ALL_MORPH_BOUNDARY_GUARD,2,saved_H3_exact_target_token,,NO_REJECTION,True,4,3,2,JKB→JX
FLORES,P2,762,3,6,ALL_MORPH_BOUNDARY_GUARD,1,projected_saved_rejected_draft_candidate,1.0,AT_GUARD,True,4,4,3,XSN→JKB
FLORES,P2,762,5,11,ALL_MORPH_BOUNDARY_GUARD,3,projected_saved_rejected_draft_candidate,3.0,AT_GUARD,True,4,2,1,VA→EF
FLORES,P2,762,15,38,ALL_MORPH_BOUNDARY_GUARD,2,saved_H3_exact_target_token,3.0,AFTER_GUARD,True,4,3,2,XSV→EC
FLORES,P2,763,3,8,ALL_MORPH_BOUNDARY_GUARD,1,projected_saved_rejected_draft_candidate,1.0,AT_GUARD,True,4,4,3,VA→ETM
FLORES,P2,763,18,49,ALL_MORPH_BOUNDARY_GUARD,1,saved_H3_exact_target_token,,NO_REJECTION,True,4,4,3,VV→EC
FLORES,P2,764,7,25,ALL_MORPH_BOUNDARY_GUARD,1,saved_H3_exact_target_token,,NO_REJECTION,True,3,3,2,SL→SL
FLORES,P2,765,4,11,ALL_MORPH_BOUNDARY_GUARD,3,saved_H3_exact_target_token,,NO_REJECTION,True,4,2,1,SP→SL
FLORES,P2,765,7,23,ALL_MORPH_BOUNDARY_GUARD,3,saved_H3_exact_target_token,,NO_REJECTION,True,4,2,1,SP→SL
FLORES,P2,766,8,17,ALL_MORPH_BOUNDARY_GUARD,1,projected_saved_rejected_draft_candidate,1.0,AT_GUARD,True,4,4,3,XPN→NNG
FLORES,P2,766,14,34,ALL_MORPH_BOUNDARY_GUARD,2,saved_H3_exact_target_token,,NO_REJECTION,True,4,3,2,VA→EF
FLORES,P2,767,4,14,ALL_MORPH_BOUNDARY_GUARD,2,saved_H3_exact_target_token,,NO_REJECTION,True,4,3,2,XSV→EC
FLORES,P2,767,5,18,NP_BOUNDARY_GUARD,2,saved_H3_exact_target_token,3.0,AFTER_GUARD,True,4,3,2,NNG→JKO
FLORES,P2,767,5,18,ALL_MORPH_BOUNDARY_GUARD,2,saved_H3_exact_target_token,3.0,AFTER_GUARD,True,4,3,2,NNG→JKO
FLORES,P2,767,8,24,ALL_MORPH_BOUNDARY_GUARD,3,saved_H3_exact_target_token,4.0,AFTER_GUARD,True,4,2,1,XSN→JX
FLORES,P2,767,10,31,ALL_MORPH_BOUNDARY_GUARD,3,projected_saved_rejected_draft_candidate,3.0,AT_GUARD,True,4,2,1,VCP→EC
FLORES,P2,767,12,38,ALL_MORPH_BOUNDARY_GUARD,2,saved_H3_exact_target_token,4.0,AFTER_GUARD,True,4,3,2,VA→EC
FLORES,P2,767,13,42,ALL_MORPH_BOUNDARY_GUARD,1,saved_H3_exact_target_token,,NO_REJECTION,True,4,4,3,XSN→JKG
FLORES,P2,768,3,11,ALL_MORPH_BOUNDARY_GUARD,3,saved_H3_exact_target_token,,NO_REJECTION,True,4,2,1,XSN→JKO
FLORES,P2,768,5,17,NP_BOUNDARY_GUARD,1,saved_H3_exact_target_token,3.0,AFTER_GUARD,True,4,4,3,NNB→JKB
FLORES,P2,768,5,17,ALL_MORPH_BOUNDARY_GUARD,1,saved_H3_exact_target_token,3.0,AFTER_GUARD,True,4,4,3,NNB→JKB
FLORES,P2,768,12,33,ALL_MORPH_BOUNDARY_GUARD,2,saved_H3_exact_target_token,,NO_REJECTION,True,4,3,2,XSV→EC
FLORES,P2,768,16,47,ALL_MORPH_BOUNDARY_GUARD,2,projected_saved_rejected_draft_candidate,2.0,AT_GUARD,True,4,3,2,XSV→EF
FLORES,P2,769,6,19,ALL_MORPH_BOUNDARY_GUARD,1,projected_saved_rejected_draft_candidate,1.0,AT_GUARD,True,4,4,3,VA→EC
FLORES,P2,769,7,20,ALL_MORPH_BOUNDARY_GUARD,1,projected_saved_rejected_draft_candidate,1.0,AT_GUARD,True,4,4,3,XSV→EC
FLORES,P2,770,4,13,ALL_MORPH_BOUNDARY_GUARD,1,saved_H3_exact_target_token,2.0,AFTER_GUARD,True,4,4,3,XSV→EP
FLORES,P2,774,4,6,ALL_MORPH_BOUNDARY_GUARD,3,projected_saved_rejected_draft_candidate,3.0,AT_GUARD,True,4,2,1,XSV→EC
FLORES,P2,774,10,25,ALL_MORPH_BOUNDARY_GUARD,2,saved_H3_exact_target_token,,NO_REJECTION,True,4,3,2,VA→EF
FLORES,P2,775,8,17,ALL_MORPH_BOUNDARY_GUARD,2,projected_saved_rejected_draft_candidate,2.0,AT_GUARD,True,4,3,2,XSV→EC
FLORES,P2,775,9,19,ALL_MORPH_BOUNDARY_GUARD,1,saved_H3_exact_target_token,,NO_REJECTION,True,4,4,3,VX→EC
FLORES,P2,776,1,1,ALL_MORPH_BOUNDARY_GUARD,1,saved_H3_exact_target_token,2.0,AFTER_GUARD,True,4,4,3,XSN→JX
FLORES,P2,776,6,15,ALL_MORPH_BOUNDARY_GUARD,2,saved_H3_exact_target_token,,NO_REJECTION,True,4,3,2,VCP→EC
FLORES,P2,777,6,20,ALL_MORPH_BOUNDARY_GUARD,1,saved_H3_exact_target_token,4.0,AFTER_GUARD,True,4,4,3,VV→EC
FLORES,P2,777,18,49,ALL_MORPH_BOUNDARY_GUARD,1,saved_H3_exact_target_token,,NO_REJECTION,True,3,3,2,VX→EF
FLORES,P2,778,0,0,ALL_MORPH_BOUNDARY_GUARD,2,saved_H3_exact_target_token,,NO_REJECTION,True,4,3,2,XSN→JX
FLORES,P2,778,10,27,ALL_MORPH_BOUNDARY_GUARD,2,saved_H3_exact_target_token,,NO_REJECTION,True,4,3,2,VX→EF
FLORES,P2,779,1,4,NP_BOUNDARY_GUARD,2,saved_H3_exact_target_token,4.0,AFTER_GUARD,True,4,3,2,NNG→JX
FLORES,P2,779,1,4,ALL_MORPH_BOUNDARY_GUARD,2,saved_H3_exact_target_token,4.0,AFTER_GUARD,True,4,3,2,NNG→JX
FLORES,P2,779,4,14,ALL_MORPH_BOUNDARY_GUARD,3,saved_H3_exact_target_token,4.0,AFTER_GUARD,True,4,2,1,XSA→EC
FLORES,P2,779,10,34,NP_BOUNDARY_GUARD,2,saved_H3_exact_target_token,4.0,AFTER_GUARD,True,4,3,2,NNG→JX
FLORES,P2,779,10,34,ALL_MORPH_BOUNDARY_GUARD,2,saved_H3_exact_target_token,4.0,AFTER_GUARD,True,4,3,2,NNG→JX
FLORES,P2,780,3,9,ALL_MORPH_BOUNDARY_GUARD,3,saved_H3_exact_target_token,,NO_REJECTION,True,4,2,1,VA→EC
FLORES,P2,781,5,13,ALL_MORPH_BOUNDARY_GUARD,3,saved_H3_exact_target_token,,NO_REJECTION,True,4,2,1,XSA→EC
FLORES,P2,781,12,25,ALL_MORPH_BOUNDARY_GUARD,1,projected_saved_rejected_draft_candidate,1.0,AT_GUARD,True,4,4,3,VA-I→EC
FLORES,P2,781,16,33,ALL_MORPH_BOUNDARY_GUARD,1,projected_saved_rejected_draft_candidate,1.0,AT_GUARD,True,3,3,2,VA→EF
FLORES,P2,781,19,39,ALL_MORPH_BOUNDARY_GUARD,1,saved_H3_exact_target_token,,NO_REJECTION,True,3,3,2,VV→EF
FLORES,P2,782,3,6,ALL_MORPH_BOUNDARY_GUARD,1,projected_saved_rejected_draft_candidate,1.0,AT_GUARD,True,4,4,3,VX→EF
FLORES,P2,782,8,20,ALL_MORPH_BOUNDARY_GUARD,1,saved_H3_exact_target_token,,NO_REJECTION,True,4,4,3,XSN→JKB
FLORES,P2,782,19,52,ALL_MORPH_BOUNDARY_GUARD,2,projected_saved_rejected_draft_candidate,2.0,AT_GUARD,True,4,3,2,SSC→SP
FLORES,P2,782,20,54,ALL_MORPH_BOUNDARY_GUARD,1,projected_saved_rejected_draft_candidate,1.0,AT_GUARD,True,4,4,3,VCP→EC
FLORES,P2,782,26,68,ALL_MORPH_BOUNDARY_GUARD,3,saved_H3_exact_target_token,,NO_REJECTION,True,4,2,1,XSA→EC
FLORES,P2,783,2,5,ALL_MORPH_BOUNDARY_GUARD,3,saved_H3_exact_target_token,,NO_REJECTION,True,4,2,1,SL→SL
FLORES,P2,783,4,13,ALL_MORPH_BOUNDARY_GUARD,2,saved_H3_exact_target_token,3.0,AFTER_GUARD,True,4,3,2,SL→SL
FLORES,P2,784,3,5,ALL_MORPH_BOUNDARY_GUARD,2,projected_saved_rejected_draft_candidate,2.0,AT_GUARD,True,4,3,2,VA→ETM
FLORES,P2,785,7,19,ALL_MORPH_BOUNDARY_GUARD,2,projected_saved_rejected_draft_candidate,2.0,AT_GUARD,True,4,3,2,XSV→EC
FLORES,P2,786,3,6,ALL_MORPH_BOUNDARY_GUARD,1,projected_saved_rejected_draft_candidate,1.0,AT_GUARD,True,4,4,3,VX→EF
FLORES,P2,786,18,48,ALL_MORPH_BOUNDARY_GUARD,3,projected_saved_rejected_draft_candidate,3.0,AT_GUARD,True,4,2,1,JKB→JX
FLORES,P2,786,21,55,ALL_MORPH_BOUNDARY_GUARD,2,saved_H3_exact_target_token,,NO_REJECTION,True,4,3,2,VA→EF
FLORES,P2,788,3,6,NP_BOUNDARY_GUARD,2,projected_saved_rejected_draft_candidate,2.0,AT_GUARD,True,4,3,2,NNG→JX
FLORES,P2,788,3,6,ALL_MORPH_BOUNDARY_GUARD,2,projected_saved_rejected_draft_candidate,2.0,AT_GUARD,True,4,3,2,NNG→JX
FLORES,P2,788,6,10,ALL_MORPH_BOUNDARY_GUARD,2,saved_H3_exact_target_token,3.0,AFTER_GUARD,True,4,3,2,XSA→EC
FLORES,P2,788,8,15,ALL_MORPH_BOUNDARY_GUARD,3,projected_saved_rejected_draft_candidate,3.0,AT_GUARD,True,4,2,1,VX→EC
FLORES,P2,788,10,20,ALL_MORPH_BOUNDARY_GUARD,1,saved_H3_exact_target_token,4.0,AFTER_GUARD,True,4,4,3,XSN→JKG
FLORES,P2,788,11,24,NP_BOUNDARY_GUARD,2,saved_H3_exact_target_token,3.0,AFTER_GUARD,True,4,3,2,NNG→JX
FLORES,P2,788,11,24,ALL_MORPH_BOUNDARY_GUARD,2,saved_H3_exact_target_token,3.0,AFTER_GUARD,True,4,3,2,NNG→JX
FLORES,P2,789,2,6,NP_BOUNDARY_GUARD,2,saved_H3_exact_target_token,,NO_REJECTION,True,4,3,2,NNG→JKS
FLORES,P2,789,2,6,ALL_MORPH_BOUNDARY_GUARD,2,saved_H3_exact_target_token,,NO_REJECTION,True,4,3,2,NNG→JKS
FLORES,P2,790,0,0,ALL_MORPH_BOUNDARY_GUARD,3,saved_H3_exact_target_token,4.0,AFTER_GUARD,True,4,2,1,XSN→JX
FLORES,P2,790,4,15,ALL_MORPH_BOUNDARY_GUARD,1,saved_H3_exact_target_token,,NO_REJECTION,True,4,4,3,VV→EC
FLORES,P2,790,12,39,ALL_MORPH_BOUNDARY_GUARD,3,saved_H3_exact_target_token,,NO_REJECTION,True,4,2,1,VA→EF
FLORES,P2,791,0,0,ALL_MORPH_BOUNDARY_GUARD,3,saved_H3_exact_target_token,,NO_REJECTION,True,4,2,1,XSN→JX
FLORES,P2,792,8,29,ALL_MORPH_BOUNDARY_GUARD,1,saved_H3_exact_target_token,,NO_REJECTION,True,2,2,1,SSC→SF
FLORES,P2,793,2,5,ALL_MORPH_BOUNDARY_GUARD,2,projected_saved_rejected_draft_candidate,2.0,AT_GUARD,True,4,3,2,XSV→EC
FLORES,P2,793,4,8,ALL_MORPH_BOUNDARY_GUARD,3,projected_saved_rejected_draft_candidate,3.0,AT_GUARD,True,4,2,1,XSN→JKB
FLORES,P2,793,5,11,ALL_MORPH_BOUNDARY_GUARD,1,projected_saved_rejected_draft_candidate,1.0,AT_GUARD,True,4,4,3,XSV→EF
FLORES,P2,794,5,14,NP_BOUNDARY_GUARD,2,projected_saved_rejected_draft_candidate,2.0,AT_GUARD,True,4,3,2,NNG→JKS
FLORES,P2,794,5,14,ALL_MORPH_BOUNDARY_GUARD,2,projected_saved_rejected_draft_candidate,2.0,AT_GUARD,True,4,3,2,NNG→JKS
FLORES,P2,794,6,16,ALL_MORPH_BOUNDARY_GUARD,1,saved_H3_exact_target_token,,NO_REJECTION,True,4,4,3,XSN→JKS
FLORES,P2,794,10,26,ALL_MORPH_BOUNDARY_GUARD,1,saved_H3_exact_target_token,,NO_REJECTION,True,4,4,3,XSV→EC
FLORES,P2,795,3,9,ALL_MORPH_BOUNDARY_GUARD,3,saved_H3_exact_target_token,,NO_REJECTION,True,4,2,1,SS→SL
FLORES,P2,796,2,3,NP_BOUNDARY_GUARD,2,saved_H3_exact_target_token,4.0,AFTER_GUARD,True,4,3,2,NNB→JX
FLORES,P2,796,2,3,ALL_MORPH_BOUNDARY_GUARD,2,saved_H3_exact_target_token,4.0,AFTER_GUARD,True,4,3,2,NNB→JX
FLORES,P2,796,14,39,ALL_MORPH_BOUNDARY_GUARD,3,saved_H3_exact_target_token,4.0,AFTER_GUARD,True,4,2,1,XSV→ETM
FLORES,P2,796,16,44,NP_BOUNDARY_GUARD,1,saved_H3_exact_target_token,2.0,AFTER_GUARD,True,4,4,3,NNG→JKS
FLORES,P2,796,16,44,ALL_MORPH_BOUNDARY_GUARD,1,saved_H3_exact_target_token,2.0,AFTER_GUARD,True,4,4,3,NNG→JKS
FLORES,P2,797,3,9,ALL_MORPH_BOUNDARY_GUARD,2,saved_H3_exact_target_token,4.0,AFTER_GUARD,True,4,3,2,SL→SL
FLORES,P2,797,15,41,ALL_MORPH_BOUNDARY_GUARD,3,saved_H3_exact_target_token,,NO_REJECTION,True,4,2,1,VV→EF
FLORES,P2,798,11,26,ALL_MORPH_BOUNDARY_GUARD,3,projected_saved_rejected_draft_candidate,3.0,AT_GUARD,True,4,2,1,XSV→EC
FLORES,P2,800,2,6,ALL_MORPH_BOUNDARY_GUARD,3,saved_H3_exact_target_token,,NO_REJECTION,True,4,2,1,XSN→JKS
FLORES,P2,800,6,18,ALL_MORPH_BOUNDARY_GUARD,2,saved_H3_exact_target_token,,NO_REJECTION,True,4,3,2,XSV→EC
FLORES,P2,800,7,22,NP_BOUNDARY_GUARD,1,saved_H3_exact_target_token,,NO_REJECTION,True,4,4,3,NNG→JKO
FLORES,P2,800,7,22,ALL_MORPH_BOUNDARY_GUARD,1,saved_H3_exact_target_token,,NO_REJECTION,True,4,4,3,NNG→JKO
FLORES,P2,800,10,34,ALL_MORPH_BOUNDARY_GUARD,2,saved_H3_exact_target_token,,NO_REJECTION,True,4,3,2,XSN→JKB
FLORES,P2,802,2,8,ALL_MORPH_BOUNDARY_GUARD,3,projected_saved_rejected_draft_candidate,3.0,AT_GUARD,True,4,2,1,XSV→EC
FLORES,P2,802,4,15,ALL_MORPH_BOUNDARY_GUARD,3,saved_H3_exact_target_token,,NO_REJECTION,True,4,2,1,VV→EC
FLORES,P2,802,6,23,ALL_MORPH_BOUNDARY_GUARD,1,projected_saved_rejected_draft_candidate,1.0,AT_GUARD,True,4,4,3,XSV→EC
FLORES,P2,802,10,31,ALL_MORPH_BOUNDARY_GUARD,1,saved_H3_exact_target_token,,NO_REJECTION,True,4,4,3,XSN→JX
FLORES,P2,802,12,39,NP_BOUNDARY_GUARD,1,projected_saved_rejected_draft_candidate,1.0,AT_GUARD,True,4,4,3,NNB→JKO
FLORES,P2,802,12,39,ALL_MORPH_BOUNDARY_GUARD,1,projected_saved_rejected_draft_candidate,1.0,AT_GUARD,True,4,4,3,NNB→JKO
FLORES,P2,802,15,43,ALL_MORPH_BOUNDARY_GUARD,2,saved_H3_exact_target_token,,NO_REJECTION,True,4,3,2,VX→EF
FLORES,P2,803,3,5,ALL_MORPH_BOUNDARY_GUARD,3,saved_H3_exact_target_token,,NO_REJECTION,True,4,2,1,XSV→EC
FLORES,P2,803,11,31,ALL_MORPH_BOUNDARY_GUARD,3,saved_H3_exact_target_token,,NO_REJECTION,True,4,2,1,XSN→JKO
FLORES,P2,804,2,8,ALL_MORPH_BOUNDARY_GUARD,2,saved_H3_exact_target_token,,NO_REJECTION,True,4,3,2,JKB→JX
FLORES,P2,804,5,17,ALL_MORPH_BOUNDARY_GUARD,1,projected_saved_rejected_draft_candidate,1.0,AT_GUARD,True,4,4,3,VX→EC
FLORES,P2,804,13,36,ALL_MORPH_BOUNDARY_GUARD,1,saved_H3_exact_target_token,,NO_REJECTION,True,3,3,2,VA→EF
FLORES,P2,805,3,4,ALL_MORPH_BOUNDARY_GUARD,3,saved_H3_exact_target_token,,NO_REJECTION,True,4,2,1,VV→ETM
FLORES,P2,806,6,14,ALL_MORPH_BOUNDARY_GUARD,3,projected_saved_rejected_draft_candidate,3.0,AT_GUARD,True,4,2,1,VV→ETM
FLORES,P2,806,17,39,ALL_MORPH_BOUNDARY_GUARD,1,saved_H3_exact_target_token,,NO_REJECTION,True,3,3,2,VA→EF
FLORES,P2,807,6,15,ALL_MORPH_BOUNDARY_GUARD,1,saved_H3_exact_target_token,2.0,AFTER_GUARD,True,4,4,3,VV→ETM
FLORES,P2,807,8,20,ALL_MORPH_BOUNDARY_GUARD,1,saved_H3_exact_target_token,,NO_REJECTION,True,4,4,3,XSN→VCP
FLORES,P2,808,8,25,ALL_MORPH_BOUNDARY_GUARD,1,saved_H3_exact_target_token,2.0,AFTER_GUARD,True,4,4,3,XSN→JKB
FLORES,P2,809,1,1,ALL_MORPH_BOUNDARY_GUARD,2,saved_H3_exact_target_token,,NO_REJECTION,True,4,3,2,XSN→JKB
FLORES,P2,809,8,24,ALL_MORPH_BOUNDARY_GUARD,3,saved_H3_exact_target_token,4.0,AFTER_GUARD,True,4,2,1,XSN→JKO
FLORES,P2,809,9,28,ALL_MORPH_BOUNDARY_GUARD,2,saved_H3_exact_target_token,,NO_REJECTION,True,4,3,2,XSV→ETN
FLORES,P2,809,12,36,ALL_MORPH_BOUNDARY_GUARD,1,saved_H3_exact_target_token,2.0,AFTER_GUARD,True,4,4,3,XSV→ETM
FLORES,P2,810,6,21,ALL_MORPH_BOUNDARY_GUARD,3,saved_H3_exact_target_token,,NO_REJECTION,True,4,2,1,SL→SL
FLORES,P2,810,10,30,ALL_MORPH_BOUNDARY_GUARD,2,saved_H3_exact_target_token,4.0,AFTER_GUARD,True,4,3,2,VV→EC
FLORES,P2,810,14,38,ALL_MORPH_BOUNDARY_GUARD,1,projected_saved_rejected_draft_candidate,1.0,AT_GUARD,True,4,4,3,VA→ETM
FLORES,P2,810,22,53,ALL_MORPH_BOUNDARY_GUARD,3,projected_saved_rejected_draft_candidate,3.0,AT_GUARD,True,4,2,1,VA→EF
FLORES,P2,810,26,65,ALL_MORPH_BOUNDARY_GUARD,3,saved_H3_exact_target_token,,NO_REJECTION,True,4,2,1,XSA→EC
FLORES,P2,811,10,22,ALL_MORPH_BOUNDARY_GUARD,1,saved_H3_exact_target_token,,NO_REJECTION,True,4,4,3,XSN→JKO
FLORES,P2,811,14,35,ALL_MORPH_BOUNDARY_GUARD,1,projected_saved_rejected_draft_candidate,1.0,AT_GUARD,True,4,4,3,XSV→EC
FLORES,P2,812,3,6,ALL_MORPH_BOUNDARY_GUARD,1,projected_saved_rejected_draft_candidate,1.0,AT_GUARD,True,4,4,3,VX→EF
FLORES,P2,812,8,22,ALL_MORPH_BOUNDARY_GUARD,2,saved_H3_exact_target_token,,NO_REJECTION,True,4,3,2,SSC→SP
FLORES,P2,812,9,26,ALL_MORPH_BOUNDARY_GUARD,3,saved_H3_exact_target_token,,NO_REJECTION,True,4,2,1,SSC→SP
FLORES,P2,812,11,34,ALL_MORPH_BOUNDARY_GUARD,1,saved_H3_exact_target_token,,NO_REJECTION,True,4,4,3,SSC→SSC
FLORES,P2,812,21,64,ALL_MORPH_BOUNDARY_GUARD,3,saved_H3_exact_target_token,,NO_REJECTION,True,4,2,1,SSC→SP
FLORES,P2,812,24,70,ALL_MORPH_BOUNDARY_GUARD,3,saved_H3_exact_target_token,,NO_REJECTION,True,4,2,1,SSC→SP
FLORES,P2,812,26,76,ALL_MORPH_BOUNDARY_GUARD,3,projected_saved_rejected_draft_candidate,3.0,AT_GUARD,True,4,2,1,SSC→SSC
FLORES,P2,812,28,80,ALL_MORPH_BOUNDARY_GUARD,3,projected_saved_rejected_draft_candidate,3.0,AT_GUARD,True,4,2,1,VV→ETM
FLORES,P2,812,34,97,ALL_MORPH_BOUNDARY_GUARD,2,saved_H3_exact_target_token,,NO_REJECTION,True,4,3,2,XSV→ETM
FLORES,P2,815,12,36,ALL_MORPH_BOUNDARY_GUARD,3,saved_H3_exact_target_token,,NO_REJECTION,True,4,2,1,VA→EF
FLORES,P2,816,2,8,ALL_MORPH_BOUNDARY_GUARD,1,saved_H3_exact_target_token,,NO_REJECTION,True,4,4,3,VA→EC
FLORES,P2,816,12,42,ALL_MORPH_BOUNDARY_GUARD,1,saved_H3_exact_target_token,2.0,AFTER_GUARD,True,4,4,3,XSV→EC
FLORES,P2,816,16,56,ALL_MORPH_BOUNDARY_GUARD,3,saved_H3_exact_target_token,,NO_REJECTION,True,4,2,1,VA→EC
FLORES,P2,816,25,92,ALL_MORPH_BOUNDARY_GUARD,1,saved_H3_exact_target_token,,NO_REJECTION,True,4,4,3,XSV→EC
FLORES,P2,816,26,96,ALL_MORPH_BOUNDARY_GUARD,3,saved_H3_exact_target_token,,NO_REJECTION,True,4,2,1,SF→SSC
FLORES,P2,818,6,12,ALL_MORPH_BOUNDARY_GUARD,1,projected_saved_rejected_draft_candidate,1.0,AT_GUARD,True,4,4,3,XSN→JKO
FLORES,P2,818,8,16,ALL_MORPH_BOUNDARY_GUARD,2,saved_H3_exact_target_token,,NO_REJECTION,True,4,3,2,VA→EF
FLORES,P2,818,19,43,ALL_MORPH_BOUNDARY_GUARD,1,saved_H3_exact_target_token,,NO_REJECTION,True,3,3,2,VV→EF
FLORES,P2,819,3,9,ALL_MORPH_BOUNDARY_GUARD,3,saved_H3_exact_target_token,,NO_REJECTION,True,4,2,1,SS→SL
FLORES,P2,819,8,29,ALL_MORPH_BOUNDARY_GUARD,1,saved_H3_exact_target_token,2.0,AFTER_GUARD,True,4,4,3,SL→SL
FLORES,P2,820,10,23,ALL_MORPH_BOUNDARY_GUARD,3,projected_saved_rejected_draft_candidate,3.0,AT_GUARD,True,4,2,1,XSN→JKB
FLORES,P2,820,14,35,ALL_MORPH_BOUNDARY_GUARD,2,saved_H3_exact_target_token,,NO_REJECTION,True,3,2,1,SSC→SF
FLORES,P2,821,1,4,ALL_MORPH_BOUNDARY_GUARD,1,saved_H3_exact_target_token,,NO_REJECTION,True,4,4,3,XSV→ETM
FLORES,P2,821,2,8,ALL_MORPH_BOUNDARY_GUARD,3,saved_H3_exact_target_token,,NO_REJECTION,True,4,2,1,VV→EC
FLORES,P2,821,6,21,ALL_MORPH_BOUNDARY_GUARD,2,saved_H3_exact_target_token,,NO_REJECTION,True,4,3,2,VV→EF
FLORES,P2,822,1,1,ALL_MORPH_BOUNDARY_GUARD,2,saved_H3_exact_target_token,,NO_REJECTION,True,4,3,2,JKB→JX
FLORES,P2,822,6,18,ALL_MORPH_BOUNDARY_GUARD,1,saved_H3_exact_target_token,,NO_REJECTION,True,4,4,3,XSA→EC
FLORES,P2,822,7,22,ALL_MORPH_BOUNDARY_GUARD,2,saved_H3_exact_target_token,,NO_REJECTION,True,4,3,2,JKB→JX
FLORES,P2,823,2,6,ALL_MORPH_BOUNDARY_GUARD,1,saved_H3_exact_target_token,3.0,AFTER_GUARD,True,4,4,3,XSA→EC
FLORES,P2,823,4,12,ALL_MORPH_BOUNDARY_GUARD,3,saved_H3_exact_target_token,,NO_REJECTION,True,4,2,1,VV→EC
FLORES,P2,823,9,30,ALL_MORPH_BOUNDARY_GUARD,3,saved_H3_exact_target_token,,NO_REJECTION,True,4,2,1,XSV→ETM
FLORES,P2,824,0,0,ALL_MORPH_BOUNDARY_GUARD,3,saved_H3_exact_target_token,4.0,AFTER_GUARD,True,4,2,1,XSN→JX
FLORES,P2,824,1,4,ALL_MORPH_BOUNDARY_GUARD,1,projected_saved_rejected_draft_candidate,1.0,AT_GUARD,True,4,4,3,XSN→JKG
FLORES,P2,824,6,12,ALL_MORPH_BOUNDARY_GUARD,3,saved_H3_exact_target_token,,NO_REJECTION,True,4,2,1,XSA→EC
FLORES,P2,825,8,19,ALL_MORPH_BOUNDARY_GUARD,3,saved_H3_exact_target_token,,NO_REJECTION,True,4,2,1,VA→EC
FLORES,P2,825,13,36,ALL_MORPH_BOUNDARY_GUARD,3,saved_H3_exact_target_token,,NO_REJECTION,True,4,2,1,VA→EF
FLORES,P2,825,20,57,ALL_MORPH_BOUNDARY_GUARD,1,saved_H3_exact_target_token,,NO_REJECTION,True,3,3,2,VA→EF
FLORES,P2,826,2,8,ALL_MORPH_BOUNDARY_GUARD,1,projected_saved_rejected_draft_candidate,1.0,AT_GUARD,True,4,4,3,VA→EC
FLORES,P2,826,5,12,ALL_MORPH_BOUNDARY_GUARD,1,saved_H3_exact_target_token,2.0,AFTER_GUARD,True,4,4,3,XSV→EC
FLORES,P2,826,13,31,ALL_MORPH_BOUNDARY_GUARD,2,saved_H3_exact_target_token,3.0,AFTER_GUARD,True,4,3,2,XSV→EC
FLORES,P2,828,0,0,NP_BOUNDARY_GUARD,2,saved_H3_exact_target_token,,NO_REJECTION,True,4,3,2,NNG→JKS
FLORES,P2,828,0,0,ALL_MORPH_BOUNDARY_GUARD,2,saved_H3_exact_target_token,,NO_REJECTION,True,4,3,2,NNG→JKS
FLORES,P2,828,2,8,ALL_MORPH_BOUNDARY_GUARD,1,saved_H3_exact_target_token,2.0,AFTER_GUARD,True,4,4,3,XSV→ETM
FLORES,P2,828,14,39,ALL_MORPH_BOUNDARY_GUARD,3,saved_H3_exact_target_token,,NO_REJECTION,True,4,2,1,VA→EF
FLORES,P2,829,10,33,ALL_MORPH_BOUNDARY_GUARD,1,saved_H3_exact_target_token,,NO_REJECTION,True,4,4,3,XSV→EC
FLORES,P2,829,15,48,ALL_MORPH_BOUNDARY_GUARD,2,projected_saved_rejected_draft_candidate,2.0,AT_GUARD,True,4,3,2,VV→ETM
FLORES,P2,830,3,6,ALL_MORPH_BOUNDARY_GUARD,1,projected_saved_rejected_draft_candidate,1.0,AT_GUARD,True,4,4,3,VX→EF
FLORES,P2,830,12,28,ALL_MORPH_BOUNDARY_GUARD,1,projected_saved_rejected_draft_candidate,1.0,AT_GUARD,True,4,4,3,XSV→ETM
FLORES,P2,831,20,60,ALL_MORPH_BOUNDARY_GUARD,1,saved_H3_exact_target_token,,NO_REJECTION,True,4,4,3,SP→SL
FLORES,P2,831,24,71,ALL_MORPH_BOUNDARY_GUARD,2,saved_H3_exact_target_token,4.0,AFTER_GUARD,True,4,3,2,XSV→ETM
FLORES,P2,832,3,9,ALL_MORPH_BOUNDARY_GUARD,2,saved_H3_exact_target_token,3.0,AFTER_GUARD,True,4,3,2,JKB→JX
FLORES,P2,832,4,12,ALL_MORPH_BOUNDARY_GUARD,1,projected_saved_rejected_draft_candidate,1.0,AT_GUARD,True,4,4,3,VA→ETM
FLORES,P2,832,13,32,ALL_MORPH_BOUNDARY_GUARD,3,saved_H3_exact_target_token,,NO_REJECTION,True,4,2,1,VA→EF
FLORES,P2,832,14,36,ALL_MORPH_BOUNDARY_GUARD,3,saved_H3_exact_target_token,,NO_REJECTION,True,4,2,1,VV→EC
FLORES,P2,832,20,53,ALL_MORPH_BOUNDARY_GUARD,1,projected_saved_rejected_draft_candidate,1.0,AT_GUARD,True,4,4,3,JKB→JX
FLORES,P2,833,2,5,ALL_MORPH_BOUNDARY_GUARD,3,saved_H3_exact_target_token,4.0,AFTER_GUARD,True,4,2,1,XSN→JX
FLORES,P2,833,5,16,ALL_MORPH_BOUNDARY_GUARD,3,saved_H3_exact_target_token,4.0,AFTER_GUARD,True,4,2,1,JKB→JX
FLORES,P2,833,7,24,ALL_MORPH_BOUNDARY_GUARD,3,saved_H3_exact_target_token,4.0,AFTER_GUARD,True,4,2,1,XSA→EC
FLORES,P2,833,8,28,ALL_MORPH_BOUNDARY_GUARD,1,saved_H3_exact_target_token,4.0,AFTER_GUARD,True,4,4,3,XSA→EC
FLORES,P2,834,3,10,ALL_MORPH_BOUNDARY_GUARD,1,saved_H3_exact_target_token,4.0,AFTER_GUARD,True,4,4,3,XSN→VCP
FLORES,P2,835,18,49,NP_BOUNDARY_GUARD,3,projected_saved_rejected_draft_candidate,3.0,AT_GUARD,True,4,2,1,NNB→JKO
FLORES,P2,835,18,49,ALL_MORPH_BOUNDARY_GUARD,3,projected_saved_rejected_draft_candidate,3.0,AT_GUARD,True,4,2,1,NNB→JKO
FLORES,P2,836,15,37,ALL_MORPH_BOUNDARY_GUARD,1,projected_saved_rejected_draft_candidate,1.0,AT_GUARD,True,4,4,3,VCP→EC
FLORES,P2,836,16,38,ALL_MORPH_BOUNDARY_GUARD,2,saved_H3_exact_target_token,,NO_REJECTION,True,4,3,2,VV→ETM
FLORES,P2,837,8,21,ALL_MORPH_BOUNDARY_GUARD,1,projected_saved_rejected_draft_candidate,1.0,AT_GUARD,True,4,4,3,XSV→ETM
FLORES,P2,838,3,6,ALL_MORPH_BOUNDARY_GUARD,2,projected_saved_rejected_draft_candidate,2.0,AT_GUARD,True,4,3,2,VV→ETM
FLORES,P2,839,16,37,ALL_MORPH_BOUNDARY_GUARD,3,saved_H3_exact_target_token,,NO_REJECTION,True,4,2,1,JKB→JX
FLORES,P2,840,4,16,ALL_MORPH_BOUNDARY_GUARD,1,projected_saved_rejected_draft_candidate,1.0,AT_GUARD,True,4,4,3,VA→EC
FLORES,P2,840,10,30,ALL_MORPH_BOUNDARY_GUARD,1,saved_H3_exact_target_token,,NO_REJECTION,True,4,4,3,XSV→ETM
FLORES,P2,840,12,36,ALL_MORPH_BOUNDARY_GUARD,3,saved_H3_exact_target_token,4.0,AFTER_GUARD,True,4,2,1,XSV→ETM
FLORES,P2,841,14,40,NP_BOUNDARY_GUARD,1,projected_saved_rejected_draft_candidate,1.0,AT_GUARD,True,4,4,3,NNB→JKB
FLORES,P2,841,14,40,ALL_MORPH_BOUNDARY_GUARD,1,projected_saved_rejected_draft_candidate,1.0,AT_GUARD,True,4,4,3,NNB→JKB
FLORES,P2,841,15,41,ALL_MORPH_BOUNDARY_GUARD,3,saved_H3_exact_target_token,,NO_REJECTION,True,4,2,1,VV→EF
FLORES,P2,842,8,15,NP_BOUNDARY_GUARD,1,projected_saved_rejected_draft_candidate,1.0,AT_GUARD,True,4,4,3,NNG→JX
FLORES,P2,842,8,15,ALL_MORPH_BOUNDARY_GUARD,1,projected_saved_rejected_draft_candidate,1.0,AT_GUARD,True,4,4,3,NNG→JX
FLORES,P2,842,9,16,ALL_MORPH_BOUNDARY_GUARD,1,saved_H3_exact_target_token,2.0,AFTER_GUARD,True,4,4,3,JKB→JX
FLORES,P2,842,10,18,ALL_MORPH_BOUNDARY_GUARD,3,projected_saved_rejected_draft_candidate,3.0,AT_GUARD,True,4,2,1,VA→EC
FLORES,P2,842,15,31,ALL_MORPH_BOUNDARY_GUARD,3,saved_H3_exact_target_token,,NO_REJECTION,True,4,2,1,XSN→JKS
FLORES,P2,842,18,40,ALL_MORPH_BOUNDARY_GUARD,3,saved_H3_exact_target_token,,NO_REJECTION,True,4,2,1,XSV→ETM
FLORES,P2,843,7,17,ALL_MORPH_BOUNDARY_GUARD,2,saved_H3_exact_target_token,3.0,AFTER_GUARD,True,4,3,2,XSV→ETM
FLORES,P2,843,13,38,ALL_MORPH_BOUNDARY_GUARD,1,saved_H3_exact_target_token,,NO_REJECTION,True,3,3,2,VX→EF
FLORES,P2,845,16,22,ALL_MORPH_BOUNDARY_GUARD,3,saved_H3_exact_target_token,,NO_REJECTION,True,4,2,1,VA→EF
FLORES,P2,845,21,42,ALL_MORPH_BOUNDARY_GUARD,3,saved_H3_exact_target_token,4.0,AFTER_GUARD,True,4,2,1,VA→EF
FLORES,P2,846,3,8,ALL_MORPH_BOUNDARY_GUARD,2,saved_H3_exact_target_token,3.0,AFTER_GUARD,True,4,3,2,XSN→JX
FLORES,P2,846,6,13,ALL_MORPH_BOUNDARY_GUARD,1,saved_H3_exact_target_token,3.0,AFTER_GUARD,True,4,4,3,VV→EC
FLORES,P2,847,4,11,ALL_MORPH_BOUNDARY_GUARD,3,saved_H3_exact_target_token,,NO_REJECTION,True,4,2,1,JKB→JX
FLORES,P2,847,6,17,ALL_MORPH_BOUNDARY_GUARD,2,saved_H3_exact_target_token,4.0,AFTER_GUARD,True,4,3,2,VV→EC
FLORES,P2,848,12,28,ALL_MORPH_BOUNDARY_GUARD,2,saved_H3_exact_target_token,3.0,AFTER_GUARD,True,4,3,2,VV→ETM
FLORES,P2,849,9,25,ALL_MORPH_BOUNDARY_GUARD,3,saved_H3_exact_target_token,,NO_REJECTION,True,4,2,1,XSN→JX
FLORES,P2,849,12,36,NP_BOUNDARY_GUARD,3,saved_H3_exact_target_token,4.0,AFTER_GUARD,True,4,2,1,NNG→JKO
FLORES,P2,849,12,36,ALL_MORPH_BOUNDARY_GUARD,3,saved_H3_exact_target_token,4.0,AFTER_GUARD,True,4,2,1,NNG→JKO
FLORES,P2,849,13,40,ALL_MORPH_BOUNDARY_GUARD,3,saved_H3_exact_target_token,,NO_REJECTION,True,4,2,1,XSV→EC
FLORES,P2,849,16,50,ALL_MORPH_BOUNDARY_GUARD,2,saved_H3_exact_target_token,,NO_REJECTION,True,4,3,2,XSV→EC
FLORES,P2,850,5,17,ALL_MORPH_BOUNDARY_GUARD,3,saved_H3_exact_target_token,,NO_REJECTION,True,4,2,1,SO→SL
FLORES,P2,851,4,6,ALL_MORPH_BOUNDARY_GUARD,2,saved_H3_exact_target_token,3.0,AFTER_GUARD,True,4,3,2,XSN→JKS
FLORES,P2,851,24,76,ALL_MORPH_BOUNDARY_GUARD,1,projected_saved_rejected_draft_candidate,1.0,AT_GUARD,True,4,4,3,VA→EF
FLORES,P2,853,6,14,ALL_MORPH_BOUNDARY_GUARD,1,saved_H3_exact_target_token,,NO_REJECTION,True,4,4,3,XSV→EP
FLORES,P2,853,13,35,NP_BOUNDARY_GUARD,1,projected_saved_rejected_draft_candidate,1.0,AT_GUARD,True,4,4,3,NNP→JKS
FLORES,P2,853,13,35,ALL_MORPH_BOUNDARY_GUARD,1,projected_saved_rejected_draft_candidate,1.0,AT_GUARD,True,4,4,3,NNP→JKS
FLORES,P2,853,14,36,ALL_MORPH_BOUNDARY_GUARD,1,saved_H3_exact_target_token,,NO_REJECTION,True,4,4,3,XSN→JKS
FLORES,P2,853,18,50,ALL_MORPH_BOUNDARY_GUARD,2,saved_H3_exact_target_token,,NO_REJECTION,True,4,3,2,EP→EF
FLORES,P2,855,5,12,ALL_MORPH_BOUNDARY_GUARD,2,saved_H3_exact_target_token,4.0,AFTER_GUARD,True,4,3,2,VA→EC
FLORES,P2,855,17,43,ALL_MORPH_BOUNDARY_GUARD,1,saved_H3_exact_target_token,2.0,AFTER_GUARD,True,4,4,3,XSN→JKB
FLORES,P2,855,21,52,NP_BOUNDARY_GUARD,3,saved_H3_exact_target_token,4.0,AFTER_GUARD,True,4,2,1,NNG→JX
FLORES,P2,855,21,52,ALL_MORPH_BOUNDARY_GUARD,3,saved_H3_exact_target_token,4.0,AFTER_GUARD,True,4,2,1,NNG→JX
FLORES,P2,855,29,75,ALL_MORPH_BOUNDARY_GUARD,1,saved_H3_exact_target_token,,NO_REJECTION,True,4,4,3,SF→SSC
FLORES,P2,855,34,88,ALL_MORPH_BOUNDARY_GUARD,1,saved_H3_exact_target_token,,NO_REJECTION,True,4,4,3,XSV→EC
FLORES,P2,857,3,7,NP_BOUNDARY_GUARD,2,saved_H3_exact_target_token,3.0,AFTER_GUARD,True,4,3,2,NNG→JKO
FLORES,P2,857,3,7,ALL_MORPH_BOUNDARY_GUARD,2,saved_H3_exact_target_token,3.0,AFTER_GUARD,True,4,3,2,NNG→JKO
FLORES,P2,857,19,48,ALL_MORPH_BOUNDARY_GUARD,3,saved_H3_exact_target_token,,NO_REJECTION,True,4,2,1,XSN→JKB
FLORES,P2,858,1,4,ALL_MORPH_BOUNDARY_GUARD,2,saved_H3_exact_target_token,3.0,AFTER_GUARD,True,4,3,2,XSN→JKB
FLORES,P2,858,5,15,ALL_MORPH_BOUNDARY_GUARD,2,projected_saved_rejected_draft_candidate,2.0,AT_GUARD,True,4,3,2,XSN→JKS
FLORES,P2,858,8,22,ALL_MORPH_BOUNDARY_GUARD,2,saved_H3_exact_target_token,4.0,AFTER_GUARD,True,4,3,2,XSN→JKB
FLORES,P2,858,10,28,ALL_MORPH_BOUNDARY_GUARD,2,projected_saved_rejected_draft_candidate,2.0,AT_GUARD,True,4,3,2,XSV→EC
FLORES,P2,859,4,12,ALL_MORPH_BOUNDARY_GUARD,3,saved_H3_exact_target_token,,NO_REJECTION,True,4,2,1,SL→SL
FLORES,P2,860,9,22,ALL_MORPH_BOUNDARY_GUARD,1,saved_H3_exact_target_token,,NO_REJECTION,True,4,4,3,XSV→EC
FLORES,P2,860,11,28,ALL_MORPH_BOUNDARY_GUARD,3,saved_H3_exact_target_token,,NO_REJECTION,True,4,2,1,VA→EF
FLORES,P2,861,13,28,NP_BOUNDARY_GUARD,1,saved_H3_exact_target_token,,NO_REJECTION,True,4,4,3,NNG→JKO
FLORES,P2,861,13,28,ALL_MORPH_BOUNDARY_GUARD,1,saved_H3_exact_target_token,,NO_REJECTION,True,4,4,3,NNG→JKO
FLORES,P2,861,20,52,ALL_MORPH_BOUNDARY_GUARD,1,saved_H3_exact_target_token,,NO_REJECTION,True,3,3,2,VA→EF
FLORES,P2,862,3,6,ALL_MORPH_BOUNDARY_GUARD,1,projected_saved_rejected_draft_candidate,1.0,AT_GUARD,True,4,4,3,VX→EF
FLORES,P2,862,13,28,ALL_MORPH_BOUNDARY_GUARD,1,saved_H3_exact_target_token,2.0,AFTER_GUARD,True,4,4,3,XSN→JKB
FLORES,P2,862,14,30,ALL_MORPH_BOUNDARY_GUARD,2,projected_saved_rejected_draft_candidate,2.0,AT_GUARD,True,4,3,2,XSV→EC
FLORES,P2,862,16,36,ALL_MORPH_BOUNDARY_GUARD,1,saved_H3_exact_target_token,,NO_REJECTION,True,4,4,3,VX→EF
FLORES,P2,863,5,14,ALL_MORPH_BOUNDARY_GUARD,1,projected_saved_rejected_draft_candidate,1.0,AT_GUARD,True,4,4,3,JKB→JX
FLORES,P2,863,7,16,ALL_MORPH_BOUNDARY_GUARD,2,saved_H3_exact_target_token,3.0,AFTER_GUARD,True,4,3,2,JKB→JX
FLORES,P2,863,11,29,ALL_MORPH_BOUNDARY_GUARD,2,saved_H3_exact_target_token,,NO_REJECTION,True,4,3,2,VA→EF
FLORES,P2,864,9,23,ALL_MORPH_BOUNDARY_GUARD,3,saved_H3_exact_target_token,,NO_REJECTION,True,4,2,1,VA→EC
FLORES,P2,865,5,14,ALL_MORPH_BOUNDARY_GUARD,3,saved_H3_exact_target_token,4.0,AFTER_GUARD,True,4,2,1,NNG→XSN
FLORES,P2,867,0,0,ALL_MORPH_BOUNDARY_GUARD,2,projected_saved_rejected_draft_candidate,2.0,AT_GUARD,True,4,3,2,VA→ETM
FLORES,P2,867,6,17,ALL_MORPH_BOUNDARY_GUARD,2,saved_H3_exact_target_token,,NO_REJECTION,True,4,3,2,XSV→EC
FLORES,P2,867,8,23,ALL_MORPH_BOUNDARY_GUARD,2,saved_H3_exact_target_token,,NO_REJECTION,True,4,3,2,SSO→SL
FLORES,P2,868,3,9,ALL_MORPH_BOUNDARY_GUARD,1,saved_H3_exact_target_token,,NO_REJECTION,True,4,4,3,SO→SL
FLORES,P2,869,14,42,ALL_MORPH_BOUNDARY_GUARD,3,saved_H3_exact_target_token,,NO_REJECTION,True,4,2,1,VA→EF
FLORES,P2,870,6,15,ALL_MORPH_BOUNDARY_GUARD,1,projected_saved_rejected_draft_candidate,1.0,AT_GUARD,True,4,4,3,VA→EF
FLORES,P2,870,7,16,ALL_MORPH_BOUNDARY_GUARD,3,saved_H3_exact_target_token,,NO_REJECTION,True,4,2,1,XSN→JKG
FLORES,P2,871,0,0,ALL_MORPH_BOUNDARY_GUARD,3,saved_H3_exact_target_token,,NO_REJECTION,True,4,2,1,VV→EC
FLORES,P2,871,4,10,ALL_MORPH_BOUNDARY_GUARD,2,saved_H3_exact_target_token,,NO_REJECTION,True,4,3,2,XSN→JX
FLORES,P2,871,10,26,ALL_MORPH_BOUNDARY_GUARD,3,saved_H3_exact_target_token,,NO_REJECTION,True,4,2,1,VA→EF
FLORES,P2,873,8,17,ALL_MORPH_BOUNDARY_GUARD,2,saved_H3_exact_target_token,3.0,AFTER_GUARD,True,4,3,2,XSV→EC
FLORES,P2,873,9,20,ALL_MORPH_BOUNDARY_GUARD,3,saved_H3_exact_target_token,4.0,AFTER_GUARD,True,4,2,1,XSA→EC
FLORES,P2,873,10,24,ALL_MORPH_BOUNDARY_GUARD,1,saved_H3_exact_target_token,3.0,AFTER_GUARD,True,4,4,3,XSN→VCP
FLORES,P2,875,6,15,ALL_MORPH_BOUNDARY_GUARD,1,saved_H3_exact_target_token,3.0,AFTER_GUARD,True,4,4,3,VA→EC
FLORES,P2,875,14,38,ALL_MORPH_BOUNDARY_GUARD,2,saved_H3_exact_target_token,,NO_REJECTION,True,4,3,2,VA→EF
FLORES,P2,876,10,32,ALL_MORPH_BOUNDARY_GUARD,2,projected_saved_rejected_draft_candidate,2.0,AT_GUARD,True,4,3,2,VCP→EC
FLORES,P2,877,5,15,ALL_MORPH_BOUNDARY_GUARD,1,saved_H3_exact_target_token,2.0,AFTER_GUARD,True,4,4,3,JKB→JX
FLORES,P2,878,5,14,NP_BOUNDARY_GUARD,1,saved_H3_exact_target_token,2.0,AFTER_GUARD,True,4,4,3,NNG→JKS
FLORES,P2,878,5,14,ALL_MORPH_BOUNDARY_GUARD,1,saved_H3_exact_target_token,2.0,AFTER_GUARD,True,4,4,3,NNG→JKS
FLORES,P2,878,7,17,ALL_MORPH_BOUNDARY_GUARD,1,projected_saved_rejected_draft_candidate,1.0,AT_GUARD,True,4,4,3,VA→EF
FLORES,P2,878,17,38,ALL_MORPH_BOUNDARY_GUARD,2,saved_H3_exact_target_token,,NO_REJECTION,True,4,3,2,VA→EF
FLORES,P2,879,3,6,ALL_MORPH_BOUNDARY_GUARD,1,projected_saved_rejected_draft_candidate,1.0,AT_GUARD,True,4,4,3,VX→EF
FLORES,P2,880,3,12,ALL_MORPH_BOUNDARY_GUARD,2,saved_H3_exact_target_token,3.0,AFTER_GUARD,True,4,3,2,XSV→EC
FLORES,P2,881,1,1,ALL_MORPH_BOUNDARY_GUARD,1,saved_H3_exact_target_token,2.0,AFTER_GUARD,True,4,4,3,XSN→JKB
FLORES,P2,881,11,23,ALL_MORPH_BOUNDARY_GUARD,2,projected_saved_rejected_draft_candidate,2.0,AT_GUARD,True,4,3,2,XSA→EC
FLORES,P2,882,1,1,ALL_MORPH_BOUNDARY_GUARD,1,saved_H3_exact_target_token,2.0,AFTER_GUARD,True,4,4,3,XSN→JKB
FLORES,P2,883,4,13,ALL_MORPH_BOUNDARY_GUARD,1,projected_saved_rejected_draft_candidate,1.0,AT_GUARD,True,4,4,3,VCP→EF
FLORES,P2,884,3,9,ALL_MORPH_BOUNDARY_GUARD,3,saved_H3_exact_target_token,,NO_REJECTION,True,4,2,1,XSV→ETM
FLORES,P2,884,5,14,ALL_MORPH_BOUNDARY_GUARD,1,saved_H3_exact_target_token,2.0,AFTER_GUARD,True,4,4,3,XSN→JX
FLORES,P2,884,11,30,ALL_MORPH_BOUNDARY_GUARD,2,saved_H3_exact_target_token,,NO_REJECTION,True,4,3,2,VX→EC
FLORES,P2,885,2,7,ALL_MORPH_BOUNDARY_GUARD,2,saved_H3_exact_target_token,3.0,AFTER_GUARD,True,4,3,2,XSV→EC
FLORES,P2,885,5,15,ALL_MORPH_BOUNDARY_GUARD,3,saved_H3_exact_target_token,4.0,AFTER_GUARD,True,4,2,1,XSV→EC
FLORES,P2,885,6,19,ALL_MORPH_BOUNDARY_GUARD,1,saved_H3_exact_target_token,2.0,AFTER_GUARD,True,4,4,3,VV→ETM
FLORES,P2,885,10,33,ALL_MORPH_BOUNDARY_GUARD,1,projected_saved_rejected_draft_candidate,1.0,AT_GUARD,True,4,4,3,XSV→ETM
FLORES,P2,885,13,37,ALL_MORPH_BOUNDARY_GUARD,1,saved_H3_exact_target_token,,NO_REJECTION,True,3,3,2,XSA→EF
FLORES,P2,886,1,4,ALL_MORPH_BOUNDARY_GUARD,2,saved_H3_exact_target_token,,NO_REJECTION,True,4,3,2,XSN→JKS
FLORES,P2,886,5,16,ALL_MORPH_BOUNDARY_GUARD,2,projected_saved_rejected_draft_candidate,2.0,AT_GUARD,True,4,3,2,XSA→EF
FLORES,P2,887,10,22,ALL_MORPH_BOUNDARY_GUARD,2,saved_H3_exact_target_token,,NO_REJECTION,True,4,3,2,EP→EF
FLORES,P2,888,14,28,ALL_MORPH_BOUNDARY_GUARD,1,saved_H3_exact_target_token,3.0,AFTER_GUARD,True,4,4,3,XSN→JKO
FLORES,P2,888,16,33,ALL_MORPH_BOUNDARY_GUARD,1,projected_saved_rejected_draft_candidate,1.0,AT_GUARD,True,4,4,3,VX→ETM
FLORES,P2,888,18,36,ALL_MORPH_BOUNDARY_GUARD,3,saved_H3_exact_target_token,,NO_REJECTION,True,4,2,1,XSV→EC
FLORES,P2,889,6,14,ALL_MORPH_BOUNDARY_GUARD,2,projected_saved_rejected_draft_candidate,2.0,AT_GUARD,True,4,3,2,VV→ETM
FLORES,P2,889,9,22,ALL_MORPH_BOUNDARY_GUARD,1,projected_saved_rejected_draft_candidate,1.0,AT_GUARD,True,4,4,3,XSV→EC
FLORES,P2,889,10,23,NP_BOUNDARY_GUARD,1,projected_saved_rejected_draft_candidate,1.0,AT_GUARD,True,4,4,3,NNB→JKS
FLORES,P2,889,10,23,ALL_MORPH_BOUNDARY_GUARD,1,projected_saved_rejected_draft_candidate,1.0,AT_GUARD,True,4,4,3,NNB→JKS
FLORES,P2,890,11,27,ALL_MORPH_BOUNDARY_GUARD,2,saved_H3_exact_target_token,,NO_REJECTION,True,4,3,2,XSV→EC
FLORES,P2,890,19,55,ALL_MORPH_BOUNDARY_GUARD,2,saved_H3_exact_target_token,,NO_REJECTION,True,4,3,2,VA→EF
FLORES,P2,891,8,22,ALL_MORPH_BOUNDARY_GUARD,2,saved_H3_exact_target_token,3.0,AFTER_GUARD,True,4,3,2,VX→ETM
FLORES,P2,891,10,28,ALL_MORPH_BOUNDARY_GUARD,3,projected_saved_rejected_draft_candidate,3.0,AT_GUARD,True,4,2,1,XSV→EC
FLORES,P2,892,4,12,ALL_MORPH_BOUNDARY_GUARD,1,projected_saved_rejected_draft_candidate,1.0,AT_GUARD,True,4,4,3,VV→ETM
FLORES,P2,892,6,15,ALL_MORPH_BOUNDARY_GUARD,2,saved_H3_exact_target_token,4.0,AFTER_GUARD,True,4,3,2,XSN→JKB
FLORES,P2,893,17,44,ALL_MORPH_BOUNDARY_GUARD,2,saved_H3_exact_target_token,,NO_REJECTION,True,4,3,2,VA→EF
FLORES,P2,894,3,6,ALL_MORPH_BOUNDARY_GUARD,1,projected_saved_rejected_draft_candidate,1.0,AT_GUARD,True,4,4,3,VX→EF
FLORES,P2,894,16,48,ALL_MORPH_BOUNDARY_GUARD,2,saved_H3_exact_target_token,,NO_REJECTION,True,4,3,2,VA→EF
FLORES,P2,895,5,12,ALL_MORPH_BOUNDARY_GUARD,1,saved_H3_exact_target_token,,NO_REJECTION,True,4,4,3,XSN→JKS
FLORES,P2,895,11,32,ALL_MORPH_BOUNDARY_GUARD,2,projected_saved_rejected_draft_candidate,2.0,AT_GUARD,True,4,3,2,VV→EC
FLORES,P2,895,12,34,ALL_MORPH_BOUNDARY_GUARD,3,projected_saved_rejected_draft_candidate,3.0,AT_GUARD,True,4,2,1,XSV→ETN
FLORES,P2,895,13,37,NP_BOUNDARY_GUARD,1,projected_saved_rejected_draft_candidate,1.0,AT_GUARD,True,4,4,3,NNB→JX
FLORES,P2,895,13,37,ALL_MORPH_BOUNDARY_GUARD,1,projected_saved_rejected_draft_candidate,1.0,AT_GUARD,True,4,4,3,NNB→JX
FLORES,P2,895,18,49,ALL_MORPH_BOUNDARY_GUARD,1,saved_H3_exact_target_token,,NO_REJECTION,True,3,3,2,VA→EF
FLORES,P2,896,3,6,ALL_MORPH_BOUNDARY_GUARD,2,projected_saved_rejected_draft_candidate,2.0,AT_GUARD,True,4,3,2,VV→ETM
FLORES,P2,896,9,20,ALL_MORPH_BOUNDARY_GUARD,1,saved_H3_exact_target_token,3.0,AFTER_GUARD,True,4,4,3,XSV→EC
FLORES,P2,897,14,30,ALL_MORPH_BOUNDARY_GUARD,2,projected_saved_rejected_draft_candidate,2.0,AT_GUARD,True,4,3,2,XSV→ETM
FLORES,P2,897,15,32,ALL_MORPH_BOUNDARY_GUARD,1,saved_H3_exact_target_token,,NO_REJECTION,True,4,4,3,XSN→JKS
FLORES,P2,897,17,37,ALL_MORPH_BOUNDARY_GUARD,3,saved_H3_exact_target_token,,NO_REJECTION,True,4,2,1,VX→EP
FLORES,P2,898,0,0,ALL_MORPH_BOUNDARY_GUARD,2,saved_H3_exact_target_token,,NO_REJECTION,True,4,3,2,XSN→JX
FLORES,P2,898,3,9,ALL_MORPH_BOUNDARY_GUARD,1,saved_H3_exact_target_token,3.0,AFTER_GUARD,True,4,4,3,NNG→XSN
FLORES,P2,898,9,20,ALL_MORPH_BOUNDARY_GUARD,1,saved_H3_exact_target_token,3.0,AFTER_GUARD,True,4,4,3,XSA→EC
FLORES,P2,899,5,17,ALL_MORPH_BOUNDARY_GUARD,1,saved_H3_exact_target_token,3.0,AFTER_GUARD,True,3,3,2,SL→SL
FLORES,P2,899,11,36,ALL_MORPH_BOUNDARY_GUARD,3,saved_H3_exact_target_token,,NO_REJECTION,True,4,2,1,XSN→JKB
FLORES,P2,900,4,16,ALL_MORPH_BOUNDARY_GUARD,2,saved_H3_exact_target_token,,NO_REJECTION,True,4,3,2,XSV→ETN
FLORES,P2,900,7,25,ALL_MORPH_BOUNDARY_GUARD,2,saved_H3_exact_target_token,,NO_REJECTION,True,4,3,2,VA→EF
FLORES,P2,901,3,9,ALL_MORPH_BOUNDARY_GUARD,1,saved_H3_exact_target_token,,NO_REJECTION,True,4,4,3,SL→SL
FLORES,P2,902,9,19,ALL_MORPH_BOUNDARY_GUARD,1,projected_saved_rejected_draft_candidate,1.0,AT_GUARD,True,4,4,3,XSV→EC
FLORES,P2,904,6,16,ALL_MORPH_BOUNDARY_GUARD,1,saved_H3_exact_target_token,,NO_REJECTION,True,4,4,3,XSV→EP
FLORES,P2,904,8,24,ALL_MORPH_BOUNDARY_GUARD,1,saved_H3_exact_target_token,,NO_REJECTION,True,4,4,3,XSV→EC
FLORES,P2,904,10,32,ALL_MORPH_BOUNDARY_GUARD,2,saved_H3_exact_target_token,,NO_REJECTION,True,4,3,2,JKB→JX
FLORES,P2,904,13,44,ALL_MORPH_BOUNDARY_GUARD,2,saved_H3_exact_target_token,,NO_REJECTION,True,4,3,2,XSV→EC
FLORES,P2,905,3,6,ALL_MORPH_BOUNDARY_GUARD,1,projected_saved_rejected_draft_candidate,1.0,AT_GUARD,True,4,4,3,VX→EF
FLORES,P2,905,8,22,ALL_MORPH_BOUNDARY_GUARD,1,saved_H3_exact_target_token,,NO_REJECTION,True,4,4,3,SL→SL
FLORES,P2,905,21,62,ALL_MORPH_BOUNDARY_GUARD,2,saved_H3_exact_target_token,,NO_REJECTION,True,4,3,2,SL→SL
FLORES,P2,905,25,78,ALL_MORPH_BOUNDARY_GUARD,1,saved_H3_exact_target_token,2.0,AFTER_GUARD,True,3,3,2,SL→SL
FLORES,P2,905,32,104,ALL_MORPH_BOUNDARY_GUARD,1,saved_H3_exact_target_token,,NO_REJECTION,True,4,4,3,SL→SL
FLORES,P2,906,1,1,ALL_MORPH_BOUNDARY_GUARD,3,saved_H3_exact_target_token,,NO_REJECTION,True,4,2,1,JKB→JX
FLORES,P2,906,7,16,ALL_MORPH_BOUNDARY_GUARD,3,saved_H3_exact_target_token,,NO_REJECTION,True,4,2,1,VV→EF
FLORES,P2,907,7,14,ALL_MORPH_BOUNDARY_GUARD,2,projected_saved_rejected_draft_candidate,2.0,AT_GUARD,True,4,3,2,XSV→EC
FLORES,P2,907,14,33,ALL_MORPH_BOUNDARY_GUARD,2,saved_H3_exact_target_token,,NO_REJECTION,True,4,3,2,VX→EF
FLORES,P2,908,4,8,ALL_MORPH_BOUNDARY_GUARD,1,projected_saved_rejected_draft_candidate,1.0,AT_GUARD,True,4,4,3,XSN→JX
FLORES,P2,909,14,26,ALL_MORPH_BOUNDARY_GUARD,1,projected_saved_rejected_draft_candidate,1.0,AT_GUARD,True,4,4,3,VA→EF
FLORES,P2,909,24,48,ALL_MORPH_BOUNDARY_GUARD,1,saved_H3_exact_target_token,,NO_REJECTION,True,3,3,2,VV→EF
FLORES,P2,910,2,2,ALL_MORPH_BOUNDARY_GUARD,2,projected_saved_rejected_draft_candidate,2.0,AT_GUARD,True,4,3,2,JKB→JX
FLORES,P2,910,10,26,ALL_MORPH_BOUNDARY_GUARD,3,saved_H3_exact_target_token,,NO_REJECTION,True,4,2,1,VA→EF
FLORES,P2,911,17,51,ALL_MORPH_BOUNDARY_GUARD,2,saved_H3_exact_target_token,,NO_REJECTION,True,4,3,2,VA→EF
FLORES,P2,912,10,27,ALL_MORPH_BOUNDARY_GUARD,1,saved_H3_exact_target_token,,NO_REJECTION,True,4,4,3,XSN→JKB
FLORES,P2,913,7,17,NP_BOUNDARY_GUARD,1,projected_saved_rejected_draft_candidate,1.0,AT_GUARD,True,4,4,3,NNG→JKS
FLORES,P2,913,7,17,ALL_MORPH_BOUNDARY_GUARD,1,projected_saved_rejected_draft_candidate,1.0,AT_GUARD,True,4,4,3,NNG→JKS
FLORES,P2,913,9,22,ALL_MORPH_BOUNDARY_GUARD,1,saved_H3_exact_target_token,4.0,AFTER_GUARD,True,4,4,3,XSV→ETM
FLORES,P2,913,12,31,ALL_MORPH_BOUNDARY_GUARD,3,saved_H3_exact_target_token,,NO_REJECTION,True,4,2,1,VA→EF
FLORES,P2,914,4,10,ALL_MORPH_BOUNDARY_GUARD,1,saved_H3_exact_target_token,2.0,AFTER_GUARD,True,4,4,3,VX→ETM
FLORES,P2,914,10,24,ALL_MORPH_BOUNDARY_GUARD,1,saved_H3_exact_target_token,4.0,AFTER_GUARD,True,4,4,3,NNG→XSN
FLORES,P2,915,2,8,NP_BOUNDARY_GUARD,3,saved_H3_exact_target_token,4.0,AFTER_GUARD,True,4,2,1,NNG→JKS
FLORES,P2,915,2,8,ALL_MORPH_BOUNDARY_GUARD,1,saved_H3_exact_target_token,4.0,AFTER_GUARD,True,4,4,3,XSN→JKB
FLORES,P2,915,4,16,ALL_MORPH_BOUNDARY_GUARD,3,saved_H3_exact_target_token,,NO_REJECTION,True,4,2,1,XSV→ETN
FLORES,P2,915,11,33,ALL_MORPH_BOUNDARY_GUARD,3,projected_saved_rejected_draft_candidate,3.0,AT_GUARD,True,4,2,1,VA→EC
FLORES,P2,915,17,44,ALL_MORPH_BOUNDARY_GUARD,2,saved_H3_exact_target_token,4.0,AFTER_GUARD,True,4,3,2,XSV→EC
FLORES,P2,916,0,0,ALL_MORPH_BOUNDARY_GUARD,1,projected_saved_rejected_draft_candidate,1.0,AT_GUARD,True,4,4,3,VA→ETM
FLORES,P2,916,7,12,ALL_MORPH_BOUNDARY_GUARD,2,projected_saved_rejected_draft_candidate,2.0,AT_GUARD,True,4,3,2,XSV→EC
FLORES,P2,917,0,0,ALL_MORPH_BOUNDARY_GUARD,2,saved_H3_exact_target_token,,NO_REJECTION,True,4,3,2,XSN→JKB
FLORES,P2,917,6,17,ALL_MORPH_BOUNDARY_GUARD,1,projected_saved_rejected_draft_candidate,1.0,AT_GUARD,True,3,3,2,VA→EF
FLORES,P2,918,13,31,ALL_MORPH_BOUNDARY_GUARD,1,projected_saved_rejected_draft_candidate,1.0,AT_GUARD,True,4,4,3,VA→ETM
FLORES,P2,918,15,36,ALL_MORPH_BOUNDARY_GUARD,3,projected_saved_rejected_draft_candidate,3.0,AT_GUARD,True,4,2,1,VA→EF
FLORES,P2,918,16,39,ALL_MORPH_BOUNDARY_GUARD,1,saved_H3_exact_target_token,,NO_REJECTION,True,3,3,2,VX→EF
FLORES,P2,919,3,6,ALL_MORPH_BOUNDARY_GUARD,1,projected_saved_rejected_draft_candidate,1.0,AT_GUARD,True,4,4,3,VX→EF
FLORES,P2,919,7,16,NP_BOUNDARY_GUARD,1,projected_saved_rejected_draft_candidate,1.0,AT_GUARD,True,4,4,3,NNG→JKO
FLORES,P2,919,7,16,ALL_MORPH_BOUNDARY_GUARD,1,projected_saved_rejected_draft_candidate,1.0,AT_GUARD,True,4,4,3,NNG→JKO
FLORES,P2,919,15,33,ALL_MORPH_BOUNDARY_GUARD,1,saved_H3_exact_target_token,2.0,AFTER_GUARD,True,4,4,3,JKB→JX
FLORES,P2,919,20,43,ALL_MORPH_BOUNDARY_GUARD,1,saved_H3_exact_target_token,2.0,AFTER_GUARD,True,3,3,2,VX→EF
FLORES,P2,919,28,63,NP_BOUNDARY_GUARD,2,projected_saved_rejected_draft_candidate,2.0,AT_GUARD,True,4,3,2,NNB→JKB
FLORES,P2,919,28,63,ALL_MORPH_BOUNDARY_GUARD,2,projected_saved_rejected_draft_candidate,2.0,AT_GUARD,True,4,3,2,NNB→JKB
FLORES,P2,919,29,65,ALL_MORPH_BOUNDARY_GUARD,1,saved_H3_exact_target_token,3.0,AFTER_GUARD,True,4,4,3,VA→EF
FLORES,P2,919,47,111,ALL_MORPH_BOUNDARY_GUARD,2,saved_H3_exact_target_token,,NO_REJECTION,True,4,3,2,XSV→ETM
FLORES,P2,920,7,25,ALL_MORPH_BOUNDARY_GUARD,3,saved_H3_exact_target_token,,NO_REJECTION,True,4,2,1,SL→SL
FLORES,P2,921,6,11,ALL_MORPH_BOUNDARY_GUARD,3,projected_saved_rejected_draft_candidate,3.0,AT_GUARD,True,4,2,1,VCP→EC
FLORES,P2,922,4,16,ALL_MORPH_BOUNDARY_GUARD,3,projected_saved_rejected_draft_candidate,3.0,AT_GUARD,True,4,2,1,VA→ETM
FLORES,P2,922,7,23,ALL_MORPH_BOUNDARY_GUARD,3,saved_H3_exact_target_token,4.0,AFTER_GUARD,True,4,2,1,JKB→JX
FLORES,P2,922,9,31,ALL_MORPH_BOUNDARY_GUARD,2,projected_saved_rejected_draft_candidate,2.0,AT_GUARD,True,4,3,2,XSA→EF
FLORES,P2,922,13,42,ALL_MORPH_BOUNDARY_GUARD,2,saved_H3_exact_target_token,3.0,AFTER_GUARD,True,4,3,2,JKB→JX
FLORES,P2,922,17,54,ALL_MORPH_BOUNDARY_GUARD,1,saved_H3_exact_target_token,,NO_REJECTION,True,2,2,1,SSC→SF
FLORES,P2,925,7,24,ALL_MORPH_BOUNDARY_GUARD,3,projected_saved_rejected_draft_candidate,3.0,AT_GUARD,True,4,2,1,SSC→SF
FLORES,P2,925,17,48,NP_BOUNDARY_GUARD,1,saved_H3_exact_target_token,3.0,AFTER_GUARD,True,4,4,3,NNG→JKO
FLORES,P2,925,17,48,ALL_MORPH_BOUNDARY_GUARD,1,saved_H3_exact_target_token,3.0,AFTER_GUARD,True,4,4,3,NNG→JKO
FLORES,P2,925,20,59,ALL_MORPH_BOUNDARY_GUARD,2,saved_H3_exact_target_token,,NO_REJECTION,True,3,2,1,SSC→SF
FLORES,P2,926,3,9,ALL_MORPH_BOUNDARY_GUARD,3,saved_H3_exact_target_token,,NO_REJECTION,True,4,2,1,SL→SL
FLORES,P2,926,11,41,ALL_MORPH_BOUNDARY_GUARD,2,saved_H3_exact_target_token,,NO_REJECTION,True,4,3,2,SL→SL
FLORES,P2,927,3,5,ALL_MORPH_BOUNDARY_GUARD,1,saved_H3_exact_target_token,4.0,AFTER_GUARD,True,4,4,3,XSV→ETM
FLORES,P2,927,9,20,ALL_MORPH_BOUNDARY_GUARD,1,projected_saved_rejected_draft_candidate,1.0,AT_GUARD,True,4,4,3,VV→ETM
FLORES,P2,927,18,40,ALL_MORPH_BOUNDARY_GUARD,3,projected_saved_rejected_draft_candidate,3.0,AT_GUARD,True,4,2,1,NNG→XSN
FLORES,P2,928,0,0,NP_BOUNDARY_GUARD,1,projected_saved_rejected_draft_candidate,1.0,AT_GUARD,True,4,4,3,NP→JX
FLORES,P2,928,0,0,ALL_MORPH_BOUNDARY_GUARD,1,projected_saved_rejected_draft_candidate,1.0,AT_GUARD,True,4,4,3,NP→JX
FLORES,P2,929,10,31,ALL_MORPH_BOUNDARY_GUARD,3,saved_H3_exact_target_token,,NO_REJECTION,True,4,2,1,SL→SL
FLORES,P2,931,1,2,ALL_MORPH_BOUNDARY_GUARD,2,saved_H3_exact_target_token,4.0,AFTER_GUARD,True,4,3,2,JKB→JX
FLORES,P2,931,2,6,ALL_MORPH_BOUNDARY_GUARD,2,saved_H3_exact_target_token,,NO_REJECTION,True,4,3,2,XSN→JKS
FLORES,P2,931,3,10,NP_BOUNDARY_GUARD,2,saved_H3_exact_target_token,4.0,AFTER_GUARD,True,4,3,2,NNG→JKO
FLORES,P2,931,3,10,ALL_MORPH_BOUNDARY_GUARD,2,saved_H3_exact_target_token,4.0,AFTER_GUARD,True,4,3,2,NNG→JKO
FLORES,P2,931,5,18,ALL_MORPH_BOUNDARY_GUARD,3,projected_saved_rejected_draft_candidate,3.0,AT_GUARD,True,4,2,1,VA→ETM
FLORES,P2,932,6,16,ALL_MORPH_BOUNDARY_GUARD,1,saved_H3_exact_target_token,2.0,AFTER_GUARD,True,4,4,3,JKB→JX
FLORES,P2,934,4,11,ALL_MORPH_BOUNDARY_GUARD,3,saved_H3_exact_target_token,,NO_REJECTION,True,4,2,1,XSV→ETM
FLORES,P2,934,19,50,ALL_MORPH_BOUNDARY_GUARD,2,saved_H3_exact_target_token,,NO_REJECTION,True,3,2,1,SSC→SF
FLORES,P2,935,4,6,ALL_MORPH_BOUNDARY_GUARD,2,saved_H3_exact_target_token,,NO_REJECTION,True,4,3,2,VA→EC
FLORES,P2,936,0,0,ALL_MORPH_BOUNDARY_GUARD,2,saved_H3_exact_target_token,,NO_REJECTION,True,4,3,2,XSN→JKB
FLORES,P2,937,0,0,NP_BOUNDARY_GUARD,3,saved_H3_exact_target_token,4.0,AFTER_GUARD,True,4,2,1,NNG→JX
FLORES,P2,937,0,0,ALL_MORPH_BOUNDARY_GUARD,3,saved_H3_exact_target_token,4.0,AFTER_GUARD,True,4,2,1,NNG→JX
FLORES,P2,938,4,9,ALL_MORPH_BOUNDARY_GUARD,3,projected_saved_rejected_draft_candidate,3.0,AT_GUARD,True,4,2,1,VCP→EC
FLORES,P2,940,6,18,ALL_MORPH_BOUNDARY_GUARD,1,projected_saved_rejected_draft_candidate,1.0,AT_GUARD,True,4,4,3,VA→ETM
FLORES,P2,940,19,55,ALL_MORPH_BOUNDARY_GUARD,3,saved_H3_exact_target_token,,NO_REJECTION,True,4,2,1,VX→EC
FLORES,P2,940,22,66,ALL_MORPH_BOUNDARY_GUARD,2,saved_H3_exact_target_token,3.0,AFTER_GUARD,True,4,3,2,XSV→EC
FLORES,P2,941,11,22,ALL_MORPH_BOUNDARY_GUARD,1,saved_H3_exact_target_token,,NO_REJECTION,True,4,4,3,JKB→JX
FLORES,P2,944,13,33,ALL_MORPH_BOUNDARY_GUARD,1,saved_H3_exact_target_token,3.0,AFTER_GUARD,True,4,4,3,XSV→EC
FLORES,P2,945,30,82,NP_BOUNDARY_GUARD,2,projected_saved_rejected_draft_candidate,2.0,AT_GUARD,True,4,3,2,NNG→JKO
FLORES,P2,945,30,82,ALL_MORPH_BOUNDARY_GUARD,2,projected_saved_rejected_draft_candidate,2.0,AT_GUARD,True,4,3,2,NNG→JKO
FLORES,P2,945,31,84,ALL_MORPH_BOUNDARY_GUARD,2,projected_saved_rejected_draft_candidate,2.0,AT_GUARD,True,4,3,2,VA→EF
FLORES,P2,947,1,4,ALL_MORPH_BOUNDARY_GUARD,1,saved_H3_exact_target_token,2.0,AFTER_GUARD,True,4,4,3,JKB→JX
FLORES,P2,947,10,26,ALL_MORPH_BOUNDARY_GUARD,2,saved_H3_exact_target_token,,NO_REJECTION,True,4,3,2,VV→EF
FLORES,P2,948,1,1,ALL_MORPH_BOUNDARY_GUARD,1,saved_H3_exact_target_token,,NO_REJECTION,True,4,4,3,SS→SL
FLORES,P2,948,3,9,ALL_MORPH_BOUNDARY_GUARD,3,saved_H3_exact_target_token,,NO_REJECTION,True,4,2,1,SL→SL
FLORES,P2,949,4,6,ALL_MORPH_BOUNDARY_GUARD,1,projected_saved_rejected_draft_candidate,1.0,AT_GUARD,True,4,4,3,VA-I→EC
FLORES,P2,949,7,14,ALL_MORPH_BOUNDARY_GUARD,3,projected_saved_rejected_draft_candidate,3.0,AT_GUARD,True,4,2,1,VA→EF
FLORES,P2,950,8,15,ALL_MORPH_BOUNDARY_GUARD,2,saved_H3_exact_target_token,4.0,AFTER_GUARD,True,4,3,2,XSN→JKB
FLORES,P2,950,11,23,ALL_MORPH_BOUNDARY_GUARD,2,projected_saved_rejected_draft_candidate,2.0,AT_GUARD,True,4,3,2,XSV→EC
FLORES,P2,951,4,8,ALL_MORPH_BOUNDARY_GUARD,1,saved_H3_exact_target_token,,NO_REJECTION,True,4,4,3,XSN→JKB
FLORES,P2,951,14,33,ALL_MORPH_BOUNDARY_GUARD,3,saved_H3_exact_target_token,,NO_REJECTION,True,4,2,1,VA→EF
FLORES,P2,952,9,33,ALL_MORPH_BOUNDARY_GUARD,1,saved_H3_exact_target_token,,NO_REJECTION,True,4,4,3,SS→SL
FLORES,P2,953,2,5,ALL_MORPH_BOUNDARY_GUARD,1,projected_saved_rejected_draft_candidate,1.0,AT_GUARD,True,4,4,3,VV→EF
FLORES,P2,953,4,8,ALL_MORPH_BOUNDARY_GUARD,2,projected_saved_rejected_draft_candidate,2.0,AT_GUARD,True,4,3,2,VA→ETM
FLORES,P2,953,5,10,ALL_MORPH_BOUNDARY_GUARD,3,saved_H3_exact_target_token,,NO_REJECTION,True,4,2,1,XSN→JKS
FLORES,P2,953,6,14,ALL_MORPH_BOUNDARY_GUARD,2,saved_H3_exact_target_token,4.0,AFTER_GUARD,True,4,3,2,VX→EC
FLORES,P2,953,11,29,ALL_MORPH_BOUNDARY_GUARD,1,projected_saved_rejected_draft_candidate,1.0,AT_GUARD,True,4,4,3,XSN→JKS
FLORES,P2,953,15,34,ALL_MORPH_BOUNDARY_GUARD,2,saved_H3_exact_target_token,,NO_REJECTION,True,4,3,2,XSN→JKO
FLORES,P2,954,4,13,ALL_MORPH_BOUNDARY_GUARD,3,saved_H3_exact_target_token,,NO_REJECTION,True,4,2,1,SL→SL
FLORES,P2,955,6,16,ALL_MORPH_BOUNDARY_GUARD,2,projected_saved_rejected_draft_candidate,2.0,AT_GUARD,True,4,3,2,XSV→EC
FLORES,P2,956,14,39,ALL_MORPH_BOUNDARY_GUARD,1,saved_H3_exact_target_token,4.0,AFTER_GUARD,True,4,4,3,XSV→EC
FLORES,P2,956,15,43,ALL_MORPH_BOUNDARY_GUARD,2,saved_H3_exact_target_token,,NO_REJECTION,True,4,3,2,XSV→EC
FLORES,P2,956,18,55,ALL_MORPH_BOUNDARY_GUARD,3,saved_H3_exact_target_token,,NO_REJECTION,True,4,2,1,VX→EF
FLORES,P2,957,5,17,ALL_MORPH_BOUNDARY_GUARD,3,saved_H3_exact_target_token,,NO_REJECTION,True,4,2,1,SL→SL
FLORES,P2,958,4,10,ALL_MORPH_BOUNDARY_GUARD,3,saved_H3_exact_target_token,,NO_REJECTION,True,4,2,1,SL→SL
FLORES,P2,960,2,5,ALL_MORPH_BOUNDARY_GUARD,1,projected_saved_rejected_draft_candidate,1.0,AT_GUARD,True,4,4,3,XSN→JKG
FLORES,P2,960,7,11,ALL_MORPH_BOUNDARY_GUARD,2,saved_H3_exact_target_token,,NO_REJECTION,True,4,3,2,XSA→EC
FLORES,P2,960,9,19,ALL_MORPH_BOUNDARY_GUARD,2,projected_saved_rejected_draft_candidate,2.0,AT_GUARD,True,4,3,2,VCP→ETM
FLORES,P2,961,5,12,ALL_MORPH_BOUNDARY_GUARD,2,saved_H3_exact_target_token,,NO_REJECTION,True,4,3,2,VA→EC
FLORES,P2,961,8,22,ALL_MORPH_BOUNDARY_GUARD,2,saved_H3_exact_target_token,,NO_REJECTION,True,4,3,2,XSA→EC
FLORES,P2,961,11,31,ALL_MORPH_BOUNDARY_GUARD,1,saved_H3_exact_target_token,,NO_REJECTION,True,4,4,3,VA→EC
FLORES,P2,961,18,51,ALL_MORPH_BOUNDARY_GUARD,1,projected_saved_rejected_draft_candidate,1.0,AT_GUARD,True,4,4,3,VV→EC
FLORES,P2,961,19,52,ALL_MORPH_BOUNDARY_GUARD,3,projected_saved_rejected_draft_candidate,3.0,AT_GUARD,True,4,2,1,VA→ETM
FLORES,P2,961,26,73,ALL_MORPH_BOUNDARY_GUARD,2,projected_saved_rejected_draft_candidate,2.0,AT_GUARD,True,4,3,2,XSV→ETM
FLORES,P2,961,30,84,ALL_MORPH_BOUNDARY_GUARD,1,projected_saved_rejected_draft_candidate,1.0,AT_GUARD,True,4,4,3,SF→SSC
FLORES,P2,962,6,16,ALL_MORPH_BOUNDARY_GUARD,1,saved_H3_exact_target_token,,NO_REJECTION,True,4,4,3,XSN→JKG
FLORES,P2,963,15,45,ALL_MORPH_BOUNDARY_GUARD,2,saved_H3_exact_target_token,,NO_REJECTION,True,4,3,2,VX→EC
FLORES,P2,964,7,25,ALL_MORPH_BOUNDARY_GUARD,1,saved_H3_exact_target_token,3.0,AFTER_GUARD,True,3,3,2,SL→SL
FLORES,P2,964,23,69,ALL_MORPH_BOUNDARY_GUARD,3,saved_H3_exact_target_token,,NO_REJECTION,True,4,2,1,XSN→JKO
FLORES,P2,964,24,73,ALL_MORPH_BOUNDARY_GUARD,1,saved_H3_exact_target_token,,NO_REJECTION,True,3,3,2,VX→EF
FLORES,P2,967,12,37,ALL_MORPH_BOUNDARY_GUARD,1,projected_saved_rejected_draft_candidate,1.0,AT_GUARD,True,4,4,3,XSN→JX
FLORES,P2,968,2,6,ALL_MORPH_BOUNDARY_GUARD,1,projected_saved_rejected_draft_candidate,1.0,AT_GUARD,True,4,4,3,XSV→EF
FLORES,P2,968,11,23,NP_BOUNDARY_GUARD,3,projected_saved_rejected_draft_candidate,3.0,AT_GUARD,True,4,2,1,NNB→JKO
FLORES,P2,968,11,23,ALL_MORPH_BOUNDARY_GUARD,3,projected_saved_rejected_draft_candidate,3.0,AT_GUARD,True,4,2,1,NNB→JKO
FLORES,P2,968,21,46,ALL_MORPH_BOUNDARY_GUARD,3,saved_H3_exact_target_token,,NO_REJECTION,True,4,2,1,VA→EF
FLORES,P2,969,5,11,ALL_MORPH_BOUNDARY_GUARD,1,projected_saved_rejected_draft_candidate,1.0,AT_GUARD,True,4,4,3,VV→ETM
FLORES,P2,970,5,13,ALL_MORPH_BOUNDARY_GUARD,3,saved_H3_exact_target_token,,NO_REJECTION,True,4,2,1,VA→EC
FLORES,P2,970,7,18,ALL_MORPH_BOUNDARY_GUARD,3,projected_saved_rejected_draft_candidate,3.0,AT_GUARD,True,4,2,1,XSN→JX
FLORES,P2,970,18,44,ALL_MORPH_BOUNDARY_GUARD,2,saved_H3_exact_target_token,,NO_REJECTION,True,4,3,2,VA→EF
FLORES,P2,971,14,39,ALL_MORPH_BOUNDARY_GUARD,2,projected_saved_rejected_draft_candidate,2.0,AT_GUARD,True,4,3,2,VV→EC
FLORES,P2,972,3,6,ALL_MORPH_BOUNDARY_GUARD,1,projected_saved_rejected_draft_candidate,1.0,AT_GUARD,True,4,4,3,VX→EF
FLORES,P2,974,4,10,ALL_MORPH_BOUNDARY_GUARD,1,saved_H3_exact_target_token,,NO_REJECTION,True,4,4,3,XSV→ETM
FLORES,P2,975,6,10,ALL_MORPH_BOUNDARY_GUARD,1,projected_saved_rejected_draft_candidate,1.0,AT_GUARD,True,4,4,3,VA→EC
FLORES,P2,975,10,17,ALL_MORPH_BOUNDARY_GUARD,1,projected_saved_rejected_draft_candidate,1.0,AT_GUARD,True,4,4,3,XSN→JKB
FLORES,P2,975,25,56,NP_BOUNDARY_GUARD,2,projected_saved_rejected_draft_candidate,2.0,AT_GUARD,True,4,3,2,NNG→JKS
FLORES,P2,975,25,56,ALL_MORPH_BOUNDARY_GUARD,2,projected_saved_rejected_draft_candidate,2.0,AT_GUARD,True,4,3,2,NNG→JKS
FLORES,P2,975,30,65,ALL_MORPH_BOUNDARY_GUARD,2,saved_H3_exact_target_token,,NO_REJECTION,True,4,3,2,VA→EF
FLORES,P2,976,4,10,ALL_MORPH_BOUNDARY_GUARD,2,saved_H3_exact_target_token,3.0,AFTER_GUARD,True,4,3,2,XSN→JKB
FLORES,P2,978,4,11,NP_BOUNDARY_GUARD,1,projected_saved_rejected_draft_candidate,1.0,AT_GUARD,True,4,4,3,NNB→JKS
FLORES,P2,978,4,11,ALL_MORPH_BOUNDARY_GUARD,1,projected_saved_rejected_draft_candidate,1.0,AT_GUARD,True,4,4,3,NNB→JKS
FLORES,P2,978,5,12,ALL_MORPH_BOUNDARY_GUARD,2,saved_H3_exact_target_token,,NO_REJECTION,True,4,3,2,XSV→EF
FLORES,P2,978,7,19,ALL_MORPH_BOUNDARY_GUARD,1,projected_saved_rejected_draft_candidate,1.0,AT_GUARD,True,4,4,3,XSV→ETM
FLORES,P2,978,10,23,ALL_MORPH_BOUNDARY_GUARD,2,saved_H3_exact_target_token,,NO_REJECTION,True,4,3,2,XSV→EC
FLORES,P2,978,13,31,NP_BOUNDARY_GUARD,1,projected_saved_rejected_draft_candidate,1.0,AT_GUARD,True,4,4,3,NNG→JX
FLORES,P2,978,13,31,ALL_MORPH_BOUNDARY_GUARD,1,projected_saved_rejected_draft_candidate,1.0,AT_GUARD,True,4,4,3,NNG→JX
FLORES,P2,979,2,7,ALL_MORPH_BOUNDARY_GUARD,2,saved_H3_exact_target_token,3.0,AFTER_GUARD,True,4,3,2,XSN→JKB
FLORES,P2,979,5,15,ALL_MORPH_BOUNDARY_GUARD,2,saved_H3_exact_target_token,,NO_REJECTION,True,4,3,2,VX→EC
FLORES,P2,979,8,24,ALL_MORPH_BOUNDARY_GUARD,3,saved_H3_exact_target_token,,NO_REJECTION,True,4,2,1,VX→EF
FLORES,P2,980,7,17,ALL_MORPH_BOUNDARY_GUARD,2,projected_saved_rejected_draft_candidate,2.0,AT_GUARD,True,4,3,2,VA→ETM
FLORES,P2,980,12,29,ALL_MORPH_BOUNDARY_GUARD,1,saved_H3_exact_target_token,,NO_REJECTION,True,3,3,2,VA→EF
FLORES,P2,981,1,1,ALL_MORPH_BOUNDARY_GUARD,1,projected_saved_rejected_draft_candidate,1.0,AT_GUARD,True,4,4,3,VCP→EC
FLORES,P2,982,5,9,ALL_MORPH_BOUNDARY_GUARD,3,saved_H3_exact_target_token,4.0,AFTER_GUARD,True,4,2,1,XSN→JX
FLORES,P2,982,11,26,ALL_MORPH_BOUNDARY_GUARD,1,saved_H3_exact_target_token,2.0,AFTER_GUARD,True,4,4,3,XSV→EC
FLORES,P2,982,14,36,ALL_MORPH_BOUNDARY_GUARD,1,saved_H3_exact_target_token,3.0,AFTER_GUARD,True,4,4,3,VA→EC
FLORES,P2,983,1,1,ALL_MORPH_BOUNDARY_GUARD,1,saved_H3_exact_target_token,,NO_REJECTION,True,4,4,3,SO→SL
FLORES,P2,983,5,17,ALL_MORPH_BOUNDARY_GUARD,2,saved_H3_exact_target_token,,NO_REJECTION,True,4,3,2,SL→SL
FLORES,P2,984,0,0,ALL_MORPH_BOUNDARY_GUARD,2,projected_saved_rejected_draft_candidate,2.0,AT_GUARD,True,4,3,2,XSN→JKG
FLORES,P2,984,10,25,ALL_MORPH_BOUNDARY_GUARD,1,saved_H3_exact_target_token,2.0,AFTER_GUARD,True,4,4,3,XSN→JX
FLORES,P2,984,21,58,ALL_MORPH_BOUNDARY_GUARD,1,saved_H3_exact_target_token,,NO_REJECTION,True,3,3,2,VA→EF
FLORES,P2,987,2,6,ALL_MORPH_BOUNDARY_GUARD,3,saved_H3_exact_target_token,,NO_REJECTION,True,4,2,1,XSV→ETM
FLORES,P2,988,0,0,ALL_MORPH_BOUNDARY_GUARD,2,saved_H3_exact_target_token,3.0,AFTER_GUARD,True,4,3,2,JKB→JX
FLORES,P2,989,10,27,NP_BOUNDARY_GUARD,1,projected_saved_rejected_draft_candidate,1.0,AT_GUARD,True,4,4,3,NNB→JKO
FLORES,P2,989,10,27,ALL_MORPH_BOUNDARY_GUARD,1,projected_saved_rejected_draft_candidate,1.0,AT_GUARD,True,4,4,3,NNB→JKO
FLORES,P2,990,1,1,ALL_MORPH_BOUNDARY_GUARD,2,saved_H3_exact_target_token,3.0,AFTER_GUARD,True,4,3,2,XSN→JKB
FLORES,P2,991,12,32,ALL_MORPH_BOUNDARY_GUARD,3,saved_H3_exact_target_token,,NO_REJECTION,True,4,2,1,VA→EF
FLORES,P2,992,15,27,ALL_MORPH_BOUNDARY_GUARD,1,saved_H3_exact_target_token,2.0,AFTER_GUARD,True,4,4,3,VV→ETM
FLORES,P2,993,16,33,ALL_MORPH_BOUNDARY_GUARD,2,saved_H3_exact_target_token,,NO_REJECTION,True,4,3,2,XSN→JKG
FLORES,P2,993,17,37,ALL_MORPH_BOUNDARY_GUARD,1,projected_saved_rejected_draft_candidate,1.0,AT_GUARD,True,4,4,3,XSN→JKG
FLORES,P2,994,2,8,NP_BOUNDARY_GUARD,2,projected_saved_rejected_draft_candidate,2.0,AT_GUARD,True,4,3,2,NNB→JKO
FLORES,P2,994,2,8,ALL_MORPH_BOUNDARY_GUARD,2,projected_saved_rejected_draft_candidate,2.0,AT_GUARD,True,4,3,2,NNB→JKO
FLORES,P2,994,18,46,ALL_MORPH_BOUNDARY_GUARD,2,saved_H3_exact_target_token,,NO_REJECTION,True,4,3,2,XSV→EF
FLORES,P2,995,5,19,ALL_MORPH_BOUNDARY_GUARD,1,saved_H3_exact_target_token,,NO_REJECTION,True,3,3,2,VA→EF
FLORES,P2,996,10,19,ALL_MORPH_BOUNDARY_GUARD,2,saved_H3_exact_target_token,3.0,AFTER_GUARD,True,4,3,2,XSV→EC
FLORES,P2,996,24,55,NP_BOUNDARY_GUARD,1,projected_saved_rejected_draft_candidate,1.0,AT_GUARD,True,4,4,3,NNB→JKG
FLORES,P2,996,24,55,ALL_MORPH_BOUNDARY_GUARD,1,projected_saved_rejected_draft_candidate,1.0,AT_GUARD,True,4,4,3,NNB→JKG
FLORES,P2,997,3,9,ALL_MORPH_BOUNDARY_GUARD,1,saved_H3_exact_target_token,,NO_REJECTION,True,3,3,2,SL→SL
FLORES,P2,998,8,24,ALL_MORPH_BOUNDARY_GUARD,3,saved_H3_exact_target_token,4.0,AFTER_GUARD,True,4,2,1,XSV→ETM
FLORES,P2,999,0,0,ALL_MORPH_BOUNDARY_GUARD,1,projected_saved_rejected_draft_candidate,1.0,AT_GUARD,True,4,4,3,VA→ETM
FLORES,P2,999,4,13,ALL_MORPH_BOUNDARY_GUARD,1,saved_H3_exact_target_token,,NO_REJECTION,True,4,4,3,SO→SL
FLORES,P2,1000,1,1,ALL_MORPH_BOUNDARY_GUARD,1,saved_H3_exact_target_token,,NO_REJECTION,True,4,4,3,SS→SL
FLORES,P2,1000,5,17,ALL_MORPH_BOUNDARY_GUARD,1,saved_H3_exact_target_token,3.0,AFTER_GUARD,True,3,3,2,SL→SL
FLORES,P2,1000,20,52,ALL_MORPH_BOUNDARY_GUARD,1,saved_H3_exact_target_token,,NO_REJECTION,True,3,3,2,VV→EF
FLORES,P2,1001,1,4,ALL_MORPH_BOUNDARY_GUARD,2,projected_saved_rejected_draft_candidate,2.0,AT_GUARD,True,4,3,2,JKB→JX
FLORES,P2,1001,7,17,ALL_MORPH_BOUNDARY_GUARD,1,projected_saved_rejected_draft_candidate,1.0,AT_GUARD,True,4,4,3,VA→EF
FLORES,P2,1001,14,31,ALL_MORPH_BOUNDARY_GUARD,1,projected_saved_rejected_draft_candidate,1.0,AT_GUARD,True,4,4,3,XSV→EF
FLORES,P2,1001,21,45,ALL_MORPH_BOUNDARY_GUARD,1,saved_H3_exact_target_token,,NO_REJECTION,True,3,3,2,VA→EF
FLORES,P2,1002,19,41,ALL_MORPH_BOUNDARY_GUARD,2,saved_H3_exact_target_token,4.0,AFTER_GUARD,True,4,3,2,XSV→ETN
FLORES,P2,1002,27,63,ALL_MORPH_BOUNDARY_GUARD,1,projected_saved_rejected_draft_candidate,1.0,AT_GUARD,True,4,4,3,XSV→ETM
FLORES,P2,1004,4,12,ALL_MORPH_BOUNDARY_GUARD,2,saved_H3_exact_target_token,3.0,AFTER_GUARD,True,4,3,2,XSN→JX
FLORES,P2,1004,6,18,ALL_MORPH_BOUNDARY_GUARD,3,projected_saved_rejected_draft_candidate,3.0,AT_GUARD,True,4,2,1,XSV→EF
FLORES,P2,1004,19,48,ALL_MORPH_BOUNDARY_GUARD,1,projected_saved_rejected_draft_candidate,1.0,AT_GUARD,True,3,3,2,EP→EC
FLORES,P2,1005,9,24,ALL_MORPH_BOUNDARY_GUARD,2,saved_H3_exact_target_token,3.0,AFTER_GUARD,True,4,3,2,XSN→JX
FLORES,P2,1005,14,43,ALL_MORPH_BOUNDARY_GUARD,2,projected_saved_rejected_draft_candidate,2.0,AT_GUARD,True,4,3,2,EP→EF
FLORES,P2,1005,15,45,ALL_MORPH_BOUNDARY_GUARD,1,projected_saved_rejected_draft_candidate,1.0,AT_GUARD,True,4,4,3,XSV→EC
FLORES,P2,1008,6,15,ALL_MORPH_BOUNDARY_GUARD,1,saved_H3_exact_target_token,2.0,AFTER_GUARD,True,4,4,3,XSN→JKB
FLORES,P2,1008,8,21,NP_BOUNDARY_GUARD,1,saved_H3_exact_target_token,2.0,AFTER_GUARD,True,4,4,3,NNB→JKB
FLORES,P2,1008,8,21,ALL_MORPH_BOUNDARY_GUARD,1,saved_H3_exact_target_token,2.0,AFTER_GUARD,True,4,4,3,NNB→JKB
FLORES,P2,1009,4,10,ALL_MORPH_BOUNDARY_GUARD,2,saved_H3_exact_target_token,,NO_REJECTION,True,4,3,2,XSN→JKS
FLORES,P2,1009,8,19,ALL_MORPH_BOUNDARY_GUARD,3,saved_H3_exact_target_token,4.0,AFTER_GUARD,True,4,2,1,VCP→EC
FLORES,P2,1010,5,14,ALL_MORPH_BOUNDARY_GUARD,1,saved_H3_exact_target_token,,NO_REJECTION,True,4,4,3,VCP→EC
FLORES,P2,1010,6,18,ALL_MORPH_BOUNDARY_GUARD,1,saved_H3_exact_target_token,,NO_REJECTION,True,4,4,3,XSN→JX
FLORES,P2,1011,3,8,ALL_MORPH_BOUNDARY_GUARD,1,saved_H3_exact_target_token,,NO_REJECTION,True,4,4,3,XSA→EC
FLORES,P2,1011,6,14,NP_BOUNDARY_GUARD,1,saved_H3_exact_target_token,,NO_REJECTION,True,4,4,3,NNG→JKO
FLORES,P2,1011,6,14,ALL_MORPH_BOUNDARY_GUARD,1,saved_H3_exact_target_token,,NO_REJECTION,True,4,4,3,NNG→JKO
FLORES,P2,1011,11,27,ALL_MORPH_BOUNDARY_GUARD,1,saved_H3_exact_target_token,,NO_REJECTION,True,4,4,3,XSV→ETM
FLORES,P2,1011,12,31,ALL_MORPH_BOUNDARY_GUARD,2,saved_H3_exact_target_token,,NO_REJECTION,True,4,3,2,XSA→EF
FLORES,P2,1012,1,4,ALL_MORPH_BOUNDARY_GUARD,1,saved_H3_exact_target_token,2.0,AFTER_GUARD,True,4,4,3,XSN→JX
FLORES,P2,1012,8,27,ALL_MORPH_BOUNDARY_GUARD,1,projected_saved_rejected_draft_candidate,1.0,AT_GUARD,True,4,4,3,XSN→JKB
FLORES,P2,1012,9,28,NP_BOUNDARY_GUARD,3,projected_saved_rejected_draft_candidate,3.0,AT_GUARD,True,4,2,1,NNB→JKS
FLORES,P2,1012,9,28,ALL_MORPH_BOUNDARY_GUARD,3,projected_saved_rejected_draft_candidate,3.0,AT_GUARD,True,4,2,1,NNB→JKS
