flores_row_id,prompt_id,english_source,korean_reference_provenance_only,rendered_prompt,rendered_prompt_sha256,tokenized_prompt_sha256,prompt_token_count,included,exclusion_reason
1,1,"""We now have 4-month-old mice that are non-diabetic that used to be diabetic,"" he added.","""그는 """"현재 4개월 된 당뇨병에서 치료된 생쥐가 있다""""고 덧붙였다.""","Translate the following sentence into Korean.
English: ""We now have 4-month-old mice that are non-diabetic that used to be diabetic,"" he added.
Korean:",ffdcba554a852006e52d9172e02812f3043b0b2e6f1ca13fca5a94bb94a306c1,c0a4a8d3361b020708f0875b613d47becbc442648e2198b40fdb87a6196871f6,35,True,
2,2,"Dr. Ehud Ur, professor of medicine at Dalhousie University in Halifax, Nova Scotia and chair of the clinical and scientific division of the Canadian Diabetes Association cautioned that the research is still in its early days.",노바스코샤주 핼리팩스의 댈하우지대학교 의과 교수이자 캐나다 당뇨 협회 임상과학부 의장인 Ehud Ur 박사는 이 연구가 아직 초기 단계라고 경고했습니다.,"Translate the following sentence into Korean.
English: Dr. Ehud Ur, professor of medicine at Dalhousie University in Halifax, Nova Scotia and chair of the clinical and scientific division of the Canadian Diabetes Association cautioned that the research is still in its early days.
Korean:",16be17aa16cff8bb51a89fa4b8b2e7dc5abeb4844aa581f13fb08ce63a3b43fd,2c26019a1021f7ee0fb5c257948cc33a77553a23caf5c7fb21c156a4fe4dfd1e,56,True,
3,3,"Like some other experts, he is skeptical about whether diabetes can be cured, noting that these findings have no relevance to people who already have Type 1 diabetes.","다른 전문가들과 마찬가지로, 그는 당뇨병의 치료 여부에 회의적이며, 이러한 결과는 제1형 당뇨병 환자에게는 관련이 없음을 지적합니다.","Translate the following sentence into Korean.
English: Like some other experts, he is skeptical about whether diabetes can be cured, noting that these findings have no relevance to people who already have Type 1 diabetes.
Korean:",fdc3dbd3f7033fd333c83f4190ba2699e1d5dec29681e37eb7691af9c38e2338,3598938df3a33f93136db0ccf3028e38b5179eba630b84ee2e641f97d884bdec,44,True,
4,4,"On Monday, Sara Danius, permanent secretary of the Nobel Committee for Literature at the Swedish Academy, publicly announced during a radio program on Sveriges Radio in Sweden the committee, unable to reach Bob Dylan directly about winning the 2016 Nobel Prize in Literature, had abandoned its efforts to reach him.",월요일 스웨덴 한림원 노벨상 문학위원회 사무총장 사라 다니우스는 스웨덴 스베리예스 라디오의 라디오 프로그램에서 위원회는 2016년 노벨 문학상 수상 소식을 밥 딜런에게 직접 전달하는 것이 불가능하여 그에게 연락을 취하려는 노력을 포기했다고 공개적으로 발표했습니다.,"Translate the following sentence into Korean.
English: On Monday, Sara Danius, permanent secretary of the Nobel Committee for Literature at the Swedish Academy, publicly announced during a radio program on Sveriges Radio in Sweden the committee, unable to reach Bob Dylan directly about winning the 2016 Nobel Prize in Literature, had abandoned its efforts to reach him.
Korean:",5e78b2fead2b3153dba82bb30f1452e2f9c3c371c507a9776825c1b3d733d4ae,847f59dc768522899036850aee117960b8166c8bac0a19c47747b10b2dbaf344,75,True,
5,5,"Danius said, ""Right now we are doing nothing. I have called and sent emails to his closest collaborator and received very friendly replies. For now, that is certainly enough.""","""대니어스(Danius)는 """"지금 우리는 아무것도 하지는 않고 있다. 그의 가장 가까운 협력자에게 전화를 걸어 이메일을 보냈고 매우 친절한 답장을 받았다. 현재로서는 확실히 그것으로 충분하다.""""""","Translate the following sentence into Korean.
English: Danius said, ""Right now we are doing nothing. I have called and sent emails to his closest collaborator and received very friendly replies. For now, that is certainly enough.""
Korean:",b6aadc4f23890dedcab6713aacb2215a72e2b59daddfe4539e01daf526b3d750,b2cf4b8ccff0fc6b5c4709e54ca40228752322d5d21b394614149a2cc4bae5d3,49,True,
6,6,"Previously, Ring's CEO, Jamie Siminoff, remarked the company started when his doorbell wasn't audible from his shop in his garage.",링의 CEO인 제이미 시미노프 (Jamie Siminoff)는 차고에 있던 그의 숍에서 초인종 소리를 들을 수 없었을 때 회사를 시작했다고 말했습니다.,"Translate the following sentence into Korean.
English: Previously, Ring's CEO, Jamie Siminoff, remarked the company started when his doorbell wasn't audible from his shop in his garage.
Korean:",fdb150c947bebcde2738a83d1676df7af78860b73635abadf31cf928b8ad1bf6,1f77f26a34e20a2d9aff60f4f517cf78a368accc6aad90709e3646c94d4b101e,41,True,
7,7,"He built a WiFi door bell, he said.",그는 무선 도어벨(Wi-Fi doorbell)을 만들었다고 말했다.,"Translate the following sentence into Korean.
English: He built a WiFi door bell, he said.
Korean:",36dfbc2ac2323f20475477e446b30d8497b71234a8cd1c2178fdbd5beee1baf6,1b85e231f4ec595a2772be7af30a6366f70f30118b9315b3efa2896a94f45685,22,True,
8,8,Siminoff said sales boosted after his 2013 appearance in a Shark Tank episode where the show panel declined funding the startup.,"Siminoff는 2013년, 쇼 출연자가 스타트업의 자금 지원을 거절했었던 Shark Tank 에피소드에 출연한 이후 매출이 증가했다고 말했습니다.","Translate the following sentence into Korean.
English: Siminoff said sales boosted after his 2013 appearance in a Shark Tank episode where the show panel declined funding the startup.
Korean:",bebd01621743d2527c85b5d0fc7b44f00958db0ba1d2d944e3c07a0b0c123410,46a268f8ca628cae4d61516365e25aaadaabdbf78cb0127b5a1f9017bee4654b,40,True,
9,9,"In late 2017, Siminoff appeared on shopping television channel QVC.","2017년 말, 시미노프는 쇼핑 텔레비젼 채널인 QVC에 출연했다.","Translate the following sentence into Korean.
English: In late 2017, Siminoff appeared on shopping television channel QVC.
Korean:",452e0235f356a91fed97fca376a73ea6d39f9f41d2de27a9e62e8fac0695dc8b,5cd557aefb4bc6d422ad7492c4bac5dd476d81dec53832ae61a1ca9be24f00e1,31,True,
10,10,"Ring also settled a lawsuit with competing security company, the ADT Corporation.",Ring은 경쟁 보안회사인 ADT 사와의 소송 또한 합의를 보았다.,"Translate the following sentence into Korean.
English: Ring also settled a lawsuit with competing security company, the ADT Corporation.
Korean:",0f502bec677764c22745a977d66bfcd44dc6e52056439cf7817a1dd2dac3f411,e334836a3fed58ed5d9dacff39c2dcafefb8218bf57e2f8d8b110c31e4ca7b82,27,True,
11,11,"While one experimental vaccine appears able to reduce Ebola mortality, up until now, no drugs have been clearly demonstrated suitable for treating existing infection.","한 실험용 백신이 에볼라 사망률을 줄일 수 있을 것처럼 보이지만, 지금까지 어떤 약도 기존의 감염을 치료하는데 적합하다고 명확하게 입증되지 않았습니다.","Translate the following sentence into Korean.
English: While one experimental vaccine appears able to reduce Ebola mortality, up until now, no drugs have been clearly demonstrated suitable for treating existing infection.
Korean:",dc9b52b05f5b2d864959b1484ed888aaac2fc816ca42e91ac24f19243bb7ef4d,1cb3f81142780ffc5cf02870eef1307c0aed4eac2b17f14758ac39b0377cfd42,39,True,
12,12,"One antibody cocktail, ZMapp, initially showed promise in the field, but formal studies indicated it had less benefit than sought in preventing death.","항체 칵테일 지맵(ZMapp)은 초기에는 그 분야에서 가능성을 보였지만, 공식적인 연구들에 의하면 죽음을 방지하는 효과가 기대보다 작다고 합니다.","Translate the following sentence into Korean.
English: One antibody cocktail, ZMapp, initially showed promise in the field, but formal studies indicated it had less benefit than sought in preventing death.
Korean:",96d68ca3f7d605347417abd740715764ec0628784af235e051b8179a802c7af6,cf8efcacea5c28cbc9184eb3541d2cebf7eb864f9e20285bc51eecdb587b8512,41,True,
13,13,"In the PALM trial, ZMapp served as a control, meaning scientists used it as a baseline and compared the three other treatments to it.","PALM 실험에서 ZMapp은 대조군의 역할을 했습니다. 즉, 과학자들은 ZMapp을 기준치로 사용했고 다른 세 가지 치료법을 이와 비교했습니다.","Translate the following sentence into Korean.
English: In the PALM trial, ZMapp served as a control, meaning scientists used it as a baseline and compared the three other treatments to it.
Korean:",7c2af25a1f35f488aac3941f9bdb102ab668c9da89c320674fb5ab5634a3cd65,a8a91140b22516ddd44a6f9773890dcece3eed63a89e5605be8ea9799e3ffbca,42,True,
14,14,USA Gymnastics supports the United States Olympic Committee's letter and accepts the absolute need of the Olympic family to promote a safe environment for all of our athletes.,"미국 체조 협회는 미국 올림픽 위원회의 서한을 지지하며, 미국의 전 운동선수가 안전한 환경을 가질 수 있도록 돕는 올림픽 관계자의 절대적 필요성을 인정합니다.","Translate the following sentence into Korean.
English: USA Gymnastics supports the United States Olympic Committee's letter and accepts the absolute need of the Olympic family to promote a safe environment for all of our athletes.
Korean:",b1e79a31e7524be36915043fc86aaf2d467e7a28beb2362dd27b64e85b692e34,2312f7d3661619eb668f585a4533a71d84e896451c748c9188f6bd21d4091f78,44,True,
15,15,"We agree with the USOC's statement that the interests of our athletes and clubs, and their sport, may be better served by moving forward with meaningful change within our organization, rather than decertification.",저희는 탈퇴가 아닌 조직 내에서 의미있는 변화를 추구함으로써 선수와 구단과 그리고 스포츠에 더 나은 결과를 가져올 수 있다는 USOC의 주장에 동의합니다.,"Translate the following sentence into Korean.
English: We agree with the USOC's statement that the interests of our athletes and clubs, and their sport, may be better served by moving forward with meaningful change within our organization, rather than decertification.
Korean:",b9b20986fed0eeea098e53e41c4a81734898d84285ae43f0fc6f83ee32a26d72,e7a3b8b7f33fe261e7328ce6ac909dcef8495122ea594eeb10bcc02656450c04,53,True,
16,16,USA Gymnastics supports an independent investigation that may shine light on how abuse of the proportion described so courageously by the survivors of Larry Nassar could have gone undetected for so long and embraces any necessary and appropriate changes.,미국 체조단은 래리 나사르의 피해자들이 그동안 용기 있게 밝혀왔던 사실들이 어떻게 오랫동안 밝혀지지 않았으며 다시는 이런 일이 없도록 필요하고 적절한 조치를 취하기 위한 독립적인 조사를 지지한다.,"Translate the following sentence into Korean.
English: USA Gymnastics supports an independent investigation that may shine light on how abuse of the proportion described so courageously by the survivors of Larry Nassar could have gone undetected for so long and embraces any necessary and appropriate changes.
Korean:",d85728720aa79674f33d5480640785421560d27a22757b5bc1c471fcf7ef184c,f1bcc07ac74692fb3d87ce670be1311d5f23a2e5afc94c6def3138d9ced44cbf,58,True,
17,17,"USA Gymnastics and the USOC have the same goal — making the sport of gymnastics, and others, as safe as possible for athletes to follow their dreams in a safe, positive and empowered environment.",미국 체조 대표팀과 USOC는 같은 목표를 가지고 있습니다. 선수들이 안전하고 긍정적이며 격려 받는 환경에서 꿈을 좇을 수 있도록 체조 등의 스포츠를 가능한 한 안전하게 만드는 것입니다.,"Translate the following sentence into Korean.
English: USA Gymnastics and the USOC have the same goal — making the sport of gymnastics, and others, as safe as possible for athletes to follow their dreams in a safe, positive and empowered environment.
Korean:",1402a4baa9dd7c809b7292fd208ddd0d336ac3cd0692b4aae94e120d853ef22f,c7967b09f6f3d680cea2e39a3943a5322065bcb00f00fb895f567dbd31a3444d,54,True,
18,18,"Throughout 1960s, Brzezinski worked for John F. Kennedy as his advisor and then the Lyndon B. Johnson administration.",1960년대에 걸쳐 브레진스키는 케네디의 고문으로 근무한 후 린든 존슨 행정부에서 근무했다.,"Translate the following sentence into Korean.
English: Throughout 1960s, Brzezinski worked for John F. Kennedy as his advisor and then the Lyndon B. Johnson administration.
Korean:",454a738ccb8449200583cba4eb202965365f8f91f538153b1d0197a91a0e6f84,17346c4afc5dd8f402b41cc49521e974768228dc98811cd27ec6d442368e4a4a,43,True,
19,19,"During the 1976 selections he advised Carter on foreign policy, then served as National Security Advisor (NSA) from 1977 to 1981, succeeding Henry Kissinger.",그는 1976년 선발 과정에서 카터에게 외교정책에 대해 조언한 뒤 1977년부터 1981년까지 헨리 키신저의 뒤를 이어 국가 안보담당 대통령 보좌관(NSA)을 지냈습니다.,"Translate the following sentence into Korean.
English: During the 1976 selections he advised Carter on foreign policy, then served as National Security Advisor (NSA) from 1977 to 1981, succeeding Henry Kissinger.
Korean:",745935dc20fbb865c9502cc4254643d4f47e09d17d29ba463aca877c6331e305,0e572160d07b8d63280a1c7277bf6c6339759ce30f8abc3a3f45668df120bbf5,55,True,
20,20,"As NSA, he assisted Carter in diplomatically handling world affairs, such as the Camp David Accords, 1978; normalizing US–China relations thought the late 1970s; the Iranian Revolution, which led to the Iran hostage crisis, 1979; and the Soviet invasion in Afghanistan, 1979.","그는 NSA로서 1978년 캠프 데이비드 어코드, 1970년대 후반에 미국과 중국의 관계 정상화, 1979년 이란 인질 위기로 이어진 이란 혁명, 1979년 소련의 아프가니스탄 침공과 같은 세계 문제를 외교적으로 다루는 일에서 카터 대통령을 보좌하였습니다.","Translate the following sentence into Korean.
English: As NSA, he assisted Carter in diplomatically handling world affairs, such as the Camp David Accords, 1978; normalizing US–China relations thought the late 1970s; the Iranian Revolution, which led to the Iran hostage crisis, 1979; and the Soviet invasion in Afghanistan, 1979.
Korean:",5b60e1cd4b9da7f120353e85654342d91966e27d11daa4e8811f61724b46ff7a,6d9fbc79a05037c1e1fce249852b8adc9473f45761536c5e1115680b8ccde2a3,86,True,
21,21,"The movie, featuring Ryan Gosling and Emma Stone, received nominations in all major categories.",라이언 고슬링과 엠마 스톤이 출연한 이 영화는 모든 주요 부문에서 후보에 올랐다.,"Translate the following sentence into Korean.
English: The movie, featuring Ryan Gosling and Emma Stone, received nominations in all major categories.
Korean:",d75e8732e17661a0054180871f961411e0a1430b12fc683c41e79a8fd3b4cf41,c5952d3bf5ce6bb054e7a6287b70e11d2d2fbd43e7e9e45caccf0815036d52dd,30,True,
22,22,Gosling and Stone received nominations for Best Actor and Actress respectively.,라이언 고슬링과 엠마 스톤은 각각 남우주연상과 여우주연상 후보에 올랐습니다.,"Translate the following sentence into Korean.
English: Gosling and Stone received nominations for Best Actor and Actress respectively.
Korean:",db9bcd0b280db5b4c4f16ce804adbf0d82c1b85d0addcbba50fd1227ffcaf54c,f9748c5688d673e24601c9dcf5e965d80489b2f94fd838272f7db4a7fa62c455,25,True,
23,23,"The other nominations include Best Picture, Director, Cinematography, Costume Design, Film-editing, Original Score, Production Design, Sound Editing, Sound Mixing and Original Screenplay.","다른 부문으로는 최우수 작품상, 감독상, 촬영상, 의상 디자인, 영화 편집상, 작곡상, 제작상, 사운드 편집상, 사운드 믹싱, 오리지널 각본상에 후보로 올라있다.","Translate the following sentence into Korean.
English: The other nominations include Best Picture, Director, Cinematography, Costume Design, Film-editing, Original Score, Production Design, Sound Editing, Sound Mixing and Original Screenplay.
Korean:",a29b695c6764463f851190eb7b3abba5559b481e326096298abd6684450f5bc2,0ef7785109f223f9dcf2be671560f9f9371d393f5cbb7ab0b168b1d2c54b6390,48,True,
24,24,"Two songs from the movie, Audition (The Fools Who Dream) and City of Stars, received nominations for best original song. Lionsgate studio received 26 nominations — more than any other studio.",그 영화에서 나오는 오디션(꿈꾸는 바보들)과 시티 오브 스타 두 곡이 베스트 주제곡 후보에 올랐습니다. 라이온스게이트 스튜디오는 다른 스튜디오보다 월등히 많은 26개의 후보 지명을 받았습니다.,"Translate the following sentence into Korean.
English: Two songs from the movie, Audition (The Fools Who Dream) and City of Stars, received nominations for best original song. Lionsgate studio received 26 nominations — more than any other studio.
Korean:",c0695900673cff326f179d426777e1ebdc533629f044a3f3324edcdc38a6da0f,e0aa15f9527bd138bc3924459c1bd71dfc9e7c0f908aa3de8d807b7fd997578f,54,True,
25,25,"Late on Sunday, the United States President Donald Trump, in a statement delivered via the press secretary, announced US troops would be leaving Syria.",도널드 트럼프 미국 대통령은 늦은 일요일 시간대에 대변인을 통해 발표한 성명에서 미군이 시리아에서 철수할 것이라고 발표했다.,"Translate the following sentence into Korean.
English: Late on Sunday, the United States President Donald Trump, in a statement delivered via the press secretary, announced US troops would be leaving Syria.
Korean:",7a3cff594101406636ef38ad154b24113f5ab06bc90ad50b9c7a6b7d475c41dc,4bc6e8cb6b0bde7697a5c8bc584f590706ee104699ddcc3e65863acb532cdf22,40,True,
26,26,The announcement was made after Trump had a phone conversation with Turkish President Recep Tayyip Erdoğan.,이 발표는 트럼프가 레제프 타이이프 에르도안 터키 대통령과 전화 통화를 한 후에 이루어졌다.,"Translate the following sentence into Korean.
English: The announcement was made after Trump had a phone conversation with Turkish President Recep Tayyip Erdoğan.
Korean:",6139c0ee7d7d551497463db450e7a5b15c9427d96383ba9af5e1fda3019962ba,9a3923c328c414bdff36f54c76e527e77817c4cea2ab45a761bb4e2664463a2f,32,True,
27,27,"Turkey would also take over guarding captured ISIS fighters which, the statement said, European nations have refused to repatriate.",또한 터키는 유럽 국가들이 본국으로 송환하는 것을 거부한 체포된 ISIS 전투기를 보호할 것이라고 밝혔다.,"Translate the following sentence into Korean.
English: Turkey would also take over guarding captured ISIS fighters which, the statement said, European nations have refused to repatriate.
Korean:",2faf72f202a9d9e3dedaaf2c6682555b297093ca8ff682252e3dbf2e723a2c59,219117aa2d1d80fa99de496341599c16bfbbe1337e6c7e70984b723637e96201,36,True,
28,28,"This not only confirms that at least some dinosaurs had feathers, a theory already widespread, but provides details fossils generally cannot, such as color and three-dimensional arrangement.","이것은 적어도, 이미 널리 알려진 이론인, 몇몇 공룡들이 깃털을 가지고 있었다는 것을 확인 시켜 줄 뿐만 아니라, 색깔과 3차원 배열과 같이 일반적으로 화석만으론 부족한 세부적인 사항들을 제공한다.","Translate the following sentence into Korean.
English: This not only confirms that at least some dinosaurs had feathers, a theory already widespread, but provides details fossils generally cannot, such as color and three-dimensional arrangement.
Korean:",07efae29750c1e77b1346fbd11cfcc28abefe821328b61546bcec4861cb14b3f,43a80c25d232d3c1117fcf9a95349453f0dcf92f929d5aa4a2ce80833a259c20,44,True,
29,29,. Scientists say this animal's plumage was chestnut-brown on top with a pale or carotenoid-colored underside.,. 과학자들은 이 공룡 깃털의 윗쪽이 진갈색이고 아랫쪽은 희거나 노란빛이었다고 밝혔다.,"Translate the following sentence into Korean.
English: . Scientists say this animal's plumage was chestnut-brown on top with a pale or carotenoid-colored underside.
Korean:",6f776290c57f6722b103d52cc81ef0e8b5ccdd9766a3b92d71517a29fd3327b9,bb20f43ba64542f55dad65afd7643785e5701494609b8fee75e4880fe066f4e8,37,True,
30,30,The find also grants insight into the evolution of feathers in birds.,그러한 발견은 또한 조류에 있어서 깃털의 진화에 대한 통찰을 제공한다.,"Translate the following sentence into Korean.
English: The find also grants insight into the evolution of feathers in birds.
Korean:",54fc290c39257f2c865299b1cd2fe9d2d5d5f1d723e1faab6f1aa667d10ed64b,23e218cafafb7cb7a874ef38ea78eff595c030a08131bedc1d33961106d8d9de,25,True,
31,31,"Because the dinosaur feathers do not have a well-developed shaft, called a rachis, but do have other features of feathers — barbs and barbules — the researchers inferred the rachis was likely a later evolutionary development that these other features.",공룡 깃털은 우축이라고 불리는 잘 발달된 깃대가 없지만 미늘과 작은 깃가지 같은 다른 특징적인 깃털을 가지고 있으며 연구자들은 이런 다른 특징들이 나중에 진화하여 우축으로 발전했을 것이라고 추측했습니다.,"Translate the following sentence into Korean.
English: Because the dinosaur feathers do not have a well-developed shaft, called a rachis, but do have other features of feathers — barbs and barbules — the researchers inferred the rachis was likely a later evolutionary development that these other features.
Korean:",0479cc20c720d91cf98cf514499cbcb147a13683f61fd8345ece9b70063b75df,cebf357521f51519198898336d784a030d53d3ef84279c8975b6c9f87aec03b5,64,True,
32,32,"The feathers' structure suggests that they were not used in flight but rather for temperature regulation or display. The researchers suggested that, even though this is the tail of a young dinosaur, the sample shows adult plumage and not a chick's down.",깃털의 구조는 비행 용이 아니라 체온 조절이나 과시용으로 쓰였음을 암시한다. 연구원들은 어린 공룡의 꼬리에서 나온 샘플을 조사하니 유아의 솜털이 아닌 성인 공룡의 깃털이라고 이야기하였다.,"Translate the following sentence into Korean.
English: The feathers' structure suggests that they were not used in flight but rather for temperature regulation or display. The researchers suggested that, even though this is the tail of a young dinosaur, the sample shows adult plumage and not a chick's down.
Korean:",b825a868f36601d8c7b6a71356ecb6684a52ea60c85262ad04d7d06b08e9a80b,fcafad59cf48b1ffbf900d0d40f7f6dc5a151209536b89f877099d01e693e63f,61,True,
33,33,"The researchers suggested that, even though this is the tail of a young dinosaur, the sample shows adult plumage and not a chick's down.","이것은 젊은 공룡의 꼬리이지만, 샘플을 보면 어린 개체의 솜털이 아닌 성체의 깃털임을 알 수 있다고 연구진은 말합니다.","Translate the following sentence into Korean.
English: The researchers suggested that, even though this is the tail of a young dinosaur, the sample shows adult plumage and not a chick's down.
Korean:",bbfffbe348b232836cf947b0679baf4cf15a28f58be2969f3b664ed88dea5a8f,f51516989659d134ace74aed2aa3ea5197e13142e2f61c56e29b46bc158661c3,41,True,
34,34,"A car bomb detonated at police headquarters in Gaziantep, Turkey yesterday morning killed two police officers and injured more than twenty other people.",어제 아침 터키 가지안테프에 있는 경찰서에서 폭발한 차량 폭탄으로 인해 경찰관 2명이 죽고 20명 이상의 다른 사람들이 다쳤습니다.,"Translate the following sentence into Korean.
English: A car bomb detonated at police headquarters in Gaziantep, Turkey yesterday morning killed two police officers and injured more than twenty other people.
Korean:",5d9cf1ec3740ac22baacf8850b4cac9c9315b08eec3243ef388e08109efdd75f,4fb1c3b8a71316f3a0d973d07f61a28806264edee5def4ddcff21a5d72d217ca,40,True,
35,35,The governor's office said nineteen of the injured were police officers.,그 주지사는 부상자 중 19명이 경찰관이라고 말했다.,"Translate the following sentence into Korean.
English: The governor's office said nineteen of the injured were police officers.
Korean:",bdcd67f95cbcfdd55c5d89839a0e05bfb1011d062decc1022b7de3198941bce4,d87b6f57fea26fbe57c2a4a6e025679504187e44f20723b80806735426ac4c28,25,True,
36,36,Police said they suspect an alleged Daesh (ISIL) militant of responsibility for the attack.,경찰은 공격에 대한 책임이 있다고 주장되는 다에시(ISIL) 무장세력에게 혐의를 두고 있다고 밝혔습니다.,"Translate the following sentence into Korean.
English: Police said they suspect an alleged Daesh (ISIL) militant of responsibility for the attack.
Korean:",d1ce42523fabfe3d7910d752363d75f697687f7e94973ec1cf814457cc1f0eaa,b8b42b15dd98bc4d7801a2259a9bb55ede8add1eb41c1da708cb2c5d8f336033,31,True,
37,37,"They found the Sun operated on the same basic principles as other stars: The activity of all stars in the system was found to be driven by their luminosity, their rotation, and nothing else.",그들은 해가 다른 별들과 같이 발광성과 회전의 원리만으로 작동한다는 것을 발견했습니다.,"Translate the following sentence into Korean.
English: They found the Sun operated on the same basic principles as other stars: The activity of all stars in the system was found to be driven by their luminosity, their rotation, and nothing else.
Korean:",29db434958fcbf1e9b32392f8c4da42b15cafd1d1a050469192876773e550abb,ae3801bd31aa73c14233e23e31ff36b8a86e2ed7a973972764013a8b8771b705,51,True,
38,38,"The luminosity and rotation are used together to determine a star's Rossby number, which is related to plasma flow.","발광도와 회전을 함께 사용해 별의 로스비 번호를 결정하는데, 이는 혈장 흐름(plasma flow)과 관련이 있다.","Translate the following sentence into Korean.
English: The luminosity and rotation are used together to determine a star's Rossby number, which is related to plasma flow.
Korean:",13d9bfe49353ed719936a37dccfeee1ff1339e5e3a6348199a81720e5159fffa,6cdef90605f32420a8f72b878f0e685400da62a0f1d3d3750b21a6f7badcbc90,36,True,
39,39,"The smaller the Rossby number, the less active the star with respect to magnetic reversals.",로스비 수(Rossby number)가 작을수록 자기 역전 면에서 항성의 활동성 역시 작다.,"Translate the following sentence into Korean.
English: The smaller the Rossby number, the less active the star with respect to magnetic reversals.
Korean:",ef760ab4de7624991923b6553437ba968a18fc6e9c1b3cda4f007bf74b470977,70e9ff5d4536a29f5622ee87e4a5c51faa4eebfa42e8a6f45e28f2c4a414bca3,31,True,
40,40,"During his trip, Iwasaki ran into trouble on many occasions.",여행 중에 이와사키는 여러 번 난관에 봉착했다.,"Translate the following sentence into Korean.
English: During his trip, Iwasaki ran into trouble on many occasions.
Korean:",80d32a4428ea5100e56be6f86be0e2420f45d66b51a8c5dcb8d27b1850c8815a,8e57d317e640195818b27565ee59a2b39419f420ad149f574c50c006ba3dbc91,26,True,
41,41,"He was robbed by pirates, attacked in Tibet by a rabid dog, escaped marriage in Nepal and was arrested in India.","그는 해적들에게 강도 당하고, 티베트에서 미친개에게 공격당했으며, 네팔에서는 거의 결혼할 뻔했고 인도에서 체포되었다.","Translate the following sentence into Korean.
English: He was robbed by pirates, attacked in Tibet by a rabid dog, escaped marriage in Nepal and was arrested in India.
Korean:",c3a7ef6a7a992499e1625f36faa0e444d8d3eedb62906b7ab7f8249d3a4ba3a1,ee64ddd1358110b6622ffbcddea5a73ff0dfdc7bfa766d5051f87574dfd42969,37,True,
42,42,The 802.11n standard operates on both the 2.4Ghz and 5.0Ghz frequencies.,802.11n 표준은 2.4GHz와 5.0GHz 주파수 모두에서 작동합니다.,"Translate the following sentence into Korean.
English: The 802.11n standard operates on both the 2.4Ghz and 5.0Ghz frequencies.
Korean:",d0b6ef942be1ebe9489b24cbdef15446aeab8709aa9d87f7af1769211eb709e3,1b872ea166b28ed4b0cf9948725b6926a50673df19da3c4c438e7b275ef0c720,41,True,
43,43,"This will allow it to be backwards compatible with 802.11a, 802.11b and 802.11g, provided that the base station has dual radios.","기지국에 이중 라디오가 있다면 이것이 802.11a, 802.11b와 802.11g가 이전 기종이라도 호환할 수 있게 해준다.","Translate the following sentence into Korean.
English: This will allow it to be backwards compatible with 802.11a, 802.11b and 802.11g, provided that the base station has dual radios.
Korean:",016b8d634efbf9f1fa67be1518a4c523220831ecc7039e4fe947e5618134a4e2,135cd49bff1fe154c9cb84f307962beb5b4f5a868720100898edf392fb4fb214,57,True,
44,44,The speeds of 802.11n are substantially faster than that of its predecessors with a maximum theoretical throughput of 600Mbit/s.,802.11n은 이론상 최대 600Mbit/s의 대역폭을 가져 기존 표준에 비해 상당히 빠릅니다.,"Translate the following sentence into Korean.
English: The speeds of 802.11n are substantially faster than that of its predecessors with a maximum theoretical throughput of 600Mbit/s.
Korean:",6d5e8a194dbdec7a3fe78ef5c4d9e9b86427c44a7a252feb8cbe74bf819c9ce7,5a260e85273a0784f7340e368c0055f9594b248e90872cb71d287a6ca2924175,45,True,
45,45,"Duvall, who is married with two adult children, did not leave a big impression on Miller, to whom the story was related.",이 이야기에 관계된 두 명의 성인 자녀를 둔 기혼자인 듀발은 밀러에게 깊은 인상을 남기지 않았습니다.,"Translate the following sentence into Korean.
English: Duvall, who is married with two adult children, did not leave a big impression on Miller, to whom the story was related.
Korean:",2c8d9bef6f4bba231f675c8c719dd4201b37e09ea44b9dc2456e1963a6833c0a,a3c1249fe89147f2fc55d1a052559aa17e07fda7837114afefb019f455147948,40,True,
46,46,"When asked for comment, Miller said, ""Mike talks a lot during the hearing...I was getting ready so I wasn't really hearing what he was saying.""","""의견을 물었을 때 밀러는 """"청문회 동안 마이크는 많은 이야기를 했습니다… 저는 준비를 하고 있었기 때문에 그가 하는 말을 듣지 못했습니다""""라고 말했습니다.""","Translate the following sentence into Korean.
English: When asked for comment, Miller said, ""Mike talks a lot during the hearing...I was getting ready so I wasn't really hearing what he was saying.""
Korean:",1b773b5af9e08768f78766bb7cfd1fa5a70f5975965f1c4796b9048a84ba78f6,3d5ed1affaaba27f9ed4ab29bf47976d72e7a461317197be5e739c34b8176484,44,True,
47,47,"""We will endeavour to cut carbon dioxide emissions per unit of GDP by a notable margin by 2020 from the 2005 level,"" Hu said.","""후 주석은 """"2020년까지는 GDP 단위당 이산화탄소 방출량을 2005년 수준에서 현저한 폭으로 감소시키려고 노력할 것입니다""""라고 말했습니다.""","Translate the following sentence into Korean.
English: ""We will endeavour to cut carbon dioxide emissions per unit of GDP by a notable margin by 2020 from the 2005 level,"" Hu said.
Korean:",892c33d0265c6d5ec9f8869dbcd020fdcaeb57d4f2ef928f6dc705b85555e69b,a73a4200b7455c10e1bf66d8e517b187be3532e70deff65f5c9bcc45c08ccb5f,47,True,
48,48,"He did not set a figure for the cuts, saying they will be made based on China's economic output.",그는 감산 규모는 중국의 경제 생산량을 바탕으로 정해질 것이라면서 수치를 밝히지 않았습니다.,"Translate the following sentence into Korean.
English: He did not set a figure for the cuts, saying they will be made based on China's economic output.
Korean:",95870185f364296e9b56b8e1238339873cb1a051e1245d8730f1c0881c32375b,63b1b7261358515f2ccff73c96e790453b0b53ceb78b8e6d8305e5a0e32cb1d9,34,True,
49,49,"Hu encouraged developing countries ""to avoid the old path of polluting first and cleaning up later.""","""후는 개발도상국들이 """"일단 오염시키고 나중에 치우는 옛 방식을 탈피하도록"""" 격려했습니다.""","Translate the following sentence into Korean.
English: Hu encouraged developing countries ""to avoid the old path of polluting first and cleaning up later.""
Korean:",4c4f204084c682fcbbd3e1627a256b140e5074488e6e3a02e3b8dbdc0b9d7949,8a7ca683d4f6689cb11351d8f40afbaf83a03a2971bb6e1e6418b86525638ca0,31,True,
50,50,"He added that ""they should not, however, be asked to take on obligations that go beyond their development stage, responsibility and capabilities.""","""후 주석은 """"그렇다 해서 그들에게 그 발달단계와 책임 범위, 능력을 벗어나는 의무를 지라고 요구해서는 안 된다""""라고 덧붙였다.""","Translate the following sentence into Korean.
English: He added that ""they should not, however, be asked to take on obligations that go beyond their development stage, responsibility and capabilities.""
Korean:",cf8f10c43d176757cee9dc9ff7c78cdf56dcdadd97168148b59cfcbb7bdf20fa,f2f5573c4771b252a72010edf3064bfbb81424dbdf88a3beb6fd4f3a4396cb23,39,True,
51,51,The Iraq Study Group presented its report at 12.00 GMT today.,이라크 스터디 그룹은 오늘 12시 GMT(그리치니 표준시)에 리포트를 발표했다.,"Translate the following sentence into Korean.
English: The Iraq Study Group presented its report at 12.00 GMT today.
Korean:",b8e5f177a02f8c793ef77f7697d0d7901e7cff9705af8a41664292542883c18b,03cf8e5f02e1a474f290407e8ca2f714de0d56f98658418be359355048dcf3f1,29,True,
52,52,"It warns No one can guarantee that any course of action in Iraq at this point will stop sectarian warfare, growing violence, or a slide toward chaos.","이 시점에서 이라크의 행동이 종파적인 전쟁이나 폭력이 증가하는 것, 혹은 혼돈의 상태를 막을 수 있다는 데에 보장은 없다.","Translate the following sentence into Korean.
English: It warns No one can guarantee that any course of action in Iraq at this point will stop sectarian warfare, growing violence, or a slide toward chaos.
Korean:",70bdf21e2792ee514463d056a1acb0456fa0a8de0466fdf7eddf7122b8726020,8c9cd8c8a2bdca9d3d41fe2d25bef2b01e571c9cf2f737b01f0d9a3846bb68d6,42,True,
53,53,The Report opens with plea for open debate and the formation of a consensus in the United States about the policy towards the Middle East.,보고서는 미국의 중동 정책에 관해 공개 토론과 의견 일치 형성에 대한 탄원으로 시작한다.,"Translate the following sentence into Korean.
English: The Report opens with plea for open debate and the formation of a consensus in the United States about the policy towards the Middle East.
Korean:",dd4467074d212ff8437d1f82e1a112ebd39e61fd5ae5a81128c1078884877826,6dda55fa0232b3e09cf72e620119bb23a58e5eca7220d77dceeca1d45324d1b7,38,True,
54,54,The Report is highly critical of almost every aspect of the present policy of the Executive towards Iraq and it urges an immediate change of direction.,보고서는 행정부의 현재 이라크 정책에 대해 거의 모든 측면에서 매우 비판적이며 즉각적인 방향 변경을 촉구합니다.,"Translate the following sentence into Korean.
English: The Report is highly critical of almost every aspect of the present policy of the Executive towards Iraq and it urges an immediate change of direction.
Korean:",63dba3fe528323270955b6f2431aae023d5ec1a19e4c7ab09bcae11eb60d7530,ef3f86672bfc42da112880f0b4f0f5475ee975271cb155fdcb8cd9c1b920092c,39,True,
55,55,First among its 78 recommendations is that a new diplomatic initiative should be taken before the end of this year to secure Iraq’s borders against hostile interventions and to re-establish diplomatic relations with its neighbors.,우선 78개 권고안 중 하나는 이라크의 적대적 개입에 대비하여 국경을 확보하고 이웃 국가들과의 외교 관계를 재정립하기 위해 올해 말이 되기 전에 새로운 외교 정책을 취해야 한다는 것입니다.,"Translate the following sentence into Korean.
English: First among its 78 recommendations is that a new diplomatic initiative should be taken before the end of this year to secure Iraq’s borders against hostile interventions and to re-establish diplomatic relations with its neighbors.
Korean:",437acfef755963b370824dd10af9a749f295e26a0cd9bf32910524153e132f49,79caa7dfe0451006572fafc4b1ff3265b7655411c9d1c8ffc81fc71a22c8cc39,52,True,
56,56,"Current senator and Argentine First Lady Cristina Fernandez de Kirchner announced her presidential candidacy yesterday evening in La Plata, a city 50 kilometers (31 miles) away from Buenos Aires.",현 상원 의원 겸 아르헨티나 대통령 부인 크리스티나 페르난데스 데 키르치네르(Cristina Fernandez de Kirchner)는 어제저녁 부에노스아이레스(Buenos Aires)에서 50km 떨어진 라 플라타(La Plata)에서 대선 출마를 선언했다.,"Translate the following sentence into Korean.
English: Current senator and Argentine First Lady Cristina Fernandez de Kirchner announced her presidential candidacy yesterday evening in La Plata, a city 50 kilometers (31 miles) away from Buenos Aires.
Korean:",3c1f6bde60e024afc2f3dd34a2115e8669c8b55de8584abe96787e5736a4bc86,0fcf457073782a7505c59521d9c2da5b17d693fc502e99772c98f764b72eeb3f,50,True,
57,57,"Mrs. Kirchner announced her intention to run for president at the Argentine Theatre, the same location she used to start her 2005 campaign for the Senate as member of the Buenos Aires province delegation.",키르치네르 여사는 2005년 부에노스아이레스 지방 대표단의 일원으로 상원 의원 선거운동을 시작할 때와 같은 장소인 아르헨티나 극장에서 대통령 출마 의사를 밝혔다.,"Translate the following sentence into Korean.
English: Mrs. Kirchner announced her intention to run for president at the Argentine Theatre, the same location she used to start her 2005 campaign for the Senate as member of the Buenos Aires province delegation.
Korean:",ce9a3c3754bf11980dc0c345afda8f018c47c4c0d96645263ce05beec4a26a39,f24fe4977cc3fe74080be89b5f013beb15b6507886692bfaf33be72390b2328f,54,True,
58,58,"The debate was sparked by controversy over spending on relief and reconstruction in the wake Hurricane Katrina; which some fiscal conservatives have humorously labeled ""Bush's New Orleans Deal.""","카트리나 태풍 후에 구호물자와 재건축을 위한 지출을, 국가 재정에 보수적인 태도를 취하는 사람들이 '부시의 뉴올리언스 거래'로 일컬으면서 논쟁이 일어났다.","Translate the following sentence into Korean.
English: The debate was sparked by controversy over spending on relief and reconstruction in the wake Hurricane Katrina; which some fiscal conservatives have humorously labeled ""Bush's New Orleans Deal.""
Korean:",836e453fef25407c40d7da591bbf4b08161db9276fa71030824823caffd76e32,533b984f9da243c7f0a3ce4f7367bb5d33e959f6c7ac51f19ea0f610a50c1315,45,True,
59,59,Liberal criticism of the reconstruction effort has focused on the awarding of reconstruction contracts to perceived Washington insiders.,재건 활동에 대한 리버럴 측 비판은 소위 워싱턴 내부자들에게 재건 관련 계약이 돌아간 것에 초점을 맞추었습니다.,"Translate the following sentence into Korean.
English: Liberal criticism of the reconstruction effort has focused on the awarding of reconstruction contracts to perceived Washington insiders.
Korean:",37486ec69f955180f6ee17f34a29e83862c81aefd210cc7dcb14498b9be94ef2,8d03cde96b59520f291c5584407404ac8f42c295477068c3706b31e050a2294e,32,True,
60,60,Over four million people went to Rome to attend the funeral.,400만 명이 넘는 사람들이 장례식 참석을 위해 로마로 모여들었습니다.,"Translate the following sentence into Korean.
English: Over four million people went to Rome to attend the funeral.
Korean:",24b08a77de0c930d293a296ad1221f497a1a8a0a043b5be57323bcbc56be98c5,292b23ca5b90d9926558e7c8433191748b86f0ba8a117a51162b70bab1b72643,24,True,
61,61,The number of people present was so large that it was not possible for everybody to gain access to the funeral in St. Peter's Square.,참석한 인원수가 너무 많은 나머지 대부분이 성 베드로 광장에서 치러진 장례식에 입장할 수 없었습니다.,"Translate the following sentence into Korean.
English: The number of people present was so large that it was not possible for everybody to gain access to the funeral in St. Peter's Square.
Korean:",62c2175df27f116677b91358580f0bc800edfc1fd49a0c6159d1fb6e03f4c01d,d4e11389311649e4d01d6a1d724a56ea99aeec95a69143254e71a0e7f14e120a,40,True,
62,62,Several large television screens were installed in various places in Rome to let the people watch the ceremony.,대형 텔레비전 스크린 여러 대가 로마 곳곳에 설치되어 사람들이 장례식을 관람할 수 있도록 했습니다.,"Translate the following sentence into Korean.
English: Several large television screens were installed in various places in Rome to let the people watch the ceremony.
Korean:",7b247e73460d99e2ddd83ed9615e42c285db50607d4df0958435bc668870bd7c,34c452ea22e71534068aa6c159ed4b100716f5a67587fc3858a9f250d56cd3b6,31,True,
63,63,"In many other cities of Italy and in the rest of the world, particularly in Poland, similar setups were made, which were viewed by a great number of people.","이탈리아 내 많은 도시들과 전 세계의 다른 도시 들내에서도, 특히나 폴란드, 비슷한 스크린들이 설치되어서 많은 사람들이 볼 수 있도록 하였습니다.","Translate the following sentence into Korean.
English: In many other cities of Italy and in the rest of the world, particularly in Poland, similar setups were made, which were viewed by a great number of people.
Korean:",742a68be56de38030a65efc7c787cc4ed4d1c7f7364e10ce5c54c1f8eba5507f,4d44a1235dca410066bc7b780524412da57fe4a451ec67c56f6de794ab9d07e5,45,True,
64,64,"Historians have criticized past FBI policies for focusing resources on cases which are easy to solve, especially stolen car cases, with the intent of boosting the agency's success rate.",역사학자들은 FBI의 성공률을 일부러 높이기 위해 도난 차량 사건과 같이 쉬운 사건에만 초점을 두고 자원을 집중하는 과거의 FBI 정책을 비판해 왔다.,"Translate the following sentence into Korean.
English: Historians have criticized past FBI policies for focusing resources on cases which are easy to solve, especially stolen car cases, with the intent of boosting the agency's success rate.
Korean:",5b5a95824b8cca00eda6e5cb5a83301157cebe562f2d728f06bef8276af69c0b,57bae4eca17d992ec6851fd2f1ff3e6c75c2bd70a9054245d6a906b0af0080f0,46,True,
65,65,Congress began funding the obscenity initiative in fiscal 2005 and specified that the FBI must devote 10 agents to adult pornography.,"미 의회는 2005년도 예산부터 외설 방지책 자금을 배정했으며, FBI에서 성인 포르노 분야에 10명의 요원을 반드시 배치할 것을 특정했다.","Translate the following sentence into Korean.
English: Congress began funding the obscenity initiative in fiscal 2005 and specified that the FBI must devote 10 agents to adult pornography.
Korean:",c78203907f3823aac6c60c6c850c2e2bbdb008d363c2b0809fe465276c7616a2,fadc2ec48de39d3627669b3ea5f8dc65fdc880c17f1cfa3d9712bfd6aacd3c55,41,True,
66,66,"Robin Uthappa made the innings highest score, 70 runs in just 41 balls by hitting 11 fours and 2 sixes.",로빈 우타파(Robin Uthappa)가 이닝 최고점을 기록했다. 4점 11개와 6점 2개로 41 투구만에 70 런을 쳐 이닝 최고점을 기록했다.,"Translate the following sentence into Korean.
English: Robin Uthappa made the innings highest score, 70 runs in just 41 balls by hitting 11 fours and 2 sixes.
Korean:",34e1b0c6a067576381e6c2608a2e40fac68b5a29b2e458ef48ea22748956bd95,482f3a1814e0272a66e8fce2a59c1fd0c186d7b0e0f1372b2ae2ac78bb6c730d,44,True,
67,67,"Middle order batsmen, Sachin Tendulkar and Rahul Dravid, performed well and made a hundred-run partnership.",중간 순서 크리켓 배트맨인 사친 텐둘카르와 라훌 드라비드는 훌륭한 성적을 냈으며 100런 파트너쉽을 이뤄냈습니다.,"Translate the following sentence into Korean.
English: Middle order batsmen, Sachin Tendulkar and Rahul Dravid, performed well and made a hundred-run partnership.
Korean:",8697bedb56dac45e6af6906860fcf6c9abcc3ca8fa12b8388d0984f8dc22ac73,313089865276445c9a5200558190f83f3701e7f66266f9087df58d3c37cbadde,37,True,
68,68,"But, after losing the captain's wicket India only made 36 runs loosing 7 wickets to end the innings.","하지만, 주장이 위킷(wicket)을 잃은 후 인도는 이닝을 끝내기 위해 7개의 위킷을 잃으며 36득점을 했을 뿐이다.","Translate the following sentence into Korean.
English: But, after losing the captain's wicket India only made 36 runs loosing 7 wickets to end the innings.
Korean:",995bd788f0ff27bbddf8cbc38ab9cb9d6e39ca936cab22b9be492ad1a9db2a7f,700a6e8b92cb8eb17779d6541889911a56b317612fafe695dc056000b31fa1bc,39,True,
69,69,"U.S. President George W. Bush arrived in Singapore the morning of November 16, beginning a week-long tour of Asia.",조지 W. 부시 미합중국 대통령은 11월 16일 아침 싱가포르에 도착하는 것으로 일주일에 걸치는 아시아 순방을 시작하였다.,"Translate the following sentence into Korean.
English: U.S. President George W. Bush arrived in Singapore the morning of November 16, beginning a week-long tour of Asia.
Korean:",e90ad98d75a7b76708a55a2895f98de4418b11efbc1f64c2cb3eaf1c6b3364c8,f2ad202e253c37d46c97857009169fed067a01744deddbb5da8e027ff7c0dcce,39,True,
70,70,He was greeted by Singapore's Deputy Prime Minister Wong Kan Seng and discussed trade and terrorism issues with the Singapore Prime Minister Lee Hsien Loong.,그는 싱가포르 부총리 웡칸셍의 환영을 받았고 싱가포르 총리 리셴룽과 무역 및 테러 문제를 논의하였습니다.,"Translate the following sentence into Korean.
English: He was greeted by Singapore's Deputy Prime Minister Wong Kan Seng and discussed trade and terrorism issues with the Singapore Prime Minister Lee Hsien Loong.
Korean:",d2d8dfe1ae8940c51364f6c35fe76c785c77c0b0567a2c3290101d5fd9092a61,8f1272ba46d6139d5ff4e2a3de1396a9555d094f809d3b092ebe6b1685b7af84,43,True,
71,71,"After a week of losses in the midterm election, Bush told an audience about the expansion of trade in Asia.","부시는 중간 선거에서 일주일 내내 이어진 패배 이후, 아시아에서의 무역 확장 정책을 발표했습니다.","Translate the following sentence into Korean.
English: After a week of losses in the midterm election, Bush told an audience about the expansion of trade in Asia.
Korean:",ea0272108c6d7af2d86c8b7e0c1793fd9e97cec8aae0106bfb51620f054cbbe9,2123909b9c9141c35a94be88fd6eb26d307817228777e8440413cbba4faba974,34,True,
72,72,"Prime Minister Stephen Harper has agreed to send the government's 'Clean Air Act' to an all-party committee for review, before its second reading, after Tuesday's 25 minute meeting with NDP leader Jack Layton at the PMO.","스티븐 하퍼 총리는 화요일 PMO에서 NDP 대표 잭 레이턴과의 25분 회담을 끝낸 후, 정부의 '대기 오염 방지법'을 두 번째로 읽기 전에 모든 당무회에 보내 검토하게 하는데 동의했습니다.","Translate the following sentence into Korean.
English: Prime Minister Stephen Harper has agreed to send the government's 'Clean Air Act' to an all-party committee for review, before its second reading, after Tuesday's 25 minute meeting with NDP leader Jack Layton at the PMO.
Korean:",1c3a4e594cf147a7fb2fafe83b0f121a91510eb61e33ca44c058005d4b54edfe,b054a1700577e0fde8578e02d705fe4d3ece68762cae941159d2666bc749611f,60,True,
73,73,"Layton had asked for changes to the conservatives' environmental bill during the meeting with the PM, asking for a ""thorough and complete rewriting"" of the Conservative party's environmental bill.","""레이튼(Layton)은 총리와의 면담에서 보수당의 환경 법안을 """"철저히, 완전하게 재작성"""" 할 것을 요청하며, 보수당의 환경 법안에 대한 변경을 촉구했다.""","Translate the following sentence into Korean.
English: Layton had asked for changes to the conservatives' environmental bill during the meeting with the PM, asking for a ""thorough and complete rewriting"" of the Conservative party's environmental bill.
Korean:",69480e7dccf8c78d4cf94fb2688d650b192413cc9cf5502d1789b3d6a51ccb98,0cd5f950b26801ad5ffd7790592e36f75c7fee752a6a9ed79788931e3b56f0bf,49,True,
74,74,"Ever since the Federal Government stepped in to take over funding of the Mersey hospital in Devonport, Tasmania, the state government and some federal MPs have criticised this act as a stunt in the prelude to the federal election to be called by November.","연방정부가 타즈마니아 데본포트에 있는 머시 병원의 자금을 인수하기 위해 개입했을 때부터, 주 정부와 일부 연방 하원 의원들은 이러한 행동이 11월에 있을 연방선거전의 일환으로 쓰일 거라고 비난해왔다.","Translate the following sentence into Korean.
English: Ever since the Federal Government stepped in to take over funding of the Mersey hospital in Devonport, Tasmania, the state government and some federal MPs have criticised this act as a stunt in the prelude to the federal election to be called by November.
Korean:",2003fbee3a1e3cbf2cad3fa34f3e526d6e354a701380ef8818ff6b4d38e06c48,f3e3c3b950854b91f4ab864d3e812024a345a105b60febb8edfd661b39b85811,62,True,
75,75,"But Prime Minister John Howard has said the act was only to safeguard the facilities of the hospital from being downgraded by the Tasmanian government, in giving an extra AUD$45 million.","그러나 존 하워드 총리는 이번 조치는 태즈메이니아 정부에 의해 병원 시설이 격하되는 것을 막기 위한 것이라고 말하며 4,500만 달러를 추가로 지급했다.","Translate the following sentence into Korean.
English: But Prime Minister John Howard has said the act was only to safeguard the facilities of the hospital from being downgraded by the Tasmanian government, in giving an extra AUD$45 million.
Korean:",f2eaafb55823f77e38dddb06f01504b18ceb303c4f73238a78e86a8233c8bab0,d1f8a3f0ba35424b7f1691d58933c19e213757d1d1f73d7a4d57b060677127df,51,True,
76,76,"According to the latest bulletin, sea level readings indicated a tsunami was generated. There was some definite tsunami activity recorded near Pago Pago and Niue.","최근 속보에 의하면, 쓰나미가 발생했을 때의 해수면 수치가 기록되었으며, 실제로 파고 파고와 니우에 근처에 쓰나미가 강타했다고 밝혀졌다.","Translate the following sentence into Korean.
English: According to the latest bulletin, sea level readings indicated a tsunami was generated. There was some definite tsunami activity recorded near Pago Pago and Niue.
Korean:",e71e83e2b0e467511c1c0bbaef5a61b71828236ac643d9675ce13165e6b8d21b,b5484e31872d7787c53327ce16c9ce6125877382560db5bd277cc4ee43a30ada,43,True,
77,77,"No major damage or injuries have been reported in Tonga, but power was temporarily lost, which reportedly prevented Tongan authorities from receiving the tsunami warning issued by the PTWC.","통가에선 큰 피해나 부상자들이 보고되지는 않았지만, 전력 수급이 일시적으로 끊겨 통가 당국이 PTWC에서 발령한 쓰나미 경보를 받지 못한 것으로 알려졌습니다.","Translate the following sentence into Korean.
English: No major damage or injuries have been reported in Tonga, but power was temporarily lost, which reportedly prevented Tongan authorities from receiving the tsunami warning issued by the PTWC.
Korean:",cc977525451af7fd1dadb34228da4837cd3c1f4e9d630c595303d9c4726e0e75,d188ee935c66097925f74eebd4a9b3f7dcc19b7f4b5194c23e3503998bd622fd,47,True,
78,78,Fourteen schools in Hawaii located on or near coastlines were closed all of Wednesday despite the warnings being lifted.,해안지대 또는 그 주변에 있는 14개의 하와이 소재 학교는 경보가 해제되었음에도 지난 수요일 휴교하였습니다.,"Translate the following sentence into Korean.
English: Fourteen schools in Hawaii located on or near coastlines were closed all of Wednesday despite the warnings being lifted.
Korean:",3c59c8e5b727c23b5df1801502c72673f94e47873d40e8e0eb1f4773fdcd60a5,e4d9c36e1dd82cc3940bf955c915cb64fc694bfef9efb3b0cb48c011af6606a4,34,True,
79,79,U.S. President George W. Bush welcomed the announcement.,조지 W. 부시 미국 대통령은 이 같은 발표를 환영했습니다.,"Translate the following sentence into Korean.
English: U.S. President George W. Bush welcomed the announcement.
Korean:",6700af80c3fa31a4676f2c0708c5ed75a012570dbeedf68cf53e420c71f143e0,9b9d0d1cb3019f3cb1f8b648a20ce8a849ed768809f1788a15179a176fa3dca7,24,True,
80,80,"Bush spokesman Gordon Johndroe called North Korea's pledge ""a major step towards the goal of achieving the verifiable denuclearization of the Korean peninsula.""","""부시의 대변인 고든 존드로는 북한의 약속에 대해 """"한반도의 비핵화를 달성하기 위한 주요 단계""""라고 평했습니다.""","Translate the following sentence into Korean.
English: Bush spokesman Gordon Johndroe called North Korea's pledge ""a major step towards the goal of achieving the verifiable denuclearization of the Korean peninsula.""
Korean:",e584141058e8c787ce2e654b67325f05db7c83ce77b68a3a333ba78acd1b6371,881c0605bbb44f287ec9d46ee28d673ccb01f812959d9a31c98ca05ef4fff027,44,True,
81,81,"The tenth named storm of the Atlantic Hurricane season, Subtropical Storm Jerry, formed in the Atlantic Ocean today.",대서양 허리케인의 열 번째 폭풍인 아열대 폭풍 제리가 오늘 대서양에서 생성되었습니다.,"Translate the following sentence into Korean.
English: The tenth named storm of the Atlantic Hurricane season, Subtropical Storm Jerry, formed in the Atlantic Ocean today.
Korean:",351de1352923f097616daf9ab43632d90a857e3b8a3d010a450e24f6d0bb87fc,fba6ab383f501beda87ab8957c0d376882e3c0f62d91355256c3793052370ba8,35,True,
82,82,The National Hurricane Center (NHC) says that at this point Jerry poses no threat to land.,"미국 국립 허리케인 센터 (NHC)에 의하면, 태풍 제리는 더 이상 위협이 되지 않는다.","Translate the following sentence into Korean.
English: The National Hurricane Center (NHC) says that at this point Jerry poses no threat to land.
Korean:",f653fa952db1d0d8106d4c313407824814b07d4578e4acb583fa190d51957d43,68480da684fe267458dd354860db51960b76389683545af7ca4c81ae12bd099c,32,True,
83,83,The U.S. Corps of Engineers estimated that 6 inches of rainfall could breach the previously damaged levees.,미국 공병대는 시간당 6인치의 강우량이 기 파손된 제방을 무너뜨릴 수 있다고 추정했다.,"Translate the following sentence into Korean.
English: The U.S. Corps of Engineers estimated that 6 inches of rainfall could breach the previously damaged levees.
Korean:",9b50506d15c00da6dc24550614bd7152afdb98d38aefd95022df6dfc4ad3ed6c,0b9a50206278c3272b8282aaa97808b0e2d75f08e69620000ab09a8bda6dfc42,34,True,
84,84,"The Ninth Ward, which saw flooding as high as 20 feet during Hurricane Katrina, is currently in waist-high water as the nearby levee was overtopped.",허리케인 카트리나 때 최고 20 feet 높이의 홍수를 겪은 나인스 워드(the Ninth Ward)는 현재 근처 제방이 범람하면서 허리 높이까지 차오르고 있다.,"Translate the following sentence into Korean.
English: The Ninth Ward, which saw flooding as high as 20 feet during Hurricane Katrina, is currently in waist-high water as the nearby levee was overtopped.
Korean:",8e4a77feb4403763f9b95bf42c83a08f0cf408c07c62f7f1fbcaf615df68246b,c5e7ee4049848d7039bf38383c32ac134a0a32a9483809f816733e9d5f6c700c,46,True,
85,85,Water is spilling over the levee in a section 100 feet wide.,100피트 너비의 제방 너머로 물이 흘러넘칩니다.,"Translate the following sentence into Korean.
English: Water is spilling over the levee in a section 100 feet wide.
Korean:",ce21db0584c65bfc7ae9cfcddc3063db084e6e74647f095aa33d0418a549b3a0,7646fa3aa028e009753eaa283502425a3179a8d45363e9cee1823b8980e184fc,30,True,
86,86,Commons Administrator Adam Cuerden expressed his frustration over the deletions when he spoke to Wikinews last month.,Commons 관리자 Adam Cuerden은 지난달 위키 뉴스와의 통화에서 삭제에 대한 불만을 드러냈다.,"Translate the following sentence into Korean.
English: Commons Administrator Adam Cuerden expressed his frustration over the deletions when he spoke to Wikinews last month.
Korean:",0f858ce76159b817e27dde523214977116f105f1eb6f10944ec29f0e347a35f2,ec9c4a9ea2b9e60d2f9948ef83d40530834eaaeadcc3da16a7f37de90a7d0bf0,35,True,
87,87,"""He [Wales] basically lied to us from the start. First, by acting as if this was for legal reasons. Second, by pretending he was listening to us, right up to his art deletion.""","""""""그 (웨일즈)는 처음부터 우리에게 거짓말했어요. 먼저 이 모든 것이 법적인 이유 때문이라고 했고, 또 삭제하기 직전까지 우리의 말을 듣는 것처럼 행동했죠."""" ""","Translate the following sentence into Korean.
English: ""He [Wales] basically lied to us from the start. First, by acting as if this was for legal reasons. Second, by pretending he was listening to us, right up to his art deletion.""
Korean:",380ba37dfe8ec444fb7805ea2c6fd505460c071829446fe699197576bb636dd1,66a4a6bc5058a27d56d5409192800c3c90ea5a2297c72df39997da6ba9af5390,55,True,
88,88,The community irritation led to current efforts to draft a policy regarding sexual content for the site which hosts millions of openly-licensed media.,최근 공동체적 반감으로 인해 수백만 개의 공개 라이선스 미디어가 실린 사이트의 성적 콘텐츠에 관한 정책 시안을 작성하기 위한 노력이 생겨났습니다.,"Translate the following sentence into Korean.
English: The community irritation led to current efforts to draft a policy regarding sexual content for the site which hosts millions of openly-licensed media.
Korean:",1955f672032a62370248444b608bed41af011bc5bf62d373077f08a4b283084e,46979ead883ab640ccd88e98619fc3699a26d3437dd989be4de8581773065d52,38,True,
89,89,"The work done was mostly theoretical, but the program was written to simulate observations made of the Sagittarius galaxy.",비록 대부분 이론에 의존하긴 해도 프로그램은 궁수자리 은하 관측을 시뮬레이션하도록 짜여 있습니다.,"Translate the following sentence into Korean.
English: The work done was mostly theoretical, but the program was written to simulate observations made of the Sagittarius galaxy.
Korean:",bc4af68a0977ef4aea94c84922bdc4876646508e310773bdd64290a242a8559e,b7d1c3e94e12f83726e8d805136341fc0990386693f2280cc43ba961d7d9b6bb,35,True,
90,90,The effect the team was looking for would be caused by tidal forces between the galaxy's dark matter and the Milky Way's dark matter.,팀이 찾고 있던 효과는 은하계의 암흑물질과 은하수의 암흑물질 사이의 기조력에 의해 발생했을 수 있습니다.,"Translate the following sentence into Korean.
English: The effect the team was looking for would be caused by tidal forces between the galaxy's dark matter and the Milky Way's dark matter.
Korean:",6b4af0583643a68a9a9b8f3d6e033bd692751ddc16c7b50c4419a85dbae301e1,a144879c2fbcb3d246af756f075bb1cf75c16040b82a355406ab8cdb9a93d04a,39,True,
91,91,"Just like the moon exerts a pull on the earth, causing tides, so does the Milky Way exert a force on the Sagittarius galaxy.","달이 지구에 당기는 힘을 발휘하여 조수를 일으키듯이, 은하수도 궁수자리 은하계에 힘을 발휘한다.","Translate the following sentence into Korean.
English: Just like the moon exerts a pull on the earth, causing tides, so does the Milky Way exert a force on the Sagittarius galaxy.
Korean:",6272f69ab0b81beab658ffbd5f8f90655413e32579a85ea83ebb66a19a47c8ac,beee32db9fb36dc03682c230ea9d0be2666cab83dfb8fc6ce1ac4c182c92c6d7,43,True,
92,92,The scientists were able to conclude that the dark matter affect other dark matter in the same way regular matter does.,과학자들은 암흑물질이 일반 물질과 같은 방식으로 다른 암흑물질에 영향을 준다고 결론지었습니다.,"Translate the following sentence into Korean.
English: The scientists were able to conclude that the dark matter affect other dark matter in the same way regular matter does.
Korean:",2f5068af6931c57e630b139b657fb77481001a1166596fabbcfde3f26b0e7339,b6f1c18037429bb6c474139e882f130ee66efc854bdccce68c2c1e0f4964ed74,34,True,
93,93,"This theory says that most dark matter around a galaxy is located around a galaxy in a kind of halo, and is made of lots of small particles.","이 이론에 따르면 은하계 주변 암흑물질의 대부분은 마치 후광처럼 은하계 주위에 자리 잡고 있으며, 대량의 작은 입자들로 구성되어 있다.","Translate the following sentence into Korean.
English: This theory says that most dark matter around a galaxy is located around a galaxy in a kind of halo, and is made of lots of small particles.
Korean:",042fc6dea47bf182908952c512d858dff0e71962df380a864e10509fa6ddcd1b,4df6d4c686a3e7e3a310576c2fe36b0d8e064b9ee2f9c7a8b91996a607336901,42,True,
94,94,Television reports show white smoke coming from the plant.,TV 보도는 공장에서 나오는 흰 연기를 보여줍니다.,"Translate the following sentence into Korean.
English: Television reports show white smoke coming from the plant.
Korean:",29f2c70b4116e67dae807e7f234138984ab3c31868daf0de33db6e272d5bf921,e0d4b257c973ece60077fb40818a2932e11b97a75022cd8288349356d055f441,22,True,
95,95,"Local authorities are warning residents in the vicinity of the plant to stay indoors, turn off air-conditioners and not to drink tap water.",현지 당국은 그 발전소 인근 주민들에게 실내에 머물며 에어컨을 끄고 수돗물을 마시지 말라고 경고하고 있다.,"Translate the following sentence into Korean.
English: Local authorities are warning residents in the vicinity of the plant to stay indoors, turn off air-conditioners and not to drink tap water.
Korean:",b64b4a93e9a1aca11cbc6b003e562d55564284a9ef16a337d7772239d2c270a6,c09270fb69125e53d9e725dc3073ebb7e233f1bf780b551c7c134008d2ade79c,39,True,
96,96,"According to Japan's nuclear agency, radioactive caesium and iodine has been identified at the plant.","일본의 핵 관련 정부 기관에 따르면, 방사성 세슘과 요오드가 발전소에서 검출되었다고 한다.","Translate the following sentence into Korean.
English: According to Japan's nuclear agency, radioactive caesium and iodine has been identified at the plant.
Korean:",617e3c75f1fb407486bfa90d3e44d33f05c8808a12e9b1940ccbe3a0596fbcf7,df456af5a521f58809a81a8f02234a772a9f1e622adfdc4a1acc2e347878c747,32,True,
97,97,Authorities speculate that this indicates that containers holding uranium fuel at the site may have ruptured and are leaking.,당국은 이것이 현장에서 우라늄 연료를 보관하는 컨테이너가 파열되어 누출되고 있다는 것을 나타낸다고 추정한다.,"Translate the following sentence into Korean.
English: Authorities speculate that this indicates that containers holding uranium fuel at the site may have ruptured and are leaking.
Korean:",18025c00f335e53cfa735ea17cf0a52186cac4389328615ef3ef2b669957e588,5a03914ae37545feaa54f761d6282f8d66105a36f0610e40c2b50c8df9dd3889,33,True,
98,98,Dr. Tony Moll discovered the Extremely Drug Resistant Tuberculosis (XDR-TB) in the South African region KwaZulu-Natal.,토니 몰 박사는 남아공 지역인 콰줄루나탈에서 XDR-TB(약물 내성 결핵)를 발견했습니다.,"Translate the following sentence into Korean.
English: Dr. Tony Moll discovered the Extremely Drug Resistant Tuberculosis (XDR-TB) in the South African region KwaZulu-Natal.
Korean:",f603ed5c995b4137282cea4f7daed903eb48ae4b055934a0cf37d7fb41dd3578,99c5b4eb3dd3f40849a7d8e35820223600bdf34178f53684473977f68d955709,43,True,
99,99,"In an interview, he said the new variant was ""very highly troubling and alarming because of the very high fatality rate.""",그는 인터뷰에서 새로운 변종이 '치명률이 무척 높아 아주 대처하기 어려우며 두렵다고 언급했다.,"Translate the following sentence into Korean.
English: In an interview, he said the new variant was ""very highly troubling and alarming because of the very high fatality rate.""
Korean:",dc1b72f19561e3ac8e2eec9fa5329ae715090473a434a940d664d4645af4cbbb,94c8805f9625a98a4c6cd3127e47bb937f0420e5dcd4d4210543bd28035e24e8,37,True,
100,100,"Some patients might have contracted the bug in the hospital, Dr. Moll thinks, and at least two were hospital health workers.","Moll 박사는 일부 환자가 병원에서 질병에 감염되었을 수 있다고 생각하며, 그중 적어도 2명은 건강한 병원 근로자였을 것으로 생각했습니다.","Translate the following sentence into Korean.
English: Some patients might have contracted the bug in the hospital, Dr. Moll thinks, and at least two were hospital health workers.
Korean:",da41a4bea0cf7c82016fe8b5c7344aac99644130d31d1fd928b00864a021e819,02bbe0225dc3a5d2d38bb52177fb244a835116717197544b23515c1513a0810b,38,True,
101,101,"In one year's time, an infected person may infect 10 to 15 close contacts.","1년이라는 시간 동안, 감염자 1명이 밀접 접촉자 10명에서 15명을 감염시킬 가능성이 있습니다.","Translate the following sentence into Korean.
English: In one year's time, an infected person may infect 10 to 15 close contacts.
Korean:",c33e47537529c563e4d0df2a5f92abd4f18dc6d3fabc0d8c825a9f2156b99587,801e8eac6de1a7c24b35caccfc03194dbe79a700327a533fa3e809e59676ec8a,33,True,
102,102,"However, the percentage of XDR-TB in the entire group of people with tuberculosis still seems to be low; 6,000 of the total 330,000 people infected at any particular moment in South Africa.","그러나 전체 결핵 환자 중 XDR-TB가 있는 비율은 그리 높지 않은 듯합니다. 어느 특정 순간에 남아프리카에서 결핵에 걸린 환자가 330,000명이라고 할 때, 6,000명 정도가 XDR-TB가 있는 수준입니다.","Translate the following sentence into Korean.
English: However, the percentage of XDR-TB in the entire group of people with tuberculosis still seems to be low; 6,000 of the total 330,000 people infected at any particular moment in South Africa.
Korean:",f3cf9169453914e6ef6a74f21de9179d122ade17a704d907668bb201d3897e14,3bc0dc04f4eba1fc8375ac52083fdd02a0c83b4b9d6f8d26fca355bc2d51d536,62,True,
103,103,"The satellites, both of which weighed in excess of 1,000 pounds, and traveling at approximately 17,500 miles per hour, collided 491 miles above the Earth.","무게가 1,000파운드를 초과하고 시속 약 17,500마일로 이동하던 이 두 위성이 지구 상공 491마일에서 충돌했습니다.","Translate the following sentence into Korean.
English: The satellites, both of which weighed in excess of 1,000 pounds, and traveling at approximately 17,500 miles per hour, collided 491 miles above the Earth.
Korean:",2d0179377045279c4e27502547019a3c756ee34c83a45142ba7b44fb24d05326,f140e442a4a6f3a6870065fb4e82f37363d9c2537ce4561272d712b8ff494cf8,55,True,
104,104,Scientists say the explosion caused by the collision was massive.,과학자들은 충돌로 인한 폭발이 거대했다고 말한다.,"Translate the following sentence into Korean.
English: Scientists say the explosion caused by the collision was massive.
Korean:",d324626c50b5bdf224eae720ce824c3d4576bb07e80bbfebe0b1088bc6af3d10,15e76ad7e5e9a79ae911e2c2e7427a3db0d7393d156547585f824b38b4becab3,23,True,
105,105,They are still trying to determine just how large the crash was and how the Earth will be affected.,그들은 여전히 충돌의 크기와 지구가 어떤 영향을 받을 것인지에 대해 연구 중이다.,"Translate the following sentence into Korean.
English: They are still trying to determine just how large the crash was and how the Earth will be affected.
Korean:",f845059d7fc04eff486772ba9a728050c94808f5f0c67bec6ddc4fde1f9db47d,030e732bff93b63c214e27b50bfb153d3e6b03890232ffac886014a42523a4eb,32,True,
106,106,The United States Strategic Command of the U.S. Department of Defense office is tracking the debris.,미 국방부의 전략사령부가 잔해를 추적 중에 있다.,"Translate the following sentence into Korean.
English: The United States Strategic Command of the U.S. Department of Defense office is tracking the debris.
Korean:",af4ad2e13e6e53d7e825325dc09ffb48020fc1cca06425c60230eebb9a0056a1,d543e54a23ba3a25b08c28f005baedc2ad8fbbde1ea8d4b831bf5f117af7b51a,31,True,
107,107,The result of plotting analysis will be posted to a public website.,도표화된 분석 결과가 공개 웹사이트에 게시될 예정입니다.,"Translate the following sentence into Korean.
English: The result of plotting analysis will be posted to a public website.
Korean:",77a13421d04f3b7a69da2a1b42825a7ac46eb0fe1e0affb62101e67d10140d92,70ea49db1676ccef8a04b1409ec538cac59c1b9f134725a000712511fe2a141a,25,True,
108,108,"A doctor who worked at Children's Hospital of Pittsburgh, Pennsylvania will be charged with aggravated murder after her mother was found dead in the trunk of her car Wednesday, authorities in Ohio say.",펜실베이니아주 피츠버그 아동 병원에서 근무했던 한 의사의 어머니가 수요일 해당 의사의 차량 트렁크에서 숨진 채 발견되자 해당 의사를 가중 살인 혐의로 기소할 것이라고 오하이오주 당국이 밝혔습니다.,"Translate the following sentence into Korean.
English: A doctor who worked at Children's Hospital of Pittsburgh, Pennsylvania will be charged with aggravated murder after her mother was found dead in the trunk of her car Wednesday, authorities in Ohio say.
Korean:",f2d01bcce042de0acca35bc3759e25e9081246a6be01e18f50a55b4fb4b81166,fc053e7002d792d25a277de0725678fa911eb5829040454b68cd005f819bae88,49,True,
109,109,"Dr. Malar Balasubramanian, 29, was found in Blue Ash, Ohio, a suburb approximately 15 miles north of Cincinnati lying on the ground beside the road in a T-shirt and underwear in an apparently heavily medicated state.",29세의 말라라 발라수브라마니아 박사는 신시내티에서 북쪽으로 약 15마일 떨어진 교외 지역인 오하이오주 블루 애쉬에서 도로 옆 바닥에 누워 티셔츠와 속옷만 입은 채 약물에 취한 상태로 발견되었습니다.,"Translate the following sentence into Korean.
English: Dr. Malar Balasubramanian, 29, was found in Blue Ash, Ohio, a suburb approximately 15 miles north of Cincinnati lying on the ground beside the road in a T-shirt and underwear in an apparently heavily medicated state.
Korean:",15b9be87ec1a5b0be44fb469b2fbadc215158ed8d5f1423afce5e733897b87fa,77300c9c1031bf0230fb01009476fd29e6054e6fed489a6afd2ad2fcf9910bf9,65,True,
110,110,She directed officers to her black Oldsmobile Intrigue which was 500 feet away.,그녀는 경관들에게 150미터 떨어져 있는 그녀의 검은색 올즈모빌 인트리그를 가리켰다.,"Translate the following sentence into Korean.
English: She directed officers to her black Oldsmobile Intrigue which was 500 feet away.
Korean:",203bd0210730cc369b3ef38536c16eec0fd6c6a1101ac9a9ebb4eced65966654,41474192517d2dfcc8a453437b3f03cca483269d68bf596b6bff9f5836ebc57a,32,True,
111,111,"There, they found the body of Saroja Balasubramanian, 53, covered with blood-stained blankets.",그곳에서 그들은 피 묻은 담요로 덮인 53세의 사로자 발라스브라마니안 (Saroja Balasubramanian)의 사체를 발견했습니다.,"Translate the following sentence into Korean.
English: There, they found the body of Saroja Balasubramanian, 53, covered with blood-stained blankets.
Korean:",e4249e1e1ac5d4df40d1b0618bbb11a1b54f0b0839750e0e80ab37a717022a06,78d242d739e25e0e834bca1131dc54c37475a4e8544cfc8bf3412b983be4014d,39,True,
112,112,Police said that the body appeared to have been there for about a day.,경찰은 시체가 하루 정도 있었던 것으로 보인다고 말했습니다.,"Translate the following sentence into Korean.
English: Police said that the body appeared to have been there for about a day.
Korean:",399813eee952fbed66f91e6761c1fb1a72916d7b4d3a2a82afc8bbd4b89f598d,d470a1904b781e88a20919c9451c8dd25c1e65ac96271ff11dac4c8284a3599b,27,True,
113,113,The first cases of the disease this season were reported in late July.,이번 시즌의 첫 발병 사례는 7월 말에 보고되었습니다.,"Translate the following sentence into Korean.
English: The first cases of the disease this season were reported in late July.
Korean:",6fb6402bbfb0c1c0923a196fb859dda88f4c0db8ee13a80678aba3487f46e752,35739b5587c9b94a571a955d35b26fd87e1d89e007d30e05565ae03ac8488188,26,True,
114,114,"The disease is carried by pigs, which then migrates to humans through mosquitos.","이 병은 돼지에 의해 옮겨진 다음, 모기를 통해 인간에게 옮겨집니다.","Translate the following sentence into Korean.
English: The disease is carried by pigs, which then migrates to humans through mosquitos.
Korean:",5bc954d8c3a9d3d2c2497da5e1fd22a9d39aaa79d67ee96976a1369aacc21820,4b42b89a5aca359c0f37f1d8bcbec6b1ee4f7f5853c6c175bde58931c5530395,30,True,
115,115,"The outbreak has prompted the Indian government to undertake such measures as deployment of pig catchers in seriously affected areas, distributing thousands of mosquito curtains and spraying pesticides.","이번 발병으로 인도 정부는 심각한 피해를 입은 지역에 돼지 포획꾼을 파견하고, 모기장 수천 장을 배급했으며 살충제를 살포하는 등의 조치를 취했다.","Translate the following sentence into Korean.
English: The outbreak has prompted the Indian government to undertake such measures as deployment of pig catchers in seriously affected areas, distributing thousands of mosquito curtains and spraying pesticides.
Korean:",910dab18f6b24d307f88a7f02b210d3c325ee2e69b018d0e5c65904d843ea5ff,cd1eb397724cce16ce875131f4524dd312d75844e733412e9715390fc8a8d504,43,True,
116,116,"Several million vials of encephalitis vaccine have also been promised by the government, which will help prepare health agencies for next year.",정부에서 수백만 개의 뇌염 백신의 전달하기로도 약속한 만큼 내년 보건 기관들의 준비에 큰 도움이 될 것이다.,"Translate the following sentence into Korean.
English: Several million vials of encephalitis vaccine have also been promised by the government, which will help prepare health agencies for next year.
Korean:",5455018b58126086c2a875e043b636d2d80b6f182c100a8e5a9311591c886713,ab2167af191660c41a37559d826be4d19056e388c43d2d5062d717cc1f202b50,40,True,
117,117,Plans for vaccines to be delivered to the historically most affected areas this year were delayed due to lack of funds and low prioritisation relative to other diseases.,올해 역사상 가장 타격이 심한 지역에 백신을 전달하기 위한 계획이 자금 부족과 다른 질병에 비해 낮은 우선순위로 인해 연기되었습니다.,"Translate the following sentence into Korean.
English: Plans for vaccines to be delivered to the historically most affected areas this year were delayed due to lack of funds and low prioritisation relative to other diseases.
Korean:",6044d4e6801e8051833832bb77cf0c03d8cea3bebdcd314581bf8a2be99a7ab0,efaf18121a82106f214068d05dd2f6398d6ee7a98168578aedd53c49b5b33a11,42,True,
118,118,"In 1956 Słania moved to Sweden, where three years later he began work for the Swedish Post Office and became their chief engraver.","슬라니아는 1956년에 스웨덴으로 이주하였습니다. 그로부터 3년 뒤, 그는 스웨덴 우체국에서 일하기 시작하여 우체국 수석 조각공이 되었습니다.","Translate the following sentence into Korean.
English: In 1956 Słania moved to Sweden, where three years later he began work for the Swedish Post Office and became their chief engraver.
Korean:",4124aac98ddc10346ff5afbe55f3b55a7fb0530048e530a5c3f13ec616b5b332,a24a2455a62f785b1993518acc7182db3b1e85cb0d9f86e833a90223e63d1851,44,True,
119,119,"He produced over 1,000 stamps for Sweden and 28 other countries.","그는 스웨덴과 다른 28개국을 위해 1,000개 이상의 우표를 제작했다.","Translate the following sentence into Korean.
English: He produced over 1,000 stamps for Sweden and 28 other countries.
Korean:",eec3225313a9320f5db3f09f18e6aff967136ef1c050478470a1c154fd73b062,75e8c5e0475332b420e07efbd44b9354353b85df01189b161e6c8da78622ab9e,31,True,
120,120,"His work is of such recognized quality and detail that he is one of the very few ""household names"" among philatelists. Some specialize in collecting his work alone.","""그의 작품은 높은 품질과 세밀하기로 정평이 나 있고 그는 도장 파는 사람 중 정말 몇 되지 않는 """"누구나 아는 이름""""의 소유자이다. 그의 작품만을 전문으로 수집하는 사람들도 있다.   ""","Translate the following sentence into Korean.
English: His work is of such recognized quality and detail that he is one of the very few ""household names"" among philatelists. Some specialize in collecting his work alone.
Korean:",764dd637c09c4a9621825bdec694913b6318e85741394e3692bae4e7fa15ff5f,40d5d9b3849cdea275e3ba8be6273a49b6126cf1c7dc256f86ac767b48cff7e1,47,True,
121,121,"His 1,000th stamp was the magnificent ""Great Deeds by Swedish Kings"" by David Klöcker Ehrenstrahl in 2000, which is listed in the Guinness Book of World Records.","그의 1,000번째 도장은 2000년에 다비드 클뢰커 에렌슈트랄의 장대한 작품인 '스웨덴 역대 왕의 위업'을 새긴 것이다. 그리고 이는 기네스 세계 기록에 등재되어 있다.","Translate the following sentence into Korean.
English: His 1,000th stamp was the magnificent ""Great Deeds by Swedish Kings"" by David Klöcker Ehrenstrahl in 2000, which is listed in the Guinness Book of World Records.
Korean:",58f30e5b8d8ac1f233ddfd7525034b6400747f7168cfe29d679a9f4886db5292,3c95cb9f0cc31ed9d14e9507d07f1acf3d1ffd7abed8b4a05e6b94fe7ffe0a6f,59,True,
122,122,"He was also engaged in engraving banknotes for many countries, recent examples of his work including the Prime Ministerial portraits on the front of the new Canadian $5 and $100 bills.","그는 또한 다른 국가들의 지폐를 새기는 일에도 참여했는데, 최근 캐나다에서 나온 새 5달러와 100달러 지폐 전면에 나온 총리의 초상화가 그의 작품이다.","Translate the following sentence into Korean.
English: He was also engaged in engraving banknotes for many countries, recent examples of his work including the Prime Ministerial portraits on the front of the new Canadian $5 and $100 bills.
Korean:",44666839f0d15c31c033863143c763a072430d16b39e3d486135584b9669c158,dd6b3f424914b9c1605aa6d6620846a3206d28fb19889e0d437f2a818a6229c6,52,True,
123,123,"After the accident occurred, Gibson was transported to a hospital but died shortly afterwards.","사건 발생 이후, 깁슨(Gibson)은 병원으로 이송되었으나 얼마 후 숨을 거뒀다.","Translate the following sentence into Korean.
English: After the accident occurred, Gibson was transported to a hospital but died shortly afterwards.
Korean:",6863560504f5cd094a66059bc87495c8cdda2106b6976cd41b64786d8564eb34,7beb4646b7d95fd5ef49750485f0840046c570ccedb4d91b44e800d05ec54b3f,28,True,
124,124,"The truck driver, who is aged 64, was not injured in the crash.",64세인 트럭 운전수는 충돌 사고에서 부상을 입지 않았습니다.,"Translate the following sentence into Korean.
English: The truck driver, who is aged 64, was not injured in the crash.
Korean:",1cae2ba5bbec705adb17f2dfa332e1006fc609c8b162c578db0c65420a250297,817fc8ac5a3c3c289ca6cd0d0af52a2155b9532d09371bfa91c9ad6d93743df7,30,True,
125,125,The vehicle itself was taken away from the scene of the accident at approximately 1200 GMT on the same day.,해당 차량은 같은 날 그리니치 표준시로 대략 12시에 사고 현장에서 옮겨졌습니다.,"Translate the following sentence into Korean.
English: The vehicle itself was taken away from the scene of the accident at approximately 1200 GMT on the same day.
Korean:",527e18191d055939463740c181cb18845df25e316b3bb74a3b1eb7622d15ae6f,b93a83040decb384c069a65714c9aa5fb6c9d55cf0e4eb87d6af8b1759129bc1,37,True,
126,126,"A person working in a garage near where the accident occurred said: ""There were children waiting to cross the road and they were all screaming and crying.""","""사고 지점 인근 한 정비소에서 근무하는 한 사람은 """"길을 건너려고 기다리던 아이들이 모두 비명을 지르며 울고 불고 난리였어요""""라고 말했다.""","Translate the following sentence into Korean.
English: A person working in a garage near where the accident occurred said: ""There were children waiting to cross the road and they were all screaming and crying.""
Korean:",d3cf8c6e1727e9570147bd49e0a166d08dd98e1f13d78197e9bb411dd1f24985,ed13e51d6d696ae31670cdc1d5978ba111c69aea6d4ea5cd9cb6304a877e5f0d,42,True,
127,127,They all ran back from where the accident had happened.,그들은 모두 사고 현장으로 달려갔다.,"Translate the following sentence into Korean.
English: They all ran back from where the accident had happened.
Korean:",b67b3076683ed865b612390fc7aa50e48af6f602c6525c0fe16d23ee62a92d2e,f0cf96dbf733956322c9d175a600d6bbc7d0d653f13e06c04b3ea698105e0b1a,23,True,
128,128,"Other subjects on the agenda in Bali include saving the world's remaining forests, and sharing technologies to help developing nations grow in less-polluting ways.",다른 주제로는 세계에 남아 있는 숲을 구하고 개발도상국들이 오염이 덜한 방법으로 성장할 수 있도록 돕는 기술을 공유하는 것이 발리 아젠다에 포함됩니다.,"Translate the following sentence into Korean.
English: Other subjects on the agenda in Bali include saving the world's remaining forests, and sharing technologies to help developing nations grow in less-polluting ways.
Korean:",ee398b615060b16e4d68831b0c99d8200d847f4d6d60cc5d620658823f406e82,9c3fbc4436ccd2ce6322402e0bec432b1ed69e73d11df36261d7d0c68bcfb40b,42,True,
129,129,The U.N. also hopes to finalize a fund to help countries affected by global warming to cope with the impacts.,또한 유엔은 지구 온난화의 영향을 받는 국가들의 대처를 돕기 위한 기금의 조성을 완료하기를 기대하고 있습니다.,"Translate the following sentence into Korean.
English: The U.N. also hopes to finalize a fund to help countries affected by global warming to cope with the impacts.
Korean:",4151289a30904c2457711dc1424e2a84060687733f4ab399cbd2711d1b1d983c,0412ebefb13a8ed3123ce99e15e42a5702d45b5a93970def63d0052454889767,35,True,
130,130,"The money could go toward flood-proof houses, better water management, and crop diversification.","그 돈은 홍수 대비 주택, 수자원 관리 발전, 그리고 농작물 다양성 쪽으로 갈 수 있다.","Translate the following sentence into Korean.
English: The money could go toward flood-proof houses, better water management, and crop diversification.
Korean:",310fa0cbf5c3358d2df1427d653accf81a9f7f9acf4c09383f193d83a944d679,c38be5b3e18ce0323d1e293a63f056410c507b2eecd6c11f82f8d17ca49b48b1,30,True,
131,131,Fluke wrote that the efforts by some to drown out women from speaking out about women’s health were unsuccessful.,플루크(Fluke)는 여성들이 여성의 건강에 대해 소리를 높이는 것을 그저 흘려보내려는 일부의 노력이 수포로 돌아갔다고 작성했다.,"Translate the following sentence into Korean.
English: Fluke wrote that the efforts by some to drown out women from speaking out about women’s health were unsuccessful.
Korean:",495179a389beca875b4725c9ca033ee6543c649b27de715db9f12224825f11b9,397372dccd85ab55e037b6baf6b1deb35e4c85b25a2da34f5a332ee8f384ef09,34,True,
132,132,She came to this conclusion due to the multitude of positive comments and encouragement sent to her by both female and male individuals urging that contraception medication be considered a medical necessity.,그녀는 피임약이 의학적으로 꼭 필요한 것으로 여겨야 한다고 촉구하는 여성과 남성 모두의 긍정적인 의견과 격려가 쇄도했기 때문에 이런 결론을 내렸다.,"Translate the following sentence into Korean.
English: She came to this conclusion due to the multitude of positive comments and encouragement sent to her by both female and male individuals urging that contraception medication be considered a medical necessity.
Korean:",88e286beb2ffc08a6cc7328aad51ab8fdda62177c1de41ae69e0236fb6e71e41,6a65ce75f4391fbb6b9bf4a0b4c71347f9283ac32aafab967b1ff6caf8c11063,45,True,
133,133,"When the fighting ceased after the wounded were transported to the hospital, about 40 of the other remaining inmates stayed in the yard and refused to return to their cells.","부상자들이 병원으로 이송되고 싸움이 중단되자, 약 40명의 수감자들은 교도소 마당에서 버티며 각자 유치장으로 돌아가길 거부했습니다.","Translate the following sentence into Korean.
English: When the fighting ceased after the wounded were transported to the hospital, about 40 of the other remaining inmates stayed in the yard and refused to return to their cells.
Korean:",b3b700d482c6f3844e6f06910acda5410ae60ad4df2504d52aeb0ee80d22b3c8,a79096f11b0e0cf240a578efbb83fa7cfb96c3e8a130988591886a7ca40e307c,46,True,
134,134,"Negotiators tried to rectify the situation, but the prisoners' demands are not clear.","협상가들은 상황을 바로잡으려고 했지만, 포로들의 요구는 명확하지 않습니다.","Translate the following sentence into Korean.
English: Negotiators tried to rectify the situation, but the prisoners' demands are not clear.
Korean:",4b9c981d58b93100ba4f6e122fdb1f82b617b261c14d00d7e0b15c326b240e16,d6b60b7216a026b6cb49737ba38e77c45a6985b62ec61e9e5b6305837f4a5eca,30,True,
135,135,"Between 10:00-11:00 pm MDT, a fire was started by the inmates in the yard.",오후 10 - 11시 MDT(산악 여름 시간) 사이에 수감자들이 교도소 마당에 화재를 시작했다.,"Translate the following sentence into Korean.
English: Between 10:00-11:00 pm MDT, a fire was started by the inmates in the yard.
Korean:",b262f0b33d5d5d278c76d57c7a7e16ecbc8b9e2c04dc9ca635fdaf020da22803,2fcdebec3b9aa3122db65773f189ad7d4667f46ed663e2e6a351a48fdf27d86b,40,True,
136,136,"Soon, officers equipped with riot gear entered the yard and cornered the inmates with tear gas.","곧, 폭동 진압 장비를 갖춘 경찰들이 마당으로 진입해 최루 가스를 이용하여 수감자들을 코너로 몰아넣었습니다.","Translate the following sentence into Korean.
English: Soon, officers equipped with riot gear entered the yard and cornered the inmates with tear gas.
Korean:",b0f0084d75c07326a0fa121090d9f5a3a6d4ad84571ee39900d3577494c9892c,68f244c167359bbb640f39fd7f81c9fdd1985f53e96f46b5adfda25e5d52dd5e,31,True,
137,137,Fire rescue crews eventually doused the fire by 11:35 pm.,소방 구조 대원들이 결국 오후 11시 35분까지 불을 껐다.,"Translate the following sentence into Korean.
English: Fire rescue crews eventually doused the fire by 11:35 pm.
Korean:",72271a530fd79acf10dbfe0189fb4ec9034a06146076a81683834db5d76b0d25,7931d1c5e40769159b8d8b1d5f3d4a6a75f3930ba60a21825f984f46c83c6980,29,True,
138,138,"After the dam was built in 1963, the seasonal floods that would spread sediment throughout the river were halted.","1963년에 댐이 건설된 후, 강 전반에 퇴적물을 퍼트리는 계절 홍수가 그쳤습니다.","Translate the following sentence into Korean.
English: After the dam was built in 1963, the seasonal floods that would spread sediment throughout the river were halted.
Korean:",e07919753cec23253ed1668fc72b8a4a49f52c4b86c646508057541fc84c1f4f,26479fb7ba524966471125d35ccd5539b473df988fdaaf4bb8829217514bc95c,37,True,
139,139,"This sediment was necessary for creating sandbars and beaches, which served as wildlife habitats.",이 퇴적물은 야생 동물 서식지로 사용되는 샌드바와 해변을 생성하는데 필수적이어습니다.,"Translate the following sentence into Korean.
English: This sediment was necessary for creating sandbars and beaches, which served as wildlife habitats.
Korean:",ad10d1bd392470b7cdf3d3ded6a3cbea07f37bf828180ab6fdee9729827c39b8,e4fce21e5d7cda91fcd3194a7e5f67cbea1f162514f15b8a58c5ae63ed797a9b,29,True,
140,140,"As a result, two fish species have become extinct, and two others have become endangered, including the humpback chub.","그 결과로, 물고기 두 종은 멸종되었고, 험프백 첩을 포함한 다른 두 종은 멸종 위기에 처하였다.","Translate the following sentence into Korean.
English: As a result, two fish species have become extinct, and two others have become endangered, including the humpback chub.
Korean:",9c9ccfb6784c93c74fee1b396ff89ec6daca1141a227426ee3a6c0bd432ca82d,13e76ed2d1eea75a50dedf002ae0759b26668d65ea45775e78d642d5a4d1caba,38,True,
141,141,"Although the water level will only rise a few feet after the flood, officials are hoping it will be enough to restore eroded sandbars downstream.",홍수때문에 수위가 몇 피트 상승하겠지만 관계자들은 이로 인해 하류에 침식된 모래톱이 복구되기를 기대하고 있다.,"Translate the following sentence into Korean.
English: Although the water level will only rise a few feet after the flood, officials are hoping it will be enough to restore eroded sandbars downstream.
Korean:",29477586bf2e06fa9905bcb6b729da26031599bd92cdaead9d2c26cb54519d92,c7f8be69bd06a1756212602f978198bf99df6fe542576b2b67192f2b6a65a0bf,41,True,
142,142,"No tsunami warning has been issued, and according to the Jakarta geophysics agency, no tsunami warning will be issued because the quake did not meet the magnitude 6.5 requirement.",쓰나미 경고는 발령되지 않았으며 자카르타 지구 물리학 연구소에 의하면 진도 6.5를 넘지 않는 지진에는 쓰나미 경고가 발령되지 않을 것이라고 합니다.,"Translate the following sentence into Korean.
English: No tsunami warning has been issued, and according to the Jakarta geophysics agency, no tsunami warning will be issued because the quake did not meet the magnitude 6.5 requirement.
Korean:",8586fefb2a87fc2e541b8985811a6e38cc62a872b204c226b6215d2d88c8c90a,d355a41784e2988480f5d7064c6f5b5648037060537f5909f6e6506d371fb15b,49,True,
143,143,"Despite there being no tsunami threat, residents started to panic and began to leave their businesses and homes.",쓰나미의 위험이 없었음에도 불구하고 주민들은 공황 상태에 빠지기 시작했고 자신의 사업장과 집을 떠나기 시작했습니다.,"Translate the following sentence into Korean.
English: Despite there being no tsunami threat, residents started to panic and began to leave their businesses and homes.
Korean:",a095932d91b538c7201eb2531279b0fb4933d7e4ba41cde414c34acba0f5abe8,7f650ebb8954c645216cf9e35981efdc0742655cdee1242ad6b66f414dd32c19,32,True,
144,144,"Although Winfrey was tearful in her farewell, she made it clear to her fans she will be back.","비록 윈프리가 작별 인사에서 눈물지었지만, 팬들에게 반드시 다시 돌아오겠다고 약속했다.","Translate the following sentence into Korean.
English: Although Winfrey was tearful in her farewell, she made it clear to her fans she will be back.
Korean:",34357cb4977d6a7fe9e9bd9497d12555631c69d94f69a5c4062f9a2d5b57d9e0,0e6009140cd70626ae9460e618cbefde3df11523c8af0b29cf5fb810c23e9c02,34,True,
145,145,"""This is not going to be goodbye. This is the closing of one chapter and the opening of a new one.""","""""""이건 작별 인사가 아닙니다. 이것은 한 장의 끝이며 새로운 장의 시작입니다.""""""","Translate the following sentence into Korean.
English: ""This is not going to be goodbye. This is the closing of one chapter and the opening of a new one.""
Korean:",f13f648213685eee63fe7be1abda1c0d12131f46599a61c89fa02cad3c1c1ff4,ecb2eed06722cf3f2128fdf3e087496dd853bfee264363a2f3b576eefd4c4340,36,True,
146,146,"Final results from Namibian presidential and parliamentary elections have indicated that the incumbent president, Hifikepunye Pohamba, has been reelected by a large margin.",나미비아 대통령 및 의회 선거의 최종 결과에 따르면 현직 대통령인 히피케푸니에 포함바가 큰 표차로 재당선된 것으로 밝혀졌다.,"Translate the following sentence into Korean.
English: Final results from Namibian presidential and parliamentary elections have indicated that the incumbent president, Hifikepunye Pohamba, has been reelected by a large margin.
Korean:",1f35e9e8a1a2595179e1345f00e3c564e363fccf4c3989f73efd2140c0309e2c,95b955a55116ab7635d793c611178533637d047f75d44ae1849f8bb9e3e65bc9,48,True,
147,147,"The ruling party, South West Africa People's Organisation (SWAPO), also retained a majority in the parliamentary elections.",집권당인 서아프리카 인민 기구(SWAPO)도 의회 선거에서 과반수를 유지했습니다.,"Translate the following sentence into Korean.
English: The ruling party, South West Africa People's Organisation (SWAPO), also retained a majority in the parliamentary elections.
Korean:",dfe69cfc3c38ae11caa06c32c674e898433a3c7dc881c63f77f940abf28025f3,7b6f930d170a8bbc90a19c0b6bd61d00c8e0deb2dba577040c4fab33f18cc070,35,True,
148,148,Coalition and Afghan troops moved into the area to secure the site and other coalition aircraft have been sent to assist.,"연합군과 아프간군은 해당 구역에 진입하여 주변을 장악했고, 다른 연합군 항공기도 지원을 위해 파견됐다.","Translate the following sentence into Korean.
English: Coalition and Afghan troops moved into the area to secure the site and other coalition aircraft have been sent to assist.
Korean:",b7cd69632c21c0b3e38a98a5c9fcec465bc4059bcd9d34f0f8d7c098164edace,da3b83235298d04778d736f6a7c1c6d84868d3bbdd4b613c2b3fb1451b2b43ff,34,True,
149,149,"The crash occurred high up in mountainous terrain, and is believed to have been the result of hostile fire.","해당 충돌은 산악 지형의 높은 위치에서 발생했으며, 예기치 않은 화재로 인해 발생되었다고 여겨집니다.","Translate the following sentence into Korean.
English: The crash occurred high up in mountainous terrain, and is believed to have been the result of hostile fire.
Korean:",20ee7cbd2cbb16a3f02950a072dd29c37cc0762b608555033872732f95e62f98,26531438b6d5ba5527f5b021201642e3d71b4faf59048817b7f813442a297051,34,True,
150,150,Efforts to search for the crash site are being met by bad weather and harsh terrain.,추락 지점을 수색하려는 노력은 악천후와 험한 지형에 맞닥뜨리고 있습니다.,"Translate the following sentence into Korean.
English: Efforts to search for the crash site are being met by bad weather and harsh terrain.
Korean:",598dea6dbbc808583ab60d4919df377eb378a9ccaeb268556b24a72e05804837,3976a04e11dd6c7e75a57b1ed30b499ee369582674ec6c3e1ebbbc7a6c2fcfaa,30,True,
151,151,"The medical charity Mangola, Medecines Sans Frontieres and the World Health Organisation say it is the worst outbreak recorded in the country.","의료 자선 단체인 Mangola, 국경 없는 의사회, 세계보건기구(WHO)는 이 발병이 이 나라에서 기록된 최악의 발병이라고 입을 모읍니다.","Translate the following sentence into Korean.
English: The medical charity Mangola, Medecines Sans Frontieres and the World Health Organisation say it is the worst outbreak recorded in the country.
Korean:",7d5668960017ad49b7a0ad9f742293ca4ab890b7e1a2fbe3dc8f7f6a75584e05,66d5e476efe8b3835f4d0b9067a8329c0a019c246e78badf2ba22c2b4cb4815d,40,True,
152,152,"Spokesman for Medecines Sans Frontiere Richard Veerman said: ""Angola is heading for its worst ever outbreak and the situation remains very bad in Angola,"" he said.","""국경 없는 의사회 리차드 비어만(Richard Veerman) 대변인은 """"앙골라는 최악의 사태로 치닫고 있으며 앙골라의 상황은 여전히 매우 나쁩니다""""라고 말했습니다.""","Translate the following sentence into Korean.
English: Spokesman for Medecines Sans Frontiere Richard Veerman said: ""Angola is heading for its worst ever outbreak and the situation remains very bad in Angola,"" he said.
Korean:",e41fe31022425ac7561acd6602c61d7b351d40fcba9b7b90ba25e2f29b68110a,19e8bd485e1dcc9b597c1f70e321a1bba87b83dc2ea6bfb92bd7633aec9b3673,49,True,
153,153,"The games kicked off at 10:00am with great weather and apart from mid morning drizzle which quickly cleared up, it was a perfect day for 7's rugby.","경기는 좋은 날씨 가운데 10시에 시작해, 아침나절에 내리다 금방 그친 약간의 보슬비를 제외하곤 7개국 럭비 대회를 위해선 완벽한 날이었다.","Translate the following sentence into Korean.
English: The games kicked off at 10:00am with great weather and apart from mid morning drizzle which quickly cleared up, it was a perfect day for 7's rugby.
Korean:",3c2ba4a624791621fa8ca3032ca396d82a8337af63382a6d0396af19b702ef7d,16a3d7b10c1890dff03bac6ac9805b0a013c91f407fdfb8ac061165527292b4c,50,True,
154,154,Tournament top seeds South Africa started on the right note when they had a comfortable 26 - 00 win against 5th seeded Zambia.,토너먼트의 톱시드 국인 남아프리카 공화국은 제5시드국 잠비아를 26 대 00으로 편하게 이기고 순조로운 출발을 알렸다.,"Translate the following sentence into Korean.
English: Tournament top seeds South Africa started on the right note when they had a comfortable 26 - 00 win against 5th seeded Zambia.
Korean:",18eb237d0826adb5f800c11dc0b4921c1ba33fa685023ac935828af0831e466d,405a59dade9a0f7db1dc78022c4c4250e043ac9d448eaac481d9c09cdee265f9,42,True,
155,155,"Looking decidedly rusty in the game against their southern sisters, South Africa however steadily improved as the tournament progressed.",남쪽 국가들과의 경기에서는 완전히 실력이 녹슨 것으로 보였던 남아프리카였지만 토너먼트가 진행됨에 따라 실력이 꾸준히 향상되었습니다.,"Translate the following sentence into Korean.
English: Looking decidedly rusty in the game against their southern sisters, South Africa however steadily improved as the tournament progressed.
Korean:",4a65512d3ec43efd5ce7f42787128c67de4b695f32aeb57c025e183809d52aa8,48507a58d8bfd7d5e18bfdf66ad8a12aa8b6bf994c5b46096de174efcd872846,33,True,
156,156,"Their disciplined defence, ball handling skills and excellent team work made them stand out and it was clear that this was the team to beat.","잘 훈련된 수비 기술, 공 핸들링 기술 및 훌륭한 팀워크가 그들을 돋보이게 했고 이것으로 팀이 승리를 거머쥘 것이라는 사실은 누가 봐도 명백했습니다.","Translate the following sentence into Korean.
English: Their disciplined defence, ball handling skills and excellent team work made them stand out and it was clear that this was the team to beat.
Korean:",df3fca777e03724087ce0e5415a50a785629e5188dc3f3ed4adfda97e12809ec,9fc0758c9b7b84220e994a6439279cf3f55d2c8f0d1c508dd5677882d39e40df,39,True,
157,157,Officials for the city of Amsterdam and the Anne Frank Museum state that the tree is infected with a fungus and poses a public health hazard as they argue that it was in imminent danger of falling over.,"암스테르담시와 안네 프랑크 박물관 관계자들은 이 나무가 곰팡이에 감염되어 있으며, 나무가 곧 넘어질 위험이 있다고 주장하면서 공중 보건 위험을 야기하고 있다고 말합니다.","Translate the following sentence into Korean.
English: Officials for the city of Amsterdam and the Anne Frank Museum state that the tree is infected with a fungus and poses a public health hazard as they argue that it was in imminent danger of falling over.
Korean:",ea53eb6e52db6471a0804c6fc0cd9045ec35b48658a78a98b3c104787a09efc5,224236d71787b9e719deff4366df7f64e55bec4104741e4c29b4dbf8fd9ec455,51,True,
158,158,"It had been scheduled to be cut down on Tuesday, but was saved after an emergency court ruling.",화요일에 베어 쓰러뜨릴 예정이었으나 긴급 법원의 판결로 구조되었다.,"Translate the following sentence into Korean.
English: It had been scheduled to be cut down on Tuesday, but was saved after an emergency court ruling.
Korean:",bb1488209ed87f4fd799290cd0751b52d873e5da2060db4a6b4c9e10922fba73,945289a12aa205b8f085dfce8e21bf94d6d83d4339c2043733aaef214b4b9324,32,True,
159,159,"All of the cave entrances, which were named ""The Seven Sisters"", are at least 100 to 250 meters (328 to 820 feet) in diameter.","""""""세븐 시스터즈""""라는 이름이 붙은 모든 동굴의 입구는 지름이 최소 100에서 250미터(328피트에서 820피트) 정도이다.""","Translate the following sentence into Korean.
English: All of the cave entrances, which were named ""The Seven Sisters"", are at least 100 to 250 meters (328 to 820 feet) in diameter.
Korean:",316c200d762dd8ceb2b70737f54873796ea1adf995916b1aa99b48c0891d858d,d2c7f209b566fcb374f23b598e91a7e84c93f400f16c4379ab898f425613b181,53,True,
160,160,Infrared images show that the temperature variations from night and day show that they are likely caves.,적외선 사진은 밤과 낮의 온도 변화를 통해 동굴일 가능성이 높다는 것을 보여준다.,"Translate the following sentence into Korean.
English: Infrared images show that the temperature variations from night and day show that they are likely caves.
Korean:",4f5ea4e55a7275ed5d6516909c39923cb97b84204790e21357c5a7ebabd34492,af6400a7efc8e849da03ba1a3a7c6547999d8e65ef7df9d1af8346ecdc9b7ed6,31,True,
161,161,"""They are cooler than the surrounding surface in the day and warmer at night.","""""""이들은 주변 지표면보다 낮에는 더 시원하고 밤에는 더 따듯합니다.""","Translate the following sentence into Korean.
English: ""They are cooler than the surrounding surface in the day and warmer at night.
Korean:",d25f534573be3b497b4b129c2c493e08ccc38e1e3b79b9a69ab9edafaff973a0,b1471cd376c9bd87bcacd7e170db52375569bf965a4177b4931f085238da02d2,28,True,
162,162,"Their thermal behavior is not as steady as large caves on Earth that often maintain a fairly constant temperature, but it is consistent with these being deep holes in the ground,"" said Glen Cushing of the United States Geological Survey (USGS) Astrogeology Team and of Northern Arizona University located in Flagstaff, Arizona.","""미국 지질조사국(United States Geological Survey) 천문지질학 팀 및 아리조나주 플래그스태프의 노던 아리조나 대학 소속인글렌 쿠싱(Glen Cushing)은 “이러한 열적 거동은 일정한 온도를 유지하는 지구의 큰 동굴만큼 안정적이지는 않지만, 지표면의 깊은 구멍에 일치한다""""고 말했습니다.""","Translate the following sentence into Korean.
English: Their thermal behavior is not as steady as large caves on Earth that often maintain a fairly constant temperature, but it is consistent with these being deep holes in the ground,"" said Glen Cushing of the United States Geological Survey (USGS) Astrogeology Team and of Northern Arizona University located in Flagstaff, Arizona.
Korean:",4de681844739c0b1c4cbe96b41e298c9736be6b3a6b8a4cfe7a6d2544b96eb0b,89c463441c334c64aa92d27da394102527eb7d50239d7baab8934c6bd4ce4b81,75,True,
163,163,"In France, voting has traditionally been a low-tech experience: voters isolate themselves in a booth, put a pre-printed sheet of paper indicating their candidate of choice into an envelope.","프랑스에서 투표는 전통적으로 저차원적인 경험이다. 유권자들은 부스에 고립되어 있고, 그들의 후보를 나타내는 사전 인쇄된 종이를 봉투에 넣는다.","Translate the following sentence into Korean.
English: In France, voting has traditionally been a low-tech experience: voters isolate themselves in a booth, put a pre-printed sheet of paper indicating their candidate of choice into an envelope.
Korean:",6821881b24a278a8b49e0155d0b28d6d58849cbf512e80bbe758d683ee516224,920f64c328c7a4eb0a46fc1b6ade6729802d6f237f31ea971200e24929163324,48,True,
164,164,"After officials verify the voter's identity, the voter drops the envelope into the ballot box and signs the voting roll.","직원들이 투표자의 신원을 확인한 후, 투표자는 투표함 속에 봉투를 넣고 선거인명부에 서명합니다.","Translate the following sentence into Korean.
English: After officials verify the voter's identity, the voter drops the envelope into the ballot box and signs the voting roll.
Korean:",9ae616cdb8f3dc12b14c04dbaf6df57e890060306169c4668a65c2c6e4a93c88,bf2844f4856cb619261a18d9fc0ab7938b44c8a8bb4e43f936489339c077df57,35,True,
165,165,French electoral law rather strictly codifies the proceedings.,프랑스 선거법은 오히려 절차를 엄격하게 성문화합니다.,"Translate the following sentence into Korean.
English: French electoral law rather strictly codifies the proceedings.
Korean:",f44ed2726d6136124e4e08754e0996c366a41d2221b955712aa75062b00d95e3,e8e3b6690e3907b18cc4dccc963dd56f6ba0d581e58d7138caafc26f07f283ca,22,True,
166,166,"Since 1988, ballot boxes must be transparent so that voters and observers can witness that no envelopes are present at the start of the vote and that no envelopes are added except those of the duly counted and authorized voters.",1988년부터 무기명 투표함은 반드시 투명하도록 해서 유권자들과 감독관들이 투표 시작 때 다른 봉투가 들어 있지 않은지 적법하게 계산된 공인된 투표자의 봉투 외에는 들어가는 것이 없는 것을 볼 수 있게 했다.,"Translate the following sentence into Korean.
English: Since 1988, ballot boxes must be transparent so that voters and observers can witness that no envelopes are present at the start of the vote and that no envelopes are added except those of the duly counted and authorized voters.
Korean:",6b2a05f6668c71957a07cdeb1f1e5d942175798870db9cdedd3ba2a706cc00da,a1b4d390224d8faf486bd54e5c9693cf637675aa5422693bfb090178a11c672f,58,True,
167,167,"Candidates can send representatives to witness every part of the process. In the evening, votes are counted by volunteers under heavy supervision, following specific procedures.",후보자는 대표자를 보내서 선거의 전 과정을 참관할 수 있습니다. 저녁에는 특정 절차에 따라 철저한 감독하에 자원봉사자가 개표합니다.,"Translate the following sentence into Korean.
English: Candidates can send representatives to witness every part of the process. In the evening, votes are counted by volunteers under heavy supervision, following specific procedures.
Korean:",081fe7341372ecae7673a0723c782bc7b989f1d64d22d69f8afc18dbdad6d79f,1fbe882eda3c449d3b5e68e954142e5431ce2c3bf80787f8ab36c0346f84d3db,41,True,
168,168,"ASUS Eee PC, earlier launched world-wide for cost-saving and functionality factors, became a hot topic in 2007 Taipei IT Month.",앞서 비용 절감과 기능성 요인을 위해 전 세계적으로 출시된 ASUS Eee PC는 2007년 타이베이 IT Month에서 화제가 되었다.,"Translate the following sentence into Korean.
English: ASUS Eee PC, earlier launched world-wide for cost-saving and functionality factors, became a hot topic in 2007 Taipei IT Month.
Korean:",0d4bb192b57cdb21b8a4fe89df6f62bf05fa9e225370a4e1c51c91d7c90e5e8e,dcf3d103024d8410966df5d43aabff3ad65a052265b2d54019e5b60f0c9df82e,42,True,
169,169,But the consumer market on laptop computer will be radically varied and changed after ASUS was awarded in the 2007 Taiwan Sustainable Award by Executive Yuan of the Republic of China.,그러나 아수스(ASUS)가 2007년 대만 지속가능상을 대만 정부 옌 행정 장관으로부터 수상한 뒤로는 노트북 컴퓨터의 소비자 시장이 급격히 다양해지고 변화할 것입니다.,"Translate the following sentence into Korean.
English: But the consumer market on laptop computer will be radically varied and changed after ASUS was awarded in the 2007 Taiwan Sustainable Award by Executive Yuan of the Republic of China.
Korean:",12e2a342b3c2a344af4d31d77aec1f29f6da9018f49b1cfd70eed2a30f15d154,ea1bd1adedc3bb3689ef37e89f135c1ced8dbb45e034ca60bae1563e09e481e1,48,True,
170,170,"The station's web site describes the show as ""old school radio theater with a new and outrageous geeky spin!""",방송국의 웹사이트에는 이 프로에 대해 '신선하고 무모한 얼간이들이 펼치는 전통적인 라디오 극장'이라고 소개하고 있습니다.,"Translate the following sentence into Korean.
English: The station's web site describes the show as ""old school radio theater with a new and outrageous geeky spin!""
Korean:",cf0e37b763c762b7d0bb5943ee02a99a65e770c174c5f6323949e29441a42a59,b5f9378a86f1916e1b28e47ea245b0ee547b5d59105ba11d15b0cb98b5e0eb7a,35,True,
171,171,"In its early days, the show was featured solely at the long-running internet radio site TogiNet Radio, a site focused on talk radio.",초기에 해당 프로는 토크 라디오에 중점을 둔 사이트이자 장기 인터넷 라디오 사이트인 TogiNet Radio에서 단독으로 진행되었습니다.,"Translate the following sentence into Korean.
English: In its early days, the show was featured solely at the long-running internet radio site TogiNet Radio, a site focused on talk radio.
Korean:",2f602085f5746c70a41ab62d326a35a39ef902f28d010f391cf4c8c7b51f1135,fc0f89233e3095202a2743b8ba119002d312993806cdc501e108ea3570099699,41,True,
172,172,"In late 2015, TogiNet established AstroNet Radio as a subsidiary station.","2015년 말, TogiNet은 자회사 방송국으로 AstroNet Radio를 설립했습니다.","Translate the following sentence into Korean.
English: In late 2015, TogiNet established AstroNet Radio as a subsidiary station.
Korean:",ae878a6fa6263c644415f4618598e7760c332cdf6d5ab77f234ff457b1ea77cd,4f996641299ca8e45fbec5653010df457d8a3c980f06e7165e6dde580630dae0,32,True,
173,173,"The show originally featured amateur voice actors, local to East Texas.",그 쇼에는 원래 텍사스 동부 현지인인 아마추어 성우들이 출연했었다.,"Translate the following sentence into Korean.
English: The show originally featured amateur voice actors, local to East Texas.
Korean:",b06a887966befb9fdc23b2d39e4ce7aea5a2d4c68e3d7d45963cc23344edc87a,f72b2314d0287ebd9d40c6758fd05652e55fe8d2f0b6642e4f7fedf143424034,25,True,
174,174,"Widespread looting reportedly continued overnight, as law enforcement officers were not present on Bishkek's streets.","비슈케크 시가지에 법 집행관들이 나타나지 않자, 간밤에 광범위한 약탈이 계속되었다고 전해진다.","Translate the following sentence into Korean.
English: Widespread looting reportedly continued overnight, as law enforcement officers were not present on Bishkek's streets.
Korean:",95f390d84e75aa4269d72d038201682b075379a630090ee6f17651074482c52a,bedb05698e820cfb48f135b850dcaa400b07556a67edf841a9f1d9cde44c03c8,35,True,
175,175,"Bishkek was described as sinking into a state of ""anarchy"" by one observer, as gangs of people roamed the streets and plundered stores of consumer goods.","""한 목격자는 사람들이 무리를 이루어 거리를 배회하고 물품을 약탈하는 것으로 보아 비슈케크(Bishkek)가 """"무정부""""상태로 빠지고 있다고 묘사하였습니다.""","Translate the following sentence into Korean.
English: Bishkek was described as sinking into a state of ""anarchy"" by one observer, as gangs of people roamed the streets and plundered stores of consumer goods.
Korean:",0409903042cca36b525e9399df3808ec9998bb40fd2d64770cb0c276b70254dd,fa1751b22a0f5d020046bf520871e8b61710287161beb0359b36c47992b48455,47,True,
176,176,Several Bishkek residents blamed protesters from the south for the lawlessness.,일부 비슈케크 주민들은 남부 지역 시위대의 불법 무법 행위를 비난했습니다.,"Translate the following sentence into Korean.
English: Several Bishkek residents blamed protesters from the south for the lawlessness.
Korean:",d326a5f1cd0b8197b05d165c9c489ecb903e126bbcf82c4de50c69acf333ee6c,e7bc920339c920fbee9810585a2f31d686947a7099dab807630851d9febf84e1,27,True,
177,177,"South Africa have defeated the All Blacks (New Zealand) in a rugby union Tri Nations match at the Royal Bafokeng Stadium in Rustenburg, South Africa.",남아프리카 공화국은 남아프리카 루스텐버그 로열 바포켕 경기장에서 열린 럭비 유니언 트라이 네이션 경기에서 올블랙스(뉴질랜드)를 상대로 승리했습니다.,"Translate the following sentence into Korean.
English: South Africa have defeated the All Blacks (New Zealand) in a rugby union Tri Nations match at the Royal Bafokeng Stadium in Rustenburg, South Africa.
Korean:",be8fbb7f5035b30c60f44f14eae7109d9cea42c0ae70ec6796a482a110d820d2,6a108d9f4e3d2144dcf2f5075a219ed7d3ea242f20cb062f4b298d09eba735ff,45,True,
178,178,"The final score was a one-point victory, 21 to 20, ending the All Blacks' 15 game winning streak.","최종 점수는 21 대 20으로 1점 차 승부였으며, 올블랙스(All Blacks)의 15연승으로 끝났다.","Translate the following sentence into Korean.
English: The final score was a one-point victory, 21 to 20, ending the All Blacks' 15 game winning streak.
Korean:",c2d880d653a80e18cf23d303ec3504599562bb80974e78d0b79d5443c420c6d3,b3a3feb5ca4f35d24de8032654a7015b1aef1bc60163f0bb4d5871be49c1c5b6,41,True,
179,179,"For the Springboks, it ended a five-match losing streak.","스프링복스의 경우, 다섯 경기 연패를 기록했다.","Translate the following sentence into Korean.
English: For the Springboks, it ended a five-match losing streak.
Korean:",286eee812a63e9a53de4799ef4df3ddb8a9b2f6442678cb5060840b5e1674cad,c8c21127aa38756b70484d0b683c7a56a4f8d70bf01d63399dc900d0039727c0,26,True,
180,180,"It was the final match for the All Blacks, who had already won the trophy two weeks ago.",그것은 2주 전 이미 트로피를 거머쥔 '올 블랙스'의 결승전이었다.,"Translate the following sentence into Korean.
English: It was the final match for the All Blacks, who had already won the trophy two weeks ago.
Korean:",4fbc9e6d8b31bcc6e5f24213a20fa55b2ce7b0e154b9ceb05abd40d51c45dc1e,eda8f17c3f425fba972e8a656c49c3457990355e6d1c0550a3d5c6b79ed6cc6f,32,True,
181,181,"The final match of the series will take place at Ellis Park in Johannesburg next week, when the Springboks play Australia.",시리즈의 마지막 경기는 스프링박스가 호주와 경기하는 다음 주에 요하네스버그의 엘리스 파크에서 개최됩니다.,"Translate the following sentence into Korean.
English: The final match of the series will take place at Ellis Park in Johannesburg next week, when the Springboks play Australia.
Korean:",9c734255167ddd9aff7f9902929b10970d904b7c7ea4d96d2a0f365374516cfc,7c9109d207ce191e5256ca86a2a4b5f6bf99a3111a5e04a82fada84c01692477,37,True,
182,182,A moderate earthquake shook western Montana at 10:08 p.m. on Monday.,월요일 오후 10시 8분에 중진이 몬태나주 서부를 강타했습니다.,"Translate the following sentence into Korean.
English: A moderate earthquake shook western Montana at 10:08 p.m. on Monday.
Korean:",6a22d81a88c01c9b40aeeb05a849e5b4a2d543b9acb71275f732ef6d0db21b08,0c0839ecdec20d82335819829be18f99ebec2804ea90fcb08f953aa3f0f1d806,31,True,
183,183,No immediate reports of damage have been received by the United States Geological Survey (USGS) and its National Earthquake Information Center.,미국 지질 조사국(USGS)과 국가 지진 정보 센터에서 아무런 즉각적인 피해 보고가 없었습니다.,"Translate the following sentence into Korean.
English: No immediate reports of damage have been received by the United States Geological Survey (USGS) and its National Earthquake Information Center.
Korean:",52e67b6217340253abca4d05e164b447f6ab9a1db8a3ec752b53fadd8eecb3ca,56cd53bf4e8058303e2b782bb0df301a9ed8d0ea9d01530acf659856ddb19a4c,38,True,
184,184,"The earthquake was centered about 20 km (15 miles) north-northeast of Dillon, and about 65 km (40 miles) south of Butte.","지진의 중심은 딜런에서 북동쪽으로 약 20km(15mile), 뷰트에서 남쪽으로 약 65km(40mile) 떨어진 곳이었습니다.","Translate the following sentence into Korean.
English: The earthquake was centered about 20 km (15 miles) north-northeast of Dillon, and about 65 km (40 miles) south of Butte.
Korean:",3dd7230ef5c7d5156dfdc9379b2436e8bca6cf9b232e89c6f93e5c3893712be4,e223ff34ddf52851ea6312dd76243f2b2d008f7d305cde50164d933db0e6e7e5,49,True,
185,185,"The strain of bird flu lethal to humans, H5N1, has been confirmed to have infected a dead wild duck, found on Monday, in marshland near Lyon in the east of France.","사람에게 치명적인 조류 독감의 변종인 H5N1가 월요일, 프랑스 동부 리옹 근처의 습지대에서 발견된 죽은 야생 오리에게 감염된 것으로 확인됐습니다.","Translate the following sentence into Korean.
English: The strain of bird flu lethal to humans, H5N1, has been confirmed to have infected a dead wild duck, found on Monday, in marshland near Lyon in the east of France.
Korean:",3ced09b4dd0010e267544b8a47726de4de4fdd4e1ea981a952fdca4bce9be2a4,acf6e5e7934d21b49f3c74c14a3b583efc890857066c20981440a55be62cf5fc,52,True,
186,186,"France is the seventh country in the European Union to suffer this virus; following Austria, Germany, Slovenia, Bulgaria, Greece and Italy.","프랑스는 오스트리아, 독일, 슬로베니아, 불가리아, 그리스, 이탈리아에 이어 유럽에서는 7번째로 이 바이러스로 고생한 국가입니다.","Translate the following sentence into Korean.
English: France is the seventh country in the European Union to suffer this virus; following Austria, Germany, Slovenia, Bulgaria, Greece and Italy.
Korean:",f9012093c520322fe7cbaa2ace806e1d68107e2dc9965320627da8418f923f3b,80f07c2f8cb0fd877bf9dc4870b282b291c830a2ad8365e5516e8b1f84379088,39,True,
187,187,Suspected cases of H5N1 in Croatia and Denmark remain unconfirmed.,크로아티아와 덴마크에서 H5N1으로 의심되는 케이스들은 미확인으로 남아있습니다.,"Translate the following sentence into Korean.
English: Suspected cases of H5N1 in Croatia and Denmark remain unconfirmed.
Korean:",97e9982db487a777752cc83634f6f32ce68b46573272f7b222eac8a93cdb5b9e,cdfa18dd9917ab175fdeadc71b35f655bdebb24af2455c649fb97370406f409f,28,True,
188,188,"Chambers had sued God for ""widespread death, destruction and terrorization of millions upon millions of the Earth's inhabitants.""","""챔버스는 """"수백만의 지구인들에게 널리 가해진 죽음, 파괴 및 수백만 번의 테러""""에 대해 신을 고소했습니다.""","Translate the following sentence into Korean.
English: Chambers had sued God for ""widespread death, destruction and terrorization of millions upon millions of the Earth's inhabitants.""
Korean:",5eff544a168c29136728b7aec7736fd2760fb6de7e03d8b61332411257c2e4ca,5ae5cb12bc9ab2f673572297d39f536e051ae4394a789b370051b33288a5983a,37,True,
189,189,"Chambers, an agnostic, argues that his lawsuit is ""frivolous"" and ""anybody can sue anybody.""","""불가지론자 챔버스는 자신의 소송이 """"사소하다""""며 """"누구나 누구든 고소할 수 있다""""고 주장했습니다.""","Translate the following sentence into Korean.
English: Chambers, an agnostic, argues that his lawsuit is ""frivolous"" and ""anybody can sue anybody.""
Korean:",100f3c129d68e113e7291678eb2d89b9a1c03edf123dee4fbd6532bf2194d2b3,fbade1b7b0b43bafc0d68d5b18ffb4da01149ba4469c38a3c8dfbc9213a99746,36,True,
190,190,"The story presented in the French opera, by Camille Saint-Saens, is of an artist ""whose life is dictated by a love for drugs and Japan.""","""카미유 생상(Camille Saint-Saens)이 프랑스 오페라에서 발표한 이야기는 """"마약과 일본에 대한 사랑이 지배한 삶을 산"""" 한 예술가의 이야기입니다.""","Translate the following sentence into Korean.
English: The story presented in the French opera, by Camille Saint-Saens, is of an artist ""whose life is dictated by a love for drugs and Japan.""
Korean:",9a764533d95176a1db0b0273ea6c8a4f047c161d078986399cb2575f87f64ba5,678121f1e7c96890f0baf43cb0bdbf08ecd421e9112af263739210c79f17d4b8,45,True,
191,191,"As a result, the performers smoke cannabis joints on stage, and the theatre itself is encouraging the audience to join in.",결과적으로 무대에서 공연자들이 마리화나 담배를 피우고 극장 자체에서 관객들에게 참여하도록 독려하고 있다.,"Translate the following sentence into Korean.
English: As a result, the performers smoke cannabis joints on stage, and the theatre itself is encouraging the audience to join in.
Korean:",6d6336c606e7cdabc604479be43f02c9fc0c97f5af90ce754ae433975632b407,bc738b5e594f538b03893575e7942b768c90e226451a97681cf0cbf3c9e536fb,36,True,
192,192,"Former House Speaker Newt Gingrich, Texas governor Rick Perry, and Congresswoman Michele Bachmann finished in fourth, fifth, and sixth place, respectively.","뉴트 깅리치 전 하원의장, 릭 페리 텍사스 주지사, 미셸 바흐만 하원 의원이 각각 4위, 5위, 6위를 차지했습니다.","Translate the following sentence into Korean.
English: Former House Speaker Newt Gingrich, Texas governor Rick Perry, and Congresswoman Michele Bachmann finished in fourth, fifth, and sixth place, respectively.
Korean:",059422b9a9462ba74a6422a0ba42b265151daa28ddfcc535660a221acd5511f5,1c91eeed75fdd3fe4106adaf1000457350b6c2d82e2a2afd0409464356e521f9,42,True,
193,193,"After the results came in, Gingrich lauded Santorum, but had tough words for Romney, on whose behalf negative campaign advertisements were aired in Iowa against Gingrich.","결과가 나온 후 깅리치는 산토룸을 칭찬했지만, 아이오와에서 깅리치를 상대로 네거티브 선거 광고를 방송한 롬니를 향해서는 거친 말을 했습니다.","Translate the following sentence into Korean.
English: After the results came in, Gingrich lauded Santorum, but had tough words for Romney, on whose behalf negative campaign advertisements were aired in Iowa against Gingrich.
Korean:",a70ed0d8f6c096bc94e6cbfaffa57e1ff4036bd46b9b197e5572296dfc409b8e,01687d9f3cbb1379c3e16659fdaf8396e7177ebc359c7000c306eb4fb90f8fd1,44,True,
194,194,"Perry stated that he would ""return to Texas to assess the results of tonight's caucus, determine whether there is a path forward for myself in this race"", but later said that he would remain in the race and compete in the January 21 South Carolina primary.","""페리는 """"오늘 밤 간부 회의의 결과를 평가하기 위해 텍사스로 돌아가 이번 선거전에 나 자신에게 득이 되는 길이 있는지를 결정할 것""""이라고 말했지만, 나중에 그는 선거전에 남아 1월 21일 사우스캐롤라이나 예비선거에서 경쟁할 것이라고 말했습니다.""","Translate the following sentence into Korean.
English: Perry stated that he would ""return to Texas to assess the results of tonight's caucus, determine whether there is a path forward for myself in this race"", but later said that he would remain in the race and compete in the January 21 South Carolina primary.
Korean:",45604f3e588987ef4a5cdceb006801904d24a30093bc88ea938f786276400de0,b0f80ac376a38ae825b6dd547dbe9516cdfde211e8bf910196e62c4b1144c44c,65,True,
195,195,"Bachmann, who won the Ames Straw Poll in August, decided to end her campaign.",8월에 에임스 스트로 폴(Ames Straw Poll)에서 이긴 바흐만(Bachmann)은 캠페인 운동을 중단하기로 했다.,"Translate the following sentence into Korean.
English: Bachmann, who won the Ames Straw Poll in August, decided to end her campaign.
Korean:",6cce3aeeb42dd1edfafc7e6b5185a9f625923876c43545347f44416fcfe6e440,93fd40eabd289ad553148acd1fca5717c349bdd5c4bd070b234e689fa3ee69aa,30,True,
196,196,"The photographer was transported to Ronald Reagan UCLA Medical Center, where he subsequently died.","그 사진작가는 로널드 레이건 UCLA 메디컬 센터로 이송되었으나, 이후 그곳에서 사망하였습니다.","Translate the following sentence into Korean.
English: The photographer was transported to Ronald Reagan UCLA Medical Center, where he subsequently died.
Korean:",eb0762c1a1604bb120a55048db57d0fe5029a1584418496c961f442d70d10d0f,053e61a5ed9b6f78fbb4974f1a505cef3d185e4ab4da450a5d3269344f324925,28,True,
197,197,"He was reportedly aged in his 20s. In a statement, Bieber said ""[w]hile I was not present nor directly involved with this tragic accident, my thoughts and prayers are with the family of the victim.""","""알려진 바에 따르면 그는 20대라고 한다. 성명서에서 비버는 """"제가 비록 그 비극적인 사건 현장에 있지 않았고 직접적인 관련도 없기는 해도, 희생자의 가족들을 위해 위로와 기도를 전합니다."""" ""","Translate the following sentence into Korean.
English: He was reportedly aged in his 20s. In a statement, Bieber said ""[w]hile I was not present nor directly involved with this tragic accident, my thoughts and prayers are with the family of the victim.""
Korean:",df33b3c5c342e4c50be740f9949df1d4939dee404deadc119325dbec7fd410c9,b2a9a7ae6a3b9f1787d76f7765f6f01ad91fb3f84541880e24525e633d92fb43,58,True,
198,198,"Entertainment news website TMZ understands the photographer stopped his vehicle on the other side of Sepulveda Boulevard and attempted to take pictures of the police stop before crossing the road and continuing, prompting the California Highway Patrol police officer conducting the traffic stop to order him back across, twice.","연예 뉴스 웹사이트인 TMZ는 사진사가 세풀베다 대로 맞은편에 차를 세워 두고, 길을 건너기 전에 계속해서 경찰서 사진을 찍으려 시도하였으며, 이에 교통정리를 하던 캘리포니아 고속도로 경찰이 두 번이나 물러나도록 명령했던 것에 대해 시인하였습니다.","Translate the following sentence into Korean.
English: Entertainment news website TMZ understands the photographer stopped his vehicle on the other side of Sepulveda Boulevard and attempted to take pictures of the police stop before crossing the road and continuing, prompting the California Highway Patrol police officer conducting the traffic stop to order him back across, twice.
Korean:",4655c03f267f1b9120bbf782413dd9326b2ea81e260ac5bfe7b9b4c096137df6,bdc1908ff1cc94670b41ffef272737f102689bd351d91d0fa61e3e788ce6e4a5,67,True,
199,199,"According to police, the driver of the vehicle that hit the photographer is unlikely to face criminal charges.",경찰에 따르면 사진기자를 친 차량의 운전자는 형사 고발을 당할 가능성이 낮다.,"Translate the following sentence into Korean.
English: According to police, the driver of the vehicle that hit the photographer is unlikely to face criminal charges.
Korean:",eb14e63cec1013fe67d6101e84b09464063df67347e3e1105776af4d62efcd77,f8daa80bcc244f3cf00c1ef588b8f6d3a65e38669276fd08a57f775a66dc720b,32,True,
200,200,"With only eighteen medals available a day, a number of countries have failed to make the medal podium.","하루에 열여덟 개의 메달만 주어지기 때문에, 많은 국가가 메달 단상에 오르지 못했습니다.","Translate the following sentence into Korean.
English: With only eighteen medals available a day, a number of countries have failed to make the medal podium.
Korean:",4ff8b7467a5d32644db5674612bb07543003a19fd6fb8550ff892fcee0f9b577,fd9a0b7b49689a1168571cf780675e0e2261eda63f0287e31ad15377e8d129f4,32,True,
201,201,"They include the Netherlands, with Anna Jochemsen finishing ninth in the women's standing class in the Super-G yesterday, and Finland with Katja Saarinen finishing tenth in the same event.","어제 슈퍼-G에서 여자 스탠딩 클래스에서 9등을 한 Anna Jochemsen의 네덜란드와, 같은 이벤트에서 10등을 한 Katja Saarinen의 핀란드를 포함합니다.","Translate the following sentence into Korean.
English: They include the Netherlands, with Anna Jochemsen finishing ninth in the women's standing class in the Super-G yesterday, and Finland with Katja Saarinen finishing tenth in the same event.
Korean:",cb42b6c52ac25a7aca3e18f70d4b1a85d23a00cd680073f699f2f76cc7540c36,8fa15efa84b757c6340fcacfcacd0d5564e1325ff035cd49b087c0a120b63ad5,51,True,
202,202,Australia's Mitchell Gourley finished eleventh in the men's standing Super-G. Czech competitor Oldrich Jelinek finished sixteenth in the men's sitting Super-G.,"호주의 미첼 골리는 남자 스탠딩 슈퍼-G에서 11위를 차지했습니다. 체코 출신의 경쟁자, 올드리치 젤리넥은 남자 좌식 슈퍼-G에서 16위로 경기를 마쳤습니다.","Translate the following sentence into Korean.
English: Australia's Mitchell Gourley finished eleventh in the men's standing Super-G. Czech competitor Oldrich Jelinek finished sixteenth in the men's sitting Super-G.
Korean:",8270bb7262482993b01717178172f5c54c1b132ebc81d94d8cd6e746899b6ad0,f92888dd08e234804384fc08d6680eef3d87b18e0e259648421cbd6d5f9d8086,47,True,
203,203,Arly Velasquez of Mexico finished fifteenth in the men's sitting Super-G. New Zealand's Adam Hall finished ninth in the men's standing Super-G.,멕시코 선수 알리 벨라스케스는 남자 슈퍼대회전 좌식에서 15위로 끝마쳤습니다. 뉴질랜드 선수 아담 홀은 남자 슈퍼대회전 입식에서 9위로 끝마쳤습니다.,"Translate the following sentence into Korean.
English: Arly Velasquez of Mexico finished fifteenth in the men's sitting Super-G. New Zealand's Adam Hall finished ninth in the men's standing Super-G.
Korean:",907bc6487e71245e18c9239171c8af5e51f446d3270850bbd2fb6e5519efbe53,2cc33aa6682959d80a4251e8eb90c191a907f0626724a2f44b21db5e8317c4c5,45,True,
204,204,Poland's men's visually impaired skier Maciej Krezel and guide Anna Ogarzynska finished thirteenth in the Super-G. South Korea's Jong Seork Park finished twenty-fourth in the men's sitting Super-G.,폴란드 남자 시각 장애인 스키 선수 마키 크레젤(Maciej Krezel)과 가이드 안나 오가진스카(Anna Ogarzynska)가 슈퍼대회전(Super G)에서 13위로 경기를 마쳤다. 한국의 박종석은 남자 좌식스키 슈퍼대회전(Super G)에서 24위를 차지했다.,"Translate the following sentence into Korean.
English: Poland's men's visually impaired skier Maciej Krezel and guide Anna Ogarzynska finished thirteenth in the Super-G. South Korea's Jong Seork Park finished twenty-fourth in the men's sitting Super-G.
Korean:",357b3a509718c587ea1a503e932ef7632fb62517f166aba8f255f1e423f984ea,0f48c45cfb979eb799af71fd5b27592ab42ff1760727feb84d28b416da42d676,62,True,
205,205,"UN peacekeepers, whom arrived in Haiti after the 2010 earthquake, are being blamed for the spread of the disease which started near the troop's encampment.",2010년 지진 이후 아이티에 도착한 UN 평화 유지군은 부대 야영지 근처에서 시작된 질병이 확산되면서 비난을 받고 있습니다.,"Translate the following sentence into Korean.
English: UN peacekeepers, whom arrived in Haiti after the 2010 earthquake, are being blamed for the spread of the disease which started near the troop's encampment.
Korean:",b652597f4962c2cb4033692b5f6e2b8a8e5640575681f571ff85e6096c0699ce,d4d7c32539b9311e41e96f9574cc9893d14c2e692d83f66c331cb328acd58411,48,True,
206,206,"According to the lawsuit, waste from the UN camp was not properly sanitized, causing bacteria to enter the tributary of the Artibonite River, one of Haiti's largest.","소송에 따르면, UN 캠프에서 배출한 폐기물을 제대로 소독하지 않아 아이티의 가장 큰 강 중 하나인 아티보나이트강(Artibonite River) 지류에 박테리아가 유입되고 있다.","Translate the following sentence into Korean.
English: According to the lawsuit, waste from the UN camp was not properly sanitized, causing bacteria to enter the tributary of the Artibonite River, one of Haiti's largest.
Korean:",c534036f8344cfeb299568fa82112f336066d6dec331d3d5032c58325cb28f1a,d09d46511f7de302f59789d5e6a837f2e0ef57f6550958fe18b3d32c6a497d39,49,True,
207,207,"Prior to the arrival of troops, Haiti had not encountered problems related to the disease since the 1800s.","군대가 들어오기 전에, 아이티는 1800년 이래로 질병과 관련된 문제에 처한 적이 없습니다.","Translate the following sentence into Korean.
English: Prior to the arrival of troops, Haiti had not encountered problems related to the disease since the 1800s.
Korean:",cfa7bccc4ed840d834aefa36aff5862a152b753ec714f6c72c9ba16c5375537d,b345defd7e301aff51d260e70f84e0f4946eaf3d16c3073f21723801f3c31ce2,37,True,
208,208,The Haitian Institute for Justice and Democracy has referenced independent studies that suggest the Nepalese UN peacekeeping battalion unknowingly brought the disease to Haiti.,아이티 정의와 민주주의 연구소는 네팔의 UN 평화 유지 부대가 의도치 않게 아이티에 질병을 전파시켰다는 독립적인 연구를 언급했다.,"Translate the following sentence into Korean.
English: The Haitian Institute for Justice and Democracy has referenced independent studies that suggest the Nepalese UN peacekeeping battalion unknowingly brought the disease to Haiti.
Korean:",eed5c59815a68ee88ed6e39c4358f5f32ee095f0dc4bd7b2eae976b0b82c9b5a,bb06a2b3a44112b0bac0c8baccd6946678418f3ee060f59bc1b3686d91e97887,42,True,
209,209,"Danielle Lantagne, a UN expert on the disease, stated the outbreak was likely caused by the peacekeepers.",유엔 질병 전문가인 다니엘 란타뉴는 이러한 급격한 증가는 평화 유지군에 의해 발생했을 것이라고 말했습니다.,"Translate the following sentence into Korean.
English: Danielle Lantagne, a UN expert on the disease, stated the outbreak was likely caused by the peacekeepers.
Korean:",ca66611e53b814d7faa3629fa7d4f6280ff694025aae6069fa32e4928460b6f0,1e95f5d8c4b095a77ae249810802cb6559524a1d7e0e21f01fe36c6ef43aa06e,35,True,
210,210,Hamilton confirmed Howard University Hospital admitted the patient in stable condition.,해밀턴 씨는 하워드 대학교 병원이 안정 상태의 환자를 입원시켰다고 확인 시켜 주었습니다.,"Translate the following sentence into Korean.
English: Hamilton confirmed Howard University Hospital admitted the patient in stable condition.
Korean:",ac67c090c36bdcb78b4d5c210112476344d3a07f7703db00119d903563895796,d3eaff8edfe7d04f72dd5d0fa04b773467a0a3bef4d2eae81a618598eb273478,24,True,
211,211,"The patient had been to Nigeria, where some cases of the Ebola virus have occurred.",그 환자는 에볼라 바이러스 감염이 발생한 나이지리아에 방문한 적이 있었다.,"Translate the following sentence into Korean.
English: The patient had been to Nigeria, where some cases of the Ebola virus have occurred.
Korean:",212eb6f6b2d60684290346f5e76cfc6e1ea26f4022ad7c35196e28a1c1c99257,91c7abae06c8fbcf761b4c9d98f3af874c1eeb04f332c0a5f548a335f7042923,29,True,
212,212,"The hospital has followed protocol for infection control, including separating the patient from others to prevent possible infection of others.",병원은 다른 사람들의 감염 가능성을 막기 위해 환자를 다른 사람들로부터 분리시키는 것을 포함하여 감염 통제 규직을 준수했다.,"Translate the following sentence into Korean.
English: The hospital has followed protocol for infection control, including separating the patient from others to prevent possible infection of others.
Korean:",9f171c5c8d44bef21868cabdfb63ccccf0d04783249b6c44a702859e8499af48,4adb5e288ce5a859e7cfa17471421b73d12fac77600fd413e0ce4697714d0cdc,34,True,
213,213,Before The Simpsons Simon had worked on several shows in various positions.,심슨 가족 이전에 사이먼은 몇몇 프로에서 다양한 직종으로 일한 적이 있습니다.,"Translate the following sentence into Korean.
English: Before The Simpsons Simon had worked on several shows in various positions.
Korean:",df37bea7d2b50ea3ac853a5b291822e1016915d97f31291ed245ec6a51f51203,64a4a60ae48ab5ef34d01c6658235a1c697a6d242ea6c1d3d129d7cb5090fcaa,25,True,
214,214,"During the 1980s he worked on shows such as Taxi, Cheers, and The Tracy Ullman Show.","1980년대에 그는 택시, 치어스, 더 트레이시 울먼 쇼와 같은 프로그램에서 일했습니다.","Translate the following sentence into Korean.
English: During the 1980s he worked on shows such as Taxi, Cheers, and The Tracy Ullman Show.
Korean:",40030f81f4b01666658fa366fa6b3de957f4cf83c4d325c7f847a1b90bab51ab,9025fc2702e255b9569b6755d4199e6620c7c73de0a4b750d2a08025b583f80b,38,True,
215,215,"In 1989 he helped create The Simpsons with Brooks and Groening, and was responsible for hiring the show's first writing team.","1989년에 그는 브룩스와 그로닝과 함께 심슨 가족(The Simpsons) 제작을 도왔고, 심슨 가족 쇼의 첫 시나리오 팀을 고용하는 일을 맡았습니다.","Translate the following sentence into Korean.
English: In 1989 he helped create The Simpsons with Brooks and Groening, and was responsible for hiring the show's first writing team.
Korean:",b60bcbaeb15be74953f7391a6b7ce4607c6c0d7de2d19ade072999821f21740d,6e4053a5c3517b65185c8ef0e11ee41a7b3ce5c7a9e1f86c5e78cf96839a680e,41,True,
216,216,"Despite leaving the show in 1993 he kept the title of executive producer, and continued to receive tens of millions of dollars every season in royalties.","1993년에 프로를 떠났지만, 그는 제작 책임자란 직함을 지켜왔으며, 매 시즌 계속해서 저작권 사용료로 수천만 달러를 받았습니다.","Translate the following sentence into Korean.
English: Despite leaving the show in 1993 he kept the title of executive producer, and continued to receive tens of millions of dollars every season in royalties.
Korean:",704a438c57ae600019dc17f7b830c7bb72fa1979f25eb3816b840299024d6965,fc62ab8710d5d4beb04949e04dd09d9cf0b60401247e30a6760bf5cdaaf68c34,44,True,
217,217,Earlier the Chinese news agency Xinhua reported a plane to be hijacked.,앞서 중국 신화통신은 여객기가 납치될 것이라고 보도했다.,"Translate the following sentence into Korean.
English: Earlier the Chinese news agency Xinhua reported a plane to be hijacked.
Korean:",32c7dbb701cae1626cf93159421693b980c9cd6956789b6745e0c437e2b04ecd,258ae7f03cbdac924696e49ce3c816c71c5e2bf4cb6a31f883000b8aa19f4449,28,True,
218,218,"Later reports then stated the plane received a bomb threat and was diverted back to Afghanistan, landing in Kandahar.",후속 보도에 따르민 해당 여객기는 폭탄 테러 위헙을 받은 후 아프가니스탄으로 돌아가 칸다하르에 착륙했다고 합니다.,"Translate the following sentence into Korean.
English: Later reports then stated the plane received a bomb threat and was diverted back to Afghanistan, landing in Kandahar.
Korean:",a251c7d78ba57050c732be9c9b31f503d66358b7b103b729146c08ba65f1ed86,54ebef8910a524242d2c68b4a2437b4bcf2922df4d6318074a168ca7dcda3ac4,36,True,
219,219,The early reports say the plane was diverted back to Afghanistan after being denied an emergency landing in Ürümqi.,"초기 보고에 따르면, 이 비행기는 위르망키에 비상 착륙을 거부당한 후 아프가니스탄으로 돌려보내졌다고 한다.","Translate the following sentence into Korean.
English: The early reports say the plane was diverted back to Afghanistan after being denied an emergency landing in Ürümqi.
Korean:",89b37b3e84fcf1652dda59ac001416cd27fcdcf05d9d8004e3bb687697316237,e096aae36c08144eb5b766173e1de27fae507a950dcb49b6afe7b9e3b20e5199,35,True,
220,220,"Air accidents are common in Iran, which has an aging fleet that is poorly maintained both for civil and military operations.","이란에서 항공 사고가 흔하게 일어나는데, 민간 및 군용 모두에서 유지 보수가 잘되지 않는 노후화된 항공기를 보유하고 있기 때문이다.","Translate the following sentence into Korean.
English: Air accidents are common in Iran, which has an aging fleet that is poorly maintained both for civil and military operations.
Korean:",48a3e3638b6c1259d7f3f15d93bd461b73a6c05fbb1035d7dca18b7c4c8503db,ec1739285d415fe58f934a415a86ae70f36626b56aaa0de43f4f7ae78f201884,35,True,
221,221,International sanctions have meant that new aircraft cannot be purchased.,국제 제재는 새로운 항공기 구매가 불가하다는 것을 의미했다.,"Translate the following sentence into Korean.
English: International sanctions have meant that new aircraft cannot be purchased.
Korean:",e6fc8988beda9815146f9ec5c5497cf591d44eb5958bc01cc59fc10b25657b35,2a21df5810b724f9afa1487177fd39cc0291a55ae6532a50d31ada9c3bdfb04e,23,True,
222,222,"Earlier this week, a police helicopter crash killed three people and wounded three more.","이번 주 초, 경찰 헬기가 추락하면서 세 명의 사망자와 세 명의 부상자가 발생했습니다.","Translate the following sentence into Korean.
English: Earlier this week, a police helicopter crash killed three people and wounded three more.
Korean:",eb7a52a32900ab6d74cd4b496ef5a8063a32eeefed834fc147b622af37409547,17fab4a7e82d6827064ec961062ec4bc47809254ef0241455628db42b314f389,28,True,
223,223,"Last month Iran saw its worst air disaster in years when an airliner heading to Armenia crashed, killing the 168 on board.","지난달 이란에서는 아르메니아로 향하던 항공편이 추락하여 승객 168명이 사망하는, 지난 몇 년간 발생한 항공 사고 중 가장 극심했던 사고가 발생하였습니다.","Translate the following sentence into Korean.
English: Last month Iran saw its worst air disaster in years when an airliner heading to Armenia crashed, killing the 168 on board.
Korean:",c078f1071a7eb348c54c8e82e8961c53d52002284514117a6a443372a0db9703,d949f36956cf8fbf0c065a690010f1c01468046efc1221f32011d59425754a71,40,True,
224,224,"The same month saw another airliner overrun a runway at Mashhad and strike a wall, killing seventeen.",같은 달에 또 다른 여객기가 마샤드 공항에서 활주로를 벗어나 벽에 충돌하여 17명의 사망자가 발생했습니다.,"Translate the following sentence into Korean.
English: The same month saw another airliner overrun a runway at Mashhad and strike a wall, killing seventeen.
Korean:",7cde7ef8d2d7810b5c6a3f9e71b970bd8a915bcc28012c2ef640a20faef06155,23eead0c03028032b0b003d9173d8baba1c7cd3cd320a60d79c2b63136a141c4,33,True,
225,225,Aerosmith have cancelled their remaining concerts on their tour.,에어로스미스는 투어 콘서트의 남아있는 공연들을 취소했다.,"Translate the following sentence into Korean.
English: Aerosmith have cancelled their remaining concerts on their tour.
Korean:",d7cef41601c6c1561e37417b7526d8ad28ae2ef1fff74f289f348ccc538e5547,32c2e313db886ba96fbff3435b716d69ab58c52db5a33381525cf7f8371a22c1,23,True,
226,226,The rock band was due to tour the United States and Canada until September 16.,이 록 밴드는 9월 16일까지 미국과 캐나다를 순회할 예정이었다.,"Translate the following sentence into Korean.
English: The rock band was due to tour the United States and Canada until September 16.
Korean:",705cc309d3f57b0425c5dc5aeb0b486072739a42da30ca718acc0e7ecf4b3aa7,c6bbe12cf97aafbf672a218a765ffad972f62e3dd3212feac8825d76cc5c497c,30,True,
227,227,They have cancelled the tour after lead singer Steven Tyler was injured after he fell off stage while performing on August 5.,"리드 보컬 스티븐 타일러가 8월 5일 공연 중 무대에서 추락해 부상을 입은 후, 투어 공연을 취소했습니다.","Translate the following sentence into Korean.
English: They have cancelled the tour after lead singer Steven Tyler was injured after he fell off stage while performing on August 5.
Korean:",91c760515136b0541929bed191df2de2e23c509dd44804754bf95fb57c69d0fb,2adb9ef366303227ed251e4ef4e26bd8401061e7d3c262ef3fec3711241f44c8,36,True,
228,228,Murray lost the first set in a tie break after both men held each and every serve in the set.,머레이는 두 남자가 세트에서 각각 서브를 넣은 후 첫 세트를 동점골로 내줬습니다.,"Translate the following sentence into Korean.
English: Murray lost the first set in a tie break after both men held each and every serve in the set.
Korean:",9f9501640f30a288a3c463d92933aa4c6420c8136d56933916c9fd09919afbbc,3aa562c782ad6b5238280524066f4ded9d76874b19682d338a0f19a870d1d716,33,True,
229,229,"Del Potro had the early advantage in the second set, but this too required a tie break after reaching 6-6.",델 포트로가 2세트에서 먼저 어드밴티지를 얻었지만 6 대 6이 된 후 다시 타이 브레이크가 필요했다.,"Translate the following sentence into Korean.
English: Del Potro had the early advantage in the second set, but this too required a tie break after reaching 6-6.
Korean:",6db311d576ff15dd4087cf3255ba4932f71e18c160cbc0cd9efc035dcc3211fd,62f22e8ee9f14cdee547541bf2e678c88cafea89adb15e8cad672a9bcff8b3b7,38,True,
230,230,Potro received treatment to his shoulder at this point but managed to return to the game.,포트로는 현시점 어깨 치료를 받았으나 간신히 경기로 복귀할 수 있었다.,"Translate the following sentence into Korean.
English: Potro received treatment to his shoulder at this point but managed to return to the game.
Korean:",51abe5955e95ac50b32fa9c79a7742d935350ee55a5dda637a069b7e6559f2e1,cd9501c4b871c9fb22eae0bdf20c47087da8af18dab2af6faaced146ecaf048a,30,True,
231,231,The program started at 8:30 p.m. local time (15.00 UTC).,이 프로그램은 현지 시간으로 오후 8시 30분(15.00 UTC)에 시작했습니다.,"Translate the following sentence into Korean.
English: The program started at 8:30 p.m. local time (15.00 UTC).
Korean:",1bede38163b075e263018fd6a138ebacaee94f723a1bb931061a674465e4480a,691d9c394eb77be0cee212a6f62b7a948d9058bc46f402b8af099b8402ae0d31,34,True,
232,232,"Famous singers across the country presented bhajans, or devotional songs, to Shri Shyam's feet.",전국의 유명한 가수들이 종교적 찬가인 바쟌을 스리 샤얌(Shri Shyam)의 발 앞에 바쳤습니다.,"Translate the following sentence into Korean.
English: Famous singers across the country presented bhajans, or devotional songs, to Shri Shyam's feet.
Korean:",6816cb42b214fd7ad50758a87f14056a3bf3ed536413d42b8ff67ca2f03f3071,cc3837b4e66a068c653a3a0f90a4b535de171573feed81a3f7792da6c3b00e92,36,True,
233,233,"Singer Sanju Sharma started the evening, followed by Jai Shankar Choudhary. esented the chhappan bhog bhajan as well. Singer, Raju Khandelwal was accompanying him.","가수 산주 샤르마가 저녁 시간의 시작을 끊었고, 자이 샨카르 초우더리가 뒤를 이었습니다. chhappan bhog 바잔도 선보였습니다. 가수 라주 칸델왈이 그와 함께했습니다.","Translate the following sentence into Korean.
English: Singer Sanju Sharma started the evening, followed by Jai Shankar Choudhary. esented the chhappan bhog bhajan as well. Singer, Raju Khandelwal was accompanying him.
Korean:",0b882b49a7fe0e209055382bae317435452c75d78714ca06f23d4ea560d9bbbc,e1c1ba0409210f75a679bad5ae359d135c6154b57ee2a19f31e3211a1ebe8cab,57,True,
234,234,"Then, Lakkha Singh took the lead in singing the bhajans.","그러고, 라카 싱은 바잔들을 노래하는 데 앞장섰다.","Translate the following sentence into Korean.
English: Then, Lakkha Singh took the lead in singing the bhajans.
Korean:",de7d40f3b3e108d407390ec780f3954ea4c75e05986050580051d21dd91d1faf,6258f91846b5123c93b3e7599ce5103d27480f27a812dd0c34c16f602cd23f14,28,True,
235,235,"108 plates of Chhappan Bhog (in Hinduism, 56 different edible items, like, sweets, fruits, nuts, dishes etc. which are offered to deity) were served to Baba Shyam.","108 접시의 Chhappan Bhog(힌두교에서는 신에게 바치는 단것, 과일, 견과류, 요리 등 56가지 다른 먹을거리들)가 Baba Shyam에게 차려졌습니다.","Translate the following sentence into Korean.
English: 108 plates of Chhappan Bhog (in Hinduism, 56 different edible items, like, sweets, fruits, nuts, dishes etc. which are offered to deity) were served to Baba Shyam.
Korean:",fd47a11aff063cfbd1638216b4df45f1bcd4b82384d1c9d895a8f1782617574e,989038a2e0d9124147b2ca1545e29b025e2195673a4e6f1693e4f767d1c46a46,61,True,
236,236,"Lakkha Singh presented the chhappan bhog bhajan as well. Singer, Raju Khandelwal was accompanying him.",라카 싱은 또한 차판 보그 바잔도 선보였다. 가수 라주 칸델왈이 라카 싱과 함께 불렀다.,"Translate the following sentence into Korean.
English: Lakkha Singh presented the chhappan bhog bhajan as well. Singer, Raju Khandelwal was accompanying him.
Korean:",db510790903252452c57c68ff1f5fe871445d915c0bacfcae59279b5d1b75556,901e9280cdc2f6e37cdd884b7f5eba7ccf84f5c82b373c240bc6c66ed5ddabbd,41,True,
237,237,"At Thursday's keynote presentation of the Tokyo Game Show, Nintendo president Satoru Iwata unveiled the controller design for the company's new Nintendo Revolution console.",목요일에 열린 도쿄 게임쇼의 기조 발표에서 닌텐도의 이와타 사토루 사장은 자사의 새 닌텐도 레볼루션 게임기의 컨트롤러 디자인을 공개했다.,"Translate the following sentence into Korean.
English: At Thursday's keynote presentation of the Tokyo Game Show, Nintendo president Satoru Iwata unveiled the controller design for the company's new Nintendo Revolution console.
Korean:",a78ab1f5c353d2a3f79fae448239ab0071ab147c47d63f9e9b84290e2ec049a5,111bb437e6f762a702ddfd7ccd5ce8182d94e8427a148841ee2c1486810e67dc,44,True,
238,238,"Resembling a television remote, the controller uses two sensors placed near the user's television to triangulate its position in three-dimensional space.",텔레비전 리모컨과 유사하게 생긴 컨트롤러는 사용자 텔레비전 근처에 위치한 센서 2개를 사용하여 3차원 공간에서 그 위치를 삼각 측정합니다.,"Translate the following sentence into Korean.
English: Resembling a television remote, the controller uses two sensors placed near the user's television to triangulate its position in three-dimensional space.
Korean:",530b3259be3ca54e5cf554ae7d5c6b6a1323dfb16f6be22b9ff4a2a3d035e8b2,0de6edc93c3d2d3a69052e2457ca37dfe257cce96e66830712d68ecfc95922fc,40,True,
239,239,This will allow players to control actions and movements in video games by moving the device through the air.,이렇게 되면 플레이어들이 장치를 허공에서 움직여 동작과 움직임을 제어할 수 있게 된다.,"Translate the following sentence into Korean.
English: This will allow players to control actions and movements in video games by moving the device through the air.
Korean:",d5c5ee9cc463394f0e4179a1433444a0a10783a4423cc12f014f5f19bfd8f159,708aacac6269edd0a6f429b4598f57698c2bd3dbc53d958ab91da704aa256255,32,True,
240,240,Giancarlo Fisichella lost control of his car and ended the race very soon after the start.,지안카를로 피지켈라는 레이스가 시작직후 차량의 통제력을 잃어 레이스를 마쳐야 했다,"Translate the following sentence into Korean.
English: Giancarlo Fisichella lost control of his car and ended the race very soon after the start.
Korean:",e5815d3707b5a42e285f104cc39e5f794da8a091172047b8b0b99ae2b2dbcc16,e49882b197a019530261cc1a1d093cf4132194052ea8fe0ca79c6061885f6e51,34,True,
241,241,"His teammate Fernando Alonso was in the lead for most of the race, but ended it right after his pit-stop, probably because a badly tucked right front wheel.",그의 팀원인 페르난도 알론소는 레이스 대부분 선두를 지키고 있었지만 오른쪽 앞바퀴가 잘못 끼어져있어서 피트 스탑 직후에 경기를 끝내야만 했다.,"Translate the following sentence into Korean.
English: His teammate Fernando Alonso was in the lead for most of the race, but ended it right after his pit-stop, probably because a badly tucked right front wheel.
Korean:",e03008c96068c29008500f30894937782e9af0489d44207b3810169fa22daab4,76a0d27196fd23d1b22cb61a63eccb2b070884d9f6169e1d898c1497439f3c95,44,True,
242,242,"Michael Schumacher ended his race not long after Alonso, because of the suspension damage in the numerous battles during the race.",미하엘 슈마허는 근소한 차이로 알론소에게 뒤져 결승선에 들어오게 되었다. 그 이유는 경주 중 수많은 충돌로 인한 현수 손상(suspension damage) 때문이다.,"Translate the following sentence into Korean.
English: Michael Schumacher ended his race not long after Alonso, because of the suspension damage in the numerous battles during the race.
Korean:",beacb24de21a1d1504b4c86b385226045672f4fbe7b714a980dd126401493c4e,555cbb7536a10650875ec4fb8f92a98e2b7041e8d86023f0a5fe6c49e2f3d0c3,37,True,
243,243,"""She’s very cute and sings quite well, too,"" he said according to a transcript of the news conference.","""기자 회견 녹취록에 따르면 장이모우는 """"그녀는 매우 귀엽고 노래도 꽤 잘합니다""""라고 말했습니다.""","Translate the following sentence into Korean.
English: ""She’s very cute and sings quite well, too,"" he said according to a transcript of the news conference.
Korean:",bf78d2320f09010aa2b543f44b36f2821e9cb1a202f9d45870c62ff5f6e8052a,b10c9b2b55c7c20d2fe21f3083685936b7b1a49851e791c70a472ecb44dafeb8,35,True,
244,244,"""I was moved every time we did a rehearsal on this, from the bottom of my heart.""","""""""나는 매번 이 작품의 리허설을 할 때마다 마음 깊숙이 감동을 느꼈습니다"""".""","Translate the following sentence into Korean.
English: ""I was moved every time we did a rehearsal on this, from the bottom of my heart.""
Korean:",3da5becfcd64f08dafa1bae2e2eedc6a044a0ea8678b1b32c8aeab81bed53c59,a7865a9308dae72e0659955d75fadce277bbc8fb8aa06e88f9e2a84829fc4201,32,True,
245,245,"Around 3 minutes into the launch, an on-board camera showed numerous pieces of insulation foam break away from the fuel tank.","발사 후 약 3분쯤에, 연료 탱크로부터 매우 많은 양의 단열재 폼이 떨어져 나오는 것이 온보드 카메라에 포착되었습니다.","Translate the following sentence into Korean.
English: Around 3 minutes into the launch, an on-board camera showed numerous pieces of insulation foam break away from the fuel tank.
Korean:",d88cadedbf123645b43dd5e58ca6624dd2d93b79ac629cce033e611daaa68d27,53aebcafbd5b4bedae18b3cf07cb32515278c7fdcf65ce5b6c8900b72dd81b63,37,True,
246,246,"However, they are not thought to have caused any damage to the shuttle.",그러나 이들은 우주왕복선에 손상을 입힌 것으로는 생각되지 않는다.,"Translate the following sentence into Korean.
English: However, they are not thought to have caused any damage to the shuttle.
Korean:",efe1c5c6e7ea0a092aa987ff2d701419344e6ddc7ec6f62ba28553d364aef39d,7b4611fa229af589f7f61177ca60d24c2512f90b8e5361df138e7ee3cc5b2dcd,27,True,
247,247,"NASA's shuttle program chief N. Wayne Hale Jr. said the foam had fallen ""after the time we are concerned about.""","""나사의 우주 왕복선 프로그램 책임자 웨인 헤일 주니어(N. Wayne Hale Jr.)는 """"우리가 걱정하던 시기"""" 후에  발포 단열재가 떨어졌다고 말했다. ""","Translate the following sentence into Korean.
English: NASA's shuttle program chief N. Wayne Hale Jr. said the foam had fallen ""after the time we are concerned about.""
Korean:",86bf76dbbf0d8352c220f31f29e3615d1953e2d4145601906c3d49c98a722993,ddc5e26a5ad653f0fdb69eeb5182412503a6fa08b7ae59be813c62321082372e,37,True,
248,248,"Five minutes into the display a wind starts rolling in, about a minute later, the wind is reaching 70km/h... then the rain comes, but so hard and so large that it slaps your skin like a needle, then hail fell from the sky, people panicking and screaming and running over each other.","불꽃놀이가 시작된 지 한 5분쯤 지났을 때 갑자기 바람이 불기 시작했어요. 그리고 1분쯤 뒤에는 풍속이 70km/h에 달했죠. 그다음엔 비가 왔고, 근데 너무 큰 빗방울이 세차게 떨어져서 마치 바늘처럼 피부를 때렸고 이후에는 우박까지 떨어졌어요. 사람들은 막 패닉에 빠져서 소리를 지르고 여기저기 뛰어다니고 난리였죠.","Translate the following sentence into Korean.
English: Five minutes into the display a wind starts rolling in, about a minute later, the wind is reaching 70km/h... then the rain comes, but so hard and so large that it slaps your skin like a needle, then hail fell from the sky, people panicking and screaming and running over each other.
Korean:",1d13a6430f10e2536841c5b55bc5a1805f110bfdd91fbf23ee7b42bf56310eef,98158ac5ddcd692d1d63a93f8ccce5f2012fc905025bedd9e40d84b69e0cf2c6,77,True,
249,249,"I lost my sister and her friend, and on my way there were two disabled people in wheelchairs, people just jumping over and pushing them,"" Armand Versace said.","""내 동생과 동생의 친구를 잃어버렸고, 가는 도중엔 휠체어를 탄 두 명의 장애인을 보았고 사람들이 그 둘을 밀치고 있는 것을 보았다.""""라고 Armand Versace는 전했다.""","Translate the following sentence into Korean.
English: I lost my sister and her friend, and on my way there were two disabled people in wheelchairs, people just jumping over and pushing them,"" Armand Versace said.
Korean:",f557dd16d048f260086b3d2aea58e0d9f03c1c91ccd19a6a0f5abb7a13e1add7,0a508f54e00d2479a4773a54d4f25cea702242dd175ac685cecbd0adcf06c09e,48,True,
250,250,NHK also reported that the Kashiwazaki Kariwa nuclear power plant in Niigata prefecture was operating normally.,또한 NHK는 니카타현의 카시와자키 카리와 원자력 발전소가 정상적으로 운영되고 있다고 보고했습니다.,"Translate the following sentence into Korean.
English: NHK also reported that the Kashiwazaki Kariwa nuclear power plant in Niigata prefecture was operating normally.
Korean:",ea76c3a985d1686ca1f6e92d02021145e9f723455ec6ce85ab9d5e8d350b2443,e8e7323ebf81c9a39165c4fb9131c7f2d86ad445eaed6b7d00c15192717c97df,39,True,
251,251,Hokuriku Electric Power Co. reported no effects from the earthquake and that the Number 1 and 2 reactors at its Shika nuclear power plant were shut down.,"호쿠리쿠 전력 회사는 지진으로 인한 영향은 없으며 시카 원자력 발전소의 1, 2호기 원자로가 중지되었다고 보고했다.","Translate the following sentence into Korean.
English: Hokuriku Electric Power Co. reported no effects from the earthquake and that the Number 1 and 2 reactors at its Shika nuclear power plant were shut down.
Korean:",1e49be0829935958207e403ab563336af92cc900d80b01e4655dbed03172d20f,51172372c3e8b77e61bae53cc44e52685a9a14a6649dc9098d0dec442f6088de,46,True,
252,252,It is reported that some 9400 homes in the region are without water and approximately 100 without electricity.,"그 지역의 9400가구는 물 없이, 약 100가구는 전기 없이 생활한다고 전해진다.","Translate the following sentence into Korean.
English: It is reported that some 9400 homes in the region are without water and approximately 100 without electricity.
Korean:",7f471b445b6eb0a6681915cb54f6e1f1b0bed7bd3a6a307fd60e8733e150af31,f260c9d3587d316edec755640367e4e2a4a4cd857bb22978bd0ba25552c28137,38,True,
253,253,"Some roads have been damaged, railway service interrupted in the affected areas, and the Noto Airport in Ishikawa prefecture remains closed.",일부 도로가 파손되고 피해 지역에서는 철도 운행이 중단됐으며 이시카와현 노토 공항은 폐쇄된 상태다.,"Translate the following sentence into Korean.
English: Some roads have been damaged, railway service interrupted in the affected areas, and the Noto Airport in Ishikawa prefecture remains closed.
Korean:",0646cc8baf863078e24c1723ae8c740fcfba2798315d4f35be862ee0ff40eca7,6db9b0e67213564513dc41c4956324f81934233181047ee40f9ecc99ceadfd03,40,True,
254,254,One bomb exploded outside the governor general's office.,폭탄 한 발이 총독 집무실 밖에서 폭발했다.,"Translate the following sentence into Korean.
English: One bomb exploded outside the governor general's office.
Korean:",f882e1d9306c78eb063cab70c593b7be2d6f5206026df218ff2a9cf27952c84c,dc122d4bc25f6dcc70fdb4e5378c77b6a6b070148361599c993224a5d4b733a0,22,True,
255,255,Three more bombs exploded near government buildings in a period of two hours.,정부청사 근처에서 2시간 만에 폭탄 3개가 추가로 폭발했다.,"Translate the following sentence into Korean.
English: Three more bombs exploded near government buildings in a period of two hours.
Korean:",5b2a564f3e84f88057d2cafaafa6f353347b04fa9587afc42dfdc27587e9a8e8,d03e93f85185c667229f9d6e8eb8afd3d48a9061695c9dddc61b001770c681a1,26,True,
256,256,"Some reports put the official death toll at eight, and official reports confirm that up to 30 were injured; but final numbers are not yet known.","일부 보도에 따르면 공식 사망자 수는 8명으로 집계됐으며, 공식 보도에 따르면 최대 30명이 부상을 있었다고 전해진다. 그러나 최종 사망자 수는 아직 알려지지 않았다.","Translate the following sentence into Korean.
English: Some reports put the official death toll at eight, and official reports confirm that up to 30 were injured; but final numbers are not yet known.
Korean:",3d8446b5923df227b41b591b75bffd2c50e65962b96b7095011f811ab615ad48,99e201fb384be749f33cb697768b47a8b522e56ca4776b1588fc06f10bac3478,43,True,
257,257,Both cyanuric acid and melamine were found in urine samples from pets that died after consuming contaminated pet food.,오염된 애완 먹이를 섭취한 후 사망한 애완동물들의 소변 샘플에서 시아누르산과 멜라민이 둘 다 관찰되었다.,"Translate the following sentence into Korean.
English: Both cyanuric acid and melamine were found in urine samples from pets that died after consuming contaminated pet food.
Korean:",531a1e75f2f87f322199f2455b8e50772441560d38c6757c04552f7159caaea9,0228921de0204c5a74d01463f8a945510220e7a0cf0a1fd96ebabf4bcee84655,35,True,
258,258,"The two compounds react with one another to form crystals that may block kidney function, researchers at the university said.",대학 연구진은 두 화합물이 서로 반응하여 결정을 형성하고 이는 신장의 기능을 차단할 수 있다고 밝혔다.,"Translate the following sentence into Korean.
English: The two compounds react with one another to form crystals that may block kidney function, researchers at the university said.
Korean:",fceac76b1c4fde96fc8f026263e5c63266b4ffb20f1b64c3714b5274d66d674d,2507d8be02dacc03523c9419144b1fde3e8b20118d03245eace584168dcfb4ac,34,True,
259,259,The researchers observed crystals formed in cat urine by the addition of melamine and cyanuric acid.,연구원들은 멜라민과 시아누르산의 첨가로 고양이의 소변에 결정이 형성된 것을 관찰했다.,"Translate the following sentence into Korean.
English: The researchers observed crystals formed in cat urine by the addition of melamine and cyanuric acid.
Korean:",95ea3dbe0bcf2446675d5f51a55627666a401b18338a388447384ebf4cb1dc71,b0d7c28a825de8f8b0e98ca479ab38be0976716b0caf96ae8888697364782fed,32,True,
260,260,The composition of these crystals matches those found in the urine of affected pets when compared by infrared spectroscopy (FTIR).,이러한 결정의 구성은 적외선 분광법(FTIR)과 비교했을 때 영향을 받은 애완동물의 소변에서 발견되는 결정과 일치합니다.,"Translate the following sentence into Korean.
English: The composition of these crystals matches those found in the urine of affected pets when compared by infrared spectroscopy (FTIR).
Korean:",7308af171d1e2910d47fcf2a1f482cdfb51e9680bb354b05300e8bbdc9f25fef,dd5ade94af423c6e3135394b6bc1fd9304dc6bc97dbb44a2e7be40b6ea19d8f3,36,True,
261,261,"I don't know if you realize it or not, but most of the goods from Central America came into this country duty-free.","아실지 모르겠지만, 중앙아메리카에서 온 대부분의 물품은 이 나라에 면세로 들어왔습니다.","Translate the following sentence into Korean.
English: I don't know if you realize it or not, but most of the goods from Central America came into this country duty-free.
Korean:",ddcd70164f2c7e4e2b7ceabd7ad5837d4244b6dddc7d28aeac5bf48cbf80f100,e5949204049ea9e10641ded1466ca62e944ee4336c1cbe4ece4729615c08e1ab,38,True,
262,262,Yet eighty percent of our goods were taxed through tariffs in Central American countries. we treat you.,비록 우리 물품의 팔십 퍼센트가 중앙아메리카 국가들에서 관세를 통해 세금이 부과된다. 우리가 당신을 대접한다.,"Translate the following sentence into Korean.
English: Yet eighty percent of our goods were taxed through tariffs in Central American countries. we treat you.
Korean:",14dc54a2dc7f9126f4261f988b4fab19bad216dc6ee193f72a17d3a8cc6340fe,0b69d9e90345ed30268eb3c0466d0f3ad7a6077cd92a97b33ece791202cfbeaf,31,True,
263,263,That didn't seem to make sense to me; it certainly wasn't fair.,그게 저에겐 말이 안 되는 것 같았습니다. 확실히 공평하지 않았어요.,"Translate the following sentence into Korean.
English: That didn't seem to make sense to me; it certainly wasn't fair.
Korean:",4ae5405d96819a8ce5a7a4dfc399680c0dac42d765b185ac04800cc983465c7e,5ac9fea54553cebd89068785a4d6eb9d5fa5d5bed3dba24d46ef3897f70e3a53,28,True,
264,264,All I say to people is you treat us the way we treat you.,제가 드리는 말씀은 저희가 여러분을 대하는 방식대로 여러분도 저희를 대하라는 것입니다.,"Translate the following sentence into Korean.
English: All I say to people is you treat us the way we treat you.
Korean:",6398df1efa0f0608e0911d88a3c16817d22061ba4327a0fa187dced91d87e758,8b0a61c28af85d896f0f322e858347d4cbb16624d0819bc2a3dcf008b65391a3,27,True,
265,265,California Governor Arnold Schwarzenegger signed into law a bill that bans the sale or rental of violent video games to minors.,아놀드 슈워제네거 캘리포니아 주지사는 미성년자에게 폭력적인 비디오 게임을 판매하거나 대여하는 것을 금지하는 법안에 서명했다.,"Translate the following sentence into Korean.
English: California Governor Arnold Schwarzenegger signed into law a bill that bans the sale or rental of violent video games to minors.
Korean:",6c777260b09f009d6a46c2074505f8f62122f5df25a0f7495020ebcde395d388,1c35d527d14556f3c471c2af580e627ee8f40fc0d7ca73570fe8c9ae931623c5,37,True,
266,266,"The bill requires violent video games sold in the state of California to be labeled with a decal reading ""18"" and makes their sale to a minor punishable by a fine of $1000 per offense.","""이 법안은 캘리포니아 주에서 판매되는 폭력적인 비디오 게임에는 """"18""""이라는 라벨을 붙여야 하며, 이 게임을 미성년자에게 판매하는 경우 1000달러의 벌금에 처하도록 규정하고 있습니다.""","Translate the following sentence into Korean.
English: The bill requires violent video games sold in the state of California to be labeled with a decal reading ""18"" and makes their sale to a minor punishable by a fine of $1000 per offense.
Korean:",3ed80d3c0dfa60d81b8a519a0393034e40ee7d94f211b7c70cdaa013b72527ac,16fa74246b29f5a658dde70ac0f39ed0c1b769a0ea2a380eca3a16e3ea4a0980,56,True,
267,267,"The Director of Public Prosecutions, Kier Starmer QC, gave a statement this morning announcing the prosecution of both Huhne and Pryce.","검찰 총장, 키어 스타머 칙선 변호사는 오늘 아침 Huhne와 Pryce를 둘 다 기소한다는 성명을 발표했습니다.","Translate the following sentence into Korean.
English: The Director of Public Prosecutions, Kier Starmer QC, gave a statement this morning announcing the prosecution of both Huhne and Pryce.
Korean:",01ec0e9512330b0fa54a9853bdf6c283598a56ee2f27597fb2722e049530bf3f,fb70b7f942f6389487c2ac35fd429980d736bd6608881a3c1bb913c88e4c6a56,42,True,
268,268,Huhne has resigned and he will be replaced in the Cabinet by Ed Davey MP. Norman Lamb MP is expected to take the Business Minister job Davey is vacating.,훈는 사임했고 내각에서 에드 데이비 하원 의원에 의해 교체될 예정이다. 노먼 램 하원 의원은 데이비가 떠나는 사업부 장관직을 밭을 것으로 예산된다.,"Translate the following sentence into Korean.
English: Huhne has resigned and he will be replaced in the Cabinet by Ed Davey MP. Norman Lamb MP is expected to take the Business Minister job Davey is vacating.
Korean:",e09ab4fc32fe95e7741ac498686a788c5819ae639270073a5827e8942b114e50,663283f3798fb1840f36946073271d85c8f8755cabf7519d0ac6b9f7a5c9a8df,48,True,
269,269,Huhne and Pryce are scheduled to appear at the Westminster Magistrates Court on February 16.,후네(Huhne)와 프라이스(Pryce)는 2월 16일 웨스트민스터 치안법원에 출두할 예정입니다.,"Translate the following sentence into Korean.
English: Huhne and Pryce are scheduled to appear at the Westminster Magistrates Court on February 16.
Korean:",59d40ad550c38eb7bbc927ce174f8ea02c4f21320af5182cbde482ad088a6da0,da3152e5fabd0b0236aa25b96138e40a00ad4768d87510f5c14fdaebf5011eb6,34,True,
270,270,"The fatalities were Nicholas Alden, 25, and Zachary Cuddeback, 21. Cuddeback had been the driver.",사망자는 니콜라스 올던(25)과 재커리 커드백(21)이었습니다. 커드백은 운전사였습니다.,"Translate the following sentence into Korean.
English: The fatalities were Nicholas Alden, 25, and Zachary Cuddeback, 21. Cuddeback had been the driver.
Korean:",2ce0a57b5e2c61c391d8b501066d33ca4eb41c52e4238c6b375f2b58f76ab379,d6ad2c67504f5d7aafdb98841d4ce0a336bbf1264c8c4bb7c054a31f0329a72c,44,True,
271,271,Edgar Veguilla received arm and jaw wounds while Kristoffer Schneider was left requiring reconstructive surgery for his face.,"에드가 베길라(Edgar Veguilla)는 팔과 턱에 상처를 입었고, 크리스토퍼 슈나이더(Kristoffer Schneider)는 얼굴에 재건수술이 필요할 만큼의 부상을 입었다.","Translate the following sentence into Korean.
English: Edgar Veguilla received arm and jaw wounds while Kristoffer Schneider was left requiring reconstructive surgery for his face.
Korean:",7c198484cc88c41e52669892744742c5ba1f4f5718b034ddd44906b307fec4f7,aa78a8e57c08b993b55f9b032d578999a23523441f07a912fb56f054f7ad869a,35,True,
272,272,"Uka's weapon failed whilst pointed at a fifth man's head. Schneider has ongoing pain, blindness in one eye, a missing section of skull and a face rebuilt from titanium.",Uka의 무기가 다섯 번째 남자의 머리를 겨냥하는데 실패했습니다. 슈나이더는 지속적인 통증에 시달리고 한쪽 눈을 실명하였으며 일부 두개골이 소실되었고 얼굴을 티타늄으로 재건하였습니다.,"Translate the following sentence into Korean.
English: Uka's weapon failed whilst pointed at a fifth man's head. Schneider has ongoing pain, blindness in one eye, a missing section of skull and a face rebuilt from titanium.
Korean:",a88edb9d3ffe03d30ac6c20e3dbd9858da874e16c55ce409ab4a541d7e5d6dc3,63451d4863902316d3ae7204246d2a6464fc336db5459e9c3167bc61f222f562,48,True,
273,273,Schneider testified via videolink from a USAF base in his homeland.,슈나이더는 그의 고향 USAF 기지에서 비디오링크를 통해 증언했습니다.,"Translate the following sentence into Korean.
English: Schneider testified via videolink from a USAF base in his homeland.
Korean:",fceae9b31d1a794354ed2e49ecafbdcbceef348e3bdd5eefdf0f6c6058383c82,b300c6ce7aae1adef399e45cfebfa396aacf636024f0b2c8f7a284d000d50b24,27,True,
274,274,"Beyond Wednesday's event, Carpanedo competed in two individual races at the Championships.","카파네도(Carpanedo)는 수요일의 이벤트 말고도, 챔피언십에서 두 번의 개별 레이스에 출전했습니다.","Translate the following sentence into Korean.
English: Beyond Wednesday's event, Carpanedo competed in two individual races at the Championships.
Korean:",479437c0b3b4b397f6a3161862948622638c2a544cd77bbc1b0810579c9f1e0f,5d8aff84c919ab2f2ae6eefc49f7a94854a266defcd878b0067b3e14326fb830,29,True,
275,275,"Her first was the Slalom, where she earned a Did Not Finish in her first run. 36 of the 116 competitors had the same result in that race.","그녀의 첫 번째 경기는 활강 경기였는데, 1회전에서 결승선을 통과하지 못했습니다. 116명의 선수 중 36명이 그 경기에서 같은 결과를 얻었습니다.","Translate the following sentence into Korean.
English: Her first was the Slalom, where she earned a Did Not Finish in her first run. 36 of the 116 competitors had the same result in that race.
Korean:",1dfa2105f5a8ba773439ea198659180b400638f3daa63de7fadcdf384fba0227,7867c197de7b17942b00ef66fc42c3efb0c76f8ef65a51835140f0b273a674f0,49,True,
276,276,"Her other race, the Giant Slalom, saw her finish in tenth in the women's sitting group with a combined run time of 4:41.30, 2:11.60 minutes slower than first place finisher Austrian Claudia Loesch and 1:09.02 minutes slower than the ninth place finisher Gyöngyi Dani of Hungary.","그녀의 또 다른 경주인 자이언트 슬라럼에선 합계 4분 41초 30으로 10위에 그쳤는데, 이것은 1위 마무리 주자인 오스트리아의 클라우디아 로에쉬보다 2분 11초 60 느리고 9위 헝가리의 귄기이 다니엘보다 1분 9초 2 느렸습니다.","Translate the following sentence into Korean.
English: Her other race, the Giant Slalom, saw her finish in tenth in the women's sitting group with a combined run time of 4:41.30, 2:11.60 minutes slower than first place finisher Austrian Claudia Loesch and 1:09.02 minutes slower than the ninth place finisher Gyöngyi Dani of Hungary.
Korean:",38b7540608d85772ad5e6d5b834cb70a5420b550eb109fd19c937396442e8f86,d06842b24a2975da7eca32627ad7fd691e8871f1d6a704acb5b227fd54038573,91,True,
277,277,"Four skiers in the women's sitting group failed to finish their runs, and 45 of the 117 total skiers in the Giant Slalom failed to rank in the race.","여성 좌석에 앉은 4명의 스키 선수들은 결승선까지 도달하지 못했고, 대회전 경기의 전체 스키 선수 117명 중 45명이 레이스에서 탈락했습니다.","Translate the following sentence into Korean.
English: Four skiers in the women's sitting group failed to finish their runs, and 45 of the 117 total skiers in the Giant Slalom failed to rank in the race.
Korean:",6c6aa2cce2f0dadf5916b7877df4eed9be9eb150330e1e558048bbf43497c880,f02bf27c2ce1c9b39cfad350f2e98f8643679a42e836a7bc6f627961d0fd8579,52,True,
278,278,The Madhya Pradesh Police recovered the stolen laptop and mobile phone.,마디아 프라데시 경찰은 도난당한 노트북과 휴대폰을 회수했다.,"Translate the following sentence into Korean.
English: The Madhya Pradesh Police recovered the stolen laptop and mobile phone.
Korean:",0139b443fd52519341c871ad6ee951e893806ff353a6938256afe79c4950ba9a,7ae906c325bba0799b1eb46f3741f23cac3b5c86b9fdf4381e6a827ba8c4b8b8,25,True,
279,279,"Deputy Inspector General D K Arya said, ""We have arrested five persons who raped the Swiss woman and recovered her mobile and laptop"".","""D K 아리아 부감찰관은 """"스위스 여성을 성폭행한 5명을 체포했으며, 또한 피해 여성의 휴대폰과 휴대용 컴퓨터를 복구했다""""고 말했습니다.""","Translate the following sentence into Korean.
English: Deputy Inspector General D K Arya said, ""We have arrested five persons who raped the Swiss woman and recovered her mobile and laptop"".
Korean:",ab7a67d817facc8b150d91579f19dd0299e2eb1dcb49e22f0436d605924f1468,2c1f5f5e1ac02f8c4f234b994a7dfa67c085b11c8ac59e16abfffa8e6b638279,39,True,
280,280,"The accused are named as Baba Kanjar, Bhutha Kanjar, Rampro Kanjar, Gaza Kanjar and Vishnu Kanjar.","피의자 이름은 바바 간자(Baba Kanjar), 부다 간자(Bhutha Kanjar), 람프로 간자(Rampro Kanjar), 가자 간자(Gaza Kanjar), 비쉬누 간자(Vishnu Kanjar)입니다.","Translate the following sentence into Korean.
English: The accused are named as Baba Kanjar, Bhutha Kanjar, Rampro Kanjar, Gaza Kanjar and Vishnu Kanjar.
Korean:",2b70bcb1951df603b600a6e0d79266c5e59c1677b9dcbbc721899dbd80e1a2c6,ce4a77e9c42d05c9e1b14b23a3d1a05640e3779ae1d845ee58d47fd53fc21922,41,True,
281,281,Police superintendent Chandra Shekhar Solanki said the accused appeared in court with covered faces.,찬드라 셰카르 솔랑키 경찰서장은 피고인이 얼굴을 가린 채 법정에 나왔다고 말했다.,"Translate the following sentence into Korean.
English: Police superintendent Chandra Shekhar Solanki said the accused appeared in court with covered faces.
Korean:",d93f2d0b4250b6bc108caf48459513267a0932be673d2773a10fe7d428989720,ea0d1f2cd705f731b67195a6297e482bb44454e2111e964c3f5974d8f73cfae4,32,True,
282,282,"Although three people were inside the house when the car impacted it, none of them were hurt.","차가 집에 충돌했을 때 세 명이 안에 있었지만, 그들 중 한 명도 다치지 않았다.","Translate the following sentence into Korean.
English: Although three people were inside the house when the car impacted it, none of them were hurt.
Korean:",2dfa4f96ce8f9a2425f6c8818c5a045d8800206bdc5072b38eec1fe75b7b2629,3c7f53ac9ae03aec8ff876390b0de67be2ff0e8b6554a1cd08c89dd0979dcea2,31,True,
283,283,"However, the driver sustained serious injuries to the head.","그러나, 운전자는 머리에 심각한 부상을 입었습니다.","Translate the following sentence into Korean.
English: However, the driver sustained serious injuries to the head.
Korean:",b89ce25ed35ade891bebb65304c2ef59417e985486056a249dc36365207292d9,eecf78f8bd6a7191aa256510b90b320775179e6e4c94926219d4194adb1a8e91,23,True,
284,284,The road where the crash happened was temporarily closed while emergency services freed the driver from the red Audi TT.,"충돌이 일어난 도로는 일시적으로 폐쇄되었으며, 구급대가 운전자를 빨간색 아우디 TT 차량에서 구출하였다.","Translate the following sentence into Korean.
English: The road where the crash happened was temporarily closed while emergency services freed the driver from the red Audi TT.
Korean:",a351256b6dfcf80f4e2d4550109139e59ac729930e610b3b9cc25b45e87582da,fc3e00702934c26a0cc7818b36c07cbcb7633d16242ba05ac6d6999d7139049e,33,True,
285,285,He was initially hospitalised in the James Paget Hospital in Great Yarmouth.,처음에 그는 그레이트 야머스(Great Yarmouth)에 있는 제임스 페이젯 병원(James Paget)에 입원했습니다.,"Translate the following sentence into Korean.
English: He was initially hospitalised in the James Paget Hospital in Great Yarmouth.
Korean:",03397db8d3051fe6ba21aa652024ed48095e8c469612dd5c8dac123e54f6a9d7,cd26a5226cb0fb5f52ce2d7a8c6c98766cbb40a0992609041478458c08e23da7,29,True,
286,286,He was subsequently relocated to Addenbrooke's Hospital in Cambridge.,그는 이어서 케임브리지의 애든브룩스 병원(Addenbrooke's Hospital )에 재배치되었다.,"Translate the following sentence into Korean.
English: He was subsequently relocated to Addenbrooke's Hospital in Cambridge.
Korean:",5a6efcaedc93f2bf60beb959a3df87da22ad4c7bf2695e3089b5764991f3f65f,0b327f0e17143d883cb1cc3b605d3bd28cef876727fbb39044b0180c9c06da82,26,True,
287,287,Adekoya has since been in Edinburgh Sheriff Court charged with murdering her son.,아데코야는 자신의 아들을 살해한 혐의로 에든버러주 법원에 기소된 상태입니다.,"Translate the following sentence into Korean.
English: Adekoya has since been in Edinburgh Sheriff Court charged with murdering her son.
Korean:",ca34a0d7470047e34c667d2f9e627dac7beb7b2fdc1627e0af42a2c4499876d8,4216bb7f3464fc59f2015495539ac3eeb94f4542669a46de6b07873e0eecf94b,28,True,
288,288,"She is in custody pending indictment and trial, but any eyewitness evidence may be tainted because her image has been widely published.","그녀는 구류된 채 기소와 재판을 기다리고 있지만, 그녀에 대한 평판이 널리 알려져 있기 때문에 목격자의 증언이 편향되었을 수 있습니다.","Translate the following sentence into Korean.
English: She is in custody pending indictment and trial, but any eyewitness evidence may be tainted because her image has been widely published.
Korean:",2efb1db80ea501f46cf4ff47131db9714c73badb4f64c35659c7b18dc1ad0b8a,1fb2afc8b5d5c03f62a39fc3944fe8522e9cd16fd5de3a91e9097f0e6010f788,36,True,
289,289,This is common practice elsewhere in the UK but Scottish justice works differently and courts have viewed publication of photos as potentially prejudicial.,이것은 영국 내 다른 곳에서는 일반적인 관행이지만 스코틀랜드 법은 다르게 적용되며 법원은 사진 출판을 잠재적인 해악으로 간주했습니다.,"Translate the following sentence into Korean.
English: This is common practice elsewhere in the UK but Scottish justice works differently and courts have viewed publication of photos as potentially prejudicial.
Korean:",8510331e606d048dbd3a26d4d948933050f334430d87b84c292a26f3efa06236,184b04261df3f62eaf8aa2de4d01c7d62e19cb7762cdb54ccc9f8cbc5546dd01,37,True,
290,290,"Professor Pamela Ferguson of the University of Dundee notes ""journalists do seem to be walking a dangerous line if publishing photos etc of suspects.""","던디 대학의 파멜라 퍼거슨 교수는 '언론인이 용의자의 사진 등을 공개한다면, 그들은 아슬아슬한 줄타기를 하는 것과 같다'라고 합니다.","Translate the following sentence into Korean.
English: Professor Pamela Ferguson of the University of Dundee notes ""journalists do seem to be walking a dangerous line if publishing photos etc of suspects.""
Korean:",ae88690c4c13abf5a0f7fc94eebf8dac9363a45e034032db9e96b6d08ee58727,c9e664949ab794e1ff63798001bfa9d54d63dc9e7578eac224da1277e462cc11,40,True,
291,291,"Crown Office, which is in overall charge of prosecutions, has indicated to journalists that no further comment will be made at least until indictment.",전반적인 기소를 담당하는 크라운 오피스는 기자들에게 적어도 기소 전까지는 더 이상의 언급은 없을 것이라고 시사했다.,"Translate the following sentence into Korean.
English: Crown Office, which is in overall charge of prosecutions, has indicated to journalists that no further comment will be made at least until indictment.
Korean:",b9b44f8475f1dbbb5d8cb234c7bc5c5946f98277e159d999e1a4a8506128a62e,8fd25b9c4fae829769c02b14feb56ab6f81befaaa655dcbf70905f0b88e7ec54,39,True,
292,292,"The document, according to the leak, will refer to the borders dispute, which Palestine wants based on the borders before the 1967 Mideast War.","누출된 정보에 따르면, 해당 문서는 1967년 중동 전쟁 전 국경에 근거해 팔레스타인이 원하는 국경 분쟁과 관련이 있을 것입니다.","Translate the following sentence into Korean.
English: The document, according to the leak, will refer to the borders dispute, which Palestine wants based on the borders before the 1967 Mideast War.
Korean:",06da36dc6771e899423f133c6b609b4d28b35124fe059b61c1eb81f5d3e62d35,f31205247ab247800eb342e8924ed87790a87d80c707ff7b6ad95c049301c24d,46,True,
293,293,Other topics covered reportedly include the future state of Jerusalem which is sacred to both nations and the Jordan Valley issue.,"보도된 바에 따르면, 다른 주제로는 양국 모두에게 신성한 예루살렘의 미래와 요르단 계곡 문제가 포함되어 있습니다.","Translate the following sentence into Korean.
English: Other topics covered reportedly include the future state of Jerusalem which is sacred to both nations and the Jordan Valley issue.
Korean:",0d4fbd321abeeb2e047ea72cc82b7e55c3bb4fd27bd77e44d680f3cdb1d299dd,e2251f5259bb1a6768cf8044473df10ea09eb25c53a27021de1f918e524e8656,34,True,
294,294,Israel demands an ongoing military presence in the valley for ten years once an agreement is signed while the PA agrees to leave such presence only for five years.,"이스라엘은 협정이 이루어지자 이 구역의 현재 주둔군을 10년간 두는 것을 요구했고, PA는 주둔군이 5년 후에 떠나는 것에 동의했다.","Translate the following sentence into Korean.
English: Israel demands an ongoing military presence in the valley for ten years once an agreement is signed while the PA agrees to leave such presence only for five years.
Korean:",e619c027279af5dfd178caf63c428a5a0d8f3d796bab9e881760e2990661c114,cee95ea41b2ae8367a8741d5d8befd32789e239497c95094170f8f13c986a4a4,42,True,
295,295,"Shooters in the supplementary pest control trial were to be closely supervised by rangers, as the trial was monitored and its effectiveness evaluated.",추가 해충 방제 시험에 참여한 사냥꾼들은 시험을 감시하고 그 효과를 평가했기 때문에 삼림 관리원의 면밀히 감독을 받아야 했습니다.,"Translate the following sentence into Korean.
English: Shooters in the supplementary pest control trial were to be closely supervised by rangers, as the trial was monitored and its effectiveness evaluated.
Korean:",b441b17ab481e9bf85d6ba1bc4d9627c1983da31d09dbace9963b21588b93f56,b4c1dde8f266e76bcb4343022e44b244dd82ddb3fbd193baa6d0d4616dfd805e,39,True,
296,296,"In a partnership of NPWS and the Sporting Shooters Association of Australia (NSW) Inc, qualified volunteers were recruited, under the Sporting Shooters Association's hunting program.",NPWS와 '오스트레일리아 스포츠 슈터 협회'의 파트너쉽으로 '스포츠 슈터 협회'의 사냥 프로그램에 따라 자격을 갖춘 자원봉사자를 모집했다.,"Translate the following sentence into Korean.
English: In a partnership of NPWS and the Sporting Shooters Association of Australia (NSW) Inc, qualified volunteers were recruited, under the Sporting Shooters Association's hunting program.
Korean:",e4acc5f7cfaeb10899d8a20243ceb4961c2f140fb2721723a804ea5278752a2a,d71938f26225dd14f8f2d533a29aa33073b333932f5e6972d87ac493419df137,47,True,
297,297,"According to Mick O'Flynn, the Acting Director Park Conservation and Heritage with the NPWS, the four shooters selected for the first shooting operation received comprehensive safety and training instruction.","NPWS의 Park Conservation and Heritage(공원 보존 및 헤리티지) 소장 대행인 믹 오플린씨에 따르면, 첫 번째 사격 작전을 위해 선발된 4명의 사수들은 모두 종합적인 안전 및 훈련 지도를 받았다고 한다.","Translate the following sentence into Korean.
English: According to Mick O'Flynn, the Acting Director Park Conservation and Heritage with the NPWS, the four shooters selected for the first shooting operation received comprehensive safety and training instruction.
Korean:",b4efd5b1478c8441cfe9cd7c16a46a3581744d86caeb45ae689d790ccfba9d19,14dd64106094a19af8bb4ecff13bcf502de28309013219e4d73638e4fe806061,48,True,
298,298,Martelly swore in a new Provisional Electoral Council (CEP) of nine members yesterday.,마르텔리는 어제 9명으로 이뤄진 임시 선거위원회(CEP) 취임을 위한 선서를 했습니다.,"Translate the following sentence into Korean.
English: Martelly swore in a new Provisional Electoral Council (CEP) of nine members yesterday.
Korean:",8a49ba68ff335ba21619bb4b70a3920108565e18cc7ac30c03425623e0d83ed9,422e26741fbb483d8dc80ec9554d61944ddf695cb6ff72d604dee8c6a70fe339,31,True,
299,299,It is Martelly's fifth CEP in four years.,마텔리가 4년 만에 다섯 번째 하는 CEP다.,"Translate the following sentence into Korean.
English: It is Martelly's fifth CEP in four years.
Korean:",bb02df637226b7efbd794fd1b61dbcd32d8ea3982f01de827501f10298e8abf5,cb90f3feee341172e5e17bfcd7a4a29556c0aa4cf6ff2739ad13384aa5d72c1c,24,True,
300,300,Last month a presidential commission recommended the prior CEP's resignation as part of a package of measures to move the country towards new elections.,지난달 대통령 위원회는 새로운 선거 준비를 위한 조치의 일환으로 이전 CEP의 사임을 권고했다.,"Translate the following sentence into Korean.
English: Last month a presidential commission recommended the prior CEP's resignation as part of a package of measures to move the country towards new elections.
Korean:",06cd2c4f911fbe01d0a8e26806a38c560cba0df9a7f4f1861c1de1030f4fdb0c,5092fa14e4eeb78762983f216f75b94dd259cad56405b15a436020f783a810d6,39,True,
301,301,The commission was Martelly's response to widespread anti-regime protests that started in October.,10월에 시작된 광범위한 반정권 프로테스트에 대한 Martelly의 대응 차원에서 위원회가 마련되었습니다.,"Translate the following sentence into Korean.
English: The commission was Martelly's response to widespread anti-regime protests that started in October.
Korean:",9385fd71b8eb00a9c3677abe74f52da0e8878820e8700a9a4eb522a5acbdc3e5,c18397f016d1dd9097d764aea5cf99853f93b19fbbe8be483daa784614fc978c,30,True,
302,302,"The sometimes-violent protests were triggered by failure to hold elections, some due since 2011.",일부 폭력적 저항운동이 촉발된 것은 몇몇 선거가 2011년부터 실시되지 않았기 때문이었다.,"Translate the following sentence into Korean.
English: The sometimes-violent protests were triggered by failure to hold elections, some due since 2011.
Korean:",3bc7c08ad62196bc04363e4ebef7ecae38e906a31be11a8d13e38370378473af,713c99bb2bf1d1d34336a3513768aef524b9a6d4f638b2cc7b3ca4445ed8f957,34,True,
303,303,"Around 60 cases of malfunctioning iPods overheating have been reported, causing a total of six fires and leaving four people with minor burns.","약 60건의 iPod 과열 사례가 보고되었으며, 총 6건의 화재가 발생했고 4명이 경증의 화상을 입었습니다.","Translate the following sentence into Korean.
English: Around 60 cases of malfunctioning iPods overheating have been reported, causing a total of six fires and leaving four people with minor burns.
Korean:",d828ae8618e19d54df2defee8a230b882c5c585d61ea6d3f45c5dd32b3981c43,90a9da16ffd1a089d98d365b95c87c3dc587264c21ce1acefaef2e31b0d26622,42,True,
304,304,"Japan's Ministry of Economy, Trade and Industry (METI) said that it had been aware of 27 accidents related to the devices.",일본 경제 통상 산업부(METI)는 이 장비와 관련된 27건의 사고를 인지하고 있었다고 밝혔다.,"Translate the following sentence into Korean.
English: Japan's Ministry of Economy, Trade and Industry (METI) said that it had been aware of 27 accidents related to the devices.
Korean:",63b950b3ddcc506f108e82a4869b17ef9ccc8ff3988578d1948c090f8ab5f199,2d770ad76b4df7e8da40e83ccea6b70e598b2953a376d73da5f4968f81d89055,41,True,
305,305,"Last week, METI announced that Apple had informed it of 34 additional overheating incidents, which the company called ""non-serious.""","""지난주 일본경제산업성(METI)은 애플이 """"심각하지 않다""""고 한 과열 사고를 추가적으로 34건 보고했다고 발표했습니다.""","Translate the following sentence into Korean.
English: Last week, METI announced that Apple had informed it of 34 additional overheating incidents, which the company called ""non-serious.""
Korean:",785c0c81155ec3dd4a0619e2026cfbb03c42f0a099884611274bbd1395cefafa,ad5892e1b7796a431efec0191850e66b818a7d6fe71594b1c185a5c9e731d268,41,True,
306,306,"The ministry responded by calling Apple's postponement of the report ""truly regrettable.""","""경제산업성에선 애플의 보고서 발표 연기에 대해 """"정말 유감스럽다""""며 맞받아쳤다.""","Translate the following sentence into Korean.
English: The ministry responded by calling Apple's postponement of the report ""truly regrettable.""
Korean:",e8fac1a4927c1d6e5e8191282f6fdd517c08415a44bbe3ecf4029899a080db7c,1d6b1d8eabf43ad9ca13a2d76b3673372955f2e2434b17fac2020fe073403dca,30,True,
307,307,The eathquake struck Mariana at 07:19 a.m. local time (09:19 p.m. GMT Friday).,지진은 현지 시간으로 오전 7시 19분 (금요일 GMT 오후 9시 19분)에 마리아나 제도를 강타했다.,"Translate the following sentence into Korean.
English: The eathquake struck Mariana at 07:19 a.m. local time (09:19 p.m. GMT Friday).
Korean:",803169e0f211b94e85be9322902d0885d1eb75fc82d6ad0a8f0a366e93bbb995,ca08ad63742052d735beef2ecde8b1168dd26baf76cd35415d102f9bf7215342,43,True,
308,308,The Northern Marianas emergency management office said that there were no damages reported in the nation.,북 마리아나 재난관리청은 국가적으로 어떤 피해도 보고되지 않았다고 밝혔다.,"Translate the following sentence into Korean.
English: The Northern Marianas emergency management office said that there were no damages reported in the nation.
Korean:",bcdbb0155e358a2b1b15b2590d53c19b570a6377c58d5e899ae821ceedb9e900,3167ad1af472e6f15d83fa8fbeef675773cfa97a3a1fcc39875f395363ba922a,30,True,
309,309,Also the Pacific Tsunami Warning Center said that there was no Tsunami indication.,또한 태평양 쓰나미 경보 센터는 쓰나미의 징후가 없다고 전했다.,"Translate the following sentence into Korean.
English: Also the Pacific Tsunami Warning Center said that there was no Tsunami indication.
Korean:",39afda0853d23e6a8276783e46542cf15fc2e648d337aa2a79269652ac9a94be,1d9f0e15311f0836b54036759dc4c7ff4ccb69fc09f7918e78ac30af1576f14a,28,True,
310,310,"A former Filipino policeman has kept Hong Kong tourists hostage by hijacking their bus in Manila, the capital of the Philippines.",한 전직 필리핀 경찰관이 필리핀의 수도 마닐라에서 버스를 납치하여 홍콩 관광객들을 인질로 삼았다.,"Translate the following sentence into Korean.
English: A former Filipino policeman has kept Hong Kong tourists hostage by hijacking their bus in Manila, the capital of the Philippines.
Korean:",275fbb88b9aa7205f0c73c454212da49192ca7f6461c41fe5beddbf8b48bb926,8dbebb1ca6beb8e39164d37cd1176302d2564fb4dcdbc7bfff8ae65c1f4e1b5a,36,True,
311,311,Rolando Mendoza fired his M16 rifle at the tourists.,롤란도 멘도자는 관광객들에게 M-16 소총을 발사했습니다.,"Translate the following sentence into Korean.
English: Rolando Mendoza fired his M16 rifle at the tourists.
Korean:",b3762a4216023f39ddc5e11722eaf028d9b378db2be2ba662e9ab66025e0268c,9a6b58375ea957854588e7b59e01429fa50f53cb925e1b04d25b0720d0034279,26,True,
312,312,Several hostages have been rescued and least six have been confirmed dead so far.,여러 명의 인질이 구출되었으며 최소 여섯 명이 사망한 것으로 확인되었다.,"Translate the following sentence into Korean.
English: Several hostages have been rescued and least six have been confirmed dead so far.
Korean:",dda3caecb01fc086a731e35c5ad85ea986333e6041faf972609be4df46e6d855,5978c6129f41327665e3de455d8dbeddcb1256b9d1e5ac2b618b8f90e4d1d451,27,True,
313,313,"Six hostages, including the children and elderly, were released early, as were the Filipino photographers.",어린이와 노약자를 포함한 6명의 인질들은 필리핀 사진작가들과 마찬가지로 일찍 풀려났다.,"Translate the following sentence into Korean.
English: Six hostages, including the children and elderly, were released early, as were the Filipino photographers.
Korean:",b563cc494d43a32104b0b1a2f7b80ea0e05bf57923b99f8da43c6a03fd2cab58,d836c2fffc7d71c7c08e836f9ac811eba3a4f4aa9a750231a0f776f1a76788ed,31,True,
314,314,The photographers later took the place of an aged lady as she needed the lavatory. Mendoza was gunned down.,후에 노령의 여인이 화장실을 가야했을 때 사진가들은 그녀를 대신했다. 멘도사는 총을 맞았다.,"Translate the following sentence into Korean.
English: The photographers later took the place of an aged lady as she needed the lavatory. Mendoza was gunned down.
Korean:",2c8028a8004315bc1ab7a3c949413f940ffc70073df8cfb13a007b9004c6b57c,caae0a0a0274882bf2dda60f03e6cfca3314f0806c9e1a90cb4e3f6f4c5e654a,36,True,
315,315,Liggins followed in his father’s footsteps and entered a career in medicine.,리긴스는 아버지의 발자취를 따라 의학 쪽으로 길을 걸었다.,"Translate the following sentence into Korean.
English: Liggins followed in his father’s footsteps and entered a career in medicine.
Korean:",c8739361ae3c197d5ad59e4979cae8b9eb71c40f175a5f7a0f6d57be18046983,ff6f07d7a31830d260e06ceae6dd5f6e7b872839b85b7ec904dd593e15093cdb,27,True,
316,316,He trained as an obstetrician and began to work at the Auckland's National Women's Hospital in 1959.,그는 산부인과 의사로 훈련을 받고 1959년부터 오클랜드 국립 여성 병원에서 근무하기 시작했다.,"Translate the following sentence into Korean.
English: He trained as an obstetrician and began to work at the Auckland's National Women's Hospital in 1959.
Korean:",c12044deb8344ff4eaf853a84b7941003ebbe51d3daa1326178d04953300b926,5cee2e42efc9fcc1d185d087695c041e5ec2060446e07f07949bbb0dd1fc32b9,38,True,
317,317,While he was working at the hospital Liggins began to investigate premature labor during his spare time.,병원에서 일하는 동한 리긴스는 여가 시간에 조기 진통에 관해 조사하기 시작했다.,"Translate the following sentence into Korean.
English: While he was working at the hospital Liggins began to investigate premature labor during his spare time.
Korean:",9675ecf44dcc19541cba9bb4f62bd84421e9672f3a1a28127734b1aacebbaf7a,790843f148d48990eb1817192c7209093f5a87a545898e92cf08747378c76231,31,True,
318,318,His research showed that if a hormone was administered it would speed up the baby's foetal lung maturation.,그의 연구는 호르몬을 투여했을 때 태아의 폐 성숙 속도가 빨라진다는 것을 보여주었습니다.,"Translate the following sentence into Korean.
English: His research showed that if a hormone was administered it would speed up the baby's foetal lung maturation.
Korean:",666105083f493a8d32503944c6ca682e06317e7058e295653aa4359f97bbcb0b,08cd0ad4b640dd47359921a1df9508af01bed1b69b4d5f133fa7fa2f820bcf3f,34,True,
319,319,Xinhua reported that government investigators recovered two 'black box' flight recorders on Wednesday.,신화(Xinhua)통신은 정부 조사관들이 비행기록 장치 '블랙박스' 2개를 수요일에 회수했다고 보도했다.,"Translate the following sentence into Korean.
English: Xinhua reported that government investigators recovered two 'black box' flight recorders on Wednesday.
Korean:",2b34e46b98969c1a4c35e7e3426a2d9b15e7a1a3d1066c0bd786786984dc55e4,9607e5281ad24644c323dfdc58c1df95a4f844ea7ccbc2477077c45205b40879,31,True,
320,320,Fellow wrestlers also paid tribute to Luna.,다른 동료 레슬링 선수들도 루나에게 경의를 표했습니다.,"Translate the following sentence into Korean.
English: Fellow wrestlers also paid tribute to Luna.
Korean:",a1f13b60deb53771b77b884dc46ceab72bab17a202fe079b43d90f9465a6f407,57d708c6cfcab819eb4c4488b67948f30bfacb00ece00a2a54a31772bcfb5e9d,20,True,
321,321,"Tommy Dreamer said ""Luna was the first Queen of Extreme. My first manager. Luna passed away on the night of two moons. Pretty unique just like her. Strong woman.""","""타미 드리머는 """"루나는 1대 Queen of Extreme이었습니다. 나의 첫 매니저이기도 했고요. 루나는 2개의 달이 뜬 밤에 세상을 떠났습니다. 마치 그녀처럼 아주 특별하게요. 강한 여성이었어요.""""라고 말했다.""","Translate the following sentence into Korean.
English: Tommy Dreamer said ""Luna was the first Queen of Extreme. My first manager. Luna passed away on the night of two moons. Pretty unique just like her. Strong woman.""
Korean:",fabae62b8eaa1a2a716fd5ef36bddbbadb059ae2f166fd6296b626028eefb430,7e7872fd59ae7cb17c68a32e7beb04d4a116b34cb4424b9f789e5503f7613a4c,49,True,
322,322,"Dustin ""Goldust"" Runnels commented that ""Luna was as freaky as me...maybe even more...love her and will miss her...hopefully she's in a better place.""","""더스틴 """"골더스트"""" 러널스는 """"루나는 나만큼 기이했는데... 어쩌면 더 기이한 것 같아요… 그녀를 사랑하고 그녀가 그리울 겁니다… 더 좋은 곳에 갔기를 바랍니다""""라고 말했습니다. ""","Translate the following sentence into Korean.
English: Dustin ""Goldust"" Runnels commented that ""Luna was as freaky as me...maybe even more...love her and will miss her...hopefully she's in a better place.""
Korean:",916ff0283e0d095e757ac8ffba65a9f03549f50470361fd4684d0c24bbb33862,615346baf41edd8a76045ef95ec601abc343b315dd63bd2d89f6b94093db936a,50,True,
323,323,"Out of 1,400 people polled prior to the 2010 federal election, those who oppose Australia becoming a republic grew by 8 per cent since 2008.","2010년 연방선거를 앞두고 1,400명을 대상으로 설준조사를 진행한 결과, 호주가 공화국으로 전환하는 것에 반대하는 비율이 2008년 대비 8% 증가하였다.","Translate the following sentence into Korean.
English: Out of 1,400 people polled prior to the 2010 federal election, those who oppose Australia becoming a republic grew by 8 per cent since 2008.
Korean:",84d07eda3b1fda5eafa626a2637517df452074fb4b78b4cf1df21791eb433a96,befe7333eecd572901691730929a361791b43ac5987d98c3b38cc0c00d2d345c,53,True,
324,324,Caretaker Prime Minister Julia Gillard claimed during the campaign of the 2010 federal election that she believed Australia should become a republic at the end of Queen Elizabeth II's reign.,줄리아 길러드 총리는 2010 연방 선거 캠페인 기간 동안 엘리자베스 2세 여왕의 통치가 끝나면 호주가 공화국이 되어야 한다는 주장을 펼쳤습니다.,"Translate the following sentence into Korean.
English: Caretaker Prime Minister Julia Gillard claimed during the campaign of the 2010 federal election that she believed Australia should become a republic at the end of Queen Elizabeth II's reign.
Korean:",a25aa29a2b6fc4b75accb3e4f88c8c110e68db7ba498b22c9065dbac01a33f09,157877fe08d2ec19a1e1da09b0845322669308ee2077855c27aeaea9d22795f4,51,True,
325,325,"34 per cent of those in the poll share this view, wanting Queen Elizabeth II to be Australia's last monarch.",여론 조사에서 34 퍼센트가 엘리자베스 2세가 호주의 마지막 군주이길 바란다는 의견을 보였습니다.,"Translate the following sentence into Korean.
English: 34 per cent of those in the poll share this view, wanting Queen Elizabeth II to be Australia's last monarch.
Korean:",d0ec5e9161a324314699d1037164bd56cf4c390da33fb9b6512a455f79a5312c,5a0f6f9b96cb8e2065180270d254f42bdf103708bcf3c0bd17aea1d1a47ba4df,37,True,
326,326,"At the extremes of the poll, 29 per cent of those surveyed believe Australia should become a republic as soon as possible, while 31 per cent believe Australia should never become a republic.","여론조사를 통해, 응답자중 29퍼센트는 호주가 빨리 공화국이 되어야한다고 생각하는 반면, 31퍼센트의 응답자들은 호주가 공화국이 되어서는 안된다고 응답했습니다.","Translate the following sentence into Korean.
English: At the extremes of the poll, 29 per cent of those surveyed believe Australia should become a republic as soon as possible, while 31 per cent believe Australia should never become a republic.
Korean:",340002d7d67d483487a63e6502eca51f628382a0ffff5fed25a9352e11c88997,cc112cf711cb0fae822e7ff1fe104a32ba6541fa0f1afc35b98c49a2ac08bccc,52,True,
327,327,"The Olympic gold medalist was due to swim in the 100m and 200m freestyle and in three relays at the Commonwealth Games, but due to his complaints his fitness has been in doubt.",올림픽 금메달리스트는 100m 와 200m 자유형에 나가고 코먼웰스 게임의 릴레이에 출전하기로 되었지만 병세로 인한 체력 저하가 의심되었습니다.,"Translate the following sentence into Korean.
English: The Olympic gold medalist was due to swim in the 100m and 200m freestyle and in three relays at the Commonwealth Games, but due to his complaints his fitness has been in doubt.
Korean:",8dc4c730a28864a2c8ebb0399b9f3ed9018dc16190b7ca28f4178e1dc360bb39,3e163c5762665d07de0225ece65dd44963f2916e9710e5a332aa4fdc0088dfff,58,True,
328,328,He has been unable to take the drugs needed to overcome his pain as they are banned from the Games.,고통을 극복하는 데 필요한 약들이 경기에서는 금지된 약물이기에 복용을 할 수 없었다.,"Translate the following sentence into Korean.
English: He has been unable to take the drugs needed to overcome his pain as they are banned from the Games.
Korean:",56bba0928a2661c9d71bd067059d03e79e82b64b63560ebfd7484821139b1057,2764c0016ee0eacc0b1a8b9061a5a498152b1b846458356cd2077fadb24d9481,33,True,
329,329,"Curtis Cooper, a mathematician and computer science professor at the University of Central Missouri, has discovered the largest known prime number to date on January 25.",센트럴 미주리 주립대학의 수학자 겸 컴퓨터 과학 교수인 커티스 쿠퍼(Curtis Cooper)는 1월 25일 현재 가장 큰 것으로 알려진 소수를 발견했습니다.,"Translate the following sentence into Korean.
English: Curtis Cooper, a mathematician and computer science professor at the University of Central Missouri, has discovered the largest known prime number to date on January 25.
Korean:",428846ef1931e79bd4ca64f7eba8a4c1afff5fdd0160a0a51abeb593c274d74f,a8a931650bcf85d4433fe42876a44ea4d16d4eef4607338f14a05d97bbd3da7b,44,True,
330,330,Several people verified the discovery using different hardware and software by the beginning of February and it was announced on Tuesday.,"여러 사람이 2월 초까지 다양한 하드웨어와 소프트웨어를 사용하여 발견을 입증했고, 이는 화요일에 발표됐습니다.","Translate the following sentence into Korean.
English: Several people verified the discovery using different hardware and software by the beginning of February and it was announced on Tuesday.
Korean:",4252d350dc1a5b8907e2c00b1e803cc5ed2e150e3221216527f9babe186aea1b,ec72315775c29a800b0e0ab9d2f0477243ab3aac89a49e65d2e1e16480c56865,34,True,
331,331,Comets may possibly have been a source of water delivery to the earth along with organic matter that can form proteins and support life.,혜성은 단백질을 구성하고 생명을 지탱해 주는 유기 물질과 함께 지구에 물을 배달해 주는 원천이 되어 왔을 수 있습니다.,"Translate the following sentence into Korean.
English: Comets may possibly have been a source of water delivery to the earth along with organic matter that can form proteins and support life.
Korean:",988287f0e2a65b116155215642cbfcf202e54c756712e6f840d51d14a5d40eac,1bce200bae4a1f2339b32ab505556232bba95d9cd6b3d84433557761bb7d8ff0,38,True,
332,332,"Scientists hope to understand how planets form, especially how the Earth formed, since comets collided with the Earth long ago.","과학자들은 행성이 어떻게 형성되는지, 특히 지구가 어떻게 형성되었는지 이해하기를 희망합니다. 왜냐하면 혜성이 오래전에 지구와 충돌했기 때문입니다.","Translate the following sentence into Korean.
English: Scientists hope to understand how planets form, especially how the Earth formed, since comets collided with the Earth long ago.
Korean:",f963e66b74419fd2fb3a5c65584417467fa95e2e22a6748ff770860d0f7fc3fd,6f3d26e8cdebd563bc3a20e341724a437c2b554c448e39de2bf418d4434de246,36,True,
333,333,"Cuomo, 53, began his governorship earlier this year and signed a bill last month legalizing same-sex marriage.","53세의 쿠오모는 올해 초부터 임기를 시작했고, 지난달에 동성 결혼 합법화 법안에 서명했다.","Translate the following sentence into Korean.
English: Cuomo, 53, began his governorship earlier this year and signed a bill last month legalizing same-sex marriage.
Korean:",08a98766800acef8b50e8725bb5f912c71d043d7fc85c88ea5a9020bc8f48257,8e7734ae64b4aa402aa1569c8610918d5009f93045b87668962513c5dde5fd1f,37,True,
334,334,"He referred to the rumors as ""political chatter and silliness"".","""그는 그 소문을 """"정치적 수다와 어리석음""""이라고 언급했습니다.""","Translate the following sentence into Korean.
English: He referred to the rumors as ""political chatter and silliness"".
Korean:",a1fb9b5596ef145b7a229db105f85134e929466d81dc089abbe750d00652d601,e1c034d988ba8eb24c580ae575c7e6430cbd2364b2981d0d9e63c4d99dc86db5,25,True,
335,335,He is speculated to make a run for president in 2016.,그는 2016년에 대통령 선거에 출마할 것으로 추측됩니다.,"Translate the following sentence into Korean.
English: He is speculated to make a run for president in 2016.
Korean:",f391f8792274c2a0bc4ab338e824a6677f3038a053e7f6c8389b70200b022651,73bebdcd554fad115be7a2c95db76ab1d123b7293469acb1adbf8053a0600149,28,True,
336,336,NextGen is a system the FAA claims would allow aircraft to fly shorter routes and save millions of gallons of fuel each year and cut carbon emissions.,FAA의 주장에 따르면 NextGen은 항공기가 더 짧은 노선을 비행해서 매년 수백만 갤런의 연료를 절약하고 탄소 배출을 줄일 수 있는 시스템입니다.,"Translate the following sentence into Korean.
English: NextGen is a system the FAA claims would allow aircraft to fly shorter routes and save millions of gallons of fuel each year and cut carbon emissions.
Korean:",1f6ccd746eb00fb0e50d3e5ac2c177c250cb693c1b0b24a3f720cdbc8b1c3201,0553e9666183452424b2cf9cf664147fc88a67f28f74be8953a0650308a2622a,41,True,
337,337,It uses satellite-based technology as opposed to older ground-radar-based technology to allow air traffic controllers to pinpoint aircraft with greater precision and give pilots more accurate information.,"이것은 종전에 지상 레이더 기반 기술을 사용했던 것과 달리 위성 기반 기술을 이용하여 항공관제사들이 매우 높은 정확도로 항공기를 특정할 수 있게 하며, 조종사들에게 더 정확한 정보를 제공한다.","Translate the following sentence into Korean.
English: It uses satellite-based technology as opposed to older ground-radar-based technology to allow air traffic controllers to pinpoint aircraft with greater precision and give pilots more accurate information.
Korean:",1075b509057ed5c3a1cad96478aeff519c0513a03b242199a808c8ef9ce21193,2859f4f5739c1338f2c18e1049284be3654018e95e9e6c104d47a25e4c9d9682,44,True,
338,338,"No extra transport is being put on and overground trains will not stop at Wembley, and car parking and park-and-ride facilities are unavailable at the ground.","웸블리에서는 추가적으로 교통 편이 제공되거나 지상 열차가 정차하지 않을 예정이며, 지상에서 주차장과 대중교통 환승 주차장을 사용할 수 없습니다.","Translate the following sentence into Korean.
English: No extra transport is being put on and overground trains will not stop at Wembley, and car parking and park-and-ride facilities are unavailable at the ground.
Korean:",a0b4f0a523719634a9fee7abfb6ead8665faa0804b70bad1620e60aeb470e8d6,0704a9cd87dc3290975e5bd8552c3df9af47bb94eab970c9c987ef069d2ded27,46,True,
339,339,Fears of lack of transportation raised the possibility that the game would be forced to play behind closed doors without the team's supporters.,대중교통 부족에 대한 우려로 경기를 응원객 없이 비공개로 치를 가능성이 높아졌다.,"Translate the following sentence into Korean.
English: Fears of lack of transportation raised the possibility that the game would be forced to play behind closed doors without the team's supporters.
Korean:",89f238a787948f00c27665445bff0847fab774afe6044b99bb3dc4a9817babe0,541f5be2e365ac0dc53055d76d9ef36671dbf3c486ca9af4e4e3b6312b364dcf,38,True,
340,340,A study published on Thursday in the journal Science reported on formation of a new bird species on the Ecuadorean Galápagos Islands.,지난 목요일 사이언스 잡지에 실린 한 연구는 에콰도르 갈라파고스 제도에 새로운 종의 조류가 형성되었다고 발표했습니다.,"Translate the following sentence into Korean.
English: A study published on Thursday in the journal Science reported on formation of a new bird species on the Ecuadorean Galápagos Islands.
Korean:",459783f2da8d42c2863ec2710e0adcab798fec78d7530ae3e0bba4f73cbcaac7,7be18af6e812061e3f7b3e506f1827f57d41fd8ce2605646f5951befeee79cd2,41,True,
341,341,"Researchers from Princeton University in the United States and Uppsala University in Sweden reported the new species evolved in just two generations, though this process had been believed to take much longer, due to breeding between an endemic Darwin finch, Geospiza fortes, and the immigrant cactus finch, Geospiza conirostris.","미국 프린스턴대학교와 스웨덴 웁살라대학교의 연구자들은 단 2세대 만에 진화한 새로운 종을 보고 했음에도 불구하고, 이 과정은 그 지역 고유의 새인 다윈 핀치새, 중간 땅 핀치새와 외부에서 이주한 선인장 핀치새, 큰 선인장 핀치새 사이의 번식 때문에 훨씬 더 오래 걸리게 되었을 것으로 여겨집니다.","Translate the following sentence into Korean.
English: Researchers from Princeton University in the United States and Uppsala University in Sweden reported the new species evolved in just two generations, though this process had been believed to take much longer, due to breeding between an endemic Darwin finch, Geospiza fortes, and the immigrant cactus finch, Geospiza conirostris.
Korean:",ac1742bff8fe72013995e8cb7638b42caed0d56df30b6dcac40e80880a8a6cde,f76a52cbefe482762e138e636b5e2ff5011ec7f32f030e567fafbbacb2690ae3,80,True,
342,342,Gold may be worked into all sorts of shapes. It can be rolled into tiny shapes.,금은 온갖 종류의 모양으로 가공할 수 있다. 아주 작은 모양으로도 압연이 가능하다.,"Translate the following sentence into Korean.
English: Gold may be worked into all sorts of shapes. It can be rolled into tiny shapes.
Korean:",0cf1e47ddfa5fd8cd3ce9a5e6615aca6f70546e84c5cbdf583f49e50c197708c,b1bad586cc5a99a034696a482d7b6adecd8b2c62c786a9f98cff65d3e2df3a0b,30,True,
343,343,"It can be pulled into thin wire, which can be twisted and plaited. It can be hammered or rolled into sheets.","그것은 얇은 선으로 자를 수 있는데, 구부리거나 꼬을 수 있다. 그것은 망치로 두들기거나 시트로 말 수 있다.","Translate the following sentence into Korean.
English: It can be pulled into thin wire, which can be twisted and plaited. It can be hammered or rolled into sheets.
Korean:",e92f561a7cd96d4206a6f7678a11d80ef20d83718ba7f3c44d7917b0dd48202d,daa1950b92957ef34ba6764ce6e070c1fc72ba2e68794d1d845a38492e78a263,38,True,
344,344,"It can be made very thin, and stuck onto other metal. It can be made so thin that it was sometimes used to decorate the hand-painted pictures in books called ""illuminated manuscripts"".","""금은 매우 얇게 만들어질 수 있으며 다른 금속에도 붙일 수 있습니다. 매우 얇게 만들 수가 있어서 """"채색 필사본""""이라고 불리는 책의 손 그림을 장식하는 데 사용되기도 했습니다.""","Translate the following sentence into Korean.
English: It can be made very thin, and stuck onto other metal. It can be made so thin that it was sometimes used to decorate the hand-painted pictures in books called ""illuminated manuscripts"".
Korean:",8d27fa55380c261a7f7467222985734d7e401479cfad7413fe5392f76ab2b25e,641a52457f702109e4829b63f3cbc3f1b33d2388a6305b8a1cd21fb9d6883a01,52,True,
345,345,This is called a chemical's pH. You can make an indicator using red cabbage juice.,"이것은 화학 물질의 pH라고 불리는데, 붉은 양배추즙을 사용해 지표를 만들 수 있다.","Translate the following sentence into Korean.
English: This is called a chemical's pH. You can make an indicator using red cabbage juice.
Korean:",154b12f4090c3cee1f7d38a402aef79325f68a6ae8b55b5d913a370a000bf678,861dad9eb0990faf39c3b8b0735984d0617724063cc44276fa5b022e7c9c82e9,30,True,
346,346,The cabbage juice changes color depending on how acidic or basic (alkaline) the chemical is.,양배추 주스는 화학 물질이 얼마나 산성 혹은 염기성 (알카리성)인지에 따라 색이 변합니다.,"Translate the following sentence into Korean.
English: The cabbage juice changes color depending on how acidic or basic (alkaline) the chemical is.
Korean:",4e4806d3e4fba6e03b81c222dff9c9a97b385c3e10b57768957226571f617c7d,98b7b02c1118835b27560dd86832883c33a0358691fd6c6db38a6a08fc581d39,32,True,
347,347,The pH level is indicated by the amount of Hydrogen (the H in pH) ions in the tested chemical.,pH 레벨은 시험을 거친 화학 물질에서 수소(pH에서 H) 이온의 양으로 표시합니다.,"Translate the following sentence into Korean.
English: The pH level is indicated by the amount of Hydrogen (the H in pH) ions in the tested chemical.
Korean:",1554fab7aa4ebe55982d311107d847220d7325e7f088ab9b9f5bb1624d7fad71,28db1a7411bea55853be3f37ba397a4e818254a32ae45f78beb4416caa3b87ca,35,True,
348,348,Hydrogen ions are protons that had their electrons stripped off them (since Hydrogen atoms consist of one proton and one electron).,수소 이온은 전자가 벗겨져 나간 양성자이다. (수소 원자는 양성자 하나와 전자 하나로 구성되므로),"Translate the following sentence into Korean.
English: Hydrogen ions are protons that had their electrons stripped off them (since Hydrogen atoms consist of one proton and one electron).
Korean:",bbb1ca277a63ee078fd75e148fbdae73345181b29d43f1ba71384d84cff990f8,18ab936090b6d0877a7bc2c443c3ff5f547b323e366dde623f4237f8c58947d9,38,True,
349,349,"Swirl the two dry powders together and then, with clean wet hands, squeeze them into a ball.",건조한 두 분말을 함께 휘저은 후에 물에 젖은 깨끗한 손으로 공에 짜 넣는다.,"Translate the following sentence into Korean.
English: Swirl the two dry powders together and then, with clean wet hands, squeeze them into a ball.
Korean:",25d9309d97c0b5943b832d91cac255cd04bb906d9c1187790fae637c6c619d1f,9a9f79488484ccb7ad38cea39a061502009ec145a0d5c3a0da96db3e8cca1614,34,True,
350,350,"The moisture on your hands will react with the outer layers, which will feel funny and form a sort of shell.",손의 수분이 바깥 층과 반응하여 재미있는 감촉을 주고 일종의 껍질을 형성합니다.,"Translate the following sentence into Korean.
English: The moisture on your hands will react with the outer layers, which will feel funny and form a sort of shell.
Korean:",58ef68ce76dae5bec972b61c6c2722ed9894d4891486e3800a844cd4f406a7f2,860f02faee0e7382bdacb20c1647cf92a4a034d6f9c9613b6e8ee7605d8c3082,35,True,
351,351,"The cities of Harappa and Mohenjo-daro had a flush toilet in almost every house, attached to a sophisticated sewage system.",하라파와 모헨조다로의 도시들은 거의 모든 집에 정교한 하수 시설과 연결된 수세식 화장실을 가지고 있었다.,"Translate the following sentence into Korean.
English: The cities of Harappa and Mohenjo-daro had a flush toilet in almost every house, attached to a sophisticated sewage system.
Korean:",80c31f4ea74e276ab42f04c219fb33dd99837c6bdea77f8cd7911ff4ffd333ce,a2341a518d22d9fc786b3d82c644ce6464d801d2858b9fc41a540f5ccf644bf8,39,True,
352,352,Remains of sewage systems have been found in the houses of the Minoan cities of Crete and Santorini in Greece.,그리스 산토리니와 크레타 미노아 도시의 주택들에서 하수시설의 유적이 발견되었다.,"Translate the following sentence into Korean.
English: Remains of sewage systems have been found in the houses of the Minoan cities of Crete and Santorini in Greece.
Korean:",9b3743e38dfc85795ea7dfa56807b7d34eafcfa511d1337d90e843773765682d,ee4188b14a47159e17ebb367a890eb1ff9f1bf05c3b8d94b87f042bf9a040bd3,39,True,
353,353,"There were also toilets in ancient Egypt, Persia and China. In Roman civilization, toilets were sometimes part of public bath houses where men and women were together in mixed company.","고대 이집트, 페르시아 및 중국에서도 화장실은 있었습니다. 로마 문명에서 화장실은 때때로 남녀가 같이 쓰는 공중목욕탕의 일부이기도 했습니다.","Translate the following sentence into Korean.
English: There were also toilets in ancient Egypt, Persia and China. In Roman civilization, toilets were sometimes part of public bath houses where men and women were together in mixed company.
Korean:",9fb6edea994a1b5ecceb00eca307b6be2ae9b0111b06852fde509ecd9f1f378a,f09d2e61ab0022e2e8ededbd1cc61f7b528be1a100852bbe4aec5f001de68734,47,True,
354,354,"When you call someone who is thousands of miles away, you are using a satellite.",수천 km(마일) 떨어진 사람과 통화한다면 인공위성을 쓰고 있는 겁니다.,"Translate the following sentence into Korean.
English: When you call someone who is thousands of miles away, you are using a satellite.
Korean:",8f4d6e3417b8dff424713ef2e20736237ce054893ff238015538dfaec2621e00,af7490f90940b8d74219736c9d0c47cbc8522e38b3c1d2b6d79069d3c2bb5321,29,True,
355,355,"The satellite in space gets the call and then reflects it back down, almost instantly.",우주에 있는 위성은 신호를 받고 나서 거의 즉각적으로 반사해 내려보낸다.,"Translate the following sentence into Korean.
English: The satellite in space gets the call and then reflects it back down, almost instantly.
Korean:",955757f19c3d45bf2aba59ed970206c0bb2a923bdb7800235440cac94e68e0b7,d4dc597741755e2b82e439a7ec2a40e83291e5ebcfec81cf430ebe1e6e3491c3,29,True,
356,356,The satellite was sent into space by a rocket. Scientists use telescopes in space because the Earth’s atmosphere distorts some of our light and view.,인공위성은 로켓으로 우주에 발사되었습니다. 과학자들은 지구의 대기가 우리의 빛과 시야를 왜곡시키기 때문에 우주에서 망원경을 사용합니다.,"Translate the following sentence into Korean.
English: The satellite was sent into space by a rocket. Scientists use telescopes in space because the Earth’s atmosphere distorts some of our light and view.
Korean:",9f6e8bfb49a25c209f69f85a47490edd19a357aa46cb28fd87693c754c372892,5318304346a1fdb36bef98f58a03f75f415919364cfbcb6d9bd0b91b7179f2b4,42,True,
357,357,It takes a giant rocket over a 100 feet high to put a satellite or telescope in space.,우주에 인공위성이나 망원경을 설치하려면 100피트가 넘는 초대형 로켓이 필요하다.,"Translate the following sentence into Korean.
English: It takes a giant rocket over a 100 feet high to put a satellite or telescope in space.
Korean:",63783ce032d36eda7015904b0d1c0460b9ec8f71127f036e7f62c49bc24430f0,07ae033c8fcf07dce378c8f8d13f839b4aa2e441b8a198ef3c074ea18f9d48ad,34,True,
358,358,The wheel has changed the world in incredible ways. The biggest thing that the wheel has done for us is given us much easier and faster transportation.,바퀴는 세상을 놀라울 정도로 바꿔놓았다. 가장 큰 변화는 우리에게 더 편리하고 빠른 운송수단을 제공한 것이다.,"Translate the following sentence into Korean.
English: The wheel has changed the world in incredible ways. The biggest thing that the wheel has done for us is given us much easier and faster transportation.
Korean:",739af52e7152fe4b4e236436163206e8687e96795aa3a1fd8d72540778bd92c5,264bef9c72d19432c1f7e8469c3d71e5fcc8822409da1e0d2517315c94f52a45,41,True,
359,359,"It has brought us the train, the car, and many other transportation devices.",그것은 기차와 자동차 및 여러 교통수단을 가져다주었습니다.,"Translate the following sentence into Korean.
English: It has brought us the train, the car, and many other transportation devices.
Korean:",dc6b6de248f0fe7f2c46c60aaacd2860ddf256c46549d131791355fc9a26d752,f0d52b09c927e097d2b7d40f1ae4d3efa7ec9ba07b3ce22620a0eb16bef3a9d0,28,True,
360,360,Under them are more medium sized cats that eat medium sized prey ranging from rabbits to antelopes and deer.,"그 아래에는 중간 크기의 동물인 토끼나 영양, 그리고 사슴을 사냥하는 중간 크기의 고양잇과 동물들이 있다.","Translate the following sentence into Korean.
English: Under them are more medium sized cats that eat medium sized prey ranging from rabbits to antelopes and deer.
Korean:",ca6c218227f1444c185b71e2d428a1eec446157672aa4dd1ef94c09ae1f97a2b,1f886e54a70cf1aa6f2660b87b7585c26bf5f4a583c9aea4892df5cdf919b3ad,34,True,
361,361,"Finally, there are many small cats (including loose pet cats) that eat the far more numerous small prey like insects, rodents, lizards, and birds.","마지막으로 곤충, 설치류, 도마뱀, 새와 같은 훨씬 더 많은 작은 먹이를 먹는 작은 고양이들(풀어놓은 애완용 고양이 포함)이 많이 있다.","Translate the following sentence into Korean.
English: Finally, there are many small cats (including loose pet cats) that eat the far more numerous small prey like insects, rodents, lizards, and birds.
Korean:",5ef48fdcb9bf400570d4c5ed349693177bd01b5ae789990b006c48fd04eb6aef,1f2c87a45bdd6d716279edc4e503743f7eea5042b47813baa9acd5a815f41e38,44,True,
362,362,"The secret to their success is the concept of the niche, a special job each cat holds that keeps it from competing with others.","그들의 성공 비결은 다른 고양이들과의 경쟁을 막아주는, 각 고양이가 보유한 특수한 일, 바로 틈새를 공략하는 개념입니다.","Translate the following sentence into Korean.
English: The secret to their success is the concept of the niche, a special job each cat holds that keeps it from competing with others.
Korean:",de8f35d6f22c9376ae430647577a08e4bfaf657536b6d1f607f3be05d8691fb3,30b3b70c9aa088652faa1610b6798047c44bd9186c8149b97e48fc0b0cbd716f,38,True,
363,363,"Lions are the most social cats, living in large groups called prides.",사자는 무리 지어 사는 가장 사회적인 고양이과 동물입니다.,"Translate the following sentence into Korean.
English: Lions are the most social cats, living in large groups called prides.
Korean:",ea9339a08678e9f78c1aa618f7f2843decab0bc67cc00174f3033f20eae61cd1,bc6014e037d533fca61b3cbb386ee0ab5da4160d4aa01f242a5b9608624de90f,27,True,
364,364,"Prides are made up of one to three related adult males, along with as many as thirty females and cubs.",무리는 1~3마리의 동족 성인 수컷과 무려 30마리에 이르는 암컷과 새끼로 구성됩니다.,"Translate the following sentence into Korean.
English: Prides are made up of one to three related adult males, along with as many as thirty females and cubs.
Korean:",b90521d0205cc76a546623d3b00c34156131bfaba0b98dcf541fc3451fd48744,174fcac6cb874385815b9a86da54a1513efda8c886f3a90fa9bc93453eafaafc,36,True,
365,365,"The females are usually closely related to each other, being a large family of sisters and daughters.",암컷은 자매와 딸이 많은 대가족에서 주로 오기 때문에 서로 밀접한 관계를 가지고 있습니다.,"Translate the following sentence into Korean.
English: The females are usually closely related to each other, being a large family of sisters and daughters.
Korean:",99b1da6865e52c93083cb1e2ac856467d57b3624650cf98feed95f79bbecea9a,ad186e1072952e057a1436532ffef78f517b2c2cb387fdaf67e6f5b619ce959d,31,True,
366,366,"Lion prides act much like packs of wolves or dogs, animals surprisingly similar to lions (but not other big cats) in behavior, and also very deadly to their prey.","사자 무리는 놀라울 정도로 행동하는 것이 사자와 유사한 (하지만 다른 커다란 고양잇과 동물과는 다른) 늑대 또는 개 무리와 비슷하게 행동하는데, 이는 사냥감에 굉장히 치명적이기도 합니다.","Translate the following sentence into Korean.
English: Lion prides act much like packs of wolves or dogs, animals surprisingly similar to lions (but not other big cats) in behavior, and also very deadly to their prey.
Korean:",5f8fa5aba66849aa6a5849004d824ed422bbed4b34465533d5d69329404ab57b,dfb8fc8eaf5c4af004fad876fc554ca477f511b476988150ecdf59c9aa1dfc56,47,True,
367,367,"A well rounded athlete, the tiger can climb (though not well), swim, leap great distances and pull with five times the force of a strong human.","호랑이는 다재다능한 운동선수와 같아서 (잘하진 않지만) 높은 곳을 오르고, 수영하고, 먼 거리를 도약할 수 있으며, 힘이 센 인간의 5배로 당길 수 있다.","Translate the following sentence into Korean.
English: A well rounded athlete, the tiger can climb (though not well), swim, leap great distances and pull with five times the force of a strong human.
Korean:",265cadc51f8605843babac47119d5715e6ed044aa3ae880925f6a6d5dfedc8dd,768268c0f7257f34e39402203e85e4115f3c5614af1503954b56aaceb5bbd15e,43,True,
368,368,"The tiger is in the same group (Genus Panthera) as lions, leopards, and jaguars. These four cats are the only ones who can roar.","호랑이는 사자, 표범, 재규어와 같은 무리입니다. 이 네 마리의 고양잇과 동물만이 포효할 수 있습니다.","Translate the following sentence into Korean.
English: The tiger is in the same group (Genus Panthera) as lions, leopards, and jaguars. These four cats are the only ones who can roar.
Korean:",bc02e30e898ab209025eceedaf7e936cccc5384a3209175898625f68e67797ec,32e522e5c457a517e04f815df16a7c5778638f9533979f112a20e9979c8de876,47,True,
369,369,"The tiger's roar is not like the full-voiced roar of a lion, but more like a sentence of snarly, shouted words.","호랑이의 포효는 사자의 우렁찬 포효와는 다르지만, 으르렁거리며 소리 지르는 단어의 문장과 비슷합니다.","Translate the following sentence into Korean.
English: The tiger's roar is not like the full-voiced roar of a lion, but more like a sentence of snarly, shouted words.
Korean:",40a11e7b9fb68ec903ca08063d1e6bf8403a52fe7d9ed66ff2ec5c40e7db2d51,6789791d2849a738f4884baa302c1d3c5c5e807823024e0af36c89e885fb7895,42,True,
370,370,"Ocelots like to eat small animals. They will catch monkeys, snakes, rodents and birds if they can. Almost all of the animals that the ocelot hunts are far smaller than it is.","오셀롯은 작은 동물을 즐겨 먹습니다. 가능만 하다면 주로 자신보다 훨씬 크기가 작은 원숭이, 뱀, 설치류 및 조류를 사냥합니다.","Translate the following sentence into Korean.
English: Ocelots like to eat small animals. They will catch monkeys, snakes, rodents and birds if they can. Almost all of the animals that the ocelot hunts are far smaller than it is.
Korean:",ab19baa26f692860d523196746751fd47a61b70648d022508519117bdf9bf451,db39c2d735d10111899830c0a15d384c7aba8672743c63679e0d0364b77b01df,53,True,
371,371,"Scientists think that ocelots follow and find animals to eat (prey) by smell, sniffing for where they've been on the ground.","과학자들은 오셀롯이 잡아먹을 동물(먹이)을 쫓고, 또 찾는 데에 냄새를 사용한다고 생각합니다. 어디에 있었는지 냄새를 맡으면서 말이지요.","Translate the following sentence into Korean.
English: Scientists think that ocelots follow and find animals to eat (prey) by smell, sniffing for where they've been on the ground.
Korean:",591918836d94f58436303c80cd5a6fbc4306a63957381cf2d740861eea4b36f4,ee3b59960d61067014d494ad5a777d07fe071480c9420d78822f661fb1d5f508,42,True,
372,372,"They can see very well in the dark with night vision, and move very stealthily, too. Ocelots hunt their prey by blending in with their surroundings then pouncing on their prey.","오실롯은 밤눈이 밝아서 어둠 속에서도 잘 볼 수 있고, 매우 조심스럽게 움직일 수 있습니다. 오실롯은 주변 환경에 녹아든 상태에서 먹이를 덮치는 방식으로 먹이를 사냥합니다.","Translate the following sentence into Korean.
English: They can see very well in the dark with night vision, and move very stealthily, too. Ocelots hunt their prey by blending in with their surroundings then pouncing on their prey.
Korean:",bc58299fb4781c10309eb21e65b170ed2b3a19f9cc647b254b67e253f31b9cb6,d169368b6f7b816a71119c27cf4663096acad862c2c9b7e17f3281f9f263ff32,51,True,
373,373,"When a small group of living things (a small population) gets separated from the main population that they came from (like if they move over a mountain range or a river, or if they move to a new island so that they can't easily move back) they will often find themselves in a different environment than they were in before.","생물체 소집단(적은 개체 수)이 그들이 퍼져 나오게 된 주요 집단으로부터 분리되게 되었을 때(산맥 또는 강으로 옮겨가게 되거나, 혹은 새로운 섬으로 옮겨가게 되어 쉽게 움직일 수 없을 때), 그들은 그들이 이전에 있었던 곳과 다른 환경에 있다는 것을 깨닫곤 한다.","Translate the following sentence into Korean.
English: When a small group of living things (a small population) gets separated from the main population that they came from (like if they move over a mountain range or a river, or if they move to a new island so that they can't easily move back) they will often find themselves in a different environment than they were in before.
Korean:",43fb344b1c0b0792f3c5a7cbd3bd16b951805517902b288b9d388f29d959545d,91477753c57771978b8a3785e6d02a5ed0890c4696f2003fb00720b2f1fb29ea,79,True,
374,374,"This new environment has different resources and different competitors, so the new population will need different features or adaptations to be a strong competitor than what they had needed before.","이러한 새로운 환경에는 기존과는 다른 자원과 경쟁자들이 존재하기 때문에, 새로운 개체군이 강한 경쟁력을 갖기 위해서는 이전과는 다른 특징이나 적응 방식을 필요로 한다.","Translate the following sentence into Korean.
English: This new environment has different resources and different competitors, so the new population will need different features or adaptations to be a strong competitor than what they had needed before.
Korean:",3a0f4022503507b3200d030f1e93f5522598c3d0932229abd488a8b04e559ad6,9cd16a6417f7df1df84221bcb0217825395e2842b76a238ef3c8d3e1fbf44251,44,True,
375,375,"The original population hasn't changed at all, they still need the same adaptations as before.",원래 인구는 전혀 변동이 없었지만 여전히 전과 같은 적응이 필요합니다.,"Translate the following sentence into Korean.
English: The original population hasn't changed at all, they still need the same adaptations as before.
Korean:",072f37b5f6dcdf9bb4cc50ecc9fce5704f38e3dc82bcc2998ce2091e33db57ac,1328e002abf37c0fe9a86fd51ad1417dbd3d92b6ece7ff7f3edfdf6a461dc3e8,30,True,
376,376,"Over time, as the new population begins to adapt to their new environment, they start to look less and less like the other population.",시간이 지나고 새로운 사람들이 새 환경에 적응하기 시작하면서 다른 사람들과 점점 모습이 달라지기 시작했습니다.,"Translate the following sentence into Korean.
English: Over time, as the new population begins to adapt to their new environment, they start to look less and less like the other population.
Korean:",2052eb7ab8257b31dd8f47bd047937cd292829842f1522b5691e2513aa327963,3945704892235d8ee832f1491483cc16f153bb1aed7d195c788b03d84920c009,39,True,
377,377,"Eventually, after thousands or even millions of years, the two populations will look so different that they can't be called the same species.","결국, 수천 년 혹은 심지어 수백만 년 후에는, 두 집단은 같은 종이라고 불릴 수 없을 정도로 다르게 보일 것이다.","Translate the following sentence into Korean.
English: Eventually, after thousands or even millions of years, the two populations will look so different that they can't be called the same species.
Korean:",b421a53e3af4b04d79c3be77c944abbf99215113e4818b785ab276c169edcd0a,31b8fc3a72f36c0dd05852919b7d80e9bb2263d3c70af1957b2541d23f14b1e8,39,True,
378,378,"We call this process speciation, which just means the formation of new species. Speciation is an unavoidable consequence and a very important part of evolution.","저희는 이 과정을 종 분화(speciation)라고 하며, 이는 새로운 종의 형성을 뜻합니다. 종 분화는 피할 수 없는 결과이며 진화에 있어서 매주 중요한 부분입니다.","Translate the following sentence into Korean.
English: We call this process speciation, which just means the formation of new species. Speciation is an unavoidable consequence and a very important part of evolution.
Korean:",cca69b3f3008c9a2de145b644b6afff67b85a684482580e108abac273889508e,09c3e2c52eb87b6c56aff1fe065018f6e8ac0ca574326c5e367bc68f9114b1d1,42,True,
379,379,"Plants make oxygen which humans breathe, and they take in carbon-dioxide which humans exhale (that is, breathe out).","식물은 인간이 숨쉬는 산소를 만들고, 인간이 호흡으로 내뿜는 이산화탄소(carbon-dioxide)를 섭취한다.","Translate the following sentence into Korean.
English: Plants make oxygen which humans breathe, and they take in carbon-dioxide which humans exhale (that is, breathe out).
Korean:",04703a32596c5256cae47f04c0a25ec77b3c67e81a15e087f7a55d7ff99fd538,640f9b4dde400d9995752c6df00527368d257957cb23942a6849932a936f1af3,37,True,
380,380,Plants make their food from the sun by photosynthesis. They also provide shade.,"식물들은 태양을 이용한 광합성을 통해 자신들의 음식을 만들고, 또한 그늘을 제공합니다.","Translate the following sentence into Korean.
English: Plants make their food from the sun by photosynthesis. They also provide shade.
Korean:",18cc84991b67425302be5e34b421cc14f8752092efc2c8ad5d5d812057f006c7,a869bb19df8537ba37fa0c66d9bf1eee21bf47563bea50b9007e899ba2819499,28,True,
381,381,"We make our houses from plants and make clothes from plants. Most foods that we eat are plants. Without plants, animals could not survive.","우리는 나무로 집을 짓고 식물로 옷을 만듭니다. 우리가 먹는 대부분의 음식은 야채입니다. 식물이 없다면, 동물은 살아남을 수 없습니다.","Translate the following sentence into Korean.
English: We make our houses from plants and make clothes from plants. Most foods that we eat are plants. Without plants, animals could not survive.
Korean:",8ce7a4f90dfffd89fad8db48357ed42d50eb4ef2b01a6b4b53124a162385737b,0b42b39f89dd126bca91e5436b84086b28f59cf30f9c2168d4d1c95f39162ec7,40,True,
382,382,"Mosasaurus was the apex predator of its time, so it feared nothing, except other mosasaurs.",모사사우루스는 그 시대의 최상위 포식자였으므로 다른 모사사우루스 외에는 두려울 것이 아무것도 없었습니다.,"Translate the following sentence into Korean.
English: Mosasaurus was the apex predator of its time, so it feared nothing, except other mosasaurs.
Korean:",8244c6947c355aa67c5ec72b80b9bad9a694913274700d22c8dc0ea8fba5b3e4,4d8473a3e004e7f8b36343a69e540a09d7ddffa5254402a463ca71e66fc3a80e,34,True,
383,383,"Its long jaws were studded with more than 70 razor-sharp teeth, along with an extra set in the roof of its mouth, meaning that there was no escape for anything that crossed its path.",기다란 턱은 70여 개가 넘는 매우 날카로운 이빨들로 가득 찼으며 이러한 이빨들이 입천장에 추가로 있었다. 이는 즉 누구도 그 앞을 지나가면 빠져나갈 수 없다는 뜻이다.,"Translate the following sentence into Korean.
English: Its long jaws were studded with more than 70 razor-sharp teeth, along with an extra set in the roof of its mouth, meaning that there was no escape for anything that crossed its path.
Korean:",bd9e382ba33df749b80f090f98738671468eb154ad6dfb79bdbab5eb1287c324,860f520aebac3cb32937cfc48a664a83cf0d4ad0c3daa7424d7e1c0989651fec,54,True,
384,384,"We don't know for sure, but it may have had a forked tongue. Its diet included turtles, large fish, other mosasaurs, and it may even have been a cannibal.","확실하지는 않지만, 혀가 갈라져 있었을지도 모릅니다. 거북이, 큰 물고기, 다른 모사사우루스 등을 먹이로 삼았으며, 심지어 인육을 먹었을 수도 있습니다.","Translate the following sentence into Korean.
English: We don't know for sure, but it may have had a forked tongue. Its diet included turtles, large fish, other mosasaurs, and it may even have been a cannibal.
Korean:",0b4e241f241043ad7dda6af28f25b4e8632c69abeed2bdeceaafe317c6e42495,2fea85fc72814ef9fd2f74786ae2ffbc6088283f3350788b542877b69a1f018c,52,True,
385,385,It also attacked anything that entered the water; even a giant dinosaur such as T. rex would be no match for it.,"이 동물은 물에 들어오는 모든 것 역시 공격했으며, 티라노사우르스처럼 거대한 공룡도 당해내지 못할 정도였습니다.","Translate the following sentence into Korean.
English: It also attacked anything that entered the water; even a giant dinosaur such as T. rex would be no match for it.
Korean:",bb4250baa8be8658fa70f5e4766cc3afa78bcb843f1a3f7c1545b5f2a64848b9,3aac67057518fb801ec54a0ec98cf47e4cd5c77bc36594bf953a766e386d4429,37,True,
386,386,"While most of their food would be familiar to us, Romans did have their share of strange or unusual feast items, including wild boar, peacock, snails, and a type of rodent called a dormouse","그들의 음식은 대체로 우리에게 익숙하지만, 로마 사람들의 연회 재료 중에는 멧돼지, 공작, 달팽이, 겨울잠쥐 같은 설치류 같은 특이하고 이상한 것도 있었다.","Translate the following sentence into Korean.
English: While most of their food would be familiar to us, Romans did have their share of strange or unusual feast items, including wild boar, peacock, snails, and a type of rodent called a dormouse
Korean:",b254ae0cb920837fe01399525abffdc9530e4dd825791f60797f02cfd9f0b6ab,d9904d837896150d3e766cb5c2ca1b80af1dc2ff708245dc9983e98652781357,57,True,
387,387,"Another difference was that while the poor people and the woman ate their food while sitting in chairs, the rich men liked to have banquets together where they would lounge on their sides while they ate their meals.","또 다른 차이점은, 가난한 사람들과 여성은 의자에 앉아 음식을 먹었고, 부유한 남자들은 함께 모여 만찬을 나누면서 옆으로 느긋하게 누워 식사하는 것을 좋아했다는 것입니다.","Translate the following sentence into Korean.
English: Another difference was that while the poor people and the woman ate their food while sitting in chairs, the rich men liked to have banquets together where they would lounge on their sides while they ate their meals.
Korean:",16f67c65994fdf85fbcee693fac3122f508b4002c38a93b15ad570640c54048c,ed06dbd48f84fb2320ff88bd9fb21f1dc819ec6b9f5559cffc0f3a9c7a480a31,53,True,
388,388,Ancient Roman meals couldn't have included foods that came to Europe from America or from Asia in later centuries.,고대 로마 식사는 몇 세기가 지난 후 미국이나 아시아에서 유럽으로 온 음식을 포함할 수 없었습니다.,"Translate the following sentence into Korean.
English: Ancient Roman meals couldn't have included foods that came to Europe from America or from Asia in later centuries.
Korean:",0471cc3e67c537e38ec946082ae632de93454035676184e96c798e0b43fe6758,3c8f7011cda2a153637a2254e0ff0532c367525cc221e12d3423afbd1fa14a95,33,True,
389,389,"For instance, they didn't have corn, nor tomatoes, nor potatoes, nor cocoa, and no ancient Roman ever tasted a turkey.","예를 들어, 그들은 옥수수, 토마토, 감자, 코코아를 먹지 못했으며, 고대 로마인 누구도 칠면조를 맛보지 못했다.","Translate the following sentence into Korean.
English: For instance, they didn't have corn, nor tomatoes, nor potatoes, nor cocoa, and no ancient Roman ever tasted a turkey.
Korean:",409b2219f8e969dffd7359e9cd5c38f4592df445e24d90f2540073392e87fa4a,c527febd23b3b6402593db397738b8345255d4bff0f2e8df2e027a4ab7ebff46,39,True,
390,390,The Babylonians built each of their gods a primary temple that was considered the home of the god.,바빌로니아인은 그들이 믿는 신 모두에게 '신의 집'이라 여겨지는 주 신전을 지어주었다.,"Translate the following sentence into Korean.
English: The Babylonians built each of their gods a primary temple that was considered the home of the god.
Korean:",14b966c05bd189e632f7048aa4dda6a7afcbf068d33a941f55b109a0ba332f2a,66d62a714944f88ab39ba25564b7ee802f9a23e93d909e73f7622bf520609b97,32,True,
391,391,People would bring sacrifices to the gods and the priests would try to attend to the needs of the gods through ceremonies and festivals.,사람들은 신에게 바칠 제물을 가져오고 제사장들은 의식과 축제를 통해 신의 요구에 응하려 노력했을 것이다.,"Translate the following sentence into Korean.
English: People would bring sacrifices to the gods and the priests would try to attend to the needs of the gods through ceremonies and festivals.
Korean:",dc700c2a9cf8507d29f3c56dbf98a30032bcff239b94999c0ffc87cc629606c1,f977dd2705d5e1b47ea193623f05f70240ea46f941943b0ece2532a8b19558ab,37,True,
392,392,Each temple had an open temple courtyard and then an inner sanctuary that only the priests could enter.,각 성전에는 오픈된 성전 마당과 성직자만 들어갈 수 있는 내부 성소가 있었습니다.,"Translate the following sentence into Korean.
English: Each temple had an open temple courtyard and then an inner sanctuary that only the priests could enter.
Korean:",2f8b28a69b5ddd1536b4f5ce6f78eef2a1f0a7276df91e6c063308093b2768ec,790181585c556aa726a7f7e958ab8a2d99a8b24ef09484958420fb01594591f8,31,True,
393,393,"Sometimes special pyramid shaped towers, called ziggurats, were built to be a part of the temples.",때때로 지구라트라고 불리는 특별한 피라미드 모양의 탑들은 신전의 일부가 되도록 지어졌다.,"Translate the following sentence into Korean.
English: Sometimes special pyramid shaped towers, called ziggurats, were built to be a part of the temples.
Korean:",b343ca2d6eaf775b8d83af909a69a2285d8541c3da0027cc5bc37d6a62e28750,16090812b493e8360f41eadf2e87369f40282c887a80367fd73d24bdfd9cde78,34,True,
394,394,The top of the tower was special sanctuary for the god.,탑의 맨 꼭대기는 신을 위한 특별 성지입니다.,"Translate the following sentence into Korean.
English: The top of the tower was special sanctuary for the god.
Korean:",4f40df91e91cfa9b0dcdbf24077c27a088f92999d9fdd3c9f2e5fadf92a30509,f626f6d1361061176293cd97d03eb2aefaa89202d1bcfa8f27824089f603aec7,24,True,
395,395,"In the warm climate of the Middle East, the house was not so important.","중동의 따뜻한 기후에서는, 집이 그다지 중요하지 않았습니다.","Translate the following sentence into Korean.
English: In the warm climate of the Middle East, the house was not so important.
Korean:",293a39377254ef71579d67ee682ca8297b6f4f567e162d7d42bb39cd04809318,a7f2715162560611c49175f75584bbec9dd5d7efc1847f3fe810216048e39e1e,28,True,
396,396,Most of the life of the Hebrew family happened in the open air.,히브리 가족의 삶은 거의 야외에서 이루어졌습니다.,"Translate the following sentence into Korean.
English: Most of the life of the Hebrew family happened in the open air.
Korean:",52a9723151ffc9ca67a8fa95e8078568b835d8b67ce0f369ac4b7b40b286e1af,80994660af22d52f4154cf8cff913e3490f36d33ded67ac05e48d41405f2357f,26,True,
397,397,Women did the cooking in the yard; stores were just open counters looking into the street. Stone was used for building houses.,"여자들은 마당에서 요리를 하며 상점은 그저 길거리에서 판을 연 노점상이었고, 돌들은 집을 짓는 데 쓰였다.","Translate the following sentence into Korean.
English: Women did the cooking in the yard; stores were just open counters looking into the street. Stone was used for building houses.
Korean:",d03a341ecda403e2c70c6df7f34ea699937e8dd7d84d666f778a68d7cd7834d0,c9c24278edcdc16463add5325608c332b25b2f08d56a15b855eec3f200a87b3c,37,True,
398,398,"There were no large forests in the land of Canaan, so wood was extremely expensive.",가나안에는 큰 숲이 없었기 때문에 나무가 무척 비쌌다.,"Translate the following sentence into Korean.
English: There were no large forests in the land of Canaan, so wood was extremely expensive.
Korean:",23b135cd4aa7be80d4f2bbfdfc617bd7baa1addd5c471c31dbe0c072dfe7b6bd,e9d5f087e0b785427a787046e26ba942e584b2b522e2be49775e487e3e91cd6c,30,True,
399,399,"Greenland was settled sparsely. In the Norse sagas they say that Erik the Red was exiled from Iceland for murder, and when travelling further west, found Greenland and named it Greenland.","그린란드는 드문드문 정착했다. 노르웨이 모험담에서 그들은 Erik the Red가 살인죄로 아이슬란드에서 추방당했다고 말한다. 그리고 서쪽으로 더 멀리 항해할 때, 그린란드를 발견하여 그린란드라고 이름 지었다.","Translate the following sentence into Korean.
English: Greenland was settled sparsely. In the Norse sagas they say that Erik the Red was exiled from Iceland for murder, and when travelling further west, found Greenland and named it Greenland.
Korean:",d63852a791f0979e72dea07bba0a5cb418f282cc21a6ec28349dd18da3fe77dc,a6ba80d8599467d1de98556ea869233ddb6dfd2d062556453063c51f09ebd75d,51,True,
400,400,"But regardless of his discovery, Eskimo tribes were already living there at the time.","그의 발견에 상관없이 에스키모 부족은 그 당시, 이미 그곳에 거주하고 있었다.","Translate the following sentence into Korean.
English: But regardless of his discovery, Eskimo tribes were already living there at the time.
Korean:",437194fd2215c0efede77f420e18cfef47c5c55946bcb59091f5ff90d70d52e9,89083903f0328758c8eb48b0fb9c6371a4777f42c73ce4fe24704d155f67f46b,29,True,
401,401,"Though each country was 'Scandinavian', there were many differences between the people, kings, customs and history of Denmark, Sweden, Norway and Iceland.","각 나라가 '스칸디나비아'에 속했지만, 덴마크와 스웨덴, 노르웨이, 그리고 아이슬란드의 국민과 왕, 관습과 역사에는 많은 차이가 있었다.","Translate the following sentence into Korean.
English: Though each country was 'Scandinavian', there were many differences between the people, kings, customs and history of Denmark, Sweden, Norway and Iceland.
Korean:",b3c45cc86fbf908090cab76217ba2909e20ffad0df9ab5581472f6367132ec94,5f0696b9e5c64504d70aab870c6b719c183499ffc982223e6f245f9511f7548c,43,True,
402,402,"If you have watched the movie National Treasure, you may think a treasure map was written on the back of the Declaration of Independence.","만약 내셔널 트레저라는 영화를 봤다면, 아마 독립선언서의 뒷면에 보물지도가 쓰여졌다고 생각할지도 모른다.","Translate the following sentence into Korean.
English: If you have watched the movie National Treasure, you may think a treasure map was written on the back of the Declaration of Independence.
Korean:",42a253d58feb247b33686d33fe663d714228dd15f4fb0de6306d6906a1663f39,545fb21ce22d2ea992ea3e8ae60ea32069877b006ab0f88d86b7e9df464be64f,38,True,
403,403,"However, that is not true. Although there is something written on the back of the document, it is not a treasure map.","하지만, 그것은 사실이 아닙니다. 서류 뒷면에 뭔가 적힌 게 있더라도, 이건 보물지도가 아닙니다.","Translate the following sentence into Korean.
English: However, that is not true. Although there is something written on the back of the document, it is not a treasure map.
Korean:",cb1ec8c0a86a2187bd0a7d65bb29c12dabd7af394ef4d5ceea5d12d8fd359519,4673cbeb7f7567a5b6ac7063c6f45c7cfcb07bbba5ed285147abe2cdd0df14e0,38,True,
404,404,"Written on the back of the Declaration of Independence were the words ""Original Declaration of Independence dated 4th July 1776"". The text appears on the bottom of the document, upside down.","""미국 독립선언서의 뒷면에는 """"원본 독립선언서 작성일 1776년 7월 4일""""이라는 글자가 적혀 있습니다. 이 글자는 문서의 아랫쪽에 위아래가 뒤집혀진 상태로 적혀 있습니다.""","Translate the following sentence into Korean.
English: Written on the back of the Declaration of Independence were the words ""Original Declaration of Independence dated 4th July 1776"". The text appears on the bottom of the document, upside down.
Korean:",ded9bbca4dd2020dfbaba1656e3338b54c276d7c87418fac4de3a4118f9fd636,28b8f46682de46478c987bc2519b40f1530bad7ac5ee94ff28f4a7dd3da594a9,53,True,
405,405,"While no one knows for certain who wrote it, it is known that early in its life, the large parchment document (it measures 29¾ inches by 24½ inches) was rolled up for storage.","누가 기록한 것인지는 아무도 모르지만, 이 큰 양피지 문서(75.6 cm x 62.2 cm)는 초기에 말려 보관되었습니다.","Translate the following sentence into Korean.
English: While no one knows for certain who wrote it, it is known that early in its life, the large parchment document (it measures 29¾ inches by 24½ inches) was rolled up for storage.
Korean:",c9aee723647f7e348bd8afabd89db892a4dfea7d6ae98d6b2a159e0cf02fa8a5,3e41d6e75b5a605d43587718d07eb647ef4628c26720c3ae93a2e8a2d83f0fef,56,True,
406,406,"So, it is likely that the notation was added simply as a label.",그래서 단순히 라벨로 표기했을 가능성이 높다.,"Translate the following sentence into Korean.
English: So, it is likely that the notation was added simply as a label.
Korean:",d904da4681d4c01f60087839ba810268f2a69ba8addf49437be19b9b51a32f97,5d5d27fcf2e731746bcaf8347fbff7a969cf7aa4ba25d6cbb163b42c48359c73,27,True,
407,407,"The D-Day landings and the following battles had freed the north of France, but the south still wasn't free.","D-데이 상륙과 그 후속 전투는 프랑스 북부를 해방시켰지만, 남부는 여전히 자유롭지 못했다.","Translate the following sentence into Korean.
English: The D-Day landings and the following battles had freed the north of France, but the south still wasn't free.
Korean:",e869f4f947e9d7a776f7e6e952328a79bf41ad0cb85411e3cade53a8c986d43d,10a3699a76b560e65ee820698d766618ab406575c210a920ccfeaf8fc3764a10,36,True,
408,408,"It was ruled by the ""Vichy"" French. These were French people who had made peace with the Germans in 1940 and worked with the invaders instead of fighting them.","""거기는 """"비시"""" 프랑스의 지배를 받았다. 이들은 1940년 독일과 강화를 택한 프랑스인들로 침략자들에 맞서 싸우기보다 동조한 사람들이다.""","Translate the following sentence into Korean.
English: It was ruled by the ""Vichy"" French. These were French people who had made peace with the Germans in 1940 and worked with the invaders instead of fighting them.
Korean:",b7bd8063261fd451cadd5450c6cd0bdc30e7c2e22fbc3c18f8a261883985661e,475bf4b8fdc89a866a45a78b41529e5efdf5ce339e6fb07e2ccbb6c4c840ba1f,51,True,
409,409,"On 15 August 1940, the Allies invaded southern France, the invasion was called ""Operation Dragoon"".","""1940년 8월 15일, 연합군은 프랑스 남부를 침략했고, 이 침략은 """"드래군 작전""""이라 불렸다. ""","Translate the following sentence into Korean.
English: On 15 August 1940, the Allies invaded southern France, the invasion was called ""Operation Dragoon"".
Korean:",f2f24f29fcbd79a9ef855a83b00a2c619a31b71d6e00866d4ffa61037962db1d,9786253bc02aee488891ae8f2f8e22815c8dc8b0601e01456e49e51d3f713512,38,True,
410,410,In just two weeks the Americans and Free French forces had liberated southern France and were turning towards Germany.,겨우 2주 만에 미군과 자유 프랑스군은 프랑스 남부를 해방시키고 독일로 진격 방향을 틀고 있었다.,"Translate the following sentence into Korean.
English: In just two weeks the Americans and Free French forces had liberated southern France and were turning towards Germany.
Korean:",954165329033ae833a338dac78de132d662e5a26c2dc45021eade0d99fc893b1,5994296e7346be096c7591d5980d3541ecb50b92efa81a7fcff06c0f223fef15,32,True,
411,411,"A civilization is a singular culture shared by a significant large group of people who live and work co-operatively, a society.","문명은 사람들이 협력해서 일하고 살아가는 매우 큰 집단, 즉 사회가 공유하는 단일 문화입니다.","Translate the following sentence into Korean.
English: A civilization is a singular culture shared by a significant large group of people who live and work co-operatively, a society.
Korean:",967f3e99e88721692a10181b128d4125f3ca2f74c04052138900b7fa80a74bbe,2eb9f9cabef58261084c466f47116510c8f9fe9c9d281a0ee77e8df973b45b01,37,True,
412,412,"The word civilization comes from the Latin civilis, meaning civil, related to the Latin civis, meaning citizen, and civitas, meaning city or city-state, and that also somehow defines the size of the society.","문명이라는 단어는 '시민답다'를 뜻하는 라틴어 시빌리스(civilis), 시민을 뜻하는 라틴어 시비스(civis), 그리고 도시 혹은 도시 주를 뜻하는 라틴어 시비타스(citavas)에서 비롯된 것으로 사회의 규모를 정의합니다.","Translate the following sentence into Korean.
English: The word civilization comes from the Latin civilis, meaning civil, related to the Latin civis, meaning citizen, and civitas, meaning city or city-state, and that also somehow defines the size of the society.
Korean:",95a106bf746d7c69546cad4b95f30895ad69b1d77b169594241deae874d6de1b,c5ebd7ddd4b3fd94caff111dfe55f774a7ca8d6969bf20bddb2fdb5e17c9ffcb,56,True,
413,413,"City-states are the precursors of nations. A civilizational culture implies the passing on of knowledge across several generations, a lingering cultural footprint and fair dissemination.","도시국가들은 국가의 선구자라 할 수 있다. 문명 문화는 여러 세대에 걸친 지식의 전승, 문화적 발자취의 잔존과 공정한 보급을 의미한다.","Translate the following sentence into Korean.
English: City-states are the precursors of nations. A civilizational culture implies the passing on of knowledge across several generations, a lingering cultural footprint and fair dissemination.
Korean:",25c1d5838e8c64dea5887c0c26e0307ba263b6c89f90851d373a51cdb6cc9611,67515608f744fe1742f3ea98352d789f61f8d914ce8347d5d3587a20002cb105,43,True,
414,414,Minor cultures often vanish without leaving relevant historic evidence and fail to be recognized as proper civilizations.,소수의 문화들은 의미 있는 역사적인 증거들을 남기지 않고 사라지는 경우가 많으며 제대로 된 문명으로 취급받지 못한다.,"Translate the following sentence into Korean.
English: Minor cultures often vanish without leaving relevant historic evidence and fail to be recognized as proper civilizations.
Korean:",8aa7017f41b17e20aabcb4cf6049080b6ca00360747f184c8f3d13022583a319,76adb0e86a904e189d90a8f7632429c501aa249bbbaa983979f3c106d641b481,30,True,
415,415,"During the Revolutionary War, the thirteen states first formed a weak central government—with the Congress being its only component—under the Articles of Confederation.",독립 전쟁 기간 동안 13개 주는 우선 연합 규약에 따라 의회가 유일한 구성 요소인 권력이 강하지 않은 중앙 정부를 구성했다.,"Translate the following sentence into Korean.
English: During the Revolutionary War, the thirteen states first formed a weak central government—with the Congress being its only component—under the Articles of Confederation.
Korean:",5f768818ae3690861d6b7264408d21d8ac4827ed0b47caac78c8845178756f4b,e1820e69f3751cb124612231e8db5d9da83fc41818c54a7f9db129a58a4638b9,41,True,
416,416,"Congress lacked any power to impose taxes, and, because there was no national executive or judiciary, it relied on state authorities, who were often uncooperative, to enforce all its acts.","의회에는 세금을 부과할 권환이 없었으며 국가 행정부나 사법부가 없었기 때문에, 법률을 집행하기 위해서는 종종 비협조적인 주 당국에게 의지할 수밖에 없었습니다.","Translate the following sentence into Korean.
English: Congress lacked any power to impose taxes, and, because there was no national executive or judiciary, it relied on state authorities, who were often uncooperative, to enforce all its acts.
Korean:",5c200e5f577b2fc17fa6f7806039f99d16b595f71052a50bba9aaf0d7090c34c,b494f14a182c84e0f71c79c02cb01bedc838ce966e06755ecb0f592a6bed43fa,50,True,
417,417,It also had no authority to override tax laws and tariffs between states.,또한 의회는 주(州) 간의 세법과 관세를 무효화할 권한이 없었습니다.,"Translate the following sentence into Korean.
English: It also had no authority to override tax laws and tariffs between states.
Korean:",e5d72bc84b88676624f7c99707c575c4c1d7a34839b26fc62ac5411586fd58c7,b9b29701d72fa84914e7fb236ab11b47845629f8a44457ea9f9e623ef3b5cb71,26,True,
418,418,The Articles required unanimous consent from all the states before they could be amended and states took the central government so lightly that their representatives were often absent.,"이 조항들은 모든 주에서 만장일치의 동의를 얻어야만 수정이 가능했으며, 중앙 정부를 무시한 주 대표들은 대부분 회의에 불참석했습니다.","Translate the following sentence into Korean.
English: The Articles required unanimous consent from all the states before they could be amended and states took the central government so lightly that their representatives were often absent.
Korean:",10b9527e6c21c4777dc8cd0187806023a76c5a84bae46df7a972368511c565f0,95af263799b779d20c7dd0482364228efdca608f8255848c336741be64e53ec9,41,True,
419,419,"Italy's national football, along with German national football team is the second most successful team in the world and were the FIFA World Cup champions in 2006.","이탈리아 축구 대표팀은 독일 축구 대표팀과 함께 세계적으로 성공을 거둔 팀 서열 2위이며, 2006년에는 FIFA 월드컵에서 우승을 거두었다.","Translate the following sentence into Korean.
English: Italy's national football, along with German national football team is the second most successful team in the world and were the FIFA World Cup champions in 2006.
Korean:",e360d3d9c40e91d19ded16ed78036311cb140285c412f62a38655f0f7f5d86c7,ff80cc0c62cf41dc6d4387fb71254896ece63e58c23c349404dbb3f71e851d49,46,True,
420,420,"Popular sports include football, basketball, volleyball, water-polo, fencing, rugby, cycling, ice hockey, roller hockey and F1 motor racing.","인기 있는 운동 종목에는 축구, 야구, 배구, 수구, 펜싱, 럭비, 사이클링, 아이스하키, 롤러하키, 그리고 F1 자동차 경주 등이 있다.","Translate the following sentence into Korean.
English: Popular sports include football, basketball, volleyball, water-polo, fencing, rugby, cycling, ice hockey, roller hockey and F1 motor racing.
Korean:",2dcb0d97bec25f9f11d51e2ee99f8d8621d481e90dc68c068b173dc71becb267,37e9c62a0b23d9d3e1488b009699cd8f6475c1ebc3aa52ffee78121df15687a4,42,True,
421,421,"Winter sports are most popular in the Northern regions, with Italians competing in international games and Olympic events.","겨울 스포츠는 북쪽 지역에서 가장 인기 있으며, 가끔 이탈리아 선수들이 국제 경기나 올림픽에 참여하기도 한다.","Translate the following sentence into Korean.
English: Winter sports are most popular in the Northern regions, with Italians competing in international games and Olympic events.
Korean:",8a27cb0c3bde1137f9b2ce30a69a924a44087bf582268e6ee17558eea51ec89d,9abf667524786bbd7dcd6596fa3f8753c9b2daa6d23c288b7723b1d06afb02ae,32,True,
422,422,"Japans holds nearly 7,000 islands (the biggest being Honshu), making Japan the 7th largest island in the world!","일본은 거의 7,000개의 섬(가장 큰 섬이 혼슈)을 갖고 있어, 일본이 세계에서 7번째로 큰 섬입니다!","Translate the following sentence into Korean.
English: Japans holds nearly 7,000 islands (the biggest being Honshu), making Japan the 7th largest island in the world!
Korean:",09c13c9f92bca5867e031909dca5e4a47dd2116f74684ca134791b72a2394fe4,5523c26de793796728717f50ed35b9745c58a5b7c3516d9946aa6c54a85a7f08,44,True,
423,423,"Due to the cluster/group of islands Japan has, Japan is often referred to, on a geographical stance, as an ""archipelago""","""일본이 가지고 있는 섬의 군집/군 때문에 지리적인 입장에서 일본을 종종 """"열도""""라고 부릅니다.""","Translate the following sentence into Korean.
English: Due to the cluster/group of islands Japan has, Japan is often referred to, on a geographical stance, as an ""archipelago""
Korean:",a42c69e16a4f73b8a9c4903020404d08a8a140b34ed899862cb70cb60c293a31,1d66bfed77e74e52a13a9080ee5e70a09a94339f73718788ce7c1f1a4f45626a,40,True,
424,424,"Taiwan beginning start way back in 15th century where European sailors passing by record the island’s name as Ilha Formosa, or beautiful island.","대만은 15세기 지나가던 유럽 뱃사람들이 이 섬을 Ilha Formosa, 즉 아름다운 섬으로 부르던 것에서 시작했다.","Translate the following sentence into Korean.
English: Taiwan beginning start way back in 15th century where European sailors passing by record the island’s name as Ilha Formosa, or beautiful island.
Korean:",3df8f609b73e029ceae402865d97ed898088f07ff7372edaa62b690ff601cc68,720b41b056ec177afbf22c37e6691bbbb7cb0e886aa3d410d9f800575d126a72,43,True,
425,425,"In 1624,Dutch East India Company establishes a base in southwestern Taiwan, initiating a transformation in aboriginal grain production practices and employing Chinese laborers to work on its rice and sugar plantations.","1624년 네덜란드 동인도 회사는 대만 남서부 지역에 기지를 차리고, 곡물 생산 방식의 변화를 불러오고, 중국 노동자들을 고용하여 재식농업을 통해 쌀과 설탕을 생산하기 시작했다.","Translate the following sentence into Korean.
English: In 1624,Dutch East India Company establishes a base in southwestern Taiwan, initiating a transformation in aboriginal grain production practices and employing Chinese laborers to work on its rice and sugar plantations.
Korean:",e73ee52335af038aa4a1454ba784a133de8d487eb02d26f4b2341f3e40807b8e,a6d6857a07692589f64c5a208c04188fcee45a382fa437c298e6d9ae90ec369b,54,True,
426,426,"In 1683, Qing dynasty (1644-1912) forces take control of Taiwan’s western and northern coastal areas and declared Taiwan as a province of the Qing Empire in 1885.",1683년 청나라 왕조(1644~1912)의 군이 대만의 서쪽과 북쪽의 해안 지역을 장악하고 1885년 대만을 청 제국의 영토로 선포하였습니다.,"Translate the following sentence into Korean.
English: In 1683, Qing dynasty (1644-1912) forces take control of Taiwan’s western and northern coastal areas and declared Taiwan as a province of the Qing Empire in 1885.
Korean:",4c7255e54f900be5f340702d3a6d42b82c74f72473e49f36a6d7ed57baa50fe4,8585196af123715358787e4dbfea771a6d8e8a16fa7c9fa37d20daaede6dfaa5,60,True,
427,427,"In 1895, after defeat in the First Sino-Japanese War (1894-1895), the Qing government signs the Treaty of Shimonoseki, by which it cedes sovereignty over Taiwan to Japan, which rules the island until 1945.","1895년 제1차 중일 전쟁(1894~1895)에서 패전한 후, 청 정부는 시모노세키 조약을 체결하고, 이 조약을 통해 대만에 대한 주권을 일본에 양도하고 1945년까지 이 섬을 통치하게 했다.","Translate the following sentence into Korean.
English: In 1895, after defeat in the First Sino-Japanese War (1894-1895), the Qing government signs the Treaty of Shimonoseki, by which it cedes sovereignty over Taiwan to Japan, which rules the island until 1945.
Korean:",dabffe910b5fe053849388b0f51a8c1906202c88af3ab85285845bd9ca80c0a2,cb8d32fb97fc96b4d577ac2f35b9ecc3fc0dff13830964e147ffe563713e99c4,74,True,
428,428,"Machu Picchu consist of three main structures, namely Intihuatana, the Temple of the Sun, and the Room of the Three Windows.","마추픽추는 세 개의 주요 구조물, 즉, 인티와타나, 태양의 신전, 그리고 3개의 창문이 있는 신전으로 이루어져 있습니다.","Translate the following sentence into Korean.
English: Machu Picchu consist of three main structures, namely Intihuatana, the Temple of the Sun, and the Room of the Three Windows.
Korean:",93d436ce4bfa30f7cfb7e4c4e56bee17361a94f9e01cb2c12264a5702a0f9401,7d4089587dbac23660e5462c4f65f1d2e01ebe4a49c3312fe134d0016f097400,42,True,
429,429,Most of the buildings on the edges of the complex have been rebuilt in order to give tourists a better idea of how they originally appeared.,단지 가장자리에 위치한 건물 대부분은 관광객이 본래의 모습을 보다 잘 이해할 수 있도록 재건축되었습니다.,"Translate the following sentence into Korean.
English: Most of the buildings on the edges of the complex have been rebuilt in order to give tourists a better idea of how they originally appeared.
Korean:",63b05688eb4e34926fef46cdfa79953cc2119afe5c22ea9cf42da7542410c417,495bb4b2cd2134462482a8c128fc9d626c2bd631cbe3e56098eba9e69f727299,39,True,
430,430,"By 1976, thirty percent of Machu Picchu had been restored and restoration continues till today.","1976년에 마추픽추의 30%가 복원되었고, 현재까지 복원작업이 이어지고 있다.","Translate the following sentence into Korean.
English: By 1976, thirty percent of Machu Picchu had been restored and restoration continues till today.
Korean:",8ba8a4a818349eafd530854cc3b77eb00177588cdaa19885f1cdebeb34dab20d,da27e70fffe1723b6e9b9d7ad113bb3589a07ca19fc37055b6c8b9c6e6126148,35,True,
431,431,"For example, the most common still image photography format in the world is 35mm, which was the dominant film size at the close of the analog film era.","예를 들어, 세계에서 가장 일반적인 정지 화상 사진 포맷은 35 mm인데, 이는 아날로그 필름 시대 끝 무렵에 주로 쓰인 필름 사이즈였습니다.","Translate the following sentence into Korean.
English: For example, the most common still image photography format in the world is 35mm, which was the dominant film size at the close of the analog film era.
Korean:",4b9281bea7c6d973fbc235b82123350dbcac6b3ebae4592d5d4f855b6138c646,0f0fccc100540f88445cc41b9e77d5371426e69642b2a30a854d63fdf4cfb92d,46,True,
432,432,"It is still produced today, but more importantly its aspect ratio has been inherited by digital camera image sensor formats.",그것은 오늘날까지도 생산되고 있습니다. 그러나 더 중요한 점은 그것의 가로세로 비율이 디지털카메라의 이미지 센서 형식으로 계승되었다는 것입니다.,"Translate the following sentence into Korean.
English: It is still produced today, but more importantly its aspect ratio has been inherited by digital camera image sensor formats.
Korean:",5a4584113229519f10fed17bf43b4a4a8f8d663d00adef94fc85c6a31605816e,5cb7763bd11efd3f5bd102e0db3eb60789fa976a259dd5ef2e60a875d9fc0805,34,True,
433,433,"The 35mm format is actually, somewhat confusingly, 36mm in width by 24mm in height.","약간 헷갈리는 부분이지만, 35mm 포맷은 사실 너비 36mm에 높이 24mm입니다.","Translate the following sentence into Korean.
English: The 35mm format is actually, somewhat confusingly, 36mm in width by 24mm in height.
Korean:",fafa7a50923ac548bf87fefcc39f0ea71381d7837e3bcfab29f66141eaa2722d,78fcce266a496c3ea70700743fe64ca2f92fbcc7c6bf437cea807317620b4229,39,True,
434,434,The aspect ratio of this format (dividing by twelve to obtain the simplest whole-number ratio) is therefore said to be 3:2.,따라서 이 형식의 종횡비(가장 간단한 정수 비율을 얻기 위해 12로 나눔)는 3:2라고 합니다.,"Translate the following sentence into Korean.
English: The aspect ratio of this format (dividing by twelve to obtain the simplest whole-number ratio) is therefore said to be 3:2.
Korean:",92220a23e46390c02a2d335e46664bc697d5b26c01841ce166491041e167b410,824a2b2cc9ed9295fd27272f49b796992c2fca86f860497a064768d5758bc2ce,41,True,
435,435,"Many common formats (APS family of formats, for example) are equal to or closely approximate this aspect ratio.",여러 일반적인 형식(예: APS 형식)은 이 가로 세로 비율과 동일하거나 거의 비슷합니다.,"Translate the following sentence into Korean.
English: Many common formats (APS family of formats, for example) are equal to or closely approximate this aspect ratio.
Korean:",cc9beee9bd5ab3e8860520dbbb5a55e470ad69de303e37745a727c1b69b65ad4,f16988d5a8c6a217758b33b73fa3023237459cb94a88bf169eb6054a973d6063,34,True,
436,436,The much-abused and often-ridiculed rule of thirds is a simple guideline creating dynamism while keeping a measure of order in an image.,많이 남용되고 종종 조롱받는 삼등분의 법칙은 이미지의 질서를 유지하면서 역동성을 만드는 간단한 지침입니다.,"Translate the following sentence into Korean.
English: The much-abused and often-ridiculed rule of thirds is a simple guideline creating dynamism while keeping a measure of order in an image.
Korean:",0ed071bfe159e752b43d5942fbc72aed96a59e2040626ed83b00affc7ae1b4d9,b83389c03d7b93cbc86d0045d1c1fbb67da3b1cb36a146e72d5cac20b95ddb3a,42,True,
437,437,It states that the most effective place for the main subject is at the intersection of lines dividing the image into thirds vertically and horizontally (see example).,이 법칙은 주요 피사체를 위치시키기에 가장 효과적인 위치는 이미지를 수직과 수평으로 삼등분한 선들이 교차하는 점(예시 참조)이라고 명시한다.,"Translate the following sentence into Korean.
English: It states that the most effective place for the main subject is at the intersection of lines dividing the image into thirds vertically and horizontally (see example).
Korean:",1d130935a5aec5a14b2a164a8594b1b4e72940a24946a1c46525a12f807a3ae2,a5d27eff627e632a8c07042046a902f2b2cd885a098cb5b1b5a8632b92e11391,41,True,
438,438,"During this period of European history, the Catholic Church, which had become rich and powerful, came under scrutiny.",유럽 역사의 이 시기에 부유하고 강력해진 가톨릭교회는 철저한 조사를 받았습니다.,"Translate the following sentence into Korean.
English: During this period of European history, the Catholic Church, which had become rich and powerful, came under scrutiny.
Korean:",346633b96d6fd56d3c5e0155b9a06158df5b08edfddc5dd436c51c899b559b3d,e45893a5786549c439b638557344f37040194daf38210349258710034a4852cc,34,True,
439,439,For over a thousand years the Christian religion had bound European states together despite differences in language and customs. I,천년이 넘는 기간 동안 기독교는 언어와 관습의 차이에도 불구하고 유럽 국가들을 종교로 묶었다.,"Translate the following sentence into Korean.
English: For over a thousand years the Christian religion had bound European states together despite differences in language and customs. I
Korean:",73a877fff846e62c0d09619564b7728cebc783b5e4427f6f297844a65a910bfd,0a3ef8f8e7119a2172a52a9d2d883aa500554c0743a4fedae287566fd93695e8,34,True,
440,440,Its all-pervading power affected everyone from king to commoner.,그것의 만연한 힘은 왕에서 평민에 이르는 모든 사람에게 영향을 미칩니다.,"Translate the following sentence into Korean.
English: Its all-pervading power affected everyone from king to commoner.
Korean:",e920d10e408e63508988658aeef9c761648b0983a8c99a4d917e24b6600bb902,c0502ddd55f16c8c1616e54421e396c36903e2b2d98cfb9b11bea2842ed2b99d,26,True,
441,441,One of the main Christian tenets is that wealth should be used to alleviate suffering and poverty and that the monetary funds of the church are there specifically for that reason.,기독교의 주요 교리 중 하나에 따르면 부는 고통과 빈곤을 완화하기 위해 사용되어야 하며 교회의 통화 기금은 특히 그러한 이유로 존재한다고 합니다.,"Translate the following sentence into Korean.
English: One of the main Christian tenets is that wealth should be used to alleviate suffering and poverty and that the monetary funds of the church are there specifically for that reason.
Korean:",684c064775c3a060924c882e4cbeef99797c303264f19535a55d29e793c4f06f,3472b361d75f147639a6e8a4859f2e7399e9a93f4a1e0be6349d35b68d61f631,45,True,
442,442,The central authority of the church had been in Rome for over a thousand years and this concentration of power and money led many to question whether this tenet was being met.,교회의 핵심 권력은 천 년 넘게 로마에 머물렀다. 이런 힘과 돈의 편중은 이 교리가 합당한지에 대한 의문을 낳았다.,"Translate the following sentence into Korean.
English: The central authority of the church had been in Rome for over a thousand years and this concentration of power and money led many to question whether this tenet was being met.
Korean:",0b9f218e9d6760dd412df65f79010bc078fc7de75214eaa6d736001f9b72b850,76f653161338b4e805681f9c6df550e7188adcc358af76b7a52d29cd78facfe0,46,True,
443,443,"Soon after the outbreak of hostilities, Britain initiated a naval blockade of Germany.",교전이 발발한 직후 영국은 독일에 대한 해상 봉쇄를 시작한다.,"Translate the following sentence into Korean.
English: Soon after the outbreak of hostilities, Britain initiated a naval blockade of Germany.
Korean:",b3c49c7961e8607bcdc2c92ab92225629fd6aaed8be80495762b389daceaece3,d9958cff0ebde47a5efc4e018ed5ac6351b245e49c92e6ba1bb85650a10659c2,28,True,
444,444,"The strategy proved effective, cutting off vital military and civilian supplies, although this blockade violated generally accepted international law codified by several international agreements of the past two centuries.","비록 이러한 봉쇄는 지난 두 세기의 몇몇 국제 협약에 의해 일반적으로 받아들여지는 국제법을 위반하였지만, 이 전략은 중요한 군사 및 민간 물자를 차단하는 데 효과적임이 입증되었습니다.","Translate the following sentence into Korean.
English: The strategy proved effective, cutting off vital military and civilian supplies, although this blockade violated generally accepted international law codified by several international agreements of the past two centuries.
Korean:",9cd1b755253fa4253f49bc26f85db088d3d603d6bcf6265a61ffac8d02f89dd2,b0679a1abc34fd5319c81580795966a7896fb09f8dd4d0c767bde110542589d5,45,True,
445,445,"Britain mined international waters to prevent any ships from entering entire sections of ocean, causing danger to even neutral ships.",영국은 어떤 선박도 여러 해양 구역에 전체적으로 진입하지 못하도록 공해상을 채굴해 중립적인 선박에까지 위험을 초래했다.,"Translate the following sentence into Korean.
English: Britain mined international waters to prevent any ships from entering entire sections of ocean, causing danger to even neutral ships.
Korean:",0f5fc1952cdb67121c08f1d167046ca0b304ea488f7068b65ec903d1a7b4d32c,d9ab3ff7fa12984a1bd70f706b78704c9e25777e2c3b17d57be459d216128283,34,True,
446,446,"Since there was limited response to this tactic, Germany expected a similar response to its unrestricted submarine warfare.",이 전술에 대한 대응이 제한적이었기 때문에 독일은 무제한 잠수함전에서 비슷한 대응을 예상했습니다.,"Translate the following sentence into Korean.
English: Since there was limited response to this tactic, Germany expected a similar response to its unrestricted submarine warfare.
Korean:",278d349ca75f7f9009eb9faf2cfc6fd41d931eae254672322fb29a385ffc5b54,e08b51f90584e88aaeae896e1483f94201ff42917600d7e84b8243ffc7fe23f5,32,True,
447,447,"During the 1920s, the prevailing attitudes of most citizens and nations was that of pacifism and isolation.","1920년대, 대부분의 시민과 국가에서 우세했던 성향은 평화주의와 고립주의였습니다.","Translate the following sentence into Korean.
English: During the 1920s, the prevailing attitudes of most citizens and nations was that of pacifism and isolation.
Korean:",157285df65624272982a66797b50d35122a94d315d41934736a1a152ff78d520,d1b91edff8cccad157b06ebb2231fafddfea22a852fd2734369e9067a7831af6,38,True,
448,448,"After seeing the horrors and atrocities of war during World War I, nations desired to avoid such a situation again in the future.",1차 세계대전을 통해 전생의 참상과 만행을 겪은 국가들은 미래에 그러한 상황을 다시는 겪지 않기를 기도했습니다.,"Translate the following sentence into Korean.
English: After seeing the horrors and atrocities of war during World War I, nations desired to avoid such a situation again in the future.
Korean:",f1af0b2297b3631c28d96476203e4c073ce5f58cf5381d47fdda76775a1edef7,8bd2be518bbdb64999a634aeee69b9e391cd524ccb27b6608c9342f2d76046ca,37,True,
449,449,"In 1884, Tesla moved to the United States of America to accept a job with the Edison Company in New York City.",1884년에 테슬라는 뉴욕시의 에디슨 컴퍼니에게서 일자리를 얻기 위해 미국으로 이주했다.,"Translate the following sentence into Korean.
English: In 1884, Tesla moved to the United States of America to accept a job with the Edison Company in New York City.
Korean:",3a78ef10ac4a8869b77aba66080b65a8886ca14b132398688b6e654999cf6ea5,8be3a3bae3b70b9af4b844447c24bb589f7769eba136b342202810c4e53cb809,40,True,
450,450,"He arrived in the US with 4 cents to his name, a book of poetry, and a letter of recommendation from Charles Batchelor (his manager in his previous job) to Thomas Edison.","그는(이전 직장의 매니저인) 찰스 배철러가 토머스 에디슨 앞으로 써준 추천서 한 통과 시집, 전 재산인 4 센트를 들고 미국에 도착했습니다.","Translate the following sentence into Korean.
English: He arrived in the US with 4 cents to his name, a book of poetry, and a letter of recommendation from Charles Batchelor (his manager in his previous job) to Thomas Edison.
Korean:",aff2f400c542a600354e2f903f875594b5208596ef8ba83afbfeb7b1847bf04a,39fa008f61af0e03ffc53159ed6a1a380fcc68793bf949e17b59f3d7ebaa806d,51,True,
451,451,Ancient China had a unique way of showing different time periods; each stage of China or each family that was in power was a distinctive dynasty.,"고대 중국에서는 각기 다른 시대를 나타내는 고유의 방법이 있었는데, 중국의 각 시대 또는 권력을 쥐고 있는 가문이 왕조로 구별되었습니다.","Translate the following sentence into Korean.
English: Ancient China had a unique way of showing different time periods; each stage of China or each family that was in power was a distinctive dynasty.
Korean:",265adccf8a32038db6e93cf2d69b6c611678cd995fd3c530d9b3e35a93507633,7366573b0d5fa7dc159a7d035cd430fd8a9810bf315797aad656e89c9a9712e0,40,True,
452,452,Also between each dynasty was an unstable age of divided provinces. The best-known of these periods was the Three Kingdoms epoch taking place for 60 years between the Han and the Jin Dynasty.,또한 각 왕조 사이에는 여러 지방으로 분열되어 불안한 시대가 있었습니다. 가장 잘 알려진 시대로는 한나라와 진나라 사이 60년에 해당하는 시기인 삼국 시대입니다.,"Translate the following sentence into Korean.
English: Also between each dynasty was an unstable age of divided provinces. The best-known of these periods was the Three Kingdoms epoch taking place for 60 years between the Han and the Jin Dynasty.
Korean:",9ba86376f7bb0bd05fa0dffaebcc1d2c86eeb9a9fe9cc3c1ab509f1d6365ab26,7b0433041f581de339dc9b6ba60f466eb6d7f3415e4ed13b56e3c741d41ea06c,51,True,
453,453,During these periods fierce warfare took place between many nobles fighting for the throne.,이 기간 동안 왕위를 다투는 많은 귀족들 사이에 치열한 전쟁이 벌어졌다.,"Translate the following sentence into Korean.
English: During these periods fierce warfare took place between many nobles fighting for the throne.
Korean:",529489a35a307df03664f40813844f9aaf091d3aa0958d36c2120f959780be23,60d06d861e0def23c64491a8fc725e222d84ef1e72d0984cf451e5a9d3085cff,28,True,
454,454,The Three Kingdoms was one of the bloodiest eras in Ancient China’s history thousands of people died fighting to sit in the highest seat in the grand palace at Xi’an.,"삼국시대는 고대 중국 역사에서 가장 유혈 낭자한 시대 중 하나였는데, 수 천명의 사람들이 시안 대궐의 가장 높은 자리에 앉기 위해 싸우다 죽었다.","Translate the following sentence into Korean.
English: The Three Kingdoms was one of the bloodiest eras in Ancient China’s history thousands of people died fighting to sit in the highest seat in the grand palace at Xi’an.
Korean:",8b993fc940f20236c6717ca1a8f6eab946f68c685fff3e48eddb97878066cd6d,49a2ccd73481ac44534fad5f20d09113a8bb73060a07383f03340b3c959fbab5,48,True,
455,455,"There are a lot of social and political effects such as the use of metric system, a shift from absolutism to republicanism, nationalism and the belief the country belongs to the people not to one sole ruler.","미터법 사용, 절대주의 체제에서 공화주의로의 전환, 민족주의와 국가는 한 통치자가 아닌 여러 사람의 소유라는 생각의 발생과 같이, 사회 및 정치적인 면에 많은 영향들을 미쳤습니다.","Translate the following sentence into Korean.
English: There are a lot of social and political effects such as the use of metric system, a shift from absolutism to republicanism, nationalism and the belief the country belongs to the people not to one sole ruler.
Korean:",9708ce5aaa8905cc40733cb4778de72b85a8ff1568c7564a77c7ce9fd6bb7c6b,c597b1d64ccefcc37fa9bdc1407c747749db5c7f972963a6de7745598e9ec3d2,54,True,
456,456,Also after the Revolution occupations were open to all male applicants allowing the most ambitious and successful to succeed.,또한 혁명 이후 직업들은 모든 남성 지원자에게 개방되어 가장 야망있고 성공 지향적인 사람들이 성공할 수 있는 길을 열어 주었습니다.,"Translate the following sentence into Korean.
English: Also after the Revolution occupations were open to all male applicants allowing the most ambitious and successful to succeed.
Korean:",7b4bc85acdfb6093897728c394afa424ef134af9e41974640b9b512e44a28461,885bcdc18504d843b9688a764333c39d25dff04e2ef44699eac834a335f660fa,32,True,
457,457,Same goes for the military because instead of army rankings being based on class they were now based on cailaber.,계층에 따른 군대 계급 대신 현재 능력 지표 기반의 계급이 쓰이고 있기 때문에 똑같은 방식이 군에도 적용됩니다.,"Translate the following sentence into Korean.
English: Same goes for the military because instead of army rankings being based on class they were now based on cailaber.
Korean:",5e102eccd1cecf68fc5881bf4fa4c0ce03a9159cdcdf41c25d6adb2f5a95ef19,df91a7d69e3a54a6cc70b9d5cbd8586052b414cdef15fb0a6c957bccf851e5cb,35,True,
458,458,The French Revolution also inspired many other repressed working class people of other country's to began their own revolutions.,또한 프랑스 혁명은 다른 나라들에서 많은 억압 받고 있는 노동자 계층에게 그들 스스로가 혁명을 일으킬 수 있도록 영감을 주었다.,"Translate the following sentence into Korean.
English: The French Revolution also inspired many other repressed working class people of other country's to began their own revolutions.
Korean:",1c4fb21e4e72655880112a9d18dee14bfe6bc4b1493bce0d717db6d030d5f02c,89888c21edf8b97cb7cfa6fd921dd046dbfcbf7a06784d65a06c38eff751cc90,34,True,
459,459,Muhammad was deeply interested in matters beyond this mundane life. He used to frequent a cave that became known as “Hira‘” on the Mountain of “Noor” (light) for contemplation.,"무함마드는 이러한 속세의 삶을 넘어서는 문제에 깊은 관심이 있었습니다. 그는 묵상을 위해 '누어(Noor, 빛)' 산에 있는 '히라(Hira)'라고 알려진 동굴을 자주 사용했습니다.","Translate the following sentence into Korean.
English: Muhammad was deeply interested in matters beyond this mundane life. He used to frequent a cave that became known as “Hira‘” on the Mountain of “Noor” (light) for contemplation.
Korean:",5b750682a56059164fa8100406995a3fd6645644a695afb0893e39c334261622,ea73988051d33868c6fdf11fc8aba5c8430696df2360ccfba9a448615af83a84,53,True,
460,460,"he cave itself, which survived the times, gives a very vivid image of Muhammad’s spiritual inclinations.",세월의 풍파를 견딘 동굴은 무하마드의 종교적 성향을 매우 선명하게 드러내고 있습니다.,"Translate the following sentence into Korean.
English: he cave itself, which survived the times, gives a very vivid image of Muhammad’s spiritual inclinations.
Korean:",bf8eb74bfbbcd6b500dea558a6663814bc7fcf9d6fac4fd51e7c301b91fd18bd,c5fe972ca23a0c07fce30089d3d9d6f72875d3d89549fa2a29be86f4a8c3b5fd,33,True,
461,461,"Resting on the top of one of the mountains north of Mecca, the cave is completely isolated from the rest of the world.",메카 북쪽의 산 중 한 곳의 꼭대기에 자리 잡고 있는 이 동굴은 세계의 나머지 지역으로부터 완전히 고립되어 있다.,"Translate the following sentence into Korean.
English: Resting on the top of one of the mountains north of Mecca, the cave is completely isolated from the rest of the world.
Korean:",6a420bbff222e4baf357264e573c56ca147951767d109e7e0a79e2134f33fa2f,b63e62058f4109d3f779eed0cb08a67afc8441e80aa088ba4c17f460f200478a,39,True,
462,462,"In fact, it is not easy to find at all even if one knew it existed. Once inside the cave, it is a total isolation.","사실, 이게 존재한다는 사실을 아는 사람이 있다고 해도 찾는 것조차 쉽지 않습니다. 일단 동굴 안에 들어가면, 완전한 고립입니다.","Translate the following sentence into Korean.
English: In fact, it is not easy to find at all even if one knew it existed. Once inside the cave, it is a total isolation.
Korean:",c08dd79f60a422fca36696da7b1fe713a9a1e4a48eef40450a8f2b31ad143008,8a237b67768ad0cf60ea7c2e89990af2df69416b566976d2648db06ce980b4c7,41,True,
463,463,"Nothing can be seen other than the clear, beautiful sky above and the many surrounding mountains. Very little of this world can be seen or heard from inside the cave.","산을 둘러싸고 있는 맑고 아름다운 하늘밖에는 보이지 않는다. 이 동굴 안에서는 바깥세상이 보이지도, 들리지도 않는다.","Translate the following sentence into Korean.
English: Nothing can be seen other than the clear, beautiful sky above and the many surrounding mountains. Very little of this world can be seen or heard from inside the cave.
Korean:",acf4b7d20abebc566b6e5c302385b79243d0c3fbcf4e4515a180ef9df22385dc,36c9192546dd15b8a483a79cd6e42f75daccb6a0cd3a499a20a8c6e7d2d2dd2e,45,True,
464,464,The Great Pyramid at Giza is the only one of the seven wonders that is still standing today.,기자의 대 피라미드는 현재까지 존재하는 유일한 세계 7대 불가사의 중 하나이다.,"Translate the following sentence into Korean.
English: The Great Pyramid at Giza is the only one of the seven wonders that is still standing today.
Korean:",953c5969a987b47f5007bdf86f6041f150c5c28c1f6ef58e27024b4627cc3b90,4216a2e0edc3a8d0d8ee256fcec9bf25643062f640e543d5fd19e8eb3fdf8fd3,32,True,
465,465,"Built by the Egyptians in the third century BCE, the Great Pyramid is one of many large pyramid structures built to honor dead Pharaoh.",기원전 3세기에 이집트인에 의해 지어진 '대 피라미드(the Great Pyramid)'는 죽은 파라오를 기리기 위해 지어진 많은 거대한 피라미드 구조물 중 하나이다.,"Translate the following sentence into Korean.
English: Built by the Egyptians in the third century BCE, the Great Pyramid is one of many large pyramid structures built to honor dead Pharaoh.
Korean:",95a29f65688e1b571924c1def2ff01d28444398616f6676c5b1bcffa5bf66bcf,049749ab925b6c1351b2b1796751b8e9ee4beba2bd6b2bfd75105792cb4a920f,39,True,
466,466,"The Giza Plateau, or ""Giza Necropolis"" in the Egyptian Valley of the Dead contains several pyramids (of which the great pyramid is the largest), several small tombs, several temples, and the great Sphinx.","""이집트의 죽음의 계곡에 있는 기자 고원(Giza Plateau) 또는 """"기자 묘지 (Giza Necropolis)""""에는 여러 개의 피라미드(그레이트 피라미드가 가장 큰 피라미드), 여러 개의 작은 무덤, 여러 개의 사원 및 스핑크스가 있습니다.""","Translate the following sentence into Korean.
English: The Giza Plateau, or ""Giza Necropolis"" in the Egyptian Valley of the Dead contains several pyramids (of which the great pyramid is the largest), several small tombs, several temples, and the great Sphinx.
Korean:",4658155e6524cdc9c9f7c836849e2667912695bc38dd6cc42204e97a5421da95,bc5205df5dd346f5fa1a561c21a0b86f7988777115674b5686954315b5ad6182,59,True,
467,467,"The great pyramid was created to honor the Pharaoh Khufu, and many of the smaller pyramids, tombs, and temples were built to honor Khufu's wives and family members.","대피라미드는 파라오 쿠푸를 기리기 위해 만들어졌고 더 작은 피라미드들과 무덤, 신전은 쿠푸의 아내와 가족들을 기념하여 지어졌다.","Translate the following sentence into Korean.
English: The great pyramid was created to honor the Pharaoh Khufu, and many of the smaller pyramids, tombs, and temples were built to honor Khufu's wives and family members.
Korean:",8093dbf2896f7c6a2b7e92c24cca08044cb1f1dcb70f9208d7afe6e8dc792ebc,71d61cb1dbbb5d6fc47429e8d35358554a4d7937f54d7c38c8888287ba928ed7,52,True,
468,468,"The ""up bow"" mark looks like a V and the ""down bow mark"" like a staple or a square missing its bottom side.","""""""올림활"""" 표시는 V자같이 생겼으며 """"내림활"""" 표시는 스테이플 또는 바닥면이 없는 사각형같이 생겼다. ""","Translate the following sentence into Korean.
English: The ""up bow"" mark looks like a V and the ""down bow mark"" like a staple or a square missing its bottom side.
Korean:",34e4da40abf46f63926b5ea6edbf3c102bf6ced1ada245c948496f2c8eb3bbd9,f1e11268e598702640e8c7b4b273bb017344c05577bf769e37336d86a7565613,40,True,
469,469,"Up means you should start at the tip and push the bow, and down means you should start at the frog (which is where your hand is holding the bow) and pull the bow.","올림이란 활의 끝에서 시작해 활을 켜는 것이고, 내림이란 활털걸이(활을 잡고 있는 부분)에서 시작해  활을 끄는 것을 말합니다.","Translate the following sentence into Korean.
English: Up means you should start at the tip and push the bow, and down means you should start at the frog (which is where your hand is holding the bow) and pull the bow.
Korean:",775c7ebf6563b4d578571574eda78fc15ea4bd953360960294ac1f4988f55a93,c6bd16677f6aa3c6a0c9091d03fc8eecb8a8ff32ac6d16b5e8158e551da3fd72,50,True,
470,470,"An up-bow usually generates a softer sound, while a down-bow is stronger and more assertive.","올림활은 보통 더 부드러운 소리를 내는 반면, 내림활은 더 강하고 자신감 넘치는 소리를 냅니다.","Translate the following sentence into Korean.
English: An up-bow usually generates a softer sound, while a down-bow is stronger and more assertive.
Korean:",4be999c2d913de74427e9a966bc24f36aa3c3d19234cfae9d51cebc7feccff9d,ff95d246cc745334584a1fdf920c8d681f89fb5f8432d56705b9dff3ff994663,34,True,
471,471,"Feel free to pencil in your own marks, but remember the printed bowing marks are there for a musical reason, so they should usually be respected.","연필로 본인만의 표시를 해도 되나, 그려져 있는 활 표시는 음악상 목적으로 있는 것이므로 보통은 지켜져야 합니다.","Translate the following sentence into Korean.
English: Feel free to pencil in your own marks, but remember the printed bowing marks are there for a musical reason, so they should usually be respected.
Korean:",f028a83c23126f308cbe929f24eccd66f86d2692e55ca4ccc6252a2ea7171148,048f1041800578d0448dc2b47252a4c6d77a6cf5d1502c5fd8d40acb7ae75914,42,True,
472,472,"The terrified King Louis XVI, Queen Marie Antoinette their two young children (11 year old Marie Therese and four year old Louis-Charles) and the King's sister, Madam Elizabeth, on the 6th October 1789 were forced back to Paris from Versailles by a mob of market women.","겁에 질린 프랑스의 왕 루이 16세, 마리 앙투아네트 여왕 그리고 그들의 두 어린아이들 (11살 마리 테레즈 그리고 4살 루이 샤를) 그리고 왕의 여동생인 엘리자베스 공주, 1789년 10월 6일에 여성노동자 집단에 의해 베르사유에서 파리로 강제추방되었다.","Translate the following sentence into Korean.
English: The terrified King Louis XVI, Queen Marie Antoinette their two young children (11 year old Marie Therese and four year old Louis-Charles) and the King's sister, Madam Elizabeth, on the 6th October 1789 were forced back to Paris from Versailles by a mob of market women.
Korean:",908c6d4a727def8c7e81a92cd4334f9e6f92de4061c2f94f8499f822962a2203,c9014cb81dccbe687e6eb51d46c9257e1b37abb6e98a395b99888201e4044465,79,True,
473,473,"In a carriage, they traveled back to Paris surrounded by a mob of people screaming and shouting threats against the King and Queen.",왕과 왕비는 마차를 타고 자신들에게 소리를 지르고 위협을 하는 군중들에게 둘러싸인 채 파리로 돌아갔다.,"Translate the following sentence into Korean.
English: In a carriage, they traveled back to Paris surrounded by a mob of people screaming and shouting threats against the King and Queen.
Korean:",ce721837b304aeb176aa5ec19e3f3d93c92f815a9d048fadde6553b72b6bfcf7,5dca8a011ac00697f7e054ce22f7c643a8155fc553d38f0ccfaac5a61cc0ce2e,37,True,
474,474,The mob of people forced the King And Queen to have their carriage windows wide open.,군중들은 왕과 왕비가 자신들의 마차 창문을 활짝 열도록 강요했다.,"Translate the following sentence into Korean.
English: The mob of people forced the King And Queen to have their carriage windows wide open.
Korean:",10e5f8f5c74bf65566dc06ee92c4aede0b82ac8c7f3b44f84af5a367ea40014b,c264a493fc5b8d161a09bf984fda7a86cdfd4e7a2ba4ee5c7e6ce31be513fbba,29,True,
475,475,At one point a member of the mob waved the head of a royal guard killed at Versailles in front of the terrified Queen.,어느 순간 폭도 중의 일원이 베르사유궁전에서 살해된 왕실 경비대장의 머리를 겁에 질린 여왕 앞에서 흔들었다.,"Translate the following sentence into Korean.
English: At one point a member of the mob waved the head of a royal guard killed at Versailles in front of the terrified Queen.
Korean:",32c8937c3e12ac2f0103d18bd22b5c3ce3674e96e5e670ce8d943d139cb5c731,1e65dc06026c7231d29f751bff3a413ce889e24e66a8257d30561c94c3d4e54a,38,True,
476,476,The war expenditures of U.S. imperialism in the conquest of the Philippines were paid for by the Filipino people themselves.,필리핀 정복에 사용된 미국 제국주의의 전쟁 비용은 필리핀인 자신들에 의해 지급되었다.,"Translate the following sentence into Korean.
English: The war expenditures of U.S. imperialism in the conquest of the Philippines were paid for by the Filipino people themselves.
Korean:",8a297b71575e630a689043d07370db567ef6aabdaa23e0a336cbfd0b79ebbe7a,bbccced5610596a3e1457ffbf4a534f0eb090822c65d20b46d4dfca43c8e495e,35,True,
477,477,They were compelled to pay taxes to the U.S. colonial regime to defray a major part of the expenditures and the interest on bonds floated in the name of the Philippine government through the Wall Street banking houses.,"그들은 지출의 상당 부분을 갚기 위해 미국 식민지 정권에 세금을 지불하도록 강요당했고, 월스트리트의 은행을 통해 필리핀 정부의 이름으로 된 채권이 관심을 끌었습니다.","Translate the following sentence into Korean.
English: They were compelled to pay taxes to the U.S. colonial regime to defray a major part of the expenditures and the interest on bonds floated in the name of the Philippine government through the Wall Street banking houses.
Korean:",6e8f1d15167352b4db745dd8f3a582e50bedca436eb9f23e5298a1cbb41d4408,63439f899fed289d591d2885888ec81f51407ff5096f6383c3a69b5e46f506a4,54,True,
478,478,"Of course, the superprofits derived from the protracted exploitation of the Filipino people would constitute the basic gains of U.S. imperialism.","물론, 필리핀 국민에 대한 장기간의 착취에서 파생된 초 이익은 미국 제국주의의 기본 이익을 구성하게 될 것이다.","Translate the following sentence into Korean.
English: Of course, the superprofits derived from the protracted exploitation of the Filipino people would constitute the basic gains of U.S. imperialism.
Korean:",7627353bef17eb01297a373ed5d5b302861096efbc3dee44f1a0654f46dc8642,cd87d050dfc0b47a83c138f12aac6ac0a5e0bce7c182c3a3ec1493d51b143c27,39,True,
479,479,To understand the Templars one must understand the context that prompted the creation of the order.,템플 기사단을 이해하기 위해서는 창조 질서를 만들게 된 계기를 알아야 한다.,"Translate the following sentence into Korean.
English: To understand the Templars one must understand the context that prompted the creation of the order.
Korean:",21c4cb9004b9635bbffc0899f05ab62acb30846b9c252ba33da191720f3ad08e,913f3c361b140b975b3efa1dd7aaec4629a9a7e7a4652613ce3091623ecba811,30,True,
480,480,"The age where the events took place is commonly referred as the High Middle Ages the period of European history in the 11th, 12th, and 13th centuries (AD 1000–1300).","사건이 일어난 시대는 보통 중세 성기로 불리는 시기로, 유럽사에서 11세기, 12세기 그리고 13세기(서기 1000-1300년)에 해당하는 시기입니다.","Translate the following sentence into Korean.
English: The age where the events took place is commonly referred as the High Middle Ages the period of European history in the 11th, 12th, and 13th centuries (AD 1000–1300).
Korean:",860b10b9a2e19e52e80b6e3a6aa3fcb28441ff85522c608e723842be5b1d38e6,6ddab3459a52b4b42786575a61d8939a4d642f17b1e7758e2601784861da40ff,63,True,
481,481,"The High Middle Ages were preceded by the Early Middle Ages and followed by the Late Middle Ages, which by convention ends around 1500.",중세 후기에 선행하고 중세 초기를 잇는 중세 절정기는 관례상 1500년 경에 끝나는 것으로 봅니다.,"Translate the following sentence into Korean.
English: The High Middle Ages were preceded by the Early Middle Ages and followed by the Late Middle Ages, which by convention ends around 1500.
Korean:",56d5e81ac1108f79d6e43c52101701b27fe4924f7036b897ed909d92a09bb039,99eabf7367287d06857a8d5c49daa0ba8bd47f02e1e6cd63512060eab9393cf1,42,True,
482,482,"Technological determinism is a term that encompasses a wide range of ideas in practice, from technology-push or the technological imperative to a strict sense that human destiny is driven by an underlying logic associated with scientific laws and their manifestation in technology.",기술 결정론은 기술 지향 또는 기술적 의무부터 인간의 운명이 과학 법칙 및 기술에서의 표명과 관련된 근본적인 논리에 의해 움직인다는 정확한 의미에 이르기까지 광범위한 실질적인 사상을 포괄하는 용어입니다.,"Translate the following sentence into Korean.
English: Technological determinism is a term that encompasses a wide range of ideas in practice, from technology-push or the technological imperative to a strict sense that human destiny is driven by an underlying logic associated with scientific laws and their manifestation in technology.
Korean:",50f87c27f03f38a0f81b12b3e9dad004ebb3927abfedf255ce4b08cb6444905a,5177219929f9c8fd791a730716d44013a94d95c4f51697e869b156e1231e13f5,59,True,
483,483,"Most interpretations of technological determinism share two general ideas: that the development of technology itself follows a path largely beyond cultural or political influence, and that technology in turn has ""effects"" on societies that are inherent, rather than socially conditioned.","""기술 결정론에 대한 대부분의 해석은 두 가지 개념을 갖습니다. 기술 개발 자체가 문화나 정치 이상의 영향력을 보인다는 것과 기술은 사회적으로 통제되는 것이 아니라 오히려 사회에 본질적인 """"영향""""을 미칩니다.""","Translate the following sentence into Korean.
English: Most interpretations of technological determinism share two general ideas: that the development of technology itself follows a path largely beyond cultural or political influence, and that technology in turn has ""effects"" on societies that are inherent, rather than socially conditioned.
Korean:",7f5947927c34ae42ce07bae41bd1de992b9ed67588a32a6a056969c77b61c7ca,a454c4838fbb7c74f8d46734fb001c2fd295e1d63c95141d971b917f9a05d31a,59,True,
484,484,"For example, one might say that the motor car necessarily leads to the development of roads.","예를 들어, 누군가는 자동차가 반드시 도로의 발전을 이끈다고 주장할 수도 있습니다.","Translate the following sentence into Korean.
English: For example, one might say that the motor car necessarily leads to the development of roads.
Korean:",a213f565b5386a62901ae0c62f4bb6845fdbc843c1d56bf5810435233883eb3b,217f271e8f74012432b6e3e688baeef13df18a8b4914c7c4688908dcf435657f,30,True,
485,485,"However, a nationwide road network is not economically viable for just a handful of cars, so new methods of production are developed to reduce the cost of car ownership.",하지만 전국적인 도로망은 소수의 자동차만으로는 경제적 측면에서 실효성이 없기 때문에 자동차 소유 비용을 경감시킬 새로운 생산 방법이 개발된다.,"Translate the following sentence into Korean.
English: However, a nationwide road network is not economically viable for just a handful of cars, so new methods of production are developed to reduce the cost of car ownership.
Korean:",f36915e285a62dfe50a1dbb4c2393c3457e12e2d9869e15ee37f149b03d64061,02fb86b969bc5dbb9abe93228bef10ffc19536769ecdbd185ab49bda293e88c6,44,True,
486,486,"Mass car ownership also leads to a higher incidence of accidents on the roads, which leads to the invention of new techniques in healthcare for repairing damaged bodies.",또한 많은 사람들이 차량을 소유하게 되면 도로 사고 발생률이 높아지고 이는 더불어 의료서비스 분야에서 손상된 신체를 복구하는 새로운 기술 발전으로 이어진다.,"Translate the following sentence into Korean.
English: Mass car ownership also leads to a higher incidence of accidents on the roads, which leads to the invention of new techniques in healthcare for repairing damaged bodies.
Korean:",7cb79a26fc2ce7f02ddb4e4f35568ab5ae01bad330a5daa7227068cb430d8a38,b06e5fbcd14e151246f391b2ff86970da8de8fe30c977fc07a638efda73449db,42,True,
487,487,"Romanticism had a large element of cultural determinism, drawn from writers such as Goethe, Fichte, and Schlegel.","낭만주의는 괴테나 피히테, 슐레겔과 같은 작가들로부터 영향을 받은 문화 결정론의 많은 요소를 가지고 있었습니다.","Translate the following sentence into Korean.
English: Romanticism had a large element of cultural determinism, drawn from writers such as Goethe, Fichte, and Schlegel.
Korean:",ff429e33a0ba70ebb781c43e294c4c35a32c31f94b93c0f4f2acedd7c636b3f0,7a5841e48ecad3f6e2520907e7b6ffd5a27fe462ab75c25e5bb23138da962fc6,39,True,
488,488,"In the context of Romanticism, the geography molded individuals, and over time customs and culture related to that geography arose, and these, being in harmony with the place of the society, were better than arbitrarily imposed laws.","낭만주의의 관점에서 보자면, 지리는 개개인을 형성했고, 시간이 흐르며 그 지리에 관련된 관습과 문화가 자라났으며, 이는 사회적으로 조화을 이루었으며, 결국 임의로 법을 만들어 부과하는 것보단 나았다.","Translate the following sentence into Korean.
English: In the context of Romanticism, the geography molded individuals, and over time customs and culture related to that geography arose, and these, being in harmony with the place of the society, were better than arbitrarily imposed laws.
Korean:",44016eea75a90a638922e1f9184e53696c1b00dd4b8f439fc62210c980692116,a9d348a8a76412599d141412d7d2416a47c1376e6bc33cbdda69abb920a7dc73,56,True,
489,489,"In the manner that Paris is known as the fashion capital of the contemporary world, Constantinople was regarded as the fashion capital of feudal Europe.",파리가 현대 시대의 패션 수도로 알려진 것처렴 콘스탄티노플은 봉건 유럽 시절의 패션 수도로 여겨졌다.,"Translate the following sentence into Korean.
English: In the manner that Paris is known as the fashion capital of the contemporary world, Constantinople was regarded as the fashion capital of feudal Europe.
Korean:",a344a6a4b4a78dd764f0e41ca5364967c8e75997adbceaabc2958931b27d8914,573c88979728899060ae2cd378482b155caf396f095c76560c4ddcc70ff1d878,40,True,
490,490,Its renown for being an epicenter of luxury began in about 400 A.D. and lasted up until about 1100 A.D.,사치의 진원지라는 명성은 서기 400년경에 시작하여 서기 1100년경까지 이어졌습니다.,"Translate the following sentence into Korean.
English: Its renown for being an epicenter of luxury began in about 400 A.D. and lasted up until about 1100 A.D.
Korean:",e4f9ab107bdb4a741a03d6954a13eb89fec04afdb2df554dca428bdce8157e76,24f35b0e1c6bf02535cd155b9e5e6de599fab97fbaa396f91a7b968902816b16,44,True,
491,491,Its status declined during the twelfth century mainly due to the fact that Crusaders had returned bearing gifts such as silks and spices that were valued more than what Byzantine markets offered.,"12세기에 콘스탄티노플의 위상은 떨어졌는데, 주로 십자군들이 비잔틴 시장에서 파는 물건보다 더 가치 있는 비단이나 향신료와 같은 선물을 가지고 돌아왔기 때문이었습니다.","Translate the following sentence into Korean.
English: Its status declined during the twelfth century mainly due to the fact that Crusaders had returned bearing gifts such as silks and spices that were valued more than what Byzantine markets offered.
Korean:",700326e2f246dde20ee4431aa8a99a2e5d058d240a87df2cfefe796d7d911b3f,583d3888eb335a44792ac6baac86eb86fe32be63cf03089ea80b666fb1b95ef1,49,True,
492,492,It was at this time that the transfer of the title of Fashion Capital from Constantinople to Paris was made.,이 때 패션 수도는 콘스탄티노플에서 파리로 바뀌었습니다.,"Translate the following sentence into Korean.
English: It was at this time that the transfer of the title of Fashion Capital from Constantinople to Paris was made.
Korean:",4b34a910b58a19d927c31d4e81e9cac16517e9bd06ccc4baf1dfc17c42b08443,692cd387d04545cdf3c0f5de5d5125920b02374fd0db9a4c881cc4e9f3ab6b73,34,True,
493,493,Gothic style peaked in the period between the 10th - 11th centuries and the 14th century.,고딕 양식은 10-11세기 사이의 기간과 14세기에 절정을 이뤘습니다.,"Translate the following sentence into Korean.
English: Gothic style peaked in the period between the 10th - 11th centuries and the 14th century.
Korean:",7fb10a8d896f0c253e644907cd98990d22ee17dec0f091f03933c512ee522036,93b556fb1c623ef159576e0ee48b2c9ab348abffa56b718f3a116939811cdc9c,38,True,
494,494,At the beginning dress was heavily influenced by the Byzantine culture in the east.,초기에는 드레스가 동양의 비잔틴 문화에 크게 영향을 받았습니다.,"Translate the following sentence into Korean.
English: At the beginning dress was heavily influenced by the Byzantine culture in the east.
Korean:",a2bca4c7f519061d48f50defb603bef29f0d1de050b6c23968ac55bfb1e258fc,97acf2dc823737bde20274e1756884feff397d18109616f5e66bf7201bd35d5f,28,True,
495,495,"However, due to the slow communication channels, styles in the west could lag behind by 25 to 30 year.","그러나 정보 교환이 느렸기 때문에, 서부 쪽 양식은 25~30년 뒤떨어질 수 있었습니다.","Translate the following sentence into Korean.
English: However, due to the slow communication channels, styles in the west could lag behind by 25 to 30 year.
Korean:",b3cd4b3e928fd44441a9a0754cec8bb2af5898091aca02bd2a9ace2a010451d7,f75910e5f529f214901058d626e29cecad584d88fae2cd4d5c2f370cc0ce9b16,38,True,
496,496,towards the end of the Middle Ages western Europe began to develop their own style. one of the biggest developments of the time as a result of the crusades people began to use buttons to fasten clothing.,중세 말기 서유럽은 고유의 스타일을 발전시키기 시작한다. 십자군의 결과로 그 당시 가장 큰 발전 중 하나는 사람들이 버튼을 이용하여 옷을 잠그기 시작했다는 것이다.,"Translate the following sentence into Korean.
English: towards the end of the Middle Ages western Europe began to develop their own style. one of the biggest developments of the time as a result of the crusades people began to use buttons to fasten clothing.
Korean:",92fcfc8b7c4e2a40a50cabb5b44eafcb9ef0fae5a687a25ec308b8467a4c3970,d8d52e68967bc853e1bdb7ba02f51aa8ea48b465a2dfea6870e1255ccf3c6954,53,True,
497,497,Subsistence agriculture is agriculture carried out for the production of enough food to meet just the needs of the agriculturalist and his/her family.,생계 농업은 농업 전문가와 그 가족이 필요한 만큼의 식량만 생산하기 위해 수행하는 농업입니다.,"Translate the following sentence into Korean.
English: Subsistence agriculture is agriculture carried out for the production of enough food to meet just the needs of the agriculturalist and his/her family.
Korean:",7c6bfe5e1f6a3165470e352ca1ba5558a75ff7bd76e08153fb7bd56fef1c725b,e049f51826b9d4e66f6132125618eaca0002fe06e64990a300adf4fd86e10180,40,True,
498,498,"Subsistence agriculture is a simple, often organic, system using saved seed native to the ecoregion combined with crop rotation or other relatively simple techniques to maximize yield.",생계형 농업 농업은 수확량을 극대화하기 위해 작물의 회전이나 다른 비교적 간단한 기술을 통해 생태 지역 고유의 종자를 사용하는 단순하면서도 유기적인 시스템이다.,"Translate the following sentence into Korean.
English: Subsistence agriculture is a simple, often organic, system using saved seed native to the ecoregion combined with crop rotation or other relatively simple techniques to maximize yield.
Korean:",7eadebc95a37219511aa7330d563317542a758b7aee4a1e8c8e6cb98da1efe1d,f98146f9a03700597d5ebbfc6c258a99be889cae43e51f439b55d78f1f94c096,47,True,
499,499,Historically most farmers were engaged in subsistence agriculture and this is still the case in many developing nations.,역사적으로 대부분의 농부들은 자급 농업에 종사했고 아직도 많은 개발도상국들에서 유효하다.,"Translate the following sentence into Korean.
English: Historically most farmers were engaged in subsistence agriculture and this is still the case in many developing nations.
Korean:",cf61410241952fba6e3003913cb5b9187289a895f2f26abdf985daf913cc736d,3be32a7953fe6a5dbce8dcb67e22d435a5847c927f07e3aca7d369867c6a2def,33,True,
500,500,Subcultures bring together like-minded individuals who feel neglected by societal standards and allow them to develop a sense of identity.,하위문화는 사회적 기준에서 소외감을 느끼는 비슷한 사람들을 모아 자신들만의 정체성을 키울 수 있게 해줍니다.,"Translate the following sentence into Korean.
English: Subcultures bring together like-minded individuals who feel neglected by societal standards and allow them to develop a sense of identity.
Korean:",b783a2bf8af48335462480f24904719b535e7b2621880fdba8a3f1cf1056f0d8,478017550bf9145c1dee4986606fd3814410e2fda5dfc3ad4bfbe69b3bf7b2d6,36,True,
501,501,"Subcultures can be distinctive because of the age, ethnicity, class, location, and/or gender of the members.","하위문화는 구성원의 연령, 민족, 계급, 위치 및/또는 성별 때문에 구별될 수 있다.","Translate the following sentence into Korean.
English: Subcultures can be distinctive because of the age, ethnicity, class, location, and/or gender of the members.
Korean:",ed4ba1a9d330e49ec9c7277e3eadb072ff5f729aad6bd41ede4f113d2699bd96,882e79def0bda5b91897c9216791daab2566439f92ce2a36b6cbc3cb65f71c19,36,True,
502,502,"The qualities that determine a subculture as distinct may be linguistic, aesthetic, religious, political, sexual, geographical, or a combination of factors.","하위문화를 명확하게 구분하는 특징은 언어적, 미적, 종교적, 정치적, 성적, 지리적 요소가 있으며, 이러한 요소들의 결합일 수도 있다.","Translate the following sentence into Korean.
English: The qualities that determine a subculture as distinct may be linguistic, aesthetic, religious, political, sexual, geographical, or a combination of factors.
Korean:",1afa2a4092faa0c69130386a0a7ee1fede938216959e0df40e3886fa33692ac7,2d075f4f5f7a19318aa42196c6a98938143d2e4515f95337930ebffbb26236ec,41,True,
503,503,"Members of a subculture often signal their membership through a distinctive and symbolic use of style, which includes fashions, mannerisms, and argot.","하위문화의 구성원들은 종종 패션, 매너리즘, 그리고 특정 속어를 포함하는 독특하고 상징적인 스타일을 통해 소속감을 나타낸다.","Translate the following sentence into Korean.
English: Members of a subculture often signal their membership through a distinctive and symbolic use of style, which includes fashions, mannerisms, and argot.
Korean:",4257a41b1145bddb96e70f5605289d45e66c266a2adf0d87be008f3e55951d0c,21a1bd613f6f7acea790643148e70bb4777d3899f4ec6adc11ffbce221f5bd4a,43,True,
504,504,"One of the most common methods used to illustrate the importance of socialization is to draw upon the few unfortunate cases of children who were, through neglect, misfortune, or wilful abuse, not socialized by adults while they were growing up.","사회화의 중요성을 보여주기 위해 사용되는 가장 일반적인 방법 중 하나는 성장하는 동안 방치, 불운, 또는 고의적인 학대 등의 이유로 어른들에 의한 사회화가 되지 않은 소수의 불행한 어린이들의 사례를 이용하는 것입니다.","Translate the following sentence into Korean.
English: One of the most common methods used to illustrate the importance of socialization is to draw upon the few unfortunate cases of children who were, through neglect, misfortune, or wilful abuse, not socialized by adults while they were growing up.
Korean:",c44e0e2bfb0bdcbef6a43df0cfe5960dc55aa8b3b59edc96200bb9baff312dc0,2c97bb30fe9612ea7d61f909146982360434a2371468b7405f23cddf98924ecb,61,True,
505,505,"Such children are called ""feral"" or wild. Some feral children have been confined by people (usually their own parents); in some cases this child abandonment was due to the parents' rejection of a child's severe intellectual or physical impairment.","이러한 아이들은 '야생아'라 불린다. 몇몇 야생아들은 감금되기도 하는데, 아이들의 부모가 이들을 가두는 경우가 많다. 몇몇 경우에서 이러한 아동 유기는 부모가 아동의 심각한 지적, 신체적 결함을 받아들이지 못하기 때문에 발생한다.","Translate the following sentence into Korean.
English: Such children are called ""feral"" or wild. Some feral children have been confined by people (usually their own parents); in some cases this child abandonment was due to the parents' rejection of a child's severe intellectual or physical impairment.
Korean:",2586eb75a60c19dea8fbd38e3e4b5ebeb455f5b59356094a9da84456962a7597,fcc8ab37d64d73d4b434785d2fe2e0454fefc1c447d80fc6ab44bb064dfa7d2c,61,True,
506,506,Feral children may have experienced severe child abuse or trauma before being abandoned or running away.,야생 아동은 버려지거나 도망치기 전에 심한 아동학대나 트라우마를 경험했을 수 있습니다.,"Translate the following sentence into Korean.
English: Feral children may have experienced severe child abuse or trauma before being abandoned or running away.
Korean:",8153f37688f3dd33494de29f6cbd53ef762239209deb4c8f77f3a97ae3aa3cf4,110f6fb62d6993e13356d1ce12653c8c141c5ccd58530bb2ca4c13def4c83a7b,30,True,
507,507,Others are alleged to have been brought up by animals; some are said to have lived in the wild on their own.,"어떤 아이들은 동물들에 의해 길러졌다고 주장되고, 어떤 아이들은 그들 스스로 야생에서 살았다고 한다.","Translate the following sentence into Korean.
English: Others are alleged to have been brought up by animals; some are said to have lived in the wild on their own.
Korean:",b97840e2925bbdca149f1f82e3d48a48ded57334433eae0530b9a62d9c2a24d1,b358d50519daec3893ad1cc810e3809241465a53ab976cc5961d7f3e522003ca,36,True,
508,508,"When completely brought up by non-human animals, the feral child exhibits behaviors (within physical limits) almost entirely like those of the particular care-animal, such as its fear of or indifference to humans.","인간이 아닌 동물들에 의해 완전히 양육되었을 때, 야생아는 인간에 대한 두려움이나 무관심과 같이, 거의 전적으로 특별한 보살핌이 필요한 동물과 같은 행동을 보입니다.","Translate the following sentence into Korean.
English: When completely brought up by non-human animals, the feral child exhibits behaviors (within physical limits) almost entirely like those of the particular care-animal, such as its fear of or indifference to humans.
Korean:",67a222ed8e34c51edfddcf0c2dc42295ed83789e3ec46705129a1f9139736d55,067c20f91c684cf4163f3caaec91e7ed9a53d7a0dc4fbba4db67d14147c027a8,53,True,
509,509,"While project based learning should make learning easier and more interesting, scaffolding goes a step beyond.",프로젝트 기반 학습은 학습을 더 쉽고 더 흥미롭게 만들고 스캐폴딩은 한 걸음 더 나아가게 합니다.,"Translate the following sentence into Korean.
English: While project based learning should make learning easier and more interesting, scaffolding goes a step beyond.
Korean:",74c0bcfb3c6f915242210f32c8015b5d8d966c8518a675701b392117a0b01738,f6a3b66680bd6779a78441bcc4fc638c1008ed91736669b3a2066cf1b415e39f,31,True,
510,510,Scaffolding is not a method of learning but rather an aid that provides support to individuals whom are undergoing a new learning experience such as using a new computer program or beginning a new project.,받침대 방식(Scaffolding)은 학습법이라기보다 조수라 할 수 있다. 이를테면 최신 컴퓨터 프로그램을 사용한다거나 새 프로젝트를 시작하는 등 새로운 것을 학습하는 사람들에게 도움을 제공해 준다.,"Translate the following sentence into Korean.
English: Scaffolding is not a method of learning but rather an aid that provides support to individuals whom are undergoing a new learning experience such as using a new computer program or beginning a new project.
Korean:",514b4ed9ce6d313c4b8a02da428494512a9f7eba98777e9d5fce362ec25ea2a3,7a851019829bec3b5eed72421b4bbc382aefc88b6e67948ab41ce77032c609d6,50,True,
511,511,"Scaffolds can be both virtual and real, in other words, a teacher is a form of scaffold but so is the little paperclip man in Microsoft Office.","비계는 가상과 현실 둘 다 될 수 있으며, 이걸 다른 말로 하면, 선생은 비계의 한 형태이지만 마이크로소프트 오피스의 작은 종이 집게 인간일 수도 있다는 것입니다.","Translate the following sentence into Korean.
English: Scaffolds can be both virtual and real, in other words, a teacher is a form of scaffold but so is the little paperclip man in Microsoft Office.
Korean:",6868ee47dedf69d47a38df1a0ba502400400643bcef01921647aafffeb2248b8,e5b0b725c5b41f5b695e45be8abb3b741dd13962d3aacbc33be77094b76bd7c1,45,True,
512,512,"Virtual Scaffolds are internalized in the software and are meant to question, prompt, and explain procedures that may have been to challenging for the student to handle alone.","가상 구조는 소프트웨어에 내장되어 있으며 학생이 혼자 스스로 처리하기 어려울 수 있는 절차에 대해 질문하고, 띄우고 설명하기 위한 것이다.","Translate the following sentence into Korean.
English: Virtual Scaffolds are internalized in the software and are meant to question, prompt, and explain procedures that may have been to challenging for the student to handle alone.
Korean:",c73f64ea4aacd609b7011295155fdb74ec8d5b343fa44521a3e9f7864daaf23f,e8b7aff49a4f3a4b3f7622b0c6cebd73b4fb1073843bbe8f3ddced382f79ce42,46,True,
513,513,"Children are placed in Foster Care for a wide variety of reasons that range from neglect, to abuse, and even to extortion.","아동이 위탁 보호를 받게 되는 이유는 방치에서 학대, 심지어 강탈에 이르기까지 광범위하게 다양합니다.","Translate the following sentence into Korean.
English: Children are placed in Foster Care for a wide variety of reasons that range from neglect, to abuse, and even to extortion.
Korean:",57329f1bf41f2be7cf0aa6890d807d5bbc0ed3e922aff9990ea10d82479eee98,60eec5604d4da6f818cfaedc973f8aa94ff5395f0b9fd34e5fa0141c288a1621,37,True,
514,514,"No child should ever have to grow up in an environment that is not nurturing, caring, and educational, but they do.","모든 어린이가 양육적, 보호적, 교육적 환경에서 성장해야 하는데 상황은 그렇지 않습니다.","Translate the following sentence into Korean.
English: No child should ever have to grow up in an environment that is not nurturing, caring, and educational, but they do.
Korean:",63893249ffeeb12590d1af7941499558eb74756d2b66ad5bec222f6f2bdf4c8b,3859c1f9fe3caeece6dd39e7c44d7e6fcd411f27555d90a75e0cd467f8994620,37,True,
515,515,We perceive the Foster Care System to be a safety zone for these children.,우리는 위탁 보호 시스템을 이러한 어린이들을 위한 안전 구역으로 여긴다.,"Translate the following sentence into Korean.
English: We perceive the Foster Care System to be a safety zone for these children.
Korean:",f760330cf0112e73a46dac496f2ed35256a1278eb4a7b8238662bcf502345fc0,80a8826a4b5745a04b9e00425e5a078fc658948d908685dfc05c9445fafc7ecc,27,True,
516,516,"Our foster care system is supposed to provide safe homes, loving caregivers, stable education, and reliable health care.","저희 위탁 돌봄 시스템은 안전한 가정, 상냥한 돌보미, 안정적인 교육, 신뢰할 수 있는 의료 혜택을 제공할 것입니다.","Translate the following sentence into Korean.
English: Our foster care system is supposed to provide safe homes, loving caregivers, stable education, and reliable health care.
Korean:",435a466db7e01d14a4c2982866d9933c4961c5445456ee255ee939aa5e5f620d,2dc9e9a8818291a56d87b3d893f7e5b40297c4e0f6cdbbda382c07c4f17ff67b,34,True,
517,517,Foster care is supposed to provide all the necessities that were lacking in the home they were previously taken from.,가정 위탁은 기존 가정에서 충족되지 못했던 모든 필수적인 요소를 제공할 수 있어야 합니다.,"Translate the following sentence into Korean.
English: Foster care is supposed to provide all the necessities that were lacking in the home they were previously taken from.
Korean:",b71d145ef334b3d7009a1723486ca97291493048ae2dd1dad8729c6fa9669f2a,6dd987d1d56bb116e4e9f3d0d886584c5482535a35453e11d95535a0769026f3,33,True,
518,518,The Internet combines elements of both mass and interpersonal communication.,인터넷은 집단적인 커뮤니케이션과 사람과 사람 간의 커뮤니케이션 요소를 모두 갖추고 있다.,"Translate the following sentence into Korean.
English: The Internet combines elements of both mass and interpersonal communication.
Korean:",741ec88fab926559b9b9ccb7993b7c6b98e357b25abeff04864ee369a39ed495,265e5f85aba1428c73259c831457f96f805b55055a6f680e2e14b92956e814b3,23,True,
519,519,The distinct characteristics of the Internet lead to additional dimensions in terms of the uses and gratifications approach.,인터넷의 뚜렷한 특성은 사용 및 만족도 접근 방식의 측면에서 추가적인 차원으로 이어진다.,"Translate the following sentence into Korean.
English: The distinct characteristics of the Internet lead to additional dimensions in terms of the uses and gratifications approach.
Korean:",84ba4fca95b921f63c26a9791a8685cd369a0c0420fc0f51a9515a938be23415,19d929287f342e31328562d8c7bf61fa40a9cf139bf4519548062a0c24d82b3f,32,True,
520,520,"For example, “learning” and “socialization” are suggested as important motivations for Internet use (James et al., 1995).","""예를 들어, """"학습""""과 """"사회화""""가 인터넷 사용에 대한 중요한 동기로 제시되었습니다(제임스 외, 1995년)""","Translate the following sentence into Korean.
English: For example, “learning” and “socialization” are suggested as important motivations for Internet use (James et al., 1995).
Korean:",ee7edd41cc9e3f180d3391bf7de95446d0f1d51393e9504ba7fa756e8b1f0ea0,1bf52c1657e8d9b75f7c7e63ba3fe7d37cd2a8e3f872a6544ca0dbe6745f2b69,42,True,
521,521,“Personal involvement” and “continuing relationships” were also identified as new motivation aspects by Eighmey and McCord (1998) when they investigated audience reactions to websites.,에이메이와 매코드(1998)가 웹사이트에 대한 시청자 반응을 조사하면서 '개인적 관여'와 '계속적인 관계'를 새로운 동기부여 측면으로 파악하기도 했다.,"Translate the following sentence into Korean.
English: “Personal involvement” and “continuing relationships” were also identified as new motivation aspects by Eighmey and McCord (1998) when they investigated audience reactions to websites.
Korean:",492083255da479779401dc63785b52ebb1247154f8ff35d943befa07abfe38b8,b0c0d2aeaf779ce0e3aa7c834c6ce2ff3ed672f392a12103c21069df38952e9e,51,True,
522,522,"The use of video recording has led to important discoveries in the interpretation of micro-expressions, facial movements which last a few milliseconds.","비디오 녹화를 사용함으로써 단 몇 밀리초 동안만 지속되는 미세한 표정, 얼굴 움직임의 해석에 중요한 발견을 하게 되었다.","Translate the following sentence into Korean.
English: The use of video recording has led to important discoveries in the interpretation of micro-expressions, facial movements which last a few milliseconds.
Korean:",ababdccccc800b48691cd1fa2e9b42729a8169a871aef4551c0a8c66a01d85f5,f4e8691a21548818ad68a3545f4b260a8449ff8a4082e1a34701f1dc8803094b,38,True,
523,523,"In particular, it is claimed that one can detect whether a person is lying by interpreting micro-expressions correctly.","특히, 미세한 표정을 정확하게 해석해서 사람이 거짓말을 하고 있는지 여부를 검출할 수 있다고 주장합니다.","Translate the following sentence into Korean.
English: In particular, it is claimed that one can detect whether a person is lying by interpreting micro-expressions correctly.
Korean:",9886e226c510bdaf2af0466d6dc649daa028ad3c28cb1e063b58d1b38e50d867,6cdad6a7dde2c7ca713e44302a8e2349fccdf8967659ef16bc650eccb8aee7c1,34,True,
524,524,"Oliver Sacks, in his paper The President's Speech, indicated how people who are unable to understand speech because of brain damage are nevertheless able to assess sincerity accurately.",올리버 색스는 그가 집필한 '대통령의 연설'에서 뇌 손상으로 인해 연설을 알아듣지 못함에도 불구하고 사람들이 그에 담긴 성실성을 정확하게 받아들였음에 대하여 나타냈습니다.,"Translate the following sentence into Korean.
English: Oliver Sacks, in his paper The President's Speech, indicated how people who are unable to understand speech because of brain damage are nevertheless able to assess sincerity accurately.
Korean:",a180339f1e826d674c98469581857197781466a113b02bebf42d15225dad68f6,4a8cfdef13365208668ca0b53ddbe8564b4b994990ed6a11f5b7d8238723baeb,45,True,
525,525,He even suggests that such abilities in interpreting human behavior may be shared by animals such as domestic dogs.,그는 심지어 인간 행동을 분석하는 이런 능력을 애완견 같은 동물들 또한 지니고 있다고 제안했다.,"Translate the following sentence into Korean.
English: He even suggests that such abilities in interpreting human behavior may be shared by animals such as domestic dogs.
Korean:",990ae4bf9b948a76ce718c12e4c23b867cc18857418c563a24d3b8e7c0a77731,b3a91045da42ff4853cfc81496284abee643f6ed188028f4e79b13a28e4ea8be,32,True,
526,526,Twentieth century research has shown that there are two pools of genetic variation: hidden and expressed.,20세기의 연구에 따르면 숨겨지거나 나타나는 두 가지 유전적 변이 집단이 있습니다.,"Translate the following sentence into Korean.
English: Twentieth century research has shown that there are two pools of genetic variation: hidden and expressed.
Korean:",d6924dd697591bd9dfd0a92bdcb1e19ec0f455d11ef8be0cd8dd15f1e8712082,030f809be54cf601f8fa13c91b0c97bed299d3656287c74882b0845e9a9983ee,31,True,
527,527,"Mutation adds new genetic variation, and selection removes it from the pool of expressed variation.","돌연변이는 새로운 종의 유전자를 만들어내며, 선택은 발현된 유전자를 풀에서 제거합니다.","Translate the following sentence into Korean.
English: Mutation adds new genetic variation, and selection removes it from the pool of expressed variation.
Korean:",1f1ac58c6244d58e4aaef970d45a930e34edcac40ae9151f9e9ed2dc92741013,f6a7602264713d3248d7cfa810d29e214c0d49b744cc8f6cc19c396dd3d6c839,29,True,
528,528,Segregation and recombination shuffle variation back and forth between the two pools with each generation.,분리 및 재조합은 각 세대마다 두 유전자풀 사이에서 일어난 변이를 이리저리 뒤섞습니다.,"Translate the following sentence into Korean.
English: Segregation and recombination shuffle variation back and forth between the two pools with each generation.
Korean:",03543cfbd321a9913c1e5c07dbb01fdc64eb922f2d2c3d7f693ec824e0c7c66e,6f88c1608b89719c989117872706023b7a26d555c58963570cc96327052f89ed,30,True,
529,529,"Out on the savanna, it is hard for a primate with a digestive system like that of humans to satisfy its amino-acid requirements from available plant resources.",사바나에서는 인간과 유사한 소화기관을 가진 영장류가 가용한 식물 자원에서 아미노초산 필요분을 채우기가 쉽지 않습니다.,"Translate the following sentence into Korean.
English: Out on the savanna, it is hard for a primate with a digestive system like that of humans to satisfy its amino-acid requirements from available plant resources.
Korean:",de65c9dcba5fbdfecde369b3447a7c91b4d4a61b61b7165268b05aaad3df81ce,5a91ba9207414e2a7019c564271a70a27d808c997809d0103eca83359e07da0f,45,True,
530,530,"Moreover, failure to do so has serious consequences: growth depression, malnutrition, and ultimately death.","게다가 이것의 실패는 성장 기능 저하, 영양실조, 결국 죽음에 이르는 심각한 결과를 초래합니다.","Translate the following sentence into Korean.
English: Moreover, failure to do so has serious consequences: growth depression, malnutrition, and ultimately death.
Korean:",905928a815216f0b24d507be84c3397487e6517417f597cf52e3c08821f2abec,685bff6d3e141cbcd92ae3d61ad33eb9443abc6d60565897b1477fb91b346c82,32,True,
531,531,"The most readily accessible plant resources would have been the proteins accessible in leaves and legumes, but these are hard for primates like us to digest unless they are cooked.","가장 쉽게 접근할 수 있는 식물성 자원은 잎이나 콩과 식물의 단백질이지만, 이들은 조리를 하지 않으면 우리와 같은 영장류가 소화하기 어렵습니다.","Translate the following sentence into Korean.
English: The most readily accessible plant resources would have been the proteins accessible in leaves and legumes, but these are hard for primates like us to digest unless they are cooked.
Korean:",73e09f844e0f5dc15dd384633aa3c085de156b841f86498d975cbbd115f3b64b,72e165f2559c9d066af02149e660db00031373a89d23a473ab3b34604ec79941,46,True,
532,532,"In contrast, animal foods (ants, termites, eggs) not only are easily digestible, but they provide high-quantity proteins that contain all the essential amino acids.","이와는 대조적으로, 개미와 흰개미, 달걀과 같은 동물 식품은 쉽게 소화될 뿐만 아니라, 필수 아미노산을 담은 고품질의 단백질을 제공합니다.","Translate the following sentence into Korean.
English: In contrast, animal foods (ants, termites, eggs) not only are easily digestible, but they provide high-quantity proteins that contain all the essential amino acids.
Korean:",fde8d662aba422df3c97b73e3fd7568c95de20122990607389b4a7cfd3b9f3a9,58d2d0d1ca997dba460bca3d432b6df8fc793dcabcc7260fd15c7ce8800fd891,47,True,
533,533,"All things considered, we should not be surprised if our own ancestors solved their ""protein problem"" in somewhat the same way that chimps on the savanna do today.","""모든 상황을 고려해 보면 우리 조상이 오늘날 사바나의 침팬지가 하는 것과 같은 방식으로 """"단백질 문제""""를 해결했다고 해도 그리 놀랄 일은 아닙니다.""","Translate the following sentence into Korean.
English: All things considered, we should not be surprised if our own ancestors solved their ""protein problem"" in somewhat the same way that chimps on the savanna do today.
Korean:",dd69b9d34be4c5cc4c014cfbcc5a40cf61225c06bdf3a43fca3d0f93132310c5,75c8937776a1d0fb708ddc3b4fe98c831b1d8e0f7dcfd8b57573eed48650c431,46,True,
534,534,Sleep interruption is the process of purposefully awakening during your normal sleep period and falling asleep a short time later (10–60 minutes).,수면 방해는 정상적인 수면 기간 동안 의도적으로 잠을 깨운 다음 짧은 시간(10–60분)이 지난 후에 잠드는 과정입니다.,"Translate the following sentence into Korean.
English: Sleep interruption is the process of purposefully awakening during your normal sleep period and falling asleep a short time later (10–60 minutes).
Korean:",4fda7687a669a35406d8d2aafe8d49757ab77aff309a8f45fe9135a7f9d6162f,16764f21c3fad2a3e4f7a79b61654413cd06f8914c0bc8772d2cecfd8a5dd545,41,True,
535,535,This can be easily done by using a relatively quiet alarm clock to bring you to consciousness without fully waking you.,이는 당신을 완전히 깨우지 않고 의식을 되찾게 하기 위해 비교적 조용한 알람시계를 사용함으로써 쉽게 할 수 있다.,"Translate the following sentence into Korean.
English: This can be easily done by using a relatively quiet alarm clock to bring you to consciousness without fully waking you.
Korean:",3ec61c30c616c0071c1da3cf9b340873d852797581141e6397895524872ceee6,5c565b67a74b17d40411511e2dd47aadf1a45ec1b5417b8db6695c01d0177a6f,34,True,
536,536,"If you find yourself resetting the clock in your sleep, it can be placed on the other side of the room, forcing you to get out of bed to turn it off.","만일 수면 중에 알람 시계를 끈다면, 방 먼 구석에 시계를 놓아 스스로 침대에서 일어나서 알람을 끄도록 할 수 있습니다.","Translate the following sentence into Korean.
English: If you find yourself resetting the clock in your sleep, it can be placed on the other side of the room, forcing you to get out of bed to turn it off.
Korean:",cb68fb4bdcc5a884cb65a1f69aada7cb305380dcac436ae97ab2a04cd562b846,8b771ac37792d458bb972d03eec6eea9ad5c13116491228360a0ffb5328aa380,47,True,
537,537,"Other biorhythm-based options involve drinking lots of fluid (particularly water or tea, a known diuretic) prior to sleep, forcing one to get up to urinate.",다른 생체리듬 기반 옵션엔 취침 전 많은 양의 수분(특히 물 또는 이뇨제로 잘 알려진 차)을 섭취하고 소변을 보도록 강제하는 것이 포함된다.,"Translate the following sentence into Korean.
English: Other biorhythm-based options involve drinking lots of fluid (particularly water or tea, a known diuretic) prior to sleep, forcing one to get up to urinate.
Korean:",f23d57b2fb2d0b5ba24a205a73c77b77a2d21ea2858b5af28fc8aa1e7d8f7bb7,15a9cff4800fadad5b3e8c968bfb62470b3605e1b81793b50d9b802ed09aa9a1,48,True,
538,538,The amount of inner peace a person possesses correlates oppositely to the amount of tension in one’s body and spirit.,한 사람이 지니는 평정심의 양은 반대로 그의 몸과 영혼에 내재된 불안감의 양과 관련이 있다.,"Translate the following sentence into Korean.
English: The amount of inner peace a person possesses correlates oppositely to the amount of tension in one’s body and spirit.
Korean:",88db68a86e5fd49bfe7a49a3e9996740e45dbd2f2d11b8e7cc251153335a3ac8,e679e22b538c5c40e7a4f37413acdac665abf5166b332cadf60cddbd7601bc21,36,True,
539,539,"The lower the tension, the more positive the life force present. Every person has the potential to find absolute peace and contentment.","긴장을 적게 할수록, 인생엔 긍정적인 에너지가 더 생겨날 것이다. 모든 사람은 절대적인 평화와 만족을 찾을 수 있는 능력을 지니고 있다.","Translate the following sentence into Korean.
English: The lower the tension, the more positive the life force present. Every person has the potential to find absolute peace and contentment.
Korean:",158e298d4b49fb7c4d1d53f47b516ac5ba8b41773656ffb9be24d8c70cb2c129,822c9ac75ec5ae32b03b17c2b66438f8a216f44f0f9252d256c2dc4b7ca7e1e7,38,True,
540,540,Everyone can achieve enlightenment. The only thing standing in the way of this goal is our own tension and negativity.,누구나 깨달음을 얻을 수 있다. 이 목표를 가로막는 유일한 장애물은 우리 내면의 불안과 부정적인 성향이다.,"Translate the following sentence into Korean.
English: Everyone can achieve enlightenment. The only thing standing in the way of this goal is our own tension and negativity.
Korean:",4aff55ec7a2c536e5d8974fd802c93a18d69014c6550086c7c1af6d47e41aaf8,14b9a620cee9a9b47f2f4fa84f552ef9c438eab945b6ffc73e4813ff9337319c,34,True,
541,541,"The Tibetan Buddhism is based on the teachings of Buddha, but were extended by the mahayana path of love and by a lot of techniques from Indian Yoga.","티벳 불교는 부처님의 가르침을 기반으로 하지만, 대승불교의 사랑의 관념 및 인도 요가의 많은 기술을 바탕으로 확장되었습니다.","Translate the following sentence into Korean.
English: The Tibetan Buddhism is based on the teachings of Buddha, but were extended by the mahayana path of love and by a lot of techniques from Indian Yoga.
Korean:",215c37ede6513d4072079f1d3acc05b5007d7afdc22d4b408bccd2dc76a2dfcc,3e87e58383c20d9f697aa333dd5693c091002b57182512ae8aee51b0bf40fab0,44,True,
542,542,"In principle the Tibetan Buddhism is very simple. It consists of Kundalini Yoga, meditation and the path of all-embracing love.","티베트 불교는 이론상으로 매우 간단합니다. 쿤달리니 요가, 명상 및 모두를 포용하는 사랑의 길로 구성되어 있습니다.","Translate the following sentence into Korean.
English: In principle the Tibetan Buddhism is very simple. It consists of Kundalini Yoga, meditation and the path of all-embracing love.
Korean:",dff9295962af67728aa52b341e1aae72de7883c8ca5c012d2587ebe9676655f9,a8b6eefb6bca11de0c7cec7279c311d370d27439aed1a286466222de97b8830b,40,True,
543,543,"With Kundalini Yoga the Kundalini energy (enlightenment energy) is awakened through yoga postures, breathing exercises, mantras and visualizations.","쿤달리니 요가를 하면 요가 자세, 호흡 운동, 만트라 및 시각화를 통해 쿤달리니 에너지(계몽 에너지)가 깨어납니다.","Translate the following sentence into Korean.
English: With Kundalini Yoga the Kundalini energy (enlightenment energy) is awakened through yoga postures, breathing exercises, mantras and visualizations.
Korean:",988643757f7933d59a6a93422c39eb3c8208ba2d8fc1d3b3951a49b0584c7bc3,01ac15b741202b008f57f6c98c3514e9890837ec5c455f185d65c7b1b3f8c388,44,True,
544,544,"The center of Tibetan meditation is the Deity Yoga. Through the visualization of various deities the energy channels are cleaned, the chakras are activated and the enlightenment consciousness is created.","티벳 명상의 중심에는 신성 요가(Deity Yoga)가 있다. 다양한 신을 시각화해 에너지 채널을 청소하고, 차크라를 활성화하며, 계몽 의식을 창조한다.","Translate the following sentence into Korean.
English: The center of Tibetan meditation is the Deity Yoga. Through the visualization of various deities the energy channels are cleaned, the chakras are activated and the enlightenment consciousness is created.
Korean:",079328b38dc3515aab224e1a27931d773fefa8867de9c3c1d947b9fc675d7f3b,107154fce27d39b5db3d87572cddaa332698275b97dfc5deda507653b49368e2,49,True,
545,545,"Germany was a common enemy in World War 2, leading to cooperation between the USSR and USA. With the end of the war the clashes of system, process and culture led to the countries falling out.","2차 세계 대전에서 독일은 공통의 적이었고 이는 소련과 미국의 협력으로 이어졌습니다. 전쟁이 끝남과 함께 시스템, 변화 및 문화의 충돌은 여러 국가의 쇠락으로 이어졌습니다.","Translate the following sentence into Korean.
English: Germany was a common enemy in World War 2, leading to cooperation between the USSR and USA. With the end of the war the clashes of system, process and culture led to the countries falling out.
Korean:",cfafb3a63e65c849f6b98132ed0ac356c85e03acd3661f7e96dc5546eb4003ac,c1f2bb05e5e395fb75ca3ba7416d39c40addbe862be61cad54950a8e08cf915c,53,True,
546,546,"With two years of the end of the war, the former allies were now enemies and the Cold War began.",종전 2년이라는 세월이 흐르면서 이전의 동맹국들은 이제 적이 되었고 냉전이 시작되었다.,"Translate the following sentence into Korean.
English: With two years of the end of the war, the former allies were now enemies and the Cold War began.
Korean:",7c76f29a315ba95bcb92f8090aa298014430b58255920e06393b079896928f9c,0460e0b50a0092faca88d7dc4fd2b75ddcede80ddd482151b95825b20c7b5574,34,True,
547,547,"It was to last for the next 40 years and would be fought for real, by proxy armies, on battlefields from Africa to Asia, in Afghanistan, Cuba and many other places.","냉전은 이후 40년 동안 지속될 것이었고 아프리카에서 아시아 지역, 아프가니스탄, 쿠바, 그리고 다른 많은 지역의 전장에서 대리군들에 의한 실제 싸움이 될 것이었다.","Translate the following sentence into Korean.
English: It was to last for the next 40 years and would be fought for real, by proxy armies, on battlefields from Africa to Asia, in Afghanistan, Cuba and many other places.
Korean:",2114c953df5d815080a1d49ddae1704b7107c5d85236a2e49b72082a0a664cf3,d58dfbefb94bffbe07bc227f2736b960e5394418a7092791a54d2a0b1640f47b,51,True,
548,548,"By September 17, 1939, the Polish defense was already broken, and the only hope was to retreat and reorganise along the Romanian bridgehead.","1939년 9월 17일에는 폴란드 측 방어가 이미 붕괴된 상태였고, 유일한 희망은 루마니아 교두보를 따라 퇴각하여 재정비하는 것뿐이었습니다.","Translate the following sentence into Korean.
English: By September 17, 1939, the Polish defense was already broken, and the only hope was to retreat and reorganise along the Romanian bridgehead.
Korean:",058d57c344c90f2762dfed3785758219a7d7b8a97bfbdc8fb6fc27bb9595594f,c71526c2b0c5b6d411cbff6cd78cd2c01be6031dcc0d4fc5f925fa3635fcbf79,48,True,
549,549,"However, these plans were rendered obsolete nearly overnight, when over 800,000 soldiers from the Soviet's Union Red Army entered and created the Belarussian and Ukrainian fronts after invading the eastern regions of Poland in violation of the Riga Peace Treaty, the Soviet-Polish Non-Aggression Pact, and other international treaties, both bilateral and multilateral.","그러나, 이러한 계획들은 80만 명이 넘는 소련 적군 병사들이 리가 평화 조약, 소련-폴란드 불가침 조약과 다른 국제 조약(양자간 및 다자 간)들을 위반하여 폴란드 동부 지역을 침공한 후 벨라루시안과 우크라이나 전선에 진입하여 창설되었을 때 거의 하룻밤 사이에 쓸모없게 되었다.","Translate the following sentence into Korean.
English: However, these plans were rendered obsolete nearly overnight, when over 800,000 soldiers from the Soviet's Union Red Army entered and created the Belarussian and Ukrainian fronts after invading the eastern regions of Poland in violation of the Riga Peace Treaty, the Soviet-Polish Non-Aggression Pact, and other international treaties, both bilateral and multilateral.
Korean:",8cecaa5528e5803e588321e4e1e6bb4e76c454a29f0122a1eb2cc6c16346c9a8,df4048d0d9c3f7618348897d6c9b5d72ab886f4d8e34b6358729462fb21e1a9f,88,True,
550,550,Using ships to transport goods is by far the most efficient way to move large amounts of people and goods across oceans.,선박을 이용하여 상품을 운송하는 것은 많은 사람과 대량의 상품을 바다를 가로질러 이동시키는 가장 효율적인 방법이다.,"Translate the following sentence into Korean.
English: Using ships to transport goods is by far the most efficient way to move large amounts of people and goods across oceans.
Korean:",49545ebfbd5112e40db28dee219d6d6e04ea11f555e4c06cfd6de4d5a42119af,5dd1ea175ba95fe1867f970c3415b700ca906583ad8a84eccd99339f48046044,35,True,
551,551,"The job of navies has traditionally been to ensure that your country maintains the ability to move your people and goods, while at the same time, interfering with your enemy's ability to move his people and goods.","해군의 임무는 전통적으로 국가가 사람과 물품을 잘 운반하기 위해 힘쓰지만, 동시에 적이 사람과 물품을 운반하는 것을 방해하는 임무도 가지고 있다.","Translate the following sentence into Korean.
English: The job of navies has traditionally been to ensure that your country maintains the ability to move your people and goods, while at the same time, interfering with your enemy's ability to move his people and goods.
Korean:",d7fe3cc61e4eaf924c0c932046515539621fa6c2e91ed64e9a110462b2c444df,cb308db679b9fbe05c3bdf7ad3f86db024481c3b01f953d072e15fecc3086b02,54,True,
552,552,One of the most noteworthy recent examples of this was the North Atlantic campaign of WWII. The Americans were trying to move men and materials across the Atlantic Ocean to help Britain.,가장 주목할 만한 최근 사례 중 하나는 제2차 세계 대전의 북대서양 캠페인이었습니다. 미국인은 영국을 돕기 위해 대서양을 건너 인력과 자원을 이동하려고 노력했습니다.,"Translate the following sentence into Korean.
English: One of the most noteworthy recent examples of this was the North Atlantic campaign of WWII. The Americans were trying to move men and materials across the Atlantic Ocean to help Britain.
Korean:",9b0d7c999c345d58d77100c06299e7044a2e6674dcbb048bd54f1c20703f3326,64880df6df4b0d1fe065a94fa7c6a808d9a462311155da7cf8d0330a755c9ac8,46,True,
553,553,"At the same time, the German navy, using mainly U-boats, was trying to stop this traffic.",동시에 U보트를 주로 사용하는 독일 해군은 이 운행을 막으려고 노력했습니다.,"Translate the following sentence into Korean.
English: At the same time, the German navy, using mainly U-boats, was trying to stop this traffic.
Korean:",3fc348160e974f3a1a0bd1a81b05ce0536a33c578d61186dedc5815f68d2ab1d,eb7f29051bf150e042be5a61770d479ab9e8ae371563518df33826b6e23acb9d,34,True,
554,554,"Had the Allies failed, Germany probably would have been able to conquer Britain as it had the rest of Europe.","만일 연합군이 실패했다면, 독일이 다른 유럽과 마찬가지로 영국까지 정복할 수 있었을 것입니다.","Translate the following sentence into Korean.
English: Had the Allies failed, Germany probably would have been able to conquer Britain as it had the rest of Europe.
Korean:",a3506d279ebb20650cbecb62bd5fb0f43dec73d375dfc3fa11320c4ece7576d4,aab2d41af0c0f5986be88c5660f59d163e3c0e2dfdc3e91bf9fb12dc9ca56931,34,True,
555,555,"Goats seem to have been first domesticated roughly 10,000 years ago in the Zagros Mountains of Iran.",염소 사육은 대략 일만 년 전에 이란의 자그로스산맥에서 시작한 것으로 보입니다.,"Translate the following sentence into Korean.
English: Goats seem to have been first domesticated roughly 10,000 years ago in the Zagros Mountains of Iran.
Korean:",4be4a5643c9646ab0555bc7780df5de597587a0e7f004b5b17e933457dfef8cc,ffa2de651846fd7b8e53c3a833684ba0c1a801ab910009611a45769ba9ec0488,39,True,
556,556,"Ancient cultures and tribes began to keep them for easy access to milk, hair, meat, and skins.","고대 문명과 부족들은 우유, 털, 고기와 가죽을 손쉽게 이용하기 위해 그것들을 지키기 시작했다.","Translate the following sentence into Korean.
English: Ancient cultures and tribes began to keep them for easy access to milk, hair, meat, and skins.
Korean:",8484e12260bf60c3d1205e4420d7b4addc1e58dcb8aa98f983acd353afc3d98c,94f10d3aa56ae9b1dcbe8d34c5b401678d0d3f36aa86cff501dce8b6e8cc83db,33,True,
557,557,"Domestic goats were generally kept in herds that wandered on hills or other grazing areas, often tended by goatherds who were frequently children or adolescents, similar to the more widely known shepherd. These methods of herding are still used today.","가축 염소들은 일반적으로 언덕이나 방목 장소에 무리 지어 있는데, 흔히 목동이라고 더 잘 알려져있는, 어린이나 청소년이 대부분인 염소 지기들의 보살핌을 받는다. 이러한 목축 방법은 오늘날에도 여전히 사용되고 있다.","Translate the following sentence into Korean.
English: Domestic goats were generally kept in herds that wandered on hills or other grazing areas, often tended by goatherds who were frequently children or adolescents, similar to the more widely known shepherd. These methods of herding are still used today.
Korean:",d4c5e4cc04ab429ae52026756cf5ac8c5f8836e3d59d95c4c399fc07c1c262eb,48f110584946a18a6509ff6a74154235f4f176cf6f4a453222ec79f5644f67cb,60,True,
558,558,Wagonways were built in England as early as the 16th Century.,마차도로는 16세기 초에 영국에서 건설되었다.,"Translate the following sentence into Korean.
English: Wagonways were built in England as early as the 16th Century.
Korean:",fa1f002f1d86642581c209db7741885c7906804d6f4eea389eddb7f8def8f692,c09d88b7e24671ddd6fc5e1857d09243b6c16376b89c7657f95de2a4e2111b0b,29,True,
559,559,"Although wagonways merely consisted of parallel planks of wood, they allowed horses pulling them to achieve greater speeds and pull larger loads than on the slightly more rough roads of the day.","마차도로는 단지 평행한 나무 판자로 만들어졌었지만, 그럼에도 불구하고 당시의 조금 더 거칠었던 도로 보다는 말이 더 빠른 속도를 내고 더 많은 짐을 끌 수 있 수 있게 했습니다.","Translate the following sentence into Korean.
English: Although wagonways merely consisted of parallel planks of wood, they allowed horses pulling them to achieve greater speeds and pull larger loads than on the slightly more rough roads of the day.
Korean:",3c69ff76903a43ac906a8653ad10ca101f85943a61c1b0d760016565be172601,53aed5e744b932af53123594cfe4f5f5f297f42d18bbbac5c5a7c879d757ebf3,48,True,
560,560,"Crossties were introduced fairly early to hold the tracks in place. Gradually, however, it was realised that tracks would be more efficient if they had a stip of iron on the top.",선로를 고정하기 위해서 침목은 상당히 일찍 도입되었습니다. 그러나 점차 철로가 철제 침목 위에 있으면 더 효율적이란 것이 드러났습니다.,"Translate the following sentence into Korean.
English: Crossties were introduced fairly early to hold the tracks in place. Gradually, however, it was realised that tracks would be more efficient if they had a stip of iron on the top.
Korean:",f5319865ca42b2007fee89a5e5b54b92323886c6e7def43f8392eaffabcac7b9,fad496e59bc671a82d064e81183ef8916f1c60e7d47a7962334940c484cecba0,51,True,
561,561,"This became common practice, but the iron caused more wear on the wooden wheels of the wagons.","이것은 일반적인 관행이 되었지만, 철은 마차의 나무 바퀴를 더 많이 마모되게 하였습니다.","Translate the following sentence into Korean.
English: This became common practice, but the iron caused more wear on the wooden wheels of the wagons.
Korean:",6948924f85d33b2b7244210001e5a66b1e4a3d37cd9ce26ded960c9b732f7404,7178c328bdc0f8bec7a4d0356572be5f470abdf7ec4179c6ae7730724bbe4669,32,True,
562,562,"Eventually, wooden wheels were replaced by iron wheels. In 1767, the first full-iron rails were introduced.",시간이 흘러 나무 바퀴는 철 바퀴로 대체되었다. 그리고 1767년에 드디어 철로만 만든 철도가 소개되었다.,"Translate the following sentence into Korean.
English: Eventually, wooden wheels were replaced by iron wheels. In 1767, the first full-iron rails were introduced.
Korean:",f8aaf2a57cb958687f2e54a2ff559d46adb21ca6f320f24474c9efb54ca64e69,abcd77c202b2d66a6ae65aaa4b449f7587b450488d4bef2319389f26747c4f2f,38,True,
563,563,"The first known transportation was walking, humans began walking upright two million years ago with the emergence of Homo Erectus (meaning upright man).","인류에게 알려진 최초의 교통수단은 걷기였고, 2백만 년 전에 호모 에렉투스가 등장하면서 인류는 똑바로 직립 보행을 하기 시작했습니다.","Translate the following sentence into Korean.
English: The first known transportation was walking, humans began walking upright two million years ago with the emergence of Homo Erectus (meaning upright man).
Korean:",59933c0d58850088d458bc0b8bf11f0f59685fd1837f04758482bec11ccc5699,3bd496c7681513ce7850cf07b8e272eca363c8591a8c937230b625096eb7f40f,39,True,
564,564,"Their predecessors, the Australopithecus did not walk upright as habitually.",그들의 선조인 오스트랄로 피테쿠스는 그들처럼 직립보행을 습관적으로 하지 않았습니다.,"Translate the following sentence into Korean.
English: Their predecessors, the Australopithecus did not walk upright as habitually.
Korean:",17d2b8356d12035ebb0827ad97f4a3e8264cd70b7548e1bcc3357039e78fa262,4d38d432fffef5b7cb75c942f376782c9834452e347deaeff4a30cdcbd29a399,29,True,
565,565,"Bipedal specializations are found in Australopithecus fossils from 4.2-3.9 million years ago, although Sahelanthropus may have walked on two legs as early as seven million years ago.","사헬란트로푸스가 7백만 년 전초에 이족 보행을 했을지도 모르지만, 이족 보행의 특징이 잘 나타난 사례는 420만 년에서 390만 년 전에 나타난 오스트랄로피테쿠스의 화석에서 잘 나타난다.","Translate the following sentence into Korean.
English: Bipedal specializations are found in Australopithecus fossils from 4.2-3.9 million years ago, although Sahelanthropus may have walked on two legs as early as seven million years ago.
Korean:",d6d8a092c1c02648b1cc25e246f2b1b421bd6db0cbdbac664a6a8f57d90d61b1,287f7cc9931e0ab35a8144897bed484a28fa2a0d7302b3d4a691e3b860179188,59,True,
566,566,"We can start living more friendly to the environment, we can join to the environmental movement, and we can even be activists in order to reduce the future suffering in some degree.","우리는 보다 환경친화적인 삶을 시작할 수 있고, 환경 운동에 참여할 수도 있습니다. 또한, 미래에 겪을 고통을 어느 정도 줄이기 위해 활동가가 될 수도 있습니다.","Translate the following sentence into Korean.
English: We can start living more friendly to the environment, we can join to the environmental movement, and we can even be activists in order to reduce the future suffering in some degree.
Korean:",3e9d8ca879725c5e28e819e701fa966591ae201d0e79a54ed99f9a243da39767,e6e495452271ba12aa67e14c446b2fabb95b603829af2ed31e7d5a0f00b312e6,47,True,
567,567,"This is just like symptomatic treatment in many cases. However, if we do not only want a temporary solution, then we should find the root of the problems, and we should deactivate them.","이것은 많은 경우에 있어서 증상 치료와 비슷하다. 하지만, 일시적 해법에 그치지 않으려면 문제의 근원을 찾아서 그 부분을 비활성화해야 한다.","Translate the following sentence into Korean.
English: This is just like symptomatic treatment in many cases. However, if we do not only want a temporary solution, then we should find the root of the problems, and we should deactivate them.
Korean:",151e2d4f9b6fe40374018d9a06377991b94a1c5fe9f6ff68a18888bf95e57be4,b542ef93f6f747af59c40838c3a8fd3759e0948058ffb9306f70951c488d49c4,51,True,
568,568,"It is obvious enough that the world has changed much because of humankind's scientific and technological advancements, and problems have become greater because of overpopulation and mankind's extravagant lifestyle.","인류의 과학 기술 발전으로 세상이 많이 변했다는 것은 충분히 명백하고, 또 인구과잉과 인류의 사치스러운 생활방식 때문에 문제가 더 커졌다.","Translate the following sentence into Korean.
English: It is obvious enough that the world has changed much because of humankind's scientific and technological advancements, and problems have become greater because of overpopulation and mankind's extravagant lifestyle.
Korean:",82f1cc8789b1dab097900154bc560088ad7422d08c4b4b035e8e16238bcbe2d0,c934ac32e45b651ea16510325052e5d60a960d54d014e9bd5d7863a9f906c34d,47,True,
569,569,"After its adoption by Congress on July 4, a handwritten draft signed by the President of Congress John Hancock and the Secretary Charles Thomson was then sent a few blocks away to the printing shop of John Dunlap.","7월 4일 의회가 채택한 이 후, 의회장 John Hancock과 서기관 Charles Thomson이 서명하고 수기로 작성한 서안 하나를 몇 블록 떨어진 John Dunlap 인쇄소로 보냈다.","Translate the following sentence into Korean.
English: After its adoption by Congress on July 4, a handwritten draft signed by the President of Congress John Hancock and the Secretary Charles Thomson was then sent a few blocks away to the printing shop of John Dunlap.
Korean:",9ffc20b169d44578651f258d7d56acda8b05ea234b0715909ba01551e50e037b,ee0779ade422386e844d50eaf8c9cdc25226e1d9fa834bfe86c23239d126ed04,54,True,
570,570,"Through the night between 150 and 200 copies were made, now known as ""Dunlap broadsides"".",그날 밤 동안 지금은 '던랩 브로드사이드'라고 불리는 인쇄물이 150에서 200장 만들어졌다.,"Translate the following sentence into Korean.
English: Through the night between 150 and 200 copies were made, now known as ""Dunlap broadsides"".
Korean:",40dc4d153a81a7a2a35fbe4ee8b9431f982f6cf326268d31c2a35b6af675b562,d6e0c430dcc2283cc9dc54aa5e7ed6ef7a6367836d7189969150f4347e987588,40,True,
571,571,The first public reading of the document was by John Nixon in the yard of Independence Hall on July 8.,7월 8일 독립기념관 앞뜰에서 존 닉슨에 의해 이 문서의 첫 공개 낭독이 이루어졌습니다.,"Translate the following sentence into Korean.
English: The first public reading of the document was by John Nixon in the yard of Independence Hall on July 8.
Korean:",2b52080de7350e0c9ae7bf44f5221d98481fedeb85da9a0fbb326c49d776207e,7a54a7fdfd6ece1069e48157314270e55f2a786b3e8eb47e120ee6d9408340b2,34,True,
572,572,"One was sent to George Washington on July 6, who had it read to his troops in New York on July 9. A copy reached London on August 10.","하나는 7월 6일 조지 워싱턴에게 보내졌는데, 그는 7월 9일에 뉴욕에서 자신의 부대에게 이를 낭독했습니다. 사본은 8월 10일 런던에 도착했습니다.","Translate the following sentence into Korean.
English: One was sent to George Washington on July 6, who had it read to his troops in New York on July 9. A copy reached London on August 10.
Korean:",67af209ea23b74339094e14a24a2edfe3aea97293358f4eba82851f5980f2f15,246b74dff144e42f0e8d30dcd78eea83e02d05a7310021b372790ea0b44d284e,48,True,
573,573,The 25 Dunlap broadsides still known to exist are the oldest surviving copies of the document. The original handwritten copy has not survived.,아직도 존재하는 것으로 알려진 25개의 던랩 브로드 사이드는 이 문서의 남아있는 가장 오래된 사본이다. 손으로 쓴 원본은 더 이상 남아 있지 않다.,"Translate the following sentence into Korean.
English: The 25 Dunlap broadsides still known to exist are the oldest surviving copies of the document. The original handwritten copy has not survived.
Korean:",e0201601c86c12bb7810fb0ad72c3547654c09363701377ac60dd195802f31ca,4b0bcbf7ac35d1037336b68086ee5d20692368b9a33d9a25651ee7c4b4e6e7ba,42,True,
574,574,Many paleontologists today believe that one group of dinosaurs survived and is alive today. We call them birds.,오늘날 많은 고생물학자는 공룡의 한 무리가 살아남아 오늘날까지 생존하고 있다고 믿는다. 우리는 그들을 새라고 부른다.,"Translate the following sentence into Korean.
English: Many paleontologists today believe that one group of dinosaurs survived and is alive today. We call them birds.
Korean:",85acb550bad6bd62a0731021357f5688c08bd42c3576daebd41f2e6a1cc4cb09,821153d3f69a2baac5cd8118e77c6419cb6e1a8554317550a6bcc1417fb0d95b,34,True,
575,575,Many people don't think about them as dinosaurs because they have feathers and can fly.,많은 사람이 새가 깃털이 있고 날 수 있기 때문에 새를 공룡으로 생각하지 않는다.,"Translate the following sentence into Korean.
English: Many people don't think about them as dinosaurs because they have feathers and can fly.
Korean:",514c9ab68b594a23869fb0e6baecfa9a11e0b341d5d5f4dbd6ec28e7ec285a59,2997c22cec400dc1974393b4272b9226c372c53fcee2eeeab70f57647aad316e,29,True,
576,576,But there are a lot of things about birds that still look like a dinosaur.,하지만 여전히 새에는 공룡처럼 보이게 하는 것들이 많습니다.,"Translate the following sentence into Korean.
English: But there are a lot of things about birds that still look like a dinosaur.
Korean:",5ddf582c41209b981968e9f3a82871f05ed3583b660a5383e629eb86a5de75dc,919f3a7baad7f89dbffc752361def2a3355bd6d1111105e2a08c074b2f496653,28,True,
577,577,"They have feet with scales and claws, they lay eggs, and they walk on their two back legs like a T-Rex.","그들은 발에 비늘과 발톱이 있고, 알을 낳으며, 티라노사우루스처럼 뒷다리 2개로 서서 걷습니다.","Translate the following sentence into Korean.
English: They have feet with scales and claws, they lay eggs, and they walk on their two back legs like a T-Rex.
Korean:",9daf8938f7b319ee6c9911879c6cf04e5f1b709ab1e132fc825cfd8adacdaf9b,d22521b469192b368c505f2a8308712315886c66402ccd668c55cb30ef59210a,38,True,
578,578,Virtually all computers in use today are based on the manipulation of information which is coded in the form of binary numbers.,오늘날 사용되는 대부분의 컴퓨터는 정보를 이진법의 코딩을 통해 조작하는 방법을 사용한다.,"Translate the following sentence into Korean.
English: Virtually all computers in use today are based on the manipulation of information which is coded in the form of binary numbers.
Korean:",35b261a7bd4031db327bb220639987bd2cae9e93093abe5af30f723a1efd4f20,264bd8fb834679ab2ae33620e722caff7d83cfb4c67d2d652ecc488d510dbe87,36,True,
579,579,"A binary number can have only one of two values, i.e. 0 or 1, and these numbers are referred to as binary digits - or bits, to use computer jargon.","이진수는 두 개의 값(즉, 0 또는 1) 중 하나만 가질 수 있으며, 이러한 숫자를 컴퓨터 전문용어로 이진수 또는 비트(bits)라고 한다.","Translate the following sentence into Korean.
English: A binary number can have only one of two values, i.e. 0 or 1, and these numbers are referred to as binary digits - or bits, to use computer jargon.
Korean:",0e71fdd6fcb27625cb29d5185ff5eac6f37f7b4c758fd9945d123d868fb12c50,2517285c48c97eadedd2625880f1e7e4af32d7b5782a5f8a51a5db39dcebbb8f,51,True,
580,580,"Internal poisoning may not be immediately apparent. Symptoms, such as vomiting are sufficiently general that an immediate diagnosis cannot be made.",체내 중독은 증상이 즉시 나타나지 않을 수 있다. 구토와 같은 증상은 너무 일반적이어서 즉시 진단을 받을 수 없다.,"Translate the following sentence into Korean.
English: Internal poisoning may not be immediately apparent. Symptoms, such as vomiting are sufficiently general that an immediate diagnosis cannot be made.
Korean:",a3f1f50596ee6153be325a143400752ce1f6e0dd790cbc091ee9c65845512bf1,a2d9c195875c77773a10888b0ac0ab59d467d9e09c5582021259a2f8070d5ab3,36,True,
581,581,The best indication of internal poisoning may be the presence of an open container of medication or toxic household chemicals.,내독의 가장 확실한 징후는 의약품 또는 독성이 있는 가정용 화학 물질이 담긴 용기를 열어둔 상태로 보관한 게 보이는 경우일 수 있습니다.,"Translate the following sentence into Korean.
English: The best indication of internal poisoning may be the presence of an open container of medication or toxic household chemicals.
Korean:",3d5f7e8fce3ff6d3a72c8ad17b934d79261d6b3f09fb0e7169ae14d957015c6f,6702ddef7c9752e654d01a2a27bfb72354f1417527538da4fb6dae95b43b655b,33,True,
582,582,Check the label for specific first aid instructions for that specific poison.,특정한 독에 대한 구체적인 응급처치 지침을 위한 표를 확인하세요.,"Translate the following sentence into Korean.
English: Check the label for specific first aid instructions for that specific poison.
Korean:",efb3d1a4893fb8a8dbb10c7880644c273887f2e006ce8b22f671431361af02a5,77081db25b7dde47f69e949a8efc135efc699040634cb824f5459d6ee58f2162,25,True,
583,583,The term bug is used by entomologists in a formal sense for this group of insects.,벌레라는 용어는 곤충학자들이 이러한 종류의 곤충을 격식을 갖추어 부르는 말이다.,"Translate the following sentence into Korean.
English: The term bug is used by entomologists in a formal sense for this group of insects.
Korean:",5ff6144399cc6cf92af05ed7a5e2a7a846e1777acba0e6efcd36a21af4e0b23d,6cf609f2c2a909ebacacdde74ba3e925ef1bbdb5a343399f77bd975d42d9df86,31,True,
584,584,"This term derives from ancient familiarity with Bed-bugs, which are insects highly adapted to parasitize humans.",이 용어는 옛날부터 알고 있었던 사람에 기생하는 데 아주 적합한 곤충인 빈대에서 유래되었습니다.,"Translate the following sentence into Korean.
English: This term derives from ancient familiarity with Bed-bugs, which are insects highly adapted to parasitize humans.
Korean:",2582130e35d21f4bcc0c36411684170780e0528a715feb328450ac7e9957f85c,636fbf9509b1a9cff4c589ae38f0c6326fe23c2e65512968b995c1519d16dbee,33,True,
585,585,"Both Assassin-bugs and Bed-bugs are nidicolous, adapted to living in nest or housing of their host.","침노린재와 빈대는 둘 다 만성성 곤충으로, 숙주의 보금자리나 주거지에 적응합니다.","Translate the following sentence into Korean.
English: Both Assassin-bugs and Bed-bugs are nidicolous, adapted to living in nest or housing of their host.
Korean:",63c1763319af1e3ddbff776a85b2e8773a72c4639110432ddeafd0858d6abfaa,83935c22b9fcfbd980fc907879df096fc4fc6d0615f2e1093aff61d5cfdebc3d,36,True,
586,586,"Across the United States of America, there are approximately 400,000 known cases of Multiple Sclerosis (MS), leaving it as the leading neurological disease in younger and middle aged adults.",젊은층과 중년층 성인들의 가장 흔한 신경학적 질병임인 다발성 경화증(MS)은 미국 전역에 약 40만 건의 사례가 보고된다.,"Translate the following sentence into Korean.
English: Across the United States of America, there are approximately 400,000 known cases of Multiple Sclerosis (MS), leaving it as the leading neurological disease in younger and middle aged adults.
Korean:",52f90250ef8d083bb1102514e890862cb126e2c47bc1a40c0976e2a8b91ca0bc,3dabc9fd18c34950e7fec91c0271b5de41bdc9b8424a74d4c32834f23dbe1345,53,True,
587,587,"MS is a disease that affects the central nervous system, which is made up of the brain, the spinal cord and the optic nerve.","다발성 경화증(MS)는 뇌, 척수, 시신경을 구성하는 중추 신경계에 영향을 미치는 질병입니다.","Translate the following sentence into Korean.
English: MS is a disease that affects the central nervous system, which is made up of the brain, the spinal cord and the optic nerve.
Korean:",280d85f275776f6fdd25647f214aaf3dab8d7d028e997b952abe4d5770b6da44,5b6ef1c4c98023c1972330312b13040e6d81d4b2d167b3d9a1883cc2ffbc1082,39,True,
588,588,Research has found that females are two times more likely to have MS then males.,남성에 비해 여성이 다발성 경화증에 걸릴 위험이 2배나 더 높다는 연구 결과가 나왔습니다.,"Translate the following sentence into Korean.
English: Research has found that females are two times more likely to have MS then males.
Korean:",29341d403458160a6a353c30d8d86a9d9136043b3439ad7a6b97d072e2c9a8e1,a105a62a01974abbd0af074a9f0290b5e3296254424b3a60c260c4128638b220,28,True,
589,589,"A couple may decide it is not in their best interest, or in the interest of their child, to raise a baby.",부부는 아기를 기르는 것이 서로에게 또는 아이의 유익을 위해서도 최선이 아니라고 결정할 수도 있다.,"Translate the following sentence into Korean.
English: A couple may decide it is not in their best interest, or in the interest of their child, to raise a baby.
Korean:",0f3f793dd8f6dfbab76d1985ff8de191e6146a321b253277de1ce1ede6befafa,3e2898a529b10e05f0c04d90a8cc48d99766d00a34cd05fd39486fea4625852a,37,True,
590,590,These couples may choose to make an adoption plan for their baby.,이 커플들은 아기를 입양하기로 선택할 수도 있습니다.,"Translate the following sentence into Korean.
English: These couples may choose to make an adoption plan for their baby.
Korean:",a88934fd35a46ac796146d35fa5ec121ec99c696349f57badeaedbf13505bf57,98ef71165a14c9ef08e0b92cc69b065a9daf38632090421a96e4a48de94007a3,25,True,
591,591,"In an adoption, the birth parents terminate their parental rights so that another couple may parent the child.",입양 과정에서 다른 부부가 아이를 맡아 기를 수 있도록 친부모는 친권을 포기합니다.,"Translate the following sentence into Korean.
English: In an adoption, the birth parents terminate their parental rights so that another couple may parent the child.
Korean:",e71f165385f5709ad932749dc301c3614d16d029225e48e61bf2972ecf817b03,3a6cf699e985223744a4d88369ecdd987d6157ccee025016dd573ddf48c9f526,32,True,
592,592,Science’s main goal is to figure out the way the world works through the scientific method. This method in fact guides most scientific research.,과학의 주요 목적은 과학적 방법을 통해 세상이 어떻게 움직이는지 이해하는 것이다. 이 방식이 사실 대부분의 과학적 연구를 이끌어간다.,"Translate the following sentence into Korean.
English: Science’s main goal is to figure out the way the world works through the scientific method. This method in fact guides most scientific research.
Korean:",5d5c1aabc72f6718dfb8386ce64d4d1dd534a4fe4019b0d9696d730a796d9194,20b1598ed0a87472862cc968e00dd129462b594bebdddb6c8cad70fd39c612f2,39,True,
593,593,"It isn’t alone though, experimentation, and an experiment is a test that is used to eliminate one or more of the possible hypotheses, asking questions, and making observations also guide scientific research.","그러나 실험은 하나 혹은 그 이상의 가설을 제거하는 것이며, 질문을 하고 관찰을 하며 과학적 연구로 이끌어내는 것이다.","Translate the following sentence into Korean.
English: It isn’t alone though, experimentation, and an experiment is a test that is used to eliminate one or more of the possible hypotheses, asking questions, and making observations also guide scientific research.
Korean:",f48d861e323180e680065553174d6fdba40e51a56b0dbacda7cf4eb8856beb63,77b80b727a99cb3241104507bd157b45a56ad66203b90a0b187a70b2ba08fced,50,True,
594,594,"Naturalists and philosophers focused on classical texts and, in particular, on the Bible in Latin.",박물학자나 철학자는 고전 텍스트와 특별히 라틴어 성경에 초점을 맞췄습니다.,"Translate the following sentence into Korean.
English: Naturalists and philosophers focused on classical texts and, in particular, on the Bible in Latin.
Korean:",166e8405d6e40733f2d9b68ff2158cdd69e24d365c9a181c97945a2c715b0fcb,a8f88b1352d2149b889c936026c475f6115ddaaf8943b63a1beb98cfc9f8a404,31,True,
595,595,"Accepted were Aristotle's views on all matters of science, including psychology.",심리학을 비롯해 과학에서는 모든 물질에 대한 아리스토텔레스의 견해를 받아들였다.,"Translate the following sentence into Korean.
English: Accepted were Aristotle's views on all matters of science, including psychology.
Korean:",26b6efbe81c223d8c8356916b9894cb44dc5a34991a5091f4796dd4694656ed6,d82f398cfb5274309082ebaa02b594eed5d01f068d018e8071274d52441b389b,26,True,
596,596,"As knowledge of Greek declined, the West found itself cut off from its Greek philosophical and scientific roots.","그리스어에 대한 지식이 감소함에 따라, 서구는 그리스 철학 및 과학의 뿌리와 단절되어 있음을 알게 되었습니다.","Translate the following sentence into Korean.
English: As knowledge of Greek declined, the West found itself cut off from its Greek philosophical and scientific roots.
Korean:",042ac19a6be76efed90fb39a1f42d486035a0c3cb0d7b67d291458668a9c588a,840bcd6c413641c6ccced5926f61aae9220e995675aeb2959d0d95b28b1b6757,32,True,
597,597,Many observed rhythms in physiology and behavior often crucially depend on the presence of endogenous cycles and their production through biological clocks.,생리와 행동에서 관찰되는 리듬의 다수는 생체 시계를 통한 생산성 및 내인성 주기의 존재에 결정적으로 의존합니다.,"Translate the following sentence into Korean.
English: Many observed rhythms in physiology and behavior often crucially depend on the presence of endogenous cycles and their production through biological clocks.
Korean:",a68e09f3bb6ccb15677fbfa13bbb603692085575fc4147eb617c50a98d6ccb8b,f3d834db9ce7b8e4c7144a9793f9f6c1cc13b64776c82c5a54f3a7f884d89c13,37,True,
598,598,"Periodic rhythms, which are not simply responses to external periodic cues, have been documented for most living beings, including bacteria, fungi, plants, and animals.","박테리아, 곰팡이, 식물 및 동물을 포함한 대부분의 살아있는 유기개체에 대해 단순히 외부 주기 신호에 대한 반응이 아닌 주기 리듬이 기록되어 있다.","Translate the following sentence into Korean.
English: Periodic rhythms, which are not simply responses to external periodic cues, have been documented for most living beings, including bacteria, fungi, plants, and animals.
Korean:",6896f874060cf6f059578e5194758023f1cae4a95237734a1c0526ffbedfce8b,e6d6ff7174d5cb53ff1bfbc78d9272930a65740651d373040d18763e450b0568,44,True,
599,599,Biological clocks are self sustaining oscillators which will continue a period of free-running cycling even in the absence of external cues.,생체 시계는 외부에서 오는 신호가 없는 경우에도 자체적으로 계속 돌아가는 사이클을 지속할 수 있는 자가 유지 발진기입니다.,"Translate the following sentence into Korean.
English: Biological clocks are self sustaining oscillators which will continue a period of free-running cycling even in the absence of external cues.
Korean:",e8f202a02e8a432a4930dce6bf799b46bfa60b9ae384b90f4f7c620870f1d19e,bd4b4d89640c31a189e61c30d59e6de93d1ed05e90c9e1c3674027cc582ed4bb,36,True,
600,600,The Hershey and Chase experiment was one of the leading suggestions that DNA was a genetic material.,허쉬와 체이스의 실험은 DNA가 유전적 물질이라고 제안한 선두 연구 중 하나였습니다.,"Translate the following sentence into Korean.
English: The Hershey and Chase experiment was one of the leading suggestions that DNA was a genetic material.
Korean:",567ac7931155e2e4b6dd25b030757719351e92b0e6705760e67a277b244e21c0,d3f8b0af882a28cc1fb5b2aa75301b2c9df1e9dedcdbd5516bc457edad6371a3,31,True,
601,601,"Hershey and Chase used phages, or viruses, to implant their own DNA into a bacterium.","허쉬와 체이스는 박테리아를 자신의 DNA에 심기 위해 파지, 혹은 바이러스를 사용했다.","Translate the following sentence into Korean.
English: Hershey and Chase used phages, or viruses, to implant their own DNA into a bacterium.
Korean:",8d72ac755a7059011966dcaae419ae45b0d25eace6afad9a30d1394d460e5374,2f6a8bedd1045a564040b78c06f0bfa6c0c039ff4d6837214e2929acd1f870fb,33,True,
602,602,They did two experiments marking either the DNA in the phage with a radioactive phosphorus or the protein of the phage with radioactive sulfur.,그들은 방사성 인과 있을 때 파즈 내의 DNA나 방사성 황과 있을 때 파즈의 단백질을 확인하는 두 가지 실험을 했다.,"Translate the following sentence into Korean.
English: They did two experiments marking either the DNA in the phage with a radioactive phosphorus or the protein of the phage with radioactive sulfur.
Korean:",c38755aa073446d45ef9fa9115e03609c4aa161042e958b3bd3abd7a8d815de7,200beae5fe1d604e89994c4fac72b6b5d703e301c4ab07a50a42c3f9ca6ca54c,40,True,
603,603,"Mutations can have a variety of different effects depending on the type of mutation, the significance of the piece of genetic material affected and whether the cells affected are germ-line cells.","돌연변이는 변이의 종류, 영향을 받은 유전 물질 조각의 중요도, 영향을 받은 세포들이 종자계 세포인지 여부에 따라 여러 가지 다양한 영향을 미칠 수 있다.","Translate the following sentence into Korean.
English: Mutations can have a variety of different effects depending on the type of mutation, the significance of the piece of genetic material affected and whether the cells affected are germ-line cells.
Korean:",24eced830b1cc79ef7cd95fab6a4dea5f48d76596684ee0e02c76113eb638b0c,ce01bd49e1b9d56a1939ed6f96235311589e76d6c5fcedaa45c0f3795f63995e,47,True,
604,604,"Only mutations in germ-line cells can be passed on to children, while mutations elsewhere can cause cell-death or cancer.","생식 계열 세포의 돌연변이만이 자녀에게 유전될 수 있고, 다른 곳에서의 돌연변이는 세포 사망 또는 암을 유발할 수 있습니다.","Translate the following sentence into Korean.
English: Only mutations in germ-line cells can be passed on to children, while mutations elsewhere can cause cell-death or cancer.
Korean:",f5972ebc254708826ae2fbe23727dd82824e2bb1a9bf55786e62adb9af125f81,3e78c4c6653f1997ce22e88a045258e7f4ebc04cfab22a643cceffc7e90bad85,35,True,
605,605,"Nature-based tourism attracts people interested in visiting natural areas for the purpose of enjoying the scenery, including plant and animal wildlife.",자연을 소재로 한 관광은 식물과 동물 야생동물을 포함한 풍경을 감상하기 위한 목적으로 자연 탐방에 관심이 있는 사람들을 끌어모으고 있습니다.,"Translate the following sentence into Korean.
English: Nature-based tourism attracts people interested in visiting natural areas for the purpose of enjoying the scenery, including plant and animal wildlife.
Korean:",df02caa24584e799e78f0aa5e59a2e6797d7b32cc3043d943b5b3f7e02a1e935,a2ea6b0c744b579334f72f149336f366b27f0c75eaedaa81184cf239778bac6b,36,True,
606,606,"Examples of on-site activities include hunting, fishing, photography, bird watching, and visiting parks and studying information about the ecosystem.","현장 활동의 예로는 사냥, 낚시, 사진, 조류 관찰 및 공원 및 생태계에 대한 연구가 있다.","Translate the following sentence into Korean.
English: Examples of on-site activities include hunting, fishing, photography, bird watching, and visiting parks and studying information about the ecosystem.
Korean:",229ac6c7315d61fbf764b9ab46983df1dfae16efbaae5f2ab316ce0c6a3e759f,7940d97792eed9b4e68126fe1b1446f7c53f7ab5ad9f701f2520abb705defe96,37,True,
607,607,"An example is visiting, photographing, and learning about organgatuangs in Borneo.","보르네오의 오르가나투앙에 대한 여행, 사진, 배우기 등이 한 가지 예다.","Translate the following sentence into Korean.
English: An example is visiting, photographing, and learning about organgatuangs in Borneo.
Korean:",23ef2ed9d85182f7d084ecf8653e8ac6aa9b3a6b94ad0ddbb6e0edbdd91b7012,c04e44e8ae52c7dd73e901ec579ea23e4a82f984a6f85d22c49610df8ff7894a,32,True,
608,608,"Every morning, people leave small country towns in cars to go their workplace and are passed by others whose work destination is the place they have just left.","매일 아침, 사람들은 직장으로 가기 위해 자동차로 작은 시골 마을을 떠나고, 그들이 방금 떠난 곳인 직장인 다른 사람들 출근하는 옆을 지나간다.","Translate the following sentence into Korean.
English: Every morning, people leave small country towns in cars to go their workplace and are passed by others whose work destination is the place they have just left.
Korean:",414ab0e450edf983ce91db6d8f3329ca1b3302c2e9a3085beeb24da325ca6231,465b8426facd71e825609f9c3967a33f087cc9801af5148d577d19d60d8d86b4,42,True,
609,609,"In this dynamic transport shuttle everyone is somehow connected with, and supporting, a transport system based on private cars.",이 역동적인 수송 셔틀은 어떤 식으로든 모든 사람들이 자가용을 기반으로 하는 수송 시스템과 연결되고 이를 지원하도록 한다.,"Translate the following sentence into Korean.
English: In this dynamic transport shuttle everyone is somehow connected with, and supporting, a transport system based on private cars.
Korean:",aaff16c318f642494617f0d8866eb5c3856cf508aed2f1814a82f9756ab32c5b,a774cafdea72afa634f463279ba53020bb1856cd2c0f8f3e46b8ab66fc6b7ae1,34,True,
610,610,Science now indicates that this massive carbon economy has dislodged the biosphere from one of its stable states that has supported human evolution for the past two million years.,이제 과학적 데이터가 거대한 규모의 이 탄소 경제는 지난 이백만 년 동안 인류의 진화를 도왔던 안정적인 상태에서 생물권을 몰아냈음을 보여줍니다.,"Translate the following sentence into Korean.
English: Science now indicates that this massive carbon economy has dislodged the biosphere from one of its stable states that has supported human evolution for the past two million years.
Korean:",6f833718fd48266eb7b64c9e995acd6b610479dcdf5e539ce3f58b337bfe11bf,ba2e5bd1da999e64cea60d705cc18ecf7ebcc608308629c14826dd1ae34e0431,45,True,
611,611,Everyone participates in society and uses transportation systems. Almost everyone complains about transportation systems.,"누구나 사회에 참여하고 교통 시스템을 이용하며, 거의 모든 사람들이 교통 시스템에 대해 불평하고 있습니다.","Translate the following sentence into Korean.
English: Everyone participates in society and uses transportation systems. Almost everyone complains about transportation systems.
Korean:",6848df11ff5726fceb3edfa336a768ad69c196fb05c15720bfa098476d460341,14d0cb9f83212bbe43bd81765e4ed59f505cdae40b83cc58df32327000483421,28,True,
612,612,In developed countries you seldom hear similar levels of complaints about water quality or bridges falling down.,선진국에서는 수질 문제나 다리 붕괴 등에 대해 비슷한 수준의 불평을 거의 들을 일이 없다.,"Translate the following sentence into Korean.
English: In developed countries you seldom hear similar levels of complaints about water quality or bridges falling down.
Korean:",646fad307c369f9935ab20754b3816417c34a60e70e6d9f621dcda82705fa9d0,f764c2b9ec00adeab89535e53703d4e60682071d2a1512fed7db06915d4586ba,30,True,
613,613,"Why do transportation systems engender such complaints, why do they fail on a daily basis? Are transportation engineers just incompetent? Or is something more fundamental going on?","왜 교통 시스템은 그러한 불만을 야기시키고, 왜 매일 기대를 저버리는 걸까? 교통 엔지니어들은 죄다 무능력한 사람들인지? 아니면 좀 더 근본적인 뭔가가 작용하고 있는 걸까?","Translate the following sentence into Korean.
English: Why do transportation systems engender such complaints, why do they fail on a daily basis? Are transportation engineers just incompetent? Or is something more fundamental going on?
Korean:",0b517271b33eb29589fbde11ddc2a84f7d656ea4ea0f5797267123dd1d5483ea,6dfa31c475bd02d0ce9aa1a226caca04129d8ec8fe6fd41ff224a6b7fadaf205,44,True,
614,614,Traffic Flow is the study of the movement of individual drivers and vehicles between two points and the interactions they make with one another.,교통의 흐름(traffic flow)이란 두 지점 사이에서 개별 운전자와 차량의 움직임과 그들이 서로에게 작용하는 상호작용에 관한 연구입니다.,"Translate the following sentence into Korean.
English: Traffic Flow is the study of the movement of individual drivers and vehicles between two points and the interactions they make with one another.
Korean:",eacc98a12497cdecde3b2ebae50b366d5044a5708fb9cb37a7ebaa55667265f3,e1e1746bebc22a322fe961127ac467a1c03713e66cfdeb3bfb65b132c11853e6,37,True,
615,615,"Unfortunately, studying traffic flow is difficult because driver behavior cannot be predicted with one-hundred percent certainty.","불행히도, 운전자의 행동이 100% 확실하다고 예측할 수 없기 때문에 교통 흐름을 연구하기란 어렵다.","Translate the following sentence into Korean.
English: Unfortunately, studying traffic flow is difficult because driver behavior cannot be predicted with one-hundred percent certainty.
Korean:",f766271a1c812b636b0d3349a93f52ba4172f9d287c54006a4b306772e8d3876,26f8fda6a5fa5208c62f4b83209af31fc4fe3be9f0ecf5c5c8164b3377e1144b,32,True,
616,616,"Fortunately, drivers tend to behave within a reasonably consistent range; thus, traffic streams tend to have some reasonable consistency and can be roughly represented mathematically.","다행히도, 운전자들은 상당히 일관된 범위 내에서 행동하는 경향이 있습니다. 따라서, 교통 흐름은 어느 정도 합당한 일관성을 가지며 수학적으로 대략 표현할 수 있습니다.","Translate the following sentence into Korean.
English: Fortunately, drivers tend to behave within a reasonably consistent range; thus, traffic streams tend to have some reasonable consistency and can be roughly represented mathematically.
Korean:",70f401b8161b3f206e157533e6cc7f68fe5e64e90f4e35eb291281b50acbb748,dc3a84be6492b988c5d883517f44563ad311b9b2b8d0f1c4dc4553bacfdb1438,43,True,
617,617,"To better represent traffic flow, relationships have been established between the three main characteristics: (1) flow, (2) density, and (3) velocity.","교통의 흐름을 더 잘 표현하기 위해 (1) 흐름, (2) 밀도, (3) 속도의 세 가지 주요 특성 간에 관계가 설정되었습니다.","Translate the following sentence into Korean.
English: To better represent traffic flow, relationships have been established between the three main characteristics: (1) flow, (2) density, and (3) velocity.
Korean:",0033d96926115d8a5617f6c40f7e9df99ccc8c0043db02a53fabfbf506b1d045,551007292bd5d76d2195c9b0ce0a4dea81264668c8025d81808202114ce6af56,44,True,
618,618,"These relationships help in planning, design, and operations of roadway facilities.","이러한 관계는 도로 시설의 기획, 디자인 그리고 운영에 도움이 됩니다.","Translate the following sentence into Korean.
English: These relationships help in planning, design, and operations of roadway facilities.
Korean:",6d2ae9835300abd7e2d737e7019a57a78dfcea791aee33d167477b18c96a6a40,6b42b9dfb4ea00b9ee465f642ff62cbe1dba2a95aa9405e72171f9c7f2810d83,26,True,
619,619,Insects were the first animals to take to the air. Their ability to fly helped them evade enemies more easily and find food and mates more efficiently.,곤충은 공중에서 날 수 있었던 첫 번째 동물입니다. 곤충의 비행 능력은 더 쉽게 적을 피하고 더 효율적으로 음식과 짝을 찾는 데 도움을 주었습니다.,"Translate the following sentence into Korean.
English: Insects were the first animals to take to the air. Their ability to fly helped them evade enemies more easily and find food and mates more efficiently.
Korean:",52b91c5564e6f230eaf3eabe1c0a64e46c6784d2460785df3cf6f2d17417f944,7bfe09bdf773268d30ece2d823d47ccb70ed1474ae5c0bde4adcb8506a55c031,42,True,
620,620,Most insects have the advantage of being able to fold their wings back along the body.,대부분의 곤충들은 날개를 몸 뒤로 접을 수 있다는 이점을 지니고 있습니다.,"Translate the following sentence into Korean.
English: Most insects have the advantage of being able to fold their wings back along the body.
Korean:",d28867778abb13a410fee73099ade137b176eb065b95f59109eee53ca1c6c978,eb0749a026081d979ee1732fee0f054054117510da376e812759c43b9a95ad1a,29,True,
621,621,This gives them a wider range of small places to hide from predators.,이는 그들이 포식자로부터 숨을 수 있는 더 넓은 범위의 소규모 장소들을 제공합니다.,"Translate the following sentence into Korean.
English: This gives them a wider range of small places to hide from predators.
Korean:",3f83be9395f08adf14ff833a5eb255f3a4c581a9759782ccf0634166ec51f4c7,305d0b5ce991a8f7753815418a82f3b996da4b897502cb6e449c4f4d97d2bf45,26,True,
622,622,"Today, the only insects that cannot fold back their wings are dragon flies and mayflies.",오늘날 날개를 접을 수 없는 곤충은 잠자리와 파리밖에 없습니다.,"Translate the following sentence into Korean.
English: Today, the only insects that cannot fold back their wings are dragon flies and mayflies.
Korean:",8350983e828eeb5f1ccd91b7b0eb7e4d667e788212b3c70926afa6a1874fe753,882cc73bcf3e5715b6c57e22ff9d461135690a5019e13ba9d92425a5b773b028,30,True,
623,623,"Thousands of years ago, a man called Aristarchus said that the Solar System moved around the Sun.",수천 년 전에 아리스다고라는 사람이 태양계가 태양을 중심으로 움직인다고 주장했다.,"Translate the following sentence into Korean.
English: Thousands of years ago, a man called Aristarchus said that the Solar System moved around the Sun.
Korean:",4af4cabfa5e221b07bff74a3bf89dd5be17bf17918f8fc65c6597758eda2a1e2,0b85d9f2f76c6761cfcc58c9ff527c755420a7f34d74eb3bdd0b2323de54bea8,33,True,
624,624,"Some people thought he was right but many people believed the opposite; that the Solar System moved around the Earth, including the Sun (and even the other stars).","몇몇 사람들은 해를 포함한 태양계가 (그리고 다른 항성들까지도) 지구를 돈다고 주장한 그가 옳다고 믿었지만, 그를 믿지 않는 사람도 많았습니다.","Translate the following sentence into Korean.
English: Some people thought he was right but many people believed the opposite; that the Solar System moved around the Earth, including the Sun (and even the other stars).
Korean:",2d0ef6d9b7fa22178e864cf3b790a8c3b44cd3794ee4c32f278e11f50732a151,376ed40a9bda47adfd370c305207899b82afc806b14c8ad3235b9a8796c40ff9,44,True,
625,625,"This seems sensible, because the Earth doesn't feel as if it's moving, does it?",지구가 마치 움직이지 않는 것처럼 느껴지기에 언뜻 보면 맞는 말 같기도 하죠?,"Translate the following sentence into Korean.
English: This seems sensible, because the Earth doesn't feel as if it's moving, does it?
Korean:",36f57b70b48e105cc4e877eb98508b4236f60bb6492c683b0eac4eeaf0ca7974,e1b1defcc61047c56e7291bc6bbac150e63eb0d95158b240542767f28aeceb75,31,True,
626,626,The Amazon River is the second longest and the biggest river on Earth. It carries more than 8 times as much water as the second biggest river.,아마존 강은 지구에서 길이로는 두 번째이고 크기로는 첫째 가는 강입니다. 두 번째로 큰 강보다 8배 이상 많은 물이 흐르죠.,"Translate the following sentence into Korean.
English: The Amazon River is the second longest and the biggest river on Earth. It carries more than 8 times as much water as the second biggest river.
Korean:",29cbf11bb8f908eaca0c853d3af7ce0d2ff540c70f505a6bc9fdd76e13ef1fb7,6e2fc84f70ee2d70c541c3fd9375e4442a9de9bdebb39eefdea6abb93f3bd74f,42,True,
627,627,"The Amazon is also the widest river on Earth, at times six miles wide.","아마존은 또한 지구상에서 가장 넓은 강으로, 때때로 폭이 6마일이 되곤 한다.","Translate the following sentence into Korean.
English: The Amazon is also the widest river on Earth, at times six miles wide.
Korean:",ff3eb5b950067081c791b377160c438e972499f5b65e54418c8aa7ee4eeefeec,884a7eb404e0dbefeaa60a99235eed5d904a281f96aaa62625f94cff93daebaf,28,True,
628,628,A full 20 percent of the water that pours out of the planet's rivers into the oceans comes from the Amazon.,지구의 강에서 바다로 쏟아져 들어가는 물의 20%는 아마존에서 흘러나온다.,"Translate the following sentence into Korean.
English: A full 20 percent of the water that pours out of the planet's rivers into the oceans comes from the Amazon.
Korean:",627bc459cb18924474e36de0bce82a1a893465170ed5dfd27d33a0d700b03102,4177f3e1f9d159466f515e5d42bff14dd73561bc318656a1d9966b56477b0203,37,True,
629,629,"The main Amazon River is 6,387 km (3,980 miles). It collects water from thousands of smaller rivers.","아마존 강 주류는 그 길이가 6,387㎞(3,980마일)에 달한다. 이 유역은 수 천 개의 작은 강이 합류하여 빚어진다.","Translate the following sentence into Korean.
English: The main Amazon River is 6,387 km (3,980 miles). It collects water from thousands of smaller rivers.
Korean:",ff1f088f7494bb15df081dd5515bd2dfc35cf696185b91c48141bdd22ec9e643,fe4eed3f733fcabf53a30166c94617e9dfd15e8aae0f381db95835f1f4834fcc,41,True,
630,630,"Although pyramid-building in stone continued until the end of the Old Kingdom, the pyramids of Giza were never surpassed in their size and the technical excellence of their construction.","고왕국의 마지막 순간까지 피라미드 건축은 계속 되었으나, 크기나 기술적 우수성은 기자 피라미드를 절대 능가할 수 없었습니다.","Translate the following sentence into Korean.
English: Although pyramid-building in stone continued until the end of the Old Kingdom, the pyramids of Giza were never surpassed in their size and the technical excellence of their construction.
Korean:",06ec047ff4259dc86669471d4be46d73307e39a7e1ff740ddbe11aea7733838d,efd7f685e62790328d5db8cc63e0fa2bef22e8be2de20b434c1b296643b8fab7,46,True,
631,631,"New Kingdom ancient Egyptians marvelled at their predecessors monuments, which were then well over a thousand year old.",고대 신왕국 이집트인들은 조상의 기념비적인 건축물을 보고 경탄했고 이것은 그 당시 기준으로 1000년은 족히 넘은 건축물이었습니다.,"Translate the following sentence into Korean.
English: New Kingdom ancient Egyptians marvelled at their predecessors monuments, which were then well over a thousand year old.
Korean:",f68968a7b5c453f39f49c946ebe45e3f8e20a0506ef49a4133df19dcf6e77b31,272d423e0188b9518b10550283a8276ef0d5493661d687499deea0b0a93d8acd,33,True,
632,632,Vatican City's population is around 800. It is the smallest independent country in the world and the country with the lowest population.,바티칸 시국의 인구는 약 800명입니다. 세계에서 가장 작은 독립 국가이자 인구가 가장 적은 나라입니다.,"Translate the following sentence into Korean.
English: Vatican City's population is around 800. It is the smallest independent country in the world and the country with the lowest population.
Korean:",d16a5f0a421ac3b2d9f7b83078488215f1386898c9cd09f640e48aceff2142b4,2c519906dba373d16bdfc5a196597096972fc33615cd05d3a9e6c2d560717a92,40,True,
633,633,Vatican City uses Italian in its legislation and official communications.,바티칸 시국은 입법 및 공식적인 커뮤니케이션에 이탈리아어를 사용한다.,"Translate the following sentence into Korean.
English: Vatican City uses Italian in its legislation and official communications.
Korean:",6259fb383a747cb5bd87544e31a4b040ae028adbe633057c5ad0733bdca5a988,9711673621850315a7d01660c08e94bbba0d8691957e002d19814ce3a1a0bf20,23,True,
634,634,Italian is also the everyday language used by most of those who work in the state while Latin is often used in religious ceremonies.,"또한 이탈리아어는 종교 의식에서 자주 사용하는 라틴어와 달리, 그 주에서 일하는 대부분의 사람들이 사용하는 일상어이다.","Translate the following sentence into Korean.
English: Italian is also the everyday language used by most of those who work in the state while Latin is often used in religious ceremonies.
Korean:",49b3fa3517207e98eacf706c821938ad8bd2f2ead1f61c0ebd630d0ce6c0512e,121743353da20017f3f321dbb09cb9b2edb6711d810d62291b2c5d57fb72e4ac,37,True,
635,635,All citizens of Vatican City are Roman Catholic.,바티칸 시국의 모든 시민은 로마 가톨릭 교도입니다.,"Translate the following sentence into Korean.
English: All citizens of Vatican City are Roman Catholic.
Korean:",deb3054651a2458de9a137811acad38144bdcab6d50ac2b35e65e91608509f35,b5d63d5dfc51a4f0cfc0b51b0d51c6ede9cfc72154c8da6221b66aee00e1ac1b,21,True,
636,636,"People have known about basic chemical elements such as gold, silver, and copper from antiquity, as these can all be discovered in nature in native form and are relatively simple to mine with primitive tools.","사람들은 고대부터 금, 은, 구리와 같은 기본적인 화학 원소를 알고 있었는데, 이것들은 모두 자연에서 천연 그대로의 형태로 발견이 가능하고 원시적인 도구로 채굴하는 것이 비교적 간단하기 때문이다","Translate the following sentence into Korean.
English: People have known about basic chemical elements such as gold, silver, and copper from antiquity, as these can all be discovered in nature in native form and are relatively simple to mine with primitive tools.
Korean:",cd53986967cacc23cb0f35be5b7a8ab6c07dcac319c4b1bff493067c62b62098,9c44545f30532b3ca988700b87097b5a4691fb9462689ef3c0f7026612a5ba49,52,True,
637,637,"Aristotle, a philosopher, theorised that everything is made up of a mixture of one or more of four elements. They were earth, water, air, and fire.",철학자 아리스토텔레스(Aristotle)는 모든 물질이 네 가지 요소 중 하나 혹은 하나 이상의 요소와 혼합하여 구성되어 있다고 이론화했다. 그 네 가지 요소는 땅과 물과 공기와 불이었다.,"Translate the following sentence into Korean.
English: Aristotle, a philosopher, theorised that everything is made up of a mixture of one or more of four elements. They were earth, water, air, and fire.
Korean:",c742cd125dc2184392d504909c669b744c47c308883d67815dd21e862da19157,3220a4ef6f3d6e173d2f2af33bd945a0eea8c3494593642d3a6539515599d850,46,True,
638,638,"This was more like the four states of matter (in the same order): solid, liquid, gas, and plasma, though he also theorised that they change into new substances to form what we see.","이는 오히려 물질의 4가지 상태인 고체, 액체, 기체, 플라스마(같은 순서로)와 유사했지만, 아리스토텔레스는 그것들이 새로운 순물질로 바뀌어 우리가 보는 것을 구성한다는 이론도 만들었습니다.","Translate the following sentence into Korean.
English: This was more like the four states of matter (in the same order): solid, liquid, gas, and plasma, though he also theorised that they change into new substances to form what we see.
Korean:",9de379c863615058b1866fdd83b2f9d6e8bddf9ba339dee46c09dc503075c3f0,cd3205a76b34f784d9ecb0d8671284e5016db0dc06c0a9ed92e1c845abba156a,53,True,
639,639,Alloys are basically a mixture of two or more metals. Don't forget that there are many elements on the periodic table.,합금은 기본적으로 금속 두 개 이상의 혼합물이다. 주기율표 상에 원소가 많이 있다는 것을 잊지 마라.,"Translate the following sentence into Korean.
English: Alloys are basically a mixture of two or more metals. Don't forget that there are many elements on the periodic table.
Korean:",da71d2da8a3b5fdf84ff5b089f19caca40ac4601bbe66fc1840f8e9c99190392,49574964a9dca4fc91ec830f980891f5fa98adc544d11d165a2511c2b026cb12,37,True,
640,640,"Elements like calcium and potassium are considered metals. Of course, there are also metals like silver and gold.",칼슘과 칼륨 같은 원소는 금속이라고 간주합니다. 물론 은과 금 같은 금속도 존재합니다.,"Translate the following sentence into Korean.
English: Elements like calcium and potassium are considered metals. Of course, there are also metals like silver and gold.
Korean:",c50a5ca10108a783f6001acfaf4bea61893c2b04ea981ef62b9d6fba56752435,00db00500007ff014f7f05852d56d8b5fcff62c09d09a4b30385ca01c760e699,33,True,
641,641,You can also have alloys that include small amounts of non-metallic elements like carbon.,탄소와 같은 약간의 비금속을 포함하는 합금도 있습니다.,"Translate the following sentence into Korean.
English: You can also have alloys that include small amounts of non-metallic elements like carbon.
Korean:",e2d47ce31680f98ebd7a2a9a1f591ab8c9d3b4cdbf5724b55682310638a637be,6e97f6d29f9dfa1bffb6350da76186a94f74bf93085a02e7aa5669b321d9e519,29,True,
642,642,Everything in the Universe is made of matter. All matter is made of tiny particles called atoms.,우주의 모든 것은 물질로 이루어져 있습니다. 모든 물질은 원자라고 불리는 작은 입자로 이루어져 있습니다.,"Translate the following sentence into Korean.
English: Everything in the Universe is made of matter. All matter is made of tiny particles called atoms.
Korean:",56bf5ea98bc043045c7c4475b8d179c3547b14e86e23d314aac5e8c6e4ee73a9,939db573fed47f050707d66f45a5c9501fe565efad2e2016240fdd28b22f9468,31,True,
643,643,Atoms are so incredibly tiny that trillions of them could fit into the period at the end of this sentence.,원자는 믿지 못할 정도로 작아서 이 문장 끝에 있는 마침표에 원자 몇 조가 들어갈 수 있습니다.,"Translate the following sentence into Korean.
English: Atoms are so incredibly tiny that trillions of them could fit into the period at the end of this sentence.
Korean:",cffd6f2327980ca8737f9ecf04211078fc3b0b0e0c72825e50cbebc294591441,01258b7051ed5b62b84018a4c2d54b04edc445fad2dc45febf1a1b7e1ca0a468,35,True,
644,644,"Thus, the pencil was a good friend to many people when it came out.","따라서, 연필이 등장하고 연필은 많은 사람들에게 좋은 도구로 남았습니다.","Translate the following sentence into Korean.
English: Thus, the pencil was a good friend to many people when it came out.
Korean:",89f531ff7209e684cd1150f215e0bab4016e1b9c8368227b67954850fa32122d,43a0d9424c044f0b19c19784ffed7faecb094888ef402e5f1153afe69b57d551,28,True,
645,645,"Sadly, as newer methods of writing have emerged, the pencil has been relegated to lesser status and uses.","아쉽게도, 좀 더 새로운 필기 방식이 등장하면서 연필을 덜 사용하게 되고, 연필은 덜 중요한 위치로 밀려났다.","Translate the following sentence into Korean.
English: Sadly, as newer methods of writing have emerged, the pencil has been relegated to lesser status and uses.
Korean:",f852ca2c16d4704cd776fdf75401f9bea25a8b6cd18a9d164bac9208d6bb4aa4,d01b4167b43e301b89cdfff994b8b96b43f821d579f3d9544c5fd597264279b2,33,True,
646,646,"People now write messages on computer screens, never having to come close to a sharpener.",이제 사람들은 컴퓨터 화면에 메시지를 쓰고 연필깎기를 가까이할 필요가 전혀 없습니다.,"Translate the following sentence into Korean.
English: People now write messages on computer screens, never having to come close to a sharpener.
Korean:",afffb6ca85b834082f339da5300a11c9cf7342ed1b9211565c6441a65a52e505,94bff0bfc0273cb2f2379134c191bfa20ae67ce0253786861308c2beeea3913d,30,True,
647,647,One can only wonder what the keyboard will become when something newer comes along.,"사람들은 뭔가 새로운 것이 생긴다면, 키보드가 어떻게 될 것인지 궁금해하고 있을 뿐이다.","Translate the following sentence into Korean.
English: One can only wonder what the keyboard will become when something newer comes along.
Korean:",b914d43327fe286545b7a8b632e6622cd1134648bac53a997f5ed30a1d3338d9,5e0ab3ee8f30af327ad2d64710c818cfbea11811c3ee78ddfcecb7d950d82095,27,True,
648,648,The fission bomb works on the principle that it takes energy to put together a nucleus with many protons and neutrons.,핵분열 폭탄은 많은 양성자와 중성자를 가진 핵을 합치기 위해서는 많은 에너지가 필요하다는 원리에 기반하다.,"Translate the following sentence into Korean.
English: The fission bomb works on the principle that it takes energy to put together a nucleus with many protons and neutrons.
Korean:",52444bac24f9d569035532c370515522a1cd7c49b4a8f2ff5db3177103127908,73f082e2c079ed039d837491c4b290bfe923ea9a2d92374c35057772c633bca9,37,True,
649,649,Sort of like rolling a heavy cart up a hill. Splitting the nucleus up again then releases some of that energy.,무거운 수레를 언덕 위로 굴려 올리는 것과 같습니다. 핵을 다시 분열시키면 그 에너지의 일부가 방출됩니다.,"Translate the following sentence into Korean.
English: Sort of like rolling a heavy cart up a hill. Splitting the nucleus up again then releases some of that energy.
Korean:",9bd7a63b257010706db92763aee8e4305247827a6d3a14919f29a40586ed008a,afa3c1efb2a3f509a6789e5fdd7eb26a32780aa09c038ba8d406cb513f37cc1e,36,True,
650,650,Some atoms have unstable nuclei which means that they tend to break apart with little or no nudging.,"일부 원자들은 불안정한 핵을 가지고 있으며, 이는 아주 조그마한 외부 영향 혹은 아무 외부 조건 없이도 스스로 분열되는 경향이 있음을 의미한다.","Translate the following sentence into Korean.
English: Some atoms have unstable nuclei which means that they tend to break apart with little or no nudging.
Korean:",4656fa92466964c1ae204b0012d9c24dd8e6a48acc86718e63d81c6b49a7edf3,ca40316ee01de59a4c0c627fc798806ed8888ffffa572fa9f07af22fad7290b3,32,True,
651,651,The surface of the Moon is made of rocks and dust. The outer layer of the Moon is called the crust.,"""달의 표면은 돌과 먼지로 이루어져 있는데, 달의 바깥층은 '크러스트(the crust)""""라고 불린다.""","Translate the following sentence into Korean.
English: The surface of the Moon is made of rocks and dust. The outer layer of the Moon is called the crust.
Korean:",48cb55815b92ff1d773bae36d6dd1e1a3ed1ddfa1a5445dc6184d2c657a1869a,5f0760e68bf0a428a50709047c209688ed3e38bf700c62af976150996bf378f3,35,True,
652,652,The crust is about 70 km thick on the near side and 100 km thick on the far side.,"지각은 가까운 쪽이 약 70km, 먼 쪽이 약 100km 두께입니다.","Translate the following sentence into Korean.
English: The crust is about 70 km thick on the near side and 100 km thick on the far side.
Korean:",5b2f5577159d153c3c748c2af5e0856b334cc24a9893b5b7fa1e3a1f042de9a1,1b5eef3d097ded4e97ade40feab13e920670d80ceff380557394b85dc807c667,37,True,
653,653,It is thinner under the maria and thicker under the highlands.,크러스트는 마리아 아래에서 더 얇고 고원 아래에서 더 두껍습니다.,"Translate the following sentence into Korean.
English: It is thinner under the maria and thicker under the highlands.
Korean:",f46a55ff30c3e5d39d88c46f65cb39284f419521001008a4151a0ce47b6cf343,06dabc668ee2ef74e437d293c7e6643129d8b398216e1b1a95c4a227c9d128b6,26,True,
654,654,There may be more maria on the near side because the crust is thinner. It was easier for lava to rise up to the surface.,지각(crust)이 더 얇기 때문에 가까운 쪽에 마리아(maria)가 더 많을 수 있다. 용암이 수면 위로 솟아오르기가 더 쉬운 조건이다.,"Translate the following sentence into Korean.
English: There may be more maria on the near side because the crust is thinner. It was easier for lava to rise up to the surface.
Korean:",315a1a99034469cdef368ad85bb2ebbe3e6df60993e62e062f20eb67bac1b78b,87b9c22dd052eba1cd21d2e59cf534cd82e4bd801ffa8e351497ea3eb87bd5ce,40,True,
655,655,Content theories are centered on finding what makes people tick or appeals to them.,내용 이론은 무엇으로 인해 사람들이 특정 행동을 하거나 그 행동을 하도록 이끌리는지에 대해 집중합니다.,"Translate the following sentence into Korean.
English: Content theories are centered on finding what makes people tick or appeals to them.
Korean:",e6d1e727108b4fd0b0c682166e2c8e90de8f5f1e6cad55f22b905fae1997d298,76c8ba087374c8692edcdfadaa6bbbfadc51b82cc2349b1881eed2de9804bf4a,27,True,
656,656,These theories suggest that people have certain needs and/or desires which have been internalized as they mature to adulthood.,이러한 이론들은 사람들이 성인이 될 때까지 내면화된 특정한 욕구나 필요성을 가지고 있다는 것을 암시합니다.,"Translate the following sentence into Korean.
English: These theories suggest that people have certain needs and/or desires which have been internalized as they mature to adulthood.
Korean:",f70a2e73def15392695035afd31862b52a55d52bae5657fa4655ceb6e901e8b6,78cc3749a03b5adae83e12fde9f0feb169c3876a124d82c0d43aea2b144d9e64,34,True,
657,657,These theories look at what it is about certain people that make them want the things that they do and what things in their environment will make them do or not do certain things.,이 이론들은 자신이 하는 일을 하고 싶게 만드는 특정 사람들에 관한 것과 자신의 환경에서 어떤 것이 특정 일을 하게 하고 하지 않게 하는지 살펴봅니다.,"Translate the following sentence into Korean.
English: These theories look at what it is about certain people that make them want the things that they do and what things in their environment will make them do or not do certain things.
Korean:",2b555779def9e682189dc94975834542f52b3f45de859416ca9869c902b584a3,d1e73d542f53412091f45c82d85bd6c6d890ec9bc56919e9446b14f80a946094,47,True,
658,658,Two popular content theories are Maslow's Hierarchy of Needs Theory and Hertzberg's Two Factor Theory.,두 가지 인기 있는 내용이론은 매슬로우의 욕구 계층 이론과 헤르츠베르크의 이인자 이론입니다.,"Translate the following sentence into Korean.
English: Two popular content theories are Maslow's Hierarchy of Needs Theory and Hertzberg's Two Factor Theory.
Korean:",5f16e818dfbb0c724bfc70345133ba4952a75aec4c29d494ee3cc274df2dfba1,f6e045efd94c9f47ada5ebfcd7b97453c0e964465abaf0e77d9ba28d6b3e7d79,34,True,
659,659,"Generally speaking, two behaviors can emerge as managers begin to lead their former peers. One end of the spectrum is trying to remain “one of the guys” (or gals).","""일반적으로 두 가지 행동은 관리자가 이전 동료를 이끌기 시작하면서 나타날 수 있습니다. 스페트럼의 한쪽 끝에서 """"직원 중 한 사람""""으로 남으려고 노력합니다.""","Translate the following sentence into Korean.
English: Generally speaking, two behaviors can emerge as managers begin to lead their former peers. One end of the spectrum is trying to remain “one of the guys” (or gals).
Korean:",2848ce1e09f4f6213355a1a9983bdb39516af52b8d90b945ba94f23dec360ede,d9fa9e913ec61f70fd7d2cf8d2ce49134d3dda8608569e8ac491675b58a8ad8e,48,True,
660,660,"This type of manager has difficulty making unpopular decisions, performing disciplinary action, performance evaluations, assigning responsibility, and holding people accountable.","이런 유형의 매니저는 사람들에게 환영받지 못하는 결정을 하고, 징계 조치, 업무 평가와 책임 할당을 하며, 사람들에게 책임을 묻는 데 어려움을 겪습니다.","Translate the following sentence into Korean.
English: This type of manager has difficulty making unpopular decisions, performing disciplinary action, performance evaluations, assigning responsibility, and holding people accountable.
Korean:",968053e73bdc8709274426d9717fe380c8c4f5e8fee5918a646439a715d38d55,835c5873654b15ac845f4d421ac7e6cdfc03b43b0fd3dde067c28744b5242fcd,37,True,
661,661,"At the other end of the spectrum, one morphs into an unrecognizable individual that feels he or she must change everything the team has been doing and make it their own.",스펙트럼의 또 다른 끝에서는 팀이 해오던 모든 것을 바꾸고 자신만의 방식으로 만들어야 한다고 생각하는 인지하지 못한 개인으로 바뀝니다.,"Translate the following sentence into Korean.
English: At the other end of the spectrum, one morphs into an unrecognizable individual that feels he or she must change everything the team has been doing and make it their own.
Korean:",27d7b72f47e903afaf1f94f4ca136cbc78fa29c1fee50757c7c9fabb10339112,4cefaa680a3dbe3994aa767df1336839bb282fa9bd9af9021b336628090d60a8,48,True,
662,662,"After all, the leader is ultimately responsible for the success and failure of the team.",결국 팀의 성패는 리더가 책임져야 합니다.,"Translate the following sentence into Korean.
English: After all, the leader is ultimately responsible for the success and failure of the team.
Korean:",c274fb0550f3124a7daca1838657e046e104630df96f4888802c7b0b470b0c36,71e188b8b45a5faec1f81a7beb4213f3622dbdcb33508d1c15a825fc8c33cda4,29,True,
663,663,This behavior oftentimes results in rifts between the leaders and the rest of the team.,이러한 행동은 종동 리더와 구성원들 간의 혼란을 초래한다.,"Translate the following sentence into Korean.
English: This behavior oftentimes results in rifts between the leaders and the rest of the team.
Korean:",a01d49ce7897d04d61991d5c2cdb03396a981c2df42d4db8781a85c17a59dec0,521c353419c0ab4c75a1901fbc467a2d4ae184bf7f2744587b5216929789447c,30,True,
664,664,"Virtual teams are held to the same standards of excellence as conventional teams, but there are subtle differences.","가상 팀(Virtual team)은 기존의 팀과 동일한 탁월성의 기준(standards of excellence)을 유지하지만, 미묘한 차이가 있습니다.","Translate the following sentence into Korean.
English: Virtual teams are held to the same standards of excellence as conventional teams, but there are subtle differences.
Korean:",01266633f9bebf3b5cd2239f0795b05d4637d33fc9b84e522757953af411f50b,993bded3d00c6975235b5beaf6a288934096287f131df6cbe9d0a0038a31b33c,32,True,
665,665,Virtual team members often function as the point of contact for their immediate physical group.,가상 팀원들은 종종 실제 구성원들을 위한 연락지점 역할을 한다.,"Translate the following sentence into Korean.
English: Virtual team members often function as the point of contact for their immediate physical group.
Korean:",ba1e65480454dc6194b8362a6da0e52cf34af73ed884aba59ff0b3018031d736,2fb5a170d9c81f217abf20f6f82011657e32c65ef44cbc993dc176d6b68c38fa,28,True,
666,666,They often have more autonomy than conventional team members as their teams may meet according to varying time zones which may not be understood by their local management.,그들은 현지 관리팀에서 이해하지 못하는 변화하는 시간대에 따라 팀들과 만날 수 있기 때문에 종종 기존 팀원들 보다 더 많은 자율성을 갖습니다.,"Translate the following sentence into Korean.
English: They often have more autonomy than conventional team members as their teams may meet according to varying time zones which may not be understood by their local management.
Korean:",7138ab707067ae7826523ef6fbe76ca5fa2d46b43041f0773d344f2f1d31cc4c,a88eeec8e235a4d5274b0d0619ea073203da4a6dc4b5f12d4f08a54cce8dd9ae,41,True,
667,667,"The presence of a true “invisible team” (Larson and LaFasto, 1989, p109) is also a unique component of a virtual team.","""진정한 """"투명 팀""""의 존재(라슨 및 라파스토, 1989년, 109쪽)도 가상 팀의 독특한 구성 요소입니다. ""","Translate the following sentence into Korean.
English: The presence of a true “invisible team” (Larson and LaFasto, 1989, p109) is also a unique component of a virtual team.
Korean:",9c1ecb729a659aeb22d94e691a820e15dabd23009590378d97a90c038485804f,b827422c31a12dccf404b40d016a002f093430dcc0584396bffb74796d288a7e,51,True,
668,668,The “invisible team” is the management team to which each of the members report. The invisible team sets the standards for each member.,"""""""보이지 않는 팀""""은 각 구성원이 보고하는 관리팀이다. 이 팀은 각 멤버에게 기준을 맞춘다.""","Translate the following sentence into Korean.
English: The “invisible team” is the management team to which each of the members report. The invisible team sets the standards for each member.
Korean:",7331e780bb26d048d69d8435e33f4a8b458c6026c8f4c168eaac1ed359807d4b,d9dc375495c10254839ce44caef566e082db55c4520e166bd7865e6de3eefd4b,39,True,
669,669,Why would an organization want to go through the time consuming process of establishing a learning organization? One goal for putting organizational learning concepts into practice is innovation.,왜 조직은 학습 단체를 설립하는 데 많은 시간이 걸리는 과정을 거칠까요? 조직적인 학습 개념을 실행에 옮기는 한 가지 목표는 혁신입니다.,"Translate the following sentence into Korean.
English: Why would an organization want to go through the time consuming process of establishing a learning organization? One goal for putting organizational learning concepts into practice is innovation.
Korean:",87df1548d89888ac00aefcb03c791ef1592d75365fee617dc8acf69db97981d1,ad1df320e4d0274e15ddc668c3a00cfd45d7b17c00204fe27e20c7b77f02f14d,42,True,
670,670,"When all available resources are effectively used across the functional departments of an organization, creativity and ingenuity can transpire.",사용 가능한 모든 리소스가 조직의 업무 부서에서 효율적으로 사용되면 창의력과 독창성이 발휘될 수 있습니다.,"Translate the following sentence into Korean.
English: When all available resources are effectively used across the functional departments of an organization, creativity and ingenuity can transpire.
Korean:",76855bd69a200818b056a86e626ea0d48f8b0cb932aec1ed8ad6176eecbdf801,915d7dddaa0e12896cc899c510a3ecf8b64a6b7372b78ca03aff8ee269a22375,35,True,
671,671,"As a result, the process of an organization working together to overcome an obstacle can lead to a new innovative process to serve the customer's need.","그 결과, 조직이 함께 협력하여 장애물을 극복하는 프로세스는 고객의 필요를 충족시키기 위한 새로운 혁신적인 프로세스로 이어질 수 있습니다.","Translate the following sentence into Korean.
English: As a result, the process of an organization working together to overcome an obstacle can lead to a new innovative process to serve the customer's need.
Korean:",de4ddf35797472c6ca1de10aec14ae09a8e3b1ee0cc0535e57ca52dac3efea57,34c21321a84fcbe95f557c4337a70295b73102ccaf4dcdf4987b88cc215f36b4,41,True,
672,672,"Before an organization can be innovative, leadership must create a culture of innovation as well as shared knowledge and organizational learning.","조직이 혁신적이 되려면, 리더십은 혁신 문화뿐만 아니라 공유 지식 및 조직적인 학습을 창조해야 합니다.","Translate the following sentence into Korean.
English: Before an organization can be innovative, leadership must create a culture of innovation as well as shared knowledge and organizational learning.
Korean:",983b62167beaf86bf6918a4f82da7d40016f6acc69ac72765c5e85d3bd11077d,ef0b7df2ab1dd97d0406ac39ad5a9cfec06551823d48087102027b2e5972e84a,35,True,
673,673,"Angel (2006), explains the Continuum approach as a method being used to help organizations reach a higher level of performance.",엔젤 (2006)은 조직이 더 높은 수준의 성과를 달성하도록 돕는 방법으로 컨티넘(Continuum)이라는 접근 방식을 설명합니다.,"Translate the following sentence into Korean.
English: Angel (2006), explains the Continuum approach as a method being used to help organizations reach a higher level of performance.
Korean:",67ae76708b72d33ec1ff9dd22a6ce18f31618a6e083e593fd3fce41ddb0e330c,f4773d95df8a87665ed0aab7bca8235189c173d2c03edf49577bd70e5e6216a6,39,True,
674,674,Neurobiological data provide physical evidence for a theoretical approach to the investigation of cognition. Therefore it narrows the research area and makes it much more exact.,신경 생물학적 데이터는 인지 능력 연구에 대해 이론적 접근법을 취했을 때 필요한 물적 증거를 제공해 준다. 이는 연구영역을 좁혀주고 더 정확하게 해준다.,"Translate the following sentence into Korean.
English: Neurobiological data provide physical evidence for a theoretical approach to the investigation of cognition. Therefore it narrows the research area and makes it much more exact.
Korean:",61cbe26cfab8867cc0126aedbf84dd26f850d3bda6736dba17286e69d339959c,4eb3ef520568d31f6245fc20951c934d5de65968012344815d2b7f46d2f14fa3,43,True,
675,675,The correlation between brain pathology and behaviour supports scientists in their research.,뇌 병리와 행동 사이의 상관관계가 과학자들의 연구를 돕습니다.,"Translate the following sentence into Korean.
English: The correlation between brain pathology and behaviour supports scientists in their research.
Korean:",abcf51ce8d170bec422690ed4c9b32d212e5fc49eeee5240d57be25e59d073d6,1b5309fb0e5dfe4f892bc1433621e234443e7cf4897df471cf3ed05876110a73,25,True,
676,676,"It has been known for a long time that different types of brain damage, traumas, lesions, and tumours affect behaviour and cause changes in some mental functions.","다양한 유형의 뇌 손상, 트라우마, 병변, 종양이 행동에 영향을 미치고, 몇몇 정신적 기능에 변화를 유발시킨다는건 이미 오래전부터 알려져 있었다.","Translate the following sentence into Korean.
English: It has been known for a long time that different types of brain damage, traumas, lesions, and tumours affect behaviour and cause changes in some mental functions.
Korean:",bd251d51a9636d9c8663f44b4423e649b24ab61e84175f12f6a216d6145468d4,752cb892f38714c4c7c79b5dc36babb8fefb7594f00912cef89635397b5765ed,45,True,
677,677,The rise of new technologies allows us to see and investigate brain structures and processes never seen before.,신기술의 등장으로 이전에 볼 수 없었던 뇌의 구조와 과정을 관찰하고 조사할 수 있게 되었다.,"Translate the following sentence into Korean.
English: The rise of new technologies allows us to see and investigate brain structures and processes never seen before.
Korean:",b36f3628c83c51376eed4e51d40c605f44c551834d7fc0781d49a800e2e0b9b2,7d53de8e02d73f2893c2afdea9212152dbd0e5c42430fcbd24e36a94517ac01e,31,True,
678,678,This provides us with a lot of information and material to build simulation models which help us to understand processes in our mind.,이것은 우리가 마음속 과정을 이해하는 데 도움이 되는 시뮬레이션 모델을 만들기 위한 많은 정보와 자료를 제공한다.,"Translate the following sentence into Korean.
English: This provides us with a lot of information and material to build simulation models which help us to understand processes in our mind.
Korean:",a6c87c3277c06709912458b5b1c6eb716fdac4c9468e9558395237d41562597b,ae9333a96fbe3dc94d99a85bad088ca829559c0dcde1d9c230226c2e1b4d722c,36,True,
679,679,"Although AI has a strong connotation of science fiction, AI forms a very important branch of computer science, dealing with behavior, learning and intelligent adaptation in a machine.","AI는 공상 과학을 강력히 떠올리게 하지만, 컴퓨터의 행동, 학습 및 지능적 적응을 다루는 컴퓨터 과학에서 매우 중요한 분야를 이루고 있습니다.","Translate the following sentence into Korean.
English: Although AI has a strong connotation of science fiction, AI forms a very important branch of computer science, dealing with behavior, learning and intelligent adaptation in a machine.
Korean:",080b87746202785d044952ca124edd0a4c0053920b7f758cd0047c3c354760ce,335a9934d1df8ff76a2c68acf31432144b95aeeb77488110da2ce86597655432,45,True,
680,680,Research in AI involves making machines to automate tasks that require intelligent behavior.,AI 연구는 기계가 지능적 행동을 요구하는 작업을 자동화하는 연구를 포함합니다.,"Translate the following sentence into Korean.
English: Research in AI involves making machines to automate tasks that require intelligent behavior.
Korean:",0a17fe6c64cb4bd87082e749c874d2006fc0a307a211327d268cb57a2e0c3ddf,5a595d1237def7a246125f878d635b499cd1f32ea340df8ed09eb65044be25d2,26,True,
681,681,"Examples include control, planning and scheduling, the ability to answer customer diagnoses and questions, as well as handwriting recognition, voice and face.","예를 들어 필기, 음성, 얼굴 인식은 물론 제어, 계획, 일정 관리 및 고객 진단과 질문에 답변하는 기능이 포함됩니다.","Translate the following sentence into Korean.
English: Examples include control, planning and scheduling, the ability to answer customer diagnoses and questions, as well as handwriting recognition, voice and face.
Korean:",8fb1a4cfe3584efc892988623cc0feef25feaee58f319522f78fac21aa772184,f431a0ad8676942346c1ec2efde00bf911e885736f6fe80021ebc9dafa2b5b4a,39,True,
682,682,"Such things have become separate disciplines, which focus on providing solutions to real life problems.",이러한 것들은 실생활에서 일어나는 문제에 대해 해결책을 제공하는 데 중점을 두는 별도의 학문이 되었습니다.,"Translate the following sentence into Korean.
English: Such things have become separate disciplines, which focus on providing solutions to real life problems.
Korean:",3134062db9d06f3f5a41763669b5c1041250a18772e1d2ce76b8b8cc9b6b2068,ab5a7ff44a18b01f523b3dd2caaa0ab5664d2908c1d552fec3a2eb569f35f75d,29,True,
683,683,"The AI ​​system is now often used in the fields of economics, medicine, engineering and the military, as has been built in several home computer and video game software applications.","AI 시스템은 여러 가정용 컴퓨터 및 비디오 게임 소프트웨어에서 보이는 것처럼 현재 경제, 의료, 공학 및 군사 분야에서 자주 사용되고 있습니다.","Translate the following sentence into Korean.
English: The AI ​​system is now often used in the fields of economics, medicine, engineering and the military, as has been built in several home computer and video game software applications.
Korean:",78eeb9f3389ac5d389949d7e17d9f1a52dee50f6946a35fd07568e0aa9cec20f,b0efe3d9bc6284467b0a190eef6b417db88cc1400d4845a9f2294e86120b0c1a,47,True,
684,684,Field trips are a large part of any classroom. Quite often a teacher would love to take her students places to which a bus trip is not an option.,현장 학습은 모든 학급에 있어서 큰 비중을 차지한다. 일반적으로 교사는 자신의 학생들을 버스 여행이 필요 없는 장소로 데려가고 싶어 한다.,"Translate the following sentence into Korean.
English: Field trips are a large part of any classroom. Quite often a teacher would love to take her students places to which a bus trip is not an option.
Korean:",6393c715738fa43dabf5ed61d9095b290150e30254055e333fd4990633ee96c2,52e35c2ae2fad3d1b3c36ab49e25051d73965178fc2013f379f39e52305db002,43,True,
685,685,"Technology offers the solution with virtual field trips. Students can look at museum artifacts, visit an aquarium, or admire beautiful art while sitting with their class.","기술은 가상 현장학습에 도움을 줍니다. 학생들은 교실에 앉은 상태로 박물관 전시품들을 볼 수 있고, 수족관을 구경할 수 있으며, 아름다운 예술 작품을 감상할 수 있습니다.","Translate the following sentence into Korean.
English: Technology offers the solution with virtual field trips. Students can look at museum artifacts, visit an aquarium, or admire beautiful art while sitting with their class.
Korean:",77e334ac165acd40ede064e4c2bbbe96f81a2fe36f136b9e97dc157af0c73e4f,24ae3ed4b1f057883864d2fd3637c79a4c6803282e09627cc1c1c470377c2a8e,42,True,
686,686,Sharing a field trip virtually is also a great way to reflect a on a trip and share experiences with future classes.,가상 현장학습은 현장학습을 되돌아 보고 미래 학급과 경험을 공유할 수 있는 좋은 방법입니다.,"Translate the following sentence into Korean.
English: Sharing a field trip virtually is also a great way to reflect a on a trip and share experiences with future classes.
Korean:",7140b874e2e2479197f2d342962b0fcefb8498bfe377016da914ea8a9769a1cb,59f4a5eae6a853226a215b91947294d7181a2cd0040f80d6335be7bcfc31e3a7,35,True,
687,687,"For example, each year students from Bennet School in North Carolina design a website about their trip to the State Capital, each year the website gets remodeled, but old versions are kept online to serve as a scrapbook.","예를 들면 매년 노스캐롤라이나의 베넷 스쿨 출신 학생들은 주도 여행에 관한 웹사이트를 디자인하는데, 매년 웹사이트는 리모델링되며 이전 버전은 스크랩북 형태로 온라인 서버에 남겨진다.","Translate the following sentence into Korean.
English: For example, each year students from Bennet School in North Carolina design a website about their trip to the State Capital, each year the website gets remodeled, but old versions are kept online to serve as a scrapbook.
Korean:",5a6c1f23927824a100503af3629a591c5eb6b06897966e35bcc9a529c5b809e4,8396032c39937c8d7f6310ccba7375aae01749932cd60f94a13171d6dea3f72e,57,True,
688,688,"Blogs can also help improve student writing. While students often begin their blog experience with sloppy grammar and spelling, the presence of an audience generally changes that.","블로그는 학생들의 글쓰기를 개선하는 데에도 도움이 됩니다. 학생들이 종종 부족한 문법과 철자법으로 블로그를 시작하지만, 독자들의 존재가 일반적으로 그러한 점들을 변화시킵니다.","Translate the following sentence into Korean.
English: Blogs can also help improve student writing. While students often begin their blog experience with sloppy grammar and spelling, the presence of an audience generally changes that.
Korean:",a57b3df52e31d2a6adf2ccd5b43441199867f77bcdf185c6744066d15a0e4d79,96d723854dc94d006daedfd1d7a1d0498a23499c6f9330a2fdc25c8a2ad16870,42,True,
689,689,"Since students are often the most critical audience, the blog writer begins to strive to improve writing to avoid criticism.","대부분 학생들이 가장 비판적인 청중이므로, 블로그 작가는 비판을 피하기 위해 글쓰기를 향상시키려고 노력하기 시작합니다.","Translate the following sentence into Korean.
English: Since students are often the most critical audience, the blog writer begins to strive to improve writing to avoid criticism.
Korean:",3626b8419f48bb6c4f611805444f17e378c0184b02153b4f6194c8e948c5adb5,5e3ff8c46f57d9e5ca9c66b5f7688cddf202cd69e7e23a68e618b80caba7fc6f,34,True,
690,690,"Also blogging ""forces students to become more savvy about the world around them."" The need to feed the interest of the audience inspires students to be clever and interesting (Toto, 2004).","""또한 블로그는 """"학생들이 자신 주변에 대해 더 관심을 기울이도록 한다"""" 청중의 관심을 끌기위한 필요성을 통해 학생들은 영리하고 흥미롭도록 합니다(토토, 2004).""","Translate the following sentence into Korean.
English: Also blogging ""forces students to become more savvy about the world around them."" The need to feed the interest of the audience inspires students to be clever and interesting (Toto, 2004).
Korean:",0abe6f1c115f986be00f130cedb05033c08a22ae2121175823172189945b5b58,ec850d6c51cf5c261fb5d3c4a95c51642e260e6228b347197e09aed6c80ee038,53,True,
691,691,"Blogging is a tool that inspires collaboration, and encourages students to extend learning well beyond the traditional school day.","블로깅(blogging)은 협동심을 고취시키고, 학생들이 전통적인 학교생활을 넘어 학습을 잘 확대하도록 장려하는 도구다.","Translate the following sentence into Korean.
English: Blogging is a tool that inspires collaboration, and encourages students to extend learning well beyond the traditional school day.
Korean:",48275eb7f4dd491a6bcefc497be9539470e88506f9275e2c715e42f9cf022dff,cdd6793520a5a772bf5e684d061ab8cb884525fe96079a5324ea296577803ed7,34,True,
692,692,"Appropriate use of blogs ""can empower students to become more analytical and critical; through actively responding to Internet materials, students can define their positions in the context of others' writings as well as outline their own perspectives on particular issues (Oravec, 2002).","""블로그의 적절한 이용은 """"인터넷 자료에 적극적으로 응답함으로써 학생들의 분석적이고 비판적인 사고를 증진시키고 학생들이 다른 이의 글에서 자신의 입장을 정의하고 특정 주제에 대해 자기의 시각을 성립할 수 있도록 한다(오라벡, 2020).""","Translate the following sentence into Korean.
English: Appropriate use of blogs ""can empower students to become more analytical and critical; through actively responding to Internet materials, students can define their positions in the context of others' writings as well as outline their own perspectives on particular issues (Oravec, 2002).
Korean:",46e61cdd30f32f67d55c9215c50cae70bcc84e0cbb619cdedccff532a6c97fe5,5e09315005673ad748b479494befc7a9c00f15a5338ed1c40163c43670e64c8a,67,True,
693,693,"Ottawa is Canada's charming, bilingual capital and features an array of art galleries and museums that showcase Canada's past and present.","오타와는 이중언어가 사용되는 캐나다의 매력적인 수도이며, 오타와의 다양한 미술 갤러리와 박물관은 캐나다의 과거와 현재를 조명합니다.","Translate the following sentence into Korean.
English: Ottawa is Canada's charming, bilingual capital and features an array of art galleries and museums that showcase Canada's past and present.
Korean:",7c2d13851bf3a0c8b594f2997b754f75dd79341ff61cd9cc890508aa95a2e320,2f0ef605ef9d2b9c5b984d0a29964614791d9ffeda269e62442f52edc8f9998d,37,True,
694,694,Farther south is Niagara Falls and the north is home to the untapped natural beauty of the Muskoka and beyond.,최남부에는 나이아가라(Niagara) 폭포가 있고 북부에는 무스코카(Muskoka) 등 개척하지 않은 자연의 아름다움의 본고장이 펼쳐져 있다.,"Translate the following sentence into Korean.
English: Farther south is Niagara Falls and the north is home to the untapped natural beauty of the Muskoka and beyond.
Korean:",010ef1fa1e6e8a4efaefd3488b944fec300a0845a5113fe37d236f4d53eb4ce7,5ef398d977a310dec6f2949a4e18261778bb61009ebebd9f64b12dbede7fea3d,36,True,
695,695,All these things and more highlight Ontario as what is considered quintessentially Canadian by outsiders.,"이 모든 것들이 외지인들이 참된 캐나다라고 하는 것으로, 온타리오를 두드러지게 해줍니다.","Translate the following sentence into Korean.
English: All these things and more highlight Ontario as what is considered quintessentially Canadian by outsiders.
Korean:",d1bc75e290c4a1f2b50415c4140cf6b063f7b6082cc268c927cf6be2f7a159a3,8d5048029a423825cb1e4269bc3f22ead8cf913054a6cb899e4fc96d7fe213c3,30,True,
696,696,Large areas further north are quite sparsely populated and some is nearly uninhabited wilderness.,"북쪽의 넓은 지역은 인적이 드물며, 몇몇 지역은 거의 사람이 살지 않는 황무지다.","Translate the following sentence into Korean.
English: Large areas further north are quite sparsely populated and some is nearly uninhabited wilderness.
Korean:",6679a9f121c54687d651729d0fc69da5251611bf3a2d5d22edef9b9f867ddc06,ce4f0cdcf2e63152a8a17587a041a5dbc39f45b198087cc9b53e39385426d0d0,31,True,
697,697,For a comparison of population that surprises many: There are more African Americans living in the US than there are Canadian citizens.,많은 사람을 깜짝 놀라게 할 인구 비교: 미국에 사는 아프리카계 미국인이 캐나다 국민보다 많습니다.,"Translate the following sentence into Korean.
English: For a comparison of population that surprises many: There are more African Americans living in the US than there are Canadian citizens.
Korean:",a64b0cc1b62d2f6b57df629e099019828fd715f670320222e5937db6df00f983,e932092c53186941b007c2e980c8befc532e5ceab97c63ad7c7b068f0ab504ba,36,True,
698,698,The East African Islands are in the Indian Ocean off the eastern coast of Africa.,동아프리카의 섬들은 아프리카 동부 연안을 따라 인도양에 자리 잡고 있다.,"Translate the following sentence into Korean.
English: The East African Islands are in the Indian Ocean off the eastern coast of Africa.
Korean:",9c613b36fa17dcb5dd93472b3fe97ed67e1811f6608e8779090fb52e3705e9bd,292f5ed2d944bfbc7d0af83040dc22fe2ed36a39162d7696728bb320a74fa97f,28,True,
699,699,"Madagascar is by far the biggest, and a continent on its own when it comes to wildlife.",마다가스카르는 야생 동물에 관해서는 현재 가장 크고 독보적인 대륙이다.,"Translate the following sentence into Korean.
English: Madagascar is by far the biggest, and a continent on its own when it comes to wildlife.
Korean:",02da15f5820b80ee61cdf826a114f6e51c816fc4ded490461780c0087d647172,792bd5bf372f35e341fbed4a39bf1ef0203ffe1c5676d55bd07e8bce3fc349c1,31,True,
700,700,"Most of the smaller islands are independent nations, or associated with France, and known as luxury beach resorts.","좀 더 작은 섬의 대부분은 독립 국가이거나 프랑스와 관련이 있고, 호화로운 비치 리조트로 알려져 있다.","Translate the following sentence into Korean.
English: Most of the smaller islands are independent nations, or associated with France, and known as luxury beach resorts.
Korean:",1442da50a7bfb980f8a404d49cab95e7505af3b9a34c176dfefadd2f0e36a138,256d8d5efa1a359141f640aab6a69523a191def22da53e2028336d9fb4aef024,33,True,
701,701,"The Arabs also brought Islam to the lands, and it took in a big way in the Comoros and Mayotte.","아랍인들을 통해서도 이슬람교가 전해졌으며, 코모로스와 마요트 지방에서 큰 변화가 일어났습니다.","Translate the following sentence into Korean.
English: The Arabs also brought Islam to the lands, and it took in a big way in the Comoros and Mayotte.
Korean:",b341a5ec5cd26d5ea939f87547307391288771bf5fe7d1cff91f38e8b6641306,ecf8496bd7afda51e6fcf20063c43cd9763a71edb0647c39260e13a2b1219051,37,True,
702,702,"European influence and colonialism began in the 15th century, as Portuguese explorer Vasco da Gama found the Cape Route from Europe to India.","유럽의 영향 및 식민주의는 15세기, 포르투갈의 탐험가 바스코 다 가마(Vasco da Gama)가 유럽에서 인도를 잇는 케이프 루트(Cape Route)를 발견하면서 시작되었습니다.","Translate the following sentence into Korean.
English: European influence and colonialism began in the 15th century, as Portuguese explorer Vasco da Gama found the Cape Route from Europe to India.
Korean:",f5fd8fb374dff4b69f284893d0c8d3daefef4fbd2231096d687f9fad6210d76a,7bb87f6da8ac280e31cabf2705996e043c174ad8f5f652bbb978fa54c80ff599,43,True,
703,703,"In the north the region is bounded by the Sahel, and in the south and west by the Atlantic Ocean.","북쪽은 사헬, 남쪽과 서쪽은 대서양이 접해 있습니다.","Translate the following sentence into Korean.
English: In the north the region is bounded by the Sahel, and in the south and west by the Atlantic Ocean.
Korean:",483d972118d30a25ec74b8198ac756996b29db843c22593dcb43abe027d8028f,482de6abe581a5ee8e5e19de1162a9e392e2147cd77fe181f403953f1552f8b4,35,True,
704,704,"Women: It is recommended that any women travellers say that they are married, regardless of actual marital status.",여성: 모든 여성 여행자는 실제 결혼 여부에 관계없이 기혼이라고 대답하기를 권해 드립니다.,"Translate the following sentence into Korean.
English: Women: It is recommended that any women travellers say that they are married, regardless of actual marital status.
Korean:",36bd5df5f3d811a742d792461a37c7b0d0e36020fd6d5f1e19d988eae075a522,f4e4b4b36b7a7b7e312f10057932b290573227bb421a465fab227da29f13fa50,33,True,
705,705,It is helpful to also wear a ring (just not one that looks too expensive.,반지를 끼는 것도 도움이 된다(비싸 보이는 반지는 피하는 게 좋다).,"Translate the following sentence into Korean.
English: It is helpful to also wear a ring (just not one that looks too expensive.
Korean:",8f20d9de2adc4fdae101af6bb08db82355880ca051854e8eb277a5949b33570e,399813173c46b5104f40391bf6df2866f60aa26830d8550bd7a6b6c1c2f10fd6,29,True,
706,706,"Women should realize that cultural differences may result in what they would consider harassment and it is not uncommon to be followed, grabbed by the arm, etc.",여성들은 문화적 차이로 인해 괴롭힘으로 간주되는 결과가 초래될 수 있고 팔을 잡는 등의 행위가 드문 일이 아니라는 것을 알아야 합니다.,"Translate the following sentence into Korean.
English: Women should realize that cultural differences may result in what they would consider harassment and it is not uncommon to be followed, grabbed by the arm, etc.
Korean:",adfd35644e9490efcfa1d75eea05cfc36e4f28c7f29b146251e16637244ce58f,0a19c39a81113f520dc62788c305da2896570421b997d3983bec6341c29ff896,42,True,
707,707,"Be firm in turning down men, and don't be afraid to stand your ground (cultural differences or not, it doesn't make it ok!).","남자들을 단호히 거절하고, 자신의 입장을 고수하는 것을 두려워하지 말라(문화적 차이든 아니든, 희롱은 간과될 수 없다!).","Translate the following sentence into Korean.
English: Be firm in turning down men, and don't be afraid to stand your ground (cultural differences or not, it doesn't make it ok!).
Korean:",7c5cdfee8bce40ee9dfec62e73cfe78cf2916ee292d4d02bd80f828b2afffa04,81d1182903be52ff6f6f63dc95ccc3fc8f2cfd34b34e5d1b6a7a74e505375f4c,43,True,
708,708,"The modern city of Casablanca was founded by Berber fishermen in the 10th century BCE, and was used by the Phoenicians, Romans, and the Merenids as a strategic port called Anfa.","현대 도시 카사 블랑카는 기원전 10세기에 베르베르인 어부들이 설립했으며 페니키아인, 로마인, 메레니우스인이 안파(Anfa)라는 전략적 항구로 사용했다.","Translate the following sentence into Korean.
English: The modern city of Casablanca was founded by Berber fishermen in the 10th century BCE, and was used by the Phoenicians, Romans, and the Merenids as a strategic port called Anfa.
Korean:",6d2fbc6da44a7b674ee45c3b2577b2d11aebfad28191565d178963f58f88e37c,8190413b60fdc6b67cb687d7c8c1e3979c12763b546b323f18c48d3f0f72739d,59,True,
709,709,"The Portuguese destroyed it and rebuilt it under the name Casa Branca, only to abandon it after an earthquake in 1755.","포르투갈인들은 이곳을 파괴한 다음 Casa Branca라는 이름으로 재건했지만, 1755년 지진 이후에 그곳을 버리고 떠났습니다.","Translate the following sentence into Korean.
English: The Portuguese destroyed it and rebuilt it under the name Casa Branca, only to abandon it after an earthquake in 1755.
Korean:",c021106c11f4ca8872f395ecf6137694bce989623473e8610bae0039cc7882b9,fb0ca2fc29be5c76e506a1e4f193062267b6fb71841bc97122b104dff08f6680,40,True,
710,710,The Moroccan sultan rebuilt the city as Daru l-Badya and it was given the name Casablanca by Spanish traders who established trading bases there.,"모로코 술탄은 다루 이 바드야(Daru l-Badya)라는 도시로 재건축하고, 여기에 무역 거점을 세운 스페인 상인들은 이곳을 카사블랑카라고 불렀다.","Translate the following sentence into Korean.
English: The Moroccan sultan rebuilt the city as Daru l-Badya and it was given the name Casablanca by Spanish traders who established trading bases there.
Korean:",a12a62864bbf64eee60df9a76a931362f45362bdf10ae278a582064a79528fdf,f626f91d39200b73836d321189d204006a7cb3727a2f41ab8abadddd1cf8159c,45,True,
711,711,Casablanca is one of the least interesting places to shop in all of Morocco.,카사블랑카는 모로코에서 가장 흥미롭지 않은 쇼핑 장소 중 한 곳입니다.,"Translate the following sentence into Korean.
English: Casablanca is one of the least interesting places to shop in all of Morocco.
Korean:",8fb4f550e31dc3c467b74c64c513a5404be066536a05f2af29f39e1644169ed6,21ff1a98da8a506a4840dc931c36512ed08762b27e39d16a743756b12be1017b,30,True,
712,712,"Around the old Medina it's easy to find places selling traditional Moroccan goods, such as tagines, pottery, leather goods, hookahs, and a whole spectrum of geegaws, but it's all for the tourists.","옛 메디나에선 타진, 도자기, 가죽제품, 물담배 및 다양한 종류의 물건과 같은 전통적인 모로코 제품을 파는 장소들을 쉽게 찾을 수 있지만, 모두 관광객들을 위한 것입니다.","Translate the following sentence into Korean.
English: Around the old Medina it's easy to find places selling traditional Moroccan goods, such as tagines, pottery, leather goods, hookahs, and a whole spectrum of geegaws, but it's all for the tourists.
Korean:",211ef7881c2b9a39daff96f232af7db300e54bb96c04ce9d580e6a29708b3eae,ed51ce21f617d040269b9f803a2f6a0c76368e2e5d7ee81522309e35a4a84495,58,True,
713,713,Goma is a tourist city of the Democratic Republic of Congo in the extreme east near Rwanda.,고마는 르완다 근처에 콩고 민주 공화국의 동쪽에 위치한 관광 도시이다.,"Translate the following sentence into Korean.
English: Goma is a tourist city of the Democratic Republic of Congo in the extreme east near Rwanda.
Korean:",59fa77e18efa0b9b185e24dc65b0aa1191697ba22a52ae9878c27a92db61506f,165421ed118232957cc8e73fb2b8d6fd17a70e5fa1e71bec94d4e5d8158bd90c,31,True,
714,714,"In 2002 Goma was destroyed by lava from the Nyiragongo volcano which buried most of the town’s streets, particularly the town centre.","2002년, 고마(Goma)는 니라공고(Nyiragongo) 화산에서 분출된 용암에 의해 파괴되었는데, 특히 도심지를 비롯한 마을의 도로 대부분이 묻혔다.","Translate the following sentence into Korean.
English: In 2002 Goma was destroyed by lava from the Nyiragongo volcano which buried most of the town’s streets, particularly the town centre.
Korean:",330e68f485aad8b63fceaa1af1e4418d7c44f38eaaa29470e2f4c8d6db30ebf6,600474fcaca888186259dfe2e79d5d2c670abde725a7e516466191068beda07a,45,True,
715,715,"While Goma is reasonably safe, any visits outside of Goma should be researched to understand the state of the fighting that persists in the North Kivu province.",고마는 상당히 안전한 편이지만 외부에서 고마를 방문하는 경우에는 북키부 지방에서 지속되는 교전 상태를 이해하기 위한 조사를 해야 합니다.,"Translate the following sentence into Korean.
English: While Goma is reasonably safe, any visits outside of Goma should be researched to understand the state of the fighting that persists in the North Kivu province.
Korean:",79b0c2cf8196ed09e87b009b0cc7d3c4f91588078fdac166734818bd39ba93b2,c42851e17dd3c7c5e582671ec7bc6a86e9974b2374d138237049abe64116df5a,45,True,
716,716,The city is also the base to climb the Nyiragongo volcano along with some of the cheapest Mountain Gorilla tracking in Africa.,"또한, 이 도시는 아프리카에서 가장 저렴한 마운틴 고릴라 트레킹과 니라공고(Nyiragongo) 화산 등반의 베이스캠프이기도 하다.","Translate the following sentence into Korean.
English: The city is also the base to climb the Nyiragongo volcano along with some of the cheapest Mountain Gorilla tracking in Africa.
Korean:",d33796d90d9c8a67ab222a9c90b079f57fdee036132561c6c52a13f4f9990443,194a54fdbc327e7dc657c5169b927987c308e286ed36907f9c35e337592d044a,39,True,
717,717,You can use boda-boda (motorcycle taxi) to get around Goma. The normal (local) price is ~500 Congolese Francs for the short ride.,보다보다(오토바이 택시)를 이용하여 고마를 돌아다닐 수 있다. 일반(현지) 가격은 단거리 탑승 시 500 콩고 프랑이다.,"Translate the following sentence into Korean.
English: You can use boda-boda (motorcycle taxi) to get around Goma. The normal (local) price is ~500 Congolese Francs for the short ride.
Korean:",e64b009900cd5463e66b49de70185ac10d44bb4a4d7959005fc299079902f7ad,df14ee6a8d570f8c5ecab103aeae5c5f8c2db87dba5f01286f5a3f12224a2b8e,51,True,
718,718,"Combined with its relative inaccessibility, ""Timbuktu"" has come to be used as a metaphor for exotic, distant lands.","상대적인 접근이 불가능한 의미를 결합하여, 'Timbuktu'는 이국적이고 멀리 떨어진 지역에 대한 은유로 사용하게 되었다.","Translate the following sentence into Korean.
English: Combined with its relative inaccessibility, ""Timbuktu"" has come to be used as a metaphor for exotic, distant lands.
Korean:",4679c7e6305869a33b758baba4a580953384828ba11dcd9a704e971095aa0dde,72b51ab0aa17f6f5b1aa663eb1c7fb17837e3e1de3a85ad659d8f1a37ff7fe69,40,True,
719,719,"Today, Timbuktu is an impoverished town, although its reputation makes it a tourist attraction, and it has an airport.",오늘날 팀북투(Timbuktu)는 가난한 마을이지만 그 명성 때문에 관광 명소가 되었고 공항도 보유하고 있습니다.,"Translate the following sentence into Korean.
English: Today, Timbuktu is an impoverished town, although its reputation makes it a tourist attraction, and it has an airport.
Korean:",8a1827b42826dc9c0f16383b2008010ae8e54a138cd145abbb16d162a751d4a1,078c6b0ccb6ce66a513ecdfef3a327b8e6e2596ffbf65b5b59da1dcd4e64ac88,38,True,
720,720,"In 1990, it was added to the list of world heritage sites in danger, due to the threat of desert sands.","사막 모래의 영향으로 인해, 1990년 팀북투는 위험에 처한 세계 문화유산 목록에 추가되었습니다.","Translate the following sentence into Korean.
English: In 1990, it was added to the list of world heritage sites in danger, due to the threat of desert sands.
Korean:",a1f1af3bc93a10698bb50c7879e1a879fa810683b0258c180299b50595124a2e,6a52fd5458168ee09d0572c60de54bb0534679cd445f23a9d65a4d6e2279d2a9,40,True,
721,721,It was one of the major stops during Henry Louis Gates' PBS special Wonders of the African World.,이는 Henry Louis Gates의 PBS 특집 '아프리카의 경이'에서 가장 비중 있는 탐험지 중 하나였습니다.,"Translate the following sentence into Korean.
English: It was one of the major stops during Henry Louis Gates' PBS special Wonders of the African World.
Korean:",68bd6904e96fc4578d59db8a35b72111d14208dbc8637ee188b1413a68befcc1,a605f2a91af2cef4eac9e34b00d8fb1790f6e053dea2d5a0abb2113b671c5a70,33,True,
722,722,"The city is in stark contrast to the rest of the country's cities, because it has more of an Arabic flair than of an African.",이 도시는 아프리카보다 아랍 성향이 더 있기 때문에 말리의 다른 도시들과 극명한 대조를 이루고 있습니다.,"Translate the following sentence into Korean.
English: The city is in stark contrast to the rest of the country's cities, because it has more of an Arabic flair than of an African.
Korean:",130341655cff61938392f121af0bf10e55dd3f23e9bbd4ee7a00dc658cb5e2fd,679351119fc0f1c30255dff902f4bddfe7e96297a9e082c156805ef7b8398f56,40,True,
723,723,"The Kruger National Park (KNP) lies in the north-east of South Africa and runs along the border of Mozambique in the east, Zimbabwe in the north, and the southern border is the Crocodile River.","크루거 국립공원(KNP)은 남아프리카의 북동쪽에 위치하여 동쪽으로는 모잠비크, 북쪽으로는 짐바브웨 국경을 따라 형성되어 있으며, 남쪽으로는 크로커다일 강을 경계로 하고 있습니다.","Translate the following sentence into Korean.
English: The Kruger National Park (KNP) lies in the north-east of South Africa and runs along the border of Mozambique in the east, Zimbabwe in the north, and the southern border is the Crocodile River.
Korean:",e800c355a445328abc45934239ac1b576942ca7b78fc7a9b347620056f38ab9d,d137c5f5be70127dd0882ae19531f3950f1af277b104986d0ce8639c5b28ef8d,56,True,
724,724,"The park covers 19,500 km² and is divided in 14 different ecozones, each supporting different wildlife.","공원은 19,500 km²의 면적을 이루고 있고 14개의 서로 다른 구역으로 나뉘어져 있으며 각각은 서로 다른 야생 생물을 지원하고 있습니다.","Translate the following sentence into Korean.
English: The park covers 19,500 km² and is divided in 14 different ecozones, each supporting different wildlife.
Korean:",24ab9f672928072f125236ae635443fb6797cde99bf8f7097722d1ca0a90e9d1,65bc4943d5d8f9221798eee91fa829c5e991c656a1d84975e37ba6a656ba2de7,40,True,
725,725,It is one of the main attractions of South Africa and it is considered the flagship of South African National Parks (SANParks).,이곳은 남아프리카의 명소 중 하나로 남아프리카 국립 공원(SANParks)의 플래그십입니다.,"Translate the following sentence into Korean.
English: It is one of the main attractions of South Africa and it is considered the flagship of South African National Parks (SANParks).
Korean:",2105657c875fdd8e731cbf7aea8c22a0b265bd73019ebd0df59a154c620e0aa9,6300fbc1e295a4e0002ff5a32d7a27f3d4af7cf9a716fa4c6f60d724887aff0f,38,True,
726,726,"As with all South African National Parks, there are daily conservation and entry fees for the park.","모든 남아프리카 국립공원과 마찬가지로, 공원에는 매일 보존료와 입장료가 있습니다.","Translate the following sentence into Korean.
English: As with all South African National Parks, there are daily conservation and entry fees for the park.
Korean:",cfea2ee50aa72793462da9bb2e70d8d44cca10eb12611043f544fc4344a2343a,72663541749b595f1258a4569bc2bfba3dc5772d58bdf7613c0c966c7db53cf4,31,True,
727,727,"It may also be beneficial for one to buy a Wild Card, which provides entry to either selections of parks in South Africa or all of the South African National Parks.",남아프리카 공화국의 특정 공원 또는 남아프리카 공화국 국립공원 전체에 입장할 수 있는 와일드 카드를 구매하는 것이 이득일 수 있습니다.,"Translate the following sentence into Korean.
English: It may also be beneficial for one to buy a Wild Card, which provides entry to either selections of parks in South Africa or all of the South African National Parks.
Korean:",d93675a8034580a7bb212185555b908169d6dff58177366f0e9481000f0ca07b,06e56b1122d117ad94de8340bf76882fd44281468c4761473af88f1e46e0f57e,45,True,
728,728,Hong Kong Island gives the territory of Hong Kong its name and is the place that many tourists regard as the main focus.,홍콩 섬은 홍콩 영토에 홍콩이라는 이름을 부여한 곳이자 많은 관광객들이 주안점으로 여기는 곳이다.,"Translate the following sentence into Korean.
English: Hong Kong Island gives the territory of Hong Kong its name and is the place that many tourists regard as the main focus.
Korean:",f46c8e2babbc3d93b714947c2576ec01263a3ba889923a10f15ed1ad354bdae6,4df99bde0eda5ce72d466877a8ed1093e095982220306c1aa6857db32e482c2b,36,True,
729,729,The parade of buildings that make the Hong Kong skyline has been likened to a glittering bar chart that is made apparent by the presence of the waters of Victoria Harbour.,홍콩의 스카이라인을 이루는 빌딩 행렬은 빅토리아 항구의 수면에 선명히 비치는 모습 때문에 반짝이는 막대그래프에 비유된다.,"Translate the following sentence into Korean.
English: The parade of buildings that make the Hong Kong skyline has been likened to a glittering bar chart that is made apparent by the presence of the waters of Victoria Harbour.
Korean:",7fa699d7e3153dd2b52e8dfdc757ec8619e491c63bbf147635ef7099d9455d87,925bae1f086c505908ea90e080f690ac00c5b4700b7fa820cfd705d283ee36ef,46,True,
730,730,"To get the best views of Hong Kong, leave the island and head for the Kowloon waterfront opposite.",홍콩에서 가장 멋진 전망을 보려면 홍콩섬을 떠나 맞은편에 있는 구룡반도 해안(Kowloon waterfront)으로 가십시오.,"Translate the following sentence into Korean.
English: To get the best views of Hong Kong, leave the island and head for the Kowloon waterfront opposite.
Korean:",79eed78e81a4a7410382aa15b50cb3d1605e7573b290fca834704cc8bdef869e,cfb654d15eb7d464baddd640045b5b90ef26e7d08d0b4ec88cde56613b1c0380,34,True,
731,731,The great majority of Hong Kong Island's urban development is densely packed on reclaimed land along the northern shore.,홍콩 도서지역 개발의 대부분은 북쪽 해안을 따라 간척된 땅에 밀집되어 있습니다.,"Translate the following sentence into Korean.
English: The great majority of Hong Kong Island's urban development is densely packed on reclaimed land along the northern shore.
Korean:",6a03286e09da5c0c57e626b68fc475e43b9b940617be80f6b3361e1fc2a0b683,164f62e91eff42152d52b86ba565ced7c804acdd425e7f430b770c9f3f468ea0,33,True,
732,732,"This is the place the British colonisers took as their own and so if you are looking for evidence of the territory's colonial past, this is a good place to start.",여기는 영국 식민지 개발자들이 자신들의 소유로 삼았던 곳이기 때문에 과거 식민지 영토에 대한 증거를 찾고 있다면 여기서부터 시작하면 좋다.,"Translate the following sentence into Korean.
English: This is the place the British colonisers took as their own and so if you are looking for evidence of the territory's colonial past, this is a good place to start.
Korean:",1e996d3ed57c30e86a1eccc81f74ad6501e1a5f5d4e42d9eb787afaf9b7091ae,31a7cd45c0b433e2fbb1c76cdde4ffc4bb3ef17b8a9794747df7ffab4cd8a4e4,47,True,
733,733,"The Sundarbans are the largest littoral mangrove belt in the world, stretching 80 km (50 mi) into the Bangladeshi and Indian hinterland from the coast.",순다르반은 해안에서 방글라데시와 인도 후미지까지 80 km (50 mi)에 이르는 세계에서 가장 큰 연안 맹그로브 벨트다.,"Translate the following sentence into Korean.
English: The Sundarbans are the largest littoral mangrove belt in the world, stretching 80 km (50 mi) into the Bangladeshi and Indian hinterland from the coast.
Korean:",d1fe7c13066e268d32fbc66dba105822ac790f46a2a1229c9808a5e9c0194277,2f105989bedf0e30dd9687516fd22f260034bbad5512b1e2d59ccb1a58516fe3,52,True,
734,734,The Sundarbans has been declared a UNESCO World Heritage Site. The part of the forest within Indian territory is called Sundarbans National Park.,순다르반스는 유네스코 세계 유산에 등재되어 있다. 이 숲 내에서 인도 영토에 해당하는 일부가 순다르반스 국립공원이라 불린다.,"Translate the following sentence into Korean.
English: The Sundarbans has been declared a UNESCO World Heritage Site. The part of the forest within Indian territory is called Sundarbans National Park.
Korean:",33bd83660a60dc4a42cdb727f396b97dfb4723bf41da5627bf24c6e6ff5dfdd0,4d364f3cce9cf0142d10966a8687a15b5599bc4805533fb9e89939d4f9f77bdc,41,True,
735,735,The forests aren't just mangrove swamps though — they include some of the last remaining stands of the mighty jungles which once covered the Gangetic plain.,이 숲은 단순한 맹그로브 늪지대가 아닙니다. 한때 갠지스 평원을 덮고 있던 위대한 정글의 마지막 모습의 일부가 여기에 남아 있습니다.,"Translate the following sentence into Korean.
English: The forests aren't just mangrove swamps though — they include some of the last remaining stands of the mighty jungles which once covered the Gangetic plain.
Korean:",a1cf4eed4e6b6d32cdd1adb78f95442762262816696145be4b61e6cd2fe53a30,cac480862dd908f3071fe685692edd40a1a1616f9d140d663b2e19bf0cf641fb,44,True,
736,736,"The Sundarbans cover an area of 3,850 km², of which about one-third is covered in water/marsh areas.","순다르반(the Sundarbans)은 면적이 3,850 km²이고, 그중 약 3분의 1이 물과 늪지대 지역으로 덮여 있다.","Translate the following sentence into Korean.
English: The Sundarbans cover an area of 3,850 km², of which about one-third is covered in water/marsh areas.
Korean:",4720afee25f020de82ebb647bbb2ea2b2a62e770c2b3f9f00eda2b8051688647,0538f8561751ebee03767d82be6c6cb0587aaf76c2386f9a734902b6f42d195f,43,True,
737,737,"Since 1966 the Sundarbans have been a wildlife sanctuary, and it is estimated that there are now 400 Royal Bengal tigers and about 30,000 spotted deer in the area.",1966년부터 순다르반스는 야생동물 보호구역이다. 400마리의 벵갈 호랑이와 3만 마리의 사슴이 현재 이 지역에 있을 것으로 추정된다.,"Translate the following sentence into Korean.
English: Since 1966 the Sundarbans have been a wildlife sanctuary, and it is estimated that there are now 400 Royal Bengal tigers and about 30,000 spotted deer in the area.
Korean:",2abe3eb519627f32ef32bfd83d390d0a95218a7840712670e000e4275cd514e2,f5bfe4c9468008a5de6bbd5e379672af943cb26344fa09ffde7c4f793748f42c,59,True,
738,738,"Buses depart the inter-district bus station (across the river) throughout the day, though most, especially those heading to the east and Jakar/Bumthang leave between 06:30 and 07:30.","버스들은 (강 건너) 지역 간선 버스 정류장에서 하루종일 운행하지만, 특별히 동부와 자카르/ 붐탕으로 향하는 버스들은 06:30에서 07:30 사이에만 출발한다.","Translate the following sentence into Korean.
English: Buses depart the inter-district bus station (across the river) throughout the day, though most, especially those heading to the east and Jakar/Bumthang leave between 06:30 and 07:30.
Korean:",2141c266655ba1b5c34f8d81100ac406a472325d7efa268e095e110af6b814cd,ae2b8dd3fc770a173501bb510c0518b500028e7a6f6d87a07047d8aa34408c3a,63,True,
739,739,"As the inter-district buses are often full, it is advisable to purchase a ticket a few days in advance.",구간 버스는 만원인 경우가 많음으로 며칠 전에 미리 승차권을 사는 것이 좋다.,"Translate the following sentence into Korean.
English: As the inter-district buses are often full, it is advisable to purchase a ticket a few days in advance.
Korean:",717a8df857b540792d3c440f5aca834bbfd0e0eb58967479bc5dd18d2c72c145,3ae70bb0020ad6f0a75ab2cbad5de6c319c48601681abf325c892643671f6b7e,35,True,
740,740,"Most districts are served by small Japanese Coaster Buses, which are comfortable and sturdy.",대부분의 구역에서는 편안하고 튼튼한 소형 일제 코스터 버스가 운행된다.,"Translate the following sentence into Korean.
English: Most districts are served by small Japanese Coaster Buses, which are comfortable and sturdy.
Korean:",0e7ad30ce38a081c9e3eafb2d24cafad119a7b6d444116b12b998ad3460a76d2,cc2d826a49aeefdf150d4d55d9c5692d56327f09fe8ae807c34e53aa37cf74be,30,True,
741,741,"Shared taxis are a quick and comfortable means to travel to nearby places, such as Paro (Nu 150) and Punakha (Nu 200).","공유 택시는 파로(Nu 150), 푸나카(Nu 200) 등으로 인근 지역을 빠르고 편안하게 여행할 수 있는 수단이다.","Translate the following sentence into Korean.
English: Shared taxis are a quick and comfortable means to travel to nearby places, such as Paro (Nu 150) and Punakha (Nu 200).
Korean:",693f1a93691a5c0e8852d4f6afd437870aadb327127c3d14ecb160ac25dd2ed5,d674a63ef788cbfd6b0964ebb9a015c4fbb2213812e0cd81f29ebb25f1063594,48,True,
742,742,The Oyapock River Bridge is a cable-stayed bridge. It spans the Oyapock River to link the cities of Oiapoque in Brazil and Saint-Georges de l'Oyapock in French Guiana.,오야폭(Oyapock River) 강의 다리는 사장교(cable-stayed bridge)이다. 이 다리는 오야폭 강과 브라질의 오이아포크(Oiapoque) 도시와 프랑스령 기아나의 세인트-조지스 드 르오야폭(Saint-Georges de l'Oyapock)을 연결해 준다.,"Translate the following sentence into Korean.
English: The Oyapock River Bridge is a cable-stayed bridge. It spans the Oyapock River to link the cities of Oiapoque in Brazil and Saint-Georges de l'Oyapock in French Guiana.
Korean:",236bb3244e4c917d786f39500cb4e11aa0d4a254f9ddfb3a62274f725ad7b1e8,4ce084186c98131e030e94814e8a16ace6275777527a6d493872ab00198d12b4,60,True,
743,743,"The two towers rise to a height of 83 meters, it's 378 meters long and it has two lanes of 3.50 m wide.","주탑 두 개의 높이는 83m이고, 다리의 길이는 378미터이며, 3.50m 넓이의 차선 두 개가 있다.","Translate the following sentence into Korean.
English: The two towers rise to a height of 83 meters, it's 378 meters long and it has two lanes of 3.50 m wide.
Korean:",67fafab65a49edcb739e20dff99077ea14a041731336ebe1c466f45de34a9d2d,b3f876902a63bf56e50d2605d95b2f6d5dd5f1d7a93897dd1384afe382434b69,47,True,
744,744,"The vertical clearance under the bridge is 15 meters. Construction was completed in August 2011, it didn't open to traffic until March 2017.","다리 밑 수직 간격은 15미터이며, 공사는 2011년 8월에 마무리되었으며, 해당 다리의 통행금지는 2017년 3월까지이다.","Translate the following sentence into Korean.
English: The vertical clearance under the bridge is 15 meters. Construction was completed in August 2011, it didn't open to traffic until March 2017.
Korean:",94c08138d903331117ad5f232c707910fa1befec5a23acbbcc65cfb65cfea01d,c65c1394e0424fe58ebd6d36f992734cc8892e2c87bd23548370fb0c668a5aa2,49,True,
745,745,"The bridge is scheduled to be fully operational in September 2017, when the Brazilian customs checkpoints are expected to be finished.",이 다리는 브라질 세관 검문소의 시공이 완료되는 2017년 9월에 전면 가동될 예정이다.,"Translate the following sentence into Korean.
English: The bridge is scheduled to be fully operational in September 2017, when the Brazilian customs checkpoints are expected to be finished.
Korean:",a98633834ce7fcbae27e4d60c6830445ebad95992304a7f751af76ce5da2570d,972da11a3dde5d5750c7b420c91450760e61e4bc2f739feec6bab66a514a1df6,39,True,
746,746,"The Guaraní were the most significant indigenous group inhabiting what is now Eastern Paraguay, living as semi-nomadic hunters who also practised subsistence agriculture.","과라니 족은 가장 중요한 토착 부족으로 현 파라과이 동쪽에 거주하며, 자급 농업도 했던 반유목 사냥족이다.","Translate the following sentence into Korean.
English: The Guaraní were the most significant indigenous group inhabiting what is now Eastern Paraguay, living as semi-nomadic hunters who also practised subsistence agriculture.
Korean:",30f77ebb61afe50712e4aec0a4bf118b35cdf9d7f6a7dd2106babb9e721735e2,8f68df1f7545848b779efd4b19840ee5f65403a35f6d2886796cc23ab0f1762a,46,True,
747,747,"The Chaco region was home to other groups of indigenous tribes such as the Guaycurú and Payaguá, who survived by hunting, gathering and fishing.","차코 지방은 사냥, 채집, 어업으로 살아남은 과이쿠루, 파야구아 같은 기타 토착 부족들의 본거지였습니다.","Translate the following sentence into Korean.
English: The Chaco region was home to other groups of indigenous tribes such as the Guaycurú and Payaguá, who survived by hunting, gathering and fishing.
Korean:",520914b5d30be01cd15ccc7703d420b72bec7ddc0995c6f47f63715ac8f0105f,c5f1eaa02b2b576e63e5f55983df9bd763ef6279477ed769d4e5f9a9f80feb77,45,True,
748,748,"In the 16th century Paraguay, formerly called ""The Giant Province of the Indies"", was born as a result of the encounter of Spanish conquerors with the native indigenous groups.",'인디스의 거인성'으로 불리던 파라과이가 16세기에 탄생한 것은 스페인 정복자들과 원주민들이 조우한 결과입니다.,"Translate the following sentence into Korean.
English: In the 16th century Paraguay, formerly called ""The Giant Province of the Indies"", was born as a result of the encounter of Spanish conquerors with the native indigenous groups.
Korean:",b5fb623a157b8eeb9324198d60e42d57a112c32ab20164aaa0e18ad61f805401,41292d07ff8047819ac051e4e9a402d9143fc038fd4226ebb06adb9091416bee,50,True,
749,749,The Spaniards started the colonization period which lasted for three centuries.,스페인 사람들이 3세기 동안 지속된 식민지 시대를 시작했다.,"Translate the following sentence into Korean.
English: The Spaniards started the colonization period which lasted for three centuries.
Korean:",c0d4ca3c2d7839d115a378669c828c4a1832cba653557fac6c3d11604228ea7e,e18fc64f90441471957b8a1fe986edc09bae028e154ca973faf372fc2bd47b15,25,True,
750,750,"Since the foundation of Asunción in 1537, Paraguay has managed to keep a lot of its indigenous character and identity.",1537년 아순시온(Asunción)이 설립된 이래 파라과이는 토착적인 특징과 정체성을 상당 부분 유지해 왔습니다.,"Translate the following sentence into Korean.
English: Since the foundation of Asunción in 1537, Paraguay has managed to keep a lot of its indigenous character and identity.
Korean:",9662aad7b265805bf70ecb67ae5c3f95a8733e5da29abf89cf2a70cb636d02f2,0d19b3ece3ba6644ad685a1d79619727b670f7ccf1ba844cc59b1b0a719ece7c,41,True,
751,751,Argentina is well known for having one of the best polo teams and players in the world.,아르헨티나는 세계 최고의 폴로 팀과 선수를 보유한 것으로 유명합니다.,"Translate the following sentence into Korean.
English: Argentina is well known for having one of the best polo teams and players in the world.
Korean:",7a376283b0886f4d92542bbfa54d51e4520a94bb676550f4c9342f579928128a,6620389bf5f6b826a1914390df59fdfc06bb5632859a6a36c6f5a87e7957755a,30,True,
752,752,The largest tournament of the year takes place in December at the polo fields in Las Cañitas.,그 해의 가장 규모가 큰 토너먼트 경기는 12월에 라스 카니타스의 폴로 경기장에서 열립니다.,"Translate the following sentence into Korean.
English: The largest tournament of the year takes place in December at the polo fields in Las Cañitas.
Korean:",da187a0c66392710ebb844dfe7bb1a16718f2104df482ed27ece6252f3ff3c95,a5ce00d314b05daac048b274c274a3809b8fe93ce8ec61b70c9352b11d859313,32,True,
753,753,Smaller tournaments and matches can also be seen here at other times of the year.,한 해의 다른 기간 동안에 이곳에서 보다 작은 토너먼트와 경기들을 관람하는 것 또한 가능합니다.,"Translate the following sentence into Korean.
English: Smaller tournaments and matches can also be seen here at other times of the year.
Korean:",b4b9639e7ce7ff43ef237ca1ac832faa27a91593084c391fd9661f09f2e9d1b8,8ff3e3d4efbe42f80ecce17044358e2187492359fdf5f773ade8b053f3d39ecc,29,True,
754,754,"For news on tournaments and where to buy tickets for polo matches, check Asociacion Argentina de Polo.","토너먼트 경기 소식과 폴로 경기의 티켓 구매처를 알아보시려면, Asociacion Argentina de Polo를 확인해주세요.","Translate the following sentence into Korean.
English: For news on tournaments and where to buy tickets for polo matches, check Asociacion Argentina de Polo.
Korean:",1a77ed73702c53f26fdfc7ca421a6f9af06adfcd2579a43e60a30b35b4fc206f,aba2526526434b9cd7db7b41dc353bea682a29f8bc84d73d4898f4ba46f2e03d,33,True,
755,755,The official Falklands currency is the Falkland pound (FKP) whose value is set equivalent to that of one British pound (GBP).,포클랜드의 공식 화폐는 1영국 파운드(GBP)의 가치와 동등하게 설정된 포클랜드 파운드(FKP)이다.,"Translate the following sentence into Korean.
English: The official Falklands currency is the Falkland pound (FKP) whose value is set equivalent to that of one British pound (GBP).
Korean:",b6151b19b75a794c75d28e5a257642f83300422fc2024257ee6be84440fc27a5,3e5d24f5e1352cfb45663c0f841c60cd221ac337ad93d32608a1cad5362af676,40,True,
756,756,Money can be exchanged at the only bank in the islands which is located in Stanley across from the FIC West store.,FIC West 스토어 바로 맞은편 Stanley에 위치한 섬의 유일한 은행에서 환전할 수 있습니다.,"Translate the following sentence into Korean.
English: Money can be exchanged at the only bank in the islands which is located in Stanley across from the FIC West store.
Korean:",986bdc0baf131809b7ef8947f1297543d227d5a97a357c1e9349d7354137a911,beff77886b35764967d716c44984cb8f297a389270ee86d467b68cebd12935ba,36,True,
757,757,British pounds will generally be accepted anywhere in the islands and within Stanley credit cards and United States dollars are also often accepted.,영국 파운드는 일반적으로 섬 어디서나 통용되며 스탠리 신용카드와 미국 달러도 대체로 쓸 수 있다.,"Translate the following sentence into Korean.
English: British pounds will generally be accepted anywhere in the islands and within Stanley credit cards and United States dollars are also often accepted.
Korean:",6112e9b8c5497914ea4c7f057c581526a9f06e15fac3087955a35ab87d2d3475,86c09bb53dee47e8fa8af92188b14cf553283afea2c8427b018c65ba653c1182,36,True,
758,758,"On the outlying islands credit cards will probably not be accepted, although British and United States currency may be taken; check with the owners in advance to determine what is an acceptable payment method.",해당 도서 지역에서는 영국 통화와 미국 통화는 사용할 수 있지만 신용카드는 사용할 수 없습니다. 허용되는 결제 수단이 무엇인지 결정하려면 미리 소유주에게 확인하시기 바랍니다.,"Translate the following sentence into Korean.
English: On the outlying islands credit cards will probably not be accepted, although British and United States currency may be taken; check with the owners in advance to determine what is an acceptable payment method.
Korean:",8d5bd590b00f0fdd1f8a7a4f551c815c314a20c080b8256845878944cd9a5f6e,1d79631d9d4e2bfc698a76b2d00f21a2f41e4ee65c19dab96e061254ec8d3b06,50,True,
759,759,"It is nearly impossible to exchange Falklands currency outside of the islands, so exchange money prior to leaving the islands.",섬을 벗어나서 포클랜드 화폐를 환전하기란 거의 불가능하기 때문에 섬을 떠나기 전에 환전하세요.,"Translate the following sentence into Korean.
English: It is nearly impossible to exchange Falklands currency outside of the islands, so exchange money prior to leaving the islands.
Korean:",cfd5df33fa9cc95cfcf0e99e46a7837464e16de57a0c0daffd2f1bc41afec25a,de83cb3af76c420c5fe6ac247f6e8d02c719983e7e40cfedceba81b30822b69c,35,True,
760,760,"Since Montevideo is south of the Equator, it is summer there when it's winter in the Northern Hemisphere and vice versa.","몬테비데오는 적도의 남쪽에 위치하기 때문에 북반구가 겨울일 때 그곳은 여름이고, 반대의 경우도 마찬가지입니다.","Translate the following sentence into Korean.
English: Since Montevideo is south of the Equator, it is summer there when it's winter in the Northern Hemisphere and vice versa.
Korean:",61d7d7df07e12b75e3fe847cc238ff5e81b670078ac0bd214e72cd6a737e1676,c27180ae8664dcee15ec216633eaad800a4d59033b7950b080df8ffa7e70c2cb,39,True,
761,761,"Montevideo is in the subtropics; in the summer months, temperatures above +30°C are common.",몬테비데오는 아열대 지방입니다. 여름에는 보통 온도가 30°C 이상이죠.,"Translate the following sentence into Korean.
English: Montevideo is in the subtropics; in the summer months, temperatures above +30°C are common.
Korean:",155f38319bbbf771eaaa3c2ec9179f26de9acfd44aa8df3a893f4ffd0f5875cd,389cf9186c96a9916fb5e1e5f17bf7d117301161556a6ad97abcb1854f05b9a9,36,True,
762,762,"The winter can be deceptively chilly: temperatures rarely go below freezing, but the wind and humidity combine to make it feel colder than what the thermometer says.","겨울은 믿을 수 없을 만큼 쌀쌀해지기도 한다. 영하 이하로 내려가는 날은 드물지만, 바람과 습도가 합쳐져서 실제 온도보다 더 춥게 느껴진다.","Translate the following sentence into Korean.
English: The winter can be deceptively chilly: temperatures rarely go below freezing, but the wind and humidity combine to make it feel colder than what the thermometer says.
Korean:",323e81baf373ce0da12fd768effbbeaa91bea70643f4c4ff372313e30aa03c9f,1e9971f9a1e040e47d9dbf7df247d54fd46644182231eceaf307830d9830b047,44,True,
763,763,"There are no particular ""rainy"" and ""dry"" seasons: the amount of rain stays roughly the same throughout the year.","""""""우기"""", """"건기""""가 특별히 따로 존재하지 않는다. 강수량은 연중 거의 동일한 수준이다.""","Translate the following sentence into Korean.
English: There are no particular ""rainy"" and ""dry"" seasons: the amount of rain stays roughly the same throughout the year.
Korean:",fcdf899c77d8d8e70d3a108ca8182011be2199c828d2b4b5ac11c60db51f89a0,8070b0292b6349b296c2840962f7779c6cf88610d76e7f61d06ac917b3ed070d,38,True,
764,764,"Though many of the animals in the park are used to seeing humans, the wildlife is nonetheless wild and should not be fed or disturbed.","공원의 많은 동물이 인간을 보는데 익숙하기는 하지만, 야생동물에게는 야생성이 남아있으며 먹이를 주거나 방해해서는 안 됩니다.","Translate the following sentence into Korean.
English: Though many of the animals in the park are used to seeing humans, the wildlife is nonetheless wild and should not be fed or disturbed.
Korean:",32390c6bd4827a5fdc5825a9ce805708c5a664e858838199c59899538ac5e148,dc2d02e786a249166e830c5647e285267c62dabd27b4a44396009aefc4157a61,39,True,
765,765,"According to park authorities, stay at least 100 yards/meters away from bears and wolves and 25 yards/meters from all other wild animals!","공원 당국에 따르면 곰과 늑대로부터 최소 100야드/미터, 기타 모든 야생 동물로부터 최소 25야드/미터를 떨어져 있어야 합니다.","Translate the following sentence into Korean.
English: According to park authorities, stay at least 100 yards/meters away from bears and wolves and 25 yards/meters from all other wild animals!
Korean:",88892ae8e0693cf6808e40e538dacdc03ed8c493b8d67e840547ecce1eb01c9b,e113ac3e2bcca5e6d716dbc37404e4ca341b05fb7b650a3d0b4a8af14fc7b3d1,45,True,
766,766,"No matter how docile they may look, bison, elk, moose, bears, and nearly all large animals can attack.","얼마나 다루기 쉽게 생겼는지에 상관없이, 들소, 엘크, 무스, 곰과 거의 모든 대형동물들은 공격할 수 있다.","Translate the following sentence into Korean.
English: No matter how docile they may look, bison, elk, moose, bears, and nearly all large animals can attack.
Korean:",e83879025a716e303a5b15e189716f675a8b999c5adfbf8206aa376c72a07279,84be264111bf5b3cfd1741bd1dd697ce961ccc65a46c1dd397b9552edf2b7bc5,39,True,
767,767,"Each year, dozens of visitors are injured because they didn't keep a proper distance. These animals are large, wild, and potentially dangerous, so give them their space.","매년 수십 명의 방문객들이 적절한 거리를 유지하지 못해 상처를 입고 있습니다. 이 동물들은 크고, 야생적이고, 위험할 수 있으니, 충분한 거리를 유지하십시오.","Translate the following sentence into Korean.
English: Each year, dozens of visitors are injured because they didn't keep a proper distance. These animals are large, wild, and potentially dangerous, so give them their space.
Korean:",d27cc5f67c933b9c9d3accf600013adf490b723235f2b6e637258fe908da0d82,bc38019baa080010537d4f1e6a5886720e266d7fd7246533e909780dc3b5ec29,46,True,
768,768,"In addition, be aware that odors attract bears and other wildlife, so avoid carrying or cooking odorous foods and keep a clean camp.","추가적으로, 냄새는 곰이나 다른 야생동물을 유인할 수 있으므로 냄새가 나는 음식을 갖고 다니거나 요리하지 않고 캠프를 청결히 해야 합니다.","Translate the following sentence into Korean.
English: In addition, be aware that odors attract bears and other wildlife, so avoid carrying or cooking odorous foods and keep a clean camp.
Korean:",7827ad2d77c0773877c61a55ff70fc8aeb8ddb001870713cdf56f33d78a65b37,902cccb1eb1e6bd3e40d1e859b39feafe30cb062438d498e2246e7eebf594f64,40,True,
769,769,"Apia is the capital of Samoa. The town is on the island of Upolu and has a population of just under 40,000.",아피아는 사모아의 수도다. 이 마을은 우폴루 섬에 있으며 인구는 4만 명이 조금 안 된다.,"Translate the following sentence into Korean.
English: Apia is the capital of Samoa. The town is on the island of Upolu and has a population of just under 40,000.
Korean:",ce69335df3b268814b44dc291b6c40862f22d1160c0297431eda74955a92775e,b4bc065ad4c6ea2da3e2bf8d3b8804912f8414f1e3f9c9cdf2f774f34a0a09b8,44,True,
770,770,Apia was founded in the 1850s and has been the official capital of Samoa since 1959.,아피아는 1850년대에 세워졌고 1959년부터 사모아의 공식 수도입니다.,"Translate the following sentence into Korean.
English: Apia was founded in the 1850s and has been the official capital of Samoa since 1959.
Korean:",17f8c89cc1eb72be172c4349a12f3723c9d54217cd8bfde977bb8570769ed61e,065dc48bb83e7c449c91a8ac4349fb2b8d11a550f066f5597b4de6b741c92c75,39,True,
771,771,"The harbor was the site of an infamous naval standoff in 1889 when seven ships from Germany, the US, and Britain refused to leave the harbor.","이 항구는 1889년 독일, 미국 및 영국에서 온 7척의 배가 항구를 떠나기를 거부했을 때 유명한 해군 교착 장소였습니다.","Translate the following sentence into Korean.
English: The harbor was the site of an infamous naval standoff in 1889 when seven ships from Germany, the US, and Britain refused to leave the harbor.
Korean:",18fa98974d1c14ad7989de2c675d8eb6e0dfb18a68664a3f0322c3b7f7af5824,f3378133fdc570f2fbe8369051be8444b48d0a576cbad789670e3b65b766022f,45,True,
772,772,"All the ships were sunk, except for one British cruiser. Nearly 200 American and German lives were lost.",영국 순양함 한 척을 제외한 모든 선박이 침몰했습니다. 약 200명의 미국인과 독일인이 목숨을 잃었습니다.,"Translate the following sentence into Korean.
English: All the ships were sunk, except for one British cruiser. Nearly 200 American and German lives were lost.
Korean:",02a6ff03553d6430d474a2f3226354f8ae408d9f09aa89ebcf28fc8731dc85f2,b1e54a9afe3faa6b70fdc6e0c1facd122a4e50d22bce6f4a76868be7cea530a7,36,True,
773,773,"During the struggle for independence organised by the Mau movement, a peaceful gathering in the town resulted in the killing of the paramount chief Tupua Tamasese Lealofi III.",마우 운동에 의해 조직되어서 독립을 위한 투쟁을 하던 기간에는 마을에서의 평화적인 모임이 최고 족장인 Tupua Tamasese Lealofi 3세의 죽음을 낳는 결과를 초래했습니다.,"Translate the following sentence into Korean.
English: During the struggle for independence organised by the Mau movement, a peaceful gathering in the town resulted in the killing of the paramount chief Tupua Tamasese Lealofi III.
Korean:",9be7432aaebfe6640449398fa3165844874d52a9a2a7a2d4b670c34984184b27,dbcad8da9f27b9b64efa22772f01eaafaa4e3378105896c7e4db3bb5570130fd,48,True,
774,774,"There are many beaches, due to Auckland's straddling of two harbours. The most popular ones are in three areas.",오클랜드가 두 개의 항구를 가로지르고 있기 때문에 해변이 많습니다. 가장 인기 있는 곳이 세 지역 안에 있습니다.,"Translate the following sentence into Korean.
English: There are many beaches, due to Auckland's straddling of two harbours. The most popular ones are in three areas.
Korean:",14e65276618fa24f68f010dc1c3e02c739b494dcdc699958c1a015c75d9b1ca6,3b1b959916c6b2cfeb2644b3c99939ee456ff3e881ac7781f00a783a48ec584f,38,True,
775,775,North Shore beaches (in North Harbour district) are on the Pacific Ocean and stretch from Long Bay in the north to Devonport in the south.,"노스 쇼어 비치(노스 하버 지구)는 태평양에 맞다아 있으며, 북쪽의 롱베이에서 남쪽의 데본포트까지 뻗어있습니다.","Translate the following sentence into Korean.
English: North Shore beaches (in North Harbour district) are on the Pacific Ocean and stretch from Long Bay in the north to Devonport in the south.
Korean:",30b9b68dff658ba18c03b7821e9be4b5504e862ff4e8153cc89d8603bccb7211,c5a5efdf2df2be8bf8354543081d99e2eed37a0587f5a5a0ef7093fac4876b25,41,True,
776,776,"They are almost all sandy beaches with safe swimming, and most have shade provided by pohutukawa trees.","그곳은 안전한 수영이 가능한 거의 모든 모래 해변이며, 대부분의 해변은 푸후투카와 나무(pohutukawa trees)가 만드는 그늘진 장소들이 많다.","Translate the following sentence into Korean.
English: They are almost all sandy beaches with safe swimming, and most have shade provided by pohutukawa trees.
Korean:",729e79b0f0bc4e702fcfa1e1e0e818cdc59eae9b9e200db4e4d025f3d75f2ca9,c4525469fcc1df2e85c852b07ba5e8720b0ae059403f3a39af5f23dc5b8c2927,35,True,
777,777,"Tamaki Drive beaches are on the Waitemata Harbour, in the upmarket suburbs of Mission Bay and St Heliers in Central Auckland.",타마키 드라이브 해변은 미션 베이와 오클랜드 중심부의 세인트 헬리어스의 교외에 있는 웨이트마타 항구에 있습니다.,"Translate the following sentence into Korean.
English: Tamaki Drive beaches are on the Waitemata Harbour, in the upmarket suburbs of Mission Bay and St Heliers in Central Auckland.
Korean:",5fc1b9076b2dd812c61be62edcf6056f48afe20e0760d9c26eabf2adf0358cab,ab93497ebbecb703a73f0909e0616fb2db9d3c907a3d2f34bf535ca549b91437,40,True,
778,778,These are sometimes-crowded family beaches with a good range of shops lining the shore. Swimming is safe.,"이들 해변은 대개 혼잡하지 않은 가족 해변으로, 해안가에는 다양한 상점이 늘어서 있습니다. 수영해도 안전한 곳입니다.","Translate the following sentence into Korean.
English: These are sometimes-crowded family beaches with a good range of shops lining the shore. Swimming is safe.
Korean:",565c291ac64682936d3a2774642b44c1e73301c93ff6a6c265766988dfafe01d,0b0c7dfd7fb79ac593d53d0947932e850a416c4c650f374477b5c6ddc217d0d4,34,True,
779,779,"The main local beer is 'Number One', it is not a complex beer, but pleasant and refreshing. The other local beer is called ""Manta"".","주요 지역 맥주는 '넘버원(Number One)'으로, 복합적인 풍미는 아니지만 기분 좋은 상큼한 맥주입니다. 또 다른 지역 맥주로는 '만타(Manta)'가 있습니다.","Translate the following sentence into Korean.
English: The main local beer is 'Number One', it is not a complex beer, but pleasant and refreshing. The other local beer is called ""Manta"".
Korean:",4f7b603d7a179ecd79bb1cd2e37bc6e1cad4107fdb16ed1c89f3c05ef313daac,b5bd2ccb180aeadb369b8e4fe76a954c3fee6b4ca237f42ae5f7be78a973d7cb,43,True,
780,780,"There are many French wines to be had, but the New Zealand and Australian wines might travel better.","프랑스 와인 중 마셔봐야 할 와인은 많지만, 뉴질랜드와 호주산 와인도 쉽게 물 건너 온답니다.","Translate the following sentence into Korean.
English: There are many French wines to be had, but the New Zealand and Australian wines might travel better.
Korean:",344008885624ab0afe5b8bb825668bbf3177b3ab37d2997b0fe452c2a2686d43,760ad2d3c3afb9de5deab64ac4dd175bbccfa21c7dd510f929fcfcef3f0471e4,32,True,
781,781,"The local tap water is perfectly safe to drink, but bottled water is easy to find if you are fearful.","현지 수돗물은 마셔도 안전하긴 하지만, 우려되는 경우 생수를 쉽게 살 수 있습니다.","Translate the following sentence into Korean.
English: The local tap water is perfectly safe to drink, but bottled water is easy to find if you are fearful.
Korean:",2c695eff5b05950344a0422d92cd182c8deb09f455ca5e2bb1fddba2e9f3de03,213a05cadd90fbc79d33617b8abdc8b77253e890b6c3856f032954287777e6ba,34,True,
782,782,"For Australians, the idea of 'flat white' coffee is foreign. A short black is 'espresso', cappuccino comes heaped high with cream (not froth), and tea is served without milk.","호주인들에게 '플렛 화이트'라는 커피 개념은 생소합니다. 쇼트 블랙은 '에스프레소'이고, 카푸치노는 크림 (거품이 아님)으로 수북히 쌓여 나오고, 차는 우유 없이 제공됩니다.","Translate the following sentence into Korean.
English: For Australians, the idea of 'flat white' coffee is foreign. A short black is 'espresso', cappuccino comes heaped high with cream (not froth), and tea is served without milk.
Korean:",e7942e9ea530f0a500d28c5a8a5fb94ac355a0e81e7f1154b6eab13ea9c96829,1d2424839021161ea49594e3f8a585d8b7ef09c4d46b0fdff1752dcdd237928c,56,True,
783,783,The hot chocolate is up to Belgian standards. Fruit juices are pricey but excellent.,핫 초콜릿은 벨기에 표준에 따릅니다. 과일 주스는 비싸지만 아주 맛있습니다.,"Translate the following sentence into Korean.
English: The hot chocolate is up to Belgian standards. Fruit juices are pricey but excellent.
Korean:",ea724aadcf746256a4f06ce53c75bfeff54e3c6c2e31837120f8e29b11a1ebd1,f9cace8f6e291fc5f00411ea0b3e29199543da4add90958f246df0955b27a966,28,True,
784,784,"Many trips to the reef are made all year around, and injuries due to any of these causes on the reef are rare.","이 산호초 지역으로 일 년 내내 많은 여행을 하지만, 암초에서 이와 같은 원인들로 인한 부상은 거의 일어나지 않는다.","Translate the following sentence into Korean.
English: Many trips to the reef are made all year around, and injuries due to any of these causes on the reef are rare.
Korean:",93fbfef5916c5a4d2b03572b41354c0d2e19b7a3ac98019badf49409668964c1,e8c4fb8cbe2a2a74960ba0eb39b62b15c1e1a0a13b18db8e3fc76dfc0efbf901,37,True,
785,785,"Still, take advice from authorities, obey all signs, and pay close attention to safety warnings.","그래도 관계자의 조언을 듣고 모든 표지판을 지키고, 안전 경고에 세심한 주의를 기울여야 합니다.","Translate the following sentence into Korean.
English: Still, take advice from authorities, obey all signs, and pay close attention to safety warnings.
Korean:",7d57357e70b545c2072238c923b3c371db576192eeec7e0c11e9172d1d0c64e4,cca7a074519357fd50cdb31ca4c6241cb499c59eb3225f5e7b0056f411b2d516,31,True,
786,786,Box jellyfish occur near beaches and near river estuaries from October to April north of 1770. They can occasionally be found outside these times.,상자 해파리는 1770년 10월부터 4월까지 해변과 강어귀 근처에서 발생한다. 이 시기에는 가끔 밖에서 발견되기도 한다.,"Translate the following sentence into Korean.
English: Box jellyfish occur near beaches and near river estuaries from October to April north of 1770. They can occasionally be found outside these times.
Korean:",3f2bd7607871b40e9f734cd0084da769aade7c2cc61b42693c7bae926f32100b,b5acb627bfa59963d6d3a8256193f42620f9e77c599affb1876b44c0fe854d2d,45,True,
787,787,"Sharks do exist, however they rarely attack humans. Most sharks are scared of humans and would swim away.",상어는 정말 존재하긴 하지만 사람을 공격하는 일은 아주 드뭅니다. 대부분의 상어는 사람을 두려워해서 헤엄쳐 달아납니다.,"Translate the following sentence into Korean.
English: Sharks do exist, however they rarely attack humans. Most sharks are scared of humans and would swim away.
Korean:",9f8ff8dbdb9d891d57b9b6c2b46c9c0f40f169c587678aebd4b90540654fabc8,ea15a841766d76926311c2e48ccdbcaba82dce855499f36836dfbc63d4e623d2,33,True,
788,788,"Saltwater Crocodiles do not actively live in the ocean, their primary habitat is in river estuaries north from Rockhampton.","바다 악어는 바다에서 살지 않으며, 록햄프턴 북쪽 강어귀에 주로 서식한다.","Translate the following sentence into Korean.
English: Saltwater Crocodiles do not actively live in the ocean, their primary habitat is in river estuaries north from Rockhampton.
Korean:",e517fc18e632595de9cc67c982cd5144222b3edda3b74feae3582636402ee3a7,074f1f34e4580c6fe31aa03bae449e34c2dd60226f5c681b0b3211831b11f6b1,40,True,
789,789,Booking in advance gives the traveller peace of mind that they will have somewhere to sleep once they arrive at their destination.,미리 예약하면 여행자가 목적지에 도착했을 때 어딘가에 묵을 곳이 있다는 마음의 안정을 준다.,"Translate the following sentence into Korean.
English: Booking in advance gives the traveller peace of mind that they will have somewhere to sleep once they arrive at their destination.
Korean:",6b2feb041dfe3ea215b914baef04c7b2bbd5449f640733b8155913dc56014831,7319993563a59dcc82e1f2277c2741c67eb7f0a549dc014b445ebb4cb9a496fc,35,True,
790,790,"Travel agents often have deals with specific hotels, although you may find it possible to book other forms of accommodation, like camping grounds, through a travel agent.","여행사는 종종 특정 호텔의 특가 상품을 갖고 있지만, 이들을 통해 캠핑 장소와 같이 다른 종류의 숙박을 예약하는 것도 가능합니다.","Translate the following sentence into Korean.
English: Travel agents often have deals with specific hotels, although you may find it possible to book other forms of accommodation, like camping grounds, through a travel agent.
Korean:",a091077b8c38776460e74f7164839e26dedab018f433f813481e99aee34a946a,42550cc16af3f008e553bc2e4415c4b94ce608c796a710799cfb4235da825159,43,True,
791,791,"Travel agents usually offer packages that include breakfast, transportation arrangements to/from the airport or even combined flight and hotel packages.","여행사 직원들은 보통 아침 식사, 공항 픽업/교통편, 심지허 항공편과 호텔를 포함한 패키지를 제공합니다.","Translate the following sentence into Korean.
English: Travel agents usually offer packages that include breakfast, transportation arrangements to/from the airport or even combined flight and hotel packages.
Korean:",b3e559b70a7938bc00e537c3cb3ff1329252987758a3a9a077cfcfb7bbd002fa,202b8e16aca9c3ee938ee0f14f5da0c004ced7ae9c8d10767ea3e5237b423907,35,True,
792,792,They can also hold the reservation for you if you need time to think about the offer or procure other documents for your destination (e.g. visa).,또한 결정하기 위해 시간이 필요하거나 목적지에 대한 다른 서류(e.g. 비자)를 조달할 시간이 필요할 경우 고객을 위해 예약을 보류해 준다.,"Translate the following sentence into Korean.
English: They can also hold the reservation for you if you need time to think about the offer or procure other documents for your destination (e.g. visa).
Korean:",a72a7554c50b9ad7dcb082f71405bb6fcc4781746f4e809e5349011aa00fdce3,f84161f473945ee006c87f0652d514ca3f11899d39ab7c851ebf0f33cb8e1f00,42,True,
793,793,Any amendments or requests though should be coursed through the travel agent first and not directly with the hotel.,하지만 모든 수정이나 요청 사항이 있으면 호텔로 직접 연락하지 말고 우선 여행사를 통해 이를 진행해야 합니다.,"Translate the following sentence into Korean.
English: Any amendments or requests though should be coursed through the travel agent first and not directly with the hotel.
Korean:",876e11a0f406f56cae283980a548eee2d50a788b818e5938ed9ae73b077c7d16,522e8157b24dd8a8431bae65595538b0489717a0efac129ad8927a4aec8f6aa9,33,True,
794,794,"For some festivals, the vast majority of the attendants to music festivals decide to camp on site, and most attendants consider it a vital part of the experience.","몇몇 축제들에서 음악 축제에 참석하는 많은 사람들이 그 자리에서 야영하기로 결정하고, 대부분의 참석자는 야영을 반드시 경험해봐야 하는 일이라 생각한다.","Translate the following sentence into Korean.
English: For some festivals, the vast majority of the attendants to music festivals decide to camp on site, and most attendants consider it a vital part of the experience.
Korean:",e4091b6e9d1dd5ffe9659191aad27336595ac0c72c102f0a50b69b48dbe021e6,426adbe4f08c26f4f8ed7686ba6fad1ed422df080e958ba899a81187332d69db,45,True,
795,795,If you want to be close to the action you're going to have to get in early to get a camping site close to the music.,즐거움과 활기를 가까이하려면 일찍 들어가야 음악과 가까운 곳에 캠핑장을 구할 수 있다.,"Translate the following sentence into Korean.
English: If you want to be close to the action you're going to have to get in early to get a camping site close to the music.
Korean:",e4ea8b7abe2f82d4532d5ca0c60629b6519c23aa7d9a5d259a47edbb5a71a271,ca481850fc777f8027e5c3feb32085bfa69fcfbb3f6b93db25b89720d4cf6ca5,40,True,
796,796,"Remember that even though music on the main stages may have finished, there may be sections of the festival that will keep playing music until late into the night.","비록 중앙 무대에서 연주하는 곡은 끝날 수 있지만, 축제 곳곳에서는 밤늦게까지 음악을 연주할 수도 있다는 것을 잊지 마세요.","Translate the following sentence into Korean.
English: Remember that even though music on the main stages may have finished, there may be sections of the festival that will keep playing music until late into the night.
Korean:",3e32e25aeb76a80e21b5aa097d635190c54687676986dd6e3b9a44903ba1ed3e,8fbbe8b89513c2c87867805d00ebc6672effa299363fd831feaefd8c9402acb2,43,True,
797,797,Some festivals have special camping areas for families with young children.,일부 축제들은 어린아이들이 있는 가족들을 위한 특별한 캠핑 공간을 가지고 있습니다.,"Translate the following sentence into Korean.
English: Some festivals have special camping areas for families with young children.
Korean:",8b320ec29afb0c32a91b174b2c0e53ee5510d53f268ca146667b043dd3407a21,1b4fc597890530bd195ea9ae84475a1252eb73006372ca5ec1b4634628ce7793,24,True,
798,798,"If crossing the Northern Baltic in winter, check the cabin location, as going through ice causes quite horrible noise for those most affected.","겨울에 북발트해를 건널 경우에는 빙판을 통과하면서 꽤 끔찍한 소음이 발생하기 때문에, 객실의 위치를 확인하는 것이 좋다.","Translate the following sentence into Korean.
English: If crossing the Northern Baltic in winter, check the cabin location, as going through ice causes quite horrible noise for those most affected.
Korean:",62143e24458b7f842d057451c0852f493a0074e4f0f72276e0f7af4d6e2b129e,405e835c3b1ff95d2802f196ef4fe15ff262ebef3dce8aef32150f160aba59ef,38,True,
799,799,Saint Petersburg cruises include time in town. Cruise passengers are exempted from visa requirements (check the terms).,상트페테르부르크 크루즈는 시내에서의 시간이 포함됩니다. 크루즈 승객은 비자 요건에서 제외됩니다(약관을 확인하세요).,"Translate the following sentence into Korean.
English: Saint Petersburg cruises include time in town. Cruise passengers are exempted from visa requirements (check the terms).
Korean:",c66a901200eb068fb2c2e3bae4107b698f1618d5dfa2c35198e4ac32b6a1d08e,3581da57a350b59ce93412e3c004b364b0b5e7e6fdd63aeea65e71668505723e,34,True,
800,800,"Casinos typically make many efforts to maximize time and money spent by guests. Windows and clocks are usually absent, and exits can be hard to find.","카지노는 일반적으로 손님들이 소비하는 시간과 돈을 최대화하기 위해 많은 노력을 합니다. 보통 창문과 시계가 없고, 출구를 찾기 어려울 수 있습니다.","Translate the following sentence into Korean.
English: Casinos typically make many efforts to maximize time and money spent by guests. Windows and clocks are usually absent, and exits can be hard to find.
Korean:",207bd965dcbce4de74250613ff50fbed12e9e666bd27ad158556756daf4e1a36,8225615d7953ca2b7884ba6ffc76323f935942673d15ccd214b0cbc01ca8b9c8,41,True,
801,801,"They usually have special food, drink and entertainment offers, to keep guests in a good mood, and keep them at the premise.","그들은 방문객들이 계속 머물면서, 좋은 분위기를 이어갈 수 있도록 항상 특별한 음식, 음료, 오락거리를 구비하고 있다.","Translate the following sentence into Korean.
English: They usually have special food, drink and entertainment offers, to keep guests in a good mood, and keep them at the premise.
Korean:",3f2f9ab3386f993940c4ce5106a425d221fbc4a50a5f27b3068fa2d4551db41b,ce57faa34e05604580ec7b3f67548034ac3ab4e5f20e0cdf20ec4d5448a5190f,38,True,
802,802,"Some venues offer alcoholic beverages on the house. However, drunkenness impairs judgement, and all good gamblers know the importance of staying sober.",일부 장소에서는 주류를 무료로 제공하기도 한다. 하지만 술은 판단력을 흐리게 하기 때문에 훌륭한 도박꾼들은 모두 취하지 않는 것의 중요함을 알고 있다.,"Translate the following sentence into Korean.
English: Some venues offer alcoholic beverages on the house. However, drunkenness impairs judgement, and all good gamblers know the importance of staying sober.
Korean:",b633712b27d7b1300c904426facde0f02fd1a8c3767456c6a36a951688382f3b,f77d208e68298e730bb4e4559ba70bd93c5fdc048dde4b503a14c429c37ef571,41,True,
803,803,"Anyone who's going to drive at high latitudes or over mountain passes should consider the possibility of snow, ice, or freezing temperatures.","높은 고도나 산길을 넘어 운전하려고 하면 눈, 빙판 또는 영하의 기온 등이 생길 가능성에 대해 고려해야 한다.","Translate the following sentence into Korean.
English: Anyone who's going to drive at high latitudes or over mountain passes should consider the possibility of snow, ice, or freezing temperatures.
Korean:",7612ecf34d1ee814adcd56919763d0feed7572be50bb3c3079c842048e19e64d,c23846bafde70731f251a0dcee7a9d6d4c370fa03e508bfac6de00c069f9ed7a,39,True,
804,804,"On icy and snowy roadways, friction is low and you cannot drive as if you were on bare asphalt.",얼음이 덮히고 눈이 쌓인 도로에서는 마찰력이 줄어들어서 당신은 마치 맨 아스팔트 위에 있는 것처럼 운전을 제대로 할 수가 없다.,"Translate the following sentence into Korean.
English: On icy and snowy roadways, friction is low and you cannot drive as if you were on bare asphalt.
Korean:",19fbead706abfd106d9e44de796550afd23caf5f7692f0fd2262d601cd6a92f2,d2156caadb6fb94be269c5bf9a66fceaab181d2c4e16977be39f3e7e5a9fa2eb,34,True,
805,805,"During blizzards, enough snow to get you stuck can fall in very little time.",눈보라가 불면 순식간에 많은 눈이 내려 발이 묶일 수 있다.,"Translate the following sentence into Korean.
English: During blizzards, enough snow to get you stuck can fall in very little time.
Korean:",44d5bb2302cc869f57bc2d7894696f3373085c92495799692932cb7beb2164ff,f97d9521405f7670349905746dd494e0347e83fac3fdb66e9754c2898a06d267,30,True,
806,806,Visibility may also be restricted by falling or blowing snow or by condensation or ice on vehicle windows.,"또한 떨어지고 흩날리는 눈이나 물방울, 또는 차량 윈도우에 서린 성에 때문에 시야가 제한받을 수도 있다.","Translate the following sentence into Korean.
English: Visibility may also be restricted by falling or blowing snow or by condensation or ice on vehicle windows.
Korean:",37523e3009dffeaaf76f3c175ff1f747f5b7bc0a5547dffc5a7da4c6956ccf0e,707a45ddaaf96951d29268578a071bbd29722234b124d6f11a2049f039862bd8,32,True,
807,807,"On the other hand, icy and snowy conditions are normal in many countries, and traffic goes on mostly uninterrupted all year round.","이에 반해 빙판길이나 눈이 쌓인 길이 일상인 많은 나라가 있으며, 일 년 내내 길이 대부분 막히지 않습니다.","Translate the following sentence into Korean.
English: On the other hand, icy and snowy conditions are normal in many countries, and traffic goes on mostly uninterrupted all year round.
Korean:",01385e15ad8553308567a61293b213c43b11778e2e599901b3b42cda7cf98c98,f89cbfc12e9df956af6542bc0d0d388b5223b570cf13d931d94d099119fdd881,37,True,
808,808,Safaris are perhaps the greatest tourism draw in Africa and the highlight for many visitors.,사파리는 아마도 아프리카에서 가장 멋진 관광명소이며 많은 방문객에게 하이라이트가 될 것이다.,"Translate the following sentence into Korean.
English: Safaris are perhaps the greatest tourism draw in Africa and the highlight for many visitors.
Korean:",f2858fd7b82637f68f15dfcdbe17161bf41709249b8e99005c5051dbff61f11c,ca1251e7c706045f86db4a338ee8d9ccdc140260a4afd201beabc1017debe803,29,True,
809,809,"The term safari in popular use refers to overland travel to view the stunning African wildlife, particularly on savanna.",널리 알려진 사파리라는 표현은 특히 사바나의 멋진 아프리카의 야생동물들을 보기위한 육로 여행을 칭한다.,"Translate the following sentence into Korean.
English: The term safari in popular use refers to overland travel to view the stunning African wildlife, particularly on savanna.
Korean:",b84f245d27165ae27c5d0fd97ff35437beca900fcbfe6abec6dce88ec8f11121,967df0cb73d14433314f0bb817070a9e403e77b446bc08f2d1f247d9d0492b07,35,True,
810,810,"Some animals, such as elephants and giraffes, tend to approach closely to cars and standard equipment will allow good viewing.",코끼리나 기린처럼 일부 동물은 자동차에 가까이 접근하는 경향이 있으며 표준 장비를 이용하여 잘 관찰할 수 있습니다.,"Translate the following sentence into Korean.
English: Some animals, such as elephants and giraffes, tend to approach closely to cars and standard equipment will allow good viewing.
Korean:",2cff47a89355d33387af1376d05055b726aac549fc3030a6da482d8c42d9cd0c,d37b31e72f41d798af0c7e7b5711966952eda6785598f99b2e0ba2b1723e6240,37,True,
811,811,"Lions, cheetahs and leopards are sometimes shy and you will see them better with binoculars.","사자, 치타, 표범은 때때로 부끄러움을 타기 때문에 쌍안경을 이용하면 더 잘 관찰할 수 있습니다.","Translate the following sentence into Korean.
English: Lions, cheetahs and leopards are sometimes shy and you will see them better with binoculars.
Korean:",7780f61e8f51dcb26953db7b17b9f858b72cfc68595646cdbe2535a16711acdf,56ac04c0625cd260a87f9cc0c7bb8945909b364f1c4faa87544d0feeac45cbae,36,True,
812,812,"A walking safari (also called a ""bush walk"", ""hiking safari"", or going ""footing"") consists of hiking, either for a few hours or several days.","""하이킹 사파리(""""부시 산책"""", """"하이킹 사파리"""" 또는 """"발디딤""""이라고도 함)는 몇 시간 또는 며칠 동안 할 수 있는 하이킹으로 구성된다.""","Translate the following sentence into Korean.
English: A walking safari (also called a ""bush walk"", ""hiking safari"", or going ""footing"") consists of hiking, either for a few hours or several days.
Korean:",4a655797d6508ea2fc46387ed06946d60ae1e451f06c74cb3189fb90e2bbcc5b,2f6609d8c45b56aa00ba215fd2c3f1e7c0d954d520da3b64903747e2fedbd8c4,48,True,
813,813,The Paralympics will take place from 24 August to 5 September 2021. Some events will be held in other locations throughout Japan.,장애인 올림픽 대회는 2021년 8월 24일부터 9월 5일까지 개최될 예정입니다. 일부 행사는 일본 전역의 여러 지역에서 열립니다.,"Translate the following sentence into Korean.
English: The Paralympics will take place from 24 August to 5 September 2021. Some events will be held in other locations throughout Japan.
Korean:",d053cb3750917ca3b591e268198efea19e2a244e83c1db82ffcbbe3b2fd63bf3,1aa5b334089c6bd93242171eebb4e80a4615dfe98fec835fc553b109e463e82a,46,True,
814,814,"Tokyo will be the only Asian city to have hosted two summer Olympics, having hosted the games in 1964.",1964년에 하계 올림픽을 유치했던 동경은 아시아에서 하계 올림픽을 두 번 치른 유일한 도시가 될 것입니다.,"Translate the following sentence into Korean.
English: Tokyo will be the only Asian city to have hosted two summer Olympics, having hosted the games in 1964.
Korean:",76a9ebb22185c295c58d384da7b5021d44485f53d8aa123feb5a7761bd4030cf,f415727053b6ad3aa8798e58f3ec39a076c4cdebf1b2a0c38d08fa535294daff,37,True,
815,815,"If you booked your flights and accommodation for 2020 before the postponement was announced, you may have a tricky situation.",연기가 발표되기 전 2020년도 항공편과 숙소를 예약했다면 조금 복잡한 상황이 발생할 수 도 있습니다.,"Translate the following sentence into Korean.
English: If you booked your flights and accommodation for 2020 before the postponement was announced, you may have a tricky situation.
Korean:",edba0af3d102d6973098f1145e9d014ffcd378c4b0e42dffa547c58a94559137,192f9e7e52d3138660261cf083d3b9fb51439c165890e2e82ffd11ea18ee6b99,39,True,
816,816,"Cancellation policies vary, but as of late March most coronavirus-based cancellation policies don't extend to July 2020, when the Olympics had been scheduled.","환불 규정은 상이하지만, 3월 말 현재 코로나 바이러스로 인한 환불 규정은 대부분 2020년 7월 올림픽 기간까지 연장되어 있지 않다.","Translate the following sentence into Korean.
English: Cancellation policies vary, but as of late March most coronavirus-based cancellation policies don't extend to July 2020, when the Olympics had been scheduled.
Korean:",55540f09a209341da00226782e963d7009b96184c5b214a404fabce911a6f56a,099e9fc6fa5877cba74078ab4b0bdcec4ca3bc6a431e4d1d4f1d32cef38b0abb,45,True,
817,817,"It's expected that most event tickets will cost between ¥2,500 and ¥130,000, with typical tickets costing around ¥7,000.","대부분의 이벤트 티켓 가격은 2,500엔에서 130,000엔 사이이며, 일반적인 티켓 가격은 7,000엔 선이다.","Translate the following sentence into Korean.
English: It's expected that most event tickets will cost between ¥2,500 and ¥130,000, with typical tickets costing around ¥7,000.
Korean:",1db6e12e447e37f6f0e4e4af9da006f219a06db458353625b16fbb138db9235c,e2036ce0e648f16dae618d1fdde0337dd81a760b0f843e9c2b48e78752a7e2b3,50,True,
818,818,"Ironing damp clothes can help them dry. Many hotels have an iron and ironing board available for loan, even if one is not present in the room.",젖은 옷을 다림질하는 것은 옷을 빨리 마르는 것을 도울 수 있다. 많은 호텔들은 객실에는 구비해 놓지 않더라도 대여가 가능한 다리마와 다리미판을 가지고,"Translate the following sentence into Korean.
English: Ironing damp clothes can help them dry. Many hotels have an iron and ironing board available for loan, even if one is not present in the room.
Korean:",a83bf5cc915f72d6025d831064e1346ca47dae68cdaa45ba99f69e29f3c49d37,e127b27b04cd50c2ffed41ca75c142793d6376dcc5cefa7b2fc8d9835567696a,44,True,
819,819,"If an iron isn't available, or if you don't fancy wearing ironed socks, then you can try using a hairdryer, if available.","다리미가 없거나, 다림질한 양말을 신는 것을 좋아하지 않을 수 있습니다. 이 경우, 헤어드라이어가 있다면 이를 사용하는 방법도 있습니다.","Translate the following sentence into Korean.
English: If an iron isn't available, or if you don't fancy wearing ironed socks, then you can try using a hairdryer, if available.
Korean:",f748e3f36c5cdbcff81ee91e7a2930cbc6c2b73410b862f7f5aa1332ea4dc316,de9426e388b48efce6bc34204fafa8fe0797f69da48cc2383e099702a87dd422,43,True,
820,820,"Be careful not to allow fabric to become too hot (which can cause shrinkage, or in extreme cases, scorch).",원단이 너무 뜨거워지지 않도록 주의하세요(원단이 수축하거나 그을릴 수 있습니다).,"Translate the following sentence into Korean.
English: Be careful not to allow fabric to become too hot (which can cause shrinkage, or in extreme cases, scorch).
Korean:",5202294725350a2d58d6a59efd127c4b767ab86f3eb94f5350c8efd5eb25d209,6192185c3f4bafaf9eee5e69c5416ee0221c2eaef9c87b01e510abd26d71964a,37,True,
821,821,"There are different ways of purifying water, some more effective against specific threats.","물을 정화시키는 다른 방법들이 있는데, 어떤 것들은 특정한 위험요소에 더 효과적이다.","Translate the following sentence into Korean.
English: There are different ways of purifying water, some more effective against specific threats.
Korean:",217479817a6ca1df1be82261abfaa05e5d1b699d0a014f99cb3b061105b4764a,fcae63f9eb0ccbec22c19c44b95efcf2fb6d559032407351be765e7c65a65feb,28,True,
822,822,"In some areas boiling water for a minute is enough, in others several minutes are needed.",일부 지역에서는 1분간 물을 끓이는 것으로 충분하다. 다른 지역에서는 수 분 동안 물을 끓일 필요가 있다.,"Translate the following sentence into Korean.
English: In some areas boiling water for a minute is enough, in others several minutes are needed.
Korean:",3314309815441699684ce920193c9aad5f92d5f64dcd7182ca6c3176485c7dc4,12b7f0276fc2562f75d15a82316d6293b7cc23f0e4b5681debd1b669e23eb68e,30,True,
823,823,"Filters vary in effectiveness, and should you have a concern, then you should consider buying your water in a sealed bottle from a reputable company.",정수 필터들은 그 효과성이 다양합니다. 수질이 우려되는 경우에는 평판 있는 브랜드의 생수를 사 마시는 것을 추천합니다.,"Translate the following sentence into Korean.
English: Filters vary in effectiveness, and should you have a concern, then you should consider buying your water in a sealed bottle from a reputable company.
Korean:",9add2b6c8e95918a2917b8ff934e8e4b8ea468b7d272121cb3cf81d70d73a091,c28e01d3d1f446a9a48be69a985976c382f2196551487ccb6296082cccb047dc,40,True,
824,824,Travellers may encounter animal pests that they are not familiar with in their home regions.,여행자는 자신이 살고 있는 지역에서는 흔하지 않은 동물 해충을 만날 수 있습니다.,"Translate the following sentence into Korean.
English: Travellers may encounter animal pests that they are not familiar with in their home regions.
Korean:",835ca37d5ea2b1bb4cbab80552ef12539486bbd7334f3a0f69473cc0504bd1d9,e7c7479081156ba68311230619679e0f26eaac8a458d65fea5655b9eab246cc6,29,True,
825,825,"Pests can spoil food, cause irritation, or in a worse case cause allergic reactions, spread venom, or transmit infections.","해충은 음식이 썩게 만들고 염증을 유발하거나, 더 나쁜 경우 알레르기 반응을 일으키고 독을 퍼뜨리거나 전염병을 옮길 수 있습니다.","Translate the following sentence into Korean.
English: Pests can spoil food, cause irritation, or in a worse case cause allergic reactions, spread venom, or transmit infections.
Korean:",5e9c33beab6efde8c979e20b357ed071a6baca0f60fb3dd362ecc83eb3fc515b,16f9d10faada57990b5bee5e1deaec15bd49f87867e708d8c0b12482eb5caa02,37,True,
826,826,"Infectious diseases themselves, or dangerous animals that can injure or kill people by force, do not usually qualify as pests.","전염병 자체, 또는 힘으로 사람을 다치게 하거나 죽일 수 있는 위험한 동물은 보통 해충으로 간주되지 않는다.","Translate the following sentence into Korean.
English: Infectious diseases themselves, or dangerous animals that can injure or kill people by force, do not usually qualify as pests.
Korean:",73b824e75ff3cc521fa18f6a2324201334d449bec241547a0f0ff3302506f15d,e1f4ad61d54174011e7d9f63d639b83e055567c50cdd32a7b20d2564b8b17dff,37,True,
827,827,Duty free shopping is the opportunity to buy goods exempted from taxes and excises at certain locations.,면세 쇼핑은 특정 지역에서 세금과 소비세가 면제된 상품을 구매할 수 있는 기회를 제공해 준다.,"Translate the following sentence into Korean.
English: Duty free shopping is the opportunity to buy goods exempted from taxes and excises at certain locations.
Korean:",00c57878520874170dba688073985101a3fd791ab2be2653807d2f8b73cd9e36,4abb7a7b5fb2601507ee8ea5db0ae6fed8fce33155be6bfab3f0b8b6579caef7,32,True,
828,828,"Travellers bound for countries with heavy taxation can sometimes save a considerable amount of money, especially on products such as alcoholic beverages and tobacco.",무거운 세금을 물리는 국가의 여행객들은 때때로 상당한 금액을 아낄 수 있다. 특히 주류나 담배를 살 때 그렇다.,"Translate the following sentence into Korean.
English: Travellers bound for countries with heavy taxation can sometimes save a considerable amount of money, especially on products such as alcoholic beverages and tobacco.
Korean:",3b8b5cc58a1761ff9f722ec468f1a1d21d809ec1ec374e7bc457bdf998d8f2a5,1bf22d8fa48c21d0c7f5c0f290cab35302ba4249c7c1bbfb80c8999e0f856012,39,True,
829,829,"The stretch between Point Marion and Fairmont presents the most challenging driving conditions on the Buffalo-Pittsburgh Highway, passing frequently through isolated backwoods terrain.",고립된 산간 지형에 위치한 포인트 마리온과 페어몬트 사이의 길은 버팔로 피츠버그 고속도로 중에서 가장 운전하기 힘든 곳으로 알려져 있다.,"Translate the following sentence into Korean.
English: The stretch between Point Marion and Fairmont presents the most challenging driving conditions on the Buffalo-Pittsburgh Highway, passing frequently through isolated backwoods terrain.
Korean:",de08b3e6ae03299cc7561a69b730bf6bb22e047a42bda8e51d81714d38b2d0c8,8a47c299b390aee2f498886afacab19f0b9dd2e8011108049ec2295d8a41bd62,42,True,
830,830,"If you're not used to driving on country roads, keep your wits about you: steep grades, narrow lanes, and sharp curves predominate.","시골길 운전에 익숙하지 않은 경우 가파른 경사, 좁은 차선 및 급격한 커브길을 조심해야 합니다.","Translate the following sentence into Korean.
English: If you're not used to driving on country roads, keep your wits about you: steep grades, narrow lanes, and sharp curves predominate.
Korean:",78c6700f7c62e327defe320ed030e2c349ebe28f4624bb7ebdb960b57b9bf5d0,2c5d13e25bc9f5722ee22213c9fb8816665edd78db62d389e31e49b5696710ff,43,True,
831,831,Posted speed limits are noticeably lower than in previous and subsequent sections — commonly 35-40 mph (56-64 km/h) — and strict obedience to them is even more important than otherwise.,공시된 속도 제한은 이전 및 이후 구간보다 눈에 띄게 낮으며 - 보통 35-40 mph(56-64 km/h) - 해당 구간 내에선 속도 준수 엄수가 다른 구간보다 훨씬 중요합니다,"Translate the following sentence into Korean.
English: Posted speed limits are noticeably lower than in previous and subsequent sections — commonly 35-40 mph (56-64 km/h) — and strict obedience to them is even more important than otherwise.
Korean:",955092bbbbebfceb126df7df6c05602c1dbb66cb0b6b753bcde744b05c4e40a7,ea29e4c70d2707f0c838e2b62ed2c78a411124825deff5833bc2422988b7e10a,55,True,
832,832,"Curiously, though, mobile phone service is much stronger here than along many other stretches of the route, e.g. the Pennsylvania Wilds.","흥미롭게도, 휴대 전화 서비스는 펜실베니아 와이즈와 같은 이 경로의 다른 많은 지점보다 여기에서 훨씬 강력합니다.","Translate the following sentence into Korean.
English: Curiously, though, mobile phone service is much stronger here than along many other stretches of the route, e.g. the Pennsylvania Wilds.
Korean:",a254d3b1d97222fd49d594d81eb9413a2c88966634ac330da30c13005aaa2962,fea498dad87c65799abcac0f0d987bbdbd44c32d2f7f9640fd69a56ff85c271f,41,True,
833,833,"German pastries are quite good, and in Bavaria, are quite rich and varied, similar to those of their southern neighbor, Austria.","독일 페이스트리는 꽤 훌륭하며, 바이에른에서는 남쪽 이웃인 오스트리아와 비슷하게 버터가 많이 들어가고 다양합니다.","Translate the following sentence into Korean.
English: German pastries are quite good, and in Bavaria, are quite rich and varied, similar to those of their southern neighbor, Austria.
Korean:",0c04da6c42823016cfef039f9229695f99aea982b8708ccaa53e52d85592f020,1cab99eb9c6946881f7439a8cc56fd4b79a981e734fe37b4d479136226465bfd,40,True,
834,834,"Fruit pastries are common, with apples cooked into pastries year round, and cherries and plums making their appearances during the summer.","과일 페이스트리는 흔하며, 사과는 1년 내내 페이스트리에 들어가며, 체리나 자두는 보통 여름에 많이 쓰여집니다.","Translate the following sentence into Korean.
English: Fruit pastries are common, with apples cooked into pastries year round, and cherries and plums making their appearances during the summer.
Korean:",d4b150cbcfb43ef76f8620e3252f9d8bb330183360a7062eda8d5a87de1b51a2,7065c35491f6f93c3e9e5d1ad6023cf137db9f9d0fdb1bebc9d6a04c76d542ce,40,True,
835,835,"Many German baked goods also feature almonds, hazelnuts, and other tree nuts. Popular cakes often pair particularly well with a cup of strong coffee.","독일의 구운 식품 상당수에는 또한, 아몬드, 헤이즐넛, 및 다른 견과류가 포함되어 있습니다. 인기 있는 케이크류는 특히 진하게 내린 커피와 특히 잘 어울립니다.","Translate the following sentence into Korean.
English: Many German baked goods also feature almonds, hazelnuts, and other tree nuts. Popular cakes often pair particularly well with a cup of strong coffee.
Korean:",93a3d3db3beedc84cd614d608211ce82d30794727087b22e8a4becb4c1e31484,92fc9116d77993854ac817f646244c4bf2c3bf93c6251d9ba51b9dbd7b389d5b,42,True,
836,836,"If you want some small though rich pastries, try what depending on region are called Berliner, Pfannkuchen or Krapfen.","만약 작지만 풍미가 진한 빵을 원한다면, 지역에 따라 베를리너, 팡쿠헨, 또는 크라펜으로 불리는 이 빵을 드셔보세요.","Translate the following sentence into Korean.
English: If you want some small though rich pastries, try what depending on region are called Berliner, Pfannkuchen or Krapfen.
Korean:",83abbc549cf29fe692390e1a45b07c1ded68422855ad703c2fce6bb058a21bac,3bf47df135078c8ccbebb71decaedaa01354a312fe1b2ed7b908c8493a049261,41,True,
837,837,"A curry is a dish based on herbs and spices, together with either meat or vegetables.",커리는 약용 식물과 향신료를 기본으로 하여 고기나 채소를 곁들이는 요리입니다.,"Translate the following sentence into Korean.
English: A curry is a dish based on herbs and spices, together with either meat or vegetables.
Korean:",1e895c19ffdc9cba4cd41fdace8f6e628f19ff79adb90969ed4710fdea6a598b,a898b650891c0e280bcc3d65e224d5a7a3344a7709f2b007515889f5efdb9fd0,30,True,
838,838,"A curry can be either ""dry"" or ""wet"" depending on the amount of liquid.","""카레는 물의 양에 따라 """"되직""""하거나 """"묽게""""될 수 있다.""","Translate the following sentence into Korean.
English: A curry can be either ""dry"" or ""wet"" depending on the amount of liquid.
Korean:",725e2b943907216a65e3ad592b2ec6c197e1a04a9cc6a201299ffe1b527b9ffc,28c63cfc3380eee12affd9aef49fd4b4761304d99ae544e3ff135d0660aa4ac8,32,True,
839,839,"In inland regions of Northern India and Pakistan, yogurt is commonly used in curries; in Southern India and some other coastal regions of the subcontinent, coconut milk is commonly used.",북부 인도와 파키스탄의 내륙 지역에는 요거트가 일반적으로 커리에 쓰인다. 남부 인도와 아대륙의 다른 해안 지역에서는 코코넛 우유가 일반적으로 쓰인다.,"Translate the following sentence into Korean.
English: In inland regions of Northern India and Pakistan, yogurt is commonly used in curries; in Southern India and some other coastal regions of the subcontinent, coconut milk is commonly used.
Korean:",aa59e8aac4098eb281b44f836a0f0c58a4a8d6e3953d10be31312cfbeac4a475,c1b975928dcd9b8fbf1dca6918609b9c67c9a6ddab1ce63a36ed80303ccd744b,48,True,
840,840,"With 17,000 islands to choose from, Indonesian food is an umbrella term covering a vast variety of regional cuisines found across the nation.",인도네시아 음식이라고 하면 17000개의 섬들로 이루어진 나라 전체의 다양한 지방 음식들을 모두 아우르는 포괄적인 용어이다.,"Translate the following sentence into Korean.
English: With 17,000 islands to choose from, Indonesian food is an umbrella term covering a vast variety of regional cuisines found across the nation.
Korean:",f25f30050929c99c11c453e918ed27a8ad88e69c5a35810c8becbededd8ebf6e,e68f0c0ba6f6f78447eca8587032a3f1d9e2c804569ff09fbbf0226771e5d5ae,44,True,
841,841,"But, if used without further qualifiers, the term tends to mean the food originally from the central and eastern parts of the main island Java.","그러나 한층 더 나아가 제한 없이 사용하면, 이 용어는 원래 자바 주요 섬의 중앙과 동쪽 지역의 음식을 의미하는 경향이 있다.","Translate the following sentence into Korean.
English: But, if used without further qualifiers, the term tends to mean the food originally from the central and eastern parts of the main island Java.
Korean:",6eda27d722cebc89785935ef3bc52abc0290c1b174bfb9709ddff62d9be8747a,c1a7b9e8a3a4d84e8e0ea1dc27baccddac8d121a98aa712370bbb4927d462f8c,40,True,
842,842,"Now widely available throughout the archipelago, Javanese cuisine features an array of simply seasoned dishes, the predominant flavorings the Javanese favor being peanuts, chillies, sugar (especially Javanese coconut sugar) and various aromatic spices.","이제 군도 전체에서 폭넓게 이용할 수 있는 자바식 요리법은 다양한 단순 제철 요리가 특징적이며, 자바인들이 선호하는 주요 향은 땅콩, 칠리, 설탕(특히 자바 코코넛 설탕)과 다양한 향신료입니다.","Translate the following sentence into Korean.
English: Now widely available throughout the archipelago, Javanese cuisine features an array of simply seasoned dishes, the predominant flavorings the Javanese favor being peanuts, chillies, sugar (especially Javanese coconut sugar) and various aromatic spices.
Korean:",282dbf645ebd1d2ef329763e2145f24ec5f33ab9f5da88210c19e5ecfa632ec9,dcc575efdf58e65a0c46c05aefa1669fe9c1c7799d0ff0ec05e34e5d28bbcf32,62,True,
843,843,Stirrups are supports for the rider's feet that hang down on either side of the saddle.,등받이는 안장 양쪽에 늘어뜨린 승차자의 발을 받치는 받침이다.,"Translate the following sentence into Korean.
English: Stirrups are supports for the rider's feet that hang down on either side of the saddle.
Korean:",bf0571cc8f86cbc06850c224ca22b4b5dcc8678833e79c6e0480b56dcaa7a0ee,139f13792eab7e9c838ed061fe19c27bd0c16d67085e314b8f8d602bdb074810,32,True,
844,844,They provide greater stability for the rider but can have safety concerns due to the potential for a rider's feet to get stuck in them.,"이 장치는 기수에게 훨씬 더 안정감을 주지만, 발이 끼일 수 있기 때문에 안전 문제가 있을 수 있습니다.","Translate the following sentence into Korean.
English: They provide greater stability for the rider but can have safety concerns due to the potential for a rider's feet to get stuck in them.
Korean:",e164124847fe6893d7ee21a126f0858debc969937091233cc789de90ebc81f4f,c12bed66a8df1f96c5ed6934925c40e61a2249a6b10b897e060605be5f7b7a3f,39,True,
845,845,"If a rider is thrown from a horse but has a foot caught in the stirrup, they could be dragged if the horse runs away. To minimize this risk, a number of safety precautions can be taken.","말을 타고 있는 사람이 말에서 떨어져 등자에 발이 걸리면, 말이 도망가 버리는 경우 거기에 끌려갈 수 있습니다. 이 위험을 최소화하기 위해 여러 안전 예방 조치를 취할 수 있습니다.","Translate the following sentence into Korean.
English: If a rider is thrown from a horse but has a foot caught in the stirrup, they could be dragged if the horse runs away. To minimize this risk, a number of safety precautions can be taken.
Korean:",23de7bb3e8563cf23d2d5d0c89b3c34d8a80da737f777023ae5fbc41b8c572d2,24d586d1642a11cdacd95119d4d911a58871a84e5ae677ea5fed7bd7767a5fc6,54,True,
846,846,"First, most riders wear riding boots with a heel and a smooth, quite narrow, sole.","첫째, 대부분의 기수들은 힐이 있고 밑창이 매끈하고 좁은 승마화를 신습니다.","Translate the following sentence into Korean.
English: First, most riders wear riding boots with a heel and a smooth, quite narrow, sole.
Korean:",77ecd59c19553c68abac178ccec6668123676057f2261ee893376ecccf844b97,cbd8ac4b309cf702d98ca8e279abd0000b050d83f9873cd0bb75e4103f915504,31,True,
847,847,"Next, some saddles, particularly English saddles, have safety bars that allow a stirrup leather to fall off the saddle if pulled backwards by a falling rider.","다음으로 일부 안장, 특히 영국의 안장에는 떨어지는 기수가 뒤로 당길 경우 등자 가죽이 안장에서 떨어질 수 있는 안전바가 있다.","Translate the following sentence into Korean.
English: Next, some saddles, particularly English saddles, have safety bars that allow a stirrup leather to fall off the saddle if pulled backwards by a falling rider.
Korean:",fe979049aa6a87d5cecd3356a1781b6688b0d94e77328d2ccf4f88a9244017b5,8633a3ef0be7aa2dfe0ef8d4a44a67ca0137aa57c3f216bcad36376c8b1bf3e1,45,True,
848,848,"Cochamó Valley - Chile's premier climbing destination, known as the Yosemite of South America, with a variety of granite big walls and crags.",코차모 밸리(Cochamó Valley) - 남아메리카의 요세미티 계곡으로 알려진 칠레 최고의 등반지이며 큰 화강암 벽과 바위산이 다양하게 존재합니다.,"Translate the following sentence into Korean.
English: Cochamó Valley - Chile's premier climbing destination, known as the Yosemite of South America, with a variety of granite big walls and crags.
Korean:",e48dbd2b0aae49c998924442e82ebe8f3ebb9059ef6a6517b97daa5c5764a594,6f2657de8a9eeff79e91e74b6c0f0e64d8e43f7a6111fc440851820c476fa8fa,42,True,
849,849,Summits include breath-taking views from peaks. Climbers from all parts of the world are continually establishing new routes amongst its endless potential of walls.,산 정상에는 산봉우리에서 내려다보는 숨 막히게 아름다운 풍경이 있습니다. 세계 각지에서 찾아온 등산인들은 무한한 잠재력을 지닌 자연 속에서 계속 새로운 길을 추구하고 있습니다.,"Translate the following sentence into Korean.
English: Summits include breath-taking views from peaks. Climbers from all parts of the world are continually establishing new routes amongst its endless potential of walls.
Korean:",ddcd50de7deb8794a1ebf92f8b5cd9952969e7c9df81fb83be0d7aea3ed519e3,bfb51307fee5bda8c2b7938cefb4680a3451cb143258ac6e7d97a5cfa932d0d5,41,True,
850,850,"Downhill snowsports, which include skiing and snowboarding, are popular sports involving sliding down snow-covered terrain with skis or a snowboard attached to your feet.",스키와 스노보드를 포함하는 활강 스노 스포츠는 스키나 스노보드를 발에 부착한 채 눈 덮인 지형을 미끄러져 내려가는 것이 관련된 인기 있는 스포츠입니다.,"Translate the following sentence into Korean.
English: Downhill snowsports, which include skiing and snowboarding, are popular sports involving sliding down snow-covered terrain with skis or a snowboard attached to your feet.
Korean:",191b9b1154229c6791325c617f417970044dec803eb7f81edfb1f0a24978f765,456e19ee901fb202989d56fc1b32c87ba50f3a3179a8ec34be190ce655245244,45,True,
851,851,"Skiing is a major travelling activity with many enthusiasts, occasionally known as ""ski bums,"" planning entire vacations around skiing at a particular location.","""스키여행은 스키광(""""ski bums"""")이라고 불리는 애호가들이 즐기는 여행 방식이다. 그 사람들은 휴가 일정을 어느 한 특정 장소에서 줄곧 스키를 타는 시간으로 계획한다.""","Translate the following sentence into Korean.
English: Skiing is a major travelling activity with many enthusiasts, occasionally known as ""ski bums,"" planning entire vacations around skiing at a particular location.
Korean:",83043ec8cedc136bc4c39a6c3254e871fc7efc4db356d4c2542f6f2e7a5181ba,aef4fa57cc2fa4ce0d41222d1d2e844fa9a729e3f2590e941a381e05bd47e50f,41,True,
852,852,The idea of skiing is very old — cave paintings depicting skiers date back as far as 5000 BC!,스키에 대한 생각은 매우 오래된 것이다. 스키 타는 사람들을 묘사한 동굴 벽화는 기원전 5000년까지 거슬러 올라간다.,"Translate the following sentence into Korean.
English: The idea of skiing is very old — cave paintings depicting skiers date back as far as 5000 BC!
Korean:",724793914ae9de72d091bc5bfe7851da4cb3483e45ef75426a61ca7ff4bced94,fee1965434146564f85e32d5a3b0949473cd384c9c04df87d35b48bcc0fc1705,37,True,
853,853,"Downhill skiing as a sport goes back to at least the 17th century, and in 1861 the first recreational ski club was opened by Norwegians in Australia.",스포츠로서의 활강 스키는 적어도 17세기로 거슬러 올라가며 1861년에 최초의 레크리에이션 스키 클럽이 호주의 노르웨이인들에 의해 설립되었습니다.,"Translate the following sentence into Korean.
English: Downhill skiing as a sport goes back to at least the 17th century, and in 1861 the first recreational ski club was opened by Norwegians in Australia.
Korean:",4af019a4b4b34289d9624952446abb53849d575c77f4befca0f82dffb54d3846,058caf56941854ed205b2b4d4213458ceb98e4833b2bb3751580cb4783a7e236,51,True,
854,854,"Backpacking by ski: This activity is also called backcountry ski, ski touring or ski hiking.","스키로 하는 백패킹: 이 활동은 또한 백컨트리 스키, 스키 투어, 또는 스키 하이킹이라고도 불립니다.","Translate the following sentence into Korean.
English: Backpacking by ski: This activity is also called backcountry ski, ski touring or ski hiking.
Korean:",ea98dddee7eb1ade5aa710c439566e83c5c838b364f114c74904f0f78cec360a,c48556bf8386f27f361e4bec08c84f64aaca8856a46f29d1e71a5d74bcda9775,32,True,
855,855,"It is related to but usually not involving alpine style ski touring or mountaineering, the latter ones done in steep terrain and requiring much stiffer skis and boots.","이 활동은 알프스 방식의 스키 투어나 등산과 관련은 있지만 보통은 이를 포함하지 않고, 후자의 경우 가파른 지형에서 행해지며 훨씬 더 단단한 스키와 부츠가 필요하다.","Translate the following sentence into Korean.
English: It is related to but usually not involving alpine style ski touring or mountaineering, the latter ones done in steep terrain and requiring much stiffer skis and boots.
Korean:",defab331b730019dc4add2458f9d241fee187135781c1fc358511e7e06822aee,1e06c0af971b7a6d5cde674e3cc12e5dca27521cef96d21b4a6980e2eee51ae6,47,True,
856,856,Think of the skiing route as of a similar hiking route.,스키 코스를 비슷한 하이킹 코스라고 생각해 보세요.,"Translate the following sentence into Korean.
English: Think of the skiing route as of a similar hiking route.
Korean:",989ae118a3ce56af8a24083dba652a1c4f44ae271e2efbe348de5cd6d441c741,3252152852ffe50315844e4641ad49257569341a74f2fb4d523bef9f13a0c332,24,True,
857,857,In good conditions you will be able to cover somewhat greater distances than walking – but only very seldom you will get the speeds of cross country skiing without a heavy backpack in groomed tracks.,좋은 조건에서는 걷는 것보다 약간 더 먼 거리를 갈 수 있습니다. 그러나 잘 정비된 트랙과 무거운 배낭 없이는 크로스컨트리 스키에 해당하는 속도가 나지 않을 것입니다.,"Translate the following sentence into Korean.
English: In good conditions you will be able to cover somewhat greater distances than walking – but only very seldom you will get the speeds of cross country skiing without a heavy backpack in groomed tracks.
Korean:",080fe4d9da71283b3e1ac096733d500fab702d5a66deb59469be8a000e8da24a,81d3d3442841f95151e9c442015fc0705287429f38b494bf00dba9961d2c7399,49,True,
858,858,"Europe is a continent that is relatively small but with many independent countries. Under normal circumstances, travelling through multiple countries would mean having to go through visa applications and passport control multiple times.",유럽은 상대적으로 작지만 많은 독립 국가들이 있는 대륙입니다. 보통 여러 국가를 여행하는 것은 비자 신청과 여권 심사를 여러 번 거쳐야 한다는 것을 의미합니다.,"Translate the following sentence into Korean.
English: Europe is a continent that is relatively small but with many independent countries. Under normal circumstances, travelling through multiple countries would mean having to go through visa applications and passport control multiple times.
Korean:",004cbaae7553e7a0d3b07a68dff68a47921f6b4c3971324be89332f7767f8226,391fcdc3416c54fe57cca97f5d5d69292b54ccd288a9d3aadbd3ae5b0e450e22,48,True,
859,859,"The Schengen zone, however, works somewhat like one country in this respect.","하지만, 솅겐 존(국경 자유 통행 지역: Schengen zone)은 이런 측면에서 다소 한 나라같이 작용한다.","Translate the following sentence into Korean.
English: The Schengen zone, however, works somewhat like one country in this respect.
Korean:",a6e47ba37b57927cc5c74e8344eb8c70198ac1fc235117c8f577738d92ee220c,e70e79f813f602ffed093268a00ced14b14ff740611045c1a970fd3e63c84890,29,True,
860,860,"As long as you stay in this zone, you can generally cross borders without going through passport control checkpoints again.","이 구역에 머무르는 한, 여권 검사대를 다시 거치지 않고도 일반적으로 국경을 넘을 수 있다.","Translate the following sentence into Korean.
English: As long as you stay in this zone, you can generally cross borders without going through passport control checkpoints again.
Korean:",50e690764fee6dbf6e5e5cacf19dd8d363bd204a785c89822194e0722c87cc90,ec41a8213d87f6843569f62e947fd3208307d71a35756786df9cd42ee388d6be,34,True,
861,861,"Similarly, by having a Schengen visa, you do not need to apply for visas to each of the Schengen member countries separately, hence saving time, money and paperwork.","마찬가지로, 솅겐 비자를 소지하면 각 솅겐 회원국에 개별적으로 비자를 신청할 필요가 없으므로 시간, 비용 및 서류 작업이 줄어듭니다.","Translate the following sentence into Korean.
English: Similarly, by having a Schengen visa, you do not need to apply for visas to each of the Schengen member countries separately, hence saving time, money and paperwork.
Korean:",6ba4d388bbd30cbec59205200035a08a55533dc9471e868cdec92c3e3e4e2a41,56576ad9939fd58761cc56211ec9a81eff89e17cb5f38f6da0ad2cf25c508f19,49,True,
862,862,There is no universal definition for which manufactured items are antiques. Some tax agencies define goods older than 100 years as antiques.,골동품에 대한 보편적인 정의는 존재하지 않습니다. 몇 조세국에서는 100년 이상 오래된 제품을 골동품으로 분류합니다.,"Translate the following sentence into Korean.
English: There is no universal definition for which manufactured items are antiques. Some tax agencies define goods older than 100 years as antiques.
Korean:",df1d861fafebe6757b3f52370a25994ea56bbaad2cc04fd0cbbf696593ca8518,3b9722d6c7822ec07b6ee9be8057273649a01eed5ad54cddc321c22fbff2a8eb,41,True,
863,863,"The definition has geographic variations, where the age limit might be shorter in places such as North America than in Europe.",유럽에 비해 북미는 골동품이라고 정의 짓는 나이가 더 짧은 지리적 차이점을 보인다.,"Translate the following sentence into Korean.
English: The definition has geographic variations, where the age limit might be shorter in places such as North America than in Europe.
Korean:",01988fcc90a233069696d51c5f57e6c2886c862afbcab510f2bc08ae3b1e737e,122de10f02e85b226022c3ddb55d9516c5158583fdd740da7a77c2466035c491,35,True,
864,864,"Handicraft products might be defined as antiques, though they are younger than similar mass-produced goods.",수공예 제품들은 대량 생산된 유사 제품들만큼 낡지 않을지라도 골동품으로 정의할 수 있을 것입니다.,"Translate the following sentence into Korean.
English: Handicraft products might be defined as antiques, though they are younger than similar mass-produced goods.
Korean:",4b386e20abbbf4702903957274d7e59680950a09de015505fa15f82f4670cdf0,fb3ae9f511db11d19eb862bcca3335b76ed7dfbfb8c97db56dcd1b49d40634f1,33,True,
865,865,Reindeer husbandry is an important livelihood among the Sámi and the culture surrounding the trade is important also for many with other professions.,순록 축산은 사미족의 중요한 생계 수단 중 하나이며 무역에 있어서도 그러한 문화는 다른 여러 종사자들에게도 중요한 의미를 지닙니다.,"Translate the following sentence into Korean.
English: Reindeer husbandry is an important livelihood among the Sámi and the culture surrounding the trade is important also for many with other professions.
Korean:",c7317c4089128395cc309c49fadc68b97d53fbe9d7144213c8a7770f30f75188,1142298c0479f3e1364516c2d7221e8962959e072ba5fc6100f2a985dfab72ba,41,True,
866,866,"Even traditionally, though, not all Sámi have been involved in big scale reindeer husbandry, but lived from fishing, hunting and similar, having reindeer mostly as draft animals.","전통적으로 모든 사미(Sámi)인들이 대규모 순록 축산에 관여한 것은 아니지만, 대부분 순록을 짐수레 끄는 가축으로 기르며 어업이나 사냥 같은 것을 하면서 살았습니다.","Translate the following sentence into Korean.
English: Even traditionally, though, not all Sámi have been involved in big scale reindeer husbandry, but lived from fishing, hunting and similar, having reindeer mostly as draft animals.
Korean:",9d307c43d2d8dfd5fe1e82db3642fa6158292aa106e362498f404947a21214f6,c926cf44033844be696f7ccac889c47fb8f1ffa09075d2ca9ffe275c5d988a9e,50,True,
867,867,"Today many Sámi work in modern trades. Tourism is an important income in Sápmi, the Sámi area.",오늘날 여러 사미인들은 근대 무역업에 종사합니다. 관광업은 사미족의 영역인 사프미에서 중요한 수입원입니다.,"Translate the following sentence into Korean.
English: Today many Sámi work in modern trades. Tourism is an important income in Sápmi, the Sámi area.
Korean:",8da618d192988778eb65b320d6fa67a42ed3cc06bda2370c591a8f65d6af06ed,8e47ba7906783498a03d21e185bfa874dfaaf6cff09e27957fdcbf2f83523361,39,True,
868,868,"Though it is widely used, especially among non-Romani, the word ""Gypsy"" is often considered offensive because of its associations with negative stereotypes and inaccurate perceptions of Romani people.","특히 비(非)로마니, 사이에서는 널리 쓰이지만, 로마니, 사람들에 대한 부정적인 고정관념과 부정확한 인식을 주기 때문에 '집시'라는 말은 종종 불쾌하게 여겨지고 있다.","Translate the following sentence into Korean.
English: Though it is widely used, especially among non-Romani, the word ""Gypsy"" is often considered offensive because of its associations with negative stereotypes and inaccurate perceptions of Romani people.
Korean:",8f29d2feceab6d6ede65e5a45d27b3e29881b4c4c5f16033e233976bedef4000,367998882c1116a61bbad6e8d06c0aa57bcbef848ca88741f7c239dd09e12ade,50,True,
869,869,"If the country you will be visiting becomes subject to a travel advisory, your travel health insurance or your trip cancellation insurance may be affected.",만약 방문할 나라가 여행 경고 지역이 되는 경우 여행 건강 보험이나 여행 취소 보험이 영향받을 수 있습니다.,"Translate the following sentence into Korean.
English: If the country you will be visiting becomes subject to a travel advisory, your travel health insurance or your trip cancellation insurance may be affected.
Korean:",6cff89f6fe1daf0ccb7161c0afb8ed375e11972c1fa0ac10a387c3872b0d65bf,8e8a034e630d6b6fc708a254eef4f4131d967d89d505d1d3c3b966ab1cae809c,39,True,
870,870,"You may also wish to consult the advice of governments other than your own, but their advice is designed for their citizens.","자신의 의견이 아닌 정부의 의견을 듣고 싶을 수도 있지만, 각국 정부의 조언들은 자국민에 맞춰져 있다.","Translate the following sentence into Korean.
English: You may also wish to consult the advice of governments other than your own, but their advice is designed for their citizens.
Korean:",1ed1ed0c043ebdbf3b7c0e90fc96bb858ec755635ca011cc7d208c9acda43c3e,c46cdfe7aa889059e47afe49c4b9a258752fba8a682c61558c94afe36d042132,36,True,
871,871,"As one example, American citizens in the Middle East might face different situations from Europeans or Arabs.",일례로 중동의 미국 시민들은 유럽인이나 아랍인과는 다른 상황에 처할 수 있다.,"Translate the following sentence into Korean.
English: As one example, American citizens in the Middle East might face different situations from Europeans or Arabs.
Korean:",f9bb89e739da41f8238539596258c569bf95561344a9b23073ca3647768ede54,b7507de7f3f0b05e4b35e4f56e4daa95be39752668cdb6c64d4fc96bfff5e1ba,31,True,
872,872,Advisories are merely a brief summary of the political situation in one country.,주의보는 그저 한 나라의 정치적 상황에 대한 간략한 요약본에 불과하다.,"Translate the following sentence into Korean.
English: Advisories are merely a brief summary of the political situation in one country.
Korean:",43ad5104b7ecdba25c5beda26b6f6b9f1639f33775f44628c9173ea2ae9f256f,aaea5756a61f33b7f668354a67a89a9ae319a080ee6cb0df0f0c8371bfdd4f63,27,True,
873,873,"The views presented are often cursory, general and oversimplified compared to the more detailed information available elsewhere.","제시된 견해는 다른 곳에서 얻을 수 있는 더 상세한 정보와 비교해 주로 피상적이고, 일반적이며, 지나치게 단순화된 모습이다.","Translate the following sentence into Korean.
English: The views presented are often cursory, general and oversimplified compared to the more detailed information available elsewhere.
Korean:",6da4ae6e4c78ba81bb716415ba175c11b19eab38a7c2a69845ec2946170df1ed,b96ceecf85d5c762ee0c97c515acc23a28549714d9fc92d183d58316416607c7,33,True,
874,874,"Severe weather is the generic term for any dangerous weather phenomenon with the potential to cause damage, serious social disruption, or loss of human life.","악천후는 피해, 심각한 사회 혼란 또는 인명 손실을 초래할 수 있는 위험한 기상 현상의 총칭이다.","Translate the following sentence into Korean.
English: Severe weather is the generic term for any dangerous weather phenomenon with the potential to cause damage, serious social disruption, or loss of human life.
Korean:",1abf176d8c8316c2300f528771a5831314c13ee7ba0e16750f49ad41466fce2d,41ff661a197e4247aec3e542f25a5c2ebb6ed30e05d58b4164c55f081918b0fc,41,True,
875,875,"Severe weather can occur anywhere in the world, and there are different types of it, which can depend on geography, topography, and atmospheric conditions.","악천후는 전 세계 어디에서나 발생할 수 있으며 지역, 지형 및 대기 조건에 따라 다른 유형이 있다.","Translate the following sentence into Korean.
English: Severe weather can occur anywhere in the world, and there are different types of it, which can depend on geography, topography, and atmospheric conditions.
Korean:",a5dffe00362f90b37d7079e54930a7aa12dd48a47fee18f13e72f4ed1a60578b,8e1cea96d433715ea6c7909c0afa94c2519e0e7123cc510e0cfd21003ea05279,43,True,
876,876,"High winds, hail, excessive precipitation, and wildfires are forms and effects of severe weather, as are thunderstorms, tornadoes, waterspouts, and cyclones.","강풍, 우박, 이상 강수, 산불은 뇌우, 토네이도, 용오름, 사이클론처럼 악천후의 형태이자 영향이다.","Translate the following sentence into Korean.
English: High winds, hail, excessive precipitation, and wildfires are forms and effects of severe weather, as are thunderstorms, tornadoes, waterspouts, and cyclones.
Korean:",945cdf0a9b571fb8b2480e5e3b029b940751c3b83f046b84d79c4fffa4456c35,b5f60086a8a56de629217cea7b272fd64649858336da55c9d37f502bd4e84ff9,46,True,
877,877,"Regional and seasonal severe weather phenomena include blizzards, snowstorms, ice storms, and dust storms.","지역별 및 계절별 악천후 현상에는 폭풍설, 눈보라, 진눈깨비 및 황사 등이 포함됩니다.","Translate the following sentence into Korean.
English: Regional and seasonal severe weather phenomena include blizzards, snowstorms, ice storms, and dust storms.
Korean:",b8943432caf3db6c6e0143ec81d7a393234c1a16aa3bc145ac6fcc3f3800d256,4d75c1ea421503cf76824733cd5b2b457fdcfa12b513a06ac17f5cdcc7abfa45,33,True,
878,878,Travellers are strongly advised to be aware of any risk of severe weather affecting their area as they may affect any travel plans.,여행자들은 여행 계획에 차질이 생기지 않도록 현지 날씨에 대해 미리 찾아보고 가야 한다.,"Translate the following sentence into Korean.
English: Travellers are strongly advised to be aware of any risk of severe weather affecting their area as they may affect any travel plans.
Korean:",067cd1ed2c23377c5ccd0efcaaf598334cf5dd8fa2085b58aead885b284059fd,55527cde8225b6ef499b97b275f8dedbed15c05248da626697db718d2c162fc5,37,True,
879,879,Anyone planning a visit to a country that could be considered a war zone should get professional training.,전투 지역으로 간주되는 국가를 방문할 계획이 있는 사람은 꼭 전문적인 훈련을 받아야 한다.,"Translate the following sentence into Korean.
English: Anyone planning a visit to a country that could be considered a war zone should get professional training.
Korean:",7930a8491272a079d3bad2821e1ec2b3b9b9e2b3066de89e952e827a161e97da,63387231c2f66b2ed3c0f22435b0e5b5d6dc8555032193754604c9ef5d24dded,31,True,
880,880,A search of the Internet for 'Hostile environment course' will probably provide the address of a local company.,'적대적 환경 코스'에 대한 인터넷 검색 결과가 아마도 현지 회사 주소를 제공해 줄 것입니다.,"Translate the following sentence into Korean.
English: A search of the Internet for 'Hostile environment course' will probably provide the address of a local company.
Korean:",53c6fa26e9d7d95dd1a9c887d37127e18c07f76f55aad210f5b8b7c1d7ccec41,fa5150e725b2c230a96e381c17d4433457f132e996020e2fb8ae4293253123ed,34,True,
881,881,"A course will normally cover all the issues discussed here in far greater detail, usually with practical experience.","강의은 일반적으로 여기에서 논의되는 모든 문제에 대해 훨씬 더 자세히 다루며, 보통 실무 경험이 동반됩니다.","Translate the following sentence into Korean.
English: A course will normally cover all the issues discussed here in far greater detail, usually with practical experience.
Korean:",a03bf42b62105ec2cd9fbac41dd6d4d077716d7026f3ab6a2ce2fc1f8f69af1f,500b4610cab379133383e039dbaa361f445f8c1674c9c0be27843aa27ec0f7f8,32,True,
882,882,"A course will normally be from 2-5 days and will involve role play, a lot of first aid and sometimes weapons training.","코스는 보통 2-5일 정도이며 역할극, 각종 응급 처치, 때때로 무기 교육훈련에 참여하게 된다.","Translate the following sentence into Korean.
English: A course will normally be from 2-5 days and will involve role play, a lot of first aid and sometimes weapons training.
Korean:",d7f2341ad0c61d7b6265134318c12bf804b57e99875f5f1581a68e52bb3950cd,6b1fa94f57cf9aa93774d059acf73a0d727457bbf76a5c01b0f6d5b569d06c7b,39,True,
883,883,"Books and magazines dealing with wilderness survival are common, but publications dealing with war zones are few.",야생 생존을 다루는 서적과 잡지는 흔하지만 전쟁 지역을 다루는 출판물은 거의 없습니다.,"Translate the following sentence into Korean.
English: Books and magazines dealing with wilderness survival are common, but publications dealing with war zones are few.
Korean:",a2a21fc395aae8629c5a07be1469ec1a682716c938a9f0812970ceabb219d6c0,614820e0909d47a0b94894dbeb270e291ddbd652771f6fbfa8f91ed6d2137423,31,True,
884,884,Voyagers planning sex reassignment surgery abroad must ensure they're carrying valid documents for the return trip.,해외에서의 성전환 수술을 계획하고 있는 여행자는 귀국할 때 유효한 서류를 가지고 있는지 반드시 확인해야 합니다.,"Translate the following sentence into Korean.
English: Voyagers planning sex reassignment surgery abroad must ensure they're carrying valid documents for the return trip.
Korean:",1869c36aa406ece7d553749754a195092653283e986acdaace737e1e29026df7,84b125bbc0c6d5cdc10e8f3f71f80d42c4aa4fa780b079fe2cc0c371ada7c90a,32,True,
885,885,The willingness of governments to issue passports with gender not stated (X) or documents updated to match a desired name and gender varies.,"여권을 성별 미기재(X)로 표시하여 발급해 주거나, 원하는 이름과 성별에 따라 서류를 갱신해 주는가의 여부는 정부마다 다릅니다.","Translate the following sentence into Korean.
English: The willingness of governments to issue passports with gender not stated (X) or documents updated to match a desired name and gender varies.
Korean:",3db1cb23bcd403f3e7b4dc11ae04831c2204f99ef3efb27894294ed14d18e6af,9b4c0b897a8381682c462250fdfc7fee59f3e5e3de62186833ffb94ee43a4939,38,True,
886,886,Willingness of foreign governments to honour these documents is just as widely variable.,외국 정부의 이러한 문서들을 받아들이려는 의지 또한 매우 다양합니다.,"Translate the following sentence into Korean.
English: Willingness of foreign governments to honour these documents is just as widely variable.
Korean:",90b075d1ace424dc17c7e754cb6567e815a7a577882cc94a7b2ce21e7114a680,eb868304581059780afa6a31b5c6bdce1403c847de932122d477ee60ac17ded5,28,True,
887,887,"Searches at security checkpoints have also become far more intrusive in the post-September 11, 2001 era.",2001년 9월 11일 이후 시대에서는 보안 검색대 조사 역시 훨씬 더 성가신 일이 되었습니다.,"Translate the following sentence into Korean.
English: Searches at security checkpoints have also become far more intrusive in the post-September 11, 2001 era.
Korean:",c6f8060828ef7acca97f1d2ce63635eaf99da2e17e86288b131d46e3551855c7,e01fc51c04b0e15b0edd8fce614c3efcae32094baa8be66c632d445af9b658f4,38,True,
888,888,Pre-operative transgender people should not expect to pass through the scanners with their privacy and dignity intact.,"수술 전의 트랜스젠더들은 그들의 사생활, 존엄성이 온전하다고 해서 스캐너를 통과할 수 있으리라 기대해서는 안 된다.","Translate the following sentence into Korean.
English: Pre-operative transgender people should not expect to pass through the scanners with their privacy and dignity intact.
Korean:",f6069e74d642240271eb28de619c373e68eb3410c6edfbf7a402dac4d102af94,3521200759126db06368d9b3ca173bd3915b83978f5025afd04b02cda7110c53,31,True,
889,889,"Rip currents are the returning flow from waves breaking off the beach, often at a reef or similar.",이안류(rip currents)는 해변에서 종종 암초나 이와 비슷한 것들에 부딪혀 부서지는 파도로부터 되돌아오는 해류이다.,"Translate the following sentence into Korean.
English: Rip currents are the returning flow from waves breaking off the beach, often at a reef or similar.
Korean:",b285dddb29f8a207f96a600536e361cbc7f25f977fa899e56892c3f165e7d61d,465bdfd823574ab6998be9c2def97c4356f324e7ebadb8dd21c44c2bf1c71114,32,True,
890,890,"Due to the underwater topology the return flow is concentrated at a few deeper sections, and a fast current to deep water may form there.","수중 내 체계적 분류로 인해 환원수는 몇몇의 깊은 곳에 농축되며, 이로 인해 이곳에는 급속 전류부터 심층수까지 형성될 수 있습니다.","Translate the following sentence into Korean.
English: Due to the underwater topology the return flow is concentrated at a few deeper sections, and a fast current to deep water may form there.
Korean:",a3d296bb061d2ac0247be5a2d0339fc04399e450727ea6ce2c0963f6a64745dc,34903d4b10b92133eb6e25581c43794746f51db8c71d463d26574ba903663728,39,True,
891,891,"Most deaths happen as result of fatigue trying to swim back against the current, which may be impossible.",대부분 불가능할 수도 있는 물살을 거슬러 헤엄치려 하다가 피로에 지쳐 사망하는 경우가 대부분이다.,"Translate the following sentence into Korean.
English: Most deaths happen as result of fatigue trying to swim back against the current, which may be impossible.
Korean:",ad3299a3a5a3be4b3aee8963e68a856530e4d742205218072f8b82923c0f8507,74edac4362de5c13e41793c4fa6af3efbc9039265eb304ffe95849ddc4cd09bf,32,True,
892,892,"As soon as you get out of the current, swimming back is no more difficult than normally.","해류를 벗어나기만 하면, 평소처럼 수영해서 돌아오는 것은 그다지 어렵지 않다.","Translate the following sentence into Korean.
English: As soon as you get out of the current, swimming back is no more difficult than normally.
Korean:",194a9d0e291c0923359f6c40e121552f2b00218eba13f5f21ec089f661d871bd,8efa5a890b19e1e5a29e280f3e12022bd3bf8d6ce94dae435a5899de8c8c5eed,31,True,
893,893,"Try aiming somewhere where you are not caught again or, depending on your skills and on whether you have been noticed, you might want to wait for rescue.","해류에 다시 휘말리지 않을 만한 곳을 노리시거나, 아니면 본인의 수영이 능력이나, 다른 사람에 의해 발견이 됐는지의 여부에 따라 구조를 기다리는 것이 좋을 수도 있습니다.","Translate the following sentence into Korean.
English: Try aiming somewhere where you are not caught again or, depending on your skills and on whether you have been noticed, you might want to wait for rescue.
Korean:",d13cb0384b544ad2ff43c35ba2e05e6e2d931f0042e1a714ee3b96ed450332f9,6d7d8a62036e3dfaf7b870cac3031b95ddb551fc42d385b92f06fed8778b1771,43,True,
894,894,"Re-entry shock comes on sooner than culture shock (there's less of a honeymoon phase), lasts longer, and can be more severe.","재입국 충격은 신혼 단계가 없기 때문에 문화 충격보다 빠르게 발생하며, 더 오래 지속하고, 더 극심할 수 있습니다.","Translate the following sentence into Korean.
English: Re-entry shock comes on sooner than culture shock (there's less of a honeymoon phase), lasts longer, and can be more severe.
Korean:",35a58382c5911957e2f370705f8d8ff82d08b2865cb9eb4e621931b4802b8b65,2e44be1d41347e4b68ab7766bb508a9bf683a62fe3365de6779b7a4346eee741,39,True,
895,895,Travellers who had an easy time adjusting to the new culture sometimes have a particularly hard time readjusting to their native culture.,새로운 문화에 적응하면서 어려움이 없었던 여행자는 종종 그들의 토착 문화에 다시 적응할 때 특히 힘든 시간을 보냅니다.,"Translate the following sentence into Korean.
English: Travellers who had an easy time adjusting to the new culture sometimes have a particularly hard time readjusting to their native culture.
Korean:",5351af4a52f2757f19780c42ab88c42487ce0f32c22d35f58f1cc808472936b9,58bafdee34d5b41723eb7c3b047a8acf7a9532246e2922596816196ba096e0ee,38,True,
896,896,"When returning home after living abroad, you've adapted to the new culture and lost some of your habits from your home culture.","해외에 거주하다 귀국할 경우, 타국의 문화에 적응한 동시에 자국의 문화의 일부 습관을 잃는 모습을 보이기도 한다.","Translate the following sentence into Korean.
English: When returning home after living abroad, you've adapted to the new culture and lost some of your habits from your home culture.
Korean:",13a99f82d1f52b376afa674015ebf235f054b2b1a14ecb610c247b78b90e4d41,ef464b7a30bdabbfbf14c8664e4f9c0597049620f6a15263b851c092cead499d,37,True,
897,897,"When you went abroad at first, people were probably patient and understanding, knowing that travellers in a new country need to adapt.","당신이 처음 외국에 갔을 때에는, 여행자들에게 새로운 나라에 적응해야 한다는 것을 알고 있기 때문에 대부분 사람들이 인내심과 이해심을 갖고 대해줬을 것이다.","Translate the following sentence into Korean.
English: When you went abroad at first, people were probably patient and understanding, knowing that travellers in a new country need to adapt.
Korean:",d6d59a058086cc79b7777107774a84da85eea2d866baf7b186cfb4497d53a7be,3694f7a1ee75cdbdf0496bbcaafe20e91d6b6278ed930c60827f828c88cbc9a7,37,True,
898,898,People may not anticipate that patience and understanding are also necessary for travellers returning home.,사람들은 귀국길에 오르는 여행객들에게도 인내심과 이해심이 필요하다고 생각하지 않을 수 있다.,"Translate the following sentence into Korean.
English: People may not anticipate that patience and understanding are also necessary for travellers returning home.
Korean:",76e5ef2d90bb4595ee7e5ee510924be3c6db29dd9f3955e7e8bc5f1196670b0f,8b522d2ea7e3c60fec18855b034ec92725ce2403a2e383edf41d2e3f1361cadf,28,True,
899,899,The pyramid sound and light show is one of the most interesting things in the area for kids.,피라미드 사운드와 광선 쇼는 이 지역에서 어린이들의 흥미를 가장 많이 끌어들이는 것들 중 하나입니다.,"Translate the following sentence into Korean.
English: The pyramid sound and light show is one of the most interesting things in the area for kids.
Korean:",15798ee6864f2532c60f393a4bb18ecb7b47c43c7b69476f47ba062e55a4e3ce,2998eaa31135aee5ed3e781954c8c27eb525609a2786ff28aa1774af4a59840a,31,True,
900,900,You can see the pyramids in the dark and you can see them in silence before the show begins.,어둠 속에서 피라미드를 볼 수 있고 쇼가 시작하기 전에 고요 속에서 피라미드를 볼 수 있습니다.,"Translate the following sentence into Korean.
English: You can see the pyramids in the dark and you can see them in silence before the show begins.
Korean:",695e574d2817fb039d88b4eaf52b652eca30361a66ac872f2f084e02b861074d,5c6be6fcc5d09d888c96b2d76e704c7d97cbb6431b8198850147fe878c2418e8,33,True,
901,901,Usually you always here the sound of tourists and vendors. The story of the sound and light is just like a story book.,보통 관광객들과 행상인들의 소리를 항상 듣게 된다. 빛과 소리의 이야기는 마치 이야기책 같다.,"Translate the following sentence into Korean.
English: Usually you always here the sound of tourists and vendors. The story of the sound and light is just like a story book.
Korean:",3c2f754ef6a433f3ce48741103441bd4a7724abbedda2735124d609b271ff46c,c6c6f211bfdd8296814e404ec297b00e1aeb14d0968387e004e01b93336be859,37,True,
902,902,The Sphinx is set as the backdrop and the narrator of a long story.,스핑크스는 배경이자 긴 이야기의 내레이터로 설정되어 있습니다.,"Translate the following sentence into Korean.
English: The Sphinx is set as the backdrop and the narrator of a long story.
Korean:",1e7e604f44c67202d7e5cc5c6e6af994d227e8142706fae296645d9379307fc0,6281771587a983d2b6a646179c5837449e8494fe424a7207d04d1ff90ac45569,27,True,
903,903,The scenes are displayed on the pyramids and the different pyramids are lit up.,장면들이 피라미드들 위에 비쳤고 다른 피라미드들에는 불이 밝혀졌다.,"Translate the following sentence into Korean.
English: The scenes are displayed on the pyramids and the different pyramids are lit up.
Korean:",1d2eb3372cece5fe1ebdf88f90738db8f794d488cc4d96e052100b3dba9f830f,12748c9013fcf1b2f3bf74df2d36131c29f5761ff8ecd0cd31a298c07a0abb5d,29,True,
904,904,"South Shetland Islands, discovered in 1819, are claimed by several nations and have the most bases, with sixteen active in 2020.","1819년에 발견된 사우스셰틀랜드 제도는 여러 나라에서 소유권을 주장하고 있으며, 2020년에 16개국이 활동하면서 가장 많은 기지를 가지고 있습니다.","Translate the following sentence into Korean.
English: South Shetland Islands, discovered in 1819, are claimed by several nations and have the most bases, with sixteen active in 2020.
Korean:",cf09bd6db8c3720b3733d6e4660a34fb2a6a402cf6305e6a2f1c7cb139c3fb2d,51ff01d4a166788c498093584b068cbdc99d5e7a2cfddc80505120a66d9b5dfb,47,True,
905,905,The archipelago lies 120 km north of the Peninsula. The largest is King George Island with the settlement of Villa Las Estrellas.,"이 제도는 남극반도 북쪽으로 약 120km 떨어져 있으며, 가장 큰 곳은 빌라 라스 에스트렐라가 정착한 킹 조지 섬이다.","Translate the following sentence into Korean.
English: The archipelago lies 120 km north of the Peninsula. The largest is King George Island with the settlement of Villa Las Estrellas.
Korean:",60006d00282d039e4d80daa69d7b4ec8eb214927608ef1e9ea175481e009eb16,6e47253fa83eadba4f086e780c9e97786fc573edc835ed604ce89cac11c9e988,42,True,
906,906,"Others include Livingston Island, and Deception where the flooded caldera of a still-active volcano provides a spectacular natural harbour.",다른 것은 리빙스턴 섬과 디셉션 섬이 포함되는데 이 섬은 여전히 활동 중인 화산이 형성하였고 물이 가득한 칼데라호가 장관을 이루는 자연항을 제공해 줍니다.,"Translate the following sentence into Korean.
English: Others include Livingston Island, and Deception where the flooded caldera of a still-active volcano provides a spectacular natural harbour.
Korean:",a1af13c3fa17f87a5ba4077bae0f5bbc424ca39f008313d76fe277ee15ddeafa,c2fa1fbda06f58727bbe74535bd557eeaba55d2a3e383ff4183e65955f4d8650,36,True,
907,907,"Ellsworth Land is the region south of the Peninsula, bounded by the Bellingshausen Sea.",엘즈워스랜드는 반도의 남쪽에 위치하며 벨링스하우젠 해와 맞닿아 있습니다.,"Translate the following sentence into Korean.
English: Ellsworth Land is the region south of the Peninsula, bounded by the Bellingshausen Sea.
Korean:",9cb9348da83c52cdd7865968ee2358d774879eef49b17802a58de1355c5c48eb,c789f55bce5e565ab3e987c97f8ee7a53cc444d58ffaf88023810418dcdf7034,31,True,
908,908,"The mountains of the Peninsula here merge into the plateau, then re-emerge to form the 360 km chain of the Ellsworth Mountains, bisected by the Minnesota Glacier.",여기 반도의 산은 고원으로 이어진 다음 다시 드러나며 미네소타 빙하에 이등분된 엘즈워스 산맥의 360km 띠를 형성합니다.,"Translate the following sentence into Korean.
English: The mountains of the Peninsula here merge into the plateau, then re-emerge to form the 360 km chain of the Ellsworth Mountains, bisected by the Minnesota Glacier.
Korean:",27558214a7a3f4143719f72ff61a489d3827df2a9e429c031bd40e5422e8c306,dba338b0095d8f64e1b09e432562284b6780d78fc5effc96e817f8ecb89125d9,49,True,
909,909,"The northern part or Sentinel Range has Antarctica's highest mountains, the Vinson Massif, peaking at 4892 m Mount Vinson.","북부 지역 또는 센티넬 산맥에는 남극 대륙에서 가장 높은 산인 빈슨 산괴(Vinson Massif)가 있는데, 빈슨 산 높이는 4,892m입니다.","Translate the following sentence into Korean.
English: The northern part or Sentinel Range has Antarctica's highest mountains, the Vinson Massif, peaking at 4892 m Mount Vinson.
Korean:",cc8f99f45bda8faf97862206b927c5bc039c33d08646fbb15c9a906022270e1b,87bded85a52922a24b39658d77ea7764b54e4ae43342e9ae9bfeb20b2c8f06c9,43,True,
910,910,"In remote locations, without cell phone coverage, a satellite phone may be your only option.",휴대 전화의 전파 범위를 벗어난 외딴 지역이면 위성 전화가 유일한 대안일 수 있다.,"Translate the following sentence into Korean.
English: In remote locations, without cell phone coverage, a satellite phone may be your only option.
Korean:",80f20858755d20299955ac45ae03fc98d7d6f51545834224079d28d76f7e544b,32974d246a88a7e7a1f59650bb7de84061e81d3380453c0c0d09fe38d3572906,30,True,
911,911,"A satellite phone is not generally a replacement for a mobile phone, as you have to be outdoors with clear line of sight to the satellite to make a phone call.","위성 전화는 실외에서 위성과 송수신선이 직결된 곳에서 전화를 사용해야 하기 때문에, 보통 휴대폰을 대체할 수 없다.","Translate the following sentence into Korean.
English: A satellite phone is not generally a replacement for a mobile phone, as you have to be outdoors with clear line of sight to the satellite to make a phone call.
Korean:",36af817a118749a8b923b7258ad0a756e2eb06b9e4d1703376538f0c9d085835,478e7b2fbe860a216a06d897337a6334916fbc49fa89506e205594b7408c4f4c,45,True,
912,912,"The service is frequently used by shipping, including pleasure craft, as well as expeditions who have remote data and voice needs.",해당 서비스는 유락용 선박을 포함한 해상운송 및 원켝 데이터 및 음성 서비스가 필요한 곳에서 자주 사용됩니다.,"Translate the following sentence into Korean.
English: The service is frequently used by shipping, including pleasure craft, as well as expeditions who have remote data and voice needs.
Korean:",47a9f9146507ae2cc751f158d8bddad9d6227ff7c3f02e4befc9979194d75177,6022a36b932e808c56bcd8c10950a96e17c340dd0a269137862f437329c9076e,37,True,
913,913,Your local telephone service provider should be able to give more information about connecting to this service.,이 서비스 접속에 대해서는 지역 통신서비스 업체로부터 더 많은 정보를 받을 수 있을 것입니다.,"Translate the following sentence into Korean.
English: Your local telephone service provider should be able to give more information about connecting to this service.
Korean:",52ae51ad0d9f137b4939bea02ce8004bd34634975cb56e463fe49e54b78d3f08,fff59af2e493d99d1aed57882b68de1d75176bbfc7eae798e3be962535f74987,30,True,
914,914,An increasingly more popular option for those planning a gap-year is to travel and learn.,갭이어를 여행과 공부에 사용하는 사람들이 점점 더 늘어나고 있다.,"Translate the following sentence into Korean.
English: An increasingly more popular option for those planning a gap-year is to travel and learn.
Korean:",2e8df813d55745697f437613b8ba5f60fcd3feba842bb565c2647ab40ac2709e,677e08272050de2f9ebc08480741a01230104d1fd2ba490894c3e191b8a18730,29,True,
915,915,"This is especially popular with school leavers, allowing them to take a year out before university, without compromising their education.","이는 특히 졸업생들에게 인기가 많으며, 학업에 큰 부담이 가지 않으면서, 학업 중 1년을 쉴 수 있습니다.","Translate the following sentence into Korean.
English: This is especially popular with school leavers, allowing them to take a year out before university, without compromising their education.
Korean:",72c38e8d526f0e584aaf52e68e5c5229088656e29740ac0a936c5014ff823b04,87fb3e9fd950d96c95c50bd1f6e421cdb6b622ef7275736c1dae4bc7e8f4905c,36,True,
916,916,"In many cases, enrolling on a gap-year course abroad can actually improve your chances of moving into higher education back in your home country.","대부분의 경우, 해외 갭 이어(gap-year) 코스에 등록하면 실제로 고국에서 고등 교육에 진학할 가능성을 높일 수 있습니다.","Translate the following sentence into Korean.
English: In many cases, enrolling on a gap-year course abroad can actually improve your chances of moving into higher education back in your home country.
Korean:",762d410e8821124dcac9a90d4e3c1f51ace21a4a04052dcc0c980ce855d4683f,634d37895391d6e604c772b95b8b1203c53db629fa70f6a1766b9929c70e6277,40,True,
917,917,Typically there will be a tuition fee to enroll in these educational programs.,일반적으로 이러한 교육 프로그램에 등록하는 데에는 등록금이 있다.,"Translate the following sentence into Korean.
English: Typically there will be a tuition fee to enroll in these educational programs.
Korean:",a6b372ed92874fa6094d1567b4a49774a4eaff8e1d41b261ae9bbe477bd79a2f,bc76f59bddd028803eb22ea3742a36f872eb773a9445dbfb8623f3f1ab7f5577,26,True,
918,918,"Finland is a great boating destination. The ""Land of a thousand lakes"" has thousands of islands too, in the lakes and in the coastal archipelagos.","""핀란드는 보트를 즐기기 위한 좋은 여행지이다. """"천 개의 호수의 땅(Land of a thousand lakes)""""은 호수와 해안 군도에도 수천 개의 섬을 가지고 있다.""","Translate the following sentence into Korean.
English: Finland is a great boating destination. The ""Land of a thousand lakes"" has thousands of islands too, in the lakes and in the coastal archipelagos.
Korean:",39bb6b29c29fc257f8c89a5871fc4a6d537e5929b702aee26835d3751b20027c,1fdbc924784ac497f71286610b9461afea1a6c3a104ef426e5ebad82eca07372,45,True,
919,919,In the archipelagos and lakes you do not necessarily need a yacht.,군도와 호수에서는 꼭 요트가 필요한 것은 아닙니다.,"Translate the following sentence into Korean.
English: In the archipelagos and lakes you do not necessarily need a yacht.
Korean:",7dd7b98c641be8636b5556a80e4668d1adacc4184f5d583ac118a5bd78e1bf37,3bab8d0fe370d091a69f92b03ece5b3a1433999e30b2f6f0f441b0154365d79b,27,True,
920,920,"Although the coastal archipelagos and the biggest lakes are indeed big enough for any yacht, smaller boats or even a kayak offer a different experience.","비록 해안 군도와 큰 호수들은 어떤 요트에도 적합할 만큼 충분히 크긴 하지만, 조금 작은 보트나 심지어 카약을 타는 것도 색다른 경험이 된다.","Translate the following sentence into Korean.
English: Although the coastal archipelagos and the biggest lakes are indeed big enough for any yacht, smaller boats or even a kayak offer a different experience.
Korean:",b8fa8e88bce3a22326c6039b449cc5aed7b59cdbb1cfc6ba201052b517703b58,ad6d8584282f464a1d658a2f53eb47efc4d5ccf98af11164364160a42f78860e,41,True,
921,921,"Boating is a national pastime in Finland, with a boat to every seven or eight people.",핀란드에서는 7~8사람당 보트 한 대는 보유하고 있을 정도로 보트 타기가 국민적 여가활동이다.,"Translate the following sentence into Korean.
English: Boating is a national pastime in Finland, with a boat to every seven or eight people.
Korean:",8ad9266990daf6f40076409adab98b54fc9ca108fdd2993e6279c7b1dd8c6de2,e50314622d974c5e4eefeb5f2668ecc4b05ac50f7689313353c0fcdc31c77803,32,True,
922,922,"This is matched by Norway, Sweden and New Zealand, but otherwise quite unique (e.g. in the Netherlands the figure is one to forty).","이는 노르웨이, 스웨덴 그리고 뉴질랜드에서도 비슷한 사례로 볼 수 있지만 이 나라들 외에서는 꽤나 특이한 점이라고 볼 수 있다(뉴질랜드에서는 40명당 한 명 꼴이다).","Translate the following sentence into Korean.
English: This is matched by Norway, Sweden and New Zealand, but otherwise quite unique (e.g. in the Netherlands the figure is one to forty).
Korean:",46efc86ab61eed0c2dc9853861aad602d610dc6ea2f3f98af275332aad88ae6a,e7fc5329e1fceebf999fd473e7faf586bfce838aee6316e5453e83afa3dc1519,41,True,
923,923,"Most of the distinct Baltic Cruises feature an extended stay in St. Petersburg, Russia.",확실히 하는 발트해 크루즈의 대부분은 러시아의 상트페테르부르크에서의 장기 체류를 제공한다.,"Translate the following sentence into Korean.
English: Most of the distinct Baltic Cruises feature an extended stay in St. Petersburg, Russia.
Korean:",2acb458a2a5629d14785f5d2c70641b0a497541786039b4a3769ec0420bc2b6d,b517638b541787620b45718bca717afb092247d667b6debe5d4d90a3e9e175fe,30,True,
924,924,This means you can visit the historic city for a couple of full days while returning and sleeping on the ship at night.,이는 이틀 정도 하루 종일 역사적인 도시를 방문하고 밤에는 크루즈 선으로 돌아와 잠을 잘 수 있다는 뜻입니다.,"Translate the following sentence into Korean.
English: This means you can visit the historic city for a couple of full days while returning and sleeping on the ship at night.
Korean:",e7289942168246195806dd1cd019e7f0b837b3fe07d768d45ee318252a9e1e99,7cb16a661b34b96c1d0a06f7dcb2d08e864bceb51d0575529bbcb628606c3dd5,36,True,
925,925,If you only go ashore using shipboard excursions you will not need a separate visa (as of 2009).,선상 여행으로 해안가에 간다면 별도의 비자는 필요 없다(2009년부터).,"Translate the following sentence into Korean.
English: If you only go ashore using shipboard excursions you will not need a separate visa (as of 2009).
Korean:",5327298e524aee9b2e55e5dbe68b93a3e906317c59811d5ebb4f5345c602b937,8a026d627c8498fee9f05318e45e9ba0917598e2329f3c48c59be4c9a4cf34a3,39,True,
926,926,"Some cruises feature Berlin, Germany in the brochures. As you can see from the map above Berlin is no where near the sea and a visit to the city is not included in the price of the cruise.","일부 유람선들은 안내 책자에 독일 베를린을 담고 있지만, 베를린은 위 지도에서 볼 수 있듯이 바다와 가까운 곳이 아니며, 도시를 방문하는 것은 유람선 가격에 포함되지 않다.","Translate the following sentence into Korean.
English: Some cruises feature Berlin, Germany in the brochures. As you can see from the map above Berlin is no where near the sea and a visit to the city is not included in the price of the cruise.
Korean:",fd25b3fbee25752485a26c4ff25d213db855654f8b378cb8e654dfa873a8460f,d964439ead1f469f073590f2580600ce14946763142edbd2578c7ff016d4f7fb,56,True,
927,927,"Travelling by plane can be a scary experience for people of all ages and backgrounds, particularly if they've not flown before or have experienced a traumatic event.",비행기를 타는 것은 남녀노소 불문하고 모두에게 무서운 경험이 될 수 있다. 특히나 한 번도 비행기를 타보지 않았거나 비행기를 무서워한다면 충격적인 경험이 될 수 있다.,"Translate the following sentence into Korean.
English: Travelling by plane can be a scary experience for people of all ages and backgrounds, particularly if they've not flown before or have experienced a traumatic event.
Korean:",82fe293e56afde6ddc97d150d7610ff4a2c56a59597ea0c29ae265ff4c4f2bed,fdee5b8208174c73167edd7ba814f3053fd934054709826ad4b6a5a00d951c7c,43,True,
928,928,It is not something to be ashamed of: it is no different from the personal fears and dislikes of other things that very many people have.,"이는 부끄러워할 어떤 것이 아니며, 대다수의 사람들이 지닌 다른 것들에 대한 개인적인 두려움, 혐오와 다를 바가 없다.","Translate the following sentence into Korean.
English: It is not something to be ashamed of: it is no different from the personal fears and dislikes of other things that very many people have.
Korean:",ffaa738e3d95b67035100887fd26f3cf7ed04b6bd1ff6ea4bdc031e5fbe32603,ff8bec81f310df9e0e1b93add146925d65d90661a2df8bfceca6992dda3fe7ae,40,True,
929,929,"For some, understanding something about how aircraft work and what happens during a flight may help to overcome a fear which is based on the unknown or on not being in control.","어떤 사람에게는 항공기가 어떻게 작동하는지, 그리고 비행 중에 어떤 일이 일어나는지에 대한 이해가 알지 못하는 것, 또는 본인이 통제하지 못한다는 것에 기반한 두려움을 극복하는 데 도움이 될 수 있습니다.","Translate the following sentence into Korean.
English: For some, understanding something about how aircraft work and what happens during a flight may help to overcome a fear which is based on the unknown or on not being in control.
Korean:",2aec021032df4e75332869299e1af4d4bee523886050148e25340692854eeabc,5750c9b7e2050411e45c8428218a6bb3e46786ff098249201de43431bcb75ef9,46,True,
930,930,"Courier companies are well paid for delivering things quickly. Frequently, time is very important with business documents, merchandise or spare parts for an urgent repair.","택배회사는 물건을 빨리 배달해 주는 대가로 많은 보수를 받습니다. 종종 업무 서류, 긴급 수리를 위한 상품이나 예비 부품의 경우에는 시간이 매우 중요합니다.","Translate the following sentence into Korean.
English: Courier companies are well paid for delivering things quickly. Frequently, time is very important with business documents, merchandise or spare parts for an urgent repair.
Korean:",ffeb54f95ef558b21a8f97ebb14cab4b02c193eab809801392c88501f73d0799,9843aa7921b2448471f020288fb8bbd93d0f47c35b95dea21571f241fadd1680,41,True,
931,931,"On some routes, the larger companies have their own planes, but for other routes and smaller firms there was a problem.",대기업은 일부 항로에서 자사 소속 항공기를 사용합니다만 그밖에 다른 항로이거나 소기업이라면 문제가 있습니다.,"Translate the following sentence into Korean.
English: On some routes, the larger companies have their own planes, but for other routes and smaller firms there was a problem.
Korean:",85c86f5ab5aa400f88656263df2a59ad5993634e3978c5d65ce8c1160797feb1,18e4522f0561b84f1b83398a78ff18502543a347d88d72a4c2e0aed1ce2ca18e,36,True,
932,932,"If they sent things by air freight, on some routes it may have taken days to get through unloading and customs.",항공 화물로 보냈다면 몇몇 루트에서는 짐을 내리고 세관 수속을 하는 데 며칠이 걸릴 수도 있습니다.,"Translate the following sentence into Korean.
English: If they sent things by air freight, on some routes it may have taken days to get through unloading and customs.
Korean:",76081af0df59d7d9c5dd6c4f7f7a33d4ea5ad955ddb92d36aa688646a729cfe1,45551a44dc735216a01f164ecdc017efb59df9ffbe9dc924403d5b0aee19400e,36,True,
933,933,"The only way to get it through faster was to send it as checked luggage. Airline regulations will not allow them to send luggage without a passenger, which is where you come in.",더 빨리 처리할 수 있는 유일한 방법은 위탁 수화물로 보내는 것이었습니다. 항공사 규정상 기내에 탑승한 승객이 없이는 수화물을 보낼 수 없습니다.,"Translate the following sentence into Korean.
English: The only way to get it through faster was to send it as checked luggage. Airline regulations will not allow them to send luggage without a passenger, which is where you come in.
Korean:",eefade620b1a693da0ad552689648eb9533f54ed96591aef6eedb80366af3bfa,0bdc7223e400ee23627945d3d962ec150eb418b69d74f680ff7ad4830b9954b5,49,True,
934,934,"The obvious way of flying in first or business class is to fork out a thick wad of money for the privilege (or, better yet, get your company to do it for you).",퍼스트 클래스나 비지니스 클래스로 비행할 수 있는 확실한 방법은 특권을 누리기 위해 두꺼운 돈뭉치를 지불하는 것(좀 나은 방법으로는 당신의 회사가 당신을 위해 지불하게 하는 것)입니다.,"Translate the following sentence into Korean.
English: The obvious way of flying in first or business class is to fork out a thick wad of money for the privilege (or, better yet, get your company to do it for you).
Korean:",1a52fe2e0612b0853a016ca642d1af13ce539763aa0c5c6c5019e8e91308cc47,1e72d89dbf87778364b4564f02e390f0d972918d622b2c83cdca762382242222,50,True,
935,935,"However, this does not come cheap: as rough rules of thumb, you can expect to pay up to four times the normal economy fare for business, and eleven times for first class!",그러니 이는 저렴하지만은 않습니다. 대략 추산하자면 비지니스 클래스의 4배 또는 일등석의 최대 11배까지 지불해야 할 수 있습니다!,"Translate the following sentence into Korean.
English: However, this does not come cheap: as rough rules of thumb, you can expect to pay up to four times the normal economy fare for business, and eleven times for first class!
Korean:",66e7a6b860a6f991024423ca8370da6455f492d6fbe9bec30a8e955844024408,351cd9feb075f8fc1df59c06c8510f510b7fad565d254879034f3cbde68ba66f,49,True,
936,936,"Generally speaking, there is no point in even looking for discounts for business or first-class seats on direct flights from A to B.","일반적으로 A 지역에서 B 지역으로 가는 직항 편은, 비즈니스석이든 일등석이든 좌석 할인을 구하는 것조차 의미가 없다.","Translate the following sentence into Korean.
English: Generally speaking, there is no point in even looking for discounts for business or first-class seats on direct flights from A to B.
Korean:",b5213e774c594ac2ae14b2d9cab9ef0f3cbd36b041d04c51287cb88ced787ef0,a191074a39a3d660b61935cd6272baf065762b68cacae5a73b1352e5883d88b0,38,True,
937,937,"Airlines know well that there is a certain core group of flyers who are willing to pay top dollar for the privilege of getting somewhere fast and in comfort, and charge accordingly.",항공사들은 빠르고 편안하게 어떤 곳으로 가는 특권에 맞게 책정된 요금에 기꺼이 큰돈을 지불할 의향이 있는 특정한 핵심 승객 층이 있다는 것을 잘 안다.,"Translate the following sentence into Korean.
English: Airlines know well that there is a certain core group of flyers who are willing to pay top dollar for the privilege of getting somewhere fast and in comfort, and charge accordingly.
Korean:",620444975ee5cda662e5cbfb531777332a584101fe0257d90809b1a01ceae591,3a52a193ba7f3fc5969f8b80658f83646fa0e9569473f5842ad00cdeb93aa9dd,46,True,
938,938,"The capital of Moldova is Chişinău. The local language is Romanian, but Russian is widely used.",몰도바의 수도는 키시나누(Chişinău)이다. 언어는 루마니아어이지만 러시아어가 널리 사용된다.,"Translate the following sentence into Korean.
English: The capital of Moldova is Chişinău. The local language is Romanian, but Russian is widely used.
Korean:",1645ae0a3b1863e5bc8b5b051894e9e9044018161c065efc7536f13d1ffe8916,29e59de9fb870f2020c9622342df85532f0378f6552a9a85010f936b66c3f233,36,True,
939,939,Moldova is a multi-ethnic republic that has suffered from ethnic conflict.,몰도바는 민족 분쟁으로 고통을 받아온 다민족 공화국입니다.,"Translate the following sentence into Korean.
English: Moldova is a multi-ethnic republic that has suffered from ethnic conflict.
Korean:",10521bbc6c33500b54fc4c21641c5f6474a2b34d31c8b989cb3afed519edb1bf,43c5c4e60028b60adeb8c910c23e555ebba81bd80a6456a828e32e9430b2b6a2,27,True,
940,940,"In 1994, this conflict led to the creation of the self-proclaimed Transnistria Republic in eastern Moldova, which has its own government and currency but is not recognised by any UN member country.",1994년의 분쟁으로 인해 몰도바(Moldova) 동부에 트란스니스트리아(Transnistria Republic) 자체 공화국이 생겼다. 고유의 정부와 화폐가 있지만 어떤 UN 회원국에도 인정되진 않는다.,"Translate the following sentence into Korean.
English: In 1994, this conflict led to the creation of the self-proclaimed Transnistria Republic in eastern Moldova, which has its own government and currency but is not recognised by any UN member country.
Korean:",e8339e29fc63458a15fb0e4d89df378c8106c1fc7d57e67aad5ccb3b784b4604,2a2d8ccdcaf22af9641f64f571ff5a38e39c3c65d7d6d11f5d8ed73acdb1a6bc,56,True,
941,941,Economic links have been re-established between these two parts of Moldova despite the failure in political negotiations.,"두 몰도바 간에 비록 정치적 협상은 결렬되었지만, 경제적 관계는 회복되었습니다.","Translate the following sentence into Korean.
English: Economic links have been re-established between these two parts of Moldova despite the failure in political negotiations.
Korean:",fdd5a06feece6b874ba2ff1dc06ebed0b5f38b6844b9005d0c935b78c08e867b,afe78d83e7d77e293516ae3aa7806da3b9bece993dcc60ee49580a9a94e6da4b,32,True,
942,942,The major religion in Moldova is Orthodox Christian.,몰도바의 주요 종교는 동방정교입니다.,"Translate the following sentence into Korean.
English: The major religion in Moldova is Orthodox Christian.
Korean:",b444d047baa83a5b17391c668ee19c7d2a105d7c26f885a46cca8ec2f1c5fe7b,904974f28b261422c5eff5b247289ce7bcd6b69e59af592132f7ffff897d3cad,22,True,
943,943,"İzmir is the third largest city in Turkey with a population of around 3.7 million, the second biggest port after Istanbul, and a very good transport hub.",이즈미르는 터키에서 세 번째로 큰 도시로 약 3백 7십만 인구를 가지고 있으며 이스탄불 다음으로 큰 항구와 매우 훌륭한 교통 허브를 가지고 있습니다.,"Translate the following sentence into Korean.
English: İzmir is the third largest city in Turkey with a population of around 3.7 million, the second biggest port after Istanbul, and a very good transport hub.
Korean:",bcb7213eba706e3a49ac012eb5f3a6e1bdda3c6c92a0327e1781ee19f76bf132,970ae8996899d2d0637160fca415da1183eaf8e0abaca87106af0ce4b790a03b,45,True,
944,944,"Once the ancient city of Smyrna, it is now a modern, developed, and busy commercial center, set around a huge bay and surrounded by mountains.",한때 고대 도시였던 스미르나라는 이제는 현대적이고 발전된 번화한 상업 중심지로 거대한 만을 둘러싸고 산으로 둘러싸여 있다.,"Translate the following sentence into Korean.
English: Once the ancient city of Smyrna, it is now a modern, developed, and busy commercial center, set around a huge bay and surrounded by mountains.
Korean:",b4982eda3bb7b6f5bd397ab9d08dbe0cbabdaf7542e8b75b565ab47bcb35ec7d,9bca809d14a3ea7fb4213ada75f4f861fcdb6880b8068bec82900ea1d670cd31,43,True,
945,945,"The broad boulevards, glass-fronted buildings and modern shopping centers are dotted with traditional red-tiled roofs, the 18th century market, and old mosques and churches, although the city has an atmosphere more of Mediterranean Europe than traditional Turkey.","이 도시는 전통적인 터키의 모습보다 지중해 유럽의 분위기를 더 많이 가지고 있지만 넓은 대로, 정면이 유리로 장식된 건물, 현대적인 쇼핑센터들 사이에 띄엄띄엄 전통적인 붉은 기와 지붕과 18세기 시장 그리고 오래된 모스크와 교회들이 있습니다.","Translate the following sentence into Korean.
English: The broad boulevards, glass-fronted buildings and modern shopping centers are dotted with traditional red-tiled roofs, the 18th century market, and old mosques and churches, although the city has an atmosphere more of Mediterranean Europe than traditional Turkey.
Korean:",787f27bfd20d9c62b2b0754a31da8812865eb843421a78f1633ace9b1ea079bf,9bff1ddb939847d1a886b2f34d4d4627b4974a8a9515e039cd3c3258a174533b,63,True,
946,946,The village of Haldarsvík offer views of the nearby island Eysturoy and has an unusual octagonal church.,"Haldarsvik 마을에서는 근처에 있는 Eysturoy 섬을 볼 수 있으며, 특이한 팔각형 모양의 교회가 있습니다.","Translate the following sentence into Korean.
English: The village of Haldarsvík offer views of the nearby island Eysturoy and has an unusual octagonal church.
Korean:",a5fde84ae19cbb657d39eb7b29163a286f5a394d671951ea52a51379c3aee1b6,b3d75418cc3f98e1a3af0e9b5d00b3d23202e4b9c2af7deec11e9bdee87580aa,38,True,
947,947,"In the churchyard, there are interesting marble sculptures of doves over some tombs.",교회 뜰에는 몇몇 무덤 위에 비둘기의 흥미로운 대리석 조각들이 있다.,"Translate the following sentence into Korean.
English: In the churchyard, there are interesting marble sculptures of doves over some tombs.
Korean:",1cd5cd9b462c1e7cd7bdb728ecaa289b3873562abc9020906325d342a8d7117f,7f3da2e0736cb4782aad14084d10033cbca60e3bc00ff69aa3accc3eacc4c067,30,True,
948,948,It's worth half an hour to stroll about the intriguing village.,이 흥미로운 마을을 산책하는데 30분을 투자할만합니다.,"Translate the following sentence into Korean.
English: It's worth half an hour to stroll about the intriguing village.
Korean:",1bffe23c1dff082292011f013ac36bdb52a893ce46877a419ffccbac8a564d16,fa7d1bff634e69032d89efa826732ac98e5ae187a201687db13c9fdbf734c76e,25,True,
949,949,To the north and within easy reach is the romantic and fascinating town of Sintra and which was made famous to foreigners after a glowing account of its splendours recorded by Lord Byron.,북쪽에는 쉽게 닿을 수 있는 낭만적이고 매혹적인 신트라 마을이 있으며 바이런경이 기록한 화려함에 대한 찬사로 인해 외국인들에게 유명해진 도시이다.,"Translate the following sentence into Korean.
English: To the north and within easy reach is the romantic and fascinating town of Sintra and which was made famous to foreigners after a glowing account of its splendours recorded by Lord Byron.
Korean:",4c66c32e946ece743d7cfc0c72bf5e97ee7473b979ea60910990d3246fc534be,0fb0cdafdc6eed497f17b89caeda02d2f57b702df79c61cba830cb944a731aae,49,True,
950,950,"Scotturb Bus 403 travels regularly to Sintra, stopping at Cabo da Roca.",Scotturb 버스 403번은 신트라까지 정기적으로 운행하며 카보 다 로카에서 정차합니다.,"Translate the following sentence into Korean.
English: Scotturb Bus 403 travels regularly to Sintra, stopping at Cabo da Roca.
Korean:",d583e8f30eb993a29cb8c946dc4c6e22aa8bff73d37a931c6c912a1462693346,23ebf800ffb32c091ed056c1af59905d6518e7e23a4855ea540b1c49369434f2,33,True,
951,951,"Also to the north visit the great Sanctuary of Our Lady of Fatima (Shrine), a place of worldwide famous Marian apparitions.",또한 북쪽으로는 세계적으로 유명한 성모 발현 장소인 파티마 대성당(성지)이 있으니 방문해 보세요.,"Translate the following sentence into Korean.
English: Also to the north visit the great Sanctuary of Our Lady of Fatima (Shrine), a place of worldwide famous Marian apparitions.
Korean:",e6a26bd07bc91547fd3ab90f53c795f9db7e315cf5d2003a6ab0edf1d7e31754,d42f4910ca2d5ff2762fc0eb67217eb384be31e700a237ae305c3f07da5dcecb,39,True,
952,952,"Please remember that you are essentially visiting a mass grave site, as well as a site that has an almost incalculable meaning to a significant portion of the world's population.",이곳이 기본적으로 거대한 묘지이자 세계 인구의 중요한 부분에 거의 계산할 수 없을 정도로 큰 의미가 있는 곳임을 기억해 주십시오.,"Translate the following sentence into Korean.
English: Please remember that you are essentially visiting a mass grave site, as well as a site that has an almost incalculable meaning to a significant portion of the world's population.
Korean:",175beffb136b6bc9a5d23716299816b4c4ba872fcff653941eba0e3b2efc4c45,e40db0d28575a2ebbe3e24a23957872f13057d2281f8f752edc071d20547a587,48,True,
953,953,"There are still many men and women alive who survived their time here, and many more who had loved ones who were murdered or worked to death there, Jews and non-Jews alike.",아직도 이곳에서 살아남은 사람이 많이 있습니다. 여기서 살해당하거나 노동에 시달리다 죽은 소중한 이를 둔 사람은 훨씬 많죠. 유대인이든 그렇지 않든 말입니다.,"Translate the following sentence into Korean.
English: There are still many men and women alive who survived their time here, and many more who had loved ones who were murdered or worked to death there, Jews and non-Jews alike.
Korean:",a1fe02e8892481a814c943ca08d290656b8f7991c14005ca1cf23d86dbf64e7a,0a85cefb1810d91914d91cc9ea404b36a79293666f64e3ad9f3d1e959e82b546,49,True,
954,954,"Please treat the site with all of the dignity, solemnity and respect it deserves. Do not make jokes about the Holocaust or Nazis.","본 장소에 밎는 존엄, 엄숙함, 경의를 다해 대해 주십시오. 홀로코스트나 나치에 대한 농담을 하지 마십시오.","Translate the following sentence into Korean.
English: Please treat the site with all of the dignity, solemnity and respect it deserves. Do not make jokes about the Holocaust or Nazis.
Korean:",bd5f260e134d56881824ea0a75c29bd5f6f621c26dfdfaece0d736c96e08371b,78da2eb0986505ca670c03b43bb2bd8e2559ba0b30ab392756face03698e818d,39,True,
955,955,Do not deface the site by marking or scratching graffiti into structures.,구조물을 긁거나 낙서해서 현장을 더럽히지 마시오.,"Translate the following sentence into Korean.
English: Do not deface the site by marking or scratching graffiti into structures.
Korean:",51929c596e5ca33cb25a4c17607b9b15d5a13eca6b3dbe835be93ab7e9dda49f,3e767e9ed5a411a45666ae620de2d572ef036b2d820813d916ae07a391a38cd8,26,True,
956,956,"Barcelona's official languages are Catalan and Spanish. About a half prefer to speak Catalan, a vast majority understands it, and virtually everyone knows Spanish.","바르셀로나의 공용어는 카탈루냐어와 스페인어다. 절반 정도는 카탈로니아어를 사용하는 것을 선호하고, 대다수가 그 언어를 이해하고 있으며, 또한 거의 모든 사람들이 스페인어를 안다.","Translate the following sentence into Korean.
English: Barcelona's official languages are Catalan and Spanish. About a half prefer to speak Catalan, a vast majority understands it, and virtually everyone knows Spanish.
Korean:",73889ae53cac035628236fa0bcd07316b8f33600a3bbad695f732a04ca4ddcf5,a9fd6e568961d6530ba9692ec15d83e8a76a4d8bd1230ac2a701f50ebc1d93a5,41,True,
957,957,"However, most signs are indicated only in Catalan because it is established by law as the first official language.",하지만 대부분의 표지판은 법으로 최초 공식 언어로 확립된 카탈로니아어로만 표기되어 있습니다.,"Translate the following sentence into Korean.
English: However, most signs are indicated only in Catalan because it is established by law as the first official language.
Korean:",b93a5c912c399860641336799265cb814d8ca7625716b43b7f0bd529c660a861,18c70761f5d88de4728729f064489c6a1d0a0ce52feb249bb16e47d9ec8bae9a,33,True,
958,958,"Yet, Spanish is also widely used in public transport and other facilities.",그렇지만 스페인어는 대중교통과 다른 시설에서도 널리 사용된다.,"Translate the following sentence into Korean.
English: Yet, Spanish is also widely used in public transport and other facilities.
Korean:",a16eec25d95e0d9faf7bcc36126c6ad28c23f9166a1efd51dcf52650c8ce8d4b,730615a73d7ef90d35dd9b5e9565ea5b1ed1b99ceebdcda44e791440913761ac,26,True,
959,959,"Regular announcements in the Metro are made only in Catalan, but unplanned disruptions are announced by an automated system in a wide variety of languages including Spanish, English, French, Arabic and Japanese.","지하철의 정규 안내 방송은 카탈로니아어로만 제공되나, 계획에 없던 운행 중단 시에는 자동 시스템을 통해 스페인어, 영어, 프랑스어, 아라비아어, 일본어를 포함한 다양한 언어로 방송됩니다.","Translate the following sentence into Korean.
English: Regular announcements in the Metro are made only in Catalan, but unplanned disruptions are announced by an automated system in a wide variety of languages including Spanish, English, French, Arabic and Japanese.
Korean:",e19d8b18b999707c554ee5ef224ac84173d3a7bceae2e8d86e4f345b209947f1,20fd3b9e7bbceadf67a177965b0f4894ea69566dbd02d71fd713dc3e360f85de,50,True,
960,960,"Parisians have a reputation for being egocentric, rude and arrogant.","파리 사람들은 자기중심적이고, 무례하고, 오만하다는 평판이 있습니다.","Translate the following sentence into Korean.
English: Parisians have a reputation for being egocentric, rude and arrogant.
Korean:",79109261ca7a77877df3c05a4ca5ac34196778565fed958203b8e70cd52fcdbf,b5c9bcce11351e64c25c08e9a0f4077200a6da7b82cadbd5b987fbdb1fd2f951,27,True,
961,961,"While this is often only an inaccurate stereotype, the best way to get along in Paris still is to be on your best behavior, acting like someone who is ""bien élevé"" (well brought up). It will make getting about considerably easier.","""보통 이것은 부정확한 고정관념일 뿐이지만, 파리에서 가장 잘 지낼 수 있는 방법은 여전히 """"bien élevé(예의 바른)"""" 사람처럼 행동하는 것입니다. 이러면 더 쉽게 생활할 수 있을 것입니다.""","Translate the following sentence into Korean.
English: While this is often only an inaccurate stereotype, the best way to get along in Paris still is to be on your best behavior, acting like someone who is ""bien élevé"" (well brought up). It will make getting about considerably easier.
Korean:",9b9cec34ede3e655411aa9b22969c4d574d0e3996b6e4a9a54ae0cf7bbb6a271,1c80e63ccedb914064195e8ea1d746bd888c6ec3e6ef3a8e6f8c9bddeb166c80,61,True,
962,962,Parisians' abrupt exteriors will rapidly evaporate if you display some basic courtesies.,파리인들의 퉁명스러운 겉모습은 기본적인 예의만 보여주면 급속히 사라질 것이다.,"Translate the following sentence into Korean.
English: Parisians' abrupt exteriors will rapidly evaporate if you display some basic courtesies.
Korean:",e26f904aa0e656c04d8e5e8ce92e8630df64ac9b36e4213ad2db08ca2af65852,8d6efb44429b4ac3f924b7b9149af915bb906156631a1006751223f3b3f0f78c,31,True,
963,963,"The Plitvice Lakes national park is heavily forested, mainly with beech, spruce, and fir trees, and features a mixture of Alpine and Mediterranean vegetation.","플리트비체 호수 국립공원은 대게 너도밤나무, 가문비나무, 전나무, 그리고 알프스와 지중해성 식물로 울창하게 삼림이 우거져 있다.","Translate the following sentence into Korean.
English: The Plitvice Lakes national park is heavily forested, mainly with beech, spruce, and fir trees, and features a mixture of Alpine and Mediterranean vegetation.
Korean:",cd6463849c48fbdd8588f5db5ba0da7a72f319a0b9b85d4bd8bd91fbbad54e53,68759ddae41fa2a27920a000ea333d78aa1fffef3757680cc86117ad1ba8be23,46,True,
964,964,"It has a notably wide variety of plant communities, due to its range of microclimates, differing soils and varying levels of altitude.","다양한 범위의 미기후, 각기 다른 토양과 다양한 높이의 고도로 인해 넓은 범위의 다양한 식물 군이 존재합니다.","Translate the following sentence into Korean.
English: It has a notably wide variety of plant communities, due to its range of microclimates, differing soils and varying levels of altitude.
Korean:",de9f845e6d450c55a2594cd5b1731a4a4e0b4cb3d8565105854842a09c5f3083,c59a0a699e07a5590b706c599f906fad931019874f2d9ef6dc5f6129dc6976d5,39,True,
965,965,The area is also home to an extremely wide variety of animal and bird species.,또한 그 지역은 아주 다양한 종류의 동물과 새들의 서식지이다.,"Translate the following sentence into Korean.
English: The area is also home to an extremely wide variety of animal and bird species.
Korean:",0ddebe83cafe338d9e1fb278cfcec63cad8db767b8c9a777cc72113fb9f9c141,626a1afabff8da464f54ab94b2b6cb1928fde3b50ac2ce825513c496db6d9ce8,28,True,
966,966,"Rare fauna such as the European brown bear, wolf, eagle, owl, lynx, wild cat and capercaillie can be found there, along with many more common species","그곳에서는 유럽 갈색 곰이나 늑대, 독수리, 올빼미, 스라소니, 들고양이, 큰 들꿩과 같은 희귀한 동물상들과 많은 더 흔한 종류의 동물들이 함께 발견됩니다.","Translate the following sentence into Korean.
English: Rare fauna such as the European brown bear, wolf, eagle, owl, lynx, wild cat and capercaillie can be found there, along with many more common species
Korean:",778980dea913fe67a37a893d439d68e20072710eecd9af5fd90cde81a0c9aa10,a42e5148120cba64e61d93b0e854fe27cbb875a218b8b17e4d1cde9256898e4c,49,True,
967,967,"While visiting the monasteries, women are required to wear skirts covering the knees and have their shoulders covered, too.","수도원을 방문하는 동안, 여성들은 무릎을 덮는 치마를 입어야 하고 어깨도 가려야 한다.","Translate the following sentence into Korean.
English: While visiting the monasteries, women are required to wear skirts covering the knees and have their shoulders covered, too.
Korean:",74a684773ab447283c73ba8e17bd98a8f3f555f9281d5c8429cd2f28c52b31c0,a45f1a906826d01bdd5442a08f72b45b182ac8997eb4661ecece0163e13105f0,36,True,
968,968,"Most of the monasteries do provide wraps for women who come unprepared, but if you bring your own, especially one with bright colors, you'll get a smile from the monk or nun at the entrance.",대부분의 수도원은 자신의 것을 준비해오지 않은 여성 방문객들을 위해 두를 수 있는 덮개를 제공하지만 특히 밝은 색상의 덮개를 직접 챙겨 오는 경우 입구에서 수도사나 수녀에게 미소로 환대 받을 것이다.,"Translate the following sentence into Korean.
English: Most of the monasteries do provide wraps for women who come unprepared, but if you bring your own, especially one with bright colors, you'll get a smile from the monk or nun at the entrance.
Korean:",22036f65f22043c00def5bb10cb27f860af4581ff01048a2de369bb778c2c99c,ad79de4f81a39ac084ae54432b0953aed5258e36a676b3ecc4334e11962ef0d2,55,True,
969,969,"Along the same line, men are required to wear trousers covering the knees.","같은 줄을 따라, 남자는 무릎을 덮는 바지를 입을 것을 요구받는다.","Translate the following sentence into Korean.
English: Along the same line, men are required to wear trousers covering the knees.
Korean:",fef6c4fe66393a7964a8dbbb6c40d0972c9e08e77906801d94ad63289c61b671,eaea3bbb06c7a977759decd11ad3d13b92df5c09a5419eb8b621a3789299b506,27,True,
970,970,This too can be borrowed from the stock at the entrance but that clothing isn't washed after every user so you may not feel comfortable wearing these skirts. One size fits all for men!,"입구에서 빌릴 수 있지만, 모두가 사용할 때마다 세탁을 하는 것이 아니기 때문에 이런 치마를 입는 게 불편할 수도 있습니다. 한 사이즈로 남성 모두가 입을 수 있습니다!","Translate the following sentence into Korean.
English: This too can be borrowed from the stock at the entrance but that clothing isn't washed after every user so you may not feel comfortable wearing these skirts. One size fits all for men!
Korean:",a3687011a0cca601abfff76cdef8e0556a6ed3721fa30a53da3f5733fe7936cc,1b2567c37ef1159f235dc6625cbb5580a4c095a8ca5b79af1337992b643d1825,49,True,
971,971,"Majorcan cuisine, like that of similar zones in the Mediterranean, is based on bread, vegetables and meat (specially pork), and uses olive oil throughout.","지중해 유사한 지역의 음식과 마찬가지로, 마요르카 음식은 빵, 야채, 고기(특히 돼지고기), 그리고 올리브오일을 주로 사용합니다.","Translate the following sentence into Korean.
English: Majorcan cuisine, like that of similar zones in the Mediterranean, is based on bread, vegetables and meat (specially pork), and uses olive oil throughout.
Korean:",d00b2467cfde82b5f0774dc1897b6b71e8181f7276c67713bb6e528a2102962a,71dac8731b8420df6578c4330e86bcd9b31a1235858379aed6fbca229c3c4ccc,44,True,
972,972,"A simple popular dinner, especially during the summer, is the Pa amb Oli: Bread with olive oil, tomato, and any available condiments such as cheese, tunafish, etc.","단순하면서도 특히 여름철에 인기 있는 저녁식사는 치즈나 참치 등과 같은 손쉽게 구할 수 있는 양념과 토마토, 올리브오일을 곁들인 빵인 파 엠브 올리입니다.","Translate the following sentence into Korean.
English: A simple popular dinner, especially during the summer, is the Pa amb Oli: Bread with olive oil, tomato, and any available condiments such as cheese, tunafish, etc.
Korean:",0144eb40c10d371b37a64f76e53897eaebe3731ccd15b89dfaeaf098fa33efc3,de3ad1542df2dc8d0d28758128084de5803f86980bd47be5b810104b408c5b2a,51,True,
973,973,"All nouns, alongside the word Sie for you, always begin with a capital letter, even in the middle of a sentence.",당신이라는 의미의 Sie라는 단어와 함께 쓰이는 모든 명사는 문장의 중간에서도 항상 대문자로 시작된다.,"Translate the following sentence into Korean.
English: All nouns, alongside the word Sie for you, always begin with a capital letter, even in the middle of a sentence.
Korean:",ac5f495ac551d548aee2efa76ca9fbf1f17e754dc6faaf397f0097ae782ffff3,00825fd9ca30ac8f5206ffedfe07a3ff75a7d8bb988c4c71df6379895ccb9a82,37,True,
974,974,This is an important way to distinguish between some verbs and objects.,이것은 몇몇 동사와 사물을 구별하는 중요한 방법이다.,"Translate the following sentence into Korean.
English: This is an important way to distinguish between some verbs and objects.
Korean:",1d4debdc74cd36b0d33b56e56a80641fc8bc0973cd9880d15f9ae4fcf5bddc4e,e575ee4d2d1b8c532799a49d886631a064c7d58c064d2c29c280617f07c6514c,25,True,
975,975,"It also arguably makes reading easier, though writing is somewhat complicated by the need to find out whether a verb or adjective is used in a substantivized form.","쓰기에서 동사나 형용사가 명사구 형태로 사용되었는지 여부를 알아내야 해서 다소 복잡하긴 하지만, 확실히 읽기는 수월해지게 된다.","Translate the following sentence into Korean.
English: It also arguably makes reading easier, though writing is somewhat complicated by the need to find out whether a verb or adjective is used in a substantivized form.
Korean:",7e51878bf0ef47e5defe4019ad7b4210b674b6ed4e6019ed8fe2a7174a837d7c,66f1153385db3bff2c9e91f95120b3b929a1b1a8febc9d39170b7295ce358721,44,True,
976,976,Pronunciation is relatively easy in Italian since most words are pronounced exactly how they are written,이탈리아어는 대부분의 단어들이 정확히 쓰여진대로 발음되기 때문에 발음이 비교적 쉽다.,"Translate the following sentence into Korean.
English: Pronunciation is relatively easy in Italian since most words are pronounced exactly how they are written
Korean:",ef5bc5b2701229ed2e277294b32392465eeff26f8fa464b467d858b14871a100,5d9c205e1533a589fbc8c1fe284a3ecd12adafdf520ed0afdd62b17ba54ee146,30,True,
977,977,"The main letters to watch out for are c and g, since their pronunciation varies based on the following vowel.","주의해야 할 주요 문자는 c와 g인데, 이는 발음이 뒤에 오는 모음에 따라 다양하게 변하기 때문이다.","Translate the following sentence into Korean.
English: The main letters to watch out for are c and g, since their pronunciation varies based on the following vowel.
Korean:",bfdf550fb2b89a0bd971fc88966de215db1b2a0180d2890879885ab22e3b0296,9a572eb796312653d63d3e168f4a5d290b1dab8a893853789f8c85b2239fc51d,34,True,
978,978,"Also, make sure to pronounce r and rr differently: caro means dear, whereas carro means chariot.","또한 r과 rr을 다르게 발음해야 합니다. Caro는 소중함을 의미하지만, carro는 마차를 의미합니다.","Translate the following sentence into Korean.
English: Also, make sure to pronounce r and rr differently: caro means dear, whereas carro means chariot.
Korean:",83a7b5985664246815a21a457d3899bd5e7e8dbb74d3080bfeee387ec00468cf,5df873dac85a65d1ab31de2b4a3241a846c66e01da74718df054020af13b6f1a,34,True,
979,979,Persian has a relatively easy and mostly regular grammar.,페르시아어는 상대적으로 쉽고 대부분 규칙적인 문법을 가지고 있습니다.,"Translate the following sentence into Korean.
English: Persian has a relatively easy and mostly regular grammar.
Korean:",e6355ddb0f26631cbcb2c644ee1c31ddb6e1a1adee5773cdaa81f180e4460e42,87439c5b4206f19625017d722c3ad6a0d8bec21713e49403e5ab0345eb2b75b5,22,True,
980,980,"Therefore, reading this grammar primer would help you learn much about Persian grammar and understand phrases better.","그러므로, 이 문법 입문서를 읽는 것은 페르시아 문법에 대해 많이 배우고 문구를 더 잘 이해하는 데 도움이 될 것이다.","Translate the following sentence into Korean.
English: Therefore, reading this grammar primer would help you learn much about Persian grammar and understand phrases better.
Korean:",0fa581038059c403515f4ba0c7c53f1d0d4857ee05f53d849e0a5cfc82c3dab5,53c7a8b8b47f2b43122d9d5d9fd9cae738e8f587d512baf5c1cf89a5cb2b27d0,31,True,
981,981,"Needless to say, if you know a Romance language, it will be easier for you to learn Portuguese.",당연한 말이지만 당신이 로맨스어를 안다면 포르투갈어를 배우는 것이 쉬울 것입니다.,"Translate the following sentence into Korean.
English: Needless to say, if you know a Romance language, it will be easier for you to learn Portuguese.
Korean:",d3b899f84977e75746f916ac70b08966ae4403b4ebaa813adbf7efc8a5f57a70,a69d008934094115369102333e69f867f277dbf8b69927dc8e55348cecb001b3,33,True,
982,982,"However, people who know a little Spanish may hastily conclude that Portuguese is close enough that it need not be studied separately.",그러나 스페인어를 조금 아는 사람들은 포르투갈어가 스페인어와 너무 비슷해서 따로 공부할 필요가 없다고 성급하게 결론을 내릴 수 있습니다.,"Translate the following sentence into Korean.
English: However, people who know a little Spanish may hastily conclude that Portuguese is close enough that it need not be studied separately.
Korean:",6bca6dba558315d4614484e8cd5d8280bf113d6fd9d82d9306c85eb951b258a8,5f9efcb6bf182b4ad0da8f064ee8f201d3d98b442802efe437b6b5aeaa28c156,36,True,
983,983,"Pre-modern observatories are usually obsolete today, and remain as museums, or sites of education.",근대 이전의 관측소들은 대개 오늘날에는 무용지물이며 박물관이나 교육 장소로 사용된다.,"Translate the following sentence into Korean.
English: Pre-modern observatories are usually obsolete today, and remain as museums, or sites of education.
Korean:",c8c412eea9fa8cb9ee2697386743dd1b4c7b122ec9ed4c4c83d9d825551a292c,1c918dd9b230c850a70097ba98430ec0d78442fc396f400cdb1980fd79fdc0ca,32,True,
984,984,"As light pollution in their heyday was not the kind of problem it is today, they are usually located in cities or at campuses, easier to reach than those built in modern times.",이들의 시대에는 빛 공해가 오늘날과 같은 수준이 아니었기 때문에 이들은 오늘날의 관측대와 달리 도시나 캠퍼스와 같이 쉽게 접근할 수 있는 장소에 위치했습니다.,"Translate the following sentence into Korean.
English: As light pollution in their heyday was not the kind of problem it is today, they are usually located in cities or at campuses, easier to reach than those built in modern times.
Korean:",1f7df6dcc9421a83a624cbef7fb1288064898ed6988a37f65b6d01648e4af4a3,8542b7c92f492ff84f4acbe0eeb98e154d7d6601338df3a6b4da16c6f70a3c5b,49,True,
985,985,Most modern research telescopes are enormous facilities in remote areas with favorable atmospheric conditions.,현대 연구용 망원경의 대부분은 유리한 대기 조건을 갖춘 외딴 지역에 위치한 방대한 시설입니다.,"Translate the following sentence into Korean.
English: Most modern research telescopes are enormous facilities in remote areas with favorable atmospheric conditions.
Korean:",25625f1c5f4dc628d06755d56106057785f7f2fbddf4be4687aaa1e31c3b69ce,e863e1063bb0fe79070f5045a01c7dd8c65ef55cc619e6ce6638c4fce2a10b29,28,True,
986,986,"Cherry blossom viewing, known as hanami, has been a part of Japanese culture since the 8th century.",하나미(Hanami)로 알려진 벚꽃 구경 행사는 8세기 이후부터 일본 문화의 일부였다.,"Translate the following sentence into Korean.
English: Cherry blossom viewing, known as hanami, has been a part of Japanese culture since the 8th century.
Korean:",7df7c11122e719d4ca667b5030eebf835d6b65b1c980aeebf626ed7f19eb7d06,4c5c80686fc260115f088b9df40e42a8b01107082f00a5bc074b58dc06a40085,35,True,
987,987,The concept came from China where plum blossoms were the flower of choice.,이러한 개념은 매화꽃을 문화의 일부로 선택한 중국에서 따온 것이다.,"Translate the following sentence into Korean.
English: The concept came from China where plum blossoms were the flower of choice.
Korean:",be99cdc39e5b5c43eaa1ade54a5fe7b6a37fe81a4b3215b0317aa3e050068f2e,202bad0700feabd5b0471515c49be7f1abd8985b217b06f40f08862f444c3ae2,27,True,
988,988,"In Japan, the first cherry blossom parties were hosted by the emperor only for himself and other members of the aristocracy around the Imperial Court.",일본에서 첫 벚꽃 파티가 천황의 주최로 황궁 주변에서 개최되었습니다. 이 파티에는 천황과 귀족 구성원만이 참여했습니다.,"Translate the following sentence into Korean.
English: In Japan, the first cherry blossom parties were hosted by the emperor only for himself and other members of the aristocracy around the Imperial Court.
Korean:",fd997bcb23c01178650d358c4afcc80b611c58919d3c1b251bbdd149fa6326d7,8dba0a9eae371c732c4f715be9cae952572a8a92cb5ec60dfa4d196295d3b7d7,40,True,
989,989,"Plants look their best when in a natural environment, so resist the temptation to remove even ""just one"" specimen.","""식물은 자연환경에서 가장 좋아 보이므로 """"딱 하나""""의 표본은 괜찮겠지 라는 유혹은 버려야 한다.""","Translate the following sentence into Korean.
English: Plants look their best when in a natural environment, so resist the temptation to remove even ""just one"" specimen.
Korean:",5c094b578447965a3c6ff9b5960970e0570d7b435160f8196c2e052c46729b65,edd3363a57ab81ab54007dd920a724bc94ca15c3a19bdfb59b3179a3bf11e8e5,35,True,
990,990,"If visiting a formally arranged garden, collecting ""specimens"" is also going to get you ejected, without discussion.","""형식적으로 정리된 정원을 방문해서 """"표본""""을 모으면 두말할 것 없이 쫓겨난다.""","Translate the following sentence into Korean.
English: If visiting a formally arranged garden, collecting ""specimens"" is also going to get you ejected, without discussion.
Korean:",c3cc225c78be39fe287e51b8098f8623417f34529614675ac89af4af1559008b,940f22a23b5298bd33f78c21e953cd7d45aa4a72e45f0d9930607abda385ea9d,35,True,
991,991,"Singapore is generally an extremely safe place to be and very easy to navigate, and you can buy almost anything after arriving.","싱가포르는 일반적으로 매우 안전한 곳이며 이동이 매우 편리하며, 도착하신 후 거의 모든 것을 구입할 수 있습니다.","Translate the following sentence into Korean.
English: Singapore is generally an extremely safe place to be and very easy to navigate, and you can buy almost anything after arriving.
Korean:",ec16e4543ba407eed28c9acfe1c5c67b84848edfb97f664d228e6511cb32ab16,462a9e038c6c3fc9114eedb972d5e1a7535308cde717e1bba07bf913795eb311,36,True,
992,992,"But being placed in the ""high tropics"" just a few degrees north of equator you will need to deal with both heat (always) and strong sun (when the sky is clear, more rarely).","""하지만 적도에서 몇 도 정도에 위치한 """"고열대"""" 지방에 놓이게 되면, 높은 기온(항상 높음)과 강한 태양의 내리쬠(드물지만 하늘이 맑을 때)을 상대해야 할 것입니다.""","Translate the following sentence into Korean.
English: But being placed in the ""high tropics"" just a few degrees north of equator you will need to deal with both heat (always) and strong sun (when the sky is clear, more rarely).
Korean:",e3e1304e671297372fc33f75866f5ea00fc18a8c9f41226b6ae4805ae4d955f2,2f2fbfa4ded9bc4bb72b56da5a708d22e838e2a3a681a335fe42a26c15198d0c,54,True,
993,993,"There are also a few buses going north to Hebron, the traditional burial place of the Biblical patriarchs Abraham, Isaac, Jacob, and their wives.","또한 성경의 가부장 아브라함, 이삭, 야곱, 및 그들의 아내들을 전통적으로 매장하던 곳인 헤브론으로 가는 버스도 몇 대 있습니다.","Translate the following sentence into Korean.
English: There are also a few buses going north to Hebron, the traditional burial place of the Biblical patriarchs Abraham, Isaac, Jacob, and their wives.
Korean:",782c34639db1dc843717a7a0f5d079e90a5ed517832947b584d9be5835555f3d,9316804485dd10d589627c036eaf3b6c1a46eaaf93f559dc2a0760759f59622f,43,True,
994,994,Check that the bus you are thinking of taking goes into Hebron and not just to the nearby Jewish settlement of Kiryat Arba.,당신이 타려고 하는 버스가 헤브론의 인근에 있는 키리아트 아르바의 유대인 마을로 가는 것이 아니라 헤브론으로 가는 버스인지 확인해야 한다.,"Translate the following sentence into Korean.
English: Check that the bus you are thinking of taking goes into Hebron and not just to the nearby Jewish settlement of Kiryat Arba.
Korean:",1c109d9f77b4870aa0dd48e81f39b4961144b5cefbcbe7095cc69602cd24c1d4,2f2b5b7330ce6d312ccd513225b37df964e7bab12d0535dd73633cc2f481cee3,39,True,
995,995,Inland waterways can be a good theme to base a holiday around.,내륙 수로는 휴일을 보내기용으로 좋은 주제가 될 수 있습니다.,"Translate the following sentence into Korean.
English: Inland waterways can be a good theme to base a holiday around.
Korean:",4b0268f3a557e6c168a69c0e427e54f32e33765fe60ea9ff45f9d1a684dd0886,3412b30b1c6a815fa2767d15077ef1b9eb6908092701a454493e7d5b6ac7f10f,27,True,
996,996,"For example visiting castles in the Loire Valley, the Rhine valley or taking a cruise to interesting cites on the Danube or boating along the Erie Canal.","예를 들어, 루아르 계곡, 라인강 계곡의 성을 방문하거나 다뉴브강의 흥미로운 장소로 가는 크루즈를 타거나 이리 운하를 따라 보트를 타보세요.","Translate the following sentence into Korean.
English: For example visiting castles in the Loire Valley, the Rhine valley or taking a cruise to interesting cites on the Danube or boating along the Erie Canal.
Korean:",b81c60539b4a5b6ecd37916ddb5a4d151a5f8142420093cc6bdbd4854aebb6d0,613609bf1d00ffbe9e72fd3714666b3ffe56b82841f9d6ef2bdccdaa70fa28a7,46,True,
997,997,They also define routes for popular hiking and cycling trails.,"그들도 인기 있는 하이킹, 사이클링 코스를 정하고 있습니다.","Translate the following sentence into Korean.
English: They also define routes for popular hiking and cycling trails.
Korean:",e626f4dc583bee48180bbbf540cfce3e80837a05b5f18b7bcc95f07ae65a051b,1868c7763ca1db56b6c5f9998fdc2f0f3f64a857e95bc46eb15b172fad5d0448,23,True,
998,998,"Christmas is one of the most important holidays of Christianity, and is celebrated as the birthday of Jesus.",크리스마스는 기독교에서 가장 중요한 큰 명절 중 하나로 예수님의 생일을 기념하는 명절이다.,"Translate the following sentence into Korean.
English: Christmas is one of the most important holidays of Christianity, and is celebrated as the birthday of Jesus.
Korean:",556fb4ffea8a3a9e576d55a909da95611adab10c877c6f8b7b1d247afae181e7,bfab96285816a23af3ded851ffa69a5fce7d2cb6a9bb37de5b8c032c8320ff2a,32,True,
999,999,Many of the traditions surrounding the holiday have been adopted also by non-believers in Christian countries and non-Christians around the world.,휴일을 둘러싼 많은 전통은 기독교 국가의 비신자와 전 세계의 비기독교인들에게도 보편화되었습니다.,"Translate the following sentence into Korean.
English: Many of the traditions surrounding the holiday have been adopted also by non-believers in Christian countries and non-Christians around the world.
Korean:",3ffe63a25b0ff7829b576293b2d15442f12e7b4c502655d7b7219ec28402c55f,1c983660b59fe4d452029064bc18e02cad8e92b1435a7a3dd72a7976e08bc923,40,True,
1000,1000,There's a tradition to pass the Easter night awake at some exposed point to see the sunrise.,일출을 볼 수 있는 곳에서 깨어 있는 상태로 부활절 밤을 보내는 전통이 있습니다.,"Translate the following sentence into Korean.
English: There's a tradition to pass the Easter night awake at some exposed point to see the sunrise.
Korean:",0fa1e982f30827b4984f8d66407d2359519028dd1a5e46b00aba40b03afa1ccb,f74ea7b181cd259873366ce5decc96509720010aa08d89d0264e6a4c5eddaa30,31,True,
1001,1001,"There are of course Christian theological explanations for this tradition, but it may well be a pre-Christian Spring and Fertility ritual.",물론 이 전통에 대한 기독교 신학적 설명이 있지만 이것은 기독교 이전의 봄과 풍년 의식일 수 있다.,"Translate the following sentence into Korean.
English: There are of course Christian theological explanations for this tradition, but it may well be a pre-Christian Spring and Fertility ritual.
Korean:",e9cd573d1ff01d9b557d250aaaf3794a3c27bdeeffe3d40463afbb987c1e8013,1887418cfeb7568b37b9b6e7fb97010f07f023e675db68e22241c05f2bd9c1a9,37,True,
1002,1002,"More traditional churches often hold an Easter Vigil on Saturday night during the Easter weekend, with the congregations often breaking into celebration at the stroke of midnight to celebrate Christ's resurrection.","더 전통적인 교회는 부활절 주간의 토요일 밤에 부활 철야제를 열며, 여기에서 신도들이 종종 자정에 주의 부활을 축하합니다.","Translate the following sentence into Korean.
English: More traditional churches often hold an Easter Vigil on Saturday night during the Easter weekend, with the congregations often breaking into celebration at the stroke of midnight to celebrate Christ's resurrection.
Korean:",718967ab53d110576ad3918db645147f5186158fb83acac077fecadc80e79961,8681c134ed4867519470c585ac6354f2a86cca6c68a526006c363b9f548c3356,48,True,
1003,1003,"All animals that originally arrived in the islands came here either by swimming, flying or floating.","처음 섬에 온 모든 동물들은 수영하거나, 날거나 혹은 물에 뜬 상태로 섬에 도착했습니다.","Translate the following sentence into Korean.
English: All animals that originally arrived in the islands came here either by swimming, flying or floating.
Korean:",5ccbc346853e30e5bcae712e8bfcdaf56a7baa9f111dbe6a4526a32ecf86ed6a,0c2405126cd8acedc0bb97715035ac1fa7387599b3f28dba14d1aa6d63807b04,30,True,
1004,1004,Due to the long distance from the continent mammals were unable to make the journey making the giant tortoise the primary grazing animal in the Galapagos.,포유류는 대륙으로부터의 먼 거리로 인해 갈라파고스의 일차 방목 동물인 거대 거북이처럼 여행할 수 없었습니다.,"Translate the following sentence into Korean.
English: Due to the long distance from the continent mammals were unable to make the journey making the giant tortoise the primary grazing animal in the Galapagos.
Korean:",eb72151d6e2a0cafe21aa5c98f7940c5482d367f000b52562d863b0bc84da70e,228c7675ea2d51e93953ec83daa154e3743c98f7c2492fbcd146855bfcb39107,42,True,
1005,1005,"Since the arrival of man to the Galapagos, many mammals have been introduced including goats, horses, cows, rats, cats and dogs.","갈라파고스에 사람이 도착한 이후, 염소, 말, 소, 쥐, 고양이 및 개를 포함한 많은 포유류가 섬으로 건너왔습니다.","Translate the following sentence into Korean.
English: Since the arrival of man to the Galapagos, many mammals have been introduced including goats, horses, cows, rats, cats and dogs.
Korean:",b3f03d5232c91d5676fe150e847a3b87761c454cbfd1f4267d973825e1e6606b,e2076ace9d1279b38d7326da6914b15952abc55839a4c0c59b97ee66a54e17f4,41,True,
1006,1006,"If you visit the Arctic or Antarctic areas in the winter you will experience the polar night, which means that the sun doesn't rise above the horizon.","만약 당신이 겨울에 남북극 지역을 방문한다면, 태양이 수평선 위로 떠오르지 않는 극야를 경험하게 될 것이다.","Translate the following sentence into Korean.
English: If you visit the Arctic or Antarctic areas in the winter you will experience the polar night, which means that the sun doesn't rise above the horizon.
Korean:",e2cdd7d02523fc5f5bc86c346c8d7a6ccc3f24bc31f7773f834d7d0391d3b894,aead06e88a0963e0b34de357aba59f721ebfa26b70fad7ab38d94857c44d1012,42,True,
1007,1007,"This offers a good opportunity to see the Aurora borealis, as the sky will be dark more or less around the clock.",하늘이 하루 종일 어두우므로 오로라를 볼 수 있는 좋은 기회를 제공합니다.,"Translate the following sentence into Korean.
English: This offers a good opportunity to see the Aurora borealis, as the sky will be dark more or less around the clock.
Korean:",d394f069c6ed7f78693fb574fa173cf8391d1be88f199e8f08c313abcf0f0ecd,715468b7df019c84b060e4988956d1b53b48b7b282afa13d4daf7c7b6f2666a7,37,True,
1008,1008,"As the areas are sparsely populated, and light pollution therefore often not a problem, you will also be able to enjoy the stars.","해당 지역은 인구 밀도가 낮아서, 광공해는 문제가 되지 않는 경우가 많기 때문에, 밤하늘의 별 즐기기도 가능합니다.","Translate the following sentence into Korean.
English: As the areas are sparsely populated, and light pollution therefore often not a problem, you will also be able to enjoy the stars.
Korean:",3f637197487920699406eb7c3fe756619cf20e6147b2556729c6fe401ee50093,ddee14cb1a994bc7b7ca0f1e0a7b6bd80d4a41e4598e51257a02ddef1b13d785,40,True,
1009,1009,Japanese work culture is more hierarchical and formal that what Westerners may be used to.,일본 직장문화는 서양인들보다 위계질서를 따르며 격식을 차리는 편입니다.,"Translate the following sentence into Korean.
English: Japanese work culture is more hierarchical and formal that what Westerners may be used to.
Korean:",0ba5124f049bf07402db41bc7e811b77edd939f41cfa53a75731dc7ea8b21dc5,79a30ab8ed3147842945a21a8c25bfc38e4b780b2d42bdd7fb1fece5d689de95,29,True,
1010,1010,"Suits are standard business attire, and coworkers call each other by their family names or by job titles.","정장은 비즈니스 복장의 표준이며, 동료들은 서로를 성이나 직함으로 부릅니다.","Translate the following sentence into Korean.
English: Suits are standard business attire, and coworkers call each other by their family names or by job titles.
Korean:",78a2e48f0459ac5d3997f4cb254d9a5c6aefb460f53fa6161a4c5743d2186bbb,65716ecd607dad1c02f8288e28049da8db4870699fe59d3edc1d0b15a43c7369,33,True,
1011,1011,"Workplace harmony is crucial, emphasizing group effort rather than praising individual accomplishments.",직장에서 팀워크는 아주 중요해서 공동의 노력을 개인의 성과보다 강조한다.,"Translate the following sentence into Korean.
English: Workplace harmony is crucial, emphasizing group effort rather than praising individual accomplishments.
Korean:",c181d160e62b2b57d4e7f4cea59734499b2125d4284e697856c309b780daf8d2,96f5c7f0e1c819a67179ed12fef9d758576c4debb65a2913a8bed5c7f543791f,26,True,
1012,1012,"Workers must often get their superiors' approval for any decisions they make, and are expected to obey their superiors' instructions without question.",근로자는 자신이 내린 그 어떤 결정도 반드시 상사의 결재를 받아야 하며 이의 제기 없이 상사의 지시에 따라야 합니다.,"Translate the following sentence into Korean.
English: Workers must often get their superiors' approval for any decisions they make, and are expected to obey their superiors' instructions without question.
Korean:",c7b42c7b617c9ce4f33140767ed48d34b045d9e2d3cea95bc87ebf24ad3ccd70,a9f83cf2cdb51359aaac6156bccc942e25307b85b196a78191fc7180ea970bce,40,True,
