workload,prompt_id,source_split,source_ordinal,source_index,source_revision,source_text_sha256,reference_sha256_provenance_only,prompt_hash,prompt_token_count
WIKIPEDIA,1000,train_extension,1000,1000,b04c8d1ceb2f5cd4588862100d08de323dccfbaa,0c4c00f4a2bdcfeeb9fac16751d353a336ce599c256c2f5230c2b795e8d741e7,,0ad7f4fab95df537d891d615a0ce3f02aa015a31a16ab243e67de38bc9fda0ab,128
WIKIPEDIA,1001,train_extension,1001,1001,b04c8d1ceb2f5cd4588862100d08de323dccfbaa,ba9db1268c0f70a4149364eb432552404787b5ea14082b1ce386b89393817713,,68b7efba53403119b2ed26831c025e642a1678ba49959ccad645f0550ad0fb6e,128
WIKIPEDIA,1002,train_extension,1002,1002,b04c8d1ceb2f5cd4588862100d08de323dccfbaa,5ffe79c9dc14b24bf2e47dc87d94851e338309e34a9d42b89ffbf8aa2c72e974,,72be0b10e35a02038a168c4c06187f34deb44b0c62ee68835b7d425dea455def,128
WIKIPEDIA,1003,train_extension,1003,1003,b04c8d1ceb2f5cd4588862100d08de323dccfbaa,176d992e0529ba216f965b4277b560d1f1da3cac6231a178c7fbe05077c2c2b5,,816cf498056a776400eef87a6e009db36389cf52a6faf8b5c4e1c20df82654d3,128
WIKIPEDIA,1004,train_extension,1004,1004,b04c8d1ceb2f5cd4588862100d08de323dccfbaa,f67a6fe7be4d3e39da2848e62ed7432efc004fc71a48814661a372a8feb43a0e,,eafb8d381a4facff3ae282943440bdca54feddc786380ce42ebcd5051b107a97,128
WIKIPEDIA,1005,train_extension,1005,1005,b04c8d1ceb2f5cd4588862100d08de323dccfbaa,18e4590c2d222b78478f72bc41108e38aaf1c07bea8876b8e34480503e65d9de,,8169bacf6c55d77a1de08e7fac71d5523599488f965a4d1eed0b0382558cb82b,128
WIKIPEDIA,1006,train_extension,1006,1006,b04c8d1ceb2f5cd4588862100d08de323dccfbaa,9f9cbd2e775bc0140b77577c794fc415473104ffb7cfde538be0e3c3c34169b8,,e46be029e81db0c9aa99561ea0e8c6e82a77d49ddb9512e29ae3c07923decb5e,128
WIKIPEDIA,1007,train_extension,1007,1007,b04c8d1ceb2f5cd4588862100d08de323dccfbaa,686efa5c05623ad58d7775bb667b3c070b8d2620529814b329ea7c3089e929c8,,0f139fd68e09c9ecb8f00543eef3639cdfe1f443d45e03a92ef0731941ed1d15,128
WIKIPEDIA,1008,train_extension,1008,1008,b04c8d1ceb2f5cd4588862100d08de323dccfbaa,472e8f16354371e0757b829c6e46d900445c5c906888c5751d7533be396f3e54,,9c1139e3a4df6d2be8261f59c8ad982abb84ffdd90931d02b93eba33f332dc43,128
WIKIPEDIA,1009,train_extension,1009,1009,b04c8d1ceb2f5cd4588862100d08de323dccfbaa,a46548213be58b7c1d307f4a87d323a576838f6dd64e82316276bcb45124f4e4,,50ae30dc8be2364bb8f3a62bf72ebd5fb34c9008553f5f3e5c6a2f2b6fda1d6d,128
WIKIPEDIA,1010,train_extension,1010,1010,b04c8d1ceb2f5cd4588862100d08de323dccfbaa,f10ecaca0a83f32e90c9b4ffa14b57729f5fba956d9c181046f3a00d477cc1de,,b2d9c01d9f96e30d2fd6e3e0c080ac449ef87ac13057e39dfaa6aed38f46436f,128
WIKIPEDIA,1011,train_extension,1011,1011,b04c8d1ceb2f5cd4588862100d08de323dccfbaa,ea27f6d20d2c6d6aa5d6be89d1b3a7129c2940eba41284b4a05fc0d4215429cd,,a0a9168e0293cb44780ab6dcf504a27217846f5c559ef08081f53ac24c507f8d,128
WIKIPEDIA,1012,train_extension,1012,1012,b04c8d1ceb2f5cd4588862100d08de323dccfbaa,477a3ef8676d7f6f4c822c0d53801cf86e49079e79d4eddd64fc5fd613f6b751,,4bdd8fe6eb7a01850b8c03c8c926ccecaf141d1a77ba342a75ab84d17f590e26,128
WIKIPEDIA,1013,train_extension,1013,1013,b04c8d1ceb2f5cd4588862100d08de323dccfbaa,2eac091b3c6471cae0431c6cbc37b50f25d66c1f3d45e07ae414d4f917d8acf5,,48df9d3c971590277e886ba4c3ae921167c99f897d3dd6254b7fbffc925fe4f7,128
WIKIPEDIA,1014,train_extension,1014,1014,b04c8d1ceb2f5cd4588862100d08de323dccfbaa,8c45ef1bd0bd9d7a43c5673e2760c59d3c3566261707178c7a31dc9a2ef25dc8,,49e33900f5b317871a2bf8ba77eaa24392114f9131ddb598c1f40e3bc03c6990,128
WIKIPEDIA,1015,train_extension,1015,1015,b04c8d1ceb2f5cd4588862100d08de323dccfbaa,dff58be75ed5c8e87f19820b09cf49ab929fd3b699052b17f8d500b155e1c9a7,,4064f950f5a776101332a7974dc7b22d2f9e7a3078a076e14c2774b477cf41f3,128
WIKIPEDIA,1016,train_extension,1016,1016,b04c8d1ceb2f5cd4588862100d08de323dccfbaa,7b2724a8e8396c5d311a81cf6a3dfb57269c503ff274f34d852f9b6a571ac837,,d4bca63edb28914bfd0f66deaba1eb20ae193961504c59d7592c539cd3c69ad8,128
WIKIPEDIA,1017,train_extension,1017,1017,b04c8d1ceb2f5cd4588862100d08de323dccfbaa,e7d15262654a944253361ae8dbb6b706f6e5873f0fa928aa590f43a9361f7f9f,,a60838c8ba47c2290343e255a164b104044231a1213dd5182a5d213c76c82123,128
WIKIPEDIA,1018,train_extension,1018,1018,b04c8d1ceb2f5cd4588862100d08de323dccfbaa,bf74f9c8f3f08e711844686e6d90bd1a64ab25c59669bf707c51521b5fca13ab,,5d8bdf03df7f85f6bd5b8e8274f87cf212d81608b4a5558b6a30fb03db72eeeb,128
WIKIPEDIA,1019,train_extension,1019,1019,b04c8d1ceb2f5cd4588862100d08de323dccfbaa,c6b759abddf4e779cad1882b688933e655276ca7837d66478db21c7be0bd4d46,,244acc7736f5e3976ebf7e281bedc6f89b6e6762db84da2619c947ef889beae2,128
WIKIPEDIA,1020,train_extension,1020,1020,b04c8d1ceb2f5cd4588862100d08de323dccfbaa,16ea349bcc058643afb7745067c2f7deaf778c16c695e4fb45a43b86637d3dda,,9fb1a45cbb56d5cef38d1006707e1f9c011a95096511a656ebe9abeb18d1cdae,128
WIKIPEDIA,1021,train_extension,1021,1021,b04c8d1ceb2f5cd4588862100d08de323dccfbaa,a38515fdeabb11840aca24f4793882340db1cbdd501b4521df4683903c31ba3b,,88cc237aabdd25eea3958c99c4db378d17d305528f11fb33e7ddfd0990195405,128
WIKIPEDIA,1022,train_extension,1022,1022,b04c8d1ceb2f5cd4588862100d08de323dccfbaa,4b60e7b768ac749fa21804a393fdfbea52cdb2f3a81ab3849fdaf69a04d6d09d,,b839a492c2644f79da34bde6be08e34a27dbbca5424d6074530a3487f7468821,128
WIKIPEDIA,1023,train_extension,1023,1023,b04c8d1ceb2f5cd4588862100d08de323dccfbaa,1ac39058bf06e5d822a2e9e08623aadbfac754f0e270e31654bbf0f519e1d8cf,,68e4dd09938e0ace69a227f19488ebe1f51ce781e5924f3842def3c959aff143,128
WIKIPEDIA,1024,train_extension,1024,1024,b04c8d1ceb2f5cd4588862100d08de323dccfbaa,82d029aa5225f885dbcafc49fc2bd97f09cc0039ef7318c99d42fcba24bb5afb,,fad4416a75fcf160ca4433a4eaf8a726cf790e2891eac6b377363e6a9a4eae52,128
WIKIPEDIA,1025,train_extension,1025,1025,b04c8d1ceb2f5cd4588862100d08de323dccfbaa,0525ae39fbf3d5cc74e731c174dbb67b53f82655eda2a5b04c8cd4e18b6440d7,,f83567c5274cf4f9ac6e9ca49643a0c68318bdb0664a3b917093785578d3fea1,128
WIKIPEDIA,1026,train_extension,1026,1026,b04c8d1ceb2f5cd4588862100d08de323dccfbaa,6c50ad4af66b09f52aecaf442fa878ab3d780d1881282f9699a095285f365f52,,9543ae7a95ffcd9ed3db11ea43c69920917613de29830cbd13f9e6bef6407207,128
WIKIPEDIA,1027,train_extension,1027,1027,b04c8d1ceb2f5cd4588862100d08de323dccfbaa,01ee5f7e4c460ac9af75a6c3c6a483b0bdd7f7d5232f3113b83b130611e27640,,0f316dcf3d7e051e4fcdae2d3d4bfd4d7cde393ccb6914d4ff288935ae2d7dc7,128
WIKIPEDIA,1028,train_extension,1028,1028,b04c8d1ceb2f5cd4588862100d08de323dccfbaa,867d50205ddee57c36a1125e6b400e157c38bccef6384f5c82497b55d8bbb5f3,,0e353c001f31ed5994d8e82d991e552a42311805f29128f15b7a529cdd5f6d25,128
WIKIPEDIA,1029,train_extension,1029,1029,b04c8d1ceb2f5cd4588862100d08de323dccfbaa,2a051a4b181687b728c8ddf8dfb8796dc502efba9c8048bdf11ec51d490116d5,,d4256733083871b19c266fd3dc211936d0cf18083c9e3a29d6473b4e7ccb1829,128
WIKIPEDIA,1030,train_extension,1030,1030,b04c8d1ceb2f5cd4588862100d08de323dccfbaa,861ab6ac58086d197c6c3e98ef22bffb814b389d71b61a323ef28956063323f4,,35e2a6e0b75d82505df071a8fe0da16b983b09ce27e635e779a9cdafc0c79d75,128
WIKIPEDIA,1031,train_extension,1031,1031,b04c8d1ceb2f5cd4588862100d08de323dccfbaa,89ba5fa3094fe4839f9a227633ecfa4eff25044ec03e2ed589c31d857326cc40,,5fabbfe7f71bfceaa621d2a3a4b2e1b6c6deac1cab1fff792c9391918d578f4b,128
WIKIPEDIA,1032,train_extension,1032,1032,b04c8d1ceb2f5cd4588862100d08de323dccfbaa,b72daf8d14c0aecb3410b0eef718a942a6588231b21bd1f0a8afcdbb860169e4,,9db7dd25b581ebbe2fdfe68d548b32674563f4551d6fb0d5ef1e2007d2a2b643,128
WIKIPEDIA,1033,train_extension,1033,1033,b04c8d1ceb2f5cd4588862100d08de323dccfbaa,b09d93bbd23f8ca87a2ac13feaca9481640a8f8eaed51f3786bae3a11f04e166,,4cc3ff232e69fd5dbb5a81a3a9958c78831ed9850508453384f7401bbb820445,128
WIKIPEDIA,1034,train_extension,1034,1034,b04c8d1ceb2f5cd4588862100d08de323dccfbaa,c1f734adfaedf0959fc8ce488467017c91cd50faadc44819b0a9fdce2c33d006,,1c92beeb1cf0750be85029b62292ed8efcb8bb021274714bafddeed9d57dc5be,128
WIKIPEDIA,1035,train_extension,1035,1035,b04c8d1ceb2f5cd4588862100d08de323dccfbaa,95e409bb1827555437287b491bdddd0198e06faf254fb2a7656735424656848b,,8cf93ca7831cf275ff48e4ccfede397a773f30d38bc8a5d6f5d7b24fa62db565,128
WIKIPEDIA,1036,train_extension,1036,1036,b04c8d1ceb2f5cd4588862100d08de323dccfbaa,635460d14ea9e93df40bae3e627e466c50315b1b5ac583d84695d4186b40cdbf,,92cfaf1c2de9acd06b2c71f53d87e476fd8a0d2932df5a4663da40708695935e,128
WIKIPEDIA,1037,train_extension,1037,1037,b04c8d1ceb2f5cd4588862100d08de323dccfbaa,262bf02f5625602dee92f308ec3b1fcb3d53451a816d245d0011a9fcfd28e03e,,0474c9e9bee4aa0b54ddc6d7f906095ebb6fe664cf995da34e9bef179d69442d,121
WIKIPEDIA,1038,train_extension,1038,1038,b04c8d1ceb2f5cd4588862100d08de323dccfbaa,5f439dc9681b022f427d1c1b7c57ff6456aa830ff5ae0ece5ebc0d3c4dbe23ca,,351eac2142f5093a57e41c125c6d587839a83def4620cdfc5aae4e1d3613ed11,128
WIKIPEDIA,1039,train_extension,1039,1039,b04c8d1ceb2f5cd4588862100d08de323dccfbaa,e5588b07dcbb5df2cd874d9696db42f89f084b6713ce9b0d77af4565f5e6359b,,c1d4362e892531aeb2dc10eb56cc5b10a1ac72a2a669f3e730fbdfbbecc84c8a,128
WIKIPEDIA,1040,train_extension,1040,1040,b04c8d1ceb2f5cd4588862100d08de323dccfbaa,114249498ccdbef26d3601cccd9067a79532ce31ab75cc5f58c977dd16e1fd16,,fd9f1f344e6f36475214da2417c9c591dd5f01720aa5631a13281d27449b70ef,128
WIKIPEDIA,1041,train_extension,1041,1041,b04c8d1ceb2f5cd4588862100d08de323dccfbaa,837ca107c240392f2463ad9ecbe552a8229808b253b161d8655a077d2b57f2db,,f01b38f8cdf141408e7674b0a3621a2a58a8bd7c10713d445f0a41984cbe4a40,128
WIKIPEDIA,1042,train_extension,1042,1042,b04c8d1ceb2f5cd4588862100d08de323dccfbaa,628023ac6f37347f09ebe9f9735df697cd977f29f5669e9898d05e3edd20eafd,,114377768be4a67495f0331e882d197eea3a2551b07ff51e1d91d557221d13a2,128
WIKIPEDIA,1043,train_extension,1043,1043,b04c8d1ceb2f5cd4588862100d08de323dccfbaa,5a7089a544a5e90c831478958ab32fe043cde16f8e4dc5679476dc89544f42af,,9b5e466405347fedaa88067f49e54deca59f9212f7032bea601ef255ccb844ca,128
WIKIPEDIA,1044,train_extension,1044,1044,b04c8d1ceb2f5cd4588862100d08de323dccfbaa,9170729358ea48226d821cf23aa583a146c7dd7794db846184629b5b49e921c4,,0b4e5143458ad8f78439d15190901dbffed28e8e03acb7bfaa7e795881538850,128
WIKIPEDIA,1045,train_extension,1045,1045,b04c8d1ceb2f5cd4588862100d08de323dccfbaa,70fa9a5c0162b8dba508633a65a0948fe1d26f81ddb9295f84ca51419beefd94,,c2113ae6c4b2cf5bb321a8b9a3fd5971a2f18cca8756d1b2df436651ef7aa627,128
WIKIPEDIA,1046,train_extension,1046,1046,b04c8d1ceb2f5cd4588862100d08de323dccfbaa,39605a351bc389b4a6166961054d2caaaecc4bfbfd096bb27bd5793d9236edb9,,ed9a81459568cdd967f455b6f26923e002c5f12d3af700dc0f94d34bdc7b82c9,128
WIKIPEDIA,1047,train_extension,1047,1047,b04c8d1ceb2f5cd4588862100d08de323dccfbaa,aadbc89ffa997954de1d2f8d809b6a4ebb83b8b4f0ee8dd633d7d14eaf082040,,b5eb75f71fc2ab516e15c20bfeddbc683d45d60ce9bf5b28a6ccbab71e81cdfa,128
WIKIPEDIA,1048,train_extension,1048,1048,b04c8d1ceb2f5cd4588862100d08de323dccfbaa,0f3c5b3d5bbd7a45efec1bc5d314a3b1f24d5436c299ad3b46bf06efe029bf86,,630afdc4e0f797c5aa41f791cf25d33e51b89bb72918a3c6a505b1b95d3b0b6f,128
WIKIPEDIA,1049,train_extension,1049,1049,b04c8d1ceb2f5cd4588862100d08de323dccfbaa,cc92f736909196c1b5fbe69a401c11b6c9fd0cd29d59a7926f85ac75b7e01c44,,38f387861fe600f4ca2cce9ae6ebbbf1c8d1f4b7aa29c155f4115b8346789964,128
WIKIPEDIA,1050,train_extension,1050,1050,b04c8d1ceb2f5cd4588862100d08de323dccfbaa,eeb60b65c66559c2bcc1b2d5513c30cf1bb263dfc3cee31ad0a3798f759331cb,,8da3ef3a99c362421cff7f615371877812d84fd30c233490230ff61b3c1705ef,128
WIKIPEDIA,1051,train_extension,1051,1051,b04c8d1ceb2f5cd4588862100d08de323dccfbaa,531c0d51933dd55ff883f4251f8136e92a93e6b5a3c72d0b5167bf2c9417816f,,20ce11487d39d257be1f85b2e322abe81f3d14fe8f3a72173b9cfa6c7a534c90,128
WIKIPEDIA,1052,train_extension,1052,1052,b04c8d1ceb2f5cd4588862100d08de323dccfbaa,a273c2075a237a8213d5175c5ca9138586793fed6999d1deeff8649c55d6f1e0,,1782ccb4c06a8003a9bf9e0a47ec1f280b2a5a0c6640e1378c072ef93623f7d5,128
WIKIPEDIA,1053,train_extension,1053,1053,b04c8d1ceb2f5cd4588862100d08de323dccfbaa,976d19525ebdcf10c0a8f51e076337201a8525782d42e1e8cba37eec0a3dec6c,,27e61074a2319764830d10fe528032d4457d8b23531efb33af4a42fa01ec822e,128
WIKIPEDIA,1054,train_extension,1054,1054,b04c8d1ceb2f5cd4588862100d08de323dccfbaa,5ed6507c2a1e2a8f944e8e45b4124b46dd4269fa997728a5cde37ff3ffa290e1,,e63188ceb6f91486e8dffdc8f14639c17cba4b499c624cb4dc9b583da19f7611,63
WIKIPEDIA,1055,train_extension,1055,1055,b04c8d1ceb2f5cd4588862100d08de323dccfbaa,7a7ca77a56f1cc7d6d964a0d077e06e20501169f4916481fec9fbfdcc43ae07c,,e435f6bda32ffcc6d720914025f2a774e511d257e6b9e3216f5e14adfa1f99fa,128
WIKIPEDIA,1056,train_extension,1056,1056,b04c8d1ceb2f5cd4588862100d08de323dccfbaa,ce346d6cce278218b56eeb5bd2af93898c2fb358ffd03d8f65cb98778f128286,,4360edb978f94898d99d5cd1d82c8d0dc0da9b94beeb1c2efafa2815c1334eca,128
WIKIPEDIA,1057,train_extension,1057,1057,b04c8d1ceb2f5cd4588862100d08de323dccfbaa,5d3d4302c53319b8276680f14c9c38e8882a22c6f3f3673daa43efd8fad1332b,,0d5e132c0ca672ecb65138277330b1061701af400306bbae192253e885d76925,128
WIKIPEDIA,1058,train_extension,1058,1058,b04c8d1ceb2f5cd4588862100d08de323dccfbaa,3e48cfee8887901f930bdfc364af5617e27a3673b998b205608f2ee3774a19da,,821c2b19f4194095477fd0f4cc940a0c0a421f478fdeac5fa0bd163b378283a6,128
WIKIPEDIA,1059,train_extension,1059,1059,b04c8d1ceb2f5cd4588862100d08de323dccfbaa,6fef8ef830d3b088fa9038e0dfd4f80c129f3033302724f34112f89808e6ea9d,,59ae650b7905745386688266573d374c13ba2fbb9f95c941bd15e713983b3f2b,128
WIKIPEDIA,1060,train_extension,1060,1060,b04c8d1ceb2f5cd4588862100d08de323dccfbaa,1ce82fa4de9d53548c750857ed955946b69d558e3497eff2515d9a148cf407fd,,89525466f550ffa9bdd823b60136bd9bc3e02723cb8f5f67a35abe7717d30979,128
WIKIPEDIA,1061,train_extension,1061,1061,b04c8d1ceb2f5cd4588862100d08de323dccfbaa,9987b42a012512c3f32f0098ef632e3a8d835438a9ea5a7e8c3fed72b46c8c92,,e042a18c751c738b7114810d520a471073a2964a269da4acc4c58913539756d4,128
WIKIPEDIA,1062,train_extension,1062,1062,b04c8d1ceb2f5cd4588862100d08de323dccfbaa,661faf3de2073968f919ee00e82ab8d82e202863e50d82f1a4d8a7839b16103b,,01f2c12833fcdaff43c2fc8d290b9a58b06576a6f1f24bfa3ff6d42d19a4563b,128
WIKIPEDIA,1063,train_extension,1063,1063,b04c8d1ceb2f5cd4588862100d08de323dccfbaa,d47d336dc2fdf2168ee2a6c7a43ab4ece2481760d69a99ce6c5fa2a599b84b78,,d703be4a41fd2e46bb1f36c39f72a466dc7671fad7198ce08ba76b98dc79f2ca,128
WIKIPEDIA,1064,train_extension,1064,1064,b04c8d1ceb2f5cd4588862100d08de323dccfbaa,f3b45cb5877dca59091bfb16cdebc4a053db29998bc17fb1f97b38285ac4f01f,,87e59f8b1746c47970eb4c4b82aeca53e3ab14a7eb6bd0f7ba4287f44e53619d,128
WIKIPEDIA,1065,train_extension,1065,1065,b04c8d1ceb2f5cd4588862100d08de323dccfbaa,0381ad812b8350d77986edde30370bfee45b01db895e898ffed6242f742859ec,,dcdd6267d34a3efec7579c8cbb47003534275dbd5e493ea0d7408561289fcc0a,128
WIKIPEDIA,1066,train_extension,1066,1066,b04c8d1ceb2f5cd4588862100d08de323dccfbaa,a7662687ccd9e47c48b1983dd4d07044804ad5ae1585407bf9001ca4d9653599,,bc2b18431b693a5e80ecb19e165af0c59ab605b09d3532bfb09f422fffea957a,128
WIKIPEDIA,1067,train_extension,1067,1067,b04c8d1ceb2f5cd4588862100d08de323dccfbaa,d46126068dabc43214f1d79b73ebb7e01e4bbaa69d5156a4790a6200db9625f1,,e77e05470943762707d76d519b616b9b415d3a15e3c04919f2f21091652b36ce,128
WIKIPEDIA,1068,train_extension,1068,1068,b04c8d1ceb2f5cd4588862100d08de323dccfbaa,b252a8f63b30f5c2512d95703ec0a05f34eb6e41499aa6e7cfa42efe0b7c64dc,,79a821a9f8a690bad5526e8c72f2e1edad8c0352d35a6e5997f397edb18f72cb,128
WIKIPEDIA,1069,train_extension,1069,1069,b04c8d1ceb2f5cd4588862100d08de323dccfbaa,94d426288befd21d4c6ab6543a8213e7d1b30ccfcc163d0ff0549da5bf70c266,,c359bcbd61a62736295f77bace9d8d303d50c9eb3fc32796418c4075a524b865,128
WIKIPEDIA,1070,train_extension,1070,1070,b04c8d1ceb2f5cd4588862100d08de323dccfbaa,1810eb41fa57562055f008a1d9578052b5625c9e57f6503127924392c4b7b0fd,,57f0db68b6e894d7c6ade18eb018697e90c3ea5178f12d213c980ffdf74f685c,128
WIKIPEDIA,1071,train_extension,1071,1071,b04c8d1ceb2f5cd4588862100d08de323dccfbaa,665286e21967b7032e9e49813b1ae7472e23bce8aaa1e8859763331dc43dc016,,77320e7d32a0293f52b6208a5bfd33cc5071a6a34cfac93bb8bc10dd3d1d7322,128
WIKIPEDIA,1072,train_extension,1072,1072,b04c8d1ceb2f5cd4588862100d08de323dccfbaa,225b3b56af5fdf1c059677a28598468840084436bff01fb04f2fc5b04e574d63,,48d2b5f7f738cfb60cd07c7ab0763a26732eb807f0e8afb4f3f296963d9de173,128
WIKIPEDIA,1073,train_extension,1073,1073,b04c8d1ceb2f5cd4588862100d08de323dccfbaa,04f903cb909c1fbc8253da88f341ab55451559116cc4199c7700ab193db9299e,,ce78bc702d586b199e1595dc48eda3c74c76b640078990188d2ea657e18c6a7f,128
WIKIPEDIA,1074,train_extension,1074,1074,b04c8d1ceb2f5cd4588862100d08de323dccfbaa,856b17a749ed5dd19c99fd93c66e0fda36714dcfd0b0ee993013a4f6f2648854,,db494c6e0487d13c2c2cc348a151439ad133f268e63af01170505ee0dc70ca8f,128
WIKIPEDIA,1075,train_extension,1075,1075,b04c8d1ceb2f5cd4588862100d08de323dccfbaa,61f9ef7455d95d993bea5c28f8cd5785cda9bec30e30ba9fb0eb57446e8ef57c,,83a0ca10ef11c75cb0c405d0ce85eff5d01c15835ceb69bdb99a83c0b013ca24,128
WIKIPEDIA,1076,train_extension,1076,1076,b04c8d1ceb2f5cd4588862100d08de323dccfbaa,77feb736520405f7cbc9fdeed5449c83f13fa52f555533a68551657929bc4816,,747e0836607fa703818c80c369074d630dddf66d863661656a7e21df5136202f,128
WIKIPEDIA,1077,train_extension,1077,1077,b04c8d1ceb2f5cd4588862100d08de323dccfbaa,bd062df21b457b8e3c35695e5fddef3ba6bbdab6c8710e24dc56b0f7092a7b52,,042c2d11607d0da4ceacb5e41e6d08702f89c72118f6cd265885b0c137afe046,128
WIKIPEDIA,1078,train_extension,1078,1078,b04c8d1ceb2f5cd4588862100d08de323dccfbaa,fead081feaa34ad02513bc68239735ca652327adbb81a9ad7721513b4086a8c5,,7ea5b3f04a9607c4f2e515d1cb023b85c021d1785880f70bb0c6c2f589ed609f,128
WIKIPEDIA,1079,train_extension,1079,1079,b04c8d1ceb2f5cd4588862100d08de323dccfbaa,fb87f1b45f9adaf6e478d04cdf347f35e0f19c1e29f1dea231fde094cfab447e,,ec9dbc8c949394772f51ae06b6a099d20d41600b32bf259b8e1606fe968768d8,128
WIKIPEDIA,1080,train_extension,1080,1080,b04c8d1ceb2f5cd4588862100d08de323dccfbaa,68f5f565c3a8c14d8456643f9bbc22cd291df8797792bc7d05d5c37eaf35ed79,,8fb938adcd3a787adbff75601d845c1174cbbb3ce24328d4e95edd5811068a2c,128
WIKIPEDIA,1081,train_extension,1081,1081,b04c8d1ceb2f5cd4588862100d08de323dccfbaa,75d6c0129c85f801d9ad2e1135aefc867c28eae8ae832890c3557640f728ad09,,f194b7321bf96eea73d451b9085ea933bebf41448030a771879ec42dba664c54,128
WIKIPEDIA,1082,train_extension,1082,1082,b04c8d1ceb2f5cd4588862100d08de323dccfbaa,a81f0e6df9c4635595048dd41076acd58d0f6780c7e70a24d3def4844edf5b32,,5a09ba4ffa0bfc3b18a2ba8962fd19eb32e5b8509a20aa0db52cbaa330ef1743,128
WIKIPEDIA,1083,train_extension,1083,1083,b04c8d1ceb2f5cd4588862100d08de323dccfbaa,842707eb89395a22e2ea6806cd481ff1a93a7e0faa66f58cf8fb7e52ce245cd7,,76779ee611c7835bf69f0836da4dea64ebaa32502665c35ae75f73969bf0ac0f,128
WIKIPEDIA,1084,train_extension,1084,1084,b04c8d1ceb2f5cd4588862100d08de323dccfbaa,c55f233abf38c1e1447ed755b8b971bf136c68b8797a57e46c95294fddd69ee7,,c00c3c56462729d06968e458fe8bfcb1a2588b7a2b06ae6117ac32bef2444e39,128
WIKIPEDIA,1085,train_extension,1085,1085,b04c8d1ceb2f5cd4588862100d08de323dccfbaa,1d3e64a3baddb43d6eb62ea328face65712cad4f87f5fa9c75e28c17aa4efcf2,,9b58d02cf5f9d34fee41e6d0373732b29920a2ad3660ae8211e1b81dde7a352a,128
WIKIPEDIA,1086,train_extension,1086,1086,b04c8d1ceb2f5cd4588862100d08de323dccfbaa,05f362eee9e60ab48946119f5ed816190c171c41177905ea9637cf55aa96234a,,09559b7aaf87e04f628378e1c378caf7c947acdaa3b2abd5cef00d19ea944750,128
WIKIPEDIA,1087,train_extension,1087,1087,b04c8d1ceb2f5cd4588862100d08de323dccfbaa,83a21a2f5e2f65f80a88f7e628e1ccd4349686b8db661835c139169cf5edccd6,,6995dd4c6aa280429c61d9b68f1a04ac3ff791d713e0d61f8a6b527d6c45dbd8,128
WIKIPEDIA,1088,train_extension,1088,1088,b04c8d1ceb2f5cd4588862100d08de323dccfbaa,35e3cc146b54deca6bace194d16a3443833fc699fa1289cee2275171c67313c1,,cef5b4115848eb4102ad7e0663c891929c5da6400b864ce7b781ff565571f6d4,128
WIKIPEDIA,1089,train_extension,1089,1089,b04c8d1ceb2f5cd4588862100d08de323dccfbaa,9469075f8a96dd1c48f23ad3f1a3a312749281a9e41eb631bffcb197fa0f6cad,,f250b4472ac2b0df569fe87a5b8e165fb151ebbeef5331a3fe6dcb454d4e3ed9,128
WIKIPEDIA,1090,train_extension,1090,1090,b04c8d1ceb2f5cd4588862100d08de323dccfbaa,adce2580dd0725a227523c22778252057cba9b3adb1d3ef4a767fdc52437dc2f,,b1c9e592bb33c60dfc77ad720ed6223b4f6bde58eacd4351fe908a373aa527bd,128
WIKIPEDIA,1091,train_extension,1091,1091,b04c8d1ceb2f5cd4588862100d08de323dccfbaa,96bdf8978bef76800b9d2eca3a18cc72270f44513fa502931223f73795a34d12,,cd67d3cb8dc336e4719d1669c33fdaadff51a5c2fede13d8c7b0440f95f64e63,128
WIKIPEDIA,1092,train_extension,1092,1092,b04c8d1ceb2f5cd4588862100d08de323dccfbaa,1913440cd846bbbaef39822d1a54499f7c766d7267291be352d43210a94e9559,,7c103ca83a02c315154db56ccec1087e72dffc9c072d6dd6a71b9d29218db410,128
WIKIPEDIA,1093,train_extension,1093,1093,b04c8d1ceb2f5cd4588862100d08de323dccfbaa,92ed85a0863196ec00f3fca5c88a75c8e6d15de9b50c0300a9fd36ce0efc7e5f,,fd4318c4c252ffe087bd742b3ca85c6e20038c8eadd9d7400d43aba488e33034,128
WIKIPEDIA,1094,train_extension,1094,1094,b04c8d1ceb2f5cd4588862100d08de323dccfbaa,ee490f499c24ac0044bdaf949b06012227c7f218a2f5c2e2dc05e994aceaf90e,,3998df1c67a74a1d15663331e032c6dc8a098dd3aa4041c053d40712f8fb786b,128
WIKIPEDIA,1095,train_extension,1095,1095,b04c8d1ceb2f5cd4588862100d08de323dccfbaa,8f2a5b32321ca0400e7b2e21e62e8f54bcc6f662ba12c1c4589b4eea3369aae5,,78909905382f33f1b38543ea5ae34344aa780d8361acbf4bb306e9c70b254164,128
WIKIPEDIA,1096,train_extension,1096,1096,b04c8d1ceb2f5cd4588862100d08de323dccfbaa,2c9c68ebc75b8bec3e056b238e88b2f0c315173703f93d2847d5c684b83e2d15,,18e1b2deba44e6e5a87b29745dd28846872b54e11cf73b16ab54a4d85a78325d,128
WIKIPEDIA,1097,train_extension,1097,1097,b04c8d1ceb2f5cd4588862100d08de323dccfbaa,4789c4c67fb1bca619a81597ca0a27c56e187d53f7ef69e627c8cfba871cbd14,,b9757ab0c7476df49d338e3f560bf49e7588d78dc74264767404250177d70936,128
WIKIPEDIA,1098,train_extension,1098,1098,b04c8d1ceb2f5cd4588862100d08de323dccfbaa,f25b8aa3cdb5e1aed18218813cea25c305a426c55eaaeb8bc6ba16746eaacaf6,,6370d241aba96ad3264a8db33a1ed67f551c03901f9a34c84da0b089117cde71,128
WIKIPEDIA,1099,train_extension,1099,1099,b04c8d1ceb2f5cd4588862100d08de323dccfbaa,de6e39a2305bcf16e8934b6c6b33bf8a70ed8fd3692f6d3874de5f13c02b518b,,4ae89c2624d8554c111c85678e511416ff9b7adc0bcb2d35f4ec3f7a0cbe3720,128
WIKIPEDIA,1100,train_extension,1100,1100,b04c8d1ceb2f5cd4588862100d08de323dccfbaa,94082b0ca4660857c557b7acf11f95e9493ee5d0ec52348470ad1e02f0aed910,,6b2b6437c3ebaee69f95097c764b8908dfbf37455e55f40e688b873f5d0cbbac,128
WIKIPEDIA,1101,train_extension,1101,1101,b04c8d1ceb2f5cd4588862100d08de323dccfbaa,f83a209b12e000ba2f0343c2c8253afc949c96c3811075b615424854f89f8336,,43f095c0e8678ed9bf3cfd53b951cafb5c9be1e8362201be6c7c3365b26d63d0,128
WIKIPEDIA,1102,train_extension,1102,1102,b04c8d1ceb2f5cd4588862100d08de323dccfbaa,d6ad72e5db9f354f8e3a3c4bec52a2d14146c5546fb0104b6ead17700f7c239f,,43b8ea2ae6382c206503c824b6fa4e609b622567656fd975868cc172822ded91,128
WIKIPEDIA,1103,train_extension,1103,1103,b04c8d1ceb2f5cd4588862100d08de323dccfbaa,90453134447650ff4906bcfa2b53eea15dd64ef0817614d60a2ea84d1c6e8033,,287900fa47d35e5a1304f2ff017372a87195ff6b92ff44c23828a126665abbaf,128
WIKIPEDIA,1104,train_extension,1104,1104,b04c8d1ceb2f5cd4588862100d08de323dccfbaa,73f4288a988a160749d3edaeaf79805b928366fb3ca808b900264d74e554bf5c,,b773726673860631fbb406beaf855c1823804915e753b92dd70d824a48817ac0,128
WIKIPEDIA,1105,train_extension,1105,1105,b04c8d1ceb2f5cd4588862100d08de323dccfbaa,2b7f1eb171526e62d8cf88050bca16d3f1194af2d5fa121c1f8c27ae8b64073a,,6e080c9977d2dbade009f80b210fb096e396c8372c19ea0255dbd6c75a665895,128
WIKIPEDIA,1106,train_extension,1106,1106,b04c8d1ceb2f5cd4588862100d08de323dccfbaa,ab5749c5cd42d9b5597433c521bdab21a6c532edcd70f208da2f771e17e374cb,,27ae6878bfe5565f1c6dcc0857c306515fe26c176c5c124fda4d05439c35300b,128
WIKIPEDIA,1107,train_extension,1107,1107,b04c8d1ceb2f5cd4588862100d08de323dccfbaa,4a5dd4368447e3fb340c315e87ef4764ec04c5307aa7b6d9dda85374a988c3c4,,69b866a4d33c5c5292ce80e3f20ad4bb9128d362579bf3f70c56b9fce588e686,128
WIKIPEDIA,1108,train_extension,1108,1108,b04c8d1ceb2f5cd4588862100d08de323dccfbaa,ae9c775dd40bc429a1db5ac1701931b26d7eb08983d42650dfaec49ddc6e2b99,,9d96ad9731bd0b0ceababc9dd086cffda670ed41199c4f2e871a33c4f6539db3,128
WIKIPEDIA,1109,train_extension,1109,1109,b04c8d1ceb2f5cd4588862100d08de323dccfbaa,946fb298aa2ed9db44d9deac79f85f89dd7458555f2fd8d324440b2ebd622c46,,671389090ead83edfb1a7f7421ae1beb58d4043d2c23efb66be878f6f6cdb366,128
WIKIPEDIA,1110,train_extension,1110,1110,b04c8d1ceb2f5cd4588862100d08de323dccfbaa,08efaa56cb82fbb72a6cc8248761902e009c29ce89e65332defbd7b96cdcc0e4,,ddad6970cffe73ee3ec7111653f0ff84c3cfe3a0fdd3021abb8f36f4bf5c9a6b,128
WIKIPEDIA,1111,train_extension,1111,1111,b04c8d1ceb2f5cd4588862100d08de323dccfbaa,a5e75f6e8e9d6024091cbdf0c60369e5d51efe42d38f03b92fe6fe4bba6ec0d7,,901724f55632ee4fb3ed1e53e49cf8535f9d1e5a59e54bc86b41118b48200d73,128
WIKIPEDIA,1112,train_extension,1112,1112,b04c8d1ceb2f5cd4588862100d08de323dccfbaa,a44f8471d80625538b119df9a0a14b76beaff2848a0b681748a4d15ca8d4cda2,,fc3d326b1bcc8791d71633e88de9f7e31a3cb90760eb8b3f8b88fa7b890f19fb,128
WIKIPEDIA,1113,train_extension,1113,1113,b04c8d1ceb2f5cd4588862100d08de323dccfbaa,24262589131c4234902820a4195c790941de4ceabec1612724ff47fc2c0f86a0,,cfcb2ea6720073df24c1a06f32385bd648fc684252687d1dbcd1f16b02b796c7,128
WIKIPEDIA,1114,train_extension,1114,1114,b04c8d1ceb2f5cd4588862100d08de323dccfbaa,1403a1ee1e7d292c180663754af72b2bbb38f6e75f82ccabffd5a22cadb97906,,d09a376d5d1e7a9d1cdebefd48bdf6515570ead6256dd7640acf882deb755591,128
WIKIPEDIA,1115,train_extension,1115,1115,b04c8d1ceb2f5cd4588862100d08de323dccfbaa,89570ae57cb6c84dabf93f6654eec33c324135b48eab0a5c18437c809f3c906f,,5c9976c4b557b8b0433e537ba7640157a3cead6aaf2099bfa7b5c6da9c83e5ec,128
WIKIPEDIA,1116,train_extension,1116,1116,b04c8d1ceb2f5cd4588862100d08de323dccfbaa,00de15fdb6ae03d705bea342382463d530416f6c15297457ae836fbe310ea753,,2bf8262abe58d517d22854df2ac687c716529b600863a2aefc61d4fa2efca492,128
WIKIPEDIA,1117,train_extension,1117,1117,b04c8d1ceb2f5cd4588862100d08de323dccfbaa,2b0f5e0b21f6f7c7efa31da1499b902aeefed4b99687506ee68f3c6256d3b69f,,b79024ab34af9f40a5eb75b8763fbfa6155e3d2545fdf11460311fff2486ec52,128
WIKIPEDIA,1118,train_extension,1118,1118,b04c8d1ceb2f5cd4588862100d08de323dccfbaa,479ebf89b40bc101404307285c9ed51600809a5c2566686accfbae99a12d37d1,,8618b9f02410179811fc11dffff509ecd1307905cbffd47bdfb20fb29a680221,128
WIKIPEDIA,1119,train_extension,1119,1119,b04c8d1ceb2f5cd4588862100d08de323dccfbaa,abfb478dabd416701d686a909e6ad12822a6cf0dab682a0a9f612d0207d0fa76,,0166b83b1e452756214efe4ca40d9a44aa361f7567acdf3cf547b31887d313b6,128
WIKIPEDIA,1120,train_extension,1120,1120,b04c8d1ceb2f5cd4588862100d08de323dccfbaa,19e3e7678da69af990cd37a00e52c96813ab03352f388c0a58e269f52b0a1b52,,4a400869f36c7e9eec65ce9c8be04fe2aeb33cdbbfb69879c32abc91e2c4abf8,128
WIKIPEDIA,1121,train_extension,1121,1121,b04c8d1ceb2f5cd4588862100d08de323dccfbaa,083dd49c691eb90c7da2649f28417738b5383b78a344876ea5fa83a42d6aac1e,,465ff59847529f626afbec92bc030d44a4fec926c370f61351b8e6fee4e1746b,128
WIKIPEDIA,1122,train_extension,1122,1122,b04c8d1ceb2f5cd4588862100d08de323dccfbaa,457e04d0149c21a652f2da6fcdf3ab382fa97495fff4163edc0c7cc7a9528825,,cbafb9d1fdbe6f8472fb30bc5f6bc2d8cf640ad3e962313785b33b9b7b589031,128
WIKIPEDIA,1123,train_extension,1123,1123,b04c8d1ceb2f5cd4588862100d08de323dccfbaa,9217505ca525381186e74250b513299a7a689a96954c28133a2f61ce77075fdd,,c9553598da0a13217fe68227b4e51f25fb7d16d8877f559b4e44a33d5fb2dafe,128
WIKIPEDIA,1124,train_extension,1124,1124,b04c8d1ceb2f5cd4588862100d08de323dccfbaa,b8f80f9f52ba4352105b68ba33cc22bb1a56932c3962803ccbfa43150296681b,,7b8c4df2116d88a34abcec764d69c906c8dc2b84084ddfc9981f62dba07ffbd9,128
WIKIPEDIA,1125,train_extension,1125,1125,b04c8d1ceb2f5cd4588862100d08de323dccfbaa,b814bdc6fa2636b345c25d97a618c2b57decc857b33bdcb6af78d7f0e4213ecc,,5198d7aef9607ade83417c37dc7a15d3fabbe3904531a0a304efbfb1a240c073,128
WIKIPEDIA,1126,train_extension,1126,1126,b04c8d1ceb2f5cd4588862100d08de323dccfbaa,d490ccf248a0de67a3cd1ac362bd719c90826d9ecaef6f046357c81a951213ec,,85a0d5e1791c7cc27036ea1bd5a71b30891019f12aedb408222cc2d967b1d733,128
WIKIPEDIA,1127,train_extension,1127,1127,b04c8d1ceb2f5cd4588862100d08de323dccfbaa,f755d087b48a735ad6b593ca764926c1c8633e0a58b83e9949b7a650f65a4d38,,7d2fdd38763dacb54b87ab81d514828d50256f12690f8a64d7bd62ea63afaf3b,128
WIKIPEDIA,1128,train_extension,1128,1128,b04c8d1ceb2f5cd4588862100d08de323dccfbaa,a8f345cae5d0a49ae1108a31e0cb992325256934384a8d67fb9b87d2a03fd7cc,,2106ae29d3d04477ab379527ecd9813235f1efdceec0785f6461c0e3cfcc0c0b,128
WIKIPEDIA,1129,train_extension,1129,1129,b04c8d1ceb2f5cd4588862100d08de323dccfbaa,69affe3f96a08baa07b876ba4b423a8796bdf3df57284106fe44fd1c71117410,,0b8803bdfe740d89294670490e3fab762ea2540c3b000565a041092ee5579d1b,128
WIKIPEDIA,1130,train_extension,1130,1130,b04c8d1ceb2f5cd4588862100d08de323dccfbaa,e359688811d85010a830ff3be29b1b5927af23b6125909decd1b9aca2048c314,,6197a783a6b79a9eb86ff602ec93057076bf1d0cf8b04c3c171c7e660298afe2,128
WIKIPEDIA,1131,train_extension,1131,1131,b04c8d1ceb2f5cd4588862100d08de323dccfbaa,e520b2827ca5385e0862c07885b16addc5a2216d8787ee5af7d01f9df20bb767,,08cea8ad9b824135c984b05458a78d044c436ef1bf6d37101870091c54b74c3b,128
WIKIPEDIA,1132,train_extension,1132,1132,b04c8d1ceb2f5cd4588862100d08de323dccfbaa,b5049fa8b69b2a8c37e4f1405f42d739d6f8d5d7dabf0d5c5c91b1e06e026958,,1bac394c503c4ae3cd584bedf46992d5fc732d80c5aede75edfe4667362605da,128
WIKIPEDIA,1133,train_extension,1133,1133,b04c8d1ceb2f5cd4588862100d08de323dccfbaa,889d10370df122d3e66d88f3bf37ed0428fa3d0f35fb838c89d140bc6ac4ec8e,,dd9b398cd81b3429a4d0887f753e3f694e163bbfc7be7ffc9427ae1e1713cc29,128
WIKIPEDIA,1134,train_extension,1134,1134,b04c8d1ceb2f5cd4588862100d08de323dccfbaa,a00f2545248edf2837535d841c511e144bc4aadd19b9c90cd92689389adbb11c,,eaf2992cfeff8fd9aedaf4f0c7166b01b81c64b23360565dd25a317ca8235e46,128
WIKIPEDIA,1135,train_extension,1135,1135,b04c8d1ceb2f5cd4588862100d08de323dccfbaa,d138a64209f0941fabb71f729b67dcb6acd6ad8aea1c09ed35e002064219f84a,,3515c1e1c7702cc943c0cfcc42fddc3c9553175d5faa7bbbf60f79236ac45933,128
WIKIPEDIA,1136,train_extension,1136,1136,b04c8d1ceb2f5cd4588862100d08de323dccfbaa,3703a40a4af4a730cdb92aa0005a1f03a8f863a444973ea5723d25bd301087b0,,6a6f84b1040d152430433470aec0c75e51b4dba9144d9859be4f549c3c9c31bc,128
WIKIPEDIA,1137,train_extension,1137,1137,b04c8d1ceb2f5cd4588862100d08de323dccfbaa,b612dc76d1381288b521cb958e7c77970c0d7127aa4daa7c9f9c035550347847,,1a0eec448cf7dae9bcb6906543c536cf27e0911644d13016714788cfce2b1e35,128
WIKIPEDIA,1138,train_extension,1138,1138,b04c8d1ceb2f5cd4588862100d08de323dccfbaa,5ea991a6f9b8b2ef3bdff21253d704335e6683becc226a851066c773b04178f8,,78b89e4757dda69a06e9d191a3adf6774872e7a35328c1c9e5161c6612a6d10c,128
WIKIPEDIA,1139,train_extension,1139,1139,b04c8d1ceb2f5cd4588862100d08de323dccfbaa,b8692d7257bb2bf03ca34f620e08f4e0b87d3e4281b39967128c0860479d662f,,f789c086082f72adacf9aafe093112031d934661e45552757af56b3124c62d87,128
WIKIPEDIA,1140,train_extension,1140,1140,b04c8d1ceb2f5cd4588862100d08de323dccfbaa,a3de73f1f5630a105b656fe03a069e42eaa5ce8330c4cf3af8b60bcb7b502be6,,d6ca885765203b7eb80b03e7edc02a1b5770a5c16212a2aea174330d5c25064a,82
WIKIPEDIA,1141,train_extension,1141,1141,b04c8d1ceb2f5cd4588862100d08de323dccfbaa,3d4e5ba0be217a112d2448be55610403d7e772a490e03c3931a10d070b29f72a,,b54d83474ddb038301d2a771d59bd65f8dfe89e8cb191cd201764dd7fc151d94,128
WIKIPEDIA,1142,train_extension,1142,1142,b04c8d1ceb2f5cd4588862100d08de323dccfbaa,cd36f27aba8839a1117d419759a51c05b72e0a028cabebca120dfd7704d03333,,d42c9a4be8ea156e6e05bee7a43ddb220d70ac034fc4f934140ce1958c0a2e26,128
WIKIPEDIA,1143,train_extension,1143,1143,b04c8d1ceb2f5cd4588862100d08de323dccfbaa,558c734fa0d96b7dea7f44a0e84c3afd6f7702e8604f3bb9cf4da102efcc5c75,,5dc1e09bae7487633d4cb02bd1349083b8afc8268a851742913b3b8f4c3315b0,128
WIKIPEDIA,1144,train_extension,1144,1144,b04c8d1ceb2f5cd4588862100d08de323dccfbaa,1d5c29e6b79146be4bd425e86e5f21187bdaefa6ad17499afc7e4bc9ec0bd04f,,40e3e0f5d2d5f78b6239ba7afc2a7cb0a65058490298d189346a92a01699f02d,128
WIKIPEDIA,1145,train_extension,1145,1145,b04c8d1ceb2f5cd4588862100d08de323dccfbaa,9963d97e5d5a34dce20dc1c75688241b8d3c39005c15f1e5c21185c3db7991e3,,5c1b77791e4adc31a014701dcb955a089208ddc776e597e41ebd057f59e6bb11,128
WIKIPEDIA,1146,train_extension,1146,1146,b04c8d1ceb2f5cd4588862100d08de323dccfbaa,b2e578ece0c427c87fc66b844861763830037b72b83dbf0fc3d8b2b4f2c05830,,a4a3a544431ca82632a1767dbe0dacc2fe7e2a3115e555d403ec6fcba7395fa5,128
WIKIPEDIA,1147,train_extension,1147,1147,b04c8d1ceb2f5cd4588862100d08de323dccfbaa,9f49002bcd07dde88dc6e725df688b809db3c39dd9038efd8a3633f00b525fe4,,26fb8585f302715ee1a9b8b9fce3cbb3086e1ffb048b7b0127d9bcbd222a6f40,128
WIKIPEDIA,1148,train_extension,1148,1148,b04c8d1ceb2f5cd4588862100d08de323dccfbaa,fef762f22350258be866f9aba4fb053c6648b78778122a8aa052c8cbb9aa3923,,0725034d644c6ff388fc3282e639638c57e58e8b30f12358107416b3d3fb6c66,128
WIKIPEDIA,1149,train_extension,1149,1149,b04c8d1ceb2f5cd4588862100d08de323dccfbaa,42fe51007d05c14b262d0b2898eee711d399e634df60a828f1bad415cc8d9fbc,,d6346ca54a52649c770795de332004964f19bc1b9b8c0e1cdd650edd41e142ba,128
WIKIPEDIA,1150,train_extension,1150,1150,b04c8d1ceb2f5cd4588862100d08de323dccfbaa,f1b7dc734ae65de522d0deb50ab3defd40a3dc899ac8ae06b8867dbbf7bf4356,,c8595ed86b6a72aa7232c6868b54da0e9a1a59ac3311cad316fdce3f4bd0d62d,128
WIKIPEDIA,1151,train_extension,1151,1151,b04c8d1ceb2f5cd4588862100d08de323dccfbaa,0d450ff5cbb26981399d95174db408d2a0acc12bcec1a541a93372430ec199ee,,62d19257635daf6b8919a24aaffd09883747ff8f84fea59e1753bffd9c824d34,128
WIKIPEDIA,1152,train_extension,1152,1152,b04c8d1ceb2f5cd4588862100d08de323dccfbaa,86bbfdeeea5703a9f05e46ae8f632b1c784584ddfc01c87a4be5e7f3a65b6bae,,568e559a8bf4b316bda4a3d504cf65288031b73619db9d46cad66b6ec8cd8cb5,128
WIKIPEDIA,1153,train_extension,1153,1153,b04c8d1ceb2f5cd4588862100d08de323dccfbaa,7f704dde323d3dcf8b9f62e41a5a688f05857c0780f2d2f39aee7c64ffaa03db,,42f7169d08612b94655c629fa78f730cc0032a83e6715b90553c818ad567392a,128
WIKIPEDIA,1154,train_extension,1154,1154,b04c8d1ceb2f5cd4588862100d08de323dccfbaa,0a1a12a47a4fc5c67a80a85269cf8de9c9ac9d1754285bcac78f05fb2ef96d2f,,ad6b34afa725c62a298ad297b82df294c6641a4e39b2eac997f659fb5729f2e1,128
WIKIPEDIA,1155,train_extension,1155,1155,b04c8d1ceb2f5cd4588862100d08de323dccfbaa,ec6651a6003361d81cdd97105296db1e677303a71bc7aece0cbf93903e6087f8,,841af6c14191394505aeae9d5b7b17e36092234b5231b059e77816da68b7fb70,128
WIKIPEDIA,1156,train_extension,1156,1156,b04c8d1ceb2f5cd4588862100d08de323dccfbaa,26442f42c602def56e0a7692df8ba78a38148aadd1af793a999f2b4de662d898,,b6f3c8fb5c2879a45992e773f23bd897ee2902cef89045b00fc66f0523c12588,128
WIKIPEDIA,1157,train_extension,1157,1157,b04c8d1ceb2f5cd4588862100d08de323dccfbaa,57708cc2d931016fddd45993c3e0d6d7d0b2d3903c5ddd6d80901f73dc1fed69,,3b10ae4641eb6b135830e5c80c01b4833c247b4caa0932dec976d8d23a1cec8e,128
WIKIPEDIA,1158,train_extension,1158,1158,b04c8d1ceb2f5cd4588862100d08de323dccfbaa,183787de29bbd59540a98089cb447ab9d6fb4d6597b798c0f289ff3cbef10205,,ddb8888a45b7dd61bdbc8b8c196f1b5b0b8886e633d38d9fbd1ac145485c347a,128
WIKIPEDIA,1159,train_extension,1159,1159,b04c8d1ceb2f5cd4588862100d08de323dccfbaa,5ff55e530992fc30567edfe322f071ceb4155d30c3dc375811bf8e4470b580db,,44e4ac7504217a2c95883443b67fb3976479d06dd0ba336b64a960e19b9c37cc,128
WIKIPEDIA,1160,train_extension,1160,1160,b04c8d1ceb2f5cd4588862100d08de323dccfbaa,ed5a22382ba3e9d2a081a15f7b76109df90999d84db4e30e9a3585b20bf5f6ed,,267fd56c405e49e07e74749fd06f45789adb5fef2c28be1537761cc9442a10e5,128
WIKIPEDIA,1161,train_extension,1161,1161,b04c8d1ceb2f5cd4588862100d08de323dccfbaa,b8112c34dd83cddbee534218b3d6bdf8fcf9335729760e2325bfe02d4c76885d,,5eb6d8deee141cb2a82f47ca8cc6c62b06263a1687e152fbdcc911cc4ee1207a,128
WIKIPEDIA,1162,train_extension,1162,1162,b04c8d1ceb2f5cd4588862100d08de323dccfbaa,77138ee7c215c50a1f4072d56804135a9c2db0f9d963d3f688a0b9ab40e5f179,,5f5366a07bcc943bdf1594d0308853a209a1c2944a19f4f46e59826426d13898,128
WIKIPEDIA,1163,train_extension,1163,1163,b04c8d1ceb2f5cd4588862100d08de323dccfbaa,59060b6cf08b046967fef6201f989d2b61a2f783af269671596770707f03fb4b,,902b822535e0d49a3069b3c438751acd7d45b45b1d54f3c14e135f755dd2f226,128
WIKIPEDIA,1164,train_extension,1164,1164,b04c8d1ceb2f5cd4588862100d08de323dccfbaa,d3854e64354d7e80f0d29ec27981dce723f7cbee63f0c31fc2d3d70ae0178f71,,b5098849da73834696a8d688c8e2be13a414bba30e9cba19f4bb7510eb5df4b7,128
WIKIPEDIA,1165,train_extension,1165,1165,b04c8d1ceb2f5cd4588862100d08de323dccfbaa,bb78af9c3c5225514f6db7ab5927745f7b4ff25456c8e4031e1863634e9e945e,,d40634f0a28d30b3f181c975b48c005885e791ed9566c49baec114c593ab5a68,128
WIKIPEDIA,1166,train_extension,1166,1166,b04c8d1ceb2f5cd4588862100d08de323dccfbaa,364b6e5e0660045c731ef96546af5e53eef6fbd36b95f55061bc24d3475c90a3,,b38f680f5ee8fa767eb1dabd89b849a81f5c39fae4aa4e105df59655951e8ee5,128
WIKIPEDIA,1167,train_extension,1167,1167,b04c8d1ceb2f5cd4588862100d08de323dccfbaa,18dc90e278c85f510984a25da32ad69c9082105e2d485313674fdcd98eea459a,,d8022447944fc14f00902464b55375b143121e09b44a8ee01faab5774afbc3e3,128
WIKIPEDIA,1168,train_extension,1168,1168,b04c8d1ceb2f5cd4588862100d08de323dccfbaa,09c5a040249c2f04cf0c6bdaf3cdc151b2f65d57f6cff9c4097a3e217f2a3c07,,659954c7080742c7c4e3104a59415ca367952312b6a05f7ee0a8cd96a9e37c23,128
WIKIPEDIA,1169,train_extension,1169,1169,b04c8d1ceb2f5cd4588862100d08de323dccfbaa,9338ed696e434c9fe9dca9dc677a7a42ca11e380fde5d430a7e6500a3b245c69,,fef059634399b578ca75599fbf6557930a99d1d17a998196e69ccd3480f3df1b,128
WIKIPEDIA,1170,train_extension,1170,1170,b04c8d1ceb2f5cd4588862100d08de323dccfbaa,addb016b233aa6d512642453c89e66eb81695d6538dc04f2f6b7941ba9dd8457,,93784378ce4e1e2d17d473de36d1db35a94bc4e8435f83fd39218ff666cdb61f,128
WIKIPEDIA,1171,train_extension,1171,1171,b04c8d1ceb2f5cd4588862100d08de323dccfbaa,c60042d5ebd10d0fe0ee7d4452a287f223af8ac4da6ac918e5ff6e45fe930bc3,,27bbe859086648d5845ab87692e74681494b0b3d8b9bf463ba554d24d959ca98,128
WIKIPEDIA,1172,train_extension,1172,1172,b04c8d1ceb2f5cd4588862100d08de323dccfbaa,9c14994a8568f4b346eafd21031dcde1930524ca84ea61dab07016b7a8f00ea6,,001d7b182701cbd5d0df8471bd2348ebca6ea430f193ca13edcfdcb45f94ebc3,128
WIKIPEDIA,1173,train_extension,1173,1173,b04c8d1ceb2f5cd4588862100d08de323dccfbaa,2cb7b951da0660e304a6d888730095e6df6c50573f33284b3e84c202a968d943,,1046874273b78849729efe2b87bf9842fdb8fd19adf8c1fdabc7a26d3b98dca3,128
WIKIPEDIA,1174,train_extension,1174,1174,b04c8d1ceb2f5cd4588862100d08de323dccfbaa,956a4a5412b12b02f11275018fc5725a2acc6df0dd19daab6de58a4ad8d665bd,,3ccec7688f6a58b0b9798213a9e61e1c35c041a5315e06999131efdd04fa559a,128
WIKIPEDIA,1175,train_extension,1175,1175,b04c8d1ceb2f5cd4588862100d08de323dccfbaa,4e02ca801c260c6493784598913ef41dd8269ab14ea84ea796e8ef594ea37bc0,,b9eea32c3c70eab7c2dd6d271cfbe879ca1a1973ce5ae4e5f98245adc3b5eb11,128
WIKIPEDIA,1176,train_extension,1176,1176,b04c8d1ceb2f5cd4588862100d08de323dccfbaa,d9f38503feffbf3fb724730316730c76764ee730f0655c71761e4391d098f4c8,,1889b734943262d0843b264c4833149cd82fd45aa54e0a976bb994a61db6f8c1,128
WIKIPEDIA,1177,train_extension,1177,1177,b04c8d1ceb2f5cd4588862100d08de323dccfbaa,7f8861ef8b9874d1c5956e21fe603364cf146b0c8b346c4c390aa6f9abe30eba,,c734f3b81a414ce97dfdceab173a6f2d34bda5a3d5e071828fff4ccc10a33592,128
WIKIPEDIA,1178,train_extension,1178,1178,b04c8d1ceb2f5cd4588862100d08de323dccfbaa,ae039e625b3a8b0d221e1b7c1bd8bcdb65859001f5e7b694f9a9d6e7f19dcdd8,,6e3e9a283efc343917cbafd092a7637bbd73b76bfd86d55d12b280022ce846ad,128
WIKIPEDIA,1179,train_extension,1179,1179,b04c8d1ceb2f5cd4588862100d08de323dccfbaa,820a574c77fc17145ffe4fab1a77e3730b4fceae7f98a7b1744216b3fdc8d909,,48122d13d560244c4105180258a32685f83f53ece682e00dac0b005e6f314485,128
WIKIPEDIA,1180,train_extension,1180,1180,b04c8d1ceb2f5cd4588862100d08de323dccfbaa,dd225e14e282490d6a421fb5583439bdca70ad6f632eabc1e385351bad792ce8,,d5721a7888a0316e75311012479852fa6bab285c8280bb45d3862747a400a6d7,128
WIKIPEDIA,1181,train_extension,1181,1181,b04c8d1ceb2f5cd4588862100d08de323dccfbaa,d1799da357f19df2ff4bcfd945c92da1173485a038b926706b2e5500b2fbc9a7,,ea0ec03bc8090401c32568285d072f0fe5e3ef7bddc583418b9237553b54a81e,128
WIKIPEDIA,1182,train_extension,1182,1182,b04c8d1ceb2f5cd4588862100d08de323dccfbaa,b9f133ed8a16d515aef39bb3955da03eced608abef9325bdef6b813cf10f7178,,886aaeea2e23f836f2cad28e66d50b59bdc64f3918b31b1cb295d998b23bbf91,128
WIKIPEDIA,1183,train_extension,1183,1183,b04c8d1ceb2f5cd4588862100d08de323dccfbaa,611583a4f9dabf229a9226cb4bad888e520eabcef1701b0295cde1d6905adaac,,7c2ddc9f6c6ee5528b917457a4eeea51de3dcbbbdbb5754b66c30246eff496ea,128
WIKIPEDIA,1184,train_extension,1184,1184,b04c8d1ceb2f5cd4588862100d08de323dccfbaa,7e1b86735fab91c4dd24191108abdf01cc1429c79e479fea2341ac6e410ea7b7,,01b59e370a85793a1c7b1670fe2795379ac5b73ac428c899f2ac1c2b9359eb1e,128
WIKIPEDIA,1185,train_extension,1185,1185,b04c8d1ceb2f5cd4588862100d08de323dccfbaa,e2a3fd997cef173518daab01f7f17faa32387b22bec28d790567477edde3732a,,aae1d1448ac1fc5bda0bb872f14409ede389d84bc4ff7b4e0efba7ffa5935cc2,128
WIKIPEDIA,1186,train_extension,1186,1186,b04c8d1ceb2f5cd4588862100d08de323dccfbaa,53a1f1c3af48c3196c1ca0df934ae1ddb7b465f6cbff9a779af1ed363885a2fa,,325f157b4117b6ec01029f23a9b4546c0dcbe75daf821b02230134969f99e2c4,128
WIKIPEDIA,1187,train_extension,1187,1187,b04c8d1ceb2f5cd4588862100d08de323dccfbaa,1271361633b38784643d22e8218e166d9e085073fd15e722cc9bea7758a20a40,,8037b6620888dbf7f301d3f0f33c23324811bca2dd1feda3d584862d8bd0c2b3,128
WIKIPEDIA,1188,train_extension,1188,1188,b04c8d1ceb2f5cd4588862100d08de323dccfbaa,176a912a3f8c61fbddeaaf246edb799f67179052ecf336bd5dc5cd971e0dbf41,,a7418cb0532715b86c06dd02492896dbdf334f7c7cc4e7c86ccafbb0ca50d0fd,128
WIKIPEDIA,1189,train_extension,1189,1189,b04c8d1ceb2f5cd4588862100d08de323dccfbaa,f60ace29a17ff0a41a724f4c8f777c13bbbb112a94f561b8b6d71d238e634f19,,1af14cf62809ea8173a1d284f6dba8a874f6f1711c37b26869a7751f1fbda5a5,128
WIKIPEDIA,1190,train_extension,1190,1190,b04c8d1ceb2f5cd4588862100d08de323dccfbaa,07330c81ebd804f0102176fa90b0885f5db60eb9ec8158292c3c8355b8508387,,0672a57f9a65c2d9752718073a388183afb9a6cf031834535e17903064f6ff14,128
WIKIPEDIA,1191,train_extension,1191,1191,b04c8d1ceb2f5cd4588862100d08de323dccfbaa,7a0c9cb8e2ca16bbc6fd8a3dfb81e494f7f13f91409b4cbae2f4ababbdbfb612,,3e1718f69a8e9fd4d51e93680c430ce4909405d582ff722315f6f4a990cc93a4,128
WIKIPEDIA,1192,train_extension,1192,1192,b04c8d1ceb2f5cd4588862100d08de323dccfbaa,94df755804f4513e8c4d6e3ef1a570c7d80ecfd3248cf3e63ba4e41dc0fdae0a,,545fd6f407f649a5cd402252c2b95cbb15fa95bff74feea5c2b88429ff7f351c,128
WIKIPEDIA,1193,train_extension,1193,1193,b04c8d1ceb2f5cd4588862100d08de323dccfbaa,d25902a55ef09c9b4660a32abfa7a601413f9a3a9fe12ebb940a5b91d2c7260c,,4332dee6a7ddb60a97f524b82ca004ae865d84974ca178eb4c7cb5ef2be1e084,128
WIKIPEDIA,1194,train_extension,1194,1194,b04c8d1ceb2f5cd4588862100d08de323dccfbaa,882845179471cc6a3528104ef7e7a25b8547210f03de770e0d2ca8f733d6cbbf,,c734bc554775c608c5a7bc4846e5869ea36e4bd4958ff5009fcbafcaedaa3aa4,128
WIKIPEDIA,1195,train_extension,1195,1195,b04c8d1ceb2f5cd4588862100d08de323dccfbaa,26c02d6cb6dd09445ee49981b1529ce46835f5deb15c65e798715f39ec5a011d,,322f348b3d1f2213448a99ec237d37275c1043705755d8716e66f582e3379006,128
WIKIPEDIA,1196,train_extension,1196,1196,b04c8d1ceb2f5cd4588862100d08de323dccfbaa,02f9fd23cc339b7b38563f566e846521f1a805ba1616558d5996e6475e6dd772,,a913b79441d1baf7383b4d21581bbd6ac2fbe7e81b4af3411afe0d1b0bd6d2f2,128
WIKIPEDIA,1197,train_extension,1197,1197,b04c8d1ceb2f5cd4588862100d08de323dccfbaa,0871b97e173fb12e2485b0c64159d0f7810baf107ebb792b90eb80dcd0740e40,,1460bc6391cd802c1b7d2b1f683aecf25df0967f586e11b57318522324dcb268,128
WIKIPEDIA,1198,train_extension,1198,1198,b04c8d1ceb2f5cd4588862100d08de323dccfbaa,52e6027a047a1cfb2401b21a940147235769b9278267c40a2fd9dd89b6e7fdb9,,4b3d5d031ea1df9efed0ac8dbedd78388f85b42266cfcc452cc3beda64854cf8,128
WIKIPEDIA,1199,train_extension,1199,1199,b04c8d1ceb2f5cd4588862100d08de323dccfbaa,ac143884cb2249896f937b94a13fc81689dac34eeb96ab71c54f1c2eaf695287,,6116add2f970493a4097f968ba6bdcdf67d0a5590508c7774b11d95e246abd46,128
WIKIPEDIA,1200,train_extension,1200,1200,b04c8d1ceb2f5cd4588862100d08de323dccfbaa,957eef0cffe0a74e5b18a29ba752268b69567c79955f5770207f4bcfa23db115,,417d35a860d1af36f5c0729130dad52895f124aa390731e4b40ce38a95f0423f,128
WIKIPEDIA,1201,train_extension,1201,1201,b04c8d1ceb2f5cd4588862100d08de323dccfbaa,9aa2a8d6fb3b4287331025cdfd20b99a9c863b151fc644a9eb0747e8631352c3,,dc1dd050ad246196d9a42ef1d14a000b67868cd4ed856709da09f0507366aca7,128
WIKIPEDIA,1202,train_extension,1202,1202,b04c8d1ceb2f5cd4588862100d08de323dccfbaa,95ebad8f43e8204694ae14953a88fa174d650e89035120ccc10fad31e057bdb9,,9d52fcb6c468979e9d5be2e62be693e7104126b204921eddac950b00f1197302,128
WIKIPEDIA,1203,train_extension,1203,1203,b04c8d1ceb2f5cd4588862100d08de323dccfbaa,b5395b9f28f5d70f1a50e4463830009f9cfebed6948432d784ab773a0b250c40,,d687aa50a8d2a865cd297edfe9c102a81c1ef22be0ac3bf196b0702b3a154493,128
WIKIPEDIA,1204,train_extension,1204,1204,b04c8d1ceb2f5cd4588862100d08de323dccfbaa,7b33ca489982a42f1a6ee30d7ba30a6b7aa8237377e5318e4e7ce7fd1e352cdf,,6d06029a3eae8831c1cd2e5d55adc1d4570332736623f6c5e021f37db9e67c2d,128
WIKIPEDIA,1205,train_extension,1205,1205,b04c8d1ceb2f5cd4588862100d08de323dccfbaa,f02e98e6fe7ab531df72308a887fd8755a8e83908f6bc4f3b9d3eb7f0f19a081,,9bb6bb475f28bab5f4e621c45950e5888da220e987e4a62a0b46add97498554c,128
WIKIPEDIA,1206,train_extension,1206,1206,b04c8d1ceb2f5cd4588862100d08de323dccfbaa,0d57a036e149da29116231f29029b5454a667ed7437fcbeb9a688d2c6aad2468,,60b067c0d2945809ac73a69e88461a0a351248e7a3e820946c16918a3ec67fb8,128
WIKIPEDIA,1207,train_extension,1207,1207,b04c8d1ceb2f5cd4588862100d08de323dccfbaa,53a514d8cbddef1e1177f35ca481865cbe3f36a4219ad9e6b0206d203e52eb27,,74717c4b28297c300f4915e4901f7f7ed47093c626c875650b6e9f6fb3193664,128
WIKIPEDIA,1208,train_extension,1208,1208,b04c8d1ceb2f5cd4588862100d08de323dccfbaa,c279cebab7431fddf30e1826006db704fc993a476660af995ae0989704bae3d2,,8e4b448b0116797b179e46b785b269e199c44c4c4a3cbc31a003a52c60f9ee37,128
WIKIPEDIA,1209,train_extension,1209,1209,b04c8d1ceb2f5cd4588862100d08de323dccfbaa,69ca56e890682ecaf5ebf41568d12ac6c89afb12fd286c03a48e9c448f34db0b,,2d795af372df97aa01c373a5c95cf8c52b16f66ec467f8f02ccbd3e15712d440,128
WIKIPEDIA,1210,train_extension,1210,1210,b04c8d1ceb2f5cd4588862100d08de323dccfbaa,13195d842e9217f872da2633040ed8b632df125ee452a2d57766e47090245e2b,,8e2b2dd7ecd86c2f8fdf806faa29c312ac9b899b1fb4f0e20b651fbb026fd358,128
WIKIPEDIA,1211,train_extension,1211,1211,b04c8d1ceb2f5cd4588862100d08de323dccfbaa,2c2a30025c9aba7daa3bfc64ffaf3139c743d0703a28e58e2a40944e8efecbaf,,00355dca92703fd32e61e7ce15405c143804ed3ffdb403098bb9fe3fca6a5b33,128
WIKIPEDIA,1212,train_extension,1212,1212,b04c8d1ceb2f5cd4588862100d08de323dccfbaa,2d450718d9f0df847dd42f54e22586fc062cdabfbc15c46998e93aff43a8ed77,,9686b62cca9055643a03e76878feb5ea6d8cc0c2348cc5ad7545af4a416614f7,128
WIKIPEDIA,1213,train_extension,1213,1213,b04c8d1ceb2f5cd4588862100d08de323dccfbaa,a972eea62f70f39d8fe2b028c532f3bd4104a7e971510d33be64650527664297,,fb88997ac4fb5e892f3102f3b285fcdcdcc800221b439465052dc87402ecbc62,128
WIKIPEDIA,1214,train_extension,1214,1214,b04c8d1ceb2f5cd4588862100d08de323dccfbaa,48055f7bc58093f95d702fd314ce106779038a91609d728167ed078268b3402a,,e07c7bb3b3bd955bbfae5a0866ad82068f0b910edb2ec40f4cba047a8f0e0cb0,128
WIKIPEDIA,1215,train_extension,1215,1215,b04c8d1ceb2f5cd4588862100d08de323dccfbaa,2b7ad6fa0f75b24442063aa0d254880298d4f5a621e689611eef396de8025430,,d6b2765378a6bc2ec8f0dcd0637dd4d2911f263bac70807195a8eb5a056e29f4,128
WIKIPEDIA,1216,train_extension,1216,1216,b04c8d1ceb2f5cd4588862100d08de323dccfbaa,748736f215d494cd3cdf281e43aaa978f199c07d7746a74125f8db019ddbbb32,,96e3d5c16f463066081f3bd29fd9c81e9d0ed527a2285f1b97179856769ca276,128
WIKIPEDIA,1217,train_extension,1217,1217,b04c8d1ceb2f5cd4588862100d08de323dccfbaa,0050ceccb3769316595511283c71cfd69e930e83dea5addda9a330bbb6220f6b,,1aef2235f5b53740641533290b126aa0c44c2e7d4ef78386774f564aa0bd342c,128
WIKIPEDIA,1218,train_extension,1218,1218,b04c8d1ceb2f5cd4588862100d08de323dccfbaa,d2d3478b09894cf685bc629673d6836235da8d9b069338c277a9823edcb7956b,,a47baf738479e26a1319f8aadd39d75a2065190ca3e5737cb39e22f0d9414883,128
WIKIPEDIA,1219,train_extension,1219,1219,b04c8d1ceb2f5cd4588862100d08de323dccfbaa,3909c82e390db16b2c7032fe134a2947e8eb822b9bee7d208bc39fd2ec5224ed,,f77d69d71ccd14abfe09f17de67d61e3f689a0d36e69ebae33826351c5ff423e,109
WIKIPEDIA,1220,train_extension,1220,1220,b04c8d1ceb2f5cd4588862100d08de323dccfbaa,31c395b3242129374ba16a8a2cf66f59d420da140efc8fa964ebf40a02c08f99,,3bbf08bece68377a946e35c4440eef177b2ad57db78b97b2e8e88d760adfb810,115
WIKIPEDIA,1221,train_extension,1221,1221,b04c8d1ceb2f5cd4588862100d08de323dccfbaa,609a932bce04ba22be211c000488cc432dbdc832173bd2893c32bd7194fcd54a,,b614f6b718166b2208a748fdbe86ef4f61f5c6ad487987d357da6143c950a76f,128
WIKIPEDIA,1222,train_extension,1222,1222,b04c8d1ceb2f5cd4588862100d08de323dccfbaa,a316d53bd399b4732d6579503329743c40beb767382296f3b4afebdebccc2209,,e771e59918441839331fa4828083c08676e51c1013ec7ef67ffc7a479a40d5bf,128
WIKIPEDIA,1223,train_extension,1223,1223,b04c8d1ceb2f5cd4588862100d08de323dccfbaa,0bc16b102ac586c3b39bcc36b880f4525375504a30f8bd2e15d634a8a3937fad,,8d3ec63f82adfc30ec8fba4e1e82632f263c22a9552640328fe35fb3a186278d,128
WIKIPEDIA,1224,train_extension,1224,1224,b04c8d1ceb2f5cd4588862100d08de323dccfbaa,55353e9db6f509556a2c5e064374326443232100f1834b61bf8cf50a504edcd1,,eea48b98dd5cbfab22f9442eb4dc2dccba4d1dcca005aebcc280966e9cf7d80b,128
WIKIPEDIA,1225,train_extension,1225,1225,b04c8d1ceb2f5cd4588862100d08de323dccfbaa,0873e387eadd165917c801827bd51d9a7a849e77dc932c8bffe3f33171b35ee8,,3dd79493460466d8cb966e0936015a7df80876429a1b3dc2712ba27e6f0a7774,128
WIKIPEDIA,1226,train_extension,1226,1226,b04c8d1ceb2f5cd4588862100d08de323dccfbaa,4241b8193652ca4604a14f91cafdbf2992d39d74eef9bd6ad1dee4816b9b025f,,ef783fb6d43c2ae55cacead61399cf026c86a9d4b01067fd15e55f7e4b33f653,128
WIKIPEDIA,1227,train_extension,1227,1227,b04c8d1ceb2f5cd4588862100d08de323dccfbaa,a235ea4a0d5b0ea5f44927c71f7f927e7cf7a0ec03566e99307af602478e8b69,,6311ea3295749445b8f4926c7065c9bd0d5f9d5e895276642dc688bb0b6fc12d,128
WIKIPEDIA,1228,train_extension,1228,1228,b04c8d1ceb2f5cd4588862100d08de323dccfbaa,98bb456195c2cc9057635fc4eaa07c5f64f48657631b8fad85d3fcbdd07f7a4f,,a54484008b989081b04f7348ca32aa1c3584bdeb0fcdc735b5e54824527616c9,128
WIKIPEDIA,1229,train_extension,1229,1229,b04c8d1ceb2f5cd4588862100d08de323dccfbaa,ad94848194fb41672408368afaa7c28cfd2c41a6cf1868331ed836caa1ec6444,,5422a744858e97f7069e16eb686845953f7359a578fa430fe09774decfa47c59,128
WIKIPEDIA,1230,train_extension,1230,1230,b04c8d1ceb2f5cd4588862100d08de323dccfbaa,31cc64300a10e81659a23e34c7d97b258447f76ca90cb01b0cac9ebfa17b3a1b,,abad64fb70290940e663790ce1f0f0ac910c40fd32c4882aef8fe19843048b9d,128
WIKIPEDIA,1231,train_extension,1231,1231,b04c8d1ceb2f5cd4588862100d08de323dccfbaa,3f6af578411e680c8417e96ee4ff83b332993a92bea5c3101c918d96347ed46a,,0f640fb9a7747371ff663855c7cd8541102a2fcea14c6942a67b6a70fd77ede7,128
WIKIPEDIA,1232,train_extension,1232,1232,b04c8d1ceb2f5cd4588862100d08de323dccfbaa,d37a892a5ec3e08ecb84e7f3c61a503e13cc6af8c08dbb8c68824ed6c52cb412,,515a6e4f2667de370f315a58df7d1ffbab1d2eb4e83c14e3ac35f02ed988d870,128
WIKIPEDIA,1233,train_extension,1233,1233,b04c8d1ceb2f5cd4588862100d08de323dccfbaa,404d5ad1ebff335708e94a556963e47e00b2b1ec18262ccf74cd44ec07b750a8,,c28f46553a597d78aebfa22b64d37e2054ec0f3a09e9f3bdf8701ab37e299f9d,128
WIKIPEDIA,1234,train_extension,1234,1234,b04c8d1ceb2f5cd4588862100d08de323dccfbaa,738e49db53568c3f79df2334730f0269b18d1483f2df80a8a4ced97f2c561861,,a9680ce523017b23dcaca02484446685f10a05ee5a92f0f812a55f9c59c2ff60,128
WIKIPEDIA,1235,train_extension,1235,1235,b04c8d1ceb2f5cd4588862100d08de323dccfbaa,2b68302e962abd972cdd4dce80229736d43d99a09bfd3ce83392acf5f2b390c7,,b91994512a11ed1d8493d4032b08fa1597fa96ce11b24c26eadb41717472fa9f,110
WIKIPEDIA,1236,train_extension,1236,1236,b04c8d1ceb2f5cd4588862100d08de323dccfbaa,1b915bd9e9c685309dbe93bc980c4c8649a78cb6ec29207cae0e03fec3f40ec5,,a6be3ff16077f5062ad122f5094dd61463bfa1e8b5804368e2f460125b278c79,125
WIKIPEDIA,1237,train_extension,1237,1237,b04c8d1ceb2f5cd4588862100d08de323dccfbaa,18152c0e887848f69bee9ac0077e216de5c040a1b865173903fa1fd93bb58281,,08b1248e30cf868c1f30c691a735b153b0a3b3c297f6a105b7cb16d2345f6e60,102
WIKIPEDIA,1238,train_extension,1238,1238,b04c8d1ceb2f5cd4588862100d08de323dccfbaa,8ded8be96059fa72e709292306f2ef9f7ee7c8b8e3436fe836669ebbe2b0f342,,a4b204516aa06bd7b745f2e050adc247eafd5ab4751a4f5699ebbe7423952157,128
WIKIPEDIA,1239,train_extension,1239,1239,b04c8d1ceb2f5cd4588862100d08de323dccfbaa,0580503983b7ef66ac734dd1b7322f6c91e0ac70584024e619171456bdf14bd9,,bb81fbea3185fac586fff28de0668c50e1979bce06b938e83111467b7bbc66a4,128
WIKIPEDIA,1240,train_extension,1240,1240,b04c8d1ceb2f5cd4588862100d08de323dccfbaa,83cd038dc6e915fe7e66e2491c3e6ea76e528a9abc93b01fbe9b6cd78914ddef,,291c2ffd28effcc8556535a3b51db28169d74001f30c6b95bcceae4de85dff4e,95
WIKIPEDIA,1241,train_extension,1241,1241,b04c8d1ceb2f5cd4588862100d08de323dccfbaa,95785acbfca3b80bc6a8eb69227653997b4f3c3152907ad50d63d783ab80ebad,,849823678877084f377206e78392c8f299174807e5189d4e39ee9560a814b629,128
WIKIPEDIA,1242,train_extension,1242,1242,b04c8d1ceb2f5cd4588862100d08de323dccfbaa,429c11439eedb900315595a6110028f6d0ac0108b11d71be8a18d16ecc4edc1f,,38fd82145b3b3209a461373d0649a5c371877b9cb03d7228cd4c14a93b9c3355,94
WIKIPEDIA,1243,train_extension,1243,1243,b04c8d1ceb2f5cd4588862100d08de323dccfbaa,b02ad7be4f1b7ec9e653c91c7e593abf0584ad2a0c2cb426d16511804b611322,,8bea6fa1b551ff08859bb166e69e0c4eaae80af85f83bc31dc890c12f51fe5f3,128
WIKIPEDIA,1244,train_extension,1244,1244,b04c8d1ceb2f5cd4588862100d08de323dccfbaa,52cf1ccc8e1cb48aad7b75d44c58a5cfcfb5e50b16c76389d46daefa0a4447bd,,9a5067fbd903391a5c34bbe9905451361a1b0f46799d71c9a5a49e2c413d24cc,108
WIKIPEDIA,1245,train_extension,1245,1245,b04c8d1ceb2f5cd4588862100d08de323dccfbaa,3f4d806633035c059f30855610e25d279613ffa2d8bdb8efaeee131def6b2c5b,,6325048d1e031050150659c76fa5d772f18c02210241855ad05692e2a643f3be,128
WIKIPEDIA,1246,train_extension,1246,1246,b04c8d1ceb2f5cd4588862100d08de323dccfbaa,8a6f9cf263659cdb4ef8e28bd72f54d3b68e3b8acc941053b7589085b68f4d3e,,8359d991ff49f2c00bafc1ddf7d581fdd319a960b52e631185afced9fd683d2e,96
WIKIPEDIA,1247,train_extension,1247,1247,b04c8d1ceb2f5cd4588862100d08de323dccfbaa,96d919391e51a1ceb6a1604732fdf84e3d82a51b06403c766640c8f8638fe514,,0f822521840b6182b4dfde5f86769c6ec5d144228c0d5e5ae6fa538abe7134bd,128
WIKIPEDIA,1248,train_extension,1248,1248,b04c8d1ceb2f5cd4588862100d08de323dccfbaa,3b4aaa1fde5c577e667e1f661747b48a98bb1324f837276a25982d44939b6909,,32ee03d155663a3f93d0a51de6af5a36e796bee5acc31186cb0b634712e9c411,128
WIKIPEDIA,1249,train_extension,1249,1249,b04c8d1ceb2f5cd4588862100d08de323dccfbaa,f176054dd28caf6ae9a2694d32be46473b7bce04976482fd57135beaa285b5ed,,6b2795de2635322e1bd8e900170f3d09a301f56141ecd76410a593918d9d3ee4,121
WIKIPEDIA,1250,train_extension,1250,1250,b04c8d1ceb2f5cd4588862100d08de323dccfbaa,f9b3535a38fee91090453e102889282d0bcdebbb425b5e68c3dad13740b7707c,,5b0f3773b9b8719c4530bf3552a3bb67704462ce687e5588100d0f3e12738f37,97
WIKIPEDIA,1251,train_extension,1251,1251,b04c8d1ceb2f5cd4588862100d08de323dccfbaa,84b96ba0b6a4ac908206bc8e29a306b3bda936d74701aa1d1cac1d36168e51bc,,fbd9bdf62d62f520f3a190a932882c94ac86a1a49751d6726461b4ecde763dec,128
WIKIPEDIA,1252,train_extension,1252,1252,b04c8d1ceb2f5cd4588862100d08de323dccfbaa,f9d1d2a5e5ea4ffedc5e74e21aee396044a02562045a4c302e68059924ef2fdc,,e907e9c040823e485c61f6de4ba209d3c3777dbd408c7e5825da5a7252aa6a08,128
WIKIPEDIA,1253,train_extension,1253,1253,b04c8d1ceb2f5cd4588862100d08de323dccfbaa,ae3e77317026169debaba3d223b2daefa7fb2b3ddd86081184342a8a620a1abb,,084fae67ab491264fe01af5202531a259b2696a83af4bf25232a6875b1f07308,128
WIKIPEDIA,1254,train_extension,1254,1254,b04c8d1ceb2f5cd4588862100d08de323dccfbaa,27e75a7580d2eecffb09458b04028f3caa3c21db0fecddd09a6fba77665de7a9,,7d306915a554a04dd541cc215fea019ea231fc378c91133b73658e16623844ec,128
WIKIPEDIA,1255,train_extension,1255,1255,b04c8d1ceb2f5cd4588862100d08de323dccfbaa,c7b2c78c8b3c5b8f5e6aeaa41c03a85a784ae4fdbf5929a4f418c0b4f27364e3,,7cf743d43cf130f36e47236947856ec332d3636f4a4eaa5a43d1923b08f8af83,128
WIKIPEDIA,1256,train_extension,1256,1256,b04c8d1ceb2f5cd4588862100d08de323dccfbaa,3e08cf78dba73e1e59347a3752757ecad64c0615bc43912dcfb752daa1eed158,,d23a9d452e3c53d535f6f78deaa2577c5a860b7038c927012f0ddf8ac614ea8c,128
WIKIPEDIA,1257,train_extension,1257,1257,b04c8d1ceb2f5cd4588862100d08de323dccfbaa,6b9600a1d46b6439b1d100b3d9cc4a06dc88cbd47bcfeb2afa42addd45ecc5a3,,586ee478df0445b9460511b9dea5830594b58aea5e5e6253dc781be9c05e3996,128
WIKIPEDIA,1258,train_extension,1258,1258,b04c8d1ceb2f5cd4588862100d08de323dccfbaa,8a7999c2cdfa5d44b924a11d0a3c2b2d93545e118d6fbf54144192ffb307da9e,,0b9a5340f4ad53830e8d212c03b7c7d740801e981b6ab093a85d5f8217921b1f,128
WIKIPEDIA,1259,train_extension,1259,1259,b04c8d1ceb2f5cd4588862100d08de323dccfbaa,653a5e885a29df5a5adaa421c80fd85188c22cdfa5600fb6530113c6d9d8cca2,,87910404f437bc9aca28c63738da4fc6e899ac8a23a5748a9c68466fccf5ac09,128
WIKIPEDIA,1260,train_extension,1260,1260,b04c8d1ceb2f5cd4588862100d08de323dccfbaa,8e1f40d8d8fdd68739b2b496792232b8d73507583170bccfa1f2bce0136183aa,,d7b0505548e40abb4e9bce19a37f7ade6a65da878e37a89260c711edbdd482a2,128
WIKIPEDIA,1261,train_extension,1261,1261,b04c8d1ceb2f5cd4588862100d08de323dccfbaa,b09d81a5f683368c343cf371a42f3092b5eeab735e9285234d112dbf70cd4209,,544ca108bce8c6c8865633ea9b5b686b2d92bf8a9b94aa8bb6283a22682ad08f,128
WIKIPEDIA,1262,train_extension,1262,1262,b04c8d1ceb2f5cd4588862100d08de323dccfbaa,0db1c1ec2a7f4e024ff4be5d0ccda06c1a9d1b0fd8e164da4553edbee943edf2,,aee9bda6f15d0c1e2469b91a286c8ed03ca92aa171b386cb379103943a0ec9c6,128
WIKIPEDIA,1263,train_extension,1263,1263,b04c8d1ceb2f5cd4588862100d08de323dccfbaa,9884e2d9f6b97fb5d8d64eb6f0ced1e3eb4d5079f4031b12a03de36b69285fa1,,defba11790dbe5684bb2c6b40731942a74051fb76b263af3a74dc06002610f16,128
WIKIPEDIA,1264,train_extension,1264,1264,b04c8d1ceb2f5cd4588862100d08de323dccfbaa,570eb3ffad985a2fd1714e2d5cadbce26352851e4ff80f20224d23cb01a38412,,3fb9bfcca6b2d713b8ff93585e82639063e80a9bf400f71528b2322b1c78a668,128
WIKIPEDIA,1265,train_extension,1265,1265,b04c8d1ceb2f5cd4588862100d08de323dccfbaa,2ca3f1c0cac89175d2f5453a2e9563bc46940fa35a2adba294738836a5aa4ae7,,6259b902f618d7e05021c46cc5f618e11432e01c70d6c234b9de83bbbb032b6b,128
WIKIPEDIA,1266,train_extension,1266,1266,b04c8d1ceb2f5cd4588862100d08de323dccfbaa,cabe00993999e11cee924dc73d945aaf89a1249db2b04d47b7bc09a87a2e4e5d,,d90ec777c94698eee0446468376665bf9b1352c02cda8936dcdf5d44a7df9a4e,128
WIKIPEDIA,1267,train_extension,1267,1267,b04c8d1ceb2f5cd4588862100d08de323dccfbaa,c0cb338cd40a380d31de38791b54e8aac41adc96e87428d6669c593f9771b780,,8fd300102fa70273a11d3d11926a44d4da3e13123ee0453b7d2f19bd1f31c6ae,128
WIKIPEDIA,1268,train_extension,1268,1268,b04c8d1ceb2f5cd4588862100d08de323dccfbaa,d61be9ac2e79ff594536a7681397303467da1deb6bd378d8a1a8e88383d6fb0d,,f81ff81f5561a4a8e233252a87540b9738d8cfa08c50bd59234b196507a6e1ca,128
WIKIPEDIA,1269,train_extension,1269,1269,b04c8d1ceb2f5cd4588862100d08de323dccfbaa,5111dbc5e3dce10f187587612cbfa5cd7a41b9f6babaca43098963320aa83c75,,a7f711b62a72a310f404ae3d04a250e0ce329d0603d554e6abcddda789cd0b8b,128
WIKIPEDIA,1270,train_extension,1270,1270,b04c8d1ceb2f5cd4588862100d08de323dccfbaa,bd0a38558ef97bd70c5682dc48b0b253361323f3dc6016d7855fd7ed5adfcb48,,7b26c3b1229206aba0df532d6e6502313a8c45c158c9abd2ea75164446fd7802,128
WIKIPEDIA,1271,train_extension,1271,1271,b04c8d1ceb2f5cd4588862100d08de323dccfbaa,3150fd2d04310e47ec2f57c848b0f79dee734aea279ed758a0511721e72fe4d2,,0b902440e096e3f02d8cf5fb5b976308004f56a650db2b5e5b3bd9e60a156730,128
WIKIPEDIA,1272,train_extension,1272,1272,b04c8d1ceb2f5cd4588862100d08de323dccfbaa,1ae64acb6bb57beb5b473b1fc0edea6354b713e9429de360baa8fb12417fb9c3,,ca434e4c31edcaa6e4a36ceb4c78232f15c861b945471275a5c1e6c9b7829bd5,128
WIKIPEDIA,1273,train_extension,1273,1273,b04c8d1ceb2f5cd4588862100d08de323dccfbaa,feb9d6c0ad68fe11d556c32f14d64605eaf8e81e880dd8d86f013ada3767e172,,4958beaacb019d053b14b0e632c376177c1e33cba361e98a662cee2b2edcb24b,128
WIKIPEDIA,1274,train_extension,1274,1274,b04c8d1ceb2f5cd4588862100d08de323dccfbaa,f1765a909311b9997dc23edd26a3839c42561f3356785fecc69b01d00c3ad2fa,,9fd3eb90906bff3fb51159198f25b8984b1e3e9214b1bbced0547b41c69425d9,128
WIKIPEDIA,1275,train_extension,1275,1275,b04c8d1ceb2f5cd4588862100d08de323dccfbaa,a21d3423e06604a51466ec9203ad0ed21cc78a717aed886ae59a561b7c64ef77,,514dfec5b75afd9cab7af8ce9548c775157b370592463bae23c50a5605eaf4fb,128
WIKIPEDIA,1276,train_extension,1276,1276,b04c8d1ceb2f5cd4588862100d08de323dccfbaa,670c0cbd99e454c7df35be85e07f865babbe6fd4016c6902673b3cee6ce4beb1,,ea6d03b4c755ec390f7162c2be7b7e30577b1fb858e3df134d34d495f55a7a99,128
WIKIPEDIA,1277,train_extension,1277,1277,b04c8d1ceb2f5cd4588862100d08de323dccfbaa,73f203b0717acf08d0f519e3a26483f0bcbf84a99a53a43ea9bd06357d88ccfb,,11c933f3b768be0915fa94766d1540a9e0e6fe6295c6d867743244be5ca96bdb,128
WIKIPEDIA,1278,train_extension,1278,1278,b04c8d1ceb2f5cd4588862100d08de323dccfbaa,17d46b97f8f313dba3a2103570d45a3f941e73778f79ade7eddd2bb3a9883b12,,810b7e35b04b4e69cc550b3c82804f1dfcbf83cee152e9acb780d4e5476abf20,128
WIKIPEDIA,1279,train_extension,1279,1279,b04c8d1ceb2f5cd4588862100d08de323dccfbaa,3d02158618bb7cc26e7c4c8e4bf9eab4d2f94935189cd3dfcd41c8ae23eaca24,,21526c810893f87616ffb01e44363ef8d361874cc20f2bd269547e10dc2c0d7a,128
WIKIPEDIA,1280,train_extension,1280,1280,b04c8d1ceb2f5cd4588862100d08de323dccfbaa,8af52f682130d41f3f8d2bd4971453b1cd5133c5036b940d91038307078312e2,,449b0f367b3ead900088521b9aa00cef8b374c60218621f55f897d45b6e0f133,128
WIKIPEDIA,1281,train_extension,1281,1281,b04c8d1ceb2f5cd4588862100d08de323dccfbaa,fbdba46d5af027253ef2bd42def1a5bb46e82e693b5ba0895f285ef535783af0,,42fc216b8b4cca53f4c921c9f5c08aec4e2433c7898b6793732041edd59f60a5,128
WIKIPEDIA,1282,train_extension,1282,1282,b04c8d1ceb2f5cd4588862100d08de323dccfbaa,da446424f8f7302340a2a5e7e4a1ac8b312e7227434e791c40c8f402f8fdcb9d,,bd50bb5c19587af18558af2a616e11ce5b42c90fe3c7c10febef6cf917489cae,128
WIKIPEDIA,1283,train_extension,1283,1283,b04c8d1ceb2f5cd4588862100d08de323dccfbaa,8d94c8bc5797eae5c50f04ce1fa73bc181a59055860c8694376d31b2aebb3bf4,,3347e905ac2380527cdf89cf35d123f19a4ca10aa6e4da1e7926320051ef62ea,128
WIKIPEDIA,1284,train_extension,1284,1284,b04c8d1ceb2f5cd4588862100d08de323dccfbaa,9d9f88f375d46dc87a5c90ff982a3c310bab194eb1ad0d4725f709786a267eb3,,f2d60c0dd032119ed7864c717acb3269a6611a940af5e82a98c7eb5346a73849,128
WIKIPEDIA,1285,train_extension,1285,1285,b04c8d1ceb2f5cd4588862100d08de323dccfbaa,49b051f35499dcd97867dcd346c37b55ac0758a4c4dc44b89d70b3be7cb881b8,,b04b63b981d9eb094336ff3b48b5135607f8c397a2bf2b79442406998b3793e6,128
WIKIPEDIA,1286,train_extension,1286,1286,b04c8d1ceb2f5cd4588862100d08de323dccfbaa,3556596e4a08dcf0c93cc2bb6299af30b9354f81b50f2e9b329d9b37df8bc731,,b61c5ddb2cf47726983af1de2a14cc4795ca478b31993d9abc9b846f2d56b6fc,128
WIKIPEDIA,1287,train_extension,1287,1287,b04c8d1ceb2f5cd4588862100d08de323dccfbaa,f30b2f5bd242c4bfc284a22bb5e788f49012760011054246e4c88db677d63714,,b121ad2552b63629a01d461f79cca8f00f036f0c8d3597a5ad44253e0ae9f65c,128
WIKIPEDIA,1288,train_extension,1288,1288,b04c8d1ceb2f5cd4588862100d08de323dccfbaa,92809f95a118a6bf6f863318f0436184d3b8bad444378b9340f9d6b3f14535c8,,fc96fd0c75449e8aef47b658107a23b0f67682e9ca7beeb39f68f7b3a01cfb97,128
WIKIPEDIA,1289,train_extension,1289,1289,b04c8d1ceb2f5cd4588862100d08de323dccfbaa,873aa1ea183ad8bec44579a8904994bade872863f43ff8424235ae8614ac8580,,4e5d948817cd4e374b2f7bff36687fc9ab06a2cb380da652868717586ffd7d0c,128
WIKIPEDIA,1290,train_extension,1290,1290,b04c8d1ceb2f5cd4588862100d08de323dccfbaa,2e0cc14ad0bb79e2d48fe4846c990d6afcd0a354797d1f056d711b305cd00280,,950d40e64d4351397c9af4d6321a315141ac46c4fc83faf2e381a3eb8c44fd46,128
WIKIPEDIA,1291,train_extension,1291,1291,b04c8d1ceb2f5cd4588862100d08de323dccfbaa,5ae4e8947fdf237a80a099f9f23a8b4d14650f47f516d3abe4030635428d0eae,,8af1bc6a962d5eabc7f8e3d05577a55dc834b9cbd61b06a7bfedfa701143b82b,128
WIKIPEDIA,1292,train_extension,1292,1292,b04c8d1ceb2f5cd4588862100d08de323dccfbaa,7435d78a46fece2d67faa36535057f5cb00b53b7ee78f3b68bc81e379fab9370,,16333d82670d88a8e9b2c0cb4aaeb40d498a22c341ecf8c7531b0fdffedf8d38,115
WIKIPEDIA,1293,train_extension,1293,1293,b04c8d1ceb2f5cd4588862100d08de323dccfbaa,a26c7e9c0c8de97b992358d87dfd73619a79f65860b42318f4e33ffe27da7cb0,,59ffd92f6cac41f035fc163d5d6dc3ed5f6ed8a90e9c1426274144cd5fc9941b,128
WIKIPEDIA,1294,train_extension,1294,1294,b04c8d1ceb2f5cd4588862100d08de323dccfbaa,fbd13d04262e071a43c0f5b2e3685ee417848cd2e209e51b57ed467b30572b3b,,c052e203c4a487d0c51a7e558097212f5b9cb6364e2c4c986b3e4d8431c123e3,128
WIKIPEDIA,1295,train_extension,1295,1295,b04c8d1ceb2f5cd4588862100d08de323dccfbaa,b0b043713e7db240ec322794a600dcc2caa99f6903997f3e2086fe0e17bb2290,,4e18ac9e29a410c16669db277d360cf8b724deba2436f97a20cc3545ad89281c,128
WIKIPEDIA,1296,train_extension,1296,1296,b04c8d1ceb2f5cd4588862100d08de323dccfbaa,fc561a1f9f401b456261797537d9639c04601c24d6eab5645bb4de0ce8ffe734,,95b5b78f3a3c0923a534ede128009ff052cdcf9a7033dbbeab796bf07ac222ef,128
WIKIPEDIA,1297,train_extension,1297,1297,b04c8d1ceb2f5cd4588862100d08de323dccfbaa,9b30db278e4e927349b4023a0959bee2c60bdae84b3a2abb64c92cb4ed2907c6,,8a06770dea9b20197b1c28744c4897f808f7048ed651d207a9831c44a3e47d46,115
WIKIPEDIA,1298,train_extension,1298,1298,b04c8d1ceb2f5cd4588862100d08de323dccfbaa,9563c3ced8e61281e37d75faee442227948d2e98e9a54a1bc9e75a54d832873e,,82f908fedc2674def29b778df5459b7c7217d4bccc621e31abb479f3410d1885,128
WIKIPEDIA,1299,train_extension,1299,1299,b04c8d1ceb2f5cd4588862100d08de323dccfbaa,91b40b28212529c572a37f0609df8b30c2507f3c43bdadcbb88ecfbe10db6c92,,b00276f1103879fede0bff886cccc176900e5826738190d22b14831d69ae9a49,128
WIKIPEDIA,1300,train_extension,1300,1300,b04c8d1ceb2f5cd4588862100d08de323dccfbaa,50dd1a5034ae958cdaf529545e0cd6be25015160a838c5f841249c4aaf8ec1f4,,228399107967f3005f92c5a4701062e49c8a3ffe4957540afacc69ea162ffb17,128
WIKIPEDIA,1301,train_extension,1301,1301,b04c8d1ceb2f5cd4588862100d08de323dccfbaa,268a1b6295875a2a8eac645cf5b1ac69170e70bf5873bf0373ca6fca14744e39,,1b7b3263a51253409e67ea53c58fe40dc17f9e0e7e74ff9ab1d0ac0e9beaab9e,128
WIKIPEDIA,1302,train_extension,1302,1302,b04c8d1ceb2f5cd4588862100d08de323dccfbaa,a72a39b64f02ef65e3ffd809be6d6abedfbeffaf15d24d30bf19df93d0568b8d,,b9ff7582e4866f3292e95c61bb9625adb6551bb1b47a11c8148f8c698b0d2ca2,118
WIKIPEDIA,1303,train_extension,1303,1303,b04c8d1ceb2f5cd4588862100d08de323dccfbaa,364ae38050fef82b04efa23e55df02cb7710f30146387e5d391b5850a3b2232d,,e973d025f9c4b0460e694919bc9ebbc4fe49c07db1923bf901d63a9d18de31d0,128
WIKIPEDIA,1304,train_extension,1304,1304,b04c8d1ceb2f5cd4588862100d08de323dccfbaa,20eb7dee23cfd1a68d583333259753e11f91a7f6ee7424b4ceca95ed34b6eb33,,09a79ec99d970918b6b3cd02c71dd09a4c4275b6194218ed9089c12d95f71c03,128
WIKIPEDIA,1305,train_extension,1305,1305,b04c8d1ceb2f5cd4588862100d08de323dccfbaa,3de0f6eddf2258b6089619caa4e060f363af07b26a6671ab86977dce8240b542,,35a6ff79183c310a5b1ab7e7f97af069754f53231d0091a1b9e3b2c24ce8af00,120
WIKIPEDIA,1306,train_extension,1306,1306,b04c8d1ceb2f5cd4588862100d08de323dccfbaa,0d269ac17f222451e25cc5af28b0e3a6a6da523691928c653f7ac3509a8994d6,,cf10e6a7d00e820ae45f713f456963a4d0bd7db055c09a75803c30ec1106af22,121
WIKIPEDIA,1307,train_extension,1307,1307,b04c8d1ceb2f5cd4588862100d08de323dccfbaa,ac51a7115e27bc14a068c1eca76dcd0de492e35275e34d3c8897489c8e8a26db,,bebee4f693a46b07d04cff90c6dc3e5e010610f44230bcdfcaf7338c8f5b0b7e,128
WIKIPEDIA,1308,train_extension,1308,1308,b04c8d1ceb2f5cd4588862100d08de323dccfbaa,6f6b297b2997970a40669c81fd857e252b5a45250d90071ac4eaf02645c7be38,,9af0c9be8b9ea219681236503d166e083c5c06330189132f0c1de8bcc623a792,128
WIKIPEDIA,1309,train_extension,1309,1309,b04c8d1ceb2f5cd4588862100d08de323dccfbaa,1de84618b685652f4cebcf807cf9a66effe1c9628618a5f9dbe566ddf2b5e88f,,a639362b3069ea90f1f4cae2ec9ffb024b0ca9f4d71b18987b33ed49b194ad16,128
WIKIPEDIA,1310,train_extension,1310,1310,b04c8d1ceb2f5cd4588862100d08de323dccfbaa,713034d016af37df622b13a321a09e66e0157be5adc8223e07aa9c54c6bd4a97,,9e72af54363ead8081df775675680e29f1e48f001ee85e157402682b18e308e2,128
WIKIPEDIA,1311,train_extension,1311,1311,b04c8d1ceb2f5cd4588862100d08de323dccfbaa,d701cd4acd606bfa474ffb83bb3b96deb8a623dc3e9ae4460e5d8bcc7e23166d,,67b6eccaad6b81030fc08967e7a9e4c6712d5110ee5f9b8bce1c06882f3c9870,128
WIKIPEDIA,1312,train_extension,1312,1312,b04c8d1ceb2f5cd4588862100d08de323dccfbaa,36e394960271ab46af056349252adc8d1b68a07dd43392a189d2c1d792273462,,deccc11c5795271f9b93d1405d08f771952028e8d1125c6c4e516099d1fd8a70,128
WIKIPEDIA,1313,train_extension,1313,1313,b04c8d1ceb2f5cd4588862100d08de323dccfbaa,10508480bfd025903926e9b7f44a9506c646a043d2cba4210ad645e11e61814f,,9a65e52f549db21b3a39b986abed504f8a649ce07d2283bd5dcfb2ef06970b3f,128
WIKIPEDIA,1314,train_extension,1314,1314,b04c8d1ceb2f5cd4588862100d08de323dccfbaa,21b5435efd6ea77467288873a08d907f67498d4bb0a6c7765d9dd249af611523,,c14db1deeb5c5fa19775988842a5cb9c6f18092231f37144399bcfc153eb4654,128
WIKIPEDIA,1315,train_extension,1315,1315,b04c8d1ceb2f5cd4588862100d08de323dccfbaa,ae79bdc9805424f2b9351b3b13d9cd28adf7ffac7737bcb2f42fa3df4aba9105,,b1b4aeefdfb8a9b4f8e91b92e2cfc0b7d5edab4c710f71178b29487ae65cbbe2,128
WIKIPEDIA,1316,train_extension,1316,1316,b04c8d1ceb2f5cd4588862100d08de323dccfbaa,b96c2faf982b7cd3c70d179323fb56b00209ac30a0643f8e867a668f786ac075,,cf34518492cd9b00c4e49930ba31f334442f91198cb9a72af3a4b008fd21bac2,128
WIKIPEDIA,1317,train_extension,1317,1317,b04c8d1ceb2f5cd4588862100d08de323dccfbaa,daaac9a6d340a8365a86439c986a970e572e5fcae0ac1cb7aef26b41b4903886,,0b82dde0b2d0768743aedb0d2c896350fa1b14cc6e96a8ad625bf12d880afd39,128
WIKIPEDIA,1318,train_extension,1318,1318,b04c8d1ceb2f5cd4588862100d08de323dccfbaa,7e976872e961d808d72d8a344bc050c72ea51cfd70a53203761295cc04140298,,f32f9801f0771298fc1d5970a00e67d71dd6ab591b575a62504cfca2d7d5224e,128
WIKIPEDIA,1319,train_extension,1319,1319,b04c8d1ceb2f5cd4588862100d08de323dccfbaa,67ad0b3402a437c2f12d204af586063eadc31e3f6f9ea35395795188ed839eb6,,18b7598e56514ce499aca4ba0b7a20340a05e65c34adcec8585b28326526a8a7,108
WIKIPEDIA,1320,train_extension,1320,1320,b04c8d1ceb2f5cd4588862100d08de323dccfbaa,d100a376a7dfd6e90566d75c6f0c23312b35a71c3cb27afc227abdbcdf29654a,,1b85a07b155a6464ed0f51a7b09a40ae1d2bbd488e0db4eabe1a5822eeef675c,128
WIKIPEDIA,1321,train_extension,1321,1321,b04c8d1ceb2f5cd4588862100d08de323dccfbaa,4efa0fb0fb31ac3a5ede767b1ef1484af7644170d0a7c748358fe836bb44e884,,06e4e0fb50c2d3dbac44420543ea790b67613da5043e9f0ddcc3b392afcb1568,128
WIKIPEDIA,1322,train_extension,1322,1322,b04c8d1ceb2f5cd4588862100d08de323dccfbaa,3cdead00d384c595c1d90ef6daca52abdce9050d4309f43915befa6e369b694d,,63f3418a4d664fe82be93313beeb3dddd48378bba708f0c934b377f7917fc22d,128
WIKIPEDIA,1323,train_extension,1323,1323,b04c8d1ceb2f5cd4588862100d08de323dccfbaa,21fcfb5a53cb6b0edddea2b8fb0e93bb88bbbaea6362973b82ebef791e838aa9,,bd0ffbf799e7fdc0f3f68a0c11d8089697a04eef8730d18d5613ed2ea67a7bb0,128
WIKIPEDIA,1324,train_extension,1324,1324,b04c8d1ceb2f5cd4588862100d08de323dccfbaa,6a309a5bc49ba77e49704de55d8f2d17f3a5bc6a6c727b2a7203c213ab1dfa41,,e1b7024bef6cc89c8efe18a7d3918b6564c159b13b1fee4cab7f9dbb63227391,128
WIKIPEDIA,1325,train_extension,1325,1325,b04c8d1ceb2f5cd4588862100d08de323dccfbaa,51c30040824b46a16b19334271b9dc6abefc19c23e73c77cdd2f616509452d8f,,6d0daf6a6766115a60f461e8eb7fab36e875c72a9e3ef3d1da120880d7b0cb5e,128
WIKIPEDIA,1326,train_extension,1326,1326,b04c8d1ceb2f5cd4588862100d08de323dccfbaa,3ae295f0e2c8cafdf77ed0406d569fcfe7185efa438129ed8c6a1bdf4ec69a5b,,1e8634e970f1a7fbf69638938b8cf6eca109e644faf9a1699dd7eef4aa63ade2,128
WIKIPEDIA,1327,train_extension,1327,1327,b04c8d1ceb2f5cd4588862100d08de323dccfbaa,5c101aa7c65f52889d84fc4930a7fa04d6faf6238a8d6d351cc9a3956abe145d,,2f750983e45c27154361670e2535a1456762040f00db3841f52034dd1035d93d,128
WIKIPEDIA,1328,train_extension,1328,1328,b04c8d1ceb2f5cd4588862100d08de323dccfbaa,2ee04d36ce0f0cdd3a34bc4f3c901bc28d0e7a9ba122472858ac0fae767199db,,09cd86a6b66e4bc175fb3351e647f38e7830dac83cfc47d212f01e335c2565ea,128
WIKIPEDIA,1329,train_extension,1329,1329,b04c8d1ceb2f5cd4588862100d08de323dccfbaa,d5dffd50afc05f179611d235062bd894112d06e3500be955280d68c1a788515e,,fd1758b3f5e5e60b528591759be0d85590784fc6add874640b35fc73f2d52c69,128
WIKIPEDIA,1330,train_extension,1330,1330,b04c8d1ceb2f5cd4588862100d08de323dccfbaa,510290443b5e0252e0e882d4d67f257d51d1c1f38879dd21c41c5ede3b0be298,,9968128d56376cb63e4464960551fa1fcc47ff43206739b2890468dbc74b8e6f,128
WIKIPEDIA,1331,train_extension,1331,1331,b04c8d1ceb2f5cd4588862100d08de323dccfbaa,b3dc92fd364a229d6c379f72b3b911a424a3dd4abb7be9f25a312e16c34a3cf2,,89ae363ecb1ec1795fed1892aa33e2abf45502d553b253c0ee746ebf8a437735,128
WIKIPEDIA,1332,train_extension,1332,1332,b04c8d1ceb2f5cd4588862100d08de323dccfbaa,572105cbf2e9873690ea34d507a9576b5f9bd7ab81fc393b3265957fe171378a,,f570d4dc6fdc2d8b522b9b90bbeb579ce5b18346f579e3b5dc3090a317157619,128
WIKIPEDIA,1333,train_extension,1333,1333,b04c8d1ceb2f5cd4588862100d08de323dccfbaa,98ee2989fca60e7cdc6701eb5b1217c599502b1104dbb7ba3257dac4f4f7cc9e,,8085ce8e1e6e8e0bd0e23785c5f76872fb299441b86e4f48637a8205d0ab9b14,111
WIKIPEDIA,1334,train_extension,1334,1334,b04c8d1ceb2f5cd4588862100d08de323dccfbaa,98168b832283ff405de51ca0c72b2f62dacd24c6245aafdfc28a79d7b506fbf0,,5699dcf9e45925e4b9d73b5555764ef7b4c96a2e190c919532e953b15b698354,112
WIKIPEDIA,1335,train_extension,1335,1335,b04c8d1ceb2f5cd4588862100d08de323dccfbaa,cce8e20f70dd5290482f8c7baeb83c5417188d2033b83eb5c460e3c5496699a5,,024be8b14df0e9a38d57ad89c3cf6f4cb2266464e1fd17a509db5bfc128289a0,128
WIKIPEDIA,1336,train_extension,1336,1336,b04c8d1ceb2f5cd4588862100d08de323dccfbaa,d8ce7da0240113fdc702cdf04bb343471331f4c2ac7c3b77ea54b91b17284db0,,389e980372b15630bc49477783e835ce57d42842ed1945487503141a0b440327,128
WIKIPEDIA,1337,train_extension,1337,1337,b04c8d1ceb2f5cd4588862100d08de323dccfbaa,9b88836298027cef51dbb54bc273835c5ca5c6f1fc78459ab7d9e496dac4fdf4,,893e6bf93b30ca34a328b40dd0152c834108bed7ac5c2e52e6e83a1d1f207077,128
WIKIPEDIA,1338,train_extension,1338,1338,b04c8d1ceb2f5cd4588862100d08de323dccfbaa,1dc1a86b71d5cc3bbe70f530b628a651235fa099466506d52b95e30ff4f28cf1,,aa00f3efd6765b8cefbb341cd4f04896ce257b7d8d76c04ddc0f7e0594eb70dc,128
WIKIPEDIA,1339,train_extension,1339,1339,b04c8d1ceb2f5cd4588862100d08de323dccfbaa,d97c8874c35d27493ff587e2539f7c9b5bfe724ae4bdce05afed73339a7258d2,,fb099b960532a37f54ad05c1be5f8c58a68b9132a4647bbd3c0b5558f17b2823,128
WIKIPEDIA,1340,train_extension,1340,1340,b04c8d1ceb2f5cd4588862100d08de323dccfbaa,ffdbf1894bf2ea73901603204833b2e972f80871c673b38b9b60f041771cf2d4,,6c21badfb7a1a8d098dacd53da9eb2157a824259b4593f13e6651c73b387135b,128
WIKIPEDIA,1341,train_extension,1341,1341,b04c8d1ceb2f5cd4588862100d08de323dccfbaa,d3c7ae0e20283d10b11d22541fe9ddc33968c91c8e4e0e57d985c009ef89b026,,31bff178ca77e807b7b09441640fd735a8689e92c2f36d89e3206c3dfd32b506,128
WIKIPEDIA,1342,train_extension,1342,1342,b04c8d1ceb2f5cd4588862100d08de323dccfbaa,0c607b47df147a2b076f72d7db55aaeef5e3c506716d388673eb8e776b2448d7,,caf358685b7e6c1599a9ac2d9c6bdfa4601c744cd0413342ad78fe42d3fc8bb6,128
WIKIPEDIA,1343,train_extension,1343,1343,b04c8d1ceb2f5cd4588862100d08de323dccfbaa,98a24df5335246a67a4e2301d75d937e8e8c4a3a33d2b87ddf0cc5dd97a0eda9,,9a06ac270ebd7dab4f01e3c2acf3a7f35f0bd9a195bee0ade7a79a8c5253fb67,128
WIKIPEDIA,1344,train_extension,1344,1344,b04c8d1ceb2f5cd4588862100d08de323dccfbaa,34e87621c6c66f464446f914a20a6f28c4c6bc99fe6ed62218d9f401ee299393,,f81a1231bf6b5f5ec2db459f0f7c0a3b9e51c02f5402cbad87f1f648dd9315ab,128
WIKIPEDIA,1345,train_extension,1345,1345,b04c8d1ceb2f5cd4588862100d08de323dccfbaa,4c117e6b8de79013feec632b99dfb6eadc5a99d9d978fee658b2b975e51abbd5,,ea3989af41d97ab6d8dbda37937e4cd3d4ce0a2de86536d38fedbc683170a272,128
WIKIPEDIA,1346,train_extension,1346,1346,b04c8d1ceb2f5cd4588862100d08de323dccfbaa,27371a668d362c7b0409258ee0c9c2f692d4ca93404f27cb935406387c2fc509,,fdcbe3f606fca3b984ea5ae11fd71e6db7ab62a70e481cbe2fa481173c5606a1,128
WIKIPEDIA,1347,train_extension,1347,1347,b04c8d1ceb2f5cd4588862100d08de323dccfbaa,e532b5b34f7e9a3ef1070e6b668c08a71b9ef818fb0dc07148d8323a2ed9d245,,088f43e51bdff7f16a6c975bad49533e999bd39ac4e0c778f1fc01d846f24725,128
WIKIPEDIA,1348,train_extension,1348,1348,b04c8d1ceb2f5cd4588862100d08de323dccfbaa,274cd39c0659f928680786d85bb06417d6808e3a88668975304cad2399ccdc64,,88a561dd9a4bfc15105437b5bdfccb00171bf44710d39d3fdc30687f468e366b,117
WIKIPEDIA,1349,train_extension,1349,1349,b04c8d1ceb2f5cd4588862100d08de323dccfbaa,7e0b2c64d446b26310a3b7394af92b1adeeca2e7126455ada007a75e518dd548,,358134711ce40cdaff5bbc8677ef90fdb163e815e03838760a4c149a5a937d34,128
WIKIPEDIA,1350,train_extension,1350,1350,b04c8d1ceb2f5cd4588862100d08de323dccfbaa,394b28badcde00f4626c23f74b0d9266dbd7a16ee6e251e6ee1c590ad296b62f,,dd42cdb8529fb1c5222715832b2ecded53f450dafaa9c30cae70f8d3a5ba7ac6,117
WIKIPEDIA,1351,train_extension,1351,1351,b04c8d1ceb2f5cd4588862100d08de323dccfbaa,1b4bb4ca63a13aa11e72eb440795f516a253ec658f3988ff279933639f51bfd9,,f29e02053fe5826237afdb0a674896a1292f92a42e0479eb663eab7407f3cf50,128
WIKIPEDIA,1352,train_extension,1352,1352,b04c8d1ceb2f5cd4588862100d08de323dccfbaa,873e380ca72a247ed5227fcbd297041dc1a4e4b2131d098206ba08381e8e8c3f,,4c38355e8b6fdfa94aa5e5ba19f5214f7215c9eb6d7e17523592d001ba7bdd4d,128
WIKIPEDIA,1353,train_extension,1353,1353,b04c8d1ceb2f5cd4588862100d08de323dccfbaa,100bbdb6cb462720f35e8f79fc60071c056a6f7be6dafbfd4d87151511260ebb,,826190abb19dfdd9cec0e30666f218f36607b82ed6c615a0afb5ace83b5ce4f6,128
WIKIPEDIA,1354,train_extension,1354,1354,b04c8d1ceb2f5cd4588862100d08de323dccfbaa,669492bca761a2bc199e40ba1f171a6bc61ff1fe013d54f64d5d772b3c171807,,97dc4f4d797c18da4a21a2f0bb1ee2ce19fcdc3f6b45cda5352dc46dd0a25875,120
WIKIPEDIA,1355,train_extension,1355,1355,b04c8d1ceb2f5cd4588862100d08de323dccfbaa,e40d83570c322b9d65a4bc2c80deece3cbe396f5a4c7a1963892d287ea86f7cc,,62f1666c8c60e19bc8fb5486ed9a5c37132afaa1e7ae51fe412e977e58a995ef,120
WIKIPEDIA,1356,train_extension,1356,1356,b04c8d1ceb2f5cd4588862100d08de323dccfbaa,c216bd5c82e43b7223b16bf8d4030aef2cff35ae2293176ad21f9b3fbba915f8,,c1f1b17ace8c07a94ada9dba3f9ef3c07907af9a54fe7955c59ac4b85ecf77ff,128
WIKIPEDIA,1357,train_extension,1357,1357,b04c8d1ceb2f5cd4588862100d08de323dccfbaa,f8728ddef9e9b61d4f1b6a258c75bb3451e2e6b02b680e59a06f1c3c13cae2b9,,b432ed760c1f64ebeeeb42931878fe50f5eee0165bf71e258bf45a600faae709,121
WIKIPEDIA,1358,train_extension,1358,1358,b04c8d1ceb2f5cd4588862100d08de323dccfbaa,2a6e41f2b17a2e19e909c98b79fe013e4fe13135603d51592d47d735f64b1d14,,31af880e54e43866be0db67bce47893cfaae5a60e8d3d3b6d94c026709929536,128
WIKIPEDIA,1359,train_extension,1359,1359,b04c8d1ceb2f5cd4588862100d08de323dccfbaa,a3912f4ccf36d7710f6b9931a9e4080abf5c34d47ef7c066652333927c601345,,d4cb8869655e1d386f02a2dbcbdba171828a14208d64d459ee217d923cae6bf9,121
WIKIPEDIA,1360,train_extension,1360,1360,b04c8d1ceb2f5cd4588862100d08de323dccfbaa,9264db5f990a0ea5fe2517c74692c6a70687b1c9d35a9996531acb6b9937ffca,,34a6097ea2c8769cb45fbe746d69aa5661c39091ddd5d191d5a64e61b81c60bc,128
WIKIPEDIA,1361,train_extension,1361,1361,b04c8d1ceb2f5cd4588862100d08de323dccfbaa,d350c0f03c174618873a65f032417bf1ce6059e94fc08843ef9131772637f8a6,,59132086d07f072ab435b3da4a9f371979ea10abc20c873273c0caecbf8fd527,128
WIKIPEDIA,1362,train_extension,1362,1362,b04c8d1ceb2f5cd4588862100d08de323dccfbaa,5ebb2dc59e74f07e031b287347ae81e66db71feed1199c764fe5b415e6889e88,,895a379e48d0c6ff6665f96cd4704a38c80ffd2634df3515de60b1c140920567,121
WIKIPEDIA,1363,train_extension,1363,1363,b04c8d1ceb2f5cd4588862100d08de323dccfbaa,8e56cba8ad02eef9cac09dda6167ebd46fedfeb15aafadc54989670b0b60f9d5,,e44e517d682c76c364eedef83236c8a3e60b3226553b1dbb34e4a7a1e4c2a6a7,128
WIKIPEDIA,1364,train_extension,1364,1364,b04c8d1ceb2f5cd4588862100d08de323dccfbaa,c236862333b40b98f35f0ea572b7d765a1fce9df0ad54b7256a6585f30b82003,,01a7f3be8d0a21b2a6a2a26aefd96baaf62f0f9cb20324676f56ebe917418620,128
WIKIPEDIA,1365,train_extension,1365,1365,b04c8d1ceb2f5cd4588862100d08de323dccfbaa,d14ca4217bb0473b58875b8558f6dfa302bf79e45b777114fe4214b763f0816a,,bc349abfdbaa21b7d2261701402b6877eaeaa5a5457cfcabf5933ad5dde5c23e,120
WIKIPEDIA,1366,train_extension,1366,1366,b04c8d1ceb2f5cd4588862100d08de323dccfbaa,b378003cc22a2d0fba1caf72b979e2a310bc7c311fbfa14bcc128ef8d7d72d03,,11f7f4b2619f61b4a1378f5b5f578a66cdc4265db6ad0e26d5eaba44e3290076,128
WIKIPEDIA,1367,train_extension,1367,1367,b04c8d1ceb2f5cd4588862100d08de323dccfbaa,2d6b39a69d952316ec61791beb1941fbf196a89cd7d184ff149d3c13d4ae8de3,,dc75c22ecaa0b19c0ba143af30cab29aca5f99ab9f0783de4ffc1d84fa2b26a1,128
WIKIPEDIA,1368,train_extension,1368,1368,b04c8d1ceb2f5cd4588862100d08de323dccfbaa,11a6817e828d57ae2438db280e7a1f44ce4643698b63d65f7fb05ecf4c81876c,,17b94e9fe0ab8cc6705160ebdfa177a146101ce2dc47fd5d5cab68ec43a24c2e,128
WIKIPEDIA,1369,train_extension,1369,1369,b04c8d1ceb2f5cd4588862100d08de323dccfbaa,0e05df779eed156106be96176d402ded2082dea49afc56295635c03b811edf9c,,9bd0f729a8d06d531a8cfba865edf0f9582056727e7597a809f891724ce5246d,118
WIKIPEDIA,1370,train_extension,1370,1370,b04c8d1ceb2f5cd4588862100d08de323dccfbaa,8fbe680255e9817e1b601fb7f3e3e368401221cbb8c3e63d32cb19e9f7cacb26,,8e91eb6fef1b0308f12fee836b30c2bebeb1cc5e688d481f02bdb38ff65ef791,128
WIKIPEDIA,1371,train_extension,1371,1371,b04c8d1ceb2f5cd4588862100d08de323dccfbaa,270f43a3f79334b9a03712d1af6f1c4d5f067b0ed05190d282bd4dc1257b8dbc,,1178cb49e072d2c6397e3c98395a3aea38d160dd2bb386ad85b47267854c0760,118
WIKIPEDIA,1372,train_extension,1372,1372,b04c8d1ceb2f5cd4588862100d08de323dccfbaa,8273f0ef618575dc8351b704b3eee5c15f1ffcf78f39689a6618fdd933f273a9,,715acc8a25848e737a4fb73422b23eab1a095d3ba8a73e12d6fa76dcef8be028,128
WIKIPEDIA,1373,train_extension,1373,1373,b04c8d1ceb2f5cd4588862100d08de323dccfbaa,738ee13ebbca1390c37c37f2cdc2ac55b5df7a37e4bc2a6a3d045b1753233355,,bbe6209a497d968ff7fc00b6d84c372a743b08f4cbd5bdf4a4d90274bf696a09,128
WIKIPEDIA,1374,train_extension,1374,1374,b04c8d1ceb2f5cd4588862100d08de323dccfbaa,86a64224893b88ea42288816d3375dc36649211aa4c48c566ca62282167ae0db,,50337438caf35c82177542a5ceea4ff655a9d66fda1b19773ff3fed08681e130,121
WIKIPEDIA,1375,train_extension,1375,1375,b04c8d1ceb2f5cd4588862100d08de323dccfbaa,1c17bf497c1e00efd45b25a80e7eb398b4f4f7ce6715b0fa12933b50bee322a2,,b171dc9afa598f755d7b4ffa033f24b007ba8c9017e07d62f4bc0463d11a6cac,128
WIKIPEDIA,1376,train_extension,1376,1376,b04c8d1ceb2f5cd4588862100d08de323dccfbaa,ae781b43a6878a4fd3300251386f71c1cc1e7439e6fa77e857548cda1cde4c8d,,dbe48dfbd618c797b983583cd48deeacc4032fda2dbca8510401c139ecb96630,128
WIKIPEDIA,1377,train_extension,1377,1377,b04c8d1ceb2f5cd4588862100d08de323dccfbaa,059603b06150a4790c1b77dbf4592acec9c4986c96bc069d55e7f78246ea9b7d,,3cfd54eeb95ab681dd1e104e0198966e515eaeda1f45450be9099436a982c0c9,128
WIKIPEDIA,1378,train_extension,1378,1378,b04c8d1ceb2f5cd4588862100d08de323dccfbaa,e77916dff044cd054ad551aa8f7399b1c5eed13961d0cd24dbcf3b2736f75d30,,21d721b3b242059960dc12299081e9ee68e3341179a70fad5cbdfc012f77056a,128
WIKIPEDIA,1379,train_extension,1379,1379,b04c8d1ceb2f5cd4588862100d08de323dccfbaa,d0fbf8e5d3b16d4df375b6d3c93b1bf3a5085085a1464e8b2914b889402358c1,,e0341179c10532db83ff5bb1318a171510c480e73be95505a3c7d1871df8e7d6,128
WIKIPEDIA,1380,train_extension,1380,1380,b04c8d1ceb2f5cd4588862100d08de323dccfbaa,58b2bfdd33799329f51728a03c1774493f1e8ef3e4b6c65c80df1082488ef3a0,,50fd4762c8e241a87fc124758c00aedaa86986037bc21335264332284b377e2a,128
WIKIPEDIA,1381,train_extension,1381,1381,b04c8d1ceb2f5cd4588862100d08de323dccfbaa,bdd2d758bb1a169bf5364a1f2cdc0be9e819f89757b8ca9aa5aa119f9d11d082,,8ddbdacdbf26aeb25c85a5bcb4fe0fd281a3b985c931447d26cf11c4822013ed,128
WIKIPEDIA,1382,train_extension,1382,1382,b04c8d1ceb2f5cd4588862100d08de323dccfbaa,34c2317e82759bc789e2abe7a0fc0940c527bfbb35b17f5cc712c868684d9709,,51b952e7efe9d29b359d746408f5647afc11a5e1877c532e298b9ce152f4bb55,128
WIKIPEDIA,1383,train_extension,1383,1383,b04c8d1ceb2f5cd4588862100d08de323dccfbaa,88eb4ef678812e1d52e0e5d6788e1e6375728e012a2e9db76ec34a061380ca69,,beecb683d06f108ce44f92ee317dfdb8f8dd1b481af637d960d12f27416efcc3,128
WIKIPEDIA,1384,train_extension,1384,1384,b04c8d1ceb2f5cd4588862100d08de323dccfbaa,663049691463f51293af3ba4c609932a4f132f0b948c9257d287e8c61c55fbb5,,407ab6b4a0012f31f55bca7a19d54e8cff2fd1761d3a47d1cf18df5b60fa1476,128
WIKIPEDIA,1385,train_extension,1385,1385,b04c8d1ceb2f5cd4588862100d08de323dccfbaa,3a994a475d2937bf0ce1b89a38541732fe2c7ce0bb8a223c5e9bf9a1f038030d,,6ccb7d0127070890a97a74d4f69708c52bb13138d639b982a8b97f7e9e402320,128
WIKIPEDIA,1386,train_extension,1386,1386,b04c8d1ceb2f5cd4588862100d08de323dccfbaa,13937b084542fcaa34df1fdc02a607fb977b3f85d7822c9902cf93c5c74d18f6,,90dfce76c5ce5649514f608169bec8757bfbad21db2aa6777a33cf768503072e,128
WIKIPEDIA,1387,train_extension,1387,1387,b04c8d1ceb2f5cd4588862100d08de323dccfbaa,2402bee06b082a92d6426e8cc5caec469189764b0d012f5de2c956f1cb2f91de,,7ca17f83bcb9f6bb34eba104a9530ce5a42077a5cfa4e3c4f0c650b3e2b2bc6e,128
WIKIPEDIA,1388,train_extension,1388,1388,b04c8d1ceb2f5cd4588862100d08de323dccfbaa,04f72832e1ce8865de04c5973de4f1b5245980beb67aa3ba96692508acf4320c,,00e5a0d1eb51655e05d322a12a69cccdce99adb768b5bbe89c0203348153712d,128
WIKIPEDIA,1389,train_extension,1389,1389,b04c8d1ceb2f5cd4588862100d08de323dccfbaa,c50282c41d8b51a2c5ccfec6039304ab6cb12a9c9e32c7f26ece822ed7acaf41,,58f7bca782383ed557858dcf0ddf2faf3d261ecac95d31c689fefc90c9a2712d,128
WIKIPEDIA,1390,train_extension,1390,1390,b04c8d1ceb2f5cd4588862100d08de323dccfbaa,968eea085fa9f78ec5b74ef3d2bc4420c4b302aee154d6084752b3658db9d008,,6ab72f88c51fd4607e0640e5b906b054e6058ae65f32eedf9294fa902f5b89d8,128
WIKIPEDIA,1391,train_extension,1391,1391,b04c8d1ceb2f5cd4588862100d08de323dccfbaa,c563f1d3491b22683e3c6b2e8796782dd36aaf51ee1fdfa6584d5356596527de,,6f981cfb288d950faadb16ca6ef6da6d75bf5280676854a926dbb18435da6bb4,128
WIKIPEDIA,1392,train_extension,1392,1392,b04c8d1ceb2f5cd4588862100d08de323dccfbaa,4b0aa1387c43f0095dc517b1151b646b83ca233536fef06648a9a2a53e67e3d5,,82afe634fdb5ac224c012ec3edafc9750b784184c3a53db5fa75c0dcdaaa23f9,128
WIKIPEDIA,1393,train_extension,1393,1393,b04c8d1ceb2f5cd4588862100d08de323dccfbaa,1b3a819618523881ba998dd57883bf3ebf73d1953f2fc85db55ceddc2cfc0aa7,,6049a5d43c58f15b75f952d1d2da1db4f01c5f76d1b61fbb096deb766bdf4823,128
WIKIPEDIA,1394,train_extension,1394,1394,b04c8d1ceb2f5cd4588862100d08de323dccfbaa,0fc29ba2e487bf4742e87f928a306095d4efaabfbfb57f648f2c717bd8efbffe,,6829cb33f75552c1c48e9c15afe805e2cda3d62c17989a3d8f071285083ed6aa,128
WIKIPEDIA,1395,train_extension,1395,1395,b04c8d1ceb2f5cd4588862100d08de323dccfbaa,b150ea6604c4dfbc491a8241364b1ae2a31d84a2a05478af1bec4e30206ce77c,,e0c0b2ef843f38039f08020511e4d5b96cf990d955aa6a169239394e73e3e1be,128
WIKIPEDIA,1396,train_extension,1396,1396,b04c8d1ceb2f5cd4588862100d08de323dccfbaa,d7d4059e610fcf5f3e8d019ee271b120743716f3a00d5383628e1964065ccb94,,f45a7ea32175541b9fdb20ca367fe88021a20b2e8690ea8d2ba57e5299406e84,128
WIKIPEDIA,1397,train_extension,1397,1397,b04c8d1ceb2f5cd4588862100d08de323dccfbaa,e085c9e57890b8a12b1960c1541f7945bc1de391764c70165932f1812d95db17,,f9114399f21854fbfa2c218e4cc4ecc2f6f760baca553b2fe26e0ca0603fca43,128
WIKIPEDIA,1398,train_extension,1398,1398,b04c8d1ceb2f5cd4588862100d08de323dccfbaa,cdd06a47829336b0e2fd326f04d776e89b0a09f7fd09f4d627fd405f3a083af5,,5e669d4eb0fbbbec79092371c801e95634d5d52d50da3e56e33a26631e851a32,128
WIKIPEDIA,1399,train_extension,1399,1399,b04c8d1ceb2f5cd4588862100d08de323dccfbaa,6a5dd1810645c6738f0656656b15da62357f02d031b56d7d1a4f50b3e1f2c612,,f1637375c985fa290bd837e26618617f19e47fbbe24f54c711961989bc65ac30,128
WIKIPEDIA,1400,train_extension,1400,1400,b04c8d1ceb2f5cd4588862100d08de323dccfbaa,c197be231721fb2247979c1b3fd3f8f6a4a286102b52aee6805b5c79f7729fa8,,bf0e0f6ae394f634b0c02ec53d394bbcd0c9f0865fa890a45cde50e896007b54,128
WIKIPEDIA,1401,train_extension,1401,1401,b04c8d1ceb2f5cd4588862100d08de323dccfbaa,4378845a6b41a3bfd6f614270dc3de5b373914250aef4992e50aa1ef75250f13,,1dc339294cb0035f2e19b215788ef5c72b59d339a85b5be882ebca0b11138c25,114
WIKIPEDIA,1402,train_extension,1402,1402,b04c8d1ceb2f5cd4588862100d08de323dccfbaa,65c0776760d9a8a0b4523089bff7f65f13bad465bec10230f3a1f55dc3aa08bc,,b43f69d3520d90ecc1976b9e3327bbdeb380e00d2f8b17a5c45a6b3b28108d7d,115
WIKIPEDIA,1403,train_extension,1403,1403,b04c8d1ceb2f5cd4588862100d08de323dccfbaa,5585f0f77f49e0071c55e9105876e1c79d3bc4934d1328bebf9662761791b4fe,,87aa4eb2539a776869e7e73207ae0f0f063e5fa40cf4d5fc367553a40c5658fa,115
WIKIPEDIA,1404,train_extension,1404,1404,b04c8d1ceb2f5cd4588862100d08de323dccfbaa,09c1b5c44ceb223c2693108c924bd04173524d237d13cf60742aa713855c3de7,,0b4732dceb9cfda04ee79bb396a2ca57708c4c87845d5faf3318287ac247c4d9,115
WIKIPEDIA,1405,train_extension,1405,1405,b04c8d1ceb2f5cd4588862100d08de323dccfbaa,109f3cae501074a63ffb32f64be9a6b062533c6698aa0a4e0a776dfbba6f9f06,,4ab1fc7fb595a7d3a7170fc25f3b58771abb6a69056e68141f7fb1d009b5f866,116
WIKIPEDIA,1406,train_extension,1406,1406,b04c8d1ceb2f5cd4588862100d08de323dccfbaa,cb2beabf5c6f4142a12be1c916b7b6ffa2bd6269c8788360199d12aeaba5ab8f,,289970e4f2e3541baa41fa81370d003a1da7fc1c81649289f54fd2d6c096e2b0,128
WIKIPEDIA,1407,train_extension,1407,1407,b04c8d1ceb2f5cd4588862100d08de323dccfbaa,c6fb038dceb2a2e7b4243c06ec5f38c6c982dd1b3f3778bbfdc5a52310f7a194,,89ee89c556394aac53a133a51adcf9bc7c753ad72b27055193575d01d6f0b3b7,128
WIKIPEDIA,1408,train_extension,1408,1408,b04c8d1ceb2f5cd4588862100d08de323dccfbaa,cce067b5d0905e2c31a14746082dd33621c7b217b360c050cedc5e833a32a342,,62e214483cfbeecff2583656671197675912a746e5ed2e3415246922df380df2,128
WIKIPEDIA,1409,train_extension,1409,1409,b04c8d1ceb2f5cd4588862100d08de323dccfbaa,44e828ff0d411065c17a08cb7d363fbfee21be57d656ae1b201757486a409e3f,,4ee262db1ff2931e6c06e32e3c0f6fd47e655ef2f36a9bdcdaf64bc7eeba7f15,128
WIKIPEDIA,1410,train_extension,1410,1410,b04c8d1ceb2f5cd4588862100d08de323dccfbaa,a7e53de31b23c4f2037700382b7a19f57ebd6d95cce0156fb54ede6762cf1f95,,9cb79cabb495e7864b68b26c3e7b11abb1262d1178d8e57cb10b271e38f5dc6e,128
WIKIPEDIA,1411,train_extension,1411,1411,b04c8d1ceb2f5cd4588862100d08de323dccfbaa,285c755f398ba18b6a2fa6e92aed8597d1d54504bf2034074195d8308de119a9,,07c7e098c1ade1aafe7e69d91cdb4b736fe7b8e0e0e0b5d661ebc3a42c763a7d,128
WIKIPEDIA,1412,train_extension,1412,1412,b04c8d1ceb2f5cd4588862100d08de323dccfbaa,7366bca0c23f770bb772802a19d3698260227475ac4de5cad780c601bacb3566,,326d5f754f62254e411e2e4c2c2b415c456955b67e2afca3d84c1222a14a4930,128
WIKIPEDIA,1413,train_extension,1413,1413,b04c8d1ceb2f5cd4588862100d08de323dccfbaa,d10497d61fa9f5f00946fe8984cb28917301a4ab592a0df78c7253bd07ba10b0,,55ecae6e005385dc645888520cef0e6fd98a69e77c16c1083dc751d0fd64f10f,128
WIKIPEDIA,1414,train_extension,1414,1414,b04c8d1ceb2f5cd4588862100d08de323dccfbaa,897e3a895865bfb2f26e25c8b14d816b1d0f82f9d9b780e6d62fbade2ef9947b,,90ab3aa5e3dc8b7877259f606bc0f622c77ace908fed1c4ef19b88437abca23e,128
WIKIPEDIA,1415,train_extension,1415,1415,b04c8d1ceb2f5cd4588862100d08de323dccfbaa,02c46f74224120b2ce4c32bb7cbb7d3ad31e3b84ca3e3928b4bf976e4e753f95,,87b5185dc01fd61c64d692089100a53c95c3a38d14735a3130ab8718a092cb1f,128
WIKIPEDIA,1416,train_extension,1416,1416,b04c8d1ceb2f5cd4588862100d08de323dccfbaa,d0a4a8f0b0753e25112ab44385419d9f6c91fea20561ec636d81650dedca44b8,,944bc5e512970f688a0f161b25fa594da605de65a8ac78cf9905373960df33a6,128
WIKIPEDIA,1417,train_extension,1417,1417,b04c8d1ceb2f5cd4588862100d08de323dccfbaa,ccd9bfaaf4a948819edd3eb298d879140509ba999207110233f15837a06f9c48,,6bd746e4f701e72de8b26b60877368f750768e50e0fd7b10cc2e1fc885a71ca2,128
WIKIPEDIA,1418,train_extension,1418,1418,b04c8d1ceb2f5cd4588862100d08de323dccfbaa,a60d7217d15f8d050855402193022f230d1947568437569147f7c274b9ff800b,,141c86be8646dd3218fa1b914947540f694a206e1eda4070f3194dd4d1333da5,119
WIKIPEDIA,1419,train_extension,1419,1419,b04c8d1ceb2f5cd4588862100d08de323dccfbaa,c119087d266b844280f5d6b5b6c629037386bd7a4505dc54b08ac1da1f1a2523,,0cda641cfac943fcb00bd9b2f3feeadea0dc6bc14b310a9a1a69412fbccf874c,128
WIKIPEDIA,1420,train_extension,1420,1420,b04c8d1ceb2f5cd4588862100d08de323dccfbaa,6f59c8863c45f41e64251f5059d9534e1deb47dc9c5cca0f696515af39fc475f,,070c92c002e893504deac183cb336eca5d6e1370f706b9d20dcfcf8cb60db187,128
WIKIPEDIA,1421,train_extension,1421,1421,b04c8d1ceb2f5cd4588862100d08de323dccfbaa,b474f29640381d00240c72959100b4c0de27a37ae117512f0b7522933b53fe74,,708776ce0c6d2b5ded5b88faa6f752f3f8ff74d2b54d1717667677eea2b2ec9a,128
WIKIPEDIA,1422,train_extension,1422,1422,b04c8d1ceb2f5cd4588862100d08de323dccfbaa,75fea666be93766be7a1476ea1368dc922f0af22de35d79eb7ba51a1af5a87a9,,3b92f9822a9678608cf6d69fca1fa082c77a76c2628e57560b9cc8e7ae3130af,116
WIKIPEDIA,1423,train_extension,1423,1423,b04c8d1ceb2f5cd4588862100d08de323dccfbaa,687242a723c7afb391f788ce7038219df7d42b5c4a5ba5899195946e52a8cdee,,449009bbf2d9668ed3a37e40d65916f2984ab06497f48f2f3db2d525459214cb,128
WIKIPEDIA,1424,train_extension,1424,1424,b04c8d1ceb2f5cd4588862100d08de323dccfbaa,b841e7490ba1fbdc1ff25af0b1b2d80f9be33d6be7d8f2e4abc02eeda2957d37,,94767a69c5dba663e5c5dc0b744c03b92fb8e4cae6d89a2e9b56130d466e3905,128
WIKIPEDIA,1425,train_extension,1425,1425,b04c8d1ceb2f5cd4588862100d08de323dccfbaa,7d048f29894efb24b72d6e02492650116c9f8e012c325ae65457bd228fbe9796,,e2a6f822a62a1e575c2e0c9b5ee11a9db894b928f350be92f6e6c27a7c417e0b,128
WIKIPEDIA,1426,train_extension,1426,1426,b04c8d1ceb2f5cd4588862100d08de323dccfbaa,cf97cf7934ca56866da20e1fdf6e52d087698a9d570eae5f71c01d08082f0ebd,,1a60fcf5a37d0ae64e42f93b03ebccf2b7353ae7fe81b2ea33f46f90fcb2114b,128
WIKIPEDIA,1427,train_extension,1427,1427,b04c8d1ceb2f5cd4588862100d08de323dccfbaa,fda2a56aa3fc6a5e5f02963a1301f6f604fe7b3c7b72dd30355097ceca344f8e,,815201bfbe25d441948b8173109348fac0445f44341caea277f21baef145bbdb,114
WIKIPEDIA,1428,train_extension,1428,1428,b04c8d1ceb2f5cd4588862100d08de323dccfbaa,0d3c8e693109c5e00ac7606f76c279eb64fb0851bf254700458ee57c79488f4f,,2ce175f02ba963886177058e1a2214805de1c57514b0cd3209c7c513d65237dd,128
WIKIPEDIA,1429,train_extension,1429,1429,b04c8d1ceb2f5cd4588862100d08de323dccfbaa,da7e689db7ad76fe5a0857237c7c0fc3bc98140fab1ab85ab6a789db32311352,,886cf879773410507b843232bbec59d22ef49c3551a23e4b517609e885977fb2,128
WIKIPEDIA,1430,train_extension,1430,1430,b04c8d1ceb2f5cd4588862100d08de323dccfbaa,945dd076d63dc9a4bb5106e5f40213e3bf25631d977db5e911be280d35bd69f7,,98239180c95bc6173537d932e98cdaf9028065a677fc851122420909bdaf856c,128
WIKIPEDIA,1431,train_extension,1431,1431,b04c8d1ceb2f5cd4588862100d08de323dccfbaa,7440c665b823e853f4bea67b58f2c869fc48ccfa2f88f2a8ad9be11c119a5c17,,d818cab29d9becc9c1e351a384bfb51476bfac9f0e2f26afcf0eb5280aa257fd,128
WIKIPEDIA,1432,train_extension,1432,1432,b04c8d1ceb2f5cd4588862100d08de323dccfbaa,c24e90799ba03f28c8636db8556e1e298454d24799c26d2da37ecc6691e61e57,,95cf3f0d4f60113dd8af9a814c09f3fb9baf9dce90998f72c2b7e0d28baf9f4b,124
WIKIPEDIA,1433,train_extension,1433,1433,b04c8d1ceb2f5cd4588862100d08de323dccfbaa,18c3f51f6c1f4fc82eb30a64b97bceeccebfff05d098c0f9c9eef4bab4715c3d,,ddf0fba96ef3bf7e76f1ad36da47acce36b7aaf566d51ade70e8ff361a5bad2b,128
WIKIPEDIA,1434,train_extension,1434,1434,b04c8d1ceb2f5cd4588862100d08de323dccfbaa,c13aa6706b868d9338c189869fd7cf1ac79712a2b029e17918464e65fa1490bb,,e8739e43aece104df3ff56fc6e22c0aedda30a1bb1326bd9f0a83ae14ea0f6d6,128
WIKIPEDIA,1435,train_extension,1435,1435,b04c8d1ceb2f5cd4588862100d08de323dccfbaa,6ad0e1a1078b530f45e4d723dbc9693bb700a37ab94c98a429e45f33e432f8bd,,aa232d5712a68b99054c51de50ab6023ca325608c395db1eb336d08e87e82c3a,117
WIKIPEDIA,1436,train_extension,1436,1436,b04c8d1ceb2f5cd4588862100d08de323dccfbaa,8833e7e831c1e7dff93f22c62369978f996ba0490b5048726f17903763d8f0a3,,b25857747e50024799b196817b5ab49093c4954373541c6faa817df4ff55bffb,128
WIKIPEDIA,1437,train_extension,1437,1437,b04c8d1ceb2f5cd4588862100d08de323dccfbaa,8cefd92eb500e2b327241838a48d1db027970b6260203b12211b52a9a5cf6591,,4c797ce07970d6f466797c2b52da313518b7e431128fcc142401cb38a43837af,128
WIKIPEDIA,1438,train_extension,1438,1438,b04c8d1ceb2f5cd4588862100d08de323dccfbaa,5cd04da069e15b32e6aee2da99d0078f6f5d9260cf512502329cf288ce523905,,d3f31d21ce6a622ccb8c5d1c3c9467888aaaf124822f3bf48278172b2e1d4bb4,128
WIKIPEDIA,1439,train_extension,1439,1439,b04c8d1ceb2f5cd4588862100d08de323dccfbaa,7ff01a647143a1cf2f4456a329481cd35a9ca5cfd617df98776013f7a8ffaca1,,140228e896a437cb3e0d7447ed100db489223526cac39153760197c1a7735447,117
WIKIPEDIA,1440,train_extension,1440,1440,b04c8d1ceb2f5cd4588862100d08de323dccfbaa,5adc40e944f9a2ee049b05cecbf4a9002047d8085b66ea95db8e2eda2140f32e,,ab27007301854ffa7066b04e7a153afe47a96f9e221b29028d00fc43e5401d82,128
WIKIPEDIA,1441,train_extension,1441,1441,b04c8d1ceb2f5cd4588862100d08de323dccfbaa,4b41eb5176c74120da453cbfd7286455092ce5fd70b68c4651aacddeec4694a9,,64e11acf3a691c8a6d34050f9664b017c2e8db1f8b902c66d2f2c05e05552b4c,128
WIKIPEDIA,1442,train_extension,1442,1442,b04c8d1ceb2f5cd4588862100d08de323dccfbaa,ac0e3c05554449dbe62596001b1c835a99e5fad1e01686f263f2f3456b9f63d1,,cf0ff04f3a40094a8c9220871e8d335e4d7b678ec403ed797755e853a9427d13,128
WIKIPEDIA,1443,train_extension,1443,1443,b04c8d1ceb2f5cd4588862100d08de323dccfbaa,b90426655a8c7bbb0c7879f349259c2ebe4362241add10d2da3baad72dec1082,,20792169a940cbc708e12ab02a35e850244dd24926ae7d9deae0483468c7a68e,118
WIKIPEDIA,1444,train_extension,1444,1444,b04c8d1ceb2f5cd4588862100d08de323dccfbaa,a8e5f24fdc928b805c6a7cf8636b6fca241e0cbdd3ed36509aa63785c20c6a8b,,c9ffd370e1ba686207ee300e27dbe52af0b35fa9d1085a453eb964a73f44d070,128
WIKIPEDIA,1445,train_extension,1445,1445,b04c8d1ceb2f5cd4588862100d08de323dccfbaa,223b4592de15db1e0c9eaff12420de30a670920fd7cb1f67b597fba577bceee7,,7823464acf16b2093530462a0d488eac2dd89594f15e02f3f980220882613519,128
WIKIPEDIA,1446,train_extension,1446,1446,b04c8d1ceb2f5cd4588862100d08de323dccfbaa,cf3de0ac372a47e1c51325b8a83f68746e7d08197665140f6fc57af6b224987e,,c9e0242edfb071d81b86d09a4f91c8300db78a0f7718e2ac422f51fdee589314,128
WIKIPEDIA,1447,train_extension,1447,1447,b04c8d1ceb2f5cd4588862100d08de323dccfbaa,70d43b07e262f7492e25141e6fff7954fa9f8b1b766619b26f5c9e9b2e740b3d,,0596fdd0e7bde6ec9b73b2de12159df96d30b8ca5ebd0c1cbb88d802334212fc,128
WIKIPEDIA,1448,train_extension,1448,1448,b04c8d1ceb2f5cd4588862100d08de323dccfbaa,46fa4bd3a309b55af9e40b5f2c6cc361f563cf37c06ea546335dd2f6d658ae83,,3117458c1db109396ada2f28743491303466ace62d23bcc14b82362b28f1011e,128
WIKIPEDIA,1449,train_extension,1449,1449,b04c8d1ceb2f5cd4588862100d08de323dccfbaa,09b190c3f4a8b8ca787517415b510ad93a47ef1c2844d53610fe834420302a0f,,9d6d146d373982e8b95c5ec8f2d12e1320dbc328f2480bcee395e720a81e465c,128
WIKIPEDIA,1450,train_extension,1450,1450,b04c8d1ceb2f5cd4588862100d08de323dccfbaa,0ea08a000608d4b5d8309fa4b5456a0a7245ea0c8e2cc9224905440cf10420ac,,abcfdda46f65a69b00c1fd238a21cd4bca1606e31168906838434ba874831a8d,97
WIKIPEDIA,1451,train_extension,1451,1451,b04c8d1ceb2f5cd4588862100d08de323dccfbaa,9629b9cc5b5bc7c531f96262c5eb6ebf7693ffdeddb50e7c685994ac4847da6a,,0a0403e1f7de33a14a3e0188eed559d6c0684a71d67f8a0da6808ddb57e070c9,128
WIKIPEDIA,1452,train_extension,1452,1452,b04c8d1ceb2f5cd4588862100d08de323dccfbaa,4a25ae7a7c49b1d5146acdd594d2f932fb0ac9ae47014001dd7ee73ec4165d7a,,c7df65dd172e9d657060f2bb1468b5e9bf9a30c8e810703a246d90138b0b4ec8,128
WIKIPEDIA,1453,train_extension,1453,1453,b04c8d1ceb2f5cd4588862100d08de323dccfbaa,630092ec4397e6e11ff947a9d75004593ac82e7a42c6a6eede4a5b8c0490fc30,,491562af6b3b5aa90de18125756b5328f256028ab87097b6327952a7f4a653ff,119
WIKIPEDIA,1454,train_extension,1454,1454,b04c8d1ceb2f5cd4588862100d08de323dccfbaa,4e0777fedd655f22e42b4a45d7e369b55bcf4b798353e00e009351c3d237c83e,,5b0bab20c814286771244d6e2ac921152915774740790a8d9ad9127060b7418e,128
WIKIPEDIA,1455,train_extension,1455,1455,b04c8d1ceb2f5cd4588862100d08de323dccfbaa,8675af3e31238156d35820629a73f0d4742c293e5b6a15cb4019811605665eaa,,24ebd2a327902b30868a62b118d23734b6cd4c3443633290b845ef3d27def288,128
WIKIPEDIA,1456,train_extension,1456,1456,b04c8d1ceb2f5cd4588862100d08de323dccfbaa,f55db5b9ac9386b9848290f7cb6e4a92867966f4363cc1e0115cd51058c78c43,,59df9cab179fb60a902c3bf15d6f78e9b96866d15fd3140ba2d08c312fd01fc0,126
WIKIPEDIA,1457,train_extension,1457,1457,b04c8d1ceb2f5cd4588862100d08de323dccfbaa,cc19480ccc01039f4158b9313166b33c309a1c41dd24112e37ffa500a558f378,,788affab431e565edcdeb4f570051c0b8b656aad7f40344f04399b2bda614ac0,114
WIKIPEDIA,1458,train_extension,1458,1458,b04c8d1ceb2f5cd4588862100d08de323dccfbaa,6b296bb8bc7e7bccfbeb349510b6a8cd7ebdf4f2409cd2066b9461788570f2c8,,8802e3eba682552d288916210c825db60e1e377f73be49dacd1a73581578beb6,128
WIKIPEDIA,1459,train_extension,1459,1459,b04c8d1ceb2f5cd4588862100d08de323dccfbaa,38916040409a361024045e7ff4ef20217a655064403056c1fe28df0da70b2280,,ede8ac3344bec8d7b397aca151abf19bf686f352da5674250bb627d39252e0df,124
WIKIPEDIA,1460,train_extension,1460,1460,b04c8d1ceb2f5cd4588862100d08de323dccfbaa,3415ff9e33278a1e7f9989f39a622aaae42e527fb855a5994130593d3703270e,,ea0738da5e6be13e49d75f96f53ec3325b7eeabac4b0afbbd875dba6fabb3ae1,116
WIKIPEDIA,1461,train_extension,1461,1461,b04c8d1ceb2f5cd4588862100d08de323dccfbaa,8fc8cf1a0ac6f0015f4e4c993eff3d3bda7c9e7a7c5c14ea415414014355fd65,,844fdfacbb96c0681933b9d46ead8b6000c95047e8598faccdf9166b3d011e62,116
WIKIPEDIA,1462,train_extension,1462,1462,b04c8d1ceb2f5cd4588862100d08de323dccfbaa,983822e90d893209f6ca50e88d07fe7c848dd0c8029eab1e4023968633ea3507,,85ca470595dc2866f60801632fdb052aba27b8c64abd27ecb52f67c664c3977c,128
WIKIPEDIA,1463,train_extension,1463,1463,b04c8d1ceb2f5cd4588862100d08de323dccfbaa,b399d2add783efac3cddda894abf20257840a7ecaae95af20a88437878365e00,,8a712de5f085e0e30156d7edda8d347207b1a34d84cd716f692a031ef029db51,115
WIKIPEDIA,1464,train_extension,1464,1464,b04c8d1ceb2f5cd4588862100d08de323dccfbaa,27950207ef81ec68ab228a591a24135dd9d89601813de47996fe9f567d20b8e6,,ade0b43ddf377d3fe4646c0698509999143a7f06c62676fe8ab071351098fa16,114
WIKIPEDIA,1465,train_extension,1465,1465,b04c8d1ceb2f5cd4588862100d08de323dccfbaa,00b7d8a5bfe74d1599505493ffaecf8d86844382888c98f0416fc947c10620dd,,0a776ac37297c105423be5334a8dff568f5f286d20721ed64d5e0c8dc638c030,128
WIKIPEDIA,1466,train_extension,1466,1466,b04c8d1ceb2f5cd4588862100d08de323dccfbaa,d517c3e70f5bfa2747e49ea562122a854adaf83a0c8014b9553136ea364e04ac,,b003016df7b8fba00d66e8315603e39edb2173d7e82d1ca996c7e619af975b19,128
WIKIPEDIA,1467,train_extension,1467,1467,b04c8d1ceb2f5cd4588862100d08de323dccfbaa,2660e44dafcddbb798248435d77372b54c344e7a12136d8ee488cc1d17e396bf,,3f3af145ccc42d660567a0f19825232e72d4986baf1aa72b611d892c182cef17,128
WIKIPEDIA,1468,train_extension,1468,1468,b04c8d1ceb2f5cd4588862100d08de323dccfbaa,ff9c9ce51a5a9076794a5c488fa829fbfe386916ae432c51d927806c2d164047,,744a81cceafc85bde95e55e6ceed231b9f6bedb87fc53f5bb63eddcd287478ee,116
WIKIPEDIA,1469,train_extension,1469,1469,b04c8d1ceb2f5cd4588862100d08de323dccfbaa,0fd6a551a7463b4591262e3fc0242cbceb05d1a16b7a0329b9ed598c1686819f,,19d5fc76455d17385968e76dd47772bd7d023209d212ea23f5b772424a9c61f6,128
WIKIPEDIA,1470,train_extension,1470,1470,b04c8d1ceb2f5cd4588862100d08de323dccfbaa,0c2ab530b1dbd9607754fcdf7f28d8f98b20093c9bf48bab99c432a1d661f77c,,c091793abeb52134bc382aaf1b464e038b06c12cecda45df018086a9184d382c,128
WIKIPEDIA,1471,train_extension,1471,1471,b04c8d1ceb2f5cd4588862100d08de323dccfbaa,4c7e9fbad37bc0c28d3092908e226b8fd8b6625c307ae4255ae419ae3b92a92e,,fce872a24b1ab989a7894159a02577608c8178d2e82d26d44f7f399c05ba208c,128
WIKIPEDIA,1472,train_extension,1472,1472,b04c8d1ceb2f5cd4588862100d08de323dccfbaa,5f0de262f0a433f1089d3435aaf6a147bf0938b1608641af26037a77d3091d83,,541b6b9f4aa6ac8a8ccd9f26f941572b0630109478ad62fb4a870a8c187f6ffb,128
WIKIPEDIA,1473,train_extension,1473,1473,b04c8d1ceb2f5cd4588862100d08de323dccfbaa,40dc6197399410571b5993dd67ed2e151a409e975693ee73816630fb7f3dc9c7,,b7f574d8c0ef4a120fc8abd9eb5b25e0d4e2518d429d0d0cbecdf4db2ee737b0,128
WIKIPEDIA,1474,train_extension,1474,1474,b04c8d1ceb2f5cd4588862100d08de323dccfbaa,838defd30d0d4fddfc99757b46c8eda4a70fbb073fc96a77370c50a8bc98f092,,092fc25e489ac32bdf86442622bb5fad7fcf331e2013c9912daa6484215f3ef8,128
WIKIPEDIA,1475,train_extension,1475,1475,b04c8d1ceb2f5cd4588862100d08de323dccfbaa,01d75453f70d63087ff24104be7f9c02c909a12b740e5fd0098ca645642e2c01,,43b6f3effdb84e94ccb65967c66799128708de0ed26fd570900b7e4fcc34b764,128
WIKIPEDIA,1476,train_extension,1476,1476,b04c8d1ceb2f5cd4588862100d08de323dccfbaa,5e8e275c58e079ebe064c70a4266cbccca48b7af96f779ad924fd05ab46b57d9,,99ce15c02f9f79d4a570719df7c23b1bf349313afd54c30ace8b9ef24c5a67c6,128
WIKIPEDIA,1477,train_extension,1477,1477,b04c8d1ceb2f5cd4588862100d08de323dccfbaa,0b144595d68a4a7e5663ad83f5336f523ff69f0da2735d7d7e10a393a4cde65f,,9062ad4da961f8e1fb3b9883f15afc7ae09240b234ca7e54df252ed2328570b2,128
WIKIPEDIA,1478,train_extension,1478,1478,b04c8d1ceb2f5cd4588862100d08de323dccfbaa,1299474bf81f045bc739ed08c01a83fd9c1c92dfbfc3d88c185ba559af5e909b,,5a199924c597dd7f9b05489b693662c1592a77b00d1454db1ddad64f80901a94,128
WIKIPEDIA,1479,train_extension,1479,1479,b04c8d1ceb2f5cd4588862100d08de323dccfbaa,83acb7c1acb9d24b3a218c1a8bd393a302f85032ddef62bfebf282ae752e66c6,,2b37f61aaab53648d84fad98e4ff1d73ab374a9c7c5c755ad7105768d3ca4bc7,128
WIKIPEDIA,1480,train_extension,1480,1480,b04c8d1ceb2f5cd4588862100d08de323dccfbaa,55b78a2365b75ec4e0f6075508d829ffd4aca5d78a7dfee310cfb917cfd16fba,,89a8ebd516e0a3bb853e28fdf9e8440736950611178f1474c80af5c7edb2359f,128
WIKIPEDIA,1481,train_extension,1481,1481,b04c8d1ceb2f5cd4588862100d08de323dccfbaa,8d02b01b8f8210047be5ffdf3756a6a773af0bcab926a8625aff24c8f103b416,,ab4d3cda7351c120319858e502eb320c38f3b596a6950e046b7eb1c797d179e8,128
WIKIPEDIA,1482,train_extension,1482,1482,b04c8d1ceb2f5cd4588862100d08de323dccfbaa,968cd1027f49b58e40cdcce3eb11f4ac374db2f09470e5b915a04213feac44b1,,fc007af41cf402207bb5a27bf840d84519fa3b8232c41db2fd8e7cf1bbeac0fe,128
WIKIPEDIA,1483,train_extension,1483,1483,b04c8d1ceb2f5cd4588862100d08de323dccfbaa,eb8b3a94dbd126ec3fa2c99106268e995cbde19e37b4ebad64bacd9a2daed9ee,,b1930a3e6d1f6fd7879fb798a709e0b459f5fd689ac13b66863385f356e0c36c,128
WIKIPEDIA,1484,train_extension,1484,1484,b04c8d1ceb2f5cd4588862100d08de323dccfbaa,437934244def68b715eb33a9fafa3b30db761ae78da0c450b9e057bb36a973e2,,c1209683710b9dd5d88745061725f87150a017d0307098baefa758fc4a888bee,128
WIKIPEDIA,1485,train_extension,1485,1485,b04c8d1ceb2f5cd4588862100d08de323dccfbaa,39c3ff030482adc3ca55e07255dcc237b0af2bbb992fc93660cb76f466cdfc0e,,eb6d63001b5228db5bc9c47d77ea03fbd4ac2030dba4c7f9d417190ad0c4ca1d,128
WIKIPEDIA,1486,train_extension,1486,1486,b04c8d1ceb2f5cd4588862100d08de323dccfbaa,c40b7edce38795785f001d4907f82e3b7558c8927ef8f1b481c118a90f98b7ec,,3c8a242c280c95011f368003101daa500fa0491a5790a57095ba6ad626a9e265,127
WIKIPEDIA,1487,train_extension,1487,1487,b04c8d1ceb2f5cd4588862100d08de323dccfbaa,efb45000409cadf29cc454c0efe23a0da82d0241e336535959a46dc730e1e915,,ce568d11e5f11944da2332e6ac596d01dc69641b75123cd0a52553a51fc1bbfe,117
WIKIPEDIA,1488,train_extension,1488,1488,b04c8d1ceb2f5cd4588862100d08de323dccfbaa,dbdaf2879f542a68afe22985e10305acce043cb3b90f0e403502688c65d713dc,,81fb0e14b9752da71764c11d6664229f3683bb2ac947b320254cbb3f8295e961,128
WIKIPEDIA,1489,train_extension,1489,1489,b04c8d1ceb2f5cd4588862100d08de323dccfbaa,808ad6cdfffd1ade1637a717552e24b2ed5ad2cfc71cd11f1007816e1cf13318,,634232ec062e1c92892e18b55fd6939123d7ca3f27d542b1fd2a98f420f629d4,128
WIKIPEDIA,1490,train_extension,1490,1490,b04c8d1ceb2f5cd4588862100d08de323dccfbaa,12761558eab7cf12c04e69ed693c44043d33c27d4b1c7ca147bcee3f2c467493,,e91ac5b2f0fa9b6d6c8feae402a63dc1648b68788ee7359eec3e26d88dadebbf,128
WIKIPEDIA,1491,train_extension,1491,1491,b04c8d1ceb2f5cd4588862100d08de323dccfbaa,551d1ad0a83388133df0b2de446d8fd0009184cd1d984d281e6234a3555a57ad,,bd208fa18427493a31529fbebf77049cf6baf2937d90a6f76f47647edf22fe55,128
WIKIPEDIA,1492,train_extension,1492,1492,b04c8d1ceb2f5cd4588862100d08de323dccfbaa,9edc7b654da6c86fd3bc71680d3770a4618c4caf5ed20fae8addd6a6b1233212,,a597acff1274fcac72252333a816337c8b1d47c847d3343704f7349203e58bd0,125
WIKIPEDIA,1493,train_extension,1493,1493,b04c8d1ceb2f5cd4588862100d08de323dccfbaa,c528b555c524de05bb135ae235a79b2daa9a126aaa5d898d146220e417a8547d,,21c5a254b8c6631add494f472000a5e7db046e1d3728916577cf5d40c160d0c0,115
WIKIPEDIA,1494,train_extension,1494,1494,b04c8d1ceb2f5cd4588862100d08de323dccfbaa,358d8fc56e3c531ff32eed0c809f4c230c7e5f42e20c551c72dfb2b92e1b8666,,aad929214ddc954a863d6f6b327f39afbba24f641bfa06edd600d27616d08371,128
WIKIPEDIA,1495,train_extension,1495,1495,b04c8d1ceb2f5cd4588862100d08de323dccfbaa,826ae44b5200b242a3bdee7bae9aa24d8dd7bcf129f314d8a27d4d55e8e7b85b,,f0124695b07123cc5204af33c90214b31d62925ced5819fef884f5cf6c2e90f3,128
WIKIPEDIA,1496,train_extension,1496,1496,b04c8d1ceb2f5cd4588862100d08de323dccfbaa,1b6a75b9c9c15b580893be49a32204d56064dd74b7bc1386007035e51d7cdc8a,,82e8a110e4998b56438d54706b36cbdf60d30cd05f93d30baeedf431a8b1058f,128
WIKIPEDIA,1497,train_extension,1497,1497,b04c8d1ceb2f5cd4588862100d08de323dccfbaa,2b8ce6d7d54d704473ce9594e4256ddc0576ec91aa9fa1acefb5d8fc96d57a4f,,c2287669e4b1d20d3e14d68edca088c39351585230e0e0e9a0c90d0edf10083f,128
WIKIPEDIA,1498,train_extension,1498,1498,b04c8d1ceb2f5cd4588862100d08de323dccfbaa,1db3afbeea992d660f0533ece1107fe9b969f4eaa9af52cf83905b100e324f3f,,bc4d1de46f5ae625658f8b077637a87a5e7c9947b54b0d7c3f055e5c5b3d1c39,128
WIKIPEDIA,1499,train_extension,1499,1499,b04c8d1ceb2f5cd4588862100d08de323dccfbaa,417bae1e1283dd3238d2996092b5eb28db615c82433aac47ee85d0f8bdf181a1,,380430accfae55b245a97516ff2deb162196044079b842237b5e1a8fbbf4e677,128
WIKIPEDIA,1500,train_extension,1500,1500,b04c8d1ceb2f5cd4588862100d08de323dccfbaa,494b95a92d9b279ac4456e2f2e417adb385faa28c66798d5b8729abc7a188b76,,b823eace43fd41fe898b775b7e6fa1f8709acdb661bb6b55a6e6bec03de72d23,128
WIKIPEDIA,1501,train_extension,1501,1501,b04c8d1ceb2f5cd4588862100d08de323dccfbaa,50987d0e5018bb0864eef0e56b8a6634e4e25e54b0c79d6fed43cf240efdb37c,,6de7a45cd52dda1ff6f75016a5171c1f12a3c9f95cde63c19251f9bcdc7038d4,128
WIKIPEDIA,1502,train_extension,1502,1502,b04c8d1ceb2f5cd4588862100d08de323dccfbaa,5cf2e99157c62dce47c17ce32b07f3548e50805c92b4150f7e4a3c85c205a465,,21f0eea402002efe15335766518cbf794e26a218c7c46401cc4e3fb16da2f20a,128
WIKIPEDIA,1503,train_extension,1503,1503,b04c8d1ceb2f5cd4588862100d08de323dccfbaa,17770978a127ce2eed5479fbbeb81b83511543837684ffbb01ecde3538328106,,3e325180005e1992c42ccee065e08060cecf1c2607f05ce5a44b2e8485e16e6e,128
WIKIPEDIA,1504,train_extension,1504,1504,b04c8d1ceb2f5cd4588862100d08de323dccfbaa,154cf87e33aa634f182e335c68fb52b9399df8927850c77d11d03debf5d9c210,,99b32942d83b79c724824f7e2c517e856e8dd659da26ec7894513c2f8b25ce3b,128
WIKIPEDIA,1505,train_extension,1505,1505,b04c8d1ceb2f5cd4588862100d08de323dccfbaa,b1db9e70811bdce2a5977f572a949913d543e16baac1ee166940a41c40aae20c,,8bbb38b60a32e75926144fa49d4605f104b31935d0d5069c4654ac48ec504453,128
WIKIPEDIA,1506,train_extension,1506,1506,b04c8d1ceb2f5cd4588862100d08de323dccfbaa,ae10abd2ddfa10de70a008119b5b7b1f50f1f1b12a5f905f82c47e8cd811dfae,,faccd7d05fd22ece1f5803456d09d588752f1531ff416e289e3f79485565dd3d,128
WIKIPEDIA,1507,train_extension,1507,1507,b04c8d1ceb2f5cd4588862100d08de323dccfbaa,b1e65c9934d000b9834e1f65a140aa0f68ec3a8db4f60f1f18c5514c8f185a61,,16b37141a806601f918fe8d7cb891e9f99049b5991d1292a90a8ac796ae61817,128
WIKIPEDIA,1508,train_extension,1508,1508,b04c8d1ceb2f5cd4588862100d08de323dccfbaa,f359984b2224fec3db55bd35b2b0104be7695d22d0ed75237f535b1b1f28a8c5,,5fc1defac2489018cf373504ffebd05d18534a4b76f81d3e587b17ce2c173008,128
WIKIPEDIA,1509,train_extension,1509,1509,b04c8d1ceb2f5cd4588862100d08de323dccfbaa,8276c4d57419d57569489d063f3b56dbb183deae2b8a9a47d03db4ffc93a7c70,,fe83f259012a5ad12cd8d7b686f8b92dd5c6188ce3da9499e9c2eb60db39f3ba,128
WIKIPEDIA,1510,train_extension,1510,1510,b04c8d1ceb2f5cd4588862100d08de323dccfbaa,38392807d8e479138276777daf7b22727ac98c2d9c676d2b3decc014743b4a77,,71f8153022478384092b3f53be6e4345f7b491e1db4a62c4e803690a33f96855,128
WIKIPEDIA,1511,train_extension,1511,1511,b04c8d1ceb2f5cd4588862100d08de323dccfbaa,0ff33c7df06ddf790c7df586f53d345a4556be77443532c3db6dca803e20b842,,39bc0d71ca06b8a95eccc08d9c7e55690546ce5d9875261599f53a14bc00b490,128
WIKIPEDIA,1512,train_extension,1512,1512,b04c8d1ceb2f5cd4588862100d08de323dccfbaa,659975e5b143b9e021a3f6da7291bc4987fee11fc7dc2c3fae94f91d3ea28f0b,,efdd041be6d81e1c64ebbceada3f7843f7fd6a846dfb08cb5b97890b51cad7a2,128
WIKIPEDIA,1513,train_extension,1513,1513,b04c8d1ceb2f5cd4588862100d08de323dccfbaa,fce88a4307472f9bebedb035ae6c500d6fed6fa44a3873ba9b34fa5f31bf9a4f,,a02ea5f2d4b66e11f877f3ef8115ffafa10feaba1012cd22bfc670e8907a871d,128
WIKIPEDIA,1514,train_extension,1514,1514,b04c8d1ceb2f5cd4588862100d08de323dccfbaa,cb02f0230a69b6a9151cb4757ae1bd7d26609f871f28c21b9241987486a9118e,,327ced5a85ebe86452db3c40703acc84cfae7a81a663c4f697cd713016ed9720,128
WIKIPEDIA,1515,train_extension,1515,1515,b04c8d1ceb2f5cd4588862100d08de323dccfbaa,d87b930e04fbd38daaca2b77d161cede86ca1b6284cb43237983ee85b2384e1a,,e2432259e726376d129b81546035bfaf769dd401239388f1cc8c6182e24033b3,128
WIKIPEDIA,1516,train_extension,1516,1516,b04c8d1ceb2f5cd4588862100d08de323dccfbaa,10f90a390b22d12bc72248311894ae7641ea0c31ef9a95b1d8c85ead47220668,,347e090ecc3458e1b425dd7da0485482b53bf3a359b68edb1f1b90c56fdf15d6,128
WIKIPEDIA,1517,train_extension,1517,1517,b04c8d1ceb2f5cd4588862100d08de323dccfbaa,9393f24992ce6ebb5eee9464fb4b39ed3be5f61712974863230ba12918b0c215,,f1eac836d275f3da3ec2506e43371afbdaee648f36dad28cfbc0ae5248a7def2,128
WIKIPEDIA,1518,train_extension,1518,1518,b04c8d1ceb2f5cd4588862100d08de323dccfbaa,bc8173f76076a6692ce934815f22d9b8176dacbe620095f7197136647ca6668a,,8041f595ce3e380d8aa3a141b64316d3dc67037277be9869aab7dced259d75d1,128
WIKIPEDIA,1519,train_extension,1519,1519,b04c8d1ceb2f5cd4588862100d08de323dccfbaa,92c084136226ff36233f63f343a9ba98fc1cd06a179e4a55b1a7b2625de57501,,492d588567ec7935f2c3f0a64d37fa6d655061f644198d5bd83e4791d9536b5a,128
WIKIPEDIA,1520,train_extension,1520,1520,b04c8d1ceb2f5cd4588862100d08de323dccfbaa,7fb4f267eced77f8938e59dc5453fd468710085d82e6548ee5d64aaec16e6afd,,dd9f224e7385b5b0960abfdaaabd1ef7367bbceb06a3bf6fcb5c9021df04bbef,128
WIKIPEDIA,1521,train_extension,1521,1521,b04c8d1ceb2f5cd4588862100d08de323dccfbaa,36c174016e3e21c9da07bb49a81395fa86091b8836a3a4302c93c42feea6988a,,0a1e2cf4f48528f04b130363656758bcaeb8158fbb15b924382127e0272f51be,128
WIKIPEDIA,1522,train_extension,1522,1522,b04c8d1ceb2f5cd4588862100d08de323dccfbaa,0202b1e9b05e8b3b2e62c3da12bd60635ec6adce15393b3fbc37b7d494c4974f,,855752ef9176fab0c58bad9da2e97b32f275e957fd87b376d9470dfc3449330f,125
WIKIPEDIA,1523,train_extension,1523,1523,b04c8d1ceb2f5cd4588862100d08de323dccfbaa,5b4f10df0ab1986d98e7b1315de40a78dc0427e7c7759f9228d15f22147437cf,,13959dd5eac7f4b51690904ac24c5dc538971741d27909f76eebce852cee7b9e,128
WIKIPEDIA,1524,train_extension,1524,1524,b04c8d1ceb2f5cd4588862100d08de323dccfbaa,d3b08c14b708caa44fe329a945a4f4911a6cc7965409d37e35666500008c4a3c,,c2411bcd2cf63bcf8317c87ab90f4af11b6695cf57043270f49fd33470eda6e9,128
WIKIPEDIA,1525,train_extension,1525,1525,b04c8d1ceb2f5cd4588862100d08de323dccfbaa,a22e65b02564427edf4f1cada5a3e22537239d0f7b745055426e4a0363079468,,037b4c70e34cf06b80c485d6e9b60d0ce8998a715a878a071b4e1b6e1877abdf,84
WIKIPEDIA,1526,train_extension,1526,1526,b04c8d1ceb2f5cd4588862100d08de323dccfbaa,a7b3b1c34ad03c97a980f862a70a092a23587ad52cfd3869d18edc94907d4f49,,f8cb267c92ae4a4bfdb4e00e1eea4b6bab5a6c0ba8d248278c3a5b6b54ceac57,128
WIKIPEDIA,1527,train_extension,1527,1527,b04c8d1ceb2f5cd4588862100d08de323dccfbaa,f517cbd441194b6a98fa0b69a12ea3ba48951be0aab62de5f60853e98f4b5642,,ac57b38c9d95800c7a8a02d75d1c72d37aa4aad1fe9b1767f97213882101c564,128
WIKIPEDIA,1528,train_extension,1528,1528,b04c8d1ceb2f5cd4588862100d08de323dccfbaa,50d94858f88479252f4684530f4c43752aa982674b6c027652404a887f338790,,b92dddb08b54eb735f85442329e992617bfa922b99fb075e825c9208199586e6,128
WIKIPEDIA,1529,train_extension,1529,1529,b04c8d1ceb2f5cd4588862100d08de323dccfbaa,caa157b181a4f386b185a804f34f9a5d0da5de4dd07751402c426c9f285e63b5,,e1f0991e22a09874a6b46f903c78a5cc4d2cea14290ff25832380cf4edfb1794,128
WIKIPEDIA,1530,train_extension,1530,1530,b04c8d1ceb2f5cd4588862100d08de323dccfbaa,2a2599469c91460ae4fa6af92e335b6c91f16065a2735da4aff1986d29887dc3,,2461cb9dee3381137176e4c00b606c69959acc8b5379627bee705af1e7360e38,128
WIKIPEDIA,1531,train_extension,1531,1531,b04c8d1ceb2f5cd4588862100d08de323dccfbaa,674a5a5737054e2c3a361a6375c11f2c3a4ebedfbbe3f033519abe103ca36c92,,664c0e8158be6244a588be6d0e7ba03dad8f9b2a4528556c7ce8c8d871d925aa,128
WIKIPEDIA,1532,train_extension,1532,1532,b04c8d1ceb2f5cd4588862100d08de323dccfbaa,2d22e2bac9f4d135bd7a6a5be90c42671666f70291a70cbc004525b727a7e7e0,,efe730bfc4fae372b2511f85aad9d085bceedfa7bc7c4b18f18fec09ff69edf4,128
WIKIPEDIA,1533,train_extension,1533,1533,b04c8d1ceb2f5cd4588862100d08de323dccfbaa,6012664b820d29a1a311f9dbc9eb7442218225e007287e2511cdc359d72cfdfc,,af0a9036660a63dd33cebe8e27a522bae8e05e844b6257f27d8fa57ae0b916e0,128
WIKIPEDIA,1534,train_extension,1534,1534,b04c8d1ceb2f5cd4588862100d08de323dccfbaa,d2c41a485199e42f8e019bab3fad0893957b4d3c761f13f883b6edb45d85388c,,7b7fa270441000d4bd349b62d0b79151b14a575ab2001109451ad0db19f14229,128
WIKIPEDIA,1535,train_extension,1535,1535,b04c8d1ceb2f5cd4588862100d08de323dccfbaa,e380e78f339298d7e3d4609d397203ae44fc676227e8653548ce17290204e072,,1691c67b972aec601f30b2f071ff9fa7808fe115022446616f5783b5e41874de,128
WIKIPEDIA,1536,train_extension,1536,1536,b04c8d1ceb2f5cd4588862100d08de323dccfbaa,3f06dbeaf525dff305966820fd08902821027557de3c0b0244f9dd08a3722a91,,9c720503dcb412898937b14df99d2831869689a0717d178d2bd26a79b75c96e4,128
WIKIPEDIA,1537,train_extension,1537,1537,b04c8d1ceb2f5cd4588862100d08de323dccfbaa,4e4258949f9f49cc7eb00ac8fe1d0c3337e274b0b1277c6d3b45d67edda222e6,,7c790ee704d3ca01887aa12f871fbb653ff4d203931c5d1ac592694cfd266fd2,128
WIKIPEDIA,1538,train_extension,1538,1538,b04c8d1ceb2f5cd4588862100d08de323dccfbaa,92b670228aaa77aa04b40fdd981d7575220a27b07e682c216d22dc6a2bac0025,,66d4cc6e652b2c076d10bee7bb5928b76c756ed9dd253c88fe38d4465f0542da,128
WIKIPEDIA,1539,train_extension,1539,1539,b04c8d1ceb2f5cd4588862100d08de323dccfbaa,47518944b503df3910b1ba3126c3bd6e8d99188be3ced53380013a2a041a3e34,,57c56ee1672de82e7bc7b986a9f149c3f19f63c9331a8e810b39f36ace160a6d,128
WIKIPEDIA,1540,train_extension,1540,1540,b04c8d1ceb2f5cd4588862100d08de323dccfbaa,9c2ef28e65b127893f7577e5e24172482ef13df68cf641e81a64408ad548e0b1,,37c78971d4e1c2f2c7219df6b7fb651c3360b978526c30a2146d4fe1ad29c967,128
WIKIPEDIA,1541,train_extension,1541,1541,b04c8d1ceb2f5cd4588862100d08de323dccfbaa,2f7aecd77b03d6f52ccf7c6a478421abc3d568370e6c3b5556eeb6426fb4c61a,,b5dd14414037ef3806a74cfc762a2b193d0a858bc35d58ece0614aca3b1a6ba9,128
WIKIPEDIA,1542,train_extension,1542,1542,b04c8d1ceb2f5cd4588862100d08de323dccfbaa,94649d8a4cf9ecff9dd94cead0f308f23ae7deb5821356f16be871e23c47749d,,ed0751c0bf39eccf93c8f3c5c74a79df873daf934363ff9729f49877f6589a47,128
WIKIPEDIA,1543,train_extension,1543,1543,b04c8d1ceb2f5cd4588862100d08de323dccfbaa,b50e4c18a806ca8e15ede3348ea1bacb506083e5d5d210b1f7e24b93582f8667,,a738fe781faf7e4014b3b1ef5bab611441cf5a1b7340f08e4047e9d611b4c687,128
WIKIPEDIA,1544,train_extension,1544,1544,b04c8d1ceb2f5cd4588862100d08de323dccfbaa,1deccb98c993951bada8ba9702e5d405346ae5eebd8b404d5b64673a246953b4,,35fe9a0a1bc652f0e83418f05f533ba2f40ca3d428dacc00fd703bf48195409f,128
WIKIPEDIA,1545,train_extension,1545,1545,b04c8d1ceb2f5cd4588862100d08de323dccfbaa,ff13b276c4b006d10f147414f6fa593aacadac3b09cc75eff7845b2f2359dab9,,97f7f5d51914e9987a0a81de7a33cff73566e5d092047cb740992ad1c2482862,128
WIKIPEDIA,1546,train_extension,1546,1546,b04c8d1ceb2f5cd4588862100d08de323dccfbaa,7a171b3b44ad5818b5a46fa89020ae08ad767a00c4a9cba02c0e9697049c4482,,e72b1a8e18b6fa6dd5075e431cf800c7408d429682fa33f93e5e7a191473495e,128
WIKIPEDIA,1547,train_extension,1547,1547,b04c8d1ceb2f5cd4588862100d08de323dccfbaa,5a4025edacd48c0bf4979e7438295ec347dc7a8201a13c9a574b7a6ee786e034,,da499a8bb1355d9e29f5803b51ea9963461f98dbc7fd940e35934dad024acbea,128
WIKIPEDIA,1548,train_extension,1548,1548,b04c8d1ceb2f5cd4588862100d08de323dccfbaa,8de0af9375310848a7b04528e3a9e473c4167376cf49459ed3e26cc36548bd20,,f5ff498e3ecc60188df69500ae115941b7348db807b2a167dc92873196abbd47,128
WIKIPEDIA,1549,train_extension,1549,1549,b04c8d1ceb2f5cd4588862100d08de323dccfbaa,0b6e081e96242343b371570b7a071e8441b4fb0f35cffd4638c91303189b1168,,1ce8efbf6a77361eae8722e1121d3ed60ce7131d8988a9557057343c7c7e4588,128
WIKIPEDIA,1550,train_extension,1550,1550,b04c8d1ceb2f5cd4588862100d08de323dccfbaa,f7eb2c66c1243aaf816038fd51d295cf59c7fd17a0cde723e579bd55b235fde1,,13325b2e4e95e5c84e44e43109b95a3f6f6e1fa4b72e5fddbbad335f3b659b96,128
WIKIPEDIA,1551,train_extension,1551,1551,b04c8d1ceb2f5cd4588862100d08de323dccfbaa,4751ff2ffc962d368366002ec8aebad34d50f4bddb504e6340b1d38bf636403a,,a764e0d1bc6da141408f651f1cf9b1e47172ef13483ab8b98829d782a4bc2ba3,128
WIKIPEDIA,1552,train_extension,1552,1552,b04c8d1ceb2f5cd4588862100d08de323dccfbaa,a805c183d8a5fed6b0cb43e7fad222ac75e37434572078d625bf69c53db507c8,,ef30d908409dd30de6230976749f4ad81a7bda41bf16204010b4cf70f3a63ab8,128
WIKIPEDIA,1553,train_extension,1553,1553,b04c8d1ceb2f5cd4588862100d08de323dccfbaa,18274a670f0567d454f8f2ddbdd08229ddde8e0d39fb31bb7b0e460185c5ecba,,cd2e68555c018aee10e31cf987e61e1d2561d968963edd5e4d9f1cf7f3760c9e,128
WIKIPEDIA,1554,train_extension,1554,1554,b04c8d1ceb2f5cd4588862100d08de323dccfbaa,37cb145052a4f4107cb2b127f3fe9b12dd903daa4d1f503a70afae37ded9c814,,cf92aa93321285d53a3f011c934b2b7f3bcae5979285025bec1be463b39100de,128
WIKIPEDIA,1555,train_extension,1555,1555,b04c8d1ceb2f5cd4588862100d08de323dccfbaa,70dc4ef7b1964f167cf7f501522e0329e8c13cb493d855ff3df8bdb1eeed52ad,,ae8ddd20cc65e8f0dacd289c468cf654fe329d19d5e10082f1801a3f31bd2988,128
WIKIPEDIA,1556,train_extension,1556,1556,b04c8d1ceb2f5cd4588862100d08de323dccfbaa,20a37863ea4da733fdc89a1b1949d63d18f6ba0c488111c850cbb453148e1d12,,12a0c37e368fbae0fc7290c380cc5e4d344cdc2d6e282db17807a276aab84d25,128
WIKIPEDIA,1557,train_extension,1557,1557,b04c8d1ceb2f5cd4588862100d08de323dccfbaa,4e29abf337e6be21f30500444eb783551390ac9bfe6a4ff970029dc6cd0aa0a7,,00f7edd16326dfe0f77c823d736e10e331bf4b5f4caa89a5e0c2574d102e1082,128
WIKIPEDIA,1558,train_extension,1558,1558,b04c8d1ceb2f5cd4588862100d08de323dccfbaa,8c59a3a0b36a6e48e4942d26ab54d23b9d5b0d1fc084d6edeb60cbcd57332cbb,,45a027d31b035a2b8db41be5ee9f2593506a319bb98d4fb68117da68026dec46,128
WIKIPEDIA,1559,train_extension,1559,1559,b04c8d1ceb2f5cd4588862100d08de323dccfbaa,efc3b28eb029dc3ef11f1da2a1114c77dbce392f5909e933206a221301bf1482,,c633d1d80869fb7a77e9dd2eba303de719a1e1ac733ebf97fbae5c6fc5879399,128
WIKIPEDIA,1560,train_extension,1560,1560,b04c8d1ceb2f5cd4588862100d08de323dccfbaa,6e417ff6a72b625b83a06c03235037146db105e057b82d9f35271a450b3c8a64,,6c96dd9106d365231ecc7af04de97a1b9ec3ec9ba944d7e9c4b049240f3597e2,128
WIKIPEDIA,1561,train_extension,1561,1561,b04c8d1ceb2f5cd4588862100d08de323dccfbaa,74d41c4c52695a881301285fee304caf0b3c33ad078d01744e3d7dfcac40d062,,522997dc906dfd66f69a87390d76f0bce2d77a49ece2a661452b36a00db0b67c,128
WIKIPEDIA,1562,train_extension,1562,1562,b04c8d1ceb2f5cd4588862100d08de323dccfbaa,d3da7afa624f56ec79f5612761dbc52d07ae4401764ae296aaab998e1348111f,,ce5cae2e06f1335fb4aaf8c005359a074ef136ec58d0e7cd6132741044e78b7e,128
WIKIPEDIA,1563,train_extension,1563,1563,b04c8d1ceb2f5cd4588862100d08de323dccfbaa,ecfe206dae0629df4a8ef615a75f8644e27310815e76f784846f0a4a1f030612,,7f49b4d24df52ef7e67fadd36f95c15e56f91bab9fe8d1828fde674157455dfc,128
WIKIPEDIA,1564,train_extension,1564,1564,b04c8d1ceb2f5cd4588862100d08de323dccfbaa,68fac64b474e67044da15423ccf8aaf9c2111108ac8c8fd745813ae06c37577b,,afdec595a2cba9c9545fdf36e6b1905197a6c2efdb91ecf358d66fbafc788535,115
WIKIPEDIA,1565,train_extension,1565,1565,b04c8d1ceb2f5cd4588862100d08de323dccfbaa,12de43a59dd567d4f499631f5b8eac504f7da92b7b24d55805a75a952f526f6b,,e6a635aa13626ed73db02456c12c6074fb733891a0b74a3e52894ec73bd71cf9,128
WIKIPEDIA,1566,train_extension,1566,1566,b04c8d1ceb2f5cd4588862100d08de323dccfbaa,2ad2a0b3613b235f5a8b32325b2e2eae760dbb003130080796f0f1a4fd1a1108,,a2b00ada54a8371ec7e1e98c038aa2a75e831830c40ad91e3be132e7baf0f5b7,128
WIKIPEDIA,1567,train_extension,1567,1567,b04c8d1ceb2f5cd4588862100d08de323dccfbaa,b281cc5dd0390f5321da57d2722fc64f6d25dffaa7a8e7076ecbd4e264e2f7e6,,c1936f60ff65ae2cebcc9ba81d1ea8cde79be0f2f2c3310a64bcc700035b4a04,128
WIKIPEDIA,1568,train_extension,1568,1568,b04c8d1ceb2f5cd4588862100d08de323dccfbaa,c7f47303f8ddc4b2da63b8cd9029c628bedb16dc53dfbea94f981d676e1786c6,,4fac7ac1b588e847f44e311d7841d2931299e2946b028b27e68bcbc27c21a5a2,128
WIKIPEDIA,1569,train_extension,1569,1569,b04c8d1ceb2f5cd4588862100d08de323dccfbaa,6409371829eafa36bf8e87ddc58ea06f816d4b55443e8f4632407612fb67b36a,,467357454d7a2e6697adf95904da177d7199a2ebdf53eca6f476bc2f7c0d6b1a,128
WIKIPEDIA,1570,train_extension,1570,1570,b04c8d1ceb2f5cd4588862100d08de323dccfbaa,ce6e1b67e4c1e4dec0305146e24de8cf5cf81e2354d4c2ccb92801afefff68b8,,26bbbc6ae06853dc710bb979d71085fc9dcef61f6086dd4db62f0023991c2400,128
WIKIPEDIA,1571,train_extension,1571,1571,b04c8d1ceb2f5cd4588862100d08de323dccfbaa,e2dffff9b17d2926fd498f9ae9d5eb08354a42440352af80af514f0999a3841e,,b528a21e46d7031f25e3b4e167adbe0d9e96de890868cbbf672df80301a4335e,128
WIKIPEDIA,1572,train_extension,1572,1572,b04c8d1ceb2f5cd4588862100d08de323dccfbaa,982013666168eb0bee621956897a1cae0343359ba2b44eaa707a7995012235c1,,2cbd5b749f141fad1e2979881be01787d05248f68aa351857f044319ad1779d3,128
WIKIPEDIA,1573,train_extension,1573,1573,b04c8d1ceb2f5cd4588862100d08de323dccfbaa,0f630945436d9c43e8b6b01e55a73dc66070f78278838c23ad68675815f9478f,,8f48e898689c5a6425809b13d54049e8265eab74abf4bc24413010c868cec95e,128
WIKIPEDIA,1574,train_extension,1574,1574,b04c8d1ceb2f5cd4588862100d08de323dccfbaa,78f9878ad89840a950908d0bc0d73fd59cc25d3194fcbeb7bd23fc5479d63874,,56cfd5ea33bbc197cb42b101717603326974a9e70548f80d3282ff67209a1b71,125
WIKIPEDIA,1575,train_extension,1575,1575,b04c8d1ceb2f5cd4588862100d08de323dccfbaa,db8f16ff7bb01157f78f07632fd201466bcaa20aad31cdcb508db1c78a7df446,,7df02f00373f5a9b2a5e78e85c376a1eeaaa72eda060c151a98d9ab719c24711,124
WIKIPEDIA,1576,train_extension,1576,1576,b04c8d1ceb2f5cd4588862100d08de323dccfbaa,9e13f63fce5ede7ca37ca0cbf47e522d8113f7855615e0a72a25b2c1a05e65d8,,d9557b427617f09b3742a7b74467a8cd07983c1eecf6027c3434012d7f2a4571,128
WIKIPEDIA,1577,train_extension,1577,1577,b04c8d1ceb2f5cd4588862100d08de323dccfbaa,267167eeb08f0b54e4ac6e99543100b57ef54c643e89192da2b6f7830c69faac,,f3a2e41af62c49ba74dae45378aeeedf0dd9dae2bd42754c56d6de554e8741e8,128
WIKIPEDIA,1578,train_extension,1578,1578,b04c8d1ceb2f5cd4588862100d08de323dccfbaa,34a23d1b592ca4c5fee313e1f69c14cd2e1a0eace0a2c26481aba51c7f7a373b,,79a316f4a453a5fb62b127dde1d92c95d2a0ee7d6ab36fd6e75173541bc5209d,128
WIKIPEDIA,1579,train_extension,1579,1579,b04c8d1ceb2f5cd4588862100d08de323dccfbaa,e4114b1b6ce49e97978c30d270220b3141b5722af1779c3a6bc10a71ceade135,,6577ef30064ea6550ea1023eea1cf1981a2d606bf406f696116eda2d1253c712,128
WIKIPEDIA,1580,train_extension,1580,1580,b04c8d1ceb2f5cd4588862100d08de323dccfbaa,79a41ced2ff941ffe8699da4ee6b1c85015a35b0d1092803e094145fa2229e36,,384b9551baae2a68d8c3cfcfb3af1f7a5eda9e59f7a9398a4faf2e1721b7904f,128
WIKIPEDIA,1581,train_extension,1581,1581,b04c8d1ceb2f5cd4588862100d08de323dccfbaa,62d0488defc258a899100642a21c781df66a506e8a079ae788903873c2de2975,,2f4bb54bdbec78270ac4cebde97347eceac045946df959d69a65c1ab32fd2afe,128
WIKIPEDIA,1582,train_extension,1582,1582,b04c8d1ceb2f5cd4588862100d08de323dccfbaa,eb1e02e3df228c94a14664dfe0adbc8030df415cab8be4c13f215118b9b74eda,,e73eda4fad40280f0eea8ea9d2378d7ef9063b253484baa697171148d00b8ad5,127
WIKIPEDIA,1583,train_extension,1583,1583,b04c8d1ceb2f5cd4588862100d08de323dccfbaa,e760c22448b18abeb108c6e146c3bd14a5bd35c957733a37cf8129df5b30d4b3,,757e27d920cb5bba3e06c3ac19129126ddb78fb86e662f8be5d1bc91012b24d3,128
WIKIPEDIA,1584,train_extension,1584,1584,b04c8d1ceb2f5cd4588862100d08de323dccfbaa,579f450f98c67e2409e79fde7d19deb172ce76288dfef4e051df959c95769141,,da9c2bec3481f04f5b499f7cffbe9d387ae7d50d82cecb22d076b345313a24a3,124
WIKIPEDIA,1585,train_extension,1585,1585,b04c8d1ceb2f5cd4588862100d08de323dccfbaa,21b74baffbe62dc2bc800141e3b23752e1d07c1ade615791eb4c8bbf44242c32,,92ba905fc6b968780fd4b228cabe9d67a0e188b933c3ea1c676435169d3557a5,125
WIKIPEDIA,1586,train_extension,1586,1586,b04c8d1ceb2f5cd4588862100d08de323dccfbaa,781c1860b7978b216141a47034e5a6e09a01ea0b665e5ec56958241610ef4784,,e9c33aba5dd8acb823eeb1baaeadba38dd9d3305828669b74829e3b96029c3b4,128
WIKIPEDIA,1587,train_extension,1587,1587,b04c8d1ceb2f5cd4588862100d08de323dccfbaa,50a9c5af27f0ff8d79cb1b1fd8ce158de25fd8e5aa9679eaa3e25846468fcb53,,051e107eb414dc4f49944729589100a14752e8f9284fe44381a37a0734c3e108,128
WIKIPEDIA,1588,train_extension,1588,1588,b04c8d1ceb2f5cd4588862100d08de323dccfbaa,4b4e6289fb069bfe4e1c26f82306926ba6e6bf1c607370dd4d8a51e5cb239208,,70d0479717df51af7c47ca0fdad0fdb2a084556069e8afbfa7a062dc499caac7,113
WIKIPEDIA,1589,train_extension,1589,1589,b04c8d1ceb2f5cd4588862100d08de323dccfbaa,1cd4296ce37207901c6a70b5f4f50d7d9410286f01f25ad03ac145b9c4e904af,,96d7edea03ad2214fc9bda3cdb52789ed3b7cbe1305c41ca6f32a6020ac4d9fb,125
WIKIPEDIA,1590,train_extension,1590,1590,b04c8d1ceb2f5cd4588862100d08de323dccfbaa,e658aef5955a0039322f463cf79d9b9825c1fbb80bb2dd50752620a8f6107675,,e20e17bcc8d7593e3ea2833914bd946d8e5bcc3c8c545bfb6bf64eeeaaa89097,128
WIKIPEDIA,1591,train_extension,1591,1591,b04c8d1ceb2f5cd4588862100d08de323dccfbaa,2e60063d03d5de4f6f20f4dd5d64bb25c48b2116b920ef4f78340c92fa66bb9a,,f29209fcb2c18528d22a6d01dde6207c047d15d9c02a65cd0451ba3636d5fe6f,128
WIKIPEDIA,1592,train_extension,1592,1592,b04c8d1ceb2f5cd4588862100d08de323dccfbaa,09579fd7bed088159de67a3c6d9d374019a870d8776b168e34d11b708ff6c690,,09154478c0c4cefa82409592007b99b9536d4b278f1f1ee86208f752ef98803b,128
WIKIPEDIA,1593,train_extension,1593,1593,b04c8d1ceb2f5cd4588862100d08de323dccfbaa,c05c33ba61ae2fd8d0419f9473e05638644d32891a243310f04dd33b3835508a,,32ef333d919e100cefe5b3610982f50c5871237ae8e7323be3ad5ef0c1bf0eef,128
WIKIPEDIA,1594,train_extension,1594,1594,b04c8d1ceb2f5cd4588862100d08de323dccfbaa,988a81ecac4f3b5c532afadde5043dd4b60499b4582d0091ca07d6b97161b1c1,,010b5aae6612ebaf849a683e7e914bfe41aca82f33d85b83f5b32f87630a20b5,128
WIKIPEDIA,1595,train_extension,1595,1595,b04c8d1ceb2f5cd4588862100d08de323dccfbaa,d6f16b5aa61007495c0e229de55d517565cf1e3e7a1ef8a8dd4101066ff4571a,,f76be2061ade16488479ab1366e9324d3ac413a884f1a7bc23bf349cba76c438,128
WIKIPEDIA,1596,train_extension,1596,1596,b04c8d1ceb2f5cd4588862100d08de323dccfbaa,25742b049646a706cae5666ea13a28693200a4a829717a2fba988703dd1742f6,,7ebafaf098b5e72f8fd1a55bcf0416e49db1da219cdc637fcfe7f9c7bdc34445,128
WIKIPEDIA,1597,train_extension,1597,1597,b04c8d1ceb2f5cd4588862100d08de323dccfbaa,12d6b959ed17a60bb2538ad44afbfe43dcd9a604077b3a37da1e2a1aee6c14bd,,70b434a917789037b0428b573e2ff737370ed1e15335d5c17d359d9128439c38,128
WIKIPEDIA,1598,train_extension,1598,1598,b04c8d1ceb2f5cd4588862100d08de323dccfbaa,fccf173c51494576d0b353672d00a79b1cda8211619b485cb5db161731c33892,,7915497f740d17fe6b9e12c317625071be59512dd42f4b74176bf10b4ba40a30,128
WIKIPEDIA,1599,train_extension,1599,1599,b04c8d1ceb2f5cd4588862100d08de323dccfbaa,813bdfe85e8f559e5e34d75cbdcc80e72678b0d77d9e7a1e6ef29cf888bb1b0c,,85fd10016a1c0410e623e36d0af8c6dc9e48bb975899751d4d5a5d40bd888bd6,128
WIKIPEDIA,1600,train_extension,1600,1600,b04c8d1ceb2f5cd4588862100d08de323dccfbaa,33c26e92f145a0612711392288452dcb53bbd76be8c67beba61f0ed592147508,,61de37e8a263692c5996728e3322f2f323f846479969fa7e79dfd520cf4eb21f,128
WIKIPEDIA,1601,train_extension,1601,1601,b04c8d1ceb2f5cd4588862100d08de323dccfbaa,dfaeb4e6b5e419869246fce49ae855fa0c7594878c335308079e4aed425ae9f8,,5b34c447aeed375f0bc4b1512f7480f0661ce5079db26d58b2db5fba2f87a82a,128
WIKIPEDIA,1602,train_extension,1602,1602,b04c8d1ceb2f5cd4588862100d08de323dccfbaa,773d49afa75d97ab610075eaf8f297fdb59ac2b40b07c91c0575c16205fc9988,,ab700e3bfd484e710b2760954b935a1a9a459956701ef4f9960a9d927f528503,128
WIKIPEDIA,1603,train_extension,1603,1603,b04c8d1ceb2f5cd4588862100d08de323dccfbaa,c1f01eb5d8e5084facf1bf648c7b9ae97cd69564f323e1838233e478bf448ff6,,b06a6981d7508d414d685afd832d8d60cf6eb8bd6cb1f533300d1b38648d6852,128
WIKIPEDIA,1604,train_extension,1604,1604,b04c8d1ceb2f5cd4588862100d08de323dccfbaa,a58e9e4c22f65a98463826e66619728de1f6442c54abe5adce7f6403bcb8f71f,,48abc408fbc2431d74201d9180fcddfd43730b6a2a6dfcd81b1dc13f4145d442,128
WIKIPEDIA,1605,train_extension,1605,1605,b04c8d1ceb2f5cd4588862100d08de323dccfbaa,822b60aa1f8f7a5d1b921dd4148d50d1c6345e9c9f1e70bd63e4dd40760300d8,,034d48221beabd1f80bf19699bbd54921ca216d2e342326ba11ea78008430a17,117
WIKIPEDIA,1606,train_extension,1606,1606,b04c8d1ceb2f5cd4588862100d08de323dccfbaa,122f0aa5edf5b345b480dc67a9ad699173b033beb99aa6172512343e26e26b7c,,60130667e958f319658989fba3e7b6c05e10487276aa4fe65e69b3d789ce2cb6,128
WIKIPEDIA,1607,train_extension,1607,1607,b04c8d1ceb2f5cd4588862100d08de323dccfbaa,c56e28067c2c8313e4d352e051f520d653eff9c986a35c65ef35c2c4f158bb8c,,2603ed2fa466fc5fd6c9bc5c0e4ea03bec61b3606ef65865c3c17cf155f28aa4,128
WIKIPEDIA,1608,train_extension,1608,1608,b04c8d1ceb2f5cd4588862100d08de323dccfbaa,d8d12ee114ff251133c3e6a5b51b4d55466f98b0fd1f359ed709edc1fec86792,,19f7cf527ed368bdc6dfd7dac6249b40058df85e80738d473f872ead5fc71fc4,128
WIKIPEDIA,1609,train_extension,1609,1609,b04c8d1ceb2f5cd4588862100d08de323dccfbaa,29accc2fb403e1f3cfeb0417ec929cc0c363573d6a26394f2b539046bf227875,,44d944c980d6759f16f35a3448642556db305a4b1a98552fe7594f72ee34f802,128
WIKIPEDIA,1610,train_extension,1610,1610,b04c8d1ceb2f5cd4588862100d08de323dccfbaa,eee1197120cf533f4c8dd446c28a2154b2a56e775a562961b3ed81c96ed7e602,,88981f8e920c204ada43453ca319347f881a03a506ef3ea2886c953ad6bbcb35,128
WIKIPEDIA,1611,train_extension,1611,1611,b04c8d1ceb2f5cd4588862100d08de323dccfbaa,191b90977fd7878a269c7c805317085c8671e85766cb2ffff7d705fd4918edea,,60f6b2f2eacc76eaca55215d6813a10a910eff1e184c023f56c7ffaacdb5a1cf,128
WIKIPEDIA,1612,train_extension,1612,1612,b04c8d1ceb2f5cd4588862100d08de323dccfbaa,8856c1da26d43f2ae2b277fc2c7700a3e9ce2ba68761629f8951f25eb7ac3fae,,9de54826d4a9627b61545eba939b5863a0c38282cb743e459c5c9a4f85066a62,128
WIKIPEDIA,1613,train_extension,1613,1613,b04c8d1ceb2f5cd4588862100d08de323dccfbaa,5368e039b1779e2a52c84838c95b2a823e7c5b506f0e316142298c2faf82b9ad,,765496e459a4573f2e65e6613d03ff0e83ec58d2d08b08bde500681a25c02c65,128
WIKIPEDIA,1614,train_extension,1614,1614,b04c8d1ceb2f5cd4588862100d08de323dccfbaa,c5c13da31e07d92f46dca9341844c66543a32a102d6959972891c4621249d78c,,96b1d926ee079835fa201d6a312e8f58c240fc8bf39da119ed4ad5e43de3ca13,128
WIKIPEDIA,1615,train_extension,1615,1615,b04c8d1ceb2f5cd4588862100d08de323dccfbaa,1be4b5f74ad70ddb9b8faa5a808518512f5786eba6f03752187c621d0ce327b2,,5ddcfbcbbceda06600334bf1ad519593cfd94545ebaad82a0adc27b12992ab72,128
WIKIPEDIA,1616,train_extension,1616,1616,b04c8d1ceb2f5cd4588862100d08de323dccfbaa,37c549a6f5f563591ea523e76e84c09e9d4934e83bfb1cbeb324bb71055fbf3d,,7af038d483fca6a8083111cc3a94d4b3514b2a11ec63bd4012f22ede5d2eefc9,128
WIKIPEDIA,1617,train_extension,1617,1617,b04c8d1ceb2f5cd4588862100d08de323dccfbaa,5da9ff8e2224d7495e2ac53f900eec3eb59f5efe67fcb74248be6527deb64094,,078e4a80c59e0cdb22345aaa43da895cb03584e4955b9a5eb63f302392be8851,128
WIKIPEDIA,1618,train_extension,1618,1618,b04c8d1ceb2f5cd4588862100d08de323dccfbaa,440011d7e9070eadb14bd4079bae05b57d998b656b6f63f8ed112684ae7150b7,,6bf3a350861b142c5c203ac7d0a8906293f932e14df57bae4cdab78b653cc356,125
WIKIPEDIA,1619,train_extension,1619,1619,b04c8d1ceb2f5cd4588862100d08de323dccfbaa,82d32bf3ab89c0e93736c0f23c7561363c6176ff2c04a21a64410e9b97387fc4,,df1e9f0ad7ff86f1892a6dbbb01c7794de0cb555c3c1fd25425af1d38b177c35,128
WIKIPEDIA,1620,train_extension,1620,1620,b04c8d1ceb2f5cd4588862100d08de323dccfbaa,f60f8a49d8771d2ea4e19c3b7aed97823103a29096ff5abec14fa4aeb9a01dde,,48862f27ac2f727979b308a32f0a0229185d2971fea541f17e7c348286b062cf,128
WIKIPEDIA,1621,train_extension,1621,1621,b04c8d1ceb2f5cd4588862100d08de323dccfbaa,bdff997135a8bf540bebfc3777c734efb4b3621a6743dbbc04cae353e8a5928a,,2af627cd671f6f005c83a55a5c5289af43b4c934e9c1923306f0b851a643f59f,128
WIKIPEDIA,1622,train_extension,1622,1622,b04c8d1ceb2f5cd4588862100d08de323dccfbaa,87fb15711a650a875ce40125f045e450b279018c5d6d26679de3f064394ee328,,e056e1909b74b6dc251648248304082a900fead8375227f879ff57ce32fab9e5,128
WIKIPEDIA,1623,train_extension,1623,1623,b04c8d1ceb2f5cd4588862100d08de323dccfbaa,d545d845f551a9d3bf189c75d3e6d2721d4cbd5e5f413bb3038f78d0e92e36cb,,3a7451d7a615d5c8398e716b8dce337b2969644dfcb42d8e30cafcf0c798ace3,128
WIKIPEDIA,1624,train_extension,1624,1624,b04c8d1ceb2f5cd4588862100d08de323dccfbaa,80904782c043bc5fedd9b8c93c4bdea2844b709b207598ddbcbd57d73655eb6d,,d0fbfc4d6f18c9404209b2080aa4cfd84359e1420387b470c8afc7d0efad82e8,128
WIKIPEDIA,1625,train_extension,1625,1625,b04c8d1ceb2f5cd4588862100d08de323dccfbaa,73ce82132ab258ebccb93db704b90782a56a86cf7dfc34a8b3c2ff0d03fba2a7,,aa860e3b937737e18974cdc603e98b8f214dc9cebe5ad1d2d5dd6eb84fdb1a0f,128
WIKIPEDIA,1626,train_extension,1626,1626,b04c8d1ceb2f5cd4588862100d08de323dccfbaa,5a879c8a5cf92f6fe6ee8f3649e901f1ed51a3cf986ba712d4584dc7dc1991e2,,375c94d052e99735bf6a3ce74bbe9dfd1de174abb25e72cc0377f3bc5af284a8,128
WIKIPEDIA,1627,train_extension,1627,1627,b04c8d1ceb2f5cd4588862100d08de323dccfbaa,a970113b0a39ad9030af98b9f87d074926ad39b782177f7251a5b1f2630b3e50,,13c026fa8ade04c1b34a1329da6297cdb0d729638fbd6c9efa2d260b6d51a88b,128
WIKIPEDIA,1628,train_extension,1628,1628,b04c8d1ceb2f5cd4588862100d08de323dccfbaa,5e80128da0f947c621ec78fa3cd3b3932c520bf7a0d0b3373f53d7352a53adcb,,0d68b07e082b3e02262e3a5da110b2e8699737482a1c7fe1fdfe89ed42e71401,128
WIKIPEDIA,1629,train_extension,1629,1629,b04c8d1ceb2f5cd4588862100d08de323dccfbaa,bc7dcdbdb00530bbccf50215b9e96f2bfc43931c0bafa2f02925b986ac9c874f,,3c95aeb0aae88bf84cfeb066371c39e340246c4e9c2f59a541b4087bf2719f40,128
WIKIPEDIA,1630,train_extension,1630,1630,b04c8d1ceb2f5cd4588862100d08de323dccfbaa,975dc9fff8298a60defb360eae0c13839aadaf50fb68b570317d6e3f2ceae6a3,,457e788abc6185312d598741a83bcbc0c38a2df7fb0d2b969d291034437b2335,128
WIKIPEDIA,1631,train_extension,1631,1631,b04c8d1ceb2f5cd4588862100d08de323dccfbaa,4ee46ab37fdb0046965acf3d18edf7ff1120c621ecc52c3bdcdcc653f27681d4,,143d68ce5c0c8d3d999c76d6c25f93409dc228077cebbeaf87126f1031c7cd78,128
WIKIPEDIA,1632,train_extension,1632,1632,b04c8d1ceb2f5cd4588862100d08de323dccfbaa,736e3fe68863c9a1a0d9617ed0bdbfb780e4471c8ae1c2ddbe747a1053462d71,,f81481e294b13b6de076f5ae0711f473e485eeb61326b4d7d1e96e568d7c1d1c,128
WIKIPEDIA,1633,train_extension,1633,1633,b04c8d1ceb2f5cd4588862100d08de323dccfbaa,a63e7b900ae25c8552eb928d652a3c49aafc2f0ca0e1f8a7f04a892c6e75dc35,,78f6cee554dffcb287242bc4024a33bf36b80ec42cd2bb155d328862b0f71a6b,128
WIKIPEDIA,1634,train_extension,1634,1634,b04c8d1ceb2f5cd4588862100d08de323dccfbaa,5782156f6494fad5a835c8fddfab2e51fbc2f42aa99526fba461f6ccd5b15c08,,839f15f131e8c035c0a07b72a772079b5f5981d79e9325b79d6058f063846304,128
WIKIPEDIA,1635,train_extension,1635,1635,b04c8d1ceb2f5cd4588862100d08de323dccfbaa,a80cd45aca3803e2117c62ae9cc69a7675c5fe668fcd56310dc335fb6c73bf03,,f4c61c5aa5e8c5995585c2b2fb7302816d8c8a7cad7a4995e4a1b5498e4c0f00,128
WIKIPEDIA,1636,train_extension,1636,1636,b04c8d1ceb2f5cd4588862100d08de323dccfbaa,4e8e6631c7667f4e971450968bfe18cf9995349721987362dc068a1dac435ef9,,d229d18bfe742f6c740c55c1e77ca80d64f895310daf3d02bb41ae5c928c4b21,128
WIKIPEDIA,1637,train_extension,1637,1637,b04c8d1ceb2f5cd4588862100d08de323dccfbaa,279941a1efdaf7fd99422acddc9feceab99c557e56077a0a3ae9ef0af2fed00a,,792d8aa3378be87c3722a7d7c3d6c977e20896b3a84dfc9a5568d48c18704ffc,128
WIKIPEDIA,1638,train_extension,1638,1638,b04c8d1ceb2f5cd4588862100d08de323dccfbaa,9f02d55ce2c9bfa5674e615eb9feb5675215b77caaeda0d02766838470320b51,,f3b144527d06113ed060950742ddd3231d782f9118f0e271202d5ed9263e3067,128
WIKIPEDIA,1639,train_extension,1639,1639,b04c8d1ceb2f5cd4588862100d08de323dccfbaa,49db179ffab0f082912c195e5d32bd3c009522cbc94d3c6f61b7f8238896b8d7,,f9eaf3f8785386a544d6ee0a0c91b0365cfd8102c37065f039221bca87993508,128
WIKIPEDIA,1640,train_extension,1640,1640,b04c8d1ceb2f5cd4588862100d08de323dccfbaa,55b2ffb40be91e8c029e8febad02dda5d0a2b73637642eb5097e0b83a2985039,,8a77cb30a23ccbbefb679e2c691daf5bfc52db999fbafcd731f7686292dd7685,128
WIKIPEDIA,1641,train_extension,1641,1641,b04c8d1ceb2f5cd4588862100d08de323dccfbaa,2895882e35f5c2654a64442af0fb5f5a6af93be7eb18feb1ec8c1a93be042ea8,,a8a274e4fcebac263a10d077624daaa6978ad1a1aa1dca29ca5c60c3e8bdd33d,128
WIKIPEDIA,1642,train_extension,1642,1642,b04c8d1ceb2f5cd4588862100d08de323dccfbaa,ca58fbc3b473f6ee99b7a0ba70f487eb53f56c4da39d42cbf1c52e2adf7df83d,,d3767254aefddef8abf7e0e90ac240aae63f4005da36c0ef6f4b0564610469cd,128
WIKIPEDIA,1643,train_extension,1643,1643,b04c8d1ceb2f5cd4588862100d08de323dccfbaa,35f99edd4972d744bddbbd4d3631b2ae75a739179693661854525e5321a45ca4,,8adedaca9d39e8bfdb64a00d08cf5ecca338665d9746ec793a0185dd14d2ca36,128
WIKIPEDIA,1644,train_extension,1644,1644,b04c8d1ceb2f5cd4588862100d08de323dccfbaa,09c9d1b7aa2104dad33293d433f1b9fcaed426696040723d35a815bc1ee95863,,c621fbd95bee3ae598f26d5dc486da0f7c2c7f3ed456378026e4d36e11bfab9d,128
WIKIPEDIA,1645,train_extension,1645,1645,b04c8d1ceb2f5cd4588862100d08de323dccfbaa,83cab62e8b4f4c652cad3370a38f171a051bcd7f64a959b7634c9fd471131dff,,578ad1c971f03b86adde06c127fd04e2413728f9f4a009025117d1dd25a63fb7,128
WIKIPEDIA,1646,train_extension,1646,1646,b04c8d1ceb2f5cd4588862100d08de323dccfbaa,a26589bebe027d16ef45fc282f3a734389dfb83606d7ee5620d4bc0d485a1b4c,,8395a32667b241df8725b2486f97e5467f8054534bcd309ba7afa83bf42d8473,128
WIKIPEDIA,1647,train_extension,1647,1647,b04c8d1ceb2f5cd4588862100d08de323dccfbaa,333ccfbfc8cf4fde8fdf9a6d52a758fcffc88696c88fd16039f0f34b015f0560,,6c40d2ee3aa507663af82378112406b732df290748799e6b6af995f8c740a53d,128
WIKIPEDIA,1648,train_extension,1648,1648,b04c8d1ceb2f5cd4588862100d08de323dccfbaa,c3791599d48c80e12de546a388821f98076cbfc07fea313c21673d2e437d08a7,,68c45b12b7276817d10c5191c565850e9f3e5f7feb78d464b1ac1bbbf3cdb80e,128
WIKIPEDIA,1649,train_extension,1649,1649,b04c8d1ceb2f5cd4588862100d08de323dccfbaa,35a3168b3cbe5951c338de73d06ffff55e5a08e6b34faa919680ddb0344ff40e,,33e90828484963211c931df9180b7b8424e4f232bb36196662825fd0a3ee640a,128
WIKIPEDIA,1650,train_extension,1650,1650,b04c8d1ceb2f5cd4588862100d08de323dccfbaa,6a738268a657b383615ab1416f824b93638ab17d2a14f81e8736b863fa8a8144,,990b81571854a663ccbd1c192c2fa4e299ecb3812feebc937aeb73b76b1868de,128
WIKIPEDIA,1651,train_extension,1651,1651,b04c8d1ceb2f5cd4588862100d08de323dccfbaa,990caa3ef8bebf276b652eef68a00ee8842b2d07485a56eeca3709cc6b88805c,,dba145bca181998737011acf762955945a62b179cf032bbf9c689cd5ecd5d00f,128
WIKIPEDIA,1652,train_extension,1652,1652,b04c8d1ceb2f5cd4588862100d08de323dccfbaa,c423358bacbbbec0a51428d42197cebe0c35cb8f561c1edf3f9731074c415a89,,3df99778d6ee4f200d15db94c66d2bb74806230fab5d589319f40d7ef0106dcd,128
WIKIPEDIA,1653,train_extension,1653,1653,b04c8d1ceb2f5cd4588862100d08de323dccfbaa,ce554dc515db80675195341ed1b64f03dfff1b69deb887b46c61c6638ee5c4ed,,383724826a0988e1509593960d04f1409bc5dbedc5c62bff93c6fcba9e2cdf3a,116
WIKIPEDIA,1654,train_extension,1654,1654,b04c8d1ceb2f5cd4588862100d08de323dccfbaa,bf272aec98c5cb24d105bb3a44a5b317c53070e1429a0205eb8d484fc2814b30,,3ea28a4171978ebe4e0b527e436f56a7a03c068c462106a85d933fbf24796842,128
WIKIPEDIA,1655,train_extension,1655,1655,b04c8d1ceb2f5cd4588862100d08de323dccfbaa,41e920e7ff9518c5af86eaa8c49bf947fe97a2afe1e9b0a5c317ba4df4d01bb2,,b7b5b10af5edf41ac9465350a170cf5accf2d9bff97b7a33b77889d50da07fc8,128
WIKIPEDIA,1656,train_extension,1656,1656,b04c8d1ceb2f5cd4588862100d08de323dccfbaa,6fa1fb3b96f24c126dd1ebfe32f375e9de28b8fbf3b419ef652f7082a5be0fe8,,ffd019c33b755dcdd754aaf7af4908d300703190daeaf58ad582fa5d1fe1c475,128
WIKIPEDIA,1657,train_extension,1657,1657,b04c8d1ceb2f5cd4588862100d08de323dccfbaa,0c301f4346194f423db95a0ff899d1881d8c850909c2a1b5896b234482b947a2,,507f27c50b92a297881863b6032063df692c540b4007484e1a615e1d26c179ce,128
WIKIPEDIA,1658,train_extension,1658,1658,b04c8d1ceb2f5cd4588862100d08de323dccfbaa,4961f486bf5a725cbb9d51810e066d36a94a4d4044b987245b3916d78a38b1fa,,4288d63b0807628c1e2e775ba2f05f36bc910f4a4d159838bad66d051b4a9407,128
WIKIPEDIA,1659,train_extension,1659,1659,b04c8d1ceb2f5cd4588862100d08de323dccfbaa,92fd1873163e63e958700ed29a004492d5a021d692e242b356deb1584c50c822,,ed876dbc595b096210048c197fc5e2ee08f14e569e0629714cac28c142ad2356,128
WIKIPEDIA,1660,train_extension,1660,1660,b04c8d1ceb2f5cd4588862100d08de323dccfbaa,afb36eb0b840e0d0ab5c626659ee808ac5819614c77ce24c33891de1287df42f,,e414fdaba670c529c6beb4ca4e06294eb9dc37e18dccd3c3162f9816aba21c77,116
WIKIPEDIA,1661,train_extension,1661,1661,b04c8d1ceb2f5cd4588862100d08de323dccfbaa,ed1cdd5170b3e12ecca97c35c8610e57fafa06fb41189db87bd0bb174cdc618f,,07f135ab664e1f7888f3a0bee6ee1ea1bf4c11311dd845be1077d60ea2f01b18,128
WIKIPEDIA,1662,train_extension,1662,1662,b04c8d1ceb2f5cd4588862100d08de323dccfbaa,85162730489e2a2e1ba2cb9e9ba97222038699920835fc1ea307c8d5241fac98,,71e8f615d51f56cbe1b0b9831a2708705c0e5df542a5af2b6a06fcbfdcada288,128
WIKIPEDIA,1663,train_extension,1663,1663,b04c8d1ceb2f5cd4588862100d08de323dccfbaa,9790f16e4b7feef99056cae8d7c1870b9c7250b115d25a305617977a3e3d75fc,,102c9502415d0cf5f1cfe0e495497c048efcf307a19a0e57c40dac90df343cc6,125
WIKIPEDIA,1664,train_extension,1664,1664,b04c8d1ceb2f5cd4588862100d08de323dccfbaa,47b0a2bb2605d34bdf95c754c33c6f7c44509dc34353e415b32e467d26b65d74,,e8d2ca2cb538878fced3858855f4974f7a2a9226b4f8534f3a27ae398f5df5bf,128
WIKIPEDIA,1665,train_extension,1665,1665,b04c8d1ceb2f5cd4588862100d08de323dccfbaa,598738e87384895ba5ca7fce4c6e9bbde61c4ed0599bf71ff71bbb6669f91cd9,,2d4013e39948d9d2b0df9f0cc878cf247ee0d484951b113b6e6834324f99b5ee,128
WIKIPEDIA,1666,train_extension,1666,1666,b04c8d1ceb2f5cd4588862100d08de323dccfbaa,c3fe9ace21c482e277d90b68a5840b4ab7720bc723b03bdb32bca198e7bd01b2,,b0d0b9c84abe22828084bd7a3e91a4fb2027228f1dd6916c45ab08e2be3e90cf,128
WIKIPEDIA,1667,train_extension,1667,1667,b04c8d1ceb2f5cd4588862100d08de323dccfbaa,e09240f83739ee5632486bfaf1127c96ff01ff7b3cb28d735c827c99bdbe9805,,bec653648346e83b974bfa5b6749afbf66e393bef4cfe1b894b02b0386814c4d,128
WIKIPEDIA,1668,train_extension,1668,1668,b04c8d1ceb2f5cd4588862100d08de323dccfbaa,e7a8f17ec8c0a002c7c4b38cbcb58fab8a9160138349d81c6ab760b13ee7fb1f,,c1190dff7f92e2f6097000919dd291fdb432a6b870ffbf1e769ec5baa5278bd9,128
WIKIPEDIA,1669,train_extension,1669,1669,b04c8d1ceb2f5cd4588862100d08de323dccfbaa,efc0b27d37c8caeb38304b87efac2398545afb884cc309b353b934ed198fb10c,,d4a1ef1eadaac9b8558cb5f880f9186ccbd19c98e9fc258a3ec1381d387fd137,128
WIKIPEDIA,1670,train_extension,1670,1670,b04c8d1ceb2f5cd4588862100d08de323dccfbaa,2a13c46565b2b06b205138579272aa010605f65dc2bfb0149e785240e203c8f2,,77497e47fcf66cba49d8b0fbd377a0bb2d8a433f86febd0887e114e80dde593d,128
WIKIPEDIA,1671,train_extension,1671,1671,b04c8d1ceb2f5cd4588862100d08de323dccfbaa,bedd376888424bc5190a08a6b0bfa6fd137ebcc98d49dbe47cea438b8604a094,,ad49426c77c6ead87e52b7408431c79c1f151866fc2eaef80f5f2abab06feed2,128
WIKIPEDIA,1672,train_extension,1672,1672,b04c8d1ceb2f5cd4588862100d08de323dccfbaa,35a55cb4caba2fc4eca69a42b15f4c99c54ab632bd1eda416a11bd888d4b57be,,6b2e58d79cfa779ed30855a1c3f8704460caa95cd306e47627b933cf23506016,128
WIKIPEDIA,1673,train_extension,1673,1673,b04c8d1ceb2f5cd4588862100d08de323dccfbaa,5a54f7d844e7390c4cd0c638ff2760e3813f034e4857ce229d121e02ffce7b5f,,c9c18f1d7c18a6c7a8328e8acf2d935acbac13764083e6688ec4c7bcd11d47fe,128
WIKIPEDIA,1674,train_extension,1674,1674,b04c8d1ceb2f5cd4588862100d08de323dccfbaa,b207902a8d41b9338804fac4b17aac92034f7b503282c9c0aeb25b3a7ef566a7,,56151ba2c16d07a1af1f08a6d797075b7f34cd9ed0bf803f17b61f89ed7f74b5,128
WIKIPEDIA,1675,train_extension,1675,1675,b04c8d1ceb2f5cd4588862100d08de323dccfbaa,40de3bad731c1ffd2c5259712a88ad845211522215a797c5dfc9f6b6079d542a,,bef485d848d4146c62eb460962335b4d138ca7b1ed059bf798bf5bcdb161c0f1,128
WIKIPEDIA,1676,train_extension,1676,1676,b04c8d1ceb2f5cd4588862100d08de323dccfbaa,c2a84b549d2c883a6b486a8b8cfc4ba5eed0b5e739e9c1037989ae28e3ab83de,,ff8ef5be2051bac256f97dd567cb6fe8364a3ae533ebed04769d52b5e3dc3b41,128
WIKIPEDIA,1677,train_extension,1677,1677,b04c8d1ceb2f5cd4588862100d08de323dccfbaa,409212b9dcef9fc65087a4e447a3f730d38961af014f1879e1a120e99526b4e6,,c0fab57b0d45836745770da33068934d07542fae4bacfcc391a52ba494a6ff44,128
WIKIPEDIA,1678,train_extension,1678,1678,b04c8d1ceb2f5cd4588862100d08de323dccfbaa,215c402fba5025e8b79fd43d7c6590180ccc333b2ef94855ac9f66079ad872b4,,d78da4b89261c438ce77f44c4bf69d9a8adefd71b2a0182628ec5216c230e7f1,128
WIKIPEDIA,1679,train_extension,1679,1679,b04c8d1ceb2f5cd4588862100d08de323dccfbaa,15cf815fa9433b85609538e47a4586d51c4faad54fc43ec452efa1335e1470e8,,74e59938c041034740562a00fa87b8c2759b05737d1c5e29207f8d17aae0c1a9,128
WIKIPEDIA,1680,train_extension,1680,1680,b04c8d1ceb2f5cd4588862100d08de323dccfbaa,f9ae2cdb42efe6cae4b286aa571510ab23d81333d4b6f307b72184167a93a86b,,092d8a10b7be1658192811ba88dbd6111477929a3aec6b4aa5f954c785cea912,128
WIKIPEDIA,1681,train_extension,1681,1681,b04c8d1ceb2f5cd4588862100d08de323dccfbaa,a85df6c2b41662f4215baadf6bbee1bd6f3ac09d31e46bec00bb07450e4f2333,,287dd6cbb37cfd7fdd11431b8ca0d131ab9ba1303e170b05ea177000f33e14b2,128
WIKIPEDIA,1682,train_extension,1682,1682,b04c8d1ceb2f5cd4588862100d08de323dccfbaa,3a287022689cb6965d891c67010c9cb579206848e45f474c5fb7e5806d44e1b2,,4060cd0c56c796f88cfa19578306764fc601a621406cc340a87f9da9957e90dc,128
WIKIPEDIA,1683,train_extension,1683,1683,b04c8d1ceb2f5cd4588862100d08de323dccfbaa,b322240448470ee77b3d4279bd3d74a939eca671083fcb7e41bcffb315c6e518,,e56dd783070c6353d705e070acb1a2a27d508b17b254438e7934775c08d9cb5a,128
WIKIPEDIA,1684,train_extension,1684,1684,b04c8d1ceb2f5cd4588862100d08de323dccfbaa,ecfa6d777ec505921cf0f2a2da5135d5151678e5694ec198b68d7b6709b41c96,,acee052c81689c49e778da19f6326a082423a8a5fff025a9693f3df122290af7,128
WIKIPEDIA,1685,train_extension,1685,1685,b04c8d1ceb2f5cd4588862100d08de323dccfbaa,6a3cc5a0caa99ccf637dbc369157dc4668d3d9a473ec19f53f7611adeb36c6ba,,8ba62ff82fd8182d87c6e693090c94226fe58294031117cab682e06cda268696,128
WIKIPEDIA,1686,train_extension,1686,1686,b04c8d1ceb2f5cd4588862100d08de323dccfbaa,4a44d780c6701cf7109ff78a3e9bdec31f618bf6c6d35cad21021461105ae6b2,,748226bc9fd200c244a38a9d88b33629b320a5b47e3872648982fc13e5a23980,128
WIKIPEDIA,1687,train_extension,1687,1687,b04c8d1ceb2f5cd4588862100d08de323dccfbaa,9544518e0f1344afcccbe25b916b270911a29c5078e44de9ddd465726e656e61,,4d651cf7ce73b3e7c969bc8cdb32ed3a5ec6f158fac31fb6ec2955f2fca11489,128
WIKIPEDIA,1688,train_extension,1688,1688,b04c8d1ceb2f5cd4588862100d08de323dccfbaa,deade0c11ccb483659e10a5abe84242f1105d4a5f05b219f9727d8ee25cd5b03,,c7b14ae0617d3636f6bee3f36c2101f53b48206dc7c8e3721a37bb07f0033284,128
WIKIPEDIA,1689,train_extension,1689,1689,b04c8d1ceb2f5cd4588862100d08de323dccfbaa,e69281a7a5085fa6ef06be8eda01ea9a12dd5dfb4b45801fb925926c4eff4d22,,6cd89274f5ea856d56671edafe4c8ffd900fe910c06ccaf1df6d1462de7dc30d,128
WIKIPEDIA,1690,train_extension,1690,1690,b04c8d1ceb2f5cd4588862100d08de323dccfbaa,f5d0bcd4bbe2210de505b1cc5bbfb8f3264003601941a1337ed4bc8dc3cdd40b,,e0001523b9748e912d12d9e1435f94e92cd3989f8cd89de94a21ba038e3a9f02,128
WIKIPEDIA,1691,train_extension,1691,1691,b04c8d1ceb2f5cd4588862100d08de323dccfbaa,4daefff464445a40b12080c8b4d3f57b8829ee989403768aac05acf62f1c8cde,,971555a17289ed668f27fa6da679b0e8d8643e66cfd4b320cd8c02894fe5f997,128
WIKIPEDIA,1692,train_extension,1692,1692,b04c8d1ceb2f5cd4588862100d08de323dccfbaa,7f1de1695316bde92cff1036a8ec3aefcc742be28985c132f0e9221190b75101,,7c83a982ac4bd77beda71a42c44dd637b92e05c3852916dad3f911d2e728185b,128
WIKIPEDIA,1693,train_extension,1693,1693,b04c8d1ceb2f5cd4588862100d08de323dccfbaa,062e4dbf463b0c8320fd3b8e04e02a69661248d8d783bc67f54c9ad5f0352a68,,42304f57779866b3d6117615fe1e7553bcf2eecb5fc391674b1823780b9c75ff,128
WIKIPEDIA,1694,train_extension,1694,1694,b04c8d1ceb2f5cd4588862100d08de323dccfbaa,8b5708a7d15e126608deeba71aeba99acad25e2e9fd7ec535a293910c0a7033d,,45a0dc4b0dfb8d7298a3f8c01f50cf0f4e0b3ad3216a046f33b11ed57647393b,128
WIKIPEDIA,1695,train_extension,1695,1695,b04c8d1ceb2f5cd4588862100d08de323dccfbaa,0fce8ec674bbae5d21900458909036b22a9c25ec063e785b0d0f79a444660a8d,,9c31af96a414c618511777e8c87d199b9ad0a70daec9f45744eb47310f2a5ee9,128
WIKIPEDIA,1696,train_extension,1696,1696,b04c8d1ceb2f5cd4588862100d08de323dccfbaa,149c027c8ffebf0476ed3071e86f464c1a3acc87f225f1445107cdaba0b19582,,c2f68ea81c6e9588ac3ce0f42fb9077099b144e005e8b430d1223f9dfbaebb11,128
WIKIPEDIA,1697,train_extension,1697,1697,b04c8d1ceb2f5cd4588862100d08de323dccfbaa,678bd75407c403db6a6a3ea3d82373bb72cb6892bf58d42d59e47aef39b0ede3,,f6f0474997ac16d467a8013766cb663a0043a16ad80108784a1d22fde5c32a94,128
WIKIPEDIA,1698,train_extension,1698,1698,b04c8d1ceb2f5cd4588862100d08de323dccfbaa,2f21e18454ec5334a4c96e862c2b45505d70539fcfea1767b7b8e624ec588752,,0a9805542227b6e495054f40ae3e34773ab1b292708ff0dd487f8958ec2cfdcc,128
WIKIPEDIA,1699,train_extension,1699,1699,b04c8d1ceb2f5cd4588862100d08de323dccfbaa,49d600c70191d9750610850d6c4198333cbb49096a85429a65c608c3cc71f243,,f5104e960e9430c7ad00f8061f131847668711d3dacb971fbe2e2c7fd5b07233,128
WIKIPEDIA,1700,train_extension,1700,1700,b04c8d1ceb2f5cd4588862100d08de323dccfbaa,99106a6da109c1b8b9589cc0a9909a395c8a118a87d2ac70ec7905b045660cd9,,4a0fb566884d1a1b3d0c61f19014667329811e1cba6f29b89861565d64d11bd4,128
WIKIPEDIA,1701,train_extension,1701,1701,b04c8d1ceb2f5cd4588862100d08de323dccfbaa,09311ad248e080b86c142776d919df8b50c476beb2d3bd2287af0de890402eca,,c951832ba61ecb7df1e9721a68cc16ec5ddca27d1b8b651389da408891c7c7b2,128
WIKIPEDIA,1702,train_extension,1702,1702,b04c8d1ceb2f5cd4588862100d08de323dccfbaa,8d77de49fe3f7cd743cca0f1122d57991a00caf16e768abf3950b327bc4a4053,,84b7bff9b005a2e0f9eb3c22840eab1ea1246642dac296935ee6fd53310c295d,128
WIKIPEDIA,1703,train_extension,1703,1703,b04c8d1ceb2f5cd4588862100d08de323dccfbaa,9e44cb3b6fb48c70715ad13d8e4e52a47dc9df0392671bc566827c5d2d5e9833,,eeb1de7706398efcdb46e675685de17696185eba10e3411fabc4c5d31a000217,128
WIKIPEDIA,1704,train_extension,1704,1704,b04c8d1ceb2f5cd4588862100d08de323dccfbaa,8e21f3404b41416896468922d779ac94a3ae4522a148c8005416692ae89443a3,,706ace8c53786a850017b304c38828cc3b9d1cab3e83988e708ef8e06178c01e,128
WIKIPEDIA,1705,train_extension,1705,1705,b04c8d1ceb2f5cd4588862100d08de323dccfbaa,cb06b8f1d165fbc073c5c4b6b77fdcaf81e3978c9dcb628851281affbb4861db,,9a8b21648e83771ba8488a440d612104c444741de2379939794c82e2bd835288,128
WIKIPEDIA,1706,train_extension,1706,1706,b04c8d1ceb2f5cd4588862100d08de323dccfbaa,bc19493f891eff7da042b54a1828e37fea8e078af113eea5dba4c8ffba2cb763,,7389f549d08d9b5b9eb52cf024204acbd06a99224caaab550c9025c8e562e2ca,128
WIKIPEDIA,1707,train_extension,1707,1707,b04c8d1ceb2f5cd4588862100d08de323dccfbaa,1c3d075d6f31f7aa37ed9e71c62e6183d21c0bd88872aa03332127c2587b5319,,07f875c3b04e569f6ae7d6f8244c92175d547e28eaf80cbbc068a0d0c13d3bdf,128
WIKIPEDIA,1708,train_extension,1708,1708,b04c8d1ceb2f5cd4588862100d08de323dccfbaa,1496b2e368e3e96eede85ab36b07bd0f340ffb01b338391265bec441cd3b5f2e,,7ba59c0e9f76885293ba0319c26417079c429e4d5ffffbac5102ddb47d782c58,128
WIKIPEDIA,1709,train_extension,1709,1709,b04c8d1ceb2f5cd4588862100d08de323dccfbaa,3fddb259cd2b8fc02a5e2de50661f7db783c6dbe649a8d0b70840b1fd1a70862,,40b25b0c94463a0826ec31029afc4147ab9e9d8a7b7955743f4be136f1688228,128
WIKIPEDIA,1710,train_extension,1710,1710,b04c8d1ceb2f5cd4588862100d08de323dccfbaa,4741ab3ef703b0abd16d7f11d10de545b7cde316f42e973b192d2b9152b25833,,d9fc42b51589ee8f181097cf03fbfcde8f41e116f3b5647dd30eabc412c7c8e4,128
WIKIPEDIA,1711,train_extension,1711,1711,b04c8d1ceb2f5cd4588862100d08de323dccfbaa,f65eadc6dce713c0f000e3bc7285ae8eff78c603dc635606ecc5cdc9fff8f842,,60afd9648ad0b5d2b64da175d6851c7c3a07792b613a0e47bc66031c94d223ee,128
WIKIPEDIA,1712,train_extension,1712,1712,b04c8d1ceb2f5cd4588862100d08de323dccfbaa,6f22a4565ef279e53cca59df5dd76c50c25c8ca3e782a9e7b09386e913d13656,,a4541ec0ceb769927dcf97ff8fed672a15e6ad0a14d0521ab3017e207beba56c,128
WIKIPEDIA,1713,train_extension,1713,1713,b04c8d1ceb2f5cd4588862100d08de323dccfbaa,edb04b1afc00ebd15ffa5453ef6f7b58441f354a73532b60461ecfd98deb733c,,6b0d1c413661c397a3f2fa53d9888d7b36338f03423b247f1aa1e1149b7f7941,128
WIKIPEDIA,1714,train_extension,1714,1714,b04c8d1ceb2f5cd4588862100d08de323dccfbaa,61c778c433b60dff7a564a6b959bdce0afcc78aefc97cc1568072113d9380bb6,,17cad4348f2fc11c08dada440809262e1e90e11d14dbb90752fbeabc714ecd80,128
WIKIPEDIA,1715,train_extension,1715,1715,b04c8d1ceb2f5cd4588862100d08de323dccfbaa,9fb281d0330b954ac1c8f29264c78f587f2e3088345d099799b858e5f1475f45,,f1cff609ccc4e3e4ac0c900b55002e8affecbbb4f84bf816d70fa68b0335924d,128
WIKIPEDIA,1716,train_extension,1716,1716,b04c8d1ceb2f5cd4588862100d08de323dccfbaa,720fa8b43b6773ee9f074b336fd38c70c637f25bfae4bee2fc66594b64e5a43d,,9e8f931f7365a7ff4a5cd488305398830e411d1eb03d75b039d5c9fc8cb85312,128
WIKIPEDIA,1717,train_extension,1717,1717,b04c8d1ceb2f5cd4588862100d08de323dccfbaa,ba155ffb4ae26fb5bf0e07e7bbc773096ce8f4d81c77304916a92619feb6dd64,,424b4524f64e299bbf50128fc1ddaed4f3b29764f58c3e3831ca3d02cd38e282,128
WIKIPEDIA,1718,train_extension,1718,1718,b04c8d1ceb2f5cd4588862100d08de323dccfbaa,c24ab8fa356ea7e0641a92371bbe721f51981dd45140cf9ae341f306f3a4b3c5,,6a2fac432d01ee81f9d72424b58bafce212484903d5497187bce8b688b79a4a3,128
WIKIPEDIA,1719,train_extension,1719,1719,b04c8d1ceb2f5cd4588862100d08de323dccfbaa,2e5d2188b7c1600214309d43ad517e9030c2ff67b1ec2f4fc8d366e2699b5cb5,,996d5b74dc7c44bc021a51853f5114e07170216acc508bc01ae2868cf57f2847,128
WIKIPEDIA,1720,train_extension,1720,1720,b04c8d1ceb2f5cd4588862100d08de323dccfbaa,7f421f5285b5af8c56f4b81b7cccc30410e91a0db01815e4ebf39973c9973f7f,,81824be7cf3529e128776af23d2f19b54fc4dbb31700198db9fecaa52a192f88,128
WIKIPEDIA,1721,train_extension,1721,1721,b04c8d1ceb2f5cd4588862100d08de323dccfbaa,5fbb7b6cc2b628354a3cf8a47d7bd856bdb08eea3727dddce8fb4950b1c136b2,,35c60322069cfde68b81ca5ed48de66204711cf8054c55db552b47d0e0d8e0a1,128
WIKIPEDIA,1722,train_extension,1722,1722,b04c8d1ceb2f5cd4588862100d08de323dccfbaa,2e9e64bbbbdb3d2426a1cf4eaad778d855f2ffbe3e979412ca41e8240943cfe0,,f67f234bfaad2584c3b6a18396823c2507d871b5382ef3c37044a4faf1c741db,128
WIKIPEDIA,1723,train_extension,1723,1723,b04c8d1ceb2f5cd4588862100d08de323dccfbaa,4f42e555fc804d2245f4eb5ab348d4384252a01b6111679549a940a9a352af22,,cb8c56ba0f0882d815ebe6716cdab86f2c55c646ea9bfdc09807862ee5442023,128
WIKIPEDIA,1724,train_extension,1724,1724,b04c8d1ceb2f5cd4588862100d08de323dccfbaa,09eb46c6ef7c3f771b2512e869b4e7e0e3488243db102725f2fe89cec7abb103,,ecc57153f5995bc3c867b4336a32d94d98037288d4828522377a7d45666d6e23,128
WIKIPEDIA,1725,train_extension,1725,1725,b04c8d1ceb2f5cd4588862100d08de323dccfbaa,e5ad46f0e7e7fd95f3ba2d69762c565ee2492939cc0a146e5c5a96a0ed452958,,45ab3fa8dcbfda5e554162757bc663e28aba0f91dce6f8b16f7b939456cd5c93,128
WIKIPEDIA,1726,train_extension,1726,1726,b04c8d1ceb2f5cd4588862100d08de323dccfbaa,9e71cf3436be0198bbba3124caf1461eef09c2ba72964c5cac890c4e09a122c8,,76f0cb364c84bbe5bf15234e521669d0b9da1a031feee764b9889dc650274d74,128
WIKIPEDIA,1727,train_extension,1727,1727,b04c8d1ceb2f5cd4588862100d08de323dccfbaa,5eb482bf3da173126ff206ff1ba2ae47dd9b7e8a788710af855162ca144563f3,,cb3e8cd13c2a89f58dc763637e78a42ea6d6c0771dd7c400be2ce2a2aea9f9d4,128
WIKIPEDIA,1728,train_extension,1728,1728,b04c8d1ceb2f5cd4588862100d08de323dccfbaa,91e1eccd15e220f7f541a770cc8d050fdac901976ceccf0289587bc4577771c7,,c72eaea92063414454ea7bf71782378e78474cc0b9f489848a42b6a5d208d914,128
WIKIPEDIA,1729,train_extension,1729,1729,b04c8d1ceb2f5cd4588862100d08de323dccfbaa,e5ceb9bb9d9d15916080cc384e7cd57d232706459aba11c5802e08c007482b28,,27edb2af49857aef4a281c91dce6429121d01fbf786058689c9e5ec1da43de41,128
WIKIPEDIA,1730,train_extension,1730,1730,b04c8d1ceb2f5cd4588862100d08de323dccfbaa,443215e7e19cb4129f50bd39579611505d82266bfe776c37fbbacfe1d017ef7e,,b0c49a25a7388411b845d60f09ef3d5de13a499bb42dcda3d2dbe2805affb83c,128
WIKIPEDIA,1731,train_extension,1731,1731,b04c8d1ceb2f5cd4588862100d08de323dccfbaa,e64237aab030446108ad637baeee85f88a7c7cfd81ae150670175c32a7983747,,0ba2554e8f89c3fe90cba8c84f908a27aed9c906decde8da7c25182ac5c6f6d3,128
WIKIPEDIA,1732,train_extension,1732,1732,b04c8d1ceb2f5cd4588862100d08de323dccfbaa,987b87bfb1db310fee87bf74824f5da6e5c263bedc55b8cab12cbd59b5f4ce73,,78e53ae2af18f105c49d1bb50096f0e56193b1519aea9075116a1e27966bd85d,128
WIKIPEDIA,1733,train_extension,1733,1733,b04c8d1ceb2f5cd4588862100d08de323dccfbaa,c0e8d28ce695d72fc4500a9d687c891bf54013aae7fa6d091b9aaf5c93ca8a67,,5bfcf962b09bbb65414887d9a7a8f1ff77429df0c8e14a065d463af634d89cc0,128
WIKIPEDIA,1734,train_extension,1734,1734,b04c8d1ceb2f5cd4588862100d08de323dccfbaa,d69306563374ac23fe53f4eaf4c04250f6f391a1ca0f08555595de8421957020,,9107722d5eea7d47019fd13304c93efc702101b085f600c41f2e4731ad6695e9,128
WIKIPEDIA,1735,train_extension,1735,1735,b04c8d1ceb2f5cd4588862100d08de323dccfbaa,92b4f5be82c75effe05b2facff0bae50ebfe772aabedb49447839965dad1be41,,d3a31378e0f561aa72f7b4b47b7336c96a81bb90016b345c8dc33170a0dbb520,128
WIKIPEDIA,1736,train_extension,1736,1736,b04c8d1ceb2f5cd4588862100d08de323dccfbaa,9b4f44ea1afa9368477fa9c20a2af0c172079360416932398ce0238655efb490,,01f03993895abe12e98b35602d4d186af3df87b3295c5ea386e1d50ae0f580e4,128
WIKIPEDIA,1737,train_extension,1737,1737,b04c8d1ceb2f5cd4588862100d08de323dccfbaa,02650e060c87f69f0f02df056f518f81fc41db5f651286c1e42d910813a287ee,,8a74c48039276b1587268ed7be54e403d6a7b621948b657be1672a2233775129,128
WIKIPEDIA,1738,train_extension,1738,1738,b04c8d1ceb2f5cd4588862100d08de323dccfbaa,81ec7c277dd8b4f2b6ede8ff45a24bab5afe687120b1b47999350a408794e719,,70c1992b092aba19397171952ca2456afd0b54dca990ace65335b256c594b10c,128
WIKIPEDIA,1739,train_extension,1739,1739,b04c8d1ceb2f5cd4588862100d08de323dccfbaa,e8136dabb16517b7e7e96bc0dc5225da1caa40b656228ea3242fdfa9a52a2984,,8e9615f3c62e289ba16adc16921c57cc7bcbda43c902ff7a5a8f930e839f42e1,128
WIKIPEDIA,1740,train_extension,1740,1740,b04c8d1ceb2f5cd4588862100d08de323dccfbaa,500b0fdced6a09172c650fb0191e26f53c0050b66a013c662965d6b5f6852615,,4bd5582b011e36f81915ac2d3138930d4f220b7cc8b2a1d3f80817fd10ceb21b,128
WIKIPEDIA,1741,train_extension,1741,1741,b04c8d1ceb2f5cd4588862100d08de323dccfbaa,363d53cb4a9cbc140c58c907ec5f9536ba8fb81b1fd140e411490da7852cbe97,,6ba8de165559f91c85ca6f1a932ddb17ecab33b11e89771bc5bbfc94f2dfa8e7,128
WIKIPEDIA,1742,train_extension,1742,1742,b04c8d1ceb2f5cd4588862100d08de323dccfbaa,f0f6fe47d8e2a89275da2a35ba777be7f3b7cbb71e143a04e924f6939f748dde,,44307bce126e573fdf34544d02380f4680fe9919d0716fdb848f87d0ad1f95fe,128
WIKIPEDIA,1743,train_extension,1743,1743,b04c8d1ceb2f5cd4588862100d08de323dccfbaa,a4b1e367869368335d20226478199b424a2db0c821e1fd5003f9eb9abca441f4,,006c12de0280a65d32b203ca5cd313a977bf879b44533e34094c6c68c65a7844,128
WIKIPEDIA,1744,train_extension,1744,1744,b04c8d1ceb2f5cd4588862100d08de323dccfbaa,1218ff4f739aa013875f7405263f67df6e4994d50d3a4f351c77eb2543fb8a5e,,1c08f56fcd34081b9d430924c41ad245c894e9f47deee832ce8f9f0b34b2d7aa,128
WIKIPEDIA,1745,train_extension,1745,1745,b04c8d1ceb2f5cd4588862100d08de323dccfbaa,2892584d32caec34a13e640ac595948d83194002e70293509bfa0cb74c644217,,848802a39c1fc171e8992f9723776aa01367fae8b4a07f91376dae9e4c751e7c,128
WIKIPEDIA,1746,train_extension,1746,1746,b04c8d1ceb2f5cd4588862100d08de323dccfbaa,0cf8f5af679e527a2c5d82a4a81155aa23c4801d2c03a54ebadf32c55fa75bfa,,0c58190125f8f6ba8fef08db2e83ebbb60137a4c802d0f0202a8c62b0873facf,128
WIKIPEDIA,1747,train_extension,1747,1747,b04c8d1ceb2f5cd4588862100d08de323dccfbaa,f3374a99eca40b8ac65689215b7f4d13be815cf320058c0ad3f228f24c9f0a14,,2b8cb806f744a1d52b648631397dc382a62b923fafee815886c7ac63b40c34f5,128
WIKIPEDIA,1748,train_extension,1748,1748,b04c8d1ceb2f5cd4588862100d08de323dccfbaa,b387a0445d22c778dba5f0c8e0f60a0697c2bc16f6b52b8b0ca6b215b896e2d0,,3d143c1f8408140dc0665256d292841cc4c1ddb8ce8a9817adf9a1b7962aa121,114
WIKIPEDIA,1749,train_extension,1749,1749,b04c8d1ceb2f5cd4588862100d08de323dccfbaa,564597f98d15f60c5480c3bc91a40a9d5f78e2ba2f285024a0491a7ab61ed1be,,35b1db994548f0b0a1609b04a09e35c4cf08504457097b9a2cc9e3183ad87cb5,114
WIKIPEDIA,1750,train_extension,1750,1750,b04c8d1ceb2f5cd4588862100d08de323dccfbaa,5df632a31025c2b640b48d4c9814144a08f65fb90dfbfdae97b868df2609dba3,,0ee163a60f28c3ee90b0dec3eb07b693e1feb69d03b3967601ce1170f956ea47,115
WIKIPEDIA,1751,train_extension,1751,1751,b04c8d1ceb2f5cd4588862100d08de323dccfbaa,2fa9e43b9771df85d35dedb6af9f99bb95311cc62b298c8fce720015c7f2e5bb,,434692b3804db3c8b6ac709734c75a9f7ba18356905ddae2ca14cca8205b65e2,128
WIKIPEDIA,1752,train_extension,1752,1752,b04c8d1ceb2f5cd4588862100d08de323dccfbaa,f54d3179af0ef505bc1b7a233255207af93fe3d09ed2fdcfda3889f01be5668e,,e4b347bb69df0c2d64cf7ee799b27500767d0da7eb03a1e9d5fa1ced2f148315,128
WIKIPEDIA,1753,train_extension,1753,1753,b04c8d1ceb2f5cd4588862100d08de323dccfbaa,cb419b763960f0f4063b47618c03eb68c3e50a0698a6d7f6e602e0faf28b3b43,,8477d4fa0310619eaf3dbc7e16291f9760e370aecdf5a53abdda915b263dac20,128
WIKIPEDIA,1754,train_extension,1754,1754,b04c8d1ceb2f5cd4588862100d08de323dccfbaa,2c49bd18e3c2a5fb69e7f9ac77cda8e1d78cdf1336b05bd4c2c5a6a1df7309fa,,c85b83ff43336c64588d322a992fddadf1abc8b33fa23a4b622be123eca65193,128
WIKIPEDIA,1755,train_extension,1755,1755,b04c8d1ceb2f5cd4588862100d08de323dccfbaa,9b0a0cc40de98d5a3328555aaf2cbdadf4a2a9e02763f42a9fa8292f9021d794,,62c7bda459be0ed29748dbf3ce2d5837c5970922bb5c4d17c19a4a3032b85ed5,128
WIKIPEDIA,1756,train_extension,1756,1756,b04c8d1ceb2f5cd4588862100d08de323dccfbaa,1d23b6cd9514ac4c69d63595dbee5c06899fb868343da55176a616e47f15cd3c,,40bc7e13d6ddb08bb7301074315d7c7547426bbad45acc4c7df77ff2bc9ef4da,128
WIKIPEDIA,1757,train_extension,1757,1757,b04c8d1ceb2f5cd4588862100d08de323dccfbaa,8066778743dd1be72dfdaf058ee449d94fbf24a13bfa62cbe0df0db85db5f729,,7ac1d7a15f86d08f8f1e4240e7dd28dafe1042c96bfe5647ae8ffc23b55e443d,128
WIKIPEDIA,1758,train_extension,1758,1758,b04c8d1ceb2f5cd4588862100d08de323dccfbaa,71e72d79300cbedb7fcbad0ec98fe4290d6e6fcfe9ac4835457de37792b904b3,,b35a1c7b8d02d7e62010bc82b6f098eb96318522220bd6a17627ac244471a2ad,128
WIKIPEDIA,1759,train_extension,1759,1759,b04c8d1ceb2f5cd4588862100d08de323dccfbaa,95c84aa13764ba594f7546b99c732a7544c110e79449f8800c450cf8f9f41d56,,eeca4abc9cdc808416cfe4128e6d76426b2585072d928c157aad34fc0fc48156,128
WIKIPEDIA,1760,train_extension,1760,1760,b04c8d1ceb2f5cd4588862100d08de323dccfbaa,3c2b64047962a5eed4b2f8e5f80d499873fa2bc929c4ee2080e7c2475bf8b9f7,,0ad4941a8e06dabf13deb972ec0cc91369e0b67fe1729c3cb6eb18d50a949d58,115
WIKIPEDIA,1761,train_extension,1761,1761,b04c8d1ceb2f5cd4588862100d08de323dccfbaa,2e3e62ad3fabbb4d74b9b995dd75bd5c5c1e2cc05b985f0906a0289642d0a9fc,,9f85cfc03e7c0d185f848d6fea873be893228766aad98f2f9756e5da6e024966,116
WIKIPEDIA,1762,train_extension,1762,1762,b04c8d1ceb2f5cd4588862100d08de323dccfbaa,2fed42313e578ffa5c53279f8b01220e86b98991e308fa4739c7a6d6b9dcd6f2,,797794738a1be64ab6a2ec06da6ec9626ebd09a676adb1dfceda62c374ea13d7,116
WIKIPEDIA,1763,train_extension,1763,1763,b04c8d1ceb2f5cd4588862100d08de323dccfbaa,29d717bd4f18a382b8b17a73848a9158ec1323e42a87aaf938bfc84c5c26b175,,60f535169a523ce3577601ab31ed19d01335b6740302773156dc3e44bb5a3d78,128
WIKIPEDIA,1764,train_extension,1764,1764,b04c8d1ceb2f5cd4588862100d08de323dccfbaa,9e389de20b848383cac25824cc9267036e4a9868c639111a693e2773ec81d4ad,,50f57a158113e1bbfa0c40bf35e1a17c3d8a07f18e034c9bc2af5e20325ad758,128
WIKIPEDIA,1765,train_extension,1765,1765,b04c8d1ceb2f5cd4588862100d08de323dccfbaa,6acf7852485cf2e6892b8d19b08f2808aaa0e67ac5777414b8fe21a65200a305,,6537a9603a5d278cf16a00b27df70a8ebd2725f4590cf0f7191d348ea956bf2e,115
WIKIPEDIA,1766,train_extension,1766,1766,b04c8d1ceb2f5cd4588862100d08de323dccfbaa,e18d0fdbe0dc86254caf24c89b7a0a902e2d820297bd0cb4c6c4ff587e48a54a,,970cdef1718abf93f7fa3914e61b42a9777e280f2678c9f130cba0f12afd21dc,128
WIKIPEDIA,1767,train_extension,1767,1767,b04c8d1ceb2f5cd4588862100d08de323dccfbaa,2506f5042aad9a1db785648f5d098b9ab35b22cc643763cf166cf0c32bc8fa7c,,6af785fe40057e7f01cc87e1d7f5fea9446d42ab8920f17de36073da03cc45a3,128
WIKIPEDIA,1768,train_extension,1768,1768,b04c8d1ceb2f5cd4588862100d08de323dccfbaa,609a4d35d0543b56a8884e34b3ea1c0d706bbf3c841171aa77990868a3ed77e2,,ab80a3416a0da82d6e836bd586c3081d17fadf7ef4e45604c29b2c1be6da8775,128
WIKIPEDIA,1769,train_extension,1769,1769,b04c8d1ceb2f5cd4588862100d08de323dccfbaa,2db24a9e5b44e0309453ad24b1111ce6e73698eb0e8a57dff7a3ebecc0a4d570,,525855feee5a37539418bd22885e785181d430364f6cdac1187ad5e31bf1aeac,128
WIKIPEDIA,1770,train_extension,1770,1770,b04c8d1ceb2f5cd4588862100d08de323dccfbaa,961cbea6491f2aafbb6cd00d17451039c7e80c52db70daeabf89f1d464e7e4bf,,c1d5e5747c8ce3ce12e1ccebfae034f84326e8f54be86585cb26fc0fccf73d63,128
WIKIPEDIA,1771,train_extension,1771,1771,b04c8d1ceb2f5cd4588862100d08de323dccfbaa,991922a59dab5c105a33084d4dacf1681473126a0dc2f9236816970e4ad8ce6d,,f6a9899361f190791923ceb3f5542b26ac17111812760ee86d32c4623cdadd79,128
WIKIPEDIA,1772,train_extension,1772,1772,b04c8d1ceb2f5cd4588862100d08de323dccfbaa,6c0b64ec6765952c043b7349f6c800a0be40b56238a2e92c16a6c4dbbc880f91,,602264352c155cc3d301bee0a50a6cdd300853eba47112bb43bd2c82b367b49a,128
WIKIPEDIA,1773,train_extension,1773,1773,b04c8d1ceb2f5cd4588862100d08de323dccfbaa,edf28aea079379497061b87e4637408d216c1963ec4c67b851c90f16c1f1b40f,,5750b3d5b22a05de250429550981dae43900da5344d24c2906fd45dadc736499,128
WIKIPEDIA,1774,train_extension,1774,1774,b04c8d1ceb2f5cd4588862100d08de323dccfbaa,41d20544feb553eefdd1f9f8f6aae4aa69c356615ed1aafa792e93f576da531e,,0c9de6bbed6db4b8fc4aeed586e1e45ca00597bbdc9856f0e9f7b87c25ef872c,128
WIKIPEDIA,1775,train_extension,1775,1775,b04c8d1ceb2f5cd4588862100d08de323dccfbaa,cce980399f9e0996b0a369bee235a618cd8e53f4a3f3a418f3960c4106e45a71,,5a8de1a75565ec9773ebb5d18cf97a7d45828b8b1467216e0bae3b421628faac,128
WIKIPEDIA,1776,train_extension,1776,1776,b04c8d1ceb2f5cd4588862100d08de323dccfbaa,e5c274a68ca0200a6cff111f829ad02cb7aec030cae9c0a8bf49603990ad05c9,,b7daf578948747ed2e5d3189b91b53b81d9f656441592a6ab514f4d95538c4db,128
WIKIPEDIA,1777,train_extension,1777,1777,b04c8d1ceb2f5cd4588862100d08de323dccfbaa,1d318fb6d16512d75d984358ef2b766589f38456cd7c3cc7e2a570cafd98d9cf,,ec2e082c964757c097298e37c4b01241b857d6b212d43256eadbe52194ed04b3,128
WIKIPEDIA,1778,train_extension,1778,1778,b04c8d1ceb2f5cd4588862100d08de323dccfbaa,d0566e5e854b3cc31fdeba769df73e50372896f4fece15baff620300461072d2,,642de4e34a542067d972bc14377e68118c1265939d12e9f4154735ffb779f305,128
WIKIPEDIA,1779,train_extension,1779,1779,b04c8d1ceb2f5cd4588862100d08de323dccfbaa,c6883e031a1669189a37e9a949f2845b29b39722b649eea98c7ad81957e6cec9,,5a1439d54b07637c333bb5dadd5afe086ba209a7b6b1a63cf4faa6e736d82d8a,128
WIKIPEDIA,1780,train_extension,1780,1780,b04c8d1ceb2f5cd4588862100d08de323dccfbaa,69f99aab54978be0c4a20cb81f766e7860ca7161da57b5e932049677f950aee9,,12d55fd40cfbac0fc7945b331b8373904a3d0d83f8b6cfca5b2ad93c3ae5f400,128
WIKIPEDIA,1781,train_extension,1781,1781,b04c8d1ceb2f5cd4588862100d08de323dccfbaa,b917c613e9f7b2f48fa4b3f9b2daf263fc13ffc06f1ee5919a6f09aa9a49304d,,8d552b9a9660e4f94f31f9d21d9badc89fb8fb696f36189620cd0bdb585fb17e,128
WIKIPEDIA,1782,train_extension,1782,1782,b04c8d1ceb2f5cd4588862100d08de323dccfbaa,ece8a11438bead22a361c8e776d569c35093730816e0f39dd7787725654d40e3,,f1a5dd3f9bbb71b87121599f2a7c031d76d42221f864fb3fa5e62d119430e56f,128
WIKIPEDIA,1783,train_extension,1783,1783,b04c8d1ceb2f5cd4588862100d08de323dccfbaa,a853e6f3e3b4b7f1b54dd5177f716a9c00deef1139d80560b324c5b726ab7970,,826b77260d346cb4d4a8a5a69108d54c35e8d0d477a2269364f2af8bd7219e69,128
WIKIPEDIA,1784,train_extension,1784,1784,b04c8d1ceb2f5cd4588862100d08de323dccfbaa,ed38e3366fac67e539f030aa06dcb67aa85bfbb956955dbc970b5ca776c6c023,,3c6590dfd85649cb7e6adf217fc0fa3ddb7244340dcd0c17a4cc620a4d25dd55,128
WIKIPEDIA,1785,train_extension,1785,1785,b04c8d1ceb2f5cd4588862100d08de323dccfbaa,fe82971222b64a3468c76bfeccf4cd0e25f1f8d85f336d3fc75e9a291c4b0e0a,,0a98b9a7d9302bf7d5473db93c05f7b2de09da5aca34d7b26a14932f9fd3d4bf,128
WIKIPEDIA,1786,train_extension,1786,1786,b04c8d1ceb2f5cd4588862100d08de323dccfbaa,f2c0cfae958e2c8fc5fd69527d7b4563c8f0dbc9fcc41aaeffc09188cc1da73f,,3aed3f04b336afed255494ec2c0ded9dc9a7b519a32e083e3c0d105165287ac4,128
WIKIPEDIA,1787,train_extension,1787,1787,b04c8d1ceb2f5cd4588862100d08de323dccfbaa,c0cb3a28814544de31d42aab665aa1429779ae732f767ea3f28c3672d2847bd5,,ea940c27e83eb97ada94000cdf6f8431372cded238185040776562d4a21e3628,128
WIKIPEDIA,1788,train_extension,1788,1788,b04c8d1ceb2f5cd4588862100d08de323dccfbaa,1e778cf9888e9d9c128114b31685314e2c4a7fc02ec8b87a9b564c00d5cef57f,,bf858abc9bba4f47fef98792c0c0c579eddcd5df149c7b9b988ab47122b0a5e7,128
WIKIPEDIA,1789,train_extension,1789,1789,b04c8d1ceb2f5cd4588862100d08de323dccfbaa,ec97faa373d67b6d69ad9233deceb2c8360e761d7ab507bb267f66d0e3a1c74c,,9cb0d6a998627b254a1d6b4744cf933aee3db64d5a7dc331d9b75dc245abde39,128
WIKIPEDIA,1790,train_extension,1790,1790,b04c8d1ceb2f5cd4588862100d08de323dccfbaa,c4abd2463a938441535190445bd03417dddff97ebb93f050bb082238c1d9f0c4,,9f142cda2366dc23a6837ed1743177131ff1777c87d8b87ee3c4a221bce16947,128
WIKIPEDIA,1791,train_extension,1791,1791,b04c8d1ceb2f5cd4588862100d08de323dccfbaa,b800de6b1e3a2490546aeb4c359945352d4193c02ecfb93ad20998af1fca2c1d,,0dff42971ba2bfda54d7b8abbae10d5ed53d4971983f128bae2fa26ab4ead27f,128
WIKIPEDIA,1792,train_extension,1792,1792,b04c8d1ceb2f5cd4588862100d08de323dccfbaa,0b15efe752a4fe9745140281b74c84c3b287ebf98543956ce25ebeccfcc8b9b1,,4bf346421f56bd0a865b9445a912a1c7b238590682f564b0c235251a6efc13f0,128
WIKIPEDIA,1793,train_extension,1793,1793,b04c8d1ceb2f5cd4588862100d08de323dccfbaa,54fc56ed07d46235bd983f19ff40aafc8ca239c5ec7db4812160cb1887e67a2f,,3435de77a119f8e9b11cd393995962b5ba8fa26dc9bbcc75e55179e60e1662c5,128
WIKIPEDIA,1794,train_extension,1794,1794,b04c8d1ceb2f5cd4588862100d08de323dccfbaa,631d5a1d2ff6b92cd1cafdb2f09a32b49e87ef549d123636f03925c6dd393a88,,6775d37028a2fd91df2a77a42fafe5b319695539bdb8caaff7f7cdfe111d84e1,128
WIKIPEDIA,1795,train_extension,1795,1795,b04c8d1ceb2f5cd4588862100d08de323dccfbaa,60f89b735a9f2889d69fdf983e7a9417bdc4b870ed8d96f57d37508c2cc22f26,,7c973af8617e817e282eb4cfa384637389423b7f3635293448c166f5cb7f8d22,128
WIKIPEDIA,1796,train_extension,1796,1796,b04c8d1ceb2f5cd4588862100d08de323dccfbaa,149c67f6363c5606da13dea198fe42453597f9254b2621b034d74b5f25d8498f,,cd35fc747f1416dd0deafd9383061131f10b009a046db8bdde4d8f8fc134b0e2,128
WIKIPEDIA,1797,train_extension,1797,1797,b04c8d1ceb2f5cd4588862100d08de323dccfbaa,6edac5a216d3ce9205c1c396a19a5ddfd3023175e1962dd7885492c7b0254c17,,b86e59561fb5138a478357b2f8a0ead7a87106278332768cee75a85c178be978,128
WIKIPEDIA,1798,train_extension,1798,1798,b04c8d1ceb2f5cd4588862100d08de323dccfbaa,cbecd2044574e166205d30b0d1c025cfebd018ccba9b3639728bd712560b0325,,eef26105671e5be50afed450c31d05ea3546562ee245cdb50261adb45a66d065,128
WIKIPEDIA,1799,train_extension,1799,1799,b04c8d1ceb2f5cd4588862100d08de323dccfbaa,4d72eb10833b5e5db31209781db331d64e3e59df801917df7f4941b84d38f863,,34e41cd82038c076556c3cc8668b1db9a6e5e03b1a71e06c3351606d716e8d77,128
WIKIPEDIA,1800,train_extension,1800,1800,b04c8d1ceb2f5cd4588862100d08de323dccfbaa,bf32490ad73c05692a464b612aa0a3a31aeb69765fdbde00ce309e8ccfe5ec90,,fcdc9748f84ca11140f3409b89c938309447d3ffa216d30c3d7a0f699aeea138,128
WIKIPEDIA,1801,train_extension,1801,1801,b04c8d1ceb2f5cd4588862100d08de323dccfbaa,86d520b690f93b115f6eff87e42f694c89f28e2b5733d54b979670257a40d612,,513f5ca31bfc1ed5152747dfae74471afaf42be58ba5dcfad178c7af8e4c8843,128
WIKIPEDIA,1802,train_extension,1802,1802,b04c8d1ceb2f5cd4588862100d08de323dccfbaa,c4ffc192cc7cf6bf4d3b6927aeea5123c9a218c897abc769ebe7d445c90cce3d,,015ceb06eaa5d11a7e483d05bd8ad46dee7fa4550fd9746bf0eeaab7f0537a21,128
WIKIPEDIA,1803,train_extension,1803,1803,b04c8d1ceb2f5cd4588862100d08de323dccfbaa,ae8c3096f90691369f961bec8e7f56dd1e3242084ee2d676e34f36fc6c26eb13,,109fdf8850387b118706a42d2f5a67bb12cc55934eab82813acebaef0821aef9,128
WIKIPEDIA,1804,train_extension,1804,1804,b04c8d1ceb2f5cd4588862100d08de323dccfbaa,f4288486af1e70f4a6a1abd3f30cb473b4f95f3ab8cb44ae457afdc5868247d0,,a4d44e388376a14d8d370efb3209df3fb8b42b741958c4ec7c8fe9d1d7b7eaf5,128
WIKIPEDIA,1805,train_extension,1805,1805,b04c8d1ceb2f5cd4588862100d08de323dccfbaa,a3165a3781b29e2cdd5b88638aa9ee2d40f91edae10aa69b1d065ea9d0674aa2,,be7d6f7383b2b33adc57a4f0a16f5d2fe5339ebe251cfbca45b1a53d75a66d1f,128
WIKIPEDIA,1806,train_extension,1806,1806,b04c8d1ceb2f5cd4588862100d08de323dccfbaa,801e30eb560ceb579df5d790ba723da885353407697ea1ab3a045e76ee3d6447,,b39e97de5ba28b394bf4aec3d186372ee2cab96f224f3531203ed696e2ae3cfc,128
WIKIPEDIA,1807,train_extension,1807,1807,b04c8d1ceb2f5cd4588862100d08de323dccfbaa,85d9091adb7cc967910a00b3b2d4371e33b120a6656ec7146089ad895d095167,,2ab2def503aa205e474a0e5d66b516f451547ace0ee094474975343520935f39,128
WIKIPEDIA,1808,train_extension,1808,1808,b04c8d1ceb2f5cd4588862100d08de323dccfbaa,0c1da29faa051cf9cc89f7a4731435d322dd7f6423cdf39cc061671e4b22403a,,ac2043a8f1774c6d088e8d0b105ccea6630746cd3a953c8489cd3844c330138a,128
WIKIPEDIA,1809,train_extension,1809,1809,b04c8d1ceb2f5cd4588862100d08de323dccfbaa,da4e1494fd2fad88980def150dea024e013e4fe7cc12c01c9f0f8ffb99c875e1,,eea60181bb7955457581a29ec3862d4dca7e45c1380fffaebe328d8255888912,128
WIKIPEDIA,1810,train_extension,1810,1810,b04c8d1ceb2f5cd4588862100d08de323dccfbaa,96a44e285fa1c5b08be90e337445eb595de3b3d5848d8be59bc2b1cb01b303b3,,e9173ca33a044c41c3fbaffc7b277b47cc9a577be8b57557f0913ff85e754656,128
WIKIPEDIA,1811,train_extension,1811,1811,b04c8d1ceb2f5cd4588862100d08de323dccfbaa,eab31796d7a968da6ef92313709083aa058b53d099497839b24d0ea30f2e88d4,,134953773cbf5feaf603bebe47af1bf027f427d50f158eb40e072c78114c8d99,128
WIKIPEDIA,1812,train_extension,1812,1812,b04c8d1ceb2f5cd4588862100d08de323dccfbaa,d39169d0d43a48302f23c8e387c0d3e02d67de35ae275c414921b72b00a3bb12,,2da3f852429935024730f0f803eb6f3d23d2e62a07d2d32ca745dee33ca44ef9,128
WIKIPEDIA,1813,train_extension,1813,1813,b04c8d1ceb2f5cd4588862100d08de323dccfbaa,644dbbefe0f8d239feee0b7e11ca15df6ded7f797e6a11d773842ea1d905d9c3,,582a1e728f00e9f9d29854bfa39241bf77a71def5cad05ea80865ccf27899786,128
WIKIPEDIA,1814,train_extension,1814,1814,b04c8d1ceb2f5cd4588862100d08de323dccfbaa,fd70a642400a74452077466bbd3a6babe78c4560586ef60f9aa9b3090b8aaea6,,48b370d882b1b27389f1bb1aa56bb6893b4ea138e8bc362ee7087c375613b9da,128
WIKIPEDIA,1815,train_extension,1815,1815,b04c8d1ceb2f5cd4588862100d08de323dccfbaa,f853a7a052f7cf3dfc32c68b2626d81740b7a064726f48ed9b7894bda147c727,,b7799984f531b70b7e53cdbf9b260a453f4857d6a1adb297bee492861c656bf5,128
WIKIPEDIA,1816,train_extension,1816,1816,b04c8d1ceb2f5cd4588862100d08de323dccfbaa,4b8e3af341eb987f7211cd35af512862ad97c41eab8190efbfb79c23660a3c40,,d22a1e527ab244bbd74aea172f9cfe91979576f8b8b797fde2345be4b5d50dc0,128
WIKIPEDIA,1817,train_extension,1817,1817,b04c8d1ceb2f5cd4588862100d08de323dccfbaa,8542d0e9d8317355f9f6f2e46e75f6a71461e245377fffebbb0d4f4c82d94983,,13babfc3ee555be8faee26674be4e0c3830b960e69a2818d8e2745ea525a2bd9,128
WIKIPEDIA,1818,train_extension,1818,1818,b04c8d1ceb2f5cd4588862100d08de323dccfbaa,42b47a7f6eb2654d1d437fac4034b8c022c38113671b86f5f9f43efbd8ba45e1,,8142386b3e773c1956a12c2b35b795c1cb04f5a1cf507608f0c75ed7a773d05f,128
WIKIPEDIA,1819,train_extension,1819,1819,b04c8d1ceb2f5cd4588862100d08de323dccfbaa,55c517aa2f846476f35dc29c06ce8505bb2e8d03fc6534cf09e3490f201be5a7,,b949556a5035caa2394d29e019a9c2b379297be2f6652d6daafc2bc4c1c05762,128
WIKIPEDIA,1820,train_extension,1820,1820,b04c8d1ceb2f5cd4588862100d08de323dccfbaa,8157249d69c128352e44c96032560e1dc8054319b7cb9435b1132aa421fdbd5d,,162be05e7841957b9d35e1cf3c436857b14972fef3141203b689c9fc123f116f,128
WIKIPEDIA,1821,train_extension,1821,1821,b04c8d1ceb2f5cd4588862100d08de323dccfbaa,b69d5e565073bb964b662c08efaf66f6a3a0aac56443f24201921209d1c2dba1,,da7359e2d8dbbec8796934c013449e0e130e032795faecbf4ca2f4d8fe8f64fd,128
WIKIPEDIA,1822,train_extension,1822,1822,b04c8d1ceb2f5cd4588862100d08de323dccfbaa,fe9236f2bc8b7e6a8329acd01e8d48d1aa742e90521cf4041b1eaa7b9a2925f9,,944390c1ba8c30571c5523040adce527cc5d23720d28811cb3965c9828acd8bd,128
WIKIPEDIA,1823,train_extension,1823,1823,b04c8d1ceb2f5cd4588862100d08de323dccfbaa,92da506e175ba5f22803fc03b20ec69d51c544ba87c1157b0cfd140cb8cab688,,e9050976ac6d07a16af3b2bd98152b452fff615183afadb5362428301963abcb,128
WIKIPEDIA,1824,train_extension,1824,1824,b04c8d1ceb2f5cd4588862100d08de323dccfbaa,31f18cdae7b03b6451e2c08a0e2c50179a31f83c01fd032fd5457a715a2941df,,2eaa251d82ce74c9b0cffc3cdfb455505947fb14cd8c969886099dd0942c8af4,128
WIKIPEDIA,1825,train_extension,1825,1825,b04c8d1ceb2f5cd4588862100d08de323dccfbaa,7fd48015f3ce3f212402bb60a8b7612d5b9bf09d41362e814653459d768db499,,5c11269c8a95f15f4583e0f9f2c742908ed78a4bf3a2fe19992a072fe73f8784,128
WIKIPEDIA,1826,train_extension,1826,1826,b04c8d1ceb2f5cd4588862100d08de323dccfbaa,bb229853cb11892ea12cf44d48ebc85f31ad3926a202d0b467321d8707f1c6eb,,27d067c39279649f09dae9f7f4c3f5b734e962e5060b02e1b5ec0d63ddfce746,128
WIKIPEDIA,1827,train_extension,1827,1827,b04c8d1ceb2f5cd4588862100d08de323dccfbaa,aecb268c517923efbb7d5c6614d5a2fa60aa351f587c37e8a40d8f625ddbfc79,,b15769625eec46ecb44d54d5c1605f748b983ddb94fb732c0c0180c3b8a60d8d,128
WIKIPEDIA,1828,train_extension,1828,1828,b04c8d1ceb2f5cd4588862100d08de323dccfbaa,c353fe67bf81481504a1f595c77cde318fc6659bd97028abf3d4089a8126f039,,bfe21faa36d6d8b98f00d37c549c1fdc682f6cb704669b48b67fa62f2c247b7b,128
WIKIPEDIA,1829,train_extension,1829,1829,b04c8d1ceb2f5cd4588862100d08de323dccfbaa,ef9c0e3a3bec87a0540ae3fc7ee70d8b7927718457c97f689f95456e897ca908,,1eb0e40899a12885bf140b93b84b244b687b9c8aefd61ff11c66af1495dfda5d,128
WIKIPEDIA,1830,train_extension,1830,1830,b04c8d1ceb2f5cd4588862100d08de323dccfbaa,50c534872c4c3194e07258fb50998cc2bb9aeef0a75e95bf4f01335abfb2aeee,,144eb14fd6d298ad2e3d7627780905a9efd0459ea01e1f05f05a2a983436f2c2,128
WIKIPEDIA,1831,train_extension,1831,1831,b04c8d1ceb2f5cd4588862100d08de323dccfbaa,3f1b8c4c395bfa515cc00e34fe2c93316d3fc454317cb751fc3cc7dcb51f1f27,,a226899810f30317adabe13f38469a0f6c7c46b8a1e8c41b596fd13d384c655d,128
WIKIPEDIA,1832,train_extension,1832,1832,b04c8d1ceb2f5cd4588862100d08de323dccfbaa,cfd10ab5618c2c1d952b0292274121b3b32599b39e1aad3a701b7e480110b3a8,,0f8959f31f4b402195c05a8b34e7fda61d9e3e2ba5070047aba2e860a359e5b6,128
WIKIPEDIA,1833,train_extension,1833,1833,b04c8d1ceb2f5cd4588862100d08de323dccfbaa,586c7b3e40f33badb5bd134d6229eec88f238eb39b74342567b2dd0d6371d62f,,672beaf4a1605abaa5dc5f6d0a1a83360c36524c49ada8c1421aa69cead90ae2,128
WIKIPEDIA,1834,train_extension,1834,1834,b04c8d1ceb2f5cd4588862100d08de323dccfbaa,0cb5c03bdeec5d0df6bc4a02804f2e689eabc09102ef9d5364330f42d6d0f057,,e3719590861552f0a08db62eb8f633ae6e70ca18c95644a7467f4af68c336b0a,128
WIKIPEDIA,1835,train_extension,1835,1835,b04c8d1ceb2f5cd4588862100d08de323dccfbaa,d0a34dc5d2d4faa5b8d9a5bcbccc99ee966e1447964bb51909b0d9c67d7549db,,84a56e139c959184df751bef540841aa5e57b8fe70a6ab6bbe49c1c3dbca15bb,128
WIKIPEDIA,1836,train_extension,1836,1836,b04c8d1ceb2f5cd4588862100d08de323dccfbaa,4e2a0759a01ade1d6ad7db662ef328f9583b98da653437199993ba7557b6f512,,77b520234bcaf423d88374275f23294c3f4d8c3e70960fec5c25079817f1fd37,128
WIKIPEDIA,1837,train_extension,1837,1837,b04c8d1ceb2f5cd4588862100d08de323dccfbaa,b7e684225fca9f0e729970297a97176031fbe76dc3512b2fa0af8625dd92adb1,,0d19d1dc6bf6508873e91f422bc4cc01bde7ac7c404c22d083871f855a762c9f,128
WIKIPEDIA,1838,train_extension,1838,1838,b04c8d1ceb2f5cd4588862100d08de323dccfbaa,083a4e18f0b29383fda6a59c1f69f9905ceb725258ac9b11ebbf3170e0c6d0b9,,516d313cca4cfa7a7de8be144602fdb39d23711ab75fb0f8895780f725c743b0,128
WIKIPEDIA,1839,train_extension,1839,1839,b04c8d1ceb2f5cd4588862100d08de323dccfbaa,afda8e169b8f00ab934d7c112de02b81a1a7c1c3d4fc069492995d59489cdb59,,983b2ccaca6937969ad1eab9b92bd47ef26e97656e681d52baf8f61cb428d2dd,128
WIKIPEDIA,1840,train_extension,1840,1840,b04c8d1ceb2f5cd4588862100d08de323dccfbaa,43b2cead3bc3ffb5f0f707bc13e56320a1ad55a541c5e1189521a5439aef199d,,0b8c278c40a18668826beadf443a5bb19ab019523c88ae24771f13d5ea4e8f7b,128
WIKIPEDIA,1841,train_extension,1841,1841,b04c8d1ceb2f5cd4588862100d08de323dccfbaa,694ce9323a951a24346fa5572b10f591208d656768853c4614269df8a8ead529,,16901ee9693fefdc06e500fd67b560c537fe7b5eff382237e9b79834512749eb,128
WIKIPEDIA,1842,train_extension,1842,1842,b04c8d1ceb2f5cd4588862100d08de323dccfbaa,4d20693ff52f9461bed3e67a35e52e8220ab13cbb7ed5f2ccf8d2854e4dea6df,,da0f29be1ef4d7c0ad0068545d08f6a94310568be3ccd30b721e673cc612683c,128
WIKIPEDIA,1843,train_extension,1843,1843,b04c8d1ceb2f5cd4588862100d08de323dccfbaa,e326479fab087c42bb8fce25d5390fa13498f4253b9884e0be0f90c2056838ab,,9e61001a6d6a0b7b1abeff6887684b1c1f1a6a485807e01ad4c7884cfd89ea6a,128
WIKIPEDIA,1844,train_extension,1844,1844,b04c8d1ceb2f5cd4588862100d08de323dccfbaa,661ea2cecbd7c307be1015baf5c466e27a8587aad585fc9d01905693764026f3,,fa778a916e2d7055229a4126a2f61e080a77a00886efb747aebc0c55804964e9,128
WIKIPEDIA,1845,train_extension,1845,1845,b04c8d1ceb2f5cd4588862100d08de323dccfbaa,9095018eea32f86b7d6018eb35d75487eece33c4fc924c7235862b46ce14a527,,fda0c8131a19f5f1d79f487c485fd70db7a8c95922dddc027908df16d8ac9116,128
WIKIPEDIA,1846,train_extension,1846,1846,b04c8d1ceb2f5cd4588862100d08de323dccfbaa,b2c6c627bb5370dac6b7472cb2968f7bf792e9898ffd6673d65ea39df36dadb7,,261c8e19cf1bdb4d74314f9f8e492996879bc02c387aaed037c71728f2355693,128
WIKIPEDIA,1847,train_extension,1847,1847,b04c8d1ceb2f5cd4588862100d08de323dccfbaa,1e0ac272c4f0e791a6647989db343b5d82dcacded42479d6754342eeca912f1c,,6346a4c8642871beda36c759f11354880c095396dc58c950379515f81427e7d3,128
WIKIPEDIA,1848,train_extension,1848,1848,b04c8d1ceb2f5cd4588862100d08de323dccfbaa,7d7952fffa7b1d7613b32db4d091fd805c7efa8fdf0b27f6246aeef26f8820f2,,9f0b7aa72d7ffd1ec9c334876da0b53cd9d1004531fd77d6391a9175409adbb9,128
WIKIPEDIA,1849,train_extension,1849,1849,b04c8d1ceb2f5cd4588862100d08de323dccfbaa,deb5a74914b01d285f135e2ab496f6f4e7140b5a81b0bc44d5a845b020926061,,a77092ea2cf5d0704fc3c40866c122fe1f9e24c65a66baf253d98b33948981ef,128
WIKIPEDIA,1850,train_extension,1850,1850,b04c8d1ceb2f5cd4588862100d08de323dccfbaa,83ed56f797f2f8c711f230d7f40df066e8347d46e7b07252a2c237cc95ca64b5,,bbc6b3fc8c29048e772049dd198d9b0c4bfa9ef46c990ecc340de05c10aee2c9,128
WIKIPEDIA,1851,train_extension,1851,1851,b04c8d1ceb2f5cd4588862100d08de323dccfbaa,a822ad37e49b57dd084eb631ba9db51dc163350812b1cf85903411e7904f02a0,,d4aaf0fb56c33702abbf1a67c0287881ea71c42bbabf4493978791ef57756851,128
WIKIPEDIA,1852,train_extension,1852,1852,b04c8d1ceb2f5cd4588862100d08de323dccfbaa,5f24cd8f3d611932203efac5240596963e14d45dd18a2274e168f4c3663c69ba,,9b9cd2760e9f57a1a02b7079d6c8838be6a0edcf2cd1ae66118db301681dd23f,128
WIKIPEDIA,1853,train_extension,1853,1853,b04c8d1ceb2f5cd4588862100d08de323dccfbaa,170474fd1d7208a4a234db7298d45f1e2dbb6a1d24ae70e44bdad77bb4d76f4b,,eb9920ebea16201df4d0dbd53fd40108177bcbcdb96d8b04527fc3cfd48ac0ba,128
WIKIPEDIA,1854,train_extension,1854,1854,b04c8d1ceb2f5cd4588862100d08de323dccfbaa,29a2018fca199054d72c34b01e92b799b498f0d7a40fc4226a345a36d9bbeae3,,589cc2739635720d9aa0e161e740f78c5df4d6bc4cc6edd2b4c491a007100291,128
WIKIPEDIA,1855,train_extension,1855,1855,b04c8d1ceb2f5cd4588862100d08de323dccfbaa,b42f6b56b2ca998e8871b2257680b267f83996d7fd95d36f3cb058da2304a6a7,,d2c4b8a6b53ae2268e090fbb375446f64e868613c3a53085b31f110b45c5021a,128
WIKIPEDIA,1856,train_extension,1856,1856,b04c8d1ceb2f5cd4588862100d08de323dccfbaa,abba877e31e7eab291586f9ab589aefdf18c0e0bca581118ce5a1c0a645189d3,,19c85f0f041cbcf5bbb5ed5fcd874f56d09da8ad0a31903c757f39fbe17b710e,128
WIKIPEDIA,1857,train_extension,1857,1857,b04c8d1ceb2f5cd4588862100d08de323dccfbaa,e95f21fa2c7bdecca25e5c89aa9cbdfdef904aee57eea92332badf7d137a9aad,,a63f242ede192e1b58602ad04e40ea39568ef7bd3baf0a308bc5644a70b79c69,128
WIKIPEDIA,1858,train_extension,1858,1858,b04c8d1ceb2f5cd4588862100d08de323dccfbaa,0b5579363e9557e8c4b755fd4d16531ab5890c153e6eea7a0e9f9ee6cc2a085f,,e5994212f55fe34ded1a8a4c9a845be21ff45f63af45dbdbde120527cfc890e0,128
WIKIPEDIA,1859,train_extension,1859,1859,b04c8d1ceb2f5cd4588862100d08de323dccfbaa,7296505b6c85c9419f263b0f3a84234baf629381c5b201577a3b26a7235c9af8,,3c57d4d9389e25b0eb3dd5b617df88c65103d7af67bbde3aa03b543c9cf499c6,128
WIKIPEDIA,1860,train_extension,1860,1860,b04c8d1ceb2f5cd4588862100d08de323dccfbaa,018b7f98409bec61ede47a07e3d8f7f8c13614e35661ae79afc010047477f7f6,,97aafab0b64ca6a639d93441d8b2963d04ffc3f505a75c9a442cfcde83a7b65f,128
WIKIPEDIA,1861,train_extension,1861,1861,b04c8d1ceb2f5cd4588862100d08de323dccfbaa,245e0fc9ad2a2ecea7e4f25c770ad45f5ffe7c4fce6baa5227298878553ae87f,,8ecf0ae961f085c10723b53cd19af408319184f200737e66f1603bf08deeffb5,128
WIKIPEDIA,1862,train_extension,1862,1862,b04c8d1ceb2f5cd4588862100d08de323dccfbaa,40f16b33dcca98d5d84ca47768acd33a0388baa1bc0cddb0709b34aaaf8e8eaa,,f58237622b13665f94148c9836eeae3767aaaf146026578d62c87918ac581638,128
WIKIPEDIA,1863,train_extension,1863,1863,b04c8d1ceb2f5cd4588862100d08de323dccfbaa,09d6cf0970d28e4db6016b7c4bc6976d90c520f7bc53375ef1a9605922779b1f,,c6968c5b35ce94de839e8cf88151f557471766b2190034b3dc7bd94063ceccbe,128
WIKIPEDIA,1864,train_extension,1864,1864,b04c8d1ceb2f5cd4588862100d08de323dccfbaa,9e5f211e96904dcf063590bf7916dd831eb023126c344ba4ca6ff89813d154f0,,82554e07b1f63b7b740275eb982c8fb432d5bfbef1bbb8f47246de6ec1d5d12f,128
WIKIPEDIA,1865,train_extension,1865,1865,b04c8d1ceb2f5cd4588862100d08de323dccfbaa,6a3fe3a4e6ca23de87e47fd4e9cc13c2127ea43b1e04feb9e5ade0684a48770d,,a8c4218bc9723e190dada26ff3dd78f0d5eb0d5ada453e136778d8bb286c4ff5,128
WIKIPEDIA,1866,train_extension,1866,1866,b04c8d1ceb2f5cd4588862100d08de323dccfbaa,4f1fc3afccee57b4e83b5d6abc81a06384acbff459a017948cb63a3fc1cc2c80,,1032d6931570a72df259ee61d986cd4e0a36f6eb3315709eebf0988526b6a309,128
WIKIPEDIA,1867,train_extension,1867,1867,b04c8d1ceb2f5cd4588862100d08de323dccfbaa,46babbfa704421a6a00d63ab7af4e73c7ca5ca042bc61242295ff4dd2c075b08,,2e95ae0c3f2723a235c788cf5f00924a61fc66be1ca8ee52e2272d305d493746,128
WIKIPEDIA,1868,train_extension,1868,1868,b04c8d1ceb2f5cd4588862100d08de323dccfbaa,45c2ace100836f9824637ea9e77238649a65c8d9cdf2e6c2bbc9b87a6d95de19,,7673f7ac00d5a67c8fb3c473415d6ca975d99440c606e8a5a16c0728ea51d5f1,128
WIKIPEDIA,1869,train_extension,1869,1869,b04c8d1ceb2f5cd4588862100d08de323dccfbaa,b0f2c669b1c329fefb7b0a4b8831e0491a4dfcbc589ddec22961d96adeaee2a9,,0bb3656ce00e5fd6b163fe557f73803c14c3e732a7727231c7e157514dffb303,128
WIKIPEDIA,1870,train_extension,1870,1870,b04c8d1ceb2f5cd4588862100d08de323dccfbaa,ed513710fca5c1d5aa23ffd02642906d963b7cb49beffa516c423cfda6721cbb,,242801820379f511aad62b3749f0f1a09a166b403bfff3143b46f2c367b6cf9f,128
WIKIPEDIA,1871,train_extension,1871,1871,b04c8d1ceb2f5cd4588862100d08de323dccfbaa,8b213756222b68e10afc605439433780ecb0673b467930fbb2d6e5bf14c4f34d,,222dd96c2e7eab3754c594362e441d8c8c494fd4a1589b735f84258e06a2d742,128
WIKIPEDIA,1872,train_extension,1872,1872,b04c8d1ceb2f5cd4588862100d08de323dccfbaa,7a50eedbc53558e935ba0a178ffec582f83d1112d86bafb2ed956d0986127669,,c2d50b21b6fdbde8b9842224c7937402866b3de7b47eb8de26dd6bf3a0ebff0f,128
WIKIPEDIA,1873,train_extension,1873,1873,b04c8d1ceb2f5cd4588862100d08de323dccfbaa,e15ae20174babcc205fbea75dac9786b4c566d999dc28e52fba6a074e7fa6616,,3974b8815fd5ebfc3c8f3e259d99794ffa788f0e6091c3d3e9712ff1a74bc069,128
WIKIPEDIA,1874,train_extension,1874,1874,b04c8d1ceb2f5cd4588862100d08de323dccfbaa,fb3732891a57c21b63608f6d108cbb99851e2b446ea3ab445b5b9dc10dc2d027,,369bfc563f4e826b67a1cc223aab5dc3664a628379ccd3beaf832d3c420eea12,128
WIKIPEDIA,1875,train_extension,1875,1875,b04c8d1ceb2f5cd4588862100d08de323dccfbaa,a4a0e8d91ff5f5d0272c637d9bb8a3322667cb5b7fd348d06f11454ff9fbe5b7,,f36cb3254d9fa2581f26adc9542698daf52e1ef1a58f77c2498eef02b88cdd42,128
WIKIPEDIA,1876,train_extension,1876,1876,b04c8d1ceb2f5cd4588862100d08de323dccfbaa,550c2616d98110e6915d6bceeab208615145b025b80d7f4d8a99919e9587f451,,b9772fd290fb902d87ab48c45f3db57d19522dd6024ba2abc0eb0176c6c9f535,128
WIKIPEDIA,1877,train_extension,1877,1877,b04c8d1ceb2f5cd4588862100d08de323dccfbaa,3c6d2205d79fc54e3f85eef20e0e8381a270864bcc599ba4d9d46a6530c1c9ac,,1180e2968ba4288d5a0ec69137c8143e03ec9d451389f3d1baabe1793557e58e,128
WIKIPEDIA,1878,train_extension,1878,1878,b04c8d1ceb2f5cd4588862100d08de323dccfbaa,5965f696161d78389a062676ead85db3aba1399c15ce810b4a82ed4ab828aec2,,15e0b8f1ca98092df543ec85d3721d0301eb52f9c813bda9bb67f93fbd1fb137,128
WIKIPEDIA,1879,train_extension,1879,1879,b04c8d1ceb2f5cd4588862100d08de323dccfbaa,dd17c2ed3d4b0c069a270289e74fb8fc102728b38dce9ddc6f6205224fb44707,,37a048978e8af1bb478abf706068be3b38cac93c115e3a03e26c84219c73e363,128
WIKIPEDIA,1880,train_extension,1880,1880,b04c8d1ceb2f5cd4588862100d08de323dccfbaa,4691ebc510077f2e0bcf94cfcc45f8c8c12998a1d4fb5d0b0f631a74733c882c,,617260469931bbd9a75315b6c858071cd6eea3df8cca76a130c2a2caf4f40306,128
WIKIPEDIA,1881,train_extension,1881,1881,b04c8d1ceb2f5cd4588862100d08de323dccfbaa,799525e61df13ce173728173867a75c23d308ec488a44faaa307f63f4e2c62ba,,64c02daf1f7b4c8958fcd22394e0e813252f34b82df109b35749467e86bda0d5,128
WIKIPEDIA,1882,train_extension,1882,1882,b04c8d1ceb2f5cd4588862100d08de323dccfbaa,4f443753fa32d872e9f4e1257d14141cafa2860db1c18cddd511ff0317ca4a26,,20dd5fb28ba8566dd4f4bdf9689eeca081407bbefb5bd8b1b71ee64c1256899b,128
WIKIPEDIA,1883,train_extension,1883,1883,b04c8d1ceb2f5cd4588862100d08de323dccfbaa,6bd3dfa87de85281583c7f341b49631ddf0da9c49cfb3a8c251691302265313e,,46f02a17f0ccace156b0bfc97d4a5c7552c625de89b1b34d721ea0bd4d41b230,128
WIKIPEDIA,1884,train_extension,1884,1884,b04c8d1ceb2f5cd4588862100d08de323dccfbaa,efde836d5fcaba1e68d9dce387573a16829edec75902d186a4e5785c9a56eb82,,ee2b84446c4d8140a2b2dd80fc9ad66780239e8bfce364860de9aa77fdc713c8,128
WIKIPEDIA,1885,train_extension,1885,1885,b04c8d1ceb2f5cd4588862100d08de323dccfbaa,ac9f2e7db441039da8ab7e650c0a7ca4227721b490a56e5ebe2c610f1ad2db83,,4e6b854061fec757ff3df057a340fe75a94a3451087d4cad6a9c9cc7eca83c29,128
WIKIPEDIA,1886,train_extension,1886,1886,b04c8d1ceb2f5cd4588862100d08de323dccfbaa,4b596ac240616db91e6d8b6b1d5c78bacb704e8280d9c9d5e41434cc526a421d,,73d22e56cc51d911247a1421ee85dbd3e2aa8308ce167c8517e571264deaa0b6,128
WIKIPEDIA,1887,train_extension,1887,1887,b04c8d1ceb2f5cd4588862100d08de323dccfbaa,c224cfdf85cb3f426dad7570621f6b64aca26dbf1a1ecc2cda7f0831206bba52,,3dde6688d78d310752ccf3a5ea05037c8a1d87d7f1e5f47292a9d58b12a12488,128
WIKIPEDIA,1888,train_extension,1888,1888,b04c8d1ceb2f5cd4588862100d08de323dccfbaa,f5baa2b4fc880c23c8c47176e401f11c07ae70f7ee4e23a50b3348090b5cb268,,1a30184e878338efdf07329caf8e88867fbcd4c8ad83dea19f5b08a9f1aae587,128
WIKIPEDIA,1889,train_extension,1889,1889,b04c8d1ceb2f5cd4588862100d08de323dccfbaa,02361d59b886a6fa4fb754064c6c9905aef4035eadc24a2fa76255a3d785f1ed,,83d6c50c3042a19e7e2d86c4b218f78c6e07a9f61fb044f334a2191159b9c6c0,128
WIKIPEDIA,1890,train_extension,1890,1890,b04c8d1ceb2f5cd4588862100d08de323dccfbaa,b3937934ec90664fe74a4335395223f8f44b76d171ec2463b0cb5eec198935a4,,cfb4381149ee5ab842bec689a8d58d750d41fe8a332e6301420a64d48ecf27fd,128
WIKIPEDIA,1891,train_extension,1891,1891,b04c8d1ceb2f5cd4588862100d08de323dccfbaa,35c03e50fa73ff3b1057add47048e3f895af5495ed58daa4d7ebd8a0cfdb3fb4,,a0992be3361d39d7cd3ae97b7613aaeea3617ace6696b6c388cb53cd04169c71,128
WIKIPEDIA,1892,train_extension,1892,1892,b04c8d1ceb2f5cd4588862100d08de323dccfbaa,467b6a60b3992dad78b582ade1a4036c41f6ba712e8dc88bea5e4a86f75014d7,,82a76e3e3e8dee8a75b04f179a94969599fb461d959635946cc5c2d0d8f799a1,128
WIKIPEDIA,1893,train_extension,1893,1893,b04c8d1ceb2f5cd4588862100d08de323dccfbaa,7909f711c10a4fa6c84753f95490b05635af6b59c13e79b7a10763d2ce3daaca,,51ae9d04c34214c50232efa19fa2042394cd92363f6c0209bd06a534e547f9b8,128
WIKIPEDIA,1894,train_extension,1894,1894,b04c8d1ceb2f5cd4588862100d08de323dccfbaa,91553238f040b810300d62c12116845d067362f865f9fddeb8c6c0eb022b4ed0,,590088bd35bb9123755427330349a81a2264ae55878f48158e862a7a425c92ce,128
WIKIPEDIA,1895,train_extension,1895,1895,b04c8d1ceb2f5cd4588862100d08de323dccfbaa,28ee2d156d44c17c077b1e34a5c58e35487cd62ecae7ec273d6d09b299e2c16c,,5eb3fbc8c82c8346d7f7201a1788097146b897d81acc8e088490a0fbce548781,128
WIKIPEDIA,1896,train_extension,1896,1896,b04c8d1ceb2f5cd4588862100d08de323dccfbaa,568ae2cda40451adfff7c97cd561ffe44e8dfd198b29822da196d0ba9c28aa3f,,092a35ae4b333d92d2a772a6530d11af5fed758bb37242c4fc49c364f6b99786,128
WIKIPEDIA,1897,train_extension,1897,1897,b04c8d1ceb2f5cd4588862100d08de323dccfbaa,ff056b1c3fd6bd720cbf1f69b6e2078ac9e40178dc5f8e47b9db622ea6132376,,c0aa391e0ffe435f3423e5ee38d89fbe695bc55ba1e4b67d3207aa4451e4ab7b,128
WIKIPEDIA,1898,train_extension,1898,1898,b04c8d1ceb2f5cd4588862100d08de323dccfbaa,118913122a1c8449163285762efa7e944198643c518086503c8ae6c37358efa3,,d7555baf47ae3d643dba3ffdaab3877f7e191c6c48c907186de3644c28f87166,128
WIKIPEDIA,1899,train_extension,1899,1899,b04c8d1ceb2f5cd4588862100d08de323dccfbaa,14b43b14597fba3f8de9304b1c897e1a15e5318ed52e886e225767a34ce7bba2,,4d591075d71cb1b3d3357f71d5c3edffed05ac16f1c5de01458418fa718405f3,128
WIKIPEDIA,1900,train_extension,1900,1900,b04c8d1ceb2f5cd4588862100d08de323dccfbaa,b6d78741189c2fa34ada28b215c225aed0b399482fd0e548e3b236edac6cc704,,301beb2f433fa4ccf1664fd63d41b85891e2ccf2b8a966dd22140496df28b144,128
WIKIPEDIA,1901,train_extension,1901,1901,b04c8d1ceb2f5cd4588862100d08de323dccfbaa,ba057a5ab6bf8825af0b3d3c5a68cd54ee40a0672787428f23963700e909b31b,,6b91fda7742dbea022581acac09a5d40d507646dc999cacf2a259ace18127ed0,128
WIKIPEDIA,1902,train_extension,1902,1902,b04c8d1ceb2f5cd4588862100d08de323dccfbaa,c2bed00cd84e2225a1365b6cb9a88b6ae9972c529b3a57d6f8b214a4e873c1d8,,bef972d9b08b7b9c28bd999909b09e003ef51dfba25f3a33dafc1129c6565854,128
WIKIPEDIA,1903,train_extension,1903,1903,b04c8d1ceb2f5cd4588862100d08de323dccfbaa,42f228a0012a15dfd999b3971dbbf8b59155cd95c114ae2276fd4907dc662420,,14b84b76c21cf997574d5452910c4065b70b889d814111268a41b17ec98fc312,128
WIKIPEDIA,1904,train_extension,1904,1904,b04c8d1ceb2f5cd4588862100d08de323dccfbaa,cfa7e212ae496d323b0208b0e2a88c60bb0a6a5eec8e760b4097cf55bf5281e1,,94a7e181579daa43328d6e4e46c049fef36cfa4d27b762f2272441d40a18ee2e,128
WIKIPEDIA,1905,train_extension,1905,1905,b04c8d1ceb2f5cd4588862100d08de323dccfbaa,bb0092b401e7fda12b1994a18eaac5690123f10b982945cdee12ff86fa72da3a,,fa25ef05495d479055e69c7599c721b04de1646fffd1c2ecc9086c6634511ba5,128
WIKIPEDIA,1906,train_extension,1906,1906,b04c8d1ceb2f5cd4588862100d08de323dccfbaa,d1ffde58c28b9b0c6bfaa9570918f8b7f05cb212ab34166e484f72b67bf29b71,,525c28821cacf32691caca5d5025b7b67f3574e8c8f3d23de349e5a2b605b1e7,128
WIKIPEDIA,1907,train_extension,1907,1907,b04c8d1ceb2f5cd4588862100d08de323dccfbaa,cc23998989af61f1dac009b47420842af60afd2f1a1b9a6e9b05fb2d9a4874d9,,3e4d9a6e55a332623afc4c844fa103c4757f4a7b32431fa2f2b516de5dda73e9,128
WIKIPEDIA,1908,train_extension,1908,1908,b04c8d1ceb2f5cd4588862100d08de323dccfbaa,6c9ff581d7a4923a9ea05efc3b2b731fbb37ab731be503a68338fb5d2f670555,,7d91315b30d5ac17a87b401912f8ec6b99e706e90780bb446b1c3adea9bf7d98,128
WIKIPEDIA,1909,train_extension,1909,1909,b04c8d1ceb2f5cd4588862100d08de323dccfbaa,02bc3ababbac8e62e04b533b76547d153ee20ef9fc84baa41c7cb65d2d4fbf6c,,f20e3967c48e273e3fc159cdca11bac78bafaf4d59bcf8612bf191ab4ab72126,128
WIKIPEDIA,1910,train_extension,1910,1910,b04c8d1ceb2f5cd4588862100d08de323dccfbaa,a03a34dd81a31dc0d511d09379d95d4b0a879ba8da37d60fb0b8afe9cf2d6063,,3481d4675746cec42c04a3cf924535346b9e099057a652cfc49b77cf83f9a7bd,128
WIKIPEDIA,1911,train_extension,1911,1911,b04c8d1ceb2f5cd4588862100d08de323dccfbaa,1cd070d62d1d15a28a02a5c5a0322e659661d3e2437732410b1fe4f41e46988c,,56aef52b5b35a7362ef874e05727f94a1a72b2c35eff3577b3926e92a6f16f29,128
WIKIPEDIA,1912,train_extension,1912,1912,b04c8d1ceb2f5cd4588862100d08de323dccfbaa,4d32b6fc54c8d0219c915f7138158ddb92a48dfa6d374f8e0921ede6f1fd33f7,,3c36a5d5d926302b6e8e1d458d741780d43a490147d7ecd03961e2da3fe46f0c,128
WIKIPEDIA,1913,train_extension,1913,1913,b04c8d1ceb2f5cd4588862100d08de323dccfbaa,645007e64979c0ff8b0273ca0094f563c7e07d6ecfe628df3760efdd5ee60c59,,82f28c18b54a358472ce42fd877504f6c6dc465efc127400c7cddd51fb367c2e,128
WIKIPEDIA,1914,train_extension,1914,1914,b04c8d1ceb2f5cd4588862100d08de323dccfbaa,7538ddaedde0b810a93bc0922d5a0da262abf2720fbb1689ba99f761ab768ca4,,77644eb8b0182d9536a13040e7afea45bcb67463052c0988e419bd1e239fa0b6,128
WIKIPEDIA,1915,train_extension,1915,1915,b04c8d1ceb2f5cd4588862100d08de323dccfbaa,b04eaba8b7c664f1c6ed21c37064e15db3f0bdd51ab59d2cf25cb50472f9486e,,8f8a8eab858f1cc34c6fe26ffe29fda26ec85b152e249327cff25ef021786689,128
WIKIPEDIA,1916,train_extension,1916,1916,b04c8d1ceb2f5cd4588862100d08de323dccfbaa,e08a06a877fc5cf35f3e5ad2492d00c8a61e025d9a03feed91c61c0cc79dbf8b,,f7878d4543a5185d8e02dc05f8ae96daa3ea6dda1956f3f67090884eaa8fa14e,128
WIKIPEDIA,1917,train_extension,1917,1917,b04c8d1ceb2f5cd4588862100d08de323dccfbaa,96f61e5a3094091c563a8a199babd780780a2519d4818239ff8a7b0cd19581ec,,ada408df0f9745d84862718dd6cdf8b7fa20b394962d20a331a44038f2a91cd9,128
WIKIPEDIA,1918,train_extension,1918,1918,b04c8d1ceb2f5cd4588862100d08de323dccfbaa,d6385a4c97105abdcbbb85437820f8306cb7a4798a52eda7114b663f7b8bf533,,a8860417948c28e4a24f1bc73175b2a4483acbb91f114c8735e7ac0153d43322,128
WIKIPEDIA,1919,train_extension,1919,1919,b04c8d1ceb2f5cd4588862100d08de323dccfbaa,15ffa763f091586691dae972c9c68ac36ecda5f8d8a469f573d2391a7f60352c,,fef92a684af664a93af4b6360b2ec3b3b0428b93c1790b85077dbd8c71cb1d5a,128
WIKIPEDIA,1920,train_extension,1920,1920,b04c8d1ceb2f5cd4588862100d08de323dccfbaa,f8dc7cf3dff57a4ef9de97d93263b810ea8b56a90aa3b602fe2a2ccbb0d623c7,,53ea5cdf02d0b5e4c29a83e0bc6aa11c73e78e0779617940bdba8bfedda32bff,128
WIKIPEDIA,1921,train_extension,1921,1921,b04c8d1ceb2f5cd4588862100d08de323dccfbaa,2b7acaa034368169823833aae63e492082ce48604e5089c5f549aa8759151d90,,54f8b38d0189d95251532c0b27c81f5309e599131ff28af5255be661ec9478e7,128
WIKIPEDIA,1922,train_extension,1922,1922,b04c8d1ceb2f5cd4588862100d08de323dccfbaa,d06b9ac9b5b1abb66442d2ce321c683dfd2efe96a95f0574bb28e59c641fffd3,,da7f78286846e88b6f1f3d073a05ea04d46e4e6d260d736b20d999cad72c6de2,128
WIKIPEDIA,1923,train_extension,1923,1923,b04c8d1ceb2f5cd4588862100d08de323dccfbaa,fc3862c913596fd85dd1a9e3746c8ad6f9ec310062703c9997ae85670dcd11cb,,852ec64481fbb756de23be74de7874f303cf7e00fe7993700814e1bc13c6583c,128
WIKIPEDIA,1924,train_extension,1924,1924,b04c8d1ceb2f5cd4588862100d08de323dccfbaa,de12f115faaad2495e36b11117f310055abe2f72cc940f313c91a5784a5bd0e9,,475e6e410c8b5f3659b46f4201acf0afbdb13ed384b5dead566e6ba133ce8fe9,128
WIKIPEDIA,1925,train_extension,1925,1925,b04c8d1ceb2f5cd4588862100d08de323dccfbaa,f6a75fc0cb89df0a9d6487eb6052054aef8d814e5bc738e619d06d24ed83e82e,,0bf9a5dc45b75b281f0a062492a47b3e297862212af9aa39262204574c878fd8,128
WIKIPEDIA,1926,train_extension,1926,1926,b04c8d1ceb2f5cd4588862100d08de323dccfbaa,b8e7d82d6116927237f832ad548549aa2dd0d7283d63a18287c0f59fd5c202cc,,18a909029664b49c47b6241197867e2a7aa6a3a4a6c14162900f40b24b582e1e,128
WIKIPEDIA,1927,train_extension,1927,1927,b04c8d1ceb2f5cd4588862100d08de323dccfbaa,364949c689bef82b4da3d7b03966f1bf447ccb816421f2a6f6ea91c9017ee3e8,,a068c01b54920a4ed9d49bacee5adbfb4a7f906a6a7fb4b73e399667843abb18,128
WIKIPEDIA,1928,train_extension,1928,1928,b04c8d1ceb2f5cd4588862100d08de323dccfbaa,37bc93a8844f88c2ec985cffb361dab7bba4c11c6e3572dfb7624091c927c492,,8492ddda93f2bd7da82ae3643caf812be410c4a5d16c1a19ed0a504209038d30,128
WIKIPEDIA,1929,train_extension,1929,1929,b04c8d1ceb2f5cd4588862100d08de323dccfbaa,0edf6fa9d154a78f7b9631812eb12333c32cefa533a5499fdf90ca51b866e3a6,,ee3ba7466d51a83080f8b35d260965cf79601279e4db187853f09b703e54e86b,128
WIKIPEDIA,1930,train_extension,1930,1930,b04c8d1ceb2f5cd4588862100d08de323dccfbaa,df94a1be8f734c991895f6e09eaa1bd9d05a81484240eda2c5b10303aaf99ece,,56d0fc307286ae5b5deb267a8aab7368e9b55bd6c1021a744ff78372f0694016,128
WIKIPEDIA,1931,train_extension,1931,1931,b04c8d1ceb2f5cd4588862100d08de323dccfbaa,672c8cd1573cd571e133a345ca1ce053972e3739fa8b12e84e39da183669d8b7,,4fb032287b13c1ec50e581f41d7706507d7b05b0f7c05d94f019f08b7d6358d5,128
WIKIPEDIA,1932,train_extension,1932,1932,b04c8d1ceb2f5cd4588862100d08de323dccfbaa,1a34350f4c267ed392e4f7e9021824a26f0a7efd9eddea0f565d4425b7931dd6,,32e0fe665cff62ec55ee603bc3f82e476b801ed4c7d0afb10577474eafdae06c,128
WIKIPEDIA,1933,train_extension,1933,1933,b04c8d1ceb2f5cd4588862100d08de323dccfbaa,58c192718487bb096a20005cb1356708481937da6d2e6d57ce48ba4383c8b41f,,6f6176eb10aab0c7b35e45d03c66bf08c49cb761d3815ec0d07b65e1b1203aa5,128
WIKIPEDIA,1934,train_extension,1934,1934,b04c8d1ceb2f5cd4588862100d08de323dccfbaa,e1f9753931c50bc1610b37393d32efcc85fa852390ed1ad5485f70ab06a4543f,,43be50bd6fcb7bb91a0ab6a4621591d6d39125848662301c48cde9a1beab0236,128
WIKIPEDIA,1935,train_extension,1935,1935,b04c8d1ceb2f5cd4588862100d08de323dccfbaa,2f677ac7424fc51b74ffd1cfb4f04774237a6005001c84b25420296fe2e6a1f0,,a7b19f7b10c8bba9785988c6a0dc9d4a142f0f5edffe1f42d30f217a39568784,128
WIKIPEDIA,1936,train_extension,1936,1936,b04c8d1ceb2f5cd4588862100d08de323dccfbaa,f6b2f7c5a6e2324032f526ad4dd824385dc2f6eac57f4309f9939fbbbd1c6ade,,a906f10a65e9ced6b4a01334a273a3fa482f3ad855639b10268e917c074e8210,128
WIKIPEDIA,1937,train_extension,1937,1937,b04c8d1ceb2f5cd4588862100d08de323dccfbaa,eb5493c35d82ab8bc92820ff416e1b8c5d63e9d8554516415a15c383aa62b903,,52e83486196d0ea4ed5e03dfdc357e5490c150c6e78e9aecf19ae69d4d96a6c0,128
WIKIPEDIA,1938,train_extension,1938,1938,b04c8d1ceb2f5cd4588862100d08de323dccfbaa,1c9f9f800542e0e429996d1e5dc70d528ecc891693590900eb6a45e44233e80b,,57081c243708e0a66ff287aea00a4c6f1959a906b9ca787550c2b707131ccefa,128
WIKIPEDIA,1939,train_extension,1939,1939,b04c8d1ceb2f5cd4588862100d08de323dccfbaa,b53189c8ad1018f6d6b9dc8d17210accb099d606f59ab5970bcded4802b5c45b,,8385010041afd9960c88041e40f65f2e01426d0329aefa615b11a54b9c54ad9d,128
WIKIPEDIA,1940,train_extension,1940,1940,b04c8d1ceb2f5cd4588862100d08de323dccfbaa,1a65ab5b5536b63265e3f1088359d1bd18f084de871310de801899aebbb9492c,,3fb9acf0ff9ff87b578cdaa8ddccc1e217835db6d0bfc025dfe7d150f86ad935,128
WIKIPEDIA,1941,train_extension,1941,1941,b04c8d1ceb2f5cd4588862100d08de323dccfbaa,4cd078ca790a541bbbe5b7f0e2e27ddf8f63014cab29ed5349c9922f068f131e,,3d49bae53895105c396a4241badfe6091ff1d041e446dba946b4a1f71f867784,128
WIKIPEDIA,1942,train_extension,1942,1942,b04c8d1ceb2f5cd4588862100d08de323dccfbaa,3d9d236e2cb0822c9c4528b387fe8b78675fde39c2eff432bccaba34751a8ea9,,541d2bc97fa59931c06d2531ccf53654389a6a4eee35eb7486a9ca9696a50599,128
WIKIPEDIA,1943,train_extension,1943,1943,b04c8d1ceb2f5cd4588862100d08de323dccfbaa,0467f8ccb07eab38385115d56d2660888f281c2830a53bbe1f4d2cd5cb0b9b00,,e1180d1060209c4874390e04b732a4fbc977c3309bf57a3ea571b27e8412fd96,128
WIKIPEDIA,1944,train_extension,1944,1944,b04c8d1ceb2f5cd4588862100d08de323dccfbaa,ba2cbe215ccb59fe1ab8eb3a38855bfabaf5538a64cfb182525c5de4431a11a0,,f7ed6110a0023de30d22a64bd38a2d5abac66d6560132217dad15f64f9d1dd88,128
WIKIPEDIA,1945,train_extension,1945,1945,b04c8d1ceb2f5cd4588862100d08de323dccfbaa,7e0bb73464961a166773ccc732eb8de1cff5b239c8c3e0de7d7f26b4cac98603,,4cb927970c578536bc9ead8e29c56442a23f3fa975978e8fbfac9915dc557f4d,128
WIKIPEDIA,1946,train_extension,1946,1946,b04c8d1ceb2f5cd4588862100d08de323dccfbaa,1160a481a0d8fbf2addc3c0f8615b186da4daee369257b98c84f0ce8dc4f3085,,f79690f7c18bee7832b308b0fbd750a85c44934d5b0a3a588e51424348dfc7b9,128
WIKIPEDIA,1947,train_extension,1947,1947,b04c8d1ceb2f5cd4588862100d08de323dccfbaa,0898a40c28e57fc2ced78f496c3f4068dcd80bb6214c2df63f710747f616c147,,851f37e3c91e522fd1a084190a4f408c77b7392d8c195be2c4e2613ade8b9013,128
WIKIPEDIA,1948,train_extension,1948,1948,b04c8d1ceb2f5cd4588862100d08de323dccfbaa,ab2aa827dbf73ad2da9f76b75529019731e5f106b6a55bb800089d3b19f3b9af,,9cd8ade6ef37d94fbb5b06067352e6c1b40c2a00eaf11bb8a5bec0b2a034b067,128
WIKIPEDIA,1949,train_extension,1949,1949,b04c8d1ceb2f5cd4588862100d08de323dccfbaa,2ec057c9f73c2b5a22bc998b720528329c3eaee016dea37d5aa7f2714c00eda1,,cd808057972faf6ed2a25d3fac112d2342602275e071cdafc6db55358d1fc72d,128
WIKIPEDIA,1950,train_extension,1950,1950,b04c8d1ceb2f5cd4588862100d08de323dccfbaa,840f849d052823d6b2ac2886f6039dbbe6ee40aa3407cc086c8dd114d2c2ce32,,3cb7cfb6bd6483ed8448ce9a012d0b71ef1912a78ac06e7a62a2531bdbbeb521,128
WIKIPEDIA,1951,train_extension,1951,1951,b04c8d1ceb2f5cd4588862100d08de323dccfbaa,48a611666a09180a15b1229aed0486fc8f9fa7b1bf91c33537b721d310220b07,,f7a387628c188e92966704ce017057a006432724419d6018dab66da1334c61a7,128
WIKIPEDIA,1952,train_extension,1952,1952,b04c8d1ceb2f5cd4588862100d08de323dccfbaa,833d2622baa6b4ccd7f841f76e44b17dd285427a72592ccf5546f37cbf2f84b8,,6069eec5015d5d3697bd93393ce660909d70d611173f0c1dde700cd7ac91e6cc,128
WIKIPEDIA,1953,train_extension,1953,1953,b04c8d1ceb2f5cd4588862100d08de323dccfbaa,046c50e5ef1f0c3425020bdf21a715f8738f9e0046ed23fbd7b05e9fdc02624f,,5fb2efbc2bd41fca68ae5ec561262e7b3ef399bca9a1daf268e9d17b809860a9,128
WIKIPEDIA,1954,train_extension,1954,1954,b04c8d1ceb2f5cd4588862100d08de323dccfbaa,b1101a793223086d4c132811890927314ea357d65769dc2e1fba032112a354b8,,3dc941882abd2932e6bc51eac207343bac564bead39998934ba5b33367aa0146,128
WIKIPEDIA,1955,train_extension,1955,1955,b04c8d1ceb2f5cd4588862100d08de323dccfbaa,29a2204c4a3621169fec7266adab4f796341c1f71d2bf87159ad677bf857e1fe,,b46a7f5ab0d8b93c8a0355dd71c4d9d894bbd23d5ef09995a5f9bb1e8609d679,128
WIKIPEDIA,1956,train_extension,1956,1956,b04c8d1ceb2f5cd4588862100d08de323dccfbaa,1a15aa3f9041f5373380c4fa7565e9b8dfc8a0f0bd19500b7fcb5931a3195129,,d227c1db8ea21ae2f5eb73addca1fe64964f49e56efbfdbaab3397a26b637cc2,128
WIKIPEDIA,1957,train_extension,1957,1957,b04c8d1ceb2f5cd4588862100d08de323dccfbaa,1e1ff5a6f84a182b1417570956edc749e5ab76151fc4900647db5e2427dff52f,,f2557ef67087422aaccfafd4fe0bb5cc11d73eb45dde168d9ff45863f65c4b34,128
WIKIPEDIA,1958,train_extension,1958,1958,b04c8d1ceb2f5cd4588862100d08de323dccfbaa,771e7b050a234f869234a07698a3e963e2c345150d355ef5e493cf176b632223,,15d45430b3d9301ca40d917ae0a3e019e8001daf1ce2814872400f36f8af6dc1,128
WIKIPEDIA,1959,train_extension,1959,1959,b04c8d1ceb2f5cd4588862100d08de323dccfbaa,c3f190b903f4e5685d72473bc147e6255fc8ba839c7d2f0e2fd577d33bee3126,,e2a91f81dc87d884108f1cc82416c89f87d895d689c623a1928eff411aea9d7c,128
WIKIPEDIA,1960,train_extension,1960,1960,b04c8d1ceb2f5cd4588862100d08de323dccfbaa,b075d354e2a63cfe17328a163ab8386128ee7fa690613e7a03ba4885a1818d52,,6293200c663516a1822249d74fc938f3910674b7e05f07e69d4672a797469eaa,128
WIKIPEDIA,1961,train_extension,1961,1961,b04c8d1ceb2f5cd4588862100d08de323dccfbaa,340266e39f5ace0f1fdd50cdba84bfcdb4cc5d7a599a97282884e829a7ae39c4,,e41a6b03235d370cbc678c9ff4e62e1c7f03e968e5de0e476029606262a7b9f4,128
WIKIPEDIA,1962,train_extension,1962,1962,b04c8d1ceb2f5cd4588862100d08de323dccfbaa,44c1ad37704c5953d10656a64c647d23cca8f17026b7b239109bcfcc848893aa,,ac82603face0e587185183c268dafc36d995178a87f5bd6ca0dd2bb3785e5d93,128
WIKIPEDIA,1963,train_extension,1963,1963,b04c8d1ceb2f5cd4588862100d08de323dccfbaa,41bba833f7260c14a39de2a82751648c3c7389d8d885bf773d155f10f12114b9,,8a4bf3bbadebcc51eea0023a024fd21e4cd918041605fd70e78bbfd45ece5e3f,128
WIKIPEDIA,1964,train_extension,1964,1964,b04c8d1ceb2f5cd4588862100d08de323dccfbaa,52093208084f683ac4359c1cac65d784f4083d3d903249e7f4499e77808e17cc,,763ca137510843ceff4cefe05294be8a444645893846b75a642abd7a750d0d79,128
WIKIPEDIA,1965,train_extension,1965,1965,b04c8d1ceb2f5cd4588862100d08de323dccfbaa,736438ca6dcb300db15e39c769dddad81f066d8af58d78b81e2671bb82626b7d,,879a50869a450974805f38b1d0018847107d1bf1a30fe2474e5a7d3ca840cd7c,128
WIKIPEDIA,1966,train_extension,1966,1966,b04c8d1ceb2f5cd4588862100d08de323dccfbaa,a2a2ee5f2b48d4004726c1e0e23126071b64dfdee75b1ff5a3b6eb21b4d78465,,91405d9eac46d231350dd324957e2f62c42f252763342678960c3d22fe845954,128
WIKIPEDIA,1967,train_extension,1967,1967,b04c8d1ceb2f5cd4588862100d08de323dccfbaa,68aaeb55b1258f370d47f61955f1ba07fd4dd224d3c8ccce5d9cf72f7bc2cd43,,c7046617f324a5a7441bdd5e3dbf1823a25b5b7108fc1fa0053e55e3c362e7cb,128
WIKIPEDIA,1968,train_extension,1968,1968,b04c8d1ceb2f5cd4588862100d08de323dccfbaa,149cb69d39a486eb9fffdc3a477c2ac62c3da13144d34cf4de19a62bf5018dd2,,3aac0df1a6dfd4f066a1dd1c7d29fd0e84723889e360f1eac2b8aa6bb687317d,128
WIKIPEDIA,1969,train_extension,1969,1969,b04c8d1ceb2f5cd4588862100d08de323dccfbaa,092cd67b7d93ff7e4de18bd2babb8f139379862af158f6173c20d5964835eb73,,c3b47f0156ec7eaff60e098e7f4b3b732573279de08d4e7d1ad11368c8ca0788,128
WIKIPEDIA,1970,train_extension,1970,1970,b04c8d1ceb2f5cd4588862100d08de323dccfbaa,481eab6645aee96c119e3f42e8c6b53c7a06f3f758b8ebf1344f533fed3410d0,,af6c68c143bbde83856ec6b1849c665330ede04ffbd3bf835c346b576b5b1b42,128
WIKIPEDIA,1971,train_extension,1971,1971,b04c8d1ceb2f5cd4588862100d08de323dccfbaa,7a8db4c55407a33cefbeb93cdba821f6d104465af5febf357905559d3f873c30,,99c96f2d727d48340b05dc3501cfe1f9193c1af5f753bc76dfbc2dbf18f6a476,128
WIKIPEDIA,1972,train_extension,1972,1972,b04c8d1ceb2f5cd4588862100d08de323dccfbaa,097ad9d6b3d24f932f5d63657382ab2773b1a08dd1e1938b19ed859c6932a205,,3647d5678f7ae7a5ae72a12d3167fc0495255643aa127b3e28cbc85a7592793d,128
WIKIPEDIA,1973,train_extension,1973,1973,b04c8d1ceb2f5cd4588862100d08de323dccfbaa,29f5c060dd26888dff2601d192f490f65c87693c806a6ae71bbb5909f1322033,,9d355e7ebb01e563f6d31ec32daac8b3f3164a637d2c8d56388259b9c4d35099,128
WIKIPEDIA,1974,train_extension,1974,1974,b04c8d1ceb2f5cd4588862100d08de323dccfbaa,88052f3efa7e78035ae89e61d0b386e8d0fcf77886134ce559ba9eb0b1ef7bf5,,8cdb5dab2bd28750f648f09a955776157e8e0e9e29ec5d792d2ed7042b923cc0,128
WIKIPEDIA,1975,train_extension,1975,1975,b04c8d1ceb2f5cd4588862100d08de323dccfbaa,e79ec45f123bdc9cf115ac677a37a4b8c72874ce95ce28d0c09555c6815d895f,,4472bc76c03675622593a2da53c03cbd0d367d78bd0de644ffdbafed9d9024d6,128
WIKIPEDIA,1976,train_extension,1976,1976,b04c8d1ceb2f5cd4588862100d08de323dccfbaa,111994d100d84cf4cec10926e64d1cf62759e603f3a888d969271dd29a9107d6,,e65fe70c7cf1ddee709c4caff3a442cfd907c034d5d21b371e7e0f987da413a2,128
WIKIPEDIA,1977,train_extension,1977,1977,b04c8d1ceb2f5cd4588862100d08de323dccfbaa,c6c86afb1ae9b849c4084728196d5a346d489bda2263530ed29d56cba9604fa1,,513f1f7e9aefe1ae158bef6da1eeb12e6044e8158b8fd3bd12c6a5690c9257af,128
WIKIPEDIA,1978,train_extension,1978,1978,b04c8d1ceb2f5cd4588862100d08de323dccfbaa,c94a2dff2bdc8778b1005ec9f4f0bf04b36aca7daf6d02f4136bbd5a2fa8859f,,eee98696d04a72d0f44d983f235e80ea9f2e298b7f7212cc07de1e9821988add,128
WIKIPEDIA,1979,train_extension,1979,1979,b04c8d1ceb2f5cd4588862100d08de323dccfbaa,b25d680458e6a614f8daf1c5f6cd0b78e2b675db6fe5fed46d75942dbd3a6739,,76730a79ba13500fc9d2b73843b164194fb85c7c3563f6a27dd8835f63fb9d9f,128
WIKIPEDIA,1980,train_extension,1980,1980,b04c8d1ceb2f5cd4588862100d08de323dccfbaa,db8dbb37349703256c65303c415184e65986f0a2b1e8e58259ff208b1d2d732a,,67a93b3347ee3e750393364b27830c722d88fae263f1c2b9742f5b4b8dda8e4a,128
WIKIPEDIA,1981,train_extension,1981,1981,b04c8d1ceb2f5cd4588862100d08de323dccfbaa,c9d9d2b8d04f038efa9302d43f4b8d705500567fda32a4a9389bec29fe750046,,6c4191c1a11852c4f974e55be9d7147c401f5893f3953dd5486888af4dd5aa94,128
WIKIPEDIA,1982,train_extension,1982,1982,b04c8d1ceb2f5cd4588862100d08de323dccfbaa,bb8f29725b0dbd6e3ddeb107cf9b3607854e4685d7a61378f118a1fa93f4651b,,1d7a2b3123e94f050be41b37fadea71b3d21231fa999a47a423471bfff50018c,100
WIKIPEDIA,1983,train_extension,1983,1983,b04c8d1ceb2f5cd4588862100d08de323dccfbaa,e942c23b23babe1d54ce734416d41edf93a1b1c5b3e64510a6fe73a2443de475,,3d42afa6e87426b4bb1b3c20975f157a125ddfff83fd825d9218b2eac0988841,128
WIKIPEDIA,1984,train_extension,1984,1984,b04c8d1ceb2f5cd4588862100d08de323dccfbaa,fcc302df8bf3f0986ae0cf1d6e540f29c02cbf9776728119d8990fd0b97fc7d3,,8b4fe70d7e031e044120afc4d856253fc44fed6e2b1d184ed673c887e14afaf7,128
WIKIPEDIA,1985,train_extension,1985,1985,b04c8d1ceb2f5cd4588862100d08de323dccfbaa,e9a401c3f84b0b2c2f3545abbac3a55b45aa078e31b54fe5f9e0e132e1043611,,e784895f53c47d84bc8b9a47befbc1444884a4c9b5e8e729caaf5fdd6cbf2867,128
WIKIPEDIA,1986,train_extension,1986,1986,b04c8d1ceb2f5cd4588862100d08de323dccfbaa,d1bee5715467f2ae39447dada0955858a1f518c47484ed314ec28be66dc94be0,,1897da98d81356e4a2c0507228dac61425dfa614071acb6c88b5da5bcf9c0857,128
WIKIPEDIA,1987,train_extension,1987,1987,b04c8d1ceb2f5cd4588862100d08de323dccfbaa,d15ed799c740ba1b59c85de59d8e242c11f0ad9041c93cf791ad6ba6eb275a5e,,1bae0bcd6b14b301a6616b8bc190ba0df6af626f14a11fc13b1360e03a2c98d0,128
WIKIPEDIA,1988,train_extension,1988,1988,b04c8d1ceb2f5cd4588862100d08de323dccfbaa,bd6cd7c4a1da9f7bfefcdf454f3d95ccc72b8ee95cb8360ed32e4c5968403a6d,,3277b5a9ff68558d5c007336b07215163c1c598ddc06101ae301c4466df158da,128
WIKIPEDIA,1989,train_extension,1989,1989,b04c8d1ceb2f5cd4588862100d08de323dccfbaa,1adb66545c58f78ac8dd3a151fa77e73b387d96db4af8a150c8b7a3bb9f1e3e2,,0c5ea5fb1796932372e19eadf8a5847c4e93c4dcc989c799350c6fad40f0b4b2,128
WIKIPEDIA,1990,train_extension,1990,1990,b04c8d1ceb2f5cd4588862100d08de323dccfbaa,9a66f8529e7ac78db2453ab76c3359dac400176e5090ccda51999e3d3a58dca1,,f69c456610b70a23f3d94f93f2bcc73ed9edd4d06a2c87845c1dc164df2f43a8,128
WIKIPEDIA,1991,train_extension,1991,1991,b04c8d1ceb2f5cd4588862100d08de323dccfbaa,576657b5dcb116e79a1d89d89416d870987b4d2ea2922835b79c7775121f353d,,3dbf4fd16a1e3b1c9e9a3dc2195f89a77feec07032d382cca50a519eea181329,128
WIKIPEDIA,1992,train_extension,1992,1992,b04c8d1ceb2f5cd4588862100d08de323dccfbaa,c406468f50d8dd173ea9e04325e2bc12a44ace220873cb2d511bef06de1582fd,,5ef1ec43e1547e14fc2584c1795708d6c79c890e8609388d6230984b4d021cba,128
WIKIPEDIA,1993,train_extension,1993,1993,b04c8d1ceb2f5cd4588862100d08de323dccfbaa,fe718fce9cb9a3a0460c7b61d125d9abc7243b6c76aeeefbd7e4079dcf6c9281,,e0d555b684cd7f906663405ba4de0eb6c3c3a30a9d8366fd9823f9d835dc4771,128
WIKIPEDIA,1994,train_extension,1994,1994,b04c8d1ceb2f5cd4588862100d08de323dccfbaa,a1e10f1501af32cf8fb425fa203602065c9d4508849474a88022de858687b7ef,,31d7b51a6cd2593a8fea527f89024579cbc7dbd8b2a6ce89b4858c305433f0a1,128
WIKIPEDIA,1995,train_extension,1995,1995,b04c8d1ceb2f5cd4588862100d08de323dccfbaa,17bea3bb617c798c8a2a3e005720dbaa4b883259d116c27bee3c0e62bb38b152,,95bd96f8ff26127cbfec3be46c4469eee85b2b814d1df38c19d7fcd46595c8c0,128
WIKIPEDIA,1996,train_extension,1996,1996,b04c8d1ceb2f5cd4588862100d08de323dccfbaa,d54267fae6d45cb5e822858889773e5c2b3a852aad564f91f3734d8ab8ee66d5,,9409a048fdeac4500c4b94a01cbcbdc7fbc7f62bbeb929ba04f1342bf37f9c13,128
WIKIPEDIA,1997,train_extension,1997,1997,b04c8d1ceb2f5cd4588862100d08de323dccfbaa,bd73c1bc513276f361c640bc2243df932d27b05b820ed6c49fd80c2b2b5e5ef6,,6e0f63db28b04437edeb57f2268028b5ea26340143f3e8354bdbf87f75381c43,128
WIKIPEDIA,1998,train_extension,1998,1998,b04c8d1ceb2f5cd4588862100d08de323dccfbaa,b5d84ea2f4defe8e2731d188c7c10777b09c98bd1af310f9dc8dff66ee5a383e,,7af11851988571aeef577073a046881c7a839c1b50871de6000f5727d0252758,128
WIKIPEDIA,1999,train_extension,1999,1999,b04c8d1ceb2f5cd4588862100d08de323dccfbaa,4fe91698578b9fca6d6e081a90b26b2e056b8342632f4407fb3d84c38da64fdc,,99f152b4fa7deb5db09274e8e78c179b1b1dccfb11e0f038eedbfefc6117cd6c,128
FLORES,100001,dev,1,,FLORES-200 original release; dev split from pinned local archive,76a773d24c98433444a9d163b83615f566daa4dc69f727d4183bc65de6d26174,8c308fb785b9d287c06249d1c78972e9784b0ca31b2964c6b5078bf37c6fcc01,17eb3d48f2fd8e5b9b7b5f6eee225036862dee774d2e80c2180da959e63de07c,61
FLORES,100002,dev,2,,FLORES-200 original release; dev split from pinned local archive,02c2a65902084d879268c0c8cec474a94b0e016e4036a69a1b83175b752afbb9,989abed5b079f25b0adbdfea33628a912d04b0ddb6518fdeeb61adaa775d52a1,6e684a369ac3e73f2658548d1a7c2d2d745590999da6bba0b3ce107fb3a2de6e,53
FLORES,100003,dev,3,,FLORES-200 original release; dev split from pinned local archive,a3594bbbc016e46f94471fe6e569f8263b395051dc2c70b70e200c33e43d16a6,26484164b8179f64f4688038db8b380719b8231c6b64b440474d7ede52490929,049943ead682146a2db1f8e439624f1fb3e12764c33de5eba0939ab31ff3dbb3,52
FLORES,100004,dev,4,,FLORES-200 original release; dev split from pinned local archive,f4daac4177004983f60901a607f9875b6c55e991d1f9c01c6e1084e8051850be,09f5aa865f65604d0623f49705a3ea2b3d92feb5d033245309bbd151c378eee1,d0c6214d6407cf69a81812f366577a49df349869d897afecb64a1c240da42afd,26
FLORES,100005,dev,5,,FLORES-200 original release; dev split from pinned local archive,70fc92af6fece3e6524afc3405a99b664c8568de99e60fafcab95528e7a3ee41,9e2a846c6df6878309d763ed62173f2d1c8dded639ffd5a405db232ce26d1bf7,897d37736ad549a3e1afb3c1fe722b44ceb609c0b72d1a9a1cdcdf6575ad53c5,24
FLORES,100006,dev,6,,FLORES-200 original release; dev split from pinned local archive,68a17d4614c83259850c02626563fe9c56b1e82a6135e47301b92606f4cc5256,d7db05e200a6c2fe23ecd14c0128211937a4b30de6701d028fe49a3e2cba8095,3e4515b749e3c36de20b388dd0935611d3f3b17dfb53a18b0e949909d53c78fe,30
FLORES,100007,dev,7,,FLORES-200 original release; dev split from pinned local archive,46f091470c7753fbf129129d20c265be906f35282a5b81b3da48d19866e75e4a,b0c8bc0ff7671e810f3340671a32dccbaf9f17bef54b9c40a00c3e4ce281c0c7,6c3ee84b6bf1149cb1b88efb4afd96c9353c1bc8a18cdbd6937e1a3f84a230f0,31
FLORES,100008,dev,8,,FLORES-200 original release; dev split from pinned local archive,8a021e5e72bac921e98a20d192380c0db90e1e59b2d8e42300ea826532cae32a,5a7e19c2c0cf3c136a9ec641b9be068b97fb8a66025ffa23d77cff6be654513f,942fe522950ca35abefe38daceb4aa9af4fb9c1e3c20bb2022738b3fea4cde18,49
FLORES,100009,dev,9,,FLORES-200 original release; dev split from pinned local archive,de47bfa2d67868f44ebb6cdc22eae9b87665b6f17d2bd737a56348f08b040688,b22b5ba823dd85f5d3375077ca4a02a9b9ef348456469f22adb05dd88a623e69,80fccfd4cf47a5c447a7476afb3a67b5ac5d71adfd6758f5a1ae097a7a2c79fc,33
FLORES,100010,dev,10,,FLORES-200 original release; dev split from pinned local archive,fc399dba02c4cc2f9bf4fa310d83a81ce19c315246fc5f8a57a799215f9bac37,7e0eef815f2f727c3c724ee693a595bd4126b98b2f2c22514bb42028454d8cb4,7a2ed3c5f474202394509ddfac9844a5de1dd361e760f33c2ded4cafd3c2d414,49
FLORES,100011,dev,11,,FLORES-200 original release; dev split from pinned local archive,947bb1f42638e7a0b48d89d74511b7bc07d7743941d487034bd9f5a5ae1f2afe,9049ec618c2af199f9ed5cc0bc1a14122642ff9dfd2fe909d332b461a8d1946f,7565a3aab061a8d3017bc55becab8947ef3c6c76254ac23bd2c87d5c513f6f78,68
FLORES,100012,dev,12,,FLORES-200 original release; dev split from pinned local archive,8b8fc32c75460f1ac656d0869ed3aa5286baa8f7b71d0ce3a2d517fb2a1cebc3,1e854f6481fc13222a4938b3cda8a2f75f1a7bf6732b1273df221dd097089930,b7d491ad581fb22f7063e8bde502293fb5b32d0ba7f80733cc62208f28820823,28
FLORES,100013,dev,13,,FLORES-200 original release; dev split from pinned local archive,f0eef9c28771a85c433650c59eca838b6f608cbea8fad6e7228f6819714cf0c9,54f6864f93e748f571ee178f7b04958f062995dcf528c41097c7f224099aaf20,765aeea06b688c49acffd2714dc8e9e4e5ded579105668efd546914683a1ca9b,23
FLORES,100014,dev,14,,FLORES-200 original release; dev split from pinned local archive,2fb8ab7b4947545e318c4c6a6364294faf0e0dfdcab05c2988a5c532f7c24420,29e9b0c0adf57a80537899679b5d1230e0d4edc9ea559ca2b0d1dc1687974e0c,b29f874bff1a8a29e103d20f3e96210f1b3f0a6dffb655aa3b79a882447424f7,35
FLORES,100015,dev,15,,FLORES-200 original release; dev split from pinned local archive,fda61a2e289bc4b3113a084462f393b691993b1bed57c5f214c63cbdaca91c9a,c37bb1667f100713b5328f3f813cced699bcdda014a5d120edbfe687220791ab,a6c7d13cb3276001b075be8efd7a07cce623d46db5447216a17f88c5b7ead598,48
FLORES,100016,dev,16,,FLORES-200 original release; dev split from pinned local archive,fa7c951f5677e2065fe2bdfe37d90554a7f37f30cba459aa4b70c093b9e546bd,361d5c22950862c16435945e872d67db07f9aa5ea6618d2e8412bb90889f407d,b03ad4dc784c4376dd9f71f03a0d5f1fd4279aba02a89233cb25840ccbe9ce29,50
FLORES,100017,dev,17,,FLORES-200 original release; dev split from pinned local archive,c4ff2c1e12d7e210b476e21435448898aa9c88119079d52db1f4c9fdda439c6b,e1068c672e58f23145482482c91875ceea556f2e9ce49999e880bf71c6b85871,1368c8be4f9e5fa7f7b1962e2048e6ffb63fef80ddcbca2aec223d1a8002dea7,34
FLORES,100018,dev,18,,FLORES-200 original release; dev split from pinned local archive,f0d6556f2a1678d5a0f19b8bb5ecded06af2bf519b7afe362719e17d9557c2f1,ab41e4e6d8e196ba8784a50357a4ef8f67446d52b8292f3c6846e4cbbe8ca474,dbe5676d5c2be5a834d48d6482e1fe5e8a388331205e1495d6f7d00a8aa6ba07,37
FLORES,100019,dev,19,,FLORES-200 original release; dev split from pinned local archive,53c0b9bc0f8355bf876a61df679aa4449fbe614d4e94d0252cb5a8357bcf4746,f8d35603f9a06e646c50e1ba4df34ad783ca4c1882c9a56ca983e432531c3639,e857c7e3bd5cb8fcf1bf042366d7bbed11a1017ae879addd27464fa9e77b61d4,34
FLORES,100020,dev,20,,FLORES-200 original release; dev split from pinned local archive,0d5453ac56329116e2e2f58ff7b2ca3109005e27c6013ea0ffce8ada4497932a,f222a1148547c5c2a0c8e1bd8625a2ed5817e6f367adbec41c050251723250b7,bf38cc46985d8d9ee8046ab1eed8ceb756189262a2c5c04f58571b05ed2b552f,38
FLORES,100021,dev,21,,FLORES-200 original release; dev split from pinned local archive,3d01551cc87d86925b81a7885f79bc44e1f725f7b38d4716765845fa807e9364,da0d9f5edc2580ff1dab2dd5c79bec3b4d152175f6181e57fd7e1ce68424644e,49abb1ba04237ce1932edde39644cce75749b6db139320bc03b1838c5c59f105,31
FLORES,100022,dev,22,,FLORES-200 original release; dev split from pinned local archive,cb82160d1f3ccb1432ff2c98acdaa4a37b1586b50500f419d2fb713f05b4165f,d3e5c906e54b1d1378dc5406c35cc7458fc08f0c0e162df60816608635fc5050,461e88f183fce31056a493a5aca8e7f6877aa330dc41ede718047772c48413db,28
FLORES,100023,dev,23,,FLORES-200 original release; dev split from pinned local archive,007f3274b5405646a8148b4d8c8ae5b6d2ad10769f0fc57f204ac548b4209ea9,499517d086b987b00dcdd6baa3d2ef980b9eb61454556583b995f3db2566f084,b6c5a2238b274371740aa55f9f3a4beb8b6a907778fc5cd57ec2eab5fcdd1730,31
FLORES,100024,dev,24,,FLORES-200 original release; dev split from pinned local archive,65b2ec6f5d7f7f8830dd0c3c8c73472a0b8cf7a51c14d1b934929cd9e2bc0f25,06e671d345636564b5c8656f1c2eae36a198084323c87309845c63940aa402ad,014e60e908cbd2027830b2058eb9383f531aadae36608d7f735e083486974490,29
FLORES,100025,dev,25,,FLORES-200 original release; dev split from pinned local archive,0ff5816a9ba342ec10234cdecb29ad7d889f3accc8ba5335050866b362d8a346,3a2e4bff241cdb7e415aa36c3e14d2f39edb709ca691cc02fcddc2c16fd5114c,6d8c946bd106e0a72641b6777b24c4c7b9882465dd5f801aa9d25a6051e4a20a,36
FLORES,100026,dev,26,,FLORES-200 original release; dev split from pinned local archive,1f245783d169fe906b59a3195b8c059d0ccd554a1e7460a4b712db88749ee112,232ea8bc8baf36d1ad8c2ec639b18394bd86c5947c90df2e59a164de1dbe0be7,55faf11206f4ce8648db79675b067b57c62e713b40df2d50be0cd7b1b8fd4c5e,35
FLORES,100027,dev,27,,FLORES-200 original release; dev split from pinned local archive,502b96453eaa8ae480b526d01227ee7248c8688d65decc26123e7c2db813fb46,d960a2b12deea0d6ed044e01c5f54d4def5d739abbedd6340558bb6e3ec54cee,e1b4c6b88dd93adb323e9219de89d33618825b8d2d2a140277075ef73c19624e,68
FLORES,100028,dev,28,,FLORES-200 original release; dev split from pinned local archive,a13b810ac91c919a59cac527cc77c4e1c920692cf7a5ec861d10ba147d907759,2836e3b523494956b6c1f86570d807d8fe1ba34d087e35243a412c814d5b0c24,551c1a2a81b0ebe5cdf1476f297dd4f42e51e90750bf9519ff5476cea1df1bee,47
FLORES,100029,dev,29,,FLORES-200 original release; dev split from pinned local archive,6cf3df0a3a04ad874069b646576991117b09e12066421cd6c570aaff81f521f7,4fc98a97091c70476340789a1af3e34edb45108abd1f782cf6454eb30dff511e,0f167a7453581a03bb4036a8cd125cb0e2c9f355e2953a77d5018d491ec59bf8,41
FLORES,100030,dev,30,,FLORES-200 original release; dev split from pinned local archive,2aa0a61c2ec5c8b19d02388a13a01210c22114776017ef883e275e0a89e7685a,0a66c6db8d76be1f6b24f35f1b8b7a6599fbf194c840f9b6bcccbf446e18dc27,a0ed82e5bc9b9f371868884124dd75b8c427478e78ba750ac3c8fa33bac9df2d,28
FLORES,100031,dev,31,,FLORES-200 original release; dev split from pinned local archive,a7e9ef2bbe3e2235ba171275e3516a2c17f22e3c6cc1cc288b3b14aa15851998,035c4ea3f83a1d85afb10d0d2fe648265d6b3ecff7d53bf3f69dc870a3559ff8,dc760052a6068f219d86fd57636bdb2a69a02908f2eb51e5a9a930a895e6e1fb,28
FLORES,100032,dev,32,,FLORES-200 original release; dev split from pinned local archive,040496800e060f85bb8cfa644e1c6d4325b327cc162f98eeac12cc8a9b23a053,d55e58cac910d7550c1a4fb5e245348bcdf63fd86ed298b568c6656dde0fcc66,787ecfec42a77801fd4f916ff0a00baff82596b7fa51abc84bcce032fc756e69,44
FLORES,100033,dev,33,,FLORES-200 original release; dev split from pinned local archive,1e5a738ef1491b8ecc2e06bd8dfcd4b86c25a40d534e215e4ce9ed8ddf0aaafd,9be57bcf5d90818ef36bb8713556a5ad89b72399c591a6ad281f98cdb1828021,56c0910eeeef1dc8239d07659e277a30cc41db0b39dc4ea78bb721a9d6f837ed,36
FLORES,100034,dev,34,,FLORES-200 original release; dev split from pinned local archive,cfb7194123c0ee8cd8da1c48c6e177d30a63a274b482fe11a4ca2e7047aa6f94,33451685cd51b74a31f621acf0def6152f9f1669999fefc3dce1258f6b26f528,2446c7e17d5d12c385bafd3bd18f4471a9e860a3982d66acb5ae1849344cc5c5,30
FLORES,100035,dev,35,,FLORES-200 original release; dev split from pinned local archive,f7ddc0cd503966fe9794baf333a00287c826094241b9b1eee43d911865c6e84b,fd918eaf61253bdf1714cdbc801b6b7f8a46f8b9dacee452710e1f745abf9f02,86bd0114d0f5adfa9fa85e5dc57e59896d6b9744fe18ed079192ff93a82bf8f9,41
FLORES,100036,dev,36,,FLORES-200 original release; dev split from pinned local archive,1c3db35c1029c4d39bb445e453fc28e331d9f0a8850656898628d2c5f723cc21,dbb72a27c8f4a429906a95e2e945c098d16fd378dce00bd003ec27bb7126a1cb,8be7a09a7f7d6e91fee07b7489ff360a4c193d374802ff3714e66585873dc5d5,26
FLORES,100037,dev,37,,FLORES-200 original release; dev split from pinned local archive,e85d57bef6fa57dcfd39aa1f2ea611b5cf85483903e2466335f781a8866be8b0,95713b1f3fadd539050ae87ce672f66fc2e06e4289992ebd50f5f1ff40ab3bd4,15ffc65f836480c5a256ff3f52a49c1bd21302ca644c2d83bfb8f3aabe54a383,36
FLORES,100038,dev,38,,FLORES-200 original release; dev split from pinned local archive,db93e792b7d2869520a2b2421cad1db558f08e6db7d67f9c63b03d5719f31d37,dc4e89e77e0e095ea64e4e6d6170ce16ef95775c9d2b070b6643a27c40cfc349,699510e5485c37f571f47fca2d19520b23e0638e54d9deed68d13c70a817d606,40
FLORES,100039,dev,39,,FLORES-200 original release; dev split from pinned local archive,554993efc0f5cc1ba91d19817a3febde6e6b55ae871a48294682b73bd37306d5,d49a746ede8b996633ee8b439e851e98d432122e0472311d5717a7ead0fddef5,ea376f1ffee49b3009696f4257ccb4cb4eb9f913e166e1a5879ff54b7c21d05c,35
FLORES,100040,dev,40,,FLORES-200 original release; dev split from pinned local archive,33f837b1d570b3898ea1f5436bf0228b4f4f9d69762999bafd6a11e0feac5871,c2f2126da2151f54d05c908ec853fcec99577dc2f4ce566f112dabe13ea475b2,b9355ee7247e85865d80ea9ff59340e1f7662c68a07313b2ec350881654d8043,32
FLORES,100041,dev,41,,FLORES-200 original release; dev split from pinned local archive,3ade5bd8ba91e86e70cc36b3cf0f491aa37cf912ad93ee2ba5eaad8741f3bcd8,fb24a15132c153945b836cacbee8259bdaea3aeac5c3fbefc13b811c51065ef2,15bfa473e4da914f7a1fb745fcaa2b83de9bde53872b6a965649ff219a964194,56
FLORES,100042,dev,42,,FLORES-200 original release; dev split from pinned local archive,720e30c2b1ea2c0a24bcb1fb48f3e46f655517675a82d5e15e144acae63428c6,869f182fec091534d485016762d88208f0518e2c42cd7de5a30bb55a92d693f1,cb156c6ba44cbe923245ba6401d84ba96c126b87045e7a16c0fd8355bbbcbab6,43
FLORES,100043,dev,43,,FLORES-200 original release; dev split from pinned local archive,1a267a36f17149b40c43eadcdc2f28797c6c757006dfaa9a30c5ac8715adab62,65e3eff4bcb77a761f8c9265eb62d4aa3825a6489a3a3fae2a7795c00de8e664,fe725b7dda2cbae5f2c2c45cded56f32689a2cad8972f1935fd5e317a648d6a5,51
FLORES,100044,dev,44,,FLORES-200 original release; dev split from pinned local archive,5a4b851ba6d04b8963771d6e8ce50414f8026f4c990bfb3174658571e1ada3ec,ffeea806b22743f81670ade5bb3e253925c2ade9a9875a0286a39f28626d4a8a,edab17d40bb4dec4df1c9c64621d034ffc31ae3bff4bb79f7ae76af1abfbdb0a,38
FLORES,100045,dev,45,,FLORES-200 original release; dev split from pinned local archive,35b596f807f42b3ee0f2196b14c4ef8848cd7c923a08f37215d86231f2a5a507,36c6c2b3f9fea26429aa2150e337ba34c1daa8195d9fd238640cfad94d71baae,e0fb223ac81a6afe83d988543738e3248600d7ae1eb6a273c6ef4604ec907001,52
FLORES,100046,dev,46,,FLORES-200 original release; dev split from pinned local archive,99d3490f06d6794cbb67e4a935bc5a3f6eb838e283093c248b36c5b05e23bfeb,7288ccf029569dbff96582f22f26cf079b786ef8e4cec35914abe9bf7068ae28,787d4732ec643f8534a209ea746661f0fa3803e608e898ebdac57ef1e2d32190,48
FLORES,100047,dev,47,,FLORES-200 original release; dev split from pinned local archive,ae5145f6d8e8cea6630d2f1010d3708d419ebc1a8315338aba6d574bb9375744,24a0d57fac0cd38eec8d31f66a4fa8ea7ba116dc4271a6ef3293bca14b602a0d,8be6ab0f1ec3a3ec1be9b2697f3292d301a8fb520857706bd18b5ba31ca19c9d,46
FLORES,100048,dev,48,,FLORES-200 original release; dev split from pinned local archive,23caaa248d96b045ecab694e7b32b088e1c52eff9d7e50607e8ccbb56ee3eb44,661babde52ddf696f9951168663501dba6eaa3f7e6fc1ca47a1f08fc7ceac8bc,77d267ed4f703460f594bf37c0aa09595f103df49d1807e2308c871b251848eb,50
FLORES,100049,dev,49,,FLORES-200 original release; dev split from pinned local archive,b3a565da93cd61e9538c6cfff7d3f0194379e72aa8143f843f3e97bda5569475,9a6cff2f3c7567ad3b3f5d2f26b8ad4fc9ba0b0a7e38af5af58ded964c34157a,0b49010734a1a29c04061fa85d30a2b9a7e0bf302ea653d3f2270c9560e50617,43
FLORES,100050,dev,50,,FLORES-200 original release; dev split from pinned local archive,e4ed5b5b579ea3d23f9c19eb88353505ce6fc77d0e062de70e3ac0f9a14be09f,73521536da3f9145064aa0fe981159701a1dde4572830f0f3f1870b4b58de2e1,368584fbd76c46e56398b11bf51c92503db3162e8b93bca3fac7f7507ffddc47,63
FLORES,100051,dev,51,,FLORES-200 original release; dev split from pinned local archive,c04333bf49d25ba214de6d7962697915110c53ce068dd42b6b172b8d236f6d0b,aa6c7e8d5e661a66b3c08e5be2d78e1bc0273e0dd56709d8b6c6b2057bc94382,32d8b657d9c9d0daa3df9cdae891f54d1ff43b371930284e1f9ee0b0eaa90c80,37
FLORES,100052,dev,52,,FLORES-200 original release; dev split from pinned local archive,98bea37b75fda31f19972a0c0c29fa426f3a9fec9f4474aae0099a43c8ce897a,2c2aa63a1c2ade662416c3efe6a5c6e04da01680619411c9dfa799342030ed0b,3d05f4e56531ac0833797e45daceea3601f5e3248fe8317ac09346c934cc81a1,58
FLORES,100053,dev,53,,FLORES-200 original release; dev split from pinned local archive,6a5b8418d2e50689195ede52403818dd452b925e10f30cf8ede0638008f46fd5,75d00df668c454ba1df4f0534d9c677e5a89ccb59f1e78b75f59a25dd31dce4f,fac77f0d44a07cf6c71a5e22f165eb9228b770b79c5aebc4e5f2facb246621ef,48
FLORES,100054,dev,54,,FLORES-200 original release; dev split from pinned local archive,7fad54a4885020048af68fb06cc43c30f39e5766d3b8f55566457d5e5e20b9f6,14007400e544df3fbe2b3908f47904d9c58830a024ba08845e3e9f5e219c7dab,0212d3d8a793cf69a2862b6e2be0b9f90af1910366c6b209d04cf679c4003dea,28
FLORES,100055,dev,55,,FLORES-200 original release; dev split from pinned local archive,ab165b80551066c578a721eac5af65958473e9a4a0257c20937352022ec11b42,fdb64c16570566a7cd55b9b62940b54a7be785c45791e370753a82b8ea0daa2d,b5ac8c1579dce532d2e526fc72f2598ff7377df400e394c6c7997ffb43e162b4,45
FLORES,100056,dev,56,,FLORES-200 original release; dev split from pinned local archive,91afd7745996c372673b7c3dc31394875b9d593d52abd2376bac9bce5879ad7f,43bbf100608ae3e5336c04b8747d64aa4d28028d7db343b6ef29526f01b5d12a,9c6cdeeaf8a63af5bd5357bee68ec761149e8baa02b2db9533deff77fbffa6f8,31
FLORES,100057,dev,57,,FLORES-200 original release; dev split from pinned local archive,64d40fd230382091a37885034ff5a264c3ff9a539a4b5219523e63e3b4a9e55f,ebed8191f365c930bd255472522c08120719b38fcd252abde0d6414b597989cc,bc912e35e143d57c3f4442f8e7d66b7e054ec0f05557b4688c377e293074b567,42
FLORES,100058,dev,58,,FLORES-200 original release; dev split from pinned local archive,e44d3898840fb0189e9054e1692f664f4120a09bd2c150746640bf3cb35d6d9e,dd2cb4f5c6b76037960a5b899d2137db41f222d86d75c787681514a9ef3378a8,479577e937012878c8e5c31298b29cccb0a8e2f3e8b463339e048665abe2dc9a,41
FLORES,100059,dev,59,,FLORES-200 original release; dev split from pinned local archive,706ed435a972c34db4847466e285b4d4f6064ed260379682fca840cb398dd83f,559048e43635486b19f074313c1ab17a51bb0aca56f9e9cd2cc56a93d73565af,eb4363d919cb0f6fe74df3b8bfe8d288043a285585283cde5590dd96ace54ba0,69
FLORES,100060,dev,60,,FLORES-200 original release; dev split from pinned local archive,b30cd6fc3a5225981ad40feb5deaad9692fb756aa6ed4704562d81445c102484,6c9673ad2df91fadea9db4adaa9b9c6ad63333bf0556932aa1f79836475c4e33,662581a487bed55a7992d5435a4070480dfefeed2edf7a50f3a062eedf81d70a,61
FLORES,100061,dev,61,,FLORES-200 original release; dev split from pinned local archive,723386362dbfb10d47a22d11a53886b3eeaadb01f7023df1281c1800a6ea179b,7fd8e4c7c75fd0bd754d95b096bf418413f7f6a0964f843d240f96698ad01c9c,e5b4e22ed724b821508bb1d14cd65ec702af74a82e1e4ba73117bd2c02f70fa3,34
FLORES,100062,dev,62,,FLORES-200 original release; dev split from pinned local archive,8cbd12d12e58dd931c57cf3fa528283b7f37c6b9260293475d4cd79cc8449251,bf9cf386006ee891ec263bad04632f4c3338dd0c4d6930cd7683854d6769a6d4,cc1c266636f934775f052714c8277f297e6d6127897c117a13555a027ffb708d,40
FLORES,100063,dev,63,,FLORES-200 original release; dev split from pinned local archive,fcdfb530ceb70e5d7c61cc20cf9ebe17fa0bb74d1c353d1f8e514df02c5e2395,6123a2666280a81c76fa992a54e7d5b4f8ec7eefc9e2b856726b79c8dc6e21b1,dbdf6e1ceceb36ae7322858438518e2838c296b7ede3014ce12b77eca33cf84a,40
FLORES,100064,dev,64,,FLORES-200 original release; dev split from pinned local archive,62bfa9a420bb2ad12ea287025e5d91aa8f6acc41747ca480f553009459f0c455,432b9b084bd082cd7f9a87aab9a6f6d57f79679bd0cdd541b500339f8da4ff38,11778632ac1a6fb60c2ee6e1faea9139cc39039c2fd26defc299a05795db21de,40
FLORES,100065,dev,65,,FLORES-200 original release; dev split from pinned local archive,68b2614541a317f65686d571a588b6dd04d37c0ad142ab7d508ab4a40b052b37,28674be302c062b7e2f0844d66780eb75453198d4dc28d43d93c903e1137f290,85bb5d151b46c352b0c15982b45177419149af86daa1ddf0d780217330ecfceb,47
FLORES,100066,dev,66,,FLORES-200 original release; dev split from pinned local archive,dd764db2c072936eea1fe5f784351b5fba04a93994379b485fa048e29b1cc5d0,32544f3cb18bd424919ee85af9c4ba0fbc789aa508555598d3177cea57d7f8e4,a9533f17ae8dc29854594953c8037442840dcff0b909fc43c005f8173f03648a,35
FLORES,100067,dev,67,,FLORES-200 original release; dev split from pinned local archive,c98d56578f1920d001d7adedd7ed2eb7944661c9263a8a8134b88f6fe70119ad,04cdaff69365d6b8a549056f3952aa5d4783de69749b72abc6ca4e5dcea8a676,993d6acc8c7eea0f75a9b30b1c9ac3b99cacba146585245d3b9de17a21f9b66b,53
FLORES,100068,dev,68,,FLORES-200 original release; dev split from pinned local archive,cc01ace4888efc82e7cc4eb612a503eb3e8869705b1a33246ed19e4aa8990f2c,dc0317f19a51ac438c66bba869a7fabb875d4afb551cc29a6d733660479af37c,b6f771bdf8aaeb792ccd36f20572bed1783924d5dc084de3cc04bc61b211e9e3,49
FLORES,100069,dev,69,,FLORES-200 original release; dev split from pinned local archive,a787d9cdd5ffffcfc6ec22f8b7352c7e52df99b29a9f85e78327794f86c1b381,ed2291d8ed574c24e95e751ce41ad40d3822110946a5d35fe4abe40ff506a320,3557effadb8d31a70efd2d6d9f4dbd9be8232bc1674b8a26a91191bcbbd6641f,60
FLORES,100070,dev,70,,FLORES-200 original release; dev split from pinned local archive,2453694920dfc38b21e636a75c60657ebb14630f562da4d4f5e9ff94af4c8341,8b34f5ed3d6bd075354c106dde538d9ab1125a931d645e71112c80febbe394e8,fc7ebbb7156665cdfeb2fa08e56a082848aca079a2b0bb8e14e64e8248ae23dc,44
FLORES,100071,dev,71,,FLORES-200 original release; dev split from pinned local archive,047aca7c584df5b2c2c29336980b249abe4ad3d3690de3acb61bda63a0c25452,36db5c44fd3b55ef8f86074f1cfcb2ec8e23c2a0a19007309b8b0efdb1ee1252,33169b83fb3222b3bd27b1edc49ab1c5e025ff6522f01ee7feeee896c97a614a,44
FLORES,100072,dev,72,,FLORES-200 original release; dev split from pinned local archive,b25209dc6fcba2833e78b9333c09ab9631f4e8fde4cf6c07e6c6c6b78777b0ce,7965f42a7bf92b2d091a7d8391281e38598d9b3c03b76a8345d0bc645cc08697,5ad85b2781cedebc0f85ee84ebf5b7cb840667b49e0cc7a5b20e554070ad9a16,54
FLORES,100073,dev,73,,FLORES-200 original release; dev split from pinned local archive,34aaf6bd5df3f3a9183421053f1ebd01959a6641fe50f0998a2d24fbd4c305cd,ae048bd3bc215c262bed170180d31de4f4017ef4b8f6f624a8ad078c6aab38d9,7ea473f8de460c6a1583c0abd97045765595046d3b5503173744690fb490d9cf,51
FLORES,100074,dev,74,,FLORES-200 original release; dev split from pinned local archive,1ba7fe718024a476d9bd22d8d94a7db4892453ef121b1db8ba1bda6e75ffbadd,37a12bbb3a54c2e339e46dfc17c8d8d4171247589c2cc166d1b7cae167120fcb,f3fdfa5719b77eacc2e06824e59c34a18d72a0b5b122b6717430ca263a0ef905,78
FLORES,100075,dev,75,,FLORES-200 original release; dev split from pinned local archive,f88315161be316bf7277d9421f97370ece47d8126ddb3e9359b25dbba495685b,021da15adc38bf6601029c971662b4ec69d949bda5aaa4e3e7067a5d67b2b55e,b9d76d0c66c907c9692c578a07575751957f49d9e86ba153383323c5bdb9446d,34
FLORES,100076,dev,76,,FLORES-200 original release; dev split from pinned local archive,4e329c21f98e196b8d2343e77a5bdf32fbde63bef3c7371ea3cb7a9950113935,f4a77f9dbece8693dd3b64f751157381c4f4be8548eb1805e1803ac76c6263c8,acda26dcac2b51700e3ca02ebaca6fb0f534144fed13f1e849e19356d80ae75f,50
FLORES,100077,dev,77,,FLORES-200 original release; dev split from pinned local archive,09e98d013ce79332578e95f421dbbc6bb2cd3065254b245a68aa922c1d1a0409,52d90f1cd7d143e5aea964dfd9bddff52078b6d0e76411617d296dba5902419d,f3385dc685c57615099c0669518fa88f1e8f14fc1151d5f193053170216fb15a,46
FLORES,100078,dev,78,,FLORES-200 original release; dev split from pinned local archive,31695d72ac6e78735b5fa1f53c81aeac221d98c4e2e98c8e3dd867c088b8d84f,9e55be2906e7d84be49a0e0cbc62b6e2ef82d1808198643347bb3b05a8f35979,d1babc6713e0243d20bd609bdbb983e4e01a34503f7975ab1106f39ae2a26a7d,31
FLORES,100079,dev,79,,FLORES-200 original release; dev split from pinned local archive,d1de22eb2390fb67ac8b8cf4aad3f23ce6f977ddad80f1d2982828841e51fabe,2ca4f22ed898454a927a401ab7fcbc241303bd479e2787e58221ad4c2ddca0cd,fb40852abe7a631bf5eda849e7137786090e1d7f2ee1870b002633194e3d1552,34
FLORES,100080,dev,80,,FLORES-200 original release; dev split from pinned local archive,af288cb36e35faa0909ea3d7d920019f1ef2077b85bc553464dd913a4f690829,349565b7bf739c69602005aa6ca2131f541e7140d481f25d0f139fad4e78b103,3e415cb353129c09994291dce4e7fd338c2fb295334719663be219d076af8fe8,34
FLORES,100081,dev,81,,FLORES-200 original release; dev split from pinned local archive,130ad0304c8ec76dd93a9bd6135d6294228094544a7fefc28f09619c0dd03fe0,49683747452a16c56d812624c2b90f6cfe9599e92e7a6c5a10a2f0d339b80897,d372e6186f826e974d540e7d80aef43a569898dce31d24f2dc1f75d640411212,28
FLORES,100082,dev,82,,FLORES-200 original release; dev split from pinned local archive,58e3b0137d1de71cee7f1b4ca6203c1b9182663505571f6d201b48a16cf236f0,a25d2351f8abebfd0b26e309004e6eba2e70de7a3064eccf1a3edae89314c66f,4c3a880569b72fe0c54c30f5953829b93b44f353c49a15afc5c3eed603125d33,42
FLORES,100083,dev,83,,FLORES-200 original release; dev split from pinned local archive,f1518fffbf59b15194f1e96c1cca72721549a91bbc27bc386089ec1a106386de,fbe04bc21d7cb305233ddb62c4709b199744995aa089a19963354100759d2bd2,3ef1b6e69a9c4a9d8e33d2c1c17676fef93181ca731a00f11c5d8d3d47ee2877,41
FLORES,100084,dev,84,,FLORES-200 original release; dev split from pinned local archive,b535533afb02578158031f33be0ce9101df9cca0314dbf2f6659386a67f0f6ee,e30393a15889d16739b2ba0004780c9ed67bea3fb28c60afd0fea3bfd2536b30,5530f645795d957e6ea877607d0981c976612be3e2af39d36112d9e0af201e01,34
FLORES,100085,dev,85,,FLORES-200 original release; dev split from pinned local archive,e1cfc5900e68ebbab9420a02b01e77db011e50205163957cd4dc9830a6fa0d00,cd10c9d70a83b104847518f2ab2148706be82ecd078166024a6965b6af97fd85,44919713b842987c68b3622e10beeccf094aee8dd1ac7d75939d1c660c7d55ed,29
FLORES,100086,dev,86,,FLORES-200 original release; dev split from pinned local archive,398b3d388f2c3e9c8119f8009971486668c0844ed3b59a1755b61b06e7067a26,9946f8ec6e1a2ba26377e7fc8128a34c419607c70a31d7f25ddcd0a44aa9e64d,7d9b351148c0e540b00ae8afbc967b97f0ab83b7f660da7f7925824db49a52a3,25
FLORES,100087,dev,87,,FLORES-200 original release; dev split from pinned local archive,7b584038578ae8de0c2eec98d9ded13d0cc0f48e1f680076659324c6fa626179,36765a01479b36ef2d473f44f983f232f2d278dbfdb16241e14cacdc3a1ec74c,4f61442fe29ec9266dbd85ba48c4321e7e81ec7455d124a26598909b3d6c983e,43
FLORES,100088,dev,88,,FLORES-200 original release; dev split from pinned local archive,6ae658b21a276ca7e10cc4e8df508110e489b6c5a61dbfef9a99d5bd75a6eb65,9511b68efef005e77494de53cfefc73e8b94f3b767720b2df0ae59567f8dca80,cee4c72f5e582a35bdf7979d05a4552f21a2fba098480e10278055152921c3cc,52
FLORES,100089,dev,89,,FLORES-200 original release; dev split from pinned local archive,99a6bbf8e2714b4f20a7283feacb6a7db6a4dd78569e38f2bb67842fb5f1c4bc,53d71f361779407c85bb3b1ea03a2928f24f827fb7971e4b639974bda9b555fb,4d50e3df05d71028e507a446cd7e0725b48209d68e122e029ea170262870fb61,22
FLORES,100090,dev,90,,FLORES-200 original release; dev split from pinned local archive,196a26610130886e3cf455d64c5ed08fcc1116064eebc6807424cf6bfb6821c3,fd031adbfdf0d974be68f9921dcf2c58393dafd1945c027f8b0aafbda3fc83e0,7250a0a7f1d1f2180c7bd1269f47ec422b2dc08483843f644c4d37085299b5dd,52
FLORES,100091,dev,91,,FLORES-200 original release; dev split from pinned local archive,17b18fc9ce573e07c4febb607f878e4a23a6943bdc9eeeeb67643c6b5afd6209,2781a7d9038d6d78fae81d7d888e792146474de05474a4f77b8a1e99c93fc018,9ee5eccc42307d7c3dbdae88455acc54a02ba19fdeefaf5efcb21b97c0b72222,40
FLORES,100092,dev,92,,FLORES-200 original release; dev split from pinned local archive,b4cebc0b933a04bec108f62486f598d5793f5367ceb9397bb299bac603b5a002,a9ba4f7a8790b2e15423ef1ee34bb920af843d5ca99a602efb4df199e3660a89,700a712632eb2cdaa10cf0ae5606c3e4726144dc89f2a3b77bb45154127a87cc,38
FLORES,100093,dev,93,,FLORES-200 original release; dev split from pinned local archive,946414378d1e7e22459cd3efb4ab12d10c6a83e0f21c5661b8c17f0f707738ec,1df93452b6df7b012f442ba62fc84f763aaed5bc3a6a7848b3a3c00aa78ec0da,92c4b59499a507c5839c3cc2306445fd7069238b213063ba7fdc23c3338d559d,33
FLORES,100094,dev,94,,FLORES-200 original release; dev split from pinned local archive,a6da7816aeb6dfd26cf02b44dfdf005954c42d3c78bd670a34cb0d93c65d2ea8,f578433b8271cb60b00253957e2803766d8ded662dd1987e4ec3240cd8157af5,e89a7df0985f2451798fd0f10d3a06d18924dce0f4c36b84d1c87603ba8611eb,31
FLORES,100095,dev,95,,FLORES-200 original release; dev split from pinned local archive,494bb75f65c0a12de79e5c928ff31303a3d4132af4160adeb034a069ffda6c1a,b602d4b2f2b0942172e25ac1d00d313889305488a97e4900b7a84681b8243c7a,98dbce30a288ad16d30a99260b167382f879c31d2fc8ca0519bdfd2f917e5f18,30
FLORES,100096,dev,96,,FLORES-200 original release; dev split from pinned local archive,5faf8afddae01c11f31be401460a3435670522dec5f8aa4b5112dd0701277056,36ef7f2c570b02f1be3c893a08656f65e73df0d3b1805eb0033582deb66c3b43,c18627b4725eb1e828a5ce7fa0acbbc96c5552c8f55d886500ab2d0a937ce570,19
FLORES,100097,dev,97,,FLORES-200 original release; dev split from pinned local archive,5ac1d03e6696cc19c33e7496a9bccd9b55723491741ed627d6712543b067e96d,a6121f7acd9ca58124e82c2c5d8b16580297ad8beee62803c968afb680b63ebf,db7dbd4156684ee105d08a3df6e6880c96daae4075423decabf56e9c7ed8241e,50
FLORES,100098,dev,98,,FLORES-200 original release; dev split from pinned local archive,f996589332cd9bfbcfe1f67ef00709e7044c20167ecc3361a666346cba85a7f2,6c0fdf42094011b902e2e44075f63b45d43323575649281792764beadf14e8e2,1e4276c5bbf03156b524e554dad9fcd651e727cd13819025d5b07ec5ecea5ce0,38
FLORES,100099,dev,99,,FLORES-200 original release; dev split from pinned local archive,d790d226425256017587c9fb8cdc249805ac08abbfdf765449d7ec5770f30549,d57bd3a7f294c8f22f32ac97c05e2c7dd2e0ff393f68284fabe9d1eb026d5641,b2c7b951d8e745079f046795b36dae863246273387bc96822fe513fb5c3574c3,44
FLORES,100100,dev,100,,FLORES-200 original release; dev split from pinned local archive,924d2db29c6507f2a03656c464ea747d7eff270dbb048e3b4da2ce0cf8aa7512,88d5fbe45e8a49ba66448b9d1622d02efa1186c739d7ee3ef1f33ba48c1dd188,9bb3aefa91f45bd27dffd49de2de66030dc9035fd2476dea0a747477d04d0662,42
FLORES,100101,dev,101,,FLORES-200 original release; dev split from pinned local archive,2c09695c56cac4bbb0a820913a8ceb8552bbd1000f9065467ff170aa538d4f69,cb18e57f5ec2b432f677bec9c06efe3542c31b4d1eea098391c71632e84e0a65,ac18d4dda83872b62f9b95bf5043d924c73ba1a42f748af3e8f2507c821eff5e,49
FLORES,100102,dev,102,,FLORES-200 original release; dev split from pinned local archive,e379de47f6f640086ce5614adca05d5ab98954232901d458fd4fc01547c11f0e,65c017443c93813287eb6052d609ce738a08930b7a69ac5794a2aeffd8abbf91,9ce6c5f344d5fcd13a976aac7f8dd070ba26de6885e2790b49d69f9ec6d4ac45,31
FLORES,100103,dev,103,,FLORES-200 original release; dev split from pinned local archive,6d21cc1c5d7f569a2384f5cacb40a72faeb14ead1c7857546a1ff1a0472ab6ea,5350fdecd03901bfc113b2a58718f6848e78ff1343beadce163a7f7568c9f94b,ffb6c5e5f8fc071968fdb85f4ff48410f0ad086eb7d1de293d731bdbe5a1bfb0,38
FLORES,100104,dev,104,,FLORES-200 original release; dev split from pinned local archive,7409f55e2a7799cc68d62153b324669f98ef1174aa73413b49fa07d8d6cda9cc,1c032c2f321b216da7a577568f341d1b3ee4fe16b18fc059a2ac52985df9fa04,8a87a3b9a676a7dbea5f7bf33904db479c70a0e7c5ae6c84362a9f64d61f9cb9,37
FLORES,100105,dev,105,,FLORES-200 original release; dev split from pinned local archive,5ed950acbc5a35a827b26452b666f187e0e94161612acc87413e28a454e96a58,97fa0dd0b9ac80f46ec05d3fd604032f9e96d6b5efe7929bbeab4a86199a20a8,ceefd1ee0d093786a46bdae85b5fcefa2dc31c144db4e91f8f5beb517f4e5aed,45
FLORES,100106,dev,106,,FLORES-200 original release; dev split from pinned local archive,08f101d378bd2a99d96f6011757da97e705dcbffb056b1ae61ef659a531e8679,cfddf263e57a88fbd0a0597ad66b4b4a47b64480304ea9eff9858a13a80e78a6,92e41c0553767e236b1bf0c06f70da50298e4c3c7e2a74c5b50a12d68df84f8a,44
FLORES,100107,dev,107,,FLORES-200 original release; dev split from pinned local archive,3cbea416c705210193baad45c17522118eb55802cfd5f5534e5690368dc024cf,06392fd18ac6df90ce0fdb2e994b73a2802c2835715e352e6683fe6300cc8463,7ebbb39977d9cb1aee6ad469ae210d7f278f97b0a888900c80291aff41d99e00,60
FLORES,100108,dev,108,,FLORES-200 original release; dev split from pinned local archive,825658db231af22af2937a6bb9074acfb4729d33a364f4a57050c74978f938df,62e7e57d226aad9667d59ba96c077fd882c6417e852cdedeb8da938a48300f6b,d794e21c7d9836134c5e257a00de5461f23c4bc40556be2c150c31bdf5c4b8aa,56
FLORES,100109,dev,109,,FLORES-200 original release; dev split from pinned local archive,ee7d9dc22015d43b30e14e5855a0ad5d0fde1e9c496eb3d8fb392ec430da4335,f336b1bcc0e17b3bbfa6411f82fa9bf3ef81f5bb9ebcf151b8bd9b262e3a3e62,c6131c627e89dac0421ec262c5ea52a64397c6190f064083a3d59da504ac51fa,26
FLORES,100110,dev,110,,FLORES-200 original release; dev split from pinned local archive,7f5aad18aae260adabd843f29265e2959a7c74df3439a0c9b18584c58dd86a95,1aa0cf7e5a0be6dc5c41af8062f6f3539583fda425d21229d55c99aa8700c38b,b2dbf52f3455e0431649a3ecae1f54825cc8ef8c6c2f3a39aa0be8ade4422833,46
FLORES,100111,dev,111,,FLORES-200 original release; dev split from pinned local archive,930a387bab9108bd7838fcdadf0ac52a5451af44e863958f3b2037f0089e5a29,c45f9c0c8ea0ce4d6bc6610f7bd5def45803df3b9060a90d2cf8e1fb038bc26f,993f085ebf7f6e92f1c89939325a0cccd051924f056e5a769376e1a2fbeca51c,54
FLORES,100112,dev,112,,FLORES-200 original release; dev split from pinned local archive,b734d09387ecc563c73558a353eda5d9887a60aadaf2fce6f99df1d2026bc994,2ca6ea00039fbd4795de330bac76413e83c05dd652cc986e64945f73747f263c,8d6743651fdb1d3806c06284c2dfc4c38028422178d34fd66c5ca9a81e101c4f,55
FLORES,100113,dev,113,,FLORES-200 original release; dev split from pinned local archive,6ed9f3b4cd88cf543db7c97d3330b3be17cdba1060a5fcf3c5881fdbaacd4f55,9dcaef6855256def5c3e194ff9db6d7aee4136adb3d570dca8ce4bd8cdb07d1e,2b1b7e398dd21d7e829e6cb52866065c0515e99bcfac96f50be87a047b57be9e,44
FLORES,100114,dev,114,,FLORES-200 original release; dev split from pinned local archive,fafd23a63a385418a50ee21c17be71a58f10289b800c4ca0aa6d37329f3870cb,783c22352c16d8f283f3ccd8cb21493e02433d792c02bddb4304508fdd9ea362,77c51af35958b2bd3f0953c1adfbdc2e6ff3761246b5bb5f6c203d52b2eef0b1,50
FLORES,100115,dev,115,,FLORES-200 original release; dev split from pinned local archive,18ba24e2477af6ee5b5269bdee9ad989b5734adabe3c2d9e9d00581def0f5619,c39b9de88a775e269147a0a215d4642b66276dc0e6010892625ea4eb82163943,e9dcebb91c1a215d63931cb74f3a76c25ff99393ddca961cce12e3b03fa25853,22
FLORES,100116,dev,116,,FLORES-200 original release; dev split from pinned local archive,f350cce09de9a22607f58d72727308e5b230a3f1bc2e664373d858a9175a7e66,99c2bc27d6627ecaef555b17c60a3b475e14f09fcd0177aa619c66a4ac0555e7,7c67e4a9ac2581d579013ec2f61911d809349efc43dd0807fef32786b13d85d1,43
FLORES,100117,dev,117,,FLORES-200 original release; dev split from pinned local archive,1461bb7337e336a3182e481baf71a9968df6674d3f3e4e56c232288bbb6ae01e,47b8a0718a84501740e27a3e655a46e86f17541390ca274ceb8938fdec44db26,0943bd58e5831cea3522b25192c955dcc58886ccc686322ad8d3b98a24984259,34
FLORES,100118,dev,118,,FLORES-200 original release; dev split from pinned local archive,1fcbacda5c454b61c3bfa13c6b61ecac0d2bfed09559c2f8a0a187e001d08fea,fb87483ced19ce7c4341b9f1164cffba849be80f8d57dd1a192229e7a04f44ca,b1e698b513cecc7ace85bc3837715afdd3e82a2d8fe8d82e69da884c0dc026fa,39
FLORES,100119,dev,119,,FLORES-200 original release; dev split from pinned local archive,0b07853f0c16fd06908c82519ab40d6cc599f768a4436f696dd80d992a5e46aa,5bed2e46e5011712ab3bcbe394069912f2eba29df5ae80ced1ea34c8292d175c,56ae7e2cb0b6b433aebce45f87690febae1bd08f6037fd237e32d35a6e5424f7,38
FLORES,100120,dev,120,,FLORES-200 original release; dev split from pinned local archive,0e7fb1f99c90e1367e154822fd9c06d096fe170d360e7c7d254c0420b5cd4a08,5f96320102cde24c0d1b79b84515eb39ec89fa726ad9d6ebdb1151183aaf933f,a254dd7331ba6b009d5c82515696a78a8c874ae9f913ccbcbafbf46d6936aaec,34
FLORES,100121,dev,121,,FLORES-200 original release; dev split from pinned local archive,f954739ac7986f6de815e6e8582aef36d1e06ad4ceca52f72a1b5cd223de2720,335372a857bc8ac6f20bf448fe657e8ce8b6e5d5d73bfaa4cd9f6e3d6a978545,69efb3e8edb6f423c32325d51a1bb796984dbbc5ba0937f772a4a333cd8debb8,49
FLORES,100122,dev,122,,FLORES-200 original release; dev split from pinned local archive,bd4a63a60064a11517e3d08b7d1928493694ded9040c01e02f7f9f10d21cafa8,492a976d5251862cb4d24dfdd8513a0bf60cc344e055bb376b666c6b0233f1f9,85b79c42be9db46e2687dee751dc6070669863e56206606504ccc342afcc167e,39
FLORES,100123,dev,123,,FLORES-200 original release; dev split from pinned local archive,e07b55631e9ef7cdd674b1fb012def8f1903c17c2c6c2f58ef7d511a92ea5bf4,723dc0a7d09035d11423038bd48c8d7ad777f4a61490fa24d922b1ac96961434,6a0c547e2c219e2c9838c414938832d1290f82845de54d1d03af86be80e86124,45
FLORES,100124,dev,124,,FLORES-200 original release; dev split from pinned local archive,c0637611baf236bf60bbdbf12e72cfce3e51dcabcf9819dfa96ecdacb21fdbef,6e49f4fd9acfe3f023dcb5913d6666afc7484b4ebba0d85bfb4dfbab98e185ee,ea9c40d3bead824a69c370ab3a61f7adf47d1afd296ac7ddc473114ff3c258a3,47
FLORES,100125,dev,125,,FLORES-200 original release; dev split from pinned local archive,88256c2bd78ccb213271397560cba87f886411516cead12be77ec1f98db83375,7953a33a343d282e7d8ab73da1c2aa25f95d615b87fee9fcc9c6483a32ec8356,33eb8ae35e1ae908d6d62d5043ca26235ac4606f852a2f4058ce8e44cff02d49,50
FLORES,100126,dev,126,,FLORES-200 original release; dev split from pinned local archive,cadcf1f4c25c2dae4813276244f43f7788b5e5ddb06fe369f2f0a5a999ef7ad9,d4b5289beca8355d681db91c7e742b6199be3a08c5b9a1d32ad656da6e3fb084,ef3fd8aef22da1b15459f1de8adf4aa363350ace9489c0ee099e515f64011b19,79
FLORES,100127,dev,127,,FLORES-200 original release; dev split from pinned local archive,37a4b34ffa6b4edd59b5066bb22b61089ebe1c65357f7992fdd944600fa65d76,341518ecaf6af79a70c3b3df58c0a7b36ea52965de3f24eb3c4bf5e089a5a89c,7b7c6b9dbcb6f5aca25d5db047ac7f28afd6dffdd5399a65615a49382bfc63d0,58
FLORES,100128,dev,128,,FLORES-200 original release; dev split from pinned local archive,2b76cf86cce2dbac2c3f55e3974e62af1375995b244a051c8991273137067ab3,9a341856d4ad55252f5ec6d72d91fa879c4d8897d3ff87df7635131cd76a1393,150cae0a30ba00b1167b0553cfe0acd3c3783a896f1fec09c608f77e5d0bc427,34
FLORES,100129,dev,129,,FLORES-200 original release; dev split from pinned local archive,c8e3e0a73a790c1c9f750d421bdc05f788aa5b0b249869a108ddbf01ea34d525,38f44bc4cef82b68c92d54a19ad72639e270c36fcfde48f642cd7083948b1cbb,416d689b529f91440fbc1d2023f4f94cf756c450346d9e34d63207748e547d63,46
FLORES,100130,dev,130,,FLORES-200 original release; dev split from pinned local archive,e29fcf91810e4e8460536d81cdaba9a83b16ff30d0d34a9732c6ca78a64b3e87,00af46a85e0ce0a952a91c0a59c6ed9507c4f403f5cd523f75073f10e927e5f4,53fbdc922e7b1ee237d1a1dc829ae254765adbec9ac1bcfebebe7640b4898413,42
FLORES,100131,dev,131,,FLORES-200 original release; dev split from pinned local archive,b4749b8ad154ac48a2de5fd6e1a6370ca1c024a9fcbe7ba1bd2bca874130ca50,6e1f425d476bc71e82302d4cec8518cb2be50c9e43386bcd49936ad22ca94f7f,8580a3b07587b282d0ee3401566acd59794c379b30cb128d18b212e9f1c53a08,33
FLORES,100132,dev,132,,FLORES-200 original release; dev split from pinned local archive,d078b9a37b2d54546187b73236a3fa7d7d2d78eebc2d028974efb47ef94f5878,f5378e4233e5898df66b0535869c789d2aa6ee9345b71cc35ed8f57046f0a01b,32a08912913621b84f781cea126563b6f8d414d5eeefb32dd0465755c6a2390e,38
FLORES,100133,dev,133,,FLORES-200 original release; dev split from pinned local archive,df2615fc4adefd9d6937d568bb013052a351567b5e593389764fb4d6f287021d,78b137967d8c912043505e592bdc9d4d5c50b7f7e03b6050684b1ad45feac564,14a0f61a9fa6a93b99f295d63afc4f6cfb78bd27faa3488d1913f7d067356394,39
FLORES,100134,dev,134,,FLORES-200 original release; dev split from pinned local archive,ee4f3c110bc6921ccd84053b02efe504bc0ca68dbbf04bcd70387c7ca32724b7,2e7bfd65f0802b3c7ef286c4ea2ccab9fa64867356f22a405f36a037bc05ece8,805c50732f6d66d3af5fffd596e465fb31462c713dbf064f2ef652ec638c9b29,48
FLORES,100135,dev,135,,FLORES-200 original release; dev split from pinned local archive,c484ce472fd06066b70d334a7ab8b4d27cd79b8853eb5a9324bc2d4a95dc4a51,3fb8c3a03aeb36b8f99c94630d32e76711fb9efd4820b24f2f3bfdc259650037,002eca98616c6442ccaa49aa559533bd011451bb0fc219f7e03821fb8951dd65,39
FLORES,100136,dev,136,,FLORES-200 original release; dev split from pinned local archive,0cc90714c236575fe9e97a362b26dca9b41720583a1071148fcf938b46c76d07,f308aea1db12e27fc70653f4d02303aa05bc8e966976b11c6246a85efeb83d88,588854adf8a2c8dab163f2b3d2fcb18cb8aab37ff95187032bdf248be69b1477,30
FLORES,100137,dev,137,,FLORES-200 original release; dev split from pinned local archive,c3eae6840c4f447d3fe08bd55582d398fab49198f8680247cefbba53f29e30a7,f38b258532483fef17ca8a9b1fdb2bdd9241e5d467b0571618c1df5b68d406a1,fef86c7bb8a443a1baa77d59cab7738079d032b869984251fd3f82b3af69502f,29
FLORES,100138,dev,138,,FLORES-200 original release; dev split from pinned local archive,e7aea006d486237f8eb989afe8fd2008b0e13b5f90f5cdc4f64ee9536b028328,b9e0572e1e0ab5ec42691b49dd054affe46ca846098645114a965fabb5be2d78,a232ccc0b2640183600d09c3f1aa7ceebe57631050ffc4754b6eb3811a96bbab,27
FLORES,100139,dev,139,,FLORES-200 original release; dev split from pinned local archive,85670b3479f3a87a8f2fc3fa72266e53b34755436bd3bc2022367cffd7719bed,4b47fb3968151a901921921c921de4899b1b1b89e65241f0672d1e34c8f2ac5a,d6a6ce422f14a138255b704954ed11457e8b5bfff5f739e42eea1cf25631a902,29
FLORES,100140,dev,140,,FLORES-200 original release; dev split from pinned local archive,a47f897e7b7b3614bde24b7c9fc834c5982b953d0a355378fb0aa3ca21ba0e2a,1a0ae4edba4ef558b4ee7f6e85d4a4dc35ec4d3deb89c1fe2af6a2b5199a66f6,ed03c90d75bf2ab376f2b124b9f2f59ad6c045232bf178c45d8812383e47eb4b,57
FLORES,100141,dev,141,,FLORES-200 original release; dev split from pinned local archive,f90a1e1fab44fafb417ca6fbcc83d7bca49a5e6d057f05b147bac9a7f6110d2d,176eb0e39c30bb755d2e9bd1e59483d5c3f5c08570cb8e03cfaca52b46f865e0,ea21fcf2e9f9a2e0e32ab4dfefc232b87f7afa295f901f7f827741b279a635a0,33
FLORES,100142,dev,142,,FLORES-200 original release; dev split from pinned local archive,3301e2f07d62e7293bfd5296ffdd7415d6127e05e433725498a14c3a65fda6bc,f72c58b45534f9b4081a3843af24585c0e667c9821e11d3c21c2d01d994e61c3,a5811d1261c1b98fbee126bf84ffe2c8b972238582f46d9430d1c4fa93cdf43f,40
FLORES,100143,dev,143,,FLORES-200 original release; dev split from pinned local archive,7de96cacadf827a362d4275fc000be47ddd872cb9e5b4ca484abb176caf34f08,b108f96000d290f28641401cf9d96e147637e5caf069260c063d7e617057e5be,ef36cbc0f9b6a8f15bf2a4119682f946073ea3debc6193291192615922d8ad71,31
FLORES,100144,dev,144,,FLORES-200 original release; dev split from pinned local archive,2e905658acea6cfc03a4c7a282a649a943a6031475e09dbc45045d306f47406b,c11df9ce9dc9568d6c2623e0950438de1cd9e24cc22d966d8fe4fcab9c3cc335,d07b43eab498d14e5346f3ad7dfd8f710b77f31df9f418c13c9a9fe5f5720ccf,34
FLORES,100145,dev,145,,FLORES-200 original release; dev split from pinned local archive,9bd7caccc1f843e4822d15391a029f4fc965305d43b2a15246a5ea18a6cfa4eb,cbd8139957f4b3ea89ebbb19dbc93d005be201d9fadf91259829b6089544bd46,a29b4f1df530c212f8eb12d1f019f87b4414190912917b8df2cdf21cfac05efd,46
FLORES,100146,dev,146,,FLORES-200 original release; dev split from pinned local archive,c16a70957b3080bcafafdfe759cf26ae5164adf59e36cb3f4b3cfefcd14141ff,2710475f920d7584639949a49031f8c9ad48908e12c9890cb6d659292ee083c0,22b4438a56721d6522fb3a80df5d190a2371a832d540fedc2affdab3957bbf49,41
FLORES,100147,dev,147,,FLORES-200 original release; dev split from pinned local archive,c8719f6e1d23821d372f59ea96ccd8ba8d7c74f5a409316715101a51f9ed528d,00bf4279a59051d52f28c0c6c7d3b6b6096106c2bb06a1c7be009a0007d8b422,2e1f3b99d342a749e5a2244d7afe7b5800608dcfbd809f47c89ddad4048af03c,23
FLORES,100148,dev,148,,FLORES-200 original release; dev split from pinned local archive,ef5b2425c1878743d07588687e1c6678bb4f3515fa9c1b6e67c3c2b57f75946a,a209770b1f2236dab301c0e4b7b8c139987cad185fafd4176c0f156609684575,a3a71907411206fee32e58e90ce909ba727394709bb90a9f534802289ab973b5,33
FLORES,100149,dev,149,,FLORES-200 original release; dev split from pinned local archive,b0015295f233a840a4eb9b83106b94e0a26a4f973773c1d458400ae84c501349,49cc6d07b969b223718440e7c1c93af94b59371d5ea3b92ba5788b2c5537bc51,06e9c819d422fa73adaa60f55b2475dd1d47e4ddbef0fbb909d581a691606de1,41
FLORES,100150,dev,150,,FLORES-200 original release; dev split from pinned local archive,34c2745fd569ae221942a75a689967c8903ec69030f82c0925a7759d84ae1d62,09deb3c60fcaf71cad5fbb51c4747d11b02a822949e5cd0d25f1f16ffd480c44,5b6ab3c5dea46ede2ce52830207f9c58a2b24d262fc151a301f3033c088aaf74,34
FLORES,100151,dev,151,,FLORES-200 original release; dev split from pinned local archive,cd9afea7d8d63ee0967f490e6fe0ec2b6e610f6f122285fd4c09428fd592e9bd,2b2ed3d19bed90bb7442f015f12f50d44d423d174e149a5c84e8046cb316542c,6f95f84d0c213c52966239b35190c3270574ae1f360c1623fd3693ce3ea8efa2,34
FLORES,100152,dev,152,,FLORES-200 original release; dev split from pinned local archive,55d332aec16542e2296689d4ecf9f5ebfc141b8692862c1bff31743a77ac2606,cce88c46df27ad5c921777ae94b12492c1b47d012a55f782e542793df8442418,c1037f57e681bfca50449e6df95d092582ed491c984fb2ae6a20f3d76e1a3c4f,45
FLORES,100153,dev,153,,FLORES-200 original release; dev split from pinned local archive,24333f9cfc5153d0ca3011d8800e50a5d0ae670fb57d3e93954ca318a942a529,f8169e9bd87d8e2e6c6ec86a8a1cb3d04f2e7d093e1534bcd4b190bacb2c1870,4d988e9480eae7e0d6c6ec692eca03e31f405c023a1e2f717706fd0652a9bac5,31
FLORES,100154,dev,154,,FLORES-200 original release; dev split from pinned local archive,039252abc8121ac5394969f1184d49a3b3cfc5f7ea69a9819d8bb2a4832bbaca,6ac33b017bb9abd10ab3b979aaa07fa76de65beee93ce416f426dc6a0a8a3fe4,005887c1e263552539e6ca643f6ffe9ba69f5ee5b79b0742a8ed481a9f237351,41
FLORES,100155,dev,155,,FLORES-200 original release; dev split from pinned local archive,ede69ec3cd3b76c113c019bff5dd32bec4e5569f97277389dc925eb436ea3607,990949b497a1719fe993df19ee7484fcb3105654c5a880b48d895f5ba68ee440,c099402089c58d746876dea5f726b9a7dde034b7bfd18160cebf629a8044e6e6,47
FLORES,100156,dev,156,,FLORES-200 original release; dev split from pinned local archive,4ee77820d434dee0cf442eb545cfcb706d7c1bcfe813d5eb24c117e6cf674b31,8bb7ec8ca77cca3332bdf70347fe0053e65aa360b784743c8308580aad1fc1ed,cf6c48c2e17d4488ee4e678c60975172ca17f99265c4dd1350c57a05290a1594,27
FLORES,100157,dev,157,,FLORES-200 original release; dev split from pinned local archive,61f6cc7447524c9a7bd638c5fb89c0be5c9f0785f75edf968613a57eaf78bc1b,5b2d6f88c1f5f102c0399cfeb4ee8bcd6fa329c157bd67e482be35b3882e5294,f2c23be5478180ba11f10d43e1c9041477888df18f526985528f62d113463e62,59
FLORES,100158,dev,158,,FLORES-200 original release; dev split from pinned local archive,5da028256ac39f41839a132e0693686adc6e3ec029e14742c48a7022526765e1,e34c24e364f07d70a03c2c4f5391522bf9bb6cb4c53d99066db88cd9c84303da,6bd91e6ce60bcdb4e16296bcf53029396b10cd5304add567303169ad591c2459,34
FLORES,100159,dev,159,,FLORES-200 original release; dev split from pinned local archive,9b926fa2c65a4beaef6e319a4d165948f532f0f0fdd5a77083b17bc541dbd31f,f8452fc568ccdb81f58dd790c39ff39780a480af8475d3210890e727b3f2c001,7711e4d52d95d5f709c3f26aed5cdfa85b279064e68e6fe315cc185ef9082f83,27
FLORES,100160,dev,160,,FLORES-200 original release; dev split from pinned local archive,0060db0bec5e4b119cb788b124843a79098ff3f0efba4fd4f4343f877e244b16,2acac40544b6944561ef91de334c9d658246ffe7fc5816e0622fe5156a0e9138,e0543fdfa9d4f2d5021f4f44c9686d3f207a0a2e2c79dd46728f0200409828a9,59
FLORES,100161,dev,161,,FLORES-200 original release; dev split from pinned local archive,02548d1742b2fa21128bb954b8bfb36d35e25f364b557706c16870f2b59fb099,c033a0a521209e6f487f7630587abec7874fd27aa21e092bca8f19089a130bf0,6006fb6a3fdcd428a581743ebbf4e0463d4385a520a36b9795e98fc35eb02bfd,43
FLORES,100162,dev,162,,FLORES-200 original release; dev split from pinned local archive,c16acd3016b67b3f9f5cbd93f120b8bd1cc8cc25eb4ffe5c9ff4cf6be83b630d,db85a4d4d797568dc1118305cfcc9deae3795425e098f74a39ca8039514225fc,b8f1deb4a6fead6b9f1e3f4038c45cd96dc9e5fbf4a47e2521038396f65a2c3f,23
FLORES,100163,dev,163,,FLORES-200 original release; dev split from pinned local archive,1461e1ff21377c732213e694b3370baae5e42f20a3948853e082b09141952160,f1b5d9dcc6df8f943f12f87a2d4e48aa46f3d7129f5ade02cf50ebb7a76b66b7,014f374565e14c3ed2eef8c6cc026ecb760be1f55ea6c43cb5ffb178ea3d4641,36
FLORES,100164,dev,164,,FLORES-200 original release; dev split from pinned local archive,34549dd768ce677102fb91004924b4eaa6fa73073e78beb967d3ed31e69be2e3,72c2542f26b160c8d4f5ef812a22b4bcb6fb7c1608cc7e12b262c2aa455dcc60,6a99f25c86ef5401f0f8b4fdaa11d4c00ec6b48d03bd2fafc96852f10e8e4948,37
FLORES,100165,dev,165,,FLORES-200 original release; dev split from pinned local archive,5a263002129079efb8202a533c72e0e1e7a6b13b5ecc6363535b2dfea6ac98c3,e0736b70941c1a42ec0bb7424e4a248fbfa43fda909e311b1503cdfd258f39e5,fc7ec5ff422d8c07779e891110db90f6d8bb64b4d4d62bfd2d2cea79d93923c9,36
FLORES,100166,dev,166,,FLORES-200 original release; dev split from pinned local archive,7177e15adfc373a914c3b7d05c9f05ff41bc8f614f9d34be4689352cd4029fd4,320a3fde8fb72624bec069d77279bde7a1ab7d0ccd2da3e3e942e5985c925bac,186d139a4bbdd4582ec9da46f8fecf9fdf1cf5ee71300e452cbb32ef7d9bf6e0,64
FLORES,100167,dev,167,,FLORES-200 original release; dev split from pinned local archive,8084e1f7b9a7c10732058f7e18e36e13b4707a1451fbfcf1eea1f27dd98fe49d,c81b0bfaecfae8c7c405eb60863ab2c1a993c0ea03c422ca57ae8390af09868b,9e4e97f8d1f5e2844ff2c1c6d9141c6857835ad805b65a2360605045227ff076,44
FLORES,100168,dev,168,,FLORES-200 original release; dev split from pinned local archive,da9e896ffd71ccf822bfab6cba5bc7028e015d5dc502c53f033f09cf6ef1b9b1,a38e1bb20b40739cf3f2597466eae79df5ffd6e9039d9e950b941e349d09862f,3f1c01c126c90bc5a4622ae3979a3d684488880ae85a181540a6e281080d34bb,25
FLORES,100169,dev,169,,FLORES-200 original release; dev split from pinned local archive,79652ac6b60be8851651d1eaca74989e9a0c95532a5a316f659d4e195feb3b23,9964899723ab544ef4afe6df3dbf0a1ead44b4d3346fed8e85b7c84f450bfee4,e6c8d02f3bba8a8e6fd4b67e531b3be3566564e36978469ee7f663c907468f5d,34
FLORES,100170,dev,170,,FLORES-200 original release; dev split from pinned local archive,32faae157c47826354f13016d3f68122d429186939b652f753f63c58877b96f1,8fc88869da6d36cc834662cddca5db98d968cbd5b166d1281b56ce7ee760d9c2,207619d4f082760d05708bb9f1e9c8dad0c9bf7850146d0bd06a0d14d5c12b32,37
FLORES,100171,dev,171,,FLORES-200 original release; dev split from pinned local archive,48cae5d2bc814215cb71a30225128376b79366e2f977e0059dbfe8da9c0540c0,88d96f2649bbb333d38ae2c12785d7e4ccde8d92f38e461504fd3414d9a6c297,c43e37d6dff5fd6a09b63252062234fa60a637fa5dd9c63f7776d3d294a54149,38
FLORES,100172,dev,172,,FLORES-200 original release; dev split from pinned local archive,4b6f9c98355d636f5b4999e3d57a21ec20005332c8ceac23399e0b23018c950c,1dcd3382f71eb9d2cfd265f14ede8cf4104ce758c5997c25563dedd0d26155fb,6a956998200fa587c1ed18f1a416ed6c61df5f8146f7526d1671bf630914b8e7,37
FLORES,100173,dev,173,,FLORES-200 original release; dev split from pinned local archive,91b803a80f0eab8c3044158ab0aff58481927bca10d2215d4efd6b1563338f2f,a175949f7b19d080eadf95112b80c6d46dfc7e5e9091b6557e563cbf8070647a,b33b4ba21148131f3a7684b16c2286b4a6e7d5ac3430cc2f40bbfe295926166b,28
FLORES,100174,dev,174,,FLORES-200 original release; dev split from pinned local archive,a0423fd4ec42524105e054f6ecabcc5f830eadc3506c2b998a9f6985fb1ecb60,3c04e18435756fa64d1391b3c6d6fc8587b180b889ed85e59ecf11e1771dd3d2,a49750fbde8ff939d3ee1d124c0270b00eef3f45edb2b68807f8cb3a58b594cb,25
FLORES,100175,dev,175,,FLORES-200 original release; dev split from pinned local archive,8e83f42e5586f1070ba7bd5ceaa39148b1ffb393fc7accab921ea37bebf75eae,a80df1cdfa836c1fcee513b477dda6ca2c147eb663f26c2ebae469713f1e9973,9f42c9cffe8fcb1fa47c0640bd88aa16f3e5ff66bf1bc7b50448410880985cb1,49
FLORES,100176,dev,176,,FLORES-200 original release; dev split from pinned local archive,dd6248ad5ffc3893c6385e1566ace164674b10055032d50402577f9f9d7ecad2,b51c1c9dba0831fdf2927cde429a3f0d0d0a31bab13cdd02c085cc7c88aa8e3d,492f16fc963cfdda3af9892961c8cc2b9c23d5cccb05302d0be090515f6a5e73,29
FLORES,100177,dev,177,,FLORES-200 original release; dev split from pinned local archive,56abd981f061ec603c4a397402d0d47eb42ec04f176da64fbeb97708143a9e0c,00efa16d29b8f1866460ede5ba5a43587f1b73373a2025a102f37bd5aeb7a00d,224d98e31ab152cb4ec74863c04f729ccf21c75145a287cf79e8cae27d74236d,30
FLORES,100178,dev,178,,FLORES-200 original release; dev split from pinned local archive,3f1cfe3c8f403705da58ffb988d92ba9285a0fc45fb477b1a73df012412f40f5,e7b02a0ebb2c3cbf8bef4a44c6d7230f1eb1aeee4852b6059673c3b37f7da3a3,01a4cc0084966fbb247b4e760ab679a956aa14d3abe0a463e28c61e7ee216e06,30
FLORES,100179,dev,179,,FLORES-200 original release; dev split from pinned local archive,c8b2be7dd055fe0019c77a724fec5f2e9f34178ca476f378443dad5fc08afcf3,929009f4a0872b096b2e3756820e1a4e162f7dad035d1bbcf8fbf5f901147814,bf9ade79027271cd8a6e21f7692c6f580f4dfa18e2cdaf90bceb6a7ed2c85470,29
FLORES,100180,dev,180,,FLORES-200 original release; dev split from pinned local archive,1968cd5cab5d1ebd93895d8d5a330bdef2dc6569a93f5a51e6509ecdcfa26c02,bad0713634c2f78becd41e9558acd47265fed211746eb83bbe75d0d78e1df45c,ce30d0ce3b6dbffca9ecb88a42a3b1d6b0d004413bdf8680db6cb00f7ac82ec0,39
FLORES,100181,dev,181,,FLORES-200 original release; dev split from pinned local archive,3819f556b3988c3e36a773e2ec751b99f3233da4e0d9c127b7b7e037a25c83ff,a8aa7f3749e6aa59e24a0c8b35bd8ce21fb8ea0c9e722aee7c26e52125a22930,caff70862e16710b874880426231dde53fddd108fd507b08efce9c2d44199531,41
FLORES,100182,dev,182,,FLORES-200 original release; dev split from pinned local archive,81e2407102cb47f6eea3ad3b3aa82c3788dc02336128f07a056df97222f313b9,568d19e2bb9567af79544d1c379d0b297d7bd74ec1567429a5746a726b787b10,1b4d318c61d37e7b89fc1cc766c7414981024cc1106696ffead72c3eadf0c29e,28
FLORES,100183,dev,183,,FLORES-200 original release; dev split from pinned local archive,4a9e17a220664b1247b236bf2a7ae3586dc78c051a6e8fcbd44401b72f4980a6,cebba20c8671d150c135ceee2b4fbd3d26613005ce715a564fa1cb6a2709791e,31b3b5d9f51fa702c50cba4c420cd8dc14217addd887e9c609c1a43939fc09c3,41
FLORES,100184,dev,184,,FLORES-200 original release; dev split from pinned local archive,af9b14287eec10c133e63d693e9c308f6012565402692cbdd5c91d1f1bf53a07,376a72ca18e36e73e875e55d61fce1f18f0e93123fdaa57fc08380dbd9560d28,241522e9cb2cad29da94fcaddaf28a06f5d74a45ded969d5465dbfb2b23ca2f1,51
FLORES,100185,dev,185,,FLORES-200 original release; dev split from pinned local archive,1ee6cc0620f299d94636c3fa22ba0c4410f7904c9fb099b64b658a0885255316,c3784f4f82a608f4348c9329b70b53560a5997ec70e88bcd9fef8f102e6fda88,6677d2bd9cfcc88d85d0d153b07462865966ee5ea462d485f473584851bb5f89,49
FLORES,100186,dev,186,,FLORES-200 original release; dev split from pinned local archive,455a9a102ffba0925fcdc6abd411c0e78d901d0384c380b6e7165115c515bd36,0d290346bb5864e8daf5245ddcb5561bca1ae99fd7c509b9e89699f5880c637c,2d4995796c42dc46316f77d406f8a1596d4757aaba5b969436fcfd8f97015cbb,30
FLORES,100187,dev,187,,FLORES-200 original release; dev split from pinned local archive,18c007671dc9c463b238e79f857df5916f9c2761db2d593e0bc96b127e6a27a5,7e804444c8e0edd8b93fbd4bea14feaf6d4a229e6723532852f7dc28fe7409c5,e79da77909bccb653ecb92e2fa5b8fff3417199443f226f8382e18d6fef68f0e,35
FLORES,100188,dev,188,,FLORES-200 original release; dev split from pinned local archive,370d18617ef6e885700ebe55d532fb162b54a0170d777dfca8b341e16f79e316,eb72bbfcf2794198f47bbba2df62dac66029faf23b6d9caec29499a8c5326684,0832f026e41338e7f480a7a8cdd385c38ae3ec5b4bab8e899b3253198aa993a2,46
FLORES,100189,dev,189,,FLORES-200 original release; dev split from pinned local archive,040e79ccca76fa2944e03acfd82b2182e7480398cc3c4a5869fc821ad855c68a,48ac4db9df009d4b709b71514156833a47599dfc682c1574d99b502409932cfe,8739e8350fbf6b1eb62c4fb23910636a0b5c2d8b679fbb4d8ddd34b4075ddd82,40
FLORES,100190,dev,190,,FLORES-200 original release; dev split from pinned local archive,73a7d216a97f23abdd42c70b468e592a46fe87c764aa065672b7d7ddacf62121,c64943a91b5652fd62dfe8b62ee71cb7f82636e171310316dbd99dfd55069377,46c14940f275a4476c9e83206bd51a906b8faa61670a0c4eda4601bd7885e4de,27
FLORES,100191,dev,191,,FLORES-200 original release; dev split from pinned local archive,73348bae048a06dd5657b0a7d84b2c6c716cc4dc8eff72f997296c6a089c4a14,31a42783638b08e3d7df45e8619bc59d6ef69801b6136a4008aae373feb7dde2,1222f2405bc4138e017bbc5c6e4b74421a493999a6f7dc30621dd921a8332bf6,29
FLORES,100192,dev,192,,FLORES-200 original release; dev split from pinned local archive,267638ed63abee26d462db2ab7e0e17d273177379d9f90278574658fb54abd82,163a053358bda0d3ab4857f487740794cea155600ec835bd880b46c79722206c,20d18e154fa684f22aca9bd41cb0da63cf288ec18ab4a73e42748e568548461d,38
FLORES,100193,dev,193,,FLORES-200 original release; dev split from pinned local archive,5c928a8e9351bbe26ab85cc059802fc53a712d4f930b89cd6cc3e7c1856a7022,c4b57baf471860b0a916c22f938f06a817ab806b537a2dd1d9164bb6944617d9,daed48e8ea232ac406945bd69a7b969a1a0d01bd9168e20852280e9c680bd738,46
FLORES,100194,dev,194,,FLORES-200 original release; dev split from pinned local archive,60c4308c9beddbaf947f183b912f53999068acfca0505f196500fd2f46b3d5fd,31f4cf61ddcdf11cd953fe1b491008cf2f16a8a63039e2b36ea79a256acdc4a0,5f0819c2bb4c79e036c7f0b12885c99b3ddb9907fc4cc2d55d3714bc4a41d354,43
FLORES,100195,dev,195,,FLORES-200 original release; dev split from pinned local archive,4082430dc0930931c5fd6e4c560cc2208fd713051e11e0349c0255b78d30adc1,af869b0dbdcd4bfca6f87a15743844f8a13a2809f3d816bc69993eca9dd4e84d,c7fc9fbb5a06dd2f42d680d64628310b69a092e8cf214c94fbb95e806414edcb,33
FLORES,100196,dev,196,,FLORES-200 original release; dev split from pinned local archive,3d278675596d610922af64bfeeece6b6c4baae360e6177bcb99ea87e9739b722,9ce9129ebed90d20a00b9f4828bba94a9c9f4582a92e8b1820592962d174a18a,8eb5494e23de816c19feef0505151e93e26fc6d256cf417a9b96a0fccad3cb5d,33
FLORES,100197,dev,197,,FLORES-200 original release; dev split from pinned local archive,4080822d60065080d507c66915688df7896361d3267d56e0110dbb0662612882,e77893124ac967fa558eceeb61a768131c3ac9be1187457c486c9bcfcf8d2d8f,052654492f5e3a74ec4a06291b55ebeec1c6ec0956726072ef85513d98f133eb,31
FLORES,100198,dev,198,,FLORES-200 original release; dev split from pinned local archive,e4e96a2861d275540d19bf17f34735d2d4418fa22d8842b4153fffe1379db11f,2bc2410fa685774bcf9f05b47e52f629e6f5f6f3d2e23f58e58081899bdd11bf,78b4327bdcb011c549d1db4bc20506a3769fae4135a586fc6108591e5b564173,30
FLORES,100199,dev,199,,FLORES-200 original release; dev split from pinned local archive,0755f76acc2c4f398c20604e761bc7866026cca2dcf9e3ca500dd69d9abf1ef3,d7e446791de0e6ecc91d247526045123e6f4709cde7b46357fd9d5d502a5583f,01adf08eecf9d6debab455ea3321248d85834bcdcfaa99a6ecd1fe13e221c8c6,39
FLORES,100200,dev,200,,FLORES-200 original release; dev split from pinned local archive,51048d3c4d1409008b5aaf031ebd36ce48f2c6ae5b178f14063fe0f5f5906312,93d7b9c692bd45a005b4ff38fecc963cc772e497fb2e7ab365d925bcb6a43508,27f1abd3bcec668dd6f33bf0cd1bfea640345b015383b86647a451bffa131e69,30
FLORES,100201,dev,201,,FLORES-200 original release; dev split from pinned local archive,c3753cee4f7420d18f84183e1fa572ebbe958b3de26f13a96d8470a2bd466969,e39ae4a99aafe499569595841a00d3232f616bd21f86f8e613445186e77065ca,9f5e82ff58c19f47dbc4b29a7cc0fdb84c912311d55a86fffcc0a263166d9292,42
FLORES,100202,dev,202,,FLORES-200 original release; dev split from pinned local archive,c0af0aac561de9080588556329cbe934a8e322f8b0355122b12133b60d1abc5d,340ddcd7a6c415f4c9be4af9496695c99022eaa8e8eb0208e53f6eb446dbac75,b0f3754006b432e4aba10b7813ba52b8481edf0af931bc137a497dfd500bbca6,35
FLORES,100203,dev,203,,FLORES-200 original release; dev split from pinned local archive,54226e6ff83ea3b8a512a3092e0153ded2dbf11cbf9a5b0439ec4ef1bb223afe,29e90b477683ed58a76085e0395e5211561ced1696ea7b4fbc6b56e093bf4458,d8fc900c717bb2e286ceab550dec753e21f835191926065ad414e1a39659f4c8,36
FLORES,100204,dev,204,,FLORES-200 original release; dev split from pinned local archive,5abd3e0c8f495b0b2d2bae190e5e7f24d1faeddedc01a804221407a67b043f75,d1114e1daf798d9e024794309db60ef5e5566c3c3492a75ccf0ab74bb7f2065a,1c609d3d56f7012610bc1b33eb97928a1c3f3bf358f2d1034b61d59aa6723259,25
FLORES,100205,dev,205,,FLORES-200 original release; dev split from pinned local archive,e96762a04df74dd13a399a1fefc7db9055c663001a3783f3a7728dd069dab6e8,8c4de2117ba5508267e202a771bfe4bf212473cda74b5b763764fb01f1e566ba,b12efb2b868a1aaa14fd3dbf49bddd55dc858411e5928366c176d5283c339a52,41
FLORES,100206,dev,206,,FLORES-200 original release; dev split from pinned local archive,c815e7dde8c7591dae18b53128d249ae2d14a311297a5df26b1f72bfc26e9c49,0a7ce7d845cca7a17e76dc724842514eafb97cbe45cbea59e04f30fa622ee360,242afb6bcc469ca6114c9f238713ec94592b9571edc023ca955101cb951e74be,30
FLORES,100207,dev,207,,FLORES-200 original release; dev split from pinned local archive,043a5b98a2a5f58aa5f24ee6d74dea758f4d1380627789e50aba7239f2a45b49,3f100077f3e6d678461d9f8e65608a6ab6f4c5c7745e13a7767026b2323b398f,7398a68d88a3d55af9126240224c1d34cbd8c5e184b751851065a59301d95f67,43
FLORES,100208,dev,208,,FLORES-200 original release; dev split from pinned local archive,f2c00799c74bb18f72a0d0ca05d0e7b6cecb04925a25c61e8fbe3eb99315a4b0,00e86d777b0fde7b13f0dace5e73efab0359aefe78dfed0f4109e10495acbf03,df12f42cc300da0bc66dd8008be744aa5b8318b0588392824f45526c346c84bc,30
FLORES,100209,dev,209,,FLORES-200 original release; dev split from pinned local archive,7eda2da610aaa7f3ac3a6d7408c5968c4047c3a5dc112f35b22455b247cccbae,15ad991afe4f917298d68bb77c4ee827294d256303c06c754ecd1bc2b36ab0a8,568704c86915daca21082d0ad34fa85b20c1ea097791ef4aeaac3be7aff40907,29
FLORES,100210,dev,210,,FLORES-200 original release; dev split from pinned local archive,5997131a82082818fb252487db54fc3a2e12153e385d4ccb7282ab29b6472a41,014d44c3de4f37881a5281afd4b73883b13f3a9ea1df0f95fd23a338d1331ea6,d223ece744f22b04be03d3341928c02cb243e4762fa38440596dff6d728933af,32
FLORES,100211,dev,211,,FLORES-200 original release; dev split from pinned local archive,99d4743062df088304425164f0b4d80acacbde635433d8405325e81405df9a2d,a610d051c7258853023d5cf367530ab9b16e0f4276e0238dceb828e45df2b57e,c9fa53cbce62c8c028a92f1ccb9e5182b5a8a263ad0cc2b344f6bec58c3ec726,21
FLORES,100212,dev,212,,FLORES-200 original release; dev split from pinned local archive,1e0a79b72608410c1bfd95fbf0759817fb95f1720b95f7fe4c4cb67c87bee9fb,44760d7e882448a041805bdd061f0e27c605e50d1ce47b676a05c4fe4da3c8ad,c172ce00e9f1b24c818e10d949d88007aa5c4bcf05efb2c80f16c964f059a375,38
FLORES,100213,dev,213,,FLORES-200 original release; dev split from pinned local archive,7b87da2771e85b0245872d7723be72554644ef5839a8e75a3823316557af884a,038b565f222c6739e1d6e5f931cc3ff6799247b1147c86fa1d3e0042efbbf507,fa388016ef85ef4c902c641ad045b43a5dde97c90d10cd7b00519701d4466e34,19
FLORES,100214,dev,214,,FLORES-200 original release; dev split from pinned local archive,f71774a86c94eaa97a368035a1c4f61b64ed2c59aacdca3c82ebfe21691c8891,0729ec7a13b9eeb6cde2b12f8652fd75980f52a91bacab02c3faa01aade1364f,79ef36f44b5e92db1cdabcb0b8983dbc9faae53e5f8565a0053d142b4c6aeb8a,28
FLORES,100215,dev,215,,FLORES-200 original release; dev split from pinned local archive,468a1ea1003e843773b726dc3b41a0161a6ccb449ba30abc3ad2b170103d9e03,c2288cb4a1cf1b82d2c1612aa37b87da4c7a55d8b9c8af65740c422d41804fb9,10770ee5923e08d2a3ac51d34f7f824bf81c9ec96793b1d9162838dfa69c5835,25
FLORES,100216,dev,216,,FLORES-200 original release; dev split from pinned local archive,1a8c15cf99dd51750afc261a5937d77684c32ad7bd83459f67ba0f9a17cf2bc5,de908ccf805c95218665135e9eecffd5f9fc21a6696d926417b42631ab766f94,d5d070a51d86a6fd313722e7802cc07b3294a3808d1ade73e35567d258678a8f,53
FLORES,100217,dev,217,,FLORES-200 original release; dev split from pinned local archive,4e70ac2fee4ad23893848d4343bcc0dbb43349c5164aef92803eebe476538c64,6ad5701eb3a98d06fc2ccd4b5a5f09acbc4c7ebfedc870a144a95e509ef4a495,c2f95d8411bdf574a773a89174a1d00f556161446e3cb6b8b54d1952b43c3409,49
FLORES,100218,dev,218,,FLORES-200 original release; dev split from pinned local archive,22a59170021835e66fdd331590282183c8d8f79fc495dda8aebec93cc63924e9,34178b382da4f73610f07f3047f31fa1a9fce5c548fda6b66c8ea0a5b1aa3fce,404d3ee5b495f94a2cb65f5dbf7898b8b9d3dd2e5a6c4dbf150e450fa0ce3b92,30
FLORES,100219,dev,219,,FLORES-200 original release; dev split from pinned local archive,9cf88548a537eab2e0b773defb63dba13981304ef17066ab0ac00640238b8a80,495950d82d16a1a4019dce7dae9d0467b42502672179f8f00154c6306993ab32,2e726ced5c715e67a864f3b604541babcebb822cb3f5b30250cd719467982b88,25
FLORES,100220,dev,220,,FLORES-200 original release; dev split from pinned local archive,94d31ac1ccc7217e1d565a10a696e7436bbdb8775caff78d964eb29f0f2890ba,9225ce85f4fa9de50be543d49f6ca29e5932f65744a68a579bc8fb2e43da130c,b5a4da350072f58453ad9c24e769c4b04559f5eec6cf06f8e01c3b5628797360,41
FLORES,100221,dev,221,,FLORES-200 original release; dev split from pinned local archive,a6a8050a70bac592803199d0f4b5177a5f646b9c9a92eba2eba41b3022d2faaf,c60d20c99768e24ae7123531944c7dbc160aae3de7e74c2781a44fda5ec9bcaf,780624e2508ae5115580734c32b8c7267a1e724eadeabdd8e61b8c491f2e1274,37
FLORES,100222,dev,222,,FLORES-200 original release; dev split from pinned local archive,17b899f8780fdc8ab4d7d2f9bbfe6d63b15eef65eab5b5e2f5c339d5e08dd96b,cbf50d702cd5cf40b6a4d4e54371e7e66185a157ae72ee41edb7469000382976,02a0fe4e02767578d4191b9c6d3f5a46203b3545062380a0e01997c40be38e55,27
FLORES,100223,dev,223,,FLORES-200 original release; dev split from pinned local archive,7de1b62aadfb8032703b2d0a0150a71a34c45e32bc34506bc6b0331d581cf733,7963b14c085c87d03045bf371587ec3af06c58c59494a59c4ae15bb7c57c7e1e,1c52e4fd090551cdde21a7867f05580c6c2f2a6bc13c63a3023c457fc9f5f50f,46
FLORES,100224,dev,224,,FLORES-200 original release; dev split from pinned local archive,2a703ee046fb6b9f69d9a5914a0724d2718d4c776a2d98e067fac938123e2fb3,2616c0598061a83b1d6c3363ef71911f7bfb254c88bb1f7199f8976a84b34f2d,67b522a33aa32f522acc3bcc9eae941e0e46973f03de6455c050276fbe4d487c,26
FLORES,100225,dev,225,,FLORES-200 original release; dev split from pinned local archive,c8b95f162a1a0613e14f11bc77f047763a9b60c12b7bf9a1b9a410e057fa0b17,f0fa88abe5390315c51e0037a5191888c73190947698e0be1c049845d6afbfab,9289fb0bc02a7d5cf36f3c01dda67cbfbdbefa131911fa6ba782cbae9bc81b51,31
FLORES,100226,dev,226,,FLORES-200 original release; dev split from pinned local archive,ca45ba2ea0f73fe2bd5ef418fa92e007f3e705e49e0a76e87d87d31a08aa18f9,228448731dabaa5d69408042fd2f61ab3ca16d73dd7d65fa6201d2e2d6f6bd35,49becebebebbf93508541e28a659858b41b64eb79676641d5ee2f73b2158cd16,27
FLORES,100227,dev,227,,FLORES-200 original release; dev split from pinned local archive,e9c8caac7f1c7fbd35a1ea25d2d3982812585d8e3c4478c1cf1f94384776b030,f380e314dd94ebe260829a67e05e5c471d1d887322498292d3ad03d545565225,1546bcc185f293273701e971e9f170a4e46d13fc52ce24e2cb057f8c0293d201,28
FLORES,100228,dev,228,,FLORES-200 original release; dev split from pinned local archive,41244e8427cc5849d573600bbe8f2a6e207819150e58609dc67348bdb345aad9,45361d9ce2c6054b50f71228a120599d9d83f3bd943b00f43cfbdabb7dd6c6c2,5cce9c546ec221aab2968c16ae55a409892f6edd8600f25195b0b4bbe62f477c,41
FLORES,100229,dev,229,,FLORES-200 original release; dev split from pinned local archive,fdca830e6e38b4a96225b76dd65834b7d39e7efe944f81331fea49eebae3ba42,0e2f68a89004e44a24af386b210dbb15243f25805f509be6dd324bc4b62a8af2,b2d997843f5ea5d03a9003785e25abc4f9bf1fa70074ffc70e87d0a5d2b9b25f,43
FLORES,100230,dev,230,,FLORES-200 original release; dev split from pinned local archive,26d2ee2eaba1c1e4eb93f35d1450f84c024f229f50da27c3fdbbcfdff988da77,33580456076ac3d7ab49afad2b9aca4d42143d2dbe3da96380cb40ad5c96c5c7,d681112fa069a9fb2c8d7056755ca73860450de87ebce0c3d917adf7c8d75995,29
FLORES,100231,dev,231,,FLORES-200 original release; dev split from pinned local archive,d4af2445337bb7507f712f7ec31b5f12c268de82355a2fbc9805680f43c399b0,a8e3653fa0ed0d015017bd4ac27f15a44d7c073dd7796ecddce7b81ec72afe6a,85921d1eedcc3905cf48a4d1f25038a3278a987d8a3af13e42840c7c225bcf91,29
FLORES,100232,dev,232,,FLORES-200 original release; dev split from pinned local archive,5c006a8bacf2a71a04d7f298db8c9f16d1d28140882c0bf0655b538cda564960,d750c47e087bea307166311f3b02e2a1d8a188f4c7c8bcb5fa2548061fb658eb,d7e8df4d53a971010b65dfab92594a3e05eb5c4024ee8b22f0c7f18811e9d1cc,30
FLORES,100233,dev,233,,FLORES-200 original release; dev split from pinned local archive,527a88d4a540a03e40a9a0ab5c8fbef14909836cced08b0291be49078a7abd03,c9c32942fc5190c84d6365d8dcd62eed25a2f0f7e06dbdfd7572455cfb801607,bbbebdf117516e632746e793d6021d28a896b569b9527cc1ee71bacc5d2325e7,36
FLORES,100234,dev,234,,FLORES-200 original release; dev split from pinned local archive,4e2f35b77381acd435147e2486b001628eeed7ac562899e5353252b557f2eb06,f95bc7d767eed8b704d36ebd1e416d123a41b1ccb0c86c88d50eb8b5e7b339be,f8fa6683c1267c1c25f9e95391df6b85957cbd0c9235e24ca91e2ac880802372,56
FLORES,100235,dev,235,,FLORES-200 original release; dev split from pinned local archive,66e8ef64ff8d3600508039facbdf951d62993c133365b562e191d5acdd976a02,da215ea61eb3626ec2320c43643cb69a4b27351710996204a4576c2b142b0b7c,2f022b444f995153ab956e2325eed6844c314f481d2128cac046e33b545bdbb8,24
FLORES,100236,dev,236,,FLORES-200 original release; dev split from pinned local archive,e8b14b7ada0876b9bc849ad03d154c238e3d2e6466d9c8fea4fed0ac9c3b3507,c2e2c6d3e65bb6a56e2f9ed5e6ce6a363ee98aabb17a6afee3177093beda74e2,0513db85177db5ed71a321c04f2c5daf32cd762565217d8a3b65c89250d0f74e,35
FLORES,100237,dev,237,,FLORES-200 original release; dev split from pinned local archive,a774bfb0f0b39fa3b75531a75f58292f60d53f7d993afba30195187b92149118,98846ee11956db73726ff56b7a089a41db8b0fa46306dd2cc5e2d38006f8b6f6,4a1522c218476a2d3b14b8dde98b91c7fe33436858a62160214cc6054d5ca674,30
FLORES,100238,dev,238,,FLORES-200 original release; dev split from pinned local archive,674bbbed332238d18108fd0402c70d7b611d558ac05b4a491292818c24174604,7f0ebb85600a42eeed696ce098d1d14873a64c944c3d080b6fd8d393be385a6d,2a15869553a67279df93a222f1b54294f724285cf3f9272f3750abeec5dc5d5a,42
FLORES,100239,dev,239,,FLORES-200 original release; dev split from pinned local archive,2e3f3a097981be66ee093af75459e2f7f1fe0713eeb2a9ed83ce5f01adb963da,bafabd0fee4d440221377031358235905e9d438256910375f7168d04d9517d95,061d6fde27c6a48e193acca5837e7e4ff79039de52272bd22a7076ca53fdee5d,43
FLORES,100240,dev,240,,FLORES-200 original release; dev split from pinned local archive,e6ddd92e956cda6afbf2dfbad3bcacabd4d1419369e5795abc07b66e4e47c89e,e48b17d2b52dd66b3bb4a1d5b43745f03ec44c70e3c3b118dc811c4832f2053d,866a7a3fc2e3b5bdea4a44e49b664ec8187f1993dd61ca6d5c6a300f7d5af14f,48
FLORES,100241,dev,241,,FLORES-200 original release; dev split from pinned local archive,3a2bd1fac7fc36b1a7c217759ea088db2fb50f01849c83e596dc04eb173ebfd9,1e62f9538d0a11358304c857ddfb87602ae0d9a74fd638d7ccebbebf8920a020,0e0abfef0b1c1bafc9b668f00badc06f6d51da0e2d0014769fbe328f3d63260b,60
FLORES,100242,dev,242,,FLORES-200 original release; dev split from pinned local archive,96b759caa5a7a0b5307988a458f2e73e036b3d896ed9821e5ecc6b6dc1085cec,b238fdb9ae62a3206edf4a10d2808e08523ad933f85f2bdd2c40edab4b574a3b,4d1423469ef3809b3b14724d6a239662c868dd25cd5b08b3f25924ada455859c,68
FLORES,100243,dev,243,,FLORES-200 original release; dev split from pinned local archive,eb1e9933d8bb25f935da91c0b1a15274e5f92b5df5521371b71a641f8f1141b3,4741f581ccbf7f1dd2ca8237d0f7547ad952cd476e3b08712027999033547cc2,532d9a3fb334f826c7cd62e8616f8d2293e42320481af058b9b51115073d63af,37
FLORES,100244,dev,244,,FLORES-200 original release; dev split from pinned local archive,2f33935fd90b44de6302165570190703bdb86f425088c24a57e9c5eabb67e69b,529dd632fbcc08725a007d34ff4e2bfc18b84ee96bc86e65ad1655033b197a84,678f2275f0edb38a41a20fa85317f5d90ef7107035e7b9ec9c0bedb17d752e82,35
FLORES,100245,dev,245,,FLORES-200 original release; dev split from pinned local archive,9ecf2a36f61149ed1cf6788290570719e6ed9c3ed184398f872fb8bd6706b38b,b856a3669c11d873ed69cc0c6ca38881ab310d4547d1ba5e46cdf61a749ca202,b0b568077d3649dc77382cc598c8d612be77566d611ac3a0c18a731ad36df827,23
FLORES,100246,dev,246,,FLORES-200 original release; dev split from pinned local archive,c8f4cc560de3ff92dbb77f86ec4a7168e205b2887388840b57f60551c117897d,8f6e245dae185bfc0e4be362ef927a2057e9d9b627150c4edfda7997aae2bf9f,af1398713a4848664ab70e7bd8ebc23e155aeddc882fd7e87710ca20f3a91b23,24
FLORES,100247,dev,247,,FLORES-200 original release; dev split from pinned local archive,46f582c64bd93883d40fe7b8f95d049635733d631ce1877d56ebadde7127e624,37720ece4c17551019e8dee2b1db5b3de81323922138bdafa79af94b244a44c6,67a834d3c26865ac1a5f1d970704c05e62a53e2adbab6ff5d808b83ba2ed07d5,49
FLORES,100248,dev,248,,FLORES-200 original release; dev split from pinned local archive,b16fcdb4a2d8b76cf9b883f9641dae7242158ce1b70f6312b967b719066c5d2b,150fdb112d22d2f0c912eab21f9d1883600e56019c7edbdf0a7a3c5f8e6947f2,ede23ecb78fd75bdfe78a04e9cebf1e1e6d7bfc03a42b605f1e8f381cf598e5b,33
FLORES,100249,dev,249,,FLORES-200 original release; dev split from pinned local archive,bfa3437a17d5eae87629d562f1f7824b1c9c633d727c835dc5ce44d730d5f4bf,c766e2b7524fa73d64469f483ed801b1190904aa3efd7189c39a7be88508aac8,08a44efa097e8475d1f2a756573c5cc0140ec3aec1b96e9d655e464654eca986,36
FLORES,100250,dev,250,,FLORES-200 original release; dev split from pinned local archive,fa84fdceebaabfd3f51efd9ef4da4108a04520dcb69482b1c82be11396553b6b,4361fbb22f8f89383ffba0b4dbc2aef8326bd46aa1d137458e36a002203f3ee9,d2335c62ee2346ec5a29d740861f38cb2b5a7ab9f5b9a082a513fdfa4f075ba7,36
FLORES,100251,dev,251,,FLORES-200 original release; dev split from pinned local archive,bd3b4a045ed1e1aef594128466d3642a3a30697b4ff03d96f5229d6882194b91,39f96a020f44ac3bd3fd0fb1886a184c332e5f2c49b74821483303e5a3fe94f1,958d8b2a6c470e7e0841cd3cb9b4bfa9e0bf1798e529e9f213fa1399ab7231f9,25
FLORES,100252,dev,252,,FLORES-200 original release; dev split from pinned local archive,9dbcf47983894989676f5006dc61c9da751f7d9050a84e93187937c8785a8c42,bffe9805bb57ec17ec60573208ff54712d99356f79b95831f194ce819c1490c0,5297f392bc3ca0960ca9fd8908710f0de720d6c717d62f10d51686b9e41ee18c,30
FLORES,100253,dev,253,,FLORES-200 original release; dev split from pinned local archive,fd19e435349a663f698cb08b5b10cab528a4bd9e78111f39787fe552a720526e,8ac66b753f9e2b42d72489e598c379f8800af8a61eb264ef42fcedc908a4fd0a,634295bd326c616adb16df0e8b3814c5d5bb80d758d2eeafe3b1136379c21324,43
FLORES,100254,dev,254,,FLORES-200 original release; dev split from pinned local archive,f01ab0d3ee51b605465eaeb5afe54915c0c04d398387638698689bac06ffc33f,2ddcbec65c2075704ce14d92dc6c17fe4455d9448c28369ae0b5b7d6305ccf5d,5a607d187b484781fcc88b88250c77f76cb82821157a83bfb54ffab1b7b4edee,54
FLORES,100255,dev,255,,FLORES-200 original release; dev split from pinned local archive,983ef41848ba19c0af8d0e234f027caddfd7e4274774b07a5ded89e9a13f9f8c,f1798399cb262083f889335816b7e868624b677e4a13299f726706941c0b14bb,f9e659097ef76e490174186412f31cd69552f33995f608928c29c5245235251b,33
FLORES,100256,dev,256,,FLORES-200 original release; dev split from pinned local archive,4e8fe8c7b00b3586a406a209c304382871e5e8e65468b374a56361caa58f4c75,8b456b23a9320d9b861d2f3acd53f1477958ef212f20b8c4a6257f1bfbbc04a6,e2334f68419acdd891f86237aded1b9badc131b19137ed9f6b584c969eb3bb2b,38
FLORES,100257,dev,257,,FLORES-200 original release; dev split from pinned local archive,d564f00dc5363cebbca33f77a3b540ec94e7742eef4b93906ba63641bd906b3f,dcb30a6cd1b7942447f8059f7e5a23739b6e0fcb61dae80122b5042d1c39d7e0,68e92c8a3dca06a64336814cf8eec12f52327e6c1cd51e7857271be089578194,31
FLORES,100258,dev,258,,FLORES-200 original release; dev split from pinned local archive,50ab3b8cd4682586b7af9cda199c802da6328a0cb3eeb517f057484a04487c8d,3536cfd2eab62d74469b62548080fa5204902e11c6c1bca328d70907b64d6f9f,f3a7566a2fc8b039d298f7a828119c62f56cfd6dd1374d6610bb9e97d03b0748,32
FLORES,100259,dev,259,,FLORES-200 original release; dev split from pinned local archive,f19d5edc43c797e23c6c559284fc295aa75ed5ae0c84d32533fa312179b264dc,7ad2aecc3d03307631460a9488359bbd7d023a8b9386298d2830a870ffae47fb,6c9c63dfa0a7192a711c916f8b1a1e04aba0e46276c8fc6f7a1d9e7e4dd15fc1,39
FLORES,100260,dev,260,,FLORES-200 original release; dev split from pinned local archive,d0cf0090212f5e463465a67e27bee09d1bf60d4eed16c05e911d6a44eec8a035,bd7f44c89ca10570d9d0dcbac085c8fcb613226a52de41707366ab1041e0ae7f,98b37efb291765b7da7bceb23c911cb8fdad1e266c84689e41ce8289eeacc3fe,37
FLORES,100261,dev,261,,FLORES-200 original release; dev split from pinned local archive,6c6f4d5d5c24077a44865f7243e0bb0b2a29499659b7501bc0b4303d62c5c2c0,a075cd60a9d0149050808901689ebf3e996055d2ab31f07565fbedc1f4d2b4c5,4436c20a373c0164eb818556d21693b404af36dd78dd4eea4801cfc142d25844,30
FLORES,100262,dev,262,,FLORES-200 original release; dev split from pinned local archive,7e3165cbe7a31e8dff801bc7be43f05aac8f63305dc46722be19b2dc9062e0b9,0d30ad0ee5de83e849468feefc27e99f94e4d720d9f02aff17bef4caca0f5d12,133603d1579714593273ac38b30bbfe9f3bd1fc22205098a202267d8c3e07234,32
FLORES,100263,dev,263,,FLORES-200 original release; dev split from pinned local archive,f3f6efa814cccd7871cb54a63da5b11d54a4cfb5a90151172f836efaa296e1d8,8d0e8da372853f9e5cfe06bf9f2907d22863fe5f3b0797ab3e2eb78ca2aa70fe,50075c1e7f9c0ed238185b1ca39885255c57609b9f5751f1b928fd5b8220387c,27
FLORES,100264,dev,264,,FLORES-200 original release; dev split from pinned local archive,e6fef675a12154f8e3258b7eaa12af672b341118019d3df7ba773611a376a356,6f2ffab5cb549002798b2f582180fc023766ad0308713d0ecdfca14c48e4d28e,2bd78d2488d9296d1ed8ef8466385178c3488061a1878f98e9e01c43b05ccdfa,54
FLORES,100265,dev,265,,FLORES-200 original release; dev split from pinned local archive,2784e95d457e09d2db615837cf0c795665ff22a29ccadb29b2fe5b7b0a39fb32,11b7288440181fa4800ad8c500bbd4a7157d54543e1edbd8b70830057ba34f89,8a51a0281a81260157678ac969c4562c91516a6acec45a7492361dedb85f5263,40
FLORES,100266,dev,266,,FLORES-200 original release; dev split from pinned local archive,8523b9ed01405e5d36d1f388ab978e2ebecfcd46e9a0d6eb65af30d9d109e2b9,b44598f84b6fd0a34b88dfc53407cbd569111117787c96cfbbeb713bdfa85eff,30aa755f9e43964922f8e8af51cbbc7e74cf4d184ab830aac1358de0d47dd906,30
FLORES,100267,dev,267,,FLORES-200 original release; dev split from pinned local archive,1cc19d3034c07a2a9c2b8f30c0da670c70ce0a57a56caa4cce71008c2a50cf78,f62f2bf69eccb596948c4082fdcbfb98f9f6d703818ee5efe854ea9d9e93bd7d,bc3dab96006241dcb73e586b60e9dece9a94c597bbc86d9070658968d8258695,27
FLORES,100268,dev,268,,FLORES-200 original release; dev split from pinned local archive,68c50bfadca991c5afa816d3b1ad9aec0e08da9d17ea65fa21782af8bbb2969e,82789481709f871a7b1475bc144255f6d12e6cd9f24b45c8d69e7161f8cadac1,3f31e37d899017767b7eef9e8ee7a281757f4e9e7a7a124046336eed101b05cd,39
FLORES,100269,dev,269,,FLORES-200 original release; dev split from pinned local archive,321c4320644c7177855d4194719764878c0d3d434b6f2371a7ee2cf0be753421,cc944742a2cc401ed7c5e4f3050e9ad120140cefe080c7f4245a23b503101b23,a877274a64a0637b98424521568aa9850e8fb798b566e8dcaca667100de7e18b,50
FLORES,100270,dev,270,,FLORES-200 original release; dev split from pinned local archive,12084d6714dfc416f73f26dd0e372e08274ce19ae4f809c7b693791f6e4c110b,ff18bc235b82020db93904b09a1c63e44f00b539a7633ddc807bf6958f4abbc2,78415e16ec195d9ca940132b7946d18e1d6a5d59610bda402f57aa7b0f48ad64,46
FLORES,100271,dev,271,,FLORES-200 original release; dev split from pinned local archive,6e6fa091003f461fafa10ea6e0197cd51882e28e0632e019d817280e33703991,13fe52990528ce269863bc716a9f1f482d52eade80df2d684fa5a0d1be2f5822,44604886afe6d96e27001356ebc4b3115fe1c5bfa47997146a0967f2ef0e1028,38
FLORES,100272,dev,272,,FLORES-200 original release; dev split from pinned local archive,d24cf03ab8677a92bd58e7c110470c2ba463505a20fad7d4c9ab8a6e6673547f,def6585e6ebc897dc696779037179ed7ff51b28f9b623367bb357262972506d0,21ccd639d0e7db3114a12e20a0b405adf9aa52dda0a0e8c8a8bd6474fca52f59,45
FLORES,100273,dev,273,,FLORES-200 original release; dev split from pinned local archive,331e8e5cb0f33c3a145f9201f148bb84a866633436e2d9d52950c03ba5a841af,dfde2fcf6fba38d0357c53c70ba0b90bbfa8da70a561b4217a4ae88140840f31,5ca74df9a9d078ce11fe94eb3f4aa2312272147af7cfd47a74752844f8b0a225,33
FLORES,100274,dev,274,,FLORES-200 original release; dev split from pinned local archive,010291d0847ffc4e90839840b1c180aa736238930a3dc0b641b81871e744ceea,64e107da56dea11cf817010eb021e2ffd4e731c0f2d4b6ca4299625f7d76e720,f8d9dfb26f20c38bb7587bd4d3e37017d09e4b80b479fe6e3e21b3381e93344b,36
FLORES,100275,dev,275,,FLORES-200 original release; dev split from pinned local archive,1c42160d7d3cfbda0f2a3a10e35fc53102edf9f037a5e6fcdc6cdef5c827c17e,65f1721b1c86221ab401a26ed5b42866b7978db3fc1f0296c417bac9d6ab99e7,e317a0f8442a3b10ccec449e3a8dd49e069a2d18fc7899ed3f75e1cf54ce4aba,49
FLORES,100276,dev,276,,FLORES-200 original release; dev split from pinned local archive,71b3781c450a1679e78072eb867e5b6d33e181772450c1287aaba2327dabf1f3,ca7d749564e4bd1a300d3b2b980d5ede4201cf6acce1e4ab7ad2d12e78377750,b93816c5c14ab89e4ed0d61f3dab91efac30907478cacba8a411e4e319ab1538,44
FLORES,100277,dev,277,,FLORES-200 original release; dev split from pinned local archive,6102cf6e50834c6ae790ea5047d2cc4e318d1349a6f9fd3d6ec9e4b4efbed540,45bc8407d244b2cb860c3bc986e5d510e3adb1a1ebe117213df54d40d26aa2d6,7973901ca6571e5ec8363adc666fd746598c4a9a0337bf9782c4def81a394e51,52
FLORES,100278,dev,278,,FLORES-200 original release; dev split from pinned local archive,c31ff285540e324a803456fca5b5ca6c7091ddfeb848fb02d08ec588aa36eb17,126568c048f34b18ca9f4e955d3edc2b362d0a19c4542586668a58265641d751,29adceb20d185181b2f043b13225b9d4cb6b0ca17281f5ab0bfca5d85f2bf957,37
FLORES,100279,dev,279,,FLORES-200 original release; dev split from pinned local archive,6e0fc114f05ce6d166459cd30b4ec394a0e7b0412039941391b71f6781f4c5d4,746d361a8459bdd5a534fcbc5687ae89a1a4f3b0cf787a340f4a1157a34c178f,59d84beaecb48d4ca0697687ef50f6462277ae26f47a34505a4cc785e6ca38a2,32
FLORES,100280,dev,280,,FLORES-200 original release; dev split from pinned local archive,acf48e96a455e1d74819df0cb33d4b32900370ab001fca368aff22ade3cb43b4,5ea419eff8e61b939b68da5f4330398ad5d7d89a0b44f6392d11dfd004c58579,57696e76f8b8238681820f761ad8fd90f9904efe5ef51f0dc6c7808f115e9428,43
FLORES,100281,dev,281,,FLORES-200 original release; dev split from pinned local archive,b5b9b370cfe5095ec91711400ea430ea1d94da7395426dffb6bded051dff7cae,c7f42301b3b0e921aed3cfc50037e0e61c0b78af9f43b7e2b96388f8e7d74205,2997b3646ba0bf6f760b654ebe09edd363f28d1c8bf9717248968599f2ee823c,45
FLORES,100282,dev,282,,FLORES-200 original release; dev split from pinned local archive,942e61eed135d803e3d12e487e5c628fc08d32498e7dba6862bf67c9e4f91072,928f4a0c72719636db0e923f0ca00b217ec564d64ea7e669c12b0ec1d2a57218,2d28eabc581743d04334ebaa8fba8261e1c9df4c7a9b2669fd2a4c965d88d845,25
FLORES,100283,dev,283,,FLORES-200 original release; dev split from pinned local archive,6de19581fcb04fdd000789ebf3a50abe2c205b07e943b11550f49e27afbbd5dd,7e80967264205fcb63a138c4b65d73cdd3adc891bd9d4197bf958c1502226064,828874c21d97dae3118b601257353f22647c8437d6b0c00ae1ec0780a31846f1,48
FLORES,100284,dev,284,,FLORES-200 original release; dev split from pinned local archive,d198aab1035edeb19b19e1c05f8cdd30e4441b60e99dbb791144b430143a3593,2ef9ff31b2ebb068e0309b5451daf4478de1bac05cd724604df61c94a399ff6d,e26a378c661dc60787993085a62dec77ac651fb6aa223bb730dfd138da85ae28,30
FLORES,100285,dev,285,,FLORES-200 original release; dev split from pinned local archive,df41c7b390e9ef703ccf52fc1a19607a20d125abb06a907bf7826db325597353,9f3ccea6d95dd388855c07eb1258d11a19f1a95d40a476aebbb38cf86856b20e,397a87b40afe0101603b8b41ba505d93cea9277f50804fac1a9a1eba892a11d7,46
FLORES,100286,dev,286,,FLORES-200 original release; dev split from pinned local archive,1361c8d2ebf836e5ab7577c090843309798d2b1396469aa6ae4b593ecf6fe7c0,740d0c32bde3b989b77816d92f12a9a111559b4be9235fb4fca28421bb84fe56,e7959eba26475aeebe5fecf5c70044ef2a1407d2adf432b2a3b076019cb333c2,25
FLORES,100287,dev,287,,FLORES-200 original release; dev split from pinned local archive,178663994b01b577bd5d846d1d16bd1de4c4fd55bae5b8556f63a1867a66092c,f78ba70a5b8cb6f0d072cebc78e710556b9160c5a0d7de9c0dbbba518611588f,9bd528938137095928f8ce1138ad93ff4e14f5c54f1b7c1b8e4a16722d515be9,49
FLORES,100288,dev,288,,FLORES-200 original release; dev split from pinned local archive,2d5ea86449e4a9066fce9a27220c886868078868127675e655dd08c7c13d4f1a,cbb68160174b8b79e0a58dfd4f800db017cd9837243aac67f5e8093d76f75cee,ead73c79b4f352ce8228f3f2cc5e55377850008acde9a69eb905eca03cfd3197,43
FLORES,100289,dev,289,,FLORES-200 original release; dev split from pinned local archive,a80c26c070f11580e5f0cf3fb73273382877fb40010b01727c9bb39abc9ef2d3,cec683b5ea70d1aef3744569f3084ec65b2d3c8f4b2f9d86188f4291880b1b0e,7dd9b62b9d681c44ef9dc897e1d1985f6b3a1d98ee627300f8779e8fe44a3adb,36
FLORES,100290,dev,290,,FLORES-200 original release; dev split from pinned local archive,0f370c2e20ebf4b60b095197a716a4365bebef59e33003c10b09cccdcd1eab39,09518a159a7974acf362a004210374cc04c7a89436b4f7bbf01dbb77cd401a68,35e65e4428f4e65d5e99442a3299a9bce69841a9d30e0ea58356efb2de72b8da,30
FLORES,100291,dev,291,,FLORES-200 original release; dev split from pinned local archive,6f427e54366ea2be619dad315f0f4d7e0beb9e139cdb8f8066b9692957ec4247,5b215edbf0410a07ff78af4f053214fd72e650d5b11d1c2cd4439108d3e0ead6,cf7e0c085a5b011f23fef7c1f29bec09f3c4541ae8e9209ddb45a25d7575f8c4,36
FLORES,100292,dev,292,,FLORES-200 original release; dev split from pinned local archive,0da8b83326dbc4a11abb4a36eabf1c821380932057412f03689412c74d0c6f78,4fc650b5bbb1f4faee9249bb14147f4dd1617aaaf6445d4bf22d79618c3caa11,354ab39c1f5a0923ec0ac18e2501e2314edbd6a4f4225b53c5e66f699538d213,41
FLORES,100293,dev,293,,FLORES-200 original release; dev split from pinned local archive,c24008d357f4abab281a5182493a52cd565bbc4b87cf98f9c0f5bf6fd3ccc037,49d90a9cac35e5206a225d47937db657c5b6f73444068b055ae403dc1842722f,69c8184708be0564dada344df535c6c17be894d9ba415439827c73253591e52a,28
FLORES,100294,dev,294,,FLORES-200 original release; dev split from pinned local archive,2da33e756a33be1e59ebbe4bb16196cec1bae1e6870b643ffc226cf7235b8b6b,403ec8ff7b622a23c2afe99eace10ef0a3bc4ea0ab3ad7bf24e92a6db49bf20f,4fc8f5cb6fabf18dd40a2cd385ba0ea169de2ac1d4b43672014ce7898906e5b3,29
FLORES,100295,dev,295,,FLORES-200 original release; dev split from pinned local archive,6a428b670045b198ec23e5bc1e012c0062e00cbcea9722101bda49d404e32a73,6870a92371aea29b8fc5cef8cb95458ae16f1ff36eff92a7cae612e805605d41,0af927b737fbed5f467a6b979a20456db6344dabb57e172d0244a101faeab82e,45
FLORES,100296,dev,296,,FLORES-200 original release; dev split from pinned local archive,761af131747655f9a537439b336b7805a4e0d77479180200006f3b2cb3fefe90,6e78f098ad1b6d7c39eb2a3ed7f1ae5fc0e5ad7c10e0bfab17e490cc9f7405fa,41e90b0a2c0f65d21156457152e9e1ccd8a5ada9f4ae9f8863cb581bb0b1fe16,29
FLORES,100297,dev,297,,FLORES-200 original release; dev split from pinned local archive,199abcf05d94958f85aabde519a05f8d10e250127ee5f3c0ab9cc27820d2bce0,37af7be3540d530a9ac69b3f4c934cdf6246b276031f977687a2ce4f5c006048,8f717fbaceca78a2ef09526ae09f70082c41cc01b045c3ce2895b5c185d0fe83,42
FLORES,100298,dev,298,,FLORES-200 original release; dev split from pinned local archive,59910d87ca190b669b313ea97613e3e5eca9ec5cfec0d8fa601395f51b650661,58e85245e37bec54162e36dbcd1ebd0a0209b24ca909bfde5127b0b96aa2c509,2c39a7df7ca7d5595c580ec99a7e26c4b297b3f98c2720aa48be5b3e5441764f,26
FLORES,100299,dev,299,,FLORES-200 original release; dev split from pinned local archive,d5d3bd467f9d7db25955bc2e8e98b055723f0615d891fae808bc2cacf1cc3264,32dcba67f42f3672085b7de14e2e2a3cebfaf6857d93e2268f3a37af16b35fd1,aa1f1374099472f82442b2f38e7c55bb501e06e947bda474a6f817e59f56a427,44
FLORES,100300,dev,300,,FLORES-200 original release; dev split from pinned local archive,7cae9d30d6adebb9e56a7f06fc54c6b467e8f4ac310c2878497640173db992a9,65cfec565de49f629d1e61fc9472b363f0271ee48820bce0817189bd5c3645dc,2866f537c17013841a71bedbb3eb546839730bfd0bf0905e41a7c5917bd42ccf,40
FLORES,100301,dev,301,,FLORES-200 original release; dev split from pinned local archive,5c3e36f84049d70b6e05f944ceb100699e070bdcee198b042acad6a6b9a0bbfb,1726d85c7f7224198bf0e1d616407a303d748a2a1e6d740677603d34cd856d39,d1822dddfbfc3f8e4d99afce14d5438a91bb413778a46545c65ea754f762408f,47
FLORES,100302,dev,302,,FLORES-200 original release; dev split from pinned local archive,9af310100cc021421bb0fa197984472c640a92a5113a0f225a01009dcc2d2aa2,b007af61e122d53a06f993a9e928fdb9f30d45b6432d0170f52c1f427cdcee2e,6eae8f9cc6cdc78d16c0b424a22f558584142bbf2e8900cd7c16d2df448dd1af,38
FLORES,100303,dev,303,,FLORES-200 original release; dev split from pinned local archive,83fbc830b5364b25a5d5393ab6515ef3a9dd31f960eca917d91b0af154af06f2,5da2a8831fd6a26fb3ea88277537a50b3ea3b0c0856bdaeba8036b3204441089,15a351696be8c15a7f1e5dd86f07716c6760b6d4c53e154032328fcf008c6245,37
FLORES,100304,dev,304,,FLORES-200 original release; dev split from pinned local archive,b29ab32b5022bfdfdb81020d2aca907529759dc729aa114278114cfc66577a1d,08cce0b79294d9b41dbd763904ac1153e13dee1291b422bf7c9a78b94a3d8f79,e659e3ab03de852adce520c294e67fc285881bf1cb09a3bc8e12777e7c4623e7,24
FLORES,100305,dev,305,,FLORES-200 original release; dev split from pinned local archive,8b21073b03b2478427b2d551ec917b9c291b46947952d24ad0f3a104ae4f2d97,f33716b744a7390f9798b032be2a6e689db5c49c3e8a90a4e5b81586e5d83020,deec8cf3a87987596e83a8c9c03456b70a46dd2ecd452e870cdc0f222324452f,32
FLORES,100306,dev,306,,FLORES-200 original release; dev split from pinned local archive,c17fdf08b0ca7c706141742b18f620d465d953457bf0a9f91423d66d4f1207e4,7113d6c576f18f767650dd24e30106e4e9f7d651aadb499bebc256e3625ac7dd,440e1a971cfe30d3a73c50c5bb4bd04b3aa552757b4f303164c07be1033e723b,38
FLORES,100307,dev,307,,FLORES-200 original release; dev split from pinned local archive,cc4ba513cf9810009cdbf8acb621263f6e2daedebe0e1e8ea7c500be0887d5fd,d18496022f5a862a121ece73e3cf2d3aa6f804cc31e6730d178496cd9b66b498,c088a0a208f617ee99dcd2122c0d282f1e065382ddb294c3084fa505e4c71e60,27
FLORES,100308,dev,308,,FLORES-200 original release; dev split from pinned local archive,39231d464828dbf8089b6acab47e777e6378448cfff8215a9d5729e75e500823,6cc20dcd0fdd6b2b99aa49cff355e4207c28fdec6828f43a5ca99734aaf1bac1,9dbe953c3562d9fe1c3646d34949259f7fb8086334917e90f0e1d81bf4425aef,19
FLORES,100309,dev,309,,FLORES-200 original release; dev split from pinned local archive,b61b2daf6c6fbfca1fc9d535750cf3924cafbb72d6e90e669481627daabeb772,84900742ac467bb57132bab68a68bc5ea8aa7042748be1485d7c78eaa6b06da6,437c6280fd3bf151109960ce7df28b243d72d5b374bf80262cfd8cb6c228d2ff,42
FLORES,100310,dev,310,,FLORES-200 original release; dev split from pinned local archive,931a4056b7688206de8f47818e64a3f82d349bc9c0a74677add4ce1c647829ae,5ff2584c327288efcf80b3739b90e338947f975b1e01be033bc36f97e82c390b,80f162ac68fe0ebf91987cf63e2278797eafc0a2d3e85380f8a263fae0da149c,41
FLORES,100311,dev,311,,FLORES-200 original release; dev split from pinned local archive,994556b4b06487a4a0ae4f8e3183843910abdc3e52fe273da4264e74b2b2a7d8,c2fd6d1ab713ab5a14a5d3de86acd6e4ff0da4c2c40f20db855c6fac640529d3,ec8707958155b2f6cf8f7436f4be0c9dce9ccdee5d0dd8eca874eb59ddc142bd,26
FLORES,100312,dev,312,,FLORES-200 original release; dev split from pinned local archive,33477e7ef4e2052a0a4c736df0369a80c087fb40136f9c7f9e4284f960a62a3f,c73efda5ac668a3f55097993b36abc8973a81595dd3ae3afe3fe52d3dd0b709d,b6058813205db6f4735a549553776b1d12cfe4a6f4c9a662c09c2a6399e37f95,32
FLORES,100313,dev,313,,FLORES-200 original release; dev split from pinned local archive,694a896c29db3e5a86a5905237ee6186770fde2bb5192d0e48e79373ab3de7b4,8801e28ea0cad0912cf8760796cc120c35f1efab0c7b0cacb5e6cebf85938beb,e17a514261955cb873df0822627f1da848a5a3386be759e8c815bc21934a0bff,43
FLORES,100314,dev,314,,FLORES-200 original release; dev split from pinned local archive,01cacdeb94b963b4e4cc3ffe0dc7e206c1317297b9d61f342fe4f711915ed7b6,783b22191c4266175859e5fc5d22a192144c2b1430148a17f4ee705896dcc01a,0418911e5a8c89a67f9d45f7fc29bd324b1d8dca8b97869b5e3b32f3c3b8820b,49
FLORES,100315,dev,315,,FLORES-200 original release; dev split from pinned local archive,9810f80ac33bb99fb509c1ee806db9b59d38331a01cde76e90b4b75b65e3c64b,d20d440893c15db66aecd360cbef10c08b46efab6432ebd3e5d4e6c3c7d1b169,3a5f69fae6b4e21ce6e5c48350dca74a8fa18187ef5a1a37546b549ebbb2f8af,33
FLORES,100316,dev,316,,FLORES-200 original release; dev split from pinned local archive,7f87e4e80a8c7a1e74fb892f1c7620749829d5f6d74566cebf989ab075883b3e,dcec40b194cad9f515ce75799060c7a8eda9fd58c0411de206f09b492e263db7,a0f2ce796f77699c906e501a0e9cdb4a0032766f535791aec7cedeb3fe38034c,37
FLORES,100317,dev,317,,FLORES-200 original release; dev split from pinned local archive,26e1c43dac3c4ca00a21befd59c684ab425706bf69b62f8195ade011810155c3,d1408cc6c9d657a964c60c6584d758d02b11bdec3bbc7078c89876c0cb10abb6,8551566c9d373f774deafb09bd9b15bba4187684da27da8b7879863a45e0d4df,27
FLORES,100318,dev,318,,FLORES-200 original release; dev split from pinned local archive,d7f86e382657b61025dfb7e57a4bb5a44ef375ec132b96fcfc24a242900f70f9,2bf7cc13ddc5c403a9d521b5b589cb1c18adb85e8d27ac1de6e2cb0a72567f08,976b27de4aad29bceb5318e0ab079d6dc3ddf9e88cbe051b20057e9846071e72,39
FLORES,100319,dev,319,,FLORES-200 original release; dev split from pinned local archive,6eeef67c3468b65ad3efbb8ada5ef4942a906ce5eb3bf69d54fc02e9bda0200a,1962e2079a69cf599d106f17a0dcb2e7c9ab4b476d74844881188b62717ed61f,2ac062647f52af9db2f1b41d903fed561119c9e282f5477c2bf21e8a946acaa1,32
FLORES,100320,dev,320,,FLORES-200 original release; dev split from pinned local archive,1c1abc779091383535b62de7d605520333facba97fde484262c71098d5836c21,e2101998f6a19aa9dce483128bdeed81d09d5a15b28cbfca01ce342af25e9fe9,290fa01eeb64879a551be87e20531293781ebb26520af302b9b9df88747b81b4,26
FLORES,100321,dev,321,,FLORES-200 original release; dev split from pinned local archive,3f0dd840652da64f22a214ccbce6fcaad1fc616e8170a53ebaf17746ed36ad1d,c1a34ba2d9a6222b87cbec3f1f58dc85cfd1bac9353c9173ce10b004ede8bcb3,31434108ab3f292a1fd19a0b347dd73c397b0e0e6d65974925aac6b25dd3dd9e,27
FLORES,100322,dev,322,,FLORES-200 original release; dev split from pinned local archive,f40af2dbcc7247b9a7bbb4f06b554128c30194bdf4ecd9a02118fd4f55b26b18,5424407874b8b7d84a5c98c0591db41fbc5d38c1d1133189acde8e0c8307d7ba,59403e609dfd45639d19ff1008e6481e59b5783f98a3086265cb6093541df4fe,38
FLORES,100323,dev,323,,FLORES-200 original release; dev split from pinned local archive,5ed7d6092c77c6f48ae6068e6b160383bdc6977041387b2c1254fcf992ca952e,cf1d336e25cc596892fe26d6cf00793710c8470bb9f7eafe9c9cf2384ac82992,3c9111c80b8fb266b801447503a46bae96304bd16acc04d3e7b43305d0c9eff9,26
FLORES,100324,dev,324,,FLORES-200 original release; dev split from pinned local archive,bb7fbdcc82606d5d4b94be94069447f2321f9b997fdc239b6b35707157dbde3a,793b617c8fb5327451fda3b7f6ccd172ec6ababf252b03bfda102174c3bceb97,286d4279961a665fe059b82ba556c9a6ea622e8863f2ea3f94bf667b251742a4,38
FLORES,100325,dev,325,,FLORES-200 original release; dev split from pinned local archive,006b85997d27effeeb96b67dac956b6238ebe5cc894c1eebadce70346f63c68c,d0a86d030bc3035931e91e414dbd1e985d5077f7f04a05969c197708b32c1f4f,83f30e79a971d9dfd1373a0be28be21cd70b7f3c5a2d65ce0772948f89aa9698,44
FLORES,100326,dev,326,,FLORES-200 original release; dev split from pinned local archive,90f022bfbada978fa8981fce4015bd9dd069d2a03879fd8d34c15643f3187a3b,2aa9aef74a4621743993295d318321759f808f4cbb7ad1e4f263c5b28ec03cc9,5dc23ae8a2df1cdd1901bc1d0b80e4c2586e34d4ae50231e0ab1529840c9ac9a,29
FLORES,100327,dev,327,,FLORES-200 original release; dev split from pinned local archive,9f192c00fa9abfefef82c05b59ecc14a71aae1cb2aad436cac028ba059dc470d,6c63f0ab210a5b7b546618cde338cbd11b81bdf8ff1f6cb03edcb4b734e0a83d,d340108911fda8673f523e6d7864fc21150b483b1acdbf65c671448027488496,35
FLORES,100328,dev,328,,FLORES-200 original release; dev split from pinned local archive,9b1f90e5aba3da1aa2b13c764ade1a367331df95e6e3157f563b7724470ca421,b68dcd31f5ac96e5ded0eceedcc2570fe492220cf5e0bad9ee989b4b80f61b9b,3d75a04f03350a0bceb22c9639100eb5992a6d29f196c6514b596d83630b5793,34
FLORES,100329,dev,329,,FLORES-200 original release; dev split from pinned local archive,fb0d23b92ff1537bf47595ca6b8d24f40d13cf19166593a7b4af28cbdfcea37c,1dd6dd4bdee3bc5ddc63b26e1f0c2fc5ce2370b46f493b116071858423c02bde,0c891799a18e135531e171db189b32ca941c46c806461a22e0671005f025e8a8,30
FLORES,100330,dev,330,,FLORES-200 original release; dev split from pinned local archive,0d6f4e3b21d7ec728a58f3509adaad792855d7978ed37d1a5885ab165912d319,aa82e8830939441549916490b7aab6288ce89267c5058e5e79015d4930f8f8fe,d69f8d7484db5765b889c6011b09aa3dfaa9efe9ffb06747e8fc55387187e99e,33
FLORES,100331,dev,331,,FLORES-200 original release; dev split from pinned local archive,9b41d9e42bec82304938d052c5c05bfdff2be90ec24ee73190056adbe0255584,ca00c7fccf77f39d3afbac136e5045e34c268a3f9e825c41440b4e31e095bf2f,b849ac45bf3db8ff0a6fcf6852971398f8fc342b8925be37c066a61988703992,31
FLORES,100332,dev,332,,FLORES-200 original release; dev split from pinned local archive,2c9b85d036a9c5cedaa2fed2194cc4d0287e5e2398c155c5e8564983b2f4c60b,15efc02d53a7ca2ead8782245e98aae804a28c6b30d3f450e2e42467b1cb1d27,10d57f87b1df94ef3f6179822c7f05de9c1cfa9de252498b552da95faec2e79d,31
FLORES,100333,dev,333,,FLORES-200 original release; dev split from pinned local archive,59300dd8a2a3032706f63b74f6a31cd7d86649bccafdda5c7edd440a89498063,0b09ee748585f3ba19a84f238dbb7aba9c25374184692bd0b69b0c1042719428,b7366d02361562f7204e883cceed16622fcdf341363f88bf358321aa44241c5d,31
FLORES,100334,dev,334,,FLORES-200 original release; dev split from pinned local archive,e80a4d62011488a0e472130930da31a5906d388238c3f9d1a35e6a9b9ab31b1e,764635828de7b16ef959dcba623aae3617ff5966754091147abe0d10c9db8253,8a3d559ed6f7bb03f13c92a1d24aba7337cb7b8c1d2777735f122173a56f97d5,43
FLORES,100335,dev,335,,FLORES-200 original release; dev split from pinned local archive,c2e2504b434ae3304b4fb6f6537f50cb8345c81f5e2d63deb327590614d9c9c8,b7ee26aee4deb14b8ca91a44f42bbbb3e4779a18342e0a299efca280e0e7ef2b,a416620bbf982cb2ac4cc8c8cd274d0541e402c2d8ee1ce5ae7d65c91f9f0d1c,23
FLORES,100336,dev,336,,FLORES-200 original release; dev split from pinned local archive,74808b2f495c44067bd392db58a1c3c1fd07c162f7ec33455a30b1869e6314d4,517c5c95a29aa77fd7499590b308ffd168233b745467c5f6170e202fcccc6341,8115ef1b3b111b1a74c5b21392aa7e88b113a088a89133b9bc8e6b4670c32944,38
FLORES,100337,dev,337,,FLORES-200 original release; dev split from pinned local archive,b579df09cc66e48e478f8fb721dcaa36cf7d29fa05f8bdc42dabed96da0d1780,d094751ecc6fc488db36fcbb01adb36b9276a51e7f6dd0cbb30a599c2b51a14e,6ac82a6d2b59b46c0d69a579148fa6bd1a1716edd87071d0ea62e07e920f919b,29
FLORES,100338,dev,338,,FLORES-200 original release; dev split from pinned local archive,07b84d889c8fc33d261b4b9062a4294fe9303ddce0b41055de7d68ab9ca8ee2d,8ee34062e4d94dc849d198c102d98e6eec56fb68e3430d9a7de541a7077ded55,e244363ef390818644ace966fd1d59b602487c3ca9d9d95fff08b784b5c5bcee,39
FLORES,100339,dev,339,,FLORES-200 original release; dev split from pinned local archive,797f0985c6822e29295a6fe8730604f81d1c180fd681d97f78a896af234cf101,8db2f971be53d12f44f967e60faa25dfaf2442bd61d5ca24b8ba5e23d9a9ac58,f61baf97989d530a635de6e1f27e835d71967ec1dc98932d828b198b0b90eac4,38
FLORES,100340,dev,340,,FLORES-200 original release; dev split from pinned local archive,01dff4d9c6a7db6bcc0f0b44dcbfd74f94d2be8e4dccc11a261ecc68973c27b4,60dec6fe3a25147d0d66aa6abceb3f9ce96e1c5db905c672623892081603402f,fc6bb595b9b00642a1841a0f0985ce683dced39498bc4e9b286157c14ad92d57,34
FLORES,100341,dev,341,,FLORES-200 original release; dev split from pinned local archive,21f18812a8f9a267f11dfc5fbf25f8b0dce794a368eb084ef3eef00c1c45e87c,3e9408b09eb03384c984765e77e369011bf5d8c57e3a8c50a0a593752059568e,8facddccda8f0170aa6a776107dacdf6ae10a025dc47f22979fb9ca7f27313ca,22
FLORES,100342,dev,342,,FLORES-200 original release; dev split from pinned local archive,0744f5e7c8e2b17e8e811f1d37326ec4b7da047460ba41ef6e224f031228003d,b931b3ea6e4f3c621d9e503b45fbd5f799c978717e1f26517a693198cba819dc,f4bd5db4af7164fa4b78f3e2ea9e75040e9191aab4e8927508e6bba76ab69fa4,40
FLORES,100343,dev,343,,FLORES-200 original release; dev split from pinned local archive,c14f2fe60697d5f2db22c0d8e7e8720e2ef140cdc7728488528ff0f3d15fb20b,707feb82e9cd378e18f7ddbcb985bdaa0581ed5a93fec2d30b263cb3f91ac959,dce40a4061120ca14c792afbb4cad72fd35a265095350cd32105fc82f00f527c,45
FLORES,100344,dev,344,,FLORES-200 original release; dev split from pinned local archive,a32c91aab29bec1c2ec68b020a6678ec10d5dce4a0bedd830610205dafb287a3,246a6fa86fab80fc65daa62d67bf3d736aa4a254fc91739f4a8c346255264290,f056151ab8ab63d95cdc5138c8f75a6ba6045db875f20b31993e3a634504d3ad,36
FLORES,100345,dev,345,,FLORES-200 original release; dev split from pinned local archive,bb9d76dc4a21937a60325172b3c7328eff4800b62fad1c76c7e7f914f1bcd095,5684bb200dd7df2abad4ae133edcb69640835915af80948b0e800f85a38c3cc4,46cf4536f81d454fe778bd0c1593a3d142c08e9bca23036f81e899ce4c4c924c,43
FLORES,100346,dev,346,,FLORES-200 original release; dev split from pinned local archive,42dd006fb4d6650e5444406f2cda25aae2fb9097a207890b93d518e0a7f89fb8,8b330d349fe22e2409e06d99d5904fdfcaaaee84017f3663fb114676210920a7,4a4b4e3cbf9a12371747edd0ffdf80c70f4a11f942fcadfd50a4735adfe02230,40
FLORES,100347,dev,347,,FLORES-200 original release; dev split from pinned local archive,71c70b48bfa95f8c67c0d6a909be9af4cf9936bbc8819f67b6e34eee8b9dce43,72c8bc2c1babcb76504236b0a07b94a09471e3e09616461ea061c7a4be66bb72,ce69461aa2a18213037041f7a7162311de9952d5f598ccda218918a5357bcd3c,29
FLORES,100348,dev,348,,FLORES-200 original release; dev split from pinned local archive,75260468e56c70e9cd8a8296b1ee84be2ba7e4186ba780957bfd1161b6af6454,48b52d94024f9744c88dbb576c0f58d4ac03628f816da48ce01cc1096401845b,eca7cdf88d831baad822319bc02660699a6846d0d148a88a58cd68efa7b3a149,38
FLORES,100349,dev,349,,FLORES-200 original release; dev split from pinned local archive,1288ede1f8ea92bd5b4a47c963186f24327c932b0b26570f8b7ca2541fd8698b,a76245d4ab521350e2b339f4d05ff41e552d89175320db917efdb99e2ff8bba2,b968f0d585d61bd12a1682b7ec58d4d4fa533e51b8af0c5f27455d8fdad6ce8c,38
FLORES,100350,dev,350,,FLORES-200 original release; dev split from pinned local archive,1cd34b07b96ef59c9f633f37c42416f250b4cdb52c89ddd3c0b0cde4fb9fab74,cef21a4ba7ba00961131158a4fe487036e958de8ec2ac79da039fafcb2a4162e,980b8aa35f831a0d5f2734bc485261ea98e8fda02292dfcbb10a27fd5b8fd3b5,28
FLORES,100351,dev,351,,FLORES-200 original release; dev split from pinned local archive,49ef352797750df72092f4e0325863264ade4f1bccd449cd525da5637666e65b,51c0c8a827e500d55aadeb924a699d3fbf2e22b00e1c1ad244da039da0423273,0decf8088764fa041008062341f603f651eccd6546025641dfa145a21de30d13,36
FLORES,100352,dev,352,,FLORES-200 original release; dev split from pinned local archive,e3bcc25e974f1bf64ea9d21b268e41860aa936d67a390f60474200cc0aae62c7,7f2454e5f58913c696c9e5943ab86634e9ac542feefb8e142dca1e6cbe61ad35,66588c14cd47ef81e3abe455b42dd567c66751b71ee37ece6ab2a78c0cbe3cdf,26
FLORES,100353,dev,353,,FLORES-200 original release; dev split from pinned local archive,75853892dfdf918b0a4a008e09cb13d2b7bc6188db5f2a626174896708b165e2,014334d12ceef90ed106986251691e930895b08f95b143744ec3495d6ff45e26,219fc74025e2dbb7ff9b7919d4291fcb2b94b08d476e7acb9f2ae1847d7fb58e,42
FLORES,100354,dev,354,,FLORES-200 original release; dev split from pinned local archive,6eef434daec5e4e8b826311b615766aa193b22b74a12e19f9c97329c0a6a6ce1,6d75015952b01fcb333c3301f303e19cbc3dc194d57c3e36fe666ab67e6e457f,7a59487f0c3f2ad7e8b372a733f79e6fbaa6b92ac3b3ef782332c79f077ba762,38
FLORES,100355,dev,355,,FLORES-200 original release; dev split from pinned local archive,62ce63247b37ee51a42a92977e8baa426b900d52a95ce68661dc5003c394af1b,39f6c1e4bba45b5d45d80cd94c0376a5e1751109a67646ba3503969f84aa572c,946f893966a7dea62b76af20101e254b67792bb03f6c8ba3bfbea762a4017ffe,47
FLORES,100356,dev,356,,FLORES-200 original release; dev split from pinned local archive,1acc38cbb43faa02aa35785a60238f2f710534fc259326e26bd1cc3b1a38af06,987e843a23b0441ac6d8e7df115d4e301d6d11bacf0ffcd851e6325b71b8071e,66e0fbc33e8c5b0a9f54d574cd19a024137bc33db8d4f977f129056b38cb9f38,46
FLORES,100357,dev,357,,FLORES-200 original release; dev split from pinned local archive,07b4deeaa7920fdb65344779b85fc468eb0160cd248a21db03368a570b26d7a7,8be756051e7168c27014f077a53437299c8c99a7b36352993c7cf0b492e8fef5,70b8ba195c23f14b0d458bd720580fa0e10c4cab0b144cb04119de2417cf18c8,50
FLORES,100358,dev,358,,FLORES-200 original release; dev split from pinned local archive,e06c77c587a65896bfa22bb499bedae22fda37f309dbaf7ec175aa4afc507fdc,cb45d3938cc00daf48015e00a40139c023632f15d144c2fd6cb1757fe48da5fa,a748b494a19324bf2558d4e98a0035b4f9bfb4815954ae38e27501a3266f20d2,34
FLORES,100359,dev,359,,FLORES-200 original release; dev split from pinned local archive,2e124eb680fe467c98bb298e328a0d70dad3781a99c5498a48efe6ab3d16accb,d6e75fdc8ba7290f9fa6fdcc57c319dc5b39672f042a510bed9d9a86d9ca6721,3ac92e0705ec0390c4ea47e23fe0ff6ff4ff15754b783c86b02d3bc976309924,28
FLORES,100360,dev,360,,FLORES-200 original release; dev split from pinned local archive,6a1ed2797937e2ee9e269c708c726bc358db77d4ab8b1f56b412e94a8109e75f,613b8d1feae0ec66d1f49321bef67bf9650d31b7c66522670be852571d3d60dd,1fb9981bee92759eb0b6faae78f111f3688aa6482a976e629c5da0901029b899,50
FLORES,100361,dev,361,,FLORES-200 original release; dev split from pinned local archive,c9060c393744176ab361b49269cd1b79f687df816da39e6a16894f4bc6e53666,57ad66e3cf4c0234896b03778a26f065e44e6ac3973872554d256a0ce2b342e8,ea6bb48610723621d30deaaf375e89e1e502bcdf673984c311f47dd1345b991b,37
FLORES,100362,dev,362,,FLORES-200 original release; dev split from pinned local archive,dd035bf8a0683ab9adea05ceda3b85ad44b0ea6282b42b4ca11b20fa3642d830,41319e41774e4d111632558519982286098aba82f03724de94d2fd6696c19068,828baf4de74b20e872809c9e4b0e87e11db433d0659eaecde64fb0b942d4f6d9,25
FLORES,100363,dev,363,,FLORES-200 original release; dev split from pinned local archive,0f447458fb9c5b7d3bd09d2cf10781cab18c1cdc1124144e3b11dd0c95a78615,adddbdc44400374be0b59400eee592e58e7ed6bd82d9f05384a8cc24f666fab6,db07b9590fdfe0575edbea679e57631d296b07e33eb4302653bfb165ece1b94a,34
FLORES,100364,dev,364,,FLORES-200 original release; dev split from pinned local archive,4f0a857e3bd53f70feda96bfc28d68931d8865d0515ba4801b88cc7afcde35cf,f93acb4332446db5a8d3b4f00c489f0339c99cc0cc344e1b29319925a6ada5ff,74463dd519e72b8061303cf527dcc8ac8c5635297c4b9485675918250cb126c8,31
FLORES,100365,dev,365,,FLORES-200 original release; dev split from pinned local archive,9c946d76f105d5e485b3ec3b7568cd1c6dc0c73e61da1d9955deb1ee156d812d,b52a2724de18208b8e98096753b8dcbe11d5c824373cdcbe6cc82a4195a05ad1,2d37f8f97b7eedad2e183c5c397d88afb77c9a048d874da19df5f96350e7d704,30
FLORES,100366,dev,366,,FLORES-200 original release; dev split from pinned local archive,e3e67367854b15ca152391e4f3bff88e6dc02725199200590bbd5e686b395db2,64568b944b6cf966f447e8f9bc3bc5e94b9e3cbc17b890e01a7844989d3f0d8e,f44335614f6c4e8488537316cf7fee810efb4c4a2f131b22d3084c35779cafcb,58
FLORES,100367,dev,367,,FLORES-200 original release; dev split from pinned local archive,7b5864262fc9a1db313d97d6370d7fcdd60b824d225cbbac7a33ec6d3701890b,a298350679ddc7517c924c3a5c9c89423b03f4d218e5c4edbcb695df9ef2631c,220b230f0e190d4ce753b0b3ad2382704828211159cec333ae3acbcb6403ec27,29
FLORES,100368,dev,368,,FLORES-200 original release; dev split from pinned local archive,b96324dcfc463ae09bd5c1db9b35b400cdcb4cf8ec8bc0b8390b85e06c8466d3,3a341d15ff915dc34f922108a7593b141909cc6205163ffce747c10c0faa7859,28343bd401c0e2fdb676ad77d35d9ba09cb9e6eb8eb5125970519067c558daff,42
FLORES,100369,dev,369,,FLORES-200 original release; dev split from pinned local archive,ae871b0a2a57201652dfb5d99786c7d4a9d6fb0aae339add3b53595493ef520c,5bbcc59cdadcb493bf17498129fb87371fdd749a46e5d0681f0b8a99f89e5d5a,174646852694be0826d9a7e1afb62df93ac59abe8a49d7c775b929924da36d66,36
FLORES,100370,dev,370,,FLORES-200 original release; dev split from pinned local archive,1d89f09594902d8f550b6358076c3f6ad44bf2f2f7613fc79381c0fdcfa38781,3e4798bcc7d7cdd68337540cd4fbc0a6e061d2147ab1e5ade56468810cd03cff,d14b407cfd63fac802aae2fa5eb3895fb1012472cb608d1ef48b728a59ce993f,38
FLORES,100371,dev,371,,FLORES-200 original release; dev split from pinned local archive,6cbd9c06de57a30a5f189e48eca599a3d5a4d1b5210f0c7bc1d558f9dfb6476b,d9df17100e4c9997849f62d441d10d04eeac7555e85d66cb39a596618b571e16,abaae219b61601ba77d057036fd1ada2f313e1a0e44d79bfee619b2349e72715,31
FLORES,100372,dev,372,,FLORES-200 original release; dev split from pinned local archive,b15687002b25e80fea4a96bc3d0c2b68a366e1e8a0c9b14f07a52b4fef4affe6,001a19a415cdf8e0c63bfc8f469d2bbb06d914418b3ec47c2d042291291481aa,077f49244f75dcbacd60ccbbd7b0d0d35935ee7723c7e312b9064744abc188d5,34
FLORES,100373,dev,373,,FLORES-200 original release; dev split from pinned local archive,0587ced9605ae0278d309c184daa060d5ff832ed08000339a4bbba461f5028f1,0cee643f52b66dc3af0a5871f80dc59063b312f9e10a62117bdbdaf2bfe048e2,87ff609f3e006b74ad3d317ac99df2337bf8dd20f4f76f6957d9726c46e9576f,58
FLORES,100374,dev,374,,FLORES-200 original release; dev split from pinned local archive,7dd1ab3a6bd52b30a99e11b6b2f25addb026f94f3d4191ddea973f4ee03d00d9,ffbb34484db302fb60c22ad2bbaab7997da424af030f88008da7b5b1678d9407,0a9f5e899af36da30f6a8bd214e5a2fd0ee2415a432692e37200a942c045ec27,40
FLORES,100375,dev,375,,FLORES-200 original release; dev split from pinned local archive,88a460e9cb583edebc97e9b107a0ed17e2d79da91b14f4ddb2f49b2de43eaf31,c65d6c75d9f04bb3438ffb94955ee8f7f2f21d8e578c848932233156598f5d31,2987267d81e61cd98807a78fe09a9681cdfa722b2e04aa45012dc451b2e40b2d,55
FLORES,100376,dev,376,,FLORES-200 original release; dev split from pinned local archive,508d9ce3a14b61c7d85509214ebb836e013db2ae73643b6c9026d20982079bee,b7e8cdb1993642905e1d52846388626b0198cfbd7ef9427d5adaac4d7cf71f65,41fe7e3a4dad02f86664e74d64a345347cd445d2df7d91294dac6a7ca4824a4b,42
FLORES,100377,dev,377,,FLORES-200 original release; dev split from pinned local archive,5f669ca25f63f93f1ed4b2e860d7c25ce6479aa3c317e9196e5363a874408e4f,f59bf6555e9787feee2521a8b3a36e8732f07086af2f4dc3de23142e76dbcc56,64b6e9e7d5337a7f4e5e9758d70a648a73ac6b07264d6d3a15474a66dab87d8a,27
FLORES,100378,dev,378,,FLORES-200 original release; dev split from pinned local archive,cdbd441e0669675499b01e38fe1761d7b27deecbd0671d26659dd9460b36a966,ba88d88081896f330ee293e864e6fe1aadceb3d733d214beb7ae5c1f413b5ba4,0ec6a208e18f009ce7c122e0ced7e3f3d7f77a398dfdd621745237c3ae86e4e8,36
FLORES,100379,dev,379,,FLORES-200 original release; dev split from pinned local archive,c87e2b098555fa77896aaf550cdd8fae6bd77ae727646b983e5255d92397e6e6,95a67ed26be0c22d5bfff112b76649cab16e234e5894fd74aaed1a2c98199a3a,d76a7147fe7b70ca6beb9743c4a15f72184e568c62f27e1a437f3b1912d6bd88,49
FLORES,100380,dev,380,,FLORES-200 original release; dev split from pinned local archive,3c15f1f00393a8e16ee2f4476a1418204e179cb113d3a920a088595023e0ef80,3a706ad91117cd3c87835a80b17f28c76366d03011f7d70882d9716569a1dcb6,4fc454e9dbc949ef2b1bb7318f633d05baf9754ff74900f7989d023f1475e28a,53
FLORES,100381,dev,381,,FLORES-200 original release; dev split from pinned local archive,d368ac577faed806755762826f555caa89733e36c5df9d7e5168a7807097e842,0c032acb216cc1a82895623eb2ce547975d03e258ec6f066b86ce877cc0bc0d4,23b785c334334c6f71e2a2a5813c5d93de13ce9a2c36ba8451dfe8217bb8b576,40
FLORES,100382,dev,382,,FLORES-200 original release; dev split from pinned local archive,489234d88a8eed91b6c505d89e0b2f30ccf6a5a219c687720f2c2f42055e09f8,1e88e8c4a4afc2d37da8d352a1dff55d4d6f316ef2e24a16f5ed50006af24123,71194bc2244d3468c6aed97ae814fa061835b0a26938141c7c18a37586e59221,30
FLORES,100383,dev,383,,FLORES-200 original release; dev split from pinned local archive,773426a142ce0381813d18d3f81c2f20ad7076d2b0ba3dd4b507f411f1451f15,24910370ffcb4c2333c7f09baf5495b5d6dfece0d65ee49c5fb7f31cfae1e522,af2cf396927687b809dc0a78701f109cd693daf73dd0abd7f56d5fc9e2287be5,38
FLORES,100384,dev,384,,FLORES-200 original release; dev split from pinned local archive,6e76af753f2fef6d77444a5ab25d8759bea16ed03bbf23a46df58619e61b5a36,186404de90662021014fb4a2f08c20596b61570a5a21cc9da7e8ee840492713d,c31660313755ac35b9073893c8b8364a4b554329b613437d168cd7d56e8e57de,36
FLORES,100385,dev,385,,FLORES-200 original release; dev split from pinned local archive,d5a102041f739b3fda65b8ec885061a09c681db0315579036be79d94e0304463,bbbba5fa78e037b2f83e95e81be2f03bec63045c5156d267a9c4fc9e1b7c2b84,5e115777394c7c104c3cd0ec49dc25ad428039a7a24ba7c262832a2e398b50d3,44
FLORES,100386,dev,386,,FLORES-200 original release; dev split from pinned local archive,21beac7e42f589ada24784ae0f0524d54b6b63e56c26fb24e68f0d539115d1b9,2d7b1df8856d2817b6d9e9777a44819b75e783bac4ef9917161b4f94158eed9b,41d9a7c073117ba23cb61308d20868a5d0f7d1b76b808e2890a2688621adcdf0,55
FLORES,100387,dev,387,,FLORES-200 original release; dev split from pinned local archive,ffccfc70c45636f108c42c9fb7f7dffcb8231f8c667f57c236cc3a96bb5a17bd,4bade54fde2493c2b5492a979f95fd28b63046762a9b4bb172183ae01afbeebe,7d1e58105eb934d6985677d2e36dcc2419a124696837bd0e9428fbadfb4e6b18,33
FLORES,100388,dev,388,,FLORES-200 original release; dev split from pinned local archive,5bb2f646e583c6516c73d99b98591dab0062e9330ab064efb3e4ef63ba67be8a,eba43c8a8c523abae71ebb788be16c8e42f5ebef8fa499f8a5486d5e2d6e2b2a,3f7d00a4bb587660c028f12ba2c38b476212f2daee86b36c1453016117b0325f,40
FLORES,100389,dev,389,,FLORES-200 original release; dev split from pinned local archive,3bb49c7d77931a0f6b4c1f761308c257ae46eef7d728ca279b80df2b4ff84c57,12785481baa41eb3453e7e5226c625e26a9dc94bebc3359807ee3b9cea175caf,c1ab351a1de9c628f1ecbb6abae53a5b510fb6a82886f1fa4d5a17218b8faefa,45
FLORES,100390,dev,390,,FLORES-200 original release; dev split from pinned local archive,c89844e1e56ba06622eec504a5f39e30dbf2fd4adf8ae69f24598db5847562a1,4fd31954d045434a7a6b7ac4fd3fead9f9d1f88943b0bc2fe523d63556e2a034,ff97c049e4dd8b47ddc55a72a7f4e2bf295549f81074afc4c3d6e1ec81b9cca8,29
FLORES,100391,dev,391,,FLORES-200 original release; dev split from pinned local archive,dd35646b6a8a5aa6cf32af902347433e54b8642ea2d634447ce711b8ca9fe4f6,c12033a257b094149153d7e94c319bcbea11e350a4e24c68d9c1abe857d16103,d12d80c614799412500fa7889fda13c4757e28e463a1a7cac65b3bfb37c423ca,42
FLORES,100392,dev,392,,FLORES-200 original release; dev split from pinned local archive,9c68431a7f387789e1470f92154a55b14b4b23db56963067d5deaa542c79aa51,bc8556814a36760890fd64132d64c28c121927257c526d018e7bbaba9b29fc9c,7dc1bfbe80cca5ab9c5dfae32f0ee77520bfbacfccdc4223e4d474b795e5f8df,49
FLORES,100393,dev,393,,FLORES-200 original release; dev split from pinned local archive,ee624edd570f16f022f43393bc53bc238f88294de6eb51e89bc6b8b5170a454f,61f79daedf3a06e994eb474f821513e03a9bcbb9ab5e6435bd886f5f904d05e2,c3823957b8fbacea1d2dd39a39a4d2b512bf6598b18dac38bbf9fef3c726d97e,31
FLORES,100394,dev,394,,FLORES-200 original release; dev split from pinned local archive,b783164e4055975b8018b0043dae1ad86c5cb235665f971e293dbb904d5ee1fa,82f8f06e66e8cdca22270254c97dad817b9327c19aeaf8ec1a8e3d566cf3477e,8d607058ab5b5282a49c7b345f0492ea6a8525e24ff8505627584c855cf04dd7,50
FLORES,100395,dev,395,,FLORES-200 original release; dev split from pinned local archive,cd6ad3a85d3f3e295750ee2319a5e392369952d98325bc7d87a8e2b3649d723a,827f6a1d9b213f6e22050a2c3c3a8e1aacb904932d64bfe6639893a5b6c2ba92,e6f910e77d743910ccd624dc8f8b4c7b8da436086483c72151f12aebdd63ba5f,43
FLORES,100396,dev,396,,FLORES-200 original release; dev split from pinned local archive,d89d302f6f7c0c54927c67ae412b38d433cc1e48f2a6edcf373650a1de67fdfa,f4c586d99974b4d204c1ea23da38a428955d3b433862edea3d5396d0641e7fbf,89438bd8d530369bb9018e1de2272467f694da7f01eff2098d0dc47189b24766,41
FLORES,100397,dev,397,,FLORES-200 original release; dev split from pinned local archive,784b5f56053b0aebfd5be1b26d53bb8dcd27638756dfa2cc3f2cde29e3b0b40a,1c0bfa080e08dddc04cd0b1268c0bde6b975f5294a09c7b65fee1e47930a1929,37158a7183476441aec24a72ca6b212e63edd2d8953b25290cca35598a97fbe1,36
FLORES,100398,dev,398,,FLORES-200 original release; dev split from pinned local archive,5eeb4718ae5ff7795b0e5f60ef88a63caa69f9dbb158149ad93fbfb59a95edb7,bb60347541d8fd20700d91e6b45ed549e598cff7b52d2a1e2d27f305917fbaa0,17979847f233204b83918a7ef13e768d589b177255eaade085ee9610cbba7688,38
FLORES,100399,dev,399,,FLORES-200 original release; dev split from pinned local archive,096af847ed4757ddb8d9b2b9bc2ca71f8e58735fbfe7753b34b9241cb3b0ffe2,16c5cb858c99f31a654febc9d08ef531ce11e914e285785969714506d5359606,d144f27909ab06283e2b435dd6bd5b47780010b93a65c603b5ad36589f877755,48
FLORES,100400,dev,400,,FLORES-200 original release; dev split from pinned local archive,b10704427a4ec8a629c91e7a021989aec9bb5bfb7acb7ecb823b3fdcb4b25e79,e993166f5efae0ff4d429af30fb9ab0bd9eed9321e400d7c2a259511ca9d4f9a,3317a5354a6f82f9ee24177fc6dae971c53fc25f200965e8fcee006190fb6c5c,44
FLORES,100401,dev,401,,FLORES-200 original release; dev split from pinned local archive,e03d3278a452536af4440db30ce6e76adfddf6b9f6ccad552078f238bf9a5526,6392329d052534be7f17c110d444f11dea3ada4b0f3886406d2f4b2efb00f78e,8b769a828466e4ff3e5a55f7d78e738124e38a0d665546aa8f031de932f4d92d,26
FLORES,100402,dev,402,,FLORES-200 original release; dev split from pinned local archive,d5e4df0758946aa3f5a3bead3c933d28c4eb9e6f5ad7de9e5a92455a9c1ad9e5,fc5d73ec869800da0416d304a028549b1d8f84dfdd8738dcdc75ddb2b7dac3fd,e9057ad9509446f3c8ad9989e7413f2a5e243da1097060d612dc0b2a93974a03,32
FLORES,100403,dev,403,,FLORES-200 original release; dev split from pinned local archive,a87fce85ed49ec773f9260f0ba11ce3495fce769324c9bc30ce337b7fb9dcaa2,f31af234ed672d45785df0700e91b20d0394acf523557b824dcd0149f2284d10,aed96281ae5b4ab43ab7a07443c4a7dfafadb4f14589172a0879152d27ba892a,40
FLORES,100404,dev,404,,FLORES-200 original release; dev split from pinned local archive,52c00ad898cab4363b22d00942b492b08a7afd135d011270ba238f5c02550a62,2e46aaa1992f1de0cd7770b25aae07fc915bde5dbd99262cc80381f21ff06141,2604ea9dacfaac82656dac2c3670ac7a1d4012c460d36c2967a4c6b832387262,49
FLORES,100405,dev,405,,FLORES-200 original release; dev split from pinned local archive,6bb5ff72f8dab5ee313c730caaea6b9493f680e2b428b446fcc7b97fe99ff431,02e9de0c38e50c400619cbbee6f6e9633132bf32d63684820b7c3672aba129b6,b48eedd770034c782fa16d1e8ab7124b978145eeb901fb62cb2494c3f564b78a,33
FLORES,100406,dev,406,,FLORES-200 original release; dev split from pinned local archive,7545ce33859a18499419dcba394d803c0c658ab6fbd88d628cad71ff919e93b3,a3d961dbf2f84903635b24ccc9294e1c8570674572284724a765a5a29ded4803,29dd37f849f77cc9719c4f62251ab1b3e77b9bf8910a310004b0ff4b3c0dfdbc,32
FLORES,100407,dev,407,,FLORES-200 original release; dev split from pinned local archive,b4e5a5a0f2ec8301ff4982591a3e4fddd4ee3e062ef6af11d338c3294cf7d14a,283f570001e7d3574d9a594b5a49eb741e6a11831bcc4cad3d8a93f9963810df,33407c7775189921d700e4c30d62d6c3060319721b58b4591d3195a3dfe0555f,48
FLORES,100408,dev,408,,FLORES-200 original release; dev split from pinned local archive,2e13fd43c1f744032d864f66b1f0b45e19006a371b7621d536b862e420fb2612,f666be34b1252df2ecb6784de33e0f76d43e309947d1e917ad68beb332a05043,448394b66def653b33bc9ace301a943aa281b41f590c26bc791c0bfab66d643b,35
FLORES,100409,dev,409,,FLORES-200 original release; dev split from pinned local archive,2cf84797c64077e3b90cb34c6dc0c64cbe8e91cba13311a9d6635046cb4d5ac0,32817275fbd0937262b7f72874d1bc062b64fe1972540306d3abd04dc095e594,2018d16cc9f8d7f6a676b80b43c8f4408897062ea500cbcd2479f915bd01f405,49
FLORES,100410,dev,410,,FLORES-200 original release; dev split from pinned local archive,31676544eceafbeb96d0d38133fccadbed8d7d39fad638b15c0b4659edbad6ea,2526b139b144b389739c6f65caefb37a61ba55858fb9e5274ddae2bb59b9b2ab,ca25272f34d46d1981cbd090596805a36ca616a3cc909c16e0e51ae85240e672,40
FLORES,100411,dev,411,,FLORES-200 original release; dev split from pinned local archive,883bd05651893abf928b8f1f356459ec70fc05de00b9070ebcd65b6e37f0b03b,5ee7e843de149819559385d14d6c64a2d8a34d74b3cb685b33c0d5422b9870d3,a9fdc0cf04ea310f7d160e1fcc2a47f9c37b0119da119ffdecad2babd507fcf6,40
FLORES,100412,dev,412,,FLORES-200 original release; dev split from pinned local archive,a44a72bfe5c4fc23d6263172860a33ed767efc5629c771bd150b27c9bb0bcca6,9c6fc6c8e1f25530f52c9a8a92e89bc3fea43334bdf12b685aa4b7adef0571a1,5bcbbd0b52fe6321664b57d3eee1aacd807e2715a5142ddf98545f3faa4ddb75,44
FLORES,100413,dev,413,,FLORES-200 original release; dev split from pinned local archive,b410fc3232fe14e2d0ad60bbaf408d89c61d8609f06aa5fcd332d994e34f269e,dbecedde9131175fc8caaa4d938f08b8995f452869af443c9e14f249cdcb58eb,3176bbde30c00fedfcce8de0765fb7b30ffb2baf7f6e0f9458f5b23421496bd6,45
FLORES,100414,dev,414,,FLORES-200 original release; dev split from pinned local archive,4a6917a37682cb01caf14875315a08cf397d08dc5be549ed7b5bcdef76a09133,85673aac0a55958faa61d0e3b7e9521d65b4600f24f45d104dc55f7af4901e32,d8ea95d50620246c6dd651378de2d73045270a19a6dc2659a78d808631d82f4e,56
FLORES,100415,dev,415,,FLORES-200 original release; dev split from pinned local archive,3abe16f6feb7aaeca067300a3b3dd39e60a81de2fb4cc3df63a08ae9037796ef,b87a2afa170ebb29c1110a2ba43fed87d8275a964acd229f9f538bd23445e479,7b9cee3b6e7d75070c1ac7f7b29d14ded879226a5f25781cc94d1e4f974f9941,39
FLORES,100416,dev,416,,FLORES-200 original release; dev split from pinned local archive,bd4bcd27733a65089cca6887e70b2209aec4f56e5cfaa813b42f018925595a30,7214197dd9326a1f7566cbd244156e0489120d60e7ec85e8805607e1915fcf10,ed96a0d6b6bd764f11537dde6b254a3d29cf87846fa73078eb98864ef8a0876b,38
FLORES,100417,dev,417,,FLORES-200 original release; dev split from pinned local archive,004bd37fb0f8f60c970e74d17d99e7aa42d4aed7cd98e51fd0b40f665f426d34,ba3e877fbeae154d0d02feb1baeb0db01abad2e2cef2d5e7f34fe8c8ee36548d,ea87bea9d6bfe57331960dc23c9d69a72ead4c2f38fe50711220bf457a2b1d31,41
FLORES,100418,dev,418,,FLORES-200 original release; dev split from pinned local archive,ea3476b7276c71bf73edd29856030a06bbc388290bb252654c1fbb618df39ea2,2e76f4b305aaab8a2f3a28ec16006439bb038bcdc67dac1507513611598f48c0,4c99ebdacdc7cfec7e62813ac969cd7d4d8bc81f05a49fbbd8a416883c62a9f7,31
FLORES,100419,dev,419,,FLORES-200 original release; dev split from pinned local archive,74225d697d1f5f207e2ad45e26a04c529772c0a51eb1e51dae7ce083a0058268,82b6f1534dea8b26cbd9c59da1d9145416470339b63bdb8848313396c0612d6c,49fc65b7ac0b71880678fe1e822b48fa8d5089966895c1ad6d2bc489f22402b2,43
FLORES,100420,dev,420,,FLORES-200 original release; dev split from pinned local archive,25eb4e6ef623b24705b49077a8176ae14597fdad837e44010a951ba9b13a65bd,f176a7d708e50961f14a9327afc2c6820fac1feba490d8afe82df81301975323,5ea03796ddf56b5e0befd965d60260b60e92642d736c20e6af7d2e329fc73437,38
FLORES,100421,dev,421,,FLORES-200 original release; dev split from pinned local archive,20e78f040af6adb8fe6af1303a88bc9617e359d1887aed6bcdf0b9cc2589e8e4,deccda30e66e21b4b9ce7765d4a18056f5ae07efe7d393fcf58fd35b982e789b,6c48b89b1823dac5422cd9663bada2ac1a47aa721dda134e74d4ab05f9d51528,30
FLORES,100422,dev,422,,FLORES-200 original release; dev split from pinned local archive,0384f1f5680e79f10f78a27939f7bba7048ed2818ba3823458e653322ae60f9e,f4e7ad8bb51ee0cf4df0d995da853f4468b7a18d9d1cf8fbe5c5da823f433832,202be817dc9e143ca6c6cc133aeeb5fd86d9f5b89dfae4ed434113cc1c1c277f,34
FLORES,100423,dev,423,,FLORES-200 original release; dev split from pinned local archive,dc001acb0cc9717bcdeec118677c1f352e685b97c9eb8a197f2a7e79ffbb7513,f5bff4a9334a046b91dd66eb1495598c99a7b2a5d0f423f0ca75c022e8e9dfcc,602d4dc812ac9e71dc3c1946b6589cfc50e8d111b1a67c4973411205ad6dc638,30
FLORES,100424,dev,424,,FLORES-200 original release; dev split from pinned local archive,75701bbf51bb409ca9c7970db6919d1ecf4dd22cb57f1f3da022c5b6f790718b,5c5cf478a7e0f443963ed2b9a58dd752c8c84f705d2eff5b7ac9a3e2ce6c6cdb,65e89984c79e89d87a900fb2e1d159c524af195ebaf12b02a2f92ea396536c00,34
FLORES,100425,dev,425,,FLORES-200 original release; dev split from pinned local archive,8052879b35784ab77c2e73cba8af981d3c98b0705e43bfd6d7c3be54e5ffd2a8,d65c64b7d8896673acb68a196ae1d9dd1e832515d9ee352f5c50aa9283950c9e,227172cf7398cd8d52e36eedda8ec382ae88ca3153d893604bf090c6939374fa,30
FLORES,100426,dev,426,,FLORES-200 original release; dev split from pinned local archive,2ec2e9458b12ff0297733f0387c5e431ad226ed24daafbc2453230fb6caaba30,47ee555a1057abdef5e049af4bf15f7d754bd9412fad156470c4ec5365aafd77,1ef681ae4f8dad1e2c6e89e7a2a5f7e7e2cf867325de226fdff5981a02c895b5,49
FLORES,100427,dev,427,,FLORES-200 original release; dev split from pinned local archive,4fe40e7e9a3daa3586e3ef440a8a192543f8754660516ec0c6c9662f693bd8ce,e79b913b3fd68d4528bba06dc90fe058efcc5a751c08412efaa6549b54d86fb4,9f267f2081af6d555ce6cfcf45e6372644dc566bd6051b11b09252c67575fcd3,28
FLORES,100428,dev,428,,FLORES-200 original release; dev split from pinned local archive,ac6424d96c5e9568b7ad8173425f295e014c5bcde34639b07e3ec96bdb36cdcf,a142393a04d230d2c5421d591c5adc978d9de852029068d47239a5d013a0b6ba,1e0654eb23e5db8c139e407d0483f747d64c5d54f7a55ccb3034d9c3e034354c,36
FLORES,100429,dev,429,,FLORES-200 original release; dev split from pinned local archive,1bf617b434058794db0e79dde3ff25af2658ba9bf03be8d65f6adec492e9abc1,af2fa43c97014b0b3e7e49ccbe55897a619215d578119ee3a97220713236e48f,0227412a150e343e645c7b8312c466c067b79302a31e0aaf7d634b50a01497d5,55
FLORES,100430,dev,430,,FLORES-200 original release; dev split from pinned local archive,5026e238646a8259bcabb6b034a21690bfb2dfd4b997a0a3cc6eafd1cdd8dccc,4472ec92f705980d60ca25b90bd691129fa8dc61c399ba4cafb6b510990a86ae,131f30c622d565aeb43ccd53130f4a7e18508f091422545cf7169a4f7bd5d35d,91
FLORES,100431,dev,431,,FLORES-200 original release; dev split from pinned local archive,6d0abd438e31955df757ad1f3e38d71ad1bfac915195cc7baddce2cc6abd2511,351f60929d1134d2df04130239e49154aa52c59f1ff2c24f9d161984725a60b2,db6b2d635fa9f441bd24e0dbfdd0c4fedb26ad23f7690fe214a1f3fb9bb993da,41
FLORES,100432,dev,432,,FLORES-200 original release; dev split from pinned local archive,9d975ab5a8b564018382d5ef60f6dac3c6df19a1d93b8cc12bdb659fc5c09b4f,ff95b958a6ce88ad36f71bcfd554310a29b0f40ea54928ce94ae876a81872fac,a1fb21267292f94ad043790944b74f9c25b1164491551fc3f1edd7a0ffe4f9fa,46
FLORES,100433,dev,433,,FLORES-200 original release; dev split from pinned local archive,2c54efb217a8ab1b36ceeb872c5587f77c621195b1aa89120e5f420d62553ce8,c407cab5d99cc96ea4792a1ef78baf986caa0a93bf5769f7d9539effb51b72d4,9ddd999a1303009af80ece2e79d1fde5e5d5e87da293a8682037307abf437c7b,28
FLORES,100434,dev,434,,FLORES-200 original release; dev split from pinned local archive,8c9476111031b1cf86f24e21c06ea8be390af7fe355fa48606ade49d022e033b,d5d1a4aacab8173aced8ab6cc49998e8ddebb604ba39291e535a06d94c0b5f28,47c4b40e78847203ea75b0527cdbcd4022ef2c7c14f1fe7fa09a90b2c27f5511,38
FLORES,100435,dev,435,,FLORES-200 original release; dev split from pinned local archive,9e64780dfa8fe2ac33b196d8856cdeccb191bd1f411283b9e50eefcf5e390620,ea60a903570907a78166ed29cecce9d83b2207436ce9e8418dda2b92168f3fe1,ec930528e0e1f86a947be0774368342fe62473d0e561802be44e6858afc047ae,37
FLORES,100436,dev,436,,FLORES-200 original release; dev split from pinned local archive,24043b93711e65e807f854e389b906d38c7832fe4cbd4cfade97617bc61d1b66,a20c6e51bbf47dddc3aeb627d88a93aac7d718471a01fc96266b20b2ebab6d82,3b3d76c24f12734a4509b09935576335d1060cae672829371b0772ab2412dce2,35
FLORES,100437,dev,437,,FLORES-200 original release; dev split from pinned local archive,ca7bc8d2f7ccb31ff2b656979ab7e91804314b9afd1a48b00c0b99ccc2cdb883,16e551e9b8535675fd231b64cbdd20e69da712444e6682bdd0bc8c3e523a3cfc,6ddd8863b6f465fed3c8fbe791c5e92eb91875227337e966a2f952b0946a34a7,43
FLORES,100438,dev,438,,FLORES-200 original release; dev split from pinned local archive,8d51d3f55697a8b6c7afb17ccbb33b07d1987b4d7114c6681813bb97ed531370,fa3982cd269b5b9f1873515d49d663a8c916fcc0eb5c96532370276b5a298ee9,0b15c65e9ac5448557bade9d920d5d40ac2a2fd7c69070f8bf1f7c14468ac1f6,48
FLORES,100439,dev,439,,FLORES-200 original release; dev split from pinned local archive,7d43dfe822056c051fff25e7c42ea004a4a71c0ca97f6cd296627ce5387ae779,e2c155222ac342ab704fab6bc541da95665b744c241ba445c364227d536f0623,9cfbc757c801079bed16d153adc364c62e954a63824b55580a327151317885a5,56
FLORES,100440,dev,440,,FLORES-200 original release; dev split from pinned local archive,6f6eb7bd66dae4dcc6760cb8b822e670014ff7c7e3f7da47bab65816f466a523,3421262ca2b03099df50ef5283cabe96cc7f68ffc573714e6eafaf1afa4f37a6,a803b861f22f94ea3dc20ea6675d0c95dbc2b8f4cc7291702708e7b6a5052a79,35
FLORES,100441,dev,441,,FLORES-200 original release; dev split from pinned local archive,ea8776b740b896a2d13a48edcacabce9b6dcc7040b944576cfbbcc6585251c25,2444d7ddf456f456091782f2992f0a063ace2d0029f0b7c50ee3ea7aa9e9846e,7b47e9111fb744bbfe41bbc5f15e6007cba0fa78a6a930456041af098d9be2d7,32
FLORES,100442,dev,442,,FLORES-200 original release; dev split from pinned local archive,4f72ceacf70e13c06bd16aea2faf0b672f2620eef7da77fc50180f7396456f9b,89e9a3bb37cd876e050d5f968a7e1d78b381d465c81dd61c746837c7858a8395,d90ba09be73bc78a350bfe1f243914e6e09ee94e12ceb19807734a2ee99a681e,39
FLORES,100443,dev,443,,FLORES-200 original release; dev split from pinned local archive,7c6e165304bce1088333ecdf79f5aaaf50d138a2c55d470803255154e824a85e,31bf706d70129fc365926d524030b6e0e171c41b6db9c038b69201e19df16455,a4255388c62f9c960981de18b2e5bfae49271a76ed718c70feb0539aed4a4781,29
FLORES,100444,dev,444,,FLORES-200 original release; dev split from pinned local archive,3762077bc34684f9a628fee2476721ddc667b12795c4f0c87c647a522ed37e38,b4302ed4753d0fb0e7538841bca2b919b7d23cc7b14e63b0d936b36b332ea8af,29a6a8665ccd1e553de8ed6c4a77558d53fefb0c0c369a301c4992dc1431dea2,34
FLORES,100445,dev,445,,FLORES-200 original release; dev split from pinned local archive,a054f6880075b7aeb7a950d284e25b9047e8eba9449451b01a277166d39d3993,aad1b92d848b44c2961cec7f7169c998305ea4411c7147df0083b0db56a76f2f,917964d27f22bc759fbd535d2efa715ea7b663cd8d49a050faf2272eaab9ed64,39
FLORES,100446,dev,446,,FLORES-200 original release; dev split from pinned local archive,b1703c9f6eee5bad7401a6909bb0fdf6d41ae0b40dc2d940e9649c375fd47c8e,39c13b58c17cdc4af363641b51aca7225858b6674ee6730b05689d99b522f400,356840aaa87c65f86600a3881652f79d124627b6f1ac3f021afdd42bc5cfc9a6,40
FLORES,100447,dev,447,,FLORES-200 original release; dev split from pinned local archive,7c545699b392baa2b239b8c980294f700c2621f3af6d981a1b3d58b911db21c2,f57d40a241f7338b8b98f5ff54865ba86d9f18b8caa6d82dd22e6052d5798813,659a289b463b76f4839e48f00633bc94115565c6084eeed77d096c67962c167b,36
FLORES,100448,dev,448,,FLORES-200 original release; dev split from pinned local archive,c60db3f48a782315a55505cd9ee1a13f7662d1e43510977f1acb2528ceaf26d5,8c13a7cac6aad9e9f3a2487e30a571f4cffd72da385adf4d2fe13dca038793aa,fa7cbf5248775b4fa291da11d6bca381baff51434564600757576d7a0823e236,40
FLORES,100449,dev,449,,FLORES-200 original release; dev split from pinned local archive,0eec0694f0c36477aeefb95e9c6ccf14930d8a8fa0899c295318f36a13dfcc3b,ae41590fe2363de78d705f9906d7f04b1fc31a64675e4b00bb96a2c83a0bd87d,ed1aff666ba824c8ff8dfda32190b377ec888e16333b11498d4a033f1eaa717f,44
FLORES,100450,dev,450,,FLORES-200 original release; dev split from pinned local archive,06ae15f1f6be7115ca1a015df6d33a5d16345e0fabfd88cdd47cc6b3faaf85ab,e710ebe01779142062eab2fca709dbe376425c49a6a82a0f9c4c9db24009ad5b,5eed32fdf8f7f8405ace2aa1d062dc862f0ad5ecb5e5958c78b9f42e90281135,36
FLORES,100451,dev,451,,FLORES-200 original release; dev split from pinned local archive,ec272e8c105f71954e5f54e07e42c0d32b91755cb158e8fc87599efca10657b7,3b765b2ba350f7a8fe792e458c285245ffda744d9d9b6cf8f433da3c164fd73d,848d70618319f17b16b551e65d8d69887293cab5d3d5e2852c434dc0545c585c,52
FLORES,100452,dev,452,,FLORES-200 original release; dev split from pinned local archive,7cdf491887e524cd36ac0135b8088bc926af193d1eabffbc8798cd28f54d7d4d,3d91cb5fe4376255cbc3156dc8930ff009317dbabd207e982b0fe2d0de2f83dd,373d0a18edc41ab4b0399fdd54a6da17f80da78675fdf1738da026b8bdf7bb9d,45
FLORES,100453,dev,453,,FLORES-200 original release; dev split from pinned local archive,186db61dd55b17105de94d897d75798799177cad9eeda56f095ec076733cfc5b,10e0e0b1d40ea1c3a1aa2f7e53c8740481994e9f7f4b5600ed333b407ed982e5,97e7618adc78d58865dd75b6bf8c05ea3c943adb48f729d216ed123aabf06f34,35
FLORES,100454,dev,454,,FLORES-200 original release; dev split from pinned local archive,3249f016ce076b3ce62540751d7cbebc9a7b347911b8814ce7d82a2f95a22b30,5e5f37e3c79e3ec5ce2c4b83184feb6e8359f76ffb890ec8c540b90cf711d72a,6b476e876cf093f587312fdc6af1ff1fe81267fcddb7acb2279379fa0d550648,34
FLORES,100455,dev,455,,FLORES-200 original release; dev split from pinned local archive,c1558b5b2aa1925acc61d9d0c750d6c139e572cccfe09ad39b629dca17f26ee0,1aaf734440da7c28ccdbed0550520b396353e407dac163de1a384897e9125dd3,f22d1e67ff4533a3fd22f9cbb8faa31e4c58056a95ac966d7de3416bf023f5db,43
FLORES,100456,dev,456,,FLORES-200 original release; dev split from pinned local archive,6d84c391a900741ab491f192673bed89994a128c73c6c695c02d9b7a8fb245a7,a8a45d613ebe77c0659ebd18115b1b3b5bdd0c5d2a16595f4287a39637280304,5779e10687f89e6e5f3a53684103901e33a04a4880ded7beabbb1fe627ffe0ce,29
FLORES,100457,dev,457,,FLORES-200 original release; dev split from pinned local archive,e1ad51a91e31d4fb27b81be14a5cff1f542f8c5ff067831ad3f4deb29d7751a8,f01cb34dc5dcbf32692ea081fb1633c54dd6cbb73416bd36d12202041b89691a,c697ba4dc6a1b4cd407e5f7ae01fa61d6f6c44203d53635054adbc804be14b88,34
FLORES,100458,dev,458,,FLORES-200 original release; dev split from pinned local archive,cab8c98dc221de8c40580ad3dc476613ac0d65a5989b0ea2cd761a3e385c4a4a,42250eb1cb57136e5075631e456b3a6d280cc6ec9973feeca3152253d6ab0b7b,bbc7dde8d78e20a980fbadb280631947fd5f38b10890e63c66c743c88c2e75bb,33
FLORES,100459,dev,459,,FLORES-200 original release; dev split from pinned local archive,8430c98d623b9852ae9230758e03cf0e755ccccfa488fc4fb8a8203b842eb78b,105d0d59b786066a2957881300f1f06f01115abd1908e89ce6f38a0d64f5e4ce,3fd41f1231e1b25ba5a872a4467043618ca6dd6210643116835711ecfcd9e488,28
FLORES,100460,dev,460,,FLORES-200 original release; dev split from pinned local archive,a454b2842cd24912988508bd9fcaefcc3554b766c2d42da177e82ddf48d3c1b6,f466db228d41ba8cfc909cb6b90f28198bcd9dece72b6c2180087a33269823b4,1694cdbe2ae8ae6d3e748452559a2803ab0534db6e00839e52aed9cbf00ea986,32
FLORES,100461,dev,461,,FLORES-200 original release; dev split from pinned local archive,508b32b9b84a02352552e3bf1cd54340995644df5e1351bf3434fb64fc0bc73c,c1539e1a38b3340a45b494bf8fe4f93f7920ed710d324ddd07168930ac7af5bb,13ac467af21e2d8fe947f92feb07a8ec6c4989534cee0c8c044f886eea3e7767,26
FLORES,100462,dev,462,,FLORES-200 original release; dev split from pinned local archive,ec94b67be14d74177f8605df41fa0a9eb859e165df48bb306a6c6e3cbf954cd4,28c5feead6d76683f81f68a5c2f12297e63e277b8db25aadc75d5a28f27981e3,15e111fd4fc45a9a220b2c939a21e7f7e7fe621dd826668636bda71bedcf470d,33
FLORES,100463,dev,463,,FLORES-200 original release; dev split from pinned local archive,b98c2750aa8af1d692c6153b32fd4e553284184aa992021d589c246bc929fc92,e9abe4ab8460b88ca425e2c37ffd469ff552240cb9e996bf60ec985ef199df90,6588cec57a21fc63998e46a129abc3954316c4506266f7503fb70a0d1e98074f,31
FLORES,100464,dev,464,,FLORES-200 original release; dev split from pinned local archive,9edbc10b914f6afe2a078048b593c6a97b7259252d664f69fa35caa57cfbd0d5,a79edf326666a9c5790681b4c4b54f08182ee7e979022787178c0b24ae8ecf29,1b849ca1dc76e2da6f9518cb045714cf1afbd86d305b95482a3157dc233d1be4,49
FLORES,100465,dev,465,,FLORES-200 original release; dev split from pinned local archive,21e90915df8ce94e743d4a1433bcea6a7b79d96ef9f7f6b8d6b392ef0d68a432,112e7f53c82e410fed1e7b1412173b5c1a9a25536efc542693c6228dc6f0812a,f3e5b7dc5b6cd53f152e838b4ed4f6bd6cb96e9c37150cda4a6d21a981144743,40
FLORES,100466,dev,466,,FLORES-200 original release; dev split from pinned local archive,3a3dfad021ce4ff0001289efbba900d3dc66448a59fbb57af916b32790dd4c00,6e27f679dde412fd92f058130a69511de3981adcc8e7aa373bf7de94b5cb597d,322783106185c2b3b22207e3bf60c284349572c59fc2f6054c2864d22e5b1915,60
FLORES,100467,dev,467,,FLORES-200 original release; dev split from pinned local archive,b1c42803b97353144291f6cd9d85a6138b25b4d7438e7c934f81918314262750,8f47cc21b1fad83300cc1ea5b989f8d215ed97f3bb7e18922773450f86a1a742,db99cdf021be57fd50e841a3f0561d3503d622cc7648e8d5a988f8fbcd38be70,37
FLORES,100468,dev,468,,FLORES-200 original release; dev split from pinned local archive,94d01be619a9945d3cefebc076f2662c68a0128f104fb7b5f92bc63de18cc95a,6c96f02d073851f03bb81089937a881494eef23f0e12c5f1d303d42e2ce5e10a,f25b72576da1d58c1d9d32109eb69a50f6e4f1f0bc9b6873288c3e2de601011f,33
FLORES,100469,dev,469,,FLORES-200 original release; dev split from pinned local archive,fa25402914663c10b4e3982512da20af1e2bf606a111d265881fb91a60d5f8fb,1a59f70bf6efd9963be294e317c51c45b488b9feaba15f08b0b9f3af653496fe,8cb32682992bbc8ef0a07244a051858f7a67ba8d7a4e1c3f9b39ae754b543785,32
FLORES,100470,dev,470,,FLORES-200 original release; dev split from pinned local archive,49d075dc65dfad470dc0a77b0243e077c90259bbafaf44119f2e7613f1b414e4,ded052d1a5270f40baf1bf6f1cefbcc28a882c833ac7dd3b3219354ec7ade86d,16783536f1359d9f2bce8bf455ff586fea13dd8a23a550a6849848bb990b37af,50
FLORES,100471,dev,471,,FLORES-200 original release; dev split from pinned local archive,180aa69853a38911b967d7772eb0f9961f1ff7425e167eaaf9854323b4a2683f,2d13183cb178142e12ef7d9349635333cb42f58323d3822f77b81c12c5b24f23,a6f24131559bb11bd359c307d4aeda0198c0958f878830aaec75bc400df208d2,34
FLORES,100472,dev,472,,FLORES-200 original release; dev split from pinned local archive,2e5ce36827007dc46fff28b420f3bc7e4bedbcb76046c9f690f3738d88869f47,63ac8fc02e1ce30eaa8902f2bdabe537ffbbb2a01c61b269d7b30eb7e94f1738,a74935fd637cc4e1de53c5b4eab4b15e210b4449aca0f82fd9ae1169545a434e,45
FLORES,100473,dev,473,,FLORES-200 original release; dev split from pinned local archive,bf695f5a26c761e38b9f5c892082e848551ff9f1cf77ab9276af6e8e85bb3307,4167eb74f74dbc08f8ac8dd014221a09d17b97d426a546888223a950c6f016b5,1de85e78d6c2a746ca52ce4b1fa50251cb24392539039bb3bc6833c766b79d9d,31
FLORES,100474,dev,474,,FLORES-200 original release; dev split from pinned local archive,6b4d66c9d3615db5aa794a6c493f25be31ae410afe2ef1ba5d4465099053ebb3,6c34efb2ed82430f89a153e4b7c13b70b6783ccc0e591be1d6f5ebc9e922870f,cc8146d719483f37e25b1d519986dac6eacfac5991ac12787829838fd9f9f09e,51
FLORES,100475,dev,475,,FLORES-200 original release; dev split from pinned local archive,b7dc89355dc3c5f951a983790255417fd705b83d15140afa086b737a00928964,13c699cd554c331cff8ad29dc4f920f44004b813634ba3ac340f139df2a1ff03,59d0f0ec8e1814e1d0a47b9817c4788c538591623d8f8f589fc1e7283082a6da,44
FLORES,100476,dev,476,,FLORES-200 original release; dev split from pinned local archive,1f0d714e98de710738c1bf9c336c62c17cd3b5c30e8a559c3ee81707cedec786,9cd4e27750b019ee87c11f4b5b1cd76b00571b9eb180c6c4c8092595ff61b2b6,c94afa73ce609a395558a06942c29f24a445a33fba7d7f72af87ebbd138ba5ed,43
FLORES,100477,dev,477,,FLORES-200 original release; dev split from pinned local archive,c3ff813bd4ba37120e098198b6b570a6e7a182a6172d9a62687e41188d8ccd4d,a8e461527320dcc733d068e50b16b844de9db8e515890d2e772b7d80c614295d,cef9925a3aafa2982652f0b1ee058f3feca13bf8b3792b36172559e03d4c1418,44
FLORES,100478,dev,478,,FLORES-200 original release; dev split from pinned local archive,04d6b9c6ba012a1bc1136dfea581e1d984759ac4db0384199a7535577b5a88db,ddfdf312a682bed293b55ee880881d4df6e67e89313bc0b305e4468163e8b92d,ba751deea0b178565135c23fb9000fa41314280e5e40f045bc5d89b2643ffbb1,48
FLORES,100479,dev,479,,FLORES-200 original release; dev split from pinned local archive,38216c533fdb42985fdbb2325b008726d40f29b2cc25cb962e2b3a008ba4901f,a25979f32d880734d5a8f01ab6a49422449a99f0f1531a7ebc3bfaade4a92596,f5baeda456f561d1cf1c9854f94f597ac7202e20384c6eeb8f54f52fd9774f9e,42
FLORES,100480,dev,480,,FLORES-200 original release; dev split from pinned local archive,873a400dd8bc83e49121662c602d5712229796a046820c95cdbcf90cc1677969,feed7f6f5e2758782455a1d2f2747fb12a7dad0eb4de9d9e15b4db02f14071e7,09de5228059904c816cc41ec816e6f1699b0ed14b9ef99e206357f792d375c69,47
FLORES,100481,dev,481,,FLORES-200 original release; dev split from pinned local archive,fb15e59b1d2ae5ff7a44f11eefabbec8c26d7b9a9818d635b5b2cb8df66118bd,6b9684deb3ae42f715c4ad8fc5dc9c578f2ae6e3a484e2134158ff970cddde7e,701884a7d7f35d537f626119b1b3e68a64ef0881f2652f0c990de1180a424703,32
FLORES,100482,dev,482,,FLORES-200 original release; dev split from pinned local archive,8c196bf035260152e6004b054380dddbba74f6911b8262e60ba74b1dd830ff88,228628b49c0cdf187ee086aa78ec14bf0e66ec986d5afc0bfa49adf4bc380b19,d6db9db1a02e87e24dd727af2533d9d25c6d9e13d5091538f0370f5bb980cf3f,41
FLORES,100483,dev,483,,FLORES-200 original release; dev split from pinned local archive,bd5559cddb6631d1ff80c319400daf4c3daae8cba46ab8b845f6fd7cabcc3ead,d130490b9893fc4c3d4ae7d1edd0aad142ed6b35b9d35be973cf5785f8a33d90,4c2ff06099cdf0a1cb8dee516847ae11395e40fac8c3f76e47300dede521e91e,32
FLORES,100484,dev,484,,FLORES-200 original release; dev split from pinned local archive,06d738c593c2694c4c862fa5628d7aed31998973c4c9cb815b303ba271a4e64d,7e4790c9b91e1b900189ee55c605b62c755762eda10b8eb8dc2a693778b12761,f125f5a45cc95becf661d7de6755c74238d04bb8964857c1931588ebc98695f0,29
FLORES,100485,dev,485,,FLORES-200 original release; dev split from pinned local archive,ce3e713604b790a4bc456ab80ba391c77d5eaed24339660b417149abc2befff6,eb1a9141c613e4a5154ef04adbaa7b75324b7b7e5911592d4eda77eda5154901,fb112744b8f71de7b9a7256555b1e4c092b6d008c6993932c829acc6416ec552,56
FLORES,100486,dev,486,,FLORES-200 original release; dev split from pinned local archive,3b1cf3f29d8a991703a1de03e9c68331a5dca506b84da6197dcc479a53814a22,b59871e5bd9a1e1d3618d5ce79f0c3406ac327e8073fe9bcc2fc7fd135a9e933,e372f585f31490fada6502d0a79c595fdaf38867d37108880c1268653f5a63d3,46
FLORES,100487,dev,487,,FLORES-200 original release; dev split from pinned local archive,b64a0df34cb123b829b11250093de295ca368d553807ac8d60ca96c62992ab40,2bf5d778d07a33ff1edbc1dea3149efa0dfa35a4e0c006ab80a72d5133810792,3b6ee62fbb8806c6ce43d64f433eb0452280cca027388652b14cbc54f981aeec,34
FLORES,100488,dev,488,,FLORES-200 original release; dev split from pinned local archive,3e002f48b5e2c72868209e23cca60c7c5bcc8eb1722a7a799bae2f03d668ce9a,4177ebc186b5f54c3af8f827bdefc58a30cdda84e6a8c9cbe61c5e87e9d7c48c,9f3f667f06fe3065e3957df15361191f68855fe58241d75211d7f66423beaee3,58
FLORES,100489,dev,489,,FLORES-200 original release; dev split from pinned local archive,b49fa945678497523c7bb81c66a7694cec80906d41bf83a57ae3f329b50485d9,6717045b7f2eb8faf30d4af6b13f29c5ae6afd161972eff5d6e7af714e0d8486,15818e9b59d22a1a5faed299f708efc6d32625601770b934ec298b22deefbf52,48
FLORES,100490,dev,490,,FLORES-200 original release; dev split from pinned local archive,95553f98274bb2535624db19409016e01aface2f8d4f152f6563d6a123369b05,7749941bc3af1eb7296df70f544e27fcdd7e2acdf6adba2d0bac00c03b43f322,1d6ca75c344e5c7282a8320bb71ca811d015cece6afa72a29964996add7f51e1,58
FLORES,100491,dev,491,,FLORES-200 original release; dev split from pinned local archive,cc5abe9edef307dc88ec59a2cd6124f4452dbc6523a5a21a5461513e7ea097f9,2278723e39f1c8c993301706c21557579b209cadc22e9c7ed9c89c8d3eddfed7,d336a3f1b5c8cb7ffa8ddb67ed2c1441e7ccacf92b81b8c702c06668843b8a1f,56
FLORES,100492,dev,492,,FLORES-200 original release; dev split from pinned local archive,28c721c6afddc8ce0cf035019b40ed28363b2dc836bdc821d4318667e9636bd9,0522ae8046675248541b781af1588702328b439b11fe1d1160a3949afc3117c7,0dd80cec77222260d805d592eada19e2ecfe253cff50a7e3528be9ec1d9974e2,46
FLORES,100493,dev,493,,FLORES-200 original release; dev split from pinned local archive,e15c864f95f588bf78b61a1d15bc4fd1c08b327c711efd4afff2b64a2261776f,60234467a7da1c8307b07c29b5be500ab4318114ef37bcd2f7c3b8f9322c9c32,4dacee95fba10b83da285025151aaee8140502d1d9c1f6d48e41b1e46e7b4b10,33
FLORES,100494,dev,494,,FLORES-200 original release; dev split from pinned local archive,87f3b5d9d1e7210f607d5dc30d42920b962fd15b16526e1b06e27f34e1159a19,cc396e4e46d0f4d3fa0de72fc98fb1851a57e12a6e27ade36d3b0b68f7704fc0,4144c8d9d3491cef82e46c02391868571c67b707b260d25ea4e87b51fe6b0657,83
FLORES,100495,dev,495,,FLORES-200 original release; dev split from pinned local archive,0dbe013a0576c4c985b1b314a7b681e865ac5c6fe82061f646e289f157590517,7900e805c628fd7890527e26494610127fd3d343948a0cab28e666a21f50d1e6,347f2180c395325966d7b4aa75407c2b469ae07c5de0e228570cd4eed7514490,28
FLORES,100496,dev,496,,FLORES-200 original release; dev split from pinned local archive,a88ffe9edc7d703729bdc12e1c4b0b71d5f3545178814b9e2a114fef28bdc31b,632172d4e41db049d2aa552270fdb1336037a2c28b8c13bfcc8d82d5dd5d735a,806b9218a1e8738845660da0063577b35b60bd46ef994632aa3f6f099bd4ec91,37
FLORES,100497,dev,497,,FLORES-200 original release; dev split from pinned local archive,3fb387d7ae21a15a039750ad7a6c0c5d1b01aeebd429239831149c0668920d14,f6d8eecc96fb7f116e8f5c1cd055a25d098ae80eadf5eecfdd8cfada3fe3d9c1,2e55306d90cb7a3d4fbdd715cd05511db4edf4f37b2b61d48a778bcac8061db1,38
FLORES,100498,dev,498,,FLORES-200 original release; dev split from pinned local archive,82ff70e61ad7247344f325e4d0c62e2a65819953196942537273911cbb473084,3d3ab53907424b993bef27cd856451fa3dd5c090c32f1a81bb26a12e7fea9350,afe5d09b404bcbfe55ce99cd99a50ddf6a4785cd4557f4a946e51bb92ecd4518,40
FLORES,100499,dev,499,,FLORES-200 original release; dev split from pinned local archive,60abc35b70c806748a25c41ae85117af12bf665dc36e0bcdd29a892e62287fab,4c796dfcf4735e5af97a4f19632bb466fef87e14e6b92c02ea165d1b634482fd,ea52c3e401be56f5bea3773869f238e0bf6f832ee1f1bab162f75903e410eb3f,38
FLORES,100500,dev,500,,FLORES-200 original release; dev split from pinned local archive,083ea9d925f2719d28849a4fa2e9f4eb248684118f5239f6b0fa8c6ce3c0de52,25ef9744938393a3ddf6a47a4d012d253c3d32fe85acf109593f84a077f5b18e,315f618dca23eec96edff39916f017427bf441db64f1cb0e5311371ebcaa0b64,50
FLORES,100501,dev,501,,FLORES-200 original release; dev split from pinned local archive,0a68d0c56bade60d20dc90c697e2a1e3ff670611d20404c317e788ecd5942a02,4cacaa00802b7bef3535c63cbfbdff83f985abc29d7ce1beb00395c4ed3fbed4,83d0e696cf17d91cabe19d2dc37cf4e0e41744fffd7bcd60ae1861138083d4dc,37
FLORES,100502,dev,502,,FLORES-200 original release; dev split from pinned local archive,6d667ef2d72d7cbf508cbcc4368d9b9e766b04df439c0f83ee14c4116601e7e2,b8b6d20fededf58e74f9ae38e2d0170a1377fcd5c5746b3d1875655decc273a9,665a2a67e12a1d220044d04bf234b4fac4edb1d1f2200f47400c90465707d232,30
FLORES,100503,dev,503,,FLORES-200 original release; dev split from pinned local archive,d092a38dd6c062beb90be59869aa2a83d62031e341ca13c9f0a8f34d7f07f8ae,29ca86adb2379dfcba76ed95621148e60a8938a393673cd486fe75b739afb7f9,5ca80482ca04195a9bbb7a4fed896b54f5ec2ae60a07eddfae6ef776da4c6179,51
FLORES,100504,dev,504,,FLORES-200 original release; dev split from pinned local archive,fb1e4f843512fc32d70b9256765ef68b2c84c6ad2372c6a8ca3e0f200f295050,f70bf71adf897666a639c9bfcbf0ff639030b633bde20729308155456a6f4f84,dd34f49b679a76f0b9aab52af422e33b492bd44ca7f939b7d4776457b7b5708f,34
FLORES,100505,dev,505,,FLORES-200 original release; dev split from pinned local archive,1c0c72bb75cdd479925765cd099a61a4d81ed733dd672c5fc8aff5d89e5d6f73,f2fc711dc6679b0151895144841eabd62b091c6dc23275ad15b00ee72de75270,a6d3f64aad2562f7c8cc0199d969ef190c18ff9ebf951e0533a11947d8d95127,27
FLORES,100506,dev,506,,FLORES-200 original release; dev split from pinned local archive,3aa80bcc0ef24923c2262443b510f2706b44a9a9fedf4a8975b2860a00a96678,d6393bf26696d80c046b1ab7f0bc2856ac307fc4478076142f7c28af4d4f9b85,052552821a90aa02cb5ea949166b4b155d0b0f5f14e1bbc3f44d274012eca6b1,44
FLORES,100507,dev,507,,FLORES-200 original release; dev split from pinned local archive,45a851d4e0d19f4b44af8958d7a23bc690f6df03fa3ca405a4e33ebcc55c6af5,a30c09ddeea8267d271e792f5e564fa8510cbaea10cad201f59a15c53a942a47,c97cb8d1c066eff682f6e26dccf7aba6a98aba355cd69b193059e27bd85d18e8,49
FLORES,100508,dev,508,,FLORES-200 original release; dev split from pinned local archive,3e4511380c2c296c82cde4531187a129f2ac1d532e9b18369a4ba3258cc1ce50,ba115b164d8556d03406cc804c7f3a2db71650389164437add9680db4a6f8546,7d5cd5b9f1d9e5ea9b8fa2da7fe35cdb84d8a5d78fc7ab56736041463568baf1,33
FLORES,100509,dev,509,,FLORES-200 original release; dev split from pinned local archive,858e2c56682cfab01f20a5211b571d1ad6a79b84c886a2bc41db29d06e3ab170,d1dbe85175305bcf55e350c6e522532dd19a4c25c26e26dbf9e2fd1a875bbf0f,8affa5c60aa1b187d5af9802117ff40d4fe0174c77b1de1fcbd1529fca7d84d2,42
FLORES,100510,dev,510,,FLORES-200 original release; dev split from pinned local archive,05600bf64a2dd639b08302512b8ccdaf31c9a5e2fdc8e06c167e19fb1f0a8113,448a8a78106343b3b77f6e6d50ce9de969debc115f48886f8a0fbeef28512ecc,5acf1f1c31bb3b47e3f04b5b22ac82ba66d82d3a83f0bbac161981965feac4ce,49
FLORES,100511,dev,511,,FLORES-200 original release; dev split from pinned local archive,203f1fbc851658c2cf9cc373981234e959867c35eb672419321bd4a60139c43d,4bdc69beec95d33aebadf2f994b2cd6f1457c41832d708de27472e5227e60244,de0d8bffb41000743850ad6411334458dc92a02d47906d7eb21d8df212edbb1d,49
FLORES,100512,dev,512,,FLORES-200 original release; dev split from pinned local archive,54c3c4467433779d14ad29d16a2730d204ad3f2990b7a3f4aa80a6753019a973,f770e0c352d42fa9bc86435ddf2751a5f0ba52d1cf471aee87116f9140c18b0d,cd8a0fbfccdff949ce5d4e41d0bf0f9702e6064ce20979405c42591889932d69,57
FLORES,100513,dev,513,,FLORES-200 original release; dev split from pinned local archive,4a2652cfa2958f4603e79b540095461a28fae137191d43fd9700d9369eed23dc,c577a872952ca1d49cd03b2c54715875c158eda45ba7c23c411547213020d687,73f7eca2b464f90e4fbfe70c44f9af23b0b60ab78429e6dfb98c2900b51f49bb,48
FLORES,100514,dev,514,,FLORES-200 original release; dev split from pinned local archive,f0382e749b9f68f0f152db0dccb2038f96e6f2a998dba2600c6c1d13e5b8d225,b87adaa3611a2af1c4b882c3c5ef810d7749e7994c5cd34d8ac236588812dc3b,63c1210dbc05302f8023602ff2b0b9e9c50138bc566d122d1dfcf0a5fb905ac6,39
FLORES,100515,dev,515,,FLORES-200 original release; dev split from pinned local archive,5bd243560aff4fa8a1035861bccec4b4e5e7ff4d7ac68e9518b67a0dc6fb2a50,8c19340bba8451acad167f635bae4cbb9d68c38accffa68ba13464e8ab4e345e,af985328a9e3046bd63d0106e2390b86139900b0eda905085e58f0ed461ea379,41
FLORES,100516,dev,516,,FLORES-200 original release; dev split from pinned local archive,68c640d9b052d23dbc11b194b04a01a17cbd628431c04c0f22bf5dce9ebcbe16,9589e84c751ead3710116cfba54b65b340fd7ba181f87008c564327059400c4b,543bfd1dbd7079e4f8f5aeecd4f68624268cbe589da447de69030e7b0987f419,32
FLORES,100517,dev,517,,FLORES-200 original release; dev split from pinned local archive,674bfb1ebc9d2c48ba7ea9f6aca88549f7bf92252bbaa1e11cb2f023561b0b51,0e3f5f2e90050cad0acf72e28e23f0f870fb5d09534181a81029778b18c97888,59c0f3125a8e9d86fe2f736372760f3028bb5508b6b95a2861d0b069f54ca225,37
FLORES,100518,dev,518,,FLORES-200 original release; dev split from pinned local archive,fb306e994d9549a1905b59997a413a7051301f529eadd1cc75c6d93d2321d37f,cbc416d6448457ebe9364d424ad2948bcdc25ca8b217154684dcf5d4cf5eea8f,30b46280c0bc55841d42728dc7d756ab9e57cdac0ccadd65f0899955472e7d68,39
FLORES,100519,dev,519,,FLORES-200 original release; dev split from pinned local archive,01e94e48fc8488c9043d67d68ef04108a1194dd0dab5418f042597dc71ca0f1c,89a76710c8c5e77b1806a23c49c23876f6a578db39f5a90bc7c42c45470649bb,b1e4a6177a109c5c96f540d913b716472d0d20a8a5f99bf3d6c0ec48e81e1efa,28
FLORES,100520,dev,520,,FLORES-200 original release; dev split from pinned local archive,9731f2e60d4d08d639997c5954b1f789e24b05a20e99a68d4a2210e40c357a60,f618dd572d9bd33c305a7fb74f225fa82f79f3bbd331e9058166bf8274afd5ba,7dcf22d7e5b19bad91b7ee4bfa5a7d2a535386039378ec39839816ce1d1a3a1e,37
FLORES,100521,dev,521,,FLORES-200 original release; dev split from pinned local archive,f15d972e3fe0b2b6c969d4eda71169a896a29cc7b5f295cd725d8a677473232b,6b21ccf711c93b73fbc88947ee3a5557542b1069a8d4b325f88fcf62c1a386a8,2f80780a18cf783015916222ca36a14ce2d7f216fe8c54e6c404a4b48a441231,30
FLORES,100522,dev,522,,FLORES-200 original release; dev split from pinned local archive,fa8fafd9a1a7b216300c1ac14c1fb083db5fba06b8b3a22f067f4e420a77217d,d8da0134f7010319b822f46689cbf13c9e58fd8fe527fba04cdd97bf4fb0e714,f2ae26d222adcc24e2be79e76db91d41aa0f95939e5ec9105e17b8b912bfd2dd,35
FLORES,100523,dev,523,,FLORES-200 original release; dev split from pinned local archive,b1ded911fc6d60576928728c451ca9d3eaf4bec8da9bb58088e95cfef35c7124,63abfb4a4ed491372d3215a08620755c3cabf244705be4702d2ff3544e6a9c8d,517ec3546eabc0d2bb271cbb1e660a0e9f1eef70d13e106aa99b54c2c5c93254,41
FLORES,100524,dev,524,,FLORES-200 original release; dev split from pinned local archive,b049e143209bfcafad384917c2416fa45b0d5fd979425707d947c21cd837e55e,5840a1fee2c30fcc76c9fef25d9a9e27c953615bf1aed3b442f35507c65b5be1,f34aabf5149a2540c9c551d737bdf439c178327250a26d7e270c2f85f67b2c55,33
FLORES,100525,dev,525,,FLORES-200 original release; dev split from pinned local archive,e1cb48921e08ff19f1935babf6033f85ed387857cd4f8c7f03b03d251d6206af,d1f4f496b669f87ea9b5f254ac7fdff2c4eea24d4aeb43e0c143514f94ad1ec8,81de82e53d0424f2f47932fd4cd96d23055a823b50bc8d3b82d34a41cc6a9415,30
FLORES,100526,dev,526,,FLORES-200 original release; dev split from pinned local archive,06eeb7c4ef3fbf800ba22a77d2dd4483f40445f072a7930192bfea5b6e946288,c345e035e24919b42c5aa285a7b8a22a0d51a68de43f55f9b8faca482c7c660d,300457e0b0bb040fbf53a7775cfc87dcd2068b65d89bf27260d3f9fba2943728,66
FLORES,100527,dev,527,,FLORES-200 original release; dev split from pinned local archive,da97a2bae95b5d10d0fec97b8caf829eb843dab0cd6b8112ac53a02c8a587c0d,b68ee029b1947121de5c794fd317d528dc858985204b14ae46af91006d318c57,1216076c349fe777c5927fbf1ca004b4e8042cf91211b9433bbb83b7df4a00fc,38
FLORES,100528,dev,528,,FLORES-200 original release; dev split from pinned local archive,a4d5a171db42acd8f5a0d9b844d1639d7b6f24ad693c017d86e7a5c9b6afe069,b4d27fd1ca974a84db654e5ef96e55e3609fdfddf3d574799ffc081e712704c5,a895b1c5dda6ab56a8778303434b494cb61c233598381012bb91d6655e55f4e2,47
FLORES,100529,dev,529,,FLORES-200 original release; dev split from pinned local archive,2e4b6f4c5e0da1c796248f008624a7aecda3f3e60be8182603430b02286fc627,5d57e9fb63c146f631a076274d2d0487d3a406c82e8c379005b014c6fed811d3,6d74968cf1b8316e9c5a149bc9ebd5d4779087e3b28347e3d4731641637f2b91,35
FLORES,100530,dev,530,,FLORES-200 original release; dev split from pinned local archive,cfba5dcf4c965beb5984e0b3c33065e496c9d522bd7c18bdcdc0844190df1b89,e4b93007fdbc9f39489490fb697112fae22974e7533e5ed44510898d2b575d68,ce1459a90aae4d215d348962d7a322b91331bec22ea268aa7e60c0c736b2f395,29
FLORES,100531,dev,531,,FLORES-200 original release; dev split from pinned local archive,ebbc32fd6b9b25544bb50e1b3196135b3d312511fd72d967e2222c525433321c,c227930f3bc5a493df7a93c10fdd81f39576a78f9a86b3821cba57cbe845e968,9cba5a3121f9bbe1e2019206e945f4be0dbdccbf2241bf7f9db75b413baee22f,27
FLORES,100532,dev,532,,FLORES-200 original release; dev split from pinned local archive,783b12ce0b6f5f4a18c6299d96646a8264e424b06c3ed3b6d29bc6ff140c75e1,c0481136de973703aaf1b391568a69fdb282862e01811cced08ba2738e0416c8,2d36dfcabba3c2bd199ea863e0d09b6fbf76e36051a5fff0dfdcf708097f067e,40
FLORES,100533,dev,533,,FLORES-200 original release; dev split from pinned local archive,d14ed36eb32348918495e7c50b79ce7ca75879d99b829791c4eb64491c673006,04a537a92f497c34f50cafdfd2ba6be61d3732cfd97ceb24d41834719de0cb40,74779d16937b604748bbb30db0351625be913e44882cf572cdd6f2936ae6a7ba,33
FLORES,100534,dev,534,,FLORES-200 original release; dev split from pinned local archive,970ebe61e427125f0f15f03c87b52dbad10305753a8dccdb2ff7493bbd47ddc3,24fe0e00de8fc841947372feb8ec536566160313e77e8041ebbd9db1b29414ee,54850af137a819228c00de594a8b76ce28332c03bbcb51659f40b4941751bf20,34
FLORES,100535,dev,535,,FLORES-200 original release; dev split from pinned local archive,881f0d56c4df4f4f39e468d2d0ec5f48228bb30263b9e177cfa6ee8d1bfe97ea,3069c76d1f8bea02d75f78b64e96877f30be9b94f9ab149f08f297690425b9fb,d08b00cb524f4c01211224768ce8fb771ad01640d1f66418f1ecce21b4a92a0e,30
FLORES,100536,dev,536,,FLORES-200 original release; dev split from pinned local archive,d6216352ae04b630eaada21bf18242ef0f3be855d52444377e216f01fc1dd2b5,1c1c6708c50fa3ef6f17f121e56db6f9e00b206135bf19bb38f7a8f2032b6ff3,e6f39f5a9db140e0eb7cbdf0c354d47285836f75027a119a6b0f6f892d6fca05,37
FLORES,100537,dev,537,,FLORES-200 original release; dev split from pinned local archive,e2b9628faebaae68429b8228ea575dae3eac95d6ec6b5ae8d959ae8f9248c68d,25bc774b49aeaed6de9a6a1f79e733d58d5cc673429e36aa349f6e90baff9b30,2bab068236d8bf22b0c2210ae4735ec5e252884f32d77c2fc34adbcf3a212b59,32
FLORES,100538,dev,538,,FLORES-200 original release; dev split from pinned local archive,6d47831ba2e9be99ce1938be40f95485ca0e8fea23fc4417dc9e3640c9940bb5,cf831223d04013d63e27e75fe4875d86a2b7d959709d97b304728ec7ef3223e8,8c8e6e50e94057f36ef61cc23897172090c69b154115aab0550bd7b612636ae0,43
FLORES,100539,dev,539,,FLORES-200 original release; dev split from pinned local archive,438cae812e1078dacfd1189f3bc065ab018cb83aaa023af1d0e40daed81bc201,ec904d7cdc96f0635310f68c55db5d9cd04d892ff384a90b92b8a1202ddbadfd,bcb9fba681e9a45b0a7d21b396870b9cf6d881f85e7f75c4b3e8859755332a8b,34
FLORES,100540,dev,540,,FLORES-200 original release; dev split from pinned local archive,00105abe59345aeef35ddd3a3b5b3975524dad403255829bf187450ab493f8bf,8138c22dd2352033238a70ad46d6c104e6d4eb3d7e90502dc3e32755c7fd766f,8d1f3fdeba81d71f8f20a050aaaceee042cfdc11177ff1ac768e34eb55898916,26
FLORES,100541,dev,541,,FLORES-200 original release; dev split from pinned local archive,11638fc8360432b05d872ddcbfaa5e493f4d3c712f9e9a52ef9a6bba5afeeb2b,cc367781b3f3a059ae8b2eef77c8ee8baedd0002b99a13ab6d271781e48a1901,988069b8dd9e27c075dac6c781b46a565fbddf7bba689d73998fa5320a5817a2,52
FLORES,100542,dev,542,,FLORES-200 original release; dev split from pinned local archive,496c070cccf6dbe8fe745e0cb87a9d4fd0cac5b8c942440322c25cba1f7f9399,0b49fb74116c6d218787884c94c8ba653d80302f919068f91444fbddcb1eb927,b1b12515452b9eafa4365a6956739aeead7f70aeead9d08140807ec415717330,31
FLORES,100543,dev,543,,FLORES-200 original release; dev split from pinned local archive,9752b7945feb7a87623421c4faa02f7221351038a01900e2c843f2ae141c1478,137388a844d3abf9d22de372f5596307b3e4249b8381281075541d3e2e23669f,2351bc1c9e368233bb056f812f3ec23988f3004145b437f8bf605f5251b03e3c,53
FLORES,100544,dev,544,,FLORES-200 original release; dev split from pinned local archive,5fc3d9195f57ff897168285e7a669191e3e8a55464403971de536d249b8357de,42c49d823b0abec77be3a8bf435296ea15c8716064ec1a823d7c7b3d21c6b6b0,e9029aeaf1888f173c526e340b111c67132bacd1c4b701ccd5e62dbaf181fc9c,48
FLORES,100545,dev,545,,FLORES-200 original release; dev split from pinned local archive,f377e0452fd81e0e2f34b3a4159f991d5c4f73a9885833f05cc89cf44368f09c,819ccca620c3043ff31871781e119dfd7c61f423c3f8bbc1744740b3e7309099,8a003b3a901947e9e6780fe99cba37ee8b74452712a27f8d04ee71bfeb4d10b8,25
FLORES,100546,dev,546,,FLORES-200 original release; dev split from pinned local archive,cf898ff78992f4dd640750dcb5b4d4597bef5ed26c4dafdf5b282c96861974d5,086c644edb316002830a4fc938b864c27a13c1104f0b0468d3288339b74352d9,c540cc217528b8cccb5a61208b68bc08e92593d464d1afc77492a5824384c2ef,41
FLORES,100547,dev,547,,FLORES-200 original release; dev split from pinned local archive,f350cbbe5267bccfaa5476730a42779092852571d0f6c1ce9c0b2c79e32da6cc,9e4b0d1283739cf190938dfabad3fe46f86c9bc149b03cfc9329880738340914,3e6d3348fd1edac99fa3d7b260851818b018f274103f3714cca5ec4a38c1c864,48
FLORES,100548,dev,548,,FLORES-200 original release; dev split from pinned local archive,c6312187d41cfcba785c029973e5d854062344ea7889883399d83264f8b2f189,44092c2ada7ff8cc2d6335dd6245c49f667cd475b7f1937875e3bf57846264df,2a12e8009aca47d2bbb0633ac0f66560baac11218d9354ea832868d7d427f743,60
FLORES,100549,dev,549,,FLORES-200 original release; dev split from pinned local archive,2ce4f5515abc1c6b707c55890ce65cce9368d6d98e901d05b982ddb56211d57b,bdb39eea5b48f022e9f6e0a3f14f6264ebe2ec6ea0f5b9a7d13cd1ac978fe5f5,4164eef47eec9e64f989aea75bfc86fc959a6d1854d543a1648c3d5c8bb3bb54,37
FLORES,100550,dev,550,,FLORES-200 original release; dev split from pinned local archive,162c6979972f271fac781792b969612de53ce7199514518d7fc5bf6b1f74df70,94ceeaa32d31fb2dcc762632bd6f73952022854cffd87c8e3815d76ae8fead23,caa4c10b6522312a9c74c8a7517c3a5c6b92c8405cbc22e0f5f7e3ac8a7a6cf4,48
FLORES,100551,dev,551,,FLORES-200 original release; dev split from pinned local archive,e7d5d10c822e4ea380fc58faf4cd6f0bad6d8382805d10b9503f8e3a27cb5187,618855d49a635931bd4777a0a2c41d7ab99647b8e3eda1ff91f7e42824d800dd,13c7918dfc07fcc3b6dc62dc3fdae4c5339681378466f0ca2f8a3c900c641b4c,43
FLORES,100552,dev,552,,FLORES-200 original release; dev split from pinned local archive,457894f542b70e51d8089eb3b76a2beecbce1ec98cbc30c8a6f8c2126eb5df44,5f1edf7059c27adbe20409421d37d95203d3ae8dfd1306d54d4ecb752003aaf9,f5eacdd7bef65cbe8592a5d77e8a4c97f3e7a19f13bb33705068a7a724cc1ca3,32
FLORES,100553,dev,553,,FLORES-200 original release; dev split from pinned local archive,4fb59d3ad7cd666cb291b0692e94c4be694b86f14a57a9f6d25d0fef91f5e4b2,ce9dd7ec412cc12462f68b2aa85f8589313aebab8543e60462c526b9d36ac784,1e844cff0240ddac524ff9e436a3df82544818376c876963a4038d9faa38bc8a,46
FLORES,100554,dev,554,,FLORES-200 original release; dev split from pinned local archive,3a587c476102dfb64b961f4cb8934b71baefd7de7f4c36a374733e90dbb6b1ec,55429afcc89c6944a84ffdaff1184a972de6551a26ebdf1e6fd2f585fc02f34a,a62a7a0a2b03a967fec2e441f52f7b9dfe46a3dbdeca741e9563d0a79a1f0fb6,38
FLORES,100555,dev,555,,FLORES-200 original release; dev split from pinned local archive,1ecafdc1bca44281ce03ae0f9ce3f14bac345bc70ebf8b6ab0d4cd9d777ac26b,27bc3074b727ec70ac83b8b4014c0792ad3e35f2f8398ddbd3eb3565a192ab10,dcaee7ba00be43b4693f0e2281c8a92dbc0f4f9cca41835e8fb6af7ae7b3c14d,31
FLORES,100556,dev,556,,FLORES-200 original release; dev split from pinned local archive,959b31e698097a23e3b5e9bb3070d88665fe31d31a2e74f658d525059ce4e672,2b9de439887ea99e98d179c30ec6a2842808bf0c4489f5b0bcaea45a8e1a186a,5b58c3ea23f9bcd577e90f1a37e831cf1d384aa91fed0c4a500594856af6ab97,29
FLORES,100557,dev,557,,FLORES-200 original release; dev split from pinned local archive,743074fac9d200a04533c453301651d4a0b5ff5fc2e7431549f2a75df30460bf,00cf141c4612190926f7931a35d045b02256c69a2775c4b0c511a7864c80c919,f88e78ba65add29fb022497eb94f8499bb239d009035265142cd1315ef1f222e,29
FLORES,100558,dev,558,,FLORES-200 original release; dev split from pinned local archive,162da9c8e6c6f0fcc233506caaae4c60b850b4839e4c697811f348a560779deb,ecdf4b6eb19b5163c1eb6090dc1f2c34e2db5d3d33b9eb5c96b1c0edb17e0fcf,9d556253126eb53c67afcc8e9f5b8784fec191e66f2c469f6e2678246043013e,53
FLORES,100559,dev,559,,FLORES-200 original release; dev split from pinned local archive,b6f285fe9be0dd0dc7d479672b84a3894b68cdbb2039207ba3a70b1ba92d9e89,7861728789f4ed97392c7e5f38468f0d54a7025d84a9b0b1c0905e2d6ca17388,f656f7eec1396e3dfd9d3470ec0363cee2304e535919abc4259f1448dcd1ba2f,25
FLORES,100560,dev,560,,FLORES-200 original release; dev split from pinned local archive,03105e443b58765f339bf383e6a7b0dc4940fd3e5222bcfb337d3beea5457ed5,0ee1f95c69d56c60bbce4a75e937980873f2a3fd5ed0386c96eb3a89dfd95816,e782da340174954108df782dd253e504837710bfd2b50df24b35804a71891da0,34
FLORES,100561,dev,561,,FLORES-200 original release; dev split from pinned local archive,f7efcf798503d410b15d20a4e199cb25cdf98165e9b89694c3afc4a784f9aee9,5a90a3970c80327bad45ec41a492bf67578c35a93f012f8351d6b894b380e578,12413504ef2395a5e647b8b67bcb5a2836dc83c74d235374899183a8761cad20,28
FLORES,100562,dev,562,,FLORES-200 original release; dev split from pinned local archive,360edcf12d291ac665ae029103fc95b05b6fcdaffa0fc101b54c541b3d2b69b0,a6a2d2c1f763b3c714f891c96c92599ddec36a75840b09fac3e3d0ea2c583bac,a75c6c5ac68ae2363b096388a6a4e3830af2b66abd387dfbe09edfabfb315aa9,32
FLORES,100563,dev,563,,FLORES-200 original release; dev split from pinned local archive,20859347a6f2f444574aa40c8b29b1d05954d6243afd2ed41cb58e6f3ead31f0,851111ba1a4c8ac22115bc1be8fae5519596dc046b72193e46fde9e4475659cf,2eff77db3315251f31f98de465214f226cc78bc9520aebb63f31537886a29d11,29
FLORES,100564,dev,564,,FLORES-200 original release; dev split from pinned local archive,ca6aa6218b07820eb52b3382ac2de08a2d0169f43f6ad63c417b8d8d9b832b4e,5f2cc66989e24bf0c439dc83457758de590c3e6033b2aeec5c9e0b5d59e64b47,9e01ccdcebc8b8427ef91312a402cb67edce50bd3460d6f9464a7f66cfe10257,36
FLORES,100565,dev,565,,FLORES-200 original release; dev split from pinned local archive,f748cca2f1d4e1dc05e840a01abb208c2cb61c86becd2ab53ea8aa3a4f4df328,9fd9be0029fc22909442d9a41aef117538c941dd72cfb61def77c43afc4a7ee7,64e72684030d926fee6e6d3b83a6772b81f1d2ae5960b20b69c724a3411e631b,33
FLORES,100566,dev,566,,FLORES-200 original release; dev split from pinned local archive,62bd002d04a519d08be4241a4f07fbeb4eeb6fe7321060e09070672ff143b3d7,724a533c56c49947da87b8bd009de12e21988827a3e015c49db9077116fa8e55,0e8b17a85d8fa3fdbeb666d69cb7b0f1b8915368541e3357223cecee141e6358,41
FLORES,100567,dev,567,,FLORES-200 original release; dev split from pinned local archive,16795c557423b8ee6bfc6adb0ec2ec58d151f46f9ee1159977d62adc265560e2,c2347bc7254038ed08f508e5b97d0847d569489c7477411c69e3e00215540ef7,bfe14f7a2d9c1e7ea851925d3802901fdde4a8c8165557919f4897dea079d539,28
FLORES,100568,dev,568,,FLORES-200 original release; dev split from pinned local archive,87a17a3948d8fbfc711649780e9dd3c8abb7fe14b20781c4ba5a04328f12da6a,526f98775dfdffcd5b4447b70f0929d3e9add340dfb63a86e0d2f3ddc81acaff,d9e010f3639ebe9eb5adeb83899275d986933d71d9f3849bf4eab45e6b357169,31
FLORES,100569,dev,569,,FLORES-200 original release; dev split from pinned local archive,22c5d782d8436fd00b042b15e0324ec174af795a3a07c96f1a50d47a906f4bfe,e4f323faf8f3e6b76e8412e12f73296471eb88f94b8e0ae55af564e8df74e197,86a0264463ccbf8b9c411d846b9382d6ddde0f24723b59296be75c3e3047cb4f,53
FLORES,100570,dev,570,,FLORES-200 original release; dev split from pinned local archive,c7122465462513728e19981b26c86c51d822de7cfa1460a9d07ac5429812b72f,eae5bc81916226b9cb74248e1ddd93bbb44151884d76c169b30dd945289d28ee,b8b2c4791d2d5a54cf108974ff8e6801d6e0ff9f20bce21afca100b66d7c3fcb,29
FLORES,100571,dev,571,,FLORES-200 original release; dev split from pinned local archive,8e893c6db4581aabc02f8615caf873c2928be0dd5be07c9a707aa70a1f57a497,c50a3b73a07164426e771768f4ac205ec88f9fa07d774f2a00a11dc2ce442fe6,20d63472daf97912020608afdb84229ca86b947e0b307b2c0e433514dd6960d7,36
FLORES,100572,dev,572,,FLORES-200 original release; dev split from pinned local archive,d39060a346b8bb2085a8632149770e1fa9d9e604241935ec251e4d3988c01489,9bd4fb3a59256fdcb09530642feffb35bc98b5c17845da643ea49f62809e2675,2c2018cc6c5abefe0163eeb31e220f253cd6cb3cb4246670fb39dd5b9216bd02,27
FLORES,100573,dev,573,,FLORES-200 original release; dev split from pinned local archive,a5d73b9f16cc6029908d99340d8ad3842f0941cc5dec6426aa7cb2c04ded0e42,ea698dda85e298838b756b7f0ca7a3f34f46d39a941a2277e3851f0b6f773dbd,79b2b74559057e580ffbde13f53a89dbc0f284eb6ef57aeccd7cc96f325fb348,24
FLORES,100574,dev,574,,FLORES-200 original release; dev split from pinned local archive,f510283ce6e8244911c1d4ddea7ea8a76262f440ab60ff88dab9e7be8cf5d53a,faee2c0ba38efa557f2f8fae45d1ea459c36b5894c57b75c337b31c799cb6de0,626c62259582c68a957526da80edcf1a6e6a60c9b3f26269b2891223ec47238b,31
FLORES,100575,dev,575,,FLORES-200 original release; dev split from pinned local archive,6d309ab2ad185899aef18ab13ccf1f612ea369d606ea9ddedb6ddf45f808822e,42cffd82eb636e96f5f01ffafa8c166e92fec85821df2f47539a139be8920988,2e3fe2cbe68e4c19876a45dbeefe5ef232b91008ccd76320c8c4944b918406b9,39
FLORES,100576,dev,576,,FLORES-200 original release; dev split from pinned local archive,6de9cc2731eaa034478cba6559d8daab99dd3d25d7928c22cd4654a0b9d6aa60,dcafe2580c13fb470253e5ba8a4d9a638defaeeb3252b4cbd4ec5a0081fe8fbd,a851134291217d99171091f5f3a709ca61a112d2e9133dfcde39753c3655d32d,29
FLORES,100577,dev,577,,FLORES-200 original release; dev split from pinned local archive,8e0556e0a97bf478e0951ac1fd0e0b2c7348afd18b38f33832b1b3a67bb313e6,a3ed3e121396e0a303f0a61ce94be54ff610611a56eac107e8fc2e7a3fbb7993,639781b9b1062be26d179d16b99fbd4a7a24b6d7942957eac996061492cbddfc,51
FLORES,100578,dev,578,,FLORES-200 original release; dev split from pinned local archive,8a69b319b54b906a161044c3d9915cf2a987e537237f33852e3336e427fd12c1,78153459153f9bf97e957a33f3450bdf1607482ad591cb3b03a49657271bb5a6,f0e81e732f21728af735c8e824b1c492743115cbff87b2f6943cfe565e208828,34
FLORES,100579,dev,579,,FLORES-200 original release; dev split from pinned local archive,f0a4dd061111cca432b4904b24aa1aea2c4dba7af7f91f458ec5735a73f1b33f,c36c33fdd567e82c3bdc4bbf914d43e5bc6b946e0103350aa5120189769225d0,161b7c4f7c4917c39ad04500728121f0e1c4c04e56d83b561510b97f03ed6294,41
FLORES,100580,dev,580,,FLORES-200 original release; dev split from pinned local archive,5f914ae824dda9535abb61d4e840b1b5ca7748a34168b53951fdb7d59757b1dd,4c371ea9951c006c66cc5603b03530d77ef0f130c86ae31ffb5180b449d8b306,8ea23a207854f50e4031d8dc8cc9cd4bfa1833fc6a7d33ef85a7358720604295,43
FLORES,100581,dev,581,,FLORES-200 original release; dev split from pinned local archive,931b9d3e5b3f647c08d7d851fa2cfa0ea7c59a4e4ad7dfefef442293e4cf5a68,eb64b9a4750c40c246f84507d17c891b839d1698bb1b3df66222870fe92acad1,ac44dc929ab9aa864aecb92f961e66c8de14fb63e37e828a5dfff0f345832c75,34
FLORES,100582,dev,582,,FLORES-200 original release; dev split from pinned local archive,efbdbb0404c288132b4cd337ae28ebe4c1ee6ffa1e051ae83025f12e8ca2f41f,9dea1add3204cdb6f896528c052d6e0107f79f29909b6de4ecc3d678290928a8,d2f24f61ca55250efbe1c84375277ea060ba3835b512e8d124e0888362e8239b,34
FLORES,100583,dev,583,,FLORES-200 original release; dev split from pinned local archive,d29d666e79e66d7749c2ac3c530acb0bb3b95be58e95c1938bf42e96f22aef59,c1fd0b3d25e5a5fb15ab78099d288583aab977e7229ff8f8a43d15bdb219c1da,e7585fbcdaab87554da5a9d78a8ca0f135d779aaa4879ad5ed0245bd83aca69b,47
FLORES,100584,dev,584,,FLORES-200 original release; dev split from pinned local archive,2259d9170fe53da4bf7a8993d2a088357259ffda71339f17a89cc390e437af5b,1bc2967c5d5109a99bca1c66e9ca4587aaf8d01068863ad1685b1ab7a5732bfc,c89b2b0b3c93b1efc95a197418f75c99a393f6362d34cd7ab1b564cd14e8f5ef,38
FLORES,100585,dev,585,,FLORES-200 original release; dev split from pinned local archive,64e51af243138b4dc804458f2022492af4ed8b4a1484107d2aaa02ba857d2a9b,48375387a0b3cc2c0f1e18428549a9abc8547cfb67018a0476a365eb9367af1b,f35f490b0e775dae060fa4980bf714325d85db049c7c767ea782b0144c3fed90,29
FLORES,100586,dev,586,,FLORES-200 original release; dev split from pinned local archive,036d94346ef2bd8c7c0c6d357ea3bba721d02b6e4353283e3c48a919637ec2ab,8abe8cce6393b12d9c8306a28f2678e663a24e416d72386e16fb9a75b1cf5d33,a55b7a221bb3dc71e9e0830ce44a6b8a43a8d28eb731b5fa7e4ef4a86ff1b1dc,32
FLORES,100587,dev,587,,FLORES-200 original release; dev split from pinned local archive,3163fac52ecc1917df4547f7a32d86817650e00ece2dbb10774e9a7ad84e3f68,363d06daa0558ec877b0d2b0b1e80d46fbff758a421ae94ab0ebc4c1b3cf7728,246156834f8180e59f7ead7ba009da9dd7d4c46a92859240af68da2e3aefd690,31
FLORES,100588,dev,588,,FLORES-200 original release; dev split from pinned local archive,ecca9cce5d8f86e7a82f1db9d5f47327397be85e3ffde05d10c4283748d2849f,5e6e3db7a86c8ec73df4c1353eeddf5800781da006c197a223a4e16dc0372f5a,df08759e91fb2c7d03f2e5d9eeb29d72633e14bef71206d52799d6282e939f45,50
FLORES,100589,dev,589,,FLORES-200 original release; dev split from pinned local archive,2603e7dbb25a1e07189b6f1276c0f125176864f40db24c07215ae00d32b3a19c,cff7d3384577bea58ac4245a49efb70736804831dbfa9093233c6abc07b6a50d,85254b9da9859ab52fe3d70c68e4e6d49f4704a8aa2e5a81ee2a0fed858d7e5f,31
FLORES,100590,dev,590,,FLORES-200 original release; dev split from pinned local archive,d4ec2345df0df86b6c50349884391d8a597b7d87637c17e3b942ffe12eba3a7a,aad394c0a167410a9bd6e558f1c2b2c068f6391f175b7bef189c9fda57912c62,3709ead65a19f453c4d67a35c187cc4e25bd9ac443aa4b638f3f9943614b04e1,51
FLORES,100591,dev,591,,FLORES-200 original release; dev split from pinned local archive,cdf15036047e07fbd25f0c82a27d8c97df7e47e5b7fb5e67b99f6fab8317f15d,73bfbb9f6cc666a5e7583e61f0b4b8538969dfa926337729f3e31d245e96522f,b4c11664cff49de9674fe43777b40e2a4c6a8102c456484a56d461b033ce058f,49
FLORES,100592,dev,592,,FLORES-200 original release; dev split from pinned local archive,3cdb4185e4acd058651821b31ae53f5c2cf1b1141504364eb09a9800ddc35bab,ee1d19b0a4eb6cc95084d4f6d3ed41019149143a16125a596fb85e5edcb4ff8c,92a2c21c5338383561d6d16b89ac48755eca855cd82f3b305cea83383f59ed87,32
FLORES,100593,dev,593,,FLORES-200 original release; dev split from pinned local archive,7f141d8ab9acc6310ce532606879102e38aab75421c25f0570fc51e4f6156bee,d6914a055971f0c95851aca10e5ed694a1466c2e5489b4a094908ec7399d7b2d,7d8567dd32b2da86d89e4e6bb092a4e51fac69e9c037091df6893ccaa1d6102a,32
FLORES,100594,dev,594,,FLORES-200 original release; dev split from pinned local archive,80d77d61a013fa18d8d06c96d8e45afc9ecf67dcafc359389113fc1d1492a6c0,4483ec3ab62600f236950e5af1dbdc9c115f3d9b05c20e4eea78db46d4a3e466,c6217ff4c5176751b86bcb032231b73a9dcd54b48b3e61c149500f0f4a0f9b32,35
FLORES,100595,dev,595,,FLORES-200 original release; dev split from pinned local archive,9b51328a2bcf9f598e17e2a072a3c27e8431a63fcbad0ff284f97478ffba6f09,2bef24a9c37fa97fd97283eb053265c529530e03d3981b532551fb7f4c0ae18b,3404cb57b687a2163bda2ad7f25396e09f4afa9b165aa01efe6f79b64824a098,37
FLORES,100596,dev,596,,FLORES-200 original release; dev split from pinned local archive,8b5bd12ef37b754246bd926fdfde06612b0dc312445ccfba56d47baf3de0caa0,cd3f7ef21b8f4d97c15a5531195f2dee0fb6941e8ad3e2f3a9ee9e44f35f2d92,6a3928ebb25982aa7f18e3337113310ded6c7b7e651aea22bc536ef0bce2ee67,29
FLORES,100597,dev,597,,FLORES-200 original release; dev split from pinned local archive,9665244a21a99a998c6c8a8af4d6597f514ff306d3f8bf8d47cd02ee2879bdcb,7b98dc264e51334a692a4e0f4c1d5661dc701591ddaab4f1b9a6c804c2e9782d,17653a70a2d75c4a3f3957c577560e4cbe6270d6d974c51b0cfdeef78c864a0b,25
FLORES,100598,dev,598,,FLORES-200 original release; dev split from pinned local archive,8e35489623237dafe875df5389c137f1985399828dab5d6331fbc5a781b99342,beaee14ad852a393a32c2bf73ca738d88f6d276d662f1655082052d986fee7b7,b8e9e2de1115b357a9b272a256e80d53ba0f6e88462acf0eb305d5d995a297f4,35
FLORES,100599,dev,599,,FLORES-200 original release; dev split from pinned local archive,01bff4af9494aa9bf2114bd430d7c522ca346d684b2b0a59c58e8bb8410c1d59,1402ba85de7b708a16cbc04118310fd1f6f5d5a901a2bb3d068c9a70872520fd,982fa13b0b90cb945585afb70d6909d72426e0389438415e6f26169aecee5487,30
FLORES,100600,dev,600,,FLORES-200 original release; dev split from pinned local archive,f44278d88efc054da4a6d57c792a53aafe5aff73d215fae8c7139cd565d1800b,2cb3c638216677892ad38530e4e999508c968307419844cfa0020b72ef3926a9,4c4fdfc62caa7131fd9f9650bc75490a57b9b8708693a8ab18e0870bd92aab71,27
FLORES,100601,dev,601,,FLORES-200 original release; dev split from pinned local archive,d3a32ab2b87ccbc0e7341f2d20137ac174d87defbc30b902de9e53d85fca43b1,766c8bf4e31274d614680c8e7e84949611f0167af5e6c8b74a30bce837668b78,e9bae3e1acdc33db3cbf6f2d158204575e59357b5ffabaa8b8d04bd83bf37f23,26
FLORES,100602,dev,602,,FLORES-200 original release; dev split from pinned local archive,d2b213d2dbb03895b77ca82070f99e396c3e520f45bb1cf7130c244a167b53a9,0eac406e038ea0bc322894895d4b0151b91d604192204482851c309268844afd,bc51875b114c7e2042965895cfe38e436b641a44074d14ab2d34dd85744dc1a4,40
FLORES,100603,dev,603,,FLORES-200 original release; dev split from pinned local archive,049293b6d5e0db0b701d982f9208df483e0627c1c83752f021117e0e98b4c68b,40479f902c4cc749ee7ec48603ada1a04a2f718a5391c9b15cf3ce0011b2e57d,f589a3feec22a2c59e2c963233229720b443320764868b4738a4da1754923910,32
FLORES,100604,dev,604,,FLORES-200 original release; dev split from pinned local archive,9f019edc0b07dc9ef9889c580c3d7f5d319a5361ab11be78f25130d1dd5c019a,b7649c6d5e2bd2ffde70e72242283d8daf163250526ccef892a80588e02c905a,adf956f7897fa8c2a01639aea400c39a40e0164f3e0642bb5698276602f95369,29
FLORES,100605,dev,605,,FLORES-200 original release; dev split from pinned local archive,9bfa9e98460f724a0f4acaf287f5ebc6efb12752ac3f98a39c9cf299ff1553fe,2d920b9d053ea51093e4c76de0d7e9f91ef50a917114e492f9e8e7825e24be5c,7c345657c14d0cea9d337a946fcc0c62b51e6e880a4da6c5250e00ca62d15bfd,26
FLORES,100606,dev,606,,FLORES-200 original release; dev split from pinned local archive,0ca03399347437e3d3543ff27771eba7a0e0391cdc2dcec540a4f65fbfe409b4,95c09811635603fa5dc19b90e07c4811f027a90b4c49107f54cd153e203c3bf5,a91462f9eb5b0228e0027756f320ca91dc294a913da6c1d7212a148dc36110bf,33
FLORES,100607,dev,607,,FLORES-200 original release; dev split from pinned local archive,46fc1451bf8f46a4b6ce08a465a26f30255c83b9ec07eb1e0f3f2271860d8a0a,febf3289aeaadeabe8f989cfff119a6e54d3ad6e40abfd4377605db3da9b1d29,4e9143e3a00b5b50307ad59bdbdccdb7b20b73261c3956fc7c533269aacbab10,29
FLORES,100608,dev,608,,FLORES-200 original release; dev split from pinned local archive,1034ee11f4086b63504108e66cb36ecdbef2f1ae8ee02e1a57eeefa0323376aa,8e2be1fcf9d37aee1f5493582cb1b0d3e86cc06a60e1dca3f152f919d5483268,d6b5906625b7f3791e9c40702236abf163f3c417afe9a3727decd837019528c3,31
FLORES,100609,dev,609,,FLORES-200 original release; dev split from pinned local archive,bec2aff15e272e7f2d4cd2f17206101941b250ff2083796441987f58bb6572cc,0ec8285ca3c8db3a7e68ff8731dca6c97e1e479f544d4de6fdd1a08280f3dcf9,e931d333d13359b1d6f87d90e27434b404f8d576980c24a8d0e58e6927881c7d,26
FLORES,100610,dev,610,,FLORES-200 original release; dev split from pinned local archive,c2fc9e9c8b2629fd7d8e64197270beff6f8884c3b6a8267ed79ca69b866da757,ed346f25c589206169d7777fc2c150471a440f706ac08c59925be55733d71fd4,b66425d62dfec832c20218de8938536ea498cc1501b33096322042a22531f834,43
FLORES,100611,dev,611,,FLORES-200 original release; dev split from pinned local archive,5e8b59c2951ddfaca30d4f8547a0ec073d031f5a758c827db12ffad94b9f6c1e,9a7c33d3997705f3d4ec89d3cddae44a38db196e97d9380160cef7385285f911,e932aee1e723073ee52889b00c375e070e858d460df7273e77533b33d11d5b0d,22
FLORES,100612,dev,612,,FLORES-200 original release; dev split from pinned local archive,a0b51deac20ba2fb180257fbc04d04cf5239b236e56701998f141afdef835e17,d539d7ef7d966460d15dd4d356d1b3432e4a762f57a2764447d6f4b2fb6702de,beba577959398a7779517ec47af1459e0c9c85975d88d8d88bedf105aff62d57,36
FLORES,100613,dev,613,,FLORES-200 original release; dev split from pinned local archive,1255494f34a6cbf9ddacbaa0ec063e825591935fe30781f2a791b7f8bf18ae81,4fc07917a5e1b572f3b5961bf5effb996723ed6f4fd7fddf75ebe11ac18dd87c,3b53a6deaaa7cbf95e33549be0c414767147fea163ec4dc62e2a42c21fae88a1,26
FLORES,100614,dev,614,,FLORES-200 original release; dev split from pinned local archive,1c432f21f719d8346da9e44b63d2dbee04aa721caf0e30ea5050bffad2df2527,86dae8c8dda4d16b24b14a0f328b0ec62cc997ccc76767af9742f1bf6a36f592,79e024a5fcdbac75276d07501b0ffbe3767661423ae43c3dbb157837d8ca8fcf,46
FLORES,100615,dev,615,,FLORES-200 original release; dev split from pinned local archive,edd6e6772f79d67d19daee6c5f675684612d22aac948b3f6ac806ab0be5544a7,ffb5d6323672267782faf50d08f88b23583db0a0c51f81957f460c9172d45796,b90529190d8d323638785bee4fe2077fef7ea7cf48f1baaf4dc118e9aeffa284,47
FLORES,100616,dev,616,,FLORES-200 original release; dev split from pinned local archive,bfee4dd3c16deefddf11e7d2259cafb2d5ddd65770ec9c9a32397c1c90e1c715,53b979ab62fd30c80235f37fa8ce2b26e76ed1fcf1621639ed11a9b8810a936c,55aee2769a6c26c64f17557167d5853aea17576200b32be7f36ef867f9278626,48
FLORES,100617,dev,617,,FLORES-200 original release; dev split from pinned local archive,ca4390b615817afd7f894a49975a6edab34f37b13c80ec171468a86d9810049a,1e6dc71ac3e0ed5b1f536911f7fada677aa4f40782378fa85529844921ec0910,44a47fb04af90d923754c8d59d14c5b3e0804deab7c56b6657e5922d9f0db7b1,33
FLORES,100618,dev,618,,FLORES-200 original release; dev split from pinned local archive,4ecfb9b83d0aeead7364f15a78ed66d7a585d9784ba5e9afb7a42518be776259,f1313a13b35555313fd2919906f29775969459252faedb7b6bec9052a5051fcb,26088f3317307838ddb411033465a73798ac0d964c3ac5b36f3f46302c9ed54f,38
FLORES,100619,dev,619,,FLORES-200 original release; dev split from pinned local archive,13a26222bab2b467b348013a70bec8212b2f201249fef4b6af7d39ad19f35313,ef0a7b5595628a8acf92977ba5cec464faf08a241fbd3999efb1f8280de1d23a,91d757e349ec6f6d7a0738c702993f816669caff1a97bb22b9e0b63e98e1ee3d,36
FLORES,100620,dev,620,,FLORES-200 original release; dev split from pinned local archive,16d4f1b4e98f9949660cfe02cd171b8b0c831521321c81fb826e8b924a03b91c,9435a7df823e296a597f91efaaae205c3f8b6e276653e22c00e98259d7bc1e68,92f93484ee448cebd29cbdbc560493c841a998f8ac9d2dd82c255a8e420f3bb4,50
FLORES,100621,dev,621,,FLORES-200 original release; dev split from pinned local archive,881a8cfc5cd1968d3c0002897f55ac25672e38f8fa9f18ded9360769b127a9eb,1dd305001ff392c3b21a6d78567b9641f9ac3d3ce24f91d740f61efef1e00768,f19b7b92f5573251ad63b1c25380a587cfa5cddb9682eb773e8d5867a2fafab1,44
FLORES,100622,dev,622,,FLORES-200 original release; dev split from pinned local archive,db683451ec45d73f7120b29812815ebc603f64423eff26d47c7af439e9b6c7cd,2c227ea6f42be7357ba832f1820d45f24edfd28108f3af0485aa860a4975a91b,b831434512f75fd3308b9caf9a66cc9142baecacb297d5fb99e600bd40f23243,45
FLORES,100623,dev,623,,FLORES-200 original release; dev split from pinned local archive,b516b930f278b2a4ab3f8a8b868df34ecfaeeffa37af99ce13dd554c314e5824,27200d35c6ce9cc5bb2c5d7925fb7acf76b79f97732493f456f3e2a36bdec703,aea4e3d1b2e369c638c25a6ea8f56db53b6cc91cd235e6ae3595e75af4a393ab,41
FLORES,100624,dev,624,,FLORES-200 original release; dev split from pinned local archive,a05692b91a3ea47d688e8c5272db28a6300a06c539e646271be6a716df7f41c8,132e18b597a86c4a0481363b79314d01976e2b53268a955b7517053d4556d793,efa9ba6c3dd6520abc71fbb0d6464567400013b395d39d373a0556393d1be3db,33
FLORES,100625,dev,625,,FLORES-200 original release; dev split from pinned local archive,74f06540f12a667d38046a233711968f5997308a7252d9b2d87f10a06c696765,d71f1c3934a06aec64f414394f3e2586e38e17d70a96b466e4b7e242c56fb42a,2ea383e227bc0b06dd0550f8ec0b5e8ec71ef3c9b2427483be3a8814456de87b,32
FLORES,100626,dev,626,,FLORES-200 original release; dev split from pinned local archive,1f26e24fb82c5a4f45e624a9abab498519f5e7b433934e6fec7f560e6722519e,5b1b7fc65be228f2b6dbacc7c1265c070eb3d2b2d9b4d08c92ce1565c10ba5af,c878822f8b3530ebd40c3c255437771bbf43997048b5af39a2343980271e9289,38
FLORES,100627,dev,627,,FLORES-200 original release; dev split from pinned local archive,42bf9e9236a17792d29d6a7766b57df291ba3f67b765e9d627d47c3630f23f88,391291a6a4528ddb4fd4046f50985960178b4642e36e86ce0017eb664c0bdb31,b97e4139c8f097892ba9c77dd13971bbb1fa56fbe2acd7b96b116c5a09ed8538,40
FLORES,100628,dev,628,,FLORES-200 original release; dev split from pinned local archive,85bd8ae64473b4e73462f019cf65741c26f29e1d8b25db03f4cfb33fbd36b960,1c072717307f47cc387c941ee5937caaf995114dfad867b056d4cf6ff341f599,7c7d7d12d36c96fbfbfef08c5f94131f7fe1a3e872f8f2bb0cc0c7ec3ec853c1,25
FLORES,100629,dev,629,,FLORES-200 original release; dev split from pinned local archive,d1db33c904294a9370deb102fb6130650ea9e65360059ed007159b3d078af4f1,c1de5c5a4ac1d2c5248ba76d29e21d14fb761a96474849650302c7a4b9e8ad9f,f3753e4b22796893a6e18ec71e1e30b0ddb1c6d1c65d1348d134340f367b1b7d,37
FLORES,100630,dev,630,,FLORES-200 original release; dev split from pinned local archive,bca6a4aa49c7cd2ac6449eb6803bf4ac2f7f79811ace5a05df8c11d97738f509,0dd18c203ae58f74c1918bc59ded5bd79a2a51dfb83dc541e75b6ef71618f99b,0323826786c0f8b86b6b611c1addc7416a4ae3afdb84eb7617f43020c0ef8e27,27
FLORES,100631,dev,631,,FLORES-200 original release; dev split from pinned local archive,1acc8d817b0c35fac589510835230b495b94273e053f4957ff72205a3e02915c,d16f42d715dd063f8dc0d8b47ffdcb7db4c59106c6c941c82fed987d7735bb2b,344dbbfe9ff8fd149b231773e6f1a0b528f7ae5625113f9144a6dc57068b7c29,33
FLORES,100632,dev,632,,FLORES-200 original release; dev split from pinned local archive,3dc8661e39ba6aadd292c9209d00fefb786e24c2d706abbb4986ddcc059004f1,054452ffad3eb77bc427b5cf1f5b5e942004090a9a70f5cc7caa4e888ed96958,bddf2de221e0f017dcb3e49284b026ec0da165b3fe68e3fb226a1b0e3898b079,36
FLORES,100633,dev,633,,FLORES-200 original release; dev split from pinned local archive,44a35884bc864e8dc7d609ddcf9a0eb9104e14c91a594661f26f4e837d27ec3c,a3bc6e161f0ad7ef1c01373b4d4646f9200bfc1e9d7f6ed0b2b05068b76e343a,63a2ca3378f37fbac0a3647a15f09fac940cc130660ae9bab0533dab305ae69c,40
FLORES,100634,dev,634,,FLORES-200 original release; dev split from pinned local archive,e4f266ef4e6a5364f343191034c40ad3f698261022a3dff65e95c50ec602ec23,2aa9963d85fb8b3d056f780db4129bbb6b52070d935e24dc84217bd4668d1706,db8734966f8ce5a34514ea1d88a3866de3f66278060345974169611827766522,40
FLORES,100635,dev,635,,FLORES-200 original release; dev split from pinned local archive,1d86ff8623ac7a6e61af48086e9aed05bbabb0084c3b889176886fb1f06914c1,a3fa8fa972446f62447cb1ec9cd4a0316a45219e46d0259e1a3849827f3a46e5,2381d6327959d364f9df9fbe8ddcea78c7b23c9b67e1d17609ccf35034d92b0e,57
FLORES,100636,dev,636,,FLORES-200 original release; dev split from pinned local archive,6ef7f924f9850aa4b66856e226fa18222729503213cbb9888967617b84d6175f,05525cce8c76d1d4c7674d90cbaf42b4b3b17826d197ce3fbc966a64ef948b69,78bbf8d019dae58f2cc2b5f3c2969c786497e9e7ef4da4f317f0b12e93d6305a,30
FLORES,100637,dev,637,,FLORES-200 original release; dev split from pinned local archive,7cbaa425a3edf604cb2d83f371e8c1fe7f89fc4a40619bad08623e7962f3d67f,ddc77f8f4eebcb6a18a3698b1e1452172c3beb203b0e6161ec45ad7f17c0ac5f,fe5647f6dc6f30330134134ff73a95f2ea46c0e411953378ff0d6533eeab39f2,47
FLORES,100638,dev,638,,FLORES-200 original release; dev split from pinned local archive,3b44b8e8989e694955388082db116ef750583614c8dd4c048d76be75427a03f0,c4aa63fbedc31617f1acaebcb727d42401bf7ab8bd5446d20a79ede4836cb870,4fd8845d4bfaea6bff45c87b7401b5973f3d0ff201e978d7e0df70518a8e6a96,34
FLORES,100639,dev,639,,FLORES-200 original release; dev split from pinned local archive,d4d09c096eddd89434913508b3650deb9481358d542e3896a7621a619fc64437,c5172be8c33adda325bd3387459c4a1eb475f256cf347fede4d42ec9c6232615,e8701b76e85ae1d159152c3662acbdfdd6f792e28f4217cfe790d2a42d101b81,46
FLORES,100640,dev,640,,FLORES-200 original release; dev split from pinned local archive,5eb4a4435aa9c010411fc4e5b92506fe13ad4fadf15d276689a2d2a0615cd3b4,cfaf57fb21c6570855548ee50b59193970a2a2333b28f4d53cb5667bf653c682,e41d046488e048c76f31df81e12fe0069d1e9df133b7f1ee8dac4f92bfce5971,24
FLORES,100641,dev,641,,FLORES-200 original release; dev split from pinned local archive,e6c487eeb32b002687b480ff48d16b838df450b302202459176ce0547468348a,8676c2094015eaa372cf6495c064873bda21401f313aff74d23085f6f8b6f4c8,6bf368e89b3ec2d3864533f16f2072f70dc6ca6c842ab5a693d9836e4ca006ec,31
FLORES,100642,dev,642,,FLORES-200 original release; dev split from pinned local archive,fa675412fa5274973fd492a101ab64d732afe30f110928b22d1efba307dbb5c2,cb03676cda028626af4cdc5cb73cdbbccd852190c47395d4a201988932b0c8e4,b40c77211fb4d5b627ea7f3184962f0f597cef9686a1d85da5a87cbc832b639d,38
FLORES,100643,dev,643,,FLORES-200 original release; dev split from pinned local archive,210ccb6124d2f69a48e575ee399e1fce7ef92b5da0e3b01ee82e69b0446caffa,65bd47b86b42aa804241751f0c82cc83670c6ca7cd3c06b58a7a6394eb317966,10c575bb9b6ab3a6266fd592441d13b0f4b94a9a66eb3e2aa13b6e994b8f0440,33
FLORES,100644,dev,644,,FLORES-200 original release; dev split from pinned local archive,6e1b1c1d4cf48e75bf21db77647d001d04c938d35aa622fd4f4a182d21621f01,39545ec5ee36dd75abad12f569ce139b740020c475f68507cd4dd93f3a7dcd3e,6dd5b6e0f7e5514b0d54e5bb4714cd8c8f0ede70041960a832bd7e79c853ce9a,41
FLORES,100645,dev,645,,FLORES-200 original release; dev split from pinned local archive,33abed4ab130b269a6f2c4143ba6c65d6f858ff92c87325409c6e348252ae195,689568baaac2836fe0a033cef5dd32e209ef54da775a3d20d3c862c0413a06cd,286cadb4a15149503e523a491845760002698520d7b96c4ece081b16f087cd30,34
FLORES,100646,dev,646,,FLORES-200 original release; dev split from pinned local archive,8e7685f301fb031a73ba5dcfba3f4ff8686b173d1df1defb4dbb0e31746ae752,f3437c8529ec0629eaacff2222bb16f3d880a834d6787d8976290b80b874d082,90ab52c7bcec7c8f8befc60497a78951b7da485ca68c2eee36c8a951a2daa8a6,38
FLORES,100647,dev,647,,FLORES-200 original release; dev split from pinned local archive,64c41c0fe947edeeac9b55d3f8ba5464aaa8a4e28685e1eb6eccd392773d7109,bd568e5c35d9fcac65b5f1545769d183be90e5c1f01ba5ead27bc7213beaa0c2,7b6f545e53b0d0b5b5fe0d7dd9334b0cbb487aaedbba0acbb64d741d6aff3752,34
FLORES,100648,dev,648,,FLORES-200 original release; dev split from pinned local archive,ba1b0c2e10ace6666e03defdc29b43c3b7f6d7df27b856b642bfbce024b8ec72,869b18c86f5bfaa7ae6c2b389a6bedb658d576fefc8a33692623190b2ee7dc84,7aa42627aa03a94eb6575d84a505e5d072ddfab017c792a3c8dd5c66d9114392,41
FLORES,100649,dev,649,,FLORES-200 original release; dev split from pinned local archive,d221b3359aa432539e8f0ab57cb7bbd058ce5623ac87fa6e3309dd3aa314f16c,0034db8e1c0e7a43929c0911eaf6c02aa918adac87a626dfd54796e5dee39935,ad7d8985870f90a5b189b8c94c4ab7659b0ef3011b6c49465a5542cf18e6a400,41
FLORES,100650,dev,650,,FLORES-200 original release; dev split from pinned local archive,cf4d0a06d723f6bf6e6e6601cb0e5de30a2811df087bc4495739314a70b24dfc,b9497b9141e58f93ec8148504badad86982ff5b9925524b625587a5789c2dbed,90c0e444a6697aad9286b0186a83a4bffca2d22f7c4c3103e0f78530bb9748cd,42
FLORES,100651,dev,651,,FLORES-200 original release; dev split from pinned local archive,b46d1d6a0b572e30b825f154064bfe9b174c9f603d63b470d16f23b618adc77d,c8c86f3ffbfb1a856722609e854dbf15ed18f52decede0c69c1696be04bbcbe6,63b6750924a35dc134450c861baa25d53de18e31ea06a97edf386baebabc627f,51
FLORES,100652,dev,652,,FLORES-200 original release; dev split from pinned local archive,028d6ec58665485a385e2c8ce6dcb3bdcc5709378f8057aeb66c5e0f818be5b9,be926c0f204f0b9955ec7ba13c935de2141c9cf2c6abcaf6813c02edc534483f,bd8123cd74ca676c5a022b59bca16562c330cdc001cf4aa95b9dd7f9be7f80c5,50
FLORES,100653,dev,653,,FLORES-200 original release; dev split from pinned local archive,a769c7451a11849ba0ae80ba850f55fd826f83a22379a549488a46a79153dfa1,3ac03724db241aee7ead94505e9b747e7398478731083e83f1c4b2d4618fdccf,d240c68e151d4bebbddf8ac780c15edf16735f01952a826f35bc0fbb09e6c8d6,33
FLORES,100654,dev,654,,FLORES-200 original release; dev split from pinned local archive,e7dd8154b6692b8632284e78d70a16dda0eb1b8792dae854123d11b961c93074,0eb13c3a96333a953d552d23b9c2d7c06143e616b2abdbd91cc2f37eb890ac1a,a0c9ab7c0ec8b58bcb898cca87910c05e1d5eeaf35ccb9f736575423e7ee358b,42
FLORES,100655,dev,655,,FLORES-200 original release; dev split from pinned local archive,92d46f2242846ec7abe0144ecf4aad3826ea5b045cde6645f747d7c23682e536,ee1d2df7d74eabad7f4667235b9ae2c51febb05cc3ec8d35cc45867dab34270c,b9312ac60bad913919e7e99e48d357cff372818355d411020a8ed1b46da718a0,41
FLORES,100656,dev,656,,FLORES-200 original release; dev split from pinned local archive,aa52ed3b827d8f6b2eb7a56f6c060d9f3f3ae9e459a43c7418e708a6ef797223,e3b0128e6fb579a9cf3b578123cc2f8b8100ee5dea33034aa1590c2099c974ef,7f27ee0db58b78313981622b0278ec331a0a6df7685f4dd127655fc15f2e6830,26
FLORES,100657,dev,657,,FLORES-200 original release; dev split from pinned local archive,278ed7ca4d43a94780b21ee80f491217ab199256bece1dcc407df492af4ace47,7855d1df09dccd12149f0cb4c1326db32dd23a311526333f334544761f398a3b,6a497f48832f744430a4957d94ea4590eb4e63c44bc10cbeb5966d9fdd48e008,44
FLORES,100658,dev,658,,FLORES-200 original release; dev split from pinned local archive,1fb9992486043acda4a4f863e3a813cd26ffaba3d0b464d10d493be5236198a2,b503225e77b629e4e9a25e0aa7c7f36d8c23f8e6ce65ad353aadd6fd45ef0755,5c93a86be29968c325cca5effaba394fe9d54ed2fcd33d2ea80039d579a8a680,31
FLORES,100659,dev,659,,FLORES-200 original release; dev split from pinned local archive,f3e6ab797ff174447579efddac8a7dbd3173e046cd673900b26b9b217bc3a26c,86c8b150f50c934ee36d1c6bcb05e574b155c093da42936bc9dd4c581d6fc008,348c7d8e9fd559b7c156ac7bdb1043b467bd3ac708a2d664852d5b0252e9b28f,37
FLORES,100660,dev,660,,FLORES-200 original release; dev split from pinned local archive,52b9b8431e3d44fcd160e5e9ac875763cf21ef6469656e740b9d3290bacddbf5,24afcc9ff86bf90bcf877889f611d488c763f69c3017022989befe2375859ad2,9720525111f012f9ed2e0568494237bbf33d264b5e633c39a1dc9c2f55abddc0,33
FLORES,100661,dev,661,,FLORES-200 original release; dev split from pinned local archive,dd754db47351e3acac510d7386392de40634368991d4fa35b82129a16430dcbf,6758ec362bed371eb4869e2e09dc8807d702fe75ab7914865e1eaa9d6f8f902d,a8e74e1979d5f814d24c99ed3918dd29ff27325b72dbad546851b664fbf2e5bd,29
FLORES,100662,dev,662,,FLORES-200 original release; dev split from pinned local archive,90ec58b1974982d471d9a13355f4fde83db7f0ece547a4aaf420389ef99f5d07,3fb986ee4c6e7518fb68972bfb33f94254b53be18cae5c055d3c142a361e9cd6,2851cb43104c0dc62509080b7474797b32aaa98436bc7df3b4b1c097d4d69a6c,37
FLORES,100663,dev,663,,FLORES-200 original release; dev split from pinned local archive,0d7aac9b8fb507f9417b4cc3fbd1a8d39b26f144ff9e98e2e44e4a198502b1cb,69cf23548e713ea893e9df2d1275894ab73547610c5370c63009bce8d26ff23b,0a3a3cc23a13000ce4912d3f0a23f80de1c1d50dd5121ba833176421c51fba89,32
FLORES,100664,dev,664,,FLORES-200 original release; dev split from pinned local archive,039a9c9cc0819d6529705aee677f0a579659adb6d145004b2785bbf3a432939c,a43062af314b3b5146c1cbbb0cabb769117ee4b4a7c399ce439c7ccdaf1e608a,c354df042fc1017428f4d5d17664d95e8d231f074263e9a8d2915e7229989fb0,38
FLORES,100665,dev,665,,FLORES-200 original release; dev split from pinned local archive,01c01ea65c972796a767f6b4cc17ec8dadf24a4c339d32b4c6fc509604d0afcf,8564472c1424e9a3590d9ae1411490cf2d88c66afdb657a568b7757cee78c726,64cbf35a66d0d42edb519e4429bcf497ecd339f06984dd76e0882c7961975015,27
FLORES,100666,dev,666,,FLORES-200 original release; dev split from pinned local archive,86c4b7862abb3606663f95586adfe13978137d8c4858518decc495d85d7ac6da,4127b3c8ef3e11ff21dd8dacc270cad67e82c7206a35b8bcfa8c544a846a3995,7980be2c78fb3bd27a1871e1c6fd21f43bf320b591828b830ef82644dc2b74fe,47
FLORES,100667,dev,667,,FLORES-200 original release; dev split from pinned local archive,4f842a4bb3bd41f85dff7310a6b7404ac9447c5313888fc21fade14d74074bc8,31dbb9c61315f0559a6d476ce2a4dd73501c6e9cfcd061310e0496b90c2aaa1d,ccc46e60ab41f1f13637f393d6ba2b3c382f3ba4736bb1c222cdf15bab915693,35
FLORES,100668,dev,668,,FLORES-200 original release; dev split from pinned local archive,901fccf0ea28c6f114fe9bf9579205fbfcd0c2e28ad2d5c3918952d393d7c4d0,cb0323e650fcfa1a0db5f86ddb1678c5bda9345cd19890a50fd7f53a5223b516,9ab0c64df3baa80553cb9410521ae17db71cedbbbbc54098ac25e532deae701d,34
FLORES,100669,dev,669,,FLORES-200 original release; dev split from pinned local archive,f3f6823f5b13cd45593a109f6ba07e7ab3d68cadd4d5de9d39c13754cf031415,e853a63c08c5ea97a919217827185e63fbbec9e3a356d90deb4833e18faa0813,b30d4e24114329a3438b7f26db7cf419d40bd187871b92ec10ffb906ec986e24,33
FLORES,100670,dev,670,,FLORES-200 original release; dev split from pinned local archive,10576ecb98df7e928d62599091818d7e71df1fabcec10b7bd44d1c3d5ada1295,2c22b7537a6e363a6119baf2763aaeefcf625ff1bfc94a88fd2454c14e9ec1ca,6b1254827c0643f0070650c61a3b101db851a94647fc88e9c45168f18b555f96,26
FLORES,100671,dev,671,,FLORES-200 original release; dev split from pinned local archive,9a33c9e13074d8bb1a3aec1dc5691e87980d3e86f65413b1506e5ce49e46683c,9a8f1a754734252c0bfb5b408e897bb40350a9bf3ee4e54d8e4b0d89438144ba,8968fcc5ec6e2e93b495d399b53c09fe4c11ab72de535ef6e2c4557dba8348f1,42
FLORES,100672,dev,672,,FLORES-200 original release; dev split from pinned local archive,5e9a13bdf39ce3d34029fd1cc898328952b0c73e33c3c04a71198d5a3599abd5,c9d7fe44731cf296bc24ae40e90f16d8865cdf432f1cc21a32a4c09ee5949551,6b138fee267a291a89f4e4b952ba6d5cca161175775a4e54b4a137608118be7b,31
FLORES,100673,dev,673,,FLORES-200 original release; dev split from pinned local archive,43c98a4cb4737ef7f1f618cf6d3a19b450a533956f9ed3e8939a698b21f04107,16c597922c497e336c297a0db4e6eabb7925792748b1ba6757021e758cf978ab,a1c281c9559f7d8c3f0e78c81d6033168bdfc23794309e0ed6ce2374bc208e6a,47
FLORES,100674,dev,674,,FLORES-200 original release; dev split from pinned local archive,e456080faec135f7b7014b4a40ca6907fa401cb6bc74cf9ebe5ba300fedddbe7,25e8770126da0ee9db806bf518b2e61d13212463d1557c2c1391ea343853a9e4,85f8f98b081828fcab50686f3178baa852718da21c6b451388e18ec79fbb8214,33
FLORES,100675,dev,675,,FLORES-200 original release; dev split from pinned local archive,74bddd8c7941f39e145bad6057ae27d3dc6431073b49de0d9f27ee3e86b1598d,fa16607b1a123e88c5f8e79f7c52994a5b82cfe03765b4e9e71738fc1153eeb7,807994a0836f80a43d167a0d1c08aa962fc850c31576761d7273f91609cfe66a,42
FLORES,100676,dev,676,,FLORES-200 original release; dev split from pinned local archive,08c6e894ff7a70cab30e4d29bce9a986a210655314b43daf02136484ca04f68a,99ea834b5e0a20393c4e03e2f42afccba929241b5b0fdf2ab52001454095c9bf,7368260862ffc504e406f4020f10c31a872dee2088dad81e0ce832ca93b42b5b,48
FLORES,100677,dev,677,,FLORES-200 original release; dev split from pinned local archive,b50c46ef980729f60ee069e9abe39259fa278f1c7db33259e942b6386faeae36,d1e31823c6a61e972096417800578f44a782a2292e13bc0a62b6ac99718cd908,5b57919a2a53068abad63bf6e06edc08991d13dae3d72ac8b568b31c6f8c2836,29
FLORES,100678,dev,678,,FLORES-200 original release; dev split from pinned local archive,e72e315027e1dc7d908c560cf78db4696b0e9a175d7fe30a393e6e71ca46f260,694fd972e87034085d6aa762b55da5a6984ea764f378977307cb8b14e534891a,c91a1122e700ad7d7e8e8b423edb7acf6498375f676dad42137fa7f0e1f2ffd3,31
FLORES,100679,dev,679,,FLORES-200 original release; dev split from pinned local archive,9452c9cf779ea6aae1f95db1b4dc0f0f2d72158fc0aec1fb1cff9eea58a62535,9c6672785b43b298f6f6266093c190c3f047a869792d7f161449ec3712961982,a09d601477db29af8f57279eeecfc50b240ec7292197a09788587a3affa5130d,29
FLORES,100680,dev,680,,FLORES-200 original release; dev split from pinned local archive,8d4d0198cc6e82ed462158864adc8765ecb5676950fad94d27a9bd72043214d5,6b5a41428dd856c0ad1aff626df03451631e4893e9f95255b1e2ddc234f98bff,4283a3ca1c4148d66b1048bc1bfcb9dfc492b598aaf00ca2a90b58c9af4b16a6,38
FLORES,100681,dev,681,,FLORES-200 original release; dev split from pinned local archive,b1e502a3e640f4c752a0b6385911ad9ac60ba5196cf4deaa374604d8a1bd117a,8d62af68e5635211efaf91c56d5138db3c1250b48b63e5f876381ccede53bd43,d1c0e08268d68197ed4c40c741291211cf8e7eb119cfdd6bdaad94126b12b944,49
FLORES,100682,dev,682,,FLORES-200 original release; dev split from pinned local archive,833353a99e95a6637d824f292888165885c3fac5f9c3bfc893899f39574075c5,20024ed5bb42f65f2ab8cda123825b8b2dd177d8d29a002b241fb381da25458a,63b1107a46a5296747e69bb5d82af77acd1d3f6f84674397fb5ed33d21db932b,35
FLORES,100683,dev,683,,FLORES-200 original release; dev split from pinned local archive,f13653e1678cee4f92839ede28edc970402047ef871609fdc39ddd444faf0d2a,2f1086ab6d9d69495f9a24fc3a3f8dbeaf781975a04b58f26c0e3c76dc51d9ad,8c0b2d6c79a3905b9f3ff24f44c321b74964639f40a5f68e695b565f2dc52efd,33
FLORES,100684,dev,684,,FLORES-200 original release; dev split from pinned local archive,76be739891ea60a02cc99b03b02982a4c21ca559887e76c07a4437514d3f632b,85d43fdd4ebf2961c39571ec2c4363257b3a7201d5811a80f4c8e9f1ad607d9a,82edfee4c6d43e5916716923f43f70d501ae8e4ddefd62490caca11338e516e4,44
FLORES,100685,dev,685,,FLORES-200 original release; dev split from pinned local archive,46fcfc7df35c81a77c0f361e212e5232f941806d4f82c96b8768902e1f370b6b,4b4a27b0115df80863ff316bf5afb5c2ec6bae08f4954345d13a33b4cc6f7357,01a5239273c5f314d9ebf1852dca3c5472fa7724205dcf705ac0396b17c83c6e,62
FLORES,100686,dev,686,,FLORES-200 original release; dev split from pinned local archive,feea19a503e290942818b3119b49b950e79dd1dbae069cbb64f6e80021db7f0f,dd7910eabfbb142425958bff7a2579562fd45bb730ae8fc0e4a0d86a0e6d6389,b2ca2dc40838089acffafea3692c79fed0f2b99df3c40c5566a2d6a7adf5dfce,44
FLORES,100687,dev,687,,FLORES-200 original release; dev split from pinned local archive,9694fd8163438a7f1060d57ae56dfdba14996a6bdddcb9bc64fb090d8342e139,c728ab93ec36e092883954d218e06c35afc81f2e23dec832d5f918cccf1e5f79,edef07bbcb4fdc3d766fa5e1df505799026ab6a0769c5627e67c7339cd9ee56f,45
FLORES,100688,dev,688,,FLORES-200 original release; dev split from pinned local archive,11e8449534820f049243ce9014c7b7472585b0da20c5e9535b37bd4ebd388157,38e6493e1d8a70f54a2dbe5055619a3a94e8722066cb99ac1a2fcefbfc74921d,df1c69170841de02b2d441228c7d6876ecc60cd65b84edbe4f8590c444a1a4ca,35
FLORES,100689,dev,689,,FLORES-200 original release; dev split from pinned local archive,e19dfb65b4cc78387d83ab1cc5044b4bc39c1db567e55dd9aa1ff36eda4f7eb7,8dc40a05c5544d7cf39d2e0ec1d9557069a06beea352f8275da2925e6a331ef5,32b34602de37dbdafed082e7b0d7f50064e48d6e537a02353334bc3ec7864738,25
FLORES,100690,dev,690,,FLORES-200 original release; dev split from pinned local archive,668be602cc49bb1487cda7ac63eae72a82372dc54785c1eb9f76fbe733c67104,901202531e9285ffaa4ed8a6e3bcea22cf5694f1e180d009938f4e2a9843c45a,744311f38e71bf9ead719c29d9e47650f2e73e9a5972f9006fc389eb1390b73f,54
FLORES,100691,dev,691,,FLORES-200 original release; dev split from pinned local archive,cae3528cc99843dd75228bbfab3dad917486657b4747f3a4f131d5db94b931b6,88e1bfbdd72a35b41080dfa06a1716808e53ee2d4c3744b340ebce89e0fb84a6,fe60908925f6d43fa4d2599245fcae6b6e86c7b454307bf3a72805d6033d88bc,36
FLORES,100692,dev,692,,FLORES-200 original release; dev split from pinned local archive,511fae04a620282a7da52b5d02a4ca2404e3f7ef38d5a81b5213d561969cf4af,384ea93dad4221ef7b1db56bd95c8a98a06c77c6f824041da9ec79944296fa53,93a812f01ee27512ce6cdc467ea7f2c03e6cf9510ea325a1752e9df15c6ae3b2,29
FLORES,100693,dev,693,,FLORES-200 original release; dev split from pinned local archive,961de6e283f88b51b9f534ef25225b746b1591c921aa4774726c50985fd1cdd8,cb2208dc61f578bd403afb24b2cfed70d321b5d352b460d2155e5fd2f6a1d7f7,4fd1e8669eef0a8607d0dcc73165b7d6d60a9ec473f68025e5907faaf7f67223,38
FLORES,100694,dev,694,,FLORES-200 original release; dev split from pinned local archive,cf82b2db303f807b30081821c406e04f7a1bcd21b7d6cfe35a8b9dd5ad22c9f0,2f092caac7744edd00912e571bf3e8af55300a65e90258ecf9eb56e6049e7e56,f3bcff8b7a8979d319a616d29c92a11e9b30c2169df39decb71acf6bb01db4b6,39
FLORES,100695,dev,695,,FLORES-200 original release; dev split from pinned local archive,7ee0af757dd67e88e30c1418a1c42164c4be887f0f65aff545780e7d2a9ebf35,2f08d4459798c3783bcbf75d87be0454000fd94ce38a6e34ae865607bae04291,c6991773feb01bf63b80e903f8a9ff2cb538d770444cf1d294e0be06c4f80aa5,29
FLORES,100696,dev,696,,FLORES-200 original release; dev split from pinned local archive,38be538fc166a7d01cfb4c77ce8ad1a4a6d2366dc1a20bd0e64a8d39058e23c8,44e599911e8bab35ac1da0d723bf3e81819be45ca7fea888f6ec2fb6f42b3899,d1966917b0c3185c79c007998a8890e7a71b6264e1489271eb51cc4127865472,42
FLORES,100697,dev,697,,FLORES-200 original release; dev split from pinned local archive,58ecf7d326c47af6835bb01853f890c5db74c5a94e10cebdd218ef3507066df9,91d5977921bdf6c7ffc5fbb35e507df0cdbdcb9f398e26e06d71f6acc1bec250,e46529a1d9e68f81b58c747df4e659204dd0418206d222692ddb975edf5f45e6,44
FLORES,100698,dev,698,,FLORES-200 original release; dev split from pinned local archive,0a5f27925663ad0f951817ba7b4bb01454c6ad14939f4d40554cf86d43283869,647753fe87883139117f9708be54f4e5e001406db33fc46994af69876e861b87,8442d08956bbc2f10ad15a2d68daf4b125d6d8641d551a503570bfbafc91b0ad,38
FLORES,100699,dev,699,,FLORES-200 original release; dev split from pinned local archive,8742094bb96b72ebbdb6b2a123bef7bf9f8c157de3b81e61c8b3c1a77db5ee59,e8d4fde35c75436ae5132ad24ebb4e61518def636f8e6cffcc8c4ea9ba0776fd,1a9a025757bfb360a33cb2e1c8aabbbd112ae4507d96921e748e2fdbad94f9a4,33
FLORES,100700,dev,700,,FLORES-200 original release; dev split from pinned local archive,24a7a283afc8b301eb7a62eed59bd981215f9baf9b1bec6295505d470b1aa0e6,41a4bf2c3fd450b52d13738c0899f088b8c4ca52a4a0ad029c86b87252cdc069,b95d9e2fba2e2bafafdffe57cfcd363b9cf6ed5f1b963f3cb879d02fec533f53,32
FLORES,100701,dev,701,,FLORES-200 original release; dev split from pinned local archive,1e753c8db1575a861f8f6d4b0781f5079071fce52663bf5f6a1541fab9abc406,cb29eb4f75202e90e403be733cfa0999d054f57b9fdcbbd73fa59be195fb56ca,c9b539aedbc103866d173f7fa0f303c652a4839737bb6d19310c09d9dfe12929,27
FLORES,100702,dev,702,,FLORES-200 original release; dev split from pinned local archive,27ccfb35a8019256d89c63970528ee956e56b2a290b4c79967a8f2ace3556b08,bae2636642127619932480df8f1646e4bb6c91637d49b2f91b28c460c4bf9016,cee09397a5c8e03e60d6718120718f32a541551f4311b4282c76e0ee9415dc69,35
FLORES,100703,dev,703,,FLORES-200 original release; dev split from pinned local archive,2a84b825ac86337eb90228931cd3f646496fd8a734a2f5f5b78c444256556742,5e36d4efd629ff166d785621014e4e07a112ee86188903df5085b47e43aebd3a,fffb8fffb953c92436063be2d8fc0ac84fb649e0df6f1a78395d2bd67f1e6dd4,44
FLORES,100704,dev,704,,FLORES-200 original release; dev split from pinned local archive,3f652ddbbe1d9621ad8abe14e5b92f3c290b05bee6e396db214c12e28d707945,ff37f80d21974fd4447e74d748e995a5f4f567d472681614abcf2ca741e77514,7674f070376f8a82475ae1cbffcec7701f408075f04c4e1258085aa949e7e948,51
FLORES,100705,dev,705,,FLORES-200 original release; dev split from pinned local archive,861557b02045a4790ce07cf0acb25159297266389b82e6978cc89a41440a5edb,f3d5b36aa94146bd36d8d7f536fc08c12c83e72a5ca7efd42a7640c958545ae5,634a5aac47405152d13042287604ec0eb6a890495ec81626e55983b1030cbf90,34
FLORES,100706,dev,706,,FLORES-200 original release; dev split from pinned local archive,f700720abe2d303a4c2bd162693dc3ff614145cd4d29390d521ce98de212d5c3,d7e86a040cd8be7d5f433e2996a155955ded885c71aa4c8e5709baadd57f9303,236c8a0173c8d381e6503e4e3a24bc42db9dd29964ea76e4bae7be1f2c3fead1,32
FLORES,100707,dev,707,,FLORES-200 original release; dev split from pinned local archive,d2b9f816b6b71590516c9e3f403d0646e4d04a97a4a07bf98c05c27db878f62d,5f648926b635efc3495582950f034b69fef31e78276fcd7f0e5a86237f771da5,c0a0f610929cf589f47f25c860cdd52896ecb1a73dc41860547cb323ba43fa3a,38
FLORES,100708,dev,708,,FLORES-200 original release; dev split from pinned local archive,eaf3cbd936689fd52451ccd2b42024fd4653c68408ae6cc0b0f3f9364a912dde,43f8deb99a8bde836c7acbe6e7e4fd6108c8d917d12bde39edd0d18714d5fe6c,fedf810402f5e5b21493ff0d675ef9c254e7a05b2ba36b9ef2c70a0ca9ca5b70,47
FLORES,100709,dev,709,,FLORES-200 original release; dev split from pinned local archive,44c86f0d485e450b8831570e09d7fb025887999af474167236d49683612f1233,e5018d42cf30a9f1060fea6795ef83b9725cda25d04d0328670b615ec83ba907,72c8d52ad79276b6a05e16511ec1df8816d9481c550047d10f83841372094ea8,36
FLORES,100710,dev,710,,FLORES-200 original release; dev split from pinned local archive,9060c98058dccc32d4081264fa0c5e15ab60e5c19f05a9ef4b82db471cb34f23,3915b80ad92c1a7ba3a53391bb741fe19d5ee1e01631088e028157c08c735ea7,03d1ff0099f6b9fd1090ae869fa85b8d6a85056d2303b6bd57e9c3d7ce3d897a,42
FLORES,100711,dev,711,,FLORES-200 original release; dev split from pinned local archive,4190d6d78098b5f94c6209dc0fb0cac2e6dbc1a4493f6d954a01ff1ec8458f3e,08c7914c304e39b79424bd86101e6ba034d3577ad9bf2abce9e7220495736b19,392e21c974fb42240703901b6a7ccd6f4168ec9960adcbf4ba4d98dddf59c19a,36
FLORES,100712,dev,712,,FLORES-200 original release; dev split from pinned local archive,163aa9c50a3df949dec72dc0c76f375c7b5c974942deb4004ba68a1b651005a7,550035ed4cb7b4156e0728d1b7a4db9daaa19f1a21af219bd7f58174821d5b58,c65d272aa0ca171303155807fa9e12052c59297b5e9385b49ac6723d6cc94be2,41
FLORES,100713,dev,713,,FLORES-200 original release; dev split from pinned local archive,63701a2d12543dd955ad7ec0a157e6007f46cf8d355c7bdca59b28c378e55dfc,c3705bfe1770423e22310b860077087ce1d45b3d13fccf07a6546ccb816152cb,39e45251f5d628cc8511b28ce4d627b4ac911d3f0ebb1c3a4ebd36cd2250ff3b,38
FLORES,100714,dev,714,,FLORES-200 original release; dev split from pinned local archive,897a2e02c715b64dde09eed17090a5f981f862f5d96bf907d855a8986fd28df4,a1abbc903696362928117635543ce6b0e204b791cab5e861bc50be078166b2cf,50f4dc48ccf461fbc166f9d90aeee54287fdf5d109426d00c23957f78d407555,32
FLORES,100715,dev,715,,FLORES-200 original release; dev split from pinned local archive,81c2d4e11a1e2071539dec9b42529b11ae6dd85f7444c1a1cc48919b444e14f1,95dddc352dfa62b4f060c9863c30a45340a3c8f1362cdea986031144aee147fc,3e24edbee5cbf9b46de298a34e2aeaac6ed6da68296d751850921385be83819c,37
FLORES,100716,dev,716,,FLORES-200 original release; dev split from pinned local archive,88d262ee60dc6650009e2ae8b7d9618439c7c08bf35cad330a6999f911343b73,312abd3a6acfab16707c2aeda8ea06037128ead239042dd675ffdd7e36c02d5c,38d99b0f9e3585c5a4cfe04f4526f350de9660d0855d463211ac810899e13e0c,32
FLORES,100717,dev,717,,FLORES-200 original release; dev split from pinned local archive,aed51b80b1ab062dea5352265e1e3267d08ad1c3df88d7d23a599ecd9e16c992,2bf26c4aa4691af5b6633ec760e936b590b6ef6f208c72e2c05bb431278f5eda,6d39bfb99110df735070b1d97604059ebb48d5fd3bffe48ab3183528d649f8c6,48
FLORES,100718,dev,718,,FLORES-200 original release; dev split from pinned local archive,097b946dfca206ded6c5c314911bdf523517e807e27f3742163f128f5b952ab6,87c0436be7a96c7d468bcb81efac72536e2be40e2f957a754e16bfda732ccb95,ef0c45540417fd5eb577cb14592e10eb6387e3760914a895a1e17979e3f86c87,41
FLORES,100719,dev,719,,FLORES-200 original release; dev split from pinned local archive,4e7ddd0c1709280ec7f629180a5f797f556c9c09b9a0f92da2841b62b583305d,78c8ac367db92a7f41dd1f524848de91b5ad8d5305fe4222d3bf117107196ce2,02bb2e09e5a537c2d8a12ea3c5ecb542a42b3a39d19629208b73c16d53bdf97c,59
FLORES,100720,dev,720,,FLORES-200 original release; dev split from pinned local archive,dcd1a59bb85e45c5cd766ebd0d80ba03cbf99f89dfc8a6ae49c803cb7cf5d709,763bf74f4e4af067cd3c2f16f17258a8ddb258159d42414ecdf154469aae20f2,b59444981ed3d5249ca3ceab5bdffaa1ee5235f7ef97a77be227ec417bfbf02d,44
FLORES,100721,dev,721,,FLORES-200 original release; dev split from pinned local archive,1de4cc4b13a199030af24517beeb7b17d67ba98653c41e70dbb084fa97c2284a,fc80eb224a71edd77d912a5bbc61f7b275189f8fbfa52b06493750fd7da1fdeb,eee772f00810581f209ef2351520288a4a9d4d8adb207dc899a0c2d562c42dc4,40
FLORES,100722,dev,722,,FLORES-200 original release; dev split from pinned local archive,9360dc44349ce1bacc1a82a91e8bf772296c3d0a1643170b1986a26f5a4c6d8c,a3c9496e6eaf779be3e508a94a6235a44fe5ebd9d3718b25ed93a81c1df558e6,fd79f55a011a42b2e587b870a0e4f0b476b8620880ae39b071b6b3551ec2c0d2,51
FLORES,100723,dev,723,,FLORES-200 original release; dev split from pinned local archive,1fea591514cecefba1ef24f5f884f4f8fd2e436fa8cdb83ea5cef113a3413217,1e7a55075477d6a1916be7cbbe9f5f6fd7612c998f51f9e87735c139cd429b5e,5d07eb238c555f57c0b3160819360cfc855c75b03c912dee2ecccb8372849dc7,41
FLORES,100724,dev,724,,FLORES-200 original release; dev split from pinned local archive,db4d53c1fe3fe36d256a20bdd52736f1b42fe8d780863fedefd7e8f171cfe7ae,bad8b4d42ef1242c1680617deaa60845eb626eb2a1006660532031acd5ab4741,c87a2c6d7088af231201c5c350829eb735dff84cb150381a27ae0327dbcacf71,63
FLORES,100725,dev,725,,FLORES-200 original release; dev split from pinned local archive,86901c23529c62a8ea84093372fb0749c319bc4da5123e40fcd563c569f4de45,25436f5cfb68b8b86fac2ac0e2f7b8838a30687ea06246ded3adcb2bc3025dcb,f231ecd359012c3660c2182d30a9d240da7325fb00e2020610b0ac118312eadd,51
FLORES,100726,dev,726,,FLORES-200 original release; dev split from pinned local archive,70b9bb786a00a2d901d6e5dcbe0bf798c00584778e37e6ccf7618912acfdf798,6b8582dd744d4e9c507e35352a90beff42b3db1c5c1f3e221b508182b38f3e23,1b3eacb06d2d72e0c941012984351be6850632bcd62d20b775294beae5759c79,34
FLORES,100727,dev,727,,FLORES-200 original release; dev split from pinned local archive,79bd6a53ff6218c64112bc67680aeeb3a97bb6d90dac275a8185e2c5d9708a80,8d1f07c22ba904154d46b0466351e62b024b2485b79fca472f3aa0fda54ecad9,4b7c1b2036e58a0d67dc67ad9909ab866493f574707fb3dc957c7029db7d4243,42
FLORES,100728,dev,728,,FLORES-200 original release; dev split from pinned local archive,d4311983ef9a53e14344a57b6f072fa5e415ae0f7a4e2cf0da507f6df1cc9795,44cbd92a716f6a25bb0a8c63af3ff6c7ec6ab3219932b56a019f59d9bd46cb8b,5661dbfcce840c192e2a5c6ba47be147d6fd99ff67d066c066fac560f3b47a3f,44
FLORES,100729,dev,729,,FLORES-200 original release; dev split from pinned local archive,9c08fef0984a32b26733cbfd0574232e1b2f9a7d6fb2c6c5d06fdab2abb4fe97,17b71627331bf986156765326f6bfddbbd784cb5e477d6de53f179a92607a4ce,c3100fd2fade5f86841ad2a480e4b02487511db590d907171be29780fdf2b3cb,25
FLORES,100730,dev,730,,FLORES-200 original release; dev split from pinned local archive,a2a08638242c593558e19a14a21de2fb9a7a4da5701c9d9f53df8bab77cda013,39fd9430eb43295395370e6229863430e976bc6ebb5476678297118c4933d651,a9de644248cf012aa4c2c992b4f73db57599f07e9d155b31676d931b446428a3,35
FLORES,100731,dev,731,,FLORES-200 original release; dev split from pinned local archive,203d56e6c733da193bc3d526087fc43de1f6ae574b008704275f867f4b15687b,cfdc80e84ccd211bfd5e294879a2f839b1ba2ba3b733e9f46065eeccad04b5b4,b28bf18513176b0d08b3254f42e0210fe37f647ff2ee23a844b83faa17e30e27,40
FLORES,100732,dev,732,,FLORES-200 original release; dev split from pinned local archive,6f2829b9f8becca3b33990095c966f134fda18fb32b2d5c63733207ef9cef59c,1bf72ccf259228f47ee77b72ecfc88557d6591ea7c60ad62b2187218aa41b893,f5d92d5655edeb1703061867d6f269c860fa046f3b6c2fb481c4f4d15b386667,30
FLORES,100733,dev,733,,FLORES-200 original release; dev split from pinned local archive,c4bb8a065c1395b9575044b21c8967f7725d24f9bc40fdc38158b54701b388a3,bd47716a61487bbfce02a41478480ec4a5ac7171d37437c639ea2fda79a70947,252c0bc2d8b96f8f30e9e04dc8c3ff2fc2d2ba92a613d1ca463a9e2d31e7f2d2,40
FLORES,100734,dev,734,,FLORES-200 original release; dev split from pinned local archive,1bcab45e20d45f1f35fb0043a06e0f16cefa06a859252e12d43eaf7681d2e90d,5e115e836c97c5d4756256d7623bbed031d8e38cfba0a5590a5b5314ed8fad1d,0fd32bce30de83b93a8a05cbcfc358a5a5120d946a4edb949705cf1f006b32fe,36
FLORES,100735,dev,735,,FLORES-200 original release; dev split from pinned local archive,e6af0010bc5517dcb98ef203ce7dbaa857aed6da6ba0edff66725526c26a10b3,872d14fed8c1a5a667992188eb8c93a56fc7e880bf84668050d4e431d83f8903,508965268b7552797f99191ccc40f7d7dc53048e70d2feaa5f6c9653082dfb60,33
FLORES,100736,dev,736,,FLORES-200 original release; dev split from pinned local archive,509369b71f718ccd6e7503e33d1ba81024ad5388326bb2362f7157006737b61a,de0c0dd37b93b3c2d4c7171055d1eb92eef4db9e579ea6a68249abf21c1459d9,d9189f1a4a410abbeaebf7dcea0f4a6a6b43bc442e71caf1a9a46529e93f329d,54
FLORES,100737,dev,737,,FLORES-200 original release; dev split from pinned local archive,5701835e32e4f9a585ef2f75789de244cdcff086638dc76071989e47717ccb5a,a1823a47c09791d671d1b177c6b681a142b23a2507d4b8134e410f314a000c2a,d5701e2b9755464f91c6be9701405bdbb7ab0d29d2cb81b2c2c6b0028b85bc30,38
FLORES,100738,dev,738,,FLORES-200 original release; dev split from pinned local archive,32cece90635eb24470f5b1898552a1df15c44ce5d9b8ddcbf3d04bc2a277fbb4,a25a38752e227e87834e65fd8928b3322e1d3f71f92b7cefb63b5eadbe60f0cd,a69da3ec4aaaff89d2d2df5643a116b9482b1cdf8184f8f7369769c9356dd6eb,34
FLORES,100739,dev,739,,FLORES-200 original release; dev split from pinned local archive,c5997cd9e314f701f3fd23088b3c168c4471e7e2585d211676dbaa39a681c975,6de13a22ca27611b51852a2a573081e4d067903169f08fdf0da073f43905b1b4,011ee2d12fe8d59850f29dc3d2a7ae6a50b26092e5ba23ad2829a920917c53cd,46
FLORES,100740,dev,740,,FLORES-200 original release; dev split from pinned local archive,7ca8fa62d8f39f21b8233f0a8948334dac2387809c775829d29ceda0dbd2468e,5fb2db3ee4bcb70b6957424984301a083c9b369a46d12931ff6062fb53cb90e5,06c854618f0b3fa21b1401d322b8329a267575c375fe22da4453c78d63552757,41
FLORES,100741,dev,741,,FLORES-200 original release; dev split from pinned local archive,9b91374db2a75dfa22e659db08a3297edf144291e6452f414f2e5d887ddfcd93,774f75448806cc37e2be008824f3c2e0d68778d37289bae7aeb846fe7a698852,1a17c603b9ddd0df9d596139086d23557873be19898dab5e88ebb44e79821149,36
FLORES,100742,dev,742,,FLORES-200 original release; dev split from pinned local archive,ce24ae68d9121a3653eda4fd76c88b69886667ac04cde92635ece463eaa7dd9e,767cb9bea38ab059d1770a09a607ef0eacf9ebedda5c7268499d0323c9d0f2a9,066d723d0b0bd845e99f00cab21d81f5a298e59540d8a1eebb597f970fd1a58a,33
FLORES,100743,dev,743,,FLORES-200 original release; dev split from pinned local archive,8ebe9fbcd433a4dabffb139146b17139c09acb32f47d0d812567c05ca6bdcb84,a2e614ae031b2f7f4a4d57ac0ea5c81700c2a85989cb3231a56ac536fc5a4733,103b5b6c8b8101ae481c58aa3e9c2c9aaa644a56579fd321dbbaa73e86e3f5bc,35
FLORES,100744,dev,744,,FLORES-200 original release; dev split from pinned local archive,d8a94d8a08df49f77b0889545f0e354d86cb33a8273d9e2514fe46220a148f94,02df9abe996dad0e58cd866c9e198eb73587bacd6ab8d8814985f3d023d29ad2,fd590fe9ed455508c5c25350d17f4e2db16711a6bbbb17bf67a56aba9e6bd5c8,44
FLORES,100745,dev,745,,FLORES-200 original release; dev split from pinned local archive,84f7ab5c724741f54823b6912668177f47baee2f9b0da6f3cb285425b0afc2e6,c30ff2673d2dd1d9461bdd8963ea54193b7dad71a774f7a2355f53623d2f9c00,d4271bce34ebaff3244615962d416c3bd08ca53dba6fd4a5ac6c4f7799327d2b,33
FLORES,100746,dev,746,,FLORES-200 original release; dev split from pinned local archive,09c69dd4988765efc566c3dc6944de3e23c29931ba5375b65980cd7830b41b37,18efffad2fad9eb052506165ef2deb8c4d18e89cac1c7c058acba810f2524c18,ae7c412ea005f2f0f59cb4e7998a128ac79db38e951f841d580856461f831b13,32
FLORES,100747,dev,747,,FLORES-200 original release; dev split from pinned local archive,1624f03cc75e5512ab13bcf1fc2f05a1b21d8fe839a733c3acf8dd9792eb8b6e,46503b880687984e2e64895e69e56284484661182ce2c9ce6a0c56ad2d1d1aa1,718b83a22205d37389e741e9cf3fd97561511cfbdbacb44e57ff7f81e6c19de7,38
FLORES,100748,dev,748,,FLORES-200 original release; dev split from pinned local archive,09c0140d4740af8daa6bd4b1e4b86d36a88d6f464948d93b9fd73d90c7b55fcb,44e648e5550dd9a3d3c897b2a16aec67036ad563f4a82c454be5c45917d0662e,a0c63b05af7e03631d17209cbef9befdd89e1622c55a1d4915589f7ea4757a4c,28
FLORES,100749,dev,749,,FLORES-200 original release; dev split from pinned local archive,2255a35ab90c040936cf5cbd800b1a0a588f2d88ffd40db368d1c975bf5005b0,d0d30b9c26bf6154cc7ba9eec726377ff863b43e38f04064a863551ce88fea46,8f54954adf04c2b10af1beb303ee679c849879ce72d843e2a9e1e1e7ce18ef9a,32
FLORES,100750,dev,750,,FLORES-200 original release; dev split from pinned local archive,23380cac7d7c899fe85636af114c987e6ede70365cddc241d22f5e6c911f1a01,9048cf9df8d425947ba62a44ebac2c014610bc07089ef630fb4a7e32e07dcc2f,4c3593fc401a40c8c63bb7477e40673241a6790f7536d046f0aaea0f9bcd538c,33
FLORES,100751,dev,751,,FLORES-200 original release; dev split from pinned local archive,e267e2c73050852ac9ff8a039291a82ef3af4f2253a1c88a0b2018fb17f26646,174d2c19f1656d647ca4cd8a5c3d81321c07eec7b42e613b98d21d16ba149e7f,7def2bb1260259a92ed31cb7a67938cf975ce8d610e9505d261c4707fd4d062c,30
FLORES,100752,dev,752,,FLORES-200 original release; dev split from pinned local archive,8016c4c95140d7d41b392e64de38b9c53c29d536e44b7b6cbff335177b8e7e3f,0962476d0eb43050272f5d3f962785383781718737c686448af0b4747515aa58,72ff0cd82248482d1711e8e6984994985e4465298d2f6e3c644c7a0539c29d7a,32
FLORES,100753,dev,753,,FLORES-200 original release; dev split from pinned local archive,d7c1e6ad7e85b6cecbc804f5174847e163dff1a02fde6a4704a47e18ea3150ad,8231a6bc41c4f8b6eb3c99138e882a224a10eebb2d22b563c342b6e43b5e60de,750e7178746c365003e53c115f3f914ba862ff78479616dfbd1a974c6dc117e4,37
FLORES,100754,dev,754,,FLORES-200 original release; dev split from pinned local archive,f43e3f64e6fe3d771c9904aa2a123b38fd009d1f9bfa3297aa47d4a1ce102e1a,ad0f90215fb71259323001cf329f2bc92e06ce1876fe821ba45d7522233d29a0,d3268dd4538218ebc9a06251782e05c8fbc37472099c61ac9cb0e37ea24c7f3b,38
FLORES,100755,dev,755,,FLORES-200 original release; dev split from pinned local archive,c00a65c26ceb5fc6a7fd29fbf08fa82a6f7d0da8b1e86d771ce8db5a8a26b508,93ea345ad89a9a26c31cf49d1afdec6e42ee4a1d8a85dd064b271b3f175b85cb,09f225bd295cb3c38a70c419aa7408e382bc2a4c1fe1ebaaf4ddffa0dbaa069f,48
FLORES,100756,dev,756,,FLORES-200 original release; dev split from pinned local archive,9bc5c0709f96ca451ca503992949d132e056f2f4297b5903cfd9d073cbc728d4,dab7c20db1e74a37b1d9a6874d20c8db4ebaf6ae441f3f0e4292994a85a2a0e2,cc9d6a2037e644db64526d3b0fddf6d2ecc8544a5df5c9054849a2cb876fa6d5,35
FLORES,100757,dev,757,,FLORES-200 original release; dev split from pinned local archive,aefe8b7d3e11eb6b12f44c9777df2ca9de9ddb5508754f333c765d0414e2bbee,5d6a5b2034dc98fd1be2a3712b2d8b1ca265660baee84eed09c8304318e11f67,acaea5d0733aebb1cc0ae6aa93a48545497a238d04cea9fcba87f0abc9263175,37
FLORES,100758,dev,758,,FLORES-200 original release; dev split from pinned local archive,3f97a8e6448d50f2dafb536888c6067517e5fb7454697da1c41056ed356bb926,3f6aafc14d42a7b52ec040f33df0e3a6772f1981829c59ff87451fa8dde5fdbc,e702c9615fb8fe4d5027bc38c09fd60f8173ba9731f723058f6c5c99672587af,32
FLORES,100759,dev,759,,FLORES-200 original release; dev split from pinned local archive,48236dc22402ebc399181fe2f1f4fb20c1e087ef60de4fb6c2bf219d327b0e84,ba723f3584f950c692f548bd06e17f15f43a9ce4f2615ef5602c3808a2287a97,ed922009b153f3f9e18712dba04c6c11d94dda3e5de35f7d75b9bef241f78426,36
FLORES,100760,dev,760,,FLORES-200 original release; dev split from pinned local archive,f3a07aee48f8ae194513093931bab73c964e8f925c124716d0d06a9d3e178e07,440c4acf5271708f460f3defdf39e6598285b221e70ad849b16ac834873e6bd7,e709720f39d8b9fd206af6baaddb4c432911fe7b89b4fb50c7ddcbf373c18537,33
FLORES,100761,dev,761,,FLORES-200 original release; dev split from pinned local archive,5b810c3f0e272e342b63b88969cd2f58e8a164e3e5fb84eae4fc3756c5fb5748,3fd794c5e348f500f75b56e8b712dbc72c157fe73a19ca86585e6082befca6f0,60737f392e57349a2fd4650478c08063a8264b80cdba3852dc2ad35049e837fe,35
FLORES,100762,dev,762,,FLORES-200 original release; dev split from pinned local archive,1f3f0f8c7d138c0897b5276fc22e4fc22ced330e0ebdcd3516c2a88138b9dca2,d51aad8e034d94a4985534315a42362c4c9cb6a85d713625ad24203b98e638ab,ca3b306f4024fde66fc07025635d997a464ed846a172b0dc4d4f2f5b2a23a46b,36
FLORES,100763,dev,763,,FLORES-200 original release; dev split from pinned local archive,5a9cc6c6680d430c0ed94ee72fed88b36610e2eb06218c58ea11a1a088851fb7,fa3d2af081ab49099b041cb78591cdbef56f74fc54256851472806e499c35f7e,20b5908745d62c9c348fca9c2a5789f180c297e0e18a4ded84a854f91b905c18,45
FLORES,100764,dev,764,,FLORES-200 original release; dev split from pinned local archive,8b9a2994bcfb0e60d3ab083134125f34c1965b738244c777f6729d6f58518c67,f3746afa47ce7f203a9a733ddf99d90d6976c62ff8fa2c242402d44f9bf32ab9,2138d711d4f852ee68ed54fcb8fd9894c6eb5a26fe4ffee8b400dad6a6dd0b4b,30
FLORES,100765,dev,765,,FLORES-200 original release; dev split from pinned local archive,df6341253a2585dfc586d370aab161a7654ec6285af0173eb4b989f57114c21e,1f42ce67d7a9594aee9f129ac084950eeb63c25b43f6639fed0414b129302cc6,1d3bf596454d5e7173ee7cd030368aae30ebd983e18b374c444b54052c0af844,38
FLORES,100766,dev,766,,FLORES-200 original release; dev split from pinned local archive,b0d6c74781727ec458d092ca45e57dfc812c99b60f4b55cdbbd188ba90889a66,7fbf4b585928c1103462fdd88464009d8134f8f619d724a73a400c34195e493b,d49a0ef62b66182d31fcf418ab45dd1edf3cdb2b3f62f454b942bc270aa5738b,31
FLORES,100767,dev,767,,FLORES-200 original release; dev split from pinned local archive,2a1c80c6e61c614128979b6a2445dccdb473edf0b6abad245420f7fc3e65189e,890d6877ddde3d9631524ccd4d51cd9a4d026a29cff7cb4d59d1dcb883bd5c03,448a52c8496556126e32bdbee21dc4e58325718dab5e30bc45278e1fc336bb70,52
FLORES,100768,dev,768,,FLORES-200 original release; dev split from pinned local archive,27df3c2ade70f662f158647a5bac512ebcc1fa3d39228a2f86801d6b22feeb0d,916629bad0b6fd86ad5c8492c662aba1f7fef8cc6ea2689b92a747cea9ef840a,c09a6e7ea48eee82a92d9d9a348257c8cc4e542b0b8f7e43905fd3735d8b06f8,26
FLORES,100769,dev,769,,FLORES-200 original release; dev split from pinned local archive,ebac4a6056ad14b30c707a74e156a9f30506dbaa56c43d895a9dfaed5e068687,79de1e3f69d4876d22babeec13d3e64c302773c79e1f70d593d690531407bc03,8eb5829ef0e959ac4d106686a503f6cf803992f0ea918f8fdfa5dda2d853ffdd,46
FLORES,100770,dev,770,,FLORES-200 original release; dev split from pinned local archive,896c56ee202d0f369165689b032cf0511d125d718d657b7b3378701b596f5a55,7819826c26dbf46838b1f061a48edaee782eacee9cae1eb9e2d1fb49a99d6a98,e153b13bd98b9a61d02237e8b6aa68690547f137a7c13d942922e911bfeb2619,40
FLORES,100771,dev,771,,FLORES-200 original release; dev split from pinned local archive,b6234277377f29b40fc722758a0f9dcd018f47373d2b47ba6ae649c635954985,17b84009c3363c34033c7d817beb639dbd08ec1f3ca9c39f3fb54633a0764448,fcbeea6ed5def97786283643e57c5e0464fc7ebbd803fbe96a8cbab26e5860cb,41
FLORES,100772,dev,772,,FLORES-200 original release; dev split from pinned local archive,03c5f90b5ef59ddb3be2d02811a6eeb2d0f57c33592424d7025a0ec4a253a778,ce879d0febb2eeed63d80db82d77dacf15e3ca6037f4af80a2ae960423cedebe,c804e86a2c8dd60177dcf59ade8e5d7aa82c0e4e2ead096964f4192966826e33,35
FLORES,100773,dev,773,,FLORES-200 original release; dev split from pinned local archive,71737c40dece3332e56e997a460a2ce994b61f851f4e27aa08b3559c3effece7,9980b8a8fb5e50e37e985a0e974ba50ed90becf48205a62d865c29feacf652d1,f003f338f0dc94bb738ca61056c6e0c4effeab211c70d9f50499dfc381f07944,37
FLORES,100774,dev,774,,FLORES-200 original release; dev split from pinned local archive,01c5b6db26b29919e244d891b8018c01cda3406f10e6e2339be12e623352ef5a,7abdbfbbcb788decd6a87034f035e104be82391705fce2c7d0869f5e60e5509b,87d9b60beaaf46f9151525c8be6c55b84c92fc43a72bf2d1a6c0363a1b08efd9,37
FLORES,100775,dev,775,,FLORES-200 original release; dev split from pinned local archive,74d098844fd749b8c798d94a179259be71b1eed1b692fdad701553280a686b34,bcc2b04161bdfd777bd5db6f1d1c3af78443bb5fd28be94bded0200f3b679434,9fc5cf229c5d29e29f46f4e79e795e6f17e878ab01a307931e68f7143650bd52,35
FLORES,100776,dev,776,,FLORES-200 original release; dev split from pinned local archive,df631ea70675d6ddf0a9223b0cb32f2f086b59a222c5a1cb7e3211465ec203d3,50ad953c8acef5931ea375c767e24bff2faa3a6e9928c6dea8cc0ce41bf7b359,80cdd0cd9f18f4b7f8a99139ebfba9bf5077744c6885233e8f512de59c7d9ce7,36
FLORES,100777,dev,777,,FLORES-200 original release; dev split from pinned local archive,c4d071169974b3dace4898bb89165fdd8741ca10568cc1e7f0e879dbc2577cae,353ddca2a2025648d612d42d149b515fdfd8799ba9d64e5e669e532fa43800f4,bd955a8480dac698c665986e2613c382875763a8c5376a8c49129418e1fb9a32,36
FLORES,100778,dev,778,,FLORES-200 original release; dev split from pinned local archive,ec11ca4f723599e364e8cfe52f4fe420c994f186aadf58b4952ab068a8953ab9,52dfa23df7922b9336ff952087abff6b9e89ca8930ca194c572905f105e05e21,043902d956e9dacad835018f5260e1925496cfcc8fbf45f0029f73e772e19dbc,48
FLORES,100779,dev,779,,FLORES-200 original release; dev split from pinned local archive,de42850959e7c82212f9f3f9698b9b55d28996ccb95264c6a928a7dd203c7fd6,0f4a470a7726f7f5c4bdee674ff91c618630dbcd6b808a98f22465cd35542b7c,4d9e156a8b669104db843c99a21e70b82e456796b73046d964b4b234b67f6369,36
FLORES,100780,dev,780,,FLORES-200 original release; dev split from pinned local archive,47d85575508fe0a9f50565dfbb4046f145e318014e682b3555ef938f317d0ec4,3ebe176db8e7ad9d95382d2f10de8e9bdd68d67b4a4407642257d04c0c465754,4f358ac12b354f9f8c8e2f845d33d2c6651c69247eef6a9044eebfa6ed48a155,40
FLORES,100781,dev,781,,FLORES-200 original release; dev split from pinned local archive,fa12f8110f1c7259c0df5802935db242ace052934b2224c642aa570249da10cd,70b9fe2f5556073fe25be5af903b54dfd6a2ce4689994f20608467803edc29aa,c60abba4b4cdf77bd75fd14546141c8a47a6ceeab93359b7a0757d24bc5a1591,39
FLORES,100782,dev,782,,FLORES-200 original release; dev split from pinned local archive,92a18873e2b58124823c91bc26129aada65a0a460d205dd840a35f77c30bf1f5,ba875b8d8496abf4da8c6c21197f58365865a653de66262779ba4366f94e9124,34a2824485d43d7eccff7572423e375bfed4bcce3e2be5c0109d68ca25fe6799,38
FLORES,100783,dev,783,,FLORES-200 original release; dev split from pinned local archive,b87c4d668aad6e6dc5d6d8e5c04a4f77751f1cd232fa9668337eed0c304af80a,026c76bea1d7cb6ea8504e8b13e586874725cf71390be7b88c56835ebbb895b2,f8679ddaa4be3cac6177aa59756eca9dbca1a7fab8317de8bc1505fd6c2474da,34
FLORES,100784,dev,784,,FLORES-200 original release; dev split from pinned local archive,43965e63067efcdb6481e23849f7c5b6fdb4d7d6d4ce1d465e6ba64456e68a3f,3bc144b502b6b94a4bce00fae42b568784a1dd55e244ef260c23b0ae148f4507,d7cd8980711ccdadc96dbee9f08085fadc61d2075cd1af42b1112b30af78aeb7,37
FLORES,100785,dev,785,,FLORES-200 original release; dev split from pinned local archive,b73aa2fa58d645a71c3c08e20fe7772b421ca9f9ecb93b5a372cde586004ebab,4050598367c08dca454c8af3f37e3b694e569755a7ad5c978bb1ac04b3366fe2,ea7b858f8dc4acf51fe7ddad8ca85bf25cc8616604b1172d3022f00283b5ec78,32
FLORES,100786,dev,786,,FLORES-200 original release; dev split from pinned local archive,88b5e67d7519767b186bffca7c6e4f5385c0e5e6767217745cddf333802feced,8811417ad9b33ce200161b1af341071e5feb84948239dced64db3121e9b27619,edcbbd56e41d1828b873dee362ea6306ae28852298f7c188d1503ae0198b5829,33
FLORES,100787,dev,787,,FLORES-200 original release; dev split from pinned local archive,afde234118abbd1069b002f52005f5f2bbf9b1c2c41eb5a547ac6ef26d43357c,835574383e44e00bda96ad02e1c5def34a481083bcf58b1d5821a5f9c16a3603,4411eb37f4a22df1f34231c68b82d8ac26019b651846599b14671c400523b258,38
FLORES,100788,dev,788,,FLORES-200 original release; dev split from pinned local archive,0187420b17970fb0e1bfcf7bfeedf4bcdbf5d7d06465107fb32367c9d76f77aa,aa9b485d2589793763f3ed565f9c32cc02cab4d88779a6c813e1975eb6ef2827,d90cc2364aaab03d6247f9a2aabbd3fc44ec82f274d05bfa76b041c17993df36,41
FLORES,100789,dev,789,,FLORES-200 original release; dev split from pinned local archive,e43710ab62fffdad9a50473aa105a5f5308cf38f34645310fdf959f51ccc6224,9a614655fbf6e380c9b339e064b79fe5e36d4094113cb707d3d2fa494b6a8b67,226acd5a5abe992bd9df62084bf6077ec0730111dbd4cfbd31f5237d5299e837,37
FLORES,100790,dev,790,,FLORES-200 original release; dev split from pinned local archive,ce955d9fd59af55022ff58db2c63c3673e46de6450ca72b6805d2f995042081f,1f1e470691a1b5327e8cde48eb0827e8c39bc845f4a343448f1b94c845896824,833b8764d392e53c19d4ed48e4e295eb3bb4fef4b84c15f46e010e0fa4d14d75,46
FLORES,100791,dev,791,,FLORES-200 original release; dev split from pinned local archive,e4f79227617adaee9c84ba4c4646a79e66d05980848fae60d5a8dd642304e52b,a792df30afa2393b0c5b0aee3eb6ef90a6a8a9e7490771e405736dec4dd9050d,cc278c541c41a53489f82209136247efc3a05b0edd4f35fca88a42f7387f53f7,35
FLORES,100792,dev,792,,FLORES-200 original release; dev split from pinned local archive,7cf3573d7c2746e76702476956d56a92a712b04117bc6fb70e7670f50dc95201,a12a025a608c835a718f502eefa348c75973c44c32be2e3782c3ad3900675e91,c7ae9ebe788172c0f4f7564562eba7615dd78623855da5f34cd2a6ef7de75549,38
FLORES,100793,dev,793,,FLORES-200 original release; dev split from pinned local archive,57548787b06b05eedad383855622d3f7602579c926678cf8ee7a8314c10e05ec,bc611b9a762291f4617cd2c074771bba771d66dfb0c4bace2d7d447da1468daa,45933ad017747b3d9050667a9f25759ef5b60d20c957b6e25526c5931cb9135c,39
FLORES,100794,dev,794,,FLORES-200 original release; dev split from pinned local archive,98b22afabbc69b1dc48b4f1006f317b650efede72d30a5694d6a10064fa85d7d,79ecfe1b14d57d799138cbe7b4a1027ebe6ea77a7b528d3a342605da9c4ee5ed,f3ecfe07f1513c655a402bfc88863340891c9b0ec2dd47bb5531fd2f7e757d6d,37
FLORES,100795,dev,795,,FLORES-200 original release; dev split from pinned local archive,1ec00e11157f53d51f43a043ab836cc98bad601ce0b2604e0489aeb356223520,f580c2f9ab2497016dca61f2980f93b35d963c4d6ad43b247f05213ca184b3ed,44694003df188f545eb88e5e963de21dbe8c8c7cbff6beca48114ed0d6290195,28
FLORES,100796,dev,796,,FLORES-200 original release; dev split from pinned local archive,2d3267acdfbb63b6f48b77d442f96ede755f3a86ae12f4be1b6d111067915db1,293c17b0072d262a8fa1b894661f321def1abe1f5f795462459773c262beb2e8,2aecb7ebb0e304acdc1daeb68df245a95b937cf12709209ee4324400d94f8163,35
FLORES,100797,dev,797,,FLORES-200 original release; dev split from pinned local archive,f8a91a3f910f48eaed21b370216b85219856a0443523c10e9b854a62bfef4795,b6492975984cc86be760288ee2bc9be9202d452dac7692b19740921982124c99,e76a5f70cd9cbc22ae7ec46c1c2d850dbe3784e2c3e4cd702b5013b820dfdb56,35
FLORES,100798,dev,798,,FLORES-200 original release; dev split from pinned local archive,7b6c023cde1f29d5e33bf22db7dc6facbfd80e03dd0f60f2571f2744a8740ffa,04e8f1be627634366d64f64292a97fca6fd290291b489bcc68950e13947eb4f9,a5f6c1b39e62ebafa078253209006a4ccff2c856bb6f6c8810aa07b23e6c4db4,34
FLORES,100799,dev,799,,FLORES-200 original release; dev split from pinned local archive,e376347ea885ed598b69e6eac2dfbf58c11ea09cd0b697bdcd0a8a1b7a0d4d05,9372b66073c550e5aea2007a91f3d4aacd2118306c25bb6c80e34e8c1c2fd527,598c5ee79769e130d7fe5ffb4cecb8ed096f0e865df11319a3d81e6de59ad469,30
FLORES,100800,dev,800,,FLORES-200 original release; dev split from pinned local archive,1169240d4d9037d3d5526d6ba5db792b117f33d54181a35ca05ca6e89a7080e6,f2a77d9e1d507a20a9d4bd41c8a33a220cdb68a3bd6797b8423afe09b5dcc383,de33655c882d367dc61862d2f3179814f4f1167f6739bd5e36c2e6a560847644,34
FLORES,100801,dev,801,,FLORES-200 original release; dev split from pinned local archive,de6f446a676e4c1c45e42c111f4d00f9588029bde427223949c14a85449af842,a7a9a613dab8e8e4703bb90c75262bbc77cbee0cb75b20705cd7034b5da5cbf4,1946c44328b2a07534b5c690c8d3b8df5bcdba896ebda45f216b946ab7bf1c9d,34
FLORES,100802,dev,802,,FLORES-200 original release; dev split from pinned local archive,ef83594a2d4943c3519b26d13868f7194d7d5302a51ad9ff2ec417f8e334cc60,451867e731188b785a13836cbcd25f5c4affec678c1d0084d237db72c991e0cf,32068d5ce4f25119c708eea4f74e5ca41776c23c9a475475f9cd03f128c8e9dd,31
FLORES,100803,dev,803,,FLORES-200 original release; dev split from pinned local archive,2f8eed9dd57b1d406bdd87d1f3b3a7e3fcc3b7059f33930563333d36f33cd016,d6d7d46549f7147df04c742514f823a50a0e945006572c96d5047bd563aae31f,9c7b1c0aa87dc2a4db6b9e0e6773b62a3a7cb68bbf68d7aed6500f8f671fff63,41
FLORES,100804,dev,804,,FLORES-200 original release; dev split from pinned local archive,f10dfb95c8197b2d71d46588bdaaa1ff0b1a8d79e29aea224f5c65069acf10b8,3f24a43cc7a235dacfadcef1d6c23062f3617523cbfed3a932f7b1b8a3364d6c,71ee241a3862050c0408570941cdb018875fb49ab8ba989e96f5556320c1eace,35
FLORES,100805,dev,805,,FLORES-200 original release; dev split from pinned local archive,14c0902281d7b1fca897e01520433d761e3a01f846e026a68e45162b1255d554,a63bad1a84ab60276111fa30bbf26fcf5aef735b6964a70cd0f222aa82640ba9,259a2a06c95331aad7beb4f499831748aa63559fbbdafb6029f20b0a649c41cc,34
FLORES,100806,dev,806,,FLORES-200 original release; dev split from pinned local archive,1560f3265acb3b323e5c3fda51852c44d18d595a12c3560d5b11a1469f82a9ae,1f4938e7a07f091a5909800a7106cac7949e596831178eda3b2a0c42f9152e37,f55d3681ea4953c892f9471719b94f2668c5460b686c3480595b3539ae6ec6f3,36
FLORES,100807,dev,807,,FLORES-200 original release; dev split from pinned local archive,4dd437f9182a45c3a39955d1f417c4987349c4a824bc2bb0ad587e4bfa454475,fbe6dcfa315934a59fb7443a55dd365a426d2456f59b0939c1b9df798df9996c,c471173b3775bdf5cec90d6c06b8ec3c37144fa8ea6e46e4774a5ae2a72461f7,45
FLORES,100808,dev,808,,FLORES-200 original release; dev split from pinned local archive,6b9df7978bf45454c5d72b834783b69f4176818f4f3d1ace22760290629ec3c6,7b91d51d07228c4ab1ee91afa7fee6597c2c6454d3cfd3fd3d05847b43b6fafa,78645d3204e7afe9b950fe4de8960785db468f4a1daf387f9e94da4ecc1afe51,35
FLORES,100809,dev,809,,FLORES-200 original release; dev split from pinned local archive,d837312a9511cd3a5c226e3895edcefdf34b7a87ef8c0c668b97f8a61f3191f5,5f71ed7fbb3b81e74b567c00c3f4a935b075d84111b11aad7e74ec91c95b40fa,53221ba654d260f89361913dcf2a86384bf8fd33cce0e42f6542f14abfa2d654,30
FLORES,100810,dev,810,,FLORES-200 original release; dev split from pinned local archive,47528d0e655b1613d732fe35b6e618b86dbc882e9371f46bbe3741047ae23dce,922105f8402b1615105213ca0a051a4fc6fe073ee0e5f1b13238cdf6ba1cea22,117c7f2484d2f44a4075657d495b211a8a91b21cb15a72d1bc50bb3c5571566a,42
FLORES,100811,dev,811,,FLORES-200 original release; dev split from pinned local archive,e8b23ab551605f66eab449486e3b3e7c7602dab7a46a404a73c57f9c8fad2536,69f3c94c7460f5dba9706c8bfed95cdae10c30a5b2f95dfd021f453909d81b91,9daccb9a99326494af95e20ff5940c0f445a9794b22b3fef3032700448a2a4ce,53
FLORES,100812,dev,812,,FLORES-200 original release; dev split from pinned local archive,aaef19296932c4d55df94847c10da8669ed986634192a54bed83d9a6702aeabf,bce13ce9e08bbb3f4b4fdab0dfcbe8897fb27e2ea2e8678bf1652afc245a56cf,e2df5aad1d0228af9a052d57224a532d39116c46bed01a3f46b8a9adc9f9b779,31
FLORES,100813,dev,813,,FLORES-200 original release; dev split from pinned local archive,e758568345712cc396c5868ea25d9ce0252b3b122c0401048fb8b7f090fb4bfe,cb86eb69e697e4a9e478eace0edec3bda7f46e56e5d4c0687317bd4e1a21c316,fab22547415f6591a6343b4852b512ee2572790b85981d6a6a7ff234960e4e98,34
FLORES,100814,dev,814,,FLORES-200 original release; dev split from pinned local archive,9edd7dc6733eb3c75c56fc29f17022f54d39ad98a3d4fc39e958ad35cd660f80,facacdf63055b43629161de0e8bd3bc0121f082ded33ae5583f5e935f037a9f0,60794fc2d51ea3b32a42ea226a43056f82b739a9a462313ec16ad60917951779,34
FLORES,100815,dev,815,,FLORES-200 original release; dev split from pinned local archive,73bdf68c60792daca9b1cb27155676a0f59653880daf8b7396a39f15fe4bf671,b44c02e663e05de2c2d71eeb6b662d62e4455934a4337d214ffb3a80068b991e,48eda3c8b2658aa44e7881c18ba669e870321eb7f299367191140179f466a7b8,36
FLORES,100816,dev,816,,FLORES-200 original release; dev split from pinned local archive,a9017b1aace6e546960b27217d43155ced132c063b746a35e645f1d424dc20ab,6c0ac2bbd0e5d438ee8662577c3377c35d609e05ce92f82748b947585b838e5a,5d0ebc46e1aee88535a5a95b6161a5b4c9d365ef391b95ca71eadba3ce90b46d,32
FLORES,100817,dev,817,,FLORES-200 original release; dev split from pinned local archive,d4821f60037d4819fc0e06cfe2eb78702879ca7a9f9d090c415604c9433747b0,9f09a1f6334e2a57a1dbc5d377e818b8d34caf0e943efe52ac726d785339306f,433f1459398c50ff0706c820c88a422c26d7e4239d0a6d3de7c7fad599bf3dd0,32
FLORES,100818,dev,818,,FLORES-200 original release; dev split from pinned local archive,474995d8ba55747d89a9be42701f01e010524a18d54babd1ba199b49c06f920a,be11408c642b34c65d6d4eee0358ed91a8cb845b6e961bbcf4779a4f84fa00f4,bf519ac63f3caa4c154a5d48f017916fa7132d3434b8e752acad988175400f0b,40
FLORES,100819,dev,819,,FLORES-200 original release; dev split from pinned local archive,0a30080ccff9dfbdda8a7329382057cb4fd9533ee6110ff9ebd49f54429c2c03,b2cf8eb94f62fe4e97cf5949f026370c7ab0873699b80b58ff26612a7f0d9ab2,dc830f4eec1efecbdeec1d0f47410ad0a76afc25ad213fa995c2121567d23137,29
FLORES,100820,dev,820,,FLORES-200 original release; dev split from pinned local archive,17967fc971036387170e96748ca017271e46ba5e23b43d088f670f36ae058e44,63bd7d15f07bd4b821777c66d7d59c032330ffec79b688ac328bd9e01408dc88,8c570886022c4ee9a089c37a05ccc674fa6cd9bcf6a5b0425ac54a1a2f7da8b2,55
FLORES,100821,dev,821,,FLORES-200 original release; dev split from pinned local archive,64159752076a949e2e6cf63250ae5e6934de12d07d1e6449282b40498f2a6b77,1b83dce91b49b09caf28f46a0c5a8a4725aabeb12e0db564cce5c9b9ab022f5c,8f0bdd8ff5e839026d9137acd1ac38ec72421ab1c1d266c2bf43bb4a360fd1b8,38
FLORES,100822,dev,822,,FLORES-200 original release; dev split from pinned local archive,78b9fc86279652b4a50522f7ef694003d0f22a6e8782fcc0e0b607edeae8a763,0d7124a9dc64a2fd3120001ee8acab6ed6e64fa30388091e4d059ee2b6b3290e,8cb5b186bdac8ec375527c0eed912de66ee8d33a931bcf8f64c47c48ca165217,55
FLORES,100823,dev,823,,FLORES-200 original release; dev split from pinned local archive,952d65f1fa9b409665989205680151a5f0fb9f79dbe1de665651d54f6e2bf6a5,525593e35ade8311df73ceba271430c92847a64024a24bf04122d56b5a19a35c,059b9764f790a798588478de7b1030cbc59ecd94365cd0c5a09861ea786bfd82,39
FLORES,100824,dev,824,,FLORES-200 original release; dev split from pinned local archive,c73de1ed601a6f4d08d5a5d6a5508899b60bc063ed25f4e12d188816cb160882,5a625e4ae204fa1fc6b76df4f5d64792451ed7e26fe05ac8864263e81a055462,8fe2174aba96130034d7972c6f98c4c0da7b34c87a768e78b333ef5c50918c03,28
FLORES,100825,dev,825,,FLORES-200 original release; dev split from pinned local archive,123d6c4390e8fa9a8470e4bfed232dabce0692a0cc03d1a51ff1eef9495e7a11,76440156402bf4c9c91ecf376a91553ca23e188d39acfbf6015d03f134b1309f,1a20b0c4c82fcc092013af537c5d6e917aead200222dfd7228acb9868d316348,33
FLORES,100826,dev,826,,FLORES-200 original release; dev split from pinned local archive,d2b97558386110f1988e7824ef4a6e4d8f6c4f24a1b519c1fa1311992ae917b3,0d2b0fca8f79d0e0942c3bbb2fb44bd8cbb14c516da2d1e43d9458f74ac9e35b,aa8de5e122fbf95aa31eb7ce13d8c508af1ab60a8037c2fec00b039cc33c5553,38
FLORES,100827,dev,827,,FLORES-200 original release; dev split from pinned local archive,f171e351fb51a9c9584d5e3d1fd605184d242b534fcf6a2d32dc0a1ac16df562,68a48f3697ca14fc8c79d17261ff3d6c98fdb040d4c006844ab2a5800aaeaf42,706d04ef416faf8a6b965ac03fe09ee7d69ce125d05e71342bee3379f37b667b,40
FLORES,100828,dev,828,,FLORES-200 original release; dev split from pinned local archive,f430c3d874976c07370d26ae0b6ca1d8ce24bec818c1fc2bdcdcc2a675e8caab,63c720fed6f1fdd81c4c00c4d20424f093ff71870db4b804ba81d2264f64ada7,c3b9ce94cec824ccb578b9d3476de98e0c5142887dcbf03d6ce8458e4760b3fd,36
FLORES,100829,dev,829,,FLORES-200 original release; dev split from pinned local archive,3ad07392af322e98ab929991442abb1fc5f471622731fcdfef5ae5f958c55f16,efe3b6de799560036591b6051f3723df0669aaeb5e639e1c206b2bd99b4d015a,83f764d25c549e992495f26138ab5b03e400c5fa449798db9385ee60e9c029b4,41
FLORES,100830,dev,830,,FLORES-200 original release; dev split from pinned local archive,77aed225fafffd60adbd0edd0d009b4784e7ff4eb0039a577df68bae7d23f76b,8640b176e42862e82084360192aae3a59e32ced7d9c2a2c98aef87cce80f18aa,217d3e33c73823686d8c9afb645a6764f160638cb234fb01fa9694936b86bdfb,34
FLORES,100831,dev,831,,FLORES-200 original release; dev split from pinned local archive,a130b249b97a0c12ead8edc8baf96cb716cc3b10dffede3854398d9f01f5c29b,99b2d2a28f048f23a0ff50802ea6841990d5c566818f1dfe968a1c85392dce95,bd88baafd612aad72856573c2b93ca81ea088d83b451105c3cc496f21af8f934,39
FLORES,100832,dev,832,,FLORES-200 original release; dev split from pinned local archive,260bf6703109a0d68ef96492a5dadf9d42a6749f1fc795f2ad31df4895f0ad31,f966771f3dc9ff84d77a9dd0acd5728e93f021a14e4ffbfcb7b1b8e7b2e3547d,b6c4510619045942e71b4bd4a03f90130722a6e8ffc38d6a3c6fb55060d2741e,34
FLORES,100833,dev,833,,FLORES-200 original release; dev split from pinned local archive,dafc2d17a6a8ec795a712e89e8379b12dd9c7aa1d489381c03c98589cbc36898,290c263bc8877a80c505e7e9f4dfac02a62f2e4efea502b36f3ccb480d4a02f8,1e4e1eaef65779b184477af2a4d8a00700f0e1f164e3e13e8c46447eadff31d4,42
FLORES,100834,dev,834,,FLORES-200 original release; dev split from pinned local archive,00a5cabc43dec3263707a7ae941c75c2e1bbd2ffd3bb8d340e0538c4d654057d,e83cb0139e6b52b1dc27e7f87fb1ee4013364634aba0e7063a9f58ad4551b0a7,7da727f70c4076605012c71de8ced52c41a2764c0476a5f7e41d1aab392faf1b,31
FLORES,100835,dev,835,,FLORES-200 original release; dev split from pinned local archive,a3db63bf506652e17ac758ecfa2ded0586eaa7037a01bb407d3867b2d78ab24c,9aa7f91cae5e2d83fca6789fe1b881c62e5f60cc2783f9557a1a9e6e34a5cf57,7df9451f4d2137060e5468d17484c93efd017ec68ebc9d8926b1c14bca004f85,32
FLORES,100836,dev,836,,FLORES-200 original release; dev split from pinned local archive,82314dce1bfb332208e2ef0a4b3b88d9f70d42d4c9fb8e503295af4731b36d8c,6e29375eed8e898cf0d26e7c9ba3dcc8751c77449900f0eb72ad8d2c5dedf863,e7fde4f1add963091d253c7e78b0cd18ad4b9075d40ff3d14bcea3eeac76b9e7,43
FLORES,100837,dev,837,,FLORES-200 original release; dev split from pinned local archive,125d06078dbb7b2a342ca70abedda2f1ff3bc956981fdf884f9c69442f996ed4,34253a293998cd1a7b82d035bc12475b300d182e1a60e5043d8d0b49080c68d8,753b60654ee02eb54ac14ae1b7f915ce823e18d35f32807a61db4f7158b1410d,38
FLORES,100838,dev,838,,FLORES-200 original release; dev split from pinned local archive,22dff61b460be3acface677d782c3d99c2431ba2c508c5ecac6f6db9229c624e,622dbc60e6f5b17a1b67b395ce50ca01df62723592583230d6bd2a1a8b27696c,69d35f14315ec78830faf979b932b84c530a0d034c950f50ee8dbaa3e6834ec2,42
FLORES,100839,dev,839,,FLORES-200 original release; dev split from pinned local archive,9f7864a3ffca6da48df464c790e2964adfb55d0e8b2fc6f6faece61106d4aef1,57699ebb8d2e355af6f9f57f4a89cd50830a24a58c88a187abe48c8ad0e2402d,4a1e686183596af25e16586c607df341057c1cfbaaeef59445dfcb82bc4a961c,34
FLORES,100840,dev,840,,FLORES-200 original release; dev split from pinned local archive,4588bfb30863b9af4e68bb3855b4b2af0e95704c3355a196cba76bf5fbfb64d5,647be5e39ad6c750040b7b310cadbce257b5bc23ea6fc0576e7f9ad6ebd3a4c2,d80cc87ade3728132c71d0936638b1bca25600eb160ab3481626db1e14fc9117,44
FLORES,100841,dev,841,,FLORES-200 original release; dev split from pinned local archive,2ab9538709d8a3119a8391f51cebb0dbfd9640099b8088431fd1658203c5bb10,fff773be96ee52b08a02deecf331910cdcf11cd677f4641b86be40d19aff1ea1,d9e397b10a1e1023a65931269c41322785804930183f4ba052fcf75f016f2cd7,46
FLORES,100842,dev,842,,FLORES-200 original release; dev split from pinned local archive,d4539af16576670c23d7adafa2b179714aa44c5c695dae9563390c9f2e74076b,57ad43b1d777f22fd3142caec297a6a5f2fb0f2652a2d2cd2e4968c9bdff107a,f74508d154e5bcf80360f7409daa202172833dfc19654e27c7d4e8268771623a,34
FLORES,100843,dev,843,,FLORES-200 original release; dev split from pinned local archive,f6cb0ff1b60ce0e148ab85a1cfe078bfa7da889e983ddeaeb3c79647ff6b2695,87f12006710330c0812049d21620fa1ea086f9d35c63137c59638a1619128429,affc4c999e521fdd59cd1b40f8fa4f4984fb8c4dc6011ec85e6aeb2a19c70d32,40
FLORES,100844,dev,844,,FLORES-200 original release; dev split from pinned local archive,fa15aa0f1ef8d249ea2cefa115b540a9aaa4daa41eb7cde5ecaad66c4fd5b12e,babaee3798b44017dc8a77082dfe926d2cd434c7e77b8f2516f1235a5ad1a618,b8a365e5f13fe35d990b2d4762e8483f9fd054e7fbee08319f7f3553cf5a5973,24
FLORES,100845,dev,845,,FLORES-200 original release; dev split from pinned local archive,fdae86e89671d2f1a2cacea6ff5b254cbab7fff2169fbea99fba415e9533c315,9bcaa6d84c9caeb967450f24833f4ed5e8f210b73403a95e474a7ba21c1457ab,54491201ec85be76a2e932492601bf04beb98dfeeb536152280f0d8f4d83d775,38
FLORES,100846,dev,846,,FLORES-200 original release; dev split from pinned local archive,88184d9eccd2adfadfe603ad45691c6bb1dd0e7679087b7ca38085f7ca3722e8,2314f02459a40facadd9bcf0f0a44e704587a12a48f90568b5fdf3b4cde4203f,6528be4e0eeac7b294b21728701902c41b5137802966fc66d559736735387c9e,44
FLORES,100847,dev,847,,FLORES-200 original release; dev split from pinned local archive,c0127cffc8d3ecb24d229eee03c71eba0019940ddfcdd71b1c259183329db58a,29936e5a9a71953acc4ea1d19ced48f4cc53dbfa44bcac2eecde66e50bd94ef8,8c72be325b87b17841da7441d84de689b0a95c12583d01f90d364cc5cbdfc97c,27
FLORES,100848,dev,848,,FLORES-200 original release; dev split from pinned local archive,cb339bef0a1a65b8c5cdc35363fbeb081ced3a3a7bdada39b5aab2f97416046b,73b772c98c604679e77f3d819392d67675b699f8564ba086f1f8e833a3b08d06,892c34199811ca79082d69a3f320b10d2b290f113891c438d1e6ac0b070d3eb7,41
FLORES,100849,dev,849,,FLORES-200 original release; dev split from pinned local archive,5985b8851205519cc7e50378724c04ae82760daaf5aaa59329ce9fa1307e86a4,35ef2b154d5c66fa71b226949700d7b7f898d4b528b36c5c29f0eded4f4fb0a6,cb63d9b432085917c22bb12e0e3fc9f00c0f9a3fe1051ee063597083ba71565c,38
FLORES,100850,dev,850,,FLORES-200 original release; dev split from pinned local archive,abb8941a37eca54420d58961ae3d44f50a33104515a4d52be2ce308ccccf9991,ccfc3ca31472f2b6077dcc8a5074b1e1e50c1e0f0a890f459bf48df72acadad4,3f8441592dbce9c6afe0c874cc882d59d303205dac3b6800fb31c952a4d91cea,26
FLORES,100851,dev,851,,FLORES-200 original release; dev split from pinned local archive,c88fe3b33d92a4364ad0faba28eefa9e615ee0b3c35c5c983a3bfa56bf79d4e6,451f0a79622e288334af5c9b9e632f9eb6566bacbc7d6231a845b157d25b2952,fe53f21adbbfce673838b417bbf32d0163ab259737a4c8561698421eaac4f340,38
FLORES,100852,dev,852,,FLORES-200 original release; dev split from pinned local archive,cca2f0153ea01f63faf50adb1c3229e6a11ec5d77d531e529100dd2a9b9ce7c8,b739c6ca8c426ce006e59a28e737b2898e1f186e3698a10f59c9c6da20588cc7,d5a5c62cb7aeab08f2025f2e42e93385983fa3066c6cd4667176129b6882ef67,26
FLORES,100853,dev,853,,FLORES-200 original release; dev split from pinned local archive,2d72e781a5a69fabf8a3b5aaff1f0fe53090d02e4d7b56423f61e2783655ef3e,543a05679a096315428f72de65dfd6df019adef9e6e0a0b06e6b3b1f2afc38f8,69fa171f062afea2ea0b0e6bfcab511f0c212995f8a05f326c0c3f7d577e4865,39
FLORES,100854,dev,854,,FLORES-200 original release; dev split from pinned local archive,1fab8293d846c394012f85b0ab0dd27a14ff29cb0bd59765e2feaea835733789,1ae574d2447ab01aaa89575bd5566262bd4961079fd130ea441dfdf05a24f4b5,7e3a645b1fd9a891c45005d713165d5c5c27304929c80be08cb3132fc10d9042,41
FLORES,100855,dev,855,,FLORES-200 original release; dev split from pinned local archive,114b245c065faa4e662a707249410c5faa5bb3bd07bd7bf94f3ad3ac3ceacba6,9feb90731443cb4db5c32069e3debb1109a70d2827d308e152d0bc60ae9efeb7,27a3969503ab0e45e0e5888b5c6c5bfcc4fa8bc151bc0daf58672b7d20ebcfdb,35
FLORES,100856,dev,856,,FLORES-200 original release; dev split from pinned local archive,82d9e6eb82840321fa130b35ef0440921f2a15ca531daf8b37232c5638886e9a,23c9120535a0a3a06076349ceaced026ecb6eb3f803404902d1d9b199ace55b7,d6bc0659f88e6995c246e39f2b0d7894817415958dbfff5105e3f8b209a1c64b,38
FLORES,100857,dev,857,,FLORES-200 original release; dev split from pinned local archive,f97d644229305ab1d27ce3259949292386e7e11ecbcc5a5c18e6bba2977aba0a,d9da8ebd317baad4adc231bf9e51a18d3def11a143120e4eb4aa26f9a5aee00e,c7d7ef11cadec23b41c839fd052ca4e4dcf50f3d325930dfb3e60cd6a95bf572,34
FLORES,100858,dev,858,,FLORES-200 original release; dev split from pinned local archive,0ff95e7f90b6677ae2765e38c4555a94aac2937c79da32587f79e3ce98d96d20,ebde5c64ba4d31d7b4e4e26fecaba0a7f2f08c0edb7634d69864fd5b74de5293,0d5580bc67c668ca29c7caf0f1f32a4f2bdd230f7a4380f9a0a87b9f42309049,37
FLORES,100859,dev,859,,FLORES-200 original release; dev split from pinned local archive,51eb7538cfbba97aedc093683529255b49ada76c04192d84004eaeb1d87681d7,16144a782ff4fe9d987de8077083b945401b81ec17ac24ac5bb69767eea5fc89,8f1f4e8892d3ed665b53654c6e4b48e3b4a60684db4a239d6b9e5178397d181e,33
FLORES,100860,dev,860,,FLORES-200 original release; dev split from pinned local archive,fde894d5d382ea03cd3b0372bc2e9eca63900b10c37acbbf9d4c77836b9fd125,51a63479bf4365a46cf19044235a340fb83223ac097797b0de5a9c51276d3ae5,7778b69ba98852b865647fec5bf472370f4a57b396b9104f7f02a7964a6a299d,39
FLORES,100861,dev,861,,FLORES-200 original release; dev split from pinned local archive,97c53dec373b8bc2c57d59cd915111ab4a05ea7fd366e10631d1e387a952ef10,fc403a50e7a433e9f017738e7c6d98ff7b744d330eb1ec410e9a9876d3732461,e7cc3f4611e2dda0ee7a6d2fdf4cc5644d439eb49693daa11225a995be31488e,32
FLORES,100862,dev,862,,FLORES-200 original release; dev split from pinned local archive,7a15fb8eb9c7ff792a9f479edfb3ada2a95503feb1403ba2a1f8216d6447f14a,c32849a4569f055e45653402815e7eeaaf6a81817db59a61bd2924f42b9eb4e9,a146c7c77f07ac08dc870448cbae47f156145ec119fc251a1fa1a8342d82975c,38
FLORES,100863,dev,863,,FLORES-200 original release; dev split from pinned local archive,3ccc530b6eb26628a8c8ccd4a57802e01d1252afc9c83d21fd2f44288f477017,c0f708df4bc2b56c55ae6110e3ec363aaade025076965eb77e34bfa03159393b,1c86818103544dc035d087b58c87b5d38574e1ff40fe718248b66392b421efc0,40
FLORES,100864,dev,864,,FLORES-200 original release; dev split from pinned local archive,a82c9a07b0249ee2d5dd01bf70318cc6cb46d7ae177a75eb4bb2e778199c0218,3f692fabf2c0f232e247f4e97f866cb3b416bd1c13acedaf8f00a30d2bdd4668,71ae6a08f9645fee4f6322679c5d4ed75ce00b8955dfdccc4223bbb413bd9fe4,29
FLORES,100865,dev,865,,FLORES-200 original release; dev split from pinned local archive,a7c734790d6f6bf9101acf81a3da51bee1343128bb13825fa7a6769b83a4fada,f177bc945d19c115e31b40a22dce6230df7da83a7d4ddfd436143761a63ea284,fa232383acedf12363e982d24b9b7f36630e39d72ea6f39fff1a9b673734dfbc,37
FLORES,100866,dev,866,,FLORES-200 original release; dev split from pinned local archive,d3e325327106dcb7436e961e26e23b655cda9461f11e6d37a9ff6e86c32ab127,d6773ba2d4b6fa36892d16898198e0d811bd1e0357c0f67d4d1c1dedde7bc759,a83d67387749c5650b15c145602dfdffe1c77df7fcdf2f8e2ff57c706e7b101a,40
FLORES,100867,dev,867,,FLORES-200 original release; dev split from pinned local archive,d30e991650435d1ca6547d67da7dac6b85930a15ac5921cb626d046a46952441,6773a1e1b25aab6bd1a4e18759d6287547e312af0ece1346ffe33b0a66ec2b27,15bd46281bf33e88ce9652fbf1b5adf26e4fa2855a6297e2dc02c4f8ff1b8a62,40
FLORES,100868,dev,868,,FLORES-200 original release; dev split from pinned local archive,bf7b24f7ad3e8b9db15441c2ca3abd88f3175bc3c14225ee8c914a7117c3304f,3c6e64be424b14e982491d57682480e55116e5224eafc0b1d4574dee39e17c85,edfbaf918ace86efa3f8b763925ac249127e3b88ad22a1e9a8adedcc45f7247e,40
FLORES,100869,dev,869,,FLORES-200 original release; dev split from pinned local archive,cdc73b99c2892fac6ad9989d7613057db898962b9300ead04971e6ff44e0362c,b8db703ef934c049bb416bf304c5e815d9fb32314e93087ee041caf1578563fa,c27f859e998fd55b216720be223c1135c655d6b8aacf3b7bd83294035c292793,41
FLORES,100870,dev,870,,FLORES-200 original release; dev split from pinned local archive,2a14fb0bf60202971671db7ba8e6cfb083a07295f3d36f28c19410902f757560,0bb0e7cb6984fca2356b5dcc499b5f9e6bdf93921e45be30e969668205f87760,60972411a6157c4fecc9adc3bebb45534b202c842fe55dc62a3b086b98ba4d4b,34
FLORES,100871,dev,871,,FLORES-200 original release; dev split from pinned local archive,873c7bcd0eb997f6769903b9fefe93f4c90eddf7bcbb88b980338881623e8c0f,18ddecdbc4f68b65ca613addfd19e27af7c0eb39da7db90725e30d1e2370afa4,23f932bd0f9d838a7937b520c13889977a1ff3368160b90378c6a049f880b293,40
FLORES,100872,dev,872,,FLORES-200 original release; dev split from pinned local archive,d685b9648a1d8d5debb19258674240364b839a910932a98d59a23f5a4a138f09,a6a7bfe512c889ca0341f000bdd04a6b1e4c47561ab1548ea7fd9a3edb2b956f,11791ff53fce6659d55882baeb2b27e034172479b600df82ceb6cb60b52b157f,32
FLORES,100873,dev,873,,FLORES-200 original release; dev split from pinned local archive,38bec05c2243f5b5f0548bea653ee1784df4dd04b49d4c84f9d42a9bf30caaaf,d360bbc6567114a61b8ae953151b352160fed5b3c683d7694f162dd263b31753,e49c81d1ff60eb3e2544dffa9082792a7770a2a04e64d14157f368ae202f66a9,39
FLORES,100874,dev,874,,FLORES-200 original release; dev split from pinned local archive,9d9bd5d2471b2355d7fead40d94d04f271c7564ce9dbc6bb456fe26f73040e22,c71ccf32f1a7077eb084231b333a098266ba96375cc6c1ea8dbb3a2b06a0bffd,d754e776bf176e542f205f95992c15937d0ce07476a2fb278f3ebc0687e8ef22,31
FLORES,100875,dev,875,,FLORES-200 original release; dev split from pinned local archive,09ad05f0afe11be82f3d87fab08228e82d1fd6a1006ece03fd53df172dfc676e,3a7f2eba6ac440b30f5526a2391ad0bf8f37a08744c1ae3c9142fc2fce6e342c,f994ec8281c3c8fa19b2267fd89aba63e4064f27a5640eeb590e0fef1ef76a50,34
FLORES,100876,dev,876,,FLORES-200 original release; dev split from pinned local archive,b9a3c0d46d634195dbd2ba12233ab9cbd209d92c369b945d5139941dd1caa33f,81fc96f614b3d84768a43227a98c736b43830d1ca61fd162afec0092f26c6ef9,10e2f4b508c9f46aaaf29a5200885fc3e08361f97f3341c0834b606e0b6ea01f,36
FLORES,100877,dev,877,,FLORES-200 original release; dev split from pinned local archive,10f862148b7a3691d777c13057b376a167c41b39657eee85f1ccac30847b55e8,0b1c2c60f42fdd28fd331366151d15adbf530e1c866e0b015e13d213572970fa,007e1e44b3da530be166389329fafdcc0bdc924acb87ec86f5261b9f9b4d6923,29
FLORES,100878,dev,878,,FLORES-200 original release; dev split from pinned local archive,214e182ce4404b964337cb47def1bf41ab15b33448990d12c330deed0aa7fa4a,95ac116f6e566af1dda2718a7d8f6cdc8223bebc97eeb9ef74a4c019b8c3e770,e3f65e38bcf88fa71bcfbc62f320dc6c641b9be496ef921fc0c07f67e790201d,38
FLORES,100879,dev,879,,FLORES-200 original release; dev split from pinned local archive,f527d5682a8629e9af8d5fff2187c4b48a88628794e5bd3e5f5291f7367a5e2a,d3a301730b6de6ac48b211790797a6d8f77ab32ad7467fc30ac7acf581f9a03d,803614a78a827075c1bd434ce24d6c8be729b071ec612ae33b0846e91b0ed4c1,32
FLORES,100880,dev,880,,FLORES-200 original release; dev split from pinned local archive,4bb8e8f927ac25e83caaf5a92638c80b98249e186238069d6d1d61a637d62a3a,00882f1b4e288d9a8fae7920a1214cf4e06c67a45acc18acbf84aa31121da83f,806196ad88f5c715589de87974fea3bdb872bebb7621d52f90928bf707537632,33
FLORES,100881,dev,881,,FLORES-200 original release; dev split from pinned local archive,60b2e0b9eb27a4da6bcdc6e72eb5429fbde03d358c556e6c2ac952d2cfd9ce3b,0e040a206e7bf6fc20130a761e5ffbdfeb54c7b7e9fd8d1e7290f2cea1fe2887,48bc290c374b133c62f961c2d8f0687ac0c36e63d23ad68d5c8b55958fb9ea30,29
FLORES,100882,dev,882,,FLORES-200 original release; dev split from pinned local archive,70e78e9a09c2f22fdda0ce959c339eb4cc7cf7444f22800e96f78c3c527540d7,51966e090696c029393ccc4c78fa5c3302ae12251096d5b7409069098fdb4cb3,0d2d290b8efa540bfd0842debc1375905e525153deb5e604b78d114d480d0394,35
FLORES,100883,dev,883,,FLORES-200 original release; dev split from pinned local archive,c97c0d3d10197a8e4c99220bbbaf28d2dbd88740dd8b31254bfe8f9bfe64e3a9,2107aa5a2db7866413cf33520c7dfa43fceb00ec0b26eb1b2593186550820136,1922c29b207f90516595669fef28f29c926d5505fe7f09eb9ff2e165247707f1,43
FLORES,100884,dev,884,,FLORES-200 original release; dev split from pinned local archive,8cb4f627696e5099ec505d546a42041650fccd51158a6a12927f697e53af697d,cc3a553393191d67c2adf77dafb2c9e9d5c127c3bc05f3651bd94cc8a4d1a461,5694dd5c74efadcfad8adb415a67c75928d2a06b0f429f77134e59fd9cd3fc71,35
FLORES,100885,dev,885,,FLORES-200 original release; dev split from pinned local archive,ba3de37eb7cd46cda5f03ebca77d5748180bbb8e1e8aaacc56531a6850fe7595,b0bb89184851a21594af57f0acbee83ab0e7729c9d5ef9c98a40cd1d89b6cdd7,7b07062c4967051d7f58cf5378ad295867872a16de58b5eb5bab426087b93d00,34
FLORES,100886,dev,886,,FLORES-200 original release; dev split from pinned local archive,12f73602fb107dfdaf961fd4dc849322bab477f98d33229b4b6c128bd6d31f5a,61702ff2bf7796da2b7c6226fc1696f6137b6113f09e2ed5369b453243f20a20,fdecf4b699931611a8bf39985e47a2684f65bdade7ffb794f55c69d89faa440a,35
FLORES,100887,dev,887,,FLORES-200 original release; dev split from pinned local archive,2f5fa33f3afdf1a7b4c9794dee20d4e402c5e969f08d3099fa5f163d241cefb7,f29fb35232e44aa0c7a199ae0d87dc5cb4c68152874db6d49ee1be6ec03af7ba,627075e8ef9b52ddf8baf5e9f9a96fef4d08877248ed917624468d394111f14c,27
FLORES,100888,dev,888,,FLORES-200 original release; dev split from pinned local archive,5457eb5c209729d338ec38174e39f27385e027b07105f7738e02727142fcce05,96d1e6b1ef1da0042c629b070dc6d640ad074e9441394bbd2b3561624926afe8,cee084f4c3cf338dada2f546d6be1077a164e944866cb108d966bbdb775a7744,44
FLORES,100889,dev,889,,FLORES-200 original release; dev split from pinned local archive,5fe096491696d0f1be944ea550aacd3d815bb25fcb998a8f127d828c0ab34986,c97d432aada123bb081476d8e84adb72b266b67e3a86a8a316bb18529ef47138,21e1405cd60b012674eca637d63a4ad1a3af2193ca0c0a89130df25fa2457b73,38
FLORES,100890,dev,890,,FLORES-200 original release; dev split from pinned local archive,7b2d23b27adcf84e864160c4a7b266789b137a88cd4910cae99dd78ff6881c23,efab4148f0eff8126c55888f9b5a89d03613a228053f5d531c9a82ff7577b918,6423e4cf2a615952f9889a821c19b281a3575e8c62cc04132fd6bfbcd2f08a51,30
FLORES,100891,dev,891,,FLORES-200 original release; dev split from pinned local archive,a40cef929679b74a9128926dde397ff4adcdac3de439ef0e313db901eed2cb20,13cb18fdabcc16ab6c161bc85bfec9975bf2af4645a86723a051f6ad79c4d4d1,27084a6d6e69add9568b298b69de0f223debe43a23ccf9dc88c325df34e22aaa,37
FLORES,100892,dev,892,,FLORES-200 original release; dev split from pinned local archive,dd3c7ef8f82c29d50e7684c1b54341d9c7e174b4426da6b32e1d4eacb45264d0,b3668992f3b9e119462e40f7a833395705266a39d59f16d877791324e8e057f0,ce8d24757a028a189f1ee3e22b805b75d88d0260adfc475fdcd74011e17458d3,42
FLORES,100893,dev,893,,FLORES-200 original release; dev split from pinned local archive,ea950df5f5a09eff81fb5dd45e5ad72c427255ca0dd48ab8c7b7df4310f940bf,235b8618b83081b7321e3d77943bc0643e3cddefe5aac0c879f8b2aeb6f1e2fc,b6d14af81b9760459520fbaa834d0164efdfd171879134e803cb2d05e76b403f,46
FLORES,100894,dev,894,,FLORES-200 original release; dev split from pinned local archive,e2b2ade102c31369bf1d029fd3b6af219bff378e160e82d92c2874f3dd83c205,7f88cdf3b5006c800790fa9d754f88c8c9f18449b6397fe93c71e57c69333e01,c99dad5b44c50012837a7e945e9d771ee89fd97253eb375e6e938c0451bfef2a,40
FLORES,100895,dev,895,,FLORES-200 original release; dev split from pinned local archive,348a62fbd0423cfd456a8ec8740adb8f0510cfc36b5add6912656a8eefeb72cc,344e2e7ae6fa825439a6c4c74da83b70d9512449870d829b11138e07c9721459,d83039fb623cf1e96a660946ec9e5e5cdda99933088ed37ab74e6f4c25b60638,36
FLORES,100896,dev,896,,FLORES-200 original release; dev split from pinned local archive,3d7c0f835663ee5ac0493fe594750f9fdf5ed622c8ce9f4c1ac34fb564f9a759,1e95f0504dd70e17689fe32ee7066f64c2d8c59225c22f4f000a521462eff9b5,0b2d060d1be60449ba177e7582a662c025781640ca54b979ee5a7a38e17890f0,42
FLORES,100897,dev,897,,FLORES-200 original release; dev split from pinned local archive,dc4a3dd61a961119386e29e1cdd4ee6e0c29ed185206e61765a0faf0a837b8a8,e8c45bbc3c4f4f80f88547ff354876b22db4326040f9e0c0a4a8770f07528bdd,091dde28aa1f418d2ea42c6aa854aa860c18950a399a18de4f14339870fb435e,40
FLORES,100898,dev,898,,FLORES-200 original release; dev split from pinned local archive,2ba9cd1907fcaf42851f8998dde34b48ac96ba566260de7cb6a8081a105b17bc,63c183b74902d2c2674c913b870af147464e959993d13507b0d635013d1dd9f5,bb6267469e48a0ddc951091744fa86684d7bf66ebd2b1ec3ccec7c4e1a1bfe72,43
FLORES,100899,dev,899,,FLORES-200 original release; dev split from pinned local archive,43e0a42817c78bc27aa15c49f7a0b1832bdbcff960380321acdd49ae4718579d,8584a6275d28b44e81df8565a4d38dd9ca7429ba8871bd4a97af38c0799b7466,104f3a4700c047a161b39da50ea3686b9b26e38cb6531af646d90bedf5ff38ae,41
FLORES,100900,dev,900,,FLORES-200 original release; dev split from pinned local archive,66d0453de8508bdf5651cd2e7367d849bd1d9f29247d60507204dd7504b8fc23,8ff009a312b337b1d8243b83570c827e9a04f9dfe2aaa0cf7733108cff65ddef,bc74d12973715f9e1bc2bdc199b14e7e1ba1d0450de3c0c4168e0e3aba3ba0c5,40
FLORES,100901,dev,901,,FLORES-200 original release; dev split from pinned local archive,18cf99ebfd01eb77630113a241049ca73237573d6ca3e597206249c8d3f37fd4,3e1043e3cbff2a2c1c3585ad4a3190dffdc5c05a7568346177b19a0884bda364,d782e64b4b3e472602bd56ddc7341b1e72fd0df2ca922beb2f5bc95dead4303c,43
FLORES,100902,dev,902,,FLORES-200 original release; dev split from pinned local archive,b840644eb241d45a08535dc398cc13c58e7f93a567d9f31d3c5c8ae776196d27,0a1ebea254ba519232334ae22bd5121dd470ebf132a7e19281378c837013cfef,eec524be7061e789a0eb3103e6c8d317bc9cb48a990029b7ff800e5cd091d1e1,40
FLORES,100903,dev,903,,FLORES-200 original release; dev split from pinned local archive,8e3510c541812d00cfad289b397d40354e282af89bda550b3218e5d7504d8491,8d8c6136cc71b3c6ac639a96e0dff35af4cc7c92d893680cd68a43732b09f699,9a14ae636d1f725af920c76b7a7fa13778acc00679c688ecb1fcba4ffa974c3a,33
FLORES,100904,dev,904,,FLORES-200 original release; dev split from pinned local archive,832c25a34244465caaa36c28bed1ec130dd509a2aaa7df296b9f2508687bad9a,49a1f8270bc287fef1f4103306a75298145ee87e643b07669f2706fabfdca80b,e87da58b8ff7e06f0ebe8b25db2971fb9c9380f7927fd2e369d350776f5b0261,46
FLORES,100905,dev,905,,FLORES-200 original release; dev split from pinned local archive,fa2f1a18e2c8dd5897b32e231e12bc2b7540aebab574f092e12ada483dd66ba0,155b876111f6567a11926884f917ae51f5776a62e622f2216c3ffc9c3733e03d,80b604d2fed17244f24c6a138e1001e07f20d49e822674c946a0c3d1f6b0279b,35
FLORES,100906,dev,906,,FLORES-200 original release; dev split from pinned local archive,009881f3e00c558fea8a6621766b9b83b76481863daa462253cac80ed4b94d4c,f3adef5c87b0bd6bf4bb279eb09dcc5d5a5ba99f95f7ed0a86035361abaf6863,3051f3ff52e350c92dc4145defc557caf9206cfdc9aef481ef463aa84c03099b,39
FLORES,100907,dev,907,,FLORES-200 original release; dev split from pinned local archive,0f395b7f35ef31c4b325a08eb22822b926db4e51fb42b862619a98053316c467,ae3b0461f26993ff8c28913b33256b6d0dc0adddfdca1ea231bf57ec17cc5eed,12bf814037a62338e30a329e312c432e68645934cce06f6db9561349c4652e2c,33
FLORES,100908,dev,908,,FLORES-200 original release; dev split from pinned local archive,1d4fd3164c99fdb9853bd43867a6a8fd94fb3637ab878fae112529ad0772a13f,6e4532ef69f2c100472f8c4bbe6d04e8a2e8f528d9bad50f76d80f1d581f81ba,888da33d1dea86230ef6d60709c6349d4bc2bd184cf0a8a910133e342b3aa350,33
FLORES,100909,dev,909,,FLORES-200 original release; dev split from pinned local archive,708cf1309d3366fa74c21fa851dc92e09e32a763c0dc3f7caf596928aaf58d65,0608520598361250e4094215414d3b5d453cf9b535e9a0b741c74e93bd7547f3,dc10d4ee80ce12ea015f0c4ab55774c7d046b95ba37be7a9b5f7435e1d74c575,32
FLORES,100910,dev,910,,FLORES-200 original release; dev split from pinned local archive,caeec34a146047dac578c02dad2f4e60273520e380dc3aed95b098bf914bea67,9ecf95d18e66c76b294eba2249d3a9881147f29208c0e41bcabdd747d43dc4e1,a23fc0312b7014dcf79cb9664bd6cc8e85f8f1ace86839d4248265cade44553a,45
FLORES,100911,dev,911,,FLORES-200 original release; dev split from pinned local archive,8faf877797026521d5d220b0cc4e17f3ab26a786193d738e85cdb0f91e1ceb23,bb7ed92cd1e909d18a23bec09c92601fffd3840ce03ff653c4a5ce98d17ab182,ad6c0780fdf28235722f8bf1befdd4c797850e5988fb9b45205aa410df19f0d6,33
FLORES,100912,dev,912,,FLORES-200 original release; dev split from pinned local archive,3a217dffb3f97710bd632d19c2a3692acdb44ef3a0c7cdc6c34c671d15a4dbef,c78bd3add9a71bbc0e3739fdba29001b551dd3289a9f092e0310f837dfe63603,62277f28a89f22243ab00e3b0eaf7519508165b7a1406eecda2020d18880d290,38
FLORES,100913,dev,913,,FLORES-200 original release; dev split from pinned local archive,ef2f9f21d5e26e5cb60d2143978d1d64d381160559161e6a9d97c8a7a407c600,9b874eb77dd4067b38423d28680282fa3b481eb11a921f60e0fd17db987c14a5,fdebd898ef99af01cc2a072953e18be186f5d5f00c612fad06bd326934f08117,58
FLORES,100914,dev,914,,FLORES-200 original release; dev split from pinned local archive,ac7fccdd3a58efea19ca800d08d7a6219043bde99ad628f07b00e1a4d0325e1b,be2b19df0fb65dee1825f950345cc207d2e22635834e1c3a7d675e52865cb35f,8e3f24dc7dbcfdb132945e84234cf4025dbeff6b53973eff429c36c390657577,44
FLORES,100915,dev,915,,FLORES-200 original release; dev split from pinned local archive,f23dfb8ffbf2c087fd067e845ae15b22b27c4866277bb4c7116e48d2b6f48f7a,26a3a7454c178388bed3e9daff88f353a8e8221654815c555992b5d49259bc24,a81124121e0fe31c5786139eba4bdc507f851700676d4c99227a8f43c4593454,35
FLORES,100916,dev,916,,FLORES-200 original release; dev split from pinned local archive,c81e6d98e45de67574b560415ef5ed57e3b5739e8a8bce447cc1fb6c68d75265,d8b6cb3170df52c4a86193940f072abafaf8e8bb4a5a1fc02378de55ce27c987,26e4ef7faf8a20ed56756f0af8d25a7fb6fd0a288ddf174fafae30ad6bfa19ce,45
FLORES,100917,dev,917,,FLORES-200 original release; dev split from pinned local archive,4c65b03304dea913ecc8f593cbea262fcaa022e61dbe25f128ca495be6161b10,081e158389fb77aedbbab144629ea1ed3856aa6f76b6a41e7b40431201789a74,ba675a502c37514c2bc70ac288eddef3f4fda0b6750b10f4d7c35549b4977f28,52
FLORES,100918,dev,918,,FLORES-200 original release; dev split from pinned local archive,86f9694b53a4713812a323bc93a300f254afe76937b0e4dc4cd6e621f0acdc2e,8369cde4396c51cd2bb4c4006ce2919088c59c917900ab115a4f499fd259af89,6ec449d274e9cd225b861eb8e56f19ee5c9f4eb1e4396bb3cfc4724d378288e4,36
FLORES,100919,dev,919,,FLORES-200 original release; dev split from pinned local archive,a27c6716cf3e70e01ff62118e774284dea18fa588039799a1aaf8fb296b2d4ac,5c4743641a447214b0b846f3b1119e82c37e898d5fb67985079b70d01afedc38,ba8d953ebef19fbb983b5cc3e45820773a550b8dd998baafa03036db6b5583b3,36
FLORES,100920,dev,920,,FLORES-200 original release; dev split from pinned local archive,9eed56f1c848cbfb9a5d5417f29badf016ae920766a84e7fa8c16908d1dc26d7,7452ef16aad493e11ddaec42e95f87f2b7fb1ddcd2f9a9329209e14dab740ed2,d9ef5faaee2f22c33838161970bae37edd9078c0275fd83e83c2716c2f8c2729,38
FLORES,100921,dev,921,,FLORES-200 original release; dev split from pinned local archive,7f35aadc685c38b9667c925b6a40eda3bf66b40b72094f51a2a0906803a557c6,136e7dddf31444331b256b969608584382292854a635b6fb00f7a817f7435b84,bffc24a41cab67cd118024c9a0224269f7563caca3ead89d6ca0a3763500b9e9,40
FLORES,100922,dev,922,,FLORES-200 original release; dev split from pinned local archive,e7058156825ce5759bbafa045881e386740f6fef20c7f2d9c452b4c3566e2f95,e924d92b4266d6cd501f05f032ce7ad0dd485577f988999eaf85b4e40b83cb20,0371c7f2cbd27aee772ed599ba8325c274cd64a3e61a11e05497ae9dd8d59cf5,38
FLORES,100923,dev,923,,FLORES-200 original release; dev split from pinned local archive,1185b40bc91d798a6020c583bc8d3a4d98c53993d762afb931fe24618f15622e,85df3f8d9b0a75199bc308ef3672eca1630cc39c66df366a82d92273e887bf26,a8aa7873e9202f1a4ba559da681fa794aa95b602d0c5ccae8b195038ca1667b8,35
FLORES,100924,dev,924,,FLORES-200 original release; dev split from pinned local archive,aa8ab0a2b197e8a6cc29fea309be16b5700885b74df435763bd469757475892f,1c1f1208259d7130175d089ecc25f35eed47cad4d330f97c981b69a54a64b5af,09ff12a8c0b42f51d1aebb2b38ce45a18341af8fae575fab3c1779e943928f09,34
FLORES,100925,dev,925,,FLORES-200 original release; dev split from pinned local archive,5e40979e52cc6efe6303f9cd2744cc108e34c8ce5ec30b65162d34e1bc287144,b9b4e6e138d9ca60ab7a3c2ef8f9611a3d51a484db4878c3a2950251a4de4607,6fcbd0451f1677077de599d86b7ac8806b174a8e07b614b9724113311142e40a,27
FLORES,100926,dev,926,,FLORES-200 original release; dev split from pinned local archive,b52e9775cec6b418dcab26ae53c5ab07dfa39c37e3dd698efaadf7bac52af54f,c5915749a39d2f82114e581639cc4dd3913f39c45a5a56ed1f9df252b920fe1e,f0c206d859af161561fc1b5cc5f4682bc5902c9aa6fb786d0b4263c7f2f2f17c,36
FLORES,100927,dev,927,,FLORES-200 original release; dev split from pinned local archive,6d33afde7d3acaa9c593b53a29636d8cc79e3a49d8cfa5b39cdbf95cb0a521b6,95b09994d74f5ba4f834d1d017f6472f8b0804c279ec0190076a6ed68c5d8dff,fa35f93b798f732ce47b6eacb5cf49e98554eb2cfaf36d7c2c60d47de7c88c94,38
FLORES,100928,dev,928,,FLORES-200 original release; dev split from pinned local archive,4684bb6758cd2a98094031c52d585b68a79a599f87783fa54334a05d8201a30d,4ed0302269f5b483ec154b877d80f80e6d390d518594efac2f122ad42a1368b5,dd01456f0990827846f6af8012471aa4c74e61ad9cee906a6aa85466a0be82cf,39
FLORES,100929,dev,929,,FLORES-200 original release; dev split from pinned local archive,aa55e1c3c7623cc44b0214b6689a824129ad96016f63934a493e8ab23f668940,472a6e613f85fbf83fe4acbd1adfdb908867a1d8ce6da713b0d1f7312d80f9f3,c4b20e4ddfec741f424834b52c580f53d8a06e741396faf499ebdc71d05ed217,30
FLORES,100930,dev,930,,FLORES-200 original release; dev split from pinned local archive,417234c570ff08d35cb9130e8456ac0a0758f12c701993222c67a4bdc8d5d700,a1bb2bbe479a6733d5b40544c89038107dd896e323a69ae0282f1b6577b2bf31,9d1d2d256f0b499ef12cf2efde8a8c3ee8bb028dba66d98fdbb317081fc74bd0,46
FLORES,100931,dev,931,,FLORES-200 original release; dev split from pinned local archive,f4fde10c5d4e157b97dca27ddd7d0eeca69d8b3e89969e57a3ee4abe39835c38,2497d484d9aef1a93d0c784760fb019c47b4c36c89f7c72484edc25595a54bb1,7df24fe76427a6c3a2e7a2f5f8c4c99e43e41b59bedbe27eb40e8eb507b06e01,52
FLORES,100932,dev,932,,FLORES-200 original release; dev split from pinned local archive,ecbc0bdda3bf024f9063968a64f32d6e7dd01419ebe2be4d8d2e7d7254482bfb,45af5b463b0e8cf357789daf6e311565db52aed59f099bdc8da2ed6885d1ec95,5dbef3440063459b2c940a9abf7f10fac772a3efe29ac22974b404bffc2659cc,36
FLORES,100933,dev,933,,FLORES-200 original release; dev split from pinned local archive,4643b2b74ea0f8cb661ea1b28031a55c2adf89d19f2a956f0ee7785b446755b8,d6088dfb26206b4b179223b864a041e94cad5109aadffe5384dec738e393eb54,bb5e96a76d07bab9713fe2faea5f5a14de218e3657e016647ff9eeb538a5e018,28
FLORES,100934,dev,934,,FLORES-200 original release; dev split from pinned local archive,e7d0a19a9daca0f2ba53288fa57efadfc5bd062d883328157f4c94a140f424f3,66ea24030a5c1ac53620f8632d5a2b0a135eafa025e0785ff0380fb9940fa72c,98b4d25ca3ee3edc660b0182031e12dc7db2c15918cc6ae7c3d89a3847dc60ec,49
FLORES,100935,dev,935,,FLORES-200 original release; dev split from pinned local archive,67c7e649070cfbd556806a116187e7120bf00a428fd3aae4cafe730c7cd4d7a7,176f877ec6f69b8f01fb76e94c130de2cdd208352ba342ec96396fb3daf5a6f7,176ee738faece7aaaaacfbb61392d56be508318bea6357b202b8e9c3d1866c95,35
FLORES,100936,dev,936,,FLORES-200 original release; dev split from pinned local archive,80ded802afcd33c803bf10923e49cea9f21ab6e7e05319b76cd40a2c0f4530b0,34fb11ae59a7f2e75096245610cef00ee4139fb758ae3bea0ccd11ef65a120e5,74559cc9e3c8029b3a5489ad99d17b9709c34ecfe8d9b3e5548fd7f5e65a2337,38
FLORES,100937,dev,937,,FLORES-200 original release; dev split from pinned local archive,aeb0e2ce9fe73f06b4df756bdcb8958b9aa084910521d60c6c897dd1e68c7803,f8ee050670b3e10529d1b46e337983c28cd72bf44d8e8932a7178defcdfc8f28,0978bcd90fa15a9a17d93d9fc18bea8b596b29ed1176537dbb1361a4ca51cd1b,35
FLORES,100938,dev,938,,FLORES-200 original release; dev split from pinned local archive,665c80d485a55f87093edc3aa07326c53eb1719d1e5b60c66e5271efd859efe4,56b9fd0467e03102fb7ade406bbe5141e849d930fd9ed373534c91384fc2b979,bac36a6e732668b5543bda14fa7c361f7b378d8193e50c16ea33eac8e57e19c3,53
FLORES,100939,dev,939,,FLORES-200 original release; dev split from pinned local archive,bcdc06781f2cda43310ad1bb0f6759da3325592623fe6d8a4c99c76bda679a41,85f0d0d3adc8e9dad375f50bd474cb380e30fc89a5414f172790450a5d75b54d,f110f3a73ba448b79304c99783a165a40f71ff5f8e00bc1361bccc228e45b343,36
FLORES,100940,dev,940,,FLORES-200 original release; dev split from pinned local archive,889e59802609bb3beff54ee9a5cafe80ef1a70e767dba41ff1bbdf3b14bf5342,a68d521ab33f1b254ecca2aa2ede5df92f6170106170d784944fe62d5f1ddde3,e2577a5358fccfc291aba18e6fc47d043ca9e41ca4c97efc832ef8bf290ae4a5,31
FLORES,100941,dev,941,,FLORES-200 original release; dev split from pinned local archive,88c44d1a7af885d0702823e37a5f489ef7cf0fad9aec1904327fb110ccd8b7ce,e6b105f0a44280dae987b5af7ca528ff7ecec2ffd74ef17ed84cba7792c70bcf,f51849afa9ce83cb130acf42a38cd2e84160e001290e4030acab66338a7f8c57,36
FLORES,100942,dev,942,,FLORES-200 original release; dev split from pinned local archive,78394c0925fc6a381e54e33f576138ddfeec09875e892aff190872564b2973f2,8770b08a5fae450763bca6e7bd4d9e2c633b294a19539e4ad58ec70ade54499c,3fdf7d35b90890e1a37fd459b76c7fa08cbbf56253b791c575167bcb6ad99c18,34
FLORES,100943,dev,943,,FLORES-200 original release; dev split from pinned local archive,38d05df418934d757d39a601046305f730169c206f325a74aab3925961924e52,faed6e89c51e4cd077ef159cda709e4434ec0d7e1cff14f6970b75f2d5a4798d,bbbbe81736a2ecfad2084b4bf1b4cc46b9a71385257080f3183a08485fff02a5,33
FLORES,100944,dev,944,,FLORES-200 original release; dev split from pinned local archive,52ad9ce1b51130e456e2426c4218310eb54fb05e3db558cefe51d693d5ff9229,0f22bd7eba41d5aa85f2b37002a89519f3d7e0f81965f918813c5c47f5dec0f8,db84ff641a50a006b9666b26aa4dd9362c411b3fca85f40c0a55be0dc72ad0b9,50
FLORES,100945,dev,945,,FLORES-200 original release; dev split from pinned local archive,572237fa509019b72c0c60f42642edf6f4406d94434067e995350c50ab0d04d2,c35f3fdc6a27cc32030f3a92fbdc11d9d3b39bf90352c7f7d95e959395b52903,794793c1429092c5dd9b19ed99f434de2ef95b811d35fd319bd27f559b34beec,45
FLORES,100946,dev,946,,FLORES-200 original release; dev split from pinned local archive,2494b7a75715b8e7b90c4c1d29cde5f8740f8f3fc4c624316e071a46e20b76d0,0bbd2d2ebc0eb4a6a7e8ebf43898a317dab9e320d2e08f76b18920b0f5c77468,dcfa574a62663abcb80b03537b8e768e57d5a22666a1b794a63fad09500eeffe,53
FLORES,100947,dev,947,,FLORES-200 original release; dev split from pinned local archive,ab81443ea6abf888e9bfc26c7443974ddfcaab0a665c5931a35e6fb15fde8be8,f83ff9790b0c16c10b21124b717bd48d8ab7cc1bd38021e9ecd02d20283029ce,479bef412c1e37046c9be0f010a81ea6f22a263048ff1f3d01045dfc64ffcd73,47
FLORES,100948,dev,948,,FLORES-200 original release; dev split from pinned local archive,f2ceb621723f233bcff80807d90700a1781461a89b412eb91c033335b9d16658,94117e3a7f33d7820c0b96bb1a0f61709d82d5dfff0cc8379911cda323eba023,af2d05be15735db62630c03305647428d6641ad70ab95c25dcbbfe5efa349823,36
FLORES,100949,dev,949,,FLORES-200 original release; dev split from pinned local archive,4fb26629d80c979bb432938aeb5a20202f96f736107ca41a8e3c1698a4d62b5c,ba4df1948d9535fc34b358f30f857b9311a270d390c5c4c900315240366eb16f,e5f98731d9ecde80b43ea926dffa84f2cc93510643267949d2fd1506edf9c2be,44
FLORES,100950,dev,950,,FLORES-200 original release; dev split from pinned local archive,5cc6f3b06089915e9f02a33f7103ba58dc12a3ef55025d63c0de76efbf0c8df0,2af05da9aba5f314d40445a68b5c0be64f3b09e622365c0dd68f8d0bf3645356,43418a25b4c4a67db4a2fdc4f7114a15871eb80c9f24fceccd9be3ed0fdcd515,46
FLORES,100951,dev,951,,FLORES-200 original release; dev split from pinned local archive,5fa6ddb6c2a4ff2319f8b7fdf1d4cc8a81c6eb80602d71f0b4dce5a67c81cd78,3af502f08252d465e3f4a06019f7b9ba1e402f08fd10a41288537a506afea060,bc2ae65dba5f5dbfbd2da549f5f3b8e98d29e48faa00c17512a99910a740b370,43
FLORES,100952,dev,952,,FLORES-200 original release; dev split from pinned local archive,df0f1154035482b12aa5ca72a6db482c06f5e0e4d6074b4d0dc6149871eaffd7,b036c50fbf2cb27321311754bd37148ab6b58665009fa4e7021662f60cf80c4e,fc5fc067f81cf9e8d14d30a739fc014073269579740aabc78b3c55e5adce6c46,26
FLORES,100953,dev,953,,FLORES-200 original release; dev split from pinned local archive,16cf509b13cf2ab1f39a56b0795eb893c320dbde96e870a598537e28645cfad3,80666bc748408cbabcfb0b9a3c1dc95f7c5cb502d34ac7f6f161f9f0a0345e35,18e593eb9510d9cb51853c5a678490a7115cb01708049485c140c2e3393f859b,54
FLORES,100954,dev,954,,FLORES-200 original release; dev split from pinned local archive,31b7d322d50b43b4ea5bc79c56fb5221fd7ef649f080b94d84aa9b49cb19da81,39d0132103d7e18833e4c72420c31f03a624e0300b422d50978430d95a3fbad0,50185bec924014e8e946ae491985e9693faf17a3fd7e4b92aca2b27f4c1a33ad,50
FLORES,100955,dev,955,,FLORES-200 original release; dev split from pinned local archive,602d279213d260172beeb5ddd21eec421bd479e4db3f1c0feee313e2d0374c32,246550b6c749e19dc72d1914a4bc24491476bc166a693fd68fdba973c36df0ae,3695eb3e827641235f8b79cfa06ecfe5d02ac46bd74d43cdee33159024f0850c,34
FLORES,100956,dev,956,,FLORES-200 original release; dev split from pinned local archive,4cfd4c3c651b959d34f02f201bd193fffa258d2944c7b8d8546222e7bd93aba2,d1e09e843d86e5bd8398afefbce8185e82d066ff8a3322e9af3c985f88fe327c,12059a3bcb209a7777156cc1feb027ac43201169c475bfa8242c899a2410a521,37
FLORES,100957,dev,957,,FLORES-200 original release; dev split from pinned local archive,ee495d152e18add75158c08fc3c12e57d29e3312eafcefcfdab19479bcd6163c,06fb3a332f1311b1f65d820bd3ea9530f3194b734a38e9c72d4f516c269ac83b,daa8c03b2ad6ee1c3f780ef5fb528bdadfbe23c8e213d5a4a4c2289fabf72fec,41
FLORES,100958,dev,958,,FLORES-200 original release; dev split from pinned local archive,5f42df6a23c61ca82fa734239292f4a59b58a0ad367aa834eef222e7791a62d6,e9dc1183139239a17f8ce1dd6c682188662d30f67c81c1206b51ee8198d7233e,6e2b1ca84774ba85fbaba5feac3954cac7c2829944609b6276b62b5ae6e36448,45
FLORES,100959,dev,959,,FLORES-200 original release; dev split from pinned local archive,965b95d367b97dbb56d425274d5501e2d2b21dfe1cd300286fd3acc71e191fce,bb6a76e633316ce2e6a835f81013785590b10109c75e2e7a90cbed51839eb3f9,b3a291e7e88349f25799c4b28c8523676ce2b8d9f1760d19e4a5cf46d316aca8,34
FLORES,100960,dev,960,,FLORES-200 original release; dev split from pinned local archive,23153f0c4ab652711182744c7fa6f59d091ebbb61d57457f68e9d7cd9f95640a,ba80810f3de85ff84b68bf9a2ddb23afc7bc18da284fe4661f6c0acacd3124b0,3d86f19548ae839f3b231847a5d400be1b35fa3c31e0f1a014b6773127058368,41
FLORES,100961,dev,961,,FLORES-200 original release; dev split from pinned local archive,22ad6263a86840f7b4ed30fa55ab0890dcaf680c65cb622168577f9ff9f2af5e,9fbb922bd51dbbdfa3a8c9b6aa8d804d6f6786a9450f4e2900388234ec1d001b,9347b813fc006214803e289c597a001807a1bfd3a276c5a65a257d54724e4d0f,39
FLORES,100962,dev,962,,FLORES-200 original release; dev split from pinned local archive,af49f4d15064bf88f7efcd6db9ca3088d47b71247bf0907e185f5fa123631c8e,7f2b8ecc56cc3a11262b5dff55772f5759c329140d797b20a56b9b23731bd4a5,bac382d8f6364502724af1d3114b3a47e0b5a446568a966ff6544781282a215e,40
FLORES,100963,dev,963,,FLORES-200 original release; dev split from pinned local archive,bbfd743fa228015934d100cd0ebc4fce861301c817e48f04953fed44b3b4ca64,cfb87de74cc73228307e96c9508d3c1b7e6554030bafc4db4b8d3099a3fbec7a,8a22ec68d3aab1469c9ca9bbae5764e33a5779065af0a7c96e3c1754a1f2f12d,36
FLORES,100964,dev,964,,FLORES-200 original release; dev split from pinned local archive,ddd651cdf40b6e001e229f92140a7b81b41f10c0f2cb0077c6970e1ca0f51af5,d2a2bb73667fbd4d16ff0c359a9779e947d478cc6230548462d77c1276f4d33e,8a5ebf5edd91932e422c97d4a9ac8eb24ad00ab6680e6621ccec0f40a14f9828,27
FLORES,100965,dev,965,,FLORES-200 original release; dev split from pinned local archive,5d797b77355e1c1f23a8c9e52cd7756b0127f8706539280fa3297bc839d58d67,1abbaa567dce35895db44a9a6e65b5c4e4b80852c9b52bfa01f556e19ae15413,e72fe00d9044bd729759cebc15cd23364361985e28c26db1cbe13ed88c6105d7,42
FLORES,100966,dev,966,,FLORES-200 original release; dev split from pinned local archive,23e83e98f83158e976fc197fe4f336a8a2ba8feaabedf6ad7bebf23ef49c0f7f,72aaeeeab9833dd51b71f059cb9894de453c6379b0512931098d3297ea8d9f68,31f555e56c0b081edc4b4790570eed85d582f41f5f3159584c46063b8b467d89,43
FLORES,100967,dev,967,,FLORES-200 original release; dev split from pinned local archive,194ff74320d70de824e4269ef43d81f7467519a315692308a13e58c7686947a5,5c6779d3f067de1d8194bddcfe769b32a12fc108cb90d6974f28ad4137352997,44329d40d98b4fd451843f2187b9ab961e4dd1cb478d61bbe5e93a28d5a1abe1,57
FLORES,100968,dev,968,,FLORES-200 original release; dev split from pinned local archive,7de8376d0a2209d7670e205edec36c3821277ab7ec0ac72d4b2adef287d60fc5,3c840a59c7437ebc8b9ffc6d35ac9c5bab069ccc25ea86ae8f70110d6d8d50f9,ffe8502e5e3b4f979f7566354f6e05d96f4db7ec2ad113b1a5906d06f931cab2,22
FLORES,100969,dev,969,,FLORES-200 original release; dev split from pinned local archive,6bbec55f0d41032c1093e90c27e391a21ae7635399624f010751e3ff5f240399,e40233ae869e0409f109cb065607afd820ab9370f3da9ed144419fe903e86e28,9e31c3981c9afecf4ce5ae3d63ff3e9d1e23adc00b4366e1dd6581d9a7186b06,38
FLORES,100970,dev,970,,FLORES-200 original release; dev split from pinned local archive,4bc006fd8475c7ace3d693b27ba8bda7de4f91a4924646f5f78fe3c6813df086,9c95db896373a60bad022700590fffd47cd64e101572ce2a4a7b24d330ddd57a,41c3b8634b869fea29d1e4569a0c9015ecc76fcf4dc7e2e1b7519984e9ae7596,42
FLORES,100971,dev,971,,FLORES-200 original release; dev split from pinned local archive,83cf643e1d5f32d53086741d043bace9b91d8c471e58db576582d3026fc28791,8b8dfaa5fd179170238d9aaad08245a016ff8ceee1abfff20b3c04e104675d76,99a053f0c45aa076b27668f4fe142a3670e226c4b0d0e88625e5b91699b89002,43
FLORES,100972,dev,972,,FLORES-200 original release; dev split from pinned local archive,c3c3f5d3198d5b6dfaa8624484cf5d33bb63a9deca5bcda6bb2e3b3517858ecb,a6a7452095a51a5bf902445f620c43b58c15a898d5e880ea73d5d8182f7cffcd,6f609846caf7a4e929427743af469068376db2c3868afc78190aa597bae6c8c1,49
FLORES,100973,dev,973,,FLORES-200 original release; dev split from pinned local archive,f147d5825ca47b8792d0689692d67623f9bb2ea45d504a2d32fd8307d7b8165e,bdabab4fea3b409103aab20da4e216403e6b3a68764d94648b8292b8c7f1fad2,2f606bfb28e03283fbcd9655b89fa4c3019b5759197501be55b314e5ea331e05,47
FLORES,100974,dev,974,,FLORES-200 original release; dev split from pinned local archive,4d351dc1e21f92e59189066a06538939196b04112319bac33f212eb89ec949fe,6eb589b858212e975632837307058e3b029b76bb099863bd836aab0b07c038fe,01ccee693a3801ba7221d7c50d892dd0c74d792c8732804c46ea79fa86002212,29
FLORES,100975,dev,975,,FLORES-200 original release; dev split from pinned local archive,c801cce01b0638280c86d21017b7ded3cf68726abf069fcfe726ac635558fff2,7929fef9b69de624d6761916da172f071bdb195cbee0478877a11ffec154e996,b0a905a4978925e4ee60b66f6be272d52c0c0a72d0cd35da2669728342a0542f,61
FLORES,100976,dev,976,,FLORES-200 original release; dev split from pinned local archive,ac3baf0a0195d3f9d981fd5fb3830f0fe5db8e008e1feb553176e8a50da13e0a,71683c426e9279b9d4083090bb3d5c58e4860d251d52969892fe7ac4e58c51f9,169f7957da82c1079265105a034d5684d17071b3d585fd9fac12d697860a6b50,47
FLORES,100977,dev,977,,FLORES-200 original release; dev split from pinned local archive,18c3fe732c3e363791b15ede0eaf3674eec28ed5dae3cf5bda804da69c263af3,df7dfe4a9587d6b583e03c78cb8b524a03ebd2a92d921489e76e6e8a45ff1783,15ab7215f64071099d6cc0d951b3af821c076ed328201c1d5fecf5a8f7cf30e0,35
FLORES,100978,dev,978,,FLORES-200 original release; dev split from pinned local archive,b7d17663c239ee2cba2608579e53755d9313f9f109b7385ef45edb7fb4600d03,f161bd46ad2b3e25fccdd5b5b4be79a0c627455fe83b47cdd28e619fed087c0a,6233a32c440d903081d438d532abbe18a1a0d317dbc6f07155305514fc2db538,45
FLORES,100979,dev,979,,FLORES-200 original release; dev split from pinned local archive,ed778ff2047aab4d8752586f5e49e9ebb941066afef129fbfae9d82aa6f7e87c,1da0f8d2e0775e8a2bb9a21e9edcaaec7a85aa9fee4c11d3b8e7370726b51343,4996c22a56f364be91c0c650bc3a8adaf00ba9294f50c5b9a76134f7c1447342,35
FLORES,100980,dev,980,,FLORES-200 original release; dev split from pinned local archive,bbda8a3571982a2229634c2ca0c2941bfacbf4f6c46d15263cd418819edbc0de,d51c57cb989eea785d432cbe666bbea9b991281139bdefbf71ca0da2a4313b76,0fa97162e156998f0fad4e262e9a2649a8119e8462e5319fab8db7f4c71e827c,31
FLORES,100981,dev,981,,FLORES-200 original release; dev split from pinned local archive,84f32c138b09485fade98453333040468edb3d1e054d3f78622971ea37076313,3b4105878fe4c130eccd9fc024e440e9edaf4c558a23aad159c89f8eefba87d4,e6571bba8c0b43579e8240084837c72ac56b750bb661853accad3ba4adca4b96,36
FLORES,100982,dev,982,,FLORES-200 original release; dev split from pinned local archive,72f5530992de6b169c107b907f460f1745afe741c751fdfe383c85defd08d970,06a124501d101f1a65500e33057791c2a5e2f419704efcbfd426686482f0048b,3916ffd45bb920d3416ae1ae84caa9615c033d9fdbf3c28f62e446b9e74afb7f,35
FLORES,100983,dev,983,,FLORES-200 original release; dev split from pinned local archive,0653919befe7a2033afd015318a59622f5cc1bea539e2a3bd32ad50ee1385202,bbdf9bf46a67e78b0ea5f9899bb431ad5962ec5c8e6e8ea93654a77629cdc8e7,b7b025ccea224de83f90f99dfeed24f2b677923dc401437039c2b8d038f238ad,50
FLORES,100984,dev,984,,FLORES-200 original release; dev split from pinned local archive,c92068bf56ffa975fac5c9b26fbb209e8fca94d755a4554fdd071d54b8abfa16,0a546e87dc70653a9b11fbcc56dec3764b8d2246a08fd5531e57fc1ac591987f,631755736aaf02d3bea48dc1e8873f4c44a12e28e4e328ea50be7354143e7723,29
FLORES,100985,dev,985,,FLORES-200 original release; dev split from pinned local archive,f99738ce3f8fee6786e8dfda17569e3890cce394f71389fa2e1081d8140e63b3,c9e2a44087b01523d763f29579453dd5e8431fb7d380d572061b0547381591e9,9f55ada31e38c294912db00e003411f50ff2731b60981aa1ab8ce5589cd67cc0,33
FLORES,100986,dev,986,,FLORES-200 original release; dev split from pinned local archive,7076971ed38f1f1294804c8aa62883bec3ff7fc6d535c7faf9e38685baafde6e,d0dc5b4a1e4cc85b0fc67158371fa1fbf322f535e826e74efd8bf96bcee1dd6a,60e898804edb959bbabad7ae09732e479c4b773e49cc10faadf10224cc9d45b3,32
FLORES,100987,dev,987,,FLORES-200 original release; dev split from pinned local archive,b7ea34fef89cdb25c1abd460d848137c3623a8f7cbd7b19fa9745e7f06a12990,f4bb2642a8c61328dae51811bd5b0d3cefca2f27b15f87a60777fb5d0dbf20a0,2a5663bc701796d67a73421fc39df8c7e8523fbab29650028b9b175e4746831d,35
FLORES,100988,dev,988,,FLORES-200 original release; dev split from pinned local archive,ab82bda3c419433e8221c99e2189e3bed7b0b4e90c1b4a04ab4941945de1280c,e672e245d745d0f3ff23591e5e0517f3c423ec9dfdb4129428895fb1ba0789c9,70bb51aad676694914ae44a6452b339f031634f57eb26d06a064868db9dc30c8,39
FLORES,100989,dev,989,,FLORES-200 original release; dev split from pinned local archive,8a58d5dc95584f5e47a232a9d4f85b3bb76edfed4c1d2a068bb07c2d14c9bc1e,2429a56d0c8e09b3dc700a6b7c6b28caf5b061a7f6062f4f269b87f19e4207c9,7d119d8a1916d2df67946f1ec08f8a12553ebe5c13439d0f567d3748335fd5ec,38
FLORES,100990,dev,990,,FLORES-200 original release; dev split from pinned local archive,6a4fee831c5c6aff8c033fe79dceef5143af7814be13a799812e56b0709751be,868149cee8307ba943317c9a95f2cf00606a64602bc42dc2bf81cdc399d485e7,e75c0df86eda675371860c608402a491be435f432a3fe3767ebfb66444dfde59,41
FLORES,100991,dev,991,,FLORES-200 original release; dev split from pinned local archive,2672cc96a813851fe995c60edd16bcca460ab9538a466dff0a73b38aeb302090,a67c142e8d739aab71b0ac5dd6ac49594a1814cbe8ebf5be451539105b305f11,b7b87b7aac13231d521432fe0a18fd01fd1c264d75486772abc45e9e81df2547,27
FLORES,100992,dev,992,,FLORES-200 original release; dev split from pinned local archive,e0342204db9fa466c16879f38bac26c7d66c93c27bf9becc266c0e74ae85bd21,833d97fb56cea1b8ddbe609cc2f720e316a93839a46144b1938f5d30c5dc30c4,c359138a548ac9b762d3c2ea3d6bc09ae278426ee26378594096ccf3db8d0a8c,34
FLORES,100993,dev,993,,FLORES-200 original release; dev split from pinned local archive,c7c07eaba0e1d9f643eab76cbedce4ffa833067503d58623d1fa72ce9a0562d1,a7a5c2d6add4bf6de1e2875499034f5e2d5cd9786719e1a269cb64e680b4a793,b1abf3768d22a8d5761a166ae2a5bd3a734eeb80f6994900a6b0b9d91f8768c6,26
FLORES,100994,dev,994,,FLORES-200 original release; dev split from pinned local archive,0785f983e2893d4610566efa9214b24bf3f2740a8918ea9e5a6d6f19f4a8bd3b,f7c3cf240e321bbe0495835511d0cdfe6346345f972c66b7f1d162c9ab6431a3,a746b6696d07a51132da3f0850489879b76d819385c5b68697c4b0e17f505dcd,45
FLORES,100995,dev,995,,FLORES-200 original release; dev split from pinned local archive,f020d98a295d69b71b15d9e5551e474a4f5ac997275488063a7dc99ac6eccbf6,b85e6515116a6bf7cf5a9d5c3fbe2890a3fbe472f09872e2cf028405611ac023,0789daac182a9d00662f6a0f22343302f74b3ff1e9ba168d21f4d6bd0a07a83e,34
FLORES,100996,dev,996,,FLORES-200 original release; dev split from pinned local archive,2b84877ddd23751286550c29bfebbc6f17413d3b888e0f1c8a3e5caa0de1a11c,c9296a7e873931c138f5538621e39049fcfb11886ab4acf21f9dcf22432d9a8a,21259cb0f6fb482fcd256d4e5252115c822b356d5a92a2a7101690a26f3d4515,43
FLORES,100997,dev,997,,FLORES-200 original release; dev split from pinned local archive,245d9b8ac4394228901bcb9a281d2151924255b8467d7ae94551dd90aac36d4a,2d47df059cec349ba2c1fa23510af6c69895acf6c49da1c2057e42a0589fa07c,520388b7b8c7d4263266c7fa926dac201f03ba8c4a34b9ed6627a9e1fcb2774d,26
