workload,prompt_id,prompt_text,prompt_ids_json,prompt_hash,source_index,pilot_selected,correctness_selected,pilot_order
WIKIPEDIA,2,,"[23259,124632,56475,58034,23259,129804,54825,45563,12802,46319,87425,127728,126488,126667,131837,42039,11,80740,20401,63757,66845,127452,125489,13,133553,28002,58034,23259,80573,16560,34143,105,28002,11,28733,124632,58034,23259,16560,133553,28002,80968,3315,116,94,29281,53680,16560,58034,124780,131702,36055,20401,132306,382,23259,124632,58034,23259,16560,60960,59761,126423,23259,49543,60315,30520,113,43590,23259,49543,20401,129093,43590,125489,13,131025,130861,47836,28733,64521,58034,23259,16560,320,92192,20401,140094,94203,85057,143964,8,36055,20401,19969,66019,23573,28733,125489,382,126952,29281,28733,124632,58034,23259,11,95617,18411,129900,32290,45130,101,144432,12,145042,144143,58034,23259,11,84255,133738,41429,134133,12,17380,142793,128187]",797505ae1b9daad7f72e4ec78649ee5c230e0b80e2c7cf9e7dd1754b77586537,2,True,True,0
WIKIPEDIA,6,,"[49543,145333,125466,56290,124785,7,11,1154,6882,129549,53989,226,57026,26698,48364,112,145333,7,11,1154,873,33704,77353,126321,124785,19969,31328,5140,253,105,29326,52959,18411,139646,16560,5140,253,105,29326,52959,20401,125466,56290,124785,125489,13,139963,145718,129616,24897,131937,19391,98987,82190,132931,11,58677,88259,49367,23259,16560,48364,112,145333,31328,42039,136239,128993,90686,382,129709,31079,80573,55673,125496,715,92192,20401,140094,12802,48364,112,145333,31328,125489,13,136605,16560,5140,253,105,29326,52959,31328,11,58677,88259,29326,31328,53680,137734,139963,129695,129616,26698,24897,124781,125713,120,129704,47985,27767,252,57026,13165,19946,13,48364,112,145333,129889,48364,112,145333,31328,129360,10764,228]",b717150f2140809a605917cd483b5520b2bedffdc4f920b00e847502f59638a7,6,True,True,1
WIKIPEDIA,10,,"[66845,23573,125496,124785,62071,16,21,66845,136774,129296,92192,16560,220,17,15,15,17,126216,220,16,17,128514,220,16,24,32077,134952,35711,32077,90711,246,144280,85251,136774,129296,92192,17380,11,220,17,16,41429,132264,136065,42039,90711,246,144280,85251,128605,125496,124785,136774,129296,92192,125489,13,62071,16,20,66845,130508,66845,126402,136774,20401,129882,20487,136774,17877,5140,121,239,20487,130679,129296,92192,125489,382,16,21,66845,60960,125519,33704,133146,220,16,20,66845,60960,125519,56475,16778,226,126835,20401,129882,17380,37195,247,125519,126204,129242,47985,65865,23573,23084,61741,130095,61298,60315,50340,64795,94315,41671,80573,32129,55902,81173,132618,20401,135138,138098,43115,125519,17877,131582]",5e0217e4766f7d31c3235279415acc9f7531070ba0e9a1341f20e4548b34b9f1,10,True,True,2
WIKIPEDIA,12,,"[130728,131793,129044,7,99243,58463,101774,11,220,16,24,18,17,126216,220,22,128514,220,17,15,32077,3968,220,17,15,15,21,126216,220,16,128514,220,17,24,32077,11,136905,36330,250,76435,11,873,33704,130092,74361,250,76435,20401,133196,128533,73986,89235,57268,48408,28626,95617,125880,19969,11,68232,139822,19969,11,56419,80901,95617,125880,19969,125489,13,129238,124780,33704,28733,54321,7,52510,52129,3593,76435,65865,19391,5140,231,112,138081,11,3315,122,108,82965,11,129392,144818,11,95577,12802,126898,56039,80573,136905,19391,55673,17380,126352,54330,23573,54825,16560,127296,127154,126932,49543,17380,95617,125880,140968,57089,17877,53900,139836,13,136115,73986,89235,57268,48408,28626]",c19aed6dbcf30bd095af697a46be1dee55182021e5676427019ada91e0eece53,12,True,True,3
WIKIPEDIA,14,,"[16,17,128514,220,16,24,32077,33704,54825,126673,34395,28002,28754,42039,220,18,20,18,137104,7,138374,126216,32077,49052,220,18,20,19,137104,8,37195,254,19391,94613,51876,382,55054,124873,715,220,16,24,21,18,126216,481,16235,242,21329,130271,125548,19969,64805,227,126702,128836,624,220,17,15,15,17,126216,481,128605,125496,124785,62071,16,21,66845,136774,129296,92192,56475,127042,125054,126407,94315,41671,19969,125834,125519,64119,13146,624,220,17,15,15,22,126216,481,128605,125496,124785,62071,16,22,66845,136774,129296,92192,56475,23084,79632,129471,94315,41671,19969,125834,125519,64119,13146,624,220,17,15,16,16,126216,481,65510,125519,125496,54330,130788,31328]",b09103b0fed93b2a08c8a60416bd62c824f1c8739e4d15215597bdfa283c105c,14,True,True,4
WIKIPEDIA,15,,"[20,128514,220,18,16,32077,33704,54825,126673,34395,28002,28754,42039,220,16,20,16,137104,7,138374,126216,32077,49052,220,16,20,17,137104,8,37195,254,19391,94613,51876,382,55054,124873,715,220,16,24,18,18,126216,481,74361,243,88259,47455,239,29281,20401,48364,112,88781,19391,124970,96137,62107,54330,55054,126667,12802,98358,88781,624,220,16,24,19,20,126216,481,74361,222,12802,132947,12802,60960,78125,35530,624,220,16,24,22,15,126216,481,10764,236,246,126746,139963,63089,56475,23872,247,129616,144018,66790,85251,12802,133396,128836,624,220,17,15,15,19,126216,481,128605,125496,124785,20401,125149,126346,31328,130508,125519,32077,12802,142510,127890,134521,13146]",1d6f54d208ecd5b298ab185f509258a752a31db923fc3dc011fb469d5e2fa205,15,True,True,5
WIKIPEDIA,23,,"[26940,144407,21329,129439,127121,19969,125166,28002,25067,368,16560,136293,10764,245,97,12802,126246,44518,66845,70943,132264,128677,126702,23573,136293,20401,54070,127121,19969,125166,28002,124781,129359,129027,12802,89659,20487,12802,25715,126291,125624,125489,13,53435,136770,136065,42039,73518,130000,129274,220,16,15,15,23,126216,320,62275,129695,220,20,126216,8,125489,13,68232,132184,125149,50340,55054,126896,44518,126896,63089,17380,11,54825,132751,47818,126898,126310,32077,23573,54070,127121,19969,125166,28002,143586,125489,13,55673,31328,78125,31328,10764,252,230,129616,126746,23894,238,133120,131582,11,77353,126898,11,126440,126861,53680,36978,108,132772,11,136994,80968,65722,243,130472,53680,142452,28754,129924,131833,77002,10764,245]",68d0ac96052328deac48f37c0c5eb37288f1bfd449c5956851242783136973bc,23,True,True,6
WIKIPEDIA,25,,"[32077,126641,58034,66845,137032,126605,7,100141,48921,100163,33071,118669,11,1154,873,129549,134664,55902,66845,126605,7,100141,48921,100163,100946,11,873,33704,95577,125548,144111,54825,17380,24897,72553,11,49367,70582,29346,10764,252,238,132947,125548,28626,11,125214,132947,125548,28626,48408,31328,144018,125166,31328,77002,19391,136009,95996,65865,130357,48408,31328,144018,125166,31328,53680,10764,252,238,132947,125548,28626,19969,220,16,24,16,20,126216,19391,142234,23573,11,70943,135818,58034,66845,126605,128552,49367,126746,16560,133553,28002,124632,23084,126605,125489,13,20136,222,129804,29346,20401,23084,126605,126251,28002,124632,25715,127042,125548,29346,53189,148640,47985,134664,58034,66845,126605,20401,129875,129881,17877,127041,120,51588]",885c927bcb1d5ce2b8363034837213ac67985834d26af9d124d11efb506d3c30,25,True,True,7
WIKIPEDIA,30,,"[124785,271,145017,4710,35509,60315,481,48408,81133,50340,715,35509,135402,481,56983,131196,125548,143952,198,35509,12802,52959,60315,481,65510,21329,125166,93672,198,129423,70582,52959,481,63757,131303,198,8620,112,234,481,53900,144759,127673,198,45130,120,130229,127452,50340,481,45130,120,130229,127452,50340,198,54825,126673,60315,13146,481,125674,31328,28626,92817,21329,24897,198,142103,481,48408,130229,126730,198,54825,129807,136499,29346,481,138659,81133,198,54116,83036,481,3315,65291,60315,81133,28002,198,54116,83036,70582,55054,40281,481,73986,55054,40281,271,145089,4710,73518,56039,70582,52959,481,5140,117,230,28626,127033,81133,198,73518,40281,126746,481,23872,120,144062,198,37195,62618,21329,28002,52959]",e2174e89d7b358d83745cfcf8a8ceb0e49cce30a68b33581f9ec83f6cd937960,30,True,True,8
WIKIPEDIA,37,,"[23259,124632,56475,48364,112,70582,144100,126445,49367,126524,76337,7,72819,49593,128000,44022,5474,42140,102862,28330,11,873,33704,127165,120,126317,58440,20401,142654,129510,76337,19391,77002,40853,42905,137351,124546,49367,126524,76337,53955,125489,382,29281,20401,715,7,125086,23259,129882,83556,124781,23259,49367,126524,76337,20401,130263,128747,17877,71015,135968,25715,9272,125086,23259,129882,49367,126524,76337,90486,135878,11,126844,65553,97,65510,124873,12802,137765,126322,59698,136262,11,136342,62107,129704,135298,16560,16751,226,129882,48364,112,70582,144100,126445,49367,126524,76337,130939,129112,624,320,57132,133032,80968,36055,20401,8,23084,124905,11,23084,124905,11,23084,13146,624,320,134088,126317,58440,36055,20401,8,142654,129510]",c29340ed2ae27ab126dd406338e9a57ef447f4766929d8e35a4d27ebfcc92819,37,True,True,9
WIKIPEDIA,38,,"[126793,12802,20401,37195,254,368,33704,129093,54330,132841,17877,54116,128061,42905,37195,254,125489,13,54969,12802,20401,37195,254,33704,129093,54330,132841,20401,134312,120,145318,82801,12802,220,18,13,16,19,12802,136108,220,18,128514,220,16,19,32077,19391,90711,246,60294,85251,13146,13,63332,125160,220,18,13,16,19,16,20,24,19391,131417,132526,20487,130039,142209,74209,220,16,29326,220,20,24,79716,19391,54116,128061,134107,11,142209,74209,220,16,29326,220,20,24,79716,33704,24485,226,134372,125511,126254,126559,220,16,18,29326,220,20,24,79716,12802,20487,129147,73077,65865,220,16,29326,220,20,24,79716,137602,220,16,20,29326,220,24,79716,7]",b7b3fb2d5cc49283768b73a1a3a01cbcfe8ff4be11d3ded869508d8bb0db300a,38,True,True,10
WIKIPEDIA,39,,"[20487,16186,124632,56475,3315,65291,55054,31328,126785,135092,88830,482,24339,101461,11,873,33704,127165,120,126317,128909,20401,125674,46319,53680,61298,126804,20401,3315,65291,55054,31328,136541,19391,128677,126702,42905,36055,28002,125489,13,23084,19391,125686,125548,32290,11,127165,120,126317,128909,20401,129419,46319,20401,62071,144238,128747,56475,32129,144299,126317,20401,3315,65291,55054,31328,53680,54825,129419,46319,20401,45130,109,20401,220,17,130609,18411,5140,117,120,32290,11,129624,33704,46319,20401,62071,144238,53680,78374,52959,85251,13146,13,127165,120,126317,128909,20401,129419,46319,20401,137351,126317,127165,120,126317,128909,19391,128605,142510,125166,34395,50340,24897,20401,36055,28002,19391,128605,134664,56290,125489,13,3315,65291]",fe3005394dbe0cf116fce01833e3e0671dbbb1a93556793ad6d4079244e0a9a4,39,True,True,11
WIKIPEDIA,57,,"[13146,48431,33704,126429,66845,142103,128753,56290,80573,126429,66845,142103,98358,124546,19391,77002,40853,42905,128753,11,63757,82528,42039,136239,52300,35509,124781,47985,125489,382,134664,128533,38523,105,131293,128808,24897,220,16,17,82528,20401,86034,33704,124459,113,33704,131522,135562,17380,139052,29326,134002,624,83315,49664,77226,81718,144059,42039,139052,29326,52300,86034,33704,130847,126923,130345,20401,220,16,41429,66845,10764,233,108,135356,125489,382,131380,12802,138540,715,142103,128753,56290,271,54330,33883,271,126317,54330,271,130038,34395,53435,136770,4710,31906,19969,124781,47985]",b1000e7789bb5594b44a39ec3ac92a4f23a5ca9c242124976697937513c89bb7,57,True,True,12
WIKIPEDIA,59,,"[41671,130640,368,16560,141767,144355,12802,36055,23259,34395,11,63332,24897,12,52959,31328,144018,125166,31328,125206,124781,18411,125686,125548,16560,126932,59761,38150,25715,13146,13,58677,47985,20401,133553,28002,124632,25715,32129,131131,136233,29346,50340,73518,28626,63332,24897,20401,86034,17877,5140,243,226,13146,13,10764,236,246,125548,56039,130000,20401,63757,66845,127452,125489,13,129304,38150,132343,141767,144355,12802,36055,23259,12802,127451,63757,29281,23259,125489,13,141767,144355,12,125160,124781,126785,135092,19391,126629,320,125522,126691,43866,25715,60315,23872,254,83036,130000,125686,80901,20401,95617,128792,80968,49052,18411,62071,128792,126204,8,56419,25715,7,110176,8,20401,49052,16560,63332,24897,12,52959,31328,144018,125166]",ca6f5928103dac851a87e3ed232c404a3005faba2f2c41a4805b20484304bc20,59,True,True,13
WIKIPEDIA,62,,"[26940,25715,125568,131573,124632,20401,28733,124632,80968,129093,28002,25067,7,99795,102607,99763,12,43614,116,99763,9370,105318,11,873,16560,89860,126345,20401,45130,120,124632,47455,223,79632,17877,130263,66845,32831,23573,138001,20401,125703,125489,13,53989,226,57026,26698,364,126445,129807,124747,44680,242,120,52959,6,368,129254,126488,28002,130898,129112,13,220,16,21,23,22,126216,19391,73518,130000,130902,67511,5140,231,112,94152,20401,125674,142452,137771,28002,125569,67511,42039,11,5140,45881,144305,31079,17380,3315,241,108,57026,141798,382,12802,138001,56475,5140,231,112,94152,33704,126429,65865,127864,124632,20401,81718,144059,17877,139646,16560,5140,231,112,94152,20401,132028,57089,126785,135092,53680,62107]",ff420f60d7c131547b1234f039faa25fdcfcec5494ecaff872d10b47fc0fe16a,62,True,True,14
WIKIPEDIA,65,,"[50340,131587,50340,24897,74808,29281,76337,4957,391,26536,594,23606,8,33704,220,17,125625,10764,236,116,56039,79716,74808,29281,76337,20401,125703,17380,11,126429,146947,82801,12802,220,15,31328,5140,45881,131587,50340,24897,77353,85057,131958,126429,125522,77953,135444,62107,129704,135298,16560,74808,29281,76337,125489,13,56419,25715,20487,124632,11,48364,250,51588,124632,77002,56475,56419,80901,128355,70943,28754,10764,235,120,144137,144403,17877,49367,144409,53618,3315,241,108,31328,13146,13,142510,19391,125548,29326,144350,5140,45881,131587,50340,24897,20401,86034,17877,5140,243,226,13146,13,5140,45881,131587,50340,24897,74808,29281,76337,20401,60716,18411,65510,56290,77953,23259,129254,129112,382,29281,20401,715,125625]",3aa0309b093897c5914bfb2abc9f73ea8f76665d50650a1aa875ab2bb8d0374b,65,True,True,15
WIKIPEDIA,72,,"[43590,126702,25715,133553,28002,124632,20401,139052,129044,54070,128909,7,112472,104949,11,873,33704,140577,124781,20401,136089,38150,25715,80573,11,70943,135818,62071,128792,23573,54825,58034,47324,67511,26699,320,130262,23573,58034,47324,67511,26699,11,23872,121,23573,58034,47324,67511,26699,11,56419,25715,20487,58034,47324,67511,26699,8,17877,49367,126746,16560,98927,12802,21329,23084,126605,125489,13,129413,135818,49367,126746,16560,79302,239,25715,134582,231,126346,124632,53680,11,23872,121,28754,53680,56419,25715,20487,135818,49367,126746,16560,74884,222,31328,79004,48606,12,136999,133016,23084,126605,42039,139647,85251,13146,13,139052,129044,54070,128909,19391,125686,125548,32290,11,56419,25715,80573,70943,32831,56039,25715,128355,137734]",381f681c69818a5a7efe7cac9427e3e8ca308c64996249d07248883d6d8ed8e7,72,True,True,16
WIKIPEDIA,75,,"[126667,128909,28754,7,100567,82699,47534,8,129549,141767,28626,126673,24897,368,33704,127864,124632,56475,129400,80901,32290,80968,64795,68232,26699,42905,10764,252,246,17877,5140,250,119,51876,13,16751,239,28754,7,100803,47534,8,130939,47985,129112,13,73077,133032,24897,144702,5140,96,101,12802,3315,65291,29326,19969,220,16,23,17,17,126216,136065,126429,126246,128836,382,55054,125086,55902,16751,239,28754,20401,142497,33704,77353,126299,49543,7,36139,20434,8,129615,35509,29281,136646,128677,126702,47836,28733,90686,13,133553,49543,66136,63089,20401,49052,11,35509,55902,20401,129400,80901,63089,129262,18411,65880,96137,54825,35509,55902,20401,139052,32290,81718,144709,19391,68232,26699,42905,10764,252,246,17877]",5d2695c9e3ae2233b64821217d03b39e7cffc10228f9ef60492171d81108a140,75,True,True,17
WIKIPEDIA,87,,"[131587,133738,81133,58034,23259,7,20485,377,38953,102260,11,1154,54116,47324,305,8,16560,38150,131958,90486,127085,21329,80573,55838,250,131196,17380,12802,126616,57089,23259,20401,73986,1719,125489,13,79302,239,25715,126346,124632,20401,136089,58034,23259,70943,125703,13146,13,23084,58034,23259,18411,129392,43866,23573,133553,28002,124632,25715,32985,231,24897,142509,234,133738,81133,20401,86034,17877,5140,243,226,13146,13,54116,47324,16560,5140,45881,144305,79921,1591,125489,13,126310,83036,168,77047,54116,47324,1719,19969,90686,382,17,15,16,23,126216,220,16,16,128514,220,16,21,32077,62071,17,21,125625,124973,136852,131837,128909,131120,61741,57836,8795,8,56475,136646,20401,45563,42039,36055,20401]",ab49ee7ec290023611d27bbb6e2f99f6f161b4ac2b8a54abb40da2be6da7a278,87,True,True,18
WIKIPEDIA,93,,"[29281,23259,126605,56475,56983,72553,62071,125166,58440,368,143861,242,126291,23259,129360,36055,23259,126605,80968,128677,128732,17877,60716,129150,128552,66136,128808,42905,126310,28002,128909,58440,125489,13,60716,129150,80968,28733,126605,56475,126291,23259,20401,128618,128808,18411,131698,47836,53618,20136,113,125512,128533,127864,47836,17877,53900,124905,11,130005,444,12,77953,23259,23084,126605,20401,54070,86372,125489,382,29281,20401,4710,28002,72553,62071,125166,58440,16560,126423,23259,63089,19969,220,16,129885,132182,16235,226,20401,20401,30520,113,43590,23259,90486,131978,11,139107,129381,76497,242,28002,134644,126673,28733,53955,17380,36055,20401,132306,382,12802,125149,23573,128911,23259,16560,124970,126440,126346,56475,28733,144180,126204,11,45710]",c5c150337feebd119d5efc460ee0707f7f9c8ee6200e12ccb9063e7098842a8e,93,True,True,19
WIKIPEDIA,94,,"[139627,126414,124781,7,99579,101590,38176,11,16184,1849,8,137602,140210,126414,124781,16560,37064,57160,223,112,28002,29346,142496,53680,129381,135391,49543,20401,18585,238,129835,137734,54116,16186,124632,80968,85997,43590,18411,126429,125522,128555,135763,66425,130039,125703,130408,20401,69192,92187,31328,65699,234,126414,18411,40720,42905,48364,112,124781,125489,13,141767,144033,50340,127819,250,131587,17877,126563,33883,308,125625,54321,142496,20401,126804,66790,138913,139053,42905,130864,17877,126254,51876,13,131180,26698,141767,144033,129615,63332,125160,126423,23259,11,49052,19391,134084,16560,30520,113,43590,23259,60315,128772,134664,128533,46832,246,2601,287,8,20401,129093,43590,18411,126254,66425,47985,129112,13,30520,113,132499,23573,124657,54330]",49d5088a6e56a83ec93a510a0fe88a470e9cef589935fd8a18fc5f4598a2b004,94,True,True,20
WIKIPEDIA,95,,"[77953,23259,33883,129150,124632,56475,10764,252,238,132947,125548,28626,142496,10896,321,9160,109911,11,873,33704,74884,226,70582,66136,80968,142496,125489,13,37064,57160,223,112,28002,29346,142496,17877,134664,56290,23573,142497,125489,382,29281,20401,715,19969,220,129549,5140,45881,34395,53900,25715,13,481,144327,132947,125548,28626,142496,16751,222,74884,226,70582,126352,28002,142496,17877,139646,16560,481,95218,80968,142496,125489,13,66136,80968,142496,42039,26698,11,10764,252,238,132947,125548,28626,142496,33704,139052,129044,128533,45710,55902,142496,128355,126352,28002,142496,128355,47665,94,33861,142496,128355,127042,63154,142496,20401,58777,92817,18411,143143,16560,13146,382,12802,80573,126322,59698,17380,11,481,144327,132947,125548]",c83288390c8dc2ea157c0b693874741fcd4e806740aa9e777c30eb0752af7203,95,True,True,21
WIKIPEDIA,96,,"[126345,25715,126346,124632,7,109539,47534,99763,11,873,33704,128618,25715,11,129093,25715,11,56419,25715,11,126291,126702,25715,77002,125714,29326,128533,94203,20401,141526,136854,49367,126746,16560,132377,11,143416,143230,131777,143143,16560,94203,20401,141526,136854,131698,42905,133553,28002,124632,20401,128618,89659,125489,13,129549,48408,54321,25715,38150,25715,128355,38150,25715,130263,125068,17877,49367,126746,16560,141526,66845,133553,28002,124632,20401,54116,132618,23084,126605,125489,13,364,52959,125054,28002,54116,12802,126204,10764,226,108,125054,83036,127173,16560,138629,125866,60716,47985,11,133396,130729,127834,12802,220,15,12802,134808,130408,141762,83556,31079,126588,13146,6,16560,133553,28002,124632,80968,130902,89235,31079,19391,54116,132618,51876]",1d2f32035de1110dd4c9cc7bc36a487da84007dac5a1239491bc49123023b0af,96,True,True,22
WIKIPEDIA,97,,"[126345,25715,126346,124632,20401,28733,124632,80968,125466,76337,56290,368,16560,79302,239,25715,126346,124632,19391,77002,40853,42905,142497,134771,125466,76337,17877,28733,124632,128552,24485,226,134372,128555,89860,125880,42905,128900,13,356,9,60960,23259,23084,126605,11,141767,144398,63154,12,28002,40281,143952,23084,126605,77002,12802,3315,241,108,32077,28733,141258,11,63332,125160,33704,10764,252,238,132947,125548,28626,142496,126402,125703,31328,444,17,142496,19391,68232,26699,42905,129296,128909,77353,85057,135184,131582,54116,125880,51876,13,23084,16560,134014,69441,108,127042,12802,72553,12802,220,16,24,18,15,126216,66845,19391,74884,226,32831,23573,132091,11,220,17,15,41429,20487,23084,65865,19391,73523,126835,52300]",a545b1d196c946ca4aa4cabfa9b6f9d8b25117470bd7ecb26e3e7d7ba3fdbed4,97,True,True,23
WIKIPEDIA,98,,"[132947,125548,127085,90711,112,18411,53900,12802,144112,132947,125548,81133,7,11,2587,2587,220,16,24,15,16,126216,220,16,17,128514,220,20,32077,3968,220,16,24,22,21,126216,220,17,128514,220,16,32077,8,16560,64805,227,32077,20401,23084,126605,126251,28002,124632,25715,12802,25715,79302,239,25715,126346,124632,20401,55673,35711,129296,88259,25715,70943,125703,125489,13,54825,16560,220,16,24,17,20,126216,19391,141539,235,20487,128533,127041,120,51588,17877,142234,128836,13,32985,231,24897,63332,82965,53680,54969,24897,141571,144135,85997,125548,125068,53680,129676,3315,241,112,94315,126299,127041,120,51588,129889,79302,239,25715,126346,124632,20401,126174,144210,126346,124632,12802,140084,36055]",4e5a736f30332726f0794ec78d76332bf5661872f7c6a5d58bdd7d2cb9fb4645,98,True,True,24
WIKIPEDIA,99,,"[126402,124785,20401,136608,7,104900,99497,11,873,19391,128605,81173,132618,20401,54116,49664,33704,54116,54321,65865,220,16,17,20,15,126216,125149,29281,20401,125206,59698,20487,31328,58034,60315,50340,7,20487,54321,65865,220,16,21,15,15,93,16,15,19,21,126216,43115,8,17380,126352,139039,60294,38523,105,50340,62275,13146,13,46832,102,16186,53435,79632,33704,127296,128772,53435,79632,20401,126440,129321,17877,83596,126002,127378,138373,129238,129283,129889,125703,50340,11,58034,60315,50340,11,54116,60315,50340,11,55673,60315,50340,23084,53442,23872,121,220,20,15,15,15,126216,126322,126246,28733,131456,33704,127296,74884,243,92817,19969,10764,251,98,130472,17877,63757,97834,33883,74884,242]",5c3ca4e5f465dc182ec3e6b54f9ae6fd7f1cd6a02e73004bd182199e6766415e,99,True,True,25
WIKIPEDIA,105,,"[26698,126893,134990,29326,368,16560,128605,125496,124785,20401,81173,66845,129392,29326,12802,25715,130037,55902,134013,125489,382,125519,55054,29326,66845,126558,133166,126352,54330,126063,33509,60315,129238,127864,136294,22042,109,37087,48364,104,134013,45710,131000,132818,44518,132618,17380,129112,13,127165,120,124785,29326,66845,126377,56419,138279,80968,85997,131347,21329,135979,126429,88259,125476,11,22042,109,37087,11,128753,50340,19969,84621,131498,52959,129882,21329,126063,127378,11,126429,125476,44518,66845,126377,74884,243,125086,20401,30520,226,139604,12802,125674,130109,85251,129624,65306,7,102034,8,42039,86034,134002,382,16,18,24,19,126216,65510,125519,74361,250,92817,19969,129624,65306,42039,48364,250,47985,23573,5140,240,97,54825]",bc89f0438663e3b06f77ae921e1a7700fa43f38465b2c23d15b5529b4221e4fc,105,True,True,26
WIKIPEDIA,114,,"[56039,79716,74808,29281,76337,7,48934,17177,23384,117140,11,40164,23606,8,33704,125714,21329,20401,58440,80573,54825,129392,77953,23259,11,128719,23084,58440,129360,58440,82801,19391,92751,124781,52300,127296,73523,20401,80740,64850,19391,128605,58440,74808,29281,76337,125489,13,125714,79716,126321,29281,76337,20401,94203,23259,19385,8,16560,125714,79716,141539,253,135444,130887,129875,64805,227,126702,80740,20401,94203,135444,135763,140847,34395,11,129882,23259,12797,22490,8,16560,94203,23259,18411,135763,66790,33704,64805,227,126702,80740,20401,125714,79716,144569,12802,126352,144177,37087,144238,52300,141539,253,23259,19391,126629,135763,132306,382,131518,26699,28733,124632,56475,61298,126932,59761,80740,19969,128772,126932,59761,80740,19391,128605,124970]",2d50e6a2a69f3a22d80522b5126c7394ec30a37997abfc1af6fe88aae4c5e7a3,114,True,True,27
WIKIPEDIA,116,,"[54321,54330,132841,7,111365,40542,95355,11,873,33704,129093,136904,126673,80573,66790,63154,20401,73986,132377,11,129093,20401,66790,63154,19391,128605,5140,239,246,126673,20401,73986,132841,17877,135513,95218,16560,28733,124632,58034,23259,125489,13,28733,124632,53680,133553,28002,124632,20401,127296,128618,89659,19391,129419,126746,3315,241,108,31328,13146,13,142103,79921,51745,17380,139052,20487,126204,11,54969,12802,7,48245,8,129254,16751,121,16560,13146,13,129093,54330,132841,33704,28733,124632,56475,49367,126746,16560,130887,136361,58034,23259,142180,125703,125489,13,125149,28002,23259,31328,143409,83315,128514,23259,125489,13,48408,125548,126896,84667,124419,24897,20401,94203,85057,12802,65553,238,28002,138630,83277,127353,48408,125548,126896]",80b40150cb6c6cacbe345969e8709822cdac29c8963346d4d774ddfe0d1ee118,116,True,True,28
WIKIPEDIA,117,,"[32077,28002,89659,71015,125544,127121,70582,59698,84255,28002,34395,85251,7,11,1154,220,16,24,16,22,126216,220,16,128514,220,17,20,32077,93,17,15,15,18,126216,220,20,128514,220,17,23,32077,8,33704,5140,253,105,29326,52959,54070,140532,130271,74361,250,76435,20401,47665,101,132264,20401,46832,242,124632,25715,125489,382,144094,132264,5140,116,234,145244,144111,20401,5140,116,234,145244,144111,138266,134324,49289,1945,12815,75168,409,3240,2200,36807,8,56475,46832,242,124632,17877,56419,78125,125580,127378,127165,108,32077,88259,92817,7,99632,104815,101831,66078,701,30520,113,132499,124781,11,73986,19969,126346,32831,19391,128605,131698,17380,126310,79632,129330,13,220,16]",5ad01d8771f5b8361864124ec2cc39c9b8c989333e9e3aa38ecbce5e7a7f79e3,117,True,True,29
WIKIPEDIA,119,,"[136913,90486,127085,21329,368,16560,132028,57089,126204,64521,133553,49543,129549,38150,130427,143143,16560,90486,127085,21329,125489,13,55673,31079,85251,133553,49543,20401,129273,77596,235,47985,56475,20401,132028,57089,142652,130974,54825,133553,49543,18411,36055,21329,137619,56475,54825,77596,235,47985,128878,35509,126299,135298,126551,134028,83556,20401,79302,239,42039,36055,20401,132306,13,35509,126299,12802,97143,31079,132028,57089,90486,127085,133120,79302,119,57801,97143,32290,77596,235,47985,20401,143230,136125,46319,87425,127728,61298,54825,132028,57089,142652,133120,139871,51876,13,130005,11,54825,132028,57089,137619,56475,36055,21329,137619,128878,129423,126299,135298,126551,134028,90486,127085,21329,130005,129093,53442,54825,133553,49543,20401,132028,57089,90486,127085]",e78651cb0db294a29769d00e0b67b918a0d6bd73e89f12f69e15cc286429e7e0,119,True,True,30
WIKIPEDIA,134,,"[128792,124781,31079,7,105990,102819,8,16560,125206,82528,129709,31079,20401,83556,126337,42039,143522,139236,55902,56475,3315,241,108,132044,130092,31079,20401,46319,135092,128533,139052,131777,125206,141676,42905,65722,102,31079,125489,13,220,17,15,15,15,126216,66845,83315,60039,56290,20401,95996,129062,53680,6673,139269,53680,58677,33861,128013,20401,63332,128911,56290,17380,125206,82528,129709,31079,19969,95996,129062,126063,34395,11,125206,82528,129709,31079,20401,61298,83291,46319,26699,131219,19969,28927,105,82190,141888,43590,125160,20401,124685,125476,133914,12802,64521,49052,18411,74884,116,124781,31328,126253,3315,241,108,16560,139957,31079,19391,5140,117,245,66845,31079,74884,116,124781,31079,50340,129112,13,55673,17380,48364,255]",dff86652722d026c3869887ea7e653b73da64b351697d7d0c647fef10a42b20b,134,True,True,31
WIKIPEDIA,136,,"[134064,98927,29326,129382,7,101783,112715,87531,11,74729,4479,1849,11,425,7347,11,129549,6366,59963,8751,5362,11,21318,7347,8,33704,134664,128552,60960,124632,20401,98927,29326,129382,129549,70943,41429,129392,29326,20401,131937,130592,8620,112,239,34395,129382,17877,143522,65553,97,28626,130109,81133,19391,135969,23573,44518,24897,127649,42039,11,63332,125160,142976,56419,25715,57801,29326,129382,126291,126445,28626,144025,31079,18411,35509,57089,42905,143522,44518,24897,127649,17877,126254,51876,13,40720,25715,128901,56419,56290,125519,53680,10764,226,108,56039,139287,84255,81650,127483,17877,3315,235,101,26698,44518,24897,127649,19391,143188,126299,126204,126291,126445,28626,144025,31079,18411,24485,227,17380,29346,135405,49367,93672,17380]",7a354878c63fadb9275073b266fc79ab41adb4e3a4eea902668c937d0f74ebcb,136,True,True,32
WIKIPEDIA,145,,"[137666,12802,368,129549,37064,57160,251,105,7,101764,7536,109,8,16560,133204,12802,129242,56039,18411,79302,119,34395,141767,28626,126673,24897,18411,10764,240,222,20487,130039,128956,140968,57089,17877,126254,51876,13,133553,128732,80968,63332,55902,129549,60960,19969,18411,81718,50340,21329,135201,128956,126174,80901,136262,74884,116,63089,20401,129413,37087,19391,124970,23573,126174,80901,47985,126523,129615,18585,238,56475,127042,57089,129835,83556,53680,58777,126591,64119,125590,11,127042,57089,130612,37064,57160,251,105,80968,3315,116,94,32290,12802,137119,63332,16560,23894,105,33883,47985,134015,51876,382,32077,126641,128552,5140,228,222,132044,54116,79716,65865,65238,17877,130679,83518,19969,140968,57089,42039,134314,64119,124905,11]",005a50bb1e2be0288c261e32d596ed107f6163785f7c14e52ef3bf8445d0f15c,145,True,True,33
WIKIPEDIA,149,,"[23259,124632,56475,126310,28002,23259,7,18830,21887,102260,11,873,16560,129419,36055,23259,20401,73986,132841,129549,128618,23259,20401,141965,76337,42039,135513,144038,28733,64521,28733,125489,13,129400,11,128618,129439,19969,220,15,12802,126523,137571,129112,13,136115,11,128618,129439,19969,220,16,32077,28733,135354,137621,129304,36055,23259,16560,126310,28002,23259,125489,13,126310,28002,23259,49543,20401,54116,47324,16560,23084,124905,11,36978,104,17877,5140,250,119,42905,126440,31079,74762,56475,125686,141438,382,29281,20401,4710,125522,28002,23259,49543,143861,242,36055,23259,65238,124970,128618,23259,49543,125489,13,23084,16560,139107,129381,130263,128747,42039,128646,47836,28733,90686,382,132526,55902,80968,36055,20401,715,134929,134372]",b8407b142eaeece19e635181f420775fe1526f8537e1e2319612dc608d62b0b8,149,True,True,34
WIKIPEDIA,151,,"[135349,92817,128747,7,111776,90775,102814,39762,2137,1154,873,129549,129400,130237,125511,127042,92817,7,111776,102814,11,873,16560,127042,57089,25715,126253,142452,133886,3315,253,223,137237,66425,130039,62107,81676,127042,57089,131958,130592,137438,18411,126254,51876,382,59761,35711,715,31328,62275,20401,127042,57089,33704,129296,55054,29326,66845,23084,53442,133788,128993,38523,101,128584,60315,16235,226,125052,17877,83596,34395,127042,57089,17877,130094,42905,16235,226,125052,127042,57089,25715,94203,128911,20401,36330,250,126407,33704,127165,108,124517,56290,136331,20401,83556,125489,13,127042,57089,132343,54116,124517,19969,80573,126366,134836,31079,127165,108,124517,55054,134379,130887,136361,130592,130263,125068,125489,13,141357,130612,143682,127042,57089,132343]",d74697603534767f1ce48379c1b960aba7fc3ba07a93d615c8f5f02eb239115a,151,True,True,35
WIKIPEDIA,156,,"[36223,134664,125466,126402,40720,10764,245,230,19969,26698,6699,3926,3251,3066,1876,11,4253,22942,129549,22942,8,16560,138266,126291,126445,28626,144025,31079,129242,125068,56475,62107,81676,138266,126291,126445,28626,144025,31079,5140,45881,12802,125519,24897,17380,11,126291,126445,28626,144025,31079,20401,85788,11,131698,11,125466,125522,11,88513,20401,138266,18411,81173,126337,40720,25715,126327,63332,40853,51876,13,60960,126414,128552,56983,144577,24897,89095,97,139287,12802,126563,42905,40720,10764,245,230,19969,125489,13,22942,33704,130887,65553,238,28002,138630,85251,129413,23573,90711,112,129262,126673,126445,28626,40720,10764,245,230,19969,136262,11,23084,10764,245,230,19969,18411,35509,85251,84255,81650,127483,17877,40720,82190]",554e89867d740531ea4723899fb500f32679398eba63100d3f51e2735a22ef42,156,True,True,36
WIKIPEDIA,157,,"[32077,125822,31079,1507,143861,242,55673,17380,126322,52959,29326,52959,133152,31328,136293,56475,40720,42905,139957,31079,125489,13,53989,226,31328,126254,17380,83556,31079,7,8903,102819,8,129254,47985,129112,13,79921,16560,10764,252,230,50340,19969,60315,35509,60315,80573,61298,25715,368,18411,40720,51876,13,136293,129889,130037,55902,126785,80968,125466,26699,31079,136262,11,136293,56475,74361,250,31079,60315,34395,127048,126596,132872,33704,140094,20401,140173,136293,31079,18411,54070,31079,17380,129112,13,136293,31079,20401,53435,126270,48364,112,124781,60315,16751,234,93672,48364,112,124781,18411,63757,125144,23573,28733,56290,17380,16560,136293,31079,66845,131518,23259,56290,19969,90686,382,55054,26699,58677,88259,19391,130869,16560,36055]",a58f93e22d11924373b50a226a157bb118a42e9b97f2e406c84324467ec722f1,157,True,True,37
WIKIPEDIA,160,,"[144061,128216,33861,45130,120,124632,56475,89095,97,139287,368,33704,143522,132029,48364,112,37087,20401,20136,113,125512,12802,97143,16560,143522,84255,81650,127483,42039,11,44518,24897,127649,20401,129304,129337,74884,226,65865,125511,62071,31079,44973,8,51876,13,132029,48364,112,37087,20401,128772,129881,128355,16751,239,26699,84255,81650,127483,139393,19391,134028,127296,127154,130778,18411,130094,51876,13,20136,113,125512,7,100185,8,130939,47985,129112,382,131973,139287,20401,127864,47836,715,131973,139287,33704,132029,48364,112,37087,20401,20136,113,125512,129881,12802,137621,11,89095,97,139287,20401,127864,47836,139512,132029,48364,112,37087,20401,20136,113,125512,127864,47836,125866,95002,28733,90686,624,63332,126246,198,89095,97]",1e26476690d1ff98feec7e46fff2e67a50d0d12aadd84c2628f4888925cc713d,160,True,True,38
WIKIPEDIA,168,,"[17,15,15,16,126216,33704,85413,242,35711,32077,17380,93721,42905,69441,231,126216,136262,11,23084,60716,16560,220,17,16,41429,20487,80573,62071,18,129034,126216,20487,20401,48364,104,84621,83666,60716,125489,382,55054,124873,715,220,16,128514,220,16,32077,198,130508,66845,126402,136774,33704,220,17,16,41429,20487,48364,104,128753,126216,55054,56475,43115,37087,80901,132264,131978,32129,53680,126558,126204,11,83556,29326,128533,58677,132264,77353,125568,33883,87425,50696,127378,73523,135487,17877,48364,254,126781,125511,95577,125054,28002,143353,34395,129413,92817,134002,624,36330,243,88259,133152,66845,126414,138614,129423,129502,19391,126352,24897,10764,252,230,144091,81133,19969,129296,93701,64119,13146,624,220,17]",36ee04f27561af7e590b306bd86bbbe3b96e895a4c50ad77892679812f192fc2,168,True,True,39
WIKIPEDIA,193,,"[47,17,47,63372,4686,78597,3922,8,137602,126322,129510,94203,137812,62275,125206,82528,130472,7,110601,103778,106953,55865,104516,99775,8,33704,142350,80968,126291,23259,20401,89860,79004,19391,130263,126402,66425,129885,16560,32985,251,88259,32831,19391,138098,42905,54116,124781,129360,94203,85057,53680,60960,126346,135257,128677,66019,19391,124970,130999,82190,136239,128841,125206,82528,130472,125489,13,393,17,47,125206,82528,130472,33704,134664,128552,127042,29346,129125,134313,129439,19969,132182,23872,254,29346,138334,42039,137765,141819,42905,49052,126563,132306,13,129007,125206,82528,130472,33704,127296,127154,17380,3315,241,116,129439,19969,134563,11,73077,89235,57268,60315,73986,89235,57268,11,54248,77002,16235,226,20401,20401,76497,242,21329]",0199e89b545a0cb77695da1c1c70540afcecefd154b174b0b3c20810808bf238,193,True,True,40
WIKIPEDIA,194,,"[84667,82528,126781,16560,126844,5140,250,119,42039,3315,241,108,31328,13146,624,51391,82528,126781,320,40281,54330,125519,2376,87711,925,6140,640,1648,132662,142654,78125,40281,54330,124785,8204,79592,8,20401,28733,32831,74361,238,55054,125519,198,64577,65865,92192,51391,82528,126781,4555,64577,65865,92192,18411,74361,222,34395,133553,124873,17877,37195,254,50340,134794,83556,129835,54825,138507,128956,73669,129062,144366,198,51391,82528,126781,320,47985,26698,692,70582,89235,57268,98927,93701,715,220,26940,125932,51391,82528,126781,320,17,15,15,16,126216,73986,89235,57268,98927,93701,8,25067,198,220,26940,125932,51391,82528,126781,320,17,15,16,23,126216,73986,89235,57268,98927,93701,8,25067,271]",1870a6a49ecbc118b0301d1d252f822879be8e2bcbc1c6ea28d23e8a5c6fb491,194,True,True,41
WIKIPEDIA,201,,"[126673,130000,16186,125548,28626,73077,32077,60294,7,11,1154,220,16,22,15,22,126216,220,19,128514,220,16,20,32077,3968,220,16,22,23,18,126216,220,24,128514,220,16,23,32077,8,16560,141767,80901,24897,81718,144520,56475,74361,250,31079,126588,28733,124632,25715,11,133553,28002,124632,25715,11,48364,250,51588,124632,25715,11,127041,120,28002,124632,25715,11,125466,124632,25715,125489,13,54825,16560,125714,80968,79716,124632,11,129547,126445,23084,126605,11,45710,55902,23259,124632,11,60716,129150,80968,28733,126605,77002,28733,124632,20401,127296,128618,89659,56475,129875,24485,227,80968,17877,129624,144141,127378,11,58440,54116,47324,320,16,22,18,19,126216,19391,136065,42039,40720]",62f2ae481710a7fbff82614984a8857e7ff3c9105c753b5b4b85a22986f22fd7,201,True,True,42
WIKIPEDIA,211,,"[133414,129709,24897,142509,121,92031,7,35400,42654,701,23872,121,141676,23463,16560,45130,120,124632,80968,130037,129835,35509,125624,17877,81718,144059,42039,74884,116,144489,23573,133196,18411,73669,65306,42039,10764,236,120,133847,130974,130861,18411,34143,112,33704,53435,124632,129359,125548,31328,45130,120,124632,43590,125624,7,113301,115463,8,129549,23463,126291,125624,17877,35509,28002,126896,124905,11,73518,52959,19969,26698,16560,126615,85997,43590,18411,35509,85251,137116,136357,128772,126932,49543,129360,129359,125548,18411,98869,144188,42905,129400,31079,13146,382,29281,20401,4710,28667,53435,124632,33704,73523,126605,128552,16560,45130,120,124632,128533,47455,223,82528,53680,126038,12802,133204,47818,125991,19391,5140,223,120,59698,16560,126440]",e1dd1b21c7c4fbf236961605d37c8cfd045489d907c3f9df2b1d2c0d0b128ab2,211,True,True,43
WIKIPEDIA,214,,"[144420,144331,57268,144007,7,11,220,16,24,15,19,126216,220,23,128514,220,17,17,32077,93,16,24,24,22,126216,220,17,128514,220,16,24,32077,8,33704,70943,56290,31328,125496,78125,56290,124785,20401,220,18,66845,81173,34395,133692,25715,125489,13,220,16,24,22,23,126216,126558,220,16,24,23,18,126216,128878,16560,138373,31328,125496,29281,59698,129640,55902,134379,55673,129150,11,220,16,24,23,16,126216,126558,220,16,24,23,24,126216,128878,16560,70943,56290,31328,125496,78125,56290,124785,70943,128205,129534,55054,133373,55673,129150,17877,127864,93701,128836,13,126291,80901,138373,78125,85057,64795,125834,63256,220,17,41429,66845,20401,130887,136361,58677,126251]",91b92ef1e95dd720033a1341a26a537c99538ed87f79c1ca6150172d3864fb1a,214,True,True,44
WIKIPEDIA,215,,"[125568,79716,23259,7,87946,17177,102260,8,16560,139107,129381,8620,120,112,20401,128618,23259,18411,126254,51876,382,12802,28927,251,56475,220,16751,222,36055,23259,11,73518,132125,21329,220,16751,222,79302,239,20401,36055,23259,125489,13,45710,128618,23259,144569,20401,28733,18411,71015,3315,241,108,130898,129112,13,129381,130864,42039,134664,128533,77353,79716,23259,18411,220,71015,3315,241,112,13146,13,136342,126310,23573,19391,72553,61298,29281,87425,135201,11,125149,23573,128878,130729,40853,82190,11,125149,23573,77353,79716,23259,18411,139107,131050,134312,117,23573,17877,126563,82190,36055,20401,47836,134013,90686,382,80901,134312,117,23573,33704,129273,79302,239,20401,36055,23259,220,129900,19391,130869,47985,134015]",81ad8abe23a6aee5123e0ef7a8bf71fb5308705cb23ebbc1084da6d371b87194,215,True,True,45
WIKIPEDIA,217,,"[16,128514,7,14777,9754,11,6058,8,33704,37064,101,28002,40281,24897,28754,53680,54825,126673,34395,28002,28754,56475,61298,60716,20401,48364,104,84621,83666,34143,105,136262,11,220,18,16,32077,128878,64521,220,22,59761,20401,34143,105,70943,125703,13146,13,220,16,128514,20401,48364,104,84621,83666,37195,254,33704,138373,56475,129093,125068,130939,53900,124905,128605,125496,124785,20401,79302,239,28754,125624,125489,13,23084,34143,105,53680,68232,126216,20401,220,20,128514,33704,142655,129381,85997,32077,17380,93721,126204,129381,85997,32077,17380,5140,223,251,126588,13146,13,69441,231,126216,31328,49052,23084,34143,105,53680,54825,60716,20401,220,16,15,128514,33704,129381,85997,32077,17380,93721,126204]",2a3d33ad90ee563f6b07aa1107d72ab5f59c4df1378d6832201b9d64e7d5ceeb,217,True,True,46
WIKIPEDIA,222,,"[22,128514,7,114580,11,5768,8,33704,54825,126673,34395,28002,28754,56475,61298,60716,20401,83556,144238,84621,83666,34143,105,136262,11,220,18,16,32077,128878,90686,13,130005,61298,60716,20401,53900,126641,136125,93721,128841,34143,105,125489,13,220,22,128514,53680,54825,60716,20401,220,19,128514,33704,142655,129381,85997,32077,17380,93721,130705,11,37064,97,126216,31328,49052,54825,60716,20401,220,16,128514,53680,47985,129381,85997,32077,17380,93721,126204,129381,85997,32077,17380,5140,223,251,126588,13146,382,19,15,15,126216,126322,126246,23084,34143,105,33704,28733,35711,32077,11,40771,230,35711,32077,11,83556,35711,32077,19391,220,20,23,42044,11,85413,242,35711,32077,53680,46832,242]",5bd619fb257d13a99f8942ff734cf70cf56ff7329317143b63b23ecb5f2357f5,222,True,True,47
WIKIPEDIA,229,,"[88259,32290,139627,126414,124781,7,77959,27091,99579,101590,103030,11,64151,16184,1849,8,16560,220,18,125625,54321,142496,58034,20401,18585,238,129125,135513,95218,16560,65699,234,126414,124781,20401,125703,17380,11,63332,125160,71015,135513,142907,13146,13,129093,126333,56475,20401,126352,28002,16751,222,220,15,126558,130507,234,21329,11,79302,239,20401,74808,129321,20401,1147,126970,53680,139646,16560,126804,47985,143861,242,220,15,126558,130507,234,21329,11,1147,126970,17877,36330,243,42039,79302,239,20401,74808,129321,20401,856,126970,53680,139646,16560,126804,143861,242,220,15,126558,220,130507,234,21329,20401,93668,143143,16560,13146,13,143861,242,45710,47985,17380,11,143861,242,43115,47985,17380,139053,128841]",83050d780bf313aba5ecc6bf2fd33935ea016e228968a100f5f455b6e4654a3e,229,True,True,48
WIKIPEDIA,231,,"[89659,41429,125548,48408,50340,143083,7,11,1154,220,16,24,17,24,126216,220,23,128514,220,17,19,32077,3968,220,17,15,15,19,126216,220,16,16,128514,220,16,16,32077,8,16560,45104,242,126673,141274,31328,64577,59698,36055,63089,20401,83315,66845,28733,126641,320,16,24,24,21,126216,3968,220,17,15,15,19,126216,8,12802,125761,13,220,130005,3315,123,97,89659,48408,63089,140749,125548,320,69682,124697,43982,124916,8,17380,47985,138630,85251,54825,16560,45104,242,126673,141274,31328,60716,126321,54116,88259,20401,124970,40853,320,16,24,21,24,126216,3968,220,17,15,15,19,126216,8,12802,125761,13,220,48408,50340,143083,16560,220,16]",11a1c0612fe7670449333a5a3d8e6d9b6ddf44c8d2f0f1ecf600e2e8e53022d2,231,True,True,49
WIKIPEDIA,247,,"[138392,5140,116,234,50340,40281,126781,1507,58677,33861,128013,5140,116,234,50340,40281,126781,368,129549,85413,117,74361,238,77226,20487,39769,101964,100482,11,873,16560,85413,117,89860,79004,56475,23084,57089,130705,1445,10379,8,3315,234,235,126321,129321,42039,125206,82528,126204,9308,139236,60315,67629,17877,61126,42905,129547,144074,40720,25715,58677,33861,169,69383,24897,54116,126641,20401,16751,239,26699,126291,126445,28626,144025,31079,125489,13,85413,117,5140,116,234,50340,40281,126781,16560,60960,126414,128533,10130,40720,25715,90486,12802,65865,28626,20401,125703,12802,130898,53900,13146,382,54330,35711,85413,117,5140,116,234,50340,40281,126781,17380,16560,54070,128732,50340,54969,12802,31079,135257,24897,11,58777]",970fe8f8d89b4d2f4bd8076ca12bb110c1455e41e45f0f0fc6cfd0ce36b6dc7c,247,True,True,50
WIKIPEDIA,254,,"[51588,25715,58677,129695,144091,7,87335,481,1154,873,129549,10764,44104,53189,58677,129695,144091,7235,11170,8,129549,53989,226,57026,26698,58677,129695,144091,33704,40720,130427,42349,23573,79921,60315,54116,47324,129125,143522,19969,126563,47836,28733,64521,128753,47324,17380,62107,29346,16560,129337,126254,51876,13,715,144170,33704,132989,20401,143522,16560,131367,128753,47324,18411,42349,132872,34395,81058,42905,54116,124781,18411,5140,250,119,130705,11,128753,47324,81058,44518,24897,127649,17877,131582,130653,81058,52300,60039,18411,40720,130427,133329,47836,28733,142161,130723,13,23084,128753,47324,18411,42349,42905,58677,129695,144091,53680,79921,18411,60716,129502,42905,76497,242,129695,144091,17877,53900,20487,130039,125519,125714,28002,36055,33883,85251]",69967d46ab2375c71c801ffba10012a31e33028c284c59578fd1ea417fc3254d,254,True,True,51
WIKIPEDIA,261,,"[138697,84255,17380,129283,144063,141767,80901,28626,368,16560,58677,33861,128013,56475,143522,126253,137765,60039,18411,55673,34395,132872,16560,5140,41902,3315,241,108,132044,125206,82528,131005,125535,7,126445,17380,129283,144063,8,20401,54070,48431,125489,13,58677,33861,128013,84255,17380,129283,144063,79207,230,28626,70943,26656,80573,6790,19969,130887,130966,3315,241,108,12802,20487,129147,26656,84438,84255,17380,129283,144063,79207,230,28626,129254,47985,126488,129807,13146,382,126346,55054,715,138697,84255,17380,129283,144063,141767,80901,28626,16560,220,16,24,21,15,126216,66845,126254,74808,80901,34395,129510,137650,132597,124785,5432,934,8041,8,12802,139393,23573,131698,131570,20401,98801,17380,74361,226,76435,134002,382,49896,80573]",3b90965ef4b9d67fe7e53d5ddc20e88d80683d5482c2c0773718a077bca16956,261,True,True,52
WIKIPEDIA,272,,"[4872,16560,126844,17877,35509,28002,126896,16560,126254,125489,382,126799,26699,143522,58174,278,17407,1648,54116,124517,129835,35509,29281,56475,126799,12802,40720,42905,143522,198,129400,130728,128732,20401,135763,7,1336,38240,63468,2022,340,129400,130728,128732,30520,113,128747,49543,7,1336,38240,6351,340,133553,28002,58034,23259,7,39253,6783,340,18585,238,126591,28733,144180,32737,4482,55441,340,136994,80968,38523,105,130271,63154,5304,337,31260,39970,2090,1648,126254,20401,139053,129835,65722,102,31079,20401,40720,56475,11,58677,126337,13935,125496,129704,13935,129709,31079,13935,126337,124546,13935,32831,125625,126591,136357,10764,236,116,126110,12802,133970,132553,50696,126054,53900,132343,55673,137471,135513,144038,53618,3315,241,108]",da60401d3bf936d57dd036bdd4dd3252f48a0a44258b3e78042820bf7afba51c,272,True,True,53
WIKIPEDIA,276,,"[131196,135628,129709,60716,144036,29346,51391,12802,43115,7,11,220,16,24,19,22,126216,220,22,128514,220,16,24,32077,3968,873,33704,126440,124785,20401,16751,234,131893,19969,12802,25715,48364,250,49543,126251,28002,124632,25715,125489,13,70585,251,22042,112,29346,10764,222,116,20401,137734,28002,53189,17380,11,64805,227,126952,23573,137734,16751,234,77226,53680,54825,19969,48408,79004,21329,80573,129676,137352,62107,81676,28733,37087,137734,5140,254,230,29346,79207,44680,236,246,144403,17380,126310,79632,129330,13,54825,19969,68232,139822,23573,10764,252,230,28626,139822,42039,16560,220,144138,1654,4841,9127,1446,144129,11,220,144138,51,645,4615,21043,6285,144129,11,220,144138,15191,77478]",330bb7258121235058610b4b24c400059f1e825c5fa4d1c4abff4ff74a716b39,276,True,True,54
WIKIPEDIA,280,,"[80901,20401,23872,254,83036,84667,12802,92031,33704,3315,112,251,220,21,59761,20401,84255,126673,93701,42039,139647,83277,90686,382,144219,23573,23084,23872,254,83036,84667,12802,92031,33704,83315,64795,220,16,15,84255,126673,93701,42039,85413,222,125545,31328,13146,382,126898,83036,84667,12802,92031,368,33704,127296,129359,20401,46832,242,32290,17877,77353,126299,144222,125144,130127,11,65510,67511,82190,46832,242,32290,12802,85413,222,125545,57026,63332,12802,57801,62107,81676,137116,20401,61298,83556,126337,125489,13,23084,65722,102,31079,16560,330,136999,52959,135889,1,17877,5140,250,119,42905,5140,45881,144305,31079,37195,109,127452,1527,7523,56475,73986,143719,134002,13,16778,226,125068,125511,126322,56290,7]",611248ee353add9c5a8bbcc6a1865c60fcd66e2f203859f1183fd41b3682a05a,280,True,True,55
WIKIPEDIA,283,,"[129262,81133,368,16560,137734,18411,90711,246,16560,5140,41902,3315,241,108,16560,127165,120,126317,128909,20401,143416,142509,234,50340,24897,144333,65510,126317,125489,13,142509,234,144114,28626,125894,20401,83556,126337,125489,13,142510,81133,18411,40720,33883,137734,18411,77353,54330,47836,49052,77596,238,19969,132772,42039,77353,54330,47836,53618,129885,129413,126204,130345,63256,23573,126291,133886,37195,120,28733,90686,13,142510,81133,20401,98358,97929,126377,133553,126321,126893,11,46319,128909,134088,126317,128909,11,24485,226,21329,130640,19969,132772,62099,102,26699,128909,77002,12802,90686,382,128792,63089,32985,223,81133,715,4710,20487,125166,198,126835,126407,131893,20487]",c380228747cb05d72568be761a862b5f4049c16e61ad0415e970f0cd1ba7d75a,283,True,True,56
WIKIPEDIA,284,,"[20487,125166,368,16560,141526,2242,82,8,17877,127819,243,132269,126291,133886,66136,16560,4102,126835,126407,131893,20487,17380,11,84255,133738,24897,66790,126321,56475,126310,53442,134002,13,137767,116,28002,7,12346,701,134952,8204,68,377,701,36978,116,49543,5349,1076,8,17380,136239,128993,132931,11,134952,129881,126377,220,17,15,57026,73523,20401,84255,144595,7832,2122,8,12802,22042,243,128173,90686,13,137734,16560,55673,17380,220,21,59761,20401,141526,17877,143144,90686,13,127820,12802,23573,134832,137767,116,28002,19969,130768,137734,368,60315,11,84255,144595,12802,130768,137734,368,47985,90686,13,4102,134644,53442,76337,16751,234,131893,142477,130651,4102,57132,134133,11,4102,49664,11,4102,144685]",7df76593cf73265d4568507c5b9894b6f25290f80a7c02317da7c422b45093a1,284,True,True,57
WIKIPEDIA,286,,"[144814,33861,7,11,873,16560,126844,20401,5140,250,119,12802,90686,382,23259,124632,11,45130,120,124632,11,125466,124632,715,47665,94,33861,16560,28733,124632,11,133553,28002,124632,11,125466,124632,56475,143230,20487,80573,74808,129321,17877,129676,143143,16560,79302,239,17877,83556,145184,16560,13146,624,37064,57160,223,112,28002,29346,47665,94,33861,25,37064,57160,223,112,28002,29346,142496,56475,143230,20487,80573,74808,129321,17877,130593,133970,42905,54116,16186,124632,80968,60960,55902,271,76435,126251,124632,11,124970,124632,715,47665,94,33861,16560,128618,25715,76435,126251,124632,56475,126310,65865,133553,128732,20401,132028,126641,25715,125489,624,47665,94,33861,16560,124970,124632,56475,30520,239,139746,20401,126932]",92ee651363a0b7be4eb7f7b811613e61255230d8b59da78fa2c8c4a460d25d05,286,True,True,58
WIKIPEDIA,290,,"[137771,40853,32290,4080,119286,111881,8,129549,64577,40853,32290,4080,119286,111881,8,33704,79302,239,126793,11,79302,239,130609,132526,77002,3315,109,226,43590,80573,64805,120,134497,132264,54116,63154,42039,127819,222,133507,36330,246,137471,65553,96,31079,124459,113,33704,124973,23259,19391,73986,144509,26698,137767,117,16560,130092,76337,138373,85997,28002,17380,11,47911,105,145399,11,124657,57089,126204,126366,134836,31079,127819,116,17380,12802,129616,51391,128174,17380,8620,120,121,144190,13146,13,4710,137771,40853,32290,33704,138373,20401,64577,40853,40747,238,12802,130092,76337,42039,46319,128909,52300,128900,13,127165,108,57089,85997,133886,54116,126641,42039,128956,140094,130092,76337,138373,85997,28002,131137,54825,60960,126414]",1cfd2dafb5d1659171a4ab7498d4f27d07d3275566a5f1ce8e178b34fa929d49,290,True,True,59
WIKIPEDIA,293,,"[19391,144041,5140,254,230,12802,141893,29346,10722,2216,23644,42570,11,220,16,24,20,22,126216,220,16,17,128514,220,19,32077,93,8,16560,126291,126445,28626,144025,31079,73523,126835,25715,12802,25715,60716,131973,136262,127218,17877,58677,33861,128013,53680,60716,131973,53435,56290,20401,330,130038,57026,92751,132297,58677,97929,124632,25715,320,30730,28037,21757,40316,16155,9940,129254,85403,125548,34395,90686,382,48606,16560,142209,242,230,126291,24897,20401,141966,17380,73523,126835,130357,95996,65865,52300,45104,101,59698,51391,32077,20401,73523,126835,138704,17877,81718,144059,42039,142209,242,230,126291,24897,48364,254,124632,17877,60960,126667,42905,139236,31328,32831,64795,53680,44518,137471,125569,125880,126063,126551,11]",3c2712ed7fb6af47e0762e50764ee48937bb7fcea980cc8fbc2c8dd390700f8b,293,True,True,60
WIKIPEDIA,302,,"[43590,92192,126270,7,32320,85336,24339,11,873,33704,77353,126702,126321,29281,76337,7,126952,125511,77353,126702,32077,125625,126321,29281,76337,8,17877,10764,240,222,12802,42905,16778,226,125068,23573,54116,126270,125489,13,125714,21329,23259,20401,73523,23259,18411,53989,226,57026,60315,132184,129274,126291,92192,126270,20401,92751,124873,136262,11,136646,80573,129381,137765,73986,144058,23573,127296,130864,70943,125703,18411,40720,51876,382,142976,125714,21329,23259,18411,133970,23573,142654,20401,94203,135444,220,15,12802,97143,126054,11,45130,109,144341,129835,73518,146289,144341,17877,3315,235,101,26698,125714,21329,23259,125703,20401,94203,23259,18411,78374,57801,62107,81676,94315,126366,135405,5140,118,234,7,19969,129567,126270,11]",1059ce196d5193038dadecdec9e75d16cf79f81a9e0f27e45a66818b90751fe1,302,True,True,61
WIKIPEDIA,303,,"[125519,128909,66845,23259,124632,56475,35509,40281,24897,126291,92192,126270,6699,2863,7997,32320,85336,24339,11,873,12802,129804,11,77353,126702,32077,125625,126321,29281,76337,17877,10764,240,222,12802,42905,135420,28002,94964,62618,13146,13,10764,240,222,12802,45130,120,29281,56475,11,136605,125714,21329,135444,129882,145295,126291,92192,128993,136724,129624,33704,125714,21329,23259,19391,128605,129296,128909,82619,128747,42039,139053,64119,131611,10764,240,222,12802,19969,74884,226,32831,132306,13,35509,40281,24897,126291,92192,126270,33704,63332,125160,126174,144210,17877,40720,130705,11,48364,101,19969,126174,144210,17877,54825,80573,10764,240,222,12802,19969,129381,126366,16778,226,125068,23573,126174,144210,17380,46319,65238,82190,10764,240]",6c6ca9f6938375db235b431a79e41f2981ae95eed18325b4dc24f05cd45e8993,303,True,True,62
WIKIPEDIA,305,,"[12802,130766,144467,7,100339,99480,99301,223,11,220,16,24,22,21,126216,220,16,15,128514,220,16,16,32077,7,48431,28754,220,23,128514,220,16,23,32077,8,3968,873,33704,56419,730,4677,56983,48606,127165,120,32831,5140,45881,12802,130000,134133,20401,66136,89659,23259,11,56419,81173,130262,36978,105,24897,33861,134133,129423,129502,11,141526,730,4677,56983,48606,129419,85057,47665,254,31079,24897,20401,129423,129502,125489,382,125519,23259,43115,28754,271,52959,125544,132526,31079,44518,126550,715,142702,132618,129423,129502,12802,54825,20401,48408,79004,21329,80573,47455,239,55902,128836,19969,126488,126835,134521,34395,54825,16560,23872,120,88259,18411,93721,47836,53618,128878,129400,76337,143353,34395]",74f554253ba79bf4e2e5705b0ef9bd562044f3411ef308617195b123566222cf,305,True,True,63
WIKIPEDIA,309,,"[23573,124785,126800,130137,131293,129262,52959,29346,7,11,37512,40,8,16560,60960,124632,127048,126596,17877,83596,21329,136278,48364,255,43590,126216,12802,127969,19969,42905,128605,125496,124785,20401,143522,84255,81650,53442,144276,60960,61741,125489,13,135420,28002,140891,57852,124781,143861,98,135818,69441,231,19969,42905,43115,29326,85403,51588,53680,20136,247,76435,12802,73523,126835,23573,126291,126445,28626,144025,31079,20401,62099,121,20401,132818,69441,231,19969,42905,125466,129439,85403,51588,42039,73518,145422,13146,13,85403,51588,126591,124657,130766,132343,126804,126317,138249,126800,130137,131293,129262,52959,29346,80573,138249,136581,131040,65306,85251,66845,61741,19391,127969,19969,47836,64577,126614,17877,79302,119,16560,13146,13,45130,120,124632]",cbdcc7f7c9ea2a88b6404d1d85d5b01144de344e5defa308c1c809d3a04dac43,309,True,True,64
WIKIPEDIA,318,,"[134990,29326,7,107822,22697,8,16560,128605,125496,124785,20401,126174,29281,58777,126346,53680,220,65510,125519,125496,54330,130788,31328,125496,78125,56290,124785,20401,126174,29281,58777,126346,125489,382,66845,23573,125496,124785,4710,66845,23573,125496,124785,20401,127820,126591,29326,16560,136905,134990,29326,19969,126310,32077,129330,13,220,16,24,19,22,126216,125714,129534,29281,44518,66845,19391,43115,130898,43115,32831,63089,18411,136905,134990,25715,125522,29326,17380,79207,117,126614,29326,136387,43115,130898,56475,128618,28002,126063,127378,11,128605,125496,124785,36330,250,130765,94315,220,16,24,19,24,126216,19391,127820,126591,25715,125522,29326,18411,127820,126591,29326,17380,73523,141676,134002,13,8620,112,239,126346,29326,128355,127820]",1ce00a5684b46f97baed96b36816d2f7d8f6dc43818fd073745d5ddd1d171a90,318,True,True,65
WIKIPEDIA,320,,"[66845,23573,125496,124785,20401,126174,29281,58777,126346,7,26288,114059,69721,99941,20401,77407,234,74413,66521,222,99390,8,33704,128605,125496,124785,20401,125206,59698,128739,17877,140888,42905,131937,56475,220,16,59761,20401,127820,126591,29326,11,220,21,59761,20401,8620,112,239,126346,29326,11,220,22,59761,20401,129392,11,220,17,59761,20401,127820,126591,25715,59698,47985,11,220,16,59761,20401,127820,126591,25715,59698,29326,17380,136239,132306,13,130408,3315,112,251,220,16,22,59761,20401,126174,29281,88259,126346,33704,8620,112,239,126346,21329,126321,25715,59698,137438,17380,128618,97929,132306,382,134990,29326,16560,64577,59698,88259,17380,11,8620,112,239,126346,29326,16560,64577,59698,88259,80573]",1f8ebc1a77efe625563e2cb88fdc629da9588b7dc64d346319c0be31c618d509,320,True,True,66
WIKIPEDIA,324,,"[126246,129283,83036,40281,90711,112,18411,126746,24897,65510,144269,7,11,95170,129283,83036,40281,90711,112,18411,17380,24897,65510,145083,11,220,16,24,17,22,126216,220,16,128514,220,17,20,32077,3968,220,16,24,24,19,126216,220,16,17,128514,220,23,32077,8,33704,5140,116,234,50340,128732,36330,250,82528,20401,133196,128533,68232,139822,19969,11,35509,23259,11,142510,52959,83036,53189,17380,63332,55054,127042,130271,20401,56419,125624,17877,62107,81676,58677,126251,125489,13,125206,65510,145083,4140,316,12011,318,8,12802,129804,86034,42039,47985,126310,79632,129330,382,144032,41429,23573,48108,250,17380,89235,80573,53900,129439,83036,17380,126310,79632,23573,65510,144269,20401,45130,94]",12f418c81947dbadf106fe231f0af4f2df0235c1a7dea0eea490f95d1ee926b3,324,True,True,67
WIKIPEDIA,329,,"[88259,125512,28754,7,30918,63109,47534,11,873,33704,129093,136913,56475,132028,57089,20401,141482,74808,129321,42039,68232,26699,82190,133553,49543,20401,43115,17380,18411,81718,136892,16560,10764,252,62618,13146,13,10764,252,246,20401,74808,129321,33704,133553,49543,20401,143803,20401,132028,57089,126321,129321,53680,143861,246,137351,124546,130705,11,74808,129321,33704,45130,94,32290,20401,141482,125489,382,54321,136913,33704,132028,57089,126321,129321,12802,143861,246,81718,144194,137621,77002,126299,47985,132028,57089,12802,139429,13,129093,136913,128956,133553,49543,20401,49052,132028,57089,20401,74808,129321,12802,143861,246,81718,144194,137621,35509,126299,47985,18411,131670,137119,95002,28733,132931,11,5140,231,112,94152,20401,132028,57089,62071,16]",7a8b2b90dcf67bc5f67fcf992e58f3120fbf17177d365c60e1ca063ea409b8d2,329,True,True,68
WIKIPEDIA,330,,"[54321,125512,28754,7,102809,63109,47534,8,33704,98005,65865,42905,65699,234,126414,124781,56475,92751,132297,128841,92751,32831,28754,42039,11,98005,65865,20401,141482,56475,81718,144709,132064,42039,68232,26699,42905,71108,131137,92751,132297,132306,13,130331,128772,92751,32831,28754,53680,95577,138143,19969,21329,17380,142700,134015,42905,10764,252,246,33704,139429,382,19969,126299,42905,94203,7,70582,124780,32831,139627,126414,124781,8,95170,20401,133553,49543,128901,92751,32831,19391,126629,132028,57089,16186,125476,66425,129147,11,94203,18411,54116,129044,42039,53900,57026,94203,19969,83596,16560,35509,126299,47985,20401,63757,66845,126321,129321,35509,126299,47985,18411,133828,66425,130679,35509,55902,20401,10764,252,62618,92751,32831,28754,125489,13]",eda994a06370fe22b619699aeae6101f1d6bd07a32f51dbe1fbdd32939421e1f,330,True,True,69
WIKIPEDIA,331,,"[125522,83036,168,77047,7,11,36055,76337,130345,141676,576,35897,11766,8,16560,56419,133196,20401,129304,79921,18411,143522,56475,83556,124780,64119,57801,139053,126204,49367,144409,28733,136303,57852,124781,52300,127165,108,124517,139052,129044,125489,13,126310,83036,168,77047,16560,126310,83036,168,77047,47455,239,61741,368,19969,62071,29281,51876,13,130005,23084,139052,129044,126377,21940,220,16,15,21,19,21,79921,130263,128747,11,79921,58677,129695,144091,11,79921,60039,54248,132947,12802,24897,11,79921,129125,49367,126746,20487,130679,135420,28002,140891,134454,133970,126204,90686,382,144219,23573,126310,83036,168,77047,20401,134953,33704,141526,130999,42905,79921,58677,129695,144091,130864,129125,130593,126310,83036,168,77047,17380,127048]",3aeeeaa3723cf26d44c58fb3d0abd786eafd8f56463ffc26819fc5be14967063,331,True,True,70
WIKIPEDIA,337,,"[124632,35530,7,106745,11,873,129549,73669,133914,33704,129238,66019,128533,137525,31328,128677,135363,53680,16560,34143,105,28002,11,137351,62275,127302,80968,43115,123927,62618,60315,10764,249,230,125747,19391,136009,66790,126299,128552,64577,126317,126204,11,58677,21329,130705,11,137525,135298,16560,140692,137525,125489,13,46832,246,65306,20401,137525,19391,128605,47818,49543,20401,134664,80968,135968,131518,53680,128753,49543,128533,142510,17380,11,77596,238,55902,77002,83556,29326,128533,126322,20487,85403,57026,77002,56475,83315,53442,52300,140692,20401,137525,80573,16560,58777,126591,132306,13,20136,247,35530,53680,125466,63089,19969,60960,70582,128841,18585,238,33704,20136,247,35530,12802,74884,116,63089,128533,127048,126596,129835,141526,55902,19391]",ac4c1053ad71d1efd9119f691eba70315f6610a8341e2c138fcd6271f454ed1c,337,True,True,71
WIKIPEDIA,349,,"[66845,88259,126861,126346,29326,7,26288,107536,102958,99390,22697,11,873,16560,128605,125496,124785,20401,126322,131793,63089,66136,144399,19391,98987,23573,8620,112,239,126346,29326,13146,13,126322,132064,42039,43115,55902,131226,47985,43115,85057,29326,11,126440,129034,29326,11,48364,255,127105,129534,11,89860,132064,42039,58777,56039,29326,11,126429,126691,129534,11,128677,54330,129534,11,90711,254,139822,129534,11,139963,132064,42039,124970,32831,129534,11,129624,132064,42039,48364,255,47985,129534,11,43115,55902,131793,47985,62099,121,144370,129534,53680,58677,127302,51876,382,92817,125519,29326,66845,126377,43115,55902,129567,125144,126291,57132,21329,135979,126440,131793,66790,126321,20401,141482,21329,139836,13,27767,105,125522,127165,108]",48b8de27ed6f821caa4ae4139e69b140f6275965beebbe7a876876464a234348,349,True,True,72
WIKIPEDIA,352,,"[60315,127121,56039,33861,7,11,1154,129400,80901,25,25723,8,16560,125714,33861,20401,28927,255,127475,79716,20401,83556,19391,94613,42905,40771,116,12802,20401,129400,80901,13146,13,220,16,60315,127121,56039,33861,16560,220,16,15,12,24,76,13146,382,126346,55054,715,60315,127121,56039,33861,20401,45130,120,92192,130345,141676,33704,22042,222,28002,125544,12802,81133,17380,56039,33861,1255,483,318,292,441,46887,701,126366,16778,226,125068,125511,126254,126559,22042,222,28002,125544,12802,81133,126605,1255,483,318,292,2248,8,134663,23084,16560,143419,95577,12802,81133,126605,7,125544,12802,81133,17380,56039,33861,8,20401,23084,125199,20487,137141,382,60315,127121,56039,33861,129400,80901,20401,40771]",a98de64ba20c4145cb29f470fd3c39dfa4a1f5bc637eb567d9f1f78f7dca098d,352,True,True,73
WIKIPEDIA,355,,"[66845,23573,125496,124785,20401,124973,135854,74361,250,131529,20487,7,99222,102926,99858,8,17380,10764,251,108,81718,144059,20401,54116,45710,19391,47911,247,33704,5140,117,101,62275,77226,53680,54969,129804,77226,20401,74361,250,131529,53435,126345,17877,142180,19391,129419,34395,85322,33704,77226,20401,130270,13935,142561,13935,129567,13935,28002,220,19,145627,19969,65553,97,134312,222,19391,5140,239,246,60294,144385,54070,126345,125489,13,74361,250,131529,20487,20401,81173,132618,129392,126246,132343,128605,37087,124785,126429,126337,125489,13,74361,250,131529,135854,65510,125519,11,128605,37087,124785,11,128605,125496,124785,16235,226,29326,29281,63089,20401,125466,76337,124973,20487,17380,40720,133245,34395,11,220,16,24,19]",9d78fae9f4b84a8d2f1fb301fad3e6b1fa8f12fdde56526f83104a6c8165a612,355,True,True,74
WIKIPEDIA,356,,"[144135,34395,28002,140891,368,33704,28733,124632,53680,143522,136581,56475,40720,128841,11,126674,138327,130864,17877,36055,20401,23573,364,32077,125747,20401,129400,124781,80968,18585,230,125625,6,12802,25715,126537,254,23573,126674,18411,138327,66425,130679,364,57089,67511,129360,54070,93701,6,125489,13,94203,85057,17877,85788,66425,130679,129400,124781,80968,134313,135092,53680,18585,230,125625,18411,132989,66425,47985,129112,13,132377,11,126674,10764,240,222,12802,19391,134028,94203,85057,18585,230,125625,129549,81058,45130,120,29281,20401,143802,26698,18411,5140,250,119,51876,13,84255,81650,127483,79632,126691,31079,20401,130263,128747,17877,132989,66425,47985,129112,13,4710,144135,34395,28002,140891,33704,77353,85057,11,54248,95577,12802]",574092f95e772799300592bc8b9cd124a94b33fdba07d8195ecbb5534d2f4552,356,True,True,75
WIKIPEDIA,359,,"[70582,54330,143279,47665,254,12802,125545,7,11,873,33704,95577,12802,81133,17380,43590,126445,28626,56475,62107,81676,47665,254,12802,125545,84255,81650,53442,144276,139957,31079,20401,83556,126337,42039,11,95577,12802,81133,17380,43590,126445,28626,73986,54330,143279,141767,144293,89235,57268,138017,129534,20401,125703,125489,13,73986,54330,143279,47665,254,12802,125545,33704,138629,54116,126641,84255,81650,53442,144276,20401,220,18,41429,66845,84255,81650,53442,144276,139957,31079,12802,131611,11,130005,95577,12802,81133,17380,43590,126445,28626,20401,143520,128808,144413,28626,73077,131196,144644,28626,54070,142713,19391,136707,10764,240,235,63089,23573,136239,85997,43590,18411,35509,85251,125206,128747,73523,126835,46832,246,65306,128355,74150,17877,35509]",b508a40cc2349a0fe0806b6fc57cd80700b0a565c997b08a56065d26dc6b173a,359,True,True,76
WIKIPEDIA,363,,"[31328,97929,124632,7,113415,99763,11,873,33704,133204,19391,130207,129304,129337,131698,42905,20136,247,51588,125489,13,134084,131698,20401,60960,55902,53680,47665,242,80901,19969,137016,8620,112,239,130765,80901,129330,13,220,16,24,41429,20487,136331,20136,247,51588,42039,26698,48364,112,124781,56290,133245,127378,132662,53680,126310,134798,56475,137765,128772,138449,17877,143144,95996,65865,128993,74884,242,13146,13,133857,129378,58677,97929,124632,33704,63332,13146,56419,51588,128533,127296,53900,80901,20136,247,51588,42039,73518,144623,31079,90686,13,53900,80901,20136,247,51588,42039,16560,141965,128732,31328,97929,124632,11,126429,34395,124632,11,53435,56290,31328,97929,124632,77002,12802,90686,13,141965,128732,31328,97929,124632,20401]",a85cc0943047464894a50eff3d8216ecefee637248e76e49b6bc458480227bb5,363,True,True,77
WIKIPEDIA,365,,"[25715,125522,125569,67511,126251,368,16560,135990,138266,139844,57801,126563,11,30520,113,55054,11,88513,128355,129242,130609,128808,47836,28733,136303,127820,126591,23573,62071,23573,12802,130768,143586,129835,62099,121,67511,126251,11,60039,18411,126254,51876,13,138266,126291,126445,28626,144025,31079,20401,138266,139844,57801,40720,47836,28733,135511,138266,20401,142497,17877,129304,125569,67511,126251,17380,130729,40853,23573,142497,125489,13,63757,20401,31079,17380,16560,73986,25715,125522,125569,67511,126251,17380,85403,82965,13146,382,25715,125522,125569,67511,126251,33704,125569,67511,128739,12802,126291,144081,52300,10764,235,120,135032,144041,129392,84667,31328,33704,133554,11,125569,67511,128739,12802,141258,45710,54116,129044,19391,126629,138266,139844,57801,126563,12802]",1e1c070b1bef2ab6e396aacad9bcf73b98a4d981786498898ae24776ee73b710,365,True,True,78
WIKIPEDIA,368,,"[34992,44680,242,230,34992,44680,242,120,24897,7,11,5264,23914,2659,8,16560,135392,132029,48364,112,37087,56475,40720,47836,28733,64521,142209,242,120,24897,138017,129534,125489,13,95577,12802,81133,17380,43590,126445,28626,142209,242,120,24897,220,24,22,12,17,15,15,18,98869,144808,17877,73986,143719,23573,135392,98869,144808,17877,132185,47836,5140,123,238,72553,130651,54248,127048,65238,17877,130679,126429,125522,67629,98869,144808,42039,21940,139052,129044,31328,142209,242,230,47985,144286,141893,28626,98869,144808,7,2069,37,8,17877,132185,51876,382,34992,44680,242,230,34992,44680,242,120,24897,16560,79207,44680,225,222,89235,70582,65865,12802,73523,126835,126204,220,16,24,24,24]",5a0cca804af9a4ba6291e79c3501702339667f91c37e1faee815f787fa38faf0,368,True,True,79
WIKIPEDIA,377,,"[33883,144120,10478,3666,38138,8,33704,74361,222,31328,20401,143522,44518,24897,127649,19391,125149,125068,90711,101,43866,82190,54248,19391,143188,126299,47836,28733,64521,142452,23573,17877,79302,119,16560,128900,13,56419,25715,98005,17380,60315,11,143522,20401,53900,29346,144025,31079,11,126291,126445,28626,144025,31079,11,65553,97,28626,130109,81133,11,85413,117,133415,77002,142684,60039,48364,112,124781,19969,129238,53442,20401,57852,124781,25715,60315,92751,28002,25715,11,132029,130427,124970,47985,87425,136278,126322,67511,17877,83556,33509,126896,126054,53900,127451,48364,112,124781,66136,56475,55673,31079,85251,142452,23573,130408,42039,60039,18411,130847,133016,11,30520,113,37087,11,87737,95351,128555,128956,126174,80901,18411,8620,112]",a817644700090caea23a3c2c6afa118462716027a9c1c7d7ed0ea3df63fac4d3,377,True,True,80
WIKIPEDIA,379,,"[55054,65865,7,119264,99548,8,33704,37195,109,127452,20401,5140,250,119,17877,89860,125880,42905,71108,66136,130974,129392,126414,80573,129676,54070,52959,5140,228,241,33704,71108,11,129549,129273,37195,109,127452,53680,60960,131518,42905,128772,137449,127452,20401,37195,109,127452,17877,35509,60315,13146,143802,26698,129923,90960,23573,128900,13,129875,32129,65865,128901,95996,48431,20487,47324,47985,133970,126204,132931,16751,239,26699,11,136608,11,124685,54321,11,54825,131293,11,40720,126270,11,95617,51588,17877,89860,125880,126204,90686,13,95617,65865,126377,98358,12802,17380,52300,139236,141965,76337,20401,32129,65865,17877,130966,40720,125580,33509,60315,129082,33704,58677,33861,128013,17877,130966,40720,51876,382,55054,65865,20401,136608]",c3be02a96658456b9b332ff2276bc76869acd89913d1a352517429db045a3eb6,379,True,True,81
WIKIPEDIA,383,,"[139772,144074,126291,126445,28626,144025,31079,368,16560,143522,129547,144074,56475,133166,90667,21329,60315,54070,142713,17877,44518,126317,128552,79597,1832,8,65510,67511,47836,28733,142161,60716,134794,84255,81650,127483,129549,84255,81650,127483,54070,138349,132989,51876,13,46832,242,55902,10764,236,116,126886,126291,126445,28626,144025,31079,129254,47985,129112,13,143231,142496,19391,126629,220,18,125625,54321,7,43866,49543,8,53680,220,17,125625,54321,7,126742,32290,8,42039,73518,144623,124905,11,65699,234,126414,65880,74808,76337,19391,126629,47665,94,33861,126321,76337,53680,5140,252,246,24897,33861,7,144074,144111,8,74808,76337,42039,73518,145422,13146,382,126346,55054,715,144018,136275,135807,31328,28626,3759,3466,18098]",de4d7317db0d123b62d11d4054f21ac25ac9bf587da630a45768512c83a0dea4,383,True,True,82
WIKIPEDIA,390,,"[125519,128909,66845,23259,124632,56475,141767,144033,50340,144238,1141,59153,144238,11,873,129549,18585,238,144238,368,33704,37064,57160,223,112,28002,29346,142496,20401,129419,47665,94,33861,138020,126423,23259,141767,144033,50340,18411,79302,119,16560,77353,85057,125489,13,141767,144033,50340,144238,12802,37064,57160,223,112,28002,29346,142496,20401,66136,80968,17877,139646,137621,11,136342,129400,130237,125511,364,95218,80968,6,130939,85403,125548,130898,129112,13,141767,144033,50340,144238,20401,142497,20401,133553,28002,124632,73669,65306,33704,55673,31079,85251,10764,252,62618,55673,31079,85251,46319,80901,20401,133553,49543,19391,35509,23573,138507,58777,42905,126674,125489,382,29281,20401,715,125625,54321,12802,58677,37064,57160,223,112,28002]",551f0cde62b24efd28188d421b8d9710de200ba46730550fc05ddf0247d95417,390,True,True,83
WIKIPEDIA,396,,"[144561,144371,126785,135092,368,129549,3315,123,101,144371,10764,252,246,126785,135092,368,33704,129419,56419,16186,38150,25715,136541,19391,68232,26699,42905,36055,65865,20487,80968,58677,28754,12802,129419,56419,16186,20401,45130,109,19391,73986,131000,126204,11,129419,38150,25715,136541,20401,126352,28002,368,20401,62071,144238,19391,63757,70582,131000,136305,126785,135092,125489,13,127864,37087,144238,126785,135092,20401,125703,13146,13,134582,97,18411,55838,250,3315,123,101,144371,12802,142300,128836,382,144561,144371,20401,60985,245,246,715,144331,18411,55838,250,3315,123,101,144371,33704,40771,230,126299,78125,53680,73986,139982,131293,125569,126893,17877,126563,82190,129419,18585,238,65865,16186,136541,19391,68232,26699,42905,10764,252]",abb335de51d31387c63a9a045ea94a0f1439e0a032137e2c746ec9bd8e70f35c,396,True,True,84
WIKIPEDIA,398,,"[19969,40281,24897,126785,135092,368,33704,69441,238,139822,32290,17877,125206,53680,42905,56419,20487,129296,126299,12802,69441,238,139822,32290,77596,235,20401,125214,137771,56419,16186,131837,53680,126322,32077,129330,16560,126785,135092,125489,13,32985,98,24897,144777,74808,29281,76337,142180,125703,13146,382,29281,20401,715,19969,40281,24897,126785,135092,33704,125714,79716,141966,80573,135968,79716,141966,19969,90686,13,129419,141966,16560,95996,85057,29281,28002,19391,60960,129510,129330,382,19969,40281,24897,126785,135092,20401,135968,79716,141966,16560,139107,135898,624,715,57026,20487,26698,143861,242,46319,80901,40853,7,65865,126299,134372,47985,701,143861,242,139052,32290,362,45710,20401,125714,43590,48108,112,80968,17877,135513,95218,16560,47665]",7b4e03ef0e2398942f3f8414702a8f67fe8e5878b2023b70b0b18a3ffbe9f84f,398,True,True,85
WIKIPEDIA,417,,"[126793,131347,97929,7,102377,119126,102594,11,1154,873,16560,65722,102,139604,97929,7,121415,82699,102594,11,873,54969,131347,130262,7,102377,119126,99324,109,8,19391,77596,235,42905,48364,247,132526,57089,126251,7,109257,103789,115913,8,125489,13,5140,99,108,126730,76337,128618,97929,126270,42039,54969,131347,97929,17380,128618,97929,128841,126322,126251,129125,5140,250,119,130705,11,125466,20487,17380,91043,144147,126204,11,330,144217,144009,7,99476,99389,3837,76418,7671,4556,291,9940,133553,128732,66845,134445,130127,11,76497,109,144106,23573,8620,119,235,128732,17877,143144,79302,239,127559,7,101187,101232,11,1079,77,290,8,17877,66790,127674,125214,17877,37195,111,16560,13146,13,74361,250]",e2b8ecbe9a4a8665d1751c0fa4decc91fc307eeea7c23384236c695b827b5d2c,417,True,True,86
WIKIPEDIA,418,,"[57089,126251,124632,7,115913,99763,11,873,33704,47818,126251,124632,20401,61298,16778,230,53442,135979,126322,137075,60960,55902,42039,141659,141526,55902,7,100702,99782,46423,8,17877,131698,42905,20136,247,51588,125489,13,126322,126251,20401,128618,97929,11,133396,11,47818,86372,11,141966,11,126310,65865,11,126616,56290,134454,131698,42905,20136,247,51588,42039,47818,126251,124632,20401,61298,128618,89659,125489,382,126346,55054,715,57089,126251,124632,20401,127864,136294,126429,66845,126558,141526,66845,19391,23084,125548,20487,128878,126322,126251,20401,74884,243,124785,20401,131698,18411,57835,80968,51876,13,125703,20401,83556,124780,32831,64521,128618,89659,135979,126322,126251,124632,20401,142497,12802,10764,249,101,144915,73518,126402,19391,133396]",12b68832d675fba33005ec5a16f5eb7e1f60f992b7b4308221b15535df1d2f9d,418,True,True,87
WIKIPEDIA,425,,"[26940,40281,56039,31328,132618,25067,7,109845,108263,99808,8,16560,73518,131767,84667,126291,41429,126896,20401,126291,125624,125489,13,124657,56039,31328,132618,16560,73523,126345,133032,70582,18411,34143,105,28002,85403,125548,16560,126254,125489,13,220,16,24,15,22,126216,48408,55054,125511,128753,51588,19391,77353,57132,128836,382,60315,131767,84667,126291,41429,126896,20401,126291,125624,198,16,24,15,22,126216,138001]",1f8e12a4832f83d55af0bafb40de4f70e8921cf86581761e2bc02335a2f62c9e,425,True,True,88
WIKIPEDIA,436,,"[130999,71015,139287,29346,5140,96,101,144054,10764,228,101,144022,7,11,1154,220,16,23,24,17,126216,220,16,128514,220,18,32077,93,16,24,22,18,126216,220,24,128514,220,17,32077,701,129549,619,13,431,13,431,13,10764,228,101,144022,33704,126440,124785,20401,126440,31079,124632,142220,11,139957,31079,124632,25715,12802,25715,68232,19969,125489,13,54825,16560,38523,98,24897,136275,29346,60960,127194,10764,236,101,131196,144171,90711,120,28002,21329,56475,220,16,24,17,20,126216,126558,220,16,24,19,20,126216,128878,126429,66845,125144,31079,124632,142220,17380,11,220,16,24,19,20,126216,56475,220,16,24,20,24,126216,136541,126377,129381,60960]",9e085b274373dc949c59950806708598a22d36aa98941eba97ca4ffffc414f8d,436,True,True,89
WIKIPEDIA,437,,"[126251,34395,20487,129549,124685,97929,7,108371,102594,8,16560,48364,247,132526,57089,126251,52959,51588,19391,77596,235,42905,126322,126251,20401,125703,125489,13,130005,48364,247,132526,57089,126251,70943,56475,65553,97,126835,57089,126251,33704,62071,128792,132306,13,60960,49543,128552,133553,77596,235,19391,127166,124905,48408,19969,56039,17380,91043,144147,130705,66790,126039,60294,56039,17380,85413,222,125545,133215,36978,116,139052,32290,12802,73986,127478,17380,126365,106,57026,64521,5140,225,231,144009,57089,126251,17380,55673,80901,38523,101,47985,19391,126440,129321,17877,83596,16560,13146,382,144219,23573,133553,34395,135854,66790,88259,55902,20401,127296,28733,76435,46832,246,65306,56475,128618,128808,130705,11,54825,89860,76337,130974,130847]",105f270d0d3f5a9473a847111f2f361b51070d524177b0cd41864be23b1f9d7e,437,True,True,90
WIKIPEDIA,438,,"[65865,125160,128533,128618,97929,126270,56475,43115,138924,31079,55902,130262,7,99927,100049,108371,17447,99324,109,8,33704,48364,247,139806,57089,126251,51588,20401,129413,136262,11,125206,139982,136108,43115,138924,31079,97929,7,99927,100049,108371,102594,8,50340,85403,82965,13146,13,48408,130262,42039,65510,20487,31079,97929,80573,69441,238,31079,97929,18411,133970,126204,132236,33509,60315,132270,16560,30520,226,47985,20401,129413,42039,73518,144623,125761,382,144548,20401,136605,129549,137138,19969,76497,109,144106,23573,5140,120,230,17380,97143,31079,127353,62740,247,57026,85251,130345,141676,125489,13,133553,56475,37064,94,21329,17380,23084,57089,23573,81173,132618,20401,48364,247,132526,57089,126251,20401,65510,55902,42039,83518,132269,21329]",8a712f52f519e4dc8ba1ca2f1856de55ddf960821a409fa43baca307df51a3ff,438,True,True,91
WIKIPEDIA,439,,"[125568,138924,31079,97929,7,103519,100049,108371,102594,8,16560,77353,138924,31079,130262,7,103519,100049,108371,99324,109,11,910,2111,13851,339,9693,8,19391,77596,235,42905,133553,34395,20487,17380,76497,109,144106,23573,5140,120,230,60960,82528,19391,138519,133507,142510,63089,80573,35509,144509,93672,133553,144639,144548,18411,131670,90686,13,5140,120,230,19969,129400,125068,23573,43115,138924,31079,97929,16560,54116,49543,17380,3315,109,226,130109,85251,85403,126673,7,139139,125519,129439,126345,20401,55673,132125,83036,8,17380,133553,77596,235,56475,5140,244,254,57268,125548,127451,35509,50340,144125,127451,130331,11,77353,138924,31079,97929,16560,85403,126673,19969,130671,13,129147,77353,138924,31079,97929,16560,35509,144509]",9fe03a076b73e5be9d163899ef8c6ef62fe0cd601832f9519105fe3b71b7694d,439,True,True,92
WIKIPEDIA,441,,"[34395,129510,31079,53680,3759,874,1323,4744,68,8,16560,126429,129510,31079,87608,19391,77596,235,42905,65510,20487,31079,97929,53680,20401,125703,125489,13,23084,65865,126377,5140,228,235,31079,87608,126429,129510,31079,52959,87608,42039,128618,97929,134002,13,220,17,59761,48408,53680,19391,220,16,20,126299,220,20,16,126337,17877,133970,126204,90686,382,16186,80901,128618,97929,715,73986,127478,134088,59698,52959,53680,320,38,2300,4953,2142,266,2210,68,340,73986,127478,134088,59698,126299,320,38,2300,4953,38152,8,481,126310,32077,126337,73986,127478,134088,59698,6699,13,10581,43551,340,126429,129510,31079,52959,53680,320,50,874,1323,2210,68,340,126429,129510,31079,129704,320,50,874]",cdb8487a6b25b394fc06a27eb5a9333148c77151699c39fef85c1e3423cda388,441,True,True,93
WIKIPEDIA,442,,"[19969,13146,133738,31079,7,4421,108371,11,873,16560,126429,129510,31079,87608,126429,129510,31079,53680,20401,133553,34395,20487,17380,11,35509,13146,144710,12802,11,35509,13146,28002,11,90486,13146,66845,11,83518,13146,144710,12802,11,129413,34395,129510,31079,7,65306,131793,701,126291,26699,59698,11,134952,144143,144302,12802,11,49367,144710,12802,7,128808,126524,8,5140,45881,34395,47985,129112,13,133196,20401,124685,17380,140968,57089,56475,129875,73986,126402,17877,129882,21329,42905,55673,35711,124685,126337,142180,125703,125489,382,76435,138329,131097,715,137842,5140,117,249,144235,33704,77002,132064,33704,47911,247,33704,48364,255,25715,77226,136262,11,73669,129881,33704,16751,222,130728,77226,81718,144059,19391,220,19]",f307875caa0ce15287edf8ff61aae8de086e7d0e07d01f45be0f494906408d73,442,True,True,94
WIKIPEDIA,445,,"[52959,125548,144745,131131,60315,125466,56290,124785,7,11,873,53989,226,57026,26698,48408,125548,144745,131131,60315,368,16560,129624,52959,84667,28002,129616,60960,144399,129624,63089,19391,140210,16235,94,34395,64521,77353,126321,125466,56290,124785,125489,13,77353,126321,124785,19969,135979,220,17,18,59761,20401,55673,80573,64577,59698,29326,220,16,59761,17380,136239,128993,132931,11,55673,35711,129392,29326,17380,16560,85403,19391,127121,24897,52959,12802,126673,24897,11,3315,65291,125548,47985,130271,11,81718,12802,52959,135032,133738,129616,11,95577,125548,142713,131587,50340,125166,11,5140,45881,131587,50340,125166,77002,12802,131891,134013,16560,85403,19391,127121,24897,52959,12802,126673,24897,29326,125489,382,57089,132064,20401,60960,26698]",b3887c832b1cfd2401ab846dd9cf22a1d9febe2fef78e848990a952304644082,445,True,True,95
WIKIPEDIA,447,,"[126970,88259,7,122022,77959,11,220,129549,22174,8,16560,220,16,16,79632,20401,129296,23259,126253,126804,126317,61298,10764,39834,17877,139647,55673,17380,95996,17877,40720,82190,45130,101,66845,19391,125466,17877,65553,96,16560,58777,20487,129400,49543,79207,44680,237,105,142852,17380,11,133196,128552,126310,79632,23573,79207,44680,237,105,142852,125489,382,65306,20487,40853,33704,137351,55054,126317,128909,136262,11,81718,144140,33704,48364,250,125568,144012,89235,60315,58677,92817,144012,89235,77002,42039,139647,83277,90686,13,43115,20487,40853,79302,239,5140,223,251,19391,5140,228,241,31328,58034,66845,126321,45130,101,66845,95170,42039,125466,17877,125206,53680,135298,32290,55838,251,126333,12802,130723,13,129296,23259]",f1ec5ceb7b902f067abd34cb3ced4d29c7c3c8b5a463af0387492ffdf5a1d56a,447,True,True,96
WIKIPEDIA,451,,"[136133,60315,13146,7,11,873,16560,139963,52959,84667,28002,129616,60960,144399,139963,63089,20401,77353,126321,133152,125489,13,220,16,15,59761,20401,55673,80573,220,18,59761,20401,138267,54330,17380,139647,83277,132931,11,126322,132064,42039,16560,60960,26698,126345,11,89860,132064,42039,16560,74361,250,126742,126345,11,139963,132064,42039,16560,139963,131529,33883,18411,143188,126204,90686,13,48108,112,80968,33704,23872,121,220,24,24,23,72553,62071,144238,143651,17380,56039,33861,19391,23084,125548,124905,11,23084,16560,5140,253,105,29326,52959,19391,23084,31079,133196,56475,220,17,137104,17380,143230,34395,48408,84667,28002,129616,129889,130887,143230,13146,13,129624,132064,53680,89860,132064,42039,16560,132662,53680,124973]",3905fa6c12ad356e1b7e416e7024ad5414d051e7fa3ac57e77b51537058f61f1,451,True,True,97
WIKIPEDIA,456,,"[16,17,128514,220,18,15,32077,33704,54825,126673,34395,28002,28754,42039,220,18,21,19,137104,7,138374,126216,32077,49052,220,18,21,20,137104,8,37195,254,19391,94613,51876,382,55054,124873,715,220,16,15,21,21,126216,481,79207,44680,236,246,31328,54825,50340,60315,13146,56475,125149,139039,131293,124459,108,126402,12802,74884,222,21329,125548,7,57132,55902,8,31328,15115,18668,77,29062,71,3748,64,18411,133970,82190,28733,131456,33704,126310,66845,31328,17877,20136,247,136999,134002,624,220,16,23,20,18,126216,481,73523,134133,125615,58777,43866,25,132662,12802,48108,243,29326,129695,138020,126440,129283,18411,58777,43866,129330,624,220,16,23,24,20,126216,481]",54f43ac293a04c42908a36eee40f34785a71a90b8a74dd3d27e6fad4b09425a6,456,True,True,98
WIKIPEDIA,460,,"[16,128514,220,19,32077,33704,54825,126673,34395,28002,28754,42039,220,19,137104,37195,254,19391,94613,51876,382,55054,124873,715,54116,54321,65865,220,19,21,126216,481,90711,112,12802,55054,125548,19969,48408,126445,28002,129616,139963,57089,63089,5140,96,101,24897,129262,60315,56419,129924,56475,5140,45881,70582,19391,131903,24897,18411,23894,102,126793,129330,624,220,16,16,18,20,126216,481,126429,125476,20401,133552,246,125118,12802,89860,65306,56475,124459,108,134445,83556,33509,136387,133552,246,125118,20401,37195,250,17877,83556,33509,126896,13146,624,220,16,23,24,21,126216,481,37064,57160,225,222,54330,19969,132662,20401,220,19,20,137104,55673,19969,97143,125761,624,220,16,24]",a2dfd950c0404d8f8ee21e0224aaf4ad450e8f9d157cbd279b6f909447324bb5,460,True,True,99
WIKIPEDIA,461,,"[16,128514,220,22,32077,33704,54825,126673,34395,28002,28754,42039,220,22,137104,7,138374,126216,32077,49052,47985,220,22,137104,8,37195,254,19391,94613,51876,382,55054,124873,715,220,16,18,17,20,126216,481,125214,140038,43590,220,19,41429,19969,98869,125548,129924,131498,20401,74884,243,12802,97143,13146,624,220,16,20,20,23,126216,481,84255,133738,24897,19969,126440,124785,42039,126558,90711,120,126673,18411,74361,230,65238,129330,624,220,16,20,21,21,126216,481,127048,130803,73986,57268,220,20,41429,19969,129296,69923,64119,13146,624,220,16,21,15,23,126216,481,132662,86831,21329,83036,52959,54330,62071,93701,141274,93672,56475,46832,242,57132,19969,133396,129330,624]",a12ba3cff9e30e47593188de428c4327b19963053f9b0342f6834ed857ba0f28,461,True,False,100
WIKIPEDIA,462,,"[16,128514,220,20,32077,33704,54825,126673,34395,28002,28754,42039,220,20,137104,37195,254,19391,94613,51876,382,55054,124873,715,220,16,20,20,19,126216,481,65553,97,144259,129804,29346,48408,31328,28626,47324,144145,56475,132182,46832,242,57132,19969,133396,129330,624,220,16,22,23,16,126216,481,132662,64805,227,126702,56419,131833,25,86831,21329,83036,52959,54330,56983,59698,141893,29346,19969,47665,254,126730,145042,28626,48408,137666,29346,20401,126440,124785,60716,129534,19391,136009,74361,222,126614,17877,38150,125761,624,220,16,23,23,20,126216,481,124657,29281,131120,124785,56475,124657,129027,24485,227,125054,69441,238,21329,624,220,16,24,15,20,126216,481,125149,26699,19969,23084]",a07d1dd8331dd7c1c0a4602bfababc9528cae1d10ee6d34ce6d3c7da8c609810,462,True,False,101
WIKIPEDIA,466,,"[16,128514,220,16,15,32077,33704,54825,126673,34395,28002,28754,42039,220,16,15,137104,7,138374,126216,32077,49052,47985,220,16,15,137104,8,37195,254,19391,94613,51876,382,55054,124873,715,54116,54321,65865,220,19,24,126216,481,37064,101,28002,40281,24897,90711,112,12802,55054,125548,19969,5140,96,101,70582,139726,129413,17877,130270,140642,42039,135660,90711,112,12802,55054,125548,66136,65865,12802,93721,64119,13146,12832,54330,55054,80901,16560,90667,126365,246,83277,141798,340,220,24,126216,481,74884,116,144008,74884,243,130472,12802,56419,23573,17877,48108,116,130472,135298,34395,128753,60315,50340,18411,125674,40281,13146,624,220,21,24,126216,481,71015,125544,62071,124785,20401,46832,102]",c4298145042c043c8958f8d14a25daf21ebdbe5580dc0894a5398712dec84757,466,True,False,102
WIKIPEDIA,471,,"[16,128514,220,16,19,32077,33704,54825,126673,34395,28002,28754,42039,220,16,19,137104,7,138374,126216,32077,49052,47985,220,16,19,137104,8,37195,254,19391,94613,51876,382,55054,124873,715,220,16,24,18,24,126216,481,83556,37087,11,65510,125519,135946,126835,126691,41429,135092,125466,128808,138767,624,220,16,24,19,18,126216,481,62071,17,125625,133196,60960,65865,25,90711,112,55054,135032,133738,129616,98005,125786,56475,84255,144710,134644,129807,422,13,5140,96,101,24897,144094,28626,132662,136774,53680,37064,230,24897,94152,71647,142588,126440,124785,3315,112,251,28002,19969,73518,59698,64805,227,32077,20401,125149,136585,142654,97834,17877,135797,42905,128677,79632,142234,198,220,16]",92d97ffe487cad745d3743daf0d22764c37b172c064480b671cf87e26ac4e678,471,True,False,103
WIKIPEDIA,475,,"[16,128514,220,16,24,32077,33704,54825,126673,34395,28002,28754,42039,220,16,24,137104,7,138374,126216,32077,49052,47985,220,16,24,137104,8,37195,254,19391,94613,51876,382,55054,124873,715,220,16,22,24,18,126216,481,84255,133738,24897,5140,96,101,12802,220,16,21,41429,19391,128605,32129,128909,130729,29281,198,220,16,24,21,21,126216,481,58677,89235,50340,16778,226,89235,19969,58677,47985,3315,112,251,28002,19391,131565,93701,129330,624,220,16,24,21,22,126216,481,128605,125496,124785,60716,129534,220,20,21,77953,90711,101,136671,138629,198,220,16,24,24,18,126216,481,79207,105,17380,130271,126896,52959,80573,48364,112,129695,19969,126310,136233]",faf5db3957b4aad225c018d77c765b437c072789debdebf97d61f96d862dc99e,475,True,False,104
WIKIPEDIA,477,,"[17,128514,220,17,23,32077,33704,54825,126673,34395,28002,28754,42039,220,20,24,137104,7,138374,126216,32077,49052,47985,220,20,24,137104,8,37195,254,19391,94613,51876,13,37064,97,126216,12802,134808,49052,11,23084,37195,254,33704,220,17,128514,20401,140887,129378,125489,382,55054,124873,715,220,16,24,17,17,126216,481,23084,126886,28626,19969,126440,124785,42039,126558,64805,227,126702,624,220,16,24,19,22,126216,481,70943,56290,125496,124785,20401,74361,222,12802,130973,56475,220,17,13935,17,23,138629,133396,624,220,16,24,21,15,126216,481,128605,125496,124785,60960,88259,126861,126346,29326,56475,220,17,13935,17,23,60960,88259,20136,247,76435,20401,92192]",e0ce61d38844f862474194b1b5553f608965e2d6de5d2032fb54c1eaa9707018,477,True,False,105
WIKIPEDIA,485,,"[20,128514,220,16,32077,33704,54825,126673,34395,28002,28754,42039,220,16,17,16,137104,7,138374,126216,32077,49052,220,16,17,17,137104,701,5140,240,97,56475,126558,16560,220,17,19,20,137104,37195,254,19391,94613,51876,382,55054,124873,715,220,16,23,18,19,126216,481,47665,101,132264,124970,61741,11,48364,254,47985,126270,126246,125206,53680,624,220,16,23,22,16,126216,481,133196,128215,132618,20401,130592,130788,36055,128739,31328,54969,28002,129695,145226,20401,125466,126246,133373,57852,126702,198,220,16,23,23,21,126216,481,132662,56475,3315,112,251,126793,124517,17877,93721,82190,48108,108,142588,5140,240,97,220,23,134745,127042,57089,128739,17877,79302,119]",b21f9bd80adf810b3cabcc96bfb125c120d8ccb9236d17dcc4944bcc9e427e86,485,True,False,106
WIKIPEDIA,490,,"[16,128514,220,18,16,32077,33704,54825,126673,34395,28002,28754,42039,220,18,16,137104,7,138374,126216,32077,49052,47985,220,18,16,137104,8,37195,254,19391,94613,51876,382,55054,124873,715,220,18,16,19,126216,481,127048,130803,126423,132947,24897,130229,125548,220,16,41429,19969,127048,130803,48108,250,126896,52959,124419,18411,94203,130766,129330,624,220,16,20,15,19,126216,481,84255,133738,24897,19969,73518,144087,133886,48408,50340,142561,74884,243,124785,19391,95002,126345,129330,624,220,16,20,22,23,126216,481,18585,105,135032,126746,56419,129924,19969,95996,126835,129330,624,220,16,21,15,21,126216,481,46832,242,125535,48431,129439,55054,124873,20401,55673,129439,25715,35509]",c946dc701996482329f4174e67df25681d27dac4088b013ad7fd56d2a26891a9,490,True,False,107
WIKIPEDIA,492,,"[16,128514,220,17,24,32077,33704,54825,126673,34395,28002,28754,42039,220,17,24,137104,7,138374,126216,32077,49052,47985,220,17,24,137104,8,37195,254,19391,94613,51876,382,55054,124873,715,220,21,21,16,126216,481,125214,28002,20401,3315,96,121,48431,42039,36055,125160,90711,120,28002,126793,44518,66845,19969,5140,223,251,60315,13146,624,220,22,20,22,126216,481,77353,7,104260,8,20401,46832,102,37087,95170,144067,85057,12802,48408,64850,95170,65306,26698,7,50285,111948,99977,240,8,20401,77596,238,19391,3315,96,121,13146,624,220,16,23,15,17,126216,481,134014,86831,134644,28002,19969,132662,124970,61741,47985,26698,124780,81173,132618,17380,32129,26698,126429]",c6bad5180ee3d327173a15fedd44709d4d6b31ea09ada7a2f86604ea253b143b,492,True,False,108
WIKIPEDIA,495,,"[16,128514,220,17,15,32077,33704,54825,126673,34395,28002,28754,42039,220,17,21,137104,7,138374,126216,32077,49052,47985,220,17,21,137104,8,37195,254,19391,94613,51876,382,2979,126952,29281,129378,137771,35711,32077,91,16,91,17,15,129378,271,55054,124873,715,220,16,20,18,16,126216,481,220,16,20,18,16,126216,56983,24897,125822,60960,21329,85251,25,98869,125548,129924,131498,20401,56983,24897,125822,56475,66790,85251,12802,133396,11,23872,121,220,18,72553,83518,79632,12802,32129,130472,128836,624,220,16,21,24,24,126216,481,90711,112,18411,17380,70582,142852,65510,125535,25,129392,60315,40281,130262,126667,20401,90711,112,18411,17380,70582,142852,56475,128753,32831]",4a732cfae301d77367950101c466f3e1446bab27ad19e47a99776364f209ca55,495,True,False,109
WIKIPEDIA,501,,"[16,128514,220,17,16,32077,33704,54825,126673,34395,28002,28754,42039,220,17,16,137104,7,138374,126216,32077,49052,47985,220,17,16,137104,8,37195,254,19391,94613,51876,382,55054,124873,715,220,16,20,18,20,126216,481,128677,126667,56290,127048,28002,77002,35509,144434,144041,127048,134379,125714,134445,73986,126588,42905,142509,234,53442,129616,29346,138629,42039,127042,28626,125548,125786,60960,32831,64795,139274,56475,84255,133738,24897,20401,73523,82528,124546,47985,220,21,79632,12802,46832,242,128909,17877,125834,129330,624,220,16,21,18,22,126216,481,36330,102,125118,129567,55054,36055,41429,131005,19969,10764,245,246,129034,56419,129924,56475,60960,133087,77953,198,220,16,22,17,15,126216]",8dc8d8d69f42eff17b34b80738547b0fb3955ef428528e0215060e5df60a663e,501,True,False,110
WIKIPEDIA,506,,"[16,17,128514,220,17,19,32077,33704,54825,126673,34395,28002,28754,42039,220,18,20,23,137104,7,138374,126216,32077,49052,220,18,20,24,137104,8,37195,254,19391,94613,51876,13,220,19,15,15,126216,126322,126246,23084,37195,254,33704,85413,242,35711,32077,11,134952,35711,32077,11,10764,228,254,35711,32077,19391,220,20,23,42044,11,46832,242,35711,32077,53680,28733,35711,32077,19391,220,20,22,42044,11,83556,35711,32077,53680,40771,230,35711,32077,126377,220,20,21,42044,38523,101,13146,382,55054,124873,715,220,20,15,17,126216,481,79302,239,125149,37087,126291,125568,7,119045,103403,8,12802,48408,64850,126291,125160,17877,74884,243,41429,25715,17380]",a6f0f769a7007eaf00ac97c7979c78c529eac4a038f94db8b6683a004b6c15b2,506,True,False,111
WIKIPEDIA,508,,"[16,17,128514,220,17,21,32077,33704,54825,126673,34395,28002,28754,42039,220,18,21,15,137104,7,138374,126216,32077,49052,220,18,21,16,137104,8,37195,254,19391,94613,51876,13,220,19,15,15,126216,126322,126246,23084,37195,254,33704,85413,242,35711,32077,11,28733,35711,32077,11,10764,228,254,35711,32077,19391,220,20,23,42044,11,134952,35711,32077,53680,40771,230,35711,32077,19391,220,20,22,42044,11,46832,242,35711,32077,53680,83556,35711,32077,126377,220,20,21,42044,38523,101,13146,382,55054,124873,715,220,23,23,22,126216,481,47665,254,144062,19969,28002,40281,24897,220,16,41429,98869,17380,12802,126893,28002,136233,134619,19969,70585,105,130271]",470daa0400ed8489859051ad0c24478f9a7d4324400e61aec870c8d10a0d7fc4,508,True,False,112
WIKIPEDIA,509,,"[16,17,128514,220,17,22,32077,33704,54825,126673,34395,28002,28754,42039,220,18,21,16,137104,7,138374,126216,32077,49052,220,18,21,17,137104,8,37195,254,19391,94613,51876,382,55054,124873,715,220,20,18,22,126216,481,126322,126321,36055,132897,60960,32831,64795,48408,89659,126291,129262,52959,19969,74884,226,32831,64119,13146,624,220,16,23,18,16,126216,481,62099,108,24897,49367,144214,12802,73986,83291,91043,18411,74361,222,34395,5140,240,115,129378,16778,230,50340,126793,34395,24897,144032,17877,66790,60315,57801,97143,16560,142815,17877,5140,244,254,60315,13146,624,220,16,24,19,20,126216,198,47665,101,132264,11,126310,136233,35509,43866,624,28927,57160,36109]",4b9ab6c30e9459243ac4c7c6206b67d6a08a6f2b42aabcd86d547d0c3a94a7c4,509,True,False,113
WIKIPEDIA,520,,"[16,17,128514,220,16,15,32077,33704,54825,126673,34395,28002,28754,42039,220,18,19,19,137104,7,138374,126216,32077,49052,220,18,19,20,137104,8,37195,254,19391,94613,51876,382,55054,124873,715,220,16,15,19,16,126216,481,126322,17380,125544,20401,83518,130803,37087,65510,19391,20401,79302,239,25715,31328,125714,129616,144054,220,20,41429,19969,126322,17380,125544,62071,124785,20401,46832,102,37087,19969,97143,13146,624,220,16,23,19,23,126216,481,5140,96,101,12802,73518,144087,126673,144547,63332,60315,126793,125548,28626,11,84255,133738,24897,62071,17,78125,56290,124785,136774,42039,125834,125519,624,220,16,24,19,16,126216,481,128605,125496,124785,16235,226,29326,29281]",83978c2091273534b9837aca743161af7cf4bad54c1387ba6e24c6776e4e3fb7,520,True,False,114
WIKIPEDIA,525,,"[16,17,128514,220,20,32077,33704,54825,126673,34395,28002,28754,42039,220,18,18,24,137104,7,138374,126216,32077,49052,220,18,19,15,137104,8,37195,254,19391,94613,51876,382,55054,124873,715,54116,54321,65865,220,21,18,126216,481,71015,125544,130263,29281,124780,95577,125548,141571,24897,10764,230,112,28002,40281,24897,10764,92120,136133,17380,19969,220,19,59761,20401,77353,125624,51588,70943,140887,17877,142234,129330,624,220,16,20,24,15,126216,481,127048,130803,54825,126673,34395,28002,57268,220,16,19,41429,19969,132377,80901,129330,624,220,16,24,18,16,126216,481,58777,41429,54330,142104,60960,32831,64795,12802,69441,255,126793,60716,49543,133381,624,220,16,24,18]",18b964e52b127af0ffe61a04ba384e0ee04940354b0abe70d6c388f5594a33aa,525,True,False,115
WIKIPEDIA,532,,"[18,128514,220,21,32077,33704,54825,126673,34395,28002,28754,42039,220,21,20,137104,7,138374,126216,32077,49052,220,21,21,137104,8,37195,254,19391,94613,51876,382,55054,124873,715,220,16,20,17,16,126216,481,95577,144520,129804,12802,8620,112,234,19391,129392,135375,129330,198,220,16,22,23,23,126216,481,3315,96,226,23259,129360,36055,135375,133120,142300,66425,130679,48364,104,84621,83666,74361,238,125341,66845,19969,127042,145414,144032,19391,129392,135375,129330,624,220,16,24,17,19,126216,481,83556,37087,130262,126333,20487,77596,235,28002,85057,126785,54330,55054,20401,83518,130766,46319,55054,55054,124873,12802,133396,11,36330,102,125118,131226,47985,21329,55054,22042,243,126402]",5cbef173ad0f33f8fba7e9e8bb5150f53da622002c69111a4944521dc0182bca,532,True,False,116
WIKIPEDIA,540,,"[17,128514,220,24,32077,33704,54825,126673,34395,28002,28754,42039,220,19,15,137104,7,138374,126216,32077,49052,47985,220,19,15,137104,8,37195,254,19391,94613,51876,382,55054,124873,715,220,19,22,19,126216,481,62071,132523,12802,134748,48408,64850,5140,254,230,57268,220,17,41429,80573,129676,126322,17380,125544,62071,124785,20401,140429,46832,102,37087,17380,132377,80901,129330,624,220,16,21,17,16,126216,481,127048,130803,54825,126673,34395,28002,57268,220,16,20,41429,11,62071,17,18,19,66845,71015,125544,127048,130803,131565,93701,624,220,16,24,20,15,126216,481,132662,20401,65510,21329,126445,126932,129616,29326,58034,54321,20401,54321,12802,124973,125054,63089,19391,28733]",5c9038a0abedbbf06e55bc414f4f7599af9c9558d9d1eb28d180aef856a866fe,540,True,False,117
WIKIPEDIA,552,,"[17,128514,220,16,19,32077,33704,54825,126673,34395,28002,28754,42039,220,19,20,137104,7,138374,126216,32077,49052,47985,220,19,20,137104,8,37195,254,19391,94613,51876,382,55054,124873,715,220,16,20,23,17,126216,481,127048,130803,54825,126673,34395,28002,57268,220,16,18,41429,19969,37064,101,28002,40281,24897,135818,73523,29281,23573,54825,126673,34395,28002,135818,40720,17877,3315,112,231,88259,42905,90711,247,126691,17877,63757,128808,624,220,16,23,20,24,126216,481,73077,28002,124873,54330,19969,132662,20401,55673,17380,220,18,18,137104,17380,35509,43866,134002,624,220,16,23,22,21,126216,481,125214,144114,85057,125932,54825,135152,134929,47665,101,53680,83556,135628]",f2082a02c4c7a5fcd002ce3adaf8d034156461e40f055da074c382ce35927e79,552,True,False,118
WIKIPEDIA,558,,"[17,128514,220,17,16,32077,33704,54825,126673,34395,28002,28754,42039,220,20,17,137104,7,138374,126216,32077,49052,47985,220,20,17,137104,8,37195,254,19391,94613,51876,382,55054,124873,715,220,18,21,17,126216,481,125214,144114,85057,133872,52959,20401,48408,125166,60315,29326,40281,24897,19969,125214,144114,85057,133872,52959,17380,137844,19969,13146,624,220,16,23,19,23,126216,481,90711,112,18411,95577,125548,81133,24897,80573,84255,28002,133872,125511,24485,98,144754,24897,19969,130263,133055,23573,125466,85057,64795,129296,129709,12802,136065,142234,64119,13146,624,220,16,24,16,21,126216,481,62071,16,125625,133196,60960,65865,25,84255,133738,24897,56475,47665,254,125548,148527,56419,129924]",8eb6e28aef38e23744f0b3e6f5a388ebc28e5a66cb1c671a56803bdb5829a592,558,True,False,119
WIKIPEDIA,579,,"[18,128514,220,17,19,32077,33704,54825,126673,34395,28002,28754,42039,220,23,18,137104,7,138374,126216,32077,49052,220,23,19,137104,8,37195,254,19391,94613,51876,382,55054,124873,715,220,16,21,15,18,126216,18221,62071,93701,24897,220,16,41429,19969,16235,231,83291,136499,29346,11,141767,129695,139982,136499,29346,11,48408,32077,136499,29346,18411,130593,49367,24897,132920,81173,132618,20401,74884,243,12802,97143,13146,624,320,57801,12802,132618,220,23,126216,220,17,128514,220,16,17,32077,8,481,129392,141571,19969,80573,23084,19391,89659,24897,11,90486,47985,19391,90486,47985,32985,231,63089,7,69177,101741,99710,99468,11,129392,141571,19969,80573,32985,231,63089,7,17158]",d5a50f853af24380d64dd6dd6a49b2b117b1ccb896369b2025dc131a3c79660f,579,True,False,120
WIKIPEDIA,583,,"[18,128514,220,17,23,32077,33704,54825,126673,34395,28002,28754,42039,220,23,22,137104,7,138374,126216,32077,49052,220,23,23,137104,8,37195,254,19391,94613,51876,382,55054,124873,715,220,18,22,126216,481,71015,125544,20401,58034,54321,12802,85403,57026,23573,129093,23259,7,3533,5706,349,8,20401,90711,255,47324,18411,90711,120,28002,144071,50340,46832,102,37087,19969,135839,64850,125489,624,220,16,23,24,19,126216,481,16778,239,82528,29281,126667,20401,55673,126346,130508,142642,139746,11,46832,235,126337,40281,19391,142510,136999,64119,13146,624,220,16,24,18,24,126216,481,84255,129804,134619,129695,84255,133738,129695,19969,95577,133872,29346,18411,18585,238,126691,132537,79207]",6079097aeb1e169971b7f4d26b2d7ba9d4c700e8e5275861df2d24109d1f47c4,583,True,False,121
WIKIPEDIA,584,,"[18,128514,220,17,24,32077,33704,54825,126673,34395,28002,28754,42039,220,23,23,137104,7,138374,126216,32077,49052,220,23,24,137104,8,37195,254,19391,94613,51876,382,55054,124873,715,220,23,19,20,126216,481,5140,45881,48606,60315,125548,71015,29346,131196,17380,81133,19969,23084,144133,16560,81718,12802,144120,129704,19391,40771,231,35530,64795,23573,54969,28002,19969,50972,132772,64119,13146,13,129392,29326,18411,54969,142194,87425,127728,65510,124873,42039,32985,231,66845,23573,79302,239,20401,64805,230,7,137842,82801,8,17877,66790,134836,126204,60716,126321,64119,13146,624,220,16,19,18,15,126216,481,73077,24897,72553,62071,124785,20401,125149,50340,28626,220,17,41429,19969,126322,17380]",fd5ede1fbaeb2aa1c6ca968b81c170beec4cf10fa2d2dd1d1fafbfbcfcaa6d88,584,True,False,122
WIKIPEDIA,587,,"[20,128514,220,17,32077,33704,54825,126673,34395,28002,28754,42039,220,16,17,17,137104,7,138374,126216,32077,49052,220,16,17,18,137104,701,5140,240,97,56475,126558,16560,220,17,19,19,137104,37195,254,19391,94613,51876,382,55054,124873,715,220,16,16,24,19,126216,481,16235,231,83291,136499,29346,74884,243,124785,20401,98869,142852,132125,24897,19969,56983,125746,29346,220,16,41429,20401,74884,243,125086,10764,245,234,40853,19391,136009,129392,29326,17380,139180,132872,13146,624,220,17,15,16,19,126216,481,48408,126445,19969,83036,24897,135356,139963,57089,63089,81718,13146,81133,146266,55673,56475,60960,131005,129439,127165,108,55054,86372,19969,133396,33883,220,17,11,16]",722d7c2819eb7bdf784bf5f7368a7f175d54b5c0c061469459cb4b5e81cd4068,587,True,False,123
WIKIPEDIA,588,,"[23,128514,220,17,32077,33704,54825,126673,34395,28002,28754,42039,220,17,16,19,137104,7,138374,126216,32077,49052,220,17,16,20,137104,8,37195,254,19391,94613,51876,382,55054,124873,715,54116,54321,65865,220,17,16,21,126216,481,90711,116,60315,19391,56419,129924,25,90711,112,125548,125166,34395,20401,61298,83036,126835,12802,71015,125544,129534,126327,79207,117,28002,129330,624,220,16,20,23,24,126216,481,84255,133738,24897,23872,247,28002,220,19,41429,132377,80901,11,85403,125548,135402,74884,243,92817,93721,198,220,16,18,23,20,126216,481,79207,44680,236,246,31328,45104,250,131587,17380,60315,56475,81173,132618,17380,54116,49664,52300,10764,230,105,40281,18411]",d3a4be737abe6fd56182c3e3e25398705da2d22bbfdf92d02625ba33237f8a66,588,True,False,124
WIKIPEDIA,591,,"[16,16,128514,220,17,32077,33704,54825,126673,34395,28002,28754,42039,220,18,15,21,137104,7,138374,126216,32077,49052,220,18,15,22,137104,8,37195,254,19391,94613,51876,382,55054,124873,715,220,21,16,24,126216,481,125834,126429,92817,23084,125568,20401,79207,117,31328,94315,19391,89860,133485,144828,20401,90711,112,62275,12802,126322,133485,144828,20401,43115,131833,25715,19391,136009,125834,60315,50340,129359,126246,20401,142451,223,65865,56475,23872,242,136999,64119,13146,624,220,21,22,21,126216,481,127048,130803,129392,127121,19969,220,22,23,66845,71015,125544,127048,130803,42039,131565,93701,128836,624,220,16,20,22,15,126216,481,139963,33883,56475,133396,23573,60716,32077,12802,46832]",a1c33f9b8c6a8f8a2d8eeaca01412854a56614a37c4f26a761dea10d9cf18e7b,591,True,False,125
WIKIPEDIA,597,,"[16,16,128514,220,23,32077,33704,54825,126673,34395,28002,28754,42039,220,18,16,17,137104,7,138374,126216,32077,49052,220,18,16,18,137104,8,37195,254,19391,94613,51876,382,55054,124873,715,220,16,20,16,24,126216,481,90486,125548,126588,3315,65291,125548,130229,24897,11,10764,72509,127121,59698,131131,139982,129804,19391,126616,54330,129330,13,46832,102,37087,36978,105,130229,23259,125544,220,17,41429,16560,54825,129125,46832,246,125144,128836,624,220,16,24,16,17,126216,481,128605,31328,124785,125496,61741,11,134582,234,126445,129804,134619,129695,19391,70943,128205,131120,61741,57852,126702,624,220,16,24,16,22,126216,481,5140,254,230,127674,12802,62071,16,66845,58677]",10e83416e0959ecbd2d233ba00ee358a330bfb234c804a7168a9823feabd3260,597,True,False,126
WIKIPEDIA,602,,"[16,16,128514,220,16,18,32077,33704,54825,126673,34395,28002,28754,42039,220,18,16,22,137104,7,138374,126216,32077,49052,220,18,16,23,137104,8,37195,254,19391,94613,51876,382,55054,124873,715,220,16,24,19,20,126216,481,90486,131131,34992,44680,242,120,52959,11,54969,60315,125544,126310,136233,35509,43866,198,220,16,24,22,15,126216,481,69441,231,56290,133627,20401,129242,125068,133414,25715,127042,57089,136913,19969,56419,86372,32077,12802,364,125722,17380,20487,129044,126270,6,138001,17877,126488,86372,40281,124905,128618,82528,134002,624,220,16,24,23,17,126216,481,142452,129924,129296,23259,130508,132524,88259,19969,5140,254,230,12802,32985,101,29326,83036,80573,43115]",50c6a72474245c21e6d7a4a5251f9e77d4968791a4232fe0eb1dab62d2ca6a99,602,True,False,127
WIKIPEDIA,623,,"[19,128514,220,23,32077,33704,54825,126673,34395,28002,28754,42039,220,24,23,137104,7,138374,126216,32077,49052,220,24,24,137104,8,37195,254,19391,94613,51876,382,55054,124873,715,220,17,16,22,126216,481,71015,125544,46832,102,37087,90711,112,50340,144033,50340,19969,134748,134312,120,80901,66845,40853,95577,81133,28002,131903,24897,19391,136009,23872,242,136999,130357,95577,81133,28002,131903,24897,141769,46832,102,37087,20401,140210,19391,73077,125548,13146,624,220,16,18,22,23,126216,481,127048,130803,124657,125548,130271,127121,220,21,41429,127048,130803,42039,57835,66845,144134,198,220,16,21,15,20,126216,481,141767,144025,144402,20401,90711,112,18411,220,24,41429,19969,20136,222]",331810eaa238f7b9d0403b9532233c287bcd2cd89a329279ff0b224feea7de18,623,True,False,128
WIKIPEDIA,628,,"[19,128514,220,16,18,32077,33704,54825,126673,34395,28002,28754,42039,220,16,15,18,137104,7,138374,126216,32077,49052,220,16,15,19,137104,8,37195,254,19391,94613,51876,382,55054,124873,715,220,16,16,16,16,126216,481,10764,245,101,28002,220,20,41429,19969,128753,32831,71015,125544,62071,124785,20401,46832,102,37087,19391,73077,125548,13146,624,220,16,17,15,19,126216,481,62071,19,125625,28927,255,25715,129534,12802,3315,121,246,24897,135356,131131,127121,131587,17877,18585,238,126691,129330,624,220,16,20,24,23,126216,481,84255,133738,24897,20401,23872,247,28002,220,19,41429,19969,37195,255,28626,90711,247,126691,17877,142234,129330,624,220,16,23]",5b4070ee8144197c5391ca962a426b28a9880abb42285b4772578c74634902fc,628,True,False,129
WIKIPEDIA,631,,"[19,128514,220,16,21,32077,33704,54825,126673,34395,28002,28754,42039,220,16,15,21,137104,7,138374,126216,32077,49052,220,16,15,22,137104,8,37195,254,19391,94613,51876,382,55054,124873,715,220,22,18,126216,481,95577,55054,13146,85997,131097,19969,50972,132772,130357,11,71015,125544,62071,124785,19391,128605,37064,57160,225,250,31328,129360,63757,129804,12802,126616,138771,64119,13146,624,220,24,20,23,126216,481,45130,120,92192,37087,19969,126429,125476,56475,136065,138767,64119,13146,624,220,16,15,22,16,126216,481,62107,21329,136133,125548,28626,56419,129924,11,126322,17380,125544,62071,124785,12802,45710,132264,71647,129330,624,220,16,24,16,22,126216,481,5140,116,242]",c597c95eefea3163d47cd85009626116f587e869098b56faf3a052167bcfb1c4,631,True,False,130
WIKIPEDIA,638,,"[19,128514,220,17,18,32077,33704,54825,126673,34395,28002,28754,42039,220,16,16,18,137104,7,138374,126216,32077,49052,220,16,16,19,137104,8,37195,254,19391,94613,51876,382,55054,124873,715,220,16,20,24,19,126216,481,62071,17,125625,125834,126524,128808,60716,65865,95996,126835,624,220,16,22,15,17,126216,481,23872,97,83518,137078,12802,126440,124785,74884,243,42039,132377,80901,129330,624,220,16,24,16,22,126216,481,73077,24897,72553,62071,124785,12802,132662,19391,128605,124973,124546,129400,126550,17877,129296,129709,129330,624,220,16,24,16,24,126216,481,136905,56475,61298,32831,93701,29326,29281,63089,28733,126702,624,220,16,24,20,17,126216,481,132662]",743928beccf343d9955d6da9e90d73bae3e5b79b30d1ab5600b0c0d676d5a5bc,638,True,False,131
WIKIPEDIA,641,,"[19,128514,220,17,21,32077,33704,54825,126673,34395,28002,28754,42039,220,16,16,21,137104,7,138374,126216,32077,49052,220,16,16,22,137104,8,37195,254,19391,94613,51876,382,55054,124873,715,220,16,24,17,21,126216,481,132662,12,126445,133738,24897,3315,109,226,125054,129640,29281,48364,112,88781,13,132662,19391,128605,84255,133738,24897,20401,62071,16,125625,133196,60960,65865,3315,109,226,125054,18411,220,19,15,127475,34143,105,60294,17380,130729,29281,129330,624,220,16,24,20,18,126216,481,130092,65865,131833,20401,36055,56290,7,94375,79599,8,128355,36055,65865,7,94375,105488,8,17877,130679,62071,16,17,18,125625,36055,65865,129640,55902,129238,134379,19969]",f617901d9e47bfa5c3c255cf6b8d076e4c088f65b96662f8d57306ba0317cb8f,641,True,False,132
WIKIPEDIA,648,,"[23,128514,220,20,32077,33704,54825,126673,34395,28002,28754,42039,220,17,16,22,137104,7,138374,126216,32077,49052,220,17,16,23,137104,8,37195,254,19391,94613,51876,382,55054,124873,715,220,16,18,24,17,126216,481,61298,126641,47985,56475,23084,32831,124781,19391,124970,96137,65510,125519,130270,124785,13,126429,125476,20401,129359,23259,23084,32831,124781,19969,125466,126345,137078,17877,79302,239,80901,135298,34395,134583,74884,243,42039,77002,131529,82190,136331,65510,125519,12802,129804,124973,47324,18411,40720,129330,624,220,16,24,15,22,126216,481,129093,54330,126616,80901,66845,129359,127148,11,124459,108,66845,33883,85057,19391,142654,20401,125149,40853,135402,20487,624,220,16,24,17,17]",36e22f8a2e9057d4b495821c98cc2a3584a35333ffe0cac978d669e8d7fd2dc5,648,True,False,133
WIKIPEDIA,649,,"[23,128514,220,22,32077,33704,54825,126673,34395,28002,28754,42039,220,17,16,24,137104,7,138374,126216,32077,49052,220,17,17,15,137104,8,37195,254,19391,94613,51876,382,55054,124873,715,220,16,24,15,18,126216,481,132662,53900,80573,12802,54330,91043,137666,144409,126746,26698,81173,132618,20401,129242,56039,23573,31328,137438,31328,128753,125496,61741,95996,129704,198,220,16,24,15,21,126216,481,65510,125519,11,62107,124785,135968,127421,25715,65510,125535,19391,35509,43866,624,220,16,24,19,20,126216,481,128605,37087,124785,46832,102,130640,11,83556,37087,129413,126333,20487,20401,124459,108,31328,23084,40281,19969,10764,252,230,17380,29326,125544,56475,129093,25715,69441,255,135356]",d0e7f713cbe6f45dadbcc6dfca336a816f7945c1e616952710d3b8fbf1e8f963,649,True,False,134
WIKIPEDIA,654,,"[23,128514,220,16,17,32077,33704,54825,126673,34395,28002,28754,42039,220,17,17,19,137104,7,138374,126216,32077,49052,220,17,17,20,137104,8,37195,254,19391,94613,51876,382,55054,124873,715,220,16,15,24,24,126216,481,62071,16,125625,28927,255,25715,129534,20401,140887,127048,65865,31328,48408,24897,144033,126605,56419,129924,19969,83556,31079,60315,13146,624,220,16,21,19,17,126216,481,126440,124785,26698,48364,255,124546,47985,47455,223,79632,95996,126835,624,220,16,23,20,16,126216,481,130902,67511,51391,144231,28927,109,92192,19969,129242,135402,139982,19391,128605,127820,131976,18411,79302,119,13146,624,220,16,23,22,22,126216,481,48408,55054,126445,46832,222]",6d158e47da8cd29199b10c06d1f754ce9bd95e23a4d8ed2470e28447fde32623,654,True,False,135
WIKIPEDIA,664,,"[23,128514,220,17,15,32077,33704,54825,126673,34395,28002,28754,42039,220,17,18,17,137104,7,138374,126216,32077,49052,220,17,18,18,137104,8,37195,254,19391,94613,51876,382,55054,124873,715,220,21,21,15,126216,481,22042,109,37087,20401,46832,102,85057,132466,56475,22042,109,37087,129534,53680,128753,50340,129534,136541,19391,46832,102,85057,132466,56419,129924,19969,95996,126835,129330,624,220,16,24,15,19,126216,481,90711,250,32077,126793,77596,94,127148,129044,11,37064,97,29326,127148,77002,11,90711,250,32077,137438,31328,126310,21530,57160,47379,18411,83556,85251,61741,17380,73523,141676,624,220,16,24,19,20,126216,481,62071,17,125625,133196,60960,65865,25,126291]",cb7f8ba3800491daee93c748b5f931fc3cd2fb228ec2a1997e132adbac61ff9a,664,True,False,136
WIKIPEDIA,682,,"[24,128514,220,23,32077,33704,54825,126673,34395,28002,28754,42039,220,17,20,16,137104,7,138374,126216,32077,49052,220,17,20,17,137104,8,37195,254,19391,94613,51876,382,55054,124873,715,220,16,18,23,15,126216,481,3315,123,101,28002,129695,41671,65865,129924,56475,5140,253,105,29326,52959,19969,10764,224,113,125625,81133,23573,124785,17877,23894,102,126793,198,220,16,23,20,23,126216,481,125149,144071,62071,124785,48108,116,130472,13,136331,58677,47985,16560,126440,124785,28927,251,125496,21329,17380,10764,236,116,43866,64119,13146,624,220,16,24,17,21,126216,481,64805,227,32077,11,138249,125568,144056,19391,35509,43866,198,220,16,24,19,16,126216]",41e9d373326bcec8d9323b7c26beb9143b4653530993f6ef31b7856f7dcbfbc8,682,True,False,137
WIKIPEDIA,689,,"[24,128514,220,16,20,32077,33704,54825,126673,34395,28002,28754,42039,220,17,20,23,137104,7,138374,126216,32077,49052,220,17,20,24,137104,8,37195,254,19391,94613,51876,382,55054,124873,715,220,21,21,23,126216,481,126322,17380,125544,62071,124785,46832,102,37087,3315,121,246,24897,135356,24897,220,17,41429,19969,23084,136068,28002,52959,44518,50340,141571,55054,20401,65722,243,125086,56475,23872,242,136999,64795,129330,624,220,16,23,18,20,126216,481,62099,108,24897,49367,144214,12802,74361,226,73986,83291,91043,19969,16778,230,50340,126793,34395,24897,62071,47985,19391,129392,135375,129330,624,220,16,24,16,21,126216,481,62071,16,125625,133196,60960,65865,25,77596]",2c732471788e85a39e2dbfafea6066be1010c083143fc5af3d509cdb1162eb4b,689,True,False,138
WIKIPEDIA,690,,"[24,128514,220,16,21,32077,33704,54825,126673,34395,28002,28754,42039,220,17,20,24,137104,7,138374,126216,32077,49052,220,17,21,15,137104,8,37195,254,19391,94613,51876,382,55054,124873,715,220,16,23,16,15,126216,481,48108,243,29326,129695,11,79207,44680,236,246,31328,42039,126558,64805,227,126702,624,220,16,23,19,21,126216,481,65510,125519,81173,132618,20401,35509,144434,144041,32129,37087,31328,130508,66845,124873,12802,134583,131793,33861,56475,71647,128909,64119,13146,624,220,16,24,17,15,126216,481,132662,85413,242,141767,28626,28002,28626,619,1069,13,22954,4848,13,129238,55054,139274,56475,69441,255,135356,130229,60294,19969,133396,129330,198,220,16,24]",7024dd934ed0f35269e0b76c6af335d4de3480fecbe46e410a760b126d30a8bc,690,True,False,139
WIKIPEDIA,693,,"[24,128514,220,16,24,32077,33704,54825,126673,34395,28002,28754,42039,220,17,21,17,137104,7,138374,126216,32077,49052,220,17,21,18,137104,8,37195,254,19391,94613,51876,382,55054,124873,715,220,16,18,20,21,126216,481,22042,109,127041,226,56419,131833,25,10764,239,116,52959,131131,19391,56419,129924,56475,10764,251,239,86372,25715,90486,29346,130109,29346,19969,84255,133738,24897,129534,17877,23894,102,126793,198,220,16,21,15,19,126216,481,90486,47985,32985,231,63089,19969,141767,56039,127121,141571,50340,5140,96,234,40281,12802,64850,125149,126346,55902,31328,19391,129392,126524,55673,31328,137471,53900,63089,624,220,16,21,20,19,126216,481,43115,55902,47985,56475]",a7d91fc259b42bfadc34089455a7ce610e5bcdbcc88bd3dec08a32f354d497d6,693,True,False,140
WIKIPEDIA,702,,"[24,128514,220,17,23,32077,33704,54825,126673,34395,28002,28754,42039,220,17,22,16,137104,7,138374,126216,32077,49052,220,17,22,17,137104,8,37195,254,19391,94613,51876,382,55054,124873,715,220,16,15,21,21,126216,481,127042,125548,72553,31328,20401,16235,231,83291,136499,29346,36055,97834,25,36055,97834,137078,37064,234,28002,134929,12802,220,21,15,15,57026,48364,247,20401,73669,18411,23084,142875,34395,16235,231,83291,136499,29346,18411,90711,101,138279,129330,624,220,16,20,24,23,126216,481,43115,55902,124657,127148,55054,36055,20487,144488,20401,65510,125519,129534,12802,44518,125544,134133,129534,20401,32129,129034,34395,132818,98869,80901,126204,23872,120,35530,17877,129423,124528]",55c0dc356ab1f47166c8d1c61e1af69c3c1ac459b835ae02d834eb873f3fd88b,702,True,False,141
WIKIPEDIA,707,,"[16,15,128514,220,19,32077,33704,54825,126673,34395,28002,28754,42039,220,17,22,22,137104,7,138374,126216,32077,49052,220,17,22,23,137104,8,37195,254,19391,94613,51876,382,55054,124873,715,220,16,23,20,18,126216,481,143230,131293,56419,131833,95996,126835,624,220,16,23,24,15,126216,481,132662,37064,57160,225,222,54330,36978,108,144208,124546,47985,64850,11,136605,13146,125746,37087,69441,238,21329,624,220,16,24,20,20,126216,481,138373,125466,85057,64795,220,22,20487,220,21,126402,65865,61741,7,133085,66845,8,59761,128215,94825,120,16,16,32077,1215,366,133084,124517,129640,57089,56290,20401,126674,19391,130207,82619,20401,29,3315,109,226,127919]",83b0d12ebb64784df4aa8b2f018cffae0990c970fc5c6cb14cefc838dac109dd,707,True,False,142
WIKIPEDIA,714,,"[16,15,128514,220,16,16,32077,33704,54825,126673,34395,28002,28754,42039,220,17,23,19,137104,7,138374,126216,32077,49052,220,17,23,20,137104,8,37195,254,19391,94613,51876,382,55054,124873,715,220,16,24,16,21,126216,481,83556,37087,130262,126333,20487,25,22042,243,126402,142793,11,129093,134836,124546,18411,130847,13146,624,220,16,24,21,23,126216,481,48408,144087,17380,94203,127324,81173,132618,20401,126310,31328,40281,54330,125519,31328,48408,144087,17380,220,22,47324,19969,95996,55054,132306,624,220,16,24,24,21,126216,481,43115,37087,129640,28754,131570,20487,88259,19238,36,6484,8,220,17,24,137104,133662,124785,42039,35509,43866,624,220,17,15,15]",666ce2b3a716eba88799cdfb6b87301336850ac1b00fa54aa02768066f1c4732,714,True,False,143
WIKIPEDIA,720,,"[16,15,128514,220,16,22,32077,33704,54825,126673,34395,28002,28754,42039,220,17,24,15,137104,7,138374,126216,32077,49052,220,17,24,16,137104,8,37195,254,19391,94613,51876,382,55054,124873,715,220,16,24,21,21,126216,481,63332,142852,80573,60315,11,126310,136233,35509,43866,198,220,16,24,22,17,126216,481,128605,125496,124785,20401,22042,243,29281,125969,136774,12802,220,16,15,128514,126310,82528,17877,129400,124528,77953,624,220,16,24,22,23,126216,481,136293,23872,120,24897,141571,83036,128753,55054,19391,129392,92817,10764,252,230,124419,126896,77002,362,128911,56419,130765,220,16,19,79632,12802,73986,134372,28002,19391,20136,102,55054,64119,13146,624,220]",090b9d60dfcc902c1a19d8e8f4a7bbe12e9bc54adaffabe0a25b3b9548b8fd2b,720,True,False,144
WIKIPEDIA,722,,"[16,15,128514,220,16,24,32077,33704,54825,126673,34395,28002,28754,42039,220,17,24,17,137104,7,138374,126216,32077,49052,220,17,24,18,137104,8,37195,254,19391,94613,51876,382,55054,124873,715,220,21,16,20,126216,481,127048,130803,48408,124419,57268,13146,129283,220,16,41429,11,220,21,23,66845,71015,125544,127048,130803,42039,131565,93701,624,220,16,24,19,23,126216,481,62071,54330,220,19,13935,18,138629,126616,138771,17877,126352,63089,23573,124973,129534,220,16,19,125568,66845,19969,5140,112,231,20487,129330,13,320,57026,23259,13935,130237,129034,138629,340,220,16,24,20,15,126216,481,128605,125496,124785,20401,124973,129534,12802,65510,125519,125496,54330]",3d992b6dc00636c8133a2e85294a121430305dc3f46adff93cfffe70e84698c2,722,True,False,145
WIKIPEDIA,725,,"[16,15,128514,220,17,17,32077,33704,54825,126673,34395,28002,28754,42039,220,17,24,20,137104,7,138374,126216,32077,49052,220,17,24,21,137104,8,37195,254,19391,94613,51876,382,55054,124873,715,220,18,21,17,126216,481,95170,131131,34992,44680,223,105,74884,116,144527,19391,64521,11,34143,44680,62544,126730,20401,48408,144087,17380,128753,65865,12802,126488,19969,55054,20401,23573,46832,242,57132,17380,126291,125086,133381,624,220,19,20,16,126216,481,90711,120,136133,136841,125466,20401,61741,19969,142104,20401,128753,32831,53680,58677,32831,33704,128618,28002,132553,127728,130822,130213,20401,90711,120,136133,136841,128753,92817,18411,131582,128753,32831,53680,58677,137032,36055,82528,128552,83556,59698]",80c6c9eac9f6761896e07768b0af19f9eb2924265c5be8dc0b54c11b83fe496b,725,True,False,146
WIKIPEDIA,729,,"[16,15,128514,220,17,21,32077,33704,54825,126673,34395,28002,28754,42039,220,17,24,24,42044,7,138374,126216,32077,49052,220,18,15,15,137104,8,37195,254,19391,94613,51876,382,55054,124873,715,220,16,20,24,22,126216,481,36055,125522,57132,129804,140730,23084,130237,82528,129359,129534,12802,65722,116,133485,87608,83556,66845,56475,136293,129534,17877,23894,102,141008,29326,144689,13,320,79632,131837,66845,144536,340,220,16,23,21,21,126216,481,84255,133738,24897,20401,65510,125519,90711,101,138279,11,30520,239,31328,126345,35711,70943,53435,23259,85057,32831,65865,129924,133396,624,220,16,24,15,20,126216,12,127121,125548,144025,12802,19969,141767,144025,144402,56475,64805,227]",4e11a24133e9ae09dff252e86c2b1e216f4f9b24e83d72dddd441dbe8ed43c0a,729,True,False,147
WIKIPEDIA,736,,"[22,128514,220,24,32077,33704,54825,126673,34395,28002,28754,42039,220,16,24,15,137104,7,138374,126216,32077,49052,220,16,24,16,137104,8,37195,254,19391,94613,51876,382,55054,124873,715,220,16,15,24,24,126216,481,220,16,20,11,15,15,15,79632,20401,124459,114,54330,129807,62071,16,125625,28927,255,25715,129534,12802,95617,126746,136999,144436,19391,38150,32831,128836,624,220,16,23,16,21,126216,481,48408,125548,144745,131131,60315,19969,79207,44680,236,246,31328,42039,126558,64805,227,126702,128836,624,220,16,24,20,20,126216,481,126310,134798,125568,128747,12802,126310,134798,125160,128747,129242,125991,32831,56290,18411,130679,79207,44680,234,234,81133,143128,61741]",e09244114790b8733928a8ec83cdfb0ad3fb8d745b13afcd2b5adce2a5271643,736,True,False,148
WIKIPEDIA,741,,"[22,128514,220,16,19,32077,33704,54825,126673,34395,28002,28754,42039,220,16,24,20,137104,7,138374,126216,32077,49052,220,16,24,21,137104,8,37195,254,19391,94613,51876,382,55054,124873,715,220,16,22,23,24,126216,481,84255,133738,24897,47455,223,79632,549,81718,24897,131131,125522,129423,142642,12802,50972,132772,64119,13146,624,220,16,24,18,18,126216,481,64805,227,32077,56475,73518,59698,125834,17877,62071,128792,23573,36055,64795,12802,126785,42039,40771,230,21329,64119,13146,624,220,16,24,20,23,126216,481,23084,50340,81133,74884,243,124785,12802,60716,49543,134521,13146,624,220,17,15,15,15,126216,481,57835,139139,126691,126429,126299,47985,17380,77353,144165]",cfa1ea9e7aebc334528bd731c352bc8aacefd08cf0ed39347fd8fadfcf7ea3e3,741,True,False,149
WIKIPEDIA,757,,"[22,128514,220,18,15,32077,33704,54825,126673,34395,28002,28754,42039,220,17,16,16,137104,7,138374,126216,32077,49052,220,17,16,17,137104,8,37195,254,19391,94613,51876,382,55054,124873,715,220,21,20,22,126216,481,127048,130803,73986,136068,28002,52959,127121,11,220,22,21,66845,71015,125544,127048,130803,42039,131565,93701,624,220,22,21,17,126216,481,81718,48606,13146,29346,19969,130270,125624,64119,13146,624,220,16,24,20,17,126216,481,20633,3540,19969,5140,96,102,144341,63089,125548,81133,18411,20633,3540,20401,16235,226,29326,129238,63089,17380,66790,29281,129330,624,220,16,24,22,23,126216,481,136293,142209,92120,60315,80573,126407,20401,129392,17380,125206]",b40c9abe8c6e64db44f0875b8da50c88e42b3a1723ce28c2c3e798e5b84bea91,757,True,False,150
WIKIPEDIA,767,,"[20,128514,220,16,16,32077,33704,54825,126673,34395,28002,28754,42039,220,16,18,16,137104,7,138374,126216,32077,49052,220,16,18,17,137104,8,37195,254,19391,94613,51876,382,55054,124873,715,220,18,18,15,126216,481,73986,144012,131131,133914,12802,3315,121,246,24897,135356,131131,127121,144087,28002,24897,17380,86034,12802,81718,144194,13146,624,220,24,16,17,126216,481,125214,144114,85057,125932,7,57089,17380,125544,62071,124785,17935,144135,144114,85057,125932,19969,126322,17380,125544,62071,124785,20401,46832,102,37087,19969,97143,13146,624,220,16,24,20,20,126216,481,44518,93672,125544,126746,47324,90711,101,136671,32129,34395,133396,42039,220,16,21,23,79632,32129,130472,624]",e9dfb7c347820478b3f3589a1a3782a8fcacfeace8f0cfbb447c30de4c8ba316,767,True,False,151
WIKIPEDIA,770,,"[20,128514,220,16,19,32077,33704,54825,126673,34395,28002,28754,42039,220,16,18,19,137104,7,138374,126216,32077,49052,220,16,18,20,137104,8,37195,254,19391,94613,51876,382,55054,124873,715,220,16,17,21,19,126216,481,126440,124785,20401,89860,76337,24897,56475,36978,121,128808,125548,80573,10764,245,101,28002,220,18,41429,136541,19391,5140,96,101,12802,24897,56419,129924,19969,95996,126835,128836,624,220,16,21,16,15,126216,481,84255,133738,24897,5140,96,101,12802,220,16,18,41429,11,84255,133738,24897,124973,137078,42039,132377,80901,624,220,16,21,19,18,126216,481,5140,96,101,12802,220,16,19,41429,11,84255,133738,24897,124973,137078,42039]",38cd436966846be77faea5191e08bfa5088e044bce9e1af85b082c2c15103ca6,770,True,False,152
WIKIPEDIA,771,,"[20,128514,220,16,20,32077,33704,54825,126673,34395,28002,28754,42039,220,16,18,20,137104,7,138374,126216,32077,49052,220,16,18,21,137104,8,37195,254,19391,94613,51876,382,55054,124873,715,220,17,17,16,126216,481,126310,70582,19969,61298,60315,50340,20401,94203,130766,124785,125866,64577,141676,23573,3315,112,231,23573,17877,130270,126702,11,141769,46832,102,37087,93701,17877,129296,129709,129330,624,220,16,24,20,21,126216,481,128605,125496,124785,62071,18,66845,136774,19391,23084,130766,72553,11,62071,19,66845,85403,125160,126691,19391,129359,32290,12802,136905,134990,29326,70943,128205,125118,8620,112,239,40853,56475,126804,126317,131565,93701,76337,17877,130127,11,125466,76337,16235,226]",2f6199b66a62e81cde98789ff1c0228648aa05fb3bf1db266ebdde85289d0da1,771,True,False,153
WIKIPEDIA,772,,"[20,128514,220,16,21,32077,33704,54825,126673,34395,28002,28754,42039,220,16,18,21,137104,7,138374,126216,32077,49052,220,16,18,22,137104,8,37195,254,19391,94613,51876,382,55054,124873,715,220,17,16,23,126216,481,90711,112,50340,144033,50340,20401,124685,132125,83036,37064,101,28002,52959,64805,242,60315,20401,126322,76435,31328,37064,101,28002,52959,126932,55054,16368,69745,11331,22371,8,19969,95577,81133,28002,131903,24897,18411,62071,92192,126204,24485,246,50340,19969,126835,126746,24897,18411,71015,125544,20401,46832,102,37087,17380,57835,66845,128836,624,220,16,21,15,20,126216,481,127048,130803,81718,57268,17380,220,20,41429,19969,220,17,18,18,66845,71015,125544,127048]",e1a4fec19d4d3412ec22c6386d080eb3c32cf85bfe71a456d9fa9b44a9eb0c73,772,True,False,154
WIKIPEDIA,777,,"[20,128514,220,17,16,32077,33704,54825,126673,34395,28002,28754,42039,220,16,19,16,137104,7,138374,126216,32077,49052,220,16,19,17,137104,8,37195,254,19391,94613,51876,382,55054,124873,715,220,16,23,22,16,126216,481,54969,28002,129695,145226,19391,128605,36055,63089,129534,20401,126616,138771,93721,624,220,16,24,15,15,126216,481,139963,65306,54330,57132,74884,116,124546,125068,11,48364,255,29281,63089,126327,124970,56290,125068,17877,24485,226,126614,125511,126616,138771,82190,55673,126054,135797,77953,198,220,16,24,18,23,126216,481,220,18,15,79632,12802,127166,33883,52300,3315,241,108,89659,125544,138629,12802,83556,31079,138097,13146,198,220,16,24,19,15]",9c4cb25f550fb6ee4d14f19ed08efa3d5b1216dd09527c69e919c5e196b7bfdc,777,True,False,155
WIKIPEDIA,778,,"[20,128514,220,17,17,32077,33704,54825,126673,34395,28002,28754,42039,220,16,19,17,137104,7,138374,126216,32077,49052,220,16,19,18,137104,8,37195,254,19391,94613,51876,382,55054,124873,715,220,16,23,15,24,126216,481,56419,129924,140887,5140,239,246,83666,129378,73077,53189,28002,52959,20401,90711,112,18411,60960,78125,12802,48408,24897,144380,12,19391,139039,136849,56419,129924,56475,73518,144087,126673,144547,20401,84255,133738,24897,129534,17877,23894,102,126793,624,220,16,24,18,24,126216,481,73518,59698,64805,227,32077,53680,23084,136068,28002,52959,74884,243,124785,11,129413,131573,65510,125535,48364,112,88781,624,220,16,24,21,15,126216,481,90711,254,126673,56475]",d53be1061a4ff0e5a610b69774424ff5fcf420047caa2f68aa6147d55dfb1d47,778,True,False,156
WIKIPEDIA,787,,"[21,128514,220,17,32077,33704,54825,126673,34395,28002,28754,42039,220,16,20,18,137104,7,138374,126216,32077,49052,220,16,20,19,137104,8,37195,254,19391,94613,51876,382,55054,124873,715,220,19,20,20,126216,481,63757,129062,129704,20401,71015,125544,90711,101,78125,42039,5140,254,230,57268,220,16,41429,80573,35509,12802,41429,28002,81133,19969,98005,125786,129330,624,220,16,23,24,22,126216,481,95577,81133,127819,116,144025,135227,5140,231,112,138081,125569,139287,66790,19391,3369,95218,3315,96,121,48431,19391,130207,54116,136294,143231,45130,120,40853,52300,71108,527,130939,54116,34395,129330,624,220,16,24,19,21,126216,481,23084,136068,28002,52959,19969,135138,129924]",012e5a6ecb88e47c7325e06d20e0e1cc61fe7a278a137a7cc4144b4e9bdf1315,787,True,False,157
WIKIPEDIA,791,,"[21,128514,220,21,32077,33704,54825,126673,34395,28002,28754,42039,220,16,20,22,137104,7,138374,126216,32077,49052,220,16,20,23,137104,8,37195,254,19391,94613,51876,382,55054,124873,715,220,16,20,17,18,126216,481,58777,141274,131196,220,16,41429,81718,55054,19969,141767,144025,144402,124973,137078,42039,132377,80901,128836,624,220,16,24,17,15,126216,481,134583,141479,11,62107,54330,56475,127165,120,144146,25715,56419,129924,19969,98358,88781,64119,13146,13,54825,37195,254,73077,65865,5140,112,231,57268,57089,56419,129924,19969,47665,234,31079,83277,220,16,11,17,15,15,79632,20401,64805,227,126702,129534,77353,128747,63089,66845,80573,220,20,11,15,15,15]",8a9aa4db571bb68d3da73011ba8afbfa69f58d1eabc47cf825e08a7251f4f3e2,791,True,False,158
WIKIPEDIA,795,,"[21,128514,220,16,15,32077,33704,54825,126673,34395,28002,28754,42039,220,16,21,16,137104,7,138374,126216,32077,49052,220,16,21,17,137104,8,37195,254,19391,94613,51876,382,55054,124873,715,220,16,24,15,16,126216,481,77596,238,51588,12802,136293,42039,32985,251,79632,128836,198,220,16,24,17,21,126216,481,65510,125519,140887,16235,226,125052,31328,143802,126337,20401,129359,131000,32077,31328,220,21,128514,220,16,15,32077,19391,220,21,13935,16,15,62107,41429,136913,12802,83556,31079,131793,624,220,16,24,19,15,126216,481,47665,254,126781,68232,65865,25,127042,125548,144025,12802,19969,64805,227,32077,19391,142654,97834,129330,624,220,16,24,23]",c8af3a6b7afcef3ea5a88e2a211fb32b84d5b94443300dae5c48da4351d7f425,795,True,False,159
WIKIPEDIA,798,,"[21,128514,220,16,18,32077,33704,54825,126673,34395,28002,28754,42039,220,16,21,19,137104,7,138374,126216,32077,49052,220,16,21,20,137104,8,37195,254,19391,94613,51876,382,55054,124873,715,220,16,23,21,18,126216,481,132662,129624,131226,65865,131833,70943,98927,131131,134133,79004,48606,56419,126346,25,659,17,125625,37064,230,49543,24897,33861,56419,129924,320,3968,220,21,128514,220,16,20,32077,340,220,16,23,22,23,126216,481,5140,253,105,29326,52959,12,144398,125548,81133,56419,131833,20401,65510,29281,17877,130679,47665,254,18411,129807,98005,20401,47326,22,128514,220,16,18,32077,8,19969,143497,64119,13146,624,220,17,15,15,15,126216,481]",86da8898d9b08c1e3b2d39697e00190141f597ecad9df966b1577afee65c31eb,798,True,False,160
WIKIPEDIA,801,,"[21,128514,220,16,21,32077,33704,54825,126673,34395,28002,28754,42039,220,16,21,22,137104,7,138374,126216,32077,49052,220,16,21,23,137104,8,37195,254,19391,94613,51876,382,55054,124873,715,220,16,18,24,22,126216,481,65510,125519,11,126804,47985,20401,30520,239,125544,47985,126550,37087,55054,7,99807,104849,71268,105548,43316,32555,8,18411,46682,126898,34395,126804,126616,7,101759,255,8,19391,48364,101,126550,37087,55054,7,58899,231,105548,43316,32555,8,18411,134739,134002,13,320,48431,28754,220,20,128514,220,17,16,32077,340,220,16,20,24,17,126216,481,38523,98,128808,60716,65865,12802,83556,31079,138097,13146,624,220,16,23,19,21,126216]",3920938eaae54fbf9b6b765453fe30c91543c16feaf6302ca43d1b163b0fa323,801,True,False,161
WIKIPEDIA,808,,"[21,128514,220,17,18,32077,33704,54825,126673,34395,28002,28754,42039,220,16,22,19,137104,7,138374,126216,32077,49052,220,16,22,20,137104,8,37195,254,19391,94613,51876,382,55054,124873,715,220,16,18,15,20,126216,481,84255,133738,24897,80573,142509,234,126673,144276,16778,226,19391,48408,131131,140017,125548,57268,125548,54330,4346,574,67706,12,2195,709,8,56475,69441,231,56290,65510,125535,12802,32985,118,31079,141798,624,220,16,18,16,19,126216,481,16235,231,83291,136499,29346,20401,90486,29346,130109,29346,220,17,41429,80573,141767,129695,139982,136499,29346,20401,71015,79004,28626,220,16,41429,16778,226,19391,47665,254,144067,42044,56419,129924,19969,47665,234,31079]",21dcd561d3bfb76fbd9ebb50532f4601c8a4b93b48ba33011ca4c31b82db831a,808,True,False,162
WIKIPEDIA,812,,"[21,128514,220,17,23,32077,33704,54825,126673,34395,28002,28754,42039,220,16,22,24,137104,7,138374,126216,32077,49052,220,16,23,15,137104,8,37195,254,19391,94613,51876,382,55054,124873,715,220,21,22,23,126216,481,127048,130803,48408,19969,129283,11,220,22,24,66845,71015,125544,127048,130803,42039,131565,93701,624,220,16,23,19,16,126216,481,48408,133485,126445,134582,97,18411,125548,48408,125786,20401,95996,126673,139822,220,26940,21329,144520,25067,12802,83315,125568,64119,13146,624,220,16,24,16,19,126216,481,62071,16,125625,133196,60960,65865,25,73077,53189,28002,52959,12,145137,19969,28002,62071,124785,20401,46832,102,86372,25715,10764,236,246,125548,89235,126588]",b6715200ab7022461a2f49cacbd1add201462616224a58725777f4a3256b1d8c,812,True,False,163
WIKIPEDIA,814,,"[92817,26699,20487,7,116381,101018,252,74046,11,220,16,24,18,21,126216,220,17,128514,220,16,19,32077,3968,220,17,15,17,16,126216,220,24,128514,220,16,19,32077,8,16560,128605,125496,124785,20401,73523,82528,124546,715,57026,20401,47985,143802,97834,48431,132897,20401,134952,55054,125489,13,133196,81173,66845,127048,61741,31328,83518,20401,47985,130237,97834,48431,132897,18411,57852,126702,126063,34395,11,129093,17380,87608,55054,17380,129242,125545,126402,220,17,15,17,16,126216,220,24,128514,220,16,19,32077,11,220,16,126216,57026,19391,131961,131344,5140,229,234,69923,144009,17380,10764,230,105,127148,126402,136905,66845,142197,56475,134976,17877,5140,244,254,138097,13146]",1f2fa2a8e7f2be6cbe3277ec76427270e5fe0c57b7295eeef47b059eb41bcddb,814,True,False,164
WIKIPEDIA,817,,"[125522,134798,7,11,1154,1154,873,33704,60960,144399,70943,125703,17380,11,124657,144303,85057,144026,53680,3315,118,227,129616,24897,85057,144026,11,124657,144303,130262,11,90711,112,24897,129262,33883,11,10764,251,239,33883,80573,90486,57801,33883,20401,133553,130105,17877,128618,23259,126691,42039,53900,57026,48408,29326,52959,80573,58777,79716,23573,131937,17877,83556,145184,16560,13146,382,131226,132064,42039,16560,139963,131529,33883,11,89860,132064,42039,16560,60960,26698,126345,11,129624,132064,42039,16560,66790,126402,33883,11,126322,131793,132064,42039,16560,10764,251,239,33883,80573,54825,80573,73986,143719,23573,133553,130105,53680,95577,54330,51876,13,130549,131367,43115,124781,16560,45130,120,92192,20401,126429,65865,126429,66845]",f94927d5fba6da679537d0b89e1f022227dfa9ade23d64b51faab5baf497aef4,817,True,False,165
WIKIPEDIA,820,,"[130109,144108,94152,422,727,13,368,16560,132662,20401,134013,125489,13,36055,76337,130345,141676,33704,89095,105,125894,70582,52959,134990,88259,368,125489,13,65510,21329,85413,234,144108,94152,53680,143230,28002,24897,124154,57160,235,120,3315,121,250,125894,79004,24897,56475,86034,17877,88846,141438,13,132662,133487,55673,130612,77596,235,87425,127728,64805,227,126702,126174,29281,58777,126346,125489,13,65699,223,125590,11,138249,128552,32985,231,130262,23573,136994,80968,126440,129321,28754,64521,133196,129392,29326,136262,11,40771,230,128024,27767,120,33861,135979,47985,127840,137032,5140,228,240,13146,13,134013,135979,54116,66019,137531,57852,124781,52300,94203,127324,47985,29326,13146,382,130109,144108,94152,422,727,13,16560]",f91336fe21d559a436a772475fd6f3ad192a5f93986043a5283f00a6d50cce39,820,True,False,166
WIKIPEDIA,821,,"[125568,131529,7,99312,107418,8,129549,134312,117,7,107418,8,33704,73669,40281,19969,125149,66845,129359,59698,92817,79632,48431,131893,136357,129392,133914,17877,135839,77353,69923,131958,66790,47985,136646,126804,125822,19391,124970,96137,77353,131777,53900,57026,92751,127906,126327,63332,132044,98358,128747,95617,125880,125489,382,125568,20487,20401,130213,33704,23872,94,92031,320,31328,126251,19391,124970,96137,77353,20487,128841,138629,8,42039,26698,125206,32077,64119,124905,11,23872,94,92031,33704,36978,229,73523,20401,32985,231,7,99710,8,42039,58777,79716,130357,11,32985,231,33704,131170,36978,229,73523,20401,129359,7,74167,8,42039,125674,79716,128993,125703,20401,134312,117,17877,141965,32831,126204,90686,13,136239,42039,26698]",d6a699312f7c99006a1ef76bdef3b1f700636af5a0a3d07b76bf1c9bde167835,821,True,False,167
WIKIPEDIA,826,,"[28002,83036,21329,8797,424,8,16560,126440,31079,17380,1036,144009,125160,854,129549,1036,124781,41671,854,129804,5140,250,119,125489,382,56983,83036,130974,128753,32077,135363,20401,62107,56290,125489,624,56983,83036,130974,45710,62107,56290,18411,81718,144059,42039,62107,81676,128605,125496,124785,20401,73986,89235,57268,98927,93701,44518,28002,134133,125489,624,56983,83036,130974,73986,89235,57268,98927,93701,44518,28002,134133,20401,48364,104,143586,125489,624,56983,83036,21329,3126,84462,424,3126,692,131380,12802,138540]",391a4862f60d3c0fc5855d707348c111bc7665fb6670d7cbbe20f5365ad8341f,826,True,False,168
WIKIPEDIA,843,,"[129640,54330,139822,7,101795,101477,100036,701,129549,3315,121,246,49543,125548,129283,368,16560,92751,126407,131893,125068,12802,47455,239,54330,23872,227,20487,64805,227,54330,25715,1141,10011,380,8,80573,129676,77353,54330,42905,89860,126345,126429,65865,16751,234,131893,42039,11,23872,227,139822,20401,61298,141965,76337,125489,13,133857,129378,132989,42905,364,129640,54330,139822,6,33704,130737,81133,44518,66845,19391,20136,102,54330,47455,239,54330,139822,53680,129676,133396,134002,13,20136,102,54330,47455,239,54330,139822,33704,130737,81133,44518,66845,19391,124973,23573,64119,125590,11,47455,239,54330,139822,33704,133857,129378,130612,16751,234,131893,56475,136361,66790,80901,18411,129882,21329,126204,90686,13,140094,220,18]",9c355c75f43d9e4348774df369cc0a0a04a88ae514f372716c418d21d2db87f5,843,True,False,169
WIKIPEDIA,844,,"[89659,88259,7,99924,77959,11,873,16560,129419,10764,39834,12802,23872,120,88259,78125,53680,23872,120,88259,74808,130472,12802,11,23872,120,88259,131522,60294,131196,18411,40720,33883,79207,117,133087,18411,23894,101,126746,16560,58777,20487,98358,87608,125489,13,23872,120,88259,43115,20487,20401,81173,126337,128533,134952,126414,16560,10764,230,105,135444,126365,246,130974,125466,17877,74361,222,130427,74808,130472,12802,17380,74361,222,126614,96137,11,66136,89659,20401,126804,8620,120,255,140847,126333,19391,5140,228,241,57026,64521,5140,96,101,7,44726,246,11,5351,8,18411,130593,22042,253,33704,5140,240,97,140887,42039,142786,11,132377,129238,126746,7,21894,44726,246,11,5379,30303,8,18411]",24ed172c7ecf056e5fb94480ba353e914e81e8f6f12c031fb850650350b3fcaf,844,True,False,170
WIKIPEDIA,846,,"[126299,125786,7,99979,107913,8,33704,95617,138020,61298,125713,120,129704,137602,130592,56475,131508,136541,56475,65553,238,28002,126254,82190,83277,26698,124459,111,31079,85251,124685,88259,17380,56419,33883,130974,126254,125489,13,23894,102,129709,7,33983,77144,8,129835,16235,254,129709,7,121638,77144,8,53680,126310,55054,129330,13,77596,235,125786,33704,54825,77596,235,125786,12802,125206,26699,128841,140429,49543,20401,124970,76337,58777,92817,18411,63757,125144,66425,129147,139957,31079,124632,129835,53435,56290,31328,97929,124632,77002,56475,131698,60960,55902,42039,130966,127165,120,34395,90686,13,53435,124632,143586,130612,130966,77002,40853,51876,382,127027,715,35509,16560,37195,254,12802,129359,129378,125489,198,129624,20401,16235,242]",37b39f81982b2a61ad1564e764471dc1fa660667a9a6e08cf0d6fe62acb8cc72,846,True,False,171
WIKIPEDIA,868,,"[125144,124785,20401,124459,108,54330,134952,49664,33704,54825,135152,28626,131196,28002,98933,74884,243,124785,126558,54825,135152,28626,131196,28002,98933,139963,52959,32077,136499,29346,77353,128747,74884,243,124785,7,125144,124785,8,20401,124459,108,54330,129125,49367,126746,34395,90686,13,220,16,21,15,18,126216,16235,231,83291,136499,29346,74884,243,124785,20401,24485,246,28002,25715,132947,24897,220,16,41429,19969,32129,130472,23573,94315,11,141767,129695,139982,136499,29346,74884,243,124785,20401,62071,93701,24897,220,21,41429,19969,16235,231,83291,136499,29346,20401,74884,243,80901,18411,23084,31079,132872,52959,62071,93701,24897,220,16,41429,17380,132377,80901,134002,13,23084,131866,126558,220,16,22,15,22]",3385536d54d04c325fa80919ec69e7522836c72763493fe5d18134d33407ff69,868,True,False,172
WIKIPEDIA,869,,"[17,15,15,19,126216,33704,134952,35711,32077,17380,93721,42905,37064,97,126216,125489,382,55054,124873,715,220,16,128514,220,16,32077,481,127042,125054,126407,136774,33704,128753,126216,55054,56475,43115,37087,61741,97834,53680,125713,120,76435,126246,29281,19391,81173,125519,17877,49367,143353,34395,49367,144042,129330,624,220,16,128514,220,18,32077,481,23084,126886,28626,125713,120,62275,142654,78125,55054,142509,234,53442,29326,90486,31079,20401,63332,144306,220,22,18,22,56419,41429,136125,46832,235,33883,19391,57835,132772,11,74361,239,130766,25715,220,16,19,23,79632,12802,56419,54321,32129,130472,129330,624,220,16,128514,220,20,32077,481,85403,144457,89235,20401,94315,129924,129704,125149,40853]",12ebb4a33d82eccfa559376dbf70241aab8725302c16fed7e4fa697a4fc65c74,869,True,False,173
WIKIPEDIA,870,,"[23573,124785,33704,66790,128909,124632,55902,127165,108,21329,19969,124973,129283,20401,18585,230,126641,130408,17877,129882,21329,126204,132931,139963,132064,56475,129624,132064,42039,11,126322,132064,56475,89860,132064,42039,126429,126781,20401,129882,19969,28927,105,129330,13,128605,125496,124785,20401,126440,129283,31328,61298,126641,47985,19391,98987,23573,127165,108,70943,56475,130887,5140,228,240,33704,127165,108,33704,22042,109,126923,85057,136262,11,129624,23573,129889,61298,50340,85057,12802,130887,5140,228,240,13146,7,131793,23573,66136,144399,129889,66790,28002,85057,12802,130887,5140,228,240,13146,35334,127165,108,20401,126429,47985,16560,220,24,15,4,130408,12802,220,17,11,15,15,15,76,125714,72553,125489,13,133152]",6b8dba5750f8610c79bcaba280281a43b3ad568743017d354839e37139f99b4a,870,True,False,174
WIKIPEDIA,877,,"[43590,81133,50340,130229,24897,7,11,328,76946,11,54116,54321,65865,220,19,22,15,126216,43115,1365,54116,54321,65865,220,18,24,24,126216,220,20,128514,220,22,32077,8,16560,126429,66845,142103,20401,48364,254,124632,25715,125489,13,54116,54321,65865,220,19,21,24,126216,126429,66845,142103,48408,130229,126730,56475,74361,250,31079,60315,83556,76435,17877,48364,254,124632,20401,62071,126674,19391,130207,10764,228,254,126605,42039,83556,124780,23573,89860,126345,48364,254,124632,56475,48364,104,137104,58677,126251,17380,69441,231,19969,130357,90686,13,54825,20401,3315,96,121,48431,33704,48108,250,126673,129283,24897,11,126523,129283,24897,11,56983,139726,77002,19391,136009,364,82528,32831,54070]",284a4f7d0f3a2d29a0f1a36d7adbaa725f3800a8a75947953ee7bcdbacbf0283,877,True,False,175
WIKIPEDIA,878,,"[126402,56290,31328,125496,78125,56290,124785,368,1719,33704,126322,52959,29326,52959,19391,98987,23573,133152,125489,13,53989,226,57026,26698,138373,368,130939,47985,129112,382,23259,47985,16560,47665,254,12802,135946,29326,136262,11,81173,66845,129392,29326,16560,58034,16186,12802,29326,125489,13,23084,22042,244,20401,55673,35711,129392,29326,17380,16560,8620,112,239,126781,40281,29326,11,37195,250,135946,29326,11,44518,126246,29326,11,10764,239,116,126781,40281,29326,11,90711,255,13146,57268,29326,11,36330,102,141676,29326,46832,235,144400,77002,12802,90686,382,125722,66845,138373,129889,220,16,24,16,16,126216,135138,64795,36055,63089,19969,129901,144461,33509,60315,11,136994,80968,47455,120,129804,12802,23084]",0d6151c5c3680676c314e47ab963950aa102c0fb9a5c48b29d9b2292baf34043,878,True,False,176
WIKIPEDIA,881,,"[25715,125568,41671,65865,7,99795,32463,35987,11,873,33704,220,17,15,41429,20487,70943,126641,126558,18585,238,125625,17380,73986,126402,17877,131670,10764,228,254,126605,130357,62071,20487,52300,130592,51588,37087,20401,125703,125489,13,141526,66845,51588,79632,12802,125466,124517,54116,124781,56290,144134,53680,129676,133204,47818,130999,20401,75528,23259,80968,85997,124873,31328,140577,53680,55673,126667,46832,246,65306,20401,73077,137284,33704,40771,231,126299,23573,141526,66845,53435,79632,95996,129062,12802,88846,130000,89095,97,13146,129804,60716,131893,20401,125703,17380,16778,226,54330,47836,28733,90686,13,140577,132892,20401,63332,47324,126674,16560,132911,133487,73523,126591,133152,20401,137903,130651,56419,58677,97929,19969,129676,61298,131766,42039]",551255b6636991a2c51e56a3fc595a8e772f527c67324573e06329bce58fd525,881,True,False,177
WIKIPEDIA,885,,"[124785,19969,31328,125496,129534,368,33704,64805,227,32077,125713,120,54330,125466,56290,124785,7,57089,129502,8,20401,124459,108,66845,13146,382,126346,55054,271,130095,125624,715,124785,19969,31328,125496,129534,7,12802,16186,126322,129502,129534,8,33704,220,16,24,20,21,126216,220,18,128514,220,16,32077,19391,62099,121,125624,133381,13,126322,129502,129534,20401,5140,123,234,132920,220,16,24,20,17,126216,19391,62099,121,125624,52300,30520,239,125144,56290,52300,58677,125496,65306,132297,16738,13378,8,125489,13,451,12820,16560,137351,124517,129534,31328,42039,83556,42905,54070,127148,37087,19969,220,16,24,21,17,126216,220,16,128514,220,17,19,32077,11,47911,243,127148,37087]",a30989f55a713a6ef27af7bc1d2ee44bb05fd35d8b5c84a855158410b71502c0,885,True,False,178
WIKIPEDIA,896,,"[55,16,16,134582,231,86034,33704,1599,37064,230,47985,44518,24897,127649,56475,20978,134582,231,19391,60960,131518,42905,126429,125522,23573,130345,141676,20401,134582,231,86034,125489,382,52959,53442,20401,139052,16560,15179,56475,40720,128841,134582,231,55902,86034,20401,134952,49664,125489,382,55902,41429,715,5835,56475,330,28174,1,16560,85322,33704,77226,53680,10764,251,108,77226,17877,36055,133085,125511,220,16,25,16,73986,132841,17380,27767,252,33704,320,16,17,23,11,220,16,17,23,11,220,16,17,23,8,17380,36055,20401,64119,125590,11,1599,16,16,56475,20401,330,28174,1,16560,9308,56475,20401,330,52343,29209,16,24,17,11,220,16,24,17,11,220]",174f9e296790091a45f75c06171244e9e79d34c0036cecdd38591edc7d74b36d,896,True,False,179
WIKIPEDIA,897,,"[144135,131196,126673,125511,28626,5140,240,97,60294,7,11,220,16,19,22,16,126216,220,20,128514,220,17,16,32077,481,220,16,20,17,23,126216,220,19,128514,220,21,32077,8,16560,64805,227,32077,20401,46832,242,19969,11,140568,56290,19969,11,65510,126317,19969,13146,13,5140,98,112,126730,55902,24897,20401,60960,126414,80968,46832,242,19969,136262,11,136115,134952,129382,56290,11,126322,129382,56290,128355,28733,130752,56290,56475,64805,227,130095,80968,129242,128732,17877,63332,139836,382,135098,53680,62099,121,67511,140968,57089,4710,144623,82965,132947,125548,81133,56475,40771,230,41429,78125,20401,48408,64850,17380,74361,250,31079,60315,11,136065,126377,85403,131344,136646,26698,40771]",9decab16bb82f51f59a11bc20206e6438f06c997386bb80300c1887729a00981,897,True,False,180
WIKIPEDIA,900,,"[126445,136499,134619,143230,144041,7,11,220,16,24,16,21,126216,220,21,128514,220,23,32077,3968,220,17,15,15,19,126216,220,22,128514,220,17,24,32077,8,33704,126440,124785,20401,47818,126251,124632,25715,125489,13,220,16,24,21,17,126216,127042,144094,47818,28002,124632,13935,20401,124632,55902,28733,55902,25715,125489,13,127042,144486,126445,94152,135607,54330,56475,74361,250,31079,138097,13146,13,126310,83036,79004,29326,131131,90711,120,28002,21329,5140,253,108,125615,12317,3140,8,56475,133553,28002,124632,17877,56419,78125,126204,11,62071,17,125625,133196,60960,65865,94315,126558,16560,47818,126251,124632,20401,131698,19391,130263,126402,51876,13,53618,125544,130436,220,16,24,20]",1637dd10a13a698a6e082917bca4ae25855660b9a19d48c2cea7a41e0c8c33c8,900,True,False,181
WIKIPEDIA,902,,"[34395,65865,126346,124632,7,107839,47534,99763,11,873,33704,133553,49543,19391,68232,26699,42905,10764,252,246,53680,132028,57089,20401,92751,124781,18411,133828,42905,133553,28002,124632,125489,13,5140,231,112,94152,20401,132028,57089,126270,135092,17877,62107,81676,5140,231,112,94152,20401,86034,17877,125686,330,128174,94152,127864,124632,1,130939,85403,125548,130898,129112,13,126429,65865,126346,124632,33704,131170,143231,129419,128618,89659,17380,73518,145422,13146,13,125703,16560,10764,252,62618,134312,254,128909,17877,139647,85413,222,125545,12802,21329,127728,133553,49543,129125,49367,126746,16560,36055,126346,124632,136262,128772,125703,16560,132028,57089,42905,133553,49543,18411,49367,126746,16560,126322,126346,124632,125489,13,320,126346,124632,127969]",27770a26ce8e05899665c2710d4e790bb9d5e1347de3246fda8ec0e6e4080ea2,902,True,False,182
WIKIPEDIA,907,,"[48606,126673,34395,28002,28754,368,33704,132270,56419,133196,128552,125206,26699,128841,74361,250,126345,28754,7,99222,107675,26454,228,8,42039,11,220,16,20,23,17,126216,19391,127048,130803,54825,126673,34395,28002,57268,220,16,18,41429,19969,23084,65865,20401,37064,101,28002,40281,24897,135818,73523,29281,82190,138767,23573,127864,126270,17877,126254,51876,13,37064,101,28002,40281,24897,28754,20401,94203,85057,126270,33704,48364,250,49543,93672,124528,53680,126488,32077,59698,77953,42039,73077,125625,19969,133396,125580,132264,136342,63332,29281,66425,133083,134585,127864,126270,17877,127579,125761,13,54825,126673,34395,28002,28754,33704,34143,105,20401,132028,57089,53680,16560,92751,124781,131702,11,74361,250,126345,20401,132028,124528]",121b832861ad6f6cc5a64931cbc62fea28540824aea3e8c0919eee65d0c4eba8,907,True,False,183
WIKIPEDIA,914,,"[125544,57268,144146,7,101708,102230,11,220,16,23,24,21,126216,220,22,128514,220,19,32077,3968,220,16,24,23,16,126216,220,18,128514,220,17,22,32077,8,33704,138373,125466,85057,64795,20401,126291,125624,19969,12802,25715,11,68232,19969,11,69441,231,126605,19969,136262,11,3315,65291,125496,130229,82965,53435,124632,125466,67511,25715,11,95577,125548,81133,24897,12,126673,127674,130788,53435,124632,125466,67511,25715,11,95577,57268,144255,144302,130788,53435,124632,125466,67511,25715,125489,13,54825,16560,95577,125548,81133,24897,12,126673,127674,130788,11,79207,44680,225,230,129807,130788,66790,47985,25715,95577,57268,144255,144302,11,125569,40281,129709,135628,77002,12802,220,16,24,20,15]",a71229f9d35cef028bacee4411873bc1ec56ed80c75e6a808b156ae648eb3913,914,True,False,184
WIKIPEDIA,920,,"[34395,124873,7,99291,247,25807,11,220,16,24,18,23,126216,220,16,128514,220,17,32077,3968,873,33704,128605,125496,124785,20401,136994,31328,125489,13,62071,18,15,66845,11,18,20,66845,124973,125054,131120,28002,17380,129242,93701,134002,382,76435,126898,271,69923,76435,53680,35509,124781,715,34395,124873,33704,220,16,24,18,23,126216,220,16,128514,220,17,32077,11,136905,56475,48408,79004,21329,126429,128909,142561,53680,124685,132125,83036,129359,29281,25715,136541,56475,220,18,131793,220,17,132751,70943,220,18,131793,42039,74361,250,31079,138097,13146,13,129238,80968,130974,56419,50340,131226,47985,124459,108,85057,136262,11,129238,124780,33704,62071,54330,125489,13,48408,79004,21329]",096864bb02f6feaa8693f637d504b2301ac815c5a7b03af7857eafb741b365e5,920,True,False,185
WIKIPEDIA,927,,"[144537,141172,7,11,873,33704,89095,113,141966,20401,143416,65722,102,132264,98869,40853,52300,5140,45881,32290,125489,382,126346,55054,715,16,24,22,16,126216,34143,249,82528,76337,125678,20401,95170,47985,54070,129439,127033,141571,7,50285,106031,99271,99477,8,98005,40853,12802,73523,126835,134002,382,128215,132618,20401,89095,113,141172,33704,34143,249,82528,28927,251,125678,20401,89095,113,131903,126253,125761,13,140730,98869,56290,55902,86372,124982,125615,136293,66136,5140,45881,32290,133627,56475,134585,74361,230,69923,88259,18411,138037,20487,130039,134585,129242,125678,17877,126429,125496,16186,125615,70943,11,220,16,24,22,16,126216,89095,113,131903,129125,95996,79632,128555,97143,125761,13,140730,60716,128792,44518]",238516093867b4b0927b5f70c61f3aadb27bda7f51aa696bf5d5dbbd96118a23,927,True,False,186
WIKIPEDIA,931,,"[79716,76337,7,99742,99450,8,33704,129093,53442,364,134372,19969,126746,17380,62107,81676,16751,234,76337,6,17877,5140,250,119,134002,13,23084,36055,20401,19391,125686,125548,32290,5140,45881,32290,11,124973,23259,11,5140,117,113,77002,12802,128618,76337,19391,94613,133245,33509,60315,11,132270,16560,5140,244,94,145190,12802,11,130508,144266,11,143802,66845,11,124685,144182,11,5140,45881,32290,11,34143,255,130262,29281,53680,131050,129400,19969,19969,28927,116,26698,128618,76337,126333,77002,56475,130966,65510,28002,13935,129382,129865,128841,16751,234,76337,129125,66790,141676,66425,47985,129112,382,66845,23573,125496,124785,20401,128618,76337,129359,125476,133286,715,66845,23573,125496,124785,56475,220,16,24,21]",38b07887bc0acffd5f084209d9c4d2c9d342b4845822740bdedb2c177d288ab6,931,True,False,187
WIKIPEDIA,933,,"[57268,145745,368,33704,136293,56475,54116,54321,23573,85997,28002,135979,11,127296,127154,124685,144182,17877,125149,11,45130,97,125535,77002,53680,129676,124973,126251,19391,127165,114,52959,142907,85997,28002,125489,382,31079,144182,53680,73077,145745,198,32077,125822,31079,3369,57268,145745,527,33704,85997,28002,136751,18411,85403,125548,16560,126254,12802,125590,130092,31079,128739,129889,3369,57268,145745,527,17877,74361,243,19391,3315,241,108,132044,37195,109,59761,20401,124685,144182,17877,85403,125548,16560,126254,17380,3315,241,108,34395,11,74361,243,137138,16560,3369,57268,145745,144059,527,42039,85403,82965,13146,382,57132,63256,715,21329,126346,139328,127820,77226,12802,64521,57801,141258,11,125466,125160,42039,220,16,15,57132]",506c309aebe176b9278180d042850b6dbcfca3217dc20d5559da7dd73d842af7,933,True,False,188
WIKIPEDIA,941,,"[125544,12802,81133,17380,43590,126445,28626,37064,230,47985,40281,368,16560,95577,12802,81133,17380,43590,126445,28626,19969,73523,126835,23573,143522,132029,48364,112,37087,13146,13,23872,57160,242,234,12802,126799,26699,143522,19391,136065,42039,129392,43866,23573,129547,144074,40720,25715,58677,33861,169,69383,24897,95159,8,132029,48364,112,37087,31328,32985,98,10085,19391,60960,126524,82190,11,140730,65553,238,28002,3315,241,108,12802,125615,10292,9420,3126,56475,48108,222,131131,86372,24897,144120,53680,16435,46832,246,65306,17877,130094,66425,130679,16751,239,26699,84255,81650,127483,42039,136065,36330,250,29326,133381,13,132270,56419,133196,220,24,15,4,20401,126799,26699,143522,56475,3315,241,108,34395,132931,11]",a25e5b6f27e1b79041217c6153e6933547e424e19ac8d88272c44bbda17ec20b,941,True,False,189
WIKIPEDIA,950,,"[125544,12802,81133,17380,43590,126445,28626,85413,234,29346,3189,3929,9322,8,16560,95577,12802,81133,17380,43590,126445,28626,56475,73523,126835,23573,85413,234,29346,84255,17380,41429,26698,13146,13,56419,41429,124781,56475,130887,65553,238,28002,3315,241,108,132044,85413,234,29346,84255,17380,41429,26698,125489,13,95577,12802,81133,17380,43590,126445,28626,142209,242,120,24897,20401,55673,35711,138017,129534,142180,125703,12802,130898,53900,13146,13,220,16,24,23,18,126216,220,16,15,128514,220,17,20,32077,330,20358,12,7740,9322,369,48229,941,5942,1,129615,86034,42039,48364,104,36330,250,29326,133381,13,220,16,24,23,18,126216,19391,10292,9420,3126,26699,42039,85413,234,29346]",dedf9534ad73227890e6c92a4f6600764d98bf3427989ed135d54cf894dc6fef,950,True,False,190
WIKIPEDIA,954,,"[132841,28002,134619,12317,398,778,288,8,16560,142103,128753,56290,19391,137298,16560,126440,144308,73077,89235,41429,40281,24897,20401,5140,45881,144305,31079,86034,125489,382,51588,124632,53680,137116,715,220,26940,132841,28002,134619,25067,25,62071,93701,24897,65510,12802,24897,20401,126291,125624,198,37064,101,28002,29326,134133,320,16,24,20,19,126216,137116,340,37064,101,28002,134619,320,16,24,21,22,126216,137116,8,549,37064,101,28002,134619,126291,125624,19391,81718,144059,23573,137116,198,37064,101,28002,134619,320,29326,8,549,23872,101,126445,126673,29346,10764,72509,83036,128187,20401,44518,198,37064,101,28002,134619,125149,31079,549,142510,19391,125548,47985,84667,83036,129695,81718,144033,50340,28002]",c85d289c80d4f0c99fa823bf84ad11a243515cf683fcf8c24615c757ed0813c7,954,True,False,191
WIKIPEDIA,957,,"[142777,12802,48606,7,11,873,16560,65553,97,144259,129804,29346,64577,80901,28626,144117,129804,28626,130788,55673,47985,12802,25715,36055,63089,126291,57132,21329,13146,13,65553,97,144259,129804,29346,74884,243,124785,20401,125466,76337,128533,134013,16560,23872,242,24897,130229,125548,125786,12802,125590,11,36055,63089,48364,255,55054,19969,64521,10764,245,97,12802,48606,19969,126423,128732,128533,134013,127864,47836,17877,139393,42905,132091,83518,132269,85251,13146,382,126781,21329,66845,89860,132064,139963,33883,77353,126246,20401,60960,47985,29326,17380,11,65553,97,144259,129804,29346,56475,125674,84621,83666,17380,132182,8620,112,239,126346,60960,47985,29326,128739,17877,139646,34395,90686,13,138249,55054,126270,57132,129382,43590,80573,138249]",22b4d98832e029ddeb2dcfa20aa14a6d9caac4a869653f3289e3f965331b2105,957,True,False,192
WIKIPEDIA,964,,"[136133,127673,125466,56290,124785,7,11,873,129549,3315,120,222,127673,16738,268,7755,11,873,16560,126322,52959,126445,28002,129616,20401,125466,56290,124785,125489,13,58677,47985,126345,19391,48108,112,33883,132931,139963,57089,132064,42039,126291,127452,28002,52959,11,139963,132064,42039,90486,131131,34992,44680,242,120,52959,80573,129624,23259,125068,11,89860,132064,42039,124657,62275,13146,11,129624,132064,42039,74361,226,25715,83036,52959,80573,124973,65306,17877,131417,144560,34395,90686,382,23259,47985,16560,37195,62618,17380,70582,136262,125466,26699,31079,16560,126440,31079,80573,141767,80573,144327,28002,31079,125489,13,3315,120,222,127673,20401,55673,35711,98358,129704,33704,10764,92120,141571,125522,129704,11,5140,96,101,125511]",8b80d9929657d90e921742af6bece92cf5b424a5aa722518ce2addc2510342b4,964,True,False,193
WIKIPEDIA,974,,"[130472,142713,131196,17380,130263,128747,368,33704,5140,116,234,131903,52959,32985,251,142713,131196,17380,19969,126429,126246,23573,84255,144195,136068,20401,83556,126337,125489,382,29281,20401,715,130472,142713,131196,17380,130263,128747,33704,126844,18585,238,56290,76337,42039,36055,20401,52300,28733,53955,12802,95996,85057,87425,127728,128677,128732,17877,143143,126054,128956,30520,113,43590,23259,272,20401,130263,128747,42039,36055,20401,132306,624,320,125068,11,16751,222,30520,113,43590,23259,692,12802,18411,30520,113,43590,23259,18411,40720,87425,135201,36055,20401,16186,125476,32290,129304,30520,113,43590,23259,18411,126423,23259,63089,80573,10764,245,230,23259,63089,17380,73518,131903,32290,130723,13,139327,29874,17877,320,42967,11,1872]",1e5bbdbc172a008ad0e757a5d3460f79e33d52a9ca5bd848e6ae4722f158bda0,974,True,False,194
WIKIPEDIA,977,,"[23259,47985,7,106114,11,873,16560,61298,133152,20401,136994,11,126174,29281,20401,141482,12802,97143,16560,129392,29326,18411,126254,51876,13,134013,126377,140094,70943,128205,29281,63089,19969,126291,57132,33883,11,133152,54321,23259,77002,133152,20401,81173,34395,66790,47985,130427,126352,126333,42039,129419,16560,129392,29326,125489,13,139293,70943,128205,36055,63089,20401,126291,57132,80573,16560,30520,226,47985,17380,54825,137449,20401,58034,135946,80968,134015,17380,139180,130357,64521,129392,29326,19969,134013,17380,83518,132269,21329,130898,129112,382,124785,19969,19391,134084,16560,127296,73523,20401,134013,19969,35339,130898,53900,124905,11,134013,19391,142700,126174,29281,63089,19969,98987,87425,50696,127451,11,55673,35711,133152,54116,124780,12802,127296,129392]",c25870447d8162d21df8e7c0fc8ef2d62af7b39a609ccb5d8c6f802fef01eddb,977,True,False,195
WIKIPEDIA,978,,"[141571,125544,50340,21329,130271,368,58777,125544,50340,35530,11,58777,125544,50340,127421,11,58777,125544,50340,126886,11,549,220,18,19,19,93,19,16,18,8,33704,58777,25715,124785,7,82912,250,28107,228,99941,25,132270,20401,128753,40853,3315,123,254,125625,19391,77596,235,77953,8,36330,250,82528,20401,126488,124546,32129,55902,19969,13146,13,61298,25715,139052,135854,58777,125544,50340,29326,130271,7,99215,102,100487,106956,38077,100562,701,58777,125544,50340,20487,130271,7,103089,100487,106956,120299,100562,701,53989,226,57026,26698,73518,35530,7,106956,99217,701,79207,113,7,99217,701,124970,126346,82190,126322,23259,7,99914,116349,8,129254,47985,129112,382,126402,124785,94315,85251,7]",20141090c2a7b3d27b2aef680aed5da1fb5c06635ee330cbea76c212f844cb6a,978,True,False,196
WIKIPEDIA,981,,"[41429,125548,21329,40281,73986,19391,125866,66790,48108,250,126746,3759,963,1984,815,59302,8832,409,386,4791,11,220,16,24,19,23,126216,220,18,128514,220,16,20,32077,3968,220,17,15,15,18,126216,220,23,128514,220,16,24,32077,8,16560,5140,116,234,50340,128732,69923,82528,126310,136233,74884,116,124546,124780,125489,382,131196,50340,128732,56983,40281,124419,25715,126730,12802,126746,74361,250,76435,31328,66790,48108,250,126746,16560,54969,28002,126291,125548,125822,60960,124632,56475,48364,254,124632,17877,56419,78125,125580,89940,11,54070,124785,31079,31328,98869,125548,129924,131498,31079,74884,116,130612,126440,31079,11,84255,133738,24897,31079,19391,143861,98,125160,128836,382,48606,16560]",0e291ba2158dbe2a1a470210ee41f8aa760cd18f476b764426ea0fd974e87c69,981,True,False,197
WIKIPEDIA,992,,"[13146,48431,33704,137449,126591,139957,126605,55054,7,77144,100946,60237,8,134952,49664,125489,382,128753,51588,134952,49664,198,10764,227,242,126673,70582,65865,74808,127105,124785,134952,49664,198,5140,45881,89235,57268,74808,127105,124785,134952,49664,271,87608,49664,20401,134952,49664]",bca30c1411f0b87d98b2e01fa70c6078189fc584363a269c126c03bbabd31950,992,True,False,198
WIKIPEDIA,994,,"[29326,29326,128808,24897,7,11,873,16560,126429,66845,142103,128753,56290,20401,58677,126251,125489,13,44518,21329,144072,24897,11,44518,21329,126445,24897,11,44518,21329,126445,77002,42039,139052,20487,126204,126488,28002,130898,129112,13,54825,16560,3315,65291,129807,129283,24897,44518,18411,130270,125624,23573,74884,243,12802,125761,13,126440,54321,23573,3315,96,226,23259,20401,46832,242,82528,42039,141526,66845,19391,23084,125548,20487,128878,126720,138630,83277,90686,13,141526,66845,143586,42039,16560,125214,132947,125548,90711,112,146191,20401,90486,41429,12802,220,26940,29326,21329,126445,128753,56290,25067,19969,90686,382,48606,28002,24897,11,10764,245,105,126673,83036,140891,44518,66845,20401,3315,65291,129807,129283,24897,74884,243]",28f9269489baf05755c3f0761ca879144c4b752ee52b9928bf287d2b9db94f34,994,True,False,199
FLORES,6,"Translate the following sentence into Korean.
English: Previously, Ring's CEO, Jamie Siminoff, remarked the company started when his doorbell wasn't audible from his shop in his garage.
Korean:","[27473,279,2701,11652,1119,16134,624,22574,25,58687,11,21525,594,12156,11,35757,4467,258,1847,11,60314,279,2813,3855,979,806,6006,17250,5710,944,79315,504,806,8061,304,806,19277,624,42,45195,25]",fdb150c947bebcde2738a83d1676df7af78860b73635abadf31cf928b8ad1bf6,6,True,True,0
FLORES,10,"Translate the following sentence into Korean.
English: Ring also settled a lawsuit with competing security company, the ADT Corporation.
Korean:","[27473,279,2701,11652,1119,16134,624,22574,25,21525,1083,22378,264,19275,448,26168,4763,2813,11,279,9630,51,13034,624,42,45195,25]",0f502bec677764c22745a977d66bfcd44dc6e52056439cf7817a1dd2dac3f411,10,True,True,1
FLORES,21,"Translate the following sentence into Korean.
English: The movie, featuring Ryan Gosling and Emma Stone, received nominations in all major categories.
Korean:","[27473,279,2701,11652,1119,16134,624,22574,25,576,5700,11,16445,13646,62381,2718,323,34935,14302,11,3949,59598,304,678,3598,11059,624,42,45195,25]",d75e8732e17661a0054180871f961411e0a1430b12fc683c41e79a8fd3b4cf41,21,True,True,2
FLORES,26,"Translate the following sentence into Korean.
English: The announcement was made after Trump had a phone conversation with Turkish President Recep Tayyip Erdoğan.
Korean:","[27473,279,2701,11652,1119,16134,624,22574,25,576,17043,572,1865,1283,3339,1030,264,4540,10435,448,23734,4795,1032,31652,57528,88,573,133757,624,42,45195,25]",6139c0ee7d7d551497463db450e7a5b15c9427d96383ba9af5e1fda3019962ba,26,True,True,3
FLORES,31,"Translate the following sentence into Korean.
English: Because the dinosaur feathers do not have a well-developed shaft, called a rachis, but do have other features of feathers — barbs and barbules — the researchers inferred the rachis was likely a later evolutionary development that these other features.
Korean:","[27473,279,2701,11652,1119,16134,624,22574,25,9211,279,62889,55894,653,537,614,264,1632,47961,291,30368,11,2598,264,435,610,285,11,714,653,614,1008,4419,315,55894,1959,3619,1279,323,3619,65,2425,1959,279,11811,67595,279,435,610,285,572,4363,264,2937,40893,4401,429,1493,1008,4419,624,42,45195,25]",0479cc20c720d91cf98cf514499cbcb147a13683f61fd8345ece9b70063b75df,31,True,True,4
FLORES,39,"Translate the following sentence into Korean.
English: The smaller the Rossby number, the less active the star with respect to magnetic reversals.
Korean:","[27473,279,2701,11652,1119,16134,624,22574,25,576,9155,279,20482,1694,1372,11,279,2686,4541,279,6774,448,5091,311,23970,17431,1127,624,42,45195,25]",ef760ab4de7624991923b6553437ba968a18fc6e9c1b3cda4f007bf74b470977,39,True,True,5
FLORES,40,"Translate the following sentence into Korean.
English: During his trip, Iwasaki ran into trouble on many occasions.
Korean:","[27473,279,2701,11652,1119,16134,624,22574,25,11954,806,8411,11,358,16123,14624,10613,1119,12264,389,1657,24930,624,42,45195,25]",80d32a4428ea5100e56be6f86be0e2420f45d66b51a8c5dcb8d27b1850c8815a,40,True,True,6
FLORES,41,"Translate the following sentence into Korean.
English: He was robbed by pirates, attacked in Tibet by a rabid dog, escaped marriage in Nepal and was arrested in India.
Korean:","[27473,279,2701,11652,1119,16134,624,22574,25,1260,572,62254,553,61475,11,18349,304,44161,553,264,30574,307,5562,11,27783,10866,304,48964,323,572,12517,304,6747,624,42,45195,25]",c3a7ef6a7a992499e1625f36faa0e444d8d3eedb62906b7ab7f8249d3a4ba3a1,41,True,True,7
FLORES,50,"Translate the following sentence into Korean.
English: He added that ""they should not, however, be asked to take on obligations that go beyond their development stage, responsibility and capabilities.""
Korean:","[27473,279,2701,11652,1119,16134,624,22574,25,1260,3694,429,330,20069,1265,537,11,4764,11,387,4588,311,1896,389,29155,429,728,7797,862,4401,6430,11,11752,323,16928,10040,42,45195,25]",cf8f10c43d176757cee9dc9ff7c78cdf56dcdadd97168148b59cfcbb7bdf20fa,50,True,True,8
FLORES,53,"Translate the following sentence into Korean.
English: The Report opens with plea for open debate and the formation of a consensus in the United States about the policy towards the Middle East.
Korean:","[27473,279,2701,11652,1119,16134,624,22574,25,576,8259,15885,448,38967,369,1787,11004,323,279,18003,315,264,23869,304,279,3639,4180,911,279,4842,6974,279,12592,6326,624,42,45195,25]",dd4467074d212ff8437d1f82e1a112ebd39e61fd5ae5a81128c1078884877826,53,True,True,9
FLORES,62,"Translate the following sentence into Korean.
English: Several large television screens were installed in various places in Rome to let the people watch the ceremony.
Korean:","[27473,279,2701,11652,1119,16134,624,22574,25,25694,3460,12425,15310,1033,10275,304,5257,7482,304,21718,311,1077,279,1251,3736,279,21536,624,42,45195,25]",7b247e73460d99e2ddd83ed9615e42c285db50607d4df0958435bc668870bd7c,62,True,True,10
FLORES,69,"Translate the following sentence into Korean.
English: U.S. President George W. Bush arrived in Singapore the morning of November 16, beginning a week-long tour of Asia.
Korean:","[27473,279,2701,11652,1119,16134,624,22574,25,547,808,13,4795,9857,467,13,14079,11465,304,20539,279,6556,315,6702,220,16,21,11,7167,264,2003,23791,7216,315,13622,624,42,45195,25]",e90ad98d75a7b76708a55a2895f98de4418b11efbc1f64c2cb3eaf1c6b3364c8,69,True,True,11
FLORES,82,"Translate the following sentence into Korean.
English: The National Hurricane Center (NHC) says that at this point Jerry poses no threat to land.
Korean:","[27473,279,2701,11652,1119,16134,624,22574,25,576,5055,37101,5832,320,45,22455,8,2727,429,518,419,1459,28708,33003,902,5899,311,4268,624,42,45195,25]",f653fa952db1d0d8106d4c313407824814b07d4578e4acb583fa190d51957d43,82,True,True,12
FLORES,86,"Translate the following sentence into Korean.
English: Commons Administrator Adam Cuerden expressed his frustration over the deletions when he spoke to Wikinews last month.
Korean:","[27473,279,2701,11652,1119,16134,624,22574,25,25585,28593,15037,356,8801,5183,13302,806,31986,916,279,19269,908,979,566,12290,311,42105,258,27744,1537,2254,624,42,45195,25]",0f858ce76159b817e27dde523214977116f105f1eb6f10944ec29f0e347a35f2,86,True,True,13
FLORES,88,"Translate the following sentence into Korean.
English: The community irritation led to current efforts to draft a policy regarding sexual content for the site which hosts millions of openly-licensed media.
Korean:","[27473,279,2701,11652,1119,16134,624,22574,25,576,3942,65410,6069,311,1482,8869,311,9960,264,4842,8826,7244,2213,369,279,2747,892,18432,11728,315,29347,12,71711,3687,624,42,45195,25]",1955f672032a62370248444b608bed41af011bc5bf62d373077f08a4b283084e,88,True,True,14
FLORES,90,"Translate the following sentence into Korean.
English: The effect the team was looking for would be caused by tidal forces between the galaxy's dark matter and the Milky Way's dark matter.
Korean:","[27473,279,2701,11652,1119,16134,624,22574,25,576,2456,279,2083,572,3330,369,1035,387,8881,553,85459,8437,1948,279,33161,594,6319,4925,323,279,88719,12149,594,6319,4925,624,42,45195,25]",6b4af0583643a68a9a9b8f3d6e033bd692751ddc16c7b50c4419a85dbae301e1,90,True,True,15
FLORES,96,"Translate the following sentence into Korean.
English: According to Japan's nuclear agency, radioactive caesium and iodine has been identified at the plant.
Korean:","[27473,279,2701,11652,1119,16134,624,22574,25,10548,311,6323,594,11249,9088,11,58762,2162,40830,323,78987,482,702,1012,10820,518,279,6008,624,42,45195,25]",617e3c75f1fb407486bfa90d3e44d33f05c8808a12e9b1940ccbe3a0596fbcf7,96,True,True,16
FLORES,106,"Translate the following sentence into Korean.
English: The United States Strategic Command of the U.S. Department of Defense office is tracking the debris.
Korean:","[27473,279,2701,11652,1119,16134,624,22574,25,576,3639,4180,45561,7348,315,279,547,808,13,5887,315,16373,5163,374,14849,279,33998,624,42,45195,25]",af4ad2e13e6e53d7e825325dc09ffb48020fc1cca06425c60230eebb9a0056a1,106,True,True,17
FLORES,107,"Translate the following sentence into Korean.
English: The result of plotting analysis will be posted to a public website.
Korean:","[27473,279,2701,11652,1119,16134,624,22574,25,576,1102,315,43902,6358,686,387,8454,311,264,584,3910,624,42,45195,25]",77a13421d04f3b7a69da2a1b42825a7ac46eb0fe1e0affb62101e67d10140d92,107,True,True,18
FLORES,114,"Translate the following sentence into Korean.
English: The disease is carried by pigs, which then migrates to humans through mosquitos.
Korean:","[27473,279,2701,11652,1119,16134,624,22574,25,576,8457,374,11691,553,48810,11,892,1221,9772,973,311,12677,1526,22686,446,25593,624,42,45195,25]",5bc954d8c3a9d3d2c2497da5e1fd22a9d39aaa79d67ee96976a1369aacc21820,114,True,True,19
FLORES,121,"Translate the following sentence into Korean.
English: His 1,000th stamp was the magnificent ""Great Deeds by Swedish Kings"" by David Klöcker Ehrenstrahl in 2000, which is listed in the Guinness Book of World Records.
Korean:","[27473,279,2701,11652,1119,16134,624,22574,25,5301,220,16,11,15,15,15,339,21206,572,279,40692,330,21396,1581,6767,553,30109,24019,1,553,6798,27941,2956,15160,60551,1440,495,16722,304,220,17,15,15,15,11,892,374,10007,304,279,88459,5893,315,4337,21566,624,42,45195,25]",58f30e5b8d8ac1f233ddfd7525034b6400747f7168cfe29d679a9f4886db5292,121,True,True,20
FLORES,133,"Translate the following sentence into Korean.
English: When the fighting ceased after the wounded were transported to the hospital, about 40 of the other remaining inmates stayed in the yard and refused to return to their cells.
Korean:","[27473,279,2701,11652,1119,16134,624,22574,25,3197,279,10805,58377,1283,279,27493,1033,39360,311,279,8777,11,911,220,19,15,315,279,1008,9664,41612,19613,304,279,19515,323,16051,311,470,311,862,7761,624,42,45195,25]",b3b700d482c6f3844e6f06910acda5410ae60ad4df2504d52aeb0ee80d22b3c8,133,True,True,21
FLORES,141,"Translate the following sentence into Korean.
English: Although the water level will only rise a few feet after the flood, officials are hoping it will be enough to restore eroded sandbars downstream.
Korean:","[27473,279,2701,11652,1119,16134,624,22574,25,10328,279,3015,2188,686,1172,10000,264,2421,7541,1283,279,17726,11,7359,525,15652,432,686,387,3322,311,14952,2714,6737,9278,24950,51352,624,42,45195,25]",29477586bf2e06fa9905bcb6b729da26031599bd92cdaead9d2c26cb54519d92,141,True,True,22
FLORES,146,"Translate the following sentence into Korean.
English: Final results from Namibian presidential and parliamentary elections have indicated that the incumbent president, Hifikepunye Pohamba, has been reelected by a large margin.
Korean:","[27473,279,2701,11652,1119,16134,624,22574,25,13023,3059,504,29974,579,1103,13318,323,43150,15991,614,16317,429,279,50282,4767,11,472,333,2970,64907,9011,393,2267,41908,11,702,1012,312,68,2209,553,264,3460,4745,624,42,45195,25]",1f35e9e8a1a2595179e1345f00e3c564e363fccf4c3989f73efd2140c0309e2c,146,True,True,23
FLORES,150,"Translate the following sentence into Korean.
English: Efforts to search for the crash site are being met by bad weather and harsh terrain.
Korean:","[27473,279,2701,11652,1119,16134,624,22574,25,30022,18955,311,2711,369,279,9920,2747,525,1660,2270,553,3873,9104,323,24939,24869,624,42,45195,25]",598dea6dbbc808583ab60d4919df377eb378a9ccaeb268556b24a72e05804837,150,True,True,24
FLORES,154,"Translate the following sentence into Korean.
English: Tournament top seeds South Africa started on the right note when they had a comfortable 26 - 00 win against 5th seeded Zambia.
Korean:","[27473,279,2701,11652,1119,16134,624,22574,25,18371,1909,19056,4882,10174,3855,389,279,1290,5185,979,807,1030,264,10655,220,17,21,481,220,15,15,3164,2348,220,20,339,89816,94004,624,42,45195,25]",18eb237d0826adb5f800c11dc0b4921c1ba33fa685023ac935828af0831e466d,154,True,True,25
FLORES,167,"Translate the following sentence into Korean.
English: Candidates can send representatives to witness every part of the process. In the evening, votes are counted by volunteers under heavy supervision, following specific procedures.
Korean:","[27473,279,2701,11652,1119,16134,624,22574,25,64438,646,3624,23130,311,11298,1449,949,315,279,1882,13,758,279,11458,11,12684,525,29994,553,23010,1212,8811,37117,11,2701,3151,15966,624,42,45195,25]",081fe7341372ecae7673a0723c782bc7b989f1d64d22d69f8afc18dbdad6d79f,167,True,True,26
FLORES,168,"Translate the following sentence into Korean.
English: ASUS Eee PC, earlier launched world-wide for cost-saving and functionality factors, became a hot topic in 2007 Taipei IT Month.
Korean:","[27473,279,2701,11652,1119,16134,624,22574,25,74670,468,2127,6673,11,6788,11626,1879,24472,369,2783,57985,323,14944,9363,11,6116,264,4017,8544,304,220,17,15,15,22,96345,8700,19397,624,42,45195,25]",0d4bb192b57cdb21b8a4fe89df6f62bf05fa9e225370a4e1c51c91d7c90e5e8e,168,True,True,27
FLORES,172,"Translate the following sentence into Korean.
English: In late 2015, TogiNet established AstroNet Radio as a subsidiary station.
Korean:","[27473,279,2701,11652,1119,16134,624,22574,25,758,3309,220,17,15,16,20,11,350,63877,6954,9555,64129,6954,13484,438,264,40064,8056,624,42,45195,25]",ae878a6fa6263c644415f4618598e7760c332cdf6d5ab77f234ff457b1ea77cd,172,True,True,28
FLORES,175,"Translate the following sentence into Korean.
English: Bishkek was described as sinking into a state of ""anarchy"" by one observer, as gangs of people roamed the streets and plundered stores of consumer goods.
Korean:","[27473,279,2701,11652,1119,16134,624,22574,25,425,812,85207,572,7481,438,61093,1119,264,1584,315,330,276,15272,1,553,825,22067,11,438,54123,315,1251,926,3606,279,14371,323,87702,291,10533,315,11502,11561,624,42,45195,25]",0409903042cca36b525e9399df3808ec9998bb40fd2d64770cb0c276b70254dd,175,True,True,29
FLORES,179,"Translate the following sentence into Korean.
English: For the Springboks, it ended a five-match losing streak.
Korean:","[27473,279,2701,11652,1119,16134,624,22574,25,1752,279,12252,65,34222,11,432,9482,264,4236,45704,13188,29214,624,42,45195,25]",286eee812a63e9a53de4799ef4df3ddb8a9b2f6442678cb5060840b5e1674cad,179,True,True,30
FLORES,191,"Translate the following sentence into Korean.
English: As a result, the performers smoke cannabis joints on stage, and the theatre itself is encouraging the audience to join in.
Korean:","[27473,279,2701,11652,1119,16134,624,22574,25,1634,264,1102,11,279,44418,16205,18903,34258,389,6430,11,323,279,33496,5086,374,25836,279,10650,311,5138,304,624,42,45195,25]",6d6336c606e7cdabc604479be43f02c9fc0c97f5af90ce754ae433975632b407,191,True,True,31
FLORES,193,"Translate the following sentence into Korean.
English: After the results came in, Gingrich lauded Santorum, but had tough words for Romney, on whose behalf negative campaign advertisements were aired in Iowa against Gingrich.
Korean:","[27473,279,2701,11652,1119,16134,624,22574,25,4636,279,3059,3697,304,11,86393,1187,37377,22896,33006,11,714,1030,11045,4244,369,25318,11,389,6693,17522,8225,4796,42649,1033,41987,304,20700,2348,86393,624,42,45195,25]",a70ed0d8f6c096bc94e6cbfaffa57e1ff4036bd46b9b197e5572296dfc409b8e,193,True,True,32
FLORES,194,"Translate the following sentence into Korean.
English: Perry stated that he would ""return to Texas to assess the results of tonight's caucus, determine whether there is a path forward for myself in this race"", but later said that he would remain in the race and compete in the January 21 South Carolina primary.
Korean:","[27473,279,2701,11652,1119,16134,624,22574,25,30321,10982,429,566,1035,330,689,311,8257,311,8552,279,3059,315,17913,594,65443,11,8253,3425,1052,374,264,1815,4637,369,7037,304,419,6957,497,714,2937,1053,429,566,1035,7146,304,279,6957,323,20259,304,279,6058,220,17,16,4882,12740,6028,624,42,45195,25]",45604f3e588987ef4a5cdceb006801904d24a30093bc88ea938f786276400de0,194,True,True,33
FLORES,197,"Translate the following sentence into Korean.
English: He was reportedly aged in his 20s. In a statement, Bieber said ""[w]hile I was not present nor directly involved with this tragic accident, my thoughts and prayers are with the family of the victim.""
Korean:","[27473,279,2701,11652,1119,16134,624,22574,25,1260,572,17828,19749,304,806,220,17,15,82,13,758,264,5114,11,76220,1053,10545,86,60,71,457,358,572,537,3042,6329,5961,6398,448,419,34179,11423,11,847,11303,323,33196,525,448,279,2997,315,279,11734,10040,42,45195,25]",df33b3c5c342e4c50be740f9949df1d4939dee404deadc119325dbec7fd410c9,197,True,True,34
FLORES,198,"Translate the following sentence into Korean.
English: Entertainment news website TMZ understands the photographer stopped his vehicle on the other side of Sepulveda Boulevard and attempted to take pictures of the police stop before crossing the road and continuing, prompting the California Highway Patrol police officer conducting the traffic stop to order him back across, twice.
Korean:","[27473,279,2701,11652,1119,16134,624,22574,25,22518,3669,3910,98955,30769,279,28767,10497,806,7310,389,279,1008,3108,315,17449,360,2066,64,47440,323,17201,311,1896,9185,315,279,4282,2936,1573,26638,279,5636,323,14354,11,49645,279,7043,28766,44398,4282,9452,30374,279,9442,2936,311,1973,1435,1182,3941,11,10917,624,42,45195,25]",4655c03f267f1b9120bbf782413dd9326b2ea81e260ac5bfe7b9b4c096137df6,198,True,True,35
FLORES,204,"Translate the following sentence into Korean.
English: Poland's men's visually impaired skier Maciej Krezel and guide Anna Ogarzynska finished thirteenth in the Super-G. South Korea's Jong Seork Park finished twenty-fourth in the men's sitting Super-G.
Korean:","[27473,279,2701,11652,1119,16134,624,22574,25,27602,594,2953,594,42295,49060,1901,1268,7401,56547,730,22741,301,323,8474,23223,506,12164,89,1872,82,4554,8060,270,404,45387,304,279,7297,12010,13,4882,11862,594,39548,1345,669,5540,8060,17073,41017,339,304,279,2953,594,11699,7297,12010,624,42,45195,25]",357b3a509718c587ea1a503e932ef7632fb62517f166aba8f255f1e423f984ea,204,True,True,36
FLORES,208,"Translate the following sentence into Korean.
English: The Haitian Institute for Justice and Democracy has referenced independent studies that suggest the Nepalese UN peacekeeping battalion unknowingly brought the disease to Haiti.
Korean:","[27473,279,2701,11652,1119,16134,624,22574,25,576,42402,1103,9976,369,11745,323,47089,702,24784,9489,7822,429,4190,279,36569,1574,325,6643,8919,32394,90416,83544,11307,7117,279,8457,311,55190,624,42,45195,25]",eed5c59815a68ee88ed6e39c4358f5f32ee095f0dc4bd7b2eae976b0b82c9b5a,208,True,True,37
FLORES,216,"Translate the following sentence into Korean.
English: Despite leaving the show in 1993 he kept the title of executive producer, and continued to receive tens of millions of dollars every season in royalties.
Korean:","[27473,279,2701,11652,1119,16134,624,22574,25,17715,9380,279,1473,304,220,16,24,24,18,566,8604,279,2265,315,10905,16851,11,323,8570,311,5258,22008,315,11728,315,11192,1449,3200,304,84874,624,42,45195,25]",704a438c57ae600019dc17f7b830c7bb72fa1979f25eb3816b840299024d6965,216,True,True,38
FLORES,218,"Translate the following sentence into Korean.
English: Later reports then stated the plane received a bomb threat and was diverted back to Afghanistan, landing in Kandahar.
Korean:","[27473,279,2701,11652,1119,16134,624,22574,25,24885,6682,1221,10982,279,11031,3949,264,12764,5899,323,572,85394,1182,311,20500,11,20327,304,730,437,1466,277,624,42,45195,25]",a251c7d78ba57050c732be9c9b31f503d66358b7b103b729146c08ba65f1ed86,218,True,True,39
FLORES,222,"Translate the following sentence into Korean.
English: Earlier this week, a police helicopter crash killed three people and wounded three more.
Korean:","[27473,279,2701,11652,1119,16134,624,22574,25,46893,419,2003,11,264,4282,35025,9920,7425,2326,1251,323,27493,2326,803,624,42,45195,25]",eb7a52a32900ab6d74cd4b496ef5a8063a32eeefed834fc147b622af37409547,222,True,True,40
FLORES,223,"Translate the following sentence into Korean.
English: Last month Iran saw its worst air disaster in years when an airliner heading to Armenia crashed, killing the 168 on board.
Korean:","[27473,279,2701,11652,1119,16134,624,22574,25,7996,2254,10259,5485,1181,11785,3720,20763,304,1635,979,458,82657,10453,14496,311,71530,33753,11,13118,279,220,16,21,23,389,4479,624,42,45195,25]",c078f1071a7eb348c54c8e82e8961c53d52002284514117a6a443372a0db9703,223,True,True,41
FLORES,224,"Translate the following sentence into Korean.
English: The same month saw another airliner overrun a runway at Mashhad and strike a wall, killing seventeen.
Korean:","[27473,279,2701,11652,1119,16134,624,22574,25,576,1852,2254,5485,2441,82657,10453,84278,264,51761,518,68179,31245,323,13169,264,7002,11,13118,81397,624,42,45195,25]",7cde7ef8d2d7810b5c6a3f9e71b970bd8a915bcc28012c2ef640a20faef06155,224,True,True,42
FLORES,225,"Translate the following sentence into Korean.
English: Aerosmith have cancelled their remaining concerts on their tour.
Korean:","[27473,279,2701,11652,1119,16134,624,22574,25,63150,43674,614,25681,862,9664,46579,389,862,7216,624,42,45195,25]",d7cef41601c6c1561e37417b7526d8ad28ae2ef1fff74f289f348ccc538e5547,225,True,True,43
FLORES,229,"Translate the following sentence into Korean.
English: Del Potro had the early advantage in the second set, but this too required a tie break after reaching 6-6.
Korean:","[27473,279,2701,11652,1119,16134,624,22574,25,7313,13706,299,1030,279,4124,9423,304,279,2086,738,11,714,419,2238,2567,264,18131,1438,1283,18739,220,21,12,21,624,42,45195,25]",6db311d576ff15dd4087cf3255ba4932f71e18c160cbc0cd9efc035dcc3211fd,229,True,True,44
FLORES,240,"Translate the following sentence into Korean.
English: Giancarlo Fisichella lost control of his car and ended the race very soon after the start.
Korean:","[27473,279,2701,11652,1119,16134,624,22574,25,78604,6918,385,434,285,713,6842,5558,2524,315,806,1803,323,9482,279,6957,1602,5135,1283,279,1191,624,42,45195,25]",e5815d3707b5a42e285f104cc39e5f794da8a091172047b8b0b99ae2b2dbcc16,240,True,True,45
FLORES,242,"Translate the following sentence into Korean.
English: Michael Schumacher ended his race not long after Alonso, because of the suspension damage in the numerous battles during the race.
Korean:","[27473,279,2701,11652,1119,16134,624,22574,25,7937,5016,372,11007,9482,806,6957,537,1293,1283,74067,11,1576,315,279,24301,5557,304,279,12114,24554,2337,279,6957,624,42,45195,25]",beacb24de21a1d1504b4c86b385226045672f4fbe7b714a980dd126401493c4e,242,True,True,46
FLORES,246,"Translate the following sentence into Korean.
English: However, they are not thought to have caused any damage to the shuttle.
Korean:","[27473,279,2701,11652,1119,16134,624,22574,25,4354,11,807,525,537,3381,311,614,8881,894,5557,311,279,44541,624,42,45195,25]",efe1c5c6e7ea0a092aa987ff2d701419344e6ddc7ec6f62ba28553d364aef39d,246,True,True,47
FLORES,257,"Translate the following sentence into Korean.
English: Both cyanuric acid and melamine were found in urine samples from pets that died after consuming contaminated pet food.
Korean:","[27473,279,2701,11652,1119,16134,624,22574,25,11733,57888,324,292,13621,323,10581,19991,1033,1730,304,39235,10469,504,25103,429,8469,1283,34108,51573,6753,3607,624,42,45195,25]",531a1e75f2f87f322199f2455b8e50772441560d38c6757c04552f7159caaea9,257,True,True,48
FLORES,266,"Translate the following sentence into Korean.
English: The bill requires violent video games sold in the state of California to be labeled with a decal reading ""18"" and makes their sale to a minor punishable by a fine of $1000 per offense.
Korean:","[27473,279,2701,11652,1119,16134,624,22574,25,576,4031,7460,16401,2766,3868,6088,304,279,1584,315,7043,311,387,29829,448,264,1622,278,5290,330,16,23,1,323,3643,862,6278,311,264,8922,80570,553,264,6915,315,400,16,15,15,15,817,16775,624,42,45195,25]",3ed80d3c0dfa60d81b8a519a0393034e40ee7d94f211b7c70cdaa013b72527ac,266,True,True,49
FLORES,268,"Translate the following sentence into Korean.
English: Huhne has resigned and he will be replaced in the Cabinet by Ed Davey MP. Norman Lamb MP is expected to take the Business Minister job Davey is vacating.
Korean:","[27473,279,2701,11652,1119,16134,624,22574,25,472,12540,811,702,39107,323,566,686,387,12575,304,279,32946,553,3199,20238,88,9412,13,40068,31302,9412,374,3601,311,1896,279,8025,9486,2618,20238,88,374,9283,1095,624,42,45195,25]",e09ab4fc32fe95e7741ac498686a788c5819ae639270073a5827e8942b114e50,268,True,True,50
FLORES,275,"Translate the following sentence into Korean.
English: Her first was the Slalom, where she earned a Did Not Finish in her first run. 36 of the 116 competitors had the same result in that race.
Korean:","[27473,279,2701,11652,1119,16134,624,22574,25,6252,1156,572,279,6852,82028,11,1380,1340,15303,264,14568,2806,35533,304,1059,1156,1598,13,220,18,21,315,279,220,16,16,21,27550,1030,279,1852,1102,304,429,6957,624,42,45195,25]",1dfa2105f5a8ba773439ea198659180b400638f3daa63de7fadcdf384fba0227,275,True,True,51
FLORES,278,"Translate the following sentence into Korean.
English: The Madhya Pradesh Police recovered the stolen laptop and mobile phone.
Korean:","[27473,279,2701,11652,1119,16134,624,22574,25,576,9483,86223,42358,10082,25335,279,22329,20638,323,6371,4540,624,42,45195,25]",0139b443fd52519341c871ad6ee951e893806ff353a6938256afe79c4950ba9a,278,True,True,52
FLORES,280,"Translate the following sentence into Korean.
English: The accused are named as Baba Kanjar, Bhutha Kanjar, Rampro Kanjar, Gaza Kanjar and Vishnu Kanjar.
Korean:","[27473,279,2701,11652,1119,16134,624,22574,25,576,13185,525,6941,438,96352,30563,19033,11,30830,940,64,30563,19033,11,15152,776,30563,19033,11,28662,30563,19033,323,87152,8933,30563,19033,624,42,45195,25]",2b70bcb1951df603b600a6e0d79266c5e59c1677b9dcbbc721899dbd80e1a2c6,280,True,True,53
FLORES,283,"Translate the following sentence into Korean.
English: However, the driver sustained serious injuries to the head.
Korean:","[27473,279,2701,11652,1119,16134,624,22574,25,4354,11,279,5579,28659,6001,14970,311,279,1968,624,42,45195,25]",b89ce25ed35ade891bebb65304c2ef59417e985486056a249dc36365207292d9,283,True,True,54
FLORES,284,"Translate the following sentence into Korean.
English: The road where the crash happened was temporarily closed while emergency services freed the driver from the red Audi TT.
Korean:","[27473,279,2701,11652,1119,16134,624,22574,25,576,5636,1380,279,9920,6932,572,27092,7877,1393,12851,3516,27534,279,5579,504,279,2518,39828,32744,624,42,45195,25]",a351256b6dfcf80f4e2d4550109139e59ac729930e610b3b9cc25b45e87582da,284,True,True,55
FLORES,308,"Translate the following sentence into Korean.
English: The Northern Marianas emergency management office said that there were no damages reported in the nation.
Korean:","[27473,279,2701,11652,1119,16134,624,22574,25,576,16926,95419,300,12851,6240,5163,1053,429,1052,1033,902,25129,4961,304,279,6995,624,42,45195,25]",bcdbb0155e358a2b1b15b2590d53c19b570a6377c58d5e899ae821ceedb9e900,308,True,True,56
FLORES,312,"Translate the following sentence into Korean.
English: Several hostages have been rescued and least six have been confirmed dead so far.
Korean:","[27473,279,2701,11652,1119,16134,624,22574,25,25694,87603,614,1012,44333,323,3245,4743,614,1012,10774,5593,773,3041,624,42,45195,25]",dda3caecb01fc086a731e35c5ad85ea986333e6041faf972609be4df46e6d855,312,True,True,57
FLORES,328,"Translate the following sentence into Korean.
English: He has been unable to take the drugs needed to overcome his pain as they are banned from the Games.
Korean:","[27473,279,2701,11652,1119,16134,624,22574,25,1260,702,1012,11889,311,1896,279,10975,4362,311,22279,806,6646,438,807,525,20834,504,279,11610,624,42,45195,25]",56bba0928a2661c9d71bd067059d03e79e82b64b63560ebfd7484821139b1057,328,True,True,58
FLORES,329,"Translate the following sentence into Korean.
English: Curtis Cooper, a mathematician and computer science professor at the University of Central Missouri, has discovered the largest known prime number to date on January 25.
Korean:","[27473,279,2701,11652,1119,16134,624,22574,25,50716,23517,11,264,20976,1103,323,6366,8038,14227,518,279,3822,315,10684,24378,11,702,11105,279,7772,3881,10250,1372,311,2400,389,6058,220,17,20,624,42,45195,25]",428846ef1931e79bd4ca64f7eba8a4c1afff5fdd0160a0a51abeb593c274d74f,329,True,True,59
FLORES,334,"Translate the following sentence into Korean.
English: He referred to the rumors as ""political chatter and silliness"".
Korean:","[27473,279,2701,11652,1119,16134,624,22574,25,1260,13862,311,279,34392,438,330,74685,69357,323,84267,1880,22956,42,45195,25]",a1fb9b5596ef145b7a229db105f85134e929466d81dc089abbe750d00652d601,334,True,True,60
FLORES,336,"Translate the following sentence into Korean.
English: NextGen is a system the FAA claims would allow aircraft to fly shorter routes and save millions of gallons of fuel each year and cut carbon emissions.
Korean:","[27473,279,2701,11652,1119,16134,624,22574,25,9295,9967,374,264,1849,279,65936,8186,1035,2138,14135,311,11466,23327,11291,323,3581,11728,315,50122,315,10416,1817,1042,323,3931,12499,20143,624,42,45195,25]",1f6ccd746eb00fb0e50d3e5ac2c177c250cb693c1b0b24a3f720cdbc8b1c3201,336,True,True,61
FLORES,350,"Translate the following sentence into Korean.
English: The moisture on your hands will react with the outer layers, which will feel funny and form a sort of shell.
Korean:","[27473,279,2701,11652,1119,16134,624,22574,25,576,31157,389,697,6078,686,13767,448,279,15955,13617,11,892,686,2666,15173,323,1352,264,3378,315,12528,624,42,45195,25]",58ef68ce76dae5bec972b61c6c2722ed9894d4891486e3800a844cd4f406a7f2,350,True,True,62
FLORES,351,"Translate the following sentence into Korean.
English: The cities of Harappa and Mohenjo-daro had a flush toilet in almost every house, attached to a sophisticated sewage system.
Korean:","[27473,279,2701,11652,1119,16134,624,22574,25,576,9720,315,5227,27180,323,19822,268,7305,1737,17165,1030,264,18198,26214,304,4558,1449,3753,11,12392,311,264,26779,71117,1849,624,42,45195,25]",80c31f4ea74e276ab42f04c219fb33dd99837c6bdea77f8cd7911ff4ffd333ce,351,True,True,63
FLORES,364,"Translate the following sentence into Korean.
English: Prides are made up of one to three related adult males, along with as many as thirty females and cubs.
Korean:","[27473,279,2701,11652,1119,16134,624,22574,25,393,18245,525,1865,705,315,825,311,2326,5435,6683,24037,11,3156,448,438,1657,438,26127,27485,323,272,15738,624,42,45195,25]",b90521d0205cc76a546623d3b00c34156131bfaba0b98dcf541fc3451fd48744,364,True,True,64
FLORES,380,"Translate the following sentence into Korean.
English: Plants make their food from the sun by photosynthesis. They also provide shade.
Korean:","[27473,279,2701,11652,1119,16134,624,22574,25,49198,1281,862,3607,504,279,7015,553,7249,73667,13,2379,1083,3410,27501,624,42,45195,25]",18cc84991b67425302be5e34b421cc14f8752092efc2c8ad5d5d812057f006c7,380,True,True,65
FLORES,387,"Translate the following sentence into Korean.
English: Another difference was that while the poor people and the woman ate their food while sitting in chairs, the rich men liked to have banquets together where they would lounge on their sides while they ate their meals.
Korean:","[27473,279,2701,11652,1119,16134,624,22574,25,13293,6672,572,429,1393,279,7852,1251,323,279,5220,29812,862,3607,1393,11699,304,25904,11,279,9080,2953,14915,311,614,8943,90591,3786,1380,807,1035,37932,389,862,11067,1393,807,29812,862,20969,624,42,45195,25]",16f67c65994fdf85fbcee693fac3122f508b4002c38a93b15ad570640c54048c,387,True,True,66
FLORES,392,"Translate the following sentence into Korean.
English: Each temple had an open temple courtyard and then an inner sanctuary that only the priests could enter.
Korean:","[27473,279,2701,11652,1119,16134,624,22574,25,8886,26752,1030,458,1787,26752,65285,323,1221,458,9179,50539,429,1172,279,41863,1410,3725,624,42,45195,25]",2f8b28a69b5ddd1536b4f5ce6f78eef2a1f0a7276df91e6c063308093b2768ec,392,True,True,67
FLORES,411,"Translate the following sentence into Korean.
English: A civilization is a singular culture shared by a significant large group of people who live and work co-operatively, a society.
Korean:","[27473,279,2701,11652,1119,16134,624,22574,25,362,34917,374,264,33944,7674,6094,553,264,5089,3460,1874,315,1251,879,3887,323,975,1062,58555,7887,11,264,8232,624,42,45195,25]",967f3e99e88721692a10181b128d4125f3ca2f74c04052138900b7fa80a74bbe,411,True,True,68
FLORES,415,"Translate the following sentence into Korean.
English: During the Revolutionary War, the thirteen states first formed a weak central government—with the Congress being its only component—under the Articles of Confederation.
Korean:","[27473,279,2701,11652,1119,16134,624,22574,25,11954,279,66579,5004,11,279,60659,5302,1156,14122,264,7469,8622,3033,80802,279,7992,1660,1181,1172,3692,2293,7995,279,28361,315,38044,367,624,42,45195,25]",5f768818ae3690861d6b7264408d21d8ac4827ed0b47caac78c8845178756f4b,415,True,True,69
FLORES,421,"Translate the following sentence into Korean.
English: Winter sports are most popular in the Northern regions, with Italians competing in international games and Olympic events.
Korean:","[27473,279,2701,11652,1119,16134,624,22574,25,20101,9833,525,1429,5411,304,279,16926,13604,11,448,96233,26168,304,6489,3868,323,24900,4357,624,42,45195,25]",8a27cb0c3bde1137f9b2ce30a69a924a44087bf582268e6ee17558eea51ec89d,421,True,True,70
FLORES,428,"Translate the following sentence into Korean.
English: Machu Picchu consist of three main structures, namely Intihuatana, the Temple of the Sun, and the Room of the Three Windows.
Korean:","[27473,279,2701,11652,1119,16134,624,22574,25,18294,84,25898,65752,6685,315,2326,1887,14389,11,31025,1333,6996,54182,3362,11,279,18659,315,279,8059,11,323,279,10420,315,279,14513,5515,624,42,45195,25]",93d436ce4bfa30f7cfb7e4c4e56bee17361a94f9e01cb2c12264a5702a0f9401,428,True,True,71
FLORES,430,"Translate the following sentence into Korean.
English: By 1976, thirty percent of Machu Picchu had been restored and restoration continues till today.
Korean:","[27473,279,2701,11652,1119,16134,624,22574,25,3216,220,16,24,22,21,11,26127,3266,315,18294,84,25898,65752,1030,1012,27003,323,33993,9539,11956,3351,624,42,45195,25]",8ba8a4a818349eafd530854cc3b77eb00177588cdaa19885f1cdebeb34dab20d,430,True,True,72
FLORES,434,"Translate the following sentence into Korean.
English: The aspect ratio of this format (dividing by twelve to obtain the simplest whole-number ratio) is therefore said to be 3:2.
Korean:","[27473,279,2701,11652,1119,16134,624,22574,25,576,12893,11341,315,419,3561,320,611,6577,553,29235,311,6851,279,44548,4361,25854,11341,8,374,8916,1053,311,387,220,18,25,17,624,42,45195,25]",92220a23e46390c02a2d335e46664bc697d5b26c01841ce166491041e167b410,434,True,True,73
FLORES,435,"Translate the following sentence into Korean.
English: Many common formats (APS family of formats, for example) are equal to or closely approximate this aspect ratio.
Korean:","[27473,279,2701,11652,1119,16134,624,22574,25,8999,4185,19856,320,47945,2997,315,19856,11,369,3110,8,525,6144,311,476,15148,44868,419,12893,11341,624,42,45195,25]",cc9beee9bd5ab3e8860520dbbb5a55e470ad69de303e37745a727c1b69b65ad4,435,True,True,74
FLORES,438,"Translate the following sentence into Korean.
English: During this period of European history, the Catholic Church, which had become rich and powerful, came under scrutiny.
Korean:","[27473,279,2701,11652,1119,16134,624,22574,25,11954,419,4168,315,7513,3840,11,279,16473,9257,11,892,1030,3635,9080,323,7988,11,3697,1212,35652,624,42,45195,25]",346633b96d6fd56d3c5e0155b9a06158df5b08edfddc5dd436c51c899b559b3d,438,True,True,75
FLORES,442,"Translate the following sentence into Korean.
English: The central authority of the church had been in Rome for over a thousand years and this concentration of power and money led many to question whether this tenet was being met.
Korean:","[27473,279,2701,11652,1119,16134,624,22574,25,576,8622,11198,315,279,8817,1030,1012,304,21718,369,916,264,16183,1635,323,419,19950,315,2355,323,3220,6069,1657,311,3405,3425,419,5779,295,572,1660,2270,624,42,45195,25]",0b9f218e9d6760dd412df65f79010bc078fc7de75214eaa6d736001f9b72b850,442,True,True,76
FLORES,444,"Translate the following sentence into Korean.
English: The strategy proved effective, cutting off vital military and civilian supplies, although this blockade violated generally accepted international law codified by several international agreements of the past two centuries.
Korean:","[27473,279,2701,11652,1119,16134,624,22574,25,576,8282,18651,7373,11,14376,1007,16198,6277,323,28928,16720,11,7892,419,76137,33421,8789,11666,6489,2329,20329,1870,553,3807,6489,19473,315,279,3267,1378,23631,624,42,45195,25]",9cd1b755253fa4253f49bc26f85db088d3d603d6bcf6265a61ffac8d02f89dd2,444,True,True,77
FLORES,447,"Translate the following sentence into Korean.
English: During the 1920s, the prevailing attitudes of most citizens and nations was that of pacifism and isolation.
Korean:","[27473,279,2701,11652,1119,16134,624,22574,25,11954,279,220,16,24,17,15,82,11,279,60029,32626,315,1429,10283,323,16675,572,429,315,22894,333,2142,323,30298,624,42,45195,25]",157285df65624272982a66797b50d35122a94d315d41934736a1a152ff78d520,447,True,True,78
FLORES,455,"Translate the following sentence into Korean.
English: There are a lot of social and political effects such as the use of metric system, a shift from absolutism to republicanism, nationalism and the belief the country belongs to the people not to one sole ruler.
Korean:","[27473,279,2701,11652,1119,16134,624,22574,25,2619,525,264,2696,315,3590,323,4948,6239,1741,438,279,990,315,18266,1849,11,264,6407,504,63162,2142,311,34444,67813,11,59433,323,279,16396,279,3146,17180,311,279,1251,537,311,825,13309,47980,624,42,45195,25]",9708ce5aaa8905cc40733cb4778de72b85a8ff1568c7564a77c7ce9fd6bb7c6b,455,True,True,79
FLORES,456,"Translate the following sentence into Korean.
English: Also after the Revolution occupations were open to all male applicants allowing the most ambitious and successful to succeed.
Korean:","[27473,279,2701,11652,1119,16134,624,22574,25,7281,1283,279,22126,59866,1033,1787,311,678,8593,31077,10693,279,1429,31755,323,6849,311,11996,624,42,45195,25]",7b4bc85acdfb6093897728c394afa424ef134af9e41974640b9b512e44a28461,456,True,True,80
FLORES,472,"Translate the following sentence into Korean.
English: The terrified King Louis XVI, Queen Marie Antoinette their two young children (11 year old Marie Therese and four year old Louis-Charles) and the King's sister, Madam Elizabeth, on the 6th October 1789 were forced back to Paris from Versailles by a mob of market women.
Korean:","[27473,279,2701,11652,1119,16134,624,22574,25,576,52631,6210,11876,93837,11,16259,32016,6755,1961,6535,862,1378,3908,2841,320,16,16,1042,2310,32016,22450,2367,323,3040,1042,2310,11876,12,53467,8,323,279,6210,594,12923,11,9483,309,20731,11,389,279,220,21,339,6527,220,16,22,23,24,1033,9575,1182,311,12095,504,24209,86355,553,264,12595,315,3081,3198,624,42,45195,25]",908c6d4a727def8c7e81a92cd4334f9e6f92de4061c2f94f8499f822962a2203,472,True,True,81
FLORES,475,"Translate the following sentence into Korean.
English: At one point a member of the mob waved the head of a royal guard killed at Versailles in front of the terrified Queen.
Korean:","[27473,279,2701,11652,1119,16134,624,22574,25,2411,825,1459,264,4462,315,279,12595,64582,279,1968,315,264,29236,7616,7425,518,24209,86355,304,4065,315,279,52631,16259,624,42,45195,25]",32c8937c3e12ac2f0103d18bd22b5c3ce3674e96e5e670ce8d943d139cb5c731,475,True,True,82
FLORES,478,"Translate the following sentence into Korean.
English: Of course, the superprofits derived from the protracted exploitation of the Filipino people would constitute the basic gains of U.S. imperialism.
Korean:","[27473,279,2701,11652,1119,16134,624,22574,25,4940,3308,11,279,2256,76501,14257,504,279,462,54435,39661,315,279,62417,1251,1035,34156,279,6770,19619,315,547,808,13,78951,624,42,45195,25]",7627353bef17eb01297a373ed5d5b302861096efbc3dee44f1a0654f46dc8642,478,True,True,83
FLORES,483,"Translate the following sentence into Korean.
English: Most interpretations of technological determinism share two general ideas: that the development of technology itself follows a path largely beyond cultural or political influence, and that technology in turn has ""effects"" on societies that are inherent, rather than socially conditioned.
Korean:","[27473,279,2701,11652,1119,16134,624,22574,25,7496,57589,315,29016,6315,2142,4332,1378,4586,6708,25,429,279,4401,315,5440,5086,11017,264,1815,13771,7797,12752,476,4948,10173,11,323,429,5440,304,2484,702,330,80424,1,389,33675,429,525,36988,11,4751,1091,39318,65631,624,42,45195,25]",7f5947927c34ae42ce07bae41bd1de992b9ed67588a32a6a056969c77b61c7ca,483,True,True,84
FLORES,484,"Translate the following sentence into Korean.
English: For example, one might say that the motor car necessarily leads to the development of roads.
Korean:","[27473,279,2701,11652,1119,16134,624,22574,25,1752,3110,11,825,2578,1977,429,279,8872,1803,14312,11508,311,279,4401,315,19241,624,42,45195,25]",a213f565b5386a62901ae0c62f4bb6845fdbc843c1d56bf5810435233883eb3b,484,True,True,85
FLORES,486,"Translate the following sentence into Korean.
English: Mass car ownership also leads to a higher incidence of accidents on the roads, which leads to the invention of new techniques in healthcare for repairing damaged bodies.
Korean:","[27473,279,2701,11652,1119,16134,624,22574,25,9167,1803,15278,1083,11508,311,264,5080,38675,315,32688,389,279,19241,11,892,11508,311,279,27130,315,501,12538,304,18478,369,67237,20123,12866,624,42,45195,25]",7cb79a26fc2ce7f02ddb4e4f35568ab5ae01bad330a5daa7227068cb430d8a38,486,True,True,86
FLORES,501,"Translate the following sentence into Korean.
English: Subcultures can be distinctive because of the age, ethnicity, class, location, and/or gender of the members.
Korean:","[27473,279,2701,11652,1119,16134,624,22574,25,3719,92013,1413,646,387,34847,1576,315,279,4231,11,56878,11,536,11,3728,11,323,5144,9825,315,279,3613,624,42,45195,25]",ed4ba1a9d330e49ec9c7277e3eadb072ff5f729aad6bd41ede4f113d2699bd96,501,True,True,87
FLORES,502,"Translate the following sentence into Korean.
English: The qualities that determine a subculture as distinct may be linguistic, aesthetic, religious, political, sexual, geographical, or a combination of factors.
Korean:","[27473,279,2701,11652,1119,16134,624,22574,25,576,28500,429,8253,264,1186,69805,438,12460,1231,387,64667,11,36537,11,10381,11,4948,11,7244,11,52901,11,476,264,10601,315,9363,624,42,45195,25]",1afa2a4092faa0c69130386a0a7ee1fede938216959e0df40e3886fa33692ac7,502,True,True,88
FLORES,510,"Translate the following sentence into Korean.
English: Scaffolding is not a method of learning but rather an aid that provides support to individuals whom are undergoing a new learning experience such as using a new computer program or beginning a new project.
Korean:","[27473,279,2701,11652,1119,16134,624,22574,25,328,23778,14995,374,537,264,1714,315,6832,714,4751,458,12296,429,5707,1824,311,7775,8711,525,46297,264,501,6832,3139,1741,438,1667,264,501,6366,2025,476,7167,264,501,2390,624,42,45195,25]",514b4ed9ce6d313c4b8a02da428494512a9f7eba98777e9d5fce362ec25ea2a3,510,True,True,89
FLORES,515,"Translate the following sentence into Korean.
English: We perceive the Foster Care System to be a safety zone for these children.
Korean:","[27473,279,2701,11652,1119,16134,624,22574,25,1205,44393,279,38174,10627,739,311,387,264,7149,10143,369,1493,2841,624,42,45195,25]",f760330cf0112e73a46dac496f2ed35256a1278eb4a7b8238662bcf502345fc0,515,True,True,90
FLORES,520,"Translate the following sentence into Korean.
English: For example, “learning” and “socialization” are suggested as important motivations for Internet use (James et al., 1995).
Korean:","[27473,279,2701,11652,1119,16134,624,22574,25,1752,3110,11,1036,20981,854,323,1036,22386,2022,854,525,11827,438,2989,64831,369,8031,990,320,28084,1842,452,2572,220,16,24,24,20,4292,42,45195,25]",ee7edd41cc9e3f180d3391bf7de95446d0f1d51393e9504ba7fa756e8b1f0ea0,520,True,True,91
FLORES,521,"Translate the following sentence into Korean.
English: “Personal involvement” and “continuing relationships” were also identified as new motivation aspects by Eighmey and McCord (1998) when they investigated audience reactions to websites.
Korean:","[27473,279,2701,11652,1119,16134,624,22574,25,1036,34027,21587,854,323,1036,21319,7471,11871,854,1033,1083,10820,438,501,24798,13566,553,468,1090,76,1195,323,14249,539,320,16,24,24,23,8,979,807,26219,10650,24473,311,13037,624,42,45195,25]",492083255da479779401dc63785b52ebb1247154f8ff35d943befa07abfe38b8,521,True,True,92
FLORES,541,"Translate the following sentence into Korean.
English: The Tibetan Buddhism is based on the teachings of Buddha, but were extended by the mahayana path of love and by a lot of techniques from Indian Yoga.
Korean:","[27473,279,2701,11652,1119,16134,624,22574,25,576,71974,60224,374,3118,389,279,44472,315,44954,11,714,1033,11577,553,279,43216,352,3362,1815,315,2948,323,553,264,2696,315,12538,504,7748,37573,624,42,45195,25]",215c37ede6513d4072079f1d3acc05b5007d7afdc22d4b408bccd2dc76a2dfcc,541,True,True,93
FLORES,545,"Translate the following sentence into Korean.
English: Germany was a common enemy in World War 2, leading to cooperation between the USSR and USA. With the end of the war the clashes of system, process and culture led to the countries falling out.
Korean:","[27473,279,2701,11652,1119,16134,624,22574,25,9856,572,264,4185,9175,304,4337,5004,220,17,11,6388,311,23046,1948,279,72215,323,7279,13,3085,279,835,315,279,4116,279,51510,315,1849,11,1882,323,7674,6069,311,279,5837,15679,700,624,42,45195,25]",cfafb3a63e65c849f6b98132ed0ac356c85e03acd3661f7e96dc5546eb4003ac,545,True,True,94
FLORES,546,"Translate the following sentence into Korean.
English: With two years of the end of the war, the former allies were now enemies and the Cold War began.
Korean:","[27473,279,2701,11652,1119,16134,624,22574,25,3085,1378,1635,315,279,835,315,279,4116,11,279,4741,20120,1033,1431,13883,323,279,23185,5004,6009,624,42,45195,25]",7c76f29a315ba95bcb92f8090aa298014430b58255920e06393b079896928f9c,546,True,True,95
FLORES,548,"Translate the following sentence into Korean.
English: By September 17, 1939, the Polish defense was already broken, and the only hope was to retreat and reorganise along the Romanian bridgehead.
Korean:","[27473,279,2701,11652,1119,16134,624,22574,25,3216,6122,220,16,22,11,220,16,24,18,24,11,279,31984,9055,572,2669,10865,11,323,279,1172,3900,572,311,30014,323,312,8462,1064,3156,279,73597,14164,1983,624,42,45195,25]",058d57c344c90f2762dfed3785758219a7d7b8a97bfbdc8fb6fc27bb9595594f,548,True,True,96
FLORES,549,"Translate the following sentence into Korean.
English: However, these plans were rendered obsolete nearly overnight, when over 800,000 soldiers from the Soviet's Union Red Army entered and created the Belarussian and Ukrainian fronts after invading the eastern regions of Poland in violation of the Riga Peace Treaty, the Soviet-Polish Non-Aggression Pact, and other international treaties, both bilateral and multilateral.
Korean:","[27473,279,2701,11652,1119,16134,624,22574,25,4354,11,1493,6649,1033,22383,46066,7009,24398,11,979,916,220,23,15,15,11,15,15,15,14856,504,279,19390,594,9145,3731,13011,10636,323,3465,279,7828,277,15579,323,33625,63390,1283,82531,279,23149,13604,315,27602,304,19940,315,279,431,16551,25803,51031,11,279,19390,9299,337,812,11581,6691,70,29740,98373,11,323,1008,6489,75377,11,2176,51203,323,2745,42939,624,42,45195,25]",8cecaa5528e5803e588321e4e1e6bb4e76c454a29f0122a1eb2cc6c16346c9a8,549,True,True,97
FLORES,556,"Translate the following sentence into Korean.
English: Ancient cultures and tribes began to keep them for easy access to milk, hair, meat, and skins.
Korean:","[27473,279,2701,11652,1119,16134,624,22574,25,36950,26735,323,38403,6009,311,2506,1105,369,4135,2615,311,14074,11,6869,11,13041,11,323,49950,624,42,45195,25]",8484e12260bf60c3d1205e4420d7b4addc1e58dcb8aa98f983acd353afc3d98c,556,True,True,98
FLORES,558,"Translate the following sentence into Korean.
English: Wagonways were built in England as early as the 16th Century.
Korean:","[27473,279,2701,11652,1119,16134,624,22574,25,467,6113,2284,1033,5798,304,9448,438,4124,438,279,220,16,21,339,27101,624,42,45195,25]",fa1f002f1d86642581c209db7741885c7906804d6f4eea389eddb7f8def8f692,558,True,True,99
FLORES,560,"Translate the following sentence into Korean.
English: Crossties were introduced fairly early to hold the tracks in place. Gradually, however, it was realised that tracks would be more efficient if they had a stip of iron on the top.
Korean:","[27473,279,2701,11652,1119,16134,624,22574,25,60719,267,550,1033,11523,14138,4124,311,3331,279,13918,304,1992,13,21794,1832,11,4764,11,432,572,40093,429,13918,1035,387,803,11050,421,807,1030,264,42673,315,11001,389,279,1909,624,42,45195,25]",f5319865ca42b2007fee89a5e5b54b92323886c6e7def43f8392eaffabcac7b9,560,True,False,100
FLORES,575,"Translate the following sentence into Korean.
English: Many people don't think about them as dinosaurs because they have feathers and can fly.
Korean:","[27473,279,2701,11652,1119,16134,624,22574,25,8999,1251,1513,944,1744,911,1105,438,64275,1576,807,614,55894,323,646,11466,624,42,45195,25]",514c9ab68b594a23869fb0e6baecfa9a11e0b341d5d5f4dbd6ec28e7ec285a59,575,True,False,101
FLORES,577,"Translate the following sentence into Korean.
English: They have feet with scales and claws, they lay eggs, and they walk on their two back legs like a T-Rex.
Korean:","[27473,279,2701,11652,1119,16134,624,22574,25,2379,614,7541,448,28405,323,67450,11,807,10962,18805,11,323,807,4227,389,862,1378,1182,14201,1075,264,350,10911,327,624,42,45195,25]",9daf8938f7b319ee6c9911879c6cf04e5f1b709ab1e132fc825cfd8adacdaf9b,577,True,False,102
FLORES,580,"Translate the following sentence into Korean.
English: Internal poisoning may not be immediately apparent. Symptoms, such as vomiting are sufficiently general that an immediate diagnosis cannot be made.
Korean:","[27473,279,2701,11652,1119,16134,624,22574,25,15412,51136,1231,537,387,7069,9981,13,76317,11,1741,438,62471,525,38944,4586,429,458,13922,22982,4157,387,1865,624,42,45195,25]",a3f1f50596ee6153be325a143400752ce1f6e0dd790cbc091ee9c65845512bf1,580,True,False,103
FLORES,581,"Translate the following sentence into Korean.
English: The best indication of internal poisoning may be the presence of an open container of medication or toxic household chemicals.
Korean:","[27473,279,2701,11652,1119,16134,624,22574,25,576,1850,27039,315,5306,51136,1231,387,279,9362,315,458,1787,5476,315,23221,476,20836,13732,25266,624,42,45195,25]",3d5f7e8fce3ff6d3a72c8ad17b934d79261d6b3f09fb0e7169ae14d957015c6f,581,True,False,104
FLORES,584,"Translate the following sentence into Korean.
English: This term derives from ancient familiarity with Bed-bugs, which are insects highly adapted to parasitize humans.
Korean:","[27473,279,2701,11652,1119,16134,624,22574,25,1096,4647,74449,504,13833,70440,448,13093,1455,13299,11,892,525,40811,7548,29364,311,32303,26310,12677,624,42,45195,25]",2582130e35d21f4bcc0c36411684170780e0528a715feb328450ac7e9957f85c,584,True,False,105
FLORES,585,"Translate the following sentence into Korean.
English: Both Assassin-bugs and Bed-bugs are nidicolous, adapted to living in nest or housing of their host.
Korean:","[27473,279,2701,11652,1119,16134,624,22574,25,11733,60001,1455,13299,323,13093,1455,13299,525,70939,26463,782,11,29364,311,5382,304,22791,476,11721,315,862,3468,624,42,45195,25]",63c1763319af1e3ddbff776a85b2e8773a72c4639110432ddeafd0858d6abfaa,585,True,False,106
FLORES,592,"Translate the following sentence into Korean.
English: Science’s main goal is to figure out the way the world works through the scientific method. This method in fact guides most scientific research.
Korean:","[27473,279,2701,11652,1119,16134,624,22574,25,9965,748,1887,5795,374,311,7071,700,279,1616,279,1879,4278,1526,279,12344,1714,13,1096,1714,304,2097,27193,1429,12344,3412,624,42,45195,25]",5d5c1aabc72f6718dfb8386ce64d4d1dd534a4fe4019b0d9696d730a796d9194,592,True,False,107
FLORES,598,"Translate the following sentence into Korean.
English: Periodic rhythms, which are not simply responses to external periodic cues, have been documented for most living beings, including bacteria, fungi, plants, and animals.
Korean:","[27473,279,2701,11652,1119,16134,624,22574,25,25492,292,80721,11,892,525,537,4936,14507,311,9250,38345,55916,11,614,1012,26372,369,1429,5382,22977,11,2670,23157,11,80440,11,10779,11,323,9898,624,42,45195,25]",6896f874060cf6f059578e5194758023f1cae4a95237734a1c0526ffbedfce8b,598,True,False,108
FLORES,605,"Translate the following sentence into Korean.
English: Nature-based tourism attracts people interested in visiting natural areas for the purpose of enjoying the scenery, including plant and animal wildlife.
Korean:","[27473,279,2701,11652,1119,16134,624,22574,25,21331,5980,30983,60091,1251,8014,304,16721,5810,5671,369,279,7428,315,21413,279,50231,11,2670,6008,323,9864,29305,624,42,45195,25]",df02caa24584e799e78f0aa5e59a2e6797d7b32cc3043d943b5b3f7e02a1e935,605,True,False,109
FLORES,606,"Translate the following sentence into Korean.
English: Examples of on-site activities include hunting, fishing, photography, bird watching, and visiting parks and studying information about the ecosystem.
Korean:","[27473,279,2701,11652,1119,16134,624,22574,25,25311,315,389,28554,7488,2924,22514,11,19948,11,23751,11,11958,10099,11,323,16721,26845,323,20956,1995,911,279,24982,624,42,45195,25]",229ac6c7315d61fbf764b9ab46983df1dfae16efbaae5f2ab316ce0c6a3e759f,606,True,False,110
FLORES,607,"Translate the following sentence into Korean.
English: An example is visiting, photographing, and learning about organgatuangs in Borneo.
Korean:","[27473,279,2701,11652,1119,16134,624,22574,25,1527,3110,374,16721,11,10300,287,11,323,6832,911,1240,524,35309,64487,304,425,16907,78,624,42,45195,25]",23ef2ed9d85182f7d084ecf8653e8ac6aa9b3a6b94ad0ddbb6e0edbdd91b7012,607,True,False,111
FLORES,608,"Translate the following sentence into Korean.
English: Every morning, people leave small country towns in cars to go their workplace and are passed by others whose work destination is the place they have just left.
Korean:","[27473,279,2701,11652,1119,16134,624,22574,25,7209,6556,11,1251,5274,2613,3146,24824,304,9331,311,728,862,26368,323,525,5823,553,3800,6693,975,9106,374,279,1992,807,614,1101,2115,624,42,45195,25]",414ab0e450edf983ce91db6d8f3329ca1b3302c2e9a3085beeb24da325ca6231,608,True,False,112
FLORES,621,"Translate the following sentence into Korean.
English: This gives them a wider range of small places to hide from predators.
Korean:","[27473,279,2701,11652,1119,16134,624,22574,25,1096,6696,1105,264,21864,2088,315,2613,7482,311,10265,504,55117,624,42,45195,25]",3f83be9395f08adf14ff833a5eb255f3a4c581a9759782ccf0634166ec51f4c7,621,True,False,113
FLORES,624,"Translate the following sentence into Korean.
English: Some people thought he was right but many people believed the opposite; that the Solar System moved around the Earth, including the Sun (and even the other stars).
Korean:","[27473,279,2701,11652,1119,16134,624,22574,25,4329,1251,3381,566,572,1290,714,1657,1251,11585,279,14002,26,429,279,24446,739,7726,2163,279,9237,11,2670,279,8059,320,437,1496,279,1008,9759,4292,42,45195,25]",2d0ef6d9b7fa22178e864cf3b790a8c3b44cd3794ee4c32f278e11f50732a151,624,True,False,114
FLORES,628,"Translate the following sentence into Korean.
English: A full 20 percent of the water that pours out of the planet's rivers into the oceans comes from the Amazon.
Korean:","[27473,279,2701,11652,1119,16134,624,22574,25,362,2480,220,17,15,3266,315,279,3015,429,66707,700,315,279,11580,594,35517,1119,279,53180,4041,504,279,8176,624,42,45195,25]",627bc459cb18924474e36de0bce82a1a893465170ed5dfd27d33a0d700b03102,628,True,False,115
FLORES,631,"Translate the following sentence into Korean.
English: New Kingdom ancient Egyptians marvelled at their predecessors monuments, which were then well over a thousand year old.
Korean:","[27473,279,2701,11652,1119,16134,624,22574,25,1532,15072,13833,81504,44782,832,518,862,61440,61903,11,892,1033,1221,1632,916,264,16183,1042,2310,624,42,45195,25]",f68968a7b5c453f39f49c946ebe45e3f8e20a0506ef49a4133df19dcf6e77b31,631,True,False,116
FLORES,633,"Translate the following sentence into Korean.
English: Vatican City uses Italian in its legislation and official communications.
Korean:","[27473,279,2701,11652,1119,16134,624,22574,25,46547,4311,5711,14811,304,1181,13240,323,3946,16893,624,42,45195,25]",6259fb383a747cb5bd87544e31a4b040ae028adbe633057c5ad0733bdca5a988,633,True,False,117
FLORES,637,"Translate the following sentence into Korean.
English: Aristotle, a philosopher, theorised that everything is made up of a mixture of one or more of four elements. They were earth, water, air, and fire.
Korean:","[27473,279,2701,11652,1119,16134,624,22574,25,77901,11,264,54375,11,45720,4056,429,4297,374,1865,705,315,264,20980,315,825,476,803,315,3040,5424,13,2379,1033,9393,11,3015,11,3720,11,323,3940,624,42,45195,25]",c742cd125dc2184392d504909c669b744c47c308883d67815dd21e862da19157,637,True,False,118
FLORES,639,"Translate the following sentence into Korean.
English: Alloys are basically a mixture of two or more metals. Don't forget that there are many elements on the periodic table.
Korean:","[27473,279,2701,11652,1119,16134,624,22574,25,1674,33298,525,13221,264,20980,315,1378,476,803,36082,13,4320,944,10667,429,1052,525,1657,5424,389,279,38345,1965,624,42,45195,25]",da71d2da8a3b5fdf84ff5b089f19caca40ac4601bbe66fc1840f8e9c99190392,639,True,False,119
FLORES,642,"Translate the following sentence into Korean.
English: Everything in the Universe is made of matter. All matter is made of tiny particles called atoms.
Korean:","[27473,279,2701,11652,1119,16134,624,22574,25,20094,304,279,28749,374,1865,315,4925,13,2009,4925,374,1865,315,13673,18730,2598,32199,624,42,45195,25]",56bf5ea98bc043045c7c4475b8d179c3547b14e86e23d314aac5e8c6e4ee73a9,642,True,False,120
FLORES,653,"Translate the following sentence into Korean.
English: It is thinner under the maria and thicker under the highlands.
Korean:","[27473,279,2701,11652,1119,16134,624,22574,25,1084,374,64255,1212,279,3594,685,323,58784,1212,279,1550,8166,624,42,45195,25]",f46a55ff30c3e5d39d88c46f65cb39284f419521001008a4151a0ce47b6cf343,653,True,False,121
FLORES,660,"Translate the following sentence into Korean.
English: This type of manager has difficulty making unpopular decisions, performing disciplinary action, performance evaluations, assigning responsibility, and holding people accountable.
Korean:","[27473,279,2701,11652,1119,16134,624,22574,25,1096,943,315,6645,702,16829,3259,65758,11181,11,16380,56215,1917,11,5068,55081,11,60753,11752,11,323,9963,1251,35877,624,42,45195,25]",968053e73bdc8709274426d9717fe380c8c4f5e8fee5918a646439a715d38d55,660,True,False,122
FLORES,664,"Translate the following sentence into Korean.
English: Virtual teams are held to the same standards of excellence as conventional teams, but there are subtle differences.
Korean:","[27473,279,2701,11652,1119,16134,624,22574,25,20721,7263,525,5644,311,279,1852,10659,315,37556,438,20692,7263,11,714,1052,525,26447,11799,624,42,45195,25]",01266633f9bebf3b5cd2239f0795b05d4637d33fc9b84e522757953af411f50b,664,True,False,123
FLORES,666,"Translate the following sentence into Korean.
English: They often have more autonomy than conventional team members as their teams may meet according to varying time zones which may not be understood by their local management.
Korean:","[27473,279,2701,11652,1119,16134,624,22574,25,2379,3545,614,803,50260,1091,20692,2083,3613,438,862,7263,1231,3367,4092,311,28765,882,25395,892,1231,537,387,15985,553,862,2205,6240,624,42,45195,25]",7138ab707067ae7826523ef6fbe76ca5fa2d46b43041f0773d344f2f1d31cc4c,666,True,False,124
FLORES,675,"Translate the following sentence into Korean.
English: The correlation between brain pathology and behaviour supports scientists in their research.
Korean:","[27473,279,2701,11652,1119,16134,624,22574,25,576,25588,1948,8109,75941,323,16999,11554,13923,304,862,3412,624,42,45195,25]",abcf51ce8d170bec422690ed4c9b32d212e5fc49eeee5240d57be25e59d073d6,675,True,False,125
FLORES,676,"Translate the following sentence into Korean.
English: It has been known for a long time that different types of brain damage, traumas, lesions, and tumours affect behaviour and cause changes in some mental functions.
Korean:","[27473,279,2701,11652,1119,16134,624,22574,25,1084,702,1012,3881,369,264,1293,882,429,2155,4494,315,8109,5557,11,9586,53924,11,62224,11,323,15394,2471,7802,16999,323,5240,4344,304,1045,10502,5746,624,42,45195,25]",bd251d51a9636d9c8663f44b4423e649b24ab61e84175f12f6a216d6145468d4,676,True,False,126
FLORES,681,"Translate the following sentence into Korean.
English: Examples include control, planning and scheduling, the ability to answer customer diagnoses and questions, as well as handwriting recognition, voice and face.
Korean:","[27473,279,2701,11652,1119,16134,624,22574,25,25311,2924,2524,11,9115,323,37852,11,279,5726,311,4226,6002,84388,323,4755,11,438,1632,438,91709,17843,11,7743,323,3579,624,42,45195,25]",8fb1a4cfe3584efc892988623cc0feef25feaee58f319522f78fac21aa772184,681,True,False,127
FLORES,693,"Translate the following sentence into Korean.
English: Ottawa is Canada's charming, bilingual capital and features an array of art galleries and museums that showcase Canada's past and present.
Korean:","[27473,279,2701,11652,1119,16134,624,22574,25,32166,374,6864,594,34409,11,90289,6722,323,4419,458,1334,315,1947,42554,323,50577,429,34783,6864,594,3267,323,3042,624,42,45195,25]",7c2d13851bf3a0c8b594f2997b754f75dd79341ff61cd9cc890508aa95a2e320,693,True,False,128
FLORES,696,"Translate the following sentence into Korean.
English: Large areas further north are quite sparsely populated and some is nearly uninhabited wilderness.
Korean:","[27473,279,2701,11652,1119,16134,624,22574,25,20286,5671,4623,10200,525,5008,978,1561,974,34359,323,1045,374,7009,70013,10573,1608,48262,624,42,45195,25]",6679a9f121c54687d651729d0fc69da5251611bf3a2d5d22edef9b9f867ddc06,696,True,False,129
FLORES,698,"Translate the following sentence into Korean.
English: The East African Islands are in the Indian Ocean off the eastern coast of Africa.
Korean:","[27473,279,2701,11652,1119,16134,624,22574,25,576,6326,11643,22235,525,304,279,7748,21575,1007,279,23149,13648,315,10174,624,42,45195,25]",9c613b36fa17dcb5dd93472b3fe97ed67e1811f6608e8779090fb52e3705e9bd,698,True,False,130
FLORES,702,"Translate the following sentence into Korean.
English: European influence and colonialism began in the 15th century, as Portuguese explorer Vasco da Gama found the Cape Route from Europe to India.
Korean:","[27473,279,2701,11652,1119,16134,624,22574,25,7513,10173,323,36583,2142,6009,304,279,220,16,20,339,9294,11,438,42188,52967,52834,1015,2994,479,3029,1730,279,28615,9572,504,4505,311,6747,624,42,45195,25]",f5fd8fb374dff4b69f284893d0c8d3daefef4fbd2231096d687f9fad6210d76a,702,True,False,131
FLORES,706,"Translate the following sentence into Korean.
English: Women should realize that cultural differences may result in what they would consider harassment and it is not uncommon to be followed, grabbed by the arm, etc.
Korean:","[27473,279,2701,11652,1119,16134,624,22574,25,10973,1265,13083,429,12752,11799,1231,1102,304,1128,807,1035,2908,25355,323,432,374,537,40196,311,387,8110,11,29318,553,279,6773,11,4992,624,42,45195,25]",adfd35644e9490efcfa1d75eea05cfc36e4f28c7f29b146251e16637244ce58f,706,True,False,132
FLORES,707,"Translate the following sentence into Korean.
English: Be firm in turning down men, and don't be afraid to stand your ground (cultural differences or not, it doesn't make it ok!).
Korean:","[27473,279,2701,11652,1119,16134,624,22574,25,2823,7474,304,13054,1495,2953,11,323,1513,944,387,16575,311,2498,697,4910,320,66,43447,11799,476,537,11,432,3171,944,1281,432,5394,0,4292,42,45195,25]",7c5cdfee8bce40ee9dfec62e73cfe78cf2916ee292d4d02bd80f828b2afffa04,707,True,False,133
FLORES,710,"Translate the following sentence into Korean.
English: The Moroccan sultan rebuilt the city as Daru l-Badya and it was given the name Casablanca by Spanish traders who established trading bases there.
Korean:","[27473,279,2701,11652,1119,16134,624,22574,25,576,93967,274,60093,59585,279,3283,438,15017,84,326,7671,7604,64,323,432,572,2661,279,829,11054,370,10715,924,553,15154,34587,879,9555,11133,23092,1052,624,42,45195,25]",a12a62864bbf64eee60df9a76a931362f45362bdf10ae278a582064a79528fdf,710,True,False,134
FLORES,714,"Translate the following sentence into Korean.
English: In 2002 Goma was destroyed by lava from the Nyiragongo volcano which buried most of the town’s streets, particularly the town centre.
Korean:","[27473,279,2701,11652,1119,16134,624,22574,25,758,220,17,15,15,17,479,7786,572,14425,553,57568,504,279,36732,404,351,6363,65206,892,26918,1429,315,279,6290,748,14371,11,7945,279,6290,12261,624,42,45195,25]",330e68f485aad8b63fceaa1af1e4418d7c44f38eaaa29470e2f4c8d6db30ebf6,714,True,False,135
FLORES,719,"Translate the following sentence into Korean.
English: Today, Timbuktu is an impoverished town, although its reputation makes it a tourist attraction, and it has an airport.
Korean:","[27473,279,2701,11652,1119,16134,624,22574,25,11201,11,9354,65,3101,24494,374,458,87298,6290,11,7892,1181,17011,3643,432,264,29970,32364,11,323,432,702,458,16733,624,42,45195,25]",8a1827b42826dc9c0f16383b2008010ae8e54a138cd145abbb16d162a751d4a1,719,True,False,136
FLORES,721,"Translate the following sentence into Korean.
English: It was one of the major stops during Henry Louis Gates' PBS special Wonders of the African World.
Korean:","[27473,279,2701,11652,1119,16134,624,22574,25,1084,572,825,315,279,3598,17933,2337,17599,11876,35493,6,59045,3281,467,27313,315,279,11643,4337,624,42,45195,25]",68bd6904e96fc4578d59db8a35b72111d14208dbc8637ee188b1413a68befcc1,721,True,False,137
FLORES,724,"Translate the following sentence into Korean.
English: The park covers 19,500 km² and is divided in 14 different ecozones, each supporting different wildlife.
Korean:","[27473,279,2701,11652,1119,16134,624,22574,25,576,6118,14521,220,16,24,11,20,15,15,13136,29456,323,374,17779,304,220,16,19,2155,41588,67534,11,1817,12613,2155,29305,624,42,45195,25]",24ab9f672928072f125236ae635443fb6797cde99bf8f7097722d1ca0a90e9d1,724,True,False,138
FLORES,728,"Translate the following sentence into Korean.
English: Hong Kong Island gives the territory of Hong Kong its name and is the place that many tourists regard as the main focus.
Korean:","[27473,279,2701,11652,1119,16134,624,22574,25,19180,18211,10720,6696,279,17971,315,19180,18211,1181,829,323,374,279,1992,429,1657,31653,5250,438,279,1887,5244,624,42,45195,25]",f46c8e2babbc3d93b714947c2576ec01263a3ba889923a10f15ed1ad354bdae6,728,True,False,139
FLORES,741,"Translate the following sentence into Korean.
English: Shared taxis are a quick and comfortable means to travel to nearby places, such as Paro (Nu 150) and Punakha (Nu 200).
Korean:","[27473,279,2701,11652,1119,16134,624,22574,25,16990,89503,525,264,3974,323,10655,3363,311,5821,311,14046,7482,11,1741,438,4270,78,320,60335,220,16,20,15,8,323,30436,585,4223,320,60335,220,17,15,15,4292,42,45195,25]",693f1a93691a5c0e8852d4f6afd437870aadb327127c3d14ecb160ac25dd2ed5,741,True,False,140
FLORES,745,"Translate the following sentence into Korean.
English: The bridge is scheduled to be fully operational in September 2017, when the Brazilian customs checkpoints are expected to be finished.
Korean:","[27473,279,2701,11652,1119,16134,624,22574,25,576,14164,374,13537,311,387,7225,24586,304,6122,220,17,15,16,22,11,979,279,34983,34769,67209,525,3601,311,387,8060,624,42,45195,25]",a98633834ce7fcbae27e4d60c6830445ebad95992304a7f751af76ce5da2570d,745,True,False,141
FLORES,757,"Translate the following sentence into Korean.
English: British pounds will generally be accepted anywhere in the islands and within Stanley credit cards and United States dollars are also often accepted.
Korean:","[27473,279,2701,11652,1119,16134,624,22574,25,7855,16302,686,8789,387,11666,12379,304,279,29000,323,2878,30452,6668,7411,323,3639,4180,11192,525,1083,3545,11666,624,42,45195,25]",6112e9b8c5497914ea4c7f057c581526a9f06e15fac3087955a35ab87d2d3475,757,True,False,142
FLORES,759,"Translate the following sentence into Korean.
English: It is nearly impossible to exchange Falklands currency outside of the islands, so exchange money prior to leaving the islands.
Korean:","[27473,279,2701,11652,1119,16134,624,22574,25,1084,374,7009,11997,311,9289,71464,8166,11413,4889,315,279,29000,11,773,9289,3220,4867,311,9380,279,29000,624,42,45195,25]",cfd5df33fa9cc95cfcf0e99e46a7837464e16de57a0c0daffd2f1bc41afec25a,759,True,False,143
FLORES,764,"Translate the following sentence into Korean.
English: Though many of the animals in the park are used to seeing humans, the wildlife is nonetheless wild and should not be fed or disturbed.
Korean:","[27473,279,2701,11652,1119,16134,624,22574,25,17594,1657,315,279,9898,304,279,6118,525,1483,311,9120,12677,11,279,29305,374,37813,8380,323,1265,537,387,22313,476,55407,624,42,45195,25]",32390c6bd4827a5fdc5825a9ce805708c5a664e858838199c59899538ac5e148,764,True,False,144
FLORES,765,"Translate the following sentence into Korean.
English: According to park authorities, stay at least 100 yards/meters away from bears and wolves and 25 yards/meters from all other wild animals!
Korean:","[27473,279,2701,11652,1119,16134,624,22574,25,10548,311,6118,11276,11,4717,518,3245,220,16,15,15,13692,3183,2424,3123,504,29724,323,55171,323,220,17,20,13692,3183,2424,504,678,1008,8380,9898,4894,42,45195,25]",88892ae8e0693cf6808e40e538dacdc03ed8c493b8d67e840547ecce1eb01c9b,765,True,False,145
FLORES,766,"Translate the following sentence into Korean.
English: No matter how docile they may look, bison, elk, moose, bears, and nearly all large animals can attack.
Korean:","[27473,279,2701,11652,1119,16134,624,22574,25,2308,4925,1246,4629,457,807,1231,1401,11,293,3335,11,76842,11,4544,960,11,29724,11,323,7009,678,3460,9898,646,3359,624,42,45195,25]",e83879025a716e303a5b15e189716f675a8b999c5adfbf8206aa376c72a07279,766,True,False,146
FLORES,769,"Translate the following sentence into Korean.
English: Apia is the capital of Samoa. The town is on the island of Upolu and has a population of just under 40,000.
Korean:","[27473,279,2701,11652,1119,16134,624,22574,25,5232,685,374,279,6722,315,87020,13,576,6290,374,389,279,12922,315,3138,43806,323,702,264,7042,315,1101,1212,220,19,15,11,15,15,15,624,42,45195,25]",ce69335df3b268814b44dc291b6c40862f22d1160c0297431eda74955a92775e,769,True,False,147
FLORES,773,"Translate the following sentence into Korean.
English: During the struggle for independence organised by the Mau movement, a peaceful gathering in the town resulted in the killing of the paramount chief Tupua Tamasese Lealofi III.
Korean:","[27473,279,2701,11652,1119,16134,624,22574,25,11954,279,14651,369,23665,38333,553,279,386,2863,7203,11,264,25650,22888,304,279,6290,19006,304,279,13118,315,279,73410,10178,96097,4284,28888,2264,68,1967,278,92023,14429,624,42,45195,25]",9be7432aaebfe6640449398fa3165844874d52a9a2a7a2d4b670c34984184b27,773,True,False,148
FLORES,774,"Translate the following sentence into Korean.
English: There are many beaches, due to Auckland's straddling of two harbours. The most popular ones are in three areas.
Korean:","[27473,279,2701,11652,1119,16134,624,22574,25,2619,525,1657,34809,11,4152,311,53246,594,607,718,2718,315,1378,68466,2471,13,576,1429,5411,6174,525,304,2326,5671,624,42,45195,25]",14e65276618fa24f68f010dc1c3e02c739b494dcdc699958c1a015c75d9b1ca6,774,True,False,149
FLORES,775,"Translate the following sentence into Korean.
English: North Shore beaches (in North Harbour district) are on the Pacific Ocean and stretch from Long Bay in the north to Devonport in the south.
Korean:","[27473,279,2701,11652,1119,16134,624,22574,25,4787,44719,34809,320,258,4787,62007,9290,8,525,389,279,16462,21575,323,14501,504,5724,9154,304,279,10200,311,59334,403,304,279,9806,624,42,45195,25]",30b9b68dff658ba18c03b7821e9be4b5504e862ff4e8153cc89d8603bccb7211,775,True,False,150
FLORES,785,"Translate the following sentence into Korean.
English: Still, take advice from authorities, obey all signs, and pay close attention to safety warnings.
Korean:","[27473,279,2701,11652,1119,16134,624,22574,25,16377,11,1896,9462,504,11276,11,40601,678,11929,11,323,2291,3265,6529,311,7149,18993,624,42,45195,25]",7d57357e70b545c2072238c923b3c371db576192eeec7e0c11e9172d1d0c64e4,785,True,False,151
FLORES,796,"Translate the following sentence into Korean.
English: Remember that even though music on the main stages may have finished, there may be sections of the festival that will keep playing music until late into the night.
Korean:","[27473,279,2701,11652,1119,16134,624,22574,25,19881,429,1496,3498,4627,389,279,1887,17628,1231,614,8060,11,1052,1231,387,14158,315,279,18780,429,686,2506,5619,4627,3080,3309,1119,279,3729,624,42,45195,25]",3e32e25aeb76a80e21b5aa097d635190c54687676986dd6e3b9a44903ba1ed3e,796,True,False,152
FLORES,803,"Translate the following sentence into Korean.
English: Anyone who's going to drive at high latitudes or over mountain passes should consider the possibility of snow, ice, or freezing temperatures.
Korean:","[27473,279,2701,11652,1119,16134,624,22574,25,32534,879,594,2087,311,6541,518,1550,6844,20590,476,916,16301,16211,1265,2908,279,13038,315,11794,11,9853,11,476,42218,19879,624,42,45195,25]",7612ecf34d1ee814adcd56919763d0feed7572be50bb3c3079c842048e19e64d,803,True,False,153
FLORES,817,"Translate the following sentence into Korean.
English: It's expected that most event tickets will cost between ¥2,500 and ¥130,000, with typical tickets costing around ¥7,000.
Korean:","[27473,279,2701,11652,1119,16134,624,22574,25,1084,594,3601,429,1429,1538,14403,686,2783,1948,71488,17,11,20,15,15,323,71488,16,18,15,11,15,15,15,11,448,14260,14403,53724,2163,71488,22,11,15,15,15,624,42,45195,25]",1db6e12e447e37f6f0e4e4af9da006f219a06db458353625b16fbb138db9235c,817,True,False,154
FLORES,819,"Translate the following sentence into Korean.
English: If an iron isn't available, or if you don't fancy wearing ironed socks, then you can try using a hairdryer, if available.
Korean:","[27473,279,2701,11652,1119,16134,624,22574,25,1416,458,11001,4436,944,2500,11,476,421,498,1513,944,26457,12233,11001,291,38986,11,1221,498,646,1430,1667,264,6869,53210,261,11,421,2500,624,42,45195,25]",f748e3f36c5cdbcff81ee91e7a2930cbc6c2b73410b862f7f5aa1332ea4dc316,819,True,False,155
FLORES,821,"Translate the following sentence into Korean.
English: There are different ways of purifying water, some more effective against specific threats.
Korean:","[27473,279,2701,11652,1119,16134,624,22574,25,2619,525,2155,5510,315,3999,7766,3015,11,1045,803,7373,2348,3151,17736,624,42,45195,25]",217479817a6ca1df1be82261abfaa05e5d1b699d0a014f99cb3b061105b4764a,821,True,False,156
FLORES,827,"Translate the following sentence into Korean.
English: Duty free shopping is the opportunity to buy goods exempted from taxes and excises at certain locations.
Korean:","[27473,279,2701,11652,1119,16134,624,22574,25,35589,1910,11919,374,279,6638,311,3695,11561,37928,291,504,13125,323,3438,4909,518,3654,10468,624,42,45195,25]",00c57878520874170dba688073985101a3fd791ab2be2653807d2f8b73cd9e36,827,True,False,157
FLORES,835,"Translate the following sentence into Korean.
English: Many German baked goods also feature almonds, hazelnuts, and other tree nuts. Popular cakes often pair particularly well with a cup of strong coffee.
Korean:","[27473,279,2701,11652,1119,16134,624,22574,25,8999,5938,40678,11561,1083,4565,87822,11,20144,17454,6128,11,323,1008,4916,29949,13,31395,47569,3545,6716,7945,1632,448,264,10525,315,3746,10799,624,42,45195,25]",93a3d3db3beedc84cd614d608211ce82d30794727087b22e8a4becb4c1e31484,835,True,False,158
FLORES,854,"Translate the following sentence into Korean.
English: Backpacking by ski: This activity is also called backcountry ski, ski touring or ski hiking.
Korean:","[27473,279,2701,11652,1119,16134,624,22574,25,71660,287,553,28679,25,1096,5702,374,1083,2598,1182,11141,28679,11,28679,47451,476,28679,37364,624,42,45195,25]",ea98dddee7eb1ade5aa710c439566e83c5c838b364f114c74904f0f78cec360a,854,True,False,159
FLORES,857,"Translate the following sentence into Korean.
English: In good conditions you will be able to cover somewhat greater distances than walking – but only very seldom you will get the speeds of cross country skiing without a heavy backpack in groomed tracks.
Korean:","[27473,279,2701,11652,1119,16134,624,22574,25,758,1661,4682,498,686,387,2952,311,3421,14400,7046,26552,1091,11435,1365,714,1172,1602,55352,498,686,633,279,24722,315,5312,3146,62017,2041,264,8811,33136,304,39841,291,13918,624,42,45195,25]",080fe4d9da71283b3e1ac096733d500fab702d5a66deb59469be8a000e8da24a,857,True,False,160
FLORES,859,"Translate the following sentence into Korean.
English: The Schengen zone, however, works somewhat like one country in this respect.
Korean:","[27473,279,2701,11652,1119,16134,624,22574,25,576,5016,826,268,10143,11,4764,11,4278,14400,1075,825,3146,304,419,5091,624,42,45195,25]",a6e47ba37b57927cc5c74e8344eb8c70198ac1fc235117c8f577738d92ee220c,859,True,False,161
FLORES,861,"Translate the following sentence into Korean.
English: Similarly, by having a Schengen visa, you do not need to apply for visas to each of the Schengen member countries separately, hence saving time, money and paperwork.
Korean:","[27473,279,2701,11652,1119,16134,624,22574,25,34239,11,553,3432,264,5016,826,268,26655,11,498,653,537,1184,311,3796,369,55677,311,1817,315,279,5016,826,268,4462,5837,25156,11,16085,13997,882,11,3220,323,44631,624,42,45195,25]",6ba4d388bbd30cbec59205200035a08a55533dc9471e868cdec92c3e3e4e2a41,861,True,False,162
FLORES,864,"Translate the following sentence into Korean.
English: Handicraft products might be defined as antiques, though they are younger than similar mass-produced goods.
Korean:","[27473,279,2701,11652,1119,16134,624,22574,25,8536,292,2944,3871,2578,387,4512,438,3196,8303,11,3498,807,525,14650,1091,4428,3072,83461,11561,624,42,45195,25]",4b386e20abbbf4702903957274d7e59680950a09de015505fa15f82f4670cdf0,864,True,False,163
FLORES,866,"Translate the following sentence into Korean.
English: Even traditionally, though, not all Sámi have been involved in big scale reindeer husbandry, but lived from fishing, hunting and similar, having reindeer mostly as draft animals.
Korean:","[27473,279,2701,11652,1119,16134,624,22574,25,7418,35242,11,3498,11,537,678,328,1953,8155,614,1012,6398,304,2409,5452,15244,96262,9972,884,11,714,12163,504,19948,11,22514,323,4428,11,3432,15244,96262,10008,438,9960,9898,624,42,45195,25]",9d307c43d2d8dfd5fe1e82db3642fa6158292aa106e362498f404947a21214f6,866,True,False,164
FLORES,870,"Translate the following sentence into Korean.
English: You may also wish to consult the advice of governments other than your own, but their advice is designed for their citizens.
Korean:","[27473,279,2701,11652,1119,16134,624,22574,25,1446,1231,1083,6426,311,8498,279,9462,315,16636,1008,1091,697,1828,11,714,862,9462,374,6188,369,862,10283,624,42,45195,25]",1ed1ed0c043ebdbf3b7c0e90fc96bb858ec755635ca011cc7d208c9acda43c3e,870,True,False,165
FLORES,871,"Translate the following sentence into Korean.
English: As one example, American citizens in the Middle East might face different situations from Europeans or Arabs.
Korean:","[27473,279,2701,11652,1119,16134,624,22574,25,1634,825,3110,11,3693,10283,304,279,12592,6326,2578,3579,2155,14740,504,50507,476,57609,624,42,45195,25]",f9bb89e739da41f8238539596258c569bf95561344a9b23073ca3647768ede54,871,True,False,166
FLORES,874,"Translate the following sentence into Korean.
English: Severe weather is the generic term for any dangerous weather phenomenon with the potential to cause damage, serious social disruption, or loss of human life.
Korean:","[27473,279,2701,11652,1119,16134,624,22574,25,1345,19289,9104,374,279,13954,4647,369,894,11406,9104,24844,448,279,4650,311,5240,5557,11,6001,3590,43119,11,476,4709,315,3738,2272,624,42,45195,25]",1abf176d8c8316c2300f528771a5831314c13ee7ba0e16750f49ad41466fce2d,874,True,False,167
FLORES,883,"Translate the following sentence into Korean.
English: Books and magazines dealing with wilderness survival are common, but publications dealing with war zones are few.
Korean:","[27473,279,2701,11652,1119,16134,624,22574,25,17833,323,31847,14550,448,48262,19661,525,4185,11,714,27985,14550,448,4116,25395,525,2421,624,42,45195,25]",a2a21fc395aae8629c5a07be1469ec1a682716c938a9f0812970ceabb219d6c0,883,True,False,168
FLORES,891,"Translate the following sentence into Korean.
English: Most deaths happen as result of fatigue trying to swim back against the current, which may be impossible.
Korean:","[27473,279,2701,11652,1119,16134,624,22574,25,7496,16375,3537,438,1102,315,35609,4460,311,16191,1182,2348,279,1482,11,892,1231,387,11997,624,42,45195,25]",ad3299a3a5a3be4b3aee8963e68a856530e4d742205218072f8b82923c0f8507,891,True,False,169
FLORES,893,"Translate the following sentence into Korean.
English: Try aiming somewhere where you are not caught again or, depending on your skills and on whether you have been noticed, you might want to wait for rescue.
Korean:","[27473,279,2701,11652,1119,16134,624,22574,25,9735,37078,14696,1380,498,525,537,10568,1549,476,11,11649,389,697,7361,323,389,3425,498,614,1012,13686,11,498,2578,1366,311,3783,369,17186,624,42,45195,25]",d13cb0384b544ad2ff43c35ba2e05e6e2d931f0042e1a714ee3b96ed450332f9,893,True,False,170
FLORES,896,"Translate the following sentence into Korean.
English: When returning home after living abroad, you've adapted to the new culture and lost some of your habits from your home culture.
Korean:","[27473,279,2701,11652,1119,16134,624,22574,25,3197,13451,2114,1283,5382,22131,11,498,3003,29364,311,279,501,7674,323,5558,1045,315,697,25785,504,697,2114,7674,624,42,45195,25]",13a99f82d1f52b376afa674015ebf235f054b2b1a14ecb610c247b78b90e4d41,896,True,False,171
FLORES,898,"Translate the following sentence into Korean.
English: People may not anticipate that patience and understanding are also necessary for travellers returning home.
Korean:","[27473,279,2701,11652,1119,16134,624,22574,25,8853,1231,537,47148,429,29301,323,8660,525,1083,5871,369,58968,13451,2114,624,42,45195,25]",76e5ef2d90bb4595ee7e5ee510924be3c6db29dd9f3955e7e8bc5f1196670b0f,898,True,False,172
FLORES,900,"Translate the following sentence into Korean.
English: You can see the pyramids in the dark and you can see them in silence before the show begins.
Korean:","[27473,279,2701,11652,1119,16134,624,22574,25,1446,646,1490,279,4510,86373,304,279,6319,323,498,646,1490,1105,304,21162,1573,279,1473,12033,624,42,45195,25]",695e574d2817fb039d88b4eaf52b652eca30361a66ac872f2f084e02b861074d,900,True,False,173
FLORES,901,"Translate the following sentence into Korean.
English: Usually you always here the sound of tourists and vendors. The story of the sound and light is just like a story book.
Korean:","[27473,279,2701,11652,1119,16134,624,22574,25,32967,498,2677,1588,279,5112,315,31653,323,28529,13,576,3364,315,279,5112,323,3100,374,1101,1075,264,3364,2311,624,42,45195,25]",3c2f754ef6a433f3ce48741103441bd4a7724abbedda2735124d609b271ff46c,901,True,False,174
FLORES,909,"Translate the following sentence into Korean.
English: The northern part or Sentinel Range has Antarctica's highest mountains, the Vinson Massif, peaking at 4892 m Mount Vinson.
Korean:","[27473,279,2701,11652,1119,16134,624,22574,25,576,18172,949,476,56793,16437,702,71687,594,8426,23501,11,279,20391,930,9167,333,11,1051,1765,518,220,19,23,24,17,296,10423,20391,930,624,42,45195,25]",cc8f99f45bda8faf97862206b927c5bc039c33d08646fbb15c9a906022270e1b,909,True,False,175
FLORES,913,"Translate the following sentence into Korean.
English: Your local telephone service provider should be able to give more information about connecting to this service.
Korean:","[27473,279,2701,11652,1119,16134,624,22574,25,4615,2205,20544,2473,9109,1265,387,2952,311,2968,803,1995,911,20913,311,419,2473,624,42,45195,25]",52ae51ad0d9f137b4939bea02ce8004bd34634975cb56e463fe49e54b78d3f08,913,True,False,176
FLORES,920,"Translate the following sentence into Korean.
English: Although the coastal archipelagos and the biggest lakes are indeed big enough for any yacht, smaller boats or even a kayak offer a different experience.
Korean:","[27473,279,2701,11652,1119,16134,624,22574,25,10328,279,34235,5325,81079,80607,323,279,8538,43136,525,12824,2409,3322,369,894,71932,11,9155,31631,476,1496,264,86978,3010,264,2155,3139,624,42,45195,25]",b8fa8e88bce3a22326c6039b449cc5aed7b59cdbb1cfc6ba201052b517703b58,920,True,False,177
FLORES,923,"Translate the following sentence into Korean.
English: Most of the distinct Baltic Cruises feature an extended stay in St. Petersburg, Russia.
Korean:","[27473,279,2701,11652,1119,16134,624,22574,25,7496,315,279,12460,71989,14423,4909,4565,458,11577,4717,304,794,13,53948,11,8359,624,42,45195,25]",2acb458a2a5629d14785f5d2c70641b0a497541786039b4a3769ec0420bc2b6d,923,True,False,178
FLORES,931,"Translate the following sentence into Korean.
English: On some routes, the larger companies have their own planes, but for other routes and smaller firms there was a problem.
Korean:","[27473,279,2701,11652,1119,16134,624,22574,25,1913,1045,11291,11,279,8131,5110,614,862,1828,24730,11,714,369,1008,11291,323,9155,18809,1052,572,264,3491,624,42,45195,25]",85c86f5ab5aa400f88656263df2a59ad5993634e3978c5d65ce8c1160797feb1,931,True,False,179
FLORES,939,"Translate the following sentence into Korean.
English: Moldova is a multi-ethnic republic that has suffered from ethnic conflict.
Korean:","[27473,279,2701,11652,1119,16134,624,22574,25,54163,12660,374,264,7299,12,80418,34444,429,702,16256,504,21551,12055,624,42,45195,25]",10521bbc6c33500b54fc4c21641c5f6474a2b34d31c8b989cb3afed519edb1bf,939,True,False,180
FLORES,945,"Translate the following sentence into Korean.
English: The broad boulevards, glass-fronted buildings and modern shopping centers are dotted with traditional red-tiled roofs, the 18th century market, and old mosques and churches, although the city has an atmosphere more of Mediterranean Europe than traditional Turkey.
Korean:","[27473,279,2701,11652,1119,16134,624,22574,25,576,7205,29770,3449,2347,11,8991,63626,291,13702,323,6481,11919,18652,525,58101,448,8606,2518,2385,2181,76295,11,279,220,16,23,339,9294,3081,11,323,2310,86559,323,29912,11,7892,279,3283,702,458,16566,803,315,37685,4505,1091,8606,17009,624,42,45195,25]",787f27bfd20d9c62b2b0754a31da8812865eb843421a78f1633ace9b1ea079bf,945,True,False,181
FLORES,948,"Translate the following sentence into Korean.
English: It's worth half an hour to stroll about the intriguing village.
Korean:","[27473,279,2701,11652,1119,16134,624,22574,25,1084,594,5802,4279,458,6460,311,68883,911,279,40665,14126,624,42,45195,25]",1bffe23c1dff082292011f013ac36bdb52a893ce46877a419ffccbac8a564d16,948,True,False,182
FLORES,950,"Translate the following sentence into Korean.
English: Scotturb Bus 403 travels regularly to Sintra, stopping at Cabo da Roca.
Korean:","[27473,279,2701,11652,1119,16134,624,22574,25,9815,9048,18598,220,19,15,18,34192,15502,311,17632,2172,11,22535,518,26108,78,2994,431,16846,624,42,45195,25]",d583e8f30eb993a29cb8c946dc4c6e22aa8bff73d37a931c6c912a1462693346,950,True,False,183
FLORES,952,"Translate the following sentence into Korean.
English: Please remember that you are essentially visiting a mass grave site, as well as a site that has an almost incalculable meaning to a significant portion of the world's population.
Korean:","[27473,279,2701,11652,1119,16134,624,22574,25,5209,6099,429,498,525,15791,16721,264,3072,24190,2747,11,438,1632,438,264,2747,429,702,458,4558,3625,278,3314,480,7290,311,264,5089,13348,315,279,1879,594,7042,624,42,45195,25]",175beffb136b6bc9a5d23716299816b4c4ba872fcff653941eba0e3b2efc4c45,952,True,False,184
FLORES,955,"Translate the following sentence into Korean.
English: Do not deface the site by marking or scratching graffiti into structures.
Korean:","[27473,279,2701,11652,1119,16134,624,22574,25,3155,537,707,578,279,2747,553,34924,476,71919,64843,1119,14389,624,42,45195,25]",51929c596e5ca33cb25a4c17607b9b15d5a13eca6b3dbe835be93ab7e9dda49f,955,True,False,185
FLORES,971,"Translate the following sentence into Korean.
English: Majorcan cuisine, like that of similar zones in the Mediterranean, is based on bread, vegetables and meat (specially pork), and uses olive oil throughout.
Korean:","[27473,279,2701,11652,1119,16134,624,22574,25,17121,4814,35005,11,1075,429,315,4428,25395,304,279,37685,11,374,3118,389,16002,11,23880,323,13041,320,82,4794,35067,701,323,5711,32113,5590,6814,624,42,45195,25]",d00b2467cfde82b5f0774dc1897b6b71e8181f7276c67713bb6e528a2102962a,971,True,False,186
FLORES,972,"Translate the following sentence into Korean.
English: A simple popular dinner, especially during the summer, is the Pa amb Oli: Bread with olive oil, tomato, and any available condiments such as cheese, tunafish, etc.
Korean:","[27473,279,2701,11652,1119,16134,624,22574,25,362,4285,5411,13856,11,5310,2337,279,7324,11,374,279,15681,8873,506,742,25,49041,448,32113,5590,11,41020,11,323,894,2500,9756,12558,1741,438,17163,11,11460,2577,812,11,4992,624,42,45195,25]",0144eb40c10d371b37a64f76e53897eaebe3731ccd15b89dfaeaf098fa33efc3,972,True,False,187
FLORES,975,"Translate the following sentence into Korean.
English: It also arguably makes reading easier, though writing is somewhat complicated by the need to find out whether a verb or adjective is used in a substantivized form.
Korean:","[27473,279,2701,11652,1119,16134,624,22574,25,1084,1083,35559,3643,5290,8661,11,3498,4378,374,14400,16965,553,279,1184,311,1477,700,3425,264,18607,476,84492,374,1483,304,264,10913,344,1506,1352,624,42,45195,25]",7e51878bf0ef47e5defe4019ad7b4210b674b6ed4e6019ed8fe2a7174a837d7c,975,True,False,188
FLORES,978,"Translate the following sentence into Korean.
English: Also, make sure to pronounce r and rr differently: caro means dear, whereas carro means chariot.
Korean:","[27473,279,2701,11652,1119,16134,624,22574,25,7281,11,1281,2704,311,87982,435,323,34393,21303,25,1803,78,3363,24253,11,19853,43900,3363,1161,11098,624,42,45195,25]",83a7b5985664246815a21a457d3899bd5e7e8dbb74d3080bfeee387ec00468cf,978,True,False,189
FLORES,979,"Translate the following sentence into Korean.
English: Persian has a relatively easy and mostly regular grammar.
Korean:","[27473,279,2701,11652,1119,16134,624,22574,25,49861,702,264,12040,4135,323,10008,5792,31428,624,42,45195,25]",e6355ddb0f26631cbcb2c644ee1c31ddb6e1a1adee5773cdaa81f180e4460e42,979,True,False,190
FLORES,985,"Translate the following sentence into Korean.
English: Most modern research telescopes are enormous facilities in remote areas with favorable atmospheric conditions.
Korean:","[27473,279,2701,11652,1119,16134,624,22574,25,7496,6481,3412,77413,18523,525,22399,12786,304,8699,5671,448,36749,44375,4682,624,42,45195,25]",25625f1c5f4dc628d06755d56106057785f7f2fbddf4be4687aaa1e31c3b69ce,985,True,False,191
FLORES,988,"Translate the following sentence into Korean.
English: In Japan, the first cherry blossom parties were hosted by the emperor only for himself and other members of the aristocracy around the Imperial Court.
Korean:","[27473,279,2701,11652,1119,16134,624,22574,25,758,6323,11,279,1156,40880,88758,9677,1033,21009,553,279,56783,1172,369,5561,323,1008,3613,315,279,63738,45260,2163,279,29913,7154,624,42,45195,25]",fd997bcb23c01178650d358c4afcc80b611c58919d3c1b251bbdd149fa6326d7,988,True,False,192
FLORES,989,"Translate the following sentence into Korean.
English: Plants look their best when in a natural environment, so resist the temptation to remove even ""just one"" specimen.
Korean:","[27473,279,2701,11652,1119,16134,624,22574,25,49198,1401,862,1850,979,304,264,5810,4573,11,773,22106,279,61361,311,4057,1496,330,4250,825,1,57084,624,42,45195,25]",5c094b578447965a3c6ff9b5960970e0570d7b435160f8196c2e052c46729b65,989,True,False,193
FLORES,996,"Translate the following sentence into Korean.
English: For example visiting castles in the Loire Valley, the Rhine valley or taking a cruise to interesting cites on the Danube or boating along the Erie Canal.
Korean:","[27473,279,2701,11652,1119,16134,624,22574,25,1752,3110,16721,6311,642,304,279,6485,554,13046,11,279,17968,482,33581,476,4633,264,30451,311,7040,57173,389,279,11563,3760,476,708,1095,3156,279,78487,52648,624,42,45195,25]",b81c60539b4a5b6ecd37916ddb5a4d151a5f8142420093cc6bdbd4854aebb6d0,996,True,False,194
FLORES,999,"Translate the following sentence into Korean.
English: Many of the traditions surrounding the holiday have been adopted also by non-believers in Christian countries and non-Christians around the world.
Korean:","[27473,279,2701,11652,1119,16134,624,22574,25,8999,315,279,30906,14590,279,13257,614,1012,17827,1083,553,2477,90205,645,3004,304,8876,5837,323,2477,12,19315,5380,2163,279,1879,624,42,45195,25]",3ffe63a25b0ff7829b576293b2d15442f12e7b4c502655d7b7219ec28402c55f,999,True,False,195
FLORES,1000,"Translate the following sentence into Korean.
English: There's a tradition to pass the Easter night awake at some exposed point to see the sunrise.
Korean:","[27473,279,2701,11652,1119,16134,624,22574,25,2619,594,264,13815,311,1494,279,32400,3729,34347,518,1045,14900,1459,311,1490,279,63819,624,42,45195,25]",0fa1e982f30827b4984f8d66407d2359519028dd1a5e46b00aba40b03afa1ccb,1000,True,False,196
FLORES,1003,"Translate the following sentence into Korean.
English: All animals that originally arrived in the islands came here either by swimming, flying or floating.
Korean:","[27473,279,2701,11652,1119,16134,624,22574,25,2009,9898,429,13214,11465,304,279,29000,3697,1588,2987,553,23380,11,16307,476,19057,624,42,45195,25]",5ccbc346853e30e5bcae712e8bfcdaf56a7baa9f111dbe6a4526a32ecf86ed6a,1003,True,False,197
FLORES,1009,"Translate the following sentence into Korean.
English: Japanese work culture is more hierarchical and formal that what Westerners may be used to.
Korean:","[27473,279,2701,11652,1119,16134,624,22574,25,10769,975,7674,374,803,69894,323,15908,429,1128,10867,388,1231,387,1483,311,624,42,45195,25]",0ba5124f049bf07402db41bc7e811b77edd939f41cfa53a75731dc7ea8b21dc5,1009,True,False,198
FLORES,1012,"Translate the following sentence into Korean.
English: Workers must often get their superiors' approval for any decisions they make, and are expected to obey their superiors' instructions without question.
Korean:","[27473,279,2701,11652,1119,16134,624,22574,25,35698,1969,3545,633,862,2256,21867,6,14427,369,894,11181,807,1281,11,323,525,3601,311,40601,862,2256,21867,6,11221,2041,3405,624,42,45195,25]",c7b42c7b617c9ce4f33140767ed48d34b045d9e2d3cea95bc87ebf24ad3ccd70,1012,True,False,199
